# Blender 4.4.1
# www.blender.org
mtllib joint.mtl
o Arm_Gear
v -0.081412 0.654459 -0.240814
v 0.649021 -0.122787 -0.240814
v -0.069047 0.787806 -0.240814
v 0.569018 0.550679 -0.240814
v 0.628371 0.204245 -0.240814
v 0.643178 0.151261 -0.240814
v 0.726422 0.007644 -0.240814
v 0.718539 -0.332112 -0.240814
v -0.254372 -0.747433 -0.240814
v -0.625464 -0.203264 -0.240814
v -0.640271 -0.150279 -0.240814
v -0.518355 0.596004 -0.240814
v -0.006910 0.725447 -0.240814
v 0.137230 0.779208 -0.240814
v 0.572308 0.330136 -0.240814
v 0.660836 0.301897 -0.240814
v 0.743731 0.272263 -0.240814
v 0.643177 0.151261 -0.099152
v 0.791825 -0.011692 -0.240814
v 0.657045 -0.068361 -0.240814
v 0.572362 -0.329062 -0.240814
v 0.370132 -0.623775 -0.240814
v 0.084319 -0.653478 -0.240814
v -0.053460 -0.656416 -0.240814
v -0.134324 -0.778227 -0.240814
v -0.293261 -0.732981 -0.240814
v -0.622196 -0.369230 -0.240814
v -0.594901 -0.280407 -0.240814
v -0.657930 -0.300916 -0.240814
v -0.640271 -0.150279 -0.099152
v -0.718657 -0.083605 -0.240814
v -0.657595 -0.013562 -0.240814
v -0.646115 0.123768 -0.240814
v -0.606333 0.255711 -0.240814
v -0.539988 0.376500 -0.240814
v -0.518355 0.596004 -0.099152
v -0.486394 0.622456 -0.240814
v -0.229378 0.687767 -0.240814
v -0.191241 0.767110 -0.240814
v -0.081441 0.720741 -0.240814
v -0.027641 0.790421 -0.240814
v 0.001399 0.659688 -0.240814
v 0.096186 0.785259 -0.240814
v 0.191745 0.631625 -0.240814
v 0.218678 0.692188 -0.240814
v 0.288679 0.666173 -0.240814
v 0.407190 0.678881 -0.240814
v 0.442225 0.656659 -0.240814
v 0.420806 0.591908 -0.240814
v 0.388876 0.533824 -0.240814
v 0.481236 0.544034 -0.240814
v 0.539369 0.579700 -0.240814
v 0.534605 0.491796 -0.240814
v 0.597807 0.281388 -0.240814
v 0.728449 0.310834 -0.240814
v 0.628371 0.204245 -0.075541
v 0.643177 0.151260 -0.051931
v 0.709093 0.158217 -0.240814
v 0.777087 0.152902 -0.240814
v 0.784015 0.111996 -0.240814
v 0.790097 -0.053145 -0.240814
v 0.657045 -0.068361 -0.051931
v 0.649021 -0.122787 -0.087347
v 0.712067 -0.143242 -0.240814
v 0.693512 -0.215579 -0.240814
v 0.666655 -0.287846 -0.240814
v 0.633465 -0.354745 -0.240814
v 0.542894 -0.375519 -0.240814
v 0.607954 -0.506455 -0.240814
v 0.491868 -0.533480 -0.240814
v 0.521262 -0.595022 -0.240814
v 0.489300 -0.621475 -0.240814
v 0.434337 -0.581095 -0.240814
v 0.388963 -0.532780 -0.240814
v 0.386088 -0.690083 -0.240814
v 0.349326 -0.709313 -0.240814
v 0.218476 -0.621958 -0.240814
v 0.232284 -0.686786 -0.240814
v 0.160361 -0.706885 -0.240814
v 0.138561 -0.644291 -0.240814
v 0.084347 -0.719760 -0.240814
v 0.030547 -0.789440 -0.240814
v 0.009816 -0.724466 -0.240814
v -0.135549 -0.644313 -0.240814
v -0.188839 -0.630644 -0.240814
v -0.315900 -0.577288 -0.240814
v -0.404284 -0.677900 -0.240814
v -0.439319 -0.655678 -0.240814
v -0.385970 -0.532843 -0.240814
v -0.645132 -0.454222 -0.240814
v -0.725543 -0.309853 -0.240814
v -0.625464 -0.203264 -0.075541
v -0.640271 -0.150279 -0.051931
v -0.706187 -0.157236 -0.240814
v -0.774180 -0.151920 -0.240814
v -0.781109 -0.111014 -0.240814
v -0.787191 0.054126 -0.240814
v -0.720406 0.067952 -0.240814
v -0.769115 0.176735 -0.240814
v -0.758806 0.216922 -0.240814
v -0.625498 0.204143 -0.240814
v -0.715632 0.333093 -0.240814
v -0.630559 0.355726 -0.240814
v -0.569456 0.330043 -0.240814
v -0.630810 0.474916 -0.240814
v -0.518355 0.596004 -0.051931
v -0.486394 0.622456 -0.051931
v -0.383182 0.691064 -0.240814
v -0.301054 0.659369 -0.240814
v -0.266716 0.602676 -0.240814
v -0.215569 0.622940 -0.240814
v -0.231199 0.755944 -0.240814
v -0.081412 0.654459 0.231393
v 0.056366 0.657397 -0.240814
v 0.070119 0.722236 -0.240814
v 0.143999 0.711344 -0.240814
v 0.257278 0.748414 -0.240814
v 0.357743 0.631909 -0.240814
v 0.431999 0.499662 -0.240814
v 0.491296 0.441620 -0.240814
v 0.583761 0.432404 -0.240814
v 0.648039 0.455204 -0.240814
v 0.625102 0.370212 -0.240814
v 0.688343 0.232468 -0.240814
v 0.721564 0.084587 -0.240814
v 0.657034 0.069449 -0.240814
v 0.660501 0.014544 -0.240814
v 0.723312 -0.066970 -0.240814
v 0.657045 -0.068361 -0.004710
v 0.772021 -0.175754 -0.240814
v 0.761712 -0.215941 -0.240814
v 0.628404 -0.203161 -0.240814
v 0.609239 -0.254730 -0.240814
v 0.592170 -0.419849 -0.240814
v 0.633717 -0.473935 -0.240814
v 0.545797 -0.478385 -0.240814
v 0.452886 -0.479874 -0.240814
v 0.521262 -0.595022 -0.004710
v 0.343147 -0.563235 -0.240814
v 0.303960 -0.658388 -0.240814
v 0.269622 -0.601695 -0.240814
v 0.001507 -0.658707 -0.240814
v -0.285773 -0.665192 -0.240814
v -0.354837 -0.630927 -0.240814
v -0.429092 -0.498681 -0.240814
v -0.478330 -0.543053 -0.240814
v -0.566112 -0.549697 -0.240814
v -0.531698 -0.490815 -0.240814
v -0.488390 -0.440639 -0.240814
v -0.580855 -0.431423 -0.240814
v -0.668099 -0.419671 -0.240814
v -0.569402 -0.329155 -0.240814
v -0.685437 -0.231487 -0.240814
v -0.640271 -0.150279 -0.004710
v -0.690606 0.216560 -0.240814
v -0.589264 0.420830 -0.240814
v -0.605047 0.507436 -0.240814
v -0.542890 0.479366 -0.240814
v -0.488462 0.441540 -0.240814
v -0.488962 0.534462 -0.240814
v -0.518355 0.596004 -0.004710
v -0.486394 0.622456 -0.004710
v -0.431432 0.582077 -0.240814
v -0.340241 0.564216 -0.240814
v -0.367226 0.624756 -0.240814
v -0.346420 0.710294 -0.240814
v 0.138455 0.645294 -0.240814
v 0.296168 0.733962 -0.240814
v 0.269524 0.602720 -0.240814
v 0.318806 0.578269 -0.240814
v 0.526374 0.399239 -0.240814
v 0.628371 0.204245 0.018900
v 0.643177 0.151260 0.018900
v 0.657045 -0.068361 0.042511
v 0.649021 -0.122787 0.018900
v 0.700100 -0.369278 -0.240814
v 0.491368 -0.440559 -0.240814
v 0.234105 -0.754963 -0.240814
v 0.194147 -0.766129 -0.240814
v -0.067213 -0.721255 -0.240814
v -0.093279 -0.784278 -0.240814
v -0.215772 -0.691206 -0.240814
v -0.266618 -0.601738 -0.240814
v -0.417899 -0.590927 -0.240814
v -0.740825 -0.271282 -0.240814
v -0.625464 -0.203264 0.018900
v -0.640271 -0.150279 0.042511
v -0.654128 -0.068468 -0.240814
v -0.788919 0.012674 -0.240814
v -0.709161 0.144224 -0.240814
v -0.663749 0.288827 -0.240814
v -0.697194 0.370259 -0.240814
v -0.518355 0.596004 0.042511
v -0.386057 0.533761 -0.240814
v -0.157454 0.707866 -0.240814
v -0.135655 0.645272 -0.240814
v 0.671006 0.420652 -0.240814
v -0.141093 -0.710362 -0.240814
v -0.536463 -0.578718 -0.240814
v -0.523467 -0.398257 -0.240814
v -0.723516 -0.006662 -0.240814
v -0.654139 0.069342 -0.240814
v -0.449979 0.480855 -0.240814
v -0.518355 0.596004 0.089732
v 0.628371 0.204245 0.113342
v 0.071953 -0.786825 -0.240814
v -0.625464 -0.203264 0.113342
v -0.081441 0.720741 0.231393
v -0.069047 0.787806 0.231393
v -0.027641 0.790421 0.231393
v -0.006910 0.725447 0.231393
v 0.001399 0.659688 0.231393
v 0.056366 0.657397 0.231393
v 0.070119 0.722236 0.231393
v 0.096186 0.785259 0.231393
v 0.137230 0.779208 0.231393
v 0.143999 0.711343 0.231393
v 0.138455 0.645294 0.231393
v 0.191745 0.631625 0.231393
v 0.218678 0.692188 0.231393
v 0.257278 0.748414 0.231393
v 0.296168 0.733962 0.231393
v 0.288679 0.666173 0.231393
v 0.269524 0.602720 0.231393
v 0.318807 0.578269 0.231393
v 0.357743 0.631909 0.231393
v 0.407190 0.678881 0.231393
v 0.442225 0.656659 0.231393
v 0.420806 0.591908 0.231393
v 0.388876 0.533824 0.231393
v 0.431999 0.499662 0.231393
v 0.481236 0.544034 0.231393
v 0.539369 0.579700 0.231393
v 0.569018 0.550678 0.231393
v 0.534605 0.491796 0.231393
v 0.491296 0.441620 0.231393
v 0.526374 0.399239 0.231393
v 0.583761 0.432404 0.231393
v 0.648039 0.455203 0.231393
v 0.671006 0.420652 0.231393
v 0.625102 0.370211 0.231393
v 0.572308 0.330136 0.231393
v 0.597807 0.281388 0.231393
v 0.660836 0.301897 0.231393
v 0.728449 0.310834 0.231393
v 0.743731 0.272263 0.231393
v 0.688343 0.232468 0.231393
v 0.628371 0.204245 0.231393
v 0.643178 0.151260 0.231393
v 0.709093 0.158217 0.231393
v 0.777087 0.152902 0.231393
v 0.784015 0.111996 0.231393
v 0.721564 0.084587 0.231393
v 0.657034 0.069449 0.231393
v 0.660501 0.014544 0.231393
v 0.726422 0.007644 0.231393
v 0.791825 -0.011692 0.231393
v 0.790097 -0.053145 0.231393
v 0.723312 -0.066971 0.231393
v 0.657045 -0.068361 0.231393
v 0.649021 -0.122787 0.231393
v 0.712067 -0.143242 0.231393
v 0.772021 -0.175754 0.231393
v 0.761712 -0.215941 0.231393
v 0.693512 -0.215579 0.231393
v 0.628404 -0.203161 0.231393
v 0.609239 -0.254730 0.231393
v 0.666655 -0.287846 0.231393
v 0.718539 -0.332112 0.231393
v 0.700100 -0.369278 0.231393
v 0.633465 -0.354745 0.231393
v 0.572362 -0.329062 0.231393
v 0.542894 -0.375519 0.231393
v 0.592170 -0.419849 0.231393
v 0.633717 -0.473935 0.231393
v 0.607954 -0.506455 0.231393
v 0.545797 -0.478385 0.231393
v 0.491369 -0.440559 0.231393
v 0.452886 -0.479874 0.231393
v 0.491868 -0.533480 0.231393
v 0.521262 -0.595022 0.231393
v 0.489300 -0.621475 0.231393
v 0.434337 -0.581095 0.231393
v 0.388963 -0.532780 0.231393
v 0.343148 -0.563235 0.231393
v 0.370132 -0.623775 0.231393
v 0.386088 -0.690083 0.231393
v 0.349326 -0.709313 0.231393
v 0.303960 -0.658388 0.231393
v 0.269622 -0.601695 0.231393
v 0.218476 -0.621959 0.231393
v 0.232284 -0.686786 0.231393
v 0.234105 -0.754963 0.231393
v 0.194147 -0.766129 0.231393
v 0.160361 -0.706885 0.231393
v 0.138561 -0.644291 0.231393
v 0.084319 -0.653478 0.231393
v 0.084347 -0.719760 0.231393
v 0.071953 -0.786825 0.231393
v 0.030548 -0.789440 0.231393
v 0.009816 -0.724466 0.231393
v 0.001507 -0.658707 0.231393
v -0.053460 -0.656416 0.231393
v -0.067213 -0.721255 0.231393
v -0.093279 -0.784278 0.231393
v -0.134324 -0.778227 0.231393
v -0.141093 -0.710363 0.231393
v -0.135549 -0.644313 0.231393
v -0.188838 -0.630644 0.231393
v -0.215772 -0.691206 0.231393
v -0.254372 -0.747433 0.231393
v -0.293261 -0.732981 0.231393
v -0.285773 -0.665192 0.231393
v -0.266618 -0.601739 0.231393
v -0.315900 -0.577288 0.231393
v -0.354837 -0.630928 0.231393
v -0.404284 -0.677900 0.231393
v -0.439318 -0.655678 0.231393
v -0.417899 -0.590927 0.231393
v -0.385970 -0.532843 0.231393
v -0.429092 -0.498681 0.231393
v -0.478330 -0.543053 0.231393
v -0.536463 -0.578718 0.231393
v -0.566112 -0.549697 0.231393
v -0.531698 -0.490815 0.231393
v -0.488390 -0.440639 0.231393
v -0.523467 -0.398257 0.231393
v -0.580855 -0.431423 0.231393
v -0.645132 -0.454222 0.231393
v -0.668099 -0.419671 0.231393
v -0.622196 -0.369231 0.231393
v -0.569402 -0.329155 0.231393
v -0.594901 -0.280407 0.231393
v -0.657930 -0.300916 0.231393
v -0.725543 -0.309853 0.231393
v -0.740825 -0.271282 0.231393
v -0.685437 -0.231487 0.231393
v -0.625464 -0.203264 0.231393
v -0.640271 -0.150279 0.231393
v -0.706187 -0.157236 0.231393
v -0.774180 -0.151920 0.231393
v -0.781109 -0.111015 0.231393
v -0.718657 -0.083605 0.231393
v -0.654128 -0.068468 0.231393
v -0.657595 -0.013563 0.231393
v -0.723516 -0.006662 0.231393
v -0.788919 0.012674 0.231393
v -0.787191 0.054126 0.231393
v -0.720406 0.067952 0.231393
v -0.654139 0.069342 0.231393
v -0.646115 0.123768 0.231393
v -0.709161 0.144223 0.231393
v -0.769115 0.176735 0.231393
v -0.758806 0.216922 0.231393
v -0.690606 0.216560 0.231393
v -0.625498 0.204143 0.231393
v -0.606333 0.255711 0.231393
v -0.663749 0.288827 0.231393
v -0.715632 0.333093 0.231393
v -0.697194 0.370259 0.231393
v -0.630559 0.355726 0.231393
v -0.569456 0.330043 0.231393
v -0.539988 0.376500 0.231393
v -0.589264 0.420830 0.231393
v -0.630810 0.474916 0.231393
v -0.605047 0.507436 0.231393
v -0.542890 0.479366 0.231393
v -0.488462 0.441540 0.231393
v -0.449979 0.480855 0.231393
v -0.488962 0.534462 0.231393
v -0.518355 0.596003 0.231393
v -0.486394 0.622456 0.231393
v -0.431432 0.582077 0.231393
v -0.386057 0.533761 0.231393
v -0.340241 0.564216 0.231393
v -0.367226 0.624756 0.231393
v -0.383182 0.691064 0.231393
v -0.346420 0.710294 0.231393
v -0.301053 0.659369 0.231393
v -0.266716 0.602676 0.231393
v -0.215569 0.622940 0.231393
v -0.229378 0.687767 0.231393
v -0.231199 0.755944 0.231393
v -0.191241 0.767110 0.231393
v -0.157454 0.707866 0.231393
v -0.135655 0.645272 0.231393
v -0.000670 0.198934 -0.240814
v 0.020084 0.198069 -0.240814
v 0.040635 0.195039 -0.240814
v 0.060756 0.189877 -0.240814
v 0.080227 0.182641 -0.240814
v 0.098836 0.173409 -0.240814
v 0.116377 0.162283 -0.240814
v 0.132659 0.149383 -0.240814
v 0.147504 0.134853 -0.240814
v 0.160749 0.118851 -0.240814
v 0.172248 0.101551 -0.240814
v 0.181876 0.083145 -0.240814
v 0.189527 0.063833 -0.240814
v 0.195118 0.043826 -0.240814
v 0.198587 0.023346 -0.240814
v 0.199896 0.002614 -0.240814
v 0.199031 -0.018140 -0.240814
v 0.196001 -0.038691 -0.240814
v 0.190840 -0.058812 -0.240814
v 0.183604 -0.078283 -0.240814
v 0.174372 -0.096892 -0.240814
v 0.163245 -0.114433 -0.240814
v 0.150346 -0.130716 -0.240814
v 0.135816 -0.145560 -0.240814
v 0.119813 -0.158805 -0.240814
v 0.102514 -0.170304 -0.240814
v 0.084107 -0.179932 -0.240814
v 0.064795 -0.187584 -0.240814
v 0.044789 -0.193174 -0.240814
v 0.024308 -0.196643 -0.240814
v 0.003577 -0.197952 -0.240814
v -0.017178 -0.197087 -0.240814
v -0.037728 -0.194058 -0.240814
v -0.057849 -0.188896 -0.240814
v -0.077321 -0.181660 -0.240814
v -0.095929 -0.172428 -0.240814
v -0.113471 -0.161301 -0.240814
v -0.129753 -0.148402 -0.240814
v -0.144598 -0.133872 -0.240814
v -0.157843 -0.117869 -0.240814
v -0.169342 -0.100570 -0.240814
v -0.178970 -0.082163 -0.240814
v -0.186621 -0.062851 -0.240814
v -0.192212 -0.042845 -0.240814
v -0.195681 -0.022364 -0.240814
v -0.196990 -0.001633 -0.240814
v -0.196125 0.019122 -0.240814
v -0.193095 0.039672 -0.240814
v -0.187934 0.059793 -0.240814
v -0.180697 0.079265 -0.240814
v -0.171465 0.097873 -0.240814
v -0.160339 0.115414 -0.240814
v -0.147440 0.131697 -0.240814
v -0.132909 0.146542 -0.240814
v -0.116907 0.159786 -0.240814
v -0.099608 0.171286 -0.240814
v -0.081201 0.180914 -0.240814
v -0.061889 0.188565 -0.240814
v -0.041883 0.194156 -0.240814
v 0.080227 0.182641 0.231393
v -0.021402 0.197625 -0.240814
v 0.024308 -0.196643 0.231393
v -0.095929 -0.172428 0.231393
v -0.147440 0.131697 0.231393
v 0.040635 0.195039 0.231393
v 0.147504 0.134853 0.231393
v 0.160749 0.118850 0.231393
v 0.172248 0.101551 0.231393
v 0.189527 0.063833 0.231393
v 0.150346 -0.130716 0.231393
v 0.135816 -0.145560 0.231393
v -0.169342 -0.100570 0.231393
v -0.196990 -0.001633 0.231393
v -0.180697 0.079264 0.231393
v -0.116907 0.159786 0.231393
v -0.099607 0.171285 0.231393
v -0.000670 0.198934 0.231393
v 0.116377 0.162283 0.231393
v 0.198587 0.023346 0.231393
v 0.199031 -0.018140 0.231393
v 0.190840 -0.058812 0.231393
v 0.174372 -0.096892 0.231393
v 0.163245 -0.114433 0.231393
v 0.084107 -0.179932 0.231393
v 0.064795 -0.187584 0.231393
v -0.037728 -0.194058 0.231393
v -0.057849 -0.188896 0.231393
v -0.077321 -0.181660 0.231393
v -0.144598 -0.133872 0.231393
v -0.157843 -0.117869 0.231393
v -0.186621 -0.062851 0.231393
v -0.195681 -0.022364 0.231393
v -0.187934 0.059793 0.231393
v -0.160339 0.115414 0.231393
v -0.132909 0.146542 0.231393
v -0.081201 0.180914 0.231393
v -0.061889 0.188565 0.231393
v -0.041883 0.194156 0.231393
v 0.020084 0.198068 0.231393
v 0.183604 -0.078283 0.231393
v 0.119813 -0.158805 0.231393
v 0.102514 -0.170304 0.231393
v 0.044789 -0.193175 0.231393
v -0.017178 -0.197087 0.231393
v -0.178970 -0.082163 0.231393
v -0.192212 -0.042845 0.231393
v 0.060756 0.189877 0.231393
v 0.098836 0.173409 0.231393
v 0.132659 0.149383 0.231393
v 0.181876 0.083145 0.231393
v 0.199896 0.002614 0.231393
v 0.196001 -0.038691 0.231393
v 0.003577 -0.197952 0.231393
v -0.129753 -0.148402 0.231393
v -0.196125 0.019122 0.231393
v -0.193095 0.039672 0.231393
v -0.171465 0.097873 0.231393
v 0.195118 0.043826 0.231393
v -0.113471 -0.161301 0.231393
v -0.021402 0.197624 0.231393
v -0.847950 0.329602 -0.303669
v 1.006661 0.588348 -0.303669
v -0.847950 0.329602 -0.430482
v 1.006661 0.588348 -0.430483
v -0.846667 -0.331911 -0.430483
v 1.008932 -0.583464 -0.430483
v -0.846667 -0.331911 -0.303669
v 1.008932 -0.583464 -0.303670
v 0.518452 0.582931 -0.303669
v 0.520706 -0.579940 -0.303669
v 0.520706 -0.579940 -0.430483
v 0.518452 0.582931 -0.430483
v 1.006661 0.588348 -0.426104
v 0.518452 0.582931 -0.426104
v -0.847950 0.329602 -0.426104
v -0.846667 -0.331911 -0.426104
v 0.520706 -0.579940 -0.426104
v 1.008932 -0.583464 -0.426104
v 1.006661 0.588348 -0.310896
v 0.518452 0.582931 -0.310895
v -0.847950 0.329602 -0.310895
v -0.846667 -0.331911 -0.310895
v 0.520706 -0.579940 -0.310896
v 1.008932 -0.583464 -0.310896
v 1.006661 0.588348 -0.404618
v 0.518452 0.582931 -0.404618
v -0.847950 0.329602 -0.404618
v -0.846667 -0.331911 -0.404618
v 0.520706 -0.579940 -0.404618
v 1.008932 -0.583464 -0.404618
v 1.006661 0.588348 -0.342872
v 0.518452 0.582931 -0.342872
v -0.847950 0.329602 -0.342872
v -0.846667 -0.331911 -0.342872
v 0.520706 -0.579940 -0.342872
v 1.008932 -0.583464 -0.342872
v -0.207616 0.332820 -0.430483
v -0.206326 -0.332647 -0.430483
v -0.206326 -0.332647 -0.426104
v -0.206326 -0.332647 -0.404618
v -0.206326 -0.332647 -0.342872
v -0.206326 -0.332647 -0.310895
v -0.206326 -0.332647 -0.303669
v -0.207616 0.332820 -0.303669
v -0.207616 0.332820 -0.310895
v -0.207616 0.332820 -0.342872
v -0.207616 0.332820 -0.404618
v -0.207616 0.332820 -0.426104
v -0.197851 0.336184 -0.430483
v -0.196548 -0.335973 -0.430483
v -0.196548 -0.335973 -0.426104
v -0.196548 -0.335973 -0.404618
v -0.196548 -0.335973 -0.342872
v -0.196548 -0.335973 -0.310895
v -0.196548 -0.335973 -0.303669
v -0.197851 0.336184 -0.303669
v -0.197851 0.336184 -0.310895
v -0.197851 0.336184 -0.342872
v -0.197851 0.336184 -0.404618
v -0.197851 0.336184 -0.426104
v 0.560018 0.583392 -0.426104
v 0.560018 0.583392 -0.404618
v 0.560018 0.583392 -0.342872
v 0.560018 0.583392 -0.310896
v 0.560018 0.583392 -0.303669
v 0.562274 -0.580240 -0.303669
v 0.562274 -0.580240 -0.310896
v 0.562274 -0.580240 -0.342872
v 0.562274 -0.580240 -0.404618
v 0.562274 -0.580240 -0.426104
v 0.562274 -0.580240 -0.430483
v 0.560018 0.583392 -0.430483
v 1.006011 0.588341 -0.430483
v 1.008283 -0.583460 -0.430483
v 1.008283 -0.583460 -0.426104
v 1.008283 -0.583460 -0.404618
v 1.008283 -0.583460 -0.342872
v 1.008283 -0.583460 -0.310896
v 1.008283 -0.583460 -0.303670
v 1.006011 0.588340 -0.303669
v 1.006011 0.588340 -0.310896
v 1.006011 0.588340 -0.342872
v 1.006011 0.588341 -0.404618
v 1.006011 0.588341 -0.426104
v 0.992637 0.588192 -0.426104
v 0.992637 0.588192 -0.404618
v 0.992637 0.588192 -0.342872
v 0.992637 0.588192 -0.310896
v 0.992637 0.588192 -0.303669
v 0.994908 -0.583363 -0.303670
v 0.994908 -0.583363 -0.310896
v 0.994908 -0.583363 -0.342872
v 0.994908 -0.583363 -0.404618
v 0.994908 -0.583363 -0.426104
v 0.994908 -0.583363 -0.430483
v 0.992637 0.588192 -0.430483
v 0.518452 0.582931 -0.418846
v 0.560018 0.583392 -0.418846
v 0.992637 0.588192 -0.418846
v 1.006011 0.588341 -0.418846
v 1.006661 0.588348 -0.418846
v 1.008932 -0.583464 -0.418846
v 1.008283 -0.583460 -0.418846
v 0.994908 -0.583363 -0.418846
v 0.562274 -0.580240 -0.418846
v 0.520706 -0.579940 -0.418846
v -0.196548 -0.335973 -0.418846
v -0.206326 -0.332647 -0.418846
v -0.846667 -0.331911 -0.418846
v -0.847950 0.329602 -0.418846
v -0.207616 0.332820 -0.418846
v -0.197851 0.336184 -0.418846
v 0.518452 0.582931 -0.305138
v 0.560018 0.583392 -0.305138
v 0.992637 0.588192 -0.305138
v 1.006011 0.588340 -0.305138
v 1.006661 0.588348 -0.305138
v 1.008932 -0.583464 -0.305138
v 1.008283 -0.583460 -0.305138
v 0.994908 -0.583363 -0.305138
v 0.562274 -0.580240 -0.305138
v 0.520706 -0.579940 -0.305138
v -0.196548 -0.335973 -0.305138
v -0.206326 -0.332647 -0.305138
v -0.846667 -0.331911 -0.305138
v -0.847950 0.329602 -0.305138
v -0.207616 0.332820 -0.305138
v -0.197851 0.336184 -0.305138
v -0.847950 0.329602 0.403054
v 1.006661 0.588348 0.403054
v -0.847950 0.329602 0.276241
v 1.006661 0.588348 0.276241
v -0.846667 -0.331911 0.276241
v 1.008932 -0.583464 0.276241
v -0.846667 -0.331911 0.403054
v 1.008932 -0.583464 0.403054
v 0.518452 0.582931 0.403054
v 0.520706 -0.579940 0.403054
v 0.520706 -0.579940 0.276241
v 0.518452 0.582931 0.276241
v 1.006661 0.588348 0.280619
v 0.518452 0.582931 0.280620
v -0.847950 0.329602 0.280620
v -0.846667 -0.331911 0.280620
v 0.520706 -0.579940 0.280619
v 1.008932 -0.583464 0.280619
v 1.006661 0.588348 0.395828
v 0.518452 0.582931 0.395828
v -0.847950 0.329602 0.395828
v -0.846667 -0.331911 0.395828
v 0.520706 -0.579940 0.395828
v 1.008932 -0.583464 0.395828
v 1.006661 0.588348 0.302105
v 0.518452 0.582931 0.302105
v -0.847950 0.329602 0.302106
v -0.846667 -0.331911 0.302106
v 0.520706 -0.579940 0.302105
v 1.008932 -0.583464 0.302105
v 1.006661 0.588348 0.363851
v 0.518452 0.582931 0.363851
v -0.847950 0.329602 0.363851
v -0.846667 -0.331911 0.363851
v 0.520706 -0.579940 0.363851
v 1.008932 -0.583464 0.363851
v -0.207616 0.332821 0.276241
v -0.206326 -0.332647 0.276241
v -0.206326 -0.332647 0.280620
v -0.206326 -0.332647 0.302105
v -0.206326 -0.332647 0.363851
v -0.206326 -0.332647 0.395828
v -0.206326 -0.332647 0.403054
v -0.207616 0.332821 0.403054
v -0.207616 0.332821 0.395828
v -0.207616 0.332821 0.363851
v -0.207616 0.332821 0.302106
v -0.207616 0.332821 0.280620
v -0.197851 0.336184 0.276241
v -0.196548 -0.335973 0.276241
v -0.196548 -0.335973 0.280620
v -0.196548 -0.335973 0.302105
v -0.196548 -0.335973 0.363851
v -0.196548 -0.335973 0.395828
v -0.196548 -0.335973 0.403054
v -0.197851 0.336184 0.403054
v -0.197851 0.336184 0.395828
v -0.197851 0.336184 0.363851
v -0.197851 0.336184 0.302105
v -0.197851 0.336184 0.280620
v 0.560018 0.583392 0.280619
v 0.560018 0.583392 0.302105
v 0.560018 0.583392 0.363851
v 0.560018 0.583392 0.395828
v 0.560018 0.583392 0.403054
v 0.562274 -0.580240 0.403054
v 0.562274 -0.580240 0.395828
v 0.562274 -0.580240 0.363851
v 0.562274 -0.580240 0.302105
v 0.562274 -0.580240 0.280619
v 0.562274 -0.580240 0.276241
v 0.560018 0.583392 0.276241
v 1.006011 0.588341 0.276241
v 1.008283 -0.583459 0.276241
v 1.008283 -0.583459 0.280619
v 1.008283 -0.583459 0.302105
v 1.008283 -0.583459 0.363851
v 1.008283 -0.583459 0.395828
v 1.008283 -0.583459 0.403054
v 1.006011 0.588341 0.403054
v 1.006011 0.588341 0.395828
v 1.006011 0.588341 0.363851
v 1.006011 0.588341 0.302105
v 1.006011 0.588341 0.280619
v 0.992637 0.588192 0.280619
v 0.992637 0.588192 0.302105
v 0.992637 0.588192 0.363851
v 0.992637 0.588192 0.395828
v 0.992637 0.588192 0.403054
v 0.994908 -0.583363 0.403054
v 0.994908 -0.583363 0.395828
v 0.994908 -0.583363 0.363851
v 0.994908 -0.583363 0.302105
v 0.994908 -0.583363 0.280619
v 0.994908 -0.583363 0.276241
v 0.992637 0.588192 0.276241
v 0.560018 0.583392 0.401055
v 0.992637 0.588192 0.401055
v 1.006011 0.588341 0.401055
v 1.006661 0.588348 0.401055
v 1.008932 -0.583464 0.401055
v 1.008283 -0.583459 0.401055
v 0.994908 -0.583363 0.401055
v 0.562274 -0.580240 0.401055
v 0.520706 -0.579940 0.401055
v -0.196548 -0.335973 0.401055
v -0.206326 -0.332647 0.401055
v -0.846667 -0.331911 0.401055
v -0.847950 0.329602 0.401055
v -0.207616 0.332821 0.401055
v -0.197851 0.336184 0.401055
v 0.518452 0.582931 0.401055
v 0.159383 -0.050485 0.304353
v 0.135901 -0.096793 0.304353
v 0.099258 -0.133578 0.304353
v 0.053041 -0.157240 0.304353
v 0.001775 -0.165461 0.304353
v -0.049523 -0.157439 0.304353
v -0.095831 -0.133957 0.304353
v -0.132616 -0.097314 0.304353
v -0.156277 -0.051097 0.304353
v -0.164499 0.000169 0.304353
v -0.156476 0.051467 0.304353
v -0.132994 0.097775 0.304353
v -0.096351 0.134560 0.304354
v -0.050135 0.158221 0.304354
v 0.001132 0.166443 0.304354
v 0.052429 0.158420 0.304354
v 0.098737 0.134938 0.304354
v 0.135522 0.098295 0.304353
v 0.159184 0.052079 0.304353
v 0.167405 0.000812 0.304353
v 0.159383 -0.050485 -0.313775
v 0.135901 -0.096793 -0.313775
v 0.099258 -0.133578 -0.313775
v 0.053041 -0.157240 -0.313775
v 0.001775 -0.165461 -0.313775
v -0.049523 -0.157439 -0.313775
v -0.095831 -0.133956 -0.313775
v -0.132616 -0.097314 -0.313775
v -0.156277 -0.051097 -0.313775
v -0.164499 0.000169 -0.313775
v -0.156476 0.051467 -0.313775
v -0.132994 0.097775 -0.313775
v -0.096351 0.134560 -0.313775
v -0.050135 0.158221 -0.313775
v 0.001131 0.166443 -0.313775
v 0.052429 0.158420 -0.313775
v 0.098737 0.134938 -0.313775
v 0.135522 0.098295 -0.313775
v 0.159184 0.052079 -0.313775
v 0.167405 0.000813 -0.313775
v 0.001453 0.000491 0.304353
v 0.001453 0.000491 -0.313775
v 0.052429 0.158420 -0.305678
v 0.001131 0.166443 -0.305678
v -0.050135 0.158221 -0.305678
v -0.096351 0.134560 -0.305678
v -0.132994 0.097775 -0.305678
v -0.156476 0.051467 -0.305678
v -0.164499 0.000169 -0.305678
v -0.156277 -0.051097 -0.305678
v -0.132616 -0.097314 -0.305678
v -0.095831 -0.133956 -0.305678
v -0.049523 -0.157439 -0.305678
v 0.001775 -0.165461 -0.305678
v 0.053041 -0.157240 -0.305678
v 0.099258 -0.133578 -0.305678
v 0.135901 -0.096793 -0.305678
v 0.159383 -0.050485 -0.305678
v 0.167405 0.000813 -0.305678
v 0.159184 0.052079 -0.305678
v 0.135522 0.098295 -0.305678
v 0.098737 0.134938 -0.305678
v 0.052429 0.158420 0.291187
v 0.001132 0.166443 0.291187
v -0.050135 0.158221 0.291187
v -0.096351 0.134560 0.291187
v -0.132994 0.097775 0.291187
v -0.156476 0.051467 0.291187
v -0.164499 0.000169 0.291187
v -0.156277 -0.051097 0.291187
v -0.132616 -0.097314 0.291187
v -0.095831 -0.133957 0.291187
v -0.049523 -0.157439 0.291187
v 0.001775 -0.165461 0.291187
v 0.053041 -0.157240 0.291187
v 0.099258 -0.133578 0.291187
v 0.135901 -0.096793 0.291187
v 0.159383 -0.050485 0.291187
v 0.167405 0.000812 0.291187
v 0.159184 0.052079 0.291187
v 0.135522 0.098295 0.291187
v 0.098737 0.134938 0.291187
v 0.052429 0.158420 -0.306488
v 0.001131 0.166443 -0.306488
v -0.050135 0.158221 -0.306488
v -0.096351 0.134560 -0.306488
v -0.132994 0.097775 -0.306488
v -0.156476 0.051467 -0.306488
v -0.164499 0.000169 -0.306488
v -0.156277 -0.051097 -0.306488
v -0.132616 -0.097314 -0.306488
v -0.095831 -0.133956 -0.306488
v -0.049523 -0.157439 -0.306488
v 0.001775 -0.165461 -0.306488
v 0.053041 -0.157240 -0.306488
v 0.099258 -0.133578 -0.306488
v 0.135901 -0.096793 -0.306488
v 0.159383 -0.050485 -0.306488
v 0.167405 0.000813 -0.306488
v 0.159184 0.052079 -0.306488
v 0.135522 0.098295 -0.306488
v 0.098737 0.134938 -0.306488
v 0.001775 -0.165461 -0.304407
v 0.053041 -0.157240 -0.304407
v 0.099258 -0.133578 -0.304407
v 0.135901 -0.096793 -0.304407
v 0.159383 -0.050485 -0.304407
v 0.167405 0.000813 -0.304407
v 0.159184 0.052079 -0.304407
v 0.135522 0.098295 -0.304407
v 0.098737 0.134938 -0.304407
v 0.052429 0.158420 -0.304407
v 0.001131 0.166443 -0.304407
v -0.050135 0.158221 -0.304407
v -0.096351 0.134560 -0.304407
v -0.132994 0.097775 -0.304407
v -0.156476 0.051467 -0.304407
v -0.164499 0.000169 -0.304407
v -0.156277 -0.051097 -0.304407
v -0.132616 -0.097314 -0.304407
v -0.095831 -0.133956 -0.304407
v -0.049523 -0.157439 -0.304407
v -0.049523 -0.157439 0.286549
v 0.001775 -0.165461 0.286549
v 0.053041 -0.157240 0.286549
v 0.099258 -0.133578 0.286549
v 0.135901 -0.096793 0.286549
v 0.159383 -0.050485 0.286549
v 0.167405 0.000812 0.286549
v 0.159184 0.052079 0.286549
v 0.135522 0.098295 0.286549
v 0.098737 0.134938 0.286549
v 0.052429 0.158420 0.286549
v 0.001132 0.166443 0.286549
v -0.050135 0.158221 0.286549
v -0.096351 0.134560 0.286549
v -0.132994 0.097775 0.286549
v -0.156476 0.051467 0.286549
v -0.164499 0.000169 0.286549
v -0.156277 -0.051097 0.286549
v -0.132616 -0.097314 0.286549
v -0.095831 -0.133957 0.286549
v 0.115456 -0.188657 -0.557981
v 0.113199 -0.190479 -0.558033
v 0.110570 -0.191648 -0.558076
v 0.107692 -0.192096 -0.558093
v 0.109533 -0.195064 -0.557382
v 0.111113 -0.197579 -0.555271
v 0.112173 -0.199247 -0.552065
v 0.112565 -0.199821 -0.548267
v 0.115356 -0.199392 -0.548262
v 0.117942 -0.198250 -0.548251
v 0.120137 -0.196490 -0.548213
v 0.121801 -0.194218 -0.548180
v 0.121455 -0.193610 -0.551944
v 0.120460 -0.191895 -0.555124
v 0.118957 -0.189329 -0.557224
v 0.117172 -0.186315 -0.557925
v -0.100040 -0.196691 -0.559273
v -0.102742 -0.195643 -0.559259
v -0.105078 -0.193933 -0.559234
v -0.106894 -0.191678 -0.559197
v -0.108544 -0.194759 -0.558512
v -0.109933 -0.197372 -0.556415
v -0.110850 -0.199121 -0.553222
v -0.111155 -0.199752 -0.549425
v -0.109381 -0.201951 -0.549480
v -0.107117 -0.203624 -0.549522
v -0.104486 -0.204646 -0.549555
v -0.101697 -0.204947 -0.549562
v -0.101332 -0.204359 -0.553335
v -0.100341 -0.202636 -0.556497
v -0.098877 -0.200053 -0.558587
v -0.097162 -0.196998 -0.559259
v -0.214626 -0.013883 -0.555967
v -0.215071 -0.011018 -0.555907
v -0.214754 -0.008137 -0.555844
v -0.213715 -0.005430 -0.555783
v -0.217202 -0.005542 -0.555050
v -0.220156 -0.005649 -0.552908
v -0.222132 -0.005729 -0.549681
v -0.222832 -0.005763 -0.545872
v -0.223842 -0.008407 -0.545954
v -0.224161 -0.011210 -0.546032
v -0.223736 -0.013997 -0.546106
v -0.222604 -0.016570 -0.546170
v -0.221912 -0.016594 -0.549956
v -0.219925 -0.016597 -0.553157
v -0.216968 -0.016578 -0.555279
v -0.213452 -0.016536 -0.556019
v -0.113711 0.176947 -0.551369
v -0.111446 0.178769 -0.551329
v -0.108794 0.179944 -0.551293
v -0.105939 0.180385 -0.551267
v -0.107784 0.183361 -0.550447
v -0.109348 0.185876 -0.548243
v -0.110410 0.187553 -0.544972
v -0.110785 0.188141 -0.541149
v -0.113581 0.187699 -0.541190
v -0.116172 0.186568 -0.541251
v -0.118368 0.184804 -0.541319
v -0.120027 0.182528 -0.541396
v -0.119699 0.181914 -0.545192
v -0.118718 0.180191 -0.548435
v -0.117203 0.177625 -0.550628
v -0.115423 0.174605 -0.551432
v 0.101799 0.184974 -0.550087
v 0.104496 0.183938 -0.550098
v 0.106824 0.182224 -0.550118
v 0.108650 0.179966 -0.550156
v 0.110293 0.183051 -0.549323
v 0.111689 0.185677 -0.547102
v 0.112616 0.187433 -0.543822
v 0.112928 0.188066 -0.539995
v 0.111160 0.190265 -0.539972
v 0.108888 0.191935 -0.539972
v 0.106260 0.192962 -0.539985
v 0.103459 0.193264 -0.540009
v 0.103092 0.192660 -0.543809
v 0.102102 0.190945 -0.547059
v 0.100635 0.188346 -0.549270
v 0.098917 0.185288 -0.550098
v 0.216386 0.002183 -0.553390
v 0.216822 -0.000686 -0.553448
v 0.216518 -0.003571 -0.553512
v 0.215462 -0.006272 -0.553574
v 0.218957 -0.006160 -0.552792
v 0.221918 -0.006052 -0.550615
v 0.223903 -0.005966 -0.547374
v 0.224602 -0.005917 -0.543544
v 0.225620 -0.003280 -0.543502
v 0.225941 -0.000466 -0.543473
v 0.225511 0.002316 -0.543433
v 0.224381 0.004892 -0.543405
v 0.223675 0.004902 -0.547189
v 0.221686 0.004896 -0.550407
v 0.218709 0.004870 -0.552561
v 0.215219 0.004828 -0.553341
v 0.110731 -0.191428 -0.358643
v 0.113372 -0.190248 -0.358601
v 0.115626 -0.188433 -0.358543
v 0.117330 -0.186092 -0.358480
v 0.119125 -0.189095 -0.359302
v 0.120636 -0.191650 -0.361512
v 0.121640 -0.193357 -0.364779
v 0.121961 -0.193975 -0.368603
v 0.120299 -0.196261 -0.368639
v 0.118110 -0.198032 -0.368668
v 0.115538 -0.199183 -0.368685
v 0.112764 -0.199617 -0.368697
v 0.112370 -0.199039 -0.364900
v 0.111306 -0.197360 -0.361663
v 0.109720 -0.194845 -0.359467
v 0.107856 -0.191872 -0.358659
v -0.104913 -0.193707 -0.359800
v -0.102578 -0.195414 -0.359829
v -0.099876 -0.196462 -0.359835
v -0.096997 -0.196768 -0.359827
v -0.098699 -0.199827 -0.360664
v -0.100151 -0.202414 -0.362884
v -0.101129 -0.204142 -0.366166
v -0.101489 -0.204748 -0.369997
v -0.104304 -0.204446 -0.369981
v -0.106941 -0.203435 -0.369952
v -0.109221 -0.201776 -0.369903
v -0.110981 -0.199584 -0.369848
v -0.110684 -0.198952 -0.366051
v -0.109760 -0.197182 -0.362799
v -0.108379 -0.194548 -0.360593
v -0.106729 -0.191451 -0.359761
v -0.214592 -0.007910 -0.356408
v -0.214905 -0.010796 -0.356476
v -0.214464 -0.013653 -0.356532
v -0.213288 -0.016311 -0.356579
v -0.216784 -0.016366 -0.357364
v -0.219745 -0.016398 -0.359543
v -0.221729 -0.016416 -0.362781
v -0.222431 -0.016415 -0.366602
v -0.223575 -0.013827 -0.366537
v -0.224004 -0.011035 -0.366465
v -0.223719 -0.008227 -0.366376
v -0.222701 -0.005606 -0.366295
v -0.222010 -0.005555 -0.362506
v -0.220019 -0.005460 -0.359292
v -0.217051 -0.005332 -0.357117
v -0.213552 -0.005210 -0.356351
v -0.108638 0.180166 -0.351854
v -0.111294 0.178995 -0.351892
v -0.113546 0.177176 -0.351934
v -0.115250 0.174832 -0.352004
v -0.117051 0.177835 -0.352700
v -0.118558 0.180381 -0.354822
v -0.119556 0.182092 -0.358025
v -0.119898 0.182691 -0.361826
v -0.118240 0.184978 -0.361752
v -0.116041 0.186754 -0.361679
v -0.113466 0.187899 -0.361625
v -0.110697 0.188334 -0.361576
v -0.110289 0.187765 -0.357802
v -0.109226 0.186102 -0.354625
v -0.107640 0.183589 -0.352524
v -0.105779 0.180614 -0.351825
v 0.106998 0.182448 -0.350680
v 0.104657 0.184160 -0.350659
v 0.101960 0.185203 -0.350655
v 0.099079 0.185516 -0.350662
v 0.100783 0.188569 -0.351343
v 0.102226 0.191151 -0.353440
v 0.103207 0.192873 -0.356637
v 0.103563 0.193463 -0.360436
v 0.106381 0.193164 -0.360413
v 0.109001 0.192148 -0.360395
v 0.111275 0.190492 -0.360394
v 0.113044 0.188308 -0.360420
v 0.112752 0.187682 -0.356653
v 0.111840 0.185926 -0.353482
v 0.110460 0.183291 -0.351403
v 0.108817 0.180192 -0.350723
v 0.216677 -0.003348 -0.354071
v 0.216984 -0.000466 -0.354005
v 0.216546 0.002400 -0.353953
v 0.215375 0.005056 -0.353906
v 0.218867 0.005104 -0.354643
v 0.221836 0.005141 -0.356792
v 0.223803 0.005150 -0.360013
v 0.224492 0.005130 -0.363821
v 0.225638 0.002544 -0.363850
v 0.226076 -0.000243 -0.363890
v 0.225787 -0.003049 -0.363932
v 0.224775 -0.005676 -0.363986
v 0.224079 -0.005723 -0.360190
v 0.222103 -0.005806 -0.356999
v 0.219127 -0.005925 -0.354871
v 0.215633 -0.006050 -0.354144
v 0.009315 -0.008483 -0.554688
v 0.008875 -0.005664 -0.554633
v 0.009177 -0.002823 -0.554572
v 0.010210 -0.000157 -0.554514
v 0.007375 0.000146 -0.554517
v 0.004715 0.001168 -0.554510
v 0.002411 0.002854 -0.554485
v 0.000623 0.005078 -0.554449
v -0.001067 0.002773 -0.554504
v -0.003280 0.000980 -0.554556
v -0.005887 -0.000174 -0.554598
v -0.008708 -0.000609 -0.554615
v -0.007553 -0.003222 -0.554669
v -0.007120 -0.006046 -0.554727
v -0.007422 -0.008881 -0.554790
v -0.008455 -0.011544 -0.554843
v -0.005622 -0.011855 -0.554840
v -0.002952 -0.012881 -0.554846
v -0.000655 -0.014561 -0.554879
v 0.001126 -0.016782 -0.554913
v 0.002809 -0.014477 -0.554846
v 0.005036 -0.012689 -0.554804
v 0.007645 -0.011537 -0.554761
v 0.010467 -0.011093 -0.554741
v 0.009345 -0.002599 -0.355139
v 0.009041 -0.005437 -0.355198
v 0.009479 -0.008257 -0.355261
v 0.010626 -0.010871 -0.355307
v 0.007814 -0.011311 -0.355332
v 0.005200 -0.012460 -0.355366
v 0.002976 -0.014256 -0.355413
v 0.001294 -0.016563 -0.355475
v -0.000491 -0.014337 -0.355437
v -0.002801 -0.012656 -0.355407
v -0.005455 -0.011629 -0.355403
v -0.008291 -0.011318 -0.355413
v -0.007261 -0.008661 -0.355350
v -0.006955 -0.005817 -0.355286
v -0.007389 -0.003002 -0.355236
v -0.008547 -0.000388 -0.355184
v -0.005730 0.000053 -0.355158
v -0.003118 0.001204 -0.355118
v -0.000893 0.003001 -0.355068
v 0.000790 0.005310 -0.355013
v 0.002574 0.003084 -0.355053
v 0.004875 0.001399 -0.355066
v 0.007545 0.000369 -0.355087
v 0.010374 0.000065 -0.355071
v 0.117264 -0.191656 -0.557280
v 0.115026 -0.193458 -0.557333
v 0.112383 -0.194622 -0.557366
v 0.113952 -0.197134 -0.555260
v 0.114982 -0.198807 -0.552057
v 0.117580 -0.197666 -0.552033
v 0.119789 -0.195895 -0.551997
v 0.118783 -0.194192 -0.555182
v 0.116557 -0.195976 -0.555224
v -0.101731 -0.199743 -0.558596
v -0.104408 -0.198705 -0.558583
v -0.106739 -0.197006 -0.558554
v -0.108138 -0.199606 -0.556458
v -0.109062 -0.201339 -0.553272
v -0.106783 -0.203022 -0.553309
v -0.104142 -0.204053 -0.553330
v -0.103176 -0.202333 -0.556507
v -0.105835 -0.201294 -0.556487
v -0.218121 -0.013946 -0.555231
v -0.218560 -0.011096 -0.555174
v -0.218245 -0.008235 -0.555103
v -0.221185 -0.008317 -0.552976
v -0.223170 -0.008380 -0.549749
v -0.223472 -0.011209 -0.549830
v -0.223046 -0.014011 -0.549900
v -0.221073 -0.013983 -0.553099
v -0.221507 -0.011164 -0.553038
v -0.115508 0.179944 -0.550563
v -0.113262 0.181751 -0.550515
v -0.110630 0.182911 -0.550473
v -0.112184 0.185434 -0.548267
v -0.113219 0.187117 -0.545008
v -0.115810 0.185969 -0.545067
v -0.118021 0.184200 -0.545121
v -0.117018 0.182491 -0.548370
v -0.114785 0.184286 -0.548322
v 0.103489 0.188043 -0.549262
v 0.106175 0.186998 -0.549271
v 0.108483 0.185296 -0.549284
v 0.109896 0.187907 -0.547068
v 0.110830 0.189650 -0.543795
v 0.108542 0.191329 -0.543783
v 0.105906 0.192357 -0.543788
v 0.104925 0.190627 -0.547043
v 0.107595 0.189600 -0.547052
v 0.219882 0.002235 -0.552618
v 0.220304 -0.000602 -0.552664
v 0.220004 -0.003472 -0.552740
v 0.222953 -0.003382 -0.550554
v 0.224926 -0.003311 -0.547315
v 0.225237 -0.000488 -0.547275
v 0.224817 0.002312 -0.547227
v 0.222837 0.002288 -0.550450
v 0.223269 -0.000538 -0.550510
v 0.112550 -0.194399 -0.359444
v 0.115180 -0.193231 -0.359410
v 0.117430 -0.191424 -0.359365
v 0.118949 -0.193955 -0.361566
v 0.119958 -0.195655 -0.364816
v 0.117748 -0.197450 -0.364858
v 0.115158 -0.198600 -0.364882
v 0.114117 -0.196920 -0.361644
v 0.116727 -0.195758 -0.361605
v -0.106576 -0.196788 -0.360631
v -0.104244 -0.198486 -0.360659
v -0.101563 -0.199525 -0.360662
v -0.103003 -0.202113 -0.362888
v -0.103961 -0.203839 -0.366155
v -0.106608 -0.202821 -0.366140
v -0.108904 -0.201157 -0.366098
v -0.107969 -0.199402 -0.362846
v -0.105661 -0.201079 -0.362876
v -0.218087 -0.008019 -0.357190
v -0.218392 -0.010885 -0.357253
v -0.217948 -0.013731 -0.357309
v -0.220908 -0.013782 -0.359483
v -0.222882 -0.013813 -0.362720
v -0.223320 -0.011011 -0.362655
v -0.223022 -0.008193 -0.362577
v -0.221049 -0.008114 -0.359351
v -0.221339 -0.010961 -0.359423
v -0.110476 0.183136 -0.352553
v -0.113098 0.181972 -0.352597
v -0.115342 0.180160 -0.352645
v -0.116863 0.182699 -0.354751
v -0.117885 0.184387 -0.357952
v -0.115678 0.186175 -0.357887
v -0.113087 0.187332 -0.357837
v -0.112039 0.185651 -0.354657
v -0.114643 0.184499 -0.354706
v 0.108658 0.185527 -0.351366
v 0.106328 0.187222 -0.351337
v 0.103654 0.188258 -0.351334
v 0.105076 0.190845 -0.353433
v 0.106032 0.192564 -0.356615
v 0.108689 0.191546 -0.356616
v 0.110977 0.189886 -0.356628
v 0.110048 0.188139 -0.353449
v 0.107733 0.189822 -0.353430
v 0.220163 -0.003241 -0.354806
v 0.220476 -0.000379 -0.354751
v 0.220032 0.002471 -0.354696
v 0.222984 0.002519 -0.356833
v 0.224945 0.002542 -0.360043
v 0.225397 -0.000261 -0.360097
v 0.225096 -0.003080 -0.360145
v 0.223123 -0.003149 -0.356941
v 0.223423 -0.000311 -0.356884
v 0.005770 -0.008527 -0.554714
v 0.004712 -0.005762 -0.554659
v 0.005645 -0.002950 -0.554593
v 0.002715 -0.002478 -0.554591
v 0.000746 -0.000277 -0.554556
v -0.001124 -0.002570 -0.554619
v -0.004015 -0.003180 -0.554646
v -0.002965 -0.005942 -0.554701
v -0.003873 -0.008757 -0.554769
v -0.000969 -0.009225 -0.554758
v 0.001005 -0.011430 -0.554796
v 0.002870 -0.009139 -0.554733
v 0.000876 -0.005855 -0.554677
v 0.005799 -0.002729 -0.355161
v 0.004879 -0.005531 -0.355216
v 0.005937 -0.008303 -0.355278
v 0.003034 -0.008912 -0.355297
v 0.001171 -0.011208 -0.355361
v -0.000808 -0.009007 -0.355323
v -0.003715 -0.008532 -0.355331
v -0.002802 -0.005720 -0.355269
v -0.003848 -0.002953 -0.355206
v -0.000964 -0.002343 -0.355182
v 0.000914 -0.000052 -0.355122
v 0.002885 -0.002246 -0.355161
v 0.001037 -0.005627 -0.355239
v 0.115456 -0.188657 0.307061
v 0.113199 -0.190479 0.307009
v 0.110570 -0.191649 0.306966
v 0.107692 -0.192096 0.306949
v 0.109533 -0.195064 0.307660
v 0.111113 -0.197579 0.309771
v 0.112173 -0.199247 0.312977
v 0.112565 -0.199821 0.316775
v 0.115356 -0.199392 0.316780
v 0.117942 -0.198250 0.316791
v 0.120137 -0.196490 0.316829
v 0.121801 -0.194218 0.316862
v 0.121455 -0.193610 0.313098
v 0.120460 -0.191895 0.309918
v 0.118957 -0.189329 0.307818
v 0.117172 -0.186315 0.307117
v -0.100040 -0.196691 0.305769
v -0.102742 -0.195643 0.305783
v -0.105078 -0.193933 0.305808
v -0.106894 -0.191679 0.305845
v -0.108544 -0.194759 0.306530
v -0.109933 -0.197373 0.308627
v -0.110850 -0.199121 0.311820
v -0.111155 -0.199752 0.315617
v -0.109381 -0.201951 0.315562
v -0.107117 -0.203624 0.315520
v -0.104486 -0.204646 0.315486
v -0.101696 -0.204947 0.315480
v -0.101332 -0.204359 0.311707
v -0.100341 -0.202636 0.308545
v -0.098877 -0.200053 0.306455
v -0.097162 -0.196998 0.305783
v -0.214626 -0.013884 0.309075
v -0.215071 -0.011018 0.309135
v -0.214754 -0.008137 0.309198
v -0.213715 -0.005431 0.309259
v -0.217202 -0.005542 0.309992
v -0.220156 -0.005650 0.312134
v -0.222132 -0.005729 0.315361
v -0.222832 -0.005764 0.319170
v -0.223842 -0.008407 0.319088
v -0.224161 -0.011210 0.319010
v -0.223736 -0.013998 0.318936
v -0.222604 -0.016570 0.318872
v -0.221912 -0.016595 0.315086
v -0.219924 -0.016597 0.311885
v -0.216967 -0.016579 0.309763
v -0.213452 -0.016536 0.309023
v -0.113711 0.176947 0.313673
v -0.111446 0.178768 0.313713
v -0.108793 0.179944 0.313749
v -0.105939 0.180385 0.313775
v -0.107784 0.183361 0.314595
v -0.109348 0.185876 0.316800
v -0.110410 0.187553 0.320070
v -0.110785 0.188141 0.323893
v -0.113581 0.187699 0.323852
v -0.116172 0.186568 0.323791
v -0.118368 0.184804 0.323723
v -0.120027 0.182528 0.323646
v -0.119699 0.181914 0.319850
v -0.118718 0.180191 0.316607
v -0.117203 0.177625 0.314414
v -0.115423 0.174604 0.313610
v 0.101799 0.184974 0.314955
v 0.104496 0.183937 0.314944
v 0.106824 0.182223 0.314924
v 0.108650 0.179966 0.314886
v 0.110294 0.183051 0.315719
v 0.111689 0.185677 0.317940
v 0.112616 0.187433 0.321220
v 0.112929 0.188066 0.325047
v 0.111160 0.190265 0.325070
v 0.108888 0.191935 0.325070
v 0.106260 0.192962 0.325057
v 0.103459 0.193264 0.325033
v 0.103092 0.192660 0.321233
v 0.102102 0.190945 0.317983
v 0.100635 0.188346 0.315772
v 0.098917 0.185288 0.314944
v 0.216386 0.002183 0.311652
v 0.216822 -0.000686 0.311594
v 0.216518 -0.003571 0.311530
v 0.215462 -0.006273 0.311468
v 0.218957 -0.006160 0.312250
v 0.221918 -0.006053 0.314427
v 0.223903 -0.005966 0.317668
v 0.224602 -0.005917 0.321498
v 0.225620 -0.003280 0.321540
v 0.225941 -0.000466 0.321569
v 0.225511 0.002316 0.321609
v 0.224381 0.004892 0.321636
v 0.223675 0.004902 0.317852
v 0.221686 0.004896 0.314635
v 0.218709 0.004870 0.312481
v 0.215219 0.004828 0.311701
v 0.110731 -0.191428 0.506399
v 0.113372 -0.190248 0.506441
v 0.115626 -0.188433 0.506499
v 0.117330 -0.186092 0.506562
v 0.119125 -0.189095 0.505740
v 0.120636 -0.191651 0.503530
v 0.121640 -0.193358 0.500263
v 0.121961 -0.193975 0.496439
v 0.120299 -0.196261 0.496403
v 0.118110 -0.198032 0.496374
v 0.115538 -0.199183 0.496357
v 0.112764 -0.199617 0.496345
v 0.112370 -0.199039 0.500142
v 0.111306 -0.197360 0.503379
v 0.109720 -0.194845 0.505575
v 0.107856 -0.191872 0.506383
v -0.104913 -0.193707 0.505242
v -0.102578 -0.195415 0.505213
v -0.099876 -0.196462 0.505207
v -0.096997 -0.196768 0.505215
v -0.098699 -0.199827 0.504378
v -0.100151 -0.202414 0.502158
v -0.101129 -0.204142 0.498876
v -0.101489 -0.204748 0.495045
v -0.104304 -0.204446 0.495061
v -0.106941 -0.203435 0.495090
v -0.109221 -0.201776 0.495139
v -0.110981 -0.199584 0.495194
v -0.110684 -0.198952 0.498991
v -0.109760 -0.197182 0.502243
v -0.108379 -0.194548 0.504449
v -0.106729 -0.191451 0.505281
v -0.214592 -0.007910 0.508634
v -0.214905 -0.010796 0.508566
v -0.214464 -0.013653 0.508510
v -0.213288 -0.016311 0.508463
v -0.216783 -0.016366 0.507678
v -0.219744 -0.016398 0.505499
v -0.221729 -0.016416 0.502261
v -0.222431 -0.016415 0.498440
v -0.223575 -0.013827 0.498504
v -0.224004 -0.011035 0.498577
v -0.223719 -0.008227 0.498666
v -0.222701 -0.005606 0.498747
v -0.222010 -0.005555 0.502536
v -0.220019 -0.005460 0.505749
v -0.217051 -0.005332 0.507925
v -0.213552 -0.005210 0.508690
v -0.108638 0.180166 0.513188
v -0.111294 0.178995 0.513149
v -0.113546 0.177176 0.513108
v -0.115249 0.174832 0.513038
v -0.117051 0.177835 0.512342
v -0.118558 0.180381 0.510220
v -0.119556 0.182092 0.507017
v -0.119898 0.182691 0.503215
v -0.118240 0.184977 0.503290
v -0.116041 0.186754 0.503362
v -0.113466 0.187899 0.503417
v -0.110697 0.188334 0.503466
v -0.110289 0.187764 0.507240
v -0.109226 0.186102 0.510417
v -0.107640 0.183588 0.512518
v -0.105779 0.180613 0.513217
v 0.106998 0.182448 0.514362
v 0.104657 0.184160 0.514383
v 0.101960 0.185203 0.514387
v 0.099079 0.185516 0.514380
v 0.100783 0.188569 0.513699
v 0.102227 0.191151 0.511602
v 0.103207 0.192873 0.508405
v 0.103563 0.193463 0.504606
v 0.106381 0.193164 0.504629
v 0.109001 0.192148 0.504646
v 0.111275 0.190492 0.504648
v 0.113044 0.188308 0.504622
v 0.112752 0.187682 0.508388
v 0.111840 0.185926 0.511560
v 0.110460 0.183291 0.513639
v 0.108817 0.180192 0.514319
v 0.216677 -0.003348 0.510971
v 0.216984 -0.000466 0.511037
v 0.216546 0.002400 0.511089
v 0.215375 0.005056 0.511136
v 0.218867 0.005103 0.510399
v 0.221836 0.005140 0.508250
v 0.223803 0.005150 0.505029
v 0.224492 0.005130 0.501221
v 0.225638 0.002544 0.501192
v 0.226076 -0.000243 0.501152
v 0.225787 -0.003049 0.501109
v 0.224775 -0.005676 0.501056
v 0.224079 -0.005724 0.504852
v 0.222103 -0.005806 0.508043
v 0.219127 -0.005925 0.510171
v 0.215633 -0.006050 0.510898
v 0.009315 -0.008483 0.310354
v 0.008875 -0.005664 0.310409
v 0.009177 -0.002823 0.310470
v 0.010210 -0.000157 0.310528
v 0.007375 0.000146 0.310525
v 0.004715 0.001167 0.310532
v 0.002411 0.002854 0.310557
v 0.000623 0.005078 0.310593
v -0.001067 0.002773 0.310538
v -0.003280 0.000980 0.310486
v -0.005887 -0.000174 0.310444
v -0.008708 -0.000609 0.310427
v -0.007553 -0.003222 0.310373
v -0.007120 -0.006046 0.310315
v -0.007422 -0.008881 0.310252
v -0.008454 -0.011544 0.310199
v -0.005622 -0.011855 0.310202
v -0.002952 -0.012881 0.310196
v -0.000655 -0.014561 0.310163
v 0.001126 -0.016782 0.310129
v 0.002809 -0.014477 0.310196
v 0.005036 -0.012689 0.310238
v 0.007645 -0.011537 0.310281
v 0.010467 -0.011093 0.310301
v 0.009345 -0.002599 0.509903
v 0.009042 -0.005437 0.509844
v 0.009479 -0.008257 0.509781
v 0.010626 -0.010871 0.509735
v 0.007814 -0.011311 0.509710
v 0.005200 -0.012460 0.509676
v 0.002977 -0.014256 0.509629
v 0.001294 -0.016563 0.509567
v -0.000491 -0.014337 0.509605
v -0.002801 -0.012656 0.509635
v -0.005455 -0.011629 0.509638
v -0.008291 -0.011318 0.509629
v -0.007261 -0.008661 0.509692
v -0.006955 -0.005818 0.509756
v -0.007388 -0.003002 0.509806
v -0.008547 -0.000389 0.509858
v -0.005730 0.000053 0.509884
v -0.003118 0.001204 0.509924
v -0.000893 0.003001 0.509974
v 0.000790 0.005310 0.510029
v 0.002574 0.003084 0.509989
v 0.004875 0.001399 0.509976
v 0.007545 0.000369 0.509955
v 0.010374 0.000065 0.509971
v 0.117264 -0.191656 0.307762
v 0.115026 -0.193458 0.307709
v 0.112383 -0.194622 0.307676
v 0.113952 -0.197134 0.309782
v 0.114982 -0.198807 0.312985
v 0.117580 -0.197666 0.313009
v 0.119789 -0.195895 0.313045
v 0.118783 -0.194192 0.309860
v 0.116557 -0.195976 0.309818
v -0.101731 -0.199743 0.306446
v -0.104408 -0.198705 0.306458
v -0.106739 -0.197006 0.306488
v -0.108138 -0.199606 0.308584
v -0.109062 -0.201339 0.311770
v -0.106783 -0.203022 0.311733
v -0.104141 -0.204053 0.311712
v -0.103176 -0.202333 0.308535
v -0.105835 -0.201294 0.308555
v -0.218121 -0.013946 0.309811
v -0.218560 -0.011096 0.309868
v -0.218245 -0.008235 0.309939
v -0.221185 -0.008317 0.312066
v -0.223170 -0.008381 0.315293
v -0.223472 -0.011209 0.315212
v -0.223046 -0.014011 0.315143
v -0.221073 -0.013983 0.311943
v -0.221507 -0.011164 0.312005
v -0.115508 0.179944 0.314479
v -0.113262 0.181751 0.314527
v -0.110630 0.182911 0.314569
v -0.112184 0.185434 0.316775
v -0.113219 0.187117 0.320034
v -0.115810 0.185969 0.319975
v -0.118021 0.184200 0.319921
v -0.117018 0.182491 0.316672
v -0.114785 0.184286 0.316720
v 0.103489 0.188042 0.315780
v 0.106175 0.186998 0.315771
v 0.108483 0.185296 0.315758
v 0.109896 0.187907 0.317974
v 0.110830 0.189650 0.321247
v 0.108543 0.191329 0.321259
v 0.105906 0.192357 0.321254
v 0.104925 0.190627 0.318000
v 0.107595 0.189600 0.317990
v 0.219882 0.002235 0.312424
v 0.220304 -0.000602 0.312378
v 0.220004 -0.003473 0.312302
v 0.222953 -0.003382 0.314488
v 0.224926 -0.003311 0.317726
v 0.225237 -0.000488 0.317767
v 0.224817 0.002312 0.317815
v 0.222837 0.002288 0.314592
v 0.223269 -0.000538 0.314532
v 0.112550 -0.194399 0.505598
v 0.115180 -0.193231 0.505632
v 0.117430 -0.191424 0.505677
v 0.118949 -0.193955 0.503475
v 0.119958 -0.195655 0.500226
v 0.117748 -0.197450 0.500184
v 0.115158 -0.198601 0.500160
v 0.114117 -0.196920 0.503398
v 0.116727 -0.195759 0.503437
v -0.106576 -0.196788 0.504411
v -0.104244 -0.198486 0.504383
v -0.101563 -0.199525 0.504380
v -0.103003 -0.202113 0.502154
v -0.103961 -0.203839 0.498887
v -0.106608 -0.202822 0.498902
v -0.108904 -0.201157 0.498944
v -0.107969 -0.199402 0.502196
v -0.105661 -0.201079 0.502166
v -0.218087 -0.008019 0.507852
v -0.218392 -0.010885 0.507789
v -0.217948 -0.013731 0.507733
v -0.220908 -0.013782 0.505559
v -0.222882 -0.013813 0.502322
v -0.223319 -0.011012 0.502387
v -0.223022 -0.008193 0.502465
v -0.221049 -0.008114 0.505691
v -0.221339 -0.010961 0.505619
v -0.110476 0.183136 0.512489
v -0.113098 0.181972 0.512445
v -0.115342 0.180160 0.512397
v -0.116863 0.182699 0.510291
v -0.117885 0.184387 0.507090
v -0.115678 0.186175 0.507155
v -0.113087 0.187332 0.507205
v -0.112039 0.185651 0.510385
v -0.114643 0.184499 0.510336
v 0.108658 0.185527 0.513676
v 0.106328 0.187222 0.513705
v 0.103654 0.188258 0.513708
v 0.105076 0.190845 0.511609
v 0.106032 0.192564 0.508427
v 0.108689 0.191546 0.508426
v 0.110977 0.189886 0.508414
v 0.110048 0.188139 0.511593
v 0.107733 0.189822 0.511612
v 0.220163 -0.003241 0.510236
v 0.220476 -0.000379 0.510291
v 0.220032 0.002471 0.510346
v 0.222984 0.002519 0.508209
v 0.224945 0.002542 0.504999
v 0.225397 -0.000261 0.504945
v 0.225096 -0.003080 0.504897
v 0.223123 -0.003149 0.508101
v 0.223423 -0.000312 0.508157
v 0.005770 -0.008527 0.310328
v 0.004712 -0.005762 0.310383
v 0.005645 -0.002951 0.310449
v 0.002715 -0.002479 0.310451
v 0.000746 -0.000277 0.310486
v -0.001124 -0.002570 0.310423
v -0.004015 -0.003180 0.310396
v -0.002965 -0.005943 0.310341
v -0.003873 -0.008757 0.310273
v -0.000969 -0.009225 0.310284
v 0.001005 -0.011430 0.310246
v 0.002870 -0.009139 0.310309
v 0.000876 -0.005855 0.310365
v 0.005799 -0.002729 0.509881
v 0.004879 -0.005531 0.509826
v 0.005938 -0.008303 0.509764
v 0.003034 -0.008912 0.509745
v 0.001171 -0.011208 0.509680
v -0.000808 -0.009007 0.509719
v -0.003715 -0.008532 0.509711
v -0.002802 -0.005720 0.509772
v -0.003848 -0.002953 0.509835
v -0.000964 -0.002344 0.509860
v 0.000915 -0.000052 0.509919
v 0.002885 -0.002246 0.509881
v 0.001037 -0.005627 0.509803
vn 0.3086 0.9512 -0.0000
vn 0.2874 0.6676 -0.6868
vn 0.3967 0.2461 -0.8843
vn -0.5351 0.6033 0.5914
vn 0.4549 0.6658 -0.5914
vn -0.5351 0.6033 -0.5914
vn 0.7992 0.1074 0.5914
vn 0.5919 -0.4223 -0.6866
vn 0.7992 0.1074 -0.5914
vn -0.1050 0.9945 -0.0000
vn -0.0088 0.7266 -0.6870
vn 0.2623 0.3862 -0.8843
vn 0.1411 0.7120 0.6879
vn 0.6559 0.4691 -0.5914
vn 0.1419 0.7122 -0.6875
vn 0.7900 0.1618 0.5914
vn 0.3491 -0.7269 -0.5914
vn 0.7900 0.1618 -0.5914
vn 0.2434 -0.7688 0.5914
vn -0.6864 -0.4232 -0.5914
vn 0.2434 -0.7688 -0.5914
vn 0.1050 -0.9945 -0.0000
vn 0.0088 -0.7266 -0.6870
vn -0.2623 -0.3862 -0.8843
vn -0.6376 0.7704 -0.0000
vn -0.0233 0.8060 -0.5914
vn -0.7875 0.1736 -0.5914
vn 0.7098 0.1576 0.6865
vn 0.3159 0.3437 -0.8843
vn 0.7100 0.1562 -0.6867
vn 0.5834 0.5567 0.5914
vn 0.7271 0.0063 -0.6866
vn 0.5834 0.5567 -0.5914
vn 0.4556 -0.1018 0.8843
vn 0.1762 0.4323 -0.8843
vn 0.4556 -0.1018 -0.8843
vn -0.1607 0.7079 0.6878
vn 0.4084 0.6953 -0.5914
vn -0.1601 0.7083 -0.6875
vn 0.7738 -0.2269 0.5914
vn 0.3691 -0.6267 -0.6864
vn 0.7738 -0.2269 -0.5914
vn 0.6559 0.4691 0.5914
vn 0.6146 -0.5220 -0.5914
vn 0.9893 -0.1459 -0.0000
vn 0.3088 -0.3501 -0.8843
vn 0.1397 -0.4455 0.8843
vn 0.4625 0.0635 -0.8843
vn 0.1397 -0.4455 -0.8843
vn 0.6871 0.2338 0.6879
vn 0.7342 -0.3335 -0.5914
vn 0.6877 0.2331 -0.6876
vn 0.3567 -0.3012 0.8843
vn 0.7237 -0.0670 -0.6868
vn 0.3567 -0.3012 -0.8843
vn 0.2862 -0.3688 0.8843
vn 0.6940 -0.2160 -0.6868
vn 0.2862 -0.3688 -0.8843
vn -0.5834 -0.5567 0.5914
vn -0.7272 -0.0063 -0.6864
vn -0.5834 -0.5567 -0.5914
vn -0.6864 -0.4232 0.5914
vn -0.7124 0.1450 -0.6866
vn -0.4913 0.5359 0.6866
vn -0.4556 0.1018 -0.8843
vn -0.4903 0.5367 -0.6867
vn 0.1610 -0.7079 0.6877
vn -0.4084 -0.6953 -0.5914
vn 0.1601 -0.7083 -0.6875
vn -0.2309 0.6894 0.6866
vn -0.3748 0.2783 -0.8843
vn -0.2296 0.6897 -0.6867
vn -0.3368 -0.3232 0.8843
vn -0.1424 -0.7125 -0.6870
vn -0.3368 -0.3232 -0.8843
vn -0.3967 -0.2461 0.8843
vn -0.2875 -0.6673 -0.6870
vn -0.3967 -0.2461 -0.8843
vn -0.4392 -0.1583 0.8843
vn -0.4199 -0.5930 -0.6870
vn -0.4392 -0.1583 -0.8843
vn -0.4625 -0.0635 0.8843
vn -0.5341 -0.4927 -0.6870
vn -0.4625 -0.0635 -0.8843
vn 0.5921 0.8059 -0.0000
vn 0.4819 0.5446 -0.6865
vn -0.7208 -0.0859 0.6878
vn -0.6488 0.4789 -0.5914
vn -0.7212 -0.0852 -0.6875
vn 0.3066 0.7458 0.5914
vn 0.6616 0.3015 -0.6866
vn 0.3066 0.7458 -0.5914
vn -0.7240 0.0657 0.6867
vn -0.7229 0.0664 -0.6877
vn 0.4549 0.6658 0.5914
vn 0.3159 0.3437 0.8843
vn -0.2862 0.3688 -0.8843
vn -0.3980 0.7013 0.5914
vn -0.3980 0.7013 -0.5914
vn -0.6339 0.3541 0.6876
vn -0.2434 0.7688 -0.5914
vn -0.6335 0.3550 -0.6875
vn 0.7125 -0.1448 0.6866
vn 0.4284 0.1855 -0.8843
vn 0.7121 -0.1461 -0.6867
vn 0.4576 0.0923 0.8843
vn -0.0148 0.4666 -0.8843
vn 0.4576 0.0923 -0.8843
vn 0.0903 0.8013 0.5914
vn 0.0903 0.8013 -0.5914
vn 0.5919 -0.4222 0.6866
vn 0.4668 -0.0048 -0.8843
vn 0.1762 0.4323 0.8843
vn 0.4084 0.6953 0.5914
vn 0.7097 -0.3829 0.5914
vn 0.2307 -0.6895 -0.6866
vn 0.7097 -0.3829 -0.5914
vn 0.6146 -0.5220 0.5914
vn 0.0822 -0.7226 -0.6864
vn 0.2860 0.6671 0.6878
vn 0.7391 0.3225 -0.5914
vn -0.0696 -0.7237 0.6866
vn 0.2292 -0.4067 -0.8843
vn -0.0708 -0.7235 -0.6867
vn 0.4184 0.5943 0.6868
vn 0.4189 0.5929 -0.6877
vn -0.2198 -0.6930 0.6866
vn -0.2199 -0.6929 -0.6867
vn 0.4625 0.0635 0.8843
vn 0.5341 0.4930 -0.6868
vn 0.1904 -0.7836 0.5914
vn -0.3581 -0.6327 -0.6866
vn 0.1904 -0.7836 -0.5914
vn -0.0536 -0.4638 0.8843
vn 0.4483 -0.1301 -0.8843
vn -0.0536 -0.4637 -0.8843
vn -0.1448 -0.7933 0.5914
vn -0.5845 -0.4323 -0.6866
vn -0.1448 -0.7933 -0.5914
vn 0.7209 0.0861 0.6877
vn 0.6488 -0.4788 -0.5914
vn 0.7212 0.0852 -0.6875
vn -0.2376 -0.4019 0.8843
vn -0.2376 -0.4019 -0.8843
vn 0.7230 -0.0656 0.6877
vn 0.5351 -0.6033 -0.5914
vn -0.7098 -0.1574 0.6865
vn -0.3159 -0.3437 -0.8843
vn -0.7100 -0.1562 -0.6867
vn 0.2033 -0.4202 0.8843
vn 0.6336 -0.3557 -0.6870
vn 0.2033 -0.4202 -0.8843
vn 0.1115 -0.4533 0.8843
vn 0.5459 -0.4796 -0.6870
vn 0.1115 -0.4533 -0.8843
vn -0.7594 -0.2712 0.5914
vn -0.6669 0.2900 -0.6864
vn -0.7594 -0.2712 -0.5914
vn -0.4576 -0.0923 0.8843
vn 0.0148 -0.4666 -0.8843
vn -0.4576 -0.0923 -0.8843
vn -0.2549 -0.7650 0.5914
vn -0.8041 0.0611 -0.5914
vn -0.2549 -0.7650 -0.5914
vn -0.4084 -0.6953 0.5914
vn -0.7738 0.2269 -0.5914
vn -0.7097 0.3829 0.5914
vn -0.7097 0.3829 -0.5914
vn -0.0823 0.7224 0.6866
vn -0.3088 0.3501 -0.8843
vn -0.0811 0.7224 -0.6867
vn -0.4926 0.6384 0.5914
vn 0.0698 0.7238 -0.6865
vn -0.4926 0.6384 -0.5914
vn -0.2292 0.4067 0.8843
vn -0.2292 0.4067 -0.8843
vn -0.7900 -0.1617 0.5914
vn -0.3491 0.7269 -0.5914
vn -0.7900 -0.1618 -0.5914
vn -0.1397 0.4455 0.8843
vn -0.1397 0.4455 -0.8843
vn -0.8064 0.0060 0.5914
vn -0.1904 0.7836 -0.5914
vn -0.8064 0.0060 -0.5914
vn -0.7342 0.3335 0.5914
vn 0.1448 0.7933 -0.5914
vn -0.7342 0.3335 -0.5914
vn -0.4115 0.2205 0.8843
vn -0.4115 0.2205 -0.8843
vn -0.6488 0.4788 0.5914
vn -0.6945 0.2148 0.6867
vn -0.6934 0.2152 -0.6876
vn 0.7270 0.0063 0.6866
vn 0.3805 0.2705 -0.8843
vn -0.2434 0.7688 0.5914
vn 0.6864 0.4232 -0.5914
vn -0.5473 0.4783 0.6868
vn -0.0783 0.8026 0.5914
vn -0.5458 0.4786 -0.6877
vn -0.0148 0.4666 0.8843
vn -0.4348 0.5815 0.6877
vn 0.4668 -0.0048 0.8843
vn 0.0825 0.4595 -0.8843
vn 0.2549 0.7650 0.5914
vn 0.8041 -0.0611 -0.5914
vn 0.2549 0.7650 -0.5914
vn 0.4903 -0.5369 0.6866
vn 0.4901 -0.5370 -0.6867
vn 0.3691 -0.6266 0.6865
vn 0.4258 -0.9048 -0.0000
vn 0.3368 0.3232 0.8843
vn 0.3368 0.3232 -0.8843
vn 0.4926 -0.6384 0.5914
vn 0.4926 -0.6384 -0.5914
vn 0.4392 0.1583 0.8843
vn 0.4392 0.1583 -0.8843
vn 0.8064 -0.0060 0.5914
vn 0.8064 -0.0060 -0.5914
vn -0.3580 -0.6327 0.6866
vn 0.0440 -0.4648 -0.8843
vn 0.4656 -0.0340 0.8843
vn 0.6237 0.3713 0.6878
vn 0.4656 -0.0340 -0.8843
vn 0.7875 -0.1736 0.5914
vn 0.0233 -0.8060 0.5914
vn 0.6376 -0.7704 -0.0000
vn 0.4483 -0.1301 0.8843
vn -0.1488 -0.4425 0.8843
vn 0.4115 -0.2205 0.8843
vn -0.1488 -0.4425 -0.8843
vn -0.3159 -0.3437 0.8843
vn -0.7124 0.1450 0.6866
vn -0.4284 -0.1855 -0.8843
vn 0.5471 -0.4787 0.6867
vn 0.0783 -0.8026 0.5914
vn 0.4350 -0.5812 0.6877
vn -0.0903 -0.8013 -0.5914
vn 0.4343 -0.5820 -0.6875
vn -0.4668 0.0048 0.8843
vn -0.0825 -0.4595 -0.8843
vn -0.4668 0.0048 -0.8843
vn 0.3054 -0.6595 0.6868
vn 0.3039 -0.6592 -0.6878
vn -0.8041 0.0611 0.5914
vn -0.4556 0.1018 0.8843
vn -0.1762 -0.4323 0.8843
vn -0.3692 0.6265 0.6864
vn -0.4258 0.9048 -0.0000
vn -0.3675 0.6272 -0.6867
vn 0.0095 -0.7259 0.6878
vn 0.0709 0.7234 0.6867
vn -0.5332 -0.4942 0.6866
vn -0.0440 0.4648 0.8843
vn -0.4656 0.0340 -0.8843
vn -0.0440 0.4648 -0.8843
vn 0.4818 0.5445 0.6866
vn 0.0536 0.4637 -0.8843
vn -0.6881 -0.2345 0.6867
vn -0.6874 -0.2334 -0.6877
vn 0.1448 0.7933 0.5914
vn 0.5842 0.4324 0.6868
vn 0.3805 0.2705 0.8843
vn -0.2033 0.4202 0.8843
vn 0.6864 0.4232 0.5914
vn -0.1115 0.4533 0.8843
vn -0.1115 0.4533 -0.8843
vn 0.0825 0.4595 0.8843
vn -0.3043 0.6591 0.6878
vn 0.2623 0.3862 0.8843
vn -0.0098 0.7259 0.6878
vn 0.3967 0.2461 0.8843
vn 0.3491 -0.7269 0.5914
vn 0.0440 -0.4648 0.8843
vn -0.3066 -0.7458 0.5914
vn -0.6613 -0.3015 0.6868
vn -0.3066 -0.7458 -0.5914
vn 0.3980 -0.7013 0.5914
vn 0.3980 -0.7013 -0.5914
vn 0.6347 -0.3545 0.6867
vn -0.4284 -0.1855 0.8843
vn -0.6661 0.2909 0.6867
vn -0.7738 0.2269 0.5914
vn -0.2623 -0.3862 0.8843
vn -0.3748 0.2783 0.8843
vn -0.6559 -0.4691 0.5914
vn -0.6146 0.5220 0.5914
vn -0.6559 -0.4691 -0.5914
vn -0.2862 -0.6682 0.6867
vn -0.7391 -0.3225 0.5914
vn -0.4189 -0.5942 0.6867
vn -0.3491 0.7269 0.5914
vn 0.2184 0.6932 0.6868
vn -0.0233 0.8060 0.5914
vn 0.0536 0.4637 0.8843
vn -0.4483 0.1301 0.8843
vn 0.2376 0.4019 0.8843
vn -0.3567 0.3012 0.8843
vn 0.2376 0.4019 -0.8843
vn 0.8041 -0.0611 0.5914
vn -0.7269 -0.0051 0.6867
vn -0.3805 -0.2705 0.8843
vn -0.0903 -0.8013 0.5914
vn -0.7992 -0.1074 0.5914
vn -0.0825 -0.4595 0.8843
vn -0.1410 -0.7132 0.6867
vn -0.3088 0.3501 0.8843
vn -0.4656 0.0340 0.8843
vn -0.6239 -0.3710 0.6878
vn -0.7875 0.1735 0.5914
vn 0.4245 -0.1943 0.8843
vn 0.9631 0.2691 -0.0000
vn 0.5351 -0.6033 0.5914
vn -0.4549 -0.6658 0.5914
vn -0.4245 0.1943 0.8843
vn -0.9631 -0.2691 -0.0000
vn -0.3410 -0.6055 -0.7191
vn -0.2758 -0.6379 0.7191
vn -0.2758 -0.6378 -0.7191
vn -0.0074 0.6949 -0.7191
vn -0.0800 0.6903 0.7191
vn -0.0800 0.6903 -0.7191
vn 0.4024 0.5666 -0.7191
vn 0.3410 0.6055 0.7191
vn 0.3410 0.6055 -0.7191
vn 0.4705 -0.5114 -0.7191
vn 0.5214 -0.4595 0.7191
vn 0.5214 -0.4595 -0.7191
vn 0.0074 -0.6949 -0.7191
vn 0.0800 -0.6903 0.7191
vn 0.0800 -0.6903 -0.7191
vn -0.2077 -0.6632 -0.7191
vn -0.1372 -0.6813 0.7191
vn -0.1372 -0.6813 -0.7191
vn -0.6318 -0.2894 -0.7191
vn -0.5981 -0.3539 0.7191
vn -0.5981 -0.3539 -0.7191
vn -0.6782 -0.1518 -0.7191
vn -0.6586 -0.2218 0.7191
vn -0.6586 -0.2218 -0.7191
vn -0.4145 0.5578 -0.7191
vn -0.4705 0.5114 0.7191
vn -0.4705 0.5114 -0.7191
vn 0.6318 0.2894 -0.7191
vn 0.5981 0.3539 0.7191
vn 0.5981 0.3539 -0.7191
vn 0.6919 -0.0652 -0.7191
vn 0.6949 0.0074 0.7191
vn 0.6949 0.0074 -0.7191
vn 0.6055 -0.3410 -0.7191
vn 0.6379 -0.2758 0.7191
vn 0.6378 -0.2758 -0.7191
vn 0.2894 -0.6318 -0.7191
vn 0.3539 -0.5981 0.7191
vn 0.3539 -0.5981 -0.7191
vn -0.0652 -0.6919 -0.7191
vn 0.0074 -0.6949 0.7191
vn -0.4595 -0.5214 -0.7191
vn -0.4024 -0.5666 0.7191
vn -0.4024 -0.5666 -0.7191
vn -0.6949 -0.0074 -0.7191
vn -0.6903 -0.0800 0.7191
vn -0.6903 -0.0800 -0.7191
vn -0.6813 0.1372 -0.7191
vn -0.6919 0.0652 0.7191
vn -0.6919 0.0652 -0.7191
vn -0.6379 0.2758 -0.7191
vn -0.6632 0.2077 0.7191
vn -0.6632 0.2077 -0.7191
vn -0.5214 0.4595 0.7191
vn -0.5666 0.4024 0.7191
vn -0.5666 0.4024 -0.7191
vn -0.1518 0.6782 -0.7191
vn -0.2218 0.6586 0.7191
vn -0.2218 0.6586 -0.7191
vn 0.2758 0.6378 0.7191
vn 0.2758 0.6378 -0.7191
vn 0.5578 0.4145 0.7191
vn 0.5578 0.4145 -0.7191
vn 0.6782 0.1518 -0.7191
vn 0.6586 0.2218 0.7191
vn 0.6586 0.2218 -0.7191
vn 0.6903 0.0800 0.7191
vn 0.6903 0.0800 -0.7191
vn 0.6632 -0.2077 0.7191
vn 0.6632 -0.2077 -0.7191
vn 0.5666 -0.4024 0.7191
vn 0.5666 -0.4024 -0.7191
vn 0.4145 -0.5578 0.7191
vn 0.4705 -0.5114 0.7191
vn 0.1518 -0.6782 0.7191
vn 0.1518 -0.6782 -0.7191
vn -0.0652 -0.6919 0.7191
vn -0.6055 0.3410 0.7191
vn -0.6378 0.2758 0.7191
vn -0.2894 0.6318 0.7191
vn -0.3539 0.5981 0.7191
vn -0.3539 0.5981 -0.7191
vn -0.1518 0.6782 0.7191
vn 0.1372 0.6813 0.7191
vn 0.0652 0.6919 0.7191
vn 0.0652 0.6919 -0.7191
vn 0.6318 0.2894 0.7191
vn 0.6782 0.1518 0.7191
vn -0.2077 -0.6632 0.7191
vn -0.3410 -0.6055 0.7191
vn -0.5114 -0.4705 0.7191
vn -0.4595 -0.5214 0.7191
vn -0.6318 -0.2894 0.7191
vn -0.6949 -0.0074 0.7191
vn -0.6813 0.1372 0.7191
vn -0.0074 0.6949 0.7191
vn 0.5114 0.4705 0.7191
vn 0.4595 0.5214 0.7191
vn 0.4595 0.5214 -0.7191
vn 0.6813 -0.1372 0.7191
vn 0.6813 -0.1372 -0.7191
vn 0.6055 -0.3410 0.7191
vn -0.6782 -0.1518 0.7191
vn 0.4024 0.5666 0.7191
vn -0.2033 0.4202 -0.8843
vn 0.6655 -0.2906 -0.6875
vn -0.0783 0.8026 -0.5914
vn 0.7594 0.2712 -0.5914
vn -0.4356 0.5818 -0.6868
vn -0.3052 0.6597 -0.6868
vn 0.4245 -0.1943 -0.8843
vn 0.3748 -0.2783 -0.8843
vn 0.5440 0.5952 -0.5914
vn 0.6242 0.3725 -0.6868
vn -0.4820 -0.5432 -0.6874
vn 0.0233 -0.8060 -0.5914
vn 0.7875 -0.1735 -0.5914
vn 0.4115 -0.2205 -0.8843
vn -0.6613 -0.3002 -0.6874
vn -0.4549 -0.6658 -0.5914
vn -0.3805 -0.2705 -0.8843
vn 0.0783 -0.8026 -0.5914
vn -0.5905 0.4227 -0.6875
vn -0.7992 -0.1074 -0.5914
vn -0.4245 0.1943 -0.8843
vn -0.1762 -0.4323 -0.8843
vn -0.5440 -0.5952 -0.5914
vn -0.6146 0.5220 -0.5914
vn -0.7391 -0.3225 -0.5914
vn 0.2194 0.6923 -0.6875
vn 0.3586 0.6315 -0.6875
vn -0.6249 -0.3722 -0.6863
vn 0.1488 0.4425 -0.8843
vn -0.4483 0.1301 -0.8843
vn 0.5844 0.4311 -0.6874
vn -0.9024 -0.4310 -0.0000
vn 0.0210 -0.9998 -0.0000
vn -0.3567 0.3012 -0.8843
vn 0.7594 0.2712 0.5914
vn 0.6666 -0.2900 0.6867
vn 0.5440 0.5952 0.5914
vn 0.9024 0.4310 -0.0000
vn -0.4818 -0.5443 0.6867
vn 0.7342 -0.3335 0.5914
vn -0.5440 -0.5952 0.5914
vn 0.1488 0.4425 0.8843
vn -0.2862 0.3688 0.8843
vn 0.2295 -0.6898 0.6867
vn 0.3748 -0.2783 0.8843
vn 0.0821 -0.7225 0.6865
vn 0.7391 0.3225 0.5914
vn 0.2292 -0.4067 0.8843
vn 0.5333 0.4941 0.6867
vn -0.5850 -0.4314 0.6868
vn 0.0148 -0.4666 0.8843
vn -0.5918 0.4222 0.6866
vn -0.1904 0.7836 0.5914
vn 0.3581 0.6327 0.6867
vn 0.4284 0.1855 0.8843
vn 0.3088 -0.3501 0.8843
vn 0.6488 -0.4788 0.5914
vn 0.6945 -0.2148 0.6867
vn 0.6620 0.3004 0.6867
vn -0.5114 -0.4705 -0.7191
vn -0.5578 -0.4145 -0.7191
vn -0.5578 -0.4145 0.7191
vn -0.5214 0.4595 -0.7191
vn 0.4145 -0.5578 -0.7191
vn -0.6055 0.3410 -0.7191
vn -0.2894 0.6318 -0.7191
vn 0.1372 0.6813 -0.7191
vn 0.2077 0.6632 -0.7191
vn 0.2077 0.6632 0.7191
vn 0.5114 0.4705 -0.7191
vn 0.2894 -0.6318 0.7191
vn 0.2218 -0.6586 -0.7191
vn 0.2218 -0.6586 0.7191
vn -0.4145 0.5578 0.7191
vn 0.6919 -0.0652 0.7191
vn -0.0111 0.9999 -0.0000
vn -0.0000 -0.0000 -1.0000
vn -0.0072 -1.0000 -0.0000
vn -0.0000 -0.0000 1.0000
vn 1.0000 0.0019 -0.0000
vn -1.0000 -0.0019 -0.0000
vn -0.0011 -1.0000 -0.0000
vn -0.0576 -0.9983 -0.0000
vn -0.0576 -0.9983 -0.0001
vn -0.0050 1.0000 -0.0000
vn -0.0615 0.9981 -0.0000
vn -0.0621 0.9981 0.0001
vn -0.0582 -0.9983 -0.0000
vn -0.0073 -1.0000 -0.0000
vn -0.3220 -0.9467 -0.0000
vn -0.3257 0.9455 -0.0000
vn -0.2648 -0.9643 0.0001
vn -0.2643 -0.9644 -0.0000
vn -0.2680 0.9634 -0.0000
vn -0.2685 0.9633 -0.0000
vn -0.2648 -0.9643 -0.0000
vn -0.0621 0.9981 -0.0000
vn -0.2647 -0.9643 -0.0000
vn -0.2681 0.9634 -0.0000
vn -0.0074 -1.0000 -0.0000
vn 0.9517 -0.3072 -0.0000
vn 0.8102 -0.5862 -0.0000
vn 0.5894 -0.8079 -0.0000
vn 0.3109 -0.9505 -0.0000
vn 0.0019 -1.0000 -0.0000
vn -0.3072 -0.9517 -0.0000
vn -0.5862 -0.8102 -0.0000
vn -0.8079 -0.5894 -0.0000
vn -0.9505 -0.3109 -0.0000
vn -0.9517 0.3072 -0.0000
vn -0.8102 0.5862 -0.0000
vn -0.5894 0.8079 -0.0000
vn -0.3109 0.9505 -0.0000
vn -0.0019 1.0000 -0.0000
vn 0.3072 0.9517 -0.0000
vn 0.5862 0.8102 -0.0000
vn 0.8079 0.5894 -0.0000
vn 0.9505 0.3109 -0.0000
vn -0.8079 -0.5893 -0.0000
vn 0.5893 -0.8079 -0.0000
vn -0.0206 0.2057 0.9784
vn -0.0625 0.2006 0.9777
vn -0.0072 -0.0216 0.9997
vn -0.0075 -0.0209 0.9998
vn -0.1183 0.1647 0.9792
vn -0.0050 -0.0212 0.9998
vn -0.1715 0.1306 0.9765
vn -0.0048 -0.0212 0.9998
vn -0.1967 0.0972 0.9756
vn -0.0049 -0.0211 0.9998
vn -0.1492 0.9777 0.1480
vn -0.1411 0.9257 0.3510
vn 0.0964 0.9304 0.3535
vn 0.1027 0.9836 0.1481
vn -0.1118 0.7222 0.6826
vn 0.0726 0.7248 0.6851
vn -0.0600 0.3721 0.9263
vn 0.0332 0.3712 0.9279
vn -0.0012 0.2049 0.9788
vn -0.8020 0.5782 0.1499
vn -0.7136 0.6826 0.1576
vn -0.7115 0.6853 -0.1556
vn -0.7994 0.5826 -0.1471
vn -0.5136 0.8424 0.1632
vn -0.5144 0.8421 -0.1620
vn -0.2814 0.9467 0.1569
vn -0.2821 0.9465 -0.1568
vn -0.1485 0.9776 -0.1490
vn -0.3216 0.2086 0.9236
vn -0.3680 0.1274 0.9211
vn -0.2075 0.0787 0.9751
vn -0.6023 0.4183 0.6799
vn -0.6896 0.2572 0.6769
vn -0.7624 0.5439 0.3505
vn -0.8744 0.3349 0.3513
vn -0.9224 0.3564 0.1490
vn 0.1823 0.1057 0.9775
vn 0.1554 0.1388 0.9781
vn -0.0053 -0.0196 0.9998
vn -0.0046 -0.0197 0.9998
vn 0.0998 0.1685 0.9806
vn -0.0053 -0.0215 0.9998
vn 0.0426 0.1988 0.9791
vn -0.0068 -0.0225 0.9997
vn 0.7737 0.6160 0.1481
vn 0.7361 0.5802 0.3487
vn 0.8574 0.3737 0.3540
vn 0.9049 0.3989 0.1484
vn 0.5800 0.4486 0.6799
vn 0.6714 0.2855 0.6839
vn 0.3053 0.2252 0.9252
vn 0.3526 0.1410 0.9251
vn 0.1931 0.0880 0.9772
vn 0.2394 0.9582 0.1570
vn 0.2337 0.9594 -0.1578
vn 0.1021 0.9836 -0.1488
vn 0.4785 0.8630 0.1624
vn 0.4687 0.8682 -0.1631
vn 0.6832 0.7132 0.1570
vn 0.6754 0.7205 -0.1573
vn 0.7707 0.6196 -0.1490
vn 0.1970 -0.1179 0.9733
vn 0.2129 -0.0791 0.9739
vn -0.0052 -0.0213 0.9998
vn 0.2117 -0.0163 0.9772
vn -0.0057 -0.0221 0.9997
vn 0.2100 0.0481 0.9765
vn -0.0050 -0.0207 0.9998
vn 0.9201 -0.3628 0.1476
vn 0.8705 -0.3506 0.3455
vn 0.7523 -0.5574 0.3512
vn 0.7985 -0.5831 0.1496
vn 0.6826 -0.2844 0.6732
vn 0.5867 -0.4450 0.6766
vn 0.3585 -0.1619 0.9194
vn 0.3062 -0.2459 0.9196
vn 0.1854 -0.1373 0.9730
vn 0.9510 0.2666 0.1566
vn 0.9472 0.2795 -0.1570
vn 0.9021 0.4052 -0.1487
vn 0.9868 0.0142 0.1613
vn 0.9862 0.0310 -0.1625
vn 0.9590 -0.2368 0.1559
vn 0.9625 -0.2209 -0.1572
vn 0.9227 -0.3554 -0.1492
vn 0.0111 -0.2451 0.9694
vn 0.0532 -0.2402 0.9693
vn -0.0059 -0.0207 0.9998
vn -0.0057 -0.0204 0.9998
vn 0.1081 -0.2052 0.9727
vn -0.0065 -0.0210 0.9998
vn 0.1613 -0.1718 0.9718
vn -0.0049 -0.0208 0.9998
vn 0.1488 -0.9776 0.1486
vn 0.1370 -0.9287 0.3447
vn -0.0999 -0.9317 0.3493
vn -0.1034 -0.9832 0.1505
vn 0.1047 -0.7364 0.6684
vn -0.0801 -0.7371 0.6710
vn 0.0524 -0.4042 0.9132
vn -0.0437 -0.4013 0.9149
vn -0.0108 -0.2440 0.9697
vn 0.7073 -0.6890 0.1579
vn 0.7176 -0.6787 -0.1563
vn 0.8037 -0.5764 -0.1477
vn 0.5073 -0.8462 0.1631
vn 0.5195 -0.8390 -0.1617
vn 0.2769 -0.9480 0.1567
vn 0.2867 -0.9453 -0.1555
vn 0.1518 -0.9773 -0.1479
vn -0.1913 -0.1474 0.9704
vn -0.1656 -0.1789 0.9698
vn -0.0038 -0.0215 0.9998
vn -0.0048 -0.0211 0.9998
vn -0.1090 -0.2092 0.9718
vn -0.0046 -0.0209 0.9998
vn -0.0517 -0.2389 0.9697
vn -0.0044 -0.0202 0.9998
vn -0.7708 -0.6191 0.1501
vn -0.7311 -0.5869 0.3478
vn -0.8542 -0.3855 0.3490
vn -0.9026 -0.4033 0.1509
vn -0.5746 -0.4679 0.6715
vn -0.6703 -0.3119 0.6733
vn -0.3075 -0.2594 0.9155
vn -0.3577 -0.1790 0.9165
vn -0.2031 -0.1283 0.9707
vn -0.2394 -0.9579 0.1584
vn -0.2351 -0.9593 -0.1564
vn -0.1014 -0.9839 -0.1475
vn -0.4749 -0.8647 0.1637
vn -0.4710 -0.8672 -0.1613
vn -0.6793 -0.7166 0.1580
vn -0.6786 -0.7179 -0.1550
vn -0.7729 -0.6174 -0.1464
vn -0.2236 0.0388 0.9739
vn -0.0055 -0.0212 0.9998
vn -0.2217 -0.0257 0.9748
vn -0.0056 -0.0212 0.9998
vn -0.2205 -0.0889 0.9713
vn -0.0048 -0.0213 0.9998
vn -0.9480 -0.2756 0.1593
vn -0.9494 -0.2726 -0.1557
vn -0.9047 -0.4000 -0.1468
vn -0.9861 -0.0224 0.1645
vn -0.9866 -0.0224 -0.1616
vn -0.9609 0.2277 0.1577
vn -0.9602 0.2312 -0.1569
vn -0.9205 0.3615 -0.1485
vn -0.1865 0.1388 -0.9726
vn -0.1628 0.1738 -0.9712
vn 0.0044 0.0202 -0.9998
vn 0.0055 0.0216 -0.9998
vn -0.1073 0.2052 -0.9728
vn 0.0044 0.0212 -0.9998
vn -0.0539 0.2362 -0.9702
vn 0.0063 0.0214 -0.9998
vn -0.0120 0.2427 -0.9700
vn 0.0052 0.0211 -0.9998
vn -0.7563 0.5540 -0.3481
vn -0.8708 0.3464 -0.3489
vn -0.5913 0.4432 -0.6738
vn -0.6812 0.2809 -0.6760
vn -0.3114 0.2471 -0.9176
vn -0.3566 0.1631 -0.9199
vn -0.1970 0.1199 -0.9730
vn -0.0535 0.3997 -0.9151
vn 0.0409 0.4051 -0.9134
vn 0.0099 0.2448 -0.9695
vn -0.1065 0.7336 -0.6711
vn 0.0748 0.7405 -0.6679
vn -0.1392 0.9272 -0.3479
vn 0.0948 0.9335 -0.3458
vn 0.0519 0.2405 -0.9693
vn 0.0055 0.0213 -0.9998
vn 0.1080 0.2097 -0.9718
vn 0.0050 0.0206 -0.9998
vn 0.1631 0.1795 -0.9701
vn 0.0055 0.0209 -0.9998
vn 0.1911 0.1464 -0.9706
vn 0.0053 0.0211 -0.9998
vn 0.3065 0.2593 -0.9159
vn 0.3602 0.1807 -0.9152
vn 0.2027 0.1283 -0.9708
vn 0.5708 0.4688 -0.6741
vn 0.6718 0.3163 -0.6698
vn 0.7282 0.5887 -0.3510
vn 0.8533 0.3902 -0.3459
vn 0.2203 0.0894 -0.9713
vn 0.0049 0.0212 -0.9998
vn 0.2218 0.0258 -0.9748
vn 0.0049 0.0213 -0.9998
vn 0.2222 -0.0369 -0.9743
vn 0.0058 0.0212 -0.9998
vn 0.2061 -0.0769 -0.9755
vn 0.0070 0.0218 -0.9997
vn 0.3661 -0.1230 -0.9224
vn 0.3247 -0.2096 -0.9223
vn 0.1973 -0.0949 -0.9757
vn 0.6880 -0.2534 -0.6801
vn 0.6054 -0.4192 -0.6765
vn 0.8742 -0.3330 -0.3534
vn 0.7653 -0.5419 -0.3473
vn 0.1729 -0.1316 -0.9761
vn 0.0059 0.0213 -0.9998
vn 0.1185 -0.1662 -0.9789
vn 0.0647 -0.1965 -0.9784
vn 0.0048 0.0211 -0.9998
vn 0.0220 -0.2031 -0.9789
vn 0.0048 0.0213 -0.9998
vn 0.0646 -0.3669 -0.9280
vn -0.0344 -0.3727 -0.9273
vn -0.0008 -0.2040 -0.9790
vn 0.1172 -0.7180 -0.6861
vn -0.0724 -0.7270 -0.6828
vn 0.1447 -0.9240 -0.3540
vn -0.0947 -0.9318 -0.3504
vn -0.0422 -0.2002 -0.9788
vn 0.0056 0.0206 -0.9998
vn -0.0984 -0.1700 -0.9805
vn 0.0047 0.0224 -0.9997
vn -0.1552 -0.1387 -0.9781
vn 0.0051 0.0227 -0.9997
vn -0.1817 -0.1055 -0.9777
vn 0.0056 0.0214 -0.9998
vn -0.3023 -0.2238 -0.9266
vn -0.3530 -0.1421 -0.9248
vn -0.1933 -0.0872 -0.9772
vn -0.5753 -0.4489 -0.6838
vn -0.6736 -0.2890 -0.6802
vn -0.7337 -0.5819 -0.3507
vn -0.8577 -0.3768 -0.3498
vn -0.2119 -0.0496 -0.9760
vn 0.0056 0.0210 -0.9998
vn -0.2128 0.0149 -0.9770
vn 0.0047 0.0213 -0.9998
vn -0.2125 0.0797 -0.9739
vn 0.0048 0.0215 -0.9998
vn -0.3237 0.2776 0.9045
vn -0.2251 0.3439 0.9116
vn -0.1206 0.4039 0.9068
vn -0.2136 0.7149 0.6658
vn -0.2681 0.8995 0.3451
vn -0.4885 0.7971 0.3550
vn -0.6804 0.6461 0.3458
vn -0.5495 0.5060 0.6648
vn -0.3899 0.6242 0.6770
vn 0.0936 0.4069 0.9087
vn 0.2008 0.3534 0.9137
vn 0.3031 0.2935 0.9066
vn 0.5236 0.5326 0.6650
vn 0.6509 0.6762 0.3450
vn 0.4539 0.8171 0.3556
vn 0.2260 0.9103 0.3467
vn 0.1758 0.7229 0.6683
vn 0.3587 0.6411 0.6785
vn 0.4125 0.1082 0.9045
vn 0.4184 -0.0107 0.9082
vn 0.4165 -0.1276 0.9001
vn 0.7254 -0.1948 0.6602
vn 0.9115 -0.2290 0.3415
vn 0.9355 0.0116 0.3531
vn 0.9037 0.2532 0.3453
vn 0.7207 0.1980 0.6643
vn 0.7392 0.0009 0.6735
vn 0.3103 -0.3126 0.8978
vn 0.2128 -0.3768 0.9015
vn 0.1108 -0.4337 0.8942
vn 0.2028 -0.7293 0.6535
vn 0.2616 -0.9034 0.3398
vn 0.4802 -0.8039 0.3508
vn 0.6723 -0.6566 0.3419
vn 0.5364 -0.5290 0.6576
vn 0.3768 -0.6426 0.6672
vn -0.1006 -0.4366 0.8940
vn -0.2062 -0.3837 0.9001
vn -0.3065 -0.3242 0.8950
vn -0.5206 -0.5489 0.6540
vn -0.6468 -0.6823 0.3406
vn -0.4500 -0.8215 0.3503
vn -0.2259 -0.9123 0.3415
vn -0.1781 -0.7355 0.6537
vn -0.3570 -0.6560 0.6650
vn -0.4166 -0.1440 0.8976
vn -0.4243 -0.0275 0.9051
vn -0.4258 0.0902 0.9003
vn -0.7330 0.1681 0.6591
vn -0.9143 0.2154 0.3429
vn -0.9353 -0.0244 0.3530
vn -0.9009 -0.2654 0.3434
vn -0.7191 -0.2230 0.6582
vn -0.7412 -0.0273 0.6707
vn -0.1120 0.4311 -0.8953
vn -0.2141 0.3752 -0.9019
vn -0.3132 0.3134 -0.8965
vn -0.5407 0.5263 -0.6562
vn -0.6765 0.6527 -0.3412
vn -0.4861 0.8006 -0.3503
vn -0.2653 0.9016 -0.3417
vn -0.2059 0.7268 -0.6552
vn -0.3818 0.6394 -0.6674
vn 0.3040 0.3268 -0.8949
vn 0.2043 0.3858 -0.8997
vn 0.0995 0.4382 -0.8934
vn 0.1756 0.7371 -0.6526
vn 0.2218 0.9136 -0.3409
vn 0.4444 0.8244 -0.3505
vn 0.6423 0.6856 -0.3427
vn 0.5152 0.5515 -0.6560
vn 0.3529 0.6577 -0.6655
vn 0.4250 -0.0877 -0.9009
vn 0.4252 0.0297 -0.9046
vn 0.4178 0.1464 -0.8967
vn 0.7196 0.2268 -0.6563
vn 0.9002 0.2690 -0.3423
vn 0.9354 0.0315 -0.3521
vn 0.9152 -0.2093 -0.3444
vn 0.7325 -0.1630 -0.6610
vn 0.7413 0.0332 -0.6703
vn 0.1245 -0.4008 -0.9077
vn 0.2261 -0.3431 -0.9117
vn 0.3241 -0.2780 -0.9043
vn 0.5518 -0.5047 -0.6639
vn 0.6843 -0.6429 -0.3442
vn 0.4937 -0.7939 -0.3551
vn 0.2723 -0.8978 -0.3462
vn 0.2176 -0.7115 -0.6681
vn 0.3934 -0.6216 -0.6774
vn -0.3011 -0.2937 -0.9073
vn -0.1982 -0.3552 -0.9135
vn -0.0926 -0.4091 -0.9078
vn -0.1726 -0.7254 -0.6664
vn -0.2220 -0.9117 -0.3456
vn -0.4474 -0.8211 -0.3545
vn -0.6469 -0.6801 -0.3448
vn -0.5189 -0.5341 -0.6675
vn -0.3524 -0.6441 -0.6789
vn -0.4148 0.1258 -0.9012
vn -0.4190 0.0075 -0.9080
vn -0.4136 -0.1105 -0.9037
vn -0.7212 -0.2017 -0.6628
vn -0.9030 -0.2576 -0.3439
vn -0.9356 -0.0183 -0.3527
vn -0.9120 0.2235 -0.3440
vn -0.7258 0.1903 -0.6611
vn -0.7391 -0.0059 -0.6736
vn -0.0050 -0.0208 0.9998
vn -0.0045 -0.0215 0.9998
vn -0.0047 -0.0217 0.9998
vn -0.0056 -0.0209 0.9998
vn -0.0062 -0.0214 0.9998
vn -0.0061 -0.0213 0.9998
vn -0.0057 -0.0208 0.9998
vn -0.0058 -0.0214 0.9998
vn -0.0054 -0.0219 0.9997
vn -0.0052 -0.0215 0.9998
vn 0.0043 0.0215 -0.9998
vn 0.0043 0.0209 -0.9998
vn 0.0043 0.0214 -0.9998
vn 0.0050 0.0215 -0.9998
vn 0.0052 0.0217 -0.9998
vn 0.0059 0.0211 -0.9998
vn 0.0055 0.0206 -0.9998
vn 0.0057 0.0215 -0.9998
vn 0.0053 0.0215 -0.9998
vn 0.0054 0.0209 -0.9998
vn 0.0043 0.0213 -0.9998
vn 0.0054 0.0212 -0.9998
vn -0.0600 0.3721 0.9262
vn 0.2100 0.0480 0.9765
vn 0.3062 -0.2460 0.9196
vn 0.0111 -0.2452 0.9694
vn 0.0532 -0.2403 0.9693
vn -0.2236 0.0387 0.9739
vn -0.3566 0.1630 -0.9199
vn 0.0748 0.7404 -0.6679
vn 0.0051 0.0226 -0.9997
vn 0.3031 0.2935 0.9067
vn -0.1006 -0.4365 0.8940
vt 0.650000 0.837500
vt 0.653023 1.000000
vt 0.650000 1.000000
vt 0.506133 0.500000
vt 0.508025 1.000000
vt 0.506133 1.000000
vt 0.574692 0.500000
vt 0.577802 1.000000
vt 0.574692 1.000000
vt 0.616667 0.850000
vt 0.619689 1.000000
vt 0.616667 1.000000
vt 0.636356 0.500000
vt 0.639466 1.000000
vt 0.636356 1.000000
vt 0.672800 0.500000
vt 0.674692 1.000000
vt 0.672800 1.000000
vt 0.789466 0.500000
vt 0.791358 1.000000
vt 0.789466 1.000000
vt 0.866667 0.850000
vt 0.869689 1.000000
vt 0.866667 1.000000
vt 0.956133 0.850000
vt 0.958025 1.000000
vt 0.956133 1.000000
vt 0.511135 0.500000
vt 0.514158 1.000000
vt 0.511135 1.000000
vt 0.524692 0.500000
vt 0.527802 1.000000
vt 0.524692 1.000000
vt 0.597491 0.500000
vt 0.600000 1.000000
vt 0.597491 1.000000
vt 0.603023 0.500000
vt 0.606133 1.000000
vt 0.603023 1.000000
vt 0.608025 0.500000
vt 0.611135 1.000000
vt 0.608025 1.000000
vt 0.616667 0.800000
vt 0.639466 0.500000
vt 0.641358 1.000000
vt 0.647491 0.800000
vt 0.647491 1.000000
vt 0.680825 0.500000
vt 0.683333 1.000000
vt 0.680825 1.000000
vt 0.719689 0.500000
vt 0.722800 1.000000
vt 0.719689 1.000000
vt 0.750000 0.500000
vt 0.753023 1.000000
vt 0.750000 1.000000
vt 0.766667 0.500000
vt 0.769689 1.000000
vt 0.766667 1.000000
vt 0.774692 0.500000
vt 0.777802 1.000000
vt 0.774692 1.000000
vt 0.791358 0.500000
vt 0.794469 1.000000
vt 0.844469 0.500000
vt 0.847491 1.000000
vt 0.844469 1.000000
vt 0.853023 0.500000
vt 0.856133 1.000000
vt 0.853023 1.000000
vt 0.866667 0.800000
vt 0.877802 0.500000
vt 0.880825 1.000000
vt 0.877802 1.000000
vt 0.883334 0.500000
vt 0.886356 1.000000
vt 0.883334 1.000000
vt 0.900000 0.500000
vt 0.903023 1.000000
vt 0.900000 1.000000
vt 0.916667 0.500000
vt 0.919690 1.000000
vt 0.916667 1.000000
vt 0.933334 0.500000
vt 0.936356 1.000000
vt 0.933334 1.000000
vt 0.958025 0.800000
vt 0.961135 1.000000
vt 0.986356 0.500000
vt 0.989466 1.000000
vt 0.986356 1.000000
vt 0.991358 0.500000
vt 0.994469 1.000000
vt 0.991358 1.000000
vt 0.503023 0.500000
vt 0.503023 1.000000
vt 0.508025 0.500000
vt 0.514158 0.500000
vt 0.516667 1.000000
vt 0.522800 0.500000
vt 0.522800 1.000000
vt 0.536356 0.500000
vt 0.539466 1.000000
vt 0.536356 1.000000
vt 0.544468 0.500000
vt 0.547491 1.000000
vt 0.544468 1.000000
vt 0.564158 0.500000
vt 0.566667 1.000000
vt 0.564158 1.000000
vt 0.572800 0.500000
vt 0.572800 1.000000
vt 0.577802 0.500000
vt 0.580824 1.000000
vt 0.600000 0.500000
vt 0.606133 0.500000
vt 0.624692 0.500000
vt 0.627802 1.000000
vt 0.624692 1.000000
vt 0.641358 0.500000
vt 0.644468 1.000000
vt 0.653023 0.500000
vt 0.656133 1.000000
vt 0.661135 0.500000
vt 0.664158 1.000000
vt 0.661135 1.000000
vt 0.669689 0.500000
vt 0.669689 1.000000
vt 0.677802 0.500000
vt 0.677802 1.000000
vt 0.683333 0.500000
vt 0.686356 1.000000
vt 0.691358 0.500000
vt 0.694468 1.000000
vt 0.691358 1.000000
vt 0.714158 0.500000
vt 0.716667 1.000000
vt 0.714158 1.000000
vt 0.724692 0.500000
vt 0.727802 1.000000
vt 0.724692 1.000000
vt 0.736356 0.500000
vt 0.739466 1.000000
vt 0.736356 1.000000
vt 0.747491 0.500000
vt 0.747491 1.000000
vt 0.753023 0.500000
vt 0.756133 1.000000
vt 0.761135 0.500000
vt 0.764158 1.000000
vt 0.761135 1.000000
vt 0.783333 0.500000
vt 0.786356 1.000000
vt 0.783333 1.000000
vt 0.800000 0.500000
vt 0.803023 1.000000
vt 0.800000 1.000000
vt 0.808025 0.500000
vt 0.811135 1.000000
vt 0.808025 1.000000
vt 0.814158 0.500000
vt 0.816667 1.000000
vt 0.814158 1.000000
vt 0.839466 0.500000
vt 0.841358 1.000000
vt 0.839466 1.000000
vt 0.856133 0.500000
vt 0.858025 1.000000
vt 0.874692 0.500000
vt 0.874692 1.000000
vt 0.894469 0.500000
vt 0.897491 1.000000
vt 0.894469 1.000000
vt 0.908025 0.500000
vt 0.911135 1.000000
vt 0.908025 1.000000
vt 0.914158 0.500000
vt 0.914158 1.000000
vt 0.922800 0.500000
vt 0.924692 1.000000
vt 0.922800 1.000000
vt 0.930825 0.500000
vt 0.930825 1.000000
vt 0.939466 0.500000
vt 0.941358 1.000000
vt 0.939466 1.000000
vt 0.958025 0.750000
vt 0.972800 0.500000
vt 0.974692 1.000000
vt 0.972800 1.000000
vt 0.983334 0.500000
vt 0.983334 1.000000
vt 0.989466 0.500000
vt 0.519689 0.500000
vt 0.519689 1.000000
vt 0.527802 0.500000
vt 0.530824 1.000000
vt 0.539466 0.500000
vt 0.541358 1.000000
vt 0.553023 0.500000
vt 0.556133 0.500000
vt 0.553023 1.000000
vt 0.566667 0.500000
vt 0.569689 0.500000
vt 0.580824 0.500000
vt 0.583333 1.000000
vt 0.589466 0.500000
vt 0.591358 1.000000
vt 0.589466 1.000000
vt 0.594468 0.500000
vt 0.594468 1.000000
vt 0.611135 0.500000
vt 0.614158 0.725000
vt 0.633333 0.500000
vt 0.633333 1.000000
vt 0.647491 0.700000
vt 0.650000 0.725000
vt 0.647491 0.750000
vt 0.658025 0.500000
vt 0.658025 1.000000
vt 0.666667 0.500000
vt 0.666667 1.000000
vt 0.689466 0.500000
vt 0.689466 1.000000
vt 0.694468 0.500000
vt 0.697491 1.000000
vt 0.700000 0.500000
vt 0.703023 0.500000
vt 0.700000 1.000000
vt 0.706133 0.500000
vt 0.708025 0.500000
vt 0.706133 0.750000
vt 0.716667 0.500000
vt 0.730825 0.500000
vt 0.733333 0.500000
vt 0.730825 1.000000
vt 0.764158 0.500000
vt 0.794469 0.500000
vt 0.797491 1.000000
vt 0.803023 0.500000
vt 0.806133 0.500000
vt 0.819690 0.500000
vt 0.822800 1.000000
vt 0.819690 1.000000
vt 0.830825 0.500000
vt 0.833333 1.000000
vt 0.830825 1.000000
vt 0.836356 0.500000
vt 0.836356 1.000000
vt 0.841358 0.500000
vt 0.847491 0.500000
vt 0.850000 0.500000
vt 0.861135 0.500000
vt 0.864158 0.725000
vt 0.861135 1.000000
vt 0.866667 0.700000
vt 0.869689 0.500000
vt 0.866667 0.750000
vt 0.911135 0.500000
vt 0.936356 0.500000
vt 0.947491 0.500000
vt 0.950000 1.000000
vt 0.947491 1.000000
vt 0.961135 0.500000
vt 0.964158 1.000000
vt 0.969689 0.500000
vt 0.969689 1.000000
vt 0.974692 0.500000
vt 0.977802 0.500000
vt 0.530824 0.500000
vt 0.533333 0.500000
vt 0.541358 0.500000
vt 0.550000 0.500000
vt 0.550000 1.000000
vt 0.583333 0.500000
vt 0.586356 0.500000
vt 0.616667 0.500000
vt 0.619689 0.500000
vt 0.616667 0.725000
vt 0.650000 0.500000
vt 0.674692 0.500000
vt 0.697491 0.500000
vt 0.741358 0.500000
vt 0.744469 0.500000
vt 0.741358 1.000000
vt 0.772800 0.500000
vt 0.772800 1.000000
vt 0.786356 0.500000
vt 0.797491 0.500000
vt 0.811135 0.500000
vt 0.858025 0.500000
vt 0.866667 0.500000
vt 0.880825 0.500000
vt 0.889466 0.500000
vt 0.891358 0.500000
vt 0.889466 1.000000
vt 0.903023 0.500000
vt 0.906133 0.500000
vt 0.919690 0.500000
vt 0.924692 0.500000
vt 0.927802 0.500000
vt 0.956133 0.650000
vt 0.958025 0.500000
vt 0.956133 0.700000
vt 0.964158 0.500000
vt 0.966667 0.500000
vt 0.997491 0.500000
vt 1.000000 0.500000
vt 0.997491 1.000000
vt 0.591358 0.500000
vt 0.777802 0.500000
vt 0.780825 0.500000
vt 0.822800 0.500000
vt 0.824692 0.500000
vt 0.833333 0.500000
vt 0.886356 0.500000
vt 0.897491 0.500000
vt 0.950000 0.500000
vt 0.953023 0.500000
vt 0.956133 0.500000
vt 0.614158 0.500000
vt 0.614158 0.625000
vt 0.756133 0.500000
vt 0.758025 0.500000
vt 0.864158 0.500000
vt 0.864158 0.625000
vt 0.541667 0.000000
vt 0.541667 0.500000
vt 0.758333 0.500000
vt 0.750000 0.000000
vt 0.750000 0.500000
vt 0.808333 0.500000
vt 0.800000 0.000000
vt 0.800000 0.500000
vt 0.950000 0.500000
vt 0.941667 0.000000
vt 0.941667 0.500000
vt 0.508333 0.500000
vt 0.500000 0.000000
vt 0.500000 0.500000
vt 0.533333 0.500000
vt 0.525000 0.000000
vt 0.525000 0.500000
vt 0.591667 0.000000
vt 0.591667 0.500000
vt 0.608333 0.000000
vt 0.608333 0.500000
vt 0.708333 0.500000
vt 0.700000 0.000000
vt 0.700000 0.500000
vt 0.850000 0.500000
vt 0.841667 0.000000
vt 0.841667 0.500000
vt 0.891667 0.500000
vt 0.883333 0.000000
vt 0.883333 0.500000
vt 0.925000 0.500000
vt 0.916667 0.000000
vt 0.916667 0.500000
vt 0.975000 0.500000
vt 0.966667 0.000000
vt 0.966667 0.500000
vt 0.516667 0.500000
vt 0.508333 0.000000
vt 0.558333 0.000000
vt 0.558333 0.500000
vt 0.625000 0.000000
vt 0.625000 0.500000
vt 0.641667 0.000000
vt 0.641667 0.500000
vt 0.658333 0.000000
vt 0.658333 0.500000
vt 0.691667 0.000000
vt 0.683333 0.000000
vt 0.741667 0.500000
vt 0.733333 0.000000
vt 0.733333 0.500000
vt 0.791667 0.000000
vt 0.791667 0.500000
vt 0.833333 0.000000
vt 0.833333 0.500000
vt 0.866667 0.500000
vt 0.858333 0.000000
vt 0.858333 0.500000
vt 0.875000 0.000000
vt 0.875000 0.500000
vt 0.908333 0.000000
vt 0.908333 0.500000
vt 0.933333 0.000000
vt 0.933333 0.500000
vt 0.958333 0.000000
vt 0.950000 0.000000
vt 1.000000 0.000000
vt 0.991667 0.000000
vt 0.991667 0.500000
vt 0.516667 0.000000
vt 0.675000 0.000000
vt 0.666667 0.000000
vt 0.725000 0.000000
vt 0.716667 0.000000
vt 0.741667 0.000000
vt 0.775000 0.000000
vt 0.766667 0.000000
vt 0.766667 0.500000
vt 0.850000 0.000000
vt 0.866667 0.000000
vt 0.533333 0.000000
vt 0.550000 0.000000
vt 0.575000 0.000000
vt 0.566667 0.000000
vt 0.600000 0.000000
vt 0.633333 0.000000
vt 0.650000 0.000000
vt 0.758333 0.000000
vt 0.825000 0.000000
vt 0.816667 0.000000
vt 0.816667 0.500000
vt 0.900000 0.000000
vt 0.900000 0.500000
vt 0.925000 0.000000
vt 0.616667 0.000000
vt 0.808333 0.000000
vt 0.261759 0.521975
vt 0.238241 0.521975
vt 0.243467 0.501141
vt 0.256533 0.501141
vt 0.308912 0.529402
vt 0.305858 0.550052
vt 0.280297 0.544619
vt 0.285907 0.524513
vt 0.308131 0.507938
vt 0.295350 0.505221
vt 0.346209 0.566035
vt 0.322336 0.555406
vt 0.332003 0.536905
vt 0.353489 0.546471
vt 0.345252 0.519999
vt 0.357188 0.525313
vt 0.382355 0.590058
vt 0.361214 0.574698
vt 0.374516 0.558612
vt 0.393544 0.572436
vt 0.390990 0.544829
vt 0.401561 0.552509
vt 0.412717 0.621071
vt 0.395231 0.601651
vt 0.411587 0.588682
vt 0.427325 0.606160
vt 0.430567 0.578626
vt 0.439310 0.588336
vt 0.435967 0.657719
vt 0.422901 0.635088
vt 0.441596 0.625803
vt 0.453356 0.646171
vt 0.468785 0.631228
vt 0.462251 0.619913
vt 0.470499 0.690720
vt 0.451089 0.698401
vt 0.443014 0.673548
vt 0.463231 0.668352
vt 0.484660 0.666885
vt 0.488698 0.679312
vt 0.478005 0.737860
vt 0.457423 0.741337
vt 0.454691 0.715348
vt 0.475547 0.714470
vt 0.498178 0.730484
vt 0.496813 0.717490
vt 0.454691 0.784652
vt 0.457423 0.758663
vt 0.478005 0.762140
vt 0.475547 0.785530
vt 0.498178 0.769516
vt 0.496813 0.782510
vt 0.443014 0.826452
vt 0.451089 0.801599
vt 0.470499 0.809280
vt 0.463231 0.831648
vt 0.484660 0.833115
vt 0.488698 0.820688
vt 0.441596 0.874197
vt 0.422901 0.864912
vt 0.435967 0.842281
vt 0.453356 0.853829
vt 0.468785 0.868772
vt 0.462251 0.880087
vt 0.411587 0.911318
vt 0.395231 0.898349
vt 0.412717 0.878929
vt 0.427325 0.893840
vt 0.439310 0.911664
vt 0.430567 0.921374
vt 0.361214 0.925302
vt 0.382355 0.909942
vt 0.393544 0.927564
vt 0.374516 0.941388
vt 0.390990 0.955171
vt 0.401561 0.947491
vt 0.322336 0.944594
vt 0.346209 0.933965
vt 0.353489 0.953529
vt 0.332003 0.963095
vt 0.345252 0.980001
vt 0.357188 0.974687
vt 0.280297 0.955381
vt 0.305858 0.949948
vt 0.308912 0.970598
vt 0.285907 0.975487
vt 0.308131 0.992062
vt 0.295350 0.994779
vt 0.236934 0.957192
vt 0.263066 0.957192
vt 0.261759 0.978025
vt 0.238241 0.978025
vt 0.256533 0.998859
vt 0.243467 0.998859
vt 0.191088 0.970598
vt 0.194142 0.949948
vt 0.219703 0.955381
vt 0.214093 0.975487
vt 0.191869 0.992062
vt 0.204650 0.994779
vt 0.153791 0.933965
vt 0.177664 0.944594
vt 0.167996 0.963095
vt 0.146511 0.953529
vt 0.154748 0.980001
vt 0.142812 0.974687
vt 0.117645 0.909942
vt 0.138786 0.925302
vt 0.125484 0.941388
vt 0.106456 0.927564
vt 0.109010 0.955171
vt 0.098439 0.947491
vt 0.087283 0.878929
vt 0.104769 0.898349
vt 0.088413 0.911318
vt 0.072675 0.893840
vt 0.069433 0.921374
vt 0.060690 0.911664
vt 0.064033 0.842281
vt 0.077099 0.864912
vt 0.058404 0.874197
vt 0.046645 0.853829
vt 0.037749 0.880087
vt 0.031216 0.868772
vt 0.048911 0.801599
vt 0.056986 0.826452
vt 0.036769 0.831648
vt 0.029501 0.809280
vt 0.015340 0.833115
vt 0.011302 0.820688
vt 0.021995 0.762140
vt 0.042577 0.758663
vt 0.045309 0.784652
vt 0.024453 0.785530
vt 0.001822 0.769516
vt 0.003187 0.782510
vt 0.045309 0.715348
vt 0.042577 0.741337
vt 0.021995 0.737860
vt 0.024453 0.714470
vt 0.001822 0.730484
vt 0.003187 0.717490
vt 0.036769 0.668352
vt 0.056986 0.673548
vt 0.048911 0.698401
vt 0.029501 0.690720
vt 0.015340 0.666885
vt 0.011302 0.679312
vt 0.077099 0.635088
vt 0.064033 0.657719
vt 0.046645 0.646171
vt 0.058404 0.625803
vt 0.031216 0.631228
vt 0.037749 0.619913
vt 0.088413 0.588682
vt 0.104769 0.601651
vt 0.087283 0.621071
vt 0.072675 0.606160
vt 0.069433 0.578626
vt 0.060690 0.588336
vt 0.138786 0.574698
vt 0.117645 0.590058
vt 0.106456 0.572436
vt 0.125484 0.558612
vt 0.098439 0.552509
vt 0.109010 0.544829
vt 0.177664 0.555406
vt 0.153791 0.566035
vt 0.146511 0.546471
vt 0.167996 0.536905
vt 0.154748 0.519999
vt 0.142812 0.525313
vt 0.219703 0.544619
vt 0.194142 0.550052
vt 0.191088 0.529402
vt 0.214093 0.524513
vt 0.191869 0.507938
vt 0.204650 0.505221
vt 0.614158 1.000000
vt 0.614158 0.825000
vt 0.864158 1.000000
vt 0.864158 0.825000
vt 0.850000 1.000000
vt 0.953023 1.000000
vt 0.956133 0.800000
vt 0.500000 1.000000
vt 0.533333 1.000000
vt 0.558025 1.000000
vt 0.556133 1.000000
vt 0.558025 0.500000
vt 0.561135 1.000000
vt 0.561135 0.500000
vt 0.569689 1.000000
vt 0.622800 1.000000
vt 0.622800 0.500000
vt 0.706133 1.000000
vt 0.703023 1.000000
vt 0.708025 1.000000
vt 0.711135 1.000000
vt 0.711135 0.500000
vt 0.722800 0.500000
vt 0.733333 1.000000
vt 0.744469 1.000000
vt 0.758025 1.000000
vt 0.780825 1.000000
vt 0.806133 1.000000
vt 0.872800 1.000000
vt 0.872800 0.500000
vt 0.891358 1.000000
vt 0.906133 1.000000
vt 0.927802 1.000000
vt 0.956133 0.750000
vt 0.980825 1.000000
vt 0.977802 1.000000
vt 0.980825 0.500000
vt 1.000000 1.000000
vt 0.586356 1.000000
vt 0.263066 0.542808
vt 0.236934 0.542808
vt 0.630824 1.000000
vt 0.627802 0.500000
vt 0.630824 0.500000
vt 0.644468 0.500000
vt 0.656133 0.500000
vt 0.664158 0.500000
vt 0.686356 0.500000
vt 0.727802 0.500000
vt 0.816667 0.500000
vt 0.827802 1.000000
vt 0.824692 1.000000
vt 0.827802 0.500000
vt 0.944469 1.000000
vt 0.941358 0.500000
vt 0.944469 0.500000
vt 0.966667 1.000000
vt 0.547491 0.500000
vt 0.647491 0.500000
vt 0.739466 0.500000
vt 0.769689 0.500000
vt 0.994469 0.500000
vt 0.236934 0.457192
vt 0.263066 0.457192
vt 0.261759 0.478025
vt 0.238241 0.478025
vt 0.256533 0.498859
vt 0.243467 0.498859
vt 0.280297 0.455381
vt 0.305858 0.449948
vt 0.308912 0.470598
vt 0.285907 0.475487
vt 0.308131 0.492062
vt 0.295350 0.494779
vt 0.322336 0.444594
vt 0.346209 0.433965
vt 0.353489 0.453529
vt 0.332003 0.463095
vt 0.345252 0.480001
vt 0.357188 0.474687
vt 0.361214 0.425302
vt 0.382355 0.409942
vt 0.393544 0.427564
vt 0.374516 0.441388
vt 0.390990 0.455171
vt 0.401561 0.447491
vt 0.411587 0.411318
vt 0.395231 0.398349
vt 0.412717 0.378929
vt 0.427325 0.393840
vt 0.439310 0.411664
vt 0.430567 0.421374
vt 0.441596 0.374197
vt 0.422901 0.364912
vt 0.435967 0.342281
vt 0.453356 0.353829
vt 0.468785 0.368772
vt 0.462251 0.380087
vt 0.443014 0.326452
vt 0.451089 0.301599
vt 0.470499 0.309280
vt 0.463231 0.331648
vt 0.484660 0.333115
vt 0.488698 0.320688
vt 0.454691 0.284652
vt 0.457423 0.258663
vt 0.478005 0.262140
vt 0.475547 0.285530
vt 0.498178 0.269516
vt 0.496813 0.282510
vt 0.478005 0.237860
vt 0.457423 0.241337
vt 0.454691 0.215348
vt 0.475547 0.214470
vt 0.498178 0.230484
vt 0.496813 0.217490
vt 0.470499 0.190720
vt 0.451089 0.198401
vt 0.443014 0.173548
vt 0.463231 0.168352
vt 0.484660 0.166885
vt 0.488698 0.179312
vt 0.435967 0.157719
vt 0.422901 0.135088
vt 0.441596 0.125803
vt 0.453356 0.146171
vt 0.468785 0.131228
vt 0.462251 0.119913
vt 0.412717 0.121071
vt 0.395231 0.101651
vt 0.411587 0.088682
vt 0.427325 0.106160
vt 0.430567 0.078626
vt 0.439310 0.088336
vt 0.382355 0.090058
vt 0.361214 0.074698
vt 0.374516 0.058612
vt 0.393544 0.072436
vt 0.390990 0.044829
vt 0.401561 0.052509
vt 0.346209 0.066035
vt 0.322336 0.055406
vt 0.332003 0.036905
vt 0.353489 0.046471
vt 0.345252 0.019999
vt 0.357188 0.025313
vt 0.308912 0.029402
vt 0.305858 0.050052
vt 0.280297 0.044619
vt 0.285907 0.024513
vt 0.308131 0.007938
vt 0.295350 0.005221
vt 0.263066 0.042808
vt 0.236934 0.042808
vt 0.238241 0.021975
vt 0.261759 0.021975
vt 0.243467 0.001141
vt 0.256533 0.001141
vt 0.219703 0.044619
vt 0.194142 0.050052
vt 0.191088 0.029402
vt 0.214093 0.024513
vt 0.191869 0.007938
vt 0.204650 0.005221
vt 0.177664 0.055406
vt 0.153791 0.066035
vt 0.146511 0.046471
vt 0.167996 0.036905
vt 0.154748 0.019999
vt 0.142812 0.025313
vt 0.125484 0.058612
vt 0.138786 0.074698
vt 0.117645 0.090058
vt 0.106456 0.072436
vt 0.109010 0.044829
vt 0.098439 0.052509
vt 0.104769 0.101651
vt 0.087283 0.121071
vt 0.072675 0.106160
vt 0.088413 0.088682
vt 0.069433 0.078626
vt 0.060690 0.088336
vt 0.058404 0.125803
vt 0.077099 0.135088
vt 0.064033 0.157719
vt 0.046645 0.146171
vt 0.037749 0.119913
vt 0.031216 0.131228
vt 0.036769 0.168352
vt 0.056986 0.173548
vt 0.048911 0.198401
vt 0.029501 0.190720
vt 0.015340 0.166885
vt 0.011302 0.179312
vt 0.045309 0.215348
vt 0.042577 0.241337
vt 0.021995 0.237860
vt 0.024453 0.214470
vt 0.001822 0.230484
vt 0.003187 0.217490
vt 0.021995 0.262140
vt 0.042577 0.258663
vt 0.045309 0.284652
vt 0.024453 0.285530
vt 0.001822 0.269516
vt 0.003187 0.282510
vt 0.048911 0.301599
vt 0.056986 0.326452
vt 0.036769 0.331648
vt 0.029501 0.309280
vt 0.015340 0.333115
vt 0.011302 0.320688
vt 0.046645 0.353829
vt 0.064033 0.342280
vt 0.077099 0.364912
vt 0.058404 0.374197
vt 0.031216 0.368772
vt 0.037749 0.380087
vt 0.087283 0.378929
vt 0.104769 0.398349
vt 0.088413 0.411318
vt 0.072675 0.393840
vt 0.069433 0.421374
vt 0.060690 0.411664
vt 0.106456 0.427564
vt 0.117645 0.409942
vt 0.138786 0.425302
vt 0.125484 0.441388
vt 0.109010 0.455171
vt 0.098439 0.447491
vt 0.146511 0.453529
vt 0.153791 0.433965
vt 0.177664 0.444594
vt 0.167996 0.463095
vt 0.154748 0.480001
vt 0.142812 0.474687
vt 0.191088 0.470598
vt 0.194142 0.449948
vt 0.219703 0.455381
vt 0.214093 0.475487
vt 0.191869 0.492062
vt 0.204650 0.494779
vt 0.575000 0.500000
vt 0.583333 0.000000
vt 0.691667 0.500000
vt 0.958333 0.500000
vt 0.675000 0.500000
vt 0.725000 0.500000
vt 0.775000 0.500000
vt 0.783333 0.500000
vt 0.783333 0.000000
vt 0.825000 0.500000
vt 0.975000 0.000000
vt 0.983333 0.500000
vt 0.983333 0.000000
vt 0.708333 0.000000
vt 0.891667 0.000000
vt 0.253271 0.687586
vt 0.246729 0.687586
vt 0.259777 0.688269
vt 0.246729 0.312414
vt 0.253271 0.312414
vt 0.259777 0.311731
vt 0.266176 0.689630
vt 0.272398 0.691651
vt 0.266176 0.310370
vt 0.272398 0.308349
vt 0.278374 0.694312
vt 0.284040 0.697583
vt 0.278374 0.305688
vt 0.284040 0.302417
vt 0.289333 0.701428
vt 0.294194 0.705806
vt 0.289333 0.298572
vt 0.294194 0.294194
vt 0.298572 0.710667
vt 0.302417 0.715960
vt 0.298572 0.289333
vt 0.302417 0.284040
vt 0.305688 0.721626
vt 0.308349 0.727602
vt 0.305688 0.278374
vt 0.308349 0.272398
vt 0.310370 0.733824
vt 0.311731 0.740223
vt 0.310370 0.266176
vt 0.311731 0.259777
vt 0.312414 0.746729
vt 0.312414 0.753271
vt 0.312414 0.253271
vt 0.312414 0.246729
vt 0.311731 0.759777
vt 0.310370 0.766176
vt 0.311731 0.240223
vt 0.310370 0.233824
vt 0.308349 0.772398
vt 0.305688 0.778374
vt 0.308349 0.227602
vt 0.305688 0.221626
vt 0.302417 0.784040
vt 0.298572 0.789333
vt 0.302417 0.215960
vt 0.298572 0.210667
vt 0.294194 0.794194
vt 0.289333 0.798572
vt 0.294194 0.205806
vt 0.289333 0.201428
vt 0.284040 0.802417
vt 0.278374 0.805688
vt 0.284040 0.197583
vt 0.278374 0.194312
vt 0.272398 0.808349
vt 0.266176 0.810370
vt 0.272398 0.191651
vt 0.266176 0.189630
vt 0.259777 0.811731
vt 0.253271 0.812414
vt 0.259777 0.188269
vt 0.253271 0.187586
vt 0.246729 0.812414
vt 0.240223 0.811731
vt 0.246729 0.187586
vt 0.240223 0.188269
vt 0.233824 0.810370
vt 0.227602 0.808349
vt 0.233824 0.189630
vt 0.227602 0.191651
vt 0.221626 0.805688
vt 0.215960 0.802417
vt 0.221626 0.194312
vt 0.215960 0.197583
vt 0.210667 0.798572
vt 0.205806 0.794194
vt 0.210667 0.201428
vt 0.205806 0.205806
vt 0.201428 0.789333
vt 0.197583 0.784040
vt 0.201428 0.210667
vt 0.197583 0.215960
vt 0.194312 0.778374
vt 0.191651 0.772398
vt 0.194312 0.221626
vt 0.191651 0.227602
vt 0.189630 0.766176
vt 0.188269 0.759777
vt 0.189630 0.233824
vt 0.188269 0.240223
vt 0.187586 0.753271
vt 0.187586 0.746729
vt 0.187586 0.246729
vt 0.187586 0.253271
vt 0.188269 0.740223
vt 0.189630 0.733824
vt 0.188269 0.259777
vt 0.189630 0.266176
vt 0.191651 0.727602
vt 0.194312 0.721626
vt 0.191651 0.272398
vt 0.194312 0.278374
vt 0.197583 0.715960
vt 0.201428 0.710667
vt 0.197583 0.284040
vt 0.201428 0.289333
vt 0.205806 0.705806
vt 0.210667 0.701428
vt 0.205806 0.294194
vt 0.210667 0.298572
vt 0.215960 0.697583
vt 0.221626 0.694312
vt 0.215960 0.302417
vt 0.221626 0.305688
vt 0.227602 0.691651
vt 0.233824 0.689630
vt 0.227602 0.308349
vt 0.233824 0.310370
vt 0.240223 0.688269
vt 0.240223 0.311731
vt 0.622127 0.014246
vt 0.622128 0.002896
vt 0.624867 0.002896
vt 0.624867 0.014246
vt 0.622128 0.500000
vt 0.622128 0.250000
vt 0.624867 0.250000
vt 0.624867 0.500000
vt 0.622128 0.747104
vt 0.622128 0.735754
vt 0.624867 0.735754
vt 0.624867 0.747104
vt 0.622128 1.000000
vt 0.622128 0.750000
vt 0.624867 0.750000
vt 0.624867 1.000000
vt 0.625000 0.002896
vt 0.875000 0.002896
vt 0.875000 0.014246
vt 0.625000 0.014246
vt 0.125000 0.002896
vt 0.375000 0.002896
vt 0.375000 0.014246
vt 0.125000 0.014246
vt 0.375000 0.750000
vt 0.376183 0.750000
vt 0.376183 1.000000
vt 0.375000 1.000000
vt 0.375000 0.735754
vt 0.376183 0.735754
vt 0.376183 0.747104
vt 0.375000 0.747104
vt 0.375000 0.250000
vt 0.376183 0.250000
vt 0.376183 0.500000
vt 0.375000 0.500000
vt 0.376183 0.002896
vt 0.376183 0.014246
vt 0.622127 0.241368
vt 0.624867 0.241368
vt 0.375000 0.241368
vt 0.376183 0.241368
vt 0.125000 0.241368
vt 0.125000 0.250000
vt 0.376183 0.508632
vt 0.375000 0.508632
vt 0.624867 0.508632
vt 0.622128 0.508632
vt 0.625000 0.241368
vt 0.875000 0.241368
vt 0.875000 0.250000
vt 0.625000 0.250000
vt 0.622127 0.077284
vt 0.624867 0.077284
vt 0.376183 0.077284
vt 0.375000 0.077284
vt 0.125000 0.077284
vt 0.375000 0.672716
vt 0.376183 0.672716
vt 0.622128 0.672716
vt 0.624867 0.672716
vt 0.875000 0.077284
vt 0.625000 0.077284
vt 0.622127 0.227059
vt 0.624867 0.227059
vt 0.375000 0.227059
vt 0.376183 0.227059
vt 0.125000 0.227059
vt 0.376183 0.522941
vt 0.375000 0.522941
vt 0.624867 0.522941
vt 0.622128 0.522941
vt 0.625000 0.227059
vt 0.875000 0.227059
vt 0.622127 0.199010
vt 0.624867 0.199010
vt 0.376183 0.199010
vt 0.375000 0.199010
vt 0.125000 0.199010
vt 0.375000 0.550990
vt 0.376183 0.550990
vt 0.622128 0.550990
vt 0.624867 0.550990
vt 0.875000 0.199010
vt 0.625000 0.199010
vt 0.378184 0.250000
vt 0.378184 0.500000
vt 0.378184 0.508632
vt 0.378184 0.522941
vt 0.378184 0.550990
vt 0.378184 0.672716
vt 0.378184 0.735754
vt 0.378184 0.747104
vt 0.378184 0.750000
vt 0.378184 1.000000
vt 0.378184 0.002896
vt 0.378184 0.014246
vt 0.378184 0.077284
vt 0.378184 0.199010
vt 0.378184 0.227059
vt 0.378184 0.241368
vt 0.525000 0.250000
vt 0.525000 0.508632
vt 0.525000 0.522941
vt 0.525000 0.550990
vt 0.525000 0.672716
vt 0.525000 0.735754
vt 0.525000 0.747104
vt 0.525000 0.750000
vt 0.525000 1.000000
vt 0.525000 0.002896
vt 0.525000 0.014246
vt 0.525000 0.077284
vt 0.525000 0.199010
vt 0.525000 0.227059
vt 0.525000 0.241368
vt 0.533514 0.227059
vt 0.533514 0.241368
vt 0.533514 0.077284
vt 0.533514 0.199010
vt 0.533514 0.014246
vt 0.533514 0.002896
vt 0.533514 0.750000
vt 0.533514 1.000000
vt 0.533514 0.735754
vt 0.533514 0.747104
vt 0.533514 0.672716
vt 0.533514 0.550990
vt 0.533514 0.508632
vt 0.533514 0.522941
vt 0.533514 0.500000
vt 0.533514 0.250000
vt 0.625000 0.508632
vt 0.625000 0.522941
vt 0.625000 0.672716
vt 0.625000 0.550990
vt 0.625000 0.735754
vt 0.625000 0.747104
vt 0.625000 0.750000
vt 0.625000 1.000000
vt 0.533514 0.000000
vt 0.622128 0.000000
vt 0.624867 0.000000
vt 0.125000 0.000000
vt 0.375000 0.000000
vt 0.376183 0.000000
vt 0.378184 0.000000
vt 0.622128 0.003940
vt 0.624867 0.003940
vt 0.622128 0.746060
vt 0.624867 0.746060
vt 0.625000 0.003940
vt 0.875000 0.003940
vt 0.125000 0.003940
vt 0.375000 0.003940
vt 0.376183 0.746060
vt 0.375000 0.746060
vt 0.376183 0.003940
vt 0.378184 0.746059
vt 0.378184 0.003940
vt 0.525000 0.746060
vt 0.525000 0.003940
vt 0.533514 0.003940
vt 0.533514 0.746060
vt 0.625000 0.746060
vt 0.375000 0.312500
vt 0.387500 0.312500
vt 0.387500 0.320508
vt 0.375000 0.320508
vt 0.400000 0.312500
vt 0.400000 0.320508
vt 0.412500 0.312500
vt 0.412500 0.320508
vt 0.425000 0.312500
vt 0.425000 0.320508
vt 0.437500 0.312500
vt 0.437500 0.320508
vt 0.450000 0.312500
vt 0.450000 0.320508
vt 0.462500 0.312500
vt 0.462500 0.320508
vt 0.475000 0.312500
vt 0.475000 0.320508
vt 0.487500 0.312500
vt 0.487500 0.320508
vt 0.500000 0.312500
vt 0.500000 0.320508
vt 0.512500 0.312500
vt 0.512500 0.320508
vt 0.525000 0.312500
vt 0.525000 0.320508
vt 0.537500 0.312500
vt 0.537500 0.320508
vt 0.550000 0.312500
vt 0.550000 0.320508
vt 0.562500 0.312500
vt 0.562500 0.320508
vt 0.575000 0.312500
vt 0.575000 0.320508
vt 0.587500 0.312500
vt 0.587500 0.320508
vt 0.600000 0.312500
vt 0.600000 0.320508
vt 0.612500 0.312500
vt 0.612500 0.320508
vt 0.625000 0.312500
vt 0.625000 0.320508
vt 0.626409 0.064408
vt 0.648603 0.107966
vt 0.500000 0.150000
vt 0.591842 0.029841
vt 0.548284 0.007647
vt 0.500000 -0.000000
vt 0.451716 0.007647
vt 0.408159 0.029841
vt 0.373591 0.064409
vt 0.351397 0.107966
vt 0.343750 0.156250
vt 0.351397 0.204534
vt 0.373591 0.248091
vt 0.408159 0.282659
vt 0.451716 0.304853
vt 0.500000 0.312500
vt 0.548284 0.304853
vt 0.591841 0.282659
vt 0.626409 0.248091
vt 0.648603 0.204534
vt 0.656250 0.156250
vt 0.648603 0.892034
vt 0.626409 0.935591
vt 0.500000 0.837500
vt 0.591841 0.970159
vt 0.548284 0.992353
vt 0.451716 0.992353
vt 0.408159 0.970159
vt 0.373591 0.935591
vt 0.351397 0.892034
vt 0.343750 0.843750
vt 0.351397 0.795466
vt 0.373591 0.751909
vt 0.408159 0.717341
vt 0.451716 0.695147
vt 0.500000 0.687500
vt 0.548284 0.695147
vt 0.591842 0.717341
vt 0.626409 0.751908
vt 0.648603 0.795466
vt 0.656250 0.843750
vt 0.550000 0.683515
vt 0.562500 0.683515
vt 0.562500 0.684008
vt 0.550000 0.684008
vt 0.537500 0.683515
vt 0.537500 0.684008
vt 0.525000 0.683515
vt 0.525000 0.684008
vt 0.512500 0.683515
vt 0.512500 0.684008
vt 0.500000 0.683515
vt 0.500000 0.684008
vt 0.487500 0.683515
vt 0.487500 0.684008
vt 0.475000 0.683515
vt 0.475000 0.684008
vt 0.462500 0.683515
vt 0.462500 0.684008
vt 0.450000 0.683515
vt 0.450000 0.684008
vt 0.437500 0.683515
vt 0.437500 0.684008
vt 0.425000 0.683515
vt 0.425000 0.684008
vt 0.412500 0.683515
vt 0.412500 0.684008
vt 0.400000 0.683515
vt 0.400000 0.684008
vt 0.387500 0.683515
vt 0.387500 0.684008
vt 0.375000 0.683515
vt 0.375000 0.684008
vt 0.612500 0.683515
vt 0.625000 0.683515
vt 0.625000 0.684008
vt 0.612500 0.684008
vt 0.600000 0.683515
vt 0.600000 0.684008
vt 0.587500 0.683515
vt 0.587500 0.684008
vt 0.575000 0.683515
vt 0.575000 0.684008
vt 0.562500 0.323328
vt 0.550000 0.323328
vt 0.537500 0.323328
vt 0.525000 0.323328
vt 0.512500 0.323328
vt 0.500000 0.323328
vt 0.487500 0.323328
vt 0.475000 0.323328
vt 0.462500 0.323328
vt 0.450000 0.323328
vt 0.437500 0.323328
vt 0.425000 0.323328
vt 0.412500 0.323328
vt 0.400000 0.323328
vt 0.387500 0.323328
vt 0.375000 0.323328
vt 0.625000 0.323328
vt 0.612500 0.323328
vt 0.600000 0.323328
vt 0.587500 0.323328
vt 0.575000 0.323328
vt 0.562500 0.688440
vt 0.550000 0.688440
vt 0.537500 0.688440
vt 0.525000 0.688440
vt 0.512500 0.688440
vt 0.500000 0.688440
vt 0.487500 0.688440
vt 0.475000 0.688440
vt 0.462500 0.688440
vt 0.450000 0.688440
vt 0.437500 0.688440
vt 0.425000 0.688440
vt 0.412500 0.688440
vt 0.400000 0.688440
vt 0.387500 0.688440
vt 0.375000 0.688440
vt 0.625000 0.688440
vt 0.612500 0.688440
vt 0.600000 0.688440
vt 0.587500 0.688440
vt 0.575000 0.688440
vt 0.412500 0.682742
vt 0.425000 0.682742
vt 0.400000 0.682742
vt 0.387500 0.682742
vt 0.375000 0.682742
vt 0.612500 0.682742
vt 0.625000 0.682742
vt 0.600000 0.682742
vt 0.587500 0.682742
vt 0.575000 0.682742
vt 0.562500 0.682742
vt 0.550000 0.682742
vt 0.537500 0.682742
vt 0.525000 0.682742
vt 0.512500 0.682742
vt 0.500000 0.682742
vt 0.487500 0.682742
vt 0.475000 0.682742
vt 0.462500 0.682742
vt 0.450000 0.682742
vt 0.437500 0.682742
vt 0.570592 0.026088
vt 0.572572 0.026383
vt 0.501196 0.144351
vt 0.500000 0.142820
vt 0.574411 0.027155
vt 0.502754 0.145537
vt 0.575991 0.028357
vt 0.504570 0.146299
vt 0.577211 0.029910
vt 0.506519 0.146584
vt 0.376150 0.331295
vt 0.376039 0.321134
vt 0.415634 0.321187
vt 0.415526 0.331146
vt 0.376069 0.312500
vt 0.415601 0.312500
vt 0.574116 0.020934
vt 0.572295 0.024107
vt 0.427696 0.024100
vt 0.425872 0.020934
vt 0.429408 0.026088
vt 0.623859 0.331146
vt 0.624429 0.328753
vt 0.624426 0.672115
vt 0.623850 0.669645
vt 0.625000 0.326363
vt 0.625000 0.674577
vt 0.375000 0.326363
vt 0.375574 0.328827
vt 0.375571 0.672187
vt 0.375000 0.674577
vt 0.376141 0.669795
vt 0.578161 0.027482
vt 0.650455 0.152712
vt 0.647803 0.152179
vt 0.580123 0.024395
vt 0.654246 0.152779
vt 0.623934 0.312500
vt 0.623968 0.321068
vt 0.584372 0.321257
vt 0.584402 0.312500
vt 0.584483 0.331295
vt 0.422789 0.029910
vt 0.424009 0.028357
vt 0.495430 0.146300
vt 0.493481 0.146584
vt 0.425589 0.027155
vt 0.497245 0.145538
vt 0.427427 0.026384
vt 0.498804 0.144352
vt 0.417816 0.331295
vt 0.417705 0.321258
vt 0.457301 0.321187
vt 0.457193 0.331146
vt 0.417736 0.312500
vt 0.457268 0.312500
vt 0.419871 0.024405
vt 0.421840 0.027493
vt 0.349535 0.152716
vt 0.345748 0.152789
vt 0.352197 0.152179
vt 0.416097 0.331166
vt 0.416091 0.669697
vt 0.415517 0.669645
vt 0.416668 0.331200
vt 0.416665 0.669740
vt 0.417241 0.331244
vt 0.417236 0.669774
vt 0.417807 0.669795
vt 0.352197 0.159822
vt 0.351436 0.158003
vt 0.494234 0.152267
vt 0.493481 0.154111
vt 0.351177 0.156039
vt 0.494490 0.150309
vt 0.351437 0.154057
vt 0.494234 0.148371
vt 0.459483 0.331295
vt 0.459372 0.321258
vt 0.498968 0.321187
vt 0.498859 0.331146
vt 0.459402 0.312500
vt 0.498934 0.312500
vt 0.345754 0.159721
vt 0.349545 0.159484
vt 0.421839 0.284713
vt 0.419877 0.288105
vt 0.422789 0.282091
vt 0.457763 0.331166
vt 0.457758 0.669696
vt 0.457184 0.669645
vt 0.458335 0.331200
vt 0.458331 0.669740
vt 0.458909 0.331244
vt 0.458903 0.669774
vt 0.459474 0.669795
vt 0.429408 0.285913
vt 0.427427 0.285677
vt 0.498805 0.156287
vt 0.500000 0.157875
vt 0.425588 0.284925
vt 0.497246 0.155080
vt 0.424009 0.283703
vt 0.495431 0.154339
vt 0.501150 0.331295
vt 0.501039 0.321258
vt 0.540634 0.321187
vt 0.540526 0.331146
vt 0.501069 0.312500
vt 0.540601 0.312500
vt 0.425883 0.291566
vt 0.427705 0.288088
vt 0.572304 0.288096
vt 0.574129 0.291566
vt 0.570592 0.285913
vt 0.499430 0.331166
vt 0.499425 0.669697
vt 0.498850 0.669645
vt 0.500001 0.331200
vt 0.499998 0.669740
vt 0.500575 0.331244
vt 0.500570 0.669774
vt 0.501141 0.669795
vt 0.577211 0.282091
vt 0.575991 0.283703
vt 0.504571 0.154339
vt 0.506519 0.154111
vt 0.574411 0.284924
vt 0.502756 0.155080
vt 0.572573 0.285676
vt 0.501195 0.156288
vt 0.542816 0.331295
vt 0.542705 0.321258
vt 0.582301 0.321187
vt 0.582193 0.331146
vt 0.542736 0.312500
vt 0.582268 0.312500
vt 0.580129 0.288095
vt 0.578160 0.284702
vt 0.650465 0.159480
vt 0.654252 0.159711
vt 0.647803 0.159822
vt 0.541096 0.331166
vt 0.541092 0.669697
vt 0.540517 0.669645
vt 0.541669 0.331200
vt 0.541665 0.669740
vt 0.542242 0.331244
vt 0.542236 0.669774
vt 0.542807 0.669795
vt 0.648564 0.154057
vt 0.505766 0.148370
vt 0.648823 0.156041
vt 0.505509 0.150309
vt 0.648563 0.158004
vt 0.505766 0.152267
vt 0.582763 0.331166
vt 0.582758 0.669696
vt 0.582184 0.669645
vt 0.583335 0.331200
vt 0.583331 0.669740
vt 0.583908 0.331244
vt 0.583903 0.669774
vt 0.584474 0.669795
vt 0.577211 0.969591
vt 0.575992 0.971202
vt 0.504570 0.841839
vt 0.506519 0.841611
vt 0.574412 0.972425
vt 0.502755 0.842580
vt 0.572573 0.973177
vt 0.501196 0.843787
vt 0.570592 0.973413
vt 0.500000 0.845375
vt 0.623961 0.679806
vt 0.584365 0.679753
vt 0.623931 0.688440
vt 0.584399 0.688440
vt 0.580129 0.975595
vt 0.578160 0.972202
vt 0.650465 0.846980
vt 0.654252 0.847211
vt 0.647803 0.847322
vt 0.572304 0.975596
vt 0.427705 0.975588
vt 0.429408 0.973413
vt 0.574128 0.979066
vt 0.425883 0.979066
vt 0.376066 0.688440
vt 0.376032 0.679871
vt 0.415628 0.679682
vt 0.415598 0.688440
vt 0.427427 0.973177
vt 0.498804 0.843787
vt 0.425588 0.972425
vt 0.497246 0.842581
vt 0.424009 0.971203
vt 0.495431 0.841839
vt 0.422789 0.969591
vt 0.493481 0.841611
vt 0.421839 0.972214
vt 0.349545 0.846984
vt 0.352197 0.847322
vt 0.419877 0.975605
vt 0.345754 0.847221
vt 0.417732 0.688440
vt 0.417699 0.679753
vt 0.457295 0.679683
vt 0.457264 0.688440
vt 0.351437 0.845504
vt 0.494234 0.839767
vt 0.351177 0.843539
vt 0.494491 0.837808
vt 0.351437 0.841556
vt 0.494234 0.835870
vt 0.352197 0.839679
vt 0.493481 0.834084
vt 0.349535 0.840216
vt 0.421840 0.714992
vt 0.422789 0.717410
vt 0.345748 0.840289
vt 0.419871 0.711905
vt 0.459399 0.688440
vt 0.459365 0.679753
vt 0.498961 0.679682
vt 0.498931 0.688440
vt 0.424009 0.715857
vt 0.495429 0.833800
vt 0.425589 0.714656
vt 0.497244 0.833038
vt 0.427428 0.713884
vt 0.498803 0.831852
vt 0.429408 0.713588
vt 0.500000 0.830320
vt 0.427696 0.711600
vt 0.572296 0.711607
vt 0.570592 0.713588
vt 0.425872 0.708434
vt 0.574117 0.708434
vt 0.501066 0.688440
vt 0.501032 0.679753
vt 0.540628 0.679682
vt 0.540598 0.688440
vt 0.572572 0.713884
vt 0.501196 0.831851
vt 0.574412 0.714656
vt 0.502755 0.833037
vt 0.575991 0.715858
vt 0.504571 0.833799
vt 0.577211 0.717410
vt 0.506519 0.834084
vt 0.578161 0.714982
vt 0.650455 0.840212
vt 0.647804 0.839679
vt 0.580123 0.711895
vt 0.654246 0.840279
vt 0.542732 0.688440
vt 0.542699 0.679753
vt 0.582295 0.679682
vt 0.582264 0.688440
vt 0.648564 0.841557
vt 0.505766 0.835871
vt 0.648823 0.843542
vt 0.505509 0.837810
vt 0.648563 0.845505
vt 0.505766 0.839767
vt 0.577058 0.026065
vt 0.575737 0.024937
vt 0.574109 0.024354
vt 0.576122 0.020934
vt 0.375534 0.312500
vt 0.375519 0.320128
vt 0.375000 0.318970
vt 0.625000 0.318970
vt 0.624482 0.320094
vt 0.624467 0.312500
vt 0.579125 0.022665
vt 0.578125 0.020934
vt 0.625000 0.312500
vt 0.425899 0.024357
vt 0.424257 0.024940
vt 0.422944 0.026055
vt 0.420873 0.022669
vt 0.417201 0.312500
vt 0.417186 0.321386
vt 0.416667 0.321416
vt 0.416149 0.321352
vt 0.416133 0.312500
vt 0.423875 0.020934
vt 0.421875 0.020934
vt 0.416667 0.312500
vt 0.348841 0.154412
vt 0.348519 0.156128
vt 0.348835 0.157819
vt 0.344752 0.157985
vt 0.458868 0.312500
vt 0.458853 0.321386
vt 0.458333 0.321416
vt 0.457816 0.321352
vt 0.457800 0.312500
vt 0.344750 0.154518
vt 0.343750 0.156250
vt 0.458333 0.312500
vt 0.422942 0.286173
vt 0.424262 0.287312
vt 0.425890 0.287882
vt 0.423878 0.291566
vt 0.500534 0.312500
vt 0.500519 0.321386
vt 0.500000 0.321416
vt 0.499482 0.321352
vt 0.499467 0.312500
vt 0.420875 0.289835
vt 0.421875 0.291566
vt 0.500000 0.312500
vt 0.574101 0.287881
vt 0.575743 0.287309
vt 0.577056 0.286181
vt 0.579127 0.289831
vt 0.542201 0.312500
vt 0.542186 0.321386
vt 0.541667 0.321416
vt 0.541149 0.321352
vt 0.541133 0.312500
vt 0.576125 0.291566
vt 0.578125 0.291566
vt 0.541667 0.312500
vt 0.651159 0.157827
vt 0.651481 0.156122
vt 0.651166 0.154417
vt 0.655248 0.154515
vt 0.583868 0.312500
vt 0.583853 0.321386
vt 0.583333 0.321416
vt 0.582816 0.321352
vt 0.582800 0.312500
vt 0.655250 0.157982
vt 0.583333 0.312500
vt 0.574101 0.975381
vt 0.575743 0.974809
vt 0.577056 0.973681
vt 0.579127 0.977331
vt 0.624466 0.688440
vt 0.624481 0.680812
vt 0.625000 0.681970
vt 0.375000 0.681970
vt 0.375518 0.680845
vt 0.375533 0.688440
vt 0.576125 0.979066
vt 0.578125 0.979066
vt 0.625000 0.688440
vt 0.422942 0.973673
vt 0.424262 0.974812
vt 0.425890 0.975382
vt 0.423878 0.979066
vt 0.416132 0.688440
vt 0.416147 0.679554
vt 0.416667 0.679524
vt 0.417184 0.679588
vt 0.417200 0.688440
vt 0.420875 0.977335
vt 0.421875 0.979066
vt 0.416667 0.688440
vt 0.348841 0.841911
vt 0.348519 0.843628
vt 0.348835 0.845319
vt 0.344752 0.845485
vt 0.457799 0.688440
vt 0.457814 0.679554
vt 0.458333 0.679524
vt 0.458851 0.679588
vt 0.458867 0.688440
vt 0.344750 0.842018
vt 0.343750 0.843750
vt 0.458333 0.688440
vt 0.425899 0.711857
vt 0.424257 0.712440
vt 0.422944 0.713555
vt 0.420873 0.710169
vt 0.499466 0.688440
vt 0.499481 0.679554
vt 0.500000 0.679524
vt 0.500518 0.679588
vt 0.500533 0.688440
vt 0.423875 0.708434
vt 0.421875 0.708434
vt 0.500000 0.688440
vt 0.577058 0.713566
vt 0.575738 0.712437
vt 0.574110 0.711855
vt 0.576122 0.708434
vt 0.541132 0.688440
vt 0.541147 0.679554
vt 0.541667 0.679524
vt 0.542184 0.679588
vt 0.542200 0.688440
vt 0.579125 0.710165
vt 0.578125 0.708434
vt 0.541667 0.688440
vt 0.651159 0.845327
vt 0.651481 0.843622
vt 0.651165 0.841917
vt 0.655248 0.842015
vt 0.582799 0.688440
vt 0.582814 0.679553
vt 0.583333 0.679524
vt 0.583851 0.679588
vt 0.583867 0.688440
vt 0.655250 0.845482
vt 0.583333 0.688440
vt 0.503325 0.148342
vt 0.502648 0.150200
vt 0.503326 0.152183
vt 0.501325 0.152494
vt 0.500000 0.154103
vt 0.498676 0.152493
vt 0.496675 0.152182
vt 0.497352 0.150200
vt 0.496675 0.148342
vt 0.498676 0.147906
vt 0.500000 0.146423
vt 0.501324 0.147906
vt 0.503326 0.835843
vt 0.502649 0.837700
vt 0.503326 0.839682
vt 0.501324 0.839993
vt 0.500000 0.841602
vt 0.498676 0.839993
vt 0.496675 0.839682
vt 0.497352 0.837699
vt 0.496674 0.835842
vt 0.498676 0.835406
vt 0.500000 0.833923
vt 0.501324 0.835406
s 1
usemtl aiWireframe1.031
f 63/1/1 64/2/2 2/3/3
f 209/4/4 41/5/5 3/6/6
f 234/7/7 53/8/8 4/9/9
f 18/10/10 58/11/11 6/12/12
f 256/13/13 19/14/14 7/15/15
f 269/16/16 176/17/17 8/18/18
f 311/19/19 26/20/20 9/21/21
f 30/22/22 94/23/23 11/24/24
f 36/25/25 37/26/26 12/27/27
f 211/28/28 42/29/29 13/30/30
f 216/31/31 116/32/32 14/33/33
f 242/34/34 54/35/35 15/36/36
f 244/37/37 55/38/38 16/39/39
f 246/40/40 124/41/41 17/42/42
f 57/43/10 58/11/11 18/10/10
f 257/44/43 61/45/44 19/14/14
f 62/46/45 63/1/45 20/47/46
f 272/48/47 68/49/48 21/50/49
f 286/51/50 75/52/51 22/53/52
f 297/54/53 81/55/54 23/56/55
f 303/57/56 180/58/57 24/59/58
f 306/60/59 198/61/60 25/62/61
f 312/63/62 143/64/63 26/20/20
f 331/65/64 152/66/65 27/67/66
f 334/68/67 91/69/68 29/70/69
f 93/71/22 94/23/23 30/22/22
f 343/72/70 188/73/71 31/74/72
f 345/75/73 201/76/74 32/77/75
f 351/78/76 190/79/77 33/80/78
f 357/81/79 191/82/80 34/83/81
f 363/84/82 156/85/83 35/86/84
f 107/87/85 163/88/86 37/26/26
f 382/89/87 112/90/88 38/91/89
f 384/92/90 195/93/91 39/94/92
f 208/95/93 209/4/4 40/96/94
f 210/97/95 211/28/28 41/5/5
f 212/98/96 114/99/97 42/29/29
f 215/100/98 216/31/31 43/101/99
f 220/102/100 117/103/101 45/104/102
f 223/105/103 169/106/104 46/107/105
f 230/108/106 119/109/107 50/110/108
f 233/111/109 234/7/7 52/112/110
f 235/113/111 120/114/112 53/8/8
f 243/115/113 244/37/37 54/35/35
f 245/116/114 246/40/40 55/38/38
f 252/117/115 125/118/116 60/119/117
f 258/120/118 128/121/119 61/45/44
f 262/122/120 130/123/121 64/2/2
f 265/124/122 132/125/123 65/126/124
f 268/127/125 269/16/16 66/128/126
f 271/129/127 272/48/47 67/130/128
f 273/131/129 134/132/130 68/49/48
f 276/133/131 136/134/132 69/135/133
f 284/136/134 139/137/135 74/138/136
f 288/139/137 140/140/138 76/141/139
f 292/142/140 178/143/141 78/144/142
f 296/145/143 297/54/53 80/146/144
f 298/147/145 206/148/146 81/55/54
f 301/149/147 142/150/148 83/151/149
f 309/152/150 182/153/151 85/154/152
f 315/155/153 144/156/154 86/157/155
f 318/158/156 184/159/157 88/160/158
f 320/161/159 145/162/160 89/163/161
f 329/164/162 151/165/163 90/166/164
f 335/167/165 185/168/166 91/69/68
f 342/169/167 343/72/70 96/170/168
f 349/171/169 202/172/170 98/173/171
f 354/174/172 155/175/173 100/176/174
f 356/177/175 357/81/79 101/178/176
f 359/179/177 192/180/178 102/181/179
f 362/182/180 363/84/82 104/183/181
f 365/184/182 157/185/183 105/186/184
f 162/187/85 163/88/86 107/87/85
f 377/188/185 166/189/186 108/190/187
f 381/191/188 382/89/87 111/192/189
f 383/193/190 384/92/90 112/90/88
f 214/194/191 215/100/98 115/195/192
f 217/196/193 167/197/194 116/32/32
f 221/198/195 168/199/196 117/103/101
f 226/200/197 227/201/198 118/202/199
f 231/203/200 232/204/201 119/109/107
f 236/205/202 171/206/203 120/114/112
f 239/207/204 197/208/205 122/209/206
f 241/210/207 242/34/34 123/211/208
f 247/212/209 172/213/210 124/41/41
f 255/214/211 256/13/13 127/215/212
f 174/216/45 175/217/45 129/218/45
f 264/219/213 265/124/122 131/220/214
f 267/221/215 268/127/125 133/222/216
f 275/223/217 276/133/131 135/224/218
f 277/225/219 177/226/220 136/134/132
f 279/227/221 280/228/222 137/229/223
f 281/230/224 282/231/225 138/232/226
f 285/233/227 286/51/50 139/137/135
f 290/234/228 291/235/229 141/236/230
f 302/237/231 303/57/56 142/150/148
f 313/238/232 183/239/233 143/64/63
f 316/240/234 317/241/235 144/156/154
f 322/242/236 199/243/237 146/244/238
f 326/245/239 200/246/240 149/247/241
f 328/248/242 329/164/162 150/249/243
f 330/250/244 331/65/64 151/165/163
f 332/251/245 333/252/246 152/66/65
f 337/253/247 186/254/248 153/255/249
f 187/256/22 340/257/250 154/258/22
f 355/259/251 356/177/175 155/175/173
f 364/260/252 365/184/182 156/85/83
f 368/261/253 203/262/254 159/263/255
f 373/264/256 194/265/257 163/88/86
f 376/266/258 377/188/185 165/267/259
f 378/268/260 379/269/261 166/189/186
f 218/270/262 219/271/263 167/197/194
f 222/272/264 223/105/103 168/199/196
f 225/273/265 226/200/197 170/274/266
f 237/275/267 238/276/268 171/206/203
f 249/277/269 250/278/270 173/279/10
f 261/280/271 262/122/120 175/217/1
f 270/281/272 271/129/127 176/17/17
f 278/282/273 279/227/221 177/226/220
f 294/283/274 295/284/275 179/285/276
f 305/286/277 306/60/59 181/287/278
f 310/288/279 311/19/19 182/153/151
f 314/289/280 315/155/153 183/239/233
f 319/290/281 320/161/159 184/159/157
f 336/291/282 337/253/247 185/168/166
f 339/292/283 340/257/250 187/256/22
f 344/293/284 345/75/73 188/73/71
f 347/294/285 348/295/286 189/296/287
f 352/297/288 353/298/289 190/79/77
f 358/299/290 359/179/177 191/82/80
f 360/300/291 361/301/292 192/180/178
f 204/302/25 372/303/293 193/304/25
f 374/305/294 375/306/295 194/265/257
f 386/307/296 113/308/297 196/309/298
f 240/310/299 241/210/207 197/208/205
f 307/311/300 308/312/301 198/61/60
f 323/313/302 324/314/303 199/243/237
f 327/315/304 328/248/242 200/246/240
f 346/316/305 347/294/285 201/76/74
f 350/317/306 351/78/76 202/172/170
f 369/318/307 370/319/308 203/262/254
f 371/320/309 372/303/293 204/302/25
f 248/321/310 249/277/269 205/322/311
f 299/323/312 300/324/313 206/148/146
f 338/325/314 339/292/283 207/326/315
f 392/273/316 446/327/317 391/328/318
f 417/329/319 448/330/320 416/331/321
f 423/332/322 449/333/323 422/334/324
f 440/335/325 450/336/326 439/337/327
f 387/338/328 506/339/329 447/340/330
f 390/341/331 451/342/332 389/343/333
f 398/115/334 454/344/335 397/345/336
f 400/277/337 455/346/338 399/347/339
f 411/348/340 457/349/341 410/350/342
f 428/351/343 458/352/344 427/353/345
f 433/354/346 459/355/347 432/356/348
f 437/357/349 460/358/350 436/359/351
f 443/360/352 462/361/353 442/362/354
f 388/363/355 463/364/356 387/338/328
f 394/203/357 464/365/358 393/366/359
f 402/214/360 465/367/361 401/368/362
f 404/280/363 466/369/364 403/370/365
f 406/221/366 467/371/367 405/372/368
f 456/373/369 469/374/370 408/131/371
f 415/375/372 471/376/373 414/377/374
f 449/333/323 474/378/375 421/379/376
f 458/352/344 476/380/377 426/381/378
f 430/382/379 477/383/380 429/384/381
f 459/355/347 478/385/382 431/386/383
f 460/358/350 479/387/384 435/388/385
f 450/336/326 480/389/386 438/390/387
f 461/391/388 481/392/389 440/335/325
f 506/393/329 484/394/390 445/395/391
f 451/342/332 485/396/392 388/363/355
f 468/397/393 486/398/394 406/221/366
f 470/399/395 488/400/396 412/233/397
f 448/330/320 489/401/398 415/375/372
f 472/402/399 490/403/400 418/404/401
f 477/383/380 491/405/402 428/351/343
f 478/385/382 492/406/403 430/382/379
f 446/327/317 493/407/404 390/341/331
f 464/365/358 494/408/405 392/273/316
f 452/409/406 495/410/407 394/203/357
f 455/346/338 496/411/408 398/115/334
f 466/369/364 497/412/409 402/214/360
f 467/371/367 498/413/410 404/280/363
f 490/403/400 499/414/411 417/329/319
f 475/415/412 500/416/413 424/417/414
f 479/387/384 502/418/415 434/419/416
f 480/389/386 503/420/417 437/357/349
f 465/367/361 504/421/418 400/277/337
f 500/416/413 505/422/419 423/332/322
f 13/423/30 40/424/94 3/425/6 41/426/5
f 116/427/32 167/428/194 114/429/97 115/430/192
f 14/431/33 116/427/32 115/430/192 43/432/99
f 169/433/104 44/434/420 45/435/102 46/436/105
f 46/436/105 45/435/102 117/437/101 168/438/196
f 50/439/108 170/440/266 118/441/199 49/442/421
f 49/442/421 118/441/199 47/443/422 48/444/423
f 120/445/112 119/446/107 51/447/424 53/448/8
f 53/448/8 51/447/424 52/449/110 4/450/9
f 15/451/36 171/452/203 121/453/425 123/454/208
f 197/455/205 123/454/208 121/453/425 122/456/206
f 124/457/41 5/458/426 54/459/35 16/460/39
f 124/457/41 16/460/39 55/461/38 17/462/42
f 125/463/116 126/464/427 6/465/12 58/466/11
f 60/467/117 125/463/116 58/466/11 59/468/428
f 20/469/46 127/470/212 7/471/15 128/472/119
f 128/472/119 7/471/15 19/473/14 61/474/44
f 132/475/123 2/476/3 64/477/2 65/478/124
f 131/479/214 65/478/124 64/477/2 130/480/121
f 67/481/128 21/482/49 133/483/216 66/484/126
f 67/481/128 66/484/126 8/485/18 176/486/17
f 136/487/132 177/488/220 68/489/48 134/490/130
f 136/487/132 134/490/130 135/491/218 69/492/133
f 74/493/136 137/494/223 70/495/429 73/496/430
f 72/497/431 73/496/430 70/495/429 71/498/432
f 141/499/230 139/500/135 22/501/52 140/502/138
f 76/503/139 140/502/138 22/501/52 75/504/51
f 80/505/144 77/506/433 78/507/142 79/508/434
f 79/508/434 78/507/142 178/509/141 179/510/276
f 142/511/148 23/512/55 81/513/54 83/514/149
f 83/514/149 81/513/54 206/515/146 82/516/435
f 198/517/60 84/518/436 24/519/58 180/520/57
f 25/521/61 198/517/60 180/520/57 181/522/278
f 183/523/233 85/524/152 182/525/151 143/526/63
f 143/526/63 182/525/151 9/527/21 26/528/20
f 89/529/161 86/530/155 144/531/154 184/532/157
f 184/532/157 144/531/154 87/533/437 88/534/158
f 149/535/241 145/536/160 146/537/238 148/538/438
f 148/538/438 146/537/238 199/539/237 147/540/439
f 152/541/65 200/542/240 150/543/243 27/544/66
f 27/544/66 150/543/243 90/545/164 151/546/163
f 10/547/440 28/548/441 29/549/69 153/550/249
f 153/550/249 29/549/69 91/551/68 185/552/166
f 31/553/72 188/554/71 11/555/24 94/556/23
f 96/557/168 31/553/72 94/556/23 95/558/442
f 202/559/170 32/560/75 201/561/74 98/562/171
f 98/562/171 201/561/74 189/563/287 97/564/443
f 155/565/173 101/566/176 33/567/78 190/568/77
f 100/569/174 155/565/173 190/568/77 99/570/444
f 104/571/181 34/572/81 191/573/80 103/574/445
f 103/574/445 191/573/80 102/575/179 192/576/178
f 158/577/446 159/578/255 35/579/84 156/580/83
f 157/581/183 158/577/446 156/580/83 105/582/184
f 194/583/257 203/584/254 160/585/447 163/586/86
f 163/586/86 160/585/447 12/587/27 37/588/26
f 110/589/448 164/590/449 165/591/259 109/592/450
f 166/593/186 109/592/450 165/591/259 108/594/187
f 196/595/298 111/596/189 38/597/89 195/598/91
f 195/598/91 38/597/89 112/599/88 39/600/92
f 6/12/12 5/601/426 56/602/311 18/10/311
f 20/47/46 63/1/45 2/3/3
f 40/96/94 209/4/4 3/6/6
f 52/112/110 234/7/7 4/9/9
f 124/41/41 56/602/210 5/601/426
f 11/24/24 10/603/440 92/604/315 30/22/315
f 127/215/212 256/13/13 7/15/15
f 66/128/126 269/16/16 8/18/18
f 182/153/151 311/19/19 9/21/21
f 153/255/249 92/604/248 10/603/440
f 29/70/69 28/605/441 333/252/246 334/68/67
f 160/606/447 36/25/451 12/27/27
f 41/5/5 211/28/28 13/30/30
f 43/101/99 216/31/31 14/33/33
f 123/211/208 242/34/34 15/36/36
f 54/35/35 244/37/37 16/39/39
f 55/38/38 246/40/40 17/42/42
f 56/602/311 57/43/311 18/10/311
f 256/13/13 257/44/43 19/14/14
f 128/121/119 62/46/452 20/47/46
f 67/130/128 272/48/47 21/50/49
f 139/137/135 286/51/50 22/53/52
f 80/146/144 297/54/53 23/56/55
f 142/150/148 303/57/56 24/59/58
f 181/287/278 306/60/59 25/62/61
f 311/19/19 312/63/62 26/20/20
f 151/165/163 331/65/64 27/67/66
f 152/66/65 333/252/246 28/605/441
f 37/26/26 36/25/25 106/607/25 107/87/25
f 92/604/315 93/71/315 30/22/315
f 96/170/168 343/72/70 31/74/72
f 188/73/71 345/75/73 32/77/75
f 202/172/170 351/78/76 33/80/78
f 101/178/176 357/81/79 34/83/81
f 104/183/181 363/84/82 35/86/84
f 160/606/447 106/607/451 36/25/451
f 40/96/94 1/608/453 113/340/297 208/95/93
f 111/192/189 382/89/87 38/91/89
f 112/90/88 384/92/90 39/94/92
f 45/104/102 44/609/420 219/271/263 220/102/100
f 209/4/4 210/97/95 41/5/5
f 211/28/28 212/98/96 42/29/29
f 115/195/192 215/100/98 43/101/99
f 167/197/194 219/271/263 44/609/420
f 48/610/423 47/611/422 227/201/198 228/612/454
f 168/199/196 223/105/103 46/107/105
f 118/202/199 227/201/198 47/611/422
f 49/613/421 48/610/423 228/612/454 229/614/455
f 50/110/108 49/613/421 229/614/455 230/108/106
f 52/112/110 51/615/424 232/204/201 233/111/109
f 119/109/107 232/204/201 51/615/424
f 57/43/311 56/602/311 172/213/311 173/279/311
f 234/7/7 235/113/111 53/8/8
f 242/34/34 243/115/113 54/35/35
f 244/37/37 245/116/114 55/38/38
f 124/41/41 172/213/210 56/602/210
f 58/11/11 57/43/10 173/279/10 250/278/270
f 59/616/428 58/11/11 250/278/270 251/617/456
f 60/119/117 59/616/428 251/617/456 252/117/115
f 63/1/45 62/46/45 129/218/45 175/217/45
f 257/44/43 258/120/118 61/45/44
f 128/121/119 129/218/452 62/46/452
f 64/2/2 63/1/1 175/217/1 262/122/120
f 71/618/432 70/619/429 280/228/222 138/232/457
f 131/220/214 265/124/122 65/126/124
f 133/222/216 268/127/125 66/128/126
f 176/17/17 271/129/127 67/130/128
f 272/48/47 273/131/129 68/49/48
f 135/224/218 276/133/131 69/135/133
f 137/229/223 280/228/222 70/619/429
f 72/620/431 71/618/432 138/232/226 282/231/225
f 73/621/430 72/620/431 282/231/225 283/622/458
f 74/138/136 73/621/430 283/622/458 284/136/134
f 76/141/139 75/52/51 287/623/459 288/139/137
f 286/51/50 287/623/459 75/52/51
f 78/144/142 77/624/433 291/235/229 292/142/140
f 141/236/230 291/235/229 77/624/433
f 80/146/144 79/625/434 295/284/275 296/145/143
f 179/285/276 295/284/275 79/625/434
f 83/151/149 82/626/435 300/324/313 301/149/147
f 297/54/53 298/147/145 81/55/54
f 206/148/146 300/324/313 82/626/435
f 85/154/152 84/627/436 308/312/301 309/152/150
f 198/61/60 308/312/301 84/627/436
f 88/160/158 87/628/437 317/241/235 318/158/156
f 183/239/233 315/155/153 86/157/155
f 144/156/154 317/241/235 87/628/437
f 93/71/315 92/604/315 186/254/315 154/258/315
f 184/159/157 320/161/159 89/163/161
f 150/249/243 329/164/162 90/166/164
f 334/68/67 335/167/165 91/69/68
f 153/255/249 186/254/248 92/604/248
f 94/23/23 93/71/22 154/258/22 340/257/250
f 95/629/442 94/23/23 340/257/250 341/630/460
f 96/170/168 95/629/442 341/630/460 342/169/167
f 98/173/171 97/631/443 348/295/286 349/171/169
f 189/296/287 348/295/286 97/631/443
f 100/176/174 99/632/444 353/298/289 354/174/172
f 190/79/77 353/298/289 99/632/444
f 104/183/181 103/633/445 361/301/292 362/182/180
f 155/175/173 356/177/175 101/178/176
f 191/82/80 359/179/177 102/181/179
f 192/180/178 361/301/292 103/633/445
f 107/87/25 106/607/25 161/634/25 162/187/25
f 156/85/83 365/184/182 105/186/184
f 160/606/447 161/634/451 106/607/451
f 110/635/448 109/636/450 379/269/261 380/637/461
f 165/267/259 377/188/185 108/190/187
f 166/189/186 379/269/261 109/636/450
f 111/192/189 110/635/448 380/637/461 381/191/188
f 115/195/192 114/99/97 213/363/462 214/194/191
f 382/89/87 383/193/190 112/90/88
f 196/309/298 113/308/297 1/638/453
f 212/98/96 213/363/462 114/99/97
f 122/209/206 121/639/425 238/276/268 239/207/204
f 216/31/31 217/196/193 116/32/32
f 220/102/100 221/198/195 117/103/101
f 170/274/266 226/200/197 118/202/199
f 42/640/29 1/641/453 40/424/94 13/423/30
f 230/108/106 231/203/200 119/109/107
f 235/113/111 236/205/202 120/114/112
f 171/206/203 238/276/268 121/639/425
f 126/642/427 125/118/116 253/643/463 254/644/464
f 197/208/205 241/210/207 123/211/208
f 246/40/40 247/212/209 124/41/41
f 252/117/115 253/643/463 125/118/116
f 127/215/212 126/642/427 254/644/464 255/214/211
f 129/218/452 128/121/119 259/645/465 174/216/452
f 258/120/118 259/645/465 128/121/119
f 131/220/214 130/123/121 263/646/466 264/219/213
f 262/122/120 263/646/466 130/123/121
f 133/222/216 132/125/123 266/647/467 267/221/215
f 265/124/122 266/647/467 132/125/123
f 135/224/218 134/132/130 274/648/468 275/223/217
f 273/131/129 274/648/468 134/132/130
f 141/236/230 140/140/138 289/649/469 290/234/228
f 276/133/131 277/225/219 136/134/132
f 177/226/220 279/227/221 137/229/223
f 280/228/222 281/230/224 138/232/457
f 284/136/134 285/233/227 139/137/135
f 288/139/137 289/649/469 140/140/138
f 146/244/238 145/162/160 321/650/470 322/242/236
f 301/149/147 302/237/231 142/150/148
f 312/63/62 313/238/232 143/64/63
f 315/155/153 316/240/234 144/156/154
f 320/161/159 321/650/470 145/162/160
f 148/651/438 147/652/439 324/314/303 325/653/471
f 199/243/237 324/314/303 147/652/439
f 149/247/241 148/651/438 325/653/471 326/245/239
f 158/654/446 157/185/183 366/655/472 367/656/473
f 200/246/240 328/248/242 150/249/243
f 329/164/162 330/250/244 151/165/163
f 331/65/64 332/251/245 152/66/65
f 185/168/166 337/253/247 153/255/249
f 186/254/315 187/256/315 154/258/315
f 354/174/172 355/259/251 155/175/173
f 363/84/82 364/260/252 156/85/83
f 365/184/182 366/655/472 157/185/183
f 159/263/255 158/654/446 367/656/473 368/261/253
f 161/634/451 160/606/447 370/319/308 193/304/451
f 203/262/254 370/319/308 160/606/447
f 162/187/25 161/634/25 193/304/25 372/303/293
f 163/88/86 162/187/85 372/303/293 373/264/256
f 165/267/259 164/657/449 375/306/295 376/266/258
f 194/265/257 375/306/295 164/657/449
f 170/274/266 169/106/104 224/658/474 225/273/265
f 377/188/185 378/268/260 166/189/186
f 217/196/193 218/270/262 167/197/194
f 221/198/195 222/272/264 168/199/196
f 223/105/103 224/658/474 169/106/104
f 173/279/311 172/213/311 205/322/311 249/277/269
f 236/205/202 237/275/267 171/206/203
f 247/212/209 205/322/210 172/213/210
f 175/217/45 174/216/45 260/659/475 261/280/271
f 259/645/465 260/659/475 174/216/452
f 179/285/276 178/143/141 293/660/476 294/283/274
f 269/16/16 270/281/272 176/17/17
f 277/225/219 278/282/273 177/226/220
f 292/142/140 293/660/476 178/143/141
f 181/287/278 180/58/57 304/661/477 305/286/277
f 303/57/56 304/661/477 180/58/57
f 187/256/315 186/254/315 207/326/315 339/292/283
f 309/152/150 310/288/279 182/153/151
f 313/238/232 314/289/280 183/239/233
f 318/158/156 319/290/281 184/159/157
f 335/167/165 336/291/282 185/168/166
f 337/253/247 207/326/248 186/254/248
f 196/309/298 195/93/91 385/662/478 386/307/296
f 343/72/70 344/293/284 188/73/71
f 201/76/74 347/294/285 189/296/287
f 351/78/76 352/297/288 190/79/77
f 357/81/79 358/299/290 191/82/80
f 359/179/177 360/300/291 192/180/178
f 370/319/308 204/302/451 193/304/451
f 373/264/256 374/305/294 194/265/257
f 384/92/90 385/662/478 195/93/91
f 113/663/297 212/664/96 211/665/28 208/666/93
f 239/207/204 240/310/299 197/208/205
f 306/60/59 307/311/300 198/61/60
f 322/242/236 323/313/302 199/243/237
f 326/245/239 327/315/304 200/246/240
f 345/75/73 346/316/305 201/76/74
f 349/171/169 350/317/306 202/172/170
f 368/261/253 369/318/307 203/262/254
f 370/319/308 371/320/309 204/302/451
f 247/212/209 248/321/310 205/322/210
f 298/147/145 299/323/312 206/148/146
f 337/253/247 338/325/314 207/326/248
f 208/666/93 211/665/28 210/667/95 209/668/4
f 213/669/462 218/670/262 217/671/193 214/672/191
f 214/672/191 217/671/193 216/673/31 215/674/98
f 219/675/263 224/676/474 223/677/103 220/678/100
f 221/679/195 220/678/100 223/677/103 222/680/264
f 225/681/265 230/682/106 229/683/455 226/684/197
f 227/685/198 226/684/197 229/683/455 228/686/454
f 232/687/201 231/688/200 236/689/202 235/690/111
f 232/687/201 235/690/111 234/691/7 233/692/109
f 238/693/268 237/694/267 242/695/34 241/696/207
f 238/693/268 241/696/207 240/697/299 239/698/204
f 243/699/113 248/700/310 247/701/209 244/702/37
f 245/703/114 244/702/37 247/701/209 246/704/40
f 249/705/269 254/706/464 253/707/463 250/708/270
f 250/708/270 253/707/463 252/709/115 251/710/456
f 256/711/13 255/712/211 260/713/475 259/714/465
f 257/715/43 256/711/13 259/714/465 258/716/118
f 262/717/120 261/718/271 266/719/467 265/720/122
f 262/717/120 265/720/122 264/721/213 263/722/466
f 267/723/215 272/724/47 271/725/127 268/726/125
f 269/727/16 268/726/125 271/725/127 270/728/272
f 273/729/129 278/730/273 277/731/219 274/732/468
f 274/732/468 277/731/219 276/733/131 275/734/217
f 279/735/221 284/736/134 283/737/458 280/738/222
f 280/738/222 283/737/458 282/739/225 281/740/224
f 285/741/227 290/742/228 289/743/469 286/744/50
f 286/744/50 289/743/469 288/745/137 287/746/459
f 292/747/140 291/748/229 296/749/143 295/750/275
f 293/751/476 292/747/140 295/750/275 294/752/274
f 297/753/53 302/754/231 301/755/147 298/756/145
f 298/756/145 301/755/147 300/757/313 299/758/312
f 303/759/56 308/760/301 307/761/300 304/762/477
f 304/762/477 307/761/300 306/763/59 305/764/277
f 309/765/150 314/766/280 313/767/232 310/768/279
f 311/769/19 310/768/279 313/767/232 312/770/62
f 316/771/234 315/772/153 320/773/159 319/774/281
f 317/775/235 316/771/234 319/774/281 318/776/156
f 321/777/470 326/778/239 325/779/471 322/780/236
f 323/781/302 322/780/236 325/779/471 324/782/303
f 328/783/242 327/784/304 332/785/245 331/786/64
f 329/787/162 328/783/242 331/786/64 330/788/244
f 334/789/67 333/790/246 338/791/314 337/792/247
f 335/793/165 334/789/67 337/792/247 336/794/282
f 339/795/283 344/796/284 343/797/70 340/798/250
f 340/798/250 343/797/70 342/799/167 341/800/460
f 346/801/305 345/802/73 350/803/306 349/804/169
f 347/805/285 346/801/305 349/804/169 348/806/286
f 351/807/76 356/808/175 355/809/251 352/810/288
f 352/810/288 355/809/251 354/811/172 353/812/289
f 358/813/290 357/814/79 362/815/180 361/816/292
f 359/817/177 358/813/290 361/816/292 360/818/291
f 363/819/82 368/820/253 367/821/473 364/822/252
f 364/822/252 367/821/473 366/823/472 365/824/182
f 370/825/308 369/826/307 374/827/294 373/828/256
f 370/825/308 373/828/256 372/829/293 371/830/309
f 376/831/258 375/832/295 380/833/461 379/834/261
f 376/831/258 379/834/261 378/835/260 377/836/185
f 382/837/87 381/838/188 386/839/296 385/840/478
f 383/841/190 382/837/87 385/840/478 384/842/90
f 452/409/406 395/843/479 396/275/480 453/844/481
f 391/328/318 446/327/317 390/341/331
f 416/331/321 448/330/320 415/375/372
f 422/334/324 449/333/323 421/379/376
f 439/337/327 450/336/326 438/390/387
f 389/343/333 451/342/332 388/363/355
f 395/843/479 452/409/406 394/203/357
f 453/844/481 396/275/480 397/345/336 454/344/335
f 456/373/369 409/845/482 410/350/342 457/349/341
f 399/347/339 455/346/338 398/115/334
f 409/845/482 456/373/369 408/131/371
f 461/391/388 441/846/483 442/362/354 462/361/353
f 427/353/345 458/352/344 426/381/378
f 432/356/348 459/355/347 431/386/383
f 436/359/351 460/358/350 435/388/385
f 441/846/483 461/391/388 440/335/325
f 468/397/393 407/847/484 408/131/371 469/374/370
f 447/308/330 506/393/329 445/395/391
f 387/338/328 463/364/356 506/339/329
f 393/366/359 464/365/358 392/273/316
f 401/368/362 465/367/361 400/277/337
f 403/370/365 466/369/364 402/214/360
f 405/372/368 467/371/367 404/280/363
f 407/847/484 468/397/393 406/221/366
f 470/399/395 413/848/485 414/377/374 471/376/373
f 413/848/485 470/399/395 412/233/397
f 472/402/399 419/849/486 420/850/487 473/851/488
f 419/849/486 472/402/399 418/404/401
f 473/851/488 420/850/487 421/379/376 474/378/375
f 475/415/412 425/852/489 426/381/378 476/380/377
f 425/852/489 475/415/412 424/417/414
f 482/853/490 443/360/352 444/854/491 483/855/492
f 429/384/381 477/383/380 428/351/343
f 431/386/383 478/385/382 430/382/379
f 435/388/385 479/387/384 434/419/416
f 438/390/387 480/389/386 437/357/349
f 440/335/325 481/392/389 450/336/326
f 443/360/352 482/853/490 462/361/353
f 483/855/492 444/854/491 445/395/391 484/394/390
f 487/856/493 411/348/340 412/233/397 488/400/396
f 388/363/355 485/396/392 463/364/356
f 406/221/366 486/398/394 467/371/367
f 411/348/340 487/856/493 457/349/341
f 501/857/494 433/354/346 434/419/416 502/418/415
f 415/375/372 489/401/398 471/376/373
f 418/404/401 490/403/400 417/329/319
f 428/351/343 491/405/402 458/352/344
f 430/382/379 492/406/403 477/383/380
f 390/341/331 493/407/404 451/342/332
f 392/273/316 494/408/405 446/327/317
f 394/203/357 495/410/407 464/365/358
f 398/115/334 496/411/408 454/344/335
f 402/214/360 497/412/409 465/367/361
f 404/280/363 498/413/410 466/369/364
f 417/329/319 499/414/411 448/330/320
f 424/417/414 500/416/413 423/332/322
f 433/354/346 501/857/494 459/355/347
f 387/858/328 447/859/330 1/641/453 42/640/29
f 437/357/349 503/420/417 460/358/350
f 400/277/337 504/421/418 455/346/338
f 423/332/322 505/422/419 449/333/323
f 388/860/355 387/858/328 42/640/29 114/429/97
f 506/861/329 463/862/356 212/664/96 113/663/297
f 463/862/356 485/863/392 213/669/462 212/664/96
f 167/428/194 389/864/333 388/860/355 114/429/97
f 390/865/331 389/864/333 167/428/194 44/434/420
f 485/863/392 451/866/332 218/670/262 213/669/462
f 451/866/332 493/867/404 219/675/263 218/670/262
f 391/868/318 390/865/331 44/434/420 169/433/104
f 170/440/266 392/869/316 391/868/318 169/433/104
f 219/675/263 493/867/404 446/870/317 224/676/474
f 446/870/317 494/871/405 225/681/265 224/676/474
f 50/439/108 393/872/359 392/869/316 170/440/266
f 394/873/357 393/872/359 50/439/108 119/446/107
f 225/681/265 494/871/405 464/874/358 230/682/106
f 230/682/106 464/874/358 495/875/407 231/688/200
f 120/445/112 395/876/479 394/873/357 119/446/107
f 396/877/480 395/876/479 120/445/112 171/452/203
f 231/688/200 495/875/407 452/878/406 236/689/202
f 452/878/406 453/879/481 237/694/267 236/689/202
f 15/451/36 397/880/336 396/877/480 171/452/203
f 398/881/334 397/880/336 15/451/36 54/459/35
f 453/879/481 454/882/335 242/695/34 237/694/267
f 242/695/34 454/882/335 496/883/408 243/699/113
f 399/884/339 398/881/334 54/459/35 5/458/426
f 400/885/337 399/884/339 5/458/426 6/465/12
f 496/883/408 455/886/338 248/700/310 243/699/113
f 248/700/310 455/886/338 504/887/418 249/705/269
f 401/888/362 400/885/337 6/465/12 126/464/427
f 402/889/360 401/888/362 126/464/427 127/470/212
f 504/887/418 465/890/361 254/706/464 249/705/269
f 465/890/361 497/891/409 255/712/211 254/706/464
f 403/892/365 402/889/360 127/470/212 20/469/46
f 2/476/3 404/893/363 403/892/365 20/469/46
f 255/712/211 497/891/409 466/894/364 260/713/475
f 466/894/364 498/895/410 261/718/271 260/713/475
f 405/896/368 404/893/363 2/476/3 132/475/123
f 406/897/366 405/896/368 132/475/123 133/483/216
f 498/895/410 467/898/367 266/719/467 261/718/271
f 467/898/367 486/899/394 267/723/215 266/719/467
f 407/900/484 406/897/366 133/483/216 21/482/49
f 408/901/371 407/900/484 21/482/49 68/489/48
f 486/899/394 468/902/393 272/724/47 267/723/215
f 468/902/393 469/903/370 273/729/129 272/724/47
f 409/904/482 408/901/371 68/489/48 177/488/220
f 410/905/342 409/904/482 177/488/220 137/494/223
f 469/903/370 456/906/369 278/730/273 273/729/129
f 278/730/273 456/906/369 457/907/341 279/735/221
f 411/908/340 410/905/342 137/494/223 74/493/136
f 412/909/397 411/908/340 74/493/136 139/500/135
f 279/735/221 457/907/341 487/910/493 284/736/134
f 487/910/493 488/911/396 285/741/227 284/736/134
f 413/912/485 412/909/397 139/500/135 141/499/230
f 77/506/433 414/913/374 413/912/485 141/499/230
f 285/741/227 488/911/396 470/914/395 290/742/228
f 470/914/395 471/915/373 291/748/229 290/742/228
f 415/916/372 414/913/374 77/506/433 80/505/144
f 416/917/321 415/916/372 80/505/144 23/512/55
f 291/748/229 471/915/373 489/918/398 296/749/143
f 489/918/398 448/919/320 297/753/53 296/749/143
f 417/920/319 416/917/321 23/512/55 142/511/148
f 24/519/58 418/921/401 417/920/319 142/511/148
f 448/919/320 499/922/411 302/754/231 297/753/53
f 499/922/411 490/923/400 303/759/56 302/754/231
f 84/518/436 419/924/486 418/921/401 24/519/58
f 420/925/487 419/924/486 84/518/436 85/524/152
f 303/759/56 490/923/400 472/926/399 308/760/301
f 472/926/399 473/927/488 309/765/150 308/760/301
f 183/523/233 421/928/376 420/925/487 85/524/152
f 86/530/155 422/929/324 421/928/376 183/523/233
f 473/927/488 474/930/375 314/766/280 309/765/150
f 474/930/375 449/931/323 315/772/153 314/766/280
f 423/932/322 422/929/324 86/530/155 89/529/161
f 424/933/414 423/932/322 89/529/161 145/536/160
f 449/931/323 505/934/419 320/773/159 315/772/153
f 505/934/419 500/935/413 321/777/470 320/773/159
f 425/936/489 424/933/414 145/536/160 149/535/241
f 426/937/378 425/936/489 149/535/241 200/542/240
f 321/777/470 500/935/413 475/938/412 326/778/239
f 475/938/412 476/939/377 327/784/304 326/778/239
f 152/541/65 427/940/345 426/937/378 200/542/240
f 428/941/343 427/940/345 152/541/65 28/548/441
f 476/939/377 458/942/344 332/785/245 327/784/304
f 458/942/344 491/943/402 333/790/246 332/785/245
f 429/944/381 428/941/343 28/548/441 10/547/440
f 430/945/379 429/944/381 10/547/440 11/555/24
f 491/943/402 477/946/380 338/791/314 333/790/246
f 477/946/380 492/947/403 339/795/283 338/791/314
f 431/948/383 430/945/379 11/555/24 188/554/71
f 32/560/75 432/949/348 431/948/383 188/554/71
f 492/947/403 478/950/382 344/796/284 339/795/283
f 344/796/284 478/950/382 459/951/347 345/802/73
f 433/952/346 432/949/348 32/560/75 202/559/170
f 434/953/416 433/952/346 202/559/170 33/567/78
f 459/951/347 501/954/494 350/803/306 345/802/73
f 350/803/306 501/954/494 502/955/415 351/807/76
f 101/566/176 435/956/385 434/953/416 33/567/78
f 436/957/351 435/956/385 101/566/176 34/572/81
f 502/955/415 479/958/384 356/808/175 351/807/76
f 479/958/384 460/959/350 357/814/79 356/808/175
f 437/960/349 436/957/351 34/572/81 104/571/181
f 35/579/84 438/961/387 437/960/349 104/571/181
f 357/814/79 460/959/350 503/962/417 362/815/180
f 362/815/180 503/962/417 480/963/386 363/819/82
f 159/578/255 439/964/327 438/961/387 35/579/84
f 440/965/325 439/964/327 159/578/255 203/584/254
f 363/819/82 480/963/386 450/966/326 368/820/253
f 450/966/326 481/967/389 369/826/307 368/820/253
f 441/968/483 440/965/325 203/584/254 194/583/257
f 164/590/449 442/969/354 441/968/483 194/583/257
f 369/826/307 481/967/389 461/970/388 374/827/294
f 374/827/294 461/970/388 462/971/353 375/832/295
f 110/589/448 443/972/352 442/969/354 164/590/449
f 444/973/491 443/972/352 110/589/448 111/596/189
f 462/971/353 482/974/490 380/833/461 375/832/295
f 482/974/490 483/975/492 381/838/188 380/833/461
f 445/976/391 444/973/491 111/596/189 196/595/298
f 1/641/453 447/859/330 445/976/391 196/595/298
f 483/975/492 484/977/390 386/839/296 381/838/188
f 484/977/390 506/861/329 113/663/297 386/839/296
f 594/978/495 621/979/495 622/980/495 587/981/495
f 601/982/496 602/983/496 579/984/496 580/985/496
f 626/986/497 597/987/497 584/988/497 625/989/497
f 595/990/498 596/991/498 585/992/498 586/993/498
f 623/994/499 624/995/499 530/996/499 525/997/499
f 631/998/500 632/999/500 527/1000/500 528/1001/500
f 513/1002/498 549/1003/498 550/1004/498 507/1005/498
f 528/1006/501 548/1007/502 630/1008/503 631/1009/501
f 509/1010/496 543/1011/496 544/1012/496 511/1013/496
f 632/999/504 633/1014/505 551/1015/505 527/1000/504
f 602/983/495 591/1016/495 590/1017/495 579/984/495
f 521/1018/504 554/1019/505 543/1011/506 509/1010/504
f 522/1020/500 521/1018/500 509/1010/500 511/1021/500
f 511/1013/501 544/1012/507 545/1022/502 522/1023/501
f 581/1024/497 600/1025/497 601/982/497 580/985/497
f 519/1026/499 524/1027/499 512/1028/499 510/1029/499
f 593/1030/495 594/978/495 587/981/495 588/1031/495
f 527/1000/504 551/1015/505 552/1032/505 539/1033/504
f 528/1001/500 527/1000/500 539/1033/500 540/1034/500
f 540/1035/501 547/1036/502 548/1007/502 528/1006/501
f 584/988/497 597/987/497 598/1037/497 583/1038/497
f 525/997/499 530/996/499 542/1039/499 537/1040/499
f 591/1016/495 605/1041/495 606/1042/495 590/1017/495
f 616/1043/504 617/1044/505 554/1019/505 521/1018/504
f 615/1045/500 616/1043/500 521/1018/500 522/1020/500
f 522/1023/501 545/1022/502 614/1046/502 615/1047/501
f 609/1048/508 610/1049/497 600/1025/497 581/1024/497
f 607/1050/499 608/1051/499 524/1027/499 519/1026/499
f 592/1052/495 593/1030/495 588/1031/495 589/1053/495
f 539/1033/504 552/1032/505 553/1054/505 533/1055/504
f 540/1034/500 539/1033/500 533/1055/500 534/1056/500
f 534/1057/501 546/1058/502 547/1036/502 540/1035/501
f 583/1038/497 598/1037/497 599/1059/497 582/1060/497
f 537/1040/499 542/1039/499 536/1061/499 531/1062/499
f 543/1011/496 555/1063/496 556/1064/496 544/1012/496
f 545/1022/502 544/1012/507 556/1064/509 557/1065/509
f 614/1046/502 545/1022/502 557/1065/509 613/1066/509
f 547/1036/502 546/1058/502 558/1067/509 559/1068/509
f 548/1007/502 547/1036/502 559/1068/509 560/1069/509
f 630/1008/503 548/1007/502 560/1069/509 629/1070/509
f 550/1004/498 549/1003/498 561/1071/498 562/1072/498
f 551/1015/505 633/1014/505 634/1073/510 563/1074/510
f 552/1032/505 551/1015/505 563/1074/510 564/1075/510
f 553/1054/505 552/1032/505 564/1075/510 565/1076/510
f 554/1019/505 617/1044/505 618/1077/510 566/1078/510
f 543/1011/506 554/1019/505 566/1078/510 555/1063/510
f 555/1063/496 518/1079/496 517/343/496 556/1064/496
f 557/1065/509 556/1064/509 517/343/511 523/1080/512
f 613/1066/509 557/1065/509 523/1080/512 612/1081/512
f 559/1068/509 558/1067/509 535/1082/512 541/1083/512
f 560/1069/509 559/1068/509 541/1083/512 529/1084/512
f 629/1070/509 560/1069/509 529/1084/512 628/1085/512
f 562/1072/498 561/1071/498 516/1086/498 515/1087/498
f 563/1074/510 634/1073/510 619/1088/513 526/1089/513
f 564/1075/510 563/1074/510 526/1089/513 538/1090/513
f 565/1076/510 564/1075/510 538/1090/513 532/1091/513
f 566/1078/510 618/1077/510 603/1092/513 520/1093/513
f 555/1063/510 566/1078/510 520/1093/513 518/1079/514
f 520/1093/513 603/1092/513 604/1094/495 567/1095/495
f 532/1091/513 538/1090/513 569/1096/495 568/1097/495
f 538/1090/513 526/1089/513 570/1098/495 569/1096/495
f 526/1089/513 619/1088/513 620/1099/495 570/1098/495
f 515/1087/498 516/1086/498 572/1100/498 571/1101/498
f 628/1085/512 529/1084/512 573/1102/497 627/1103/497
f 574/1104/497 573/1102/497 529/1084/512 541/1083/512
f 575/1105/497 574/1104/497 541/1083/512 535/1082/512
f 576/1106/497 611/1107/497 612/1081/512 523/1080/512
f 577/1108/497 576/1106/497 523/1080/512 517/343/511
f 517/343/496 518/1079/496 578/1109/496 577/1108/496
f 518/1079/514 520/1093/513 567/1095/495 578/1109/495
f 580/985/496 579/984/496 510/1029/496 512/368/496
f 524/1110/508 581/1024/497 580/985/497 512/368/497
f 608/1111/508 609/1048/508 581/1024/497 524/1110/508
f 542/1112/508 583/1038/497 582/1060/497 536/1113/508
f 530/1114/497 584/988/497 583/1038/497 542/1112/508
f 625/989/497 584/988/497 530/1114/497 624/1115/508
f 586/993/498 585/992/498 514/1116/498 508/1117/498
f 587/981/495 622/980/495 623/994/495 525/997/495
f 588/1031/495 587/981/495 525/997/495 537/1040/495
f 589/1053/495 588/1031/495 537/1040/495 531/1062/495
f 590/1017/495 606/1042/495 607/1050/495 519/1026/495
f 579/984/495 590/1017/495 519/1026/495 510/1029/495
f 567/1095/495 604/1094/495 605/1041/495 591/1016/495
f 568/1097/495 569/1096/495 593/1030/495 592/1052/495
f 569/1096/495 570/1098/495 594/978/495 593/1030/495
f 570/1098/495 620/1099/495 621/979/495 594/978/495
f 571/1101/498 572/1100/498 596/991/498 595/990/498
f 627/1103/497 573/1102/497 597/987/497 626/986/497
f 598/1037/497 597/987/497 573/1102/497 574/1104/497
f 599/1059/497 598/1037/497 574/1104/497 575/1105/497
f 600/1025/497 610/1049/497 611/1107/497 576/1106/497
f 601/982/497 600/1025/497 576/1106/497 577/1108/497
f 577/1108/496 578/1109/496 602/983/496 601/982/496
f 578/1109/495 567/1095/495 591/1016/495 602/983/495
f 603/1092/513 532/1091/513 568/1097/495 604/1094/495
f 605/1041/495 604/1094/495 568/1097/495 592/1052/495
f 606/1042/495 605/1041/495 592/1052/495 589/1053/495
f 607/1050/495 606/1042/495 589/1053/495 531/1062/495
f 531/1062/499 536/1061/499 608/1051/499 607/1050/499
f 536/1113/508 582/1060/497 609/1048/508 608/1111/508
f 582/1060/497 599/1059/497 610/1049/497 609/1048/508
f 611/1107/497 610/1049/497 599/1059/497 575/1105/497
f 612/1081/512 611/1107/497 575/1105/497 535/1082/512
f 558/1067/509 613/1066/509 612/1081/512 535/1082/512
f 546/1058/502 614/1046/502 613/1066/509 558/1067/509
f 615/1047/501 614/1046/502 546/1058/502 534/1057/501
f 534/1056/500 533/1055/500 616/1043/500 615/1045/500
f 533/1055/504 553/1054/505 617/1044/505 616/1043/504
f 618/1077/510 617/1044/505 553/1054/505 565/1076/510
f 603/1092/513 618/1077/510 565/1076/510 532/1091/513
f 619/1088/513 515/342/514 571/1118/495 620/1099/495
f 621/979/495 620/1099/495 571/1118/495 595/1119/495
f 622/980/495 621/979/495 595/1119/495 586/1120/495
f 623/994/495 622/980/495 586/1120/495 508/367/495
f 508/367/499 514/385/499 624/995/499 623/994/499
f 585/992/508 625/989/497 624/1115/508 514/1116/508
f 596/991/497 626/986/497 625/989/497 585/992/508
f 572/1100/497 627/1103/497 626/986/497 596/991/497
f 516/1086/515 628/1085/512 627/1103/497 572/1100/497
f 561/1071/509 629/1070/509 628/1085/512 516/1086/515
f 549/1003/507 630/1008/503 629/1070/509 561/1071/509
f 631/1009/501 630/1008/503 549/1003/507 513/1002/501
f 513/1121/500 507/1122/500 632/999/500 631/998/500
f 507/1122/504 550/1123/516 633/1014/505 632/999/504
f 634/1073/510 633/1014/505 550/1123/516 562/1124/510
f 619/1088/513 634/1073/510 562/1124/510 515/342/514
f 722/978/495 732/1125/495 733/1126/495 715/981/495
f 729/982/496 730/983/496 707/984/496 708/985/496
f 737/1127/497 725/987/497 712/988/508 736/1128/508
f 723/990/498 724/991/498 713/992/498 714/993/498
f 734/1129/499 735/1130/499 658/996/499 653/997/499
f 742/1131/500 743/1132/500 655/1000/500 656/1001/500
f 641/1002/498 677/1003/498 678/1004/498 635/1005/498
f 656/1006/501 676/1007/502 741/1133/502 742/1134/501
f 637/1010/496 671/1011/496 672/1012/496 639/1013/496
f 743/1132/504 744/1135/505 679/1015/505 655/1000/504
f 730/983/495 719/1016/495 718/1017/495 707/984/495
f 649/1018/504 682/1019/505 671/1011/506 637/1010/504
f 650/1020/500 649/1018/500 637/1010/500 639/1021/500
f 639/1013/501 672/1012/507 673/1022/503 650/1023/501
f 709/1024/508 728/1025/497 729/982/497 708/985/508
f 647/1026/499 652/1027/499 640/1028/499 638/1029/499
f 721/1030/495 722/978/495 715/981/495 716/1031/495
f 655/1000/504 679/1015/505 680/1032/505 667/1033/504
f 656/1001/500 655/1000/500 667/1033/500 668/1034/500
f 668/1035/501 675/1036/502 676/1007/502 656/1006/501
f 712/988/508 725/987/497 726/1037/497 711/1038/508
f 653/997/499 658/996/499 670/1039/499 665/1040/499
f 719/1016/495 720/1052/495 717/1053/495 718/1017/495
f 661/1055/504 681/1054/505 682/1019/505 649/1018/504
f 662/1056/500 661/1055/500 649/1018/500 650/1020/500
f 650/1023/501 673/1022/503 674/1058/502 662/1057/501
f 710/1060/508 727/1059/497 728/1025/497 709/1024/508
f 659/1062/499 664/1061/499 652/1027/499 647/1026/499
f 720/1052/495 721/1030/495 716/1031/495 717/1053/495
f 667/1033/504 680/1032/505 681/1054/505 661/1055/504
f 668/1034/500 667/1033/500 661/1055/500 662/1056/500
f 662/1057/501 674/1058/502 675/1036/502 668/1035/501
f 711/1038/508 726/1037/497 727/1059/497 710/1060/508
f 665/1040/499 670/1039/499 664/1061/499 659/1062/499
f 671/1011/496 683/1063/496 684/1064/496 672/1012/496
f 673/1022/503 672/1012/507 684/1064/509 685/1065/509
f 674/1058/502 673/1022/503 685/1065/509 686/1067/509
f 675/1036/502 674/1058/502 686/1067/509 687/1068/509
f 676/1007/502 675/1036/502 687/1068/509 688/1069/509
f 741/1133/502 676/1007/502 688/1069/509 740/1136/509
f 678/1004/498 677/1003/498 689/1071/498 690/1072/498
f 679/1015/505 744/1135/505 745/1137/510 691/1074/510
f 680/1032/505 679/1015/505 691/1074/510 692/1075/510
f 681/1054/505 680/1032/505 692/1075/510 693/1076/510
f 682/1019/505 681/1054/505 693/1076/510 694/1078/510
f 671/1011/506 682/1019/505 694/1078/510 683/1063/510
f 683/1063/496 646/1079/496 645/343/496 684/1064/496
f 685/1065/509 684/1064/509 645/343/517 651/1080/512
f 686/1067/509 685/1065/509 651/1080/512 663/1082/512
f 687/1068/509 686/1067/509 663/1082/512 669/1083/512
f 688/1069/509 687/1068/509 669/1083/512 657/1084/512
f 740/1136/509 688/1069/509 657/1084/512 739/1138/512
f 690/1072/498 689/1071/498 644/1086/498 643/1087/498
f 691/1074/510 745/1137/510 746/1139/513 654/1089/513
f 692/1075/510 691/1074/510 654/1089/513 666/1090/513
f 693/1076/510 692/1075/510 666/1090/513 660/1091/513
f 694/1078/510 693/1076/510 660/1091/513 648/1093/518
f 683/1063/510 694/1078/510 648/1093/518 646/1079/514
f 648/1093/518 660/1091/513 696/1097/495 695/1095/495
f 660/1091/513 666/1090/513 697/1096/495 696/1097/495
f 666/1090/513 654/1089/513 698/1098/495 697/1096/495
f 654/1089/513 746/1139/513 731/1140/495 698/1098/495
f 643/1087/498 644/1086/498 700/1100/498 699/1101/498
f 739/1138/512 657/1084/512 701/1102/497 738/1141/497
f 702/1104/497 701/1102/497 657/1084/512 669/1083/512
f 703/1105/497 702/1104/497 669/1083/512 663/1082/512
f 704/1106/497 703/1105/497 663/1082/512 651/1080/512
f 705/1108/497 704/1106/497 651/1080/512 645/343/517
f 645/343/496 646/1079/496 706/1109/496 705/1108/496
f 646/1079/514 648/1093/518 695/1095/495 706/1109/495
f 708/985/496 707/984/496 638/1029/496 640/368/496
f 652/1110/508 709/1024/508 708/985/508 640/368/519
f 664/1113/508 710/1060/508 709/1024/508 652/1110/508
f 670/1112/508 711/1038/508 710/1060/508 664/1113/508
f 658/1114/508 712/988/508 711/1038/508 670/1112/508
f 736/1128/508 712/988/508 658/1114/508 735/1142/508
f 714/993/498 713/992/498 642/1116/498 636/1117/498
f 715/981/495 733/1126/495 734/1129/495 653/997/495
f 716/1031/495 715/981/495 653/997/495 665/1040/495
f 717/1053/495 716/1031/495 665/1040/495 659/1062/495
f 718/1017/495 717/1053/495 659/1062/495 647/1026/495
f 707/984/495 718/1017/495 647/1026/495 638/1029/495
f 695/1095/495 696/1097/495 720/1052/495 719/1016/495
f 696/1097/495 697/1096/495 721/1030/495 720/1052/495
f 697/1096/495 698/1098/495 722/978/495 721/1030/495
f 698/1098/495 731/1140/495 732/1125/495 722/978/495
f 699/1101/498 700/1100/498 724/991/498 723/990/498
f 738/1141/497 701/1102/497 725/987/497 737/1127/497
f 726/1037/497 725/987/497 701/1102/497 702/1104/497
f 727/1059/497 726/1037/497 702/1104/497 703/1105/497
f 728/1025/497 727/1059/497 703/1105/497 704/1106/497
f 729/982/497 728/1025/497 704/1106/497 705/1108/497
f 705/1108/496 706/1109/496 730/983/496 729/982/496
f 706/1109/495 695/1095/495 719/1016/495 730/983/495
f 731/1140/495 699/1118/495 723/1119/495 732/1125/495
f 733/1126/495 732/1125/495 723/1119/495 714/1120/495
f 734/1129/495 733/1126/495 714/1120/495 636/367/495
f 636/367/499 642/385/499 735/1130/499 734/1129/499
f 713/992/508 736/1128/508 735/1142/508 642/1116/508
f 724/991/497 737/1127/497 736/1128/508 713/992/508
f 700/1100/497 738/1141/497 737/1127/497 724/991/497
f 644/1086/515 739/1138/512 738/1141/497 700/1100/497
f 689/1071/509 740/1136/509 739/1138/512 644/1086/515
f 677/1003/507 741/1133/502 740/1136/509 689/1071/509
f 742/1134/501 741/1133/502 677/1003/507 641/1002/501
f 641/1121/500 635/1122/500 743/1132/500 742/1131/500
f 635/1122/504 678/1123/516 744/1135/505 743/1132/504
f 745/1137/510 744/1135/505 678/1123/516 690/1124/510
f 746/1139/513 745/1137/510 690/1124/510 643/342/514
f 731/1140/495 746/1139/513 643/342/514 699/1118/495
f 747/1143/520 748/1144/521 823/1145/521 824/1146/520
f 748/1144/521 749/1147/522 822/1148/522 823/1145/521
f 749/1147/522 750/1149/523 821/1150/523 822/1148/522
f 750/1149/523 751/1151/524 820/1152/524 821/1150/523
f 751/1151/524 752/1153/525 819/1154/525 820/1152/524
f 752/1153/525 753/1155/526 818/1156/526 819/1154/525
f 753/1155/526 754/1157/527 817/1158/527 818/1156/526
f 754/1157/527 755/1159/528 816/1160/528 817/1158/527
f 755/1159/528 756/1161/500 815/1162/500 816/1160/528
f 756/1161/500 757/1163/529 814/1164/529 815/1162/500
f 757/1163/529 758/1165/530 813/1166/530 814/1164/529
f 758/1165/530 759/1167/531 812/1168/531 813/1166/530
f 759/1167/531 760/1169/532 811/1170/532 812/1168/531
f 760/1169/532 761/1171/533 810/1172/533 811/1170/532
f 761/1171/533 762/1173/534 809/1174/534 810/1172/533
f 762/1173/534 763/1175/535 828/1176/535 809/1174/534
f 763/1175/535 764/1177/536 827/1178/536 828/1176/535
f 764/1177/536 765/1179/537 826/1180/537 827/1178/536
f 765/1179/537 766/1181/499 825/1182/499 826/1180/537
f 766/1181/499 747/1183/520 824/1184/520 825/1182/499
f 748/1185/498 747/1186/498 787/1187/498
f 749/1188/498 748/1185/498 787/1187/498
f 750/1189/498 749/1188/498 787/1187/498
f 751/1190/498 750/1189/498 787/1187/498
f 752/1191/498 751/1190/498 787/1187/498
f 753/1192/498 752/1191/498 787/1187/498
f 754/1193/498 753/1192/498 787/1187/498
f 755/1194/498 754/1193/498 787/1187/498
f 756/1195/498 755/1194/498 787/1187/498
f 757/1196/498 756/1195/498 787/1187/498
f 758/1197/498 757/1196/498 787/1187/498
f 759/1198/498 758/1197/498 787/1187/498
f 760/1199/498 759/1198/498 787/1187/498
f 761/1200/498 760/1199/498 787/1187/498
f 762/1201/498 761/1200/498 787/1187/498
f 763/1202/498 762/1201/498 787/1187/498
f 764/1203/498 763/1202/498 787/1187/498
f 765/1204/498 764/1203/498 787/1187/498
f 766/1205/498 765/1204/498 787/1187/498
f 747/1186/498 766/1205/498 787/1187/498
f 767/1206/496 768/1207/496 788/1208/496
f 768/1207/496 769/1209/496 788/1208/496
f 769/1209/496 770/1210/496 788/1208/496
f 770/1210/496 771/608/496 788/1208/496
f 771/608/496 772/1211/496 788/1208/496
f 772/1211/496 773/1212/496 788/1208/496
f 773/1212/496 774/1213/496 788/1208/496
f 774/1213/496 775/1214/496 788/1208/496
f 775/1214/496 776/1215/496 788/1208/496
f 776/1215/496 777/1216/496 788/1208/496
f 777/1216/496 778/1217/496 788/1208/496
f 778/1217/496 779/1218/496 788/1208/496
f 779/1218/496 780/1219/496 788/1208/496
f 780/1219/496 781/1220/496 788/1208/496
f 781/1220/496 782/1221/496 788/1208/496
f 782/1221/496 783/1222/496 788/1208/496
f 783/1222/496 784/1223/496 788/1208/496
f 784/1223/496 785/1224/496 788/1208/496
f 785/1224/496 786/1225/496 788/1208/496
f 786/1225/496 767/1206/496 788/1208/496
f 790/1226/533 789/1227/534 829/1228/534 830/1229/533
f 791/1230/532 790/1226/533 830/1229/533 831/1231/532
f 792/1232/531 791/1230/532 831/1231/532 832/1233/531
f 793/1234/530 792/1232/531 832/1233/531 833/1235/530
f 794/1236/529 793/1234/530 833/1235/530 834/1237/529
f 795/1238/500 794/1236/529 834/1237/529 835/1239/500
f 796/1240/528 795/1238/500 835/1239/500 836/1241/528
f 797/1242/527 796/1240/528 836/1241/528 837/1243/538
f 798/1244/526 797/1242/527 837/1243/538 838/1245/526
f 799/1246/525 798/1244/526 838/1245/526 839/1247/525
f 800/1248/524 799/1246/525 839/1247/525 840/1249/524
f 801/1250/523 800/1248/524 840/1249/524 841/1251/523
f 802/1252/539 801/1250/523 841/1251/523 842/1253/539
f 803/1254/521 802/1252/539 842/1253/539 843/1255/521
f 804/1256/520 803/1254/521 843/1255/521 844/1257/520
f 805/1258/499 804/1259/520 844/1260/520 845/1261/499
f 806/1262/537 805/1258/499 845/1261/499 846/1263/537
f 807/1264/536 806/1262/537 846/1263/537 847/1265/536
f 808/1266/535 807/1264/536 847/1265/536 848/1267/535
f 789/1227/534 808/1266/535 848/1267/535 829/1228/534
f 810/1172/533 809/1174/534 879/1268/534 880/1269/533
f 811/1170/532 810/1172/533 880/1269/533 881/1270/532
f 812/1168/531 811/1170/532 881/1270/532 882/1271/531
f 813/1166/530 812/1168/531 882/1271/531 883/1272/530
f 814/1164/529 813/1166/530 883/1272/530 884/1273/529
f 815/1162/500 814/1164/529 884/1273/529 885/1274/500
f 816/1160/528 815/1162/500 885/1274/500 886/1275/528
f 817/1158/527 816/1160/528 886/1275/528 887/1276/527
f 818/1156/526 817/1158/527 887/1276/527 888/1277/526
f 819/1154/525 818/1156/526 888/1277/526 869/1278/525
f 820/1152/524 819/1154/525 869/1278/525 870/1279/524
f 821/1150/523 820/1152/524 870/1279/524 871/1280/523
f 822/1148/522 821/1150/523 871/1280/523 872/1281/522
f 823/1145/521 822/1148/522 872/1281/522 873/1282/521
f 824/1146/520 823/1145/521 873/1282/521 874/1283/520
f 825/1182/499 824/1184/520 874/1284/520 875/1285/499
f 826/1180/537 825/1182/499 875/1285/499 876/1286/537
f 827/1178/536 826/1180/537 876/1286/537 877/1287/536
f 828/1176/535 827/1178/536 877/1287/536 878/1288/535
f 809/1174/534 828/1176/535 878/1288/535 879/1268/534
f 830/1229/533 829/1228/534 782/1289/534 781/1290/533
f 831/1231/532 830/1229/533 781/1290/533 780/1291/532
f 832/1233/531 831/1231/532 780/1291/532 779/1292/531
f 833/1235/530 832/1233/531 779/1292/531 778/1293/530
f 834/1237/529 833/1235/530 778/1293/530 777/1294/529
f 835/1239/500 834/1237/529 777/1294/529 776/1295/500
f 836/1241/528 835/1239/500 776/1295/500 775/1296/528
f 837/1243/538 836/1241/528 775/1296/528 774/1297/527
f 838/1245/526 837/1243/538 774/1297/527 773/1298/526
f 839/1247/525 838/1245/526 773/1298/526 772/1299/525
f 840/1249/524 839/1247/525 772/1299/525 771/1300/524
f 841/1251/523 840/1249/524 771/1300/524 770/1301/523
f 842/1253/539 841/1251/523 770/1301/523 769/1302/522
f 843/1255/521 842/1253/539 769/1302/522 768/1303/521
f 844/1257/520 843/1255/521 768/1303/521 767/1304/520
f 845/1261/499 844/1260/520 767/1305/520 786/1306/499
f 846/1263/537 845/1261/499 786/1306/499 785/1307/537
f 847/1265/536 846/1263/537 785/1307/537 784/1308/536
f 848/1267/535 847/1265/536 784/1308/536 783/1309/535
f 829/1228/534 848/1267/535 783/1309/535 782/1289/534
f 850/1310/523 849/1311/524 800/1248/524 801/1250/523
f 851/1312/522 850/1310/523 801/1250/523 802/1252/539
f 852/1313/521 851/1312/522 802/1252/539 803/1254/521
f 853/1314/520 852/1313/521 803/1254/521 804/1256/520
f 854/1315/499 853/1316/520 804/1259/520 805/1258/499
f 855/1317/537 854/1315/499 805/1258/499 806/1262/537
f 856/1318/536 855/1317/537 806/1262/537 807/1264/536
f 857/1319/535 856/1318/536 807/1264/536 808/1266/535
f 858/1320/534 857/1319/535 808/1266/535 789/1227/534
f 859/1321/533 858/1320/534 789/1227/534 790/1226/533
f 860/1322/532 859/1321/533 790/1226/533 791/1230/532
f 861/1323/531 860/1322/532 791/1230/532 792/1232/531
f 862/1324/530 861/1323/531 792/1232/531 793/1234/530
f 863/1325/529 862/1324/530 793/1234/530 794/1236/529
f 864/1326/500 863/1325/529 794/1236/529 795/1238/500
f 865/1327/528 864/1326/500 795/1238/500 796/1240/528
f 866/1328/527 865/1327/528 796/1240/528 797/1242/527
f 867/1329/526 866/1328/527 797/1242/527 798/1244/526
f 868/1330/525 867/1329/526 798/1244/526 799/1246/525
f 849/1311/524 868/1330/525 799/1246/525 800/1248/524
f 870/1279/524 869/1278/525 868/1330/525 849/1311/524
f 871/1280/523 870/1279/524 849/1311/524 850/1310/523
f 872/1281/522 871/1280/523 850/1310/523 851/1312/522
f 873/1282/521 872/1281/522 851/1312/522 852/1313/521
f 874/1283/520 873/1282/521 852/1313/521 853/1314/520
f 875/1285/499 874/1284/520 853/1316/520 854/1315/499
f 876/1286/537 875/1285/499 854/1315/499 855/1317/537
f 877/1287/536 876/1286/537 855/1317/537 856/1318/536
f 878/1288/535 877/1287/536 856/1318/536 857/1319/535
f 879/1268/534 878/1288/535 857/1319/535 858/1320/534
f 880/1269/533 879/1268/534 858/1320/534 859/1321/533
f 881/1270/532 880/1269/533 859/1321/533 860/1322/532
f 882/1271/531 881/1270/532 860/1322/532 861/1323/531
f 883/1272/530 882/1271/531 861/1323/531 862/1324/530
f 884/1273/529 883/1272/530 862/1324/530 863/1325/529
f 885/1274/500 884/1273/529 863/1325/529 864/1326/500
f 886/1275/528 885/1274/500 864/1326/500 865/1327/528
f 887/1276/527 886/1275/528 865/1327/528 866/1328/527
f 888/1277/526 887/1276/527 866/1328/527 867/1329/526
f 869/1278/525 888/1277/526 867/1329/526 868/1330/525
f 892/1331/540 891/1332/541 1101/1333/542 1100/1334/543
f 891/1332/541 890/1335/544 1102/1336/545 1101/1333/542
f 890/1335/544 889/1337/546 1103/1338/547 1102/1336/545
f 889/1337/546 904/1339/548 1104/1340/549 1103/1338/547
f 896/1341/550 895/1342/551 917/1343/552 916/1344/553
f 895/1342/551 894/1345/554 918/1346/555 917/1343/552
f 894/1347/554 893/1348/556 919/1349/557 918/1350/555
f 893/1348/556 892/1331/540 920/1351/558 919/1349/557
f 900/1352/559 899/1353/560 993/1354/561 992/1355/562
f 899/1353/560 898/1356/563 994/1357/564 993/1354/561
f 898/1358/563 897/1359/565 995/1360/566 994/1361/564
f 897/1359/565 896/1341/550 996/1362/567 995/1360/566
f 904/1339/548 903/1363/568 973/1364/569 972/1365/570
f 903/1363/568 902/1366/571 974/1367/572 973/1364/569
f 902/1368/571 901/1369/573 975/1370/574 974/1371/572
f 901/1369/573 900/1352/559 976/1372/575 975/1370/574
f 908/1373/576 907/1374/577 1097/1375/578 1096/1376/579
f 907/1374/577 906/1377/580 1098/1378/581 1097/1375/578
f 906/1377/580 905/1379/582 1099/1380/583 1098/1378/581
f 905/1379/582 920/1351/558 1100/1334/543 1099/1380/583
f 912/1381/584 911/1382/585 933/1383/586 932/1384/587
f 911/1382/585 910/1385/588 934/1386/589 933/1383/586
f 910/1387/588 909/1388/590 935/1389/591 934/1390/589
f 909/1388/590 908/1373/576 936/1391/592 935/1389/591
f 916/1344/553 915/1392/593 1009/1393/594 1008/1394/595
f 915/1392/593 914/1395/596 1010/1396/597 1009/1393/594
f 914/1395/596 913/1397/598 1011/1398/599 1010/1396/597
f 913/1397/598 912/1381/584 1012/1399/600 1011/1398/599
f 924/1400/601 923/1401/602 1093/1402/603 1092/1403/545
f 923/1401/602 922/1404/604 1094/1405/605 1093/1402/603
f 922/1404/604 921/1406/606 1095/1407/607 1094/1405/605
f 921/1406/606 936/1391/592 1096/1376/579 1095/1407/607
f 928/1408/608 927/1409/609 949/1410/610 948/1411/611
f 927/1409/609 926/1412/612 950/1413/613 949/1410/610
f 926/1414/612 925/1415/614 951/1416/615 950/1417/613
f 925/1415/614 924/1400/601 952/1418/616 951/1416/615
f 932/1384/587 931/1419/617 1025/1420/618 1024/1421/619
f 931/1419/617 930/1422/620 1026/1423/621 1025/1420/618
f 930/1422/620 929/1424/622 1027/1425/623 1026/1423/621
f 929/1424/622 928/1408/608 1028/1426/624 1027/1425/623
f 940/1427/625 939/1428/626 1089/1429/627 1088/1430/628
f 939/1428/626 938/1431/629 1090/1432/630 1089/1429/627
f 938/1431/629 937/1433/631 1091/1434/632 1090/1432/630
f 937/1433/631 952/1418/616 1092/1403/545 1091/1434/632
f 944/1435/633 943/1436/634 965/1437/635 964/1438/636
f 943/1436/634 942/1439/637 966/1440/638 965/1437/635
f 942/1441/637 941/1442/639 967/1443/640 966/1444/638
f 941/1442/639 940/1427/625 968/1445/641 967/1443/640
f 948/1411/611 947/1446/642 1041/1447/643 1040/1448/644
f 947/1446/642 946/1449/645 1042/1450/646 1041/1447/643
f 946/1449/645 945/1451/647 1043/1452/648 1042/1450/646
f 945/1451/647 944/1435/633 1044/1453/649 1043/1452/648
f 956/1454/650 955/1455/651 1085/1456/652 1084/1457/653
f 955/1455/651 954/1458/654 1086/1459/655 1085/1456/652
f 954/1458/654 953/1460/656 1087/1461/657 1086/1459/655
f 953/1460/656 968/1445/641 1088/1430/628 1087/1461/657
f 960/1462/658 959/1463/659 981/1464/660 980/1465/661
f 959/1463/659 958/1466/662 982/1467/663 981/1464/660
f 958/1468/662 957/1469/664 983/1470/665 982/1471/663
f 957/1469/664 956/1454/650 984/1472/666 983/1470/665
f 964/1438/636 963/1473/667 1057/1474/668 1056/1475/669
f 963/1473/667 962/1476/670 1058/1477/671 1057/1474/668
f 962/1476/670 961/1478/672 1059/1479/673 1058/1477/671
f 961/1478/672 960/1462/658 1060/1480/674 1059/1479/673
f 972/1365/570 971/1481/675 1081/1482/676 1104/1340/549
f 971/1481/675 970/1483/677 1082/1484/678 1081/1482/676
f 970/1483/677 969/1485/679 1083/1486/680 1082/1484/678
f 969/1485/679 984/1472/666 1084/1457/653 1083/1486/680
f 980/1465/661 979/1487/681 1073/1488/682 1072/1489/683
f 979/1487/681 978/1490/684 1074/1491/685 1073/1488/682
f 978/1490/684 977/1492/686 1075/1493/687 1074/1491/685
f 977/1492/686 976/1372/575 1076/1494/688 1075/1493/687
f 988/1495/689 987/1496/690 1109/1497/691 1108/1498/692
f 987/1496/690 986/1499/693 1110/1500/694 1109/1497/691
f 986/1499/693 985/1501/695 1111/1502/696 1110/1500/694
f 985/1501/695 1000/1503/697 1112/1504/698 1111/1502/696
f 992/1355/562 991/1505/699 1077/1506/700 1076/1494/688
f 991/1505/699 990/1507/701 1078/1508/702 1077/1506/700
f 990/1509/701 989/1510/703 1079/1511/704 1078/1512/702
f 989/1510/703 988/1495/689 1080/1513/705 1079/1511/704
f 1000/1503/697 999/1514/706 1005/1515/707 1004/1516/708
f 999/1514/706 998/1517/709 1006/1518/710 1005/1515/707
f 998/1519/709 997/1520/711 1007/1521/712 1006/1522/710
f 997/1520/711 996/1362/567 1008/1394/595 1007/1521/712
f 1004/1516/708 1003/1523/713 1113/1524/714 1112/1504/698
f 1003/1523/713 1002/1525/715 1114/1526/716 1113/1524/714
f 1002/1525/715 1001/1527/717 1115/1528/718 1114/1526/716
f 1001/1527/717 1016/1529/719 1116/1530/720 1115/1528/718
f 1016/1529/719 1015/1531/721 1021/1532/722 1020/1533/723
f 1015/1531/721 1014/1534/724 1022/1535/725 1021/1532/722
f 1014/1536/724 1013/1537/726 1023/1538/727 1022/1539/725
f 1013/1537/726 1012/1399/600 1024/1421/619 1023/1538/727
f 1020/1533/723 1019/1540/728 1117/1541/729 1116/1530/720
f 1019/1540/728 1018/1542/730 1118/1543/731 1117/1541/729
f 1018/1542/730 1017/1544/732 1119/1545/733 1118/1543/731
f 1017/1544/732 1032/1546/734 1120/1547/735 1119/1545/733
f 1032/1546/734 1031/1548/736 1037/1549/737 1036/1550/738
f 1031/1548/736 1030/1551/739 1038/1552/740 1037/1549/737
f 1030/1553/739 1029/1554/741 1039/1555/742 1038/1556/740
f 1029/1554/741 1028/1426/624 1040/1448/644 1039/1555/742
f 1036/1550/738 1035/1557/743 1121/1558/744 1120/1547/735
f 1035/1557/743 1034/1559/745 1122/1560/718 1121/1558/744
f 1034/1559/745 1033/1561/746 1123/1562/747 1122/1560/718
f 1033/1561/746 1048/1563/748 1124/1564/749 1123/1562/747
f 1048/1563/748 1047/1565/750 1053/1566/751 1052/1567/752
f 1047/1565/750 1046/1568/753 1054/1569/754 1053/1566/751
f 1046/1570/753 1045/1571/755 1055/1572/756 1054/1573/754
f 1045/1571/755 1044/1453/649 1056/1475/669 1055/1572/756
f 1052/1567/752 1051/1574/757 1125/1575/758 1124/1564/749
f 1051/1574/757 1050/1576/759 1126/1577/760 1125/1575/758
f 1050/1576/759 1049/1578/761 1127/1579/762 1126/1577/760
f 1049/1578/761 1064/1580/763 1128/1581/764 1127/1579/762
f 1064/1580/763 1063/1582/765 1069/1583/766 1068/1584/767
f 1063/1582/765 1062/1585/768 1070/1586/769 1069/1583/766
f 1062/1587/768 1061/1588/770 1071/1589/771 1070/1590/769
f 1061/1588/770 1060/1480/674 1072/1489/683 1071/1589/771
f 1068/1584/767 1067/1591/772 1105/1592/773 1128/1581/764
f 1067/1591/772 1066/1593/774 1106/1594/775 1105/1592/773
f 1066/1593/774 1065/1595/776 1107/1596/777 1106/1594/775
f 1065/1595/776 1080/1513/705 1108/1498/692 1107/1596/777
f 896/1341/550 916/1344/553 1008/1394/595 996/1362/567
f 912/1381/584 932/1384/587 1024/1421/619 1012/1399/600
f 928/1408/608 948/1411/611 1040/1448/644 1028/1426/624
f 944/1435/633 964/1438/636 1056/1475/669 1044/1453/649
f 960/1462/658 980/1465/661 1072/1489/683 1060/1480/674
f 976/1372/575 900/1352/559 992/1355/562 1076/1494/688
f 920/1351/558 892/1331/540 1100/1334/543
f 936/1391/592 908/1373/576 1096/1376/579
f 952/1418/616 924/1400/601 1092/1403/545
f 968/1445/641 940/1427/625 1088/1430/628
f 984/1472/666 956/1454/650 1084/1457/653
f 904/1339/548 972/1365/570 1104/1340/549
f 1000/1503/697 1004/1516/708 1112/1504/698
f 1016/1529/719 1020/1533/723 1116/1530/720
f 1032/1546/734 1036/1550/738 1120/1547/735
f 1048/1563/748 1052/1567/752 1124/1564/749
f 1064/1580/763 1068/1584/767 1128/1581/764
f 1080/1513/705 988/1495/689 1108/1498/692
f 903/1363/568 904/1339/548 889/1337/546 1129/1597/778
f 1129/1597/778 889/1337/546 890/1335/544 1130/1598/779
f 1130/1598/779 890/1335/544 891/1332/541 1131/1599/780
f 891/1332/541 892/1331/540 893/1348/556 1131/1599/780
f 1131/1599/780 893/1348/556 894/1347/554 1132/1600/781
f 1132/1601/781 894/1345/554 895/1342/551 1133/1602/782
f 895/1342/551 896/1341/550 897/1359/565 1133/1602/782
f 1133/1602/782 897/1359/565 898/1358/563 1134/1603/783
f 1134/1604/783 898/1356/563 899/1353/560 1135/1605/784
f 899/1353/560 900/1352/559 901/1369/573 1135/1605/784
f 1135/1605/784 901/1369/573 902/1368/571 1136/1606/785
f 1136/1607/785 902/1366/571 903/1363/568 1129/1597/778
f 1136/1607/785 1129/1597/778 1130/1598/779 1137/1608/786
f 1130/1598/779 1131/1599/780 1132/1600/781 1137/1608/786
f 1132/1601/781 1133/1602/782 1134/1603/783 1137/1143/786
f 1134/1604/783 1135/1605/784 1136/1606/785 1137/1609/786
f 919/1349/557 920/1351/558 905/1379/582 1138/1610/787
f 1138/1610/787 905/1379/582 906/1377/580 1139/1611/788
f 1139/1611/788 906/1377/580 907/1374/577 1140/1612/789
f 907/1374/577 908/1373/576 909/1388/590 1140/1612/789
f 1140/1612/789 909/1388/590 910/1387/588 1141/1613/790
f 1141/1614/790 910/1385/588 911/1382/585 1142/1615/791
f 911/1382/585 912/1381/584 913/1397/598 1142/1615/791
f 1142/1615/791 913/1397/598 914/1395/596 1143/1616/792
f 1143/1616/792 914/1395/596 915/1392/593 1144/1617/793
f 915/1392/593 916/1344/553 917/1343/552 1144/1617/793
f 1144/1617/793 917/1343/552 918/1346/555 1145/1618/794
f 1145/1619/794 918/1350/555 919/1349/557 1138/1610/787
f 1145/1619/794 1138/1610/787 1139/1611/788 1146/1620/795
f 1139/1611/788 1140/1612/789 1141/1613/790 1146/1620/795
f 1141/1614/790 1142/1615/791 1143/1616/792 1146/1621/795
f 1143/1616/792 1144/1617/793 1145/1618/794 1146/1621/795
f 935/1389/591 936/1391/592 921/1406/606 1147/1622/796
f 1147/1622/796 921/1406/606 922/1404/604 1148/1623/797
f 1148/1623/797 922/1404/604 923/1401/602 1149/1624/798
f 923/1401/602 924/1400/601 925/1415/614 1149/1624/798
f 1149/1624/798 925/1415/614 926/1414/612 1150/1625/799
f 1150/1626/799 926/1412/612 927/1409/609 1151/1627/800
f 927/1409/609 928/1408/608 929/1424/622 1151/1627/800
f 1151/1627/800 929/1424/622 930/1422/620 1152/1628/801
f 1152/1628/801 930/1422/620 931/1419/617 1153/1629/802
f 931/1419/617 932/1384/587 933/1383/586 1153/1629/802
f 1153/1629/802 933/1383/586 934/1386/589 1154/1630/803
f 1154/1631/803 934/1390/589 935/1389/591 1147/1622/796
f 1154/1631/803 1147/1622/796 1148/1623/797 1155/1632/804
f 1148/1623/797 1149/1624/798 1150/1625/799 1155/1632/804
f 1150/1626/799 1151/1627/800 1152/1628/801 1155/1633/804
f 1152/1628/801 1153/1629/802 1154/1630/803 1155/1633/804
f 951/1416/615 952/1418/616 937/1433/631 1156/1634/805
f 1156/1634/805 937/1433/631 938/1431/629 1157/1635/806
f 1157/1635/806 938/1431/629 939/1428/626 1158/1636/807
f 939/1428/626 940/1427/625 941/1442/639 1158/1636/807
f 1158/1636/807 941/1442/639 942/1441/637 1159/1637/808
f 1159/1638/808 942/1439/637 943/1436/634 1160/1639/809
f 943/1436/634 944/1435/633 945/1451/647 1160/1639/809
f 1160/1639/809 945/1451/647 946/1449/645 1161/1640/810
f 1161/1640/810 946/1449/645 947/1446/642 1162/1641/811
f 947/1446/642 948/1411/611 949/1410/610 1162/1641/811
f 1162/1641/811 949/1410/610 950/1413/613 1163/1642/812
f 1163/1643/812 950/1417/613 951/1416/615 1156/1634/805
f 1163/1643/812 1156/1634/805 1157/1635/806 1164/1644/813
f 1157/1635/806 1158/1636/807 1159/1637/808 1164/1644/813
f 1159/1638/808 1160/1639/809 1161/1640/810 1164/1645/813
f 1161/1640/810 1162/1641/811 1163/1642/812 1164/1645/813
f 967/1443/640 968/1445/641 953/1460/656 1165/1646/814
f 1165/1646/814 953/1460/656 954/1458/654 1166/1647/815
f 1166/1647/815 954/1458/654 955/1455/651 1167/1648/816
f 955/1455/651 956/1454/650 957/1469/664 1167/1648/816
f 1167/1648/816 957/1469/664 958/1468/662 1168/1649/817
f 1168/1650/817 958/1466/662 959/1463/659 1169/1651/818
f 959/1463/659 960/1462/658 961/1478/672 1169/1651/818
f 1169/1651/818 961/1478/672 962/1476/670 1170/1652/819
f 1170/1652/819 962/1476/670 963/1473/667 1171/1653/820
f 963/1473/667 964/1438/636 965/1437/635 1171/1653/820
f 1171/1653/820 965/1437/635 966/1440/638 1172/1654/821
f 1172/1655/821 966/1444/638 967/1443/640 1165/1646/814
f 1172/1655/821 1165/1646/814 1166/1647/815 1173/1656/822
f 1166/1647/815 1167/1648/816 1168/1649/817 1173/1656/822
f 1168/1650/817 1169/1651/818 1170/1652/819 1173/1657/822
f 1170/1652/819 1171/1653/820 1172/1654/821 1173/1657/822
f 983/1470/665 984/1472/666 969/1485/679 1174/1658/823
f 1174/1658/823 969/1485/679 970/1483/677 1175/1659/824
f 1175/1659/824 970/1483/677 971/1481/675 1176/1660/825
f 971/1481/675 972/1365/570 973/1364/569 1176/1660/825
f 1176/1660/825 973/1364/569 974/1367/572 1177/1661/826
f 1177/1662/826 974/1371/572 975/1370/574 1178/1663/827
f 975/1370/574 976/1372/575 977/1492/686 1178/1663/827
f 1178/1663/827 977/1492/686 978/1490/684 1179/1664/828
f 1179/1664/828 978/1490/684 979/1487/681 1180/1665/829
f 979/1487/681 980/1465/661 981/1464/660 1180/1665/829
f 1180/1665/829 981/1464/660 982/1467/663 1181/1666/830
f 1181/1667/830 982/1471/663 983/1470/665 1174/1658/823
f 1181/1667/830 1174/1658/823 1175/1659/824 1182/1205/831
f 1175/1659/824 1176/1660/825 1177/1661/826 1182/1205/831
f 1177/1662/826 1178/1663/827 1179/1664/828 1182/1668/831
f 1179/1664/828 1180/1665/829 1181/1666/830 1182/1668/831
f 999/1514/706 1000/1503/697 985/1501/695 1183/1669/832
f 1183/1669/832 985/1501/695 986/1499/693 1184/1670/833
f 1184/1670/833 986/1499/693 987/1496/690 1185/1671/834
f 987/1496/690 988/1495/689 989/1510/703 1185/1671/834
f 1185/1671/834 989/1510/703 990/1509/701 1186/1672/835
f 1186/1673/835 990/1507/701 991/1505/699 1187/1674/836
f 991/1505/699 992/1355/562 993/1354/561 1187/1674/836
f 1187/1674/836 993/1354/561 994/1357/564 1188/1675/837
f 1188/1676/837 994/1361/564 995/1360/566 1189/1677/838
f 995/1360/566 996/1362/567 997/1520/711 1189/1677/838
f 1189/1677/838 997/1520/711 998/1519/709 1190/1678/839
f 1190/1679/839 998/1517/709 999/1514/706 1183/1669/832
f 1190/1679/839 1183/1669/832 1184/1670/833 1191/1680/840
f 1184/1670/833 1185/1671/834 1186/1672/835 1191/1680/840
f 1186/1673/835 1187/1674/836 1188/1675/837 1191/1681/840
f 1188/1676/837 1189/1677/838 1190/1678/839 1191/1304/840
f 1015/1531/721 1016/1529/719 1001/1527/717 1192/1682/841
f 1192/1682/841 1001/1527/717 1002/1525/715 1193/1683/842
f 1193/1683/842 1002/1525/715 1003/1523/713 1194/1684/843
f 1003/1523/713 1004/1516/708 1005/1515/707 1194/1684/843
f 1194/1684/843 1005/1515/707 1006/1518/710 1195/1685/844
f 1195/1686/844 1006/1522/710 1007/1521/712 1196/1687/845
f 1007/1521/712 1008/1394/595 1009/1393/594 1196/1687/845
f 1196/1687/845 1009/1393/594 1010/1396/597 1197/1688/846
f 1197/1688/846 1010/1396/597 1011/1398/599 1198/1689/847
f 1011/1398/599 1012/1399/600 1013/1537/726 1198/1689/847
f 1198/1689/847 1013/1537/726 1014/1536/724 1199/1690/848
f 1199/1691/848 1014/1534/724 1015/1531/721 1192/1682/841
f 1199/1691/848 1192/1682/841 1193/1683/842 1200/1692/849
f 1193/1683/842 1194/1684/843 1195/1685/844 1200/1692/849
f 1195/1686/844 1196/1687/845 1197/1688/846 1200/1693/849
f 1197/1688/846 1198/1689/847 1199/1690/848 1200/1693/849
f 1031/1548/736 1032/1546/734 1017/1544/732 1201/1694/850
f 1201/1694/850 1017/1544/732 1018/1542/730 1202/1695/851
f 1202/1695/851 1018/1542/730 1019/1540/728 1203/1696/852
f 1019/1540/728 1020/1533/723 1021/1532/722 1203/1696/852
f 1203/1696/852 1021/1532/722 1022/1535/725 1204/1697/853
f 1204/1698/853 1022/1539/725 1023/1538/727 1205/1699/854
f 1023/1538/727 1024/1421/619 1025/1420/618 1205/1699/854
f 1205/1699/854 1025/1420/618 1026/1423/621 1206/1700/855
f 1206/1700/855 1026/1423/621 1027/1425/623 1207/1701/856
f 1027/1425/623 1028/1426/624 1029/1554/741 1207/1701/856
f 1207/1701/856 1029/1554/741 1030/1553/739 1208/1702/857
f 1208/1703/857 1030/1551/739 1031/1548/736 1201/1694/850
f 1208/1703/857 1201/1694/850 1202/1695/851 1209/1704/858
f 1202/1695/851 1203/1696/852 1204/1697/853 1209/1704/858
f 1204/1698/853 1205/1699/854 1206/1700/855 1209/1705/858
f 1206/1700/855 1207/1701/856 1208/1702/857 1209/1705/858
f 1047/1565/750 1048/1563/748 1033/1561/746 1210/1706/859
f 1210/1706/859 1033/1561/746 1034/1559/745 1211/1707/860
f 1211/1707/860 1034/1559/745 1035/1557/743 1212/1708/861
f 1035/1557/743 1036/1550/738 1037/1549/737 1212/1708/861
f 1212/1708/861 1037/1549/737 1038/1552/740 1213/1709/862
f 1213/1710/862 1038/1556/740 1039/1555/742 1214/1711/863
f 1039/1555/742 1040/1448/644 1041/1447/643 1214/1711/863
f 1214/1711/863 1041/1447/643 1042/1450/646 1215/1712/864
f 1215/1712/864 1042/1450/646 1043/1452/648 1216/1713/865
f 1043/1452/648 1044/1453/649 1045/1571/755 1216/1713/865
f 1216/1713/865 1045/1571/755 1046/1570/753 1217/1714/866
f 1217/1715/866 1046/1568/753 1047/1565/750 1210/1706/859
f 1217/1715/866 1210/1706/859 1211/1707/860 1218/1716/867
f 1211/1707/860 1212/1708/861 1213/1709/862 1218/1716/867
f 1213/1710/862 1214/1711/863 1215/1712/864 1218/1717/867
f 1215/1712/864 1216/1713/865 1217/1714/866 1218/1717/867
f 1063/1582/765 1064/1580/763 1049/1578/761 1219/1718/868
f 1219/1718/868 1049/1578/761 1050/1576/759 1220/1719/869
f 1220/1719/869 1050/1576/759 1051/1574/757 1221/1720/870
f 1051/1574/757 1052/1567/752 1053/1566/751 1221/1720/870
f 1221/1720/870 1053/1566/751 1054/1569/754 1222/1721/871
f 1222/1722/871 1054/1573/754 1055/1572/756 1223/1723/872
f 1055/1572/756 1056/1475/669 1057/1474/668 1223/1723/872
f 1223/1723/872 1057/1474/668 1058/1477/671 1224/1724/873
f 1224/1724/873 1058/1477/671 1059/1479/673 1225/1725/874
f 1059/1479/673 1060/1480/674 1061/1588/770 1225/1725/874
f 1225/1725/874 1061/1588/770 1062/1587/768 1226/1726/875
f 1226/1727/875 1062/1585/768 1063/1582/765 1219/1718/868
f 1226/1727/875 1219/1718/868 1220/1719/869 1227/1728/876
f 1220/1719/869 1221/1720/870 1222/1721/871 1227/1728/876
f 1222/1722/871 1223/1723/872 1224/1724/873 1227/1729/876
f 1224/1724/873 1225/1725/874 1226/1726/875 1227/1729/876
f 1079/1511/704 1080/1513/705 1065/1595/776 1228/1730/877
f 1228/1730/877 1065/1595/776 1066/1593/774 1229/1731/878
f 1229/1731/878 1066/1593/774 1067/1591/772 1230/1732/879
f 1067/1591/772 1068/1584/767 1069/1583/766 1230/1732/879
f 1230/1732/879 1069/1583/766 1070/1586/769 1231/1733/880
f 1231/1734/880 1070/1590/769 1071/1589/771 1232/1735/881
f 1071/1589/771 1072/1489/683 1073/1488/682 1232/1735/881
f 1232/1735/881 1073/1488/682 1074/1491/685 1233/1736/882
f 1233/1736/882 1074/1491/685 1075/1493/687 1234/1737/883
f 1075/1493/687 1076/1494/688 1077/1506/700 1234/1737/883
f 1234/1737/883 1077/1506/700 1078/1508/702 1235/1738/884
f 1235/1739/884 1078/1512/702 1079/1511/704 1228/1730/877
f 1235/1739/884 1228/1730/877 1229/1731/878 1236/1225/885
f 1229/1731/878 1230/1732/879 1231/1733/880 1236/1225/885
f 1231/1734/880 1232/1735/881 1233/1736/882 1236/1740/885
f 1233/1736/882 1234/1737/883 1235/1738/884 1236/1740/885
f 1103/1338/547 1104/1340/549 1081/1482/676 1237/1741/886
f 1237/1741/886 1081/1482/676 1082/1484/678 1238/1742/887
f 1238/1742/887 1082/1484/678 1083/1486/680 1239/1743/887
f 1083/1486/680 1084/1457/653 1085/1456/652 1239/1743/887
f 1239/1743/887 1085/1456/652 1086/1459/655 1240/1744/888
f 1240/1744/888 1086/1459/655 1087/1461/657 1241/1745/889
f 1087/1461/657 1088/1430/628 1089/1429/627 1241/1745/889
f 1241/1745/889 1089/1429/627 1090/1432/630 1242/1746/890
f 1242/1746/890 1090/1432/630 1091/1434/632 1243/1747/678
f 1091/1434/632 1092/1403/545 1093/1402/603 1243/1747/678
f 1243/1747/678 1093/1402/603 1094/1405/605 1244/1748/891
f 1244/1748/891 1094/1405/605 1095/1407/607 1245/1749/892
f 1095/1407/607 1096/1376/579 1097/1375/578 1245/1749/892
f 1245/1749/892 1097/1375/578 1098/1378/581 1246/1750/893
f 1246/1750/893 1098/1378/581 1099/1380/583 1247/1751/894
f 1099/1380/583 1100/1334/543 1101/1333/542 1247/1751/894
f 1247/1751/894 1101/1333/542 1102/1336/545 1248/1752/655
f 1248/1752/655 1102/1336/545 1103/1338/547 1237/1741/886
f 1248/1752/655 1237/1741/886 1238/1742/887 1249/1187/895
f 1238/1742/887 1239/1743/887 1240/1744/888 1249/1187/895
f 1240/1744/888 1241/1745/889 1242/1746/890 1249/1187/895
f 1242/1746/890 1243/1747/678 1244/1748/891 1249/1187/895
f 1244/1748/891 1245/1749/892 1246/1750/893 1249/1187/895
f 1246/1750/893 1247/1751/894 1248/1752/655 1249/1187/895
f 1127/1579/762 1128/1581/764 1105/1592/773 1250/1753/896
f 1250/1753/896 1105/1592/773 1106/1594/775 1251/1754/897
f 1251/1754/897 1106/1594/775 1107/1596/777 1252/1755/898
f 1107/1596/777 1108/1498/692 1109/1497/691 1252/1755/898
f 1252/1755/898 1109/1497/691 1110/1500/694 1253/1756/899
f 1253/1756/899 1110/1500/694 1111/1502/696 1254/1757/900
f 1111/1502/696 1112/1504/698 1113/1524/714 1254/1757/900
f 1254/1757/900 1113/1524/714 1114/1526/716 1255/1758/901
f 1255/1758/901 1114/1526/716 1115/1528/718 1256/1759/902
f 1115/1528/718 1116/1530/720 1117/1541/729 1256/1759/902
f 1256/1759/902 1117/1541/729 1118/1543/731 1257/1760/903
f 1257/1760/903 1118/1543/731 1119/1545/733 1258/1761/903
f 1119/1545/733 1120/1547/735 1121/1558/744 1258/1761/903
f 1258/1761/903 1121/1558/744 1122/1560/718 1259/1762/904
f 1259/1762/904 1122/1560/718 1123/1562/747 1260/1763/905
f 1123/1562/747 1124/1564/749 1125/1575/758 1260/1763/905
f 1260/1763/905 1125/1575/758 1126/1577/760 1261/1764/906
f 1261/1764/906 1126/1577/760 1127/1579/762 1250/1753/896
f 1261/1764/906 1250/1753/896 1251/1754/897 1262/1208/907
f 1251/1754/897 1252/1755/898 1253/1756/899 1262/1208/907
f 1253/1756/899 1254/1757/900 1255/1758/901 1262/1208/907
f 1255/1758/901 1256/1759/902 1257/1760/903 1262/1208/907
f 1257/1760/903 1258/1761/903 1259/1762/904 1262/1208/907
f 1259/1762/904 1260/1763/905 1261/1764/906 1262/1208/907
f 1266/1331/540 1265/1332/541 1475/1333/542 1474/1334/543
f 1265/1332/541 1264/1335/544 1476/1336/545 1475/1333/542
f 1264/1335/544 1263/1337/546 1477/1338/547 1476/1336/545
f 1263/1337/546 1278/1339/548 1478/1340/549 1477/1338/547
f 1270/1341/550 1269/1342/551 1291/1343/552 1290/1344/553
f 1269/1342/551 1268/1345/554 1292/1346/555 1291/1343/552
f 1268/1347/554 1267/1348/908 1293/1349/557 1292/1350/555
f 1267/1348/908 1266/1331/540 1294/1351/558 1293/1349/557
f 1274/1352/559 1273/1353/560 1367/1354/561 1366/1355/562
f 1273/1353/560 1272/1356/563 1368/1357/564 1367/1354/561
f 1272/1358/563 1271/1359/565 1369/1360/566 1368/1361/564
f 1271/1359/565 1270/1341/550 1370/1362/567 1369/1360/566
f 1278/1339/548 1277/1363/568 1347/1364/569 1346/1365/570
f 1277/1363/568 1276/1366/571 1348/1367/572 1347/1364/569
f 1276/1368/571 1275/1369/573 1349/1370/574 1348/1371/572
f 1275/1369/573 1274/1352/559 1350/1372/575 1349/1370/574
f 1282/1373/576 1281/1374/577 1471/1375/578 1470/1376/579
f 1281/1374/577 1280/1377/580 1472/1378/581 1471/1375/578
f 1280/1377/580 1279/1379/582 1473/1380/583 1472/1378/581
f 1279/1379/582 1294/1351/558 1474/1334/543 1473/1380/583
f 1286/1381/584 1285/1382/585 1307/1383/586 1306/1384/587
f 1285/1382/585 1284/1385/588 1308/1386/589 1307/1383/586
f 1284/1387/588 1283/1388/590 1309/1389/591 1308/1390/589
f 1283/1388/590 1282/1373/576 1310/1391/592 1309/1389/591
f 1290/1344/553 1289/1392/593 1383/1393/594 1382/1394/595
f 1289/1392/593 1288/1395/596 1384/1396/597 1383/1393/594
f 1288/1395/596 1287/1397/598 1385/1398/599 1384/1396/597
f 1287/1397/598 1286/1381/584 1386/1399/600 1385/1398/599
f 1298/1400/601 1297/1401/602 1467/1402/603 1466/1403/545
f 1297/1401/602 1296/1404/604 1468/1405/605 1467/1402/603
f 1296/1404/604 1295/1406/909 1469/1407/607 1468/1405/605
f 1295/1406/909 1310/1391/592 1470/1376/579 1469/1407/607
f 1302/1408/608 1301/1409/609 1323/1410/610 1322/1411/611
f 1301/1409/609 1300/1412/612 1324/1413/613 1323/1410/610
f 1300/1414/612 1299/1415/614 1325/1416/910 1324/1417/613
f 1299/1415/614 1298/1400/601 1326/1418/616 1325/1416/910
f 1306/1384/587 1305/1419/617 1399/1420/618 1398/1421/619
f 1305/1419/617 1304/1422/620 1400/1423/621 1399/1420/618
f 1304/1422/620 1303/1424/622 1401/1425/623 1400/1423/621
f 1303/1424/622 1302/1408/608 1402/1426/624 1401/1425/623
f 1314/1427/911 1313/1428/912 1463/1429/627 1462/1430/628
f 1313/1428/912 1312/1431/629 1464/1432/630 1463/1429/627
f 1312/1431/629 1311/1433/631 1465/1434/632 1464/1432/630
f 1311/1433/631 1326/1418/616 1466/1403/545 1465/1434/632
f 1318/1435/633 1317/1436/634 1339/1437/635 1338/1438/636
f 1317/1436/634 1316/1439/637 1340/1440/638 1339/1437/635
f 1316/1441/637 1315/1442/639 1341/1443/640 1340/1444/638
f 1315/1442/639 1314/1427/911 1342/1445/641 1341/1443/640
f 1322/1411/611 1321/1446/642 1415/1447/643 1414/1448/644
f 1321/1446/642 1320/1449/645 1416/1450/646 1415/1447/643
f 1320/1449/645 1319/1451/647 1417/1452/648 1416/1450/646
f 1319/1451/647 1318/1435/633 1418/1453/649 1417/1452/648
f 1330/1454/650 1329/1455/651 1459/1456/652 1458/1457/653
f 1329/1455/651 1328/1458/654 1460/1459/655 1459/1456/652
f 1328/1458/654 1327/1460/656 1461/1461/657 1460/1459/655
f 1327/1460/656 1342/1445/641 1462/1430/628 1461/1461/657
f 1334/1462/658 1333/1463/659 1355/1464/660 1354/1465/661
f 1333/1463/659 1332/1466/662 1356/1467/663 1355/1464/660
f 1332/1468/662 1331/1469/664 1357/1470/665 1356/1471/663
f 1331/1469/664 1330/1454/650 1358/1472/666 1357/1470/665
f 1338/1438/636 1337/1473/667 1431/1474/668 1430/1475/669
f 1337/1473/667 1336/1476/670 1432/1477/671 1431/1474/668
f 1336/1476/670 1335/1478/672 1433/1479/673 1432/1477/671
f 1335/1478/672 1334/1462/658 1434/1480/674 1433/1479/673
f 1346/1365/570 1345/1481/913 1455/1482/676 1478/1340/549
f 1345/1481/913 1344/1483/677 1456/1484/678 1455/1482/676
f 1344/1483/677 1343/1485/679 1457/1486/680 1456/1484/678
f 1343/1485/679 1358/1472/666 1458/1457/653 1457/1486/680
f 1354/1465/661 1353/1487/681 1447/1488/682 1446/1489/683
f 1353/1487/681 1352/1490/684 1448/1491/685 1447/1488/682
f 1352/1490/684 1351/1492/686 1449/1493/687 1448/1491/685
f 1351/1492/686 1350/1372/575 1450/1494/688 1449/1493/687
f 1362/1495/689 1361/1496/690 1483/1497/691 1482/1498/692
f 1361/1496/690 1360/1499/693 1484/1500/694 1483/1497/691
f 1360/1499/693 1359/1501/695 1485/1502/696 1484/1500/694
f 1359/1501/695 1374/1503/697 1486/1504/698 1485/1502/696
f 1366/1355/562 1365/1505/699 1451/1506/700 1450/1494/688
f 1365/1505/699 1364/1507/701 1452/1508/702 1451/1506/700
f 1364/1509/701 1363/1510/703 1453/1511/914 1452/1512/702
f 1363/1510/703 1362/1495/689 1454/1513/705 1453/1511/914
f 1374/1503/697 1373/1514/706 1379/1515/707 1378/1516/708
f 1373/1514/706 1372/1517/709 1380/1518/915 1379/1515/707
f 1372/1519/709 1371/1520/711 1381/1521/712 1380/1522/915
f 1371/1520/711 1370/1362/567 1382/1394/595 1381/1521/712
f 1378/1516/708 1377/1523/713 1487/1524/714 1486/1504/698
f 1377/1523/713 1376/1525/715 1488/1526/716 1487/1524/714
f 1376/1525/715 1375/1527/717 1489/1528/718 1488/1526/716
f 1375/1527/717 1390/1529/719 1490/1530/720 1489/1528/718
f 1390/1529/719 1389/1531/721 1395/1532/722 1394/1533/723
f 1389/1531/721 1388/1534/724 1396/1535/725 1395/1532/722
f 1388/1536/724 1387/1537/726 1397/1538/727 1396/1539/725
f 1387/1537/726 1386/1399/600 1398/1421/619 1397/1538/727
f 1394/1533/723 1393/1540/728 1491/1541/729 1490/1530/720
f 1393/1540/728 1392/1542/730 1492/1543/731 1491/1541/729
f 1392/1542/730 1391/1544/732 1493/1545/733 1492/1543/731
f 1391/1544/732 1406/1546/734 1494/1547/735 1493/1545/733
f 1406/1546/734 1405/1548/736 1411/1549/737 1410/1550/738
f 1405/1548/736 1404/1551/739 1412/1552/740 1411/1549/737
f 1404/1553/739 1403/1554/741 1413/1555/742 1412/1556/740
f 1403/1554/741 1402/1426/624 1414/1448/644 1413/1555/742
f 1410/1550/738 1409/1557/743 1495/1558/744 1494/1547/735
f 1409/1557/743 1408/1559/745 1496/1560/718 1495/1558/744
f 1408/1559/745 1407/1561/746 1497/1562/747 1496/1560/718
f 1407/1561/746 1422/1563/748 1498/1564/749 1497/1562/747
f 1422/1563/748 1421/1565/750 1427/1566/751 1426/1567/752
f 1421/1565/750 1420/1568/753 1428/1569/754 1427/1566/751
f 1420/1570/753 1419/1571/755 1429/1572/756 1428/1573/754
f 1419/1571/755 1418/1453/649 1430/1475/669 1429/1572/756
f 1426/1567/752 1425/1574/757 1499/1575/758 1498/1564/749
f 1425/1574/757 1424/1576/759 1500/1577/760 1499/1575/758
f 1424/1576/759 1423/1578/761 1501/1579/916 1500/1577/760
f 1423/1578/761 1438/1580/763 1502/1581/764 1501/1579/916
f 1438/1580/763 1437/1582/765 1443/1583/766 1442/1584/767
f 1437/1582/765 1436/1585/768 1444/1586/769 1443/1583/766
f 1436/1587/768 1435/1588/770 1445/1589/771 1444/1590/769
f 1435/1588/770 1434/1480/674 1446/1489/683 1445/1589/771
f 1442/1584/767 1441/1591/772 1479/1592/773 1502/1581/764
f 1441/1591/772 1440/1593/774 1480/1594/775 1479/1592/773
f 1440/1593/774 1439/1595/776 1481/1596/777 1480/1594/775
f 1439/1595/776 1454/1513/705 1482/1498/692 1481/1596/777
f 1270/1341/550 1290/1344/553 1382/1394/595 1370/1362/567
f 1286/1381/584 1306/1384/587 1398/1421/619 1386/1399/600
f 1302/1408/608 1322/1411/611 1414/1448/644 1402/1426/624
f 1318/1435/633 1338/1438/636 1430/1475/669 1418/1453/649
f 1334/1462/658 1354/1465/661 1446/1489/683 1434/1480/674
f 1350/1372/575 1274/1352/559 1366/1355/562 1450/1494/688
f 1294/1351/558 1266/1331/540 1474/1334/543
f 1310/1391/592 1282/1373/576 1470/1376/579
f 1326/1418/616 1298/1400/601 1466/1403/545
f 1342/1445/641 1314/1427/911 1462/1430/628
f 1358/1472/666 1330/1454/650 1458/1457/653
f 1278/1339/548 1346/1365/570 1478/1340/549
f 1374/1503/697 1378/1516/708 1486/1504/698
f 1390/1529/719 1394/1533/723 1490/1530/720
f 1406/1546/734 1410/1550/738 1494/1547/735
f 1422/1563/748 1426/1567/752 1498/1564/749
f 1438/1580/763 1442/1584/767 1502/1581/764
f 1454/1513/705 1362/1495/689 1482/1498/692
f 1277/1363/568 1278/1339/548 1263/1337/546 1503/1597/778
f 1503/1597/778 1263/1337/546 1264/1335/544 1504/1598/779
f 1504/1598/779 1264/1335/544 1265/1332/541 1505/1599/780
f 1265/1332/541 1266/1331/540 1267/1348/908 1505/1599/780
f 1505/1599/780 1267/1348/908 1268/1347/554 1506/1600/781
f 1506/1601/781 1268/1345/554 1269/1342/551 1507/1602/782
f 1269/1342/551 1270/1341/550 1271/1359/565 1507/1602/782
f 1507/1602/782 1271/1359/565 1272/1358/563 1508/1603/783
f 1508/1604/783 1272/1356/563 1273/1353/560 1509/1605/784
f 1273/1353/560 1274/1352/559 1275/1369/573 1509/1605/784
f 1509/1605/784 1275/1369/573 1276/1368/571 1510/1606/785
f 1510/1607/785 1276/1366/571 1277/1363/568 1503/1597/778
f 1510/1607/785 1503/1597/778 1504/1598/779 1511/1608/786
f 1504/1598/779 1505/1599/780 1506/1600/781 1511/1608/786
f 1506/1601/781 1507/1602/782 1508/1603/783 1511/1143/786
f 1508/1604/783 1509/1605/784 1510/1606/785 1511/1609/786
f 1293/1349/557 1294/1351/558 1279/1379/582 1512/1610/787
f 1512/1610/787 1279/1379/582 1280/1377/580 1513/1611/788
f 1513/1611/788 1280/1377/580 1281/1374/577 1514/1612/917
f 1281/1374/577 1282/1373/576 1283/1388/590 1514/1612/917
f 1514/1612/917 1283/1388/590 1284/1387/588 1515/1613/790
f 1515/1614/790 1284/1385/588 1285/1382/585 1516/1615/791
f 1285/1382/585 1286/1381/584 1287/1397/598 1516/1615/791
f 1516/1615/791 1287/1397/598 1288/1395/596 1517/1616/792
f 1517/1616/792 1288/1395/596 1289/1392/593 1518/1617/793
f 1289/1392/593 1290/1344/553 1291/1343/552 1518/1617/793
f 1518/1617/793 1291/1343/552 1292/1346/555 1519/1618/794
f 1519/1619/794 1292/1350/555 1293/1349/557 1512/1610/787
f 1519/1619/794 1512/1610/787 1513/1611/788 1520/1620/795
f 1513/1611/788 1514/1612/917 1515/1613/790 1520/1620/795
f 1515/1614/790 1516/1615/791 1517/1616/792 1520/1621/795
f 1517/1616/792 1518/1617/793 1519/1618/794 1520/1621/795
f 1309/1389/591 1310/1391/592 1295/1406/909 1521/1622/796
f 1521/1622/796 1295/1406/909 1296/1404/604 1522/1623/797
f 1522/1623/797 1296/1404/604 1297/1401/602 1523/1624/798
f 1297/1401/602 1298/1400/601 1299/1415/614 1523/1624/798
f 1523/1624/798 1299/1415/614 1300/1414/612 1524/1625/799
f 1524/1626/799 1300/1412/612 1301/1409/609 1525/1627/800
f 1301/1409/609 1302/1408/608 1303/1424/622 1525/1627/800
f 1525/1627/800 1303/1424/622 1304/1422/620 1526/1628/801
f 1526/1628/801 1304/1422/620 1305/1419/617 1527/1629/802
f 1305/1419/617 1306/1384/587 1307/1383/586 1527/1629/802
f 1527/1629/802 1307/1383/586 1308/1386/589 1528/1630/803
f 1528/1631/803 1308/1390/589 1309/1389/591 1521/1622/796
f 1528/1631/803 1521/1622/796 1522/1623/797 1529/1632/804
f 1522/1623/797 1523/1624/798 1524/1625/799 1529/1632/804
f 1524/1626/799 1525/1627/800 1526/1628/801 1529/1633/804
f 1526/1628/801 1527/1629/802 1528/1630/803 1529/1633/804
f 1325/1416/910 1326/1418/616 1311/1433/631 1530/1634/805
f 1530/1634/805 1311/1433/631 1312/1431/629 1531/1635/806
f 1531/1635/806 1312/1431/629 1313/1428/912 1532/1636/807
f 1313/1428/912 1314/1427/911 1315/1442/639 1532/1636/807
f 1532/1636/807 1315/1442/639 1316/1441/637 1533/1637/808
f 1533/1638/808 1316/1439/637 1317/1436/634 1534/1639/809
f 1317/1436/634 1318/1435/633 1319/1451/647 1534/1639/809
f 1534/1639/809 1319/1451/647 1320/1449/645 1535/1640/810
f 1535/1640/810 1320/1449/645 1321/1446/642 1536/1641/811
f 1321/1446/642 1322/1411/611 1323/1410/610 1536/1641/811
f 1536/1641/811 1323/1410/610 1324/1413/613 1537/1642/812
f 1537/1643/812 1324/1417/613 1325/1416/910 1530/1634/805
f 1537/1643/812 1530/1634/805 1531/1635/806 1538/1644/813
f 1531/1635/806 1532/1636/807 1533/1637/808 1538/1644/813
f 1533/1638/808 1534/1639/809 1535/1640/810 1538/1645/813
f 1535/1640/810 1536/1641/811 1537/1642/812 1538/1645/813
f 1341/1443/640 1342/1445/641 1327/1460/656 1539/1646/918
f 1539/1646/918 1327/1460/656 1328/1458/654 1540/1647/815
f 1540/1647/815 1328/1458/654 1329/1455/651 1541/1648/816
f 1329/1455/651 1330/1454/650 1331/1469/664 1541/1648/816
f 1541/1648/816 1331/1469/664 1332/1468/662 1542/1649/817
f 1542/1650/817 1332/1466/662 1333/1463/659 1543/1651/818
f 1333/1463/659 1334/1462/658 1335/1478/672 1543/1651/818
f 1543/1651/818 1335/1478/672 1336/1476/670 1544/1652/819
f 1544/1652/819 1336/1476/670 1337/1473/667 1545/1653/820
f 1337/1473/667 1338/1438/636 1339/1437/635 1545/1653/820
f 1545/1653/820 1339/1437/635 1340/1440/638 1546/1654/821
f 1546/1655/821 1340/1444/638 1341/1443/640 1539/1646/918
f 1546/1655/821 1539/1646/918 1540/1647/815 1547/1656/822
f 1540/1647/815 1541/1648/816 1542/1649/817 1547/1656/822
f 1542/1650/817 1543/1651/818 1544/1652/819 1547/1657/822
f 1544/1652/819 1545/1653/820 1546/1654/821 1547/1657/822
f 1357/1470/665 1358/1472/666 1343/1485/679 1548/1658/823
f 1548/1658/823 1343/1485/679 1344/1483/677 1549/1659/824
f 1549/1659/824 1344/1483/677 1345/1481/913 1550/1660/825
f 1345/1481/913 1346/1365/570 1347/1364/569 1550/1660/825
f 1550/1660/825 1347/1364/569 1348/1367/572 1551/1661/826
f 1551/1662/826 1348/1371/572 1349/1370/574 1552/1663/827
f 1349/1370/574 1350/1372/575 1351/1492/686 1552/1663/827
f 1552/1663/827 1351/1492/686 1352/1490/684 1553/1664/828
f 1553/1664/828 1352/1490/684 1353/1487/681 1554/1665/829
f 1353/1487/681 1354/1465/661 1355/1464/660 1554/1665/829
f 1554/1665/829 1355/1464/660 1356/1467/663 1555/1666/830
f 1555/1667/830 1356/1471/663 1357/1470/665 1548/1658/823
f 1555/1667/830 1548/1658/823 1549/1659/824 1556/1205/831
f 1549/1659/824 1550/1660/825 1551/1661/826 1556/1205/831
f 1551/1662/826 1552/1663/827 1553/1664/828 1556/1668/831
f 1553/1664/828 1554/1665/829 1555/1666/830 1556/1668/831
f 1373/1514/706 1374/1503/697 1359/1501/695 1557/1669/832
f 1557/1669/832 1359/1501/695 1360/1499/693 1558/1670/833
f 1558/1670/833 1360/1499/693 1361/1496/690 1559/1671/834
f 1361/1496/690 1362/1495/689 1363/1510/703 1559/1671/834
f 1559/1671/834 1363/1510/703 1364/1509/701 1560/1672/835
f 1560/1673/835 1364/1507/701 1365/1505/699 1561/1674/836
f 1365/1505/699 1366/1355/562 1367/1354/561 1561/1674/836
f 1561/1674/836 1367/1354/561 1368/1357/564 1562/1675/837
f 1562/1676/837 1368/1361/564 1369/1360/566 1563/1677/838
f 1369/1360/566 1370/1362/567 1371/1520/711 1563/1677/838
f 1563/1677/838 1371/1520/711 1372/1519/709 1564/1678/839
f 1564/1679/839 1372/1517/709 1373/1514/706 1557/1669/832
f 1564/1679/839 1557/1669/832 1558/1670/833 1565/1680/840
f 1558/1670/833 1559/1671/834 1560/1672/835 1565/1680/840
f 1560/1673/835 1561/1674/836 1562/1675/837 1565/1681/840
f 1562/1676/837 1563/1677/838 1564/1678/839 1565/1304/840
f 1389/1531/721 1390/1529/719 1375/1527/717 1566/1682/841
f 1566/1682/841 1375/1527/717 1376/1525/715 1567/1683/842
f 1567/1683/842 1376/1525/715 1377/1523/713 1568/1684/843
f 1377/1523/713 1378/1516/708 1379/1515/707 1568/1684/843
f 1568/1684/843 1379/1515/707 1380/1518/915 1569/1685/844
f 1569/1686/844 1380/1522/915 1381/1521/712 1570/1687/845
f 1381/1521/712 1382/1394/595 1383/1393/594 1570/1687/845
f 1570/1687/845 1383/1393/594 1384/1396/597 1571/1688/846
f 1571/1688/846 1384/1396/597 1385/1398/599 1572/1689/847
f 1385/1398/599 1386/1399/600 1387/1537/726 1572/1689/847
f 1572/1689/847 1387/1537/726 1388/1536/724 1573/1690/848
f 1573/1691/848 1388/1534/724 1389/1531/721 1566/1682/841
f 1573/1691/848 1566/1682/841 1567/1683/842 1574/1692/849
f 1567/1683/842 1568/1684/843 1569/1685/844 1574/1692/849
f 1569/1686/844 1570/1687/845 1571/1688/846 1574/1693/849
f 1571/1688/846 1572/1689/847 1573/1690/848 1574/1693/849
f 1405/1548/736 1406/1546/734 1391/1544/732 1575/1694/850
f 1575/1694/850 1391/1544/732 1392/1542/730 1576/1695/851
f 1576/1695/851 1392/1542/730 1393/1540/728 1577/1696/852
f 1393/1540/728 1394/1533/723 1395/1532/722 1577/1696/852
f 1577/1696/852 1395/1532/722 1396/1535/725 1578/1697/853
f 1578/1698/853 1396/1539/725 1397/1538/727 1579/1699/854
f 1397/1538/727 1398/1421/619 1399/1420/618 1579/1699/854
f 1579/1699/854 1399/1420/618 1400/1423/621 1580/1700/855
f 1580/1700/855 1400/1423/621 1401/1425/623 1581/1701/856
f 1401/1425/623 1402/1426/624 1403/1554/741 1581/1701/856
f 1581/1701/856 1403/1554/741 1404/1553/739 1582/1702/857
f 1582/1703/857 1404/1551/739 1405/1548/736 1575/1694/850
f 1582/1703/857 1575/1694/850 1576/1695/851 1583/1704/858
f 1576/1695/851 1577/1696/852 1578/1697/853 1583/1704/858
f 1578/1698/853 1579/1699/854 1580/1700/855 1583/1705/858
f 1580/1700/855 1581/1701/856 1582/1702/857 1583/1705/858
f 1421/1565/750 1422/1563/748 1407/1561/746 1584/1706/859
f 1584/1706/859 1407/1561/746 1408/1559/745 1585/1707/860
f 1585/1707/860 1408/1559/745 1409/1557/743 1586/1708/861
f 1409/1557/743 1410/1550/738 1411/1549/737 1586/1708/861
f 1586/1708/861 1411/1549/737 1412/1552/740 1587/1709/862
f 1587/1710/862 1412/1556/740 1413/1555/742 1588/1711/863
f 1413/1555/742 1414/1448/644 1415/1447/643 1588/1711/863
f 1588/1711/863 1415/1447/643 1416/1450/646 1589/1712/864
f 1589/1712/864 1416/1450/646 1417/1452/648 1590/1713/865
f 1417/1452/648 1418/1453/649 1419/1571/755 1590/1713/865
f 1590/1713/865 1419/1571/755 1420/1570/753 1591/1714/866
f 1591/1715/866 1420/1568/753 1421/1565/750 1584/1706/859
f 1591/1715/866 1584/1706/859 1585/1707/860 1592/1716/867
f 1585/1707/860 1586/1708/861 1587/1709/862 1592/1716/867
f 1587/1710/862 1588/1711/863 1589/1712/864 1592/1717/867
f 1589/1712/864 1590/1713/865 1591/1714/866 1592/1717/867
f 1437/1582/765 1438/1580/763 1423/1578/761 1593/1718/868
f 1593/1718/868 1423/1578/761 1424/1576/759 1594/1719/869
f 1594/1719/869 1424/1576/759 1425/1574/757 1595/1720/870
f 1425/1574/757 1426/1567/752 1427/1566/751 1595/1720/870
f 1595/1720/870 1427/1566/751 1428/1569/754 1596/1721/871
f 1596/1722/871 1428/1573/754 1429/1572/756 1597/1723/872
f 1429/1572/756 1430/1475/669 1431/1474/668 1597/1723/872
f 1597/1723/872 1431/1474/668 1432/1477/671 1598/1724/873
f 1598/1724/873 1432/1477/671 1433/1479/673 1599/1725/874
f 1433/1479/673 1434/1480/674 1435/1588/770 1599/1725/874
f 1599/1725/874 1435/1588/770 1436/1587/768 1600/1726/875
f 1600/1727/875 1436/1585/768 1437/1582/765 1593/1718/868
f 1600/1727/875 1593/1718/868 1594/1719/869 1601/1728/876
f 1594/1719/869 1595/1720/870 1596/1721/871 1601/1728/876
f 1596/1722/871 1597/1723/872 1598/1724/873 1601/1729/876
f 1598/1724/873 1599/1725/874 1600/1726/875 1601/1729/876
f 1453/1511/914 1454/1513/705 1439/1595/776 1602/1730/877
f 1602/1730/877 1439/1595/776 1440/1593/774 1603/1731/878
f 1603/1731/878 1440/1593/774 1441/1591/772 1604/1732/879
f 1441/1591/772 1442/1584/767 1443/1583/766 1604/1732/879
f 1604/1732/879 1443/1583/766 1444/1586/769 1605/1733/880
f 1605/1734/880 1444/1590/769 1445/1589/771 1606/1735/881
f 1445/1589/771 1446/1489/683 1447/1488/682 1606/1735/881
f 1606/1735/881 1447/1488/682 1448/1491/685 1607/1736/882
f 1607/1736/882 1448/1491/685 1449/1493/687 1608/1737/883
f 1449/1493/687 1450/1494/688 1451/1506/700 1608/1737/883
f 1608/1737/883 1451/1506/700 1452/1508/702 1609/1738/884
f 1609/1739/884 1452/1512/702 1453/1511/914 1602/1730/877
f 1609/1739/884 1602/1730/877 1603/1731/878 1610/1225/885
f 1603/1731/878 1604/1732/879 1605/1733/880 1610/1225/885
f 1605/1734/880 1606/1735/881 1607/1736/882 1610/1740/885
f 1607/1736/882 1608/1737/883 1609/1738/884 1610/1740/885
f 1477/1338/547 1478/1340/549 1455/1482/676 1611/1741/886
f 1611/1741/886 1455/1482/676 1456/1484/678 1612/1742/887
f 1612/1742/887 1456/1484/678 1457/1486/680 1613/1743/887
f 1457/1486/680 1458/1457/653 1459/1456/652 1613/1743/887
f 1613/1743/887 1459/1456/652 1460/1459/655 1614/1744/888
f 1614/1744/888 1460/1459/655 1461/1461/657 1615/1745/889
f 1461/1461/657 1462/1430/628 1463/1429/627 1615/1745/889
f 1615/1745/889 1463/1429/627 1464/1432/630 1616/1746/890
f 1616/1746/890 1464/1432/630 1465/1434/632 1617/1747/678
f 1465/1434/632 1466/1403/545 1467/1402/603 1617/1747/678
f 1617/1747/678 1467/1402/603 1468/1405/605 1618/1748/891
f 1618/1748/891 1468/1405/605 1469/1407/607 1619/1749/892
f 1469/1407/607 1470/1376/579 1471/1375/578 1619/1749/892
f 1619/1749/892 1471/1375/578 1472/1378/581 1620/1750/893
f 1620/1750/893 1472/1378/581 1473/1380/583 1621/1751/894
f 1473/1380/583 1474/1334/543 1475/1333/542 1621/1751/894
f 1621/1751/894 1475/1333/542 1476/1336/545 1622/1752/655
f 1622/1752/655 1476/1336/545 1477/1338/547 1611/1741/886
f 1622/1752/655 1611/1741/886 1612/1742/887 1623/1187/895
f 1612/1742/887 1613/1743/887 1614/1744/888 1623/1187/895
f 1614/1744/888 1615/1745/889 1616/1746/890 1623/1187/895
f 1616/1746/890 1617/1747/678 1618/1748/891 1623/1187/895
f 1618/1748/891 1619/1749/892 1620/1750/893 1623/1187/895
f 1620/1750/893 1621/1751/894 1622/1752/655 1623/1187/895
f 1501/1579/916 1502/1581/764 1479/1592/773 1624/1753/896
f 1624/1753/896 1479/1592/773 1480/1594/775 1625/1754/897
f 1625/1754/897 1480/1594/775 1481/1596/777 1626/1755/898
f 1481/1596/777 1482/1498/692 1483/1497/691 1626/1755/898
f 1626/1755/898 1483/1497/691 1484/1500/694 1627/1756/899
f 1627/1756/899 1484/1500/694 1485/1502/696 1628/1757/900
f 1485/1502/696 1486/1504/698 1487/1524/714 1628/1757/900
f 1628/1757/900 1487/1524/714 1488/1526/716 1629/1758/901
f 1629/1758/901 1488/1526/716 1489/1528/718 1630/1759/902
f 1489/1528/718 1490/1530/720 1491/1541/729 1630/1759/902
f 1630/1759/902 1491/1541/729 1492/1543/731 1631/1760/903
f 1631/1760/903 1492/1543/731 1493/1545/733 1632/1761/903
f 1493/1545/733 1494/1547/735 1495/1558/744 1632/1761/903
f 1632/1761/903 1495/1558/744 1496/1560/718 1633/1762/904
f 1633/1762/904 1496/1560/718 1497/1562/747 1634/1763/905
f 1497/1562/747 1498/1564/749 1499/1575/758 1634/1763/905
f 1634/1763/905 1499/1575/758 1500/1577/760 1635/1764/906
f 1635/1764/906 1500/1577/760 1501/1579/916 1624/1753/896
f 1635/1764/906 1624/1753/896 1625/1754/897 1636/1208/907
f 1625/1754/897 1626/1755/898 1627/1756/899 1636/1208/907
f 1627/1756/899 1628/1757/900 1629/1758/901 1636/1208/907
f 1629/1758/901 1630/1759/902 1631/1760/903 1636/1208/907
f 1631/1760/903 1632/1761/903 1633/1762/904 1636/1208/907
f 1633/1762/904 1634/1763/905 1635/1764/906 1636/1208/907
