# Blender 4.4.1
# www.blender.org
mtllib bolts4.mtl
o Generator_Connector_4.004
v 0.193742 -0.570009 0.229903
v 0.195286 -0.571347 0.230884
v 0.197258 -0.572166 0.231641
v 0.199465 -0.572387 0.232099
v 0.201693 -0.571988 0.232215
v 0.203721 -0.571007 0.231977
v 0.205353 -0.569542 0.231408
v 0.206428 -0.567735 0.230564
v 0.206841 -0.565763 0.229527
v 0.206551 -0.563819 0.228399
v 0.205587 -0.562094 0.227291
v 0.204044 -0.560756 0.226310
v 0.202071 -0.559937 0.225554
v 0.199864 -0.559716 0.225095
v 0.197636 -0.560115 0.224979
v 0.195608 -0.561096 0.225217
v 0.193976 -0.562561 0.225786
v 0.192901 -0.564368 0.226630
v 0.192489 -0.566340 0.227667
v 0.192778 -0.568284 0.228795
v 0.191455 -0.571537 0.230408
v 0.193595 -0.573391 0.231767
v 0.196328 -0.574527 0.232816
v 0.199389 -0.574833 0.233452
v 0.202476 -0.574280 0.233612
v 0.205288 -0.572921 0.233282
v 0.207549 -0.570890 0.232493
v 0.209039 -0.568385 0.231323
v 0.209611 -0.565652 0.229886
v 0.209209 -0.562958 0.228323
v 0.207874 -0.560566 0.226787
v 0.205734 -0.558712 0.225428
v 0.203001 -0.557576 0.224379
v 0.199940 -0.557270 0.223743
v 0.196853 -0.557824 0.223582
v 0.194041 -0.559182 0.223912
v 0.191780 -0.561214 0.224701
v 0.190290 -0.563718 0.225871
v 0.189718 -0.566452 0.227308
v 0.190120 -0.569146 0.228871
v 0.189366 -0.563873 0.244152
v 0.191506 -0.565728 0.245511
v 0.194239 -0.566863 0.246560
v 0.197299 -0.567170 0.247196
v 0.200386 -0.566616 0.247356
v 0.203198 -0.565257 0.247026
v 0.205460 -0.563226 0.246237
v 0.206950 -0.560721 0.245067
v 0.207522 -0.557988 0.243630
v 0.207120 -0.555294 0.242067
v 0.205784 -0.552903 0.240531
v 0.203645 -0.551049 0.239172
v 0.200911 -0.549913 0.238123
v 0.197851 -0.549607 0.237487
v 0.194764 -0.550160 0.237326
v 0.191952 -0.551519 0.237656
v 0.189690 -0.553550 0.238445
v 0.188201 -0.556055 0.239615
v 0.187629 -0.558788 0.241052
v 0.188030 -0.561482 0.242615
v 0.191653 -0.562346 0.243647
v 0.193196 -0.563683 0.244628
v 0.195168 -0.564503 0.245385
v 0.197376 -0.564724 0.245843
v 0.199603 -0.564324 0.245959
v 0.201632 -0.563344 0.245721
v 0.203264 -0.561879 0.245152
v 0.204338 -0.560072 0.244308
v 0.204751 -0.558100 0.243271
v 0.204461 -0.556156 0.242143
v 0.203498 -0.554431 0.241035
v 0.201954 -0.553093 0.240054
v 0.199982 -0.552274 0.239298
v 0.197774 -0.552053 0.238839
v 0.195547 -0.552452 0.238723
v 0.193518 -0.553432 0.238961
v 0.191887 -0.554898 0.239530
v 0.190812 -0.556705 0.240375
v 0.190399 -0.558677 0.241411
v 0.190689 -0.560620 0.242539
v 0.191974 -0.551599 0.237512
v 0.194786 -0.550240 0.237182
v 0.197873 -0.549687 0.237343
v 0.200933 -0.549993 0.237979
v 0.203667 -0.551129 0.239028
v 0.205806 -0.552983 0.240387
v 0.207142 -0.555374 0.241923
v 0.207544 -0.558068 0.243486
v 0.206971 -0.560802 0.244923
v 0.205482 -0.563306 0.246093
v 0.203220 -0.565338 0.246882
v 0.200408 -0.566696 0.247212
v 0.197321 -0.567250 0.247052
v 0.194261 -0.566944 0.246416
v 0.191527 -0.565808 0.245367
v 0.189388 -0.563954 0.244008
v 0.188052 -0.561563 0.242472
v 0.187651 -0.558868 0.240908
v 0.188223 -0.556135 0.239471
v 0.189712 -0.553630 0.238301
v 0.194019 -0.559101 0.224058
v 0.196831 -0.557742 0.223728
v 0.199918 -0.557189 0.223889
v 0.202978 -0.557495 0.224525
v 0.205712 -0.558631 0.225574
v 0.207851 -0.560485 0.226933
v 0.209187 -0.562876 0.228469
v 0.209589 -0.565570 0.230032
v 0.209017 -0.568303 0.231469
v 0.207527 -0.570808 0.232640
v 0.205265 -0.572839 0.233428
v 0.202454 -0.574198 0.233759
v 0.199366 -0.574751 0.233598
v 0.196306 -0.574445 0.232962
v 0.193573 -0.573310 0.231913
v 0.191433 -0.571455 0.230554
v 0.190097 -0.569064 0.229018
v 0.189696 -0.566370 0.227454
v 0.190268 -0.563637 0.226017
v 0.191758 -0.561132 0.224847
v 0.192862 -0.554856 0.231672
v 0.195674 -0.553497 0.231342
v 0.198761 -0.552943 0.231503
v 0.201821 -0.553249 0.232139
v 0.204554 -0.554385 0.233188
v 0.206694 -0.556239 0.234547
v 0.208030 -0.558631 0.236083
v 0.208431 -0.561325 0.237646
v 0.207859 -0.564058 0.239083
v 0.206370 -0.566563 0.240254
v 0.204108 -0.568594 0.241042
v 0.201296 -0.569953 0.241372
v 0.198209 -0.570506 0.241212
v 0.195149 -0.570200 0.240576
v 0.192415 -0.569064 0.239527
v 0.190276 -0.567210 0.238168
v 0.188940 -0.564819 0.236632
v 0.188538 -0.562125 0.235068
v 0.189110 -0.559392 0.233631
v 0.190600 -0.556887 0.232461
v 0.192195 -0.552410 0.236058
v 0.195007 -0.551051 0.235728
v 0.198094 -0.550498 0.235889
v 0.201154 -0.550804 0.236524
v 0.203888 -0.551940 0.237573
v 0.206027 -0.553794 0.238932
v 0.207363 -0.556185 0.240469
v 0.207765 -0.558879 0.242032
v 0.207193 -0.561613 0.243469
v 0.205703 -0.564117 0.244639
v 0.203441 -0.566149 0.245428
v 0.200629 -0.567507 0.245758
v 0.197542 -0.568061 0.245597
v 0.194482 -0.567755 0.244961
v 0.191748 -0.566619 0.243913
v 0.189609 -0.564765 0.242553
v 0.188273 -0.562373 0.241017
v 0.187872 -0.559679 0.239454
v 0.188444 -0.556946 0.238017
v 0.189933 -0.554441 0.236847
v 0.194780 -0.550206 0.237354
v 0.197850 -0.549655 0.237514
v 0.200893 -0.549960 0.238146
v 0.203611 -0.551089 0.239189
v 0.205739 -0.552933 0.240541
v 0.207067 -0.555311 0.242069
v 0.207467 -0.557990 0.243623
v 0.206898 -0.560708 0.245052
v 0.205416 -0.563199 0.246216
v 0.203167 -0.565219 0.247000
v 0.200371 -0.566571 0.247329
v 0.197301 -0.567121 0.247169
v 0.194258 -0.566817 0.246536
v 0.191539 -0.565687 0.245493
v 0.189412 -0.563843 0.244142
v 0.188083 -0.561465 0.242614
v 0.187684 -0.558786 0.241059
v 0.188253 -0.556068 0.239630
v 0.189734 -0.553577 0.238467
v 0.191983 -0.551557 0.237682
v 0.205700 -0.558753 0.225445
v 0.207828 -0.560597 0.226797
v 0.209156 -0.562975 0.228325
v 0.209555 -0.565654 0.229879
v 0.208986 -0.568372 0.231308
v 0.207505 -0.570862 0.232472
v 0.205256 -0.572882 0.233256
v 0.202460 -0.574234 0.233584
v 0.199390 -0.574784 0.233424
v 0.196347 -0.574479 0.232792
v 0.193629 -0.573350 0.231749
v 0.191501 -0.571506 0.230398
v 0.190173 -0.569128 0.228870
v 0.189774 -0.566449 0.227315
v 0.190343 -0.563731 0.225886
v 0.191824 -0.561241 0.224723
v 0.194073 -0.559221 0.223938
v 0.196869 -0.557870 0.223610
v 0.199939 -0.557319 0.223770
v 0.202982 -0.557624 0.224402
v 0.205098 -0.559481 0.225760
v 0.207014 -0.561141 0.226976
v 0.208210 -0.563282 0.228352
v 0.208569 -0.565693 0.229751
v 0.208057 -0.568140 0.231038
v 0.206723 -0.570383 0.232085
v 0.204699 -0.572201 0.232791
v 0.202181 -0.573418 0.233087
v 0.199418 -0.573913 0.232943
v 0.196678 -0.573639 0.232374
v 0.194231 -0.572622 0.231435
v 0.192315 -0.570962 0.230218
v 0.191119 -0.568822 0.228843
v 0.190760 -0.566410 0.227443
v 0.191272 -0.563963 0.226157
v 0.192606 -0.561720 0.225109
v 0.194630 -0.559902 0.224403
v 0.197148 -0.558685 0.224107
v 0.199912 -0.558190 0.224251
v 0.202651 -0.558464 0.224821
v 0.204781 -0.558211 0.243072
v 0.204492 -0.556267 0.241944
v 0.203528 -0.554542 0.240836
v 0.201984 -0.553204 0.239856
v 0.200012 -0.552385 0.239099
v 0.197804 -0.552164 0.238640
v 0.195577 -0.552563 0.238524
v 0.193549 -0.553543 0.238762
v 0.191917 -0.555009 0.239331
v 0.190842 -0.556816 0.240176
v 0.190429 -0.558788 0.241212
v 0.190719 -0.560731 0.242340
v 0.191683 -0.562457 0.243448
v 0.193226 -0.563794 0.244429
v 0.195199 -0.564614 0.245186
v 0.197406 -0.564835 0.245644
v 0.199634 -0.564435 0.245760
v 0.201662 -0.563455 0.245522
v 0.203294 -0.561990 0.244953
v 0.204369 -0.560182 0.244109
v 0.206759 -0.565465 0.230062
v 0.206470 -0.563521 0.228934
v 0.205506 -0.561796 0.227826
v 0.203962 -0.560458 0.226845
v 0.201990 -0.559639 0.226088
v 0.199782 -0.559418 0.225630
v 0.197555 -0.559817 0.225514
v 0.195526 -0.560798 0.225752
v 0.193895 -0.562263 0.226321
v 0.192820 -0.564070 0.227165
v 0.192407 -0.566042 0.228202
v 0.192697 -0.567986 0.229330
v 0.193661 -0.569711 0.230438
v 0.195204 -0.571049 0.231419
v 0.197176 -0.571868 0.232175
v 0.199384 -0.572089 0.232634
v 0.201611 -0.571690 0.232750
v 0.203640 -0.570709 0.232512
v 0.205272 -0.569244 0.231943
v 0.206347 -0.567437 0.231098
v 0.189740 -0.558703 0.241326
v 0.190191 -0.556550 0.240194
v 0.191364 -0.554577 0.239272
v 0.193146 -0.552977 0.238651
v 0.195361 -0.551907 0.238391
v 0.197793 -0.551471 0.238517
v 0.200203 -0.551712 0.239018
v 0.202356 -0.552607 0.239844
v 0.204042 -0.554067 0.240915
v 0.205094 -0.555951 0.242125
v 0.205410 -0.558073 0.243357
v 0.204960 -0.560226 0.244489
v 0.203786 -0.562199 0.245410
v 0.202005 -0.563799 0.246032
v 0.199790 -0.564870 0.246292
v 0.197358 -0.565306 0.246165
v 0.194947 -0.565065 0.245664
v 0.192794 -0.564170 0.244838
v 0.191109 -0.562709 0.243767
v 0.190056 -0.560826 0.242557
vn 0.1316 -0.4828 -0.8658
vn -0.8178 -0.5465 0.1804
vn -0.6047 -0.7312 0.3158
vn -0.3324 -0.8443 0.4203
vn -0.0275 -0.8748 0.4836
vn 0.2801 -0.8197 0.4996
vn 0.5602 -0.6843 0.4667
vn 0.7855 -0.4820 0.3882
vn 0.9339 -0.2324 0.2716
vn 0.9909 0.0399 0.1284
vn 0.9509 0.3082 -0.0273
vn 0.8178 0.5465 -0.1804
vn 0.6047 0.7312 -0.3158
vn 0.3324 0.8443 -0.4203
vn 0.0275 0.8748 -0.4836
vn -0.2801 0.8197 -0.4996
vn -0.5602 0.6843 -0.4667
vn -0.7855 0.4820 -0.3882
vn -0.9339 0.2324 -0.2716
vn -0.9909 -0.0399 -0.1284
vn -0.9509 -0.3082 0.0273
vn -0.1316 0.4828 0.8658
vn 0.7201 0.6468 -0.2512
vn 0.8954 0.4327 -0.1051
vn 0.9830 0.1762 0.0512
vn 0.9744 -0.0975 0.2025
vn 0.8704 -0.3617 0.3340
vn 0.6812 -0.5904 0.4328
vn 0.4254 -0.7614 0.4892
vn 0.1279 -0.8578 0.4978
vn -0.1822 -0.8703 0.4576
vn -0.4744 -0.7976 0.3726
vn -0.7201 -0.6468 0.2512
vn -0.8954 -0.4327 0.1051
vn -0.9830 -0.1762 -0.0512
vn -0.9744 0.0975 -0.2025
vn -0.8704 0.3617 -0.3340
vn -0.6812 0.5904 -0.4328
vn -0.4254 0.7614 -0.4892
vn -0.1279 0.8578 -0.4978
vn 0.1822 0.8703 -0.4576
vn 0.4744 0.7976 -0.3726
vt 0.574301 0.132108
vt 0.563205 0.110329
vt 0.602641 0.081677
vt 0.620661 0.117045
vt 0.545921 0.093046
vt 0.574573 0.053610
vt 0.524142 0.081949
vt 0.539205 0.035589
vt 0.500000 0.078125
vt 0.500000 0.029379
vt 0.475858 0.081949
vt 0.460795 0.035589
vt 0.454079 0.093046
vt 0.425427 0.053610
vt 0.436796 0.110329
vt 0.397360 0.081677
vt 0.425699 0.132108
vt 0.379339 0.117045
vt 0.421875 0.156250
vt 0.373129 0.156250
vt 0.425699 0.180392
vt 0.379339 0.195455
vt 0.436796 0.202171
vt 0.397360 0.230823
vt 0.454079 0.219454
vt 0.425427 0.258890
vt 0.475858 0.230551
vt 0.460795 0.276911
vt 0.500000 0.234375
vt 0.500000 0.283121
vt 0.524142 0.230551
vt 0.539205 0.276911
vt 0.545921 0.219454
vt 0.574573 0.258890
vt 0.563204 0.202171
vt 0.602640 0.230823
vt 0.574301 0.180392
vt 0.620661 0.195455
vt 0.578125 0.156250
vt 0.626871 0.156250
vt 0.375000 0.312500
vt 0.387500 0.312500
vt 0.387500 0.316499
vt 0.375000 0.316499
vt 0.400000 0.312500
vt 0.400000 0.316499
vt 0.412500 0.312500
vt 0.412500 0.316499
vt 0.425000 0.312500
vt 0.425000 0.316499
vt 0.437500 0.312500
vt 0.437500 0.316499
vt 0.450000 0.312500
vt 0.450000 0.316499
vt 0.462500 0.312500
vt 0.462500 0.316499
vt 0.475000 0.312500
vt 0.475000 0.316499
vt 0.487500 0.312500
vt 0.487500 0.316499
vt 0.500000 0.312500
vt 0.500000 0.316499
vt 0.512500 0.312500
vt 0.512500 0.316499
vt 0.525000 0.312500
vt 0.525000 0.316499
vt 0.537500 0.312500
vt 0.537500 0.316499
vt 0.550000 0.312500
vt 0.550000 0.316499
vt 0.562500 0.312500
vt 0.562500 0.316499
vt 0.575000 0.312500
vt 0.575000 0.316499
vt 0.587500 0.312500
vt 0.587500 0.316499
vt 0.600000 0.312500
vt 0.600000 0.316499
vt 0.612500 0.312500
vt 0.612500 0.316499
vt 0.625000 0.312500
vt 0.625000 0.316499
vt 0.648603 0.892034
vt 0.626409 0.935591
vt 0.625152 0.934679
vt 0.647126 0.891554
vt 0.591841 0.970159
vt 0.590929 0.968903
vt 0.548284 0.992353
vt 0.547804 0.990876
vt 0.500000 1.000000
vt 0.500000 0.998447
vt 0.451716 0.992353
vt 0.452196 0.990876
vt 0.408159 0.970159
vt 0.409071 0.968903
vt 0.373591 0.935591
vt 0.374847 0.934679
vt 0.351397 0.892034
vt 0.352874 0.891554
vt 0.343750 0.843750
vt 0.345303 0.843750
vt 0.351397 0.795466
vt 0.352874 0.795946
vt 0.373591 0.751909
vt 0.374847 0.752821
vt 0.408159 0.717341
vt 0.409071 0.718597
vt 0.451716 0.695147
vt 0.452196 0.696624
vt 0.500000 0.687500
vt 0.500000 0.689053
vt 0.548284 0.695147
vt 0.547804 0.696624
vt 0.591842 0.717341
vt 0.590929 0.718597
vt 0.626409 0.751908
vt 0.625153 0.752821
vt 0.648603 0.795466
vt 0.647126 0.795946
vt 0.656250 0.843750
vt 0.654697 0.843750
vt 0.574301 0.160728
vt 0.563204 0.140644
vt 0.578125 0.182992
vt 0.574301 0.205256
vt 0.563204 0.225340
vt 0.545921 0.241280
vt 0.524142 0.251513
vt 0.500000 0.255039
vt 0.475858 0.251513
vt 0.454079 0.241280
vt 0.436796 0.225340
vt 0.425699 0.205256
vt 0.421875 0.182992
vt 0.425699 0.160728
vt 0.436796 0.140644
vt 0.454079 0.124705
vt 0.475858 0.114471
vt 0.500000 0.110945
vt 0.524142 0.114471
vt 0.545921 0.124705
vt 0.550000 0.684505
vt 0.562500 0.684505
vt 0.562500 0.688440
vt 0.550000 0.688440
vt 0.537500 0.684505
vt 0.537500 0.688440
vt 0.525000 0.684505
vt 0.525000 0.688440
vt 0.512500 0.684505
vt 0.512500 0.688440
vt 0.500000 0.684505
vt 0.500000 0.688440
vt 0.487500 0.684505
vt 0.487500 0.688440
vt 0.475000 0.684505
vt 0.475000 0.688440
vt 0.462500 0.684505
vt 0.462500 0.688440
vt 0.450000 0.684505
vt 0.450000 0.688440
vt 0.437500 0.684505
vt 0.437500 0.688440
vt 0.425000 0.684505
vt 0.425000 0.688440
vt 0.412500 0.684505
vt 0.412500 0.688440
vt 0.400000 0.684505
vt 0.400000 0.688440
vt 0.387500 0.684505
vt 0.387500 0.688440
vt 0.375000 0.684505
vt 0.375000 0.688440
vt 0.612500 0.684505
vt 0.625000 0.684505
vt 0.625000 0.688440
vt 0.612500 0.688440
vt 0.600000 0.684505
vt 0.600000 0.688440
vt 0.587500 0.684505
vt 0.587500 0.688440
vt 0.575000 0.684505
vt 0.575000 0.688440
vt 0.562500 0.524764
vt 0.550000 0.524764
vt 0.537500 0.524764
vt 0.525000 0.524764
vt 0.512500 0.524764
vt 0.500000 0.524764
vt 0.487500 0.524764
vt 0.475000 0.524764
vt 0.462500 0.524764
vt 0.450000 0.524764
vt 0.437500 0.524764
vt 0.425000 0.524764
vt 0.412500 0.524764
vt 0.400000 0.524764
vt 0.387500 0.524764
vt 0.375000 0.524764
vt 0.625000 0.524764
vt 0.612500 0.524764
vt 0.600000 0.524764
vt 0.587500 0.524764
vt 0.575000 0.524764
vt 0.562500 0.644723
vt 0.550000 0.644723
vt 0.537500 0.644723
vt 0.525000 0.644723
vt 0.512500 0.644723
vt 0.500000 0.644723
vt 0.487500 0.644723
vt 0.475000 0.644723
vt 0.462500 0.644723
vt 0.450000 0.644723
vt 0.437500 0.644723
vt 0.425000 0.644723
vt 0.412500 0.644723
vt 0.400000 0.644723
vt 0.387500 0.644723
vt 0.375000 0.644723
vt 0.625000 0.644723
vt 0.612500 0.644723
vt 0.600000 0.644723
vt 0.587500 0.644723
vt 0.575000 0.644723
vt 0.500000 0.747033
vt 0.470113 0.751767
vt 0.443151 0.765504
vt 0.421754 0.786901
vt 0.408017 0.813863
vt 0.403283 0.843750
vt 0.408017 0.873637
vt 0.421754 0.900599
vt 0.443151 0.921996
vt 0.470113 0.935733
vt 0.500000 0.940467
vt 0.529887 0.935733
vt 0.556849 0.921996
vt 0.578246 0.900599
vt 0.591983 0.873637
vt 0.596717 0.843750
vt 0.591983 0.813863
vt 0.578246 0.786901
vt 0.556849 0.765504
vt 0.529887 0.751767
vt 0.352890 0.204049
vt 0.374861 0.247169
vt 0.373591 0.248091
vt 0.351397 0.204534
vt 0.345320 0.156250
vt 0.343750 0.156250
vt 0.352890 0.108451
vt 0.351397 0.107966
vt 0.374861 0.065331
vt 0.373591 0.064409
vt 0.409081 0.031111
vt 0.408159 0.029841
vt 0.452201 0.009140
vt 0.451716 0.007647
vt 0.500000 0.001570
vt 0.500000 -0.000000
vt 0.547799 0.009140
vt 0.548284 0.007647
vt 0.590919 0.031111
vt 0.591842 0.029841
vt 0.625139 0.065331
vt 0.626409 0.064408
vt 0.647110 0.108451
vt 0.648603 0.107966
vt 0.654680 0.156250
vt 0.656250 0.156250
vt 0.647110 0.204049
vt 0.648603 0.204534
vt 0.625139 0.247169
vt 0.626409 0.248091
vt 0.590919 0.281389
vt 0.591841 0.282659
vt 0.547799 0.303360
vt 0.548284 0.304853
vt 0.500000 0.310930
vt 0.500000 0.312500
vt 0.452201 0.303360
vt 0.451716 0.304853
vt 0.409081 0.281389
vt 0.408159 0.282659
vt 0.421875 0.833799
vt 0.425699 0.857242
vt 0.425699 0.867892
vt 0.421875 0.843750
vt 0.425699 0.810356
vt 0.425699 0.819608
vt 0.436796 0.789207
vt 0.436796 0.797829
vt 0.454079 0.772424
vt 0.454079 0.780546
vt 0.475858 0.761648
vt 0.475858 0.769449
vt 0.500000 0.757935
vt 0.500000 0.765625
vt 0.524142 0.761648
vt 0.524142 0.769449
vt 0.545921 0.772424
vt 0.545921 0.780545
vt 0.563205 0.789207
vt 0.563205 0.797829
vt 0.574301 0.810356
vt 0.574301 0.819608
vt 0.578125 0.833799
vt 0.578125 0.843750
vt 0.574301 0.857242
vt 0.574301 0.867892
vt 0.563204 0.878390
vt 0.563204 0.889671
vt 0.545921 0.895174
vt 0.545921 0.906954
vt 0.524142 0.905949
vt 0.524142 0.918051
vt 0.500000 0.909662
vt 0.500000 0.921875
vt 0.475858 0.905949
vt 0.475858 0.918051
vt 0.454079 0.895174
vt 0.454079 0.906954
vt 0.436796 0.878390
vt 0.436796 0.889671
s 1
usemtl aiWireframe1.001
f 1/1/1 2/2/1 211/3/1 212/4/1
f 2/2/1 3/5/1 210/6/1 211/3/1
f 3/5/1 4/7/1 209/8/1 210/6/1
f 4/7/1 5/9/1 208/10/1 209/8/1
f 5/9/1 6/11/1 207/12/1 208/10/1
f 6/11/1 7/13/1 206/14/1 207/12/1
f 7/13/1 8/15/1 205/16/1 206/14/1
f 8/15/1 9/17/1 204/18/1 205/16/1
f 9/17/1 10/19/1 203/20/1 204/18/1
f 10/19/1 11/21/1 202/22/1 203/20/1
f 11/21/1 12/23/1 201/24/1 202/22/1
f 12/23/1 13/25/1 220/26/1 201/24/1
f 13/25/1 14/27/1 219/28/1 220/26/1
f 14/27/1 15/29/1 218/30/1 219/28/1
f 15/29/1 16/31/1 217/32/1 218/30/1
f 16/31/1 17/33/1 216/34/1 217/32/1
f 17/33/1 18/35/1 215/36/1 216/34/1
f 18/35/1 19/37/1 214/38/1 215/36/1
f 19/37/1 20/39/1 213/40/1 214/38/1
f 20/39/1 1/1/1 212/4/1 213/40/1
f 21/41/2 22/42/3 115/43/3 116/44/2
f 22/42/3 23/45/4 114/46/4 115/43/3
f 23/45/4 24/47/5 113/48/5 114/46/4
f 24/47/5 25/49/6 112/50/6 113/48/5
f 25/49/6 26/51/7 111/52/7 112/50/6
f 26/51/7 27/53/8 110/54/8 111/52/7
f 27/53/8 28/55/9 109/56/9 110/54/8
f 28/55/9 29/57/10 108/58/10 109/56/9
f 29/57/10 30/59/11 107/60/11 108/58/10
f 30/59/11 31/61/12 106/62/12 107/60/11
f 31/61/12 32/63/13 105/64/13 106/62/12
f 32/63/13 33/65/14 104/66/14 105/64/13
f 33/65/14 34/67/15 103/68/15 104/66/14
f 34/67/15 35/69/16 102/70/16 103/68/15
f 35/69/16 36/71/17 101/72/17 102/70/16
f 36/71/17 37/73/18 120/74/18 101/72/17
f 37/73/18 38/75/19 119/76/19 120/74/18
f 38/75/19 39/77/20 118/78/20 119/76/19
f 39/77/20 40/79/21 117/80/21 118/78/20
f 40/79/21 21/81/2 116/82/2 117/80/21
f 41/83/22 42/84/22 174/85/22 175/86/22
f 42/84/22 43/87/22 173/88/22 174/85/22
f 43/87/22 44/89/22 172/90/22 173/88/22
f 44/89/22 45/91/22 171/92/22 172/90/22
f 45/91/22 46/93/22 170/94/22 171/92/22
f 46/93/22 47/95/22 169/96/22 170/94/22
f 47/95/22 48/97/22 168/98/22 169/96/22
f 48/97/22 49/99/22 167/100/22 168/98/22
f 49/99/22 50/101/22 166/102/22 167/100/22
f 50/101/22 51/103/22 165/104/22 166/102/22
f 51/103/22 52/105/22 164/106/22 165/104/22
f 52/105/22 53/107/22 163/108/22 164/106/22
f 53/107/22 54/109/22 162/110/22 163/108/22
f 54/109/22 55/111/22 161/112/22 162/110/22
f 55/111/22 56/113/22 180/114/22 161/112/22
f 56/113/22 57/115/22 179/116/22 180/114/22
f 57/115/22 58/117/22 178/118/22 179/116/22
f 58/117/22 59/119/22 177/120/22 178/118/22
f 59/119/22 60/121/22 176/122/22 177/120/22
f 60/121/22 41/83/22 175/86/22 176/122/22
f 2/2/23 1/1/23 253/123/23 254/124/23
f 1/1/24 20/39/24 252/125/24 253/123/24
f 20/39/25 19/37/25 251/126/25 252/125/25
f 19/37/26 18/35/26 250/127/26 251/126/26
f 18/35/27 17/33/27 249/128/27 250/127/27
f 17/33/28 16/31/28 248/129/28 249/128/28
f 16/31/29 15/29/29 247/130/29 248/129/29
f 15/29/30 14/27/30 246/131/30 247/130/30
f 14/27/31 13/25/31 245/132/31 246/131/31
f 13/25/32 12/23/32 244/133/32 245/132/32
f 12/23/33 11/21/33 243/134/33 244/133/33
f 11/21/34 10/19/34 242/135/34 243/134/34
f 10/19/35 9/17/35 241/136/35 242/135/35
f 9/17/36 8/15/36 260/137/36 241/136/36
f 8/15/37 7/13/37 259/138/37 260/137/37
f 7/13/38 6/11/38 258/139/38 259/138/38
f 6/11/39 5/9/39 257/140/39 258/139/39
f 5/9/40 4/7/40 256/141/40 257/140/40
f 4/7/41 3/5/41 255/142/41 256/141/41
f 3/5/42 2/2/42 254/124/42 255/142/42
f 82/143/16 81/144/17 56/145/17 55/146/16
f 83/147/15 82/143/16 55/146/16 54/148/15
f 84/149/14 83/147/15 54/148/15 53/150/14
f 85/151/13 84/149/14 53/150/14 52/152/13
f 86/153/12 85/151/13 52/152/13 51/154/12
f 87/155/11 86/153/12 51/154/12 50/156/11
f 88/157/10 87/155/11 50/156/11 49/158/10
f 89/159/9 88/157/10 49/158/10 48/160/9
f 90/161/8 89/159/9 48/160/9 47/162/8
f 91/163/7 90/161/8 47/162/8 46/164/7
f 92/165/6 91/163/7 46/164/7 45/166/6
f 93/167/5 92/165/6 45/166/6 44/168/5
f 94/169/4 93/167/5 44/168/5 43/170/4
f 95/171/3 94/169/4 43/170/4 42/172/3
f 96/173/2 95/171/3 42/172/3 41/174/2
f 97/175/21 96/176/2 41/177/2 60/178/21
f 98/179/20 97/175/21 60/178/21 59/180/20
f 99/181/19 98/179/20 59/180/20 58/182/19
f 100/183/18 99/181/19 58/182/19 57/184/18
f 81/144/17 100/183/18 57/184/18 56/145/17
f 102/70/16 101/72/17 121/185/17 122/186/16
f 103/68/15 102/70/16 122/186/16 123/187/15
f 104/66/14 103/68/15 123/187/15 124/188/14
f 105/64/13 104/66/14 124/188/14 125/189/13
f 106/62/12 105/64/13 125/189/13 126/190/12
f 107/60/11 106/62/12 126/190/12 127/191/11
f 108/58/10 107/60/11 127/191/11 128/192/10
f 109/56/9 108/58/10 128/192/10 129/193/9
f 110/54/8 109/56/9 129/193/9 130/194/8
f 111/52/7 110/54/8 130/194/8 131/195/7
f 112/50/6 111/52/7 131/195/7 132/196/6
f 113/48/5 112/50/6 132/196/6 133/197/5
f 114/46/4 113/48/5 133/197/5 134/198/4
f 115/43/3 114/46/4 134/198/4 135/199/3
f 116/44/2 115/43/3 135/199/3 136/200/2
f 117/80/21 116/82/2 136/201/2 137/202/21
f 118/78/20 117/80/21 137/202/21 138/203/20
f 119/76/19 118/78/20 138/203/20 139/204/19
f 120/74/18 119/76/19 139/204/19 140/205/18
f 101/72/17 120/74/18 140/205/18 121/185/17
f 122/186/16 121/185/17 141/206/17 142/207/16
f 123/187/15 122/186/16 142/207/16 143/208/15
f 124/188/14 123/187/15 143/208/15 144/209/14
f 125/189/13 124/188/14 144/209/14 145/210/13
f 126/190/12 125/189/13 145/210/13 146/211/12
f 127/191/11 126/190/12 146/211/12 147/212/11
f 128/192/10 127/191/11 147/212/11 148/213/10
f 129/193/9 128/192/10 148/213/10 149/214/9
f 130/194/8 129/193/9 149/214/9 150/215/8
f 131/195/7 130/194/8 150/215/8 151/216/7
f 132/196/6 131/195/7 151/216/7 152/217/6
f 133/197/5 132/196/6 152/217/6 153/218/5
f 134/198/4 133/197/5 153/218/5 154/219/4
f 135/199/3 134/198/4 154/219/4 155/220/3
f 136/200/2 135/199/3 155/220/3 156/221/2
f 137/202/21 136/201/2 156/222/2 157/223/21
f 138/203/20 137/202/21 157/223/21 158/224/20
f 139/204/19 138/203/20 158/224/20 159/225/19
f 140/205/18 139/204/19 159/225/19 160/226/18
f 121/185/17 140/205/18 160/226/18 141/206/17
f 142/207/16 141/206/17 81/144/17 82/143/16
f 143/208/15 142/207/16 82/143/16 83/147/15
f 144/209/14 143/208/15 83/147/15 84/149/14
f 145/210/13 144/209/14 84/149/14 85/151/13
f 146/211/12 145/210/13 85/151/13 86/153/12
f 147/212/11 146/211/12 86/153/12 87/155/11
f 148/213/10 147/212/11 87/155/11 88/157/10
f 149/214/9 148/213/10 88/157/10 89/159/9
f 150/215/8 149/214/9 89/159/9 90/161/8
f 151/216/7 150/215/8 90/161/8 91/163/7
f 152/217/6 151/216/7 91/163/7 92/165/6
f 153/218/5 152/217/6 92/165/6 93/167/5
f 154/219/4 153/218/5 93/167/5 94/169/4
f 155/220/3 154/219/4 94/169/4 95/171/3
f 156/221/2 155/220/3 95/171/3 96/173/2
f 157/223/21 156/222/2 96/176/2 97/175/21
f 158/224/20 157/223/21 97/175/21 98/179/20
f 159/225/19 158/224/20 98/179/20 99/181/19
f 160/226/18 159/225/19 99/181/19 100/183/18
f 141/206/17 160/226/18 100/183/18 81/144/17
f 162/110/22 161/112/22 265/227/22 266/228/22
f 163/108/22 162/110/22 266/228/22 267/229/22
f 164/106/22 163/108/22 267/229/22 268/230/22
f 165/104/22 164/106/22 268/230/22 269/231/22
f 166/102/22 165/104/22 269/231/22 270/232/22
f 167/100/22 166/102/22 270/232/22 271/233/22
f 168/98/22 167/100/22 271/233/22 272/234/22
f 169/96/22 168/98/22 272/234/22 273/235/22
f 170/94/22 169/96/22 273/235/22 274/236/22
f 171/92/22 170/94/22 274/236/22 275/237/22
f 172/90/22 171/92/22 275/237/22 276/238/22
f 173/88/22 172/90/22 276/238/22 277/239/22
f 174/85/22 173/88/22 277/239/22 278/240/22
f 175/86/22 174/85/22 278/240/22 279/241/22
f 176/122/22 175/86/22 279/241/22 280/242/22
f 177/120/22 176/122/22 280/242/22 261/243/22
f 178/118/22 177/120/22 261/243/22 262/244/22
f 179/116/22 178/118/22 262/244/22 263/245/22
f 180/114/22 179/116/22 263/245/22 264/246/22
f 161/112/22 180/114/22 264/246/22 265/227/22
f 182/247/1 181/248/1 32/249/1 31/250/1
f 183/251/1 182/247/1 31/250/1 30/252/1
f 184/253/1 183/251/1 30/252/1 29/254/1
f 185/255/1 184/253/1 29/254/1 28/256/1
f 186/257/1 185/255/1 28/256/1 27/258/1
f 187/259/1 186/257/1 27/258/1 26/260/1
f 188/261/1 187/259/1 26/260/1 25/262/1
f 189/263/1 188/261/1 25/262/1 24/264/1
f 190/265/1 189/263/1 24/264/1 23/266/1
f 191/267/1 190/265/1 23/266/1 22/268/1
f 192/269/1 191/267/1 22/268/1 21/270/1
f 193/271/1 192/269/1 21/270/1 40/272/1
f 194/273/1 193/271/1 40/272/1 39/274/1
f 195/275/1 194/273/1 39/274/1 38/276/1
f 196/277/1 195/275/1 38/276/1 37/278/1
f 197/279/1 196/277/1 37/278/1 36/280/1
f 198/281/1 197/279/1 36/280/1 35/282/1
f 199/283/1 198/281/1 35/282/1 34/284/1
f 200/285/1 199/283/1 34/284/1 33/286/1
f 181/248/1 200/285/1 33/286/1 32/249/1
f 202/22/1 201/24/1 181/248/1 182/247/1
f 203/20/1 202/22/1 182/247/1 183/251/1
f 204/18/1 203/20/1 183/251/1 184/253/1
f 205/16/1 204/18/1 184/253/1 185/255/1
f 206/14/1 205/16/1 185/255/1 186/257/1
f 207/12/1 206/14/1 186/257/1 187/259/1
f 208/10/1 207/12/1 187/259/1 188/261/1
f 209/8/1 208/10/1 188/261/1 189/263/1
f 210/6/1 209/8/1 189/263/1 190/265/1
f 211/3/1 210/6/1 190/265/1 191/267/1
f 212/4/1 211/3/1 191/267/1 192/269/1
f 213/40/1 212/4/1 192/269/1 193/271/1
f 214/38/1 213/40/1 193/271/1 194/273/1
f 215/36/1 214/38/1 194/273/1 195/275/1
f 216/34/1 215/36/1 195/275/1 196/277/1
f 217/32/1 216/34/1 196/277/1 197/279/1
f 218/30/1 217/32/1 197/279/1 198/281/1
f 219/28/1 218/30/1 198/281/1 199/283/1
f 220/26/1 219/28/1 199/283/1 200/285/1
f 201/24/1 220/26/1 200/285/1 181/248/1
f 222/287/35 221/288/35 69/289/35 70/290/35
f 223/291/34 222/287/34 70/290/34 71/292/34
f 224/293/33 223/291/33 71/292/33 72/294/33
f 225/295/32 224/293/32 72/294/32 73/296/32
f 226/297/31 225/295/31 73/296/31 74/298/31
f 227/299/30 226/297/30 74/298/30 75/300/30
f 228/301/29 227/299/29 75/300/29 76/302/29
f 229/303/28 228/301/28 76/302/28 77/304/28
f 230/305/27 229/303/27 77/304/27 78/306/27
f 231/307/26 230/305/26 78/306/26 79/308/26
f 232/309/25 231/307/25 79/308/25 80/310/25
f 233/311/24 232/309/24 80/310/24 61/312/24
f 234/313/23 233/311/23 61/312/23 62/314/23
f 235/315/42 234/313/42 62/314/42 63/316/42
f 236/317/41 235/315/41 63/316/41 64/318/41
f 237/319/40 236/317/40 64/318/40 65/320/40
f 238/321/39 237/319/39 65/320/39 66/322/39
f 239/323/38 238/321/38 66/322/38 67/324/38
f 240/325/37 239/323/37 67/324/37 68/326/37
f 221/288/36 240/325/36 68/326/36 69/289/36
f 242/135/35 241/136/35 221/288/35 222/287/35
f 243/134/34 242/135/34 222/287/34 223/291/34
f 244/133/33 243/134/33 223/291/33 224/293/33
f 245/132/32 244/133/32 224/293/32 225/295/32
f 246/131/31 245/132/31 225/295/31 226/297/31
f 247/130/30 246/131/30 226/297/30 227/299/30
f 248/129/29 247/130/29 227/299/29 228/301/29
f 249/128/28 248/129/28 228/301/28 229/303/28
f 250/127/27 249/128/27 229/303/27 230/305/27
f 251/126/26 250/127/26 230/305/26 231/307/26
f 252/125/25 251/126/25 231/307/25 232/309/25
f 253/123/24 252/125/24 232/309/24 233/311/24
f 254/124/23 253/123/23 233/311/23 234/313/23
f 255/142/42 254/124/42 234/313/42 235/315/42
f 256/141/41 255/142/41 235/315/41 236/317/41
f 257/140/40 256/141/40 236/317/40 237/319/40
f 258/139/39 257/140/39 237/319/39 238/321/39
f 259/138/38 258/139/38 238/321/38 239/323/38
f 260/137/37 259/138/37 239/323/37 240/325/37
f 241/136/36 260/137/36 240/325/36 221/288/36
f 262/244/22 261/243/22 79/308/22 78/306/22
f 263/245/22 262/244/22 78/306/22 77/304/22
f 264/246/22 263/245/22 77/304/22 76/302/22
f 265/227/22 264/246/22 76/302/22 75/300/22
f 266/228/22 265/227/22 75/300/22 74/298/22
f 267/229/22 266/228/22 74/298/22 73/296/22
f 268/230/22 267/229/22 73/296/22 72/294/22
f 269/231/22 268/230/22 72/294/22 71/292/22
f 270/232/22 269/231/22 71/292/22 70/290/22
f 271/233/22 270/232/22 70/290/22 69/289/22
f 272/234/22 271/233/22 69/289/22 68/326/22
f 273/235/22 272/234/22 68/326/22 67/324/22
f 274/236/22 273/235/22 67/324/22 66/322/22
f 275/237/22 274/236/22 66/322/22 65/320/22
f 276/238/22 275/237/22 65/320/22 64/318/22
f 277/239/22 276/238/22 64/318/22 63/316/22
f 278/240/22 277/239/22 63/316/22 62/314/22
f 279/241/22 278/240/22 62/314/22 61/312/22
f 280/242/22 279/241/22 61/312/22 80/310/22
f 261/243/22 280/242/22 80/310/22 79/308/22
o Generator_Connector_2.003
v -0.241767 -0.524493 0.278816
v -0.242112 -0.525635 0.280742
v -0.242198 -0.526175 0.282941
v -0.242016 -0.526062 0.285197
v -0.241583 -0.525307 0.287288
v -0.240942 -0.523983 0.289011
v -0.240155 -0.522219 0.290197
v -0.239300 -0.520190 0.290730
v -0.238461 -0.518093 0.290557
v -0.237718 -0.516133 0.289695
v -0.237146 -0.514503 0.288229
v -0.236800 -0.513361 0.286303
v -0.236715 -0.512821 0.284104
v -0.236897 -0.512934 0.281849
v -0.237330 -0.513689 0.279757
v -0.237971 -0.515014 0.278034
v -0.238758 -0.516777 0.276848
v -0.239613 -0.518806 0.276316
v -0.240452 -0.520903 0.276489
v -0.241194 -0.522863 0.277350
v -0.242658 -0.526422 0.276999
v -0.243138 -0.528004 0.279669
v -0.243257 -0.528753 0.282716
v -0.243004 -0.528597 0.285843
v -0.242404 -0.527549 0.288742
v -0.241515 -0.525714 0.291130
v -0.240425 -0.523270 0.292774
v -0.239240 -0.520457 0.293512
v -0.238076 -0.517550 0.293272
v -0.237047 -0.514834 0.292078
v -0.236255 -0.512574 0.290047
v -0.235775 -0.510992 0.287376
v -0.235656 -0.510243 0.284329
v -0.235909 -0.510399 0.281203
v -0.236509 -0.511447 0.278303
v -0.237398 -0.513282 0.275915
v -0.238488 -0.515726 0.274271
v -0.239673 -0.518539 0.273533
v -0.240837 -0.521446 0.273773
v -0.241865 -0.524162 0.274967
v -0.257347 -0.520468 0.277889
v -0.257826 -0.522050 0.280559
v -0.257945 -0.522799 0.283606
v -0.257693 -0.522643 0.286733
v -0.257092 -0.521595 0.289632
v -0.256204 -0.519760 0.292020
v -0.255113 -0.517316 0.293664
v -0.253928 -0.514503 0.294402
v -0.252765 -0.511596 0.294162
v -0.251736 -0.508880 0.292968
v -0.250943 -0.506620 0.290936
v -0.250463 -0.505038 0.288266
v -0.250344 -0.504289 0.285219
v -0.250597 -0.504445 0.282092
v -0.251197 -0.505493 0.279193
v -0.252086 -0.507328 0.276805
v -0.253176 -0.509772 0.275161
v -0.254361 -0.512585 0.274423
v -0.255525 -0.515492 0.274663
v -0.256554 -0.518208 0.275857
v -0.256455 -0.518539 0.279706
v -0.256801 -0.519681 0.281632
v -0.256887 -0.520221 0.283831
v -0.256704 -0.520108 0.286086
v -0.256271 -0.519353 0.288178
v -0.255630 -0.518029 0.289901
v -0.254844 -0.516265 0.291087
v -0.253989 -0.514236 0.291619
v -0.253149 -0.512139 0.291446
v -0.252407 -0.510179 0.290585
v -0.251835 -0.508549 0.289119
v -0.251489 -0.507407 0.287193
v -0.251403 -0.506867 0.284994
v -0.251585 -0.506980 0.282739
v -0.252018 -0.507735 0.280647
v -0.252659 -0.509059 0.278924
v -0.253446 -0.510823 0.277738
v -0.254301 -0.512852 0.277206
v -0.255141 -0.514949 0.277379
v -0.255883 -0.516909 0.278240
v -0.251932 -0.507390 0.276795
v -0.251044 -0.505555 0.279184
v -0.250443 -0.504508 0.282083
v -0.250191 -0.504351 0.285209
v -0.250310 -0.505100 0.288257
v -0.250789 -0.506682 0.290927
v -0.251582 -0.508942 0.292959
v -0.252611 -0.511658 0.294153
v -0.253775 -0.514565 0.294393
v -0.254960 -0.517378 0.293655
v -0.256050 -0.519822 0.292011
v -0.256939 -0.521658 0.289623
v -0.257539 -0.522705 0.286723
v -0.257792 -0.522862 0.283597
v -0.257673 -0.522112 0.280550
v -0.257193 -0.520530 0.277879
v -0.256400 -0.518271 0.275848
v -0.255371 -0.515554 0.274654
v -0.254207 -0.512647 0.274414
v -0.253022 -0.509834 0.275152
v -0.237554 -0.513219 0.275924
v -0.236665 -0.511383 0.278313
v -0.236065 -0.510336 0.281212
v -0.235812 -0.510179 0.284338
v -0.235931 -0.510929 0.287386
v -0.236411 -0.512511 0.290056
v -0.237204 -0.514770 0.292088
v -0.238232 -0.517487 0.293282
v -0.239396 -0.520394 0.293522
v -0.240581 -0.523207 0.292783
v -0.241672 -0.525651 0.291140
v -0.242560 -0.527486 0.288752
v -0.243160 -0.528533 0.285852
v -0.243413 -0.528690 0.282726
v -0.243294 -0.527941 0.279679
v -0.242815 -0.526359 0.277008
v -0.242022 -0.524099 0.274977
v -0.240993 -0.521383 0.273783
v -0.239829 -0.518476 0.273543
v -0.238644 -0.515663 0.274281
v -0.245691 -0.509920 0.276417
v -0.244802 -0.508085 0.278806
v -0.244202 -0.507038 0.281705
v -0.243949 -0.506881 0.284831
v -0.244068 -0.507630 0.287879
v -0.244548 -0.509212 0.290549
v -0.245341 -0.511472 0.292581
v -0.246370 -0.514188 0.293775
v -0.247533 -0.517095 0.294014
v -0.248718 -0.519908 0.293276
v -0.249809 -0.522352 0.291633
v -0.250697 -0.524188 0.289245
v -0.251298 -0.525235 0.286345
v -0.251550 -0.525392 0.283219
v -0.251431 -0.524642 0.280171
v -0.250952 -0.523060 0.277501
v -0.250159 -0.520801 0.275470
v -0.249130 -0.518084 0.274275
v -0.247966 -0.515177 0.274036
v -0.246781 -0.512364 0.274774
v -0.250378 -0.508020 0.276701
v -0.249489 -0.506185 0.279090
v -0.248889 -0.505138 0.281989
v -0.248636 -0.504981 0.285115
v -0.248755 -0.505730 0.288163
v -0.249235 -0.507312 0.290833
v -0.250028 -0.509572 0.292865
v -0.251057 -0.512288 0.294059
v -0.252220 -0.515195 0.294298
v -0.253405 -0.518008 0.293560
v -0.254496 -0.520452 0.291917
v -0.255384 -0.522288 0.289528
v -0.255984 -0.523335 0.286629
v -0.256237 -0.523492 0.283503
v -0.256118 -0.522742 0.280455
v -0.255639 -0.521160 0.277785
v -0.254846 -0.518901 0.275754
v -0.253817 -0.516184 0.274559
v -0.252653 -0.513277 0.274320
v -0.251468 -0.510464 0.275058
v -0.251214 -0.505537 0.279222
v -0.250617 -0.504496 0.282105
v -0.250365 -0.504340 0.285214
v -0.250484 -0.505085 0.288245
v -0.250961 -0.506658 0.290900
v -0.251749 -0.508906 0.292921
v -0.252772 -0.511607 0.294108
v -0.253930 -0.514498 0.294347
v -0.255108 -0.517295 0.293613
v -0.256192 -0.519726 0.291978
v -0.257076 -0.521551 0.289603
v -0.257673 -0.522592 0.286720
v -0.257924 -0.522748 0.283611
v -0.257806 -0.522003 0.280580
v -0.257329 -0.520430 0.277925
v -0.256540 -0.518182 0.275904
v -0.255517 -0.515481 0.274717
v -0.254360 -0.512590 0.274478
v -0.253182 -0.509793 0.275212
v -0.252097 -0.507362 0.276847
v -0.235796 -0.511040 0.287355
v -0.236272 -0.512613 0.290010
v -0.237061 -0.514860 0.292030
v -0.238084 -0.517561 0.293218
v -0.239241 -0.520452 0.293456
v -0.240420 -0.523249 0.292722
v -0.241504 -0.525679 0.291088
v -0.242388 -0.527504 0.288713
v -0.242984 -0.528546 0.285830
v -0.243236 -0.528702 0.282721
v -0.243117 -0.527956 0.279691
v -0.242640 -0.526383 0.277035
v -0.241852 -0.524136 0.275015
v -0.240829 -0.521435 0.273828
v -0.239672 -0.518544 0.273589
v -0.238493 -0.515747 0.274323
v -0.237409 -0.513317 0.275958
v -0.236525 -0.511492 0.278333
v -0.235929 -0.510450 0.281215
v -0.235677 -0.510295 0.284324
v -0.236161 -0.511883 0.286973
v -0.236590 -0.513299 0.289363
v -0.237300 -0.515322 0.291182
v -0.238221 -0.517754 0.292251
v -0.239263 -0.520357 0.292466
v -0.240324 -0.522875 0.291805
v -0.241300 -0.525063 0.290334
v -0.242095 -0.526706 0.288195
v -0.242633 -0.527644 0.285600
v -0.242859 -0.527784 0.282801
v -0.242752 -0.527113 0.280073
v -0.242323 -0.525697 0.277682
v -0.241613 -0.523674 0.275863
v -0.240692 -0.521242 0.274794
v -0.239650 -0.518640 0.274580
v -0.238589 -0.516121 0.275240
v -0.237613 -0.513933 0.276712
v -0.236818 -0.512290 0.278850
v -0.236280 -0.511352 0.281446
v -0.236054 -0.511212 0.284244
v -0.252936 -0.512225 0.291434
v -0.252194 -0.510265 0.290572
v -0.251622 -0.508635 0.289106
v -0.251276 -0.507493 0.287180
v -0.251190 -0.506953 0.284981
v -0.251373 -0.507066 0.282726
v -0.251806 -0.507821 0.280634
v -0.252447 -0.509146 0.278911
v -0.253233 -0.510909 0.277725
v -0.254088 -0.512938 0.277193
v -0.254928 -0.515036 0.277366
v -0.255670 -0.516995 0.278227
v -0.256242 -0.518626 0.279693
v -0.256588 -0.519767 0.281619
v -0.256674 -0.520308 0.283818
v -0.256492 -0.520195 0.286074
v -0.256059 -0.519439 0.288165
v -0.255418 -0.518115 0.289888
v -0.254631 -0.516352 0.291074
v -0.253776 -0.514322 0.291607
v -0.239032 -0.517861 0.290591
v -0.238290 -0.515901 0.289730
v -0.237718 -0.514271 0.288264
v -0.237372 -0.513130 0.286338
v -0.237286 -0.512589 0.284139
v -0.237468 -0.512702 0.281883
v -0.237901 -0.513458 0.279792
v -0.238542 -0.514782 0.278069
v -0.239329 -0.516545 0.276883
v -0.240184 -0.518575 0.276350
v -0.241024 -0.520672 0.276523
v -0.241766 -0.522632 0.277385
v -0.242338 -0.524262 0.278851
v -0.242684 -0.525403 0.280777
v -0.242770 -0.525944 0.282976
v -0.242587 -0.525831 0.285231
v -0.242154 -0.525075 0.287323
v -0.241513 -0.523751 0.289046
v -0.240727 -0.521988 0.290232
v -0.239872 -0.519958 0.290764
v -0.255232 -0.515079 0.276732
v -0.254315 -0.512789 0.276543
v -0.253382 -0.510573 0.277125
v -0.252523 -0.508647 0.278420
v -0.251823 -0.507202 0.280301
v -0.251350 -0.506377 0.282585
v -0.251151 -0.506253 0.285048
v -0.251245 -0.506844 0.287448
v -0.251623 -0.508090 0.289552
v -0.252247 -0.509870 0.291152
v -0.253058 -0.512010 0.292093
v -0.253974 -0.514299 0.292282
v -0.254908 -0.516515 0.291700
v -0.255767 -0.518441 0.290405
v -0.256467 -0.519886 0.288524
v -0.256940 -0.520711 0.286240
v -0.257139 -0.520835 0.283777
v -0.257045 -0.520245 0.281377
v -0.256667 -0.518998 0.279273
v -0.256043 -0.517218 0.277673
v -0.229136 -0.481720 0.240371
v -0.225923 -0.490823 0.228142
v -0.218373 -0.500074 0.218135
v -0.207226 -0.508568 0.211328
v -0.193573 -0.515472 0.208389
v -0.178749 -0.520111 0.209603
v -0.164207 -0.522031 0.214854
v -0.151370 -0.521044 0.223626
v -0.141494 -0.517246 0.235061
v -0.135546 -0.511010 0.248040
v -0.134108 -0.502946 0.261292
v -0.137321 -0.493842 0.273521
v -0.144871 -0.484591 0.283528
v -0.156018 -0.476098 0.290334
v -0.169671 -0.469194 0.293274
v -0.184494 -0.464555 0.292060
v -0.199036 -0.462635 0.286809
v -0.211874 -0.463622 0.278037
v -0.221750 -0.467419 0.266602
v -0.227698 -0.473655 0.253623
v -0.259277 -0.474987 0.233734
v -0.254026 -0.489866 0.213749
v -0.241687 -0.504985 0.197394
v -0.223469 -0.518867 0.186269
v -0.201154 -0.530151 0.181464
v -0.176927 -0.537733 0.183449
v -0.153160 -0.540870 0.192031
v -0.132179 -0.539257 0.206368
v -0.116038 -0.533051 0.225057
v -0.106316 -0.522858 0.246269
v -0.103966 -0.509678 0.267928
v -0.109218 -0.494800 0.287914
v -0.121557 -0.479680 0.304269
v -0.139775 -0.465799 0.315394
v -0.162090 -0.454515 0.320199
v -0.186316 -0.446933 0.318214
v -0.210084 -0.443795 0.309632
v -0.231064 -0.445408 0.295295
v -0.247206 -0.451615 0.276606
v -0.256927 -0.461807 0.255393
v -0.262952 -0.485024 0.240241
v -0.257700 -0.499902 0.220255
v -0.245361 -0.515022 0.203900
v -0.227143 -0.528903 0.192775
v -0.204828 -0.540187 0.187970
v -0.180602 -0.547769 0.189955
v -0.156834 -0.550907 0.198537
v -0.135854 -0.549294 0.212874
v -0.119712 -0.543087 0.231563
v -0.109991 -0.532895 0.252776
v -0.107641 -0.519715 0.274435
v -0.112892 -0.504836 0.294420
v -0.125231 -0.489717 0.310776
v -0.143449 -0.475835 0.321901
v -0.165764 -0.464551 0.326705
v -0.189991 -0.456969 0.324720
v -0.213758 -0.453832 0.316138
v -0.234739 -0.455445 0.301802
v -0.250880 -0.461651 0.283112
v -0.260601 -0.471844 0.261900
v -0.181622 -0.492333 0.250831
v -0.201722 -0.474357 0.291273
v -0.188005 -0.476168 0.296226
v -0.174024 -0.480544 0.297371
v -0.161145 -0.487056 0.294598
v -0.150631 -0.495067 0.288178
v -0.143510 -0.503793 0.278739
v -0.140479 -0.512380 0.267205
v -0.141836 -0.519986 0.254705
v -0.147446 -0.525869 0.242463
v -0.156762 -0.529451 0.231677
v -0.168870 -0.530382 0.223402
v -0.182587 -0.528571 0.218450
v -0.196569 -0.524195 0.217304
v -0.209447 -0.517683 0.220077
v -0.219961 -0.509671 0.226497
v -0.227082 -0.500946 0.235937
v -0.230113 -0.492359 0.247471
v -0.228757 -0.484752 0.259971
v -0.223146 -0.478870 0.272213
v -0.213831 -0.475288 0.282999
v -0.234922 -0.560530 0.326889
v -0.225999 -0.559844 0.332986
v -0.215891 -0.561179 0.336636
v -0.205587 -0.564403 0.337480
v -0.196097 -0.569202 0.335437
v -0.188348 -0.575106 0.330706
v -0.183101 -0.581536 0.323750
v -0.180867 -0.587864 0.315250
v -0.181867 -0.593470 0.306038
v -0.186001 -0.597804 0.297017
v -0.192866 -0.600444 0.289068
v -0.201789 -0.601130 0.282971
v -0.211897 -0.599795 0.279321
v -0.222201 -0.596571 0.278477
v -0.231691 -0.591772 0.280520
v -0.239440 -0.585868 0.285251
v -0.244687 -0.579438 0.292207
v -0.246921 -0.573110 0.300707
v -0.245921 -0.567505 0.309919
v -0.241787 -0.563170 0.318940
v -0.229180 -0.542929 0.340323
v -0.214253 -0.544900 0.345712
v -0.199037 -0.549662 0.346959
v -0.185023 -0.556749 0.343942
v -0.173580 -0.565467 0.336955
v -0.165831 -0.574963 0.326683
v -0.162533 -0.584307 0.314131
v -0.164009 -0.592585 0.300528
v -0.170114 -0.598987 0.287205
v -0.180252 -0.602885 0.275467
v -0.193429 -0.603898 0.266463
v -0.208356 -0.601927 0.261073
v -0.223572 -0.597165 0.259827
v -0.237587 -0.590078 0.262844
v -0.249029 -0.581360 0.269831
v -0.256778 -0.571864 0.280103
v -0.260076 -0.562520 0.292655
v -0.258600 -0.554242 0.306258
v -0.252495 -0.547841 0.319581
v -0.242357 -0.543942 0.331319
v -0.234361 -0.559765 0.326077
v -0.225526 -0.559085 0.332114
v -0.215518 -0.560407 0.335727
v -0.205317 -0.563600 0.336563
v -0.195921 -0.568351 0.334540
v -0.188249 -0.574196 0.329856
v -0.183054 -0.580563 0.322969
v -0.180842 -0.586827 0.314553
v -0.181832 -0.592377 0.305433
v -0.185925 -0.596669 0.296501
v -0.192722 -0.599283 0.288631
v -0.201557 -0.599962 0.282594
v -0.211565 -0.598641 0.278981
v -0.221766 -0.595448 0.278145
v -0.231162 -0.590697 0.280168
v -0.238834 -0.584852 0.284852
v -0.244029 -0.578485 0.291739
v -0.246240 -0.572220 0.300155
v -0.245251 -0.566670 0.309275
v -0.241157 -0.562378 0.318207
v -0.193629 -0.534096 0.332087
v -0.180750 -0.540608 0.329314
v -0.170236 -0.548619 0.322893
v -0.163115 -0.557345 0.313454
v -0.160084 -0.565932 0.301920
v -0.161440 -0.573538 0.289421
v -0.167051 -0.579421 0.277179
v -0.176366 -0.583003 0.266392
v -0.188475 -0.583934 0.258118
v -0.202191 -0.582123 0.253166
v -0.216173 -0.577747 0.252020
v -0.229052 -0.571235 0.254793
v -0.239566 -0.563223 0.261213
v -0.246687 -0.554497 0.270652
v -0.249718 -0.545911 0.282186
v -0.248361 -0.538304 0.294686
v -0.242751 -0.532422 0.306928
v -0.233435 -0.528840 0.317715
v -0.221327 -0.527909 0.325989
v -0.207610 -0.529720 0.330941
v -0.191350 -0.531558 0.352715
v -0.173177 -0.540747 0.348803
v -0.191660 -0.532404 0.353264
v -0.173487 -0.541593 0.349351
v -0.158341 -0.552051 0.339743
v -0.158650 -0.552898 0.340292
v -0.148292 -0.564365 0.326423
v -0.148602 -0.565211 0.326972
v -0.144015 -0.576481 0.310148
v -0.144325 -0.577328 0.310696
v -0.145929 -0.587215 0.292509
v -0.146239 -0.588061 0.293058
v -0.153846 -0.595515 0.275234
v -0.154156 -0.596362 0.275783
v -0.166991 -0.600570 0.260014
v -0.167301 -0.601416 0.260563
v -0.184078 -0.601883 0.248338
v -0.184388 -0.602730 0.248887
v -0.203433 -0.599328 0.241350
v -0.203743 -0.600175 0.241899
v -0.223163 -0.593153 0.239733
v -0.223473 -0.594000 0.240282
v -0.241335 -0.583964 0.243646
v -0.241645 -0.584811 0.244195
v -0.256172 -0.572659 0.252706
v -0.256482 -0.573506 0.253255
v -0.266221 -0.560346 0.266025
v -0.266531 -0.561193 0.266574
v -0.270497 -0.548230 0.282301
v -0.270807 -0.549076 0.282850
v -0.268583 -0.537496 0.299939
v -0.268893 -0.538343 0.300488
v -0.260667 -0.529196 0.317214
v -0.260976 -0.530042 0.317763
v -0.247522 -0.524141 0.332435
v -0.247831 -0.524988 0.332984
v -0.230435 -0.522827 0.344111
v -0.230745 -0.523674 0.344660
v -0.211079 -0.525383 0.351099
v -0.211389 -0.526230 0.351648
v -0.188202 -0.605023 0.256183
v -0.172466 -0.603813 0.266935
v -0.160359 -0.599158 0.280953
v -0.153068 -0.591513 0.296863
v -0.151306 -0.581628 0.313107
v -0.155244 -0.570469 0.328097
v -0.164499 -0.559129 0.340364
v -0.178163 -0.548717 0.348708
v -0.194900 -0.540254 0.352311
v -0.213070 -0.534568 0.350822
v -0.230896 -0.532214 0.344387
v -0.246632 -0.533424 0.333633
v -0.258739 -0.538079 0.319616
v -0.266030 -0.545723 0.303706
v -0.267792 -0.555609 0.287461
v -0.263854 -0.566768 0.272472
v -0.254599 -0.578108 0.260205
v -0.240935 -0.588519 0.251861
v -0.224198 -0.596982 0.248257
v -0.206028 -0.602669 0.249746
v -0.198046 -0.602072 0.275600
v -0.210256 -0.600460 0.271191
v -0.222702 -0.596565 0.270171
v -0.234165 -0.590768 0.272640
v -0.243525 -0.583637 0.278355
v -0.249863 -0.575870 0.286757
v -0.252561 -0.568227 0.297024
v -0.251354 -0.561456 0.308150
v -0.246360 -0.556220 0.319048
v -0.238068 -0.553031 0.328649
v -0.227289 -0.552202 0.336015
v -0.215080 -0.553815 0.340422
v -0.202634 -0.557710 0.341442
v -0.191170 -0.563506 0.338974
v -0.181811 -0.570637 0.333259
v -0.175472 -0.578405 0.324857
v -0.172775 -0.586048 0.314590
v -0.173982 -0.592819 0.303463
v -0.178976 -0.598055 0.292566
v -0.187268 -0.601244 0.282965
v -0.186606 -0.596246 0.296768
v -0.193235 -0.598796 0.289093
v -0.201852 -0.599458 0.283205
v -0.211613 -0.598169 0.279680
v -0.221563 -0.595055 0.278865
v -0.230728 -0.590421 0.280838
v -0.238210 -0.584720 0.285407
v -0.243278 -0.578510 0.292124
v -0.245434 -0.572400 0.300332
v -0.244469 -0.566987 0.309227
v -0.240477 -0.562801 0.317939
v -0.233847 -0.560252 0.325615
v -0.225231 -0.559589 0.331503
v -0.215469 -0.560878 0.335027
v -0.205520 -0.563992 0.335843
v -0.196355 -0.568626 0.333870
v -0.188873 -0.574327 0.329301
v -0.183805 -0.580537 0.322584
v -0.181649 -0.586647 0.314376
v -0.182614 -0.592061 0.305480
v -0.222458 -0.582308 0.308609
v -0.221964 -0.583706 0.306730
v -0.220804 -0.585128 0.305192
v -0.219092 -0.586433 0.304146
v -0.216994 -0.587494 0.303694
v -0.214716 -0.588207 0.303881
v -0.212482 -0.588502 0.304688
v -0.210509 -0.588350 0.306036
v -0.208992 -0.587767 0.307793
v -0.208078 -0.586808 0.309787
v -0.207857 -0.585569 0.311823
v -0.208351 -0.584170 0.313702
v -0.209511 -0.582749 0.315240
v -0.211223 -0.581444 0.316286
v -0.213321 -0.580383 0.316737
v -0.215599 -0.579670 0.316551
v -0.217833 -0.579375 0.315744
v -0.219806 -0.579527 0.314396
v -0.221323 -0.580111 0.312639
v -0.222237 -0.581069 0.310645
v -0.188401 -0.599319 0.299195
v -0.194896 -0.601816 0.291674
v -0.203338 -0.602466 0.285906
v -0.212901 -0.601203 0.282453
v -0.222649 -0.598152 0.281654
v -0.231628 -0.593612 0.283587
v -0.238959 -0.588026 0.288064
v -0.243924 -0.581943 0.294645
v -0.246037 -0.575956 0.302686
v -0.245091 -0.570653 0.311401
v -0.241179 -0.566552 0.319936
v -0.234685 -0.564054 0.327457
v -0.226242 -0.563405 0.333225
v -0.216679 -0.564668 0.336678
v -0.206931 -0.567718 0.337477
v -0.197952 -0.572259 0.335544
v -0.190622 -0.577844 0.331068
v -0.185657 -0.583928 0.324487
v -0.183544 -0.589915 0.316445
v -0.184489 -0.595218 0.307730
v -0.219585 -0.592434 0.315632
v -0.219503 -0.592668 0.315318
v -0.218368 -0.592708 0.315901
v -0.219309 -0.592905 0.315062
v -0.219024 -0.593122 0.314887
v -0.218674 -0.593299 0.314812
v -0.218294 -0.593418 0.314843
v -0.217921 -0.593467 0.314978
v -0.217592 -0.593442 0.315203
v -0.217339 -0.593345 0.315496
v -0.217187 -0.593185 0.315828
v -0.217150 -0.592978 0.316168
v -0.217232 -0.592745 0.316481
v -0.217426 -0.592508 0.316738
v -0.217711 -0.592290 0.316912
v -0.218061 -0.592113 0.316987
v -0.218441 -0.591994 0.316956
v -0.218814 -0.591945 0.316822
v -0.219143 -0.591971 0.316597
v -0.219396 -0.592068 0.316304
v -0.219548 -0.592228 0.315971
v -0.173462 -0.479009 0.296376
v -0.160583 -0.485521 0.293603
v -0.150069 -0.493532 0.287183
v -0.142948 -0.502258 0.277744
v -0.139917 -0.510844 0.266210
v -0.141274 -0.518451 0.253710
v -0.146884 -0.524333 0.241467
v -0.156200 -0.527915 0.230681
v -0.168308 -0.528846 0.222407
v -0.182025 -0.527035 0.217455
v -0.196006 -0.522660 0.216309
v -0.208885 -0.516147 0.219082
v -0.219399 -0.508136 0.225502
v -0.226520 -0.499410 0.234941
v -0.229551 -0.490824 0.246475
v -0.228195 -0.483217 0.258975
v -0.222584 -0.477335 0.271218
v -0.213269 -0.473753 0.282004
v -0.201160 -0.472822 0.290278
v -0.187443 -0.474633 0.295230
v -0.186145 -0.513654 0.318835
v -0.173267 -0.520166 0.316062
v -0.162752 -0.528177 0.309642
v -0.155631 -0.536903 0.300203
v -0.152601 -0.545490 0.288669
v -0.153957 -0.553097 0.276169
v -0.159567 -0.558979 0.263927
v -0.168883 -0.562561 0.253141
v -0.180991 -0.563492 0.244866
v -0.194708 -0.561681 0.239914
v -0.208690 -0.557305 0.238768
v -0.221568 -0.550793 0.241541
v -0.232082 -0.542782 0.247961
v -0.239203 -0.534056 0.257401
v -0.242234 -0.525469 0.268935
v -0.240878 -0.517862 0.281435
v -0.235267 -0.511980 0.293677
v -0.225952 -0.508398 0.304463
v -0.213843 -0.507467 0.312737
v -0.200127 -0.509278 0.317689
v -0.189714 -0.523403 0.325155
v -0.176836 -0.529915 0.322382
v -0.166321 -0.537926 0.315962
v -0.159200 -0.546652 0.306523
v -0.156170 -0.555239 0.294989
v -0.157526 -0.562846 0.282489
v -0.163136 -0.568728 0.270247
v -0.172452 -0.572310 0.259460
v -0.184560 -0.573241 0.251186
v -0.198277 -0.571430 0.246234
v -0.212259 -0.567054 0.245088
v -0.225137 -0.560542 0.247861
v -0.235651 -0.552531 0.254281
v -0.242772 -0.543805 0.263721
v -0.245803 -0.535218 0.275255
v -0.244447 -0.527611 0.287754
v -0.238836 -0.521729 0.299997
v -0.229521 -0.518147 0.310783
v -0.217412 -0.517216 0.319057
v -0.203696 -0.519027 0.324009
v -0.206770 -0.567293 0.337290
v -0.197770 -0.571844 0.335353
v -0.190422 -0.577442 0.330866
v -0.185445 -0.583540 0.324269
v -0.183327 -0.589541 0.316208
v -0.184275 -0.594857 0.307473
v -0.188196 -0.598968 0.298917
v -0.194706 -0.601471 0.291379
v -0.203168 -0.602122 0.285597
v -0.212754 -0.600856 0.282136
v -0.222525 -0.597798 0.281335
v -0.231525 -0.593247 0.283273
v -0.238873 -0.587649 0.287760
v -0.243850 -0.581550 0.294357
v -0.245968 -0.575550 0.302417
v -0.245020 -0.570234 0.311153
v -0.241099 -0.566123 0.319708
v -0.234589 -0.563620 0.327246
v -0.226127 -0.562969 0.333029
v -0.216541 -0.564235 0.336490
v -0.205576 -0.564142 0.335908
v -0.196419 -0.568772 0.333937
v -0.188943 -0.574468 0.329372
v -0.183879 -0.580673 0.322660
v -0.181725 -0.586778 0.314459
v -0.182689 -0.592187 0.305571
v -0.186678 -0.596370 0.296866
v -0.193302 -0.598917 0.289196
v -0.201912 -0.599579 0.283313
v -0.211665 -0.598291 0.279792
v -0.221607 -0.595180 0.278977
v -0.230764 -0.590549 0.280949
v -0.238240 -0.584853 0.285514
v -0.243303 -0.578648 0.292225
v -0.245458 -0.572543 0.300427
v -0.244494 -0.567134 0.309315
v -0.240505 -0.562951 0.318019
v -0.233881 -0.560404 0.325689
v -0.225271 -0.559742 0.331572
v -0.215518 -0.561030 0.335094
v -0.206077 -0.565463 0.336488
v -0.196985 -0.570060 0.334531
v -0.189563 -0.575715 0.329998
v -0.184536 -0.581875 0.323335
v -0.182397 -0.587937 0.315192
v -0.183354 -0.593307 0.306368
v -0.187315 -0.597459 0.297726
v -0.193891 -0.599988 0.290112
v -0.202439 -0.600645 0.284271
v -0.212122 -0.599367 0.280775
v -0.221992 -0.596278 0.279966
v -0.231083 -0.591681 0.281923
v -0.238506 -0.586025 0.286456
v -0.243533 -0.579865 0.293119
v -0.245672 -0.573804 0.301261
v -0.244715 -0.568434 0.310085
v -0.240754 -0.564281 0.318728
v -0.234178 -0.561753 0.326342
v -0.225630 -0.561095 0.332183
v -0.215947 -0.562374 0.335679
v -0.215892 -0.580940 0.316592
v -0.213809 -0.581591 0.316763
v -0.211892 -0.582561 0.316350
v -0.210326 -0.583754 0.315394
v -0.209265 -0.585054 0.313988
v -0.208814 -0.586332 0.312271
v -0.209016 -0.587465 0.310409
v -0.209852 -0.588341 0.308586
v -0.211239 -0.588874 0.306980
v -0.213042 -0.589013 0.305748
v -0.215085 -0.588744 0.305010
v -0.217167 -0.588092 0.304839
v -0.219085 -0.587122 0.305252
v -0.220650 -0.585929 0.306209
v -0.221711 -0.584629 0.307615
v -0.222162 -0.583351 0.309332
v -0.221960 -0.582218 0.311193
v -0.221125 -0.581342 0.313016
v -0.219738 -0.580809 0.314623
v -0.217934 -0.580670 0.315855
v -0.211940 -0.577646 0.321220
v -0.208355 -0.579459 0.320448
v -0.205428 -0.581689 0.318661
v -0.203445 -0.584118 0.316033
v -0.202602 -0.586508 0.312822
v -0.202979 -0.588626 0.309342
v -0.204541 -0.590264 0.305934
v -0.207135 -0.591261 0.302932
v -0.210505 -0.591520 0.300628
v -0.214324 -0.591016 0.299249
v -0.218216 -0.589798 0.298930
v -0.221801 -0.587985 0.299702
v -0.224728 -0.585754 0.301490
v -0.226711 -0.583325 0.304118
v -0.227555 -0.580935 0.307329
v -0.227177 -0.578817 0.310808
v -0.225615 -0.577180 0.314216
v -0.223022 -0.576183 0.317219
v -0.219651 -0.575923 0.319523
v -0.215832 -0.576428 0.320901
v -0.207578 -0.569000 0.335378
v -0.199295 -0.573188 0.333595
v -0.192533 -0.578340 0.329466
v -0.187954 -0.583952 0.323395
v -0.186005 -0.589475 0.315977
v -0.186877 -0.594367 0.307938
v -0.190485 -0.598150 0.300065
v -0.196476 -0.600454 0.293128
v -0.204263 -0.601052 0.287806
v -0.213085 -0.599888 0.284622
v -0.222077 -0.597073 0.283885
v -0.230360 -0.592885 0.285668
v -0.237122 -0.587733 0.289797
v -0.241701 -0.582121 0.295868
v -0.243650 -0.576599 0.303286
v -0.242778 -0.571707 0.311325
v -0.239170 -0.567924 0.319198
v -0.233179 -0.565620 0.326135
v -0.225391 -0.565021 0.331456
v -0.216570 -0.566186 0.334641
v -0.230428 -0.572661 0.253544
v -0.241427 -0.564281 0.260260
v -0.248876 -0.555153 0.270134
v -0.252046 -0.546171 0.282199
v -0.250627 -0.538214 0.295275
v -0.244758 -0.532061 0.308081
v -0.235014 -0.528313 0.319364
v -0.222347 -0.527339 0.328020
v -0.207999 -0.529234 0.333200
v -0.193373 -0.533812 0.334398
v -0.179902 -0.540624 0.331498
v -0.168903 -0.549004 0.324781
v -0.161454 -0.558132 0.314908
v -0.158284 -0.567114 0.302842
v -0.159702 -0.575071 0.289767
v -0.165571 -0.581224 0.276961
v -0.175316 -0.584971 0.265678
v -0.187982 -0.585945 0.257022
v -0.202331 -0.584051 0.251842
v -0.216956 -0.579473 0.250643
v -0.227213 -0.566211 0.251536
v -0.237727 -0.558200 0.257957
v -0.244848 -0.549474 0.267396
v -0.247879 -0.540888 0.278930
v -0.246522 -0.533281 0.291430
v -0.240912 -0.527399 0.303672
v -0.231596 -0.523817 0.314458
v -0.219488 -0.522886 0.322733
v -0.205771 -0.524697 0.327685
v -0.191790 -0.529073 0.328830
v -0.178911 -0.535585 0.326058
v -0.168397 -0.543596 0.319637
v -0.161276 -0.552322 0.310198
v -0.158245 -0.560909 0.298664
v -0.159601 -0.568515 0.286164
v -0.165212 -0.574397 0.273922
v -0.174527 -0.577979 0.263136
v -0.186636 -0.578910 0.254862
v -0.200352 -0.577099 0.249909
v -0.214334 -0.572724 0.248764
v -0.144434 -0.506317 0.280375
v -0.141403 -0.514903 0.268841
v -0.142760 -0.522510 0.256341
v -0.148370 -0.528392 0.244099
v -0.157685 -0.531974 0.233313
v -0.169794 -0.532905 0.225038
v -0.183511 -0.531094 0.220086
v -0.197492 -0.526719 0.218940
v -0.210371 -0.520206 0.221713
v -0.220885 -0.512195 0.228133
v -0.228006 -0.503469 0.237573
v -0.231037 -0.494883 0.249107
v -0.229680 -0.487276 0.261607
v -0.224070 -0.481394 0.273849
v -0.214755 -0.477812 0.284635
v -0.202646 -0.476881 0.292909
v -0.188929 -0.478692 0.297862
v -0.174948 -0.483067 0.299007
v -0.162069 -0.489580 0.296234
v -0.151555 -0.497591 0.289814
v -0.149610 -0.520457 0.289541
v -0.146580 -0.529043 0.278007
v -0.147936 -0.536650 0.265507
v -0.153546 -0.542532 0.253265
v -0.162862 -0.546114 0.242479
v -0.174970 -0.547045 0.234205
v -0.188687 -0.545234 0.229252
v -0.202669 -0.540858 0.228106
v -0.215547 -0.534346 0.230879
v -0.226061 -0.526335 0.237300
v -0.233182 -0.517609 0.246739
v -0.236213 -0.509022 0.258273
v -0.234857 -0.501416 0.270773
v -0.229246 -0.495533 0.283015
v -0.219931 -0.491951 0.293801
v -0.207822 -0.491020 0.302075
v -0.194106 -0.492831 0.307028
v -0.180124 -0.497207 0.308173
v -0.167246 -0.503719 0.305401
v -0.156731 -0.511731 0.298980
v -0.110978 -0.499606 0.291030
v -0.105726 -0.514485 0.271044
v -0.108076 -0.527665 0.249385
v -0.117797 -0.537857 0.228173
v -0.133939 -0.544064 0.209484
v -0.154920 -0.545677 0.195147
v -0.178687 -0.542539 0.186565
v -0.202914 -0.534957 0.184580
v -0.225228 -0.523673 0.189385
v -0.243447 -0.509792 0.200510
v -0.255785 -0.494672 0.216865
v -0.261037 -0.479794 0.236850
v -0.258687 -0.466614 0.258509
v -0.248966 -0.456421 0.279722
v -0.232824 -0.450215 0.298411
v -0.211843 -0.448602 0.312748
v -0.188076 -0.451740 0.321330
v -0.163850 -0.459322 0.323315
v -0.141535 -0.470605 0.318510
v -0.123316 -0.484487 0.307385
v -0.109398 -0.495291 0.288232
v -0.104146 -0.510169 0.268247
v -0.106496 -0.523349 0.246588
v -0.116217 -0.533542 0.225375
v -0.132359 -0.539748 0.206686
v -0.153340 -0.541361 0.192349
v -0.177107 -0.538224 0.183767
v -0.201334 -0.530641 0.181782
v -0.223648 -0.519358 0.186587
v -0.241867 -0.505476 0.197712
v -0.254205 -0.490357 0.214067
v -0.259457 -0.475478 0.234053
v -0.257107 -0.462298 0.255712
v -0.247386 -0.452106 0.276924
v -0.231244 -0.445899 0.295614
v -0.210263 -0.444286 0.309950
v -0.186496 -0.447424 0.318532
v -0.162270 -0.455006 0.320517
v -0.139955 -0.466290 0.315713
v -0.121736 -0.480171 0.304587
v -0.119161 -0.504623 0.291210
v -0.114364 -0.518213 0.272955
v -0.116510 -0.530252 0.253171
v -0.125390 -0.539562 0.233795
v -0.140134 -0.545231 0.216723
v -0.159298 -0.546705 0.203628
v -0.181008 -0.543839 0.195789
v -0.203137 -0.536913 0.193976
v -0.223520 -0.526606 0.198364
v -0.240161 -0.513926 0.208526
v -0.251432 -0.500116 0.223465
v -0.256229 -0.486526 0.241721
v -0.254082 -0.474486 0.261505
v -0.245202 -0.465176 0.280881
v -0.230458 -0.459507 0.297952
v -0.211294 -0.458034 0.311048
v -0.189584 -0.460900 0.318886
v -0.167455 -0.467825 0.320700
v -0.147072 -0.478133 0.316311
v -0.130431 -0.490812 0.306149
v -0.146778 -0.503682 0.277065
v -0.143984 -0.511597 0.266433
v -0.145235 -0.518609 0.254911
v -0.150406 -0.524031 0.243626
v -0.158993 -0.527333 0.233684
v -0.170155 -0.528191 0.226056
v -0.182799 -0.526521 0.221491
v -0.195687 -0.522488 0.220435
v -0.207558 -0.516485 0.222991
v -0.217250 -0.509100 0.228909
v -0.223814 -0.501057 0.237610
v -0.226608 -0.493142 0.248242
v -0.225358 -0.486130 0.259765
v -0.220186 -0.480708 0.271049
v -0.211599 -0.477406 0.280992
v -0.200437 -0.476548 0.288619
v -0.187794 -0.478217 0.293184
v -0.174905 -0.482251 0.294240
v -0.163034 -0.488254 0.291684
v -0.153342 -0.495638 0.285766
v -0.169893 -0.547683 0.322286
v -0.162772 -0.556409 0.312847
v -0.159741 -0.564995 0.301313
v -0.161097 -0.572602 0.288813
v -0.166708 -0.578484 0.276571
v -0.176023 -0.582066 0.265785
v -0.188132 -0.582997 0.257511
v -0.201849 -0.581186 0.252558
v -0.215830 -0.576810 0.251413
v -0.228709 -0.570298 0.254186
v -0.239223 -0.562287 0.260606
v -0.246344 -0.553561 0.270045
v -0.249375 -0.544974 0.281579
v -0.248018 -0.537368 0.294079
v -0.242408 -0.531485 0.306321
v -0.233093 -0.527903 0.317107
v -0.220984 -0.526972 0.325382
v -0.207267 -0.528783 0.330334
v -0.193286 -0.533159 0.331479
v -0.180407 -0.539671 0.328707
v -0.167135 -0.549514 0.327285
v -0.159251 -0.559175 0.316835
v -0.155896 -0.568682 0.304065
v -0.157397 -0.577103 0.290226
v -0.163609 -0.583616 0.276672
v -0.173922 -0.587582 0.264730
v -0.187329 -0.588612 0.255569
v -0.202515 -0.586607 0.250086
v -0.217995 -0.581763 0.248817
v -0.232254 -0.574553 0.251887
v -0.243895 -0.565683 0.258995
v -0.251779 -0.556022 0.269446
v -0.255134 -0.546515 0.282216
v -0.253633 -0.538094 0.296055
v -0.247421 -0.531581 0.309610
v -0.237107 -0.527615 0.321552
v -0.223701 -0.526584 0.330713
v -0.208514 -0.528590 0.336195
v -0.193035 -0.533434 0.337464
v -0.178776 -0.540644 0.334394
v -0.163159 -0.550661 0.332917
v -0.154296 -0.561521 0.321170
v -0.150525 -0.572208 0.306815
v -0.152213 -0.581675 0.291258
v -0.159195 -0.588995 0.276022
v -0.170789 -0.593454 0.262598
v -0.185859 -0.594612 0.252300
v -0.202930 -0.592358 0.246136
v -0.220331 -0.586912 0.244710
v -0.236359 -0.578807 0.248161
v -0.249445 -0.568837 0.256152
v -0.258308 -0.557977 0.267900
v -0.262080 -0.547290 0.282254
v -0.260392 -0.537823 0.297811
v -0.253409 -0.530503 0.313048
v -0.241815 -0.526044 0.326472
v -0.226745 -0.524886 0.336770
v -0.209674 -0.527140 0.342933
v -0.192273 -0.532586 0.344359
v -0.176245 -0.540691 0.340908
v -0.159117 -0.551827 0.338643
v -0.149259 -0.563906 0.325577
v -0.145064 -0.575793 0.309611
v -0.146941 -0.586322 0.292308
v -0.154708 -0.594465 0.275361
v -0.167603 -0.599423 0.260430
v -0.184365 -0.600712 0.248977
v -0.203352 -0.598205 0.242121
v -0.222707 -0.592148 0.240535
v -0.240534 -0.583133 0.244373
v -0.255088 -0.572044 0.253261
v -0.264946 -0.559964 0.266327
v -0.269141 -0.548078 0.282293
v -0.267264 -0.537549 0.299597
v -0.259497 -0.529406 0.316543
v -0.246602 -0.524448 0.331474
v -0.229840 -0.523159 0.342928
v -0.210853 -0.525666 0.349783
v -0.191499 -0.531723 0.351369
v -0.173671 -0.540738 0.347531
v -0.184855 -0.597845 0.296291
v -0.191953 -0.600574 0.288072
v -0.201179 -0.601284 0.281768
v -0.211630 -0.599904 0.277995
v -0.222283 -0.596570 0.277122
v -0.232095 -0.591608 0.279235
v -0.240106 -0.585504 0.284126
v -0.245532 -0.578856 0.291318
v -0.247841 -0.572313 0.300106
v -0.246808 -0.566518 0.309630
v -0.242533 -0.562036 0.318958
v -0.235435 -0.559307 0.327176
v -0.226209 -0.558597 0.333480
v -0.215758 -0.559977 0.337254
v -0.205105 -0.563311 0.338127
v -0.195293 -0.568273 0.336014
v -0.187282 -0.574377 0.331122
v -0.181856 -0.581025 0.323930
v -0.179547 -0.587568 0.315142
v -0.180580 -0.593363 0.305618
v -0.201946 -0.599647 0.283374
v -0.211694 -0.598360 0.279855
v -0.221631 -0.595250 0.279040
v -0.230784 -0.590621 0.281011
v -0.238257 -0.584928 0.285574
v -0.243318 -0.578726 0.292283
v -0.245472 -0.572623 0.300480
v -0.244508 -0.567217 0.309364
v -0.240521 -0.563037 0.318065
v -0.233900 -0.560491 0.325731
v -0.225294 -0.559829 0.331612
v -0.215546 -0.561116 0.335131
v -0.205608 -0.564226 0.335946
v -0.196455 -0.568854 0.333975
v -0.188983 -0.574548 0.329412
v -0.183922 -0.580750 0.322703
v -0.181768 -0.586853 0.314506
v -0.182732 -0.592259 0.305622
v -0.186719 -0.596439 0.296921
v -0.193340 -0.598985 0.289255
v -0.176307 -0.582842 0.266288
v -0.188416 -0.583773 0.258014
v -0.202133 -0.581962 0.253062
v -0.216114 -0.577586 0.251916
v -0.228993 -0.571074 0.254689
v -0.239507 -0.563063 0.261109
v -0.246628 -0.554337 0.270548
v -0.249659 -0.545750 0.282082
v -0.248303 -0.538144 0.294582
v -0.242692 -0.532262 0.306824
v -0.233377 -0.528680 0.317611
v -0.221268 -0.527748 0.325885
v -0.207552 -0.529560 0.330837
v -0.193570 -0.533935 0.331983
v -0.180691 -0.540448 0.329210
v -0.170177 -0.548459 0.322789
v -0.163056 -0.557185 0.313350
v -0.160025 -0.565771 0.301816
v -0.161382 -0.573378 0.289317
v -0.166992 -0.579260 0.277075
v -0.248273 -0.454529 0.278495
v -0.232131 -0.448323 0.297185
v -0.211151 -0.446709 0.311521
v -0.187383 -0.449847 0.320103
v -0.163157 -0.457429 0.322088
v -0.140842 -0.468713 0.317284
v -0.122624 -0.482595 0.306159
v -0.110285 -0.497714 0.289803
v -0.105033 -0.512593 0.269818
v -0.107383 -0.525773 0.248159
v -0.117105 -0.535965 0.226946
v -0.133246 -0.542172 0.208257
v -0.154227 -0.543785 0.193920
v -0.177994 -0.540647 0.185338
v -0.202221 -0.533065 0.183353
v -0.224535 -0.521781 0.188158
v -0.242754 -0.507900 0.199283
v -0.255093 -0.492780 0.215638
v -0.260344 -0.477902 0.235624
v -0.257994 -0.464722 0.257283
v -0.189947 -0.456851 0.324643
v -0.165721 -0.464433 0.326629
v -0.143406 -0.475717 0.321824
v -0.125188 -0.489598 0.310699
v -0.112849 -0.504718 0.294344
v -0.107597 -0.519596 0.274358
v -0.109947 -0.532777 0.252699
v -0.119669 -0.542969 0.231487
v -0.135810 -0.549176 0.212797
v -0.156791 -0.550789 0.198460
v -0.180558 -0.547651 0.189879
v -0.204785 -0.540069 0.187894
v -0.227100 -0.528785 0.192698
v -0.245318 -0.514904 0.203823
v -0.257657 -0.499784 0.220179
v -0.262908 -0.484906 0.240164
v -0.260558 -0.471725 0.261823
v -0.250837 -0.461533 0.283035
v -0.234695 -0.455326 0.301725
v -0.213715 -0.453713 0.316062
v -0.222226 -0.496616 0.250889
v -0.219786 -0.503530 0.241602
v -0.214052 -0.510556 0.234001
v -0.205586 -0.517006 0.228832
v -0.195217 -0.522250 0.226599
v -0.183959 -0.525773 0.227522
v -0.172915 -0.527231 0.231509
v -0.163165 -0.526481 0.238171
v -0.155665 -0.523597 0.246856
v -0.151147 -0.518861 0.256713
v -0.150055 -0.512736 0.266778
v -0.152495 -0.505823 0.276065
v -0.158229 -0.498797 0.283665
v -0.166695 -0.492346 0.288835
v -0.177064 -0.487103 0.291068
v -0.188322 -0.483579 0.290145
v -0.199366 -0.482121 0.286157
v -0.209116 -0.482871 0.279495
v -0.216617 -0.485755 0.270810
v -0.221134 -0.490491 0.260953
v -0.236158 -0.493504 0.247821
v -0.232776 -0.503087 0.234949
v -0.224828 -0.512826 0.224414
v -0.213094 -0.521767 0.217249
v -0.198721 -0.529034 0.214154
v -0.183117 -0.533918 0.215433
v -0.167809 -0.535939 0.220960
v -0.154295 -0.534900 0.230194
v -0.143898 -0.530902 0.242232
v -0.137637 -0.524338 0.255895
v -0.136123 -0.515848 0.269845
v -0.139506 -0.506265 0.282718
v -0.147453 -0.496527 0.293252
v -0.159187 -0.487586 0.300418
v -0.173560 -0.480318 0.303513
v -0.189164 -0.475434 0.302234
v -0.204473 -0.473413 0.296707
v -0.217986 -0.474452 0.287472
v -0.228383 -0.478450 0.275435
v -0.234644 -0.485015 0.261772
v -0.253776 -0.541630 0.279019
v -0.250394 -0.551213 0.266147
v -0.242447 -0.560951 0.255612
v -0.230712 -0.569892 0.248447
v -0.216339 -0.577160 0.245352
v -0.200735 -0.582044 0.246631
v -0.185427 -0.584065 0.252158
v -0.171913 -0.583026 0.261392
v -0.161516 -0.579028 0.273430
v -0.155255 -0.572463 0.287093
v -0.153741 -0.563974 0.301044
v -0.157124 -0.554391 0.313916
v -0.165071 -0.544652 0.324451
v -0.176806 -0.535712 0.331616
v -0.191178 -0.528444 0.334711
v -0.206783 -0.523560 0.333432
v -0.222091 -0.521539 0.327905
v -0.235605 -0.522578 0.318670
v -0.246001 -0.526576 0.306633
v -0.252263 -0.533140 0.292970
v -0.239844 -0.544742 0.282087
v -0.237404 -0.551655 0.272800
v -0.231670 -0.558681 0.265199
v -0.223205 -0.565132 0.260030
v -0.212835 -0.570375 0.257797
v -0.201577 -0.573899 0.258720
v -0.190533 -0.575357 0.262707
v -0.180783 -0.574607 0.269370
v -0.173283 -0.571723 0.278054
v -0.168765 -0.566987 0.287912
v -0.167673 -0.560862 0.297976
v -0.170114 -0.553948 0.307263
v -0.175847 -0.546922 0.314863
v -0.184313 -0.540472 0.320033
v -0.194683 -0.535228 0.322266
v -0.205940 -0.531705 0.321343
v -0.216985 -0.530247 0.317355
v -0.226734 -0.530997 0.310693
v -0.234235 -0.533881 0.302008
v -0.238752 -0.538617 0.292151
v -0.206598 -0.523056 0.333105
v -0.190994 -0.527940 0.334384
v -0.176621 -0.535208 0.331289
v -0.164887 -0.544149 0.324124
v -0.156939 -0.553887 0.313590
v -0.153557 -0.563470 0.300717
v -0.155071 -0.571960 0.286766
v -0.161332 -0.578524 0.273104
v -0.171729 -0.582522 0.261066
v -0.185242 -0.583561 0.251831
v -0.200551 -0.581540 0.246304
v -0.216155 -0.576656 0.245026
v -0.230528 -0.569389 0.248120
v -0.242262 -0.560448 0.255286
v -0.250210 -0.550709 0.265820
v -0.253592 -0.541126 0.278693
v -0.252078 -0.532637 0.292643
v -0.245817 -0.526072 0.306306
v -0.235420 -0.522074 0.318344
v -0.221906 -0.521035 0.327578
v -0.189352 -0.475946 0.302566
v -0.173748 -0.480830 0.303844
v -0.159375 -0.488098 0.300750
v -0.147640 -0.497039 0.293584
v -0.139693 -0.506777 0.283050
v -0.136311 -0.516360 0.270177
v -0.137824 -0.524850 0.256227
v -0.144086 -0.531414 0.242564
v -0.154482 -0.535412 0.230526
v -0.167996 -0.536451 0.221292
v -0.183304 -0.534430 0.215765
v -0.198909 -0.529546 0.214486
v -0.213281 -0.522278 0.217581
v -0.225016 -0.513338 0.224746
v -0.232963 -0.503599 0.235281
v -0.236346 -0.494016 0.248153
v -0.234832 -0.485527 0.262104
v -0.228570 -0.478962 0.275766
v -0.218174 -0.474964 0.287804
v -0.204660 -0.473925 0.297039
v -0.199112 -0.502607 0.319849
v -0.183508 -0.507491 0.321128
v -0.169135 -0.514759 0.318033
v -0.157401 -0.523700 0.310868
v -0.149453 -0.533438 0.300333
v -0.146071 -0.543021 0.287461
v -0.147584 -0.551511 0.273510
v -0.153846 -0.558075 0.259847
v -0.164242 -0.562073 0.247809
v -0.177756 -0.563112 0.238575
v -0.193064 -0.561091 0.233048
v -0.208669 -0.556207 0.231769
v -0.223042 -0.548939 0.234864
v -0.234776 -0.539999 0.242029
v -0.242723 -0.530260 0.252564
v -0.246106 -0.520677 0.265436
v -0.244592 -0.512188 0.279387
v -0.238331 -0.505623 0.293050
v -0.227934 -0.501625 0.305087
v -0.214420 -0.500586 0.314322
v -0.204734 -0.517964 0.329804
v -0.189130 -0.522847 0.331083
v -0.174757 -0.530115 0.327988
v -0.163022 -0.539056 0.320823
v -0.155075 -0.548795 0.310288
v -0.151693 -0.558378 0.297416
v -0.153206 -0.566867 0.283465
v -0.159468 -0.573432 0.269802
v -0.169864 -0.577429 0.257765
v -0.183378 -0.578469 0.248530
v -0.198686 -0.576447 0.243003
v -0.214291 -0.571564 0.241724
v -0.228663 -0.564296 0.244819
v -0.240398 -0.555355 0.251984
v -0.248345 -0.545617 0.262519
v -0.251728 -0.536034 0.275391
v -0.250214 -0.527544 0.289342
v -0.243952 -0.520979 0.303005
v -0.233556 -0.516982 0.315042
v -0.220042 -0.515943 0.324277
v -0.191248 -0.528578 0.334463
v -0.176955 -0.535806 0.331386
v -0.165285 -0.544697 0.324260
v -0.157382 -0.554382 0.313784
v -0.154018 -0.563912 0.300983
v -0.155524 -0.572354 0.287109
v -0.161750 -0.578883 0.273522
v -0.172089 -0.582858 0.261551
v -0.185528 -0.583892 0.252368
v -0.200752 -0.581882 0.246871
v -0.216270 -0.577025 0.245600
v -0.230563 -0.569798 0.248677
v -0.242232 -0.560906 0.255803
v -0.250136 -0.551222 0.266279
v -0.253499 -0.541692 0.279080
v -0.251994 -0.533249 0.292953
v -0.245767 -0.526721 0.306541
v -0.235428 -0.522745 0.318512
v -0.221989 -0.521712 0.327695
v -0.206766 -0.523722 0.333192
v -0.139766 -0.506256 0.282584
v -0.136403 -0.515786 0.269784
v -0.137908 -0.524228 0.255911
v -0.144135 -0.530756 0.242325
v -0.154473 -0.534731 0.230355
v -0.167911 -0.535764 0.221172
v -0.183134 -0.533754 0.215676
v -0.198651 -0.528898 0.214404
v -0.212943 -0.521671 0.217482
v -0.224612 -0.512780 0.224607
v -0.232515 -0.503096 0.235082
v -0.235878 -0.493567 0.247883
v -0.234373 -0.485125 0.261755
v -0.228147 -0.478597 0.275342
v -0.217808 -0.474621 0.287312
v -0.204370 -0.473588 0.296495
v -0.189147 -0.475598 0.301991
v -0.173631 -0.480454 0.303263
v -0.159338 -0.487681 0.300185
v -0.147669 -0.496572 0.293060
v -0.144390 -0.506099 0.280216
v -0.141362 -0.514678 0.268692
v -0.142717 -0.522278 0.256203
v -0.148323 -0.528155 0.243971
v -0.157631 -0.531734 0.233194
v -0.169729 -0.532664 0.224927
v -0.183434 -0.530855 0.219979
v -0.197403 -0.526483 0.218834
v -0.210271 -0.519976 0.221605
v -0.220776 -0.511972 0.228019
v -0.227891 -0.503254 0.237451
v -0.230919 -0.494674 0.248975
v -0.229564 -0.487074 0.261464
v -0.223958 -0.481197 0.273696
v -0.214651 -0.477618 0.284472
v -0.202552 -0.476688 0.292740
v -0.188848 -0.478497 0.297688
v -0.174878 -0.482869 0.298833
v -0.162011 -0.489376 0.296062
v -0.151505 -0.497380 0.289647
v -0.194276 -0.515460 0.319569
v -0.193917 -0.517465 0.320561
v -0.192905 -0.519351 0.321305
v -0.191339 -0.520934 0.321726
v -0.189373 -0.522057 0.321785
v -0.187198 -0.522612 0.321475
v -0.185028 -0.522544 0.320827
v -0.183075 -0.521860 0.319905
v -0.181530 -0.520627 0.318797
v -0.180545 -0.518965 0.317614
v -0.180216 -0.517037 0.316470
v -0.180575 -0.515032 0.315478
v -0.181587 -0.513146 0.314735
v -0.183153 -0.511563 0.314313
v -0.185120 -0.510440 0.314254
v -0.187294 -0.509885 0.314564
v -0.189464 -0.509953 0.315212
v -0.191417 -0.510637 0.316135
v -0.192962 -0.511870 0.317242
v -0.193947 -0.513532 0.318425
v -0.196990 -0.515156 0.320168
v -0.196493 -0.517935 0.321543
v -0.195090 -0.520549 0.322573
v -0.192919 -0.522742 0.323157
v -0.190194 -0.524300 0.323239
v -0.187179 -0.525069 0.322810
v -0.184171 -0.524975 0.321911
v -0.181465 -0.524027 0.320632
v -0.179324 -0.522317 0.319097
v -0.177958 -0.520013 0.317457
v -0.177502 -0.517341 0.315872
v -0.178000 -0.514562 0.314496
v -0.179402 -0.511948 0.313466
v -0.181573 -0.509755 0.312882
v -0.184299 -0.508197 0.312800
v -0.187313 -0.507428 0.313229
v -0.190321 -0.507522 0.314128
v -0.193028 -0.508470 0.315407
v -0.195169 -0.510180 0.316942
v -0.196534 -0.512484 0.318582
v -0.193180 -0.507780 0.333698
v -0.192683 -0.510559 0.335073
v -0.191280 -0.513173 0.336103
v -0.189110 -0.515366 0.336688
v -0.186384 -0.516924 0.336769
v -0.183370 -0.517693 0.336340
v -0.180362 -0.517599 0.335442
v -0.177655 -0.516650 0.334162
v -0.175514 -0.514941 0.332627
v -0.174149 -0.512637 0.330987
v -0.173692 -0.509965 0.329402
v -0.174190 -0.507186 0.328027
v -0.175593 -0.504571 0.326996
v -0.177763 -0.502378 0.326412
v -0.180489 -0.500821 0.326330
v -0.183503 -0.500051 0.326760
v -0.186511 -0.500145 0.327658
v -0.189218 -0.501094 0.328937
v -0.191359 -0.502804 0.330472
v -0.192724 -0.505107 0.332112
v -0.190466 -0.508084 0.333099
v -0.190107 -0.510089 0.334091
v -0.189095 -0.511975 0.334835
v -0.187529 -0.513557 0.335256
v -0.185563 -0.514681 0.335315
v -0.183388 -0.515236 0.335006
v -0.181218 -0.515168 0.334358
v -0.179265 -0.514484 0.333435
v -0.177721 -0.513250 0.332327
v -0.176736 -0.511588 0.331144
v -0.176406 -0.509660 0.330000
v -0.176765 -0.507655 0.329008
v -0.177777 -0.505769 0.328265
v -0.179343 -0.504187 0.327843
v -0.181310 -0.503063 0.327784
v -0.183485 -0.502508 0.328094
v -0.185655 -0.502576 0.328742
v -0.187608 -0.503260 0.329665
v -0.189152 -0.504494 0.330772
v -0.190137 -0.506156 0.331956
v -0.183543 -0.500129 0.326618
v -0.180529 -0.500898 0.326189
v -0.177803 -0.502455 0.326270
v -0.175632 -0.504649 0.326855
v -0.174230 -0.507263 0.327885
v -0.173732 -0.510042 0.329260
v -0.174188 -0.512714 0.330845
v -0.175554 -0.515018 0.332486
v -0.177695 -0.516728 0.334021
v -0.180402 -0.517676 0.335300
v -0.183409 -0.517770 0.336198
v -0.186424 -0.517001 0.336627
v -0.189150 -0.515443 0.336546
v -0.191320 -0.513250 0.335961
v -0.192723 -0.510636 0.334931
v -0.193220 -0.507857 0.333556
v -0.192764 -0.505184 0.331971
v -0.191399 -0.502881 0.330330
v -0.189258 -0.501171 0.328795
v -0.186551 -0.500223 0.327516
v -0.187272 -0.507349 0.313373
v -0.184258 -0.508119 0.312944
v -0.181532 -0.509676 0.313026
v -0.179362 -0.511869 0.313610
v -0.177959 -0.514483 0.314640
v -0.177462 -0.517263 0.316015
v -0.177918 -0.519935 0.317601
v -0.179283 -0.522239 0.319241
v -0.181424 -0.523948 0.320776
v -0.184131 -0.524897 0.322055
v -0.187139 -0.524991 0.322954
v -0.190153 -0.524221 0.323383
v -0.192879 -0.522664 0.323301
v -0.195049 -0.520471 0.322717
v -0.196452 -0.517857 0.321687
v -0.196950 -0.515077 0.320311
v -0.196493 -0.512405 0.318726
v -0.195128 -0.510101 0.317086
v -0.192987 -0.508392 0.315551
v -0.190280 -0.507443 0.314272
v -0.185162 -0.503263 0.320869
v -0.182148 -0.504032 0.320440
v -0.179422 -0.505590 0.320521
v -0.177251 -0.507783 0.321106
v -0.175849 -0.510397 0.322136
v -0.175351 -0.513176 0.323511
v -0.175807 -0.515849 0.325096
v -0.177173 -0.518152 0.326737
v -0.179314 -0.519862 0.328272
v -0.182020 -0.520810 0.329551
v -0.185028 -0.520904 0.330449
v -0.188043 -0.520135 0.330878
v -0.190768 -0.518578 0.330797
v -0.192939 -0.516384 0.330212
v -0.194342 -0.513770 0.329182
v -0.194839 -0.510991 0.327807
v -0.194383 -0.508319 0.326222
v -0.193017 -0.506015 0.324581
v -0.190877 -0.504305 0.323046
v -0.188170 -0.503357 0.321767
v -0.183946 -0.500909 0.325186
v -0.180932 -0.501679 0.324757
v -0.178206 -0.503236 0.324839
v -0.176036 -0.505429 0.325423
v -0.174633 -0.508043 0.326453
v -0.174135 -0.510823 0.327828
v -0.174592 -0.513495 0.329414
v -0.175957 -0.515799 0.331054
v -0.178098 -0.517508 0.332589
v -0.180805 -0.518457 0.333868
v -0.183813 -0.518551 0.334766
v -0.186827 -0.517781 0.335196
v -0.189553 -0.516224 0.335114
v -0.191723 -0.514031 0.334530
v -0.193126 -0.511417 0.333499
v -0.193623 -0.508637 0.332124
v -0.193167 -0.505965 0.330539
v -0.191802 -0.503661 0.328899
v -0.189661 -0.501952 0.327364
v -0.186954 -0.501003 0.326084
v -0.180505 -0.500865 0.326359
v -0.177794 -0.502414 0.326440
v -0.175636 -0.504595 0.327022
v -0.174241 -0.507195 0.328046
v -0.173746 -0.509959 0.329414
v -0.174200 -0.512616 0.330990
v -0.175558 -0.514907 0.332622
v -0.177687 -0.516607 0.334148
v -0.180379 -0.517550 0.335420
v -0.183370 -0.517644 0.336313
v -0.186368 -0.516879 0.336740
v -0.189078 -0.515330 0.336659
v -0.191237 -0.513149 0.336078
v -0.192632 -0.510549 0.335053
v -0.193127 -0.507786 0.333686
v -0.192673 -0.505128 0.332109
v -0.191315 -0.502837 0.330478
v -0.189186 -0.501137 0.328951
v -0.186494 -0.500194 0.327679
v -0.183503 -0.500100 0.326786
v -0.178051 -0.514571 0.314516
v -0.177557 -0.517335 0.315884
v -0.178010 -0.519992 0.317460
v -0.179368 -0.522283 0.319091
v -0.181497 -0.523983 0.320618
v -0.184189 -0.524926 0.321890
v -0.187180 -0.525020 0.322783
v -0.190177 -0.524255 0.323210
v -0.192888 -0.522706 0.323129
v -0.195046 -0.520525 0.322547
v -0.196441 -0.517926 0.321523
v -0.196936 -0.515162 0.320156
v -0.196482 -0.512505 0.318579
v -0.195124 -0.510214 0.316948
v -0.192995 -0.508514 0.315421
v -0.190304 -0.507571 0.314149
v -0.187313 -0.507477 0.313256
v -0.184315 -0.508242 0.312829
v -0.181605 -0.509791 0.312910
v -0.179446 -0.511972 0.313492
v -0.178968 -0.514739 0.314865
v -0.178523 -0.517227 0.316097
v -0.178931 -0.519619 0.317516
v -0.180154 -0.521681 0.318984
v -0.182070 -0.523212 0.320359
v -0.184494 -0.524061 0.321504
v -0.187186 -0.524145 0.322308
v -0.189885 -0.523457 0.322692
v -0.192325 -0.522062 0.322619
v -0.194268 -0.520099 0.322096
v -0.195524 -0.517758 0.321174
v -0.195970 -0.515270 0.319943
v -0.195561 -0.512878 0.318523
v -0.194339 -0.510816 0.317055
v -0.192422 -0.509285 0.315681
v -0.189999 -0.508436 0.314535
v -0.187306 -0.508352 0.313731
v -0.184607 -0.509041 0.313347
v -0.182167 -0.510435 0.313420
v -0.180224 -0.512398 0.313943
v -0.177776 -0.513357 0.332131
v -0.176791 -0.511695 0.330948
v -0.176462 -0.509767 0.329804
v -0.176821 -0.507762 0.328812
v -0.177833 -0.505876 0.328069
v -0.179398 -0.504294 0.327647
v -0.181365 -0.503170 0.327588
v -0.183540 -0.502615 0.327898
v -0.185710 -0.502683 0.328546
v -0.187663 -0.503367 0.329469
v -0.189207 -0.504601 0.330576
v -0.190192 -0.506263 0.331760
v -0.190521 -0.508191 0.332904
v -0.190163 -0.510196 0.333896
v -0.189151 -0.512082 0.334639
v -0.187585 -0.513664 0.335061
v -0.185618 -0.514788 0.335119
v -0.183443 -0.515343 0.334810
v -0.181273 -0.515275 0.334162
v -0.179320 -0.514591 0.333239
v -0.181382 -0.520340 0.319323
v -0.180397 -0.518678 0.318140
v -0.180068 -0.516750 0.316996
v -0.180427 -0.514745 0.316004
v -0.181439 -0.512859 0.315261
v -0.183005 -0.511277 0.314839
v -0.184971 -0.510153 0.314780
v -0.187146 -0.509598 0.315090
v -0.189316 -0.509666 0.315738
v -0.191269 -0.510350 0.316661
v -0.192814 -0.511583 0.317768
v -0.193799 -0.513245 0.318952
v -0.194128 -0.515173 0.320096
v -0.193769 -0.517178 0.321088
v -0.192757 -0.519064 0.321831
v -0.191191 -0.520647 0.322253
v -0.189224 -0.521770 0.322311
v -0.187050 -0.522325 0.322002
v -0.184880 -0.522258 0.321354
v -0.182927 -0.521573 0.320431
v -0.189677 -0.504092 0.330701
v -0.187991 -0.502745 0.329492
v -0.185858 -0.501998 0.328484
v -0.183489 -0.501924 0.327776
v -0.181115 -0.502530 0.327438
v -0.178967 -0.503757 0.327502
v -0.177257 -0.505484 0.327963
v -0.176152 -0.507544 0.328774
v -0.175761 -0.509733 0.329858
v -0.176120 -0.511838 0.331106
v -0.177196 -0.513653 0.332399
v -0.178882 -0.515000 0.333608
v -0.181014 -0.515747 0.334615
v -0.183384 -0.515821 0.335323
v -0.185758 -0.515215 0.335661
v -0.187906 -0.513988 0.335597
v -0.189615 -0.512260 0.335137
v -0.190720 -0.510201 0.334325
v -0.191112 -0.508011 0.333242
v -0.190753 -0.505906 0.331993
v -0.145512 -0.563511 0.272985
v -0.145858 -0.564652 0.274911
v -0.145944 -0.565193 0.277110
v -0.145762 -0.565080 0.279365
v -0.145329 -0.564324 0.281457
v -0.144688 -0.563000 0.283180
v -0.143901 -0.561237 0.284366
v -0.143046 -0.559207 0.284898
v -0.142207 -0.557110 0.284725
v -0.141464 -0.555150 0.283864
v -0.140892 -0.553520 0.282398
v -0.140546 -0.552379 0.280472
v -0.140460 -0.551838 0.278273
v -0.140643 -0.551951 0.276018
v -0.141076 -0.552707 0.273926
v -0.141717 -0.554031 0.272203
v -0.142504 -0.555794 0.271017
v -0.143358 -0.557824 0.270485
v -0.144198 -0.559921 0.270658
v -0.144940 -0.561881 0.271519
v -0.146404 -0.565440 0.271168
v -0.146884 -0.567021 0.273838
v -0.147003 -0.567771 0.276885
v -0.146750 -0.567614 0.280012
v -0.146150 -0.566567 0.282911
v -0.145261 -0.564731 0.285299
v -0.144171 -0.562288 0.286943
v -0.142986 -0.559475 0.287681
v -0.141822 -0.556568 0.287441
v -0.140793 -0.553851 0.286247
v -0.140000 -0.551592 0.284215
v -0.139521 -0.550010 0.281545
v -0.139402 -0.549260 0.278498
v -0.139655 -0.549417 0.275371
v -0.140255 -0.550464 0.272472
v -0.141144 -0.552299 0.270084
v -0.142234 -0.554743 0.268440
v -0.143419 -0.557557 0.267702
v -0.144583 -0.560463 0.267942
v -0.145611 -0.563180 0.269136
v -0.161093 -0.559485 0.272057
v -0.161572 -0.561067 0.274728
v -0.161691 -0.561817 0.277775
v -0.161438 -0.561660 0.280901
v -0.160838 -0.560613 0.283801
v -0.159950 -0.558777 0.286189
v -0.158859 -0.556334 0.287833
v -0.157674 -0.553520 0.288571
v -0.156510 -0.550613 0.288331
v -0.155482 -0.547897 0.287137
v -0.154689 -0.545637 0.285105
v -0.154209 -0.544055 0.282435
v -0.154090 -0.543306 0.279387
v -0.154343 -0.543463 0.276261
v -0.154943 -0.544510 0.273362
v -0.155832 -0.546345 0.270974
v -0.156922 -0.548789 0.269330
v -0.158107 -0.551602 0.268592
v -0.159271 -0.554509 0.268832
v -0.160300 -0.557226 0.270026
v -0.160201 -0.557557 0.273875
v -0.160547 -0.558698 0.275801
v -0.160633 -0.559239 0.278000
v -0.160450 -0.559126 0.280255
v -0.160017 -0.558370 0.282347
v -0.159376 -0.557046 0.284070
v -0.158590 -0.555283 0.285256
v -0.157735 -0.553253 0.285788
v -0.156895 -0.551156 0.285615
v -0.156153 -0.549196 0.284754
v -0.155581 -0.547566 0.283288
v -0.155235 -0.546425 0.281361
v -0.155149 -0.545884 0.279163
v -0.155331 -0.545997 0.276907
v -0.155764 -0.546753 0.274816
v -0.156405 -0.548077 0.273093
v -0.157192 -0.549840 0.271907
v -0.158047 -0.551870 0.271374
v -0.158887 -0.553967 0.271547
v -0.159629 -0.555927 0.272409
v -0.155678 -0.546408 0.270964
v -0.154789 -0.544572 0.273353
v -0.154189 -0.543525 0.276252
v -0.153936 -0.543368 0.279378
v -0.154056 -0.544118 0.282426
v -0.154535 -0.545700 0.285096
v -0.155328 -0.547960 0.287127
v -0.156357 -0.550676 0.288322
v -0.157521 -0.553583 0.288561
v -0.158706 -0.556396 0.287823
v -0.159796 -0.558840 0.286180
v -0.160684 -0.560675 0.283791
v -0.161285 -0.561722 0.280892
v -0.161538 -0.561879 0.277766
v -0.161418 -0.561130 0.274718
v -0.160939 -0.559548 0.272048
v -0.160146 -0.557288 0.270016
v -0.159117 -0.554572 0.268822
v -0.157953 -0.551665 0.268583
v -0.156768 -0.548852 0.269321
v -0.141300 -0.552236 0.270093
v -0.140411 -0.550401 0.272482
v -0.139811 -0.549353 0.275381
v -0.139558 -0.549197 0.278507
v -0.139677 -0.549946 0.281555
v -0.140157 -0.551528 0.284225
v -0.140950 -0.553788 0.286256
v -0.141978 -0.556504 0.287451
v -0.143142 -0.559411 0.287690
v -0.144327 -0.562224 0.286952
v -0.145417 -0.564668 0.285309
v -0.146306 -0.566504 0.282920
v -0.146906 -0.567551 0.280021
v -0.147159 -0.567707 0.276895
v -0.147040 -0.566958 0.273847
v -0.146561 -0.565376 0.271177
v -0.145768 -0.563116 0.269145
v -0.144739 -0.560400 0.267951
v -0.143575 -0.557493 0.267711
v -0.142390 -0.554680 0.268450
v -0.149437 -0.548938 0.270586
v -0.148548 -0.547102 0.272974
v -0.147948 -0.546055 0.275874
v -0.147695 -0.545898 0.279000
v -0.147814 -0.546648 0.282047
v -0.148294 -0.548230 0.284718
v -0.149087 -0.550489 0.286749
v -0.150116 -0.553206 0.287943
v -0.151279 -0.556113 0.288183
v -0.152464 -0.558926 0.287445
v -0.153555 -0.561370 0.285802
v -0.154443 -0.563205 0.283413
v -0.155043 -0.564252 0.280514
v -0.155296 -0.564409 0.277388
v -0.155177 -0.563660 0.274340
v -0.154698 -0.562078 0.271670
v -0.153905 -0.559818 0.269638
v -0.152876 -0.557102 0.268444
v -0.151712 -0.554195 0.268204
v -0.150527 -0.551382 0.268942
v -0.154124 -0.547038 0.270870
v -0.153235 -0.545202 0.273258
v -0.152635 -0.544155 0.276158
v -0.152382 -0.543999 0.279284
v -0.152501 -0.544748 0.282331
v -0.152981 -0.546330 0.285002
v -0.153774 -0.548590 0.287033
v -0.154802 -0.551306 0.288227
v -0.155966 -0.554213 0.288467
v -0.157151 -0.557026 0.287729
v -0.158241 -0.559470 0.286086
v -0.159130 -0.561305 0.283697
v -0.159730 -0.562352 0.280798
v -0.159983 -0.562509 0.277672
v -0.159864 -0.561760 0.274624
v -0.159385 -0.560178 0.271954
v -0.158592 -0.557918 0.269922
v -0.157563 -0.555202 0.268728
v -0.156399 -0.552295 0.268488
v -0.155214 -0.549482 0.269226
v -0.154960 -0.544555 0.273391
v -0.154363 -0.543513 0.276274
v -0.154111 -0.543357 0.279383
v -0.154230 -0.544103 0.282414
v -0.154707 -0.545676 0.285069
v -0.155495 -0.547923 0.287089
v -0.156518 -0.550624 0.288277
v -0.157676 -0.553515 0.288515
v -0.158854 -0.556313 0.287781
v -0.159938 -0.558743 0.286147
v -0.160822 -0.560568 0.283772
v -0.161419 -0.561610 0.280889
v -0.161670 -0.561765 0.277780
v -0.161552 -0.561020 0.274749
v -0.161075 -0.559447 0.272094
v -0.160286 -0.557200 0.270073
v -0.159263 -0.554499 0.268886
v -0.158106 -0.551608 0.268647
v -0.156927 -0.548810 0.269381
v -0.155843 -0.546380 0.271016
v -0.139542 -0.550057 0.281523
v -0.140018 -0.551630 0.284179
v -0.140807 -0.553877 0.286199
v -0.141830 -0.556578 0.287387
v -0.142987 -0.559469 0.287625
v -0.144166 -0.562267 0.286891
v -0.145250 -0.564697 0.285257
v -0.146133 -0.566522 0.282882
v -0.146730 -0.567563 0.279999
v -0.146982 -0.567719 0.276890
v -0.146863 -0.566974 0.273859
v -0.146386 -0.565401 0.271204
v -0.145598 -0.563154 0.269184
v -0.144575 -0.560453 0.267996
v -0.143418 -0.557562 0.267758
v -0.142239 -0.554765 0.268492
v -0.141155 -0.552334 0.270126
v -0.140271 -0.550509 0.272501
v -0.139675 -0.549468 0.275384
v -0.139423 -0.549312 0.278493
v -0.139907 -0.550901 0.281141
v -0.140336 -0.552317 0.283532
v -0.141046 -0.554340 0.285351
v -0.141967 -0.556772 0.286420
v -0.143009 -0.559374 0.286634
v -0.144070 -0.561893 0.285974
v -0.145046 -0.564080 0.284502
v -0.145841 -0.565724 0.282364
v -0.146378 -0.566661 0.279769
v -0.146605 -0.566801 0.276970
v -0.146498 -0.566131 0.274241
v -0.146069 -0.564714 0.271851
v -0.145359 -0.562691 0.270032
v -0.144438 -0.560259 0.268963
v -0.143396 -0.557657 0.268748
v -0.142335 -0.555139 0.269409
v -0.141359 -0.552951 0.270881
v -0.140564 -0.551307 0.273019
v -0.140026 -0.550370 0.275614
v -0.139800 -0.550230 0.278413
v -0.156682 -0.551242 0.285602
v -0.155940 -0.549283 0.284741
v -0.155368 -0.547652 0.283275
v -0.155022 -0.546511 0.281349
v -0.154936 -0.545970 0.279150
v -0.155119 -0.546083 0.276894
v -0.155552 -0.546839 0.274803
v -0.156193 -0.548163 0.273080
v -0.156979 -0.549926 0.271894
v -0.157834 -0.551956 0.271361
v -0.158674 -0.554053 0.271534
v -0.159416 -0.556013 0.272396
v -0.159988 -0.557643 0.273862
v -0.160334 -0.558784 0.275788
v -0.160420 -0.559325 0.277987
v -0.160238 -0.559212 0.280242
v -0.159805 -0.558456 0.282334
v -0.159163 -0.557132 0.284057
v -0.158377 -0.555369 0.285243
v -0.157522 -0.553340 0.285775
v -0.142778 -0.556879 0.284760
v -0.142036 -0.554919 0.283898
v -0.141464 -0.553289 0.282433
v -0.141118 -0.552147 0.280506
v -0.141032 -0.551607 0.278308
v -0.141214 -0.551720 0.276052
v -0.141647 -0.552475 0.273960
v -0.142288 -0.553799 0.272237
v -0.143075 -0.555562 0.271052
v -0.143930 -0.557592 0.270519
v -0.144770 -0.559689 0.270692
v -0.145512 -0.561649 0.271554
v -0.146084 -0.563279 0.273019
v -0.146430 -0.564421 0.274946
v -0.146516 -0.564961 0.277144
v -0.146333 -0.564848 0.279400
v -0.145900 -0.564093 0.281492
v -0.145259 -0.562768 0.283215
v -0.144473 -0.561005 0.284401
v -0.143618 -0.558976 0.284933
v -0.158978 -0.554096 0.270901
v -0.158061 -0.551806 0.270712
v -0.157128 -0.549590 0.271294
v -0.156269 -0.547665 0.272588
v -0.155569 -0.546219 0.274470
v -0.155096 -0.545394 0.276754
v -0.154897 -0.545271 0.279216
v -0.154991 -0.545861 0.281617
v -0.155368 -0.547107 0.283720
v -0.155993 -0.548887 0.285321
v -0.156803 -0.551027 0.286261
v -0.157720 -0.553317 0.286450
v -0.158654 -0.555533 0.285869
v -0.159513 -0.557458 0.284574
v -0.160213 -0.558904 0.282693
v -0.160685 -0.559729 0.280409
v -0.160885 -0.559852 0.277946
v -0.160791 -0.559262 0.275546
v -0.160413 -0.558016 0.273442
v -0.159788 -0.556236 0.271842
v -0.219139 -0.563599 0.231270
v -0.218780 -0.565604 0.232262
v -0.217768 -0.567490 0.233005
v -0.216202 -0.569072 0.233427
v -0.214235 -0.570196 0.233486
v -0.212060 -0.570751 0.233176
v -0.209890 -0.570683 0.232528
v -0.207938 -0.569999 0.231605
v -0.206393 -0.568766 0.230498
v -0.205408 -0.567104 0.229315
v -0.205079 -0.565176 0.228171
v -0.205438 -0.563170 0.227179
v -0.206450 -0.561284 0.226435
v -0.208016 -0.559702 0.226014
v -0.209982 -0.558579 0.225955
v -0.212157 -0.558024 0.226265
v -0.214327 -0.558091 0.226913
v -0.216280 -0.558776 0.227835
v -0.217824 -0.560009 0.228943
v -0.218809 -0.561671 0.230126
v -0.221853 -0.563295 0.231868
v -0.221355 -0.566074 0.233244
v -0.219953 -0.568688 0.234274
v -0.217782 -0.570881 0.234858
v -0.215056 -0.572439 0.234940
v -0.212042 -0.573208 0.234511
v -0.209034 -0.573114 0.233612
v -0.206327 -0.572166 0.232333
v -0.204186 -0.570456 0.230798
v -0.202821 -0.568152 0.229158
v -0.202365 -0.565480 0.227572
v -0.202862 -0.562701 0.226197
v -0.204265 -0.560087 0.225167
v -0.206435 -0.557893 0.224583
v -0.209161 -0.556336 0.224501
v -0.212176 -0.555567 0.224930
v -0.215183 -0.555661 0.225829
v -0.217890 -0.556609 0.227108
v -0.220031 -0.558319 0.228643
v -0.221397 -0.560622 0.230283
v -0.218043 -0.555918 0.245399
v -0.217545 -0.558698 0.246774
v -0.216143 -0.561312 0.247804
v -0.213972 -0.563505 0.248388
v -0.211246 -0.565062 0.248470
v -0.208232 -0.565832 0.248041
v -0.205224 -0.565738 0.247142
v -0.202517 -0.564789 0.245863
v -0.200377 -0.563080 0.244328
v -0.199011 -0.560776 0.242688
v -0.198555 -0.558104 0.241103
v -0.199052 -0.555324 0.239728
v -0.200455 -0.552710 0.238697
v -0.202626 -0.550517 0.238113
v -0.205351 -0.548960 0.238031
v -0.208366 -0.548190 0.238461
v -0.211374 -0.548284 0.239359
v -0.214080 -0.549233 0.240638
v -0.216221 -0.550942 0.242173
v -0.217587 -0.553246 0.243813
v -0.215329 -0.556223 0.244800
v -0.214970 -0.558228 0.245792
v -0.213958 -0.560114 0.246536
v -0.212392 -0.561696 0.246957
v -0.210425 -0.562820 0.247016
v -0.208251 -0.563375 0.246706
v -0.206081 -0.563307 0.246058
v -0.204128 -0.562623 0.245136
v -0.202583 -0.561389 0.244028
v -0.201598 -0.559727 0.242845
v -0.201269 -0.557799 0.241701
v -0.201628 -0.555794 0.240709
v -0.202640 -0.553908 0.239966
v -0.204206 -0.552326 0.239544
v -0.206172 -0.551202 0.239485
v -0.208347 -0.550647 0.239795
v -0.210517 -0.550715 0.240443
v -0.212470 -0.551399 0.241366
v -0.214015 -0.552633 0.242473
v -0.215000 -0.554295 0.243657
v -0.208406 -0.548267 0.238319
v -0.205391 -0.549037 0.237890
v -0.202666 -0.550594 0.237971
v -0.200495 -0.552787 0.238556
v -0.199092 -0.555402 0.239586
v -0.198595 -0.558181 0.240961
v -0.199051 -0.560853 0.242546
v -0.200416 -0.563157 0.244187
v -0.202557 -0.564866 0.245722
v -0.205264 -0.565815 0.247001
v -0.208272 -0.565909 0.247899
v -0.211286 -0.565140 0.248328
v -0.214012 -0.563582 0.248247
v -0.216183 -0.561389 0.247662
v -0.217585 -0.558775 0.246632
v -0.218083 -0.555996 0.245257
v -0.217627 -0.553323 0.243672
v -0.216261 -0.551019 0.242031
v -0.214120 -0.549310 0.240496
v -0.211414 -0.548361 0.239217
v -0.212135 -0.555488 0.225074
v -0.209121 -0.556257 0.224645
v -0.206395 -0.557815 0.224727
v -0.204224 -0.560008 0.225311
v -0.202822 -0.562622 0.226341
v -0.202324 -0.565401 0.227716
v -0.202780 -0.568074 0.229302
v -0.204146 -0.570378 0.230942
v -0.206287 -0.572087 0.232477
v -0.208994 -0.573036 0.233756
v -0.212001 -0.573130 0.234654
v -0.215016 -0.572360 0.235084
v -0.217742 -0.570803 0.235002
v -0.219912 -0.568610 0.234418
v -0.221315 -0.565995 0.233387
v -0.221812 -0.563216 0.232012
v -0.221356 -0.560544 0.230427
v -0.219991 -0.558240 0.228787
v -0.217850 -0.556530 0.227252
v -0.215143 -0.555582 0.225972
v -0.210025 -0.551402 0.232570
v -0.207010 -0.552171 0.232140
v -0.204284 -0.553729 0.232222
v -0.202114 -0.555922 0.232807
v -0.200711 -0.558536 0.233837
v -0.200214 -0.561315 0.235212
v -0.200670 -0.563987 0.236797
v -0.202035 -0.566291 0.238438
v -0.204176 -0.568001 0.239973
v -0.206883 -0.568949 0.241252
v -0.209891 -0.569043 0.242150
v -0.212905 -0.568274 0.242579
v -0.215631 -0.566716 0.242498
v -0.217801 -0.564523 0.241913
v -0.219204 -0.561909 0.240883
v -0.219702 -0.559130 0.239508
v -0.219245 -0.556458 0.237923
v -0.217880 -0.554154 0.236282
v -0.215739 -0.552444 0.234747
v -0.213032 -0.551496 0.233468
v -0.208809 -0.549048 0.236887
v -0.205794 -0.549817 0.236458
v -0.203069 -0.551375 0.236539
v -0.200898 -0.553568 0.237124
v -0.199495 -0.556182 0.238154
v -0.198998 -0.558961 0.239529
v -0.199454 -0.561634 0.241115
v -0.200820 -0.563937 0.242755
v -0.202960 -0.565647 0.244290
v -0.205667 -0.566595 0.245569
v -0.208675 -0.566689 0.246467
v -0.211690 -0.565920 0.246897
v -0.214415 -0.564363 0.246815
v -0.216586 -0.562169 0.246231
v -0.217989 -0.559555 0.245200
v -0.218486 -0.556776 0.243825
v -0.218030 -0.554104 0.242240
v -0.216664 -0.551800 0.240599
v -0.214524 -0.550090 0.239065
v -0.211817 -0.549142 0.237785
v -0.205368 -0.549004 0.238060
v -0.202657 -0.550553 0.238141
v -0.200499 -0.552734 0.238723
v -0.199104 -0.555334 0.239747
v -0.198609 -0.558097 0.241114
v -0.199063 -0.560755 0.242691
v -0.200420 -0.563046 0.244322
v -0.202549 -0.564746 0.245849
v -0.205241 -0.565689 0.247121
v -0.208233 -0.565783 0.248014
v -0.211230 -0.565018 0.248441
v -0.213941 -0.563469 0.248360
v -0.216099 -0.561288 0.247779
v -0.217494 -0.558688 0.246754
v -0.217989 -0.555924 0.245387
v -0.217535 -0.553267 0.243810
v -0.216178 -0.550976 0.242179
v -0.214048 -0.549276 0.240652
v -0.211357 -0.548333 0.239380
v -0.208365 -0.548239 0.238487
v -0.202914 -0.562710 0.226217
v -0.202419 -0.565474 0.227584
v -0.202873 -0.568131 0.229161
v -0.204231 -0.570422 0.230792
v -0.206360 -0.572122 0.232319
v -0.209051 -0.573065 0.233591
v -0.212042 -0.573159 0.234484
v -0.215040 -0.572394 0.234911
v -0.217750 -0.570845 0.234830
v -0.219909 -0.568664 0.234248
v -0.221303 -0.566064 0.233224
v -0.221798 -0.563301 0.231856
v -0.221345 -0.560643 0.230280
v -0.219987 -0.558353 0.228649
v -0.217858 -0.556652 0.227122
v -0.215166 -0.555709 0.225850
v -0.212175 -0.555616 0.224957
v -0.209178 -0.556381 0.224530
v -0.206467 -0.557930 0.224611
v -0.204309 -0.560111 0.225193
v -0.203831 -0.562877 0.226566
v -0.203385 -0.565365 0.227797
v -0.203794 -0.567758 0.229217
v -0.205016 -0.569820 0.230685
v -0.206933 -0.571351 0.232059
v -0.209356 -0.572200 0.233205
v -0.212049 -0.572284 0.234009
v -0.214747 -0.571595 0.234393
v -0.217188 -0.570201 0.234320
v -0.219131 -0.568238 0.233797
v -0.220387 -0.565897 0.232874
v -0.220832 -0.563409 0.231643
v -0.220424 -0.561017 0.230224
v -0.219201 -0.558954 0.228756
v -0.217285 -0.557424 0.227381
v -0.214861 -0.556575 0.226236
v -0.212169 -0.556491 0.225432
v -0.209470 -0.557179 0.225048
v -0.207030 -0.558574 0.225121
v -0.205086 -0.560537 0.225644
v -0.202638 -0.561496 0.243832
v -0.201653 -0.559834 0.242649
v -0.201324 -0.557906 0.241505
v -0.201683 -0.555901 0.240513
v -0.202695 -0.554015 0.239770
v -0.204261 -0.552433 0.239348
v -0.206228 -0.551309 0.239289
v -0.208402 -0.550754 0.239599
v -0.210572 -0.550822 0.240247
v -0.212525 -0.551506 0.241170
v -0.214070 -0.552739 0.242277
v -0.215055 -0.554401 0.243461
v -0.215384 -0.556329 0.244604
v -0.215025 -0.558335 0.245597
v -0.214013 -0.560221 0.246340
v -0.212447 -0.561803 0.246761
v -0.210481 -0.562926 0.246820
v -0.208306 -0.563482 0.246511
v -0.206136 -0.563414 0.245863
v -0.204183 -0.562729 0.244940
v -0.206245 -0.568479 0.231024
v -0.205260 -0.566817 0.229841
v -0.204931 -0.564889 0.228697
v -0.205290 -0.562884 0.227705
v -0.206302 -0.560998 0.226962
v -0.207867 -0.559415 0.226540
v -0.209834 -0.558292 0.226481
v -0.212009 -0.557737 0.226791
v -0.214179 -0.557804 0.227439
v -0.216132 -0.558489 0.228362
v -0.217676 -0.559722 0.229469
v -0.218661 -0.561384 0.230653
v -0.218990 -0.563312 0.231796
v -0.218631 -0.565317 0.232788
v -0.217620 -0.567203 0.233532
v -0.216054 -0.568785 0.233953
v -0.214087 -0.569909 0.234012
v -0.211912 -0.570464 0.233703
v -0.209742 -0.570396 0.233055
v -0.207789 -0.569712 0.232132
v -0.214540 -0.552230 0.242402
v -0.212853 -0.550884 0.241192
v -0.210721 -0.550137 0.240185
v -0.208352 -0.550062 0.239477
v -0.205977 -0.550668 0.239139
v -0.203830 -0.551895 0.239203
v -0.202120 -0.553623 0.239664
v -0.201015 -0.555682 0.240475
v -0.200623 -0.557872 0.241559
v -0.200983 -0.559977 0.242807
v -0.202058 -0.561791 0.244100
v -0.203745 -0.563138 0.245309
v -0.205877 -0.563885 0.246316
v -0.208246 -0.563959 0.247024
v -0.210621 -0.563353 0.247362
v -0.212768 -0.562126 0.247298
v -0.214478 -0.560399 0.246837
v -0.215583 -0.558340 0.246026
v -0.215975 -0.556150 0.244943
v -0.215615 -0.554045 0.243694
v -0.227086 -0.569036 0.299344
v -0.225999 -0.572115 0.295208
v -0.223446 -0.575244 0.291824
v -0.219676 -0.578117 0.289522
v -0.215058 -0.580452 0.288527
v -0.210045 -0.582021 0.288938
v -0.205126 -0.582670 0.290714
v -0.200784 -0.582336 0.293681
v -0.197444 -0.581052 0.297549
v -0.195432 -0.578943 0.301938
v -0.194946 -0.576215 0.306420
v -0.196033 -0.573136 0.310556
v -0.198586 -0.570007 0.313941
v -0.202356 -0.567135 0.316243
v -0.206974 -0.564800 0.317237
v -0.211988 -0.563231 0.316826
v -0.216906 -0.562581 0.315050
v -0.221248 -0.562915 0.312084
v -0.224588 -0.564200 0.308216
v -0.226600 -0.566309 0.303826
v -0.243156 -0.565447 0.295806
v -0.240983 -0.571605 0.287535
v -0.235876 -0.577862 0.280765
v -0.228336 -0.583608 0.276161
v -0.219100 -0.588278 0.274172
v -0.209073 -0.591416 0.274994
v -0.199236 -0.592714 0.278546
v -0.190553 -0.592047 0.284480
v -0.183872 -0.589478 0.292215
v -0.179849 -0.585260 0.300994
v -0.178876 -0.579805 0.309958
v -0.181050 -0.573647 0.318230
v -0.186156 -0.567389 0.324999
v -0.193697 -0.561644 0.329603
v -0.202932 -0.556974 0.331592
v -0.212959 -0.553836 0.330770
v -0.222796 -0.552537 0.327219
v -0.231479 -0.553205 0.321285
v -0.238160 -0.555773 0.313550
v -0.242183 -0.559992 0.304770
v -0.248324 -0.579564 0.304958
v -0.246151 -0.585722 0.296686
v -0.241044 -0.591980 0.289917
v -0.233504 -0.597725 0.285313
v -0.224268 -0.602395 0.283324
v -0.214241 -0.605533 0.284146
v -0.204405 -0.606832 0.287697
v -0.195721 -0.606164 0.293631
v -0.189040 -0.603595 0.301366
v -0.185017 -0.599377 0.310146
v -0.184044 -0.593922 0.319110
v -0.186218 -0.587764 0.327382
v -0.191325 -0.581506 0.334151
v -0.198865 -0.575761 0.338755
v -0.208100 -0.571091 0.340744
v -0.218127 -0.567953 0.339922
v -0.227964 -0.566654 0.336370
v -0.236648 -0.567322 0.330437
v -0.243328 -0.569891 0.322701
v -0.247352 -0.574109 0.313922
v -0.227592 -0.584195 0.309522
v -0.226821 -0.586381 0.306586
v -0.225008 -0.588602 0.304184
v -0.222332 -0.590641 0.302549
v -0.219054 -0.592298 0.301844
v -0.215495 -0.593412 0.302135
v -0.212003 -0.593873 0.303396
v -0.208921 -0.593636 0.305502
v -0.206550 -0.592725 0.308248
v -0.205122 -0.591227 0.311364
v -0.204776 -0.589291 0.314546
v -0.205548 -0.587105 0.317481
v -0.207361 -0.584884 0.319884
v -0.210037 -0.582845 0.321518
v -0.213315 -0.581187 0.322224
v -0.216874 -0.580074 0.321932
v -0.220365 -0.579613 0.320672
v -0.223448 -0.579850 0.318566
v -0.225819 -0.580761 0.315820
v -0.227247 -0.582259 0.312704
v -0.211016 -0.572626 0.302882
v -0.222187 -0.603140 0.322664
v -0.243260 -0.569705 0.322581
v -0.236580 -0.567137 0.330317
v -0.227896 -0.566469 0.336250
v -0.218059 -0.567768 0.339802
v -0.208033 -0.570906 0.340624
v -0.198797 -0.575576 0.338635
v -0.191257 -0.581321 0.334031
v -0.186150 -0.587579 0.327262
v -0.183977 -0.593737 0.318990
v -0.184949 -0.599192 0.310026
v -0.188973 -0.603410 0.301246
v -0.195653 -0.605979 0.293511
v -0.204337 -0.606647 0.287577
v -0.214173 -0.605348 0.284026
v -0.224200 -0.602210 0.283204
v -0.233436 -0.597540 0.285193
v -0.240976 -0.591795 0.289797
v -0.246083 -0.585537 0.296566
v -0.248256 -0.579379 0.304838
v -0.247284 -0.573924 0.313802
v -0.242436 -0.567453 0.321121
v -0.235755 -0.564885 0.328857
v -0.227072 -0.564217 0.334790
v -0.217235 -0.565516 0.338342
v -0.207208 -0.568654 0.339164
v -0.197973 -0.573324 0.337175
v -0.190432 -0.579069 0.332571
v -0.185326 -0.585327 0.325802
v -0.183152 -0.591485 0.317530
v -0.184125 -0.596940 0.308566
v -0.188148 -0.601158 0.299786
v -0.194829 -0.603727 0.292051
v -0.203512 -0.604394 0.286117
v -0.213349 -0.603096 0.282566
v -0.223376 -0.599958 0.281744
v -0.232612 -0.595288 0.283733
v -0.240152 -0.589542 0.288337
v -0.245259 -0.583285 0.295106
v -0.247432 -0.577127 0.303378
v -0.246459 -0.571672 0.312342
v -0.242939 -0.568828 0.322013
v -0.236259 -0.566260 0.329748
v -0.227575 -0.565592 0.335682
v -0.217738 -0.566891 0.339233
v -0.207712 -0.570029 0.340055
v -0.198476 -0.574699 0.338067
v -0.190936 -0.580444 0.333462
v -0.185829 -0.586702 0.326693
v -0.183655 -0.592860 0.318421
v -0.184628 -0.598315 0.309457
v -0.188652 -0.602533 0.300678
v -0.195332 -0.605102 0.292943
v -0.204016 -0.605770 0.287009
v -0.213852 -0.604471 0.283457
v -0.223879 -0.601333 0.282636
v -0.233115 -0.596663 0.284624
v -0.240655 -0.590918 0.289228
v -0.245762 -0.584660 0.295998
v -0.247935 -0.578502 0.304269
v -0.246963 -0.573047 0.313233
v -0.240804 -0.562995 0.318231
v -0.234123 -0.560426 0.325966
v -0.225440 -0.559759 0.331900
v -0.215603 -0.561057 0.335452
v -0.205576 -0.564195 0.336274
v -0.196340 -0.568866 0.334285
v -0.188800 -0.574611 0.329681
v -0.183693 -0.580868 0.322911
v -0.181520 -0.587026 0.314640
v -0.182493 -0.592481 0.305676
v -0.186516 -0.596700 0.296896
v -0.193197 -0.599268 0.289161
v -0.201880 -0.599936 0.283227
v -0.211717 -0.598637 0.279676
v -0.221744 -0.595499 0.278854
v -0.230979 -0.590829 0.280843
v -0.238520 -0.585084 0.285447
v -0.243626 -0.578826 0.292216
v -0.245800 -0.572669 0.300488
v -0.244827 -0.567213 0.309452
v -0.243142 -0.569383 0.322372
v -0.236462 -0.566814 0.330108
v -0.227778 -0.566146 0.336041
v -0.217941 -0.567445 0.339593
v -0.207915 -0.570583 0.340415
v -0.198679 -0.575253 0.338426
v -0.191139 -0.580999 0.333822
v -0.186032 -0.587256 0.327053
v -0.183858 -0.593414 0.318781
v -0.184831 -0.598869 0.309817
v -0.188855 -0.603088 0.301037
v -0.195535 -0.605656 0.293302
v -0.204219 -0.606324 0.287368
v -0.214055 -0.605025 0.283817
v -0.224082 -0.601887 0.282995
v -0.233318 -0.597217 0.284984
v -0.240858 -0.591472 0.289588
v -0.245965 -0.585214 0.296357
v -0.248138 -0.579056 0.304629
v -0.247166 -0.573601 0.313593
v -0.219918 -0.580375 0.319748
v -0.216800 -0.580787 0.320873
v -0.213622 -0.581782 0.321134
v -0.210695 -0.583262 0.320504
v -0.208305 -0.585083 0.319044
v -0.206686 -0.587067 0.316899
v -0.205997 -0.589018 0.314277
v -0.206305 -0.590747 0.311435
v -0.207581 -0.592085 0.308653
v -0.209698 -0.592899 0.306201
v -0.212451 -0.593110 0.304320
v -0.215568 -0.592699 0.303194
v -0.218747 -0.591704 0.302934
v -0.221674 -0.590224 0.303564
v -0.224064 -0.588403 0.305024
v -0.225683 -0.586419 0.307169
v -0.226371 -0.584467 0.309791
v -0.226063 -0.582738 0.312632
v -0.224788 -0.581401 0.315415
v -0.222670 -0.580587 0.317867
v -0.212180 -0.578990 0.326256
v -0.207605 -0.581303 0.325270
v -0.203870 -0.584149 0.322990
v -0.201340 -0.587249 0.319636
v -0.200263 -0.590299 0.315539
v -0.200745 -0.593001 0.311099
v -0.202738 -0.595091 0.306750
v -0.206048 -0.596363 0.302918
v -0.210349 -0.596694 0.299979
v -0.215222 -0.596051 0.298219
v -0.220189 -0.594496 0.297812
v -0.224764 -0.592183 0.298797
v -0.228499 -0.589337 0.301078
v -0.231028 -0.586237 0.304431
v -0.232105 -0.583187 0.308529
v -0.231623 -0.580485 0.312969
v -0.229630 -0.578395 0.317318
v -0.226321 -0.577123 0.321150
v -0.222019 -0.576792 0.324089
v -0.217147 -0.577435 0.325848
v 0.520989 -0.310941 0.227786
v 0.523035 -0.311075 0.228749
v 0.525081 -0.310520 0.229548
v 0.526927 -0.309330 0.230104
v 0.528392 -0.307621 0.230362
v 0.529333 -0.305561 0.230297
v 0.529658 -0.303351 0.229917
v 0.529334 -0.301208 0.229257
v 0.528394 -0.299341 0.228382
v 0.526929 -0.297934 0.227379
v 0.525083 -0.297123 0.226345
v 0.523037 -0.296988 0.225381
v 0.520991 -0.297543 0.224583
v 0.519145 -0.298734 0.224027
v 0.517679 -0.300442 0.223769
v 0.516739 -0.302503 0.223833
v 0.516414 -0.304712 0.224214
v 0.516738 -0.306855 0.224874
v 0.517678 -0.308722 0.225748
v 0.519143 -0.310130 0.226752
v 0.520198 -0.313608 0.228064
v 0.523034 -0.313794 0.229399
v 0.525871 -0.313025 0.230506
v 0.528430 -0.311375 0.231277
v 0.530461 -0.309007 0.231635
v 0.531765 -0.306151 0.231545
v 0.532215 -0.303088 0.231017
v 0.531766 -0.300118 0.230103
v 0.530463 -0.297530 0.228891
v 0.528432 -0.295579 0.227500
v 0.525874 -0.294455 0.226067
v 0.523038 -0.294269 0.224731
v 0.520201 -0.295039 0.223624
v 0.517642 -0.296688 0.222854
v 0.515611 -0.299057 0.222496
v 0.514307 -0.301912 0.222585
v 0.513857 -0.304975 0.223113
v 0.514306 -0.307946 0.224028
v 0.515609 -0.310533 0.225240
v 0.517640 -0.312484 0.226631
v 0.513772 -0.310231 0.242181
v 0.516608 -0.310418 0.243517
v 0.519445 -0.309648 0.244624
v 0.522004 -0.307999 0.245394
v 0.524035 -0.305630 0.245752
v 0.525339 -0.302775 0.245663
v 0.525789 -0.299712 0.245135
v 0.525340 -0.296741 0.244220
v 0.524037 -0.294154 0.243008
v 0.522006 -0.292203 0.241617
v 0.519448 -0.291079 0.240184
v 0.516612 -0.290893 0.238848
v 0.513775 -0.291662 0.237741
v 0.511217 -0.293312 0.236971
v 0.509186 -0.295680 0.236613
v 0.507881 -0.298536 0.236702
v 0.507432 -0.301599 0.237230
v 0.507880 -0.304569 0.238145
v 0.509184 -0.307157 0.239357
v 0.511214 -0.309108 0.240748
v 0.514563 -0.307564 0.241903
v 0.516609 -0.307698 0.242867
v 0.518655 -0.307143 0.243665
v 0.520501 -0.305953 0.244221
v 0.521967 -0.304244 0.244479
v 0.522908 -0.302184 0.244415
v 0.523232 -0.299975 0.244034
v 0.522908 -0.297831 0.243374
v 0.521968 -0.295965 0.242499
v 0.520503 -0.294557 0.241496
v 0.518658 -0.293746 0.240462
v 0.516611 -0.293612 0.239499
v 0.514565 -0.294167 0.238700
v 0.512719 -0.295357 0.238144
v 0.511254 -0.297066 0.237886
v 0.510313 -0.299126 0.237950
v 0.509988 -0.301336 0.238331
v 0.510312 -0.303479 0.238991
v 0.511252 -0.305346 0.239866
v 0.512717 -0.306753 0.240869
v 0.507949 -0.298571 0.236555
v 0.509253 -0.295716 0.236465
v 0.511284 -0.293347 0.236823
v 0.513843 -0.291697 0.237594
v 0.516679 -0.290928 0.238701
v 0.519515 -0.291114 0.240036
v 0.522074 -0.292238 0.241469
v 0.524104 -0.294189 0.242860
v 0.525407 -0.296777 0.244072
v 0.525856 -0.299747 0.244987
v 0.525406 -0.302810 0.245515
v 0.524102 -0.305666 0.245604
v 0.522071 -0.308034 0.245246
v 0.519512 -0.309684 0.244476
v 0.516676 -0.310453 0.243369
v 0.513840 -0.310267 0.242033
v 0.511281 -0.309143 0.240600
v 0.509251 -0.307192 0.239209
v 0.507948 -0.304605 0.237997
v 0.507499 -0.301634 0.237083
v 0.514239 -0.301876 0.222735
v 0.515543 -0.299021 0.222646
v 0.517574 -0.296652 0.223004
v 0.520133 -0.295003 0.223774
v 0.522969 -0.294233 0.224881
v 0.525805 -0.294420 0.226217
v 0.528364 -0.295543 0.227650
v 0.530394 -0.297494 0.229041
v 0.531697 -0.300082 0.230253
v 0.532146 -0.303052 0.231168
v 0.531696 -0.306115 0.231695
v 0.530392 -0.308971 0.231785
v 0.528361 -0.311339 0.231427
v 0.525802 -0.312989 0.230657
v 0.522966 -0.313758 0.229550
v 0.520130 -0.313572 0.228214
v 0.517571 -0.312448 0.226781
v 0.515541 -0.310497 0.225390
v 0.514238 -0.307910 0.224178
v 0.513789 -0.304939 0.223263
v 0.510679 -0.300006 0.230556
v 0.511983 -0.297150 0.230467
v 0.514014 -0.294782 0.230825
v 0.516573 -0.293132 0.231595
v 0.519410 -0.292363 0.232702
v 0.522246 -0.292549 0.234038
v 0.524804 -0.293673 0.235471
v 0.526834 -0.295624 0.236862
v 0.528138 -0.298211 0.238074
v 0.528586 -0.301182 0.238988
v 0.528137 -0.304245 0.239516
v 0.526832 -0.307100 0.239606
v 0.524801 -0.309469 0.239248
v 0.522243 -0.311118 0.238477
v 0.519406 -0.311888 0.237370
v 0.516570 -0.311701 0.236035
v 0.514012 -0.310578 0.234602
v 0.511981 -0.308627 0.233211
v 0.510678 -0.306039 0.231999
v 0.510229 -0.303069 0.231084
v 0.508629 -0.298928 0.235061
v 0.509933 -0.296073 0.234971
v 0.511964 -0.293704 0.235329
v 0.514523 -0.292055 0.236100
v 0.517359 -0.291285 0.237207
v 0.520195 -0.291472 0.238542
v 0.522754 -0.292595 0.239976
v 0.524784 -0.294546 0.241366
v 0.526087 -0.297134 0.242578
v 0.526536 -0.300104 0.243493
v 0.526086 -0.303167 0.244021
v 0.524782 -0.306023 0.244110
v 0.522751 -0.308391 0.243752
v 0.520192 -0.310041 0.242982
v 0.517356 -0.310810 0.241875
v 0.514519 -0.310624 0.240540
v 0.511961 -0.309500 0.239106
v 0.509931 -0.307549 0.237715
v 0.508628 -0.304962 0.236503
v 0.508179 -0.301991 0.235589
v 0.509227 -0.295708 0.236638
v 0.511246 -0.293352 0.236994
v 0.513791 -0.291712 0.237760
v 0.516612 -0.290947 0.238861
v 0.519432 -0.291132 0.240189
v 0.521977 -0.292249 0.241615
v 0.523996 -0.294190 0.242998
v 0.525292 -0.296763 0.244203
v 0.525738 -0.299717 0.245113
v 0.525291 -0.302763 0.245638
v 0.523994 -0.305603 0.245727
v 0.521974 -0.307958 0.245371
v 0.519429 -0.309599 0.244605
v 0.516609 -0.310364 0.243504
v 0.513788 -0.310178 0.242176
v 0.511244 -0.309061 0.240750
v 0.509225 -0.307121 0.239367
v 0.507929 -0.304548 0.238162
v 0.507482 -0.301593 0.237252
v 0.507930 -0.298547 0.236727
v 0.523038 -0.294324 0.224744
v 0.525858 -0.294509 0.226072
v 0.528402 -0.295626 0.227497
v 0.530421 -0.297567 0.228880
v 0.531717 -0.300140 0.230086
v 0.532163 -0.303094 0.230995
v 0.531716 -0.306139 0.231520
v 0.530419 -0.308979 0.231609
v 0.528399 -0.311334 0.231253
v 0.525855 -0.312975 0.230487
v 0.523034 -0.313740 0.229386
v 0.520214 -0.313554 0.228058
v 0.517670 -0.312437 0.226633
v 0.515651 -0.310497 0.225250
v 0.514355 -0.307924 0.224045
v 0.513909 -0.304970 0.223135
v 0.514356 -0.301924 0.222610
v 0.515653 -0.299084 0.222521
v 0.517673 -0.296729 0.222877
v 0.520217 -0.295089 0.223643
v 0.523037 -0.295292 0.224976
v 0.525577 -0.295459 0.226171
v 0.527867 -0.296465 0.227454
v 0.529685 -0.298211 0.228699
v 0.530851 -0.300528 0.229785
v 0.531253 -0.303187 0.230603
v 0.530850 -0.305929 0.231076
v 0.529683 -0.308486 0.231156
v 0.527865 -0.310606 0.230836
v 0.525574 -0.312083 0.230146
v 0.523034 -0.312772 0.229155
v 0.520495 -0.312605 0.227959
v 0.518205 -0.311599 0.226676
v 0.516387 -0.309852 0.225431
v 0.515221 -0.307536 0.224346
v 0.514819 -0.304876 0.223527
v 0.515222 -0.302134 0.223054
v 0.516389 -0.299578 0.222974
v 0.518207 -0.297457 0.223295
v 0.520498 -0.295981 0.223984
v 0.522061 -0.296014 0.242295
v 0.520596 -0.294606 0.241292
v 0.518751 -0.293795 0.240258
v 0.516704 -0.293661 0.239294
v 0.514658 -0.294216 0.238495
v 0.512812 -0.295406 0.237940
v 0.511347 -0.297115 0.237682
v 0.510406 -0.299175 0.237746
v 0.510081 -0.301385 0.238127
v 0.510405 -0.303528 0.238787
v 0.511345 -0.305395 0.239661
v 0.512810 -0.306802 0.240665
v 0.514656 -0.307613 0.241699
v 0.516702 -0.307747 0.242662
v 0.518748 -0.307192 0.243461
v 0.520594 -0.306002 0.244017
v 0.522060 -0.304293 0.244275
v 0.523001 -0.302233 0.244210
v 0.523325 -0.300023 0.243830
v 0.523001 -0.297880 0.243170
v 0.528144 -0.299210 0.228931
v 0.526679 -0.297802 0.227928
v 0.524833 -0.296992 0.226894
v 0.522787 -0.296857 0.225930
v 0.520741 -0.297412 0.225132
v 0.518895 -0.298602 0.224576
v 0.517430 -0.300311 0.224318
v 0.516489 -0.302371 0.224382
v 0.516164 -0.304581 0.224763
v 0.516488 -0.306724 0.225423
v 0.517428 -0.308591 0.226297
v 0.518893 -0.309999 0.227301
v 0.520739 -0.310809 0.228335
v 0.522785 -0.310944 0.229298
v 0.524831 -0.310389 0.230097
v 0.526677 -0.309198 0.230653
v 0.528143 -0.307490 0.230911
v 0.529083 -0.305430 0.230847
v 0.529408 -0.303220 0.230466
v 0.529084 -0.301077 0.229806
v 0.510760 -0.305777 0.239745
v 0.509733 -0.303738 0.238790
v 0.509380 -0.301398 0.238069
v 0.509734 -0.298986 0.237653
v 0.510761 -0.296736 0.237583
v 0.512361 -0.294870 0.237865
v 0.514377 -0.293571 0.238472
v 0.516611 -0.292965 0.239344
v 0.518846 -0.293112 0.240396
v 0.520861 -0.293997 0.241525
v 0.522460 -0.295534 0.242620
v 0.523487 -0.297572 0.243575
v 0.523840 -0.299912 0.244296
v 0.523486 -0.302325 0.244712
v 0.522459 -0.304574 0.244782
v 0.520859 -0.306440 0.244500
v 0.518843 -0.307740 0.243893
v 0.516609 -0.308346 0.243021
v 0.514375 -0.308199 0.241969
v 0.512359 -0.307314 0.240840
v 0.438753 -0.307037 0.238227
v 0.448175 -0.304034 0.226188
v 0.458557 -0.297100 0.216868
v 0.468883 -0.286915 0.211179
v 0.478142 -0.274476 0.209678
v 0.485428 -0.261000 0.212511
v 0.490027 -0.247806 0.219403
v 0.491490 -0.236186 0.229677
v 0.489674 -0.227277 0.242328
v 0.484755 -0.221952 0.256119
v 0.477216 -0.220731 0.269698
v 0.467794 -0.223735 0.281737
v 0.457412 -0.230668 0.291057
v 0.447086 -0.240853 0.296746
v 0.437827 -0.253292 0.298247
v 0.430541 -0.266769 0.295413
v 0.425941 -0.279962 0.288522
v 0.424478 -0.291582 0.278248
v 0.426295 -0.300491 0.265596
v 0.431214 -0.305816 0.251806
v 0.426553 -0.334412 0.228245
v 0.441952 -0.329503 0.208569
v 0.458920 -0.318172 0.193336
v 0.475796 -0.301525 0.184038
v 0.490929 -0.281195 0.181585
v 0.502837 -0.259170 0.186216
v 0.510354 -0.237606 0.197479
v 0.512746 -0.218615 0.214271
v 0.509777 -0.204054 0.234948
v 0.501737 -0.195351 0.257486
v 0.489416 -0.193356 0.279680
v 0.474017 -0.198265 0.299356
v 0.457049 -0.209597 0.314588
v 0.440172 -0.226243 0.323887
v 0.425040 -0.246573 0.326340
v 0.413132 -0.268598 0.321709
v 0.405614 -0.290162 0.310445
v 0.403223 -0.309153 0.293654
v 0.406192 -0.323714 0.272976
v 0.414231 -0.332417 0.250438
v 0.435808 -0.340614 0.233941
v 0.451207 -0.335705 0.214265
v 0.468175 -0.324373 0.199032
v 0.485051 -0.307727 0.189734
v 0.500184 -0.287397 0.187281
v 0.512092 -0.265372 0.191912
v 0.519610 -0.243808 0.203175
v 0.522001 -0.224817 0.219967
v 0.519032 -0.210256 0.240644
v 0.510993 -0.201553 0.263182
v 0.498671 -0.199558 0.285376
v 0.483272 -0.204467 0.305052
v 0.466304 -0.215798 0.320284
v 0.449428 -0.232444 0.329583
v 0.434295 -0.252775 0.332036
v 0.422387 -0.274800 0.327405
v 0.414869 -0.296364 0.316141
v 0.412478 -0.315355 0.299350
v 0.415447 -0.329915 0.278672
v 0.423487 -0.338618 0.256134
v 0.457984 -0.263884 0.253962
v 0.437015 -0.285251 0.292256
v 0.441354 -0.272807 0.298756
v 0.448226 -0.260095 0.301429
v 0.456960 -0.248362 0.300013
v 0.466700 -0.238755 0.294647
v 0.476492 -0.232215 0.285856
v 0.485379 -0.229382 0.274501
v 0.492490 -0.230534 0.261692
v 0.497130 -0.235557 0.248685
v 0.498844 -0.243960 0.236751
v 0.497464 -0.254920 0.227060
v 0.493125 -0.267365 0.220560
v 0.486253 -0.280076 0.217887
v 0.477519 -0.291810 0.219303
v 0.467779 -0.301416 0.224669
v 0.457987 -0.307956 0.233461
v 0.449100 -0.310789 0.244816
v 0.441989 -0.309638 0.257624
v 0.437349 -0.304615 0.270632
v 0.435635 -0.296212 0.282565
v 0.515986 -0.337608 0.320873
v 0.517003 -0.329531 0.328015
v 0.520200 -0.320361 0.332804
v 0.525265 -0.310993 0.334774
v 0.531701 -0.302347 0.333731
v 0.538878 -0.295267 0.329777
v 0.546095 -0.290448 0.323298
v 0.552644 -0.288360 0.314930
v 0.557884 -0.289209 0.305491
v 0.561303 -0.292910 0.295906
v 0.562566 -0.299102 0.287112
v 0.561549 -0.307180 0.279970
v 0.558352 -0.316350 0.275180
v 0.553287 -0.325718 0.273210
v 0.546851 -0.334364 0.274254
v 0.539674 -0.341444 0.278208
v 0.532457 -0.346263 0.284687
v 0.525908 -0.348351 0.293055
v 0.520668 -0.347502 0.302493
v 0.517249 -0.343801 0.312079
v 0.499862 -0.330489 0.335453
v 0.504583 -0.316946 0.342526
v 0.512062 -0.303113 0.345435
v 0.521566 -0.290344 0.343894
v 0.532166 -0.279889 0.338054
v 0.542823 -0.272772 0.328487
v 0.552494 -0.269689 0.316130
v 0.560232 -0.270942 0.302191
v 0.565281 -0.276408 0.288036
v 0.567146 -0.285553 0.275050
v 0.565644 -0.297481 0.264504
v 0.560923 -0.311024 0.257430
v 0.553444 -0.324857 0.254521
v 0.543940 -0.337625 0.256062
v 0.533341 -0.348080 0.261901
v 0.522684 -0.355197 0.271469
v 0.513013 -0.358280 0.283826
v 0.505274 -0.357027 0.297764
v 0.500225 -0.351561 0.311920
v 0.498360 -0.342416 0.324906
v 0.515329 -0.336822 0.320159
v 0.516336 -0.328825 0.327230
v 0.519501 -0.319745 0.331972
v 0.524515 -0.310471 0.333922
v 0.530887 -0.301910 0.332889
v 0.537994 -0.294901 0.328974
v 0.545139 -0.290129 0.322560
v 0.551623 -0.288062 0.314275
v 0.556811 -0.288902 0.304930
v 0.560196 -0.292567 0.295439
v 0.561446 -0.298698 0.286732
v 0.560440 -0.306695 0.279662
v 0.557274 -0.315775 0.274919
v 0.552260 -0.325049 0.272969
v 0.545888 -0.333610 0.274002
v 0.538781 -0.340619 0.277917
v 0.531636 -0.345391 0.284331
v 0.525153 -0.347458 0.292616
v 0.519964 -0.346618 0.301962
v 0.516579 -0.342953 0.311452
v 0.497610 -0.293186 0.331821
v 0.506343 -0.281452 0.330405
v 0.516083 -0.271846 0.325039
v 0.525876 -0.265306 0.316248
v 0.534762 -0.262473 0.304893
v 0.541874 -0.263624 0.292084
v 0.546513 -0.268647 0.279077
v 0.548227 -0.277050 0.267144
v 0.546847 -0.288010 0.257453
v 0.542508 -0.300455 0.250953
v 0.535636 -0.313166 0.248280
v 0.526902 -0.324900 0.249696
v 0.517162 -0.334507 0.255062
v 0.507370 -0.341047 0.263853
v 0.498483 -0.343879 0.275208
v 0.491372 -0.342728 0.288016
v 0.486732 -0.337705 0.301024
v 0.485018 -0.329302 0.312957
v 0.486398 -0.318342 0.322649
v 0.490737 -0.305897 0.329148
v 0.495727 -0.293054 0.352644
v 0.508050 -0.276497 0.350647
v 0.496507 -0.293577 0.353125
v 0.508831 -0.277021 0.351127
v 0.521794 -0.262941 0.343074
v 0.522575 -0.263464 0.343555
v 0.535613 -0.253713 0.330670
v 0.536393 -0.254236 0.331150
v 0.548153 -0.249715 0.314646
v 0.548934 -0.250238 0.315126
v 0.558187 -0.251340 0.296572
v 0.558968 -0.251863 0.297053
v 0.564734 -0.258428 0.278217
v 0.565515 -0.258951 0.278698
v 0.567152 -0.270285 0.261378
v 0.567933 -0.270808 0.261859
v 0.565205 -0.285751 0.247703
v 0.565986 -0.286274 0.248184
v 0.559083 -0.303312 0.238531
v 0.559864 -0.303835 0.239012
v 0.549385 -0.321249 0.234759
v 0.550166 -0.321772 0.235240
v 0.537061 -0.337806 0.236757
v 0.537842 -0.338329 0.237238
v 0.523317 -0.351362 0.244329
v 0.524098 -0.351885 0.244810
v 0.509499 -0.360591 0.256735
v 0.510280 -0.361114 0.257215
v 0.496959 -0.364588 0.272758
v 0.497739 -0.365111 0.273239
v 0.486924 -0.362963 0.290832
v 0.487705 -0.363487 0.291312
v 0.480377 -0.355876 0.309187
v 0.481158 -0.356399 0.309667
v 0.477959 -0.344018 0.326026
v 0.478740 -0.344541 0.326506
v 0.479906 -0.328552 0.339701
v 0.480687 -0.329075 0.340182
v 0.486029 -0.310991 0.348873
v 0.486810 -0.311514 0.349353
v 0.567610 -0.291312 0.254893
v 0.569403 -0.277068 0.267487
v 0.567176 -0.266148 0.282996
v 0.561147 -0.259620 0.299900
v 0.551905 -0.258124 0.316545
v 0.540356 -0.261806 0.331303
v 0.527630 -0.270305 0.342727
v 0.514972 -0.282790 0.349701
v 0.503622 -0.298038 0.351541
v 0.494691 -0.314557 0.348067
v 0.489052 -0.330731 0.339621
v 0.487259 -0.344975 0.327026
v 0.489486 -0.355895 0.311517
v 0.495515 -0.362423 0.294613
v 0.504757 -0.363919 0.277968
v 0.516306 -0.360238 0.263210
v 0.529033 -0.351738 0.251786
v 0.541690 -0.339254 0.244812
v 0.553040 -0.324005 0.242972
v 0.561972 -0.307486 0.246445
v 0.563091 -0.302786 0.273075
v 0.559229 -0.313864 0.267289
v 0.553111 -0.325179 0.264909
v 0.545337 -0.335623 0.266170
v 0.536667 -0.344174 0.270946
v 0.527951 -0.349996 0.278772
v 0.520040 -0.352517 0.288880
v 0.513710 -0.351493 0.300281
v 0.509580 -0.347021 0.311859
v 0.508055 -0.339542 0.322482
v 0.509283 -0.329785 0.331108
v 0.513145 -0.318708 0.336894
v 0.519263 -0.307393 0.339273
v 0.527037 -0.296948 0.338013
v 0.535707 -0.288397 0.333236
v 0.544423 -0.282575 0.325411
v 0.552334 -0.280054 0.315303
v 0.558664 -0.281079 0.303902
v 0.562794 -0.285550 0.292323
v 0.564319 -0.293030 0.281701
v 0.559658 -0.293188 0.295637
v 0.560878 -0.299168 0.287144
v 0.559896 -0.306968 0.280248
v 0.556808 -0.315824 0.275623
v 0.551918 -0.324870 0.273720
v 0.545703 -0.333219 0.274728
v 0.538772 -0.340056 0.278547
v 0.531803 -0.344710 0.284803
v 0.525479 -0.346726 0.292883
v 0.520418 -0.345906 0.301998
v 0.517117 -0.342332 0.311255
v 0.515897 -0.336352 0.319747
v 0.516879 -0.328552 0.326643
v 0.519967 -0.319696 0.331269
v 0.524857 -0.310651 0.333171
v 0.531072 -0.302301 0.332163
v 0.538003 -0.295464 0.328345
v 0.544972 -0.290810 0.322089
v 0.551296 -0.288795 0.314008
v 0.556357 -0.289614 0.304893
v 0.539504 -0.327119 0.303533
v 0.540951 -0.326657 0.301684
v 0.542547 -0.325592 0.300252
v 0.544133 -0.324027 0.299377
v 0.545556 -0.322116 0.299147
v 0.546675 -0.320045 0.299582
v 0.547382 -0.318018 0.300641
v 0.547607 -0.316232 0.302220
v 0.547328 -0.314863 0.304164
v 0.546572 -0.314045 0.306282
v 0.545414 -0.313857 0.308369
v 0.543966 -0.314319 0.310219
v 0.542371 -0.315384 0.311651
v 0.540784 -0.316949 0.312525
v 0.539361 -0.318861 0.312756
v 0.538242 -0.320931 0.312320
v 0.537535 -0.322959 0.311261
v 0.537310 -0.324744 0.309683
v 0.537590 -0.326113 0.307739
v 0.538345 -0.326931 0.305620
v 0.562373 -0.295794 0.297731
v 0.563568 -0.301653 0.289411
v 0.562606 -0.309295 0.282654
v 0.559581 -0.317971 0.278123
v 0.554789 -0.326833 0.276259
v 0.548700 -0.335014 0.277246
v 0.541910 -0.341712 0.280988
v 0.535082 -0.346272 0.287117
v 0.528886 -0.348247 0.295034
v 0.523929 -0.347444 0.303964
v 0.520694 -0.343942 0.313033
v 0.519499 -0.338083 0.321352
v 0.520461 -0.330442 0.328109
v 0.523486 -0.321765 0.332641
v 0.528278 -0.312903 0.334505
v 0.534366 -0.304722 0.333517
v 0.541157 -0.298024 0.329776
v 0.547985 -0.293465 0.323647
v 0.554181 -0.291490 0.315730
v 0.559139 -0.292292 0.306800
v 0.550051 -0.327012 0.310524
v 0.550292 -0.326935 0.310215
v 0.550546 -0.325907 0.310928
v 0.550559 -0.326757 0.309977
v 0.550823 -0.326496 0.309831
v 0.551060 -0.326177 0.309792
v 0.551247 -0.325832 0.309865
v 0.551365 -0.325494 0.310042
v 0.551403 -0.325196 0.310305
v 0.551356 -0.324968 0.310629
v 0.551230 -0.324831 0.310982
v 0.551037 -0.324800 0.311330
v 0.550795 -0.324877 0.311639
v 0.550529 -0.325055 0.311878
v 0.550265 -0.325316 0.312023
v 0.550027 -0.325634 0.312062
v 0.549841 -0.325980 0.311989
v 0.549723 -0.326318 0.311813
v 0.549685 -0.326616 0.311549
v 0.549732 -0.326844 0.311225
v 0.549858 -0.326980 0.310872
v 0.446811 -0.259147 0.300558
v 0.455544 -0.247413 0.299142
v 0.465284 -0.237807 0.293776
v 0.475077 -0.231267 0.284985
v 0.483964 -0.228434 0.273629
v 0.491075 -0.229585 0.260821
v 0.495714 -0.234608 0.247813
v 0.497428 -0.243011 0.235880
v 0.496048 -0.253972 0.226189
v 0.491709 -0.266416 0.219689
v 0.484837 -0.279128 0.217016
v 0.476103 -0.290861 0.218432
v 0.466364 -0.300468 0.223798
v 0.456571 -0.307008 0.232589
v 0.447684 -0.309841 0.243945
v 0.440573 -0.308689 0.256753
v 0.435933 -0.303666 0.269761
v 0.434220 -0.295263 0.281694
v 0.435600 -0.284303 0.291385
v 0.439938 -0.271858 0.297885
v 0.478759 -0.280554 0.320220
v 0.487493 -0.268821 0.318804
v 0.497232 -0.259214 0.313438
v 0.507025 -0.252674 0.304647
v 0.515912 -0.249841 0.293291
v 0.523023 -0.250993 0.280483
v 0.527663 -0.256016 0.267476
v 0.529376 -0.264419 0.255542
v 0.527996 -0.275379 0.245852
v 0.523658 -0.287824 0.239351
v 0.516785 -0.300535 0.236678
v 0.508052 -0.312269 0.238094
v 0.498312 -0.321875 0.243460
v 0.488519 -0.328415 0.252252
v 0.479632 -0.331248 0.263607
v 0.472521 -0.330097 0.276415
v 0.467882 -0.325074 0.289423
v 0.466168 -0.316671 0.301356
v 0.467548 -0.305710 0.311047
v 0.471887 -0.293266 0.317547
v 0.487749 -0.286578 0.325752
v 0.496483 -0.274845 0.324337
v 0.506222 -0.265238 0.318971
v 0.516015 -0.258698 0.310180
v 0.524902 -0.255865 0.298824
v 0.532013 -0.257017 0.286016
v 0.536653 -0.262040 0.273009
v 0.538366 -0.270443 0.261075
v 0.536986 -0.281403 0.251384
v 0.532648 -0.293848 0.244884
v 0.525775 -0.306559 0.242211
v 0.517042 -0.318293 0.243627
v 0.507302 -0.327899 0.248993
v 0.497509 -0.334439 0.257784
v 0.488622 -0.337272 0.269140
v 0.481511 -0.336121 0.281948
v 0.476872 -0.331098 0.294955
v 0.475158 -0.322695 0.306889
v 0.476538 -0.311734 0.316580
v 0.480877 -0.299290 0.323080
v 0.527887 -0.312645 0.334352
v 0.533990 -0.304446 0.333363
v 0.540797 -0.297732 0.329613
v 0.547641 -0.293161 0.323469
v 0.553851 -0.291182 0.315533
v 0.558821 -0.291986 0.306582
v 0.562063 -0.295497 0.297492
v 0.563261 -0.301369 0.289152
v 0.562296 -0.309029 0.282379
v 0.559264 -0.317726 0.277837
v 0.554461 -0.326609 0.275969
v 0.548358 -0.334809 0.276959
v 0.541551 -0.341523 0.280709
v 0.534708 -0.346093 0.286852
v 0.528497 -0.348073 0.294788
v 0.523527 -0.347268 0.303739
v 0.520285 -0.343758 0.312829
v 0.519087 -0.337886 0.321169
v 0.520052 -0.330226 0.327942
v 0.523084 -0.321529 0.332484
v 0.524994 -0.310741 0.333224
v 0.531204 -0.302398 0.332218
v 0.538130 -0.295567 0.328402
v 0.545093 -0.290917 0.322151
v 0.551412 -0.288903 0.314077
v 0.556468 -0.289721 0.304969
v 0.559767 -0.293293 0.295721
v 0.560986 -0.299268 0.287235
v 0.560005 -0.307061 0.280345
v 0.556920 -0.315910 0.275723
v 0.552033 -0.324948 0.273822
v 0.545823 -0.333291 0.274829
v 0.538898 -0.340122 0.278644
v 0.531934 -0.344773 0.284895
v 0.525616 -0.346787 0.292970
v 0.520559 -0.345968 0.302077
v 0.517260 -0.342396 0.311326
v 0.516042 -0.336422 0.319811
v 0.517023 -0.328628 0.326702
v 0.520108 -0.319779 0.331324
v 0.526207 -0.311540 0.333697
v 0.532373 -0.303257 0.332698
v 0.539248 -0.296475 0.328910
v 0.546161 -0.291858 0.322704
v 0.552435 -0.289858 0.314687
v 0.557455 -0.290671 0.305646
v 0.560730 -0.294217 0.296463
v 0.561940 -0.300149 0.288039
v 0.560966 -0.307886 0.281198
v 0.557903 -0.316672 0.276609
v 0.553051 -0.325645 0.274723
v 0.546886 -0.333928 0.275722
v 0.540010 -0.340710 0.279510
v 0.533097 -0.345326 0.285716
v 0.526824 -0.347326 0.293732
v 0.521804 -0.346513 0.302774
v 0.518529 -0.342967 0.311956
v 0.517319 -0.337036 0.320381
v 0.518293 -0.329298 0.327222
v 0.521356 -0.320513 0.331810
v 0.539437 -0.321451 0.312286
v 0.540460 -0.319558 0.312684
v 0.541761 -0.317811 0.312473
v 0.543211 -0.316380 0.311674
v 0.544669 -0.315406 0.310365
v 0.545993 -0.314984 0.308674
v 0.547052 -0.315156 0.306767
v 0.547743 -0.315904 0.304829
v 0.547998 -0.317155 0.303053
v 0.547792 -0.318788 0.301609
v 0.547146 -0.320641 0.300641
v 0.546123 -0.322534 0.300243
v 0.544822 -0.324281 0.300454
v 0.543372 -0.325712 0.301253
v 0.541913 -0.326686 0.302563
v 0.540590 -0.327108 0.304253
v 0.539531 -0.326936 0.306161
v 0.538840 -0.326188 0.308098
v 0.538585 -0.324937 0.309875
v 0.538791 -0.323305 0.311318
v 0.536966 -0.317573 0.317457
v 0.539397 -0.314306 0.317062
v 0.542108 -0.311632 0.315569
v 0.544834 -0.309811 0.313121
v 0.547309 -0.309023 0.309960
v 0.549288 -0.309343 0.306394
v 0.550580 -0.310742 0.302773
v 0.551057 -0.313081 0.299451
v 0.550673 -0.316132 0.296753
v 0.549465 -0.319597 0.294944
v 0.547552 -0.323135 0.294200
v 0.545120 -0.326402 0.294594
v 0.542409 -0.329076 0.296088
v 0.539683 -0.330897 0.298535
v 0.537209 -0.331685 0.301696
v 0.535229 -0.331365 0.305262
v 0.533938 -0.329967 0.308883
v 0.533461 -0.327627 0.312205
v 0.533845 -0.324576 0.314903
v 0.535053 -0.321112 0.316712
v 0.529399 -0.313506 0.332303
v 0.535016 -0.305960 0.331393
v 0.541280 -0.299781 0.327942
v 0.547578 -0.295575 0.322288
v 0.553293 -0.293753 0.314985
v 0.557867 -0.294494 0.306747
v 0.560851 -0.297724 0.298382
v 0.561953 -0.303128 0.290707
v 0.561065 -0.310177 0.284475
v 0.558275 -0.318181 0.280294
v 0.553855 -0.326356 0.278575
v 0.548238 -0.333902 0.279486
v 0.541974 -0.340080 0.282937
v 0.535676 -0.344287 0.288591
v 0.529961 -0.346108 0.295894
v 0.525388 -0.345368 0.304131
v 0.522404 -0.342138 0.312497
v 0.521302 -0.336733 0.320171
v 0.522189 -0.329684 0.326404
v 0.524979 -0.321681 0.330584
v 0.528041 -0.326346 0.248246
v 0.517852 -0.336395 0.253859
v 0.507608 -0.343237 0.263055
v 0.498312 -0.346200 0.274934
v 0.490873 -0.344996 0.288332
v 0.486020 -0.339741 0.301939
v 0.484227 -0.330951 0.314422
v 0.485671 -0.319486 0.324559
v 0.490210 -0.306468 0.331359
v 0.497399 -0.293171 0.334154
v 0.506534 -0.280897 0.332673
v 0.516723 -0.270848 0.327060
v 0.526967 -0.264006 0.317864
v 0.536263 -0.261043 0.305986
v 0.543702 -0.262248 0.292587
v 0.548555 -0.267502 0.278981
v 0.550347 -0.276292 0.266498
v 0.548904 -0.287757 0.256360
v 0.544365 -0.300775 0.249561
v 0.537176 -0.314072 0.246765
v 0.522270 -0.321796 0.246845
v 0.512530 -0.331403 0.252211
v 0.502737 -0.337943 0.261002
v 0.493851 -0.340776 0.272357
v 0.486740 -0.339624 0.285166
v 0.482100 -0.334601 0.298173
v 0.480386 -0.326198 0.310107
v 0.481766 -0.315238 0.319798
v 0.486105 -0.302793 0.326297
v 0.492977 -0.290082 0.328970
v 0.501711 -0.278348 0.327554
v 0.511451 -0.268742 0.322188
v 0.521243 -0.262202 0.313397
v 0.530130 -0.259369 0.302042
v 0.537241 -0.260520 0.289234
v 0.541881 -0.265543 0.276226
v 0.543595 -0.273946 0.264293
v 0.542214 -0.284906 0.254602
v 0.537876 -0.297351 0.248102
v 0.531003 -0.310063 0.245429
v 0.478820 -0.233775 0.287288
v 0.487706 -0.230942 0.275933
v 0.494818 -0.232093 0.263124
v 0.499457 -0.237116 0.250117
v 0.501171 -0.245519 0.238184
v 0.499791 -0.256480 0.228493
v 0.495452 -0.268924 0.221993
v 0.488580 -0.281636 0.219320
v 0.479846 -0.293369 0.220736
v 0.470107 -0.302976 0.226102
v 0.460314 -0.309516 0.234893
v 0.451427 -0.312349 0.246248
v 0.444316 -0.311197 0.259057
v 0.439676 -0.306174 0.272064
v 0.437963 -0.297771 0.283997
v 0.439343 -0.286811 0.293688
v 0.443681 -0.274366 0.300188
v 0.450554 -0.261655 0.302861
v 0.459287 -0.249921 0.301445
v 0.469027 -0.240315 0.296079
v 0.491859 -0.242512 0.295313
v 0.500745 -0.239679 0.283957
v 0.507857 -0.240830 0.271149
v 0.512496 -0.245853 0.258142
v 0.514210 -0.254256 0.246208
v 0.512830 -0.265217 0.236517
v 0.508491 -0.277661 0.230017
v 0.501619 -0.290373 0.227344
v 0.492885 -0.302106 0.228760
v 0.483146 -0.311713 0.234126
v 0.473353 -0.318253 0.242918
v 0.464466 -0.321086 0.254273
v 0.457355 -0.319934 0.267081
v 0.452715 -0.314911 0.280089
v 0.451002 -0.306508 0.292022
v 0.452382 -0.295548 0.301713
v 0.456720 -0.283103 0.308213
v 0.463593 -0.270392 0.310886
v 0.472326 -0.258659 0.309470
v 0.482066 -0.249052 0.304104
v 0.478449 -0.201235 0.302084
v 0.493848 -0.196326 0.282408
v 0.506170 -0.198321 0.260214
v 0.514209 -0.207025 0.237676
v 0.517178 -0.221585 0.216999
v 0.514787 -0.240576 0.200207
v 0.507270 -0.262140 0.188944
v 0.495361 -0.284165 0.184313
v 0.480229 -0.304496 0.186766
v 0.463352 -0.321142 0.196064
v 0.446384 -0.332473 0.211297
v 0.430985 -0.337382 0.230973
v 0.418664 -0.335387 0.253166
v 0.410625 -0.326684 0.275704
v 0.407655 -0.312123 0.296382
v 0.410047 -0.293132 0.313173
v 0.417564 -0.271568 0.324437
v 0.429472 -0.249543 0.329068
v 0.444605 -0.229213 0.326615
v 0.461482 -0.212567 0.317316
v 0.474470 -0.198568 0.299635
v 0.489868 -0.193659 0.279958
v 0.502190 -0.195654 0.257765
v 0.510229 -0.204358 0.235227
v 0.513198 -0.218918 0.214549
v 0.510807 -0.237909 0.197758
v 0.503290 -0.259473 0.186494
v 0.491382 -0.281498 0.181863
v 0.476249 -0.301829 0.184316
v 0.459372 -0.318475 0.193615
v 0.442405 -0.329807 0.208847
v 0.427006 -0.334716 0.228523
v 0.414684 -0.332720 0.250717
v 0.406645 -0.324017 0.273255
v 0.403676 -0.309457 0.293932
v 0.406067 -0.290466 0.310724
v 0.413584 -0.268902 0.321987
v 0.425492 -0.246877 0.326618
v 0.440625 -0.226546 0.324165
v 0.457502 -0.209900 0.314867
v 0.481884 -0.210147 0.301122
v 0.495950 -0.205664 0.283149
v 0.507205 -0.207486 0.262877
v 0.514548 -0.215436 0.242290
v 0.517260 -0.228736 0.223403
v 0.515076 -0.246083 0.208065
v 0.508209 -0.265780 0.197777
v 0.497332 -0.285898 0.193547
v 0.483509 -0.304468 0.195788
v 0.468094 -0.319673 0.204281
v 0.452595 -0.330024 0.218194
v 0.438529 -0.334508 0.236167
v 0.427274 -0.332686 0.256439
v 0.419931 -0.324736 0.277026
v 0.417219 -0.311436 0.295914
v 0.419403 -0.294089 0.311251
v 0.426270 -0.274392 0.321539
v 0.437147 -0.254274 0.325770
v 0.450970 -0.235703 0.323529
v 0.466385 -0.220498 0.315036
v 0.475769 -0.235177 0.283807
v 0.483961 -0.232566 0.273340
v 0.490516 -0.233627 0.261533
v 0.494792 -0.238257 0.249543
v 0.496372 -0.246003 0.238543
v 0.495100 -0.256106 0.229610
v 0.491101 -0.267578 0.223618
v 0.484766 -0.279295 0.221154
v 0.476715 -0.290111 0.222459
v 0.467737 -0.298966 0.227406
v 0.458710 -0.304994 0.235509
v 0.450518 -0.307606 0.245977
v 0.443963 -0.306544 0.257783
v 0.439687 -0.301914 0.269774
v 0.438107 -0.294169 0.280773
v 0.439379 -0.284065 0.289707
v 0.443379 -0.272594 0.295698
v 0.449713 -0.260877 0.298162
v 0.457764 -0.250061 0.296857
v 0.466742 -0.241206 0.291911
v 0.515219 -0.271267 0.324507
v 0.525012 -0.264727 0.315717
v 0.533899 -0.261894 0.304361
v 0.541010 -0.263045 0.291553
v 0.545649 -0.268068 0.278546
v 0.547363 -0.276471 0.266612
v 0.545983 -0.287432 0.256921
v 0.541644 -0.299876 0.250421
v 0.534772 -0.312588 0.247748
v 0.526038 -0.324321 0.249164
v 0.516299 -0.333928 0.254530
v 0.506506 -0.340468 0.263321
v 0.497619 -0.343301 0.274677
v 0.490508 -0.342149 0.287485
v 0.485868 -0.337126 0.300492
v 0.484155 -0.328723 0.312426
v 0.485535 -0.317763 0.322117
v 0.489873 -0.305318 0.328617
v 0.496746 -0.292607 0.331289
v 0.505479 -0.280874 0.329874
v 0.517572 -0.269524 0.329740
v 0.528414 -0.262284 0.320007
v 0.538253 -0.259147 0.307435
v 0.546126 -0.260422 0.293254
v 0.551263 -0.265983 0.278853
v 0.553160 -0.275287 0.265641
v 0.551632 -0.287422 0.254912
v 0.546829 -0.301200 0.247715
v 0.539220 -0.315273 0.244755
v 0.529550 -0.328264 0.246323
v 0.518767 -0.338900 0.252264
v 0.507925 -0.346141 0.261998
v 0.498086 -0.349278 0.274570
v 0.490212 -0.348003 0.288750
v 0.485076 -0.342441 0.303152
v 0.483178 -0.333138 0.316364
v 0.484706 -0.321003 0.327094
v 0.489510 -0.307225 0.334290
v 0.497119 -0.293151 0.337249
v 0.506788 -0.280161 0.335682
v 0.519481 -0.266548 0.335769
v 0.531668 -0.258409 0.324828
v 0.542729 -0.254883 0.310695
v 0.551579 -0.256316 0.294754
v 0.557353 -0.262567 0.278566
v 0.559486 -0.273025 0.263714
v 0.557768 -0.286666 0.251653
v 0.552369 -0.302155 0.243563
v 0.543815 -0.317975 0.240236
v 0.532946 -0.332578 0.241998
v 0.520824 -0.344534 0.248677
v 0.508636 -0.352674 0.259618
v 0.497576 -0.356199 0.273751
v 0.488726 -0.354766 0.289691
v 0.482952 -0.348515 0.305880
v 0.480819 -0.338057 0.320732
v 0.482536 -0.324416 0.332793
v 0.487936 -0.308927 0.340883
v 0.496489 -0.293108 0.344209
v 0.507359 -0.278505 0.342447
v 0.521422 -0.263522 0.341897
v 0.534977 -0.254469 0.329728
v 0.547279 -0.250548 0.314009
v 0.557123 -0.252142 0.296279
v 0.563545 -0.259095 0.278274
v 0.565917 -0.270727 0.261755
v 0.564007 -0.285899 0.248340
v 0.558001 -0.303126 0.239342
v 0.548488 -0.320722 0.235642
v 0.536398 -0.336964 0.237602
v 0.522916 -0.350262 0.245030
v 0.509360 -0.359315 0.257199
v 0.497058 -0.363237 0.272918
v 0.487214 -0.361643 0.290648
v 0.480792 -0.354690 0.308654
v 0.478420 -0.343058 0.325173
v 0.480330 -0.327885 0.338588
v 0.486336 -0.310658 0.347586
v 0.495849 -0.293063 0.351286
v 0.507939 -0.276821 0.349326
v 0.561546 -0.291709 0.295321
v 0.562852 -0.298112 0.286229
v 0.561800 -0.306463 0.278845
v 0.558495 -0.315945 0.273893
v 0.553258 -0.325630 0.271856
v 0.546604 -0.334570 0.272935
v 0.539183 -0.341889 0.277023
v 0.531722 -0.346872 0.283722
v 0.524951 -0.349031 0.292374
v 0.519533 -0.348153 0.302132
v 0.515998 -0.344326 0.312043
v 0.514692 -0.337924 0.321135
v 0.515743 -0.329573 0.328519
v 0.519049 -0.320091 0.333472
v 0.524286 -0.310406 0.335508
v 0.530940 -0.301466 0.334430
v 0.538361 -0.294146 0.330341
v 0.545822 -0.289163 0.323643
v 0.552593 -0.287005 0.314991
v 0.558011 -0.287882 0.305232
v 0.560066 -0.307114 0.280399
v 0.556983 -0.315959 0.275780
v 0.552098 -0.324993 0.273880
v 0.545891 -0.333332 0.274886
v 0.538969 -0.340160 0.278700
v 0.532009 -0.344808 0.284948
v 0.525693 -0.346821 0.293019
v 0.520639 -0.346003 0.302122
v 0.517341 -0.342433 0.311366
v 0.516123 -0.336461 0.319848
v 0.517104 -0.328671 0.326735
v 0.520188 -0.319826 0.331355
v 0.525072 -0.310792 0.333255
v 0.531279 -0.302453 0.332248
v 0.538202 -0.295625 0.328435
v 0.545161 -0.290977 0.322187
v 0.551477 -0.288964 0.314116
v 0.556532 -0.289782 0.305013
v 0.559829 -0.293352 0.295768
v 0.561047 -0.299324 0.287287
v 0.548079 -0.276951 0.267053
v 0.546699 -0.287911 0.257362
v 0.542360 -0.300356 0.250862
v 0.535488 -0.313067 0.248189
v 0.526754 -0.324801 0.249605
v 0.517014 -0.334407 0.254971
v 0.507222 -0.340947 0.263762
v 0.498335 -0.343780 0.275117
v 0.491224 -0.342629 0.287925
v 0.486584 -0.337606 0.300933
v 0.484871 -0.329203 0.312866
v 0.486250 -0.318242 0.322558
v 0.490589 -0.305798 0.329057
v 0.497462 -0.293086 0.331730
v 0.506195 -0.281353 0.330314
v 0.515935 -0.271746 0.324948
v 0.525728 -0.265206 0.316157
v 0.534614 -0.262373 0.304802
v 0.541726 -0.263525 0.291993
v 0.546365 -0.268548 0.278986
v 0.408880 -0.325514 0.274630
v 0.405910 -0.310954 0.295308
v 0.408302 -0.291963 0.312099
v 0.415819 -0.270399 0.323363
v 0.427727 -0.248374 0.327994
v 0.442860 -0.228044 0.325541
v 0.459737 -0.211398 0.316242
v 0.476704 -0.200066 0.301010
v 0.492103 -0.195157 0.281334
v 0.504425 -0.197152 0.259140
v 0.512464 -0.205855 0.236602
v 0.515433 -0.220416 0.215925
v 0.513042 -0.239407 0.199133
v 0.505525 -0.260971 0.187870
v 0.493616 -0.282996 0.183239
v 0.478484 -0.303326 0.185692
v 0.461607 -0.319972 0.194990
v 0.444639 -0.331304 0.210223
v 0.429240 -0.336213 0.229899
v 0.416919 -0.334218 0.252092
v 0.422278 -0.274727 0.327338
v 0.434186 -0.252702 0.331969
v 0.449319 -0.232371 0.329516
v 0.466195 -0.215725 0.320217
v 0.483163 -0.204393 0.304985
v 0.498562 -0.199484 0.285309
v 0.510884 -0.201480 0.263115
v 0.518923 -0.210183 0.240577
v 0.521892 -0.224744 0.219900
v 0.519501 -0.243735 0.203108
v 0.511983 -0.265298 0.191845
v 0.500075 -0.287323 0.187213
v 0.484942 -0.307654 0.189667
v 0.468066 -0.324300 0.198965
v 0.451098 -0.335632 0.214197
v 0.435699 -0.340541 0.233874
v 0.423378 -0.338545 0.256067
v 0.415338 -0.329842 0.278605
v 0.412369 -0.315282 0.299282
v 0.414760 -0.296291 0.316074
v 0.454761 -0.304285 0.249017
v 0.461917 -0.302004 0.239874
v 0.469801 -0.296738 0.232795
v 0.477644 -0.289003 0.228475
v 0.484676 -0.279555 0.227335
v 0.490209 -0.269321 0.229487
v 0.493703 -0.259300 0.234720
v 0.494814 -0.250475 0.242523
v 0.493434 -0.243709 0.252132
v 0.489698 -0.239665 0.262605
v 0.483973 -0.238738 0.272918
v 0.476817 -0.241019 0.282061
v 0.468932 -0.246285 0.289140
v 0.461090 -0.254020 0.293461
v 0.454058 -0.263467 0.294601
v 0.448524 -0.273702 0.292448
v 0.445031 -0.283722 0.287215
v 0.443920 -0.292547 0.279412
v 0.445300 -0.299313 0.269803
v 0.449035 -0.303358 0.259330
v 0.449122 -0.316938 0.244403
v 0.459040 -0.313776 0.231730
v 0.469969 -0.306478 0.221919
v 0.480839 -0.295756 0.215930
v 0.490586 -0.282661 0.214349
v 0.498256 -0.268475 0.217333
v 0.503098 -0.254586 0.224587
v 0.504638 -0.242353 0.235403
v 0.502726 -0.232975 0.248721
v 0.497548 -0.227369 0.263238
v 0.489612 -0.226084 0.277532
v 0.479693 -0.229246 0.290205
v 0.468764 -0.236545 0.300017
v 0.457894 -0.247267 0.306005
v 0.448147 -0.260361 0.307586
v 0.440477 -0.274548 0.304603
v 0.435635 -0.288437 0.297348
v 0.434095 -0.300669 0.286533
v 0.436008 -0.310047 0.273215
v 0.441186 -0.315653 0.258698
v 0.493501 -0.346675 0.271716
v 0.503419 -0.343514 0.259043
v 0.514348 -0.336215 0.249231
v 0.525218 -0.325493 0.243242
v 0.534966 -0.312398 0.241662
v 0.542636 -0.298212 0.244645
v 0.547477 -0.284323 0.251900
v 0.549018 -0.272091 0.262715
v 0.547105 -0.262713 0.276033
v 0.541927 -0.257107 0.290550
v 0.533991 -0.255822 0.304845
v 0.524073 -0.258983 0.317518
v 0.513144 -0.266282 0.327329
v 0.502274 -0.277004 0.333318
v 0.492527 -0.290099 0.334898
v 0.484857 -0.304285 0.331915
v 0.480015 -0.318174 0.324661
v 0.478474 -0.330406 0.313845
v 0.480387 -0.339784 0.300527
v 0.485565 -0.345390 0.286010
v 0.499140 -0.334022 0.276330
v 0.506296 -0.331741 0.267186
v 0.514181 -0.326475 0.260108
v 0.522023 -0.318740 0.255787
v 0.529055 -0.309293 0.254647
v 0.534589 -0.299058 0.256800
v 0.538082 -0.289037 0.262033
v 0.539193 -0.280212 0.269836
v 0.537813 -0.273447 0.279445
v 0.534078 -0.269402 0.289918
v 0.528352 -0.268475 0.300231
v 0.521196 -0.270756 0.309374
v 0.513311 -0.276022 0.316453
v 0.505469 -0.283757 0.320773
v 0.498437 -0.293204 0.321913
v 0.492903 -0.303439 0.319761
v 0.489410 -0.313460 0.314527
v 0.488299 -0.322285 0.306724
v 0.489679 -0.329051 0.297116
v 0.493415 -0.333095 0.286643
v 0.484392 -0.303974 0.331629
v 0.492062 -0.289788 0.334613
v 0.501809 -0.276693 0.333032
v 0.512679 -0.265971 0.327044
v 0.523608 -0.258672 0.317232
v 0.533526 -0.255510 0.304559
v 0.541463 -0.256795 0.290264
v 0.546641 -0.262401 0.275747
v 0.548553 -0.271779 0.262429
v 0.547013 -0.284012 0.251614
v 0.542171 -0.297901 0.244359
v 0.534501 -0.312087 0.241376
v 0.524754 -0.325182 0.242957
v 0.513884 -0.335904 0.248945
v 0.502955 -0.343202 0.258757
v 0.493037 -0.346364 0.271430
v 0.485100 -0.345079 0.285725
v 0.479922 -0.339473 0.300241
v 0.478010 -0.330095 0.313560
v 0.479550 -0.317863 0.324375
v 0.440949 -0.274864 0.304893
v 0.448619 -0.260678 0.307876
v 0.458366 -0.247583 0.306296
v 0.469237 -0.236861 0.300307
v 0.480165 -0.229562 0.290496
v 0.490084 -0.226401 0.277823
v 0.498020 -0.227686 0.263528
v 0.503198 -0.233292 0.249011
v 0.505111 -0.242670 0.235693
v 0.503570 -0.254902 0.224877
v 0.498728 -0.268791 0.217623
v 0.491058 -0.282977 0.214640
v 0.481311 -0.296072 0.216220
v 0.470441 -0.306794 0.222209
v 0.459512 -0.314093 0.232020
v 0.449594 -0.317254 0.244693
v 0.441658 -0.315969 0.258988
v 0.436480 -0.310363 0.273505
v 0.434567 -0.300985 0.286823
v 0.436108 -0.288753 0.297639
v 0.465535 -0.291338 0.320024
v 0.473205 -0.277152 0.323007
v 0.482952 -0.264057 0.321427
v 0.493822 -0.253335 0.315438
v 0.504751 -0.246036 0.305627
v 0.514669 -0.242875 0.292954
v 0.522606 -0.244160 0.278659
v 0.527784 -0.249766 0.264142
v 0.529696 -0.259144 0.250824
v 0.528156 -0.271376 0.240008
v 0.523314 -0.285265 0.232754
v 0.515644 -0.299451 0.229771
v 0.505897 -0.312546 0.231351
v 0.495027 -0.323268 0.237340
v 0.484098 -0.330567 0.247151
v 0.474180 -0.333728 0.259824
v 0.466243 -0.332443 0.274119
v 0.461065 -0.326838 0.288636
v 0.459153 -0.317459 0.301954
v 0.460693 -0.305227 0.312770
v 0.479696 -0.300827 0.328739
v 0.487366 -0.286641 0.331722
v 0.497113 -0.273546 0.330142
v 0.507983 -0.262824 0.324153
v 0.518912 -0.255525 0.314342
v 0.528830 -0.252364 0.301669
v 0.536767 -0.253649 0.287374
v 0.541944 -0.259255 0.272857
v 0.543857 -0.268633 0.259539
v 0.542317 -0.280865 0.248724
v 0.537475 -0.294754 0.241469
v 0.529805 -0.308940 0.238486
v 0.520058 -0.322035 0.240066
v 0.509188 -0.332757 0.246055
v 0.498259 -0.340056 0.255866
v 0.488341 -0.343217 0.268540
v 0.480404 -0.341932 0.282834
v 0.475226 -0.336326 0.297351
v 0.473314 -0.326948 0.310669
v 0.474854 -0.314716 0.321485
v 0.492644 -0.290161 0.334640
v 0.502337 -0.277138 0.333069
v 0.513147 -0.266476 0.327113
v 0.524015 -0.259217 0.317356
v 0.533879 -0.256073 0.304753
v 0.541771 -0.257351 0.290538
v 0.546920 -0.262926 0.276101
v 0.548822 -0.272252 0.262857
v 0.547291 -0.284417 0.252101
v 0.542476 -0.298229 0.244887
v 0.534848 -0.312337 0.241920
v 0.525155 -0.325359 0.243492
v 0.514345 -0.336021 0.249447
v 0.503477 -0.343280 0.259204
v 0.493613 -0.346424 0.271807
v 0.485721 -0.345146 0.286023
v 0.480572 -0.339571 0.300460
v 0.478670 -0.330245 0.313704
v 0.480201 -0.318080 0.324460
v 0.485017 -0.304268 0.331674
v 0.479636 -0.229483 0.290042
v 0.489498 -0.226339 0.277440
v 0.497390 -0.227616 0.263225
v 0.502539 -0.233191 0.248789
v 0.504441 -0.242517 0.235546
v 0.502910 -0.254680 0.224791
v 0.498095 -0.268492 0.217577
v 0.490468 -0.282599 0.214610
v 0.480775 -0.295620 0.216182
v 0.469966 -0.306282 0.222137
v 0.459098 -0.313540 0.231893
v 0.449235 -0.316684 0.244496
v 0.441343 -0.315406 0.258710
v 0.436194 -0.309831 0.273146
v 0.434293 -0.300506 0.286390
v 0.435824 -0.288342 0.297145
v 0.440639 -0.274531 0.304358
v 0.448266 -0.260424 0.307325
v 0.457959 -0.247402 0.305753
v 0.468768 -0.236741 0.299798
v 0.478612 -0.233673 0.287143
v 0.487491 -0.230843 0.275797
v 0.494596 -0.231993 0.263000
v 0.499232 -0.237012 0.250003
v 0.500944 -0.245408 0.238080
v 0.499565 -0.256359 0.228398
v 0.495230 -0.268793 0.221903
v 0.488364 -0.281493 0.219233
v 0.479638 -0.293216 0.220647
v 0.469906 -0.302815 0.226009
v 0.460122 -0.309349 0.234792
v 0.451243 -0.312180 0.246138
v 0.444138 -0.311029 0.258935
v 0.439502 -0.306011 0.271932
v 0.437790 -0.297615 0.283855
v 0.439169 -0.286664 0.293537
v 0.443503 -0.274230 0.300032
v 0.450370 -0.261529 0.302703
v 0.459096 -0.249806 0.301288
v 0.468828 -0.240208 0.295926
v 0.479053 -0.288905 0.319916
v 0.481099 -0.289040 0.320880
v 0.483146 -0.288485 0.321678
v 0.484992 -0.287294 0.322234
v 0.486457 -0.285586 0.322492
v 0.487398 -0.283526 0.322428
v 0.487722 -0.281316 0.322047
v 0.487399 -0.279173 0.321387
v 0.486458 -0.277306 0.320513
v 0.484994 -0.275898 0.319509
v 0.483148 -0.275088 0.318475
v 0.481102 -0.274953 0.317512
v 0.479055 -0.275508 0.316713
v 0.477209 -0.276698 0.316157
v 0.475744 -0.278407 0.315899
v 0.474803 -0.280467 0.315964
v 0.474479 -0.282677 0.316344
v 0.474802 -0.284820 0.317004
v 0.475742 -0.286687 0.317879
v 0.477207 -0.288095 0.318882
v 0.478263 -0.291573 0.320194
v 0.481099 -0.291759 0.321530
v 0.483935 -0.290990 0.322637
v 0.486494 -0.289340 0.323407
v 0.488525 -0.286971 0.323765
v 0.489829 -0.284116 0.323676
v 0.490279 -0.281053 0.323148
v 0.489830 -0.278082 0.322233
v 0.488527 -0.275495 0.321021
v 0.486497 -0.273544 0.319630
v 0.483938 -0.272420 0.318197
v 0.481102 -0.272234 0.316862
v 0.478266 -0.273003 0.315755
v 0.475707 -0.274653 0.314984
v 0.473676 -0.277021 0.314626
v 0.472372 -0.279877 0.314716
v 0.471922 -0.282940 0.315244
v 0.472371 -0.285910 0.316158
v 0.473674 -0.288498 0.317370
v 0.475704 -0.290449 0.318761
v 0.471837 -0.288196 0.334312
v 0.474673 -0.288382 0.335647
v 0.477509 -0.287613 0.336754
v 0.480068 -0.285963 0.337525
v 0.482099 -0.283595 0.337882
v 0.483403 -0.280739 0.337793
v 0.483853 -0.277677 0.337265
v 0.483404 -0.274706 0.336351
v 0.482101 -0.272118 0.335138
v 0.480071 -0.270167 0.333748
v 0.477512 -0.269044 0.332314
v 0.474676 -0.268857 0.330979
v 0.471840 -0.269627 0.329872
v 0.469281 -0.271276 0.329102
v 0.467250 -0.273645 0.328744
v 0.465946 -0.276500 0.328833
v 0.465496 -0.279563 0.329361
v 0.465945 -0.282534 0.330276
v 0.467248 -0.285121 0.331488
v 0.469278 -0.287072 0.332878
v 0.472627 -0.285529 0.334034
v 0.474673 -0.285663 0.334997
v 0.476720 -0.285108 0.335796
v 0.478566 -0.283918 0.336351
v 0.480031 -0.282209 0.336610
v 0.480972 -0.280149 0.336545
v 0.481296 -0.277939 0.336164
v 0.480973 -0.275796 0.335505
v 0.480032 -0.273929 0.334630
v 0.478568 -0.272522 0.333627
v 0.476722 -0.271711 0.332593
v 0.474676 -0.271577 0.331629
v 0.472629 -0.272132 0.330830
v 0.470783 -0.273322 0.330275
v 0.469318 -0.275031 0.330016
v 0.468377 -0.277091 0.330081
v 0.468053 -0.279301 0.330462
v 0.468376 -0.281444 0.331122
v 0.469317 -0.283310 0.331996
v 0.470781 -0.284718 0.332999
v 0.466013 -0.276536 0.328685
v 0.467317 -0.273680 0.328596
v 0.469348 -0.271312 0.328954
v 0.471907 -0.269662 0.329724
v 0.474743 -0.268893 0.330831
v 0.477580 -0.269079 0.332167
v 0.480138 -0.270203 0.333600
v 0.482168 -0.272154 0.334991
v 0.483472 -0.274741 0.336203
v 0.483920 -0.277712 0.337118
v 0.483471 -0.280775 0.337645
v 0.482166 -0.283630 0.337735
v 0.480135 -0.285999 0.337377
v 0.477576 -0.287648 0.336607
v 0.474740 -0.288418 0.335500
v 0.471904 -0.288231 0.334164
v 0.469345 -0.287108 0.332731
v 0.467315 -0.285157 0.331340
v 0.466012 -0.282569 0.330128
v 0.465563 -0.279599 0.329213
v 0.472303 -0.279841 0.314866
v 0.473607 -0.276985 0.314777
v 0.475638 -0.274617 0.315135
v 0.478197 -0.272967 0.315905
v 0.481034 -0.272198 0.317012
v 0.483870 -0.272384 0.318347
v 0.486428 -0.273508 0.319781
v 0.488459 -0.275459 0.321171
v 0.489762 -0.278046 0.322383
v 0.490211 -0.281017 0.323298
v 0.489761 -0.284080 0.323826
v 0.488457 -0.286936 0.323915
v 0.486426 -0.289304 0.323557
v 0.483867 -0.290954 0.322787
v 0.481030 -0.291723 0.321680
v 0.478194 -0.291537 0.320345
v 0.475636 -0.290413 0.318911
v 0.473606 -0.288462 0.317521
v 0.472302 -0.285874 0.316308
v 0.471853 -0.282904 0.315394
v 0.468743 -0.277970 0.322687
v 0.470048 -0.275115 0.322597
v 0.472079 -0.272746 0.322955
v 0.474637 -0.271097 0.323726
v 0.477474 -0.270327 0.324833
v 0.480310 -0.270514 0.326168
v 0.482868 -0.271637 0.327601
v 0.484899 -0.273588 0.328992
v 0.486202 -0.276176 0.330204
v 0.486651 -0.279147 0.331119
v 0.486201 -0.282210 0.331647
v 0.484897 -0.285065 0.331736
v 0.482866 -0.287433 0.331378
v 0.480307 -0.289083 0.330608
v 0.477471 -0.289852 0.329501
v 0.474634 -0.289666 0.328165
v 0.472076 -0.288543 0.326732
v 0.470046 -0.286591 0.325341
v 0.468742 -0.284004 0.324129
v 0.468294 -0.281033 0.323215
v 0.466693 -0.276893 0.327191
v 0.467997 -0.274038 0.327102
v 0.470028 -0.271669 0.327460
v 0.472587 -0.270019 0.328230
v 0.475423 -0.269250 0.329337
v 0.478260 -0.269436 0.330673
v 0.480818 -0.270560 0.332106
v 0.482848 -0.272511 0.333497
v 0.484151 -0.275099 0.334709
v 0.484600 -0.278069 0.335624
v 0.484151 -0.281132 0.336151
v 0.482846 -0.283988 0.336241
v 0.480815 -0.286356 0.335883
v 0.478256 -0.288006 0.335113
v 0.475420 -0.288775 0.334006
v 0.472584 -0.288589 0.332670
v 0.470025 -0.287465 0.331237
v 0.467995 -0.285514 0.329846
v 0.466692 -0.282927 0.328634
v 0.466243 -0.279956 0.327719
v 0.467291 -0.273672 0.328769
v 0.469311 -0.271317 0.329125
v 0.471856 -0.269677 0.329891
v 0.474676 -0.268911 0.330992
v 0.477497 -0.269097 0.332320
v 0.480041 -0.270214 0.333745
v 0.482060 -0.272154 0.335128
v 0.483356 -0.274728 0.336334
v 0.483802 -0.277682 0.337243
v 0.483355 -0.280728 0.337768
v 0.482058 -0.283567 0.337857
v 0.480038 -0.285923 0.337501
v 0.477494 -0.287563 0.336735
v 0.474673 -0.288328 0.335634
v 0.471852 -0.288143 0.334306
v 0.469308 -0.287026 0.332881
v 0.467289 -0.285085 0.331498
v 0.465993 -0.282512 0.330292
v 0.465547 -0.279558 0.329383
v 0.465994 -0.276512 0.328858
v 0.481102 -0.272289 0.316875
v 0.483922 -0.272474 0.318203
v 0.486467 -0.273591 0.319628
v 0.488485 -0.275531 0.321011
v 0.489781 -0.278104 0.322216
v 0.490227 -0.281058 0.323126
v 0.489780 -0.284104 0.323651
v 0.488483 -0.286944 0.323740
v 0.486464 -0.289299 0.323384
v 0.483919 -0.290939 0.322618
v 0.481099 -0.291704 0.321517
v 0.478278 -0.291519 0.320189
v 0.475734 -0.290402 0.318764
v 0.473715 -0.288462 0.317381
v 0.472420 -0.285889 0.316175
v 0.471973 -0.282935 0.315266
v 0.472421 -0.279889 0.314741
v 0.473717 -0.277049 0.314652
v 0.475737 -0.274694 0.315008
v 0.478281 -0.273054 0.315774
v 0.481102 -0.273256 0.317106
v 0.483641 -0.273423 0.318302
v 0.485931 -0.274429 0.319585
v 0.487749 -0.276176 0.320830
v 0.488916 -0.278492 0.321915
v 0.489317 -0.281152 0.322734
v 0.488915 -0.283894 0.323207
v 0.487747 -0.286450 0.323287
v 0.485929 -0.288571 0.322966
v 0.483638 -0.290048 0.322277
v 0.481099 -0.290736 0.321285
v 0.478560 -0.290570 0.320090
v 0.476269 -0.289564 0.318807
v 0.474452 -0.287817 0.317562
v 0.473285 -0.285500 0.316476
v 0.472883 -0.282841 0.315658
v 0.473286 -0.280099 0.315185
v 0.474453 -0.277543 0.315105
v 0.476272 -0.275422 0.315426
v 0.478563 -0.273945 0.316115
v 0.480125 -0.273978 0.334426
v 0.478661 -0.272571 0.333422
v 0.476815 -0.271760 0.332388
v 0.474769 -0.271626 0.331425
v 0.472722 -0.272181 0.330626
v 0.470876 -0.273371 0.330070
v 0.469411 -0.275079 0.329812
v 0.468470 -0.277140 0.329877
v 0.468146 -0.279349 0.330257
v 0.468469 -0.281493 0.330917
v 0.469410 -0.283359 0.331792
v 0.470874 -0.284767 0.332795
v 0.472720 -0.285578 0.333829
v 0.474766 -0.285712 0.334793
v 0.476813 -0.285157 0.335591
v 0.478659 -0.283967 0.336147
v 0.480124 -0.282258 0.336405
v 0.481065 -0.280198 0.336341
v 0.481389 -0.277988 0.335960
v 0.481066 -0.275845 0.335300
v 0.486208 -0.277175 0.321062
v 0.484744 -0.275767 0.320059
v 0.482898 -0.274956 0.319024
v 0.480852 -0.274822 0.318061
v 0.478805 -0.275377 0.317262
v 0.476959 -0.276567 0.316707
v 0.475494 -0.278276 0.316448
v 0.474553 -0.280336 0.316513
v 0.474228 -0.282546 0.316894
v 0.474552 -0.284689 0.317554
v 0.475492 -0.286556 0.318428
v 0.476957 -0.287963 0.319431
v 0.478803 -0.288774 0.320465
v 0.480849 -0.288908 0.321429
v 0.482896 -0.288353 0.322228
v 0.484742 -0.287163 0.322783
v 0.486207 -0.285454 0.323042
v 0.487148 -0.283394 0.322977
v 0.487472 -0.281184 0.322596
v 0.487149 -0.279041 0.321936
v 0.468824 -0.283741 0.331875
v 0.467798 -0.281703 0.330920
v 0.467444 -0.279363 0.330200
v 0.467798 -0.276950 0.329784
v 0.468826 -0.274701 0.329714
v 0.470426 -0.272835 0.329996
v 0.472441 -0.271536 0.330602
v 0.474676 -0.270930 0.331474
v 0.476910 -0.271076 0.332526
v 0.478925 -0.271962 0.333655
v 0.480525 -0.273498 0.334751
v 0.481551 -0.275537 0.335706
v 0.481905 -0.277877 0.336426
v 0.481551 -0.280290 0.336842
v 0.480523 -0.282539 0.336913
v 0.478923 -0.284405 0.336631
v 0.476908 -0.285704 0.336024
v 0.474673 -0.286310 0.335152
v 0.472439 -0.286164 0.334100
v 0.470424 -0.285278 0.332971
v 0.478852 -0.331837 0.273499
v 0.479929 -0.332619 0.275333
v 0.480466 -0.333072 0.277487
v 0.480409 -0.333153 0.279750
v 0.479766 -0.332853 0.281902
v 0.478598 -0.332201 0.283731
v 0.477019 -0.331262 0.285058
v 0.475186 -0.330127 0.285753
v 0.473276 -0.328907 0.285749
v 0.471478 -0.327723 0.285046
v 0.469966 -0.326689 0.283712
v 0.468889 -0.325907 0.281878
v 0.468352 -0.325454 0.279724
v 0.468409 -0.325374 0.277460
v 0.469052 -0.325674 0.275309
v 0.470221 -0.326326 0.273480
v 0.471799 -0.327265 0.272153
v 0.473632 -0.328400 0.271457
v 0.475542 -0.329619 0.271462
v 0.477341 -0.330804 0.272165
v 0.480568 -0.332831 0.271528
v 0.482060 -0.333915 0.274069
v 0.482804 -0.334543 0.277055
v 0.482726 -0.334655 0.280193
v 0.481834 -0.334238 0.283175
v 0.480215 -0.333335 0.285710
v 0.478027 -0.332033 0.287549
v 0.475486 -0.330460 0.288513
v 0.472839 -0.328770 0.288507
v 0.470346 -0.327128 0.287532
v 0.468250 -0.325695 0.285683
v 0.466758 -0.324612 0.283141
v 0.466014 -0.323983 0.280156
v 0.466092 -0.323872 0.277018
v 0.466984 -0.324288 0.274036
v 0.468603 -0.325191 0.271501
v 0.470791 -0.326493 0.269662
v 0.473332 -0.328066 0.268698
v 0.475979 -0.329756 0.268703
v 0.478472 -0.331398 0.269679
v 0.472034 -0.346199 0.270840
v 0.473526 -0.347282 0.273382
v 0.474270 -0.347910 0.276368
v 0.474192 -0.348022 0.279505
v 0.473300 -0.347606 0.282487
v 0.471681 -0.346702 0.285022
v 0.469493 -0.345401 0.286862
v 0.466952 -0.343828 0.287826
v 0.464305 -0.342138 0.287820
v 0.461812 -0.340496 0.286845
v 0.459716 -0.339063 0.284996
v 0.458224 -0.337979 0.282454
v 0.457480 -0.337351 0.279468
v 0.457558 -0.337239 0.276331
v 0.458450 -0.337656 0.273349
v 0.460069 -0.338559 0.270814
v 0.462257 -0.339861 0.268974
v 0.464798 -0.341434 0.268010
v 0.467445 -0.343124 0.268016
v 0.469938 -0.344766 0.268991
v 0.470318 -0.345205 0.272812
v 0.471395 -0.345987 0.274645
v 0.471932 -0.346440 0.276799
v 0.471875 -0.346520 0.279063
v 0.471232 -0.346220 0.281215
v 0.470063 -0.345568 0.283043
v 0.468485 -0.344629 0.284370
v 0.466652 -0.343494 0.285066
v 0.464742 -0.342275 0.285062
v 0.462943 -0.341090 0.284358
v 0.461432 -0.340057 0.283024
v 0.460355 -0.339275 0.281191
v 0.459818 -0.338822 0.279036
v 0.459875 -0.338741 0.276773
v 0.460518 -0.339041 0.274621
v 0.461686 -0.339693 0.272792
v 0.463264 -0.340632 0.271465
v 0.465098 -0.341767 0.270770
v 0.467008 -0.342986 0.270774
v 0.468806 -0.344171 0.271478
v 0.460159 -0.338419 0.270821
v 0.458540 -0.337516 0.273356
v 0.457648 -0.337099 0.276338
v 0.457569 -0.337211 0.279475
v 0.458313 -0.337839 0.282461
v 0.459806 -0.338923 0.285003
v 0.461901 -0.340356 0.286852
v 0.464394 -0.341998 0.287827
v 0.467041 -0.343688 0.287833
v 0.469583 -0.345261 0.286869
v 0.471770 -0.346563 0.285029
v 0.473389 -0.347466 0.282495
v 0.474281 -0.347882 0.279512
v 0.474359 -0.347771 0.276375
v 0.473616 -0.347142 0.273389
v 0.472123 -0.346059 0.270847
v 0.470028 -0.344626 0.268998
v 0.467534 -0.342984 0.268023
v 0.464887 -0.341294 0.268017
v 0.462346 -0.339721 0.268981
v 0.468513 -0.325334 0.271494
v 0.466894 -0.324430 0.274029
v 0.466001 -0.324014 0.277011
v 0.465923 -0.324126 0.280148
v 0.466667 -0.324754 0.283134
v 0.468160 -0.325838 0.285676
v 0.470255 -0.327270 0.287525
v 0.472748 -0.328912 0.288500
v 0.475395 -0.330602 0.288506
v 0.477937 -0.332175 0.287542
v 0.480124 -0.333477 0.285702
v 0.481743 -0.334380 0.283167
v 0.482635 -0.334797 0.280185
v 0.482713 -0.334685 0.277048
v 0.481970 -0.334057 0.274062
v 0.480477 -0.332973 0.271520
v 0.478382 -0.331540 0.269671
v 0.475888 -0.329899 0.268696
v 0.473241 -0.328209 0.268690
v 0.470700 -0.326636 0.269654
v 0.463785 -0.332739 0.271113
v 0.462166 -0.331836 0.273648
v 0.461274 -0.331420 0.276630
v 0.461196 -0.331531 0.279767
v 0.461939 -0.332159 0.282753
v 0.463432 -0.333243 0.285295
v 0.465527 -0.334676 0.287144
v 0.468020 -0.336318 0.288119
v 0.470667 -0.338008 0.288125
v 0.473209 -0.339581 0.287161
v 0.475396 -0.340883 0.285321
v 0.477015 -0.341786 0.282787
v 0.477907 -0.342202 0.279804
v 0.477986 -0.342091 0.276667
v 0.477242 -0.341462 0.273681
v 0.475749 -0.340379 0.271139
v 0.473654 -0.338946 0.269290
v 0.471161 -0.337304 0.268315
v 0.468514 -0.335614 0.268310
v 0.465972 -0.334041 0.269273
v 0.461062 -0.337004 0.270894
v 0.459443 -0.336101 0.273428
v 0.458551 -0.335685 0.276411
v 0.458472 -0.335796 0.279548
v 0.459216 -0.336425 0.282534
v 0.460709 -0.337508 0.285076
v 0.462804 -0.338941 0.286925
v 0.465297 -0.340583 0.287900
v 0.467944 -0.342273 0.287906
v 0.470486 -0.343846 0.286942
v 0.472673 -0.345148 0.285102
v 0.474292 -0.346051 0.282567
v 0.475184 -0.346468 0.279585
v 0.475262 -0.346356 0.276448
v 0.474519 -0.345728 0.273462
v 0.473026 -0.344644 0.270920
v 0.470931 -0.343211 0.269071
v 0.468437 -0.341569 0.268096
v 0.465791 -0.339879 0.268090
v 0.463249 -0.338306 0.269054
v 0.458491 -0.337683 0.273374
v 0.457604 -0.337269 0.276339
v 0.457527 -0.337380 0.279460
v 0.458266 -0.338005 0.282429
v 0.459750 -0.339083 0.284957
v 0.461834 -0.340507 0.286795
v 0.464314 -0.342140 0.287765
v 0.466946 -0.343821 0.287771
v 0.469473 -0.345385 0.286812
v 0.471648 -0.346680 0.284983
v 0.473258 -0.347578 0.282462
v 0.474146 -0.347992 0.279496
v 0.474223 -0.347881 0.276376
v 0.473484 -0.347256 0.273407
v 0.472000 -0.346179 0.270879
v 0.469916 -0.344754 0.269041
v 0.467436 -0.343121 0.268071
v 0.464804 -0.341440 0.268065
v 0.462277 -0.339876 0.269024
v 0.460101 -0.338581 0.270853
v 0.466801 -0.324638 0.283116
v 0.468285 -0.325715 0.285644
v 0.470369 -0.327140 0.287482
v 0.472848 -0.328773 0.288452
v 0.475480 -0.330454 0.288458
v 0.478007 -0.332018 0.287499
v 0.480182 -0.333312 0.285670
v 0.481792 -0.334210 0.283149
v 0.482679 -0.334624 0.280184
v 0.482757 -0.334514 0.277064
v 0.482018 -0.333889 0.274095
v 0.480533 -0.332811 0.271567
v 0.478450 -0.331386 0.269729
v 0.475970 -0.329754 0.268759
v 0.473338 -0.328073 0.268753
v 0.470811 -0.326509 0.269712
v 0.468636 -0.325214 0.271541
v 0.467026 -0.324316 0.274062
v 0.466139 -0.323902 0.277027
v 0.466061 -0.324013 0.280147
v 0.467559 -0.325099 0.282666
v 0.468895 -0.326069 0.284942
v 0.470771 -0.327352 0.286597
v 0.473003 -0.328822 0.287470
v 0.475373 -0.330335 0.287475
v 0.477648 -0.331743 0.286612
v 0.479607 -0.332909 0.284965
v 0.481056 -0.333717 0.282696
v 0.481855 -0.334090 0.280026
v 0.481925 -0.333990 0.277217
v 0.481259 -0.333428 0.274544
v 0.479923 -0.332457 0.272269
v 0.478047 -0.331175 0.270614
v 0.475815 -0.329705 0.269741
v 0.473445 -0.328192 0.269735
v 0.471170 -0.326783 0.270598
v 0.469212 -0.325618 0.272245
v 0.467762 -0.324809 0.274515
v 0.466963 -0.324437 0.277184
v 0.466893 -0.324537 0.279993
v 0.464866 -0.342081 0.285072
v 0.463067 -0.340897 0.284368
v 0.461555 -0.339863 0.283034
v 0.460478 -0.339081 0.281200
v 0.459942 -0.338628 0.279046
v 0.459998 -0.338548 0.276783
v 0.460642 -0.338848 0.274631
v 0.461810 -0.339500 0.272802
v 0.463388 -0.340439 0.271475
v 0.465222 -0.341574 0.270780
v 0.467131 -0.342793 0.270784
v 0.468930 -0.343978 0.271488
v 0.470442 -0.345011 0.272822
v 0.471519 -0.345793 0.274655
v 0.472055 -0.346246 0.276809
v 0.471999 -0.346327 0.279073
v 0.471355 -0.346026 0.281224
v 0.470187 -0.345375 0.283053
v 0.468609 -0.344436 0.284380
v 0.466775 -0.343301 0.285076
v 0.472944 -0.329427 0.285722
v 0.471146 -0.328243 0.285019
v 0.469634 -0.327209 0.283685
v 0.468557 -0.326427 0.281851
v 0.468020 -0.325974 0.279697
v 0.468077 -0.325894 0.277433
v 0.468721 -0.326194 0.275282
v 0.469889 -0.326846 0.273453
v 0.471467 -0.327785 0.272126
v 0.473300 -0.328920 0.271431
v 0.475210 -0.330139 0.271435
v 0.477009 -0.331324 0.272138
v 0.478520 -0.332357 0.273472
v 0.479597 -0.333139 0.275306
v 0.480134 -0.333592 0.277460
v 0.480077 -0.333673 0.279724
v 0.479434 -0.333372 0.281875
v 0.478266 -0.332721 0.283704
v 0.476687 -0.331782 0.285031
v 0.474854 -0.330647 0.285727
v 0.467112 -0.343019 0.270118
v 0.465027 -0.341688 0.270113
v 0.463025 -0.340449 0.270873
v 0.461302 -0.339423 0.272322
v 0.460026 -0.338712 0.274318
v 0.459323 -0.338384 0.276668
v 0.459262 -0.338472 0.279139
v 0.459848 -0.338966 0.281491
v 0.461024 -0.339820 0.283493
v 0.462674 -0.340949 0.284950
v 0.464638 -0.342242 0.285718
v 0.466723 -0.343574 0.285723
v 0.468725 -0.344813 0.284963
v 0.470448 -0.345838 0.283514
v 0.471724 -0.346550 0.281517
v 0.472427 -0.346878 0.279168
v 0.472488 -0.346790 0.276697
v 0.471902 -0.346295 0.274345
v 0.470726 -0.345441 0.272342
v 0.469076 -0.344313 0.270886
v 0.534777 -0.244240 0.278004
v 0.535854 -0.245021 0.279837
v 0.536390 -0.245475 0.281991
v 0.536334 -0.245555 0.284255
v 0.535690 -0.245255 0.286407
v 0.534522 -0.244603 0.288235
v 0.532944 -0.243664 0.289562
v 0.531111 -0.242529 0.290258
v 0.529201 -0.241310 0.290254
v 0.527402 -0.240125 0.289550
v 0.525890 -0.239092 0.288216
v 0.524814 -0.238310 0.286382
v 0.524277 -0.237856 0.284228
v 0.524334 -0.237776 0.281965
v 0.524977 -0.238076 0.279813
v 0.526145 -0.238728 0.277984
v 0.527723 -0.239667 0.276657
v 0.529557 -0.240802 0.275962
v 0.531467 -0.242021 0.275966
v 0.533265 -0.243206 0.276670
v 0.536492 -0.245233 0.276032
v 0.537985 -0.246317 0.278574
v 0.538729 -0.246945 0.281560
v 0.538651 -0.247057 0.284697
v 0.537758 -0.246641 0.287679
v 0.536139 -0.245737 0.290214
v 0.533952 -0.244436 0.292054
v 0.531411 -0.242863 0.293018
v 0.528764 -0.241172 0.293012
v 0.526271 -0.239531 0.292037
v 0.524175 -0.238098 0.290188
v 0.522682 -0.237014 0.287646
v 0.521939 -0.236386 0.284660
v 0.522017 -0.236274 0.281523
v 0.522909 -0.236691 0.278541
v 0.524528 -0.237594 0.276006
v 0.526716 -0.238896 0.274166
v 0.529257 -0.240469 0.273202
v 0.531904 -0.242159 0.273208
v 0.534397 -0.243801 0.274183
v 0.527958 -0.258601 0.275345
v 0.529451 -0.259685 0.277886
v 0.530195 -0.260313 0.280872
v 0.530117 -0.260424 0.284010
v 0.529224 -0.260008 0.286992
v 0.527605 -0.259105 0.289527
v 0.525418 -0.257803 0.291366
v 0.522877 -0.256230 0.292330
v 0.520230 -0.254540 0.292324
v 0.517736 -0.252898 0.291349
v 0.515641 -0.251465 0.289500
v 0.514148 -0.250381 0.286959
v 0.513405 -0.249753 0.283973
v 0.513483 -0.249642 0.280835
v 0.514375 -0.250058 0.277853
v 0.515994 -0.250961 0.275318
v 0.518181 -0.252263 0.273479
v 0.520723 -0.253836 0.272515
v 0.523370 -0.255526 0.272521
v 0.525863 -0.257168 0.273496
v 0.526243 -0.257607 0.277316
v 0.527320 -0.258389 0.279150
v 0.527856 -0.258842 0.281304
v 0.527800 -0.258923 0.283568
v 0.527156 -0.258622 0.285719
v 0.525988 -0.257971 0.287548
v 0.524410 -0.257031 0.288875
v 0.522577 -0.255897 0.289571
v 0.520667 -0.254677 0.289566
v 0.518868 -0.253493 0.288863
v 0.517356 -0.252459 0.287529
v 0.516280 -0.251677 0.285695
v 0.515743 -0.251224 0.283541
v 0.515799 -0.251143 0.281277
v 0.516443 -0.251444 0.279126
v 0.517611 -0.252095 0.277297
v 0.519189 -0.253035 0.275970
v 0.521023 -0.254169 0.275275
v 0.522932 -0.255389 0.275279
v 0.524731 -0.256573 0.275982
v 0.516083 -0.250821 0.275325
v 0.514464 -0.249918 0.277860
v 0.513572 -0.249502 0.280842
v 0.513494 -0.249613 0.283980
v 0.514238 -0.250242 0.286966
v 0.515730 -0.251325 0.289508
v 0.517826 -0.252758 0.291356
v 0.520319 -0.254400 0.292332
v 0.522966 -0.256090 0.292337
v 0.525507 -0.257663 0.291373
v 0.527695 -0.258965 0.289534
v 0.529314 -0.259868 0.286999
v 0.530206 -0.260284 0.284017
v 0.530284 -0.260173 0.280879
v 0.529540 -0.259545 0.277894
v 0.528048 -0.258461 0.275352
v 0.525952 -0.257028 0.273503
v 0.523459 -0.255386 0.272528
v 0.520812 -0.253696 0.272522
v 0.518271 -0.252123 0.273486
v 0.524437 -0.237736 0.275998
v 0.522818 -0.236833 0.278533
v 0.521926 -0.236416 0.281515
v 0.521848 -0.236528 0.284653
v 0.522592 -0.237156 0.287639
v 0.524084 -0.238240 0.290180
v 0.526180 -0.239673 0.292029
v 0.528673 -0.241315 0.293004
v 0.531320 -0.243005 0.293010
v 0.533861 -0.244578 0.292046
v 0.536049 -0.245880 0.290207
v 0.537668 -0.246783 0.287672
v 0.538560 -0.247199 0.284690
v 0.538638 -0.247088 0.281552
v 0.537894 -0.246459 0.278567
v 0.536402 -0.245376 0.276025
v 0.534306 -0.243943 0.274176
v 0.531813 -0.242301 0.273201
v 0.529166 -0.240611 0.273195
v 0.526625 -0.239038 0.274159
v 0.519710 -0.245141 0.275618
v 0.518091 -0.244238 0.278152
v 0.517198 -0.243822 0.281135
v 0.517120 -0.243933 0.284272
v 0.517864 -0.244562 0.287258
v 0.519356 -0.245645 0.289800
v 0.521452 -0.247078 0.291649
v 0.523945 -0.248720 0.292624
v 0.526592 -0.250410 0.292629
v 0.529134 -0.251983 0.291665
v 0.531321 -0.253285 0.289826
v 0.532940 -0.254188 0.287291
v 0.533832 -0.254604 0.284309
v 0.533910 -0.254493 0.281172
v 0.533167 -0.253865 0.278186
v 0.531674 -0.252781 0.275644
v 0.529579 -0.251348 0.273795
v 0.527085 -0.249706 0.272820
v 0.524438 -0.248016 0.272814
v 0.521897 -0.246443 0.273778
v 0.516986 -0.249407 0.275398
v 0.515368 -0.248504 0.277933
v 0.514475 -0.248087 0.280915
v 0.514397 -0.248199 0.284053
v 0.515141 -0.248827 0.287038
v 0.516633 -0.249911 0.289580
v 0.518729 -0.251344 0.291429
v 0.521222 -0.252985 0.292404
v 0.523869 -0.254676 0.292410
v 0.526410 -0.256248 0.291446
v 0.528598 -0.257550 0.289607
v 0.530217 -0.258454 0.287072
v 0.531109 -0.258870 0.284090
v 0.531187 -0.258758 0.280952
v 0.530443 -0.258130 0.277966
v 0.528951 -0.257046 0.275425
v 0.526855 -0.255614 0.273576
v 0.524362 -0.253972 0.272601
v 0.521715 -0.252282 0.272595
v 0.519174 -0.250709 0.273559
v 0.514416 -0.250086 0.277878
v 0.513529 -0.249672 0.280844
v 0.513451 -0.249782 0.283964
v 0.514191 -0.250407 0.286933
v 0.515675 -0.251485 0.289461
v 0.517759 -0.252910 0.291300
v 0.520238 -0.254543 0.292270
v 0.522871 -0.256223 0.292275
v 0.525398 -0.257788 0.291317
v 0.527573 -0.259082 0.289487
v 0.529183 -0.259980 0.286967
v 0.530070 -0.260394 0.284001
v 0.530148 -0.260284 0.280881
v 0.529409 -0.259659 0.277912
v 0.527924 -0.258581 0.275384
v 0.525840 -0.257156 0.273545
v 0.523361 -0.255523 0.272575
v 0.520729 -0.253843 0.272570
v 0.518201 -0.252278 0.273528
v 0.516026 -0.250984 0.275358
v 0.522725 -0.237040 0.287621
v 0.524210 -0.238118 0.290148
v 0.526293 -0.239543 0.291987
v 0.528772 -0.241175 0.292956
v 0.531405 -0.242856 0.292962
v 0.533932 -0.244420 0.292004
v 0.536107 -0.245715 0.290174
v 0.537717 -0.246613 0.287654
v 0.538604 -0.247027 0.284688
v 0.538682 -0.246916 0.281568
v 0.537942 -0.246291 0.278599
v 0.536458 -0.245214 0.276072
v 0.534374 -0.243789 0.274233
v 0.531895 -0.242156 0.273263
v 0.529263 -0.240475 0.273258
v 0.526736 -0.238911 0.274216
v 0.524561 -0.237617 0.276045
v 0.522951 -0.236718 0.278566
v 0.522063 -0.236304 0.281532
v 0.521986 -0.236415 0.284652
v 0.523484 -0.237501 0.287171
v 0.524820 -0.238471 0.289446
v 0.526696 -0.239754 0.291102
v 0.528928 -0.241224 0.291975
v 0.531298 -0.242737 0.291980
v 0.533573 -0.244145 0.291117
v 0.535531 -0.245311 0.289470
v 0.536981 -0.246119 0.287201
v 0.537779 -0.246492 0.284531
v 0.537849 -0.246392 0.281722
v 0.537184 -0.245830 0.279049
v 0.535847 -0.244860 0.276774
v 0.533971 -0.243577 0.275118
v 0.531739 -0.242107 0.274245
v 0.529370 -0.240594 0.274240
v 0.527094 -0.239186 0.275103
v 0.525136 -0.238020 0.276750
v 0.523687 -0.237212 0.279019
v 0.522888 -0.236839 0.281689
v 0.522818 -0.236939 0.284498
v 0.520791 -0.254484 0.289576
v 0.518992 -0.253299 0.288873
v 0.517480 -0.252265 0.287539
v 0.516403 -0.251484 0.285705
v 0.515867 -0.251030 0.283551
v 0.515923 -0.250950 0.281287
v 0.516567 -0.251250 0.279136
v 0.517735 -0.251902 0.277307
v 0.519313 -0.252841 0.275980
v 0.521146 -0.253976 0.275284
v 0.523056 -0.255195 0.275289
v 0.524855 -0.256380 0.275992
v 0.526366 -0.257414 0.277326
v 0.527443 -0.258195 0.279160
v 0.527980 -0.258649 0.281314
v 0.527923 -0.258729 0.283578
v 0.527280 -0.258429 0.285729
v 0.526112 -0.257777 0.287558
v 0.524534 -0.256838 0.288885
v 0.522700 -0.255703 0.289580
v 0.528869 -0.241830 0.290227
v 0.527070 -0.240645 0.289523
v 0.525559 -0.239611 0.288190
v 0.524482 -0.238830 0.286356
v 0.523945 -0.238376 0.284202
v 0.524002 -0.238296 0.281938
v 0.524645 -0.238596 0.279787
v 0.525813 -0.239248 0.277958
v 0.527391 -0.240187 0.276631
v 0.529225 -0.241322 0.275935
v 0.531135 -0.242541 0.275939
v 0.532933 -0.243726 0.276643
v 0.534445 -0.244760 0.277977
v 0.535522 -0.245541 0.279811
v 0.536058 -0.245995 0.281965
v 0.536002 -0.246075 0.284228
v 0.535358 -0.245775 0.286380
v 0.534190 -0.245123 0.288209
v 0.532612 -0.244184 0.289536
v 0.530779 -0.243049 0.290231
v 0.523036 -0.255422 0.274622
v 0.520951 -0.254090 0.274618
v 0.518949 -0.252851 0.275377
v 0.517226 -0.251826 0.276826
v 0.515951 -0.251114 0.278823
v 0.515248 -0.250786 0.281172
v 0.515187 -0.250874 0.283644
v 0.515772 -0.251369 0.285996
v 0.516948 -0.252222 0.287998
v 0.518599 -0.253351 0.289454
v 0.520563 -0.254645 0.290223
v 0.522648 -0.255976 0.290227
v 0.524650 -0.257215 0.289468
v 0.526373 -0.258241 0.288019
v 0.527648 -0.258952 0.286022
v 0.528351 -0.259280 0.283673
v 0.528413 -0.259192 0.281201
v 0.527827 -0.258697 0.278849
v 0.526651 -0.257844 0.276847
v 0.525000 -0.256715 0.275391
v 0.526510 -0.328755 0.294817
v 0.529697 -0.327739 0.290745
v 0.533208 -0.325394 0.287593
v 0.536701 -0.321949 0.285669
v 0.539832 -0.317742 0.285161
v 0.542297 -0.313184 0.286120
v 0.543852 -0.308722 0.288450
v 0.544347 -0.304792 0.291925
v 0.543733 -0.301779 0.296204
v 0.542069 -0.299978 0.300868
v 0.539519 -0.299565 0.305461
v 0.536332 -0.300581 0.309533
v 0.532821 -0.302926 0.312685
v 0.529329 -0.306370 0.314609
v 0.526197 -0.310578 0.315117
v 0.523733 -0.315136 0.314158
v 0.522177 -0.319598 0.311828
v 0.521682 -0.323528 0.308353
v 0.522297 -0.326541 0.304074
v 0.523960 -0.328342 0.299410
v 0.520006 -0.343350 0.289495
v 0.526379 -0.341318 0.281351
v 0.533402 -0.336628 0.275047
v 0.540387 -0.329739 0.271199
v 0.546650 -0.321325 0.270183
v 0.551578 -0.312209 0.272100
v 0.554690 -0.303284 0.276762
v 0.555679 -0.295424 0.283711
v 0.554450 -0.289398 0.292269
v 0.551123 -0.285796 0.301598
v 0.546023 -0.284970 0.310783
v 0.539650 -0.287001 0.318926
v 0.532628 -0.291692 0.325231
v 0.525643 -0.298581 0.329079
v 0.519380 -0.306995 0.330095
v 0.514451 -0.316111 0.328178
v 0.511340 -0.325036 0.323516
v 0.510350 -0.332896 0.316566
v 0.511579 -0.338922 0.308008
v 0.514906 -0.342524 0.298680
v 0.533024 -0.352073 0.297507
v 0.539397 -0.350042 0.289363
v 0.546420 -0.345352 0.283059
v 0.553405 -0.338462 0.279211
v 0.559668 -0.330048 0.278195
v 0.564597 -0.320932 0.280112
v 0.567708 -0.312007 0.284774
v 0.568698 -0.304147 0.291723
v 0.567469 -0.298121 0.300281
v 0.564141 -0.294519 0.309609
v 0.559042 -0.293693 0.318795
v 0.552669 -0.295725 0.326938
v 0.545646 -0.300415 0.333243
v 0.538661 -0.307304 0.337091
v 0.532398 -0.315719 0.338106
v 0.527469 -0.324834 0.336190
v 0.524358 -0.333759 0.331528
v 0.523368 -0.341619 0.324578
v 0.524597 -0.347645 0.316020
v 0.527924 -0.351247 0.306692
v 0.541416 -0.333244 0.304373
v 0.543678 -0.332523 0.301482
v 0.546170 -0.330858 0.299245
v 0.548650 -0.328413 0.297879
v 0.550873 -0.325426 0.297518
v 0.552622 -0.322191 0.298199
v 0.553726 -0.319023 0.299853
v 0.554078 -0.316233 0.302320
v 0.553641 -0.314094 0.305358
v 0.552460 -0.312815 0.308669
v 0.550650 -0.312522 0.311929
v 0.548388 -0.313244 0.314819
v 0.545896 -0.314908 0.317057
v 0.543416 -0.317354 0.318423
v 0.541193 -0.320340 0.318783
v 0.539444 -0.323576 0.318103
v 0.538340 -0.326743 0.316448
v 0.537988 -0.329533 0.313982
v 0.538424 -0.331672 0.310944
v 0.539606 -0.332951 0.307633
v 0.533015 -0.314160 0.300139
v 0.561154 -0.333015 0.317457
v 0.524427 -0.347531 0.315915
v 0.523198 -0.341505 0.324473
v 0.524187 -0.333645 0.331423
v 0.527299 -0.324720 0.336085
v 0.532227 -0.315604 0.338001
v 0.538490 -0.307190 0.336986
v 0.545475 -0.300300 0.333138
v 0.552498 -0.295610 0.326833
v 0.558871 -0.293579 0.318690
v 0.563971 -0.294404 0.309504
v 0.567298 -0.298007 0.300176
v 0.568527 -0.304033 0.291618
v 0.567537 -0.311893 0.284669
v 0.564426 -0.320818 0.280007
v 0.559497 -0.329933 0.278090
v 0.553234 -0.338348 0.279106
v 0.546249 -0.345237 0.282954
v 0.539227 -0.349927 0.289258
v 0.532853 -0.351959 0.297402
v 0.527754 -0.351133 0.306587
v 0.522350 -0.346139 0.314637
v 0.521121 -0.340113 0.323195
v 0.522110 -0.332253 0.330145
v 0.525222 -0.323328 0.334806
v 0.530150 -0.314213 0.336723
v 0.536413 -0.305798 0.335708
v 0.543398 -0.298909 0.331860
v 0.550421 -0.294219 0.325555
v 0.556794 -0.292187 0.317412
v 0.561894 -0.293013 0.308226
v 0.565221 -0.296615 0.298898
v 0.566450 -0.302641 0.290340
v 0.565460 -0.310501 0.283390
v 0.562349 -0.319426 0.278729
v 0.557421 -0.328542 0.276812
v 0.551157 -0.336956 0.277827
v 0.544173 -0.343846 0.281676
v 0.537150 -0.348536 0.287980
v 0.530777 -0.350567 0.296124
v 0.525677 -0.349742 0.305309
v 0.523618 -0.346989 0.315418
v 0.522389 -0.340963 0.323976
v 0.523379 -0.333103 0.330925
v 0.526490 -0.324178 0.335587
v 0.531418 -0.315062 0.337504
v 0.537682 -0.306648 0.336488
v 0.544666 -0.299758 0.332640
v 0.551689 -0.295068 0.326336
v 0.558062 -0.293037 0.318192
v 0.563162 -0.293862 0.309007
v 0.566489 -0.297465 0.299678
v 0.567718 -0.303491 0.291121
v 0.566729 -0.311351 0.284171
v 0.563617 -0.320276 0.279509
v 0.558689 -0.329391 0.277592
v 0.552425 -0.337806 0.278608
v 0.545441 -0.344695 0.282456
v 0.538418 -0.349385 0.288761
v 0.532045 -0.351417 0.296904
v 0.526945 -0.350591 0.306089
v 0.518238 -0.343385 0.312107
v 0.517010 -0.337358 0.320665
v 0.517999 -0.329498 0.327615
v 0.521111 -0.320574 0.332276
v 0.526039 -0.311458 0.334193
v 0.532302 -0.303043 0.333178
v 0.539287 -0.296154 0.329329
v 0.546310 -0.291464 0.323025
v 0.552683 -0.289432 0.314881
v 0.557783 -0.290258 0.305696
v 0.561110 -0.293860 0.296368
v 0.562339 -0.299886 0.287810
v 0.561349 -0.307746 0.280860
v 0.558238 -0.316671 0.276199
v 0.553309 -0.325787 0.274282
v 0.547046 -0.334201 0.275297
v 0.540061 -0.341091 0.279145
v 0.533039 -0.345781 0.285450
v 0.526665 -0.347812 0.293593
v 0.521566 -0.346987 0.302779
v 0.524129 -0.347332 0.315732
v 0.522900 -0.341305 0.324290
v 0.523890 -0.333445 0.331240
v 0.527001 -0.324521 0.335901
v 0.531930 -0.315405 0.337818
v 0.538193 -0.306990 0.336803
v 0.545178 -0.300101 0.332955
v 0.552200 -0.295411 0.326650
v 0.558574 -0.293379 0.318507
v 0.563673 -0.294205 0.309321
v 0.567001 -0.297807 0.299993
v 0.568229 -0.303833 0.291435
v 0.567240 -0.311694 0.284486
v 0.564128 -0.320618 0.279824
v 0.559200 -0.329734 0.277907
v 0.552937 -0.338148 0.278923
v 0.545952 -0.345038 0.282771
v 0.538929 -0.349728 0.289075
v 0.532556 -0.351760 0.297219
v 0.527456 -0.350934 0.306404
v 0.539163 -0.326330 0.315561
v 0.540149 -0.323502 0.317038
v 0.541711 -0.320612 0.317646
v 0.543696 -0.317945 0.317324
v 0.545910 -0.315761 0.316104
v 0.548136 -0.314275 0.314106
v 0.550156 -0.313631 0.311525
v 0.551773 -0.313893 0.308613
v 0.552827 -0.315034 0.305656
v 0.553217 -0.316945 0.302944
v 0.552903 -0.319436 0.300741
v 0.551917 -0.322265 0.299264
v 0.550355 -0.325154 0.298656
v 0.548370 -0.327821 0.298978
v 0.546156 -0.330005 0.300198
v 0.543930 -0.331491 0.302196
v 0.541910 -0.332135 0.304777
v 0.540293 -0.331874 0.307689
v 0.539239 -0.330732 0.310645
v 0.538849 -0.328822 0.313358
v 0.539279 -0.319334 0.322990
v 0.542381 -0.315166 0.322487
v 0.545841 -0.311753 0.320580
v 0.549320 -0.309430 0.317457
v 0.552477 -0.308424 0.313423
v 0.555003 -0.308833 0.308873
v 0.556651 -0.310617 0.304253
v 0.557260 -0.313602 0.300013
v 0.556770 -0.317496 0.296571
v 0.555229 -0.321917 0.294262
v 0.552787 -0.326432 0.293312
v 0.549685 -0.330600 0.293815
v 0.546225 -0.334013 0.295721
v 0.542746 -0.336336 0.298844
v 0.539589 -0.337343 0.302878
v 0.537063 -0.336934 0.307428
v 0.535415 -0.335149 0.312049
v 0.534806 -0.332164 0.316288
v 0.535296 -0.328271 0.319731
v 0.536837 -0.323850 0.322040
v 0.133298 -0.513979 0.239606
v 0.141851 -0.518500 0.227394
v 0.153776 -0.520422 0.217555
v 0.167908 -0.519558 0.211052
v 0.182861 -0.515991 0.208521
v 0.197172 -0.510072 0.210211
v 0.209442 -0.502378 0.215956
v 0.218467 -0.493664 0.225193
v 0.223366 -0.484783 0.237018
v 0.223658 -0.476603 0.250275
v 0.219315 -0.469925 0.263664
v 0.210763 -0.465404 0.275876
v 0.198837 -0.463482 0.285715
v 0.184706 -0.464346 0.292218
v 0.169753 -0.467913 0.294749
v 0.155441 -0.473833 0.293059
v 0.143172 -0.481526 0.287314
v 0.134146 -0.490240 0.278077
v 0.129247 -0.499122 0.266251
v 0.128955 -0.507302 0.252995
v 0.106014 -0.527952 0.231975
v 0.119993 -0.535341 0.212016
v 0.139484 -0.538483 0.195935
v 0.162579 -0.537071 0.185306
v 0.187018 -0.531241 0.181171
v 0.210409 -0.521566 0.183933
v 0.230462 -0.508992 0.193322
v 0.245213 -0.494750 0.208419
v 0.253219 -0.480234 0.227746
v 0.253697 -0.466865 0.249412
v 0.246599 -0.455952 0.271295
v 0.232620 -0.448563 0.291254
v 0.213130 -0.445421 0.307334
v 0.190034 -0.446834 0.317963
v 0.165595 -0.452663 0.322099
v 0.142204 -0.462338 0.319337
v 0.122152 -0.474912 0.309948
v 0.107401 -0.489154 0.294851
v 0.099394 -0.503670 0.275524
v 0.098917 -0.517039 0.253858
v 0.109518 -0.538209 0.238226
v 0.123497 -0.545598 0.218267
v 0.142988 -0.548740 0.202187
v 0.166084 -0.547327 0.191558
v 0.190523 -0.541498 0.187423
v 0.213913 -0.531823 0.190184
v 0.233966 -0.519249 0.199574
v 0.248717 -0.505007 0.214670
v 0.256724 -0.490491 0.233998
v 0.257201 -0.477122 0.255664
v 0.250104 -0.466209 0.277547
v 0.236125 -0.458820 0.297506
v 0.216634 -0.455678 0.313586
v 0.193538 -0.457090 0.324215
v 0.169099 -0.462920 0.328350
v 0.145709 -0.472595 0.325589
v 0.125656 -0.485169 0.316199
v 0.110905 -0.499411 0.301103
v 0.102898 -0.513927 0.281775
v 0.102421 -0.527295 0.260110
v 0.176307 -0.491952 0.251635
v 0.148557 -0.492375 0.291540
v 0.160130 -0.485118 0.296959
v 0.173629 -0.479534 0.298553
v 0.187733 -0.476170 0.296166
v 0.201062 -0.475355 0.290032
v 0.212311 -0.477168 0.280752
v 0.220378 -0.481433 0.269233
v 0.224475 -0.487731 0.256604
v 0.224199 -0.495446 0.244100
v 0.219579 -0.503824 0.232946
v 0.211065 -0.512043 0.224233
v 0.199492 -0.519300 0.218814
v 0.185993 -0.524884 0.217220
v 0.171889 -0.528248 0.219607
v 0.158560 -0.529063 0.225741
v 0.147311 -0.527250 0.235021
v 0.139244 -0.522985 0.246540
v 0.135147 -0.516687 0.259169
v 0.135423 -0.508972 0.271673
v 0.140044 -0.500594 0.282828
v 0.177781 -0.580850 0.324925
v 0.184055 -0.574793 0.331346
v 0.192583 -0.569446 0.335339
v 0.202531 -0.565331 0.336513
v 0.212925 -0.562852 0.334755
v 0.222747 -0.562251 0.330234
v 0.231037 -0.563587 0.323395
v 0.236982 -0.566730 0.314907
v 0.240001 -0.571371 0.305600
v 0.239797 -0.577057 0.296385
v 0.236392 -0.583230 0.288165
v 0.230119 -0.589288 0.281745
v 0.221590 -0.594635 0.277752
v 0.211642 -0.598750 0.276577
v 0.201248 -0.601229 0.278336
v 0.191426 -0.601830 0.282856
v 0.183137 -0.600494 0.289695
v 0.177192 -0.597351 0.298184
v 0.174173 -0.592710 0.307491
v 0.174376 -0.587024 0.316705
v 0.170605 -0.564110 0.338763
v 0.183199 -0.556213 0.344660
v 0.197889 -0.550136 0.346394
v 0.213239 -0.546475 0.343797
v 0.227744 -0.545588 0.337121
v 0.239985 -0.547561 0.327022
v 0.248764 -0.552202 0.314487
v 0.253222 -0.559056 0.300743
v 0.252922 -0.567452 0.287136
v 0.247894 -0.576569 0.274997
v 0.238629 -0.585514 0.265516
v 0.226035 -0.593411 0.259619
v 0.211345 -0.599487 0.257884
v 0.195995 -0.603149 0.260482
v 0.181490 -0.604036 0.267157
v 0.169249 -0.602062 0.277256
v 0.160470 -0.597422 0.289791
v 0.156012 -0.590568 0.303535
v 0.156312 -0.582171 0.317143
v 0.161340 -0.573054 0.329281
v 0.177735 -0.579878 0.324143
v 0.183947 -0.573881 0.330500
v 0.192391 -0.568586 0.334453
v 0.202240 -0.564512 0.335616
v 0.212531 -0.562058 0.333875
v 0.222256 -0.561463 0.329399
v 0.230463 -0.562786 0.322628
v 0.236349 -0.565897 0.314224
v 0.239338 -0.570493 0.305009
v 0.239137 -0.576122 0.295886
v 0.235765 -0.582234 0.287748
v 0.229554 -0.588231 0.281391
v 0.221110 -0.593526 0.277437
v 0.211261 -0.597600 0.276274
v 0.200970 -0.600054 0.278016
v 0.191245 -0.600649 0.282491
v 0.183038 -0.599326 0.289262
v 0.177152 -0.596215 0.297667
v 0.174163 -0.591619 0.306881
v 0.174364 -0.585990 0.316004
v 0.192327 -0.534261 0.331909
v 0.206432 -0.530897 0.329523
v 0.219761 -0.530082 0.323389
v 0.231009 -0.531895 0.314108
v 0.239077 -0.536159 0.302590
v 0.243173 -0.542458 0.289961
v 0.242897 -0.550173 0.277457
v 0.238277 -0.558551 0.266302
v 0.229763 -0.566770 0.257590
v 0.218191 -0.574027 0.252171
v 0.204691 -0.579610 0.250577
v 0.190587 -0.582975 0.252964
v 0.177258 -0.583790 0.259098
v 0.166009 -0.581977 0.268378
v 0.157942 -0.577712 0.279897
v 0.153846 -0.571414 0.292526
v 0.154121 -0.563698 0.305030
v 0.158742 -0.555321 0.316185
v 0.167255 -0.547101 0.324898
v 0.178828 -0.539845 0.330316
v 0.192032 -0.531515 0.352635
v 0.211935 -0.526768 0.349267
v 0.192328 -0.532380 0.353162
v 0.212231 -0.527633 0.349795
v 0.230744 -0.525617 0.340612
v 0.231039 -0.526482 0.341139
v 0.246617 -0.528176 0.327516
v 0.246912 -0.529041 0.328043
v 0.258001 -0.534194 0.311262
v 0.258296 -0.535059 0.311789
v 0.263781 -0.543081 0.293441
v 0.264076 -0.543946 0.293968
v 0.263392 -0.553968 0.275797
v 0.263688 -0.554833 0.276324
v 0.256872 -0.565790 0.260057
v 0.257167 -0.566655 0.260584
v 0.244858 -0.577388 0.247762
v 0.245154 -0.578253 0.248290
v 0.228528 -0.587628 0.240116
v 0.228824 -0.588493 0.240644
v 0.209479 -0.595507 0.237867
v 0.209775 -0.596372 0.238394
v 0.189577 -0.600254 0.241235
v 0.189872 -0.601120 0.241762
v 0.170768 -0.601405 0.249891
v 0.171064 -0.602270 0.250418
v 0.154895 -0.598846 0.262986
v 0.155191 -0.599711 0.263514
v 0.143511 -0.592829 0.279240
v 0.143807 -0.593694 0.279768
v 0.137731 -0.583941 0.297061
v 0.138027 -0.584806 0.297589
v 0.138120 -0.573054 0.314705
v 0.138415 -0.573919 0.315233
v 0.144640 -0.561232 0.330445
v 0.144935 -0.562098 0.330973
v 0.156653 -0.549634 0.342740
v 0.156949 -0.550499 0.343268
v 0.172984 -0.539394 0.350386
v 0.173279 -0.540259 0.350913
v 0.243560 -0.582692 0.255416
v 0.254624 -0.572010 0.266739
v 0.260629 -0.561123 0.281235
v 0.260987 -0.551096 0.297485
v 0.255664 -0.542911 0.313898
v 0.245179 -0.537369 0.328867
v 0.230561 -0.535012 0.340928
v 0.213238 -0.536072 0.348900
v 0.194909 -0.540444 0.352001
v 0.177365 -0.547700 0.349930
v 0.162325 -0.557131 0.342889
v 0.151261 -0.567813 0.331565
v 0.145256 -0.578700 0.317069
v 0.144898 -0.588727 0.300819
v 0.150222 -0.596912 0.284407
v 0.160706 -0.602454 0.269437
v 0.175325 -0.604811 0.257376
v 0.192647 -0.603751 0.249405
v 0.210977 -0.599379 0.246303
v 0.228520 -0.592122 0.248374
v 0.233738 -0.587371 0.274502
v 0.223436 -0.593831 0.269679
v 0.211420 -0.598801 0.268260
v 0.198865 -0.601796 0.270385
v 0.187000 -0.602521 0.275844
v 0.176987 -0.600907 0.284106
v 0.169806 -0.597111 0.294359
v 0.166160 -0.591505 0.305601
v 0.166405 -0.584637 0.316731
v 0.170518 -0.577180 0.326660
v 0.178097 -0.569863 0.334416
v 0.188398 -0.563404 0.339239
v 0.200414 -0.558434 0.340657
v 0.212969 -0.555439 0.338533
v 0.224834 -0.554713 0.333073
v 0.234847 -0.556327 0.324812
v 0.242028 -0.560123 0.314559
v 0.245674 -0.565730 0.303317
v 0.245429 -0.572598 0.292187
v 0.241316 -0.580055 0.282258
v 0.238338 -0.576244 0.296134
v 0.235050 -0.582205 0.288196
v 0.228992 -0.588054 0.281996
v 0.220756 -0.593218 0.278140
v 0.211150 -0.597192 0.277006
v 0.201113 -0.599586 0.278704
v 0.191627 -0.600166 0.283069
v 0.183622 -0.598876 0.289674
v 0.177882 -0.595841 0.297871
v 0.174966 -0.591359 0.306858
v 0.175163 -0.585868 0.315756
v 0.178451 -0.579907 0.323694
v 0.184509 -0.574058 0.329894
v 0.192745 -0.568894 0.333750
v 0.202351 -0.564920 0.334884
v 0.212388 -0.562526 0.333186
v 0.221873 -0.561946 0.328821
v 0.229878 -0.563236 0.322217
v 0.235619 -0.566271 0.314020
v 0.238534 -0.570753 0.305032
v 0.201683 -0.588952 0.306847
v 0.202998 -0.589647 0.304971
v 0.204830 -0.589942 0.303459
v 0.207001 -0.589809 0.302459
v 0.209299 -0.589261 0.302071
v 0.211498 -0.588352 0.302330
v 0.213383 -0.587170 0.303213
v 0.214770 -0.585831 0.304632
v 0.215523 -0.584466 0.306449
v 0.215568 -0.583209 0.308486
v 0.214900 -0.582183 0.310543
v 0.213586 -0.581488 0.312420
v 0.211754 -0.581193 0.313932
v 0.209582 -0.581326 0.314931
v 0.207285 -0.581874 0.315320
v 0.205086 -0.582784 0.315060
v 0.203201 -0.583966 0.314177
v 0.201814 -0.585305 0.312758
v 0.201061 -0.586669 0.310941
v 0.201016 -0.587926 0.308904
v 0.238889 -0.579827 0.298458
v 0.235668 -0.585668 0.290681
v 0.229732 -0.591399 0.284607
v 0.221663 -0.596458 0.280829
v 0.212252 -0.600351 0.279718
v 0.202418 -0.602697 0.281382
v 0.193125 -0.603265 0.285658
v 0.185282 -0.602001 0.292129
v 0.179658 -0.599028 0.300159
v 0.176802 -0.594637 0.308965
v 0.176994 -0.589257 0.317682
v 0.180216 -0.583417 0.325459
v 0.186151 -0.577686 0.331534
v 0.194220 -0.572627 0.335312
v 0.203631 -0.568734 0.336423
v 0.213465 -0.566388 0.334759
v 0.222758 -0.565819 0.330482
v 0.230601 -0.567084 0.324012
v 0.236225 -0.570057 0.315981
v 0.239081 -0.574448 0.307176
v 0.210251 -0.595092 0.313848
v 0.210470 -0.595208 0.313535
v 0.211354 -0.594530 0.314158
v 0.210776 -0.595257 0.313283
v 0.211138 -0.595235 0.313116
v 0.211521 -0.595144 0.313052
v 0.211888 -0.594992 0.313095
v 0.212202 -0.594795 0.313242
v 0.212434 -0.594572 0.313479
v 0.212559 -0.594344 0.313782
v 0.212567 -0.594134 0.314122
v 0.212455 -0.593963 0.314465
v 0.212236 -0.593847 0.314778
v 0.211931 -0.593798 0.315030
v 0.211569 -0.593820 0.315196
v 0.211185 -0.593912 0.315261
v 0.210818 -0.594063 0.315218
v 0.210504 -0.594261 0.315071
v 0.210273 -0.594484 0.314834
v 0.210147 -0.594712 0.314531
v 0.210140 -0.594921 0.314191
v 0.173093 -0.477965 0.297597
v 0.187197 -0.474601 0.295210
v 0.200526 -0.473786 0.289076
v 0.211775 -0.475599 0.279795
v 0.219842 -0.479864 0.268277
v 0.223939 -0.486162 0.255647
v 0.223663 -0.493877 0.243143
v 0.219042 -0.502255 0.231989
v 0.210529 -0.510474 0.223276
v 0.198956 -0.517731 0.217858
v 0.185457 -0.523315 0.216264
v 0.171353 -0.526679 0.218651
v 0.158024 -0.527494 0.224785
v 0.146775 -0.525681 0.234065
v 0.138708 -0.521416 0.245584
v 0.134611 -0.515118 0.258213
v 0.134887 -0.507403 0.270717
v 0.139508 -0.499025 0.281871
v 0.148021 -0.490806 0.290584
v 0.159594 -0.483549 0.296003
v 0.185190 -0.513371 0.319177
v 0.199294 -0.510007 0.316790
v 0.212623 -0.509191 0.310656
v 0.223872 -0.511005 0.301376
v 0.231939 -0.515269 0.289857
v 0.236036 -0.521567 0.277228
v 0.235760 -0.529283 0.264724
v 0.231139 -0.537660 0.253569
v 0.222626 -0.545880 0.244857
v 0.211053 -0.553136 0.239438
v 0.197554 -0.558720 0.237844
v 0.183449 -0.562084 0.240231
v 0.170121 -0.562900 0.246365
v 0.158872 -0.561086 0.255645
v 0.150804 -0.556822 0.267164
v 0.146708 -0.550524 0.279793
v 0.146984 -0.542808 0.292297
v 0.151604 -0.534431 0.303452
v 0.160118 -0.526211 0.312165
v 0.171691 -0.518955 0.317583
v 0.188594 -0.523334 0.325249
v 0.202698 -0.519970 0.322862
v 0.216027 -0.519154 0.316728
v 0.227276 -0.520967 0.307448
v 0.235343 -0.525232 0.295929
v 0.239440 -0.531530 0.283300
v 0.239164 -0.539246 0.270796
v 0.234543 -0.547623 0.259642
v 0.226030 -0.555842 0.250929
v 0.214457 -0.563099 0.245511
v 0.200958 -0.568683 0.243917
v 0.186853 -0.572047 0.246303
v 0.173524 -0.572863 0.252437
v 0.162276 -0.571049 0.261718
v 0.154208 -0.566785 0.273237
v 0.150112 -0.560486 0.285866
v 0.150388 -0.552771 0.298370
v 0.155008 -0.544393 0.309524
v 0.163522 -0.536174 0.318237
v 0.175094 -0.528917 0.323655
v 0.203485 -0.568298 0.336247
v 0.213342 -0.565947 0.334579
v 0.222657 -0.565377 0.330293
v 0.230518 -0.566644 0.323807
v 0.236156 -0.569624 0.315757
v 0.239019 -0.574026 0.306931
v 0.238826 -0.579418 0.298193
v 0.235597 -0.585272 0.290397
v 0.229647 -0.591017 0.284308
v 0.221560 -0.596088 0.280522
v 0.212126 -0.599990 0.279408
v 0.202269 -0.602341 0.281076
v 0.192954 -0.602911 0.285362
v 0.185093 -0.601644 0.291848
v 0.179455 -0.598664 0.299898
v 0.176592 -0.594262 0.308724
v 0.176785 -0.588870 0.317462
v 0.180014 -0.583016 0.325257
v 0.185963 -0.577271 0.331347
v 0.194051 -0.572200 0.335133
v 0.202402 -0.565073 0.334946
v 0.212431 -0.562681 0.333249
v 0.221909 -0.562101 0.328888
v 0.229907 -0.563390 0.322289
v 0.235644 -0.566423 0.314098
v 0.238556 -0.570901 0.305118
v 0.238360 -0.576387 0.296227
v 0.235075 -0.582344 0.288296
v 0.229021 -0.588188 0.282101
v 0.220793 -0.593348 0.278248
v 0.211194 -0.597319 0.277115
v 0.201165 -0.599711 0.278812
v 0.191687 -0.600290 0.283173
v 0.183689 -0.599001 0.289772
v 0.177953 -0.595969 0.297962
v 0.175040 -0.591490 0.306943
v 0.175236 -0.586004 0.315833
v 0.178521 -0.580048 0.323765
v 0.184575 -0.574203 0.329960
v 0.192804 -0.569043 0.333813
v 0.202856 -0.566425 0.335492
v 0.212813 -0.564050 0.333807
v 0.222223 -0.563475 0.329477
v 0.230164 -0.564755 0.322925
v 0.235858 -0.567765 0.314794
v 0.238750 -0.572212 0.305878
v 0.238556 -0.577658 0.297051
v 0.235294 -0.583572 0.289177
v 0.229284 -0.589374 0.283027
v 0.221114 -0.594497 0.279202
v 0.211585 -0.598439 0.278076
v 0.201628 -0.600814 0.279761
v 0.192218 -0.601389 0.284091
v 0.184278 -0.600109 0.290643
v 0.178583 -0.597099 0.298774
v 0.175691 -0.592653 0.307690
v 0.175886 -0.587206 0.316516
v 0.179147 -0.581292 0.324391
v 0.185157 -0.575490 0.330541
v 0.193327 -0.570367 0.334366
v 0.205676 -0.583945 0.315076
v 0.207687 -0.583114 0.315314
v 0.209787 -0.582613 0.314958
v 0.211772 -0.582491 0.314045
v 0.213447 -0.582761 0.312663
v 0.214649 -0.583396 0.310947
v 0.215259 -0.584334 0.309067
v 0.215218 -0.585483 0.307204
v 0.214529 -0.586731 0.305544
v 0.213262 -0.587955 0.304246
v 0.211538 -0.589036 0.303439
v 0.209528 -0.589867 0.303202
v 0.207427 -0.590368 0.303557
v 0.205442 -0.590490 0.304471
v 0.203767 -0.590219 0.305853
v 0.202566 -0.589584 0.307568
v 0.201956 -0.588647 0.309449
v 0.201997 -0.587498 0.311311
v 0.202685 -0.586250 0.312972
v 0.203953 -0.585026 0.314269
v 0.206495 -0.579034 0.319881
v 0.210422 -0.578097 0.319217
v 0.214132 -0.577870 0.317509
v 0.217264 -0.578375 0.314925
v 0.219510 -0.579562 0.311719
v 0.220650 -0.581315 0.308203
v 0.220573 -0.583463 0.304722
v 0.219287 -0.585795 0.301617
v 0.216917 -0.588084 0.299191
v 0.213695 -0.590104 0.297683
v 0.209937 -0.591658 0.297239
v 0.206011 -0.592595 0.297904
v 0.202300 -0.592822 0.299611
v 0.199169 -0.592317 0.302195
v 0.196923 -0.591130 0.305401
v 0.195782 -0.589377 0.308917
v 0.195859 -0.587229 0.312398
v 0.197145 -0.584897 0.315503
v 0.199515 -0.582608 0.317929
v 0.202737 -0.580588 0.319437
v 0.204001 -0.570063 0.334287
v 0.213072 -0.567900 0.332752
v 0.221644 -0.567375 0.328807
v 0.228879 -0.568542 0.322839
v 0.234067 -0.571284 0.315431
v 0.236702 -0.575335 0.307308
v 0.236524 -0.580297 0.299267
v 0.233553 -0.585685 0.292093
v 0.228077 -0.590971 0.286490
v 0.220635 -0.595638 0.283005
v 0.211953 -0.599229 0.281980
v 0.202882 -0.601392 0.283515
v 0.194310 -0.601917 0.287460
v 0.187075 -0.600751 0.293428
v 0.181887 -0.598008 0.300836
v 0.179252 -0.593957 0.308958
v 0.179430 -0.588995 0.317000
v 0.182401 -0.583608 0.324174
v 0.187877 -0.578321 0.329777
v 0.195319 -0.573654 0.333262
v 0.190474 -0.584911 0.251650
v 0.176531 -0.585764 0.258066
v 0.164764 -0.583867 0.267774
v 0.156325 -0.579406 0.279823
v 0.152040 -0.572818 0.293034
v 0.152328 -0.564747 0.306114
v 0.157162 -0.555983 0.317783
v 0.166067 -0.547385 0.326897
v 0.178173 -0.539794 0.332565
v 0.192294 -0.533954 0.334232
v 0.207048 -0.530434 0.331735
v 0.220991 -0.529581 0.325319
v 0.232758 -0.531478 0.315611
v 0.241197 -0.535939 0.303562
v 0.245482 -0.542527 0.290351
v 0.245194 -0.550598 0.277271
v 0.240360 -0.559362 0.265603
v 0.231455 -0.567960 0.256489
v 0.219349 -0.575551 0.250820
v 0.205228 -0.581392 0.249153
v 0.188833 -0.577841 0.249835
v 0.175504 -0.578657 0.255969
v 0.164255 -0.576843 0.265250
v 0.156188 -0.572579 0.276768
v 0.152092 -0.566280 0.289397
v 0.152367 -0.558565 0.301901
v 0.156988 -0.550188 0.313056
v 0.165501 -0.541968 0.321769
v 0.177074 -0.534712 0.327187
v 0.190573 -0.529128 0.328780
v 0.204678 -0.525764 0.326394
v 0.218007 -0.524948 0.320260
v 0.229255 -0.526762 0.310980
v 0.237323 -0.531026 0.299461
v 0.241419 -0.537324 0.286832
v 0.241143 -0.545040 0.274328
v 0.236523 -0.553417 0.263174
v 0.228009 -0.561636 0.254461
v 0.216437 -0.568893 0.249042
v 0.202937 -0.574477 0.247448
v 0.213192 -0.479747 0.282324
v 0.221260 -0.484012 0.270805
v 0.225356 -0.490310 0.258176
v 0.225080 -0.498025 0.245672
v 0.220460 -0.506403 0.234517
v 0.211946 -0.514622 0.225805
v 0.200374 -0.521879 0.220386
v 0.186874 -0.527463 0.218792
v 0.172770 -0.530827 0.221179
v 0.159441 -0.531642 0.227313
v 0.148192 -0.529829 0.236593
v 0.140125 -0.525564 0.248112
v 0.136028 -0.519266 0.260741
v 0.136304 -0.511551 0.273245
v 0.140925 -0.503173 0.284400
v 0.149438 -0.494954 0.293112
v 0.161011 -0.487697 0.298531
v 0.174510 -0.482113 0.300125
v 0.188615 -0.478749 0.297738
v 0.201944 -0.477934 0.291604
v 0.218129 -0.494197 0.291131
v 0.226197 -0.498462 0.279612
v 0.230293 -0.504760 0.266983
v 0.230017 -0.512475 0.254479
v 0.225397 -0.520853 0.243325
v 0.216883 -0.529072 0.234612
v 0.205311 -0.536329 0.229194
v 0.191811 -0.541913 0.227600
v 0.177707 -0.545277 0.229986
v 0.164378 -0.546092 0.236120
v 0.153129 -0.544279 0.245401
v 0.145062 -0.540014 0.256920
v 0.140966 -0.533716 0.269549
v 0.141241 -0.526001 0.282053
v 0.145862 -0.517623 0.293207
v 0.154375 -0.509404 0.301920
v 0.165948 -0.502147 0.307338
v 0.179447 -0.496563 0.308932
v 0.193552 -0.493199 0.306545
v 0.206881 -0.492384 0.300412
v 0.234298 -0.453475 0.294248
v 0.248278 -0.460864 0.274289
v 0.255375 -0.471778 0.252406
v 0.254898 -0.485146 0.230740
v 0.246891 -0.499662 0.211413
v 0.232140 -0.513904 0.196316
v 0.212087 -0.526478 0.186927
v 0.188697 -0.536153 0.184165
v 0.164258 -0.541983 0.188301
v 0.141162 -0.543395 0.198929
v 0.121671 -0.540253 0.215010
v 0.107692 -0.532864 0.234969
v 0.100595 -0.521951 0.256852
v 0.101072 -0.508582 0.278518
v 0.109079 -0.494066 0.297845
v 0.123830 -0.479824 0.312942
v 0.143883 -0.467250 0.322331
v 0.167273 -0.457575 0.325093
v 0.191712 -0.451746 0.320957
v 0.214808 -0.450333 0.310329
v 0.232792 -0.449065 0.291560
v 0.246771 -0.456454 0.271601
v 0.253868 -0.467367 0.249718
v 0.253391 -0.480736 0.228052
v 0.245384 -0.495252 0.208725
v 0.230633 -0.509494 0.193628
v 0.210580 -0.522068 0.184238
v 0.187190 -0.531743 0.181477
v 0.162751 -0.537572 0.185612
v 0.139655 -0.538985 0.196241
v 0.120165 -0.535843 0.212321
v 0.106185 -0.528454 0.232280
v 0.099088 -0.517540 0.254164
v 0.099565 -0.504172 0.275829
v 0.107572 -0.489656 0.295157
v 0.122323 -0.475414 0.310254
v 0.142376 -0.462840 0.319643
v 0.165766 -0.453165 0.322405
v 0.190205 -0.447335 0.318269
v 0.213301 -0.445923 0.307640
v 0.231249 -0.462576 0.294076
v 0.244018 -0.469326 0.275845
v 0.250501 -0.479294 0.255856
v 0.250065 -0.491506 0.236066
v 0.242752 -0.504765 0.218412
v 0.229278 -0.517774 0.204622
v 0.210961 -0.529259 0.196046
v 0.189595 -0.538097 0.193523
v 0.167272 -0.543421 0.197301
v 0.146176 -0.544712 0.207009
v 0.128373 -0.541842 0.221697
v 0.115604 -0.535092 0.239928
v 0.109121 -0.525124 0.259917
v 0.109557 -0.512912 0.279707
v 0.116870 -0.499653 0.297361
v 0.130344 -0.486644 0.311151
v 0.148661 -0.475159 0.319727
v 0.170027 -0.466321 0.322250
v 0.192350 -0.460997 0.318472
v 0.213446 -0.459706 0.308764
v 0.209769 -0.479126 0.278963
v 0.217206 -0.483057 0.268346
v 0.220982 -0.488863 0.256704
v 0.220728 -0.495975 0.245178
v 0.216468 -0.503697 0.234896
v 0.208621 -0.511274 0.226865
v 0.197953 -0.517963 0.221870
v 0.185510 -0.523110 0.220401
v 0.172508 -0.526211 0.222601
v 0.160222 -0.526963 0.228255
v 0.149853 -0.525291 0.236810
v 0.142416 -0.521360 0.247427
v 0.138640 -0.515555 0.259069
v 0.138895 -0.508443 0.270595
v 0.143154 -0.500720 0.280877
v 0.151001 -0.493144 0.288908
v 0.161669 -0.486455 0.293903
v 0.174112 -0.481308 0.295372
v 0.187114 -0.478206 0.293172
v 0.199400 -0.477455 0.287518
v 0.219434 -0.529124 0.322805
v 0.230682 -0.530938 0.313525
v 0.238750 -0.535202 0.302006
v 0.242846 -0.541500 0.289377
v 0.242570 -0.549216 0.276873
v 0.237950 -0.557593 0.265719
v 0.229436 -0.565813 0.257006
v 0.217864 -0.573069 0.251588
v 0.204364 -0.578653 0.249994
v 0.190260 -0.582017 0.252380
v 0.176931 -0.582833 0.258514
v 0.165682 -0.581019 0.267795
v 0.157615 -0.576755 0.279314
v 0.153519 -0.570457 0.291943
v 0.153794 -0.562741 0.304447
v 0.158415 -0.554364 0.315601
v 0.166928 -0.546144 0.324314
v 0.178501 -0.538888 0.329732
v 0.192000 -0.533304 0.331326
v 0.206105 -0.529940 0.328939
v 0.222624 -0.528918 0.327878
v 0.235078 -0.530926 0.317603
v 0.244010 -0.535647 0.304850
v 0.248545 -0.542620 0.290868
v 0.248240 -0.551162 0.277024
v 0.243124 -0.560438 0.264674
v 0.233698 -0.569538 0.255028
v 0.220885 -0.577572 0.249029
v 0.205939 -0.583754 0.247264
v 0.190324 -0.587479 0.249907
v 0.175566 -0.588382 0.256698
v 0.163112 -0.586374 0.266973
v 0.154180 -0.581652 0.279726
v 0.149645 -0.574679 0.293708
v 0.149950 -0.566137 0.307552
v 0.155066 -0.556862 0.319902
v 0.164492 -0.547762 0.329549
v 0.177305 -0.539727 0.335547
v 0.192250 -0.533545 0.337312
v 0.207866 -0.529821 0.334670
v 0.226295 -0.527426 0.333635
v 0.240294 -0.529682 0.322085
v 0.250335 -0.534990 0.307749
v 0.255433 -0.542828 0.292031
v 0.255090 -0.552431 0.276469
v 0.249339 -0.562857 0.262587
v 0.238744 -0.573087 0.251743
v 0.224341 -0.582118 0.244999
v 0.207540 -0.589068 0.243016
v 0.189986 -0.593255 0.245986
v 0.173397 -0.594269 0.253620
v 0.159397 -0.592012 0.265171
v 0.149357 -0.586705 0.279506
v 0.144259 -0.578866 0.295224
v 0.144602 -0.569264 0.310786
v 0.150352 -0.558838 0.324668
v 0.160948 -0.548608 0.335513
v 0.175351 -0.539577 0.342256
v 0.192152 -0.532628 0.344239
v 0.209706 -0.528440 0.341269
v 0.230027 -0.525909 0.339488
v 0.245598 -0.528419 0.326641
v 0.256766 -0.534322 0.310696
v 0.262436 -0.543040 0.293214
v 0.262054 -0.553720 0.275905
v 0.255658 -0.565317 0.260465
v 0.243873 -0.576695 0.248404
v 0.227854 -0.586740 0.240903
v 0.209167 -0.594470 0.238696
v 0.189643 -0.599127 0.242000
v 0.171192 -0.600255 0.250491
v 0.155620 -0.597745 0.263338
v 0.144453 -0.591842 0.279283
v 0.138783 -0.583124 0.296765
v 0.139164 -0.572443 0.314074
v 0.145560 -0.560847 0.329515
v 0.157345 -0.549469 0.341576
v 0.173365 -0.539423 0.349076
v 0.192052 -0.531694 0.351282
v 0.211576 -0.527037 0.347979
v 0.240716 -0.576329 0.295700
v 0.237196 -0.582712 0.287202
v 0.230709 -0.588975 0.280563
v 0.221892 -0.594504 0.276435
v 0.211606 -0.598758 0.275220
v 0.200860 -0.601322 0.277039
v 0.190704 -0.601943 0.281712
v 0.182133 -0.600561 0.288783
v 0.175987 -0.597312 0.297560
v 0.172866 -0.592513 0.307182
v 0.173076 -0.586635 0.316709
v 0.176596 -0.580252 0.325208
v 0.183083 -0.573989 0.331847
v 0.191900 -0.568460 0.335975
v 0.202186 -0.564206 0.337189
v 0.212932 -0.561642 0.335371
v 0.223088 -0.561021 0.330697
v 0.231659 -0.562403 0.323626
v 0.237805 -0.565652 0.314850
v 0.240926 -0.570451 0.305227
v 0.229038 -0.588264 0.282160
v 0.220813 -0.593422 0.278309
v 0.211219 -0.597390 0.277176
v 0.201195 -0.599781 0.278873
v 0.191721 -0.600361 0.283232
v 0.183727 -0.599072 0.289828
v 0.177993 -0.596041 0.298015
v 0.175082 -0.591565 0.306990
v 0.175278 -0.586081 0.315877
v 0.178562 -0.580127 0.323805
v 0.184612 -0.574286 0.329997
v 0.192837 -0.569128 0.333848
v 0.202432 -0.565160 0.334981
v 0.212456 -0.562769 0.333285
v 0.221929 -0.562189 0.328925
v 0.229924 -0.563478 0.322329
v 0.235657 -0.566509 0.314143
v 0.238569 -0.570985 0.305167
v 0.238373 -0.576469 0.296280
v 0.235089 -0.582423 0.288352
v 0.238221 -0.558387 0.266203
v 0.229707 -0.566606 0.257490
v 0.218135 -0.573863 0.252071
v 0.204635 -0.579446 0.250477
v 0.190531 -0.582811 0.252864
v 0.177202 -0.583626 0.258998
v 0.165953 -0.581813 0.268279
v 0.157886 -0.577548 0.279797
v 0.153790 -0.571250 0.292426
v 0.154065 -0.563534 0.304930
v 0.158686 -0.555157 0.316085
v 0.167199 -0.546937 0.324798
v 0.178772 -0.539681 0.330216
v 0.192271 -0.534097 0.331809
v 0.206376 -0.530733 0.329423
v 0.219705 -0.529918 0.323289
v 0.230953 -0.531731 0.314008
v 0.239021 -0.535995 0.302490
v 0.243117 -0.542294 0.289861
v 0.242841 -0.550009 0.277357
v 0.100411 -0.506648 0.277339
v 0.108418 -0.492132 0.296666
v 0.123169 -0.477891 0.311763
v 0.143222 -0.465316 0.321152
v 0.166612 -0.455641 0.323914
v 0.191052 -0.449812 0.319779
v 0.214147 -0.448399 0.309150
v 0.233638 -0.451541 0.293069
v 0.247617 -0.458931 0.273110
v 0.254714 -0.469844 0.251227
v 0.254237 -0.483213 0.229562
v 0.246230 -0.497729 0.210234
v 0.231479 -0.511970 0.195137
v 0.211427 -0.524545 0.185748
v 0.188036 -0.534220 0.182986
v 0.163597 -0.540049 0.187122
v 0.140501 -0.541462 0.197751
v 0.121011 -0.538320 0.213831
v 0.107032 -0.530930 0.233790
v 0.099934 -0.520017 0.255673
v 0.145667 -0.472474 0.325515
v 0.169058 -0.462799 0.328277
v 0.193497 -0.456970 0.324141
v 0.216593 -0.455557 0.313512
v 0.236083 -0.458699 0.297432
v 0.250062 -0.466088 0.277473
v 0.257160 -0.477001 0.255590
v 0.256683 -0.490370 0.233924
v 0.248676 -0.504886 0.214597
v 0.233925 -0.519128 0.199500
v 0.213872 -0.531702 0.190111
v 0.190482 -0.541377 0.187349
v 0.166042 -0.547206 0.191484
v 0.142947 -0.548619 0.202113
v 0.123456 -0.545477 0.218194
v 0.109477 -0.538088 0.238153
v 0.102380 -0.527175 0.260036
v 0.102857 -0.513806 0.281702
v 0.110864 -0.499290 0.301029
v 0.125615 -0.485048 0.316126
v 0.147952 -0.521295 0.250188
v 0.154448 -0.524729 0.240913
v 0.163505 -0.526189 0.233441
v 0.174237 -0.525533 0.228502
v 0.185594 -0.522824 0.226580
v 0.196463 -0.518328 0.227863
v 0.205782 -0.512485 0.232226
v 0.212636 -0.505867 0.239242
v 0.216357 -0.499122 0.248223
v 0.216579 -0.492909 0.258291
v 0.213280 -0.487838 0.268459
v 0.206785 -0.484404 0.277734
v 0.197728 -0.482944 0.285207
v 0.186995 -0.483601 0.290145
v 0.175639 -0.486310 0.292067
v 0.164769 -0.490806 0.290784
v 0.155451 -0.496649 0.286421
v 0.148596 -0.503267 0.279406
v 0.144876 -0.510012 0.270424
v 0.144654 -0.516224 0.260357
v 0.135341 -0.527754 0.246660
v 0.144345 -0.532514 0.233805
v 0.156899 -0.534537 0.223448
v 0.171775 -0.533627 0.216602
v 0.187516 -0.529873 0.213938
v 0.202582 -0.523641 0.215717
v 0.215497 -0.515542 0.221764
v 0.224999 -0.506369 0.231488
v 0.230156 -0.497019 0.243937
v 0.230463 -0.488409 0.257892
v 0.225891 -0.481379 0.271987
v 0.216888 -0.476620 0.284842
v 0.204334 -0.474596 0.295200
v 0.189458 -0.475506 0.302045
v 0.173717 -0.479261 0.304709
v 0.158651 -0.485493 0.302930
v 0.145736 -0.493591 0.296883
v 0.136234 -0.502765 0.287159
v 0.131077 -0.512114 0.274710
v 0.130770 -0.520725 0.260755
v 0.152145 -0.576936 0.276637
v 0.161149 -0.581695 0.263782
v 0.173703 -0.583719 0.253425
v 0.188578 -0.582809 0.246579
v 0.204320 -0.579054 0.243915
v 0.219385 -0.572823 0.245694
v 0.232301 -0.564724 0.251741
v 0.241802 -0.555551 0.261465
v 0.246959 -0.546201 0.273914
v 0.247267 -0.537590 0.287869
v 0.242695 -0.530561 0.301964
v 0.233692 -0.525802 0.314819
v 0.221138 -0.523778 0.325177
v 0.206262 -0.524688 0.332022
v 0.190521 -0.528442 0.334686
v 0.175455 -0.534674 0.332907
v 0.162539 -0.542773 0.326860
v 0.153038 -0.551946 0.317136
v 0.147881 -0.561296 0.304687
v 0.147573 -0.569907 0.290732
v 0.164756 -0.570477 0.280165
v 0.171252 -0.573911 0.270890
v 0.180309 -0.575371 0.263418
v 0.191041 -0.574714 0.258479
v 0.202398 -0.572006 0.256557
v 0.213267 -0.567510 0.257840
v 0.222585 -0.561667 0.262203
v 0.229440 -0.555049 0.269219
v 0.233160 -0.548303 0.278200
v 0.233382 -0.542091 0.288268
v 0.230084 -0.537020 0.298437
v 0.223588 -0.533586 0.307711
v 0.214531 -0.532126 0.315184
v 0.203799 -0.532782 0.320123
v 0.192442 -0.535491 0.322044
v 0.181573 -0.539987 0.320761
v 0.172255 -0.545830 0.316398
v 0.165400 -0.552448 0.309383
v 0.161680 -0.559193 0.300401
v 0.161458 -0.565406 0.290334
v 0.175279 -0.534159 0.332593
v 0.190345 -0.527928 0.334372
v 0.206086 -0.524173 0.331708
v 0.220962 -0.523263 0.324863
v 0.233516 -0.525287 0.314505
v 0.242519 -0.530046 0.301650
v 0.247091 -0.537075 0.287555
v 0.246783 -0.545686 0.273600
v 0.241626 -0.555036 0.261152
v 0.232125 -0.564209 0.251428
v 0.219209 -0.572308 0.245380
v 0.204144 -0.578539 0.243601
v 0.188403 -0.582294 0.246265
v 0.173527 -0.583204 0.253111
v 0.160973 -0.581180 0.263468
v 0.151969 -0.576421 0.276324
v 0.147398 -0.569392 0.290419
v 0.147705 -0.560781 0.304373
v 0.152862 -0.551431 0.316822
v 0.162363 -0.542258 0.326546
v 0.158830 -0.486016 0.303249
v 0.173896 -0.479784 0.305028
v 0.189637 -0.476029 0.302364
v 0.204513 -0.475119 0.295518
v 0.217067 -0.477143 0.285161
v 0.226070 -0.481903 0.272306
v 0.230642 -0.488932 0.258211
v 0.230334 -0.497543 0.244256
v 0.225177 -0.506892 0.231807
v 0.215676 -0.516065 0.222083
v 0.202760 -0.524164 0.216036
v 0.187695 -0.530396 0.214257
v 0.171953 -0.534150 0.216921
v 0.157078 -0.535060 0.223766
v 0.144524 -0.533037 0.234124
v 0.135520 -0.528277 0.246979
v 0.130948 -0.521248 0.261074
v 0.131256 -0.512637 0.275029
v 0.136413 -0.503288 0.287478
v 0.145914 -0.494115 0.297202
v 0.168139 -0.513262 0.319856
v 0.183205 -0.507030 0.321635
v 0.198946 -0.503275 0.318971
v 0.213822 -0.502365 0.312125
v 0.226376 -0.504389 0.301768
v 0.235379 -0.509148 0.288912
v 0.239951 -0.516178 0.274817
v 0.239643 -0.524788 0.260863
v 0.234486 -0.534138 0.248414
v 0.224985 -0.543311 0.238690
v 0.212069 -0.551410 0.232643
v 0.197004 -0.557642 0.230864
v 0.181262 -0.561396 0.233528
v 0.166387 -0.562306 0.240373
v 0.153833 -0.560283 0.250731
v 0.144829 -0.555523 0.263586
v 0.140257 -0.548494 0.277681
v 0.140565 -0.539883 0.291636
v 0.145722 -0.530534 0.304085
v 0.155223 -0.521360 0.313809
v 0.173501 -0.528955 0.329421
v 0.188567 -0.522723 0.331200
v 0.204308 -0.518969 0.328536
v 0.219183 -0.518059 0.321691
v 0.231738 -0.520082 0.311333
v 0.240741 -0.524842 0.298478
v 0.245313 -0.531871 0.284383
v 0.245005 -0.540482 0.270428
v 0.239848 -0.549831 0.257979
v 0.230347 -0.559005 0.248255
v 0.217431 -0.567103 0.242208
v 0.202366 -0.573335 0.240429
v 0.186624 -0.577090 0.243093
v 0.171749 -0.578000 0.249939
v 0.159195 -0.575976 0.260296
v 0.150191 -0.571217 0.273152
v 0.145619 -0.564187 0.287246
v 0.145927 -0.555577 0.301201
v 0.151084 -0.546227 0.313650
v 0.160585 -0.537054 0.323374
v 0.190559 -0.528583 0.334435
v 0.206213 -0.524849 0.331786
v 0.221006 -0.523944 0.324978
v 0.233491 -0.525956 0.314678
v 0.242444 -0.530689 0.301894
v 0.246991 -0.537680 0.287877
v 0.246685 -0.546243 0.273999
v 0.241557 -0.555541 0.261619
v 0.232108 -0.564663 0.251949
v 0.219264 -0.572717 0.245935
v 0.204281 -0.578914 0.244166
v 0.188627 -0.582648 0.246815
v 0.173834 -0.583553 0.253623
v 0.161349 -0.581540 0.263923
v 0.152396 -0.576807 0.276708
v 0.147849 -0.569817 0.290724
v 0.148155 -0.561254 0.304602
v 0.153284 -0.551956 0.316982
v 0.162732 -0.542834 0.326652
v 0.175576 -0.534780 0.332666
v 0.216685 -0.476776 0.284699
v 0.225638 -0.481509 0.271916
v 0.230184 -0.488499 0.257900
v 0.229878 -0.497062 0.244023
v 0.224750 -0.506359 0.231644
v 0.215302 -0.515481 0.221975
v 0.202459 -0.523534 0.215961
v 0.187477 -0.529731 0.214192
v 0.171824 -0.533465 0.216841
v 0.157032 -0.534370 0.223648
v 0.144548 -0.532357 0.233948
v 0.135595 -0.527624 0.246731
v 0.131049 -0.520635 0.260747
v 0.131355 -0.512072 0.274624
v 0.136483 -0.502775 0.287003
v 0.145931 -0.493653 0.296673
v 0.158774 -0.485599 0.302686
v 0.173756 -0.479402 0.304455
v 0.189409 -0.475669 0.301806
v 0.204201 -0.474764 0.294999
v 0.213089 -0.479547 0.282169
v 0.221149 -0.483808 0.270660
v 0.225242 -0.490101 0.258042
v 0.224966 -0.497810 0.245549
v 0.220350 -0.506180 0.234404
v 0.211844 -0.514393 0.225699
v 0.200281 -0.521643 0.220285
v 0.186793 -0.527222 0.218692
v 0.172701 -0.530583 0.221077
v 0.159383 -0.531398 0.227205
v 0.148144 -0.529586 0.236478
v 0.140084 -0.525325 0.247987
v 0.135991 -0.519032 0.260605
v 0.136266 -0.511324 0.273098
v 0.140883 -0.502953 0.284243
v 0.149389 -0.494741 0.292949
v 0.160952 -0.487491 0.298362
v 0.174440 -0.481912 0.299955
v 0.188532 -0.478550 0.297570
v 0.201849 -0.477736 0.291442
v 0.180107 -0.519997 0.319598
v 0.181650 -0.521335 0.320578
v 0.183622 -0.522154 0.321335
v 0.185830 -0.522375 0.321794
v 0.188057 -0.521976 0.321910
v 0.190086 -0.520996 0.321671
v 0.191718 -0.519530 0.321102
v 0.192793 -0.517723 0.320258
v 0.193205 -0.515751 0.319221
v 0.192916 -0.513808 0.318094
v 0.191952 -0.512082 0.316985
v 0.190408 -0.510745 0.316005
v 0.188436 -0.509925 0.315248
v 0.186228 -0.509704 0.314789
v 0.184001 -0.510104 0.314673
v 0.181972 -0.511084 0.314911
v 0.180341 -0.512549 0.315481
v 0.179266 -0.514357 0.316325
v 0.178853 -0.516328 0.317362
v 0.179143 -0.518272 0.318489
v 0.177820 -0.521525 0.320102
v 0.179960 -0.523379 0.321461
v 0.182693 -0.524515 0.322510
v 0.185753 -0.524821 0.323146
v 0.188841 -0.524268 0.323307
v 0.191653 -0.522909 0.322976
v 0.193914 -0.520878 0.322188
v 0.195404 -0.518373 0.321017
v 0.195976 -0.515640 0.319580
v 0.195574 -0.512946 0.318017
v 0.194238 -0.510555 0.316481
v 0.192099 -0.508700 0.315122
v 0.189365 -0.507565 0.314073
v 0.186305 -0.507258 0.313437
v 0.183218 -0.507812 0.313276
v 0.180406 -0.509171 0.313607
v 0.178145 -0.511202 0.314395
v 0.176655 -0.513707 0.315565
v 0.176083 -0.516440 0.317003
v 0.176484 -0.519134 0.318566
v 0.175731 -0.513862 0.333846
v 0.177870 -0.515716 0.335205
v 0.180604 -0.516852 0.336254
v 0.183664 -0.517158 0.336890
v 0.186751 -0.516604 0.337051
v 0.189563 -0.515246 0.336720
v 0.191825 -0.513214 0.335932
v 0.193314 -0.510710 0.334762
v 0.193886 -0.507976 0.333325
v 0.193485 -0.505282 0.331761
v 0.192149 -0.502891 0.330225
v 0.190010 -0.501037 0.328866
v 0.187276 -0.499901 0.327817
v 0.184216 -0.499595 0.327181
v 0.181129 -0.500148 0.327020
v 0.178317 -0.501507 0.327351
v 0.176055 -0.503538 0.328139
v 0.174566 -0.506043 0.329309
v 0.173993 -0.508777 0.330747
v 0.174395 -0.511471 0.332310
v 0.178017 -0.512334 0.333342
v 0.179561 -0.513672 0.334322
v 0.181533 -0.514491 0.335079
v 0.183741 -0.514712 0.335538
v 0.185968 -0.514313 0.335654
v 0.187997 -0.513332 0.335415
v 0.189628 -0.511867 0.334846
v 0.190703 -0.510060 0.334002
v 0.191116 -0.508088 0.332965
v 0.190826 -0.506144 0.331838
v 0.189862 -0.504419 0.330729
v 0.188319 -0.503081 0.329749
v 0.186347 -0.502262 0.328992
v 0.184139 -0.502041 0.328533
v 0.181912 -0.502440 0.328417
v 0.179883 -0.503421 0.328656
v 0.178251 -0.504886 0.329225
v 0.177177 -0.506693 0.330069
v 0.176764 -0.508665 0.331106
v 0.177054 -0.510609 0.332233
v 0.178339 -0.501588 0.327207
v 0.181151 -0.500229 0.326877
v 0.184238 -0.499675 0.327037
v 0.187298 -0.499981 0.327673
v 0.190031 -0.501117 0.328722
v 0.192171 -0.502971 0.330081
v 0.193507 -0.505363 0.331617
v 0.193908 -0.508057 0.333181
v 0.193336 -0.510790 0.334618
v 0.191847 -0.513295 0.335788
v 0.189585 -0.515326 0.336577
v 0.186773 -0.516685 0.336907
v 0.183686 -0.517238 0.336746
v 0.180626 -0.516932 0.336110
v 0.177892 -0.515796 0.335061
v 0.175753 -0.513942 0.333702
v 0.174417 -0.511551 0.332166
v 0.174015 -0.508857 0.330603
v 0.174587 -0.506124 0.329166
v 0.176077 -0.503619 0.327995
v 0.180384 -0.509089 0.313753
v 0.183196 -0.507730 0.313423
v 0.186283 -0.507177 0.313583
v 0.189343 -0.507483 0.314219
v 0.192077 -0.508619 0.315268
v 0.194216 -0.510473 0.316627
v 0.195552 -0.512864 0.318164
v 0.195954 -0.515558 0.319727
v 0.195382 -0.518291 0.321164
v 0.193892 -0.520796 0.322334
v 0.191630 -0.522828 0.323123
v 0.188818 -0.524186 0.323453
v 0.185731 -0.524740 0.323292
v 0.182671 -0.524434 0.322656
v 0.179937 -0.523298 0.321607
v 0.177798 -0.521444 0.320248
v 0.176462 -0.519052 0.318712
v 0.176061 -0.516358 0.317149
v 0.176633 -0.513625 0.315712
v 0.178122 -0.511120 0.314542
v 0.179226 -0.504844 0.321367
v 0.182038 -0.503485 0.321037
v 0.185126 -0.502931 0.321197
v 0.188186 -0.503238 0.321833
v 0.190919 -0.504373 0.322882
v 0.193059 -0.506228 0.324241
v 0.194395 -0.508619 0.325778
v 0.194796 -0.511313 0.327341
v 0.194224 -0.514046 0.328778
v 0.192734 -0.516551 0.329948
v 0.190473 -0.518582 0.330737
v 0.187661 -0.519941 0.331067
v 0.184574 -0.520494 0.330906
v 0.181514 -0.520188 0.330270
v 0.178780 -0.519052 0.329221
v 0.176641 -0.517198 0.327862
v 0.175305 -0.514807 0.326326
v 0.174903 -0.512113 0.324763
v 0.175475 -0.509380 0.323326
v 0.176965 -0.506875 0.322156
v 0.178560 -0.502398 0.325752
v 0.181372 -0.501040 0.325422
v 0.184459 -0.500486 0.325583
v 0.187519 -0.500792 0.326219
v 0.190253 -0.501928 0.327268
v 0.192392 -0.503782 0.328627
v 0.193728 -0.506174 0.330163
v 0.194129 -0.508868 0.331726
v 0.193557 -0.511601 0.333163
v 0.192068 -0.514106 0.334333
v 0.189806 -0.516137 0.335122
v 0.186994 -0.517496 0.335452
v 0.183907 -0.518049 0.335292
v 0.180847 -0.517743 0.334656
v 0.178113 -0.516607 0.333607
v 0.175974 -0.514753 0.332248
v 0.174638 -0.512362 0.330711
v 0.174236 -0.509668 0.329148
v 0.174808 -0.506934 0.327711
v 0.176298 -0.504430 0.326541
v 0.181144 -0.500194 0.327048
v 0.184214 -0.499644 0.327208
v 0.187258 -0.499948 0.327840
v 0.189976 -0.501078 0.328883
v 0.192104 -0.502922 0.330235
v 0.193432 -0.505300 0.331763
v 0.193831 -0.507979 0.333317
v 0.193262 -0.510697 0.334746
v 0.191781 -0.513188 0.335910
v 0.189532 -0.515208 0.336694
v 0.186736 -0.516559 0.337023
v 0.183666 -0.517109 0.336863
v 0.180622 -0.516805 0.336231
v 0.177904 -0.515675 0.335188
v 0.175776 -0.513831 0.333836
v 0.174448 -0.511453 0.332308
v 0.174049 -0.508774 0.330754
v 0.174617 -0.506056 0.329325
v 0.176099 -0.503565 0.328161
v 0.178348 -0.501545 0.327377
v 0.192065 -0.508741 0.315140
v 0.194192 -0.510585 0.316491
v 0.195521 -0.512963 0.318019
v 0.195920 -0.515642 0.319573
v 0.195351 -0.518360 0.321002
v 0.193870 -0.520851 0.322166
v 0.191621 -0.522871 0.322950
v 0.188825 -0.524222 0.323279
v 0.185755 -0.524772 0.323119
v 0.182712 -0.524468 0.322486
v 0.179994 -0.523338 0.321443
v 0.177866 -0.521494 0.320092
v 0.176538 -0.519117 0.318564
v 0.176138 -0.516438 0.317010
v 0.176707 -0.513720 0.315581
v 0.178189 -0.511229 0.314417
v 0.180438 -0.509209 0.313633
v 0.183234 -0.507858 0.313304
v 0.186304 -0.507308 0.313464
v 0.189347 -0.507612 0.314097
v 0.191463 -0.509469 0.315454
v 0.193379 -0.511129 0.316671
v 0.194575 -0.513270 0.318046
v 0.194934 -0.515682 0.319445
v 0.194422 -0.518129 0.320732
v 0.193088 -0.520371 0.321780
v 0.191064 -0.522189 0.322486
v 0.188546 -0.523406 0.322781
v 0.185782 -0.523901 0.322637
v 0.183043 -0.523627 0.322068
v 0.180595 -0.522611 0.321129
v 0.178680 -0.520951 0.319912
v 0.177484 -0.518810 0.318537
v 0.177125 -0.516398 0.317138
v 0.177637 -0.513951 0.315851
v 0.178970 -0.511709 0.314803
v 0.180995 -0.509890 0.314097
v 0.183513 -0.508674 0.313802
v 0.186276 -0.508178 0.313946
v 0.189016 -0.508452 0.314515
v 0.191146 -0.508199 0.332767
v 0.190856 -0.506255 0.331639
v 0.189893 -0.504530 0.330530
v 0.188349 -0.503192 0.329550
v 0.186377 -0.502373 0.328793
v 0.184169 -0.502152 0.328334
v 0.181942 -0.502551 0.328218
v 0.179913 -0.503532 0.328457
v 0.178282 -0.504997 0.329026
v 0.177207 -0.506804 0.329870
v 0.176794 -0.508776 0.330907
v 0.177084 -0.510720 0.332034
v 0.178048 -0.512445 0.333143
v 0.179591 -0.513783 0.334123
v 0.181563 -0.514602 0.334880
v 0.183771 -0.514823 0.335339
v 0.185998 -0.514424 0.335455
v 0.188027 -0.513443 0.335217
v 0.189659 -0.511978 0.334647
v 0.190733 -0.510171 0.333803
v 0.193124 -0.515453 0.319756
v 0.192834 -0.513510 0.318628
v 0.191871 -0.511784 0.317520
v 0.190327 -0.510447 0.316539
v 0.188355 -0.509627 0.315783
v 0.186147 -0.509406 0.315324
v 0.183920 -0.509806 0.315208
v 0.181891 -0.510786 0.315446
v 0.180260 -0.512251 0.316015
v 0.179185 -0.514058 0.316859
v 0.178772 -0.516030 0.317896
v 0.179062 -0.517974 0.319024
v 0.180026 -0.519699 0.320132
v 0.181569 -0.521037 0.321113
v 0.183541 -0.521856 0.321870
v 0.185749 -0.522077 0.322328
v 0.187976 -0.521678 0.322444
v 0.190005 -0.520698 0.322206
v 0.191637 -0.519232 0.321637
v 0.192711 -0.517425 0.320793
v 0.176105 -0.508692 0.331020
v 0.176555 -0.506539 0.329888
v 0.177729 -0.504565 0.328966
v 0.179510 -0.502965 0.328345
v 0.181725 -0.501895 0.328085
v 0.184157 -0.501459 0.328211
v 0.186568 -0.501700 0.328712
v 0.188721 -0.502595 0.329539
v 0.190407 -0.504056 0.330609
v 0.191459 -0.505939 0.331820
v 0.191775 -0.508061 0.333051
v 0.191325 -0.510214 0.334183
v 0.190151 -0.512188 0.335105
v 0.188370 -0.513788 0.335726
v 0.186155 -0.514858 0.335986
v 0.183723 -0.515294 0.335860
v 0.181312 -0.515053 0.335359
v 0.179159 -0.514158 0.334532
v 0.177473 -0.512697 0.333462
v 0.176421 -0.510814 0.332251
v 0.150340 -0.556091 0.277066
v 0.150770 -0.557249 0.278966
v 0.151007 -0.557789 0.281153
v 0.151030 -0.557658 0.283415
v 0.150834 -0.556868 0.285530
v 0.150441 -0.555497 0.287290
v 0.149887 -0.553679 0.288524
v 0.149227 -0.551593 0.289111
v 0.148526 -0.549441 0.288993
v 0.147853 -0.547436 0.288181
v 0.147273 -0.545773 0.286756
v 0.146843 -0.544614 0.284857
v 0.146605 -0.544075 0.282670
v 0.146583 -0.544206 0.280408
v 0.146778 -0.544996 0.278293
v 0.147172 -0.546367 0.276533
v 0.147726 -0.548184 0.275299
v 0.148385 -0.550271 0.274712
v 0.149086 -0.552422 0.274830
v 0.149759 -0.554428 0.275641
v 0.150931 -0.558083 0.275196
v 0.151527 -0.559689 0.277828
v 0.151857 -0.560437 0.280861
v 0.151888 -0.560255 0.283996
v 0.151617 -0.559160 0.286927
v 0.151072 -0.557260 0.289367
v 0.150304 -0.554740 0.291077
v 0.149390 -0.551848 0.291890
v 0.148419 -0.548866 0.291727
v 0.147485 -0.546086 0.290602
v 0.146681 -0.543781 0.288627
v 0.146085 -0.542175 0.285995
v 0.145755 -0.541427 0.282962
v 0.145724 -0.541609 0.279827
v 0.145995 -0.542704 0.276896
v 0.146541 -0.544604 0.274456
v 0.147308 -0.547124 0.272746
v 0.148223 -0.550016 0.271933
v 0.149194 -0.552998 0.272096
v 0.150127 -0.555778 0.273221
v 0.135836 -0.562976 0.275629
v 0.136432 -0.564582 0.278262
v 0.136762 -0.565330 0.281294
v 0.136793 -0.565148 0.284429
v 0.136523 -0.564053 0.287360
v 0.135977 -0.562153 0.289800
v 0.135209 -0.559633 0.291511
v 0.134295 -0.556741 0.292324
v 0.133323 -0.553759 0.292160
v 0.132390 -0.550979 0.291036
v 0.131586 -0.548674 0.289061
v 0.130990 -0.547068 0.286428
v 0.130660 -0.546320 0.283396
v 0.130629 -0.546502 0.280261
v 0.130900 -0.547597 0.277330
v 0.131446 -0.549497 0.274890
v 0.132213 -0.552017 0.273179
v 0.133128 -0.554909 0.272366
v 0.134099 -0.557891 0.272530
v 0.135032 -0.560671 0.273654
v 0.135244 -0.560984 0.277500
v 0.135675 -0.562143 0.279399
v 0.135912 -0.562682 0.281587
v 0.135935 -0.562551 0.283849
v 0.135739 -0.561761 0.285963
v 0.135346 -0.560390 0.287724
v 0.134792 -0.558573 0.288958
v 0.134132 -0.556486 0.289544
v 0.133432 -0.554335 0.289426
v 0.132758 -0.552329 0.288615
v 0.132178 -0.550666 0.287190
v 0.131748 -0.549507 0.285291
v 0.131510 -0.548968 0.283103
v 0.131488 -0.549099 0.280841
v 0.131683 -0.549889 0.278727
v 0.132077 -0.551260 0.276966
v 0.132631 -0.553078 0.275732
v 0.133290 -0.555164 0.275146
v 0.133991 -0.557316 0.275264
v 0.134664 -0.559321 0.276075
v 0.131604 -0.549446 0.274885
v 0.131058 -0.547546 0.277325
v 0.130787 -0.546451 0.280256
v 0.130818 -0.546269 0.283391
v 0.131148 -0.547017 0.286424
v 0.131744 -0.548623 0.289056
v 0.132548 -0.550928 0.291031
v 0.133481 -0.553708 0.292156
v 0.134453 -0.556690 0.292319
v 0.135367 -0.559582 0.291506
v 0.136135 -0.562102 0.289796
v 0.136681 -0.564002 0.287356
v 0.136951 -0.565097 0.284425
v 0.136920 -0.565279 0.281290
v 0.136591 -0.564530 0.278257
v 0.135994 -0.562925 0.275625
v 0.135190 -0.560620 0.273650
v 0.134257 -0.557840 0.272525
v 0.133286 -0.554858 0.272362
v 0.132371 -0.551965 0.273175
v 0.146380 -0.544656 0.274461
v 0.145834 -0.542756 0.276901
v 0.145564 -0.541661 0.279832
v 0.145595 -0.541479 0.282967
v 0.145924 -0.542227 0.285999
v 0.146520 -0.543833 0.288632
v 0.147325 -0.546138 0.290607
v 0.148258 -0.548918 0.291731
v 0.149229 -0.551900 0.291895
v 0.150144 -0.554792 0.291082
v 0.150911 -0.557312 0.289371
v 0.151457 -0.559212 0.286931
v 0.151728 -0.560307 0.284000
v 0.151697 -0.560489 0.280865
v 0.151367 -0.559740 0.277833
v 0.150771 -0.558135 0.275200
v 0.149967 -0.555830 0.273225
v 0.149033 -0.553050 0.272101
v 0.148062 -0.550068 0.271937
v 0.147148 -0.547176 0.272750
v 0.138018 -0.547367 0.274701
v 0.137472 -0.545467 0.277141
v 0.137201 -0.544372 0.280072
v 0.137232 -0.544190 0.283207
v 0.137562 -0.544938 0.286239
v 0.138158 -0.546543 0.288872
v 0.138962 -0.548849 0.290847
v 0.139896 -0.551629 0.291971
v 0.140867 -0.554611 0.292135
v 0.141781 -0.557503 0.291322
v 0.142549 -0.560023 0.289611
v 0.143094 -0.561923 0.287171
v 0.143365 -0.563017 0.284240
v 0.143334 -0.563200 0.281105
v 0.143005 -0.562451 0.278073
v 0.142408 -0.560846 0.275441
v 0.141604 -0.558540 0.273466
v 0.140671 -0.555761 0.272341
v 0.139700 -0.552779 0.272178
v 0.138786 -0.549886 0.272991
v 0.133201 -0.548928 0.274839
v 0.132655 -0.547028 0.277279
v 0.132385 -0.545933 0.280211
v 0.132416 -0.545751 0.283346
v 0.132745 -0.546499 0.286378
v 0.133341 -0.548105 0.289010
v 0.134145 -0.550410 0.290985
v 0.135079 -0.553190 0.292110
v 0.136050 -0.556172 0.292273
v 0.136964 -0.559064 0.291460
v 0.137732 -0.561584 0.289750
v 0.138278 -0.563484 0.287310
v 0.138548 -0.564579 0.284379
v 0.138517 -0.564761 0.281244
v 0.138188 -0.564013 0.278211
v 0.137592 -0.562407 0.275579
v 0.136788 -0.560102 0.273604
v 0.135854 -0.557322 0.272480
v 0.134883 -0.554340 0.272316
v 0.133969 -0.551448 0.273129
v 0.130916 -0.547643 0.277358
v 0.130646 -0.546554 0.280272
v 0.130677 -0.546373 0.283390
v 0.131005 -0.547117 0.286406
v 0.131598 -0.548713 0.289023
v 0.132397 -0.551006 0.290988
v 0.133326 -0.553770 0.292106
v 0.134292 -0.556736 0.292269
v 0.135201 -0.559612 0.291460
v 0.135964 -0.562118 0.289759
v 0.136507 -0.564008 0.287332
v 0.136776 -0.565096 0.284418
v 0.136745 -0.565277 0.281300
v 0.136417 -0.564533 0.278285
v 0.135825 -0.562937 0.275667
v 0.135025 -0.560644 0.273702
v 0.134097 -0.557880 0.272584
v 0.133131 -0.554914 0.272422
v 0.132222 -0.552038 0.273230
v 0.131458 -0.549532 0.274931
v 0.146100 -0.542224 0.285972
v 0.146693 -0.543821 0.288589
v 0.147492 -0.546113 0.290554
v 0.148421 -0.548877 0.291672
v 0.149387 -0.551843 0.291834
v 0.150296 -0.554719 0.291026
v 0.151059 -0.557224 0.289325
v 0.151602 -0.559114 0.286899
v 0.151871 -0.560202 0.283984
v 0.151840 -0.560384 0.280866
v 0.151512 -0.559639 0.277851
v 0.150920 -0.558043 0.275233
v 0.150120 -0.555750 0.273269
v 0.149192 -0.552986 0.272151
v 0.148226 -0.550021 0.271989
v 0.147317 -0.547145 0.272797
v 0.146554 -0.544639 0.274498
v 0.146011 -0.542750 0.276924
v 0.145742 -0.541661 0.279839
v 0.145772 -0.541480 0.282957
v 0.146370 -0.543092 0.285567
v 0.146904 -0.544530 0.287924
v 0.147624 -0.546594 0.289692
v 0.148459 -0.549082 0.290698
v 0.149329 -0.551752 0.290845
v 0.150147 -0.554341 0.290117
v 0.150834 -0.556597 0.288586
v 0.151323 -0.558298 0.286401
v 0.151565 -0.559278 0.283777
v 0.151538 -0.559441 0.280971
v 0.151242 -0.558771 0.278256
v 0.150709 -0.557334 0.275899
v 0.149989 -0.555270 0.274131
v 0.149153 -0.552781 0.273124
v 0.148284 -0.550112 0.272978
v 0.147465 -0.547522 0.273706
v 0.146778 -0.545267 0.275237
v 0.146289 -0.543566 0.277422
v 0.146047 -0.542586 0.280046
v 0.146075 -0.542423 0.282852
v 0.133650 -0.554264 0.289420
v 0.132977 -0.552258 0.288609
v 0.132396 -0.550595 0.287184
v 0.131966 -0.549437 0.285285
v 0.131729 -0.548897 0.283097
v 0.131706 -0.549028 0.280835
v 0.131902 -0.549818 0.278721
v 0.132295 -0.551189 0.276960
v 0.132849 -0.553007 0.275726
v 0.133509 -0.555093 0.275140
v 0.134210 -0.557245 0.275258
v 0.134883 -0.559250 0.276069
v 0.135463 -0.560914 0.277494
v 0.135893 -0.562072 0.279393
v 0.136131 -0.562612 0.281581
v 0.136153 -0.562480 0.283842
v 0.135958 -0.561690 0.285957
v 0.135564 -0.560320 0.287717
v 0.135010 -0.558502 0.288951
v 0.134351 -0.556415 0.289538
v 0.147939 -0.549632 0.289010
v 0.147266 -0.547626 0.288198
v 0.146686 -0.545963 0.286773
v 0.146256 -0.544805 0.284874
v 0.146018 -0.544265 0.282687
v 0.145996 -0.544396 0.280425
v 0.146191 -0.545186 0.278310
v 0.146585 -0.546557 0.276550
v 0.147139 -0.548375 0.275316
v 0.147798 -0.550461 0.274729
v 0.148499 -0.552613 0.274847
v 0.149172 -0.554618 0.275658
v 0.149752 -0.556281 0.277083
v 0.150182 -0.557440 0.278983
v 0.150420 -0.557980 0.281170
v 0.150443 -0.557848 0.283432
v 0.150247 -0.557058 0.285547
v 0.149853 -0.555688 0.287307
v 0.149300 -0.553870 0.288541
v 0.148640 -0.551783 0.289128
v 0.134017 -0.557452 0.274613
v 0.133252 -0.555103 0.274484
v 0.132531 -0.552825 0.275125
v 0.131927 -0.550840 0.276472
v 0.131497 -0.549343 0.278394
v 0.131283 -0.548481 0.280703
v 0.131308 -0.548338 0.283173
v 0.131568 -0.548927 0.285562
v 0.132037 -0.550192 0.287635
v 0.132670 -0.552008 0.289191
v 0.133406 -0.554198 0.290077
v 0.134171 -0.556547 0.290206
v 0.134891 -0.558825 0.289565
v 0.135496 -0.560810 0.288218
v 0.135926 -0.562307 0.286296
v 0.136139 -0.563169 0.283987
v 0.136115 -0.563312 0.281517
v 0.135855 -0.562723 0.279129
v 0.135385 -0.561458 0.277055
v 0.134752 -0.559642 0.275499
v 0.249259 -0.524026 0.274225
v 0.249689 -0.525184 0.276124
v 0.249926 -0.525724 0.278312
v 0.249949 -0.525592 0.280574
v 0.249753 -0.524803 0.282688
v 0.249360 -0.523432 0.284449
v 0.248806 -0.521614 0.285683
v 0.248146 -0.519527 0.286269
v 0.247446 -0.517376 0.286151
v 0.246772 -0.515370 0.285340
v 0.246192 -0.513707 0.283915
v 0.245762 -0.512549 0.282016
v 0.245524 -0.512009 0.279828
v 0.245502 -0.512141 0.277566
v 0.245697 -0.512930 0.275452
v 0.246091 -0.514301 0.273691
v 0.246645 -0.516119 0.272457
v 0.247304 -0.518206 0.271871
v 0.248005 -0.520357 0.271989
v 0.248678 -0.522362 0.272800
v 0.249851 -0.526018 0.272354
v 0.250446 -0.527623 0.274987
v 0.250776 -0.528371 0.278019
v 0.250807 -0.528189 0.281154
v 0.250537 -0.527094 0.284085
v 0.249991 -0.525194 0.286525
v 0.249223 -0.522675 0.288236
v 0.248309 -0.519782 0.289049
v 0.247338 -0.516801 0.288885
v 0.246404 -0.514021 0.287761
v 0.245600 -0.511715 0.285786
v 0.245004 -0.510110 0.283153
v 0.244674 -0.509362 0.280121
v 0.244643 -0.509544 0.276986
v 0.244914 -0.510638 0.274055
v 0.245460 -0.512539 0.271615
v 0.246227 -0.515058 0.269904
v 0.247142 -0.517950 0.269091
v 0.248113 -0.520932 0.269255
v 0.249046 -0.523712 0.270379
v 0.234755 -0.530911 0.272788
v 0.235352 -0.532516 0.275421
v 0.235681 -0.533265 0.278453
v 0.235712 -0.533082 0.281588
v 0.235442 -0.531988 0.284519
v 0.234896 -0.530088 0.286959
v 0.234128 -0.527568 0.288669
v 0.233214 -0.524676 0.289482
v 0.232242 -0.521694 0.289319
v 0.231309 -0.518914 0.288194
v 0.230505 -0.516608 0.286219
v 0.229909 -0.515003 0.283587
v 0.229579 -0.514255 0.280555
v 0.229548 -0.514437 0.277420
v 0.229819 -0.515532 0.274489
v 0.230365 -0.517432 0.272048
v 0.231132 -0.519951 0.270338
v 0.232047 -0.522844 0.269525
v 0.233018 -0.525826 0.269689
v 0.233951 -0.528605 0.270813
v 0.234164 -0.528919 0.274659
v 0.234594 -0.530077 0.276558
v 0.234831 -0.530617 0.278745
v 0.234854 -0.530486 0.281007
v 0.234658 -0.529696 0.283122
v 0.234265 -0.528325 0.284882
v 0.233711 -0.526507 0.286116
v 0.233051 -0.524420 0.286703
v 0.232350 -0.522269 0.286585
v 0.231677 -0.520264 0.285774
v 0.231097 -0.518600 0.284349
v 0.230667 -0.517442 0.282449
v 0.230429 -0.516902 0.280262
v 0.230407 -0.517034 0.278000
v 0.230602 -0.517823 0.275885
v 0.230996 -0.519194 0.274125
v 0.231550 -0.521012 0.272891
v 0.232209 -0.523099 0.272304
v 0.232910 -0.525250 0.272422
v 0.233583 -0.527256 0.273234
v 0.230523 -0.517381 0.272044
v 0.229977 -0.515480 0.274484
v 0.229706 -0.514386 0.277415
v 0.229737 -0.514204 0.280550
v 0.230067 -0.514952 0.283582
v 0.230663 -0.516557 0.286215
v 0.231467 -0.518863 0.288190
v 0.232401 -0.521642 0.289314
v 0.233372 -0.524624 0.289478
v 0.234286 -0.527517 0.288665
v 0.235054 -0.530036 0.286954
v 0.235600 -0.531936 0.284514
v 0.235870 -0.533031 0.281583
v 0.235839 -0.533213 0.278448
v 0.235510 -0.532465 0.275416
v 0.234913 -0.530860 0.272783
v 0.234109 -0.528554 0.270808
v 0.233176 -0.525774 0.269684
v 0.232205 -0.522792 0.269520
v 0.231290 -0.519900 0.270333
v 0.245299 -0.512591 0.271619
v 0.244753 -0.510690 0.274060
v 0.244483 -0.509596 0.276991
v 0.244514 -0.509414 0.280126
v 0.244843 -0.510162 0.283158
v 0.245439 -0.511767 0.285790
v 0.246244 -0.514073 0.287765
v 0.247177 -0.516853 0.288890
v 0.248148 -0.519835 0.289053
v 0.249063 -0.522727 0.288240
v 0.249830 -0.525246 0.286530
v 0.250376 -0.527147 0.284090
v 0.250647 -0.528241 0.281159
v 0.250616 -0.528423 0.278024
v 0.250286 -0.527675 0.274992
v 0.249690 -0.526070 0.272359
v 0.248886 -0.523764 0.270384
v 0.247952 -0.520985 0.269260
v 0.246981 -0.518003 0.269096
v 0.246067 -0.515110 0.269909
v 0.236937 -0.515301 0.271860
v 0.236391 -0.513401 0.274300
v 0.236120 -0.512307 0.277231
v 0.236151 -0.512124 0.280366
v 0.236481 -0.512873 0.283398
v 0.237077 -0.514478 0.286030
v 0.237881 -0.516784 0.288006
v 0.238815 -0.519563 0.289130
v 0.239786 -0.522545 0.289294
v 0.240700 -0.525438 0.288480
v 0.241468 -0.527957 0.286770
v 0.242014 -0.529857 0.284330
v 0.242284 -0.530952 0.281399
v 0.242253 -0.531134 0.278264
v 0.241924 -0.530386 0.275232
v 0.241327 -0.528780 0.272599
v 0.240523 -0.526475 0.270624
v 0.239590 -0.523695 0.269500
v 0.238619 -0.520713 0.269336
v 0.237704 -0.517821 0.270149
v 0.232120 -0.516863 0.271998
v 0.231574 -0.514963 0.274438
v 0.231304 -0.513868 0.277369
v 0.231335 -0.513686 0.280504
v 0.231664 -0.514434 0.283536
v 0.232260 -0.516039 0.286169
v 0.233064 -0.518345 0.288144
v 0.233998 -0.521125 0.289268
v 0.234969 -0.524107 0.289432
v 0.235883 -0.526999 0.288619
v 0.236651 -0.529519 0.286908
v 0.237197 -0.531419 0.284468
v 0.237467 -0.532513 0.281537
v 0.237436 -0.532696 0.278402
v 0.237107 -0.531947 0.275370
v 0.236511 -0.530342 0.272738
v 0.235707 -0.528036 0.270763
v 0.234773 -0.525257 0.269638
v 0.233802 -0.522275 0.269474
v 0.232888 -0.519382 0.270288
v 0.229835 -0.515577 0.274516
v 0.229565 -0.514489 0.277431
v 0.229596 -0.514307 0.280549
v 0.229924 -0.515052 0.283564
v 0.230517 -0.516648 0.286182
v 0.231316 -0.518941 0.288146
v 0.232245 -0.521705 0.289264
v 0.233211 -0.524671 0.289427
v 0.234120 -0.527547 0.288618
v 0.234883 -0.530052 0.286918
v 0.235426 -0.531942 0.284491
v 0.235695 -0.533031 0.281576
v 0.235664 -0.533212 0.278458
v 0.235336 -0.532468 0.275443
v 0.234744 -0.530871 0.272825
v 0.233944 -0.528579 0.270861
v 0.233016 -0.525814 0.269743
v 0.232050 -0.522849 0.269580
v 0.231141 -0.519972 0.270389
v 0.230377 -0.517467 0.272090
v 0.245019 -0.510159 0.283130
v 0.245612 -0.511755 0.285748
v 0.246412 -0.514048 0.287712
v 0.247340 -0.516812 0.288830
v 0.248306 -0.519777 0.288993
v 0.249215 -0.522654 0.288184
v 0.249978 -0.525159 0.286484
v 0.250521 -0.527048 0.284057
v 0.250790 -0.528137 0.281142
v 0.250759 -0.528318 0.278025
v 0.250431 -0.527574 0.275010
v 0.249839 -0.525978 0.272392
v 0.249039 -0.523685 0.270428
v 0.248111 -0.520921 0.269310
v 0.247145 -0.517956 0.269147
v 0.246236 -0.515079 0.269956
v 0.245473 -0.512574 0.271656
v 0.244930 -0.510684 0.274083
v 0.244661 -0.509596 0.276998
v 0.244692 -0.509415 0.280115
v 0.245289 -0.511027 0.282725
v 0.245823 -0.512464 0.285082
v 0.246543 -0.514528 0.286850
v 0.247378 -0.517017 0.287857
v 0.248248 -0.519687 0.288004
v 0.249066 -0.522276 0.287276
v 0.249753 -0.524532 0.285744
v 0.250242 -0.526233 0.283560
v 0.250484 -0.527213 0.280936
v 0.250457 -0.527376 0.278129
v 0.250161 -0.526706 0.275415
v 0.249628 -0.525269 0.273058
v 0.248908 -0.523205 0.271290
v 0.248072 -0.520716 0.270283
v 0.247203 -0.518046 0.270137
v 0.246384 -0.515457 0.270865
v 0.245697 -0.513201 0.272396
v 0.245209 -0.511500 0.274580
v 0.244966 -0.510520 0.277204
v 0.244994 -0.510357 0.280011
v 0.232569 -0.522198 0.286579
v 0.231896 -0.520193 0.285767
v 0.231316 -0.518530 0.284342
v 0.230886 -0.517371 0.282443
v 0.230648 -0.516831 0.280256
v 0.230625 -0.516963 0.277994
v 0.230821 -0.517753 0.275879
v 0.231214 -0.519124 0.274119
v 0.231768 -0.520941 0.272885
v 0.232428 -0.523028 0.272298
v 0.233129 -0.525179 0.272416
v 0.233802 -0.527185 0.273227
v 0.234382 -0.528848 0.274652
v 0.234812 -0.530006 0.276552
v 0.235050 -0.530546 0.278739
v 0.235072 -0.530415 0.281001
v 0.234877 -0.529625 0.283116
v 0.234483 -0.528254 0.284876
v 0.233929 -0.526436 0.286110
v 0.233270 -0.524350 0.286697
v 0.246858 -0.517566 0.286168
v 0.246185 -0.515561 0.285357
v 0.245605 -0.513898 0.283932
v 0.245175 -0.512739 0.282033
v 0.244937 -0.512199 0.279845
v 0.244915 -0.512331 0.277583
v 0.245110 -0.513121 0.275469
v 0.245504 -0.514491 0.273708
v 0.246058 -0.516309 0.272474
v 0.246717 -0.518396 0.271888
v 0.247418 -0.520547 0.272006
v 0.248091 -0.522553 0.272817
v 0.248671 -0.524216 0.274242
v 0.249101 -0.525374 0.276141
v 0.249339 -0.525914 0.278329
v 0.249362 -0.525783 0.280590
v 0.249166 -0.524993 0.282705
v 0.248773 -0.523622 0.284466
v 0.248219 -0.521804 0.285699
v 0.247559 -0.519718 0.286286
v 0.232936 -0.525387 0.271772
v 0.232171 -0.523038 0.271643
v 0.231450 -0.520760 0.272283
v 0.230846 -0.518775 0.273631
v 0.230416 -0.517278 0.275553
v 0.230203 -0.516416 0.277862
v 0.230227 -0.516272 0.280331
v 0.230487 -0.516862 0.282720
v 0.230956 -0.518126 0.284794
v 0.231590 -0.519942 0.286350
v 0.232325 -0.522132 0.287235
v 0.233090 -0.524481 0.287364
v 0.233810 -0.526760 0.286724
v 0.234415 -0.528744 0.285376
v 0.234845 -0.530241 0.283454
v 0.235058 -0.531104 0.281145
v 0.235034 -0.531247 0.278676
v 0.234774 -0.530658 0.276287
v 0.234304 -0.529393 0.274213
v 0.233671 -0.527577 0.272658
v 0.189964 -0.581950 0.297881
v 0.192857 -0.583479 0.293750
v 0.196890 -0.584130 0.290423
v 0.201670 -0.583837 0.288223
v 0.206727 -0.582631 0.287367
v 0.211568 -0.580629 0.287939
v 0.215717 -0.578027 0.289882
v 0.218770 -0.575079 0.293006
v 0.220427 -0.572075 0.297006
v 0.220526 -0.569309 0.301489
v 0.219057 -0.567051 0.306018
v 0.216164 -0.565521 0.310148
v 0.212130 -0.564871 0.313476
v 0.207351 -0.565164 0.315675
v 0.202294 -0.566370 0.316531
v 0.197453 -0.568372 0.315959
v 0.193304 -0.570974 0.314016
v 0.190251 -0.573921 0.310892
v 0.188594 -0.576925 0.306893
v 0.188495 -0.579692 0.302409
v 0.175418 -0.589400 0.293812
v 0.181203 -0.592458 0.285552
v 0.189270 -0.593759 0.278896
v 0.198829 -0.593174 0.274497
v 0.208944 -0.590761 0.272786
v 0.218625 -0.586757 0.273929
v 0.226924 -0.581553 0.277815
v 0.233029 -0.575658 0.284063
v 0.236343 -0.569651 0.292062
v 0.236541 -0.564117 0.301029
v 0.233603 -0.559601 0.310086
v 0.227817 -0.556543 0.318347
v 0.219751 -0.555242 0.325002
v 0.210192 -0.555827 0.329401
v 0.200077 -0.558239 0.331113
v 0.190396 -0.562244 0.329970
v 0.182097 -0.567448 0.326084
v 0.175992 -0.573342 0.319835
v 0.172678 -0.579350 0.311836
v 0.172480 -0.584883 0.302869
v 0.180347 -0.603827 0.302606
v 0.186132 -0.606885 0.294345
v 0.194199 -0.608186 0.287690
v 0.203758 -0.607601 0.283291
v 0.213873 -0.605188 0.281579
v 0.223554 -0.601184 0.282722
v 0.231853 -0.595980 0.286608
v 0.237958 -0.590085 0.292856
v 0.241272 -0.584078 0.300856
v 0.241470 -0.578544 0.309823
v 0.238532 -0.574028 0.318880
v 0.232747 -0.570969 0.327140
v 0.224680 -0.569669 0.333796
v 0.215121 -0.570254 0.338194
v 0.205006 -0.572666 0.339906
v 0.195325 -0.576671 0.338763
v 0.187026 -0.581875 0.334877
v 0.180921 -0.587769 0.328629
v 0.177607 -0.593777 0.320630
v 0.177409 -0.599310 0.311663
v 0.199113 -0.594216 0.307854
v 0.201167 -0.595301 0.304922
v 0.204030 -0.595763 0.302560
v 0.207423 -0.595555 0.300999
v 0.211013 -0.594699 0.300391
v 0.214449 -0.593278 0.300797
v 0.217395 -0.591431 0.302176
v 0.219562 -0.589338 0.304394
v 0.220738 -0.587206 0.307233
v 0.220808 -0.585242 0.310416
v 0.219766 -0.583639 0.313631
v 0.217712 -0.582553 0.316563
v 0.214849 -0.582092 0.318925
v 0.211456 -0.582299 0.320486
v 0.207866 -0.583156 0.321094
v 0.204430 -0.584577 0.320688
v 0.201484 -0.586424 0.319309
v 0.199317 -0.588516 0.317091
v 0.198141 -0.590649 0.314252
v 0.198071 -0.592613 0.311069
v 0.204510 -0.574500 0.301949
v 0.215165 -0.605684 0.320956
v 0.177542 -0.593588 0.320514
v 0.180856 -0.587580 0.328514
v 0.186961 -0.581686 0.334762
v 0.195261 -0.576482 0.338648
v 0.204942 -0.572477 0.339791
v 0.215056 -0.570065 0.338079
v 0.224615 -0.569480 0.333680
v 0.232682 -0.570780 0.327025
v 0.238467 -0.573839 0.318764
v 0.241405 -0.578355 0.309707
v 0.241208 -0.583888 0.300740
v 0.237894 -0.589896 0.292741
v 0.231789 -0.595791 0.286493
v 0.223489 -0.600995 0.282607
v 0.213808 -0.604999 0.281464
v 0.203694 -0.607412 0.283175
v 0.194135 -0.607996 0.287574
v 0.186068 -0.606696 0.294230
v 0.180282 -0.603638 0.302490
v 0.177345 -0.599121 0.311547
v 0.176756 -0.591286 0.319112
v 0.180070 -0.585279 0.327111
v 0.186175 -0.579384 0.333359
v 0.194474 -0.574180 0.337245
v 0.204155 -0.570176 0.338388
v 0.214270 -0.567763 0.336676
v 0.223829 -0.567178 0.332277
v 0.231896 -0.568479 0.325622
v 0.237681 -0.571537 0.317361
v 0.240619 -0.576054 0.308304
v 0.240421 -0.581587 0.299337
v 0.237108 -0.587595 0.291338
v 0.231002 -0.593489 0.285090
v 0.222703 -0.598693 0.281204
v 0.213022 -0.602697 0.280061
v 0.202907 -0.605110 0.281773
v 0.193348 -0.605695 0.286171
v 0.185281 -0.604394 0.292827
v 0.179496 -0.601336 0.301087
v 0.176558 -0.596819 0.310145
v 0.177236 -0.592692 0.319968
v 0.180550 -0.586684 0.327967
v 0.186655 -0.580789 0.334216
v 0.194954 -0.575585 0.338102
v 0.204635 -0.571581 0.339245
v 0.214750 -0.569168 0.337533
v 0.224309 -0.568584 0.333134
v 0.232376 -0.569884 0.326479
v 0.238161 -0.572942 0.318218
v 0.241099 -0.577459 0.309161
v 0.240901 -0.582992 0.300194
v 0.237588 -0.589000 0.292195
v 0.231482 -0.594894 0.285946
v 0.223183 -0.600098 0.282061
v 0.213502 -0.604103 0.280917
v 0.203387 -0.606515 0.282629
v 0.193829 -0.607100 0.287028
v 0.185762 -0.605800 0.293683
v 0.179976 -0.602741 0.301944
v 0.177039 -0.598225 0.311001
v 0.175199 -0.586730 0.316335
v 0.178513 -0.580723 0.324334
v 0.184618 -0.574828 0.330582
v 0.192918 -0.569624 0.334468
v 0.202599 -0.565620 0.335611
v 0.212713 -0.563207 0.333899
v 0.222272 -0.562622 0.329500
v 0.230339 -0.563923 0.322845
v 0.236125 -0.566981 0.314584
v 0.239062 -0.571498 0.305527
v 0.238864 -0.577031 0.296560
v 0.235551 -0.583039 0.288561
v 0.229446 -0.588933 0.282313
v 0.221146 -0.594137 0.278427
v 0.211465 -0.598141 0.277284
v 0.201350 -0.600554 0.278996
v 0.191792 -0.601139 0.283394
v 0.183725 -0.599838 0.290050
v 0.177939 -0.596780 0.298310
v 0.175002 -0.592263 0.307368
v 0.177430 -0.593258 0.320314
v 0.180743 -0.587250 0.328313
v 0.186849 -0.581356 0.334561
v 0.195148 -0.576152 0.338447
v 0.204829 -0.572148 0.339590
v 0.214944 -0.569735 0.337878
v 0.224503 -0.569150 0.333479
v 0.232569 -0.570451 0.326824
v 0.238355 -0.573509 0.318563
v 0.241293 -0.578026 0.309506
v 0.241095 -0.583559 0.300539
v 0.237781 -0.589567 0.292540
v 0.231676 -0.595461 0.286292
v 0.223377 -0.600665 0.282406
v 0.213696 -0.604669 0.281263
v 0.203581 -0.607082 0.282975
v 0.194022 -0.607667 0.287373
v 0.185955 -0.606366 0.294029
v 0.180170 -0.603308 0.302289
v 0.177232 -0.598791 0.311346
v 0.202335 -0.586692 0.318392
v 0.204966 -0.585042 0.319624
v 0.208034 -0.583773 0.319986
v 0.211240 -0.583008 0.319444
v 0.214270 -0.582823 0.318050
v 0.216827 -0.583235 0.315940
v 0.218661 -0.584205 0.313322
v 0.219592 -0.585636 0.310451
v 0.219529 -0.587390 0.307609
v 0.218479 -0.589294 0.305073
v 0.216544 -0.591163 0.303093
v 0.213913 -0.592812 0.301861
v 0.210845 -0.594081 0.301499
v 0.207639 -0.594846 0.302041
v 0.204609 -0.595031 0.303436
v 0.202052 -0.594619 0.305545
v 0.200218 -0.593650 0.308163
v 0.199287 -0.592218 0.311034
v 0.199350 -0.590464 0.313876
v 0.200400 -0.588560 0.316412
v 0.207243 -0.580872 0.325189
v 0.212254 -0.579677 0.324341
v 0.216989 -0.579388 0.322162
v 0.220985 -0.580032 0.318865
v 0.223851 -0.581547 0.314773
v 0.225306 -0.583784 0.310287
v 0.225208 -0.586525 0.305845
v 0.223567 -0.589501 0.301883
v 0.220542 -0.592421 0.298787
v 0.216431 -0.594999 0.296862
v 0.211636 -0.596982 0.296296
v 0.206625 -0.598177 0.297144
v 0.201890 -0.598467 0.299323
v 0.197894 -0.597823 0.302620
v 0.195028 -0.596308 0.306712
v 0.193573 -0.594070 0.311198
v 0.193671 -0.591330 0.315640
v 0.195313 -0.588354 0.319603
v 0.198337 -0.585434 0.322698
v 0.202448 -0.582856 0.324623
v -0.467291 -0.342813 0.276264
v -0.468280 -0.343505 0.278181
v -0.468733 -0.343827 0.280378
v -0.468606 -0.343746 0.282639
v -0.467911 -0.343271 0.284742
v -0.466716 -0.342449 0.286483
v -0.465138 -0.341360 0.287690
v -0.463332 -0.340110 0.288245
v -0.461474 -0.338822 0.288095
v -0.459747 -0.337621 0.287253
v -0.458319 -0.336627 0.285803
v -0.457329 -0.335935 0.283886
v -0.456876 -0.335613 0.281689
v -0.457003 -0.335694 0.279428
v -0.457698 -0.336168 0.277325
v -0.458893 -0.336990 0.275584
v -0.460471 -0.338080 0.274377
v -0.462277 -0.339330 0.273822
v -0.464135 -0.340618 0.273972
v -0.465863 -0.341818 0.274813
v -0.469023 -0.344007 0.274422
v -0.470394 -0.344967 0.277080
v -0.471022 -0.345412 0.280125
v -0.470846 -0.345301 0.283258
v -0.469883 -0.344643 0.286174
v -0.468226 -0.343503 0.288587
v -0.466039 -0.341993 0.290260
v -0.463536 -0.340260 0.291030
v -0.460961 -0.338475 0.290821
v -0.458566 -0.336811 0.289655
v -0.456587 -0.335432 0.287644
v -0.455216 -0.334473 0.284987
v -0.454587 -0.334027 0.281942
v -0.454764 -0.334139 0.278809
v -0.455727 -0.334797 0.275893
v -0.457383 -0.335937 0.273480
v -0.459570 -0.337447 0.271807
v -0.462074 -0.339179 0.271037
v -0.464649 -0.340965 0.271246
v -0.467043 -0.342628 0.272412
v -0.478066 -0.330960 0.274467
v -0.479437 -0.331920 0.277124
v -0.480065 -0.332365 0.280169
v -0.479889 -0.332254 0.283302
v -0.478925 -0.331596 0.286218
v -0.477269 -0.330456 0.288631
v -0.475082 -0.328946 0.290304
v -0.472579 -0.327214 0.291074
v -0.470003 -0.325428 0.290866
v -0.467609 -0.323764 0.289699
v -0.465629 -0.322385 0.287689
v -0.464258 -0.321426 0.285031
v -0.463630 -0.320981 0.281986
v -0.463806 -0.321092 0.278853
v -0.464770 -0.321750 0.275937
v -0.466426 -0.322890 0.273525
v -0.468613 -0.324400 0.271851
v -0.471116 -0.326132 0.271081
v -0.473691 -0.327918 0.271290
v -0.476086 -0.329582 0.272456
v -0.476334 -0.329766 0.276308
v -0.477323 -0.330458 0.278225
v -0.477776 -0.330780 0.280422
v -0.477649 -0.330699 0.282683
v -0.476954 -0.330225 0.284786
v -0.475759 -0.329402 0.286527
v -0.474181 -0.328313 0.287734
v -0.472375 -0.327063 0.288290
v -0.470517 -0.325775 0.288139
v -0.468789 -0.324575 0.287298
v -0.467361 -0.323580 0.285847
v -0.466372 -0.322888 0.283930
v -0.465919 -0.322566 0.281733
v -0.466046 -0.322647 0.279473
v -0.466741 -0.323121 0.277369
v -0.467936 -0.323944 0.275628
v -0.469514 -0.325033 0.274421
v -0.471320 -0.326283 0.273866
v -0.473178 -0.327571 0.274016
v -0.474905 -0.328771 0.274858
v -0.466331 -0.323026 0.273524
v -0.464675 -0.321887 0.275937
v -0.463712 -0.321229 0.278852
v -0.463535 -0.321117 0.281986
v -0.464163 -0.321563 0.285031
v -0.465535 -0.322522 0.287688
v -0.467514 -0.323901 0.289699
v -0.469909 -0.325565 0.290865
v -0.472484 -0.327350 0.291074
v -0.474987 -0.329083 0.290303
v -0.477174 -0.330593 0.288630
v -0.478831 -0.331732 0.286218
v -0.479794 -0.332390 0.283302
v -0.479970 -0.332502 0.280168
v -0.479342 -0.332056 0.277124
v -0.477971 -0.331097 0.274466
v -0.475991 -0.329718 0.272456
v -0.473597 -0.328054 0.271289
v -0.471022 -0.326269 0.271081
v -0.468518 -0.324536 0.271851
v -0.457479 -0.335798 0.273481
v -0.455823 -0.334658 0.275893
v -0.454860 -0.334000 0.278809
v -0.454684 -0.333889 0.281943
v -0.455312 -0.334334 0.284987
v -0.456683 -0.335294 0.287645
v -0.458662 -0.336672 0.289655
v -0.461057 -0.338336 0.290822
v -0.463632 -0.340122 0.291030
v -0.466136 -0.341854 0.290260
v -0.468323 -0.343364 0.288587
v -0.469979 -0.344504 0.286174
v -0.470942 -0.345162 0.283259
v -0.471118 -0.345273 0.280125
v -0.470490 -0.344828 0.277081
v -0.469119 -0.343868 0.274423
v -0.467140 -0.342490 0.272413
v -0.464745 -0.340826 0.271246
v -0.462170 -0.339040 0.271038
v -0.459666 -0.337308 0.271808
v -0.462489 -0.328570 0.273505
v -0.460833 -0.327430 0.275918
v -0.459869 -0.326772 0.278834
v -0.459693 -0.326661 0.281967
v -0.460321 -0.327107 0.285012
v -0.461692 -0.328066 0.287669
v -0.463672 -0.329445 0.289680
v -0.466067 -0.331108 0.290846
v -0.468642 -0.332894 0.291055
v -0.471145 -0.334626 0.290285
v -0.473332 -0.336136 0.288611
v -0.474988 -0.337276 0.286199
v -0.475952 -0.337934 0.283283
v -0.476128 -0.338046 0.280150
v -0.475500 -0.337600 0.277105
v -0.474129 -0.336641 0.274447
v -0.472149 -0.335262 0.272437
v -0.469754 -0.333598 0.271270
v -0.467179 -0.331813 0.271062
v -0.464676 -0.330080 0.271832
v -0.465374 -0.324407 0.273519
v -0.463718 -0.323267 0.275932
v -0.462755 -0.322609 0.278848
v -0.462578 -0.322498 0.281981
v -0.463207 -0.322943 0.285026
v -0.464578 -0.323903 0.287683
v -0.466557 -0.325282 0.289694
v -0.468952 -0.326945 0.290860
v -0.471527 -0.328731 0.291069
v -0.474031 -0.330463 0.290299
v -0.476217 -0.331973 0.288626
v -0.477874 -0.333113 0.286213
v -0.478837 -0.333771 0.283297
v -0.479013 -0.333883 0.280164
v -0.478385 -0.333437 0.277119
v -0.477014 -0.332478 0.274461
v -0.475034 -0.331099 0.272451
v -0.472640 -0.329435 0.271284
v -0.470065 -0.327650 0.271076
v -0.467561 -0.325917 0.271846
v -0.464809 -0.321777 0.275966
v -0.463851 -0.321123 0.278865
v -0.463675 -0.321012 0.281981
v -0.464300 -0.321455 0.285009
v -0.465664 -0.322409 0.287652
v -0.467632 -0.323781 0.289651
v -0.470014 -0.325435 0.290811
v -0.472575 -0.327211 0.291019
v -0.475064 -0.328934 0.290253
v -0.477239 -0.330435 0.288589
v -0.478886 -0.331569 0.286190
v -0.479844 -0.332223 0.283290
v -0.480019 -0.332334 0.280174
v -0.479395 -0.331891 0.277146
v -0.478031 -0.330937 0.274503
v -0.476063 -0.329565 0.272504
v -0.473681 -0.327911 0.271344
v -0.471120 -0.326135 0.271137
v -0.468631 -0.324412 0.271902
v -0.466456 -0.322911 0.273566
v -0.455258 -0.334502 0.284965
v -0.456621 -0.335456 0.287607
v -0.458590 -0.336828 0.289607
v -0.460971 -0.338482 0.290767
v -0.463532 -0.340257 0.290974
v -0.466021 -0.341980 0.290208
v -0.468196 -0.343482 0.288544
v -0.469843 -0.344615 0.286145
v -0.470801 -0.345269 0.283246
v -0.470976 -0.345380 0.280130
v -0.470352 -0.344937 0.277102
v -0.468988 -0.343983 0.274459
v -0.467020 -0.342612 0.272460
v -0.464638 -0.340958 0.271300
v -0.462078 -0.339182 0.271093
v -0.459588 -0.337459 0.271859
v -0.457414 -0.335958 0.273523
v -0.455767 -0.334824 0.275922
v -0.454809 -0.334170 0.278821
v -0.454633 -0.334059 0.281937
v -0.456010 -0.335023 0.284573
v -0.457238 -0.335881 0.286952
v -0.459010 -0.337116 0.288752
v -0.461154 -0.338605 0.289796
v -0.463459 -0.340204 0.289983
v -0.465701 -0.341755 0.289293
v -0.467659 -0.343107 0.287795
v -0.469141 -0.344127 0.285636
v -0.470004 -0.344716 0.283025
v -0.470161 -0.344816 0.280220
v -0.469599 -0.344417 0.277494
v -0.468372 -0.343558 0.275115
v -0.466599 -0.342324 0.273315
v -0.464456 -0.340834 0.272271
v -0.462150 -0.339236 0.272084
v -0.459909 -0.337685 0.272774
v -0.457951 -0.336333 0.274272
v -0.456468 -0.335313 0.276431
v -0.455606 -0.334724 0.279042
v -0.455448 -0.334624 0.281847
v -0.470386 -0.325964 0.288139
v -0.468659 -0.324763 0.287297
v -0.467230 -0.323769 0.285847
v -0.466241 -0.323077 0.283929
v -0.465788 -0.322755 0.281733
v -0.465915 -0.322836 0.279472
v -0.466610 -0.323310 0.277368
v -0.467805 -0.324132 0.275628
v -0.469383 -0.325222 0.274421
v -0.471189 -0.326472 0.273865
v -0.473047 -0.327760 0.274015
v -0.474774 -0.328960 0.274857
v -0.476203 -0.329955 0.276307
v -0.477192 -0.330647 0.278225
v -0.477645 -0.330969 0.280421
v -0.477518 -0.330888 0.282682
v -0.476823 -0.330414 0.284786
v -0.475628 -0.329591 0.286526
v -0.474050 -0.328502 0.287733
v -0.472244 -0.327252 0.288289
v -0.461826 -0.338314 0.288097
v -0.460099 -0.337114 0.287255
v -0.458670 -0.336119 0.285805
v -0.457681 -0.335427 0.283887
v -0.457228 -0.335106 0.281691
v -0.457355 -0.335186 0.279430
v -0.458050 -0.335661 0.277327
v -0.459245 -0.336483 0.275586
v -0.460823 -0.337572 0.274379
v -0.462629 -0.338822 0.273823
v -0.464487 -0.340110 0.273974
v -0.466215 -0.341311 0.274815
v -0.467643 -0.342306 0.276266
v -0.468632 -0.342998 0.278183
v -0.469085 -0.343319 0.280380
v -0.468958 -0.343239 0.282640
v -0.468263 -0.342764 0.284744
v -0.467068 -0.341942 0.286484
v -0.465490 -0.340852 0.287692
v -0.463684 -0.339602 0.288247
v -0.473300 -0.327654 0.273367
v -0.471272 -0.326247 0.273203
v -0.469299 -0.324882 0.273810
v -0.467577 -0.323693 0.275128
v -0.466272 -0.322795 0.277028
v -0.465513 -0.322277 0.279325
v -0.465374 -0.322189 0.281794
v -0.465869 -0.322540 0.284192
v -0.466949 -0.323296 0.286285
v -0.468508 -0.324382 0.287869
v -0.470395 -0.325692 0.288788
v -0.472423 -0.327099 0.288952
v -0.474396 -0.328464 0.288346
v -0.476118 -0.329653 0.287028
v -0.477423 -0.330551 0.285127
v -0.478182 -0.331069 0.282830
v -0.478321 -0.331157 0.280362
v -0.477826 -0.330806 0.277963
v -0.476746 -0.330050 0.275870
v -0.475186 -0.328964 0.274286
v -0.491062 -0.229914 0.238382
v -0.492895 -0.239750 0.226439
v -0.491272 -0.251996 0.216946
v -0.486351 -0.265455 0.210833
v -0.478614 -0.278808 0.208697
v -0.468820 -0.290749 0.210747
v -0.457925 -0.300108 0.216784
v -0.446998 -0.305970 0.226215
v -0.437107 -0.307761 0.238118
v -0.429221 -0.305305 0.251328
v -0.424112 -0.298843 0.264552
v -0.422279 -0.289008 0.276495
v -0.423903 -0.276761 0.285987
v -0.428824 -0.263303 0.292101
v -0.436560 -0.249950 0.294237
v -0.446355 -0.238009 0.292186
v -0.457249 -0.228649 0.286150
v -0.468176 -0.222787 0.276718
v -0.478067 -0.220996 0.264815
v -0.485953 -0.223452 0.251605
v -0.512298 -0.208050 0.230081
v -0.515293 -0.224126 0.210562
v -0.512640 -0.244141 0.195048
v -0.504598 -0.266137 0.185055
v -0.491953 -0.287961 0.181564
v -0.475945 -0.307477 0.184916
v -0.458140 -0.322774 0.194782
v -0.440281 -0.332355 0.210196
v -0.424115 -0.335282 0.229651
v -0.411227 -0.331268 0.251241
v -0.402876 -0.320707 0.272853
v -0.399881 -0.304632 0.292371
v -0.402534 -0.284617 0.307886
v -0.410577 -0.262620 0.317878
v -0.423221 -0.240796 0.321369
v -0.439229 -0.221280 0.318018
v -0.457034 -0.205983 0.308152
v -0.474893 -0.196403 0.292737
v -0.491059 -0.193476 0.273283
v -0.503947 -0.197490 0.251693
v -0.521121 -0.214187 0.236489
v -0.524116 -0.230262 0.216970
v -0.521463 -0.250277 0.201456
v -0.513421 -0.272274 0.191463
v -0.500776 -0.294098 0.187972
v -0.484768 -0.313614 0.191323
v -0.466963 -0.328911 0.201190
v -0.449104 -0.338491 0.216604
v -0.432938 -0.341419 0.236059
v -0.420050 -0.337405 0.257649
v -0.411699 -0.326844 0.279261
v -0.408704 -0.310768 0.298779
v -0.411357 -0.290753 0.314294
v -0.419400 -0.268757 0.324286
v -0.432044 -0.246933 0.327777
v -0.448052 -0.227417 0.324426
v -0.465857 -0.212120 0.314560
v -0.483716 -0.202539 0.299145
v -0.499882 -0.199612 0.279691
v -0.512770 -0.203626 0.258101
v -0.457587 -0.264379 0.251467
v -0.466091 -0.236814 0.290589
v -0.455815 -0.245642 0.296283
v -0.446576 -0.256905 0.298217
v -0.439279 -0.269501 0.296202
v -0.434638 -0.282195 0.290436
v -0.433106 -0.293746 0.281482
v -0.434835 -0.303024 0.270217
v -0.439654 -0.309119 0.257744
v -0.447093 -0.311435 0.245284
v -0.456422 -0.309746 0.234056
v -0.466729 -0.304217 0.225160
v -0.477005 -0.295388 0.219467
v -0.486244 -0.284125 0.217532
v -0.493541 -0.271530 0.219547
v -0.498182 -0.258836 0.225314
v -0.499714 -0.247284 0.234268
v -0.497985 -0.238007 0.245532
v -0.493166 -0.231912 0.258005
v -0.485727 -0.229596 0.270465
v -0.476398 -0.231285 0.281693
v -0.542442 -0.289369 0.325302
v -0.534846 -0.293444 0.331858
v -0.527274 -0.299950 0.336054
v -0.520466 -0.308250 0.337479
v -0.515088 -0.317532 0.335994
v -0.511668 -0.326887 0.331745
v -0.510539 -0.335399 0.325146
v -0.511813 -0.342236 0.316845
v -0.515365 -0.346727 0.307654
v -0.520846 -0.348434 0.298471
v -0.527721 -0.347190 0.290197
v -0.535317 -0.343115 0.283642
v -0.542889 -0.336609 0.279446
v -0.549697 -0.328309 0.278021
v -0.555075 -0.319027 0.279505
v -0.558495 -0.309672 0.283755
v -0.559624 -0.301160 0.290353
v -0.558350 -0.294323 0.298654
v -0.554799 -0.289832 0.307846
v -0.549317 -0.288125 0.317028
v -0.528516 -0.277279 0.338835
v -0.517334 -0.286887 0.345031
v -0.507280 -0.299144 0.347136
v -0.499338 -0.312850 0.344943
v -0.494287 -0.326665 0.338668
v -0.492621 -0.339236 0.328924
v -0.494502 -0.349332 0.316665
v -0.499747 -0.355965 0.303092
v -0.507841 -0.358485 0.289532
v -0.517994 -0.356647 0.277313
v -0.529211 -0.350630 0.267632
v -0.540393 -0.341023 0.261436
v -0.550447 -0.328766 0.259331
v -0.558389 -0.315059 0.261524
v -0.563440 -0.301244 0.267799
v -0.565106 -0.288673 0.277544
v -0.563225 -0.278577 0.289802
v -0.557980 -0.271944 0.303376
v -0.549885 -0.269424 0.316935
v -0.539733 -0.271262 0.329154
v -0.541522 -0.289067 0.324513
v -0.534002 -0.293101 0.331004
v -0.526505 -0.299543 0.335158
v -0.519764 -0.307760 0.336569
v -0.514440 -0.316950 0.335099
v -0.511053 -0.326212 0.330892
v -0.509936 -0.334640 0.324359
v -0.511197 -0.341409 0.316140
v -0.514713 -0.345856 0.307039
v -0.520141 -0.347546 0.297948
v -0.526947 -0.346314 0.289756
v -0.534468 -0.342280 0.283266
v -0.541965 -0.335838 0.279112
v -0.548706 -0.327621 0.277700
v -0.554030 -0.318431 0.279171
v -0.557416 -0.309169 0.283378
v -0.558534 -0.300741 0.289911
v -0.557272 -0.293972 0.298130
v -0.553756 -0.289525 0.307230
v -0.548329 -0.287835 0.316321
v -0.493653 -0.289649 0.332407
v -0.486356 -0.302244 0.330393
v -0.481714 -0.314939 0.324626
v -0.480183 -0.326490 0.315672
v -0.481911 -0.335767 0.304408
v -0.486731 -0.341863 0.291935
v -0.494169 -0.344179 0.279475
v -0.503498 -0.342490 0.268247
v -0.513805 -0.336960 0.259351
v -0.524081 -0.328132 0.253657
v -0.533320 -0.316869 0.251723
v -0.540617 -0.304274 0.253738
v -0.545259 -0.291579 0.259505
v -0.546790 -0.280028 0.268459
v -0.545061 -0.270751 0.279723
v -0.540242 -0.264656 0.292196
v -0.532804 -0.262339 0.304656
v -0.523474 -0.264028 0.315884
v -0.513167 -0.269558 0.324780
v -0.502892 -0.278386 0.330473
v -0.491155 -0.287988 0.353100
v -0.480858 -0.305761 0.350257
v -0.491900 -0.288506 0.353641
v -0.481602 -0.306279 0.350798
v -0.474309 -0.323675 0.342120
v -0.475053 -0.324192 0.342660
v -0.472148 -0.339975 0.329485
v -0.472892 -0.340492 0.330026
v -0.474587 -0.353066 0.313590
v -0.475331 -0.353583 0.314130
v -0.481388 -0.361666 0.295989
v -0.482132 -0.362184 0.296530
v -0.491884 -0.364935 0.278407
v -0.492628 -0.365453 0.278948
v -0.505048 -0.362552 0.262563
v -0.505793 -0.363069 0.263104
v -0.519593 -0.354749 0.250010
v -0.520337 -0.355267 0.250551
v -0.534093 -0.342292 0.241976
v -0.534837 -0.342809 0.242516
v -0.547130 -0.326398 0.239246
v -0.547874 -0.326916 0.239787
v -0.557427 -0.308625 0.242090
v -0.558171 -0.309143 0.242630
v -0.563976 -0.290712 0.250227
v -0.564721 -0.291229 0.250767
v -0.566137 -0.274412 0.262862
v -0.566881 -0.274929 0.263402
v -0.563698 -0.261321 0.278757
v -0.564442 -0.261838 0.279298
v -0.556897 -0.252720 0.296357
v -0.557642 -0.253238 0.296898
v -0.546401 -0.249451 0.313940
v -0.547145 -0.249969 0.314480
v -0.533237 -0.251835 0.329783
v -0.533981 -0.252352 0.330324
v -0.518692 -0.259637 0.342337
v -0.519436 -0.260155 0.342878
v -0.504192 -0.272095 0.350371
v -0.504936 -0.272613 0.350912
v -0.525063 -0.354820 0.257657
v -0.511668 -0.362006 0.269218
v -0.499543 -0.364201 0.283810
v -0.489877 -0.361191 0.300002
v -0.483613 -0.353270 0.316212
v -0.481367 -0.341213 0.330851
v -0.483357 -0.326202 0.342487
v -0.489389 -0.309704 0.349982
v -0.498873 -0.293335 0.352600
v -0.510879 -0.278698 0.350087
v -0.524233 -0.267225 0.342688
v -0.537628 -0.260039 0.331126
v -0.549753 -0.257844 0.316534
v -0.559419 -0.260854 0.300342
v -0.565683 -0.268775 0.284132
v -0.567929 -0.280832 0.269493
v -0.565939 -0.295844 0.257856
v -0.559907 -0.312341 0.250362
v -0.550424 -0.328710 0.247744
v -0.538417 -0.343347 0.250257
v -0.532421 -0.346230 0.276491
v -0.541568 -0.338372 0.271422
v -0.549792 -0.328346 0.269701
v -0.556287 -0.317135 0.271494
v -0.560419 -0.305835 0.276627
v -0.561782 -0.295552 0.284598
v -0.560243 -0.287294 0.294625
v -0.555953 -0.281869 0.305727
v -0.549332 -0.279807 0.316818
v -0.541028 -0.281310 0.326813
v -0.531853 -0.286232 0.334732
v -0.522706 -0.294091 0.339800
v -0.514482 -0.304117 0.341521
v -0.507987 -0.315328 0.339728
v -0.503855 -0.326628 0.334595
v -0.502492 -0.336910 0.326625
v -0.504031 -0.345168 0.316597
v -0.508321 -0.350594 0.305495
v -0.514942 -0.352656 0.294404
v -0.523246 -0.351152 0.284409
v -0.520488 -0.346810 0.298175
v -0.527127 -0.345608 0.290185
v -0.534462 -0.341673 0.283854
v -0.541774 -0.335391 0.279803
v -0.548349 -0.327376 0.278426
v -0.553542 -0.318413 0.279860
v -0.556845 -0.309379 0.283963
v -0.557935 -0.301159 0.290335
v -0.556704 -0.294557 0.298352
v -0.553275 -0.290219 0.307228
v -0.547981 -0.288571 0.316094
v -0.541342 -0.289773 0.324084
v -0.534008 -0.293708 0.330415
v -0.526695 -0.299990 0.334467
v -0.520121 -0.308005 0.335843
v -0.514928 -0.316968 0.334410
v -0.511625 -0.326002 0.330306
v -0.510535 -0.334222 0.323934
v -0.511765 -0.340824 0.315918
v -0.515195 -0.345162 0.307042
v -0.543259 -0.315094 0.307943
v -0.543541 -0.316605 0.306108
v -0.543291 -0.318487 0.304649
v -0.542535 -0.320555 0.303710
v -0.541347 -0.322607 0.303382
v -0.539842 -0.324442 0.303697
v -0.538168 -0.325880 0.304624
v -0.536489 -0.326781 0.306074
v -0.534969 -0.327056 0.307902
v -0.533757 -0.326678 0.309932
v -0.532972 -0.325686 0.311964
v -0.532690 -0.324174 0.313799
v -0.532940 -0.322293 0.315258
v -0.533696 -0.320225 0.316197
v -0.534885 -0.318173 0.316525
v -0.536390 -0.316338 0.316210
v -0.538064 -0.314900 0.315283
v -0.539743 -0.313999 0.313833
v -0.541263 -0.313724 0.312004
v -0.542474 -0.314101 0.309975
v -0.523766 -0.348306 0.300535
v -0.530270 -0.347128 0.292707
v -0.537456 -0.343273 0.286504
v -0.544620 -0.337118 0.282535
v -0.551062 -0.329265 0.281186
v -0.556149 -0.320484 0.282591
v -0.559386 -0.311633 0.286611
v -0.560453 -0.303580 0.292854
v -0.559248 -0.297112 0.300708
v -0.555888 -0.292862 0.309404
v -0.550702 -0.291247 0.318091
v -0.544197 -0.292425 0.325919
v -0.537011 -0.296280 0.332122
v -0.529847 -0.302435 0.336091
v -0.523406 -0.310287 0.337440
v -0.518318 -0.319069 0.336035
v -0.515082 -0.327920 0.332015
v -0.514014 -0.335973 0.325772
v -0.515220 -0.342441 0.317918
v -0.518580 -0.346691 0.309222
v -0.546681 -0.324868 0.315216
v -0.546728 -0.325120 0.314910
v -0.545825 -0.325752 0.315553
v -0.546686 -0.325433 0.314667
v -0.546560 -0.325778 0.314510
v -0.546362 -0.326121 0.314455
v -0.546111 -0.326427 0.314508
v -0.545832 -0.326666 0.314663
v -0.545552 -0.326817 0.314904
v -0.545298 -0.326863 0.315209
v -0.545096 -0.326800 0.315548
v -0.544965 -0.326634 0.315887
v -0.544918 -0.326382 0.316193
v -0.544960 -0.326068 0.316436
v -0.545086 -0.325723 0.316593
v -0.545284 -0.325381 0.316647
v -0.545535 -0.325075 0.316595
v -0.545815 -0.324835 0.316440
v -0.546095 -0.324685 0.316198
v -0.546348 -0.324639 0.315893
v -0.546550 -0.324702 0.315555
v -0.445227 -0.255967 0.297237
v -0.437930 -0.268562 0.295222
v -0.433288 -0.281256 0.289455
v -0.431757 -0.292808 0.280502
v -0.433485 -0.302085 0.269237
v -0.438305 -0.308180 0.256764
v -0.445743 -0.310497 0.244304
v -0.455073 -0.308807 0.233076
v -0.465380 -0.303278 0.224180
v -0.475655 -0.294450 0.218486
v -0.484894 -0.283187 0.216552
v -0.492191 -0.270591 0.218567
v -0.496833 -0.257897 0.224334
v -0.498364 -0.246346 0.233288
v -0.496636 -0.237068 0.244552
v -0.491816 -0.230973 0.257025
v -0.484378 -0.228657 0.269485
v -0.475048 -0.230346 0.280713
v -0.464741 -0.235875 0.289609
v -0.454466 -0.244704 0.295303
v -0.475683 -0.277150 0.319356
v -0.468386 -0.289745 0.317342
v -0.463744 -0.302440 0.311575
v -0.462213 -0.313991 0.302621
v -0.463941 -0.323269 0.291356
v -0.468761 -0.329364 0.278884
v -0.476199 -0.331680 0.266424
v -0.485529 -0.329991 0.255196
v -0.495836 -0.324462 0.246300
v -0.506111 -0.315633 0.240606
v -0.515350 -0.304370 0.238672
v -0.522647 -0.291775 0.240687
v -0.527289 -0.279080 0.246453
v -0.528820 -0.267529 0.255407
v -0.527092 -0.258252 0.266672
v -0.522272 -0.252157 0.279145
v -0.514834 -0.249840 0.291605
v -0.505504 -0.251530 0.302832
v -0.495197 -0.257059 0.311729
v -0.484922 -0.265887 0.317422
v -0.484253 -0.283111 0.325580
v -0.476956 -0.295706 0.323566
v -0.472314 -0.308401 0.317799
v -0.470783 -0.319952 0.308845
v -0.472512 -0.329229 0.297581
v -0.477331 -0.335325 0.285108
v -0.484769 -0.337641 0.272648
v -0.494099 -0.335952 0.261420
v -0.504406 -0.330422 0.252524
v -0.514681 -0.321594 0.246830
v -0.523920 -0.310331 0.244896
v -0.531217 -0.297736 0.246911
v -0.535859 -0.285041 0.252678
v -0.537390 -0.273490 0.261632
v -0.535662 -0.264213 0.272896
v -0.530842 -0.258118 0.285369
v -0.523404 -0.255801 0.297829
v -0.514074 -0.257490 0.309057
v -0.503767 -0.263020 0.317953
v -0.493492 -0.271848 0.323647
v -0.523030 -0.310027 0.337257
v -0.517931 -0.318829 0.335849
v -0.514687 -0.327700 0.331819
v -0.513617 -0.335773 0.325562
v -0.514825 -0.342257 0.317689
v -0.518193 -0.346516 0.308973
v -0.523391 -0.348135 0.300265
v -0.529911 -0.346955 0.292419
v -0.537114 -0.343090 0.286201
v -0.544295 -0.336921 0.282222
v -0.550752 -0.329050 0.280871
v -0.555851 -0.320247 0.282279
v -0.559095 -0.311376 0.286309
v -0.560165 -0.303303 0.292566
v -0.558957 -0.296820 0.300439
v -0.555589 -0.292560 0.309155
v -0.550391 -0.290941 0.317863
v -0.543871 -0.292122 0.325709
v -0.536668 -0.295986 0.331927
v -0.529487 -0.302156 0.335905
v -0.520252 -0.308097 0.335907
v -0.515064 -0.317053 0.334475
v -0.511763 -0.326079 0.330375
v -0.510674 -0.334293 0.324008
v -0.511904 -0.340889 0.315998
v -0.515330 -0.345223 0.307129
v -0.520620 -0.346870 0.298270
v -0.527253 -0.345669 0.290286
v -0.534582 -0.341737 0.283960
v -0.541888 -0.335460 0.279912
v -0.548458 -0.327452 0.278537
v -0.553646 -0.318496 0.279969
v -0.556947 -0.309469 0.284070
v -0.558036 -0.301256 0.290436
v -0.556806 -0.294659 0.298446
v -0.553380 -0.290325 0.307315
v -0.548090 -0.288678 0.316175
v -0.541457 -0.289879 0.324158
v -0.534128 -0.293811 0.330484
v -0.526822 -0.300088 0.334532
v -0.521417 -0.308906 0.336473
v -0.516266 -0.317798 0.335051
v -0.512989 -0.326759 0.330980
v -0.511908 -0.334914 0.324660
v -0.513129 -0.341463 0.316707
v -0.516531 -0.345765 0.307902
v -0.521782 -0.347401 0.299106
v -0.528368 -0.346208 0.291180
v -0.535644 -0.342305 0.284900
v -0.542898 -0.336073 0.280881
v -0.549420 -0.328122 0.279516
v -0.554571 -0.319230 0.280938
v -0.557848 -0.310269 0.285009
v -0.558929 -0.302114 0.291330
v -0.557708 -0.295565 0.299282
v -0.554306 -0.291262 0.308087
v -0.549055 -0.289627 0.316883
v -0.542469 -0.290820 0.324809
v -0.535193 -0.294723 0.331089
v -0.527939 -0.300955 0.335108
v -0.537332 -0.317238 0.316250
v -0.535956 -0.318915 0.316538
v -0.534869 -0.320791 0.316238
v -0.534178 -0.322681 0.315379
v -0.533950 -0.324402 0.314046
v -0.534207 -0.325783 0.312368
v -0.534925 -0.326691 0.310511
v -0.536033 -0.327036 0.308655
v -0.537422 -0.326784 0.306983
v -0.538957 -0.325961 0.305658
v -0.540487 -0.324646 0.304810
v -0.541863 -0.322969 0.304522
v -0.542950 -0.321093 0.304822
v -0.543641 -0.319203 0.305681
v -0.543869 -0.317482 0.307015
v -0.543612 -0.316101 0.308692
v -0.542894 -0.315193 0.310549
v -0.541786 -0.314848 0.312405
v -0.540397 -0.315100 0.314077
v -0.538862 -0.315923 0.315402
v -0.532404 -0.316468 0.321046
v -0.530372 -0.319975 0.320485
v -0.529080 -0.323509 0.318880
v -0.528654 -0.326725 0.316387
v -0.529135 -0.329307 0.313251
v -0.530477 -0.331004 0.309779
v -0.532547 -0.331649 0.306310
v -0.535144 -0.331179 0.303184
v -0.538014 -0.329639 0.300708
v -0.540875 -0.327182 0.299123
v -0.543446 -0.324046 0.298584
v -0.545478 -0.320540 0.299145
v -0.546770 -0.317006 0.300751
v -0.547196 -0.313790 0.303243
v -0.546715 -0.311207 0.306379
v -0.545373 -0.309511 0.309851
v -0.543303 -0.308866 0.313320
v -0.540706 -0.309336 0.316446
v -0.537836 -0.310875 0.318922
v -0.534976 -0.313333 0.320507
v -0.524567 -0.311086 0.335323
v -0.519874 -0.319186 0.334027
v -0.516889 -0.327350 0.330319
v -0.515904 -0.334779 0.324560
v -0.517016 -0.340746 0.317315
v -0.520116 -0.344666 0.309294
v -0.524899 -0.346155 0.301280
v -0.530899 -0.345069 0.294059
v -0.537528 -0.341513 0.288338
v -0.544137 -0.335835 0.284676
v -0.550079 -0.328592 0.283432
v -0.554772 -0.320491 0.284728
v -0.557757 -0.312327 0.288437
v -0.558742 -0.304898 0.294195
v -0.557630 -0.298931 0.301440
v -0.554530 -0.295012 0.309462
v -0.549746 -0.293522 0.317475
v -0.543746 -0.294608 0.324696
v -0.537118 -0.298164 0.330417
v -0.530509 -0.303842 0.334079
v -0.542501 -0.304761 0.252433
v -0.547356 -0.291482 0.258465
v -0.548958 -0.279399 0.267832
v -0.547150 -0.269694 0.279615
v -0.542108 -0.263318 0.292662
v -0.534327 -0.260895 0.305696
v -0.524568 -0.262662 0.317441
v -0.513786 -0.268446 0.326747
v -0.503037 -0.277681 0.332703
v -0.493373 -0.289463 0.334726
v -0.485740 -0.302638 0.332619
v -0.480884 -0.315918 0.326586
v -0.479282 -0.328001 0.317220
v -0.481091 -0.337706 0.305437
v -0.486132 -0.344082 0.292389
v -0.493913 -0.346505 0.279355
v -0.503672 -0.344738 0.267610
v -0.514454 -0.338954 0.258305
v -0.525203 -0.329719 0.252348
v -0.534867 -0.317937 0.250325
v -0.536201 -0.301203 0.250531
v -0.540843 -0.288508 0.256297
v -0.542374 -0.276957 0.265252
v -0.540646 -0.267679 0.276516
v -0.535826 -0.261584 0.288989
v -0.528388 -0.259268 0.301449
v -0.519058 -0.260957 0.312677
v -0.508751 -0.266486 0.321573
v -0.498476 -0.275315 0.327266
v -0.489237 -0.286578 0.329200
v -0.481940 -0.299173 0.327186
v -0.477298 -0.311868 0.321419
v -0.475767 -0.323419 0.312465
v -0.477496 -0.332696 0.301201
v -0.482315 -0.338791 0.288728
v -0.489753 -0.341107 0.276268
v -0.499083 -0.339418 0.265040
v -0.509390 -0.333889 0.256144
v -0.519665 -0.325061 0.250450
v -0.528904 -0.313798 0.248516
v -0.435325 -0.295290 0.283093
v -0.437054 -0.304567 0.271828
v -0.441873 -0.310662 0.259355
v -0.449311 -0.312978 0.246895
v -0.458641 -0.311289 0.235668
v -0.468948 -0.305760 0.226772
v -0.479224 -0.296932 0.221078
v -0.488462 -0.285669 0.219144
v -0.495759 -0.273073 0.221158
v -0.500401 -0.260379 0.226925
v -0.501932 -0.248827 0.235879
v -0.500204 -0.239550 0.247144
v -0.495384 -0.233455 0.259616
v -0.487946 -0.231139 0.272077
v -0.478617 -0.232828 0.283304
v -0.468309 -0.238357 0.292200
v -0.458034 -0.247185 0.297894
v -0.448795 -0.258448 0.299828
v -0.441498 -0.271044 0.297813
v -0.436856 -0.283738 0.292047
v -0.447755 -0.303935 0.292121
v -0.449483 -0.313212 0.280856
v -0.454303 -0.319307 0.268383
v -0.461741 -0.321624 0.255923
v -0.471071 -0.319935 0.244695
v -0.481378 -0.314405 0.235799
v -0.491653 -0.305577 0.230105
v -0.500892 -0.294314 0.228171
v -0.508189 -0.281719 0.230186
v -0.512831 -0.269024 0.235953
v -0.514362 -0.257473 0.244907
v -0.512634 -0.248196 0.256171
v -0.507814 -0.242101 0.268644
v -0.500376 -0.239784 0.281104
v -0.491046 -0.241473 0.292332
v -0.480739 -0.247003 0.301228
v -0.470464 -0.255831 0.306922
v -0.461225 -0.267094 0.308856
v -0.453928 -0.279689 0.306841
v -0.449286 -0.292384 0.301074
v -0.404106 -0.307571 0.295440
v -0.407101 -0.323646 0.275922
v -0.415452 -0.334207 0.254309
v -0.428341 -0.338221 0.232720
v -0.444506 -0.335294 0.213265
v -0.462366 -0.325713 0.197851
v -0.480171 -0.310416 0.187984
v -0.496179 -0.290900 0.184633
v -0.508823 -0.269076 0.188124
v -0.516865 -0.247080 0.198117
v -0.519519 -0.227065 0.213631
v -0.516524 -0.210989 0.233150
v -0.508173 -0.200429 0.254762
v -0.495284 -0.196415 0.276352
v -0.479119 -0.199342 0.295806
v -0.461260 -0.208922 0.311221
v -0.443454 -0.224219 0.321087
v -0.427446 -0.243735 0.324438
v -0.414802 -0.265559 0.320947
v -0.406760 -0.287556 0.310955
v -0.400313 -0.304932 0.292685
v -0.403308 -0.321007 0.273166
v -0.411658 -0.331568 0.251554
v -0.424547 -0.335582 0.229964
v -0.440713 -0.332655 0.210510
v -0.458572 -0.323074 0.195095
v -0.476377 -0.307777 0.185229
v -0.492385 -0.288261 0.181878
v -0.505029 -0.266437 0.185369
v -0.513072 -0.244441 0.195361
v -0.515725 -0.224426 0.210876
v -0.512730 -0.208350 0.230394
v -0.504379 -0.197790 0.252006
v -0.491490 -0.193776 0.273596
v -0.475325 -0.196703 0.293051
v -0.457466 -0.206284 0.308465
v -0.439660 -0.221581 0.318331
v -0.423652 -0.241096 0.321683
v -0.411008 -0.262920 0.318192
v -0.402966 -0.284917 0.308199
v -0.413700 -0.307284 0.295238
v -0.416435 -0.321967 0.277409
v -0.424063 -0.331614 0.257668
v -0.435836 -0.335280 0.237947
v -0.450602 -0.332607 0.220177
v -0.466915 -0.323855 0.206097
v -0.483179 -0.309883 0.197085
v -0.497801 -0.292056 0.194024
v -0.509351 -0.272121 0.197213
v -0.516697 -0.252029 0.206340
v -0.519121 -0.233747 0.220511
v -0.516385 -0.219064 0.238340
v -0.508757 -0.209417 0.258081
v -0.496984 -0.205751 0.277802
v -0.482218 -0.208424 0.295573
v -0.465905 -0.217175 0.309652
v -0.449641 -0.231148 0.318664
v -0.435019 -0.248974 0.321726
v -0.423469 -0.268909 0.318537
v -0.416123 -0.289001 0.309409
v -0.435711 -0.291930 0.279635
v -0.437304 -0.300481 0.269252
v -0.441747 -0.306100 0.257754
v -0.448604 -0.308235 0.246269
v -0.457203 -0.306678 0.235919
v -0.466704 -0.301581 0.227719
v -0.476176 -0.293443 0.222470
v -0.484692 -0.283061 0.220688
v -0.491419 -0.271451 0.222545
v -0.495697 -0.259749 0.227860
v -0.497109 -0.249101 0.236114
v -0.495516 -0.240550 0.246498
v -0.491073 -0.234931 0.257995
v -0.484217 -0.232796 0.269481
v -0.475617 -0.234353 0.279830
v -0.466116 -0.239450 0.288030
v -0.456644 -0.247588 0.293279
v -0.448128 -0.257970 0.295062
v -0.441401 -0.269580 0.293205
v -0.437123 -0.281282 0.287889
v -0.480891 -0.314366 0.324028
v -0.479359 -0.325918 0.315074
v -0.481088 -0.335195 0.303810
v -0.485907 -0.341290 0.291337
v -0.493346 -0.343606 0.278877
v -0.502675 -0.341917 0.267649
v -0.512982 -0.336388 0.258753
v -0.523258 -0.327559 0.253059
v -0.532497 -0.316296 0.251125
v -0.539794 -0.303701 0.253140
v -0.544435 -0.291007 0.258907
v -0.545967 -0.279455 0.267861
v -0.544238 -0.270178 0.279125
v -0.539419 -0.264083 0.291598
v -0.531980 -0.261767 0.304058
v -0.522651 -0.263456 0.315286
v -0.512344 -0.268985 0.324182
v -0.502068 -0.277813 0.329875
v -0.492830 -0.289076 0.331809
v -0.485532 -0.301672 0.329795
v -0.479784 -0.317216 0.329186
v -0.478088 -0.330005 0.319273
v -0.480002 -0.340277 0.306801
v -0.485338 -0.347025 0.292992
v -0.493573 -0.349589 0.279197
v -0.503903 -0.347719 0.266766
v -0.515314 -0.341597 0.256916
v -0.526691 -0.331823 0.250612
v -0.536920 -0.319353 0.248471
v -0.544999 -0.305408 0.250702
v -0.550138 -0.291353 0.257086
v -0.551833 -0.278564 0.267000
v -0.549919 -0.268293 0.279471
v -0.544584 -0.261544 0.293281
v -0.536348 -0.258980 0.307076
v -0.526019 -0.260850 0.319507
v -0.514607 -0.266972 0.329357
v -0.503230 -0.276746 0.335660
v -0.493002 -0.289216 0.337801
v -0.484923 -0.303161 0.335571
v -0.477309 -0.320136 0.335033
v -0.475403 -0.334512 0.323890
v -0.477554 -0.346058 0.309870
v -0.483552 -0.353644 0.294347
v -0.492809 -0.356527 0.278840
v -0.504421 -0.354425 0.264866
v -0.517248 -0.347543 0.253794
v -0.530037 -0.336556 0.246708
v -0.541535 -0.322538 0.244301
v -0.550617 -0.306863 0.246808
v -0.556394 -0.291063 0.253985
v -0.558300 -0.276687 0.265129
v -0.556149 -0.265141 0.279148
v -0.550151 -0.257555 0.294672
v -0.540893 -0.254672 0.310179
v -0.529282 -0.256774 0.324153
v -0.516454 -0.263656 0.335225
v -0.503665 -0.274644 0.342311
v -0.492167 -0.288661 0.344718
v -0.483085 -0.304337 0.342210
v -0.474792 -0.323105 0.340978
v -0.472672 -0.339095 0.328584
v -0.475065 -0.351937 0.312990
v -0.481736 -0.360374 0.295725
v -0.492033 -0.363581 0.278477
v -0.504947 -0.361242 0.262934
v -0.519215 -0.353588 0.250620
v -0.533439 -0.341367 0.242738
v -0.546228 -0.325776 0.240061
v -0.556330 -0.308341 0.242850
v -0.562755 -0.290768 0.250832
v -0.564875 -0.274778 0.263227
v -0.562482 -0.261936 0.278820
v -0.555810 -0.253499 0.296086
v -0.545514 -0.250292 0.313334
v -0.532599 -0.252630 0.328876
v -0.518331 -0.260285 0.341191
v -0.504107 -0.272506 0.349072
v -0.491318 -0.288096 0.351750
v -0.481217 -0.305532 0.348961
v -0.519883 -0.349123 0.297808
v -0.526991 -0.347836 0.289253
v -0.534844 -0.343623 0.282475
v -0.542674 -0.336897 0.278137
v -0.549713 -0.328315 0.276663
v -0.555273 -0.318719 0.278198
v -0.558809 -0.309046 0.282592
v -0.559976 -0.300245 0.289414
v -0.558659 -0.293177 0.297997
v -0.554987 -0.288533 0.307500
v -0.549319 -0.286768 0.316994
v -0.542211 -0.288055 0.325549
v -0.534358 -0.292268 0.332327
v -0.526529 -0.298994 0.336665
v -0.519490 -0.307576 0.338138
v -0.513929 -0.317172 0.336604
v -0.510393 -0.326844 0.332210
v -0.509226 -0.335646 0.325388
v -0.510543 -0.342714 0.316805
v -0.514215 -0.347358 0.307301
v -0.534650 -0.341774 0.284021
v -0.541953 -0.335499 0.279974
v -0.548519 -0.327495 0.278599
v -0.553706 -0.318543 0.280031
v -0.557004 -0.309520 0.284130
v -0.558093 -0.301311 0.290494
v -0.556864 -0.294717 0.298500
v -0.553439 -0.290385 0.307364
v -0.548152 -0.288739 0.316220
v -0.541522 -0.289939 0.324200
v -0.534196 -0.293869 0.330522
v -0.526893 -0.300144 0.334569
v -0.520327 -0.308149 0.335944
v -0.515141 -0.317100 0.334512
v -0.511842 -0.326123 0.330413
v -0.510753 -0.334332 0.324050
v -0.511982 -0.340926 0.316043
v -0.515407 -0.345258 0.307179
v -0.520694 -0.346904 0.298323
v -0.527324 -0.345704 0.290343
v -0.503357 -0.342392 0.268145
v -0.513664 -0.336862 0.259249
v -0.523940 -0.328034 0.253555
v -0.533179 -0.316771 0.251621
v -0.540476 -0.304176 0.253636
v -0.545118 -0.291481 0.259402
v -0.546649 -0.279930 0.268356
v -0.544920 -0.270653 0.279621
v -0.540101 -0.264558 0.292093
v -0.532663 -0.262241 0.304554
v -0.523333 -0.263930 0.315781
v -0.513026 -0.269460 0.324678
v -0.502751 -0.278288 0.330371
v -0.493512 -0.289551 0.332305
v -0.486215 -0.302146 0.330290
v -0.481573 -0.314841 0.324524
v -0.480042 -0.326392 0.315570
v -0.481770 -0.335669 0.304305
v -0.486590 -0.341764 0.291833
v -0.494028 -0.344081 0.279373
v -0.493621 -0.195257 0.275144
v -0.477455 -0.198185 0.294598
v -0.459596 -0.207765 0.310012
v -0.441791 -0.223062 0.319879
v -0.425783 -0.242578 0.323230
v -0.413139 -0.264402 0.319739
v -0.405096 -0.286399 0.309747
v -0.402443 -0.306414 0.294232
v -0.405438 -0.322489 0.274713
v -0.413789 -0.333050 0.253101
v -0.426677 -0.337064 0.231511
v -0.442843 -0.334137 0.212057
v -0.460702 -0.324556 0.196642
v -0.478507 -0.309259 0.186776
v -0.494515 -0.289743 0.183425
v -0.507160 -0.267919 0.186916
v -0.515202 -0.245923 0.196908
v -0.517855 -0.225908 0.212423
v -0.514860 -0.209832 0.231942
v -0.506509 -0.199272 0.253554
v -0.447948 -0.227345 0.324350
v -0.431940 -0.246860 0.327702
v -0.419296 -0.268685 0.324211
v -0.411253 -0.290681 0.314218
v -0.408600 -0.310696 0.298704
v -0.411595 -0.326771 0.279185
v -0.419946 -0.337332 0.257573
v -0.432834 -0.341346 0.235983
v -0.449000 -0.338419 0.216529
v -0.466859 -0.328838 0.201114
v -0.484664 -0.313541 0.191248
v -0.500672 -0.294026 0.187897
v -0.513317 -0.272202 0.191388
v -0.521359 -0.250205 0.201380
v -0.524012 -0.230190 0.216895
v -0.521017 -0.214115 0.236413
v -0.512666 -0.203554 0.258025
v -0.499778 -0.199540 0.279615
v -0.483612 -0.202467 0.299070
v -0.465753 -0.212048 0.314484
v -0.493862 -0.245751 0.249410
v -0.495253 -0.253221 0.240340
v -0.494020 -0.262522 0.233130
v -0.490283 -0.272743 0.228487
v -0.484408 -0.282885 0.226865
v -0.476969 -0.291953 0.228422
v -0.468695 -0.299062 0.233007
v -0.460396 -0.303514 0.240170
v -0.452884 -0.304874 0.249210
v -0.446895 -0.303009 0.259243
v -0.443014 -0.298101 0.269286
v -0.441622 -0.290631 0.278356
v -0.442856 -0.281330 0.285565
v -0.446593 -0.271109 0.290208
v -0.452468 -0.260967 0.291831
v -0.459907 -0.251899 0.290273
v -0.468181 -0.244790 0.285689
v -0.476480 -0.240338 0.278526
v -0.483992 -0.238978 0.269485
v -0.489981 -0.240843 0.259453
v -0.503677 -0.235645 0.245573
v -0.505606 -0.245999 0.233001
v -0.503897 -0.258891 0.223008
v -0.498717 -0.273059 0.216573
v -0.490573 -0.287115 0.214324
v -0.480262 -0.299685 0.216482
v -0.468794 -0.309538 0.222837
v -0.457291 -0.315709 0.232766
v -0.446879 -0.317594 0.245296
v -0.438577 -0.315009 0.259202
v -0.433199 -0.308207 0.273122
v -0.431269 -0.297853 0.285694
v -0.432979 -0.284961 0.295687
v -0.438159 -0.270793 0.302123
v -0.446303 -0.256737 0.304372
v -0.456614 -0.244167 0.302213
v -0.468082 -0.234314 0.295858
v -0.479585 -0.228143 0.285930
v -0.489997 -0.226258 0.273399
v -0.498298 -0.228843 0.259493
v -0.545983 -0.265071 0.276300
v -0.547913 -0.275425 0.263728
v -0.546203 -0.288317 0.253735
v -0.541023 -0.302484 0.247299
v -0.532879 -0.316541 0.245050
v -0.522569 -0.329111 0.247209
v -0.511100 -0.338964 0.253563
v -0.499597 -0.345135 0.263492
v -0.489185 -0.347020 0.276022
v -0.480884 -0.344435 0.289928
v -0.475505 -0.337633 0.303849
v -0.473576 -0.327279 0.316421
v -0.475285 -0.314387 0.326414
v -0.480465 -0.300219 0.332849
v -0.488609 -0.286162 0.335098
v -0.498920 -0.273592 0.332939
v -0.510388 -0.263740 0.326585
v -0.521891 -0.257569 0.316656
v -0.532303 -0.255684 0.304126
v -0.540605 -0.258269 0.290220
v -0.536168 -0.275177 0.280136
v -0.537560 -0.282647 0.271066
v -0.536327 -0.291948 0.263857
v -0.532589 -0.302169 0.259214
v -0.526714 -0.312310 0.257591
v -0.519275 -0.321379 0.259149
v -0.511001 -0.328488 0.263733
v -0.502702 -0.332940 0.270896
v -0.495190 -0.334300 0.279936
v -0.489201 -0.332435 0.289969
v -0.485321 -0.327527 0.300012
v -0.483929 -0.320057 0.309082
v -0.485162 -0.310756 0.316291
v -0.488899 -0.300535 0.320935
v -0.494775 -0.290393 0.322557
v -0.502213 -0.281325 0.321000
v -0.510487 -0.274216 0.316415
v -0.518786 -0.269764 0.309252
v -0.526298 -0.268404 0.300212
v -0.532287 -0.270269 0.290179
v -0.498477 -0.273284 0.332618
v -0.488166 -0.285854 0.334776
v -0.480022 -0.299911 0.332528
v -0.474842 -0.314079 0.326092
v -0.473133 -0.326971 0.316099
v -0.475062 -0.337325 0.303527
v -0.480441 -0.344127 0.289607
v -0.488742 -0.346712 0.275701
v -0.499154 -0.344827 0.263170
v -0.510657 -0.338656 0.253242
v -0.522126 -0.328803 0.246887
v -0.532436 -0.316233 0.244729
v -0.540581 -0.302176 0.246977
v -0.545761 -0.288009 0.253413
v -0.547470 -0.275117 0.263406
v -0.545541 -0.264763 0.275978
v -0.540162 -0.257961 0.289898
v -0.531860 -0.255376 0.303804
v -0.521448 -0.257261 0.316335
v -0.509945 -0.263432 0.326263
v -0.457064 -0.244480 0.302540
v -0.446753 -0.257050 0.304698
v -0.438609 -0.271106 0.302450
v -0.433429 -0.285274 0.296014
v -0.431720 -0.298166 0.286021
v -0.433649 -0.308520 0.273449
v -0.439027 -0.315322 0.259529
v -0.447329 -0.317907 0.245623
v -0.457741 -0.316022 0.233092
v -0.469244 -0.309851 0.223164
v -0.480712 -0.299998 0.216809
v -0.491023 -0.287428 0.214651
v -0.499167 -0.273372 0.216899
v -0.504347 -0.259204 0.223335
v -0.506056 -0.246312 0.233328
v -0.504127 -0.235958 0.245900
v -0.498748 -0.229156 0.259820
v -0.490447 -0.226571 0.273726
v -0.480035 -0.228456 0.286257
v -0.468532 -0.234627 0.296185
v -0.480501 -0.260781 0.319562
v -0.470190 -0.273351 0.321720
v -0.462046 -0.287408 0.319472
v -0.456866 -0.301576 0.313036
v -0.455157 -0.314467 0.303043
v -0.457086 -0.324821 0.290471
v -0.462464 -0.331624 0.276551
v -0.470766 -0.334209 0.262645
v -0.481178 -0.332324 0.250114
v -0.492681 -0.326153 0.240186
v -0.504149 -0.316300 0.233831
v -0.514460 -0.303730 0.231673
v -0.522604 -0.289673 0.233921
v -0.527784 -0.275505 0.240357
v -0.529493 -0.262614 0.250350
v -0.527564 -0.252260 0.262922
v -0.522186 -0.245457 0.276842
v -0.513884 -0.242872 0.290748
v -0.503472 -0.244757 0.303279
v -0.491969 -0.250928 0.313207
v -0.494000 -0.270171 0.329366
v -0.483689 -0.282741 0.331525
v -0.475545 -0.296798 0.329276
v -0.470365 -0.310965 0.322840
v -0.468656 -0.323857 0.312848
v -0.470585 -0.334211 0.300276
v -0.475964 -0.341013 0.286355
v -0.484266 -0.343598 0.272449
v -0.494678 -0.341713 0.259919
v -0.506181 -0.335542 0.249990
v -0.517649 -0.325690 0.243636
v -0.527960 -0.313120 0.241477
v -0.536104 -0.299063 0.243726
v -0.541284 -0.284895 0.250162
v -0.542993 -0.272003 0.260155
v -0.541064 -0.261649 0.272726
v -0.535685 -0.254847 0.286647
v -0.527383 -0.252262 0.300553
v -0.516971 -0.254147 0.313083
v -0.505468 -0.260318 0.323012
v -0.488732 -0.286247 0.334849
v -0.480633 -0.300226 0.332612
v -0.475481 -0.314315 0.326212
v -0.473782 -0.327135 0.316275
v -0.475700 -0.337432 0.303772
v -0.481049 -0.344197 0.289929
v -0.489305 -0.346767 0.276100
v -0.499659 -0.344893 0.263639
v -0.511098 -0.338756 0.253766
v -0.522503 -0.328958 0.247446
v -0.532757 -0.316457 0.245300
v -0.540856 -0.302478 0.247536
v -0.546007 -0.288389 0.253936
v -0.547707 -0.275569 0.263873
v -0.545788 -0.265272 0.276376
v -0.540439 -0.258507 0.290219
v -0.532184 -0.255936 0.304048
v -0.521829 -0.257811 0.316509
v -0.510390 -0.263948 0.326383
v -0.498985 -0.273746 0.332702
v -0.431478 -0.297708 0.285547
v -0.433396 -0.308004 0.273045
v -0.438745 -0.314768 0.259203
v -0.447000 -0.317339 0.245375
v -0.457353 -0.315464 0.232914
v -0.468792 -0.309328 0.223041
v -0.480196 -0.299530 0.216722
v -0.490449 -0.287030 0.214576
v -0.498548 -0.273052 0.216812
v -0.503699 -0.258964 0.223212
v -0.505398 -0.246144 0.233149
v -0.503480 -0.235848 0.245650
v -0.498131 -0.229084 0.259493
v -0.489876 -0.226513 0.273321
v -0.479522 -0.228388 0.285781
v -0.468084 -0.234524 0.295654
v -0.456680 -0.244322 0.301973
v -0.446427 -0.256822 0.304120
v -0.438328 -0.270800 0.301884
v -0.433177 -0.284888 0.295484
v -0.435163 -0.295137 0.282935
v -0.436890 -0.304406 0.271679
v -0.441705 -0.310496 0.259217
v -0.449137 -0.312811 0.246768
v -0.458459 -0.311123 0.235550
v -0.468757 -0.305598 0.226661
v -0.479024 -0.296778 0.220973
v -0.488255 -0.285524 0.219040
v -0.495545 -0.272940 0.221053
v -0.500183 -0.260256 0.226815
v -0.501713 -0.248715 0.235761
v -0.499986 -0.239446 0.247016
v -0.495171 -0.233356 0.259478
v -0.487739 -0.231041 0.271928
v -0.478417 -0.232729 0.283146
v -0.468119 -0.238254 0.292034
v -0.457852 -0.247074 0.297723
v -0.448621 -0.258328 0.299655
v -0.441330 -0.270912 0.297642
v -0.436693 -0.283596 0.291881
v -0.483495 -0.274186 0.319676
v -0.484332 -0.276021 0.320707
v -0.484549 -0.278124 0.321523
v -0.484125 -0.280287 0.322044
v -0.483100 -0.282300 0.322220
v -0.481575 -0.283966 0.322032
v -0.479700 -0.285121 0.321499
v -0.477658 -0.285652 0.320675
v -0.475648 -0.285507 0.319638
v -0.473868 -0.284701 0.318491
v -0.472492 -0.283312 0.317346
v -0.471655 -0.281476 0.316315
v -0.471438 -0.279374 0.315499
v -0.471862 -0.277210 0.314978
v -0.472887 -0.275197 0.314802
v -0.474412 -0.273532 0.314990
v -0.476287 -0.272377 0.315522
v -0.478330 -0.271846 0.316347
v -0.480339 -0.271991 0.317384
v -0.482119 -0.272797 0.318531
v -0.485619 -0.272424 0.320126
v -0.486780 -0.274968 0.321555
v -0.487081 -0.277882 0.322686
v -0.486492 -0.280881 0.323408
v -0.485071 -0.283672 0.323651
v -0.482958 -0.285980 0.323391
v -0.480359 -0.287581 0.322653
v -0.477528 -0.288317 0.321510
v -0.474743 -0.288116 0.320073
v -0.472276 -0.286999 0.318483
v -0.470368 -0.285074 0.316896
v -0.469208 -0.282529 0.315467
v -0.468907 -0.279615 0.314336
v -0.469495 -0.276616 0.313613
v -0.470916 -0.273826 0.313370
v -0.473029 -0.271517 0.313631
v -0.475628 -0.269917 0.314369
v -0.478459 -0.269181 0.315512
v -0.481244 -0.269381 0.316949
v -0.483711 -0.270499 0.318539
v -0.478916 -0.267824 0.333760
v -0.480076 -0.270368 0.335189
v -0.480377 -0.273283 0.336321
v -0.479789 -0.276282 0.337043
v -0.478368 -0.279072 0.337286
v -0.476255 -0.281380 0.337026
v -0.473656 -0.282981 0.336288
v -0.470825 -0.283717 0.335144
v -0.468040 -0.283516 0.333707
v -0.465573 -0.282399 0.332117
v -0.463665 -0.280474 0.330530
v -0.462504 -0.277930 0.329101
v -0.462204 -0.275015 0.327970
v -0.462792 -0.272016 0.327248
v -0.464213 -0.269226 0.327005
v -0.466326 -0.266918 0.327265
v -0.468925 -0.265317 0.328003
v -0.471756 -0.264581 0.329146
v -0.474541 -0.264782 0.330583
v -0.477008 -0.265899 0.332173
v -0.476792 -0.269586 0.333311
v -0.477629 -0.271421 0.334342
v -0.477846 -0.273524 0.335158
v -0.477422 -0.275688 0.335679
v -0.476397 -0.277701 0.335854
v -0.474872 -0.279366 0.335666
v -0.472997 -0.280521 0.335134
v -0.470954 -0.281052 0.334309
v -0.468945 -0.280907 0.333272
v -0.467165 -0.280101 0.332125
v -0.465789 -0.278712 0.330980
v -0.464952 -0.276877 0.329949
v -0.464735 -0.274774 0.329133
v -0.465159 -0.272610 0.328612
v -0.466184 -0.270597 0.328437
v -0.467709 -0.268932 0.328624
v -0.469584 -0.267777 0.329157
v -0.471626 -0.267246 0.329982
v -0.473636 -0.267391 0.331019
v -0.475416 -0.268197 0.332166
v -0.466396 -0.266966 0.327122
v -0.464283 -0.269274 0.326862
v -0.462862 -0.272064 0.327105
v -0.462274 -0.275063 0.327828
v -0.462575 -0.277978 0.328959
v -0.463735 -0.280522 0.330388
v -0.465643 -0.282447 0.331975
v -0.468110 -0.283564 0.333565
v -0.470895 -0.283765 0.335002
v -0.473726 -0.283029 0.336145
v -0.476325 -0.281428 0.336883
v -0.478438 -0.279120 0.337143
v -0.479859 -0.276330 0.336900
v -0.480448 -0.273331 0.336178
v -0.480147 -0.270416 0.335047
v -0.478986 -0.267872 0.333618
v -0.477078 -0.265947 0.332031
v -0.474611 -0.264830 0.330441
v -0.471826 -0.264629 0.329004
v -0.468995 -0.265365 0.327860
v -0.472958 -0.271468 0.313776
v -0.470845 -0.273777 0.313515
v -0.469424 -0.276567 0.313758
v -0.468835 -0.279566 0.314481
v -0.469136 -0.282480 0.315612
v -0.470297 -0.285025 0.317041
v -0.472204 -0.286950 0.318628
v -0.474671 -0.288067 0.320218
v -0.477457 -0.288268 0.321655
v -0.480287 -0.287532 0.322798
v -0.482887 -0.285931 0.323536
v -0.485000 -0.283623 0.323796
v -0.486421 -0.280832 0.323553
v -0.487009 -0.277833 0.322831
v -0.486708 -0.274919 0.321700
v -0.485547 -0.272375 0.320271
v -0.483640 -0.270450 0.318684
v -0.481173 -0.269332 0.317094
v -0.478388 -0.269132 0.315657
v -0.475557 -0.269868 0.314514
v -0.469244 -0.268920 0.321329
v -0.467131 -0.271229 0.321069
v -0.465711 -0.274019 0.321312
v -0.465122 -0.277018 0.322034
v -0.465423 -0.279932 0.323165
v -0.466584 -0.282476 0.324594
v -0.468491 -0.284401 0.326181
v -0.470958 -0.285519 0.327771
v -0.473743 -0.285719 0.329208
v -0.476574 -0.284983 0.330352
v -0.479173 -0.283383 0.331090
v -0.481287 -0.281074 0.331350
v -0.482707 -0.278284 0.331107
v -0.483296 -0.275285 0.330384
v -0.482995 -0.272371 0.329253
v -0.481834 -0.269827 0.327824
v -0.479927 -0.267902 0.326237
v -0.477460 -0.266784 0.324647
v -0.474674 -0.266584 0.323210
v -0.471844 -0.267320 0.322067
v -0.467105 -0.267453 0.325680
v -0.464992 -0.269761 0.325419
v -0.463572 -0.272551 0.325662
v -0.462983 -0.275550 0.326385
v -0.463284 -0.278464 0.327516
v -0.464445 -0.281009 0.328945
v -0.466352 -0.282934 0.330532
v -0.468819 -0.284051 0.332122
v -0.471604 -0.284252 0.333559
v -0.474435 -0.283516 0.334702
v -0.477034 -0.281915 0.335440
v -0.479148 -0.279607 0.335700
v -0.480568 -0.276816 0.335457
v -0.481157 -0.273817 0.334735
v -0.480856 -0.270903 0.333604
v -0.479695 -0.268359 0.332175
v -0.477788 -0.266434 0.330588
v -0.475321 -0.265316 0.328998
v -0.472536 -0.265116 0.327561
v -0.469705 -0.265852 0.326418
v -0.464252 -0.269253 0.327033
v -0.462839 -0.272028 0.327275
v -0.462254 -0.275011 0.327993
v -0.462553 -0.277909 0.329118
v -0.463707 -0.280439 0.330539
v -0.465604 -0.282353 0.332118
v -0.468058 -0.283464 0.333699
v -0.470827 -0.283664 0.335128
v -0.473643 -0.282932 0.336265
v -0.476227 -0.281340 0.336999
v -0.478329 -0.279045 0.337257
v -0.479742 -0.276270 0.337016
v -0.480327 -0.273287 0.336297
v -0.480028 -0.270389 0.335173
v -0.478873 -0.267859 0.333751
v -0.476977 -0.265945 0.332173
v -0.474523 -0.264833 0.330592
v -0.471753 -0.264634 0.329163
v -0.468938 -0.265366 0.328026
v -0.466353 -0.266958 0.327292
v -0.469257 -0.282508 0.315484
v -0.470411 -0.285038 0.316905
v -0.472308 -0.286952 0.318483
v -0.474761 -0.288064 0.320064
v -0.477531 -0.288263 0.321493
v -0.480346 -0.287531 0.322630
v -0.482930 -0.285940 0.323364
v -0.485032 -0.283644 0.323623
v -0.486444 -0.280869 0.323381
v -0.487030 -0.277887 0.322663
v -0.486731 -0.274989 0.321538
v -0.485576 -0.272459 0.320117
v -0.483679 -0.270545 0.318539
v -0.481226 -0.269434 0.316958
v -0.478457 -0.269234 0.315529
v -0.475642 -0.269966 0.314392
v -0.473057 -0.271558 0.313658
v -0.470955 -0.273853 0.313399
v -0.469543 -0.276628 0.313641
v -0.468958 -0.279610 0.314359
v -0.470128 -0.282133 0.315786
v -0.471167 -0.284411 0.317065
v -0.472875 -0.286134 0.318486
v -0.475083 -0.287135 0.319909
v -0.477577 -0.287314 0.321196
v -0.480111 -0.286655 0.322219
v -0.482438 -0.285223 0.322880
v -0.484330 -0.283156 0.323113
v -0.485602 -0.280658 0.322895
v -0.486129 -0.277973 0.322249
v -0.485859 -0.275364 0.321236
v -0.484820 -0.273086 0.319957
v -0.483113 -0.271363 0.318536
v -0.480904 -0.270363 0.317113
v -0.478410 -0.270183 0.315826
v -0.475876 -0.270842 0.314802
v -0.473549 -0.272275 0.314142
v -0.471657 -0.274341 0.313909
v -0.470385 -0.276839 0.314126
v -0.469858 -0.279524 0.314773
v -0.469042 -0.280974 0.333075
v -0.467262 -0.280167 0.331928
v -0.465886 -0.278779 0.330783
v -0.465049 -0.276943 0.329752
v -0.464832 -0.274841 0.328936
v -0.465256 -0.272677 0.328415
v -0.466281 -0.270664 0.328239
v -0.467806 -0.268998 0.328427
v -0.469681 -0.267844 0.328960
v -0.471723 -0.267313 0.329784
v -0.473733 -0.267457 0.330821
v -0.475513 -0.268264 0.331968
v -0.476889 -0.269652 0.333113
v -0.477726 -0.271488 0.334144
v -0.477943 -0.273590 0.334960
v -0.477519 -0.275754 0.335481
v -0.476494 -0.277767 0.335657
v -0.474969 -0.279433 0.335469
v -0.473094 -0.280587 0.334937
v -0.471052 -0.281118 0.334112
v -0.475387 -0.285328 0.320168
v -0.473608 -0.284522 0.319021
v -0.472232 -0.283133 0.317876
v -0.471394 -0.281297 0.316845
v -0.471177 -0.279195 0.316029
v -0.471602 -0.277031 0.315508
v -0.472627 -0.275018 0.315333
v -0.474151 -0.273353 0.315520
v -0.476026 -0.272198 0.316053
v -0.478069 -0.271667 0.316878
v -0.480078 -0.271812 0.317914
v -0.481858 -0.272618 0.319061
v -0.483234 -0.274007 0.320206
v -0.484072 -0.275842 0.321237
v -0.484289 -0.277945 0.322053
v -0.483864 -0.280108 0.322575
v -0.482839 -0.282121 0.322750
v -0.481315 -0.283787 0.322562
v -0.479439 -0.284942 0.322030
v -0.477397 -0.285473 0.321205
v -0.473851 -0.266770 0.330915
v -0.471657 -0.266612 0.329783
v -0.469427 -0.267192 0.328882
v -0.467380 -0.268452 0.328301
v -0.465715 -0.270271 0.328096
v -0.464596 -0.272469 0.328287
v -0.464132 -0.274831 0.328856
v -0.464369 -0.277127 0.329747
v -0.465284 -0.279131 0.330873
v -0.466786 -0.280648 0.332123
v -0.468730 -0.281528 0.333376
v -0.470924 -0.281686 0.334508
v -0.473154 -0.281106 0.335409
v -0.475201 -0.279845 0.335990
v -0.476866 -0.278027 0.336195
v -0.477985 -0.275829 0.336003
v -0.478449 -0.273466 0.335434
v -0.478212 -0.271171 0.334543
v -0.477297 -0.269167 0.333418
v -0.475795 -0.267650 0.332167
v -0.526548 -0.257316 0.276553
v -0.527537 -0.258008 0.278471
v -0.527991 -0.258329 0.280667
v -0.527863 -0.258249 0.282928
v -0.527168 -0.257774 0.285031
v -0.525973 -0.256952 0.286772
v -0.524396 -0.255862 0.287979
v -0.522590 -0.254612 0.288535
v -0.520732 -0.253324 0.288384
v -0.519004 -0.252124 0.287543
v -0.517576 -0.251129 0.286092
v -0.516587 -0.250437 0.284175
v -0.516134 -0.250116 0.281978
v -0.516261 -0.250196 0.279718
v -0.516956 -0.250671 0.277614
v -0.518151 -0.251493 0.275873
v -0.519728 -0.252583 0.274666
v -0.521535 -0.253833 0.274111
v -0.523392 -0.255121 0.274261
v -0.525120 -0.256321 0.275103
v -0.528280 -0.258510 0.274712
v -0.529651 -0.259469 0.277369
v -0.530279 -0.259915 0.280414
v -0.530103 -0.259803 0.283547
v -0.529140 -0.259145 0.286463
v -0.527484 -0.258006 0.288876
v -0.525297 -0.256496 0.290549
v -0.522793 -0.254763 0.291319
v -0.520218 -0.252978 0.291111
v -0.517823 -0.251314 0.289944
v -0.515844 -0.249935 0.287934
v -0.514473 -0.248976 0.285276
v -0.513845 -0.248530 0.282232
v -0.514021 -0.248642 0.279098
v -0.514984 -0.249300 0.276182
v -0.516640 -0.250439 0.273770
v -0.518827 -0.251949 0.272096
v -0.521331 -0.253682 0.271326
v -0.523906 -0.255467 0.271535
v -0.526301 -0.257131 0.272701
v -0.537323 -0.245463 0.274756
v -0.538694 -0.246422 0.277413
v -0.539322 -0.246868 0.280458
v -0.539146 -0.246756 0.283592
v -0.538182 -0.246099 0.286507
v -0.536526 -0.244959 0.288920
v -0.534339 -0.243449 0.290593
v -0.531836 -0.241716 0.291363
v -0.529261 -0.239931 0.291155
v -0.526866 -0.238267 0.289988
v -0.524886 -0.236888 0.287978
v -0.523515 -0.235929 0.285320
v -0.522887 -0.235483 0.282276
v -0.523064 -0.235595 0.279142
v -0.524027 -0.236253 0.276226
v -0.525683 -0.237393 0.273814
v -0.527870 -0.238903 0.272141
v -0.530374 -0.240635 0.271370
v -0.532949 -0.242421 0.271579
v -0.535343 -0.244084 0.272745
v -0.535591 -0.244269 0.276597
v -0.536580 -0.244961 0.278515
v -0.537033 -0.245282 0.280711
v -0.536906 -0.245202 0.282972
v -0.536211 -0.244727 0.285075
v -0.535016 -0.243905 0.286816
v -0.533438 -0.242816 0.288023
v -0.531632 -0.241566 0.288579
v -0.529774 -0.240278 0.288428
v -0.528047 -0.239077 0.287587
v -0.526618 -0.238082 0.286136
v -0.525629 -0.237390 0.284219
v -0.525176 -0.237069 0.282023
v -0.525303 -0.237149 0.279762
v -0.525998 -0.237624 0.277658
v -0.527193 -0.238446 0.275918
v -0.528771 -0.239536 0.274710
v -0.530577 -0.240786 0.274155
v -0.532435 -0.242074 0.274305
v -0.534163 -0.243274 0.275147
v -0.525588 -0.237529 0.273813
v -0.523932 -0.236389 0.276226
v -0.522969 -0.235731 0.279142
v -0.522793 -0.235620 0.282275
v -0.523421 -0.236066 0.285320
v -0.524792 -0.237025 0.287977
v -0.526771 -0.238404 0.289988
v -0.529166 -0.240067 0.291154
v -0.531741 -0.241853 0.291363
v -0.534245 -0.243585 0.290593
v -0.536432 -0.245095 0.288919
v -0.538088 -0.246235 0.286507
v -0.539051 -0.246893 0.283591
v -0.539227 -0.247005 0.280458
v -0.538599 -0.246559 0.277413
v -0.537228 -0.245600 0.274755
v -0.535249 -0.244221 0.272745
v -0.532854 -0.242557 0.271578
v -0.530279 -0.240772 0.271370
v -0.527775 -0.239039 0.272140
v -0.516737 -0.250301 0.273770
v -0.515080 -0.249161 0.276183
v -0.514117 -0.248503 0.279098
v -0.513941 -0.248391 0.282232
v -0.514569 -0.248837 0.285277
v -0.515940 -0.249796 0.287934
v -0.517920 -0.251175 0.289945
v -0.520314 -0.252839 0.291111
v -0.522889 -0.254624 0.291320
v -0.525393 -0.256357 0.290549
v -0.527580 -0.257867 0.288876
v -0.529236 -0.259007 0.286464
v -0.530199 -0.259665 0.283548
v -0.530376 -0.259776 0.280414
v -0.529748 -0.259330 0.277370
v -0.528377 -0.258371 0.274712
v -0.526397 -0.256992 0.272702
v -0.524002 -0.255329 0.271535
v -0.521427 -0.253543 0.271327
v -0.518924 -0.251811 0.272097
v -0.521746 -0.243073 0.273795
v -0.520090 -0.241933 0.276207
v -0.519127 -0.241275 0.279123
v -0.518950 -0.241164 0.282256
v -0.519578 -0.241609 0.285301
v -0.520949 -0.242568 0.287959
v -0.522929 -0.243947 0.289969
v -0.525324 -0.245611 0.291136
v -0.527899 -0.247397 0.291344
v -0.530402 -0.249129 0.290574
v -0.532589 -0.250639 0.288901
v -0.534245 -0.251779 0.286488
v -0.535209 -0.252437 0.283572
v -0.535385 -0.252548 0.280439
v -0.534757 -0.252103 0.277394
v -0.533386 -0.251143 0.274737
v -0.531406 -0.249765 0.272726
v -0.529012 -0.248101 0.271560
v -0.526437 -0.246315 0.271351
v -0.523933 -0.244583 0.272121
v -0.524632 -0.238910 0.273809
v -0.522975 -0.237770 0.276221
v -0.522012 -0.237112 0.279137
v -0.521836 -0.237001 0.282271
v -0.522464 -0.237446 0.285315
v -0.523835 -0.238405 0.287973
v -0.525815 -0.239784 0.289983
v -0.528209 -0.241448 0.291150
v -0.530784 -0.243233 0.291358
v -0.533288 -0.244966 0.290588
v -0.535475 -0.246476 0.288915
v -0.537131 -0.247616 0.286502
v -0.538094 -0.248274 0.283586
v -0.538271 -0.248385 0.280453
v -0.537642 -0.247940 0.277408
v -0.536271 -0.246980 0.274751
v -0.534292 -0.245601 0.272740
v -0.531897 -0.243938 0.271574
v -0.529322 -0.242152 0.271365
v -0.526818 -0.240420 0.272135
v -0.524066 -0.236280 0.276255
v -0.523108 -0.235626 0.279154
v -0.522933 -0.235515 0.282271
v -0.523557 -0.235958 0.285298
v -0.524921 -0.236912 0.287941
v -0.526890 -0.238283 0.289941
v -0.529271 -0.239938 0.291101
v -0.531832 -0.241713 0.291308
v -0.534321 -0.243436 0.290542
v -0.536496 -0.244938 0.288878
v -0.538143 -0.246071 0.286479
v -0.539101 -0.246726 0.283579
v -0.539277 -0.246837 0.280463
v -0.538652 -0.246393 0.277435
v -0.537289 -0.245439 0.274792
v -0.535320 -0.244068 0.272793
v -0.532938 -0.242414 0.271633
v -0.530378 -0.240638 0.271426
v -0.527888 -0.238915 0.272192
v -0.525713 -0.237413 0.273856
v -0.514515 -0.249005 0.285254
v -0.515879 -0.249959 0.287897
v -0.517847 -0.251330 0.289896
v -0.520228 -0.252985 0.291056
v -0.522789 -0.254760 0.291263
v -0.525279 -0.256483 0.290497
v -0.527453 -0.257985 0.288833
v -0.529100 -0.259118 0.286434
v -0.530058 -0.259772 0.283535
v -0.530234 -0.259883 0.280419
v -0.529609 -0.259440 0.277391
v -0.528246 -0.258486 0.274749
v -0.526277 -0.257115 0.272750
v -0.523896 -0.255461 0.271590
v -0.521335 -0.253685 0.271382
v -0.518845 -0.251962 0.272148
v -0.516671 -0.250461 0.273812
v -0.515024 -0.249327 0.276211
v -0.514066 -0.248673 0.279110
v -0.513891 -0.248562 0.282226
v -0.515268 -0.249525 0.284862
v -0.516495 -0.250384 0.287241
v -0.518267 -0.251619 0.289041
v -0.520411 -0.253108 0.290085
v -0.522717 -0.254706 0.290272
v -0.524958 -0.256258 0.289583
v -0.526916 -0.257609 0.288085
v -0.528398 -0.258630 0.285925
v -0.529261 -0.259219 0.283314
v -0.529419 -0.259319 0.280509
v -0.528856 -0.258920 0.277783
v -0.527629 -0.258061 0.275404
v -0.525857 -0.256826 0.273604
v -0.523713 -0.255337 0.272560
v -0.521407 -0.253739 0.272373
v -0.519166 -0.252187 0.273063
v -0.517208 -0.250836 0.274561
v -0.515726 -0.249815 0.276721
v -0.514863 -0.249226 0.279331
v -0.514705 -0.249126 0.282136
v -0.529643 -0.240466 0.288428
v -0.527916 -0.239266 0.287586
v -0.526488 -0.238271 0.286136
v -0.525498 -0.237579 0.284218
v -0.525045 -0.237258 0.282022
v -0.525172 -0.237338 0.279761
v -0.525867 -0.237813 0.277658
v -0.527062 -0.238635 0.275917
v -0.528640 -0.239725 0.274710
v -0.530446 -0.240975 0.274154
v -0.532304 -0.242263 0.274305
v -0.534032 -0.243463 0.275146
v -0.535460 -0.244458 0.276597
v -0.536449 -0.245150 0.278514
v -0.536902 -0.245471 0.280711
v -0.536775 -0.245391 0.282971
v -0.536080 -0.244916 0.285075
v -0.534885 -0.244094 0.286815
v -0.533307 -0.243005 0.288023
v -0.531501 -0.241755 0.288578
v -0.521083 -0.252817 0.288386
v -0.519356 -0.251617 0.287544
v -0.517928 -0.250622 0.286094
v -0.516938 -0.249930 0.284177
v -0.516485 -0.249608 0.281980
v -0.516612 -0.249689 0.279719
v -0.517307 -0.250163 0.277616
v -0.518502 -0.250986 0.275875
v -0.520080 -0.252075 0.274668
v -0.521886 -0.253325 0.274112
v -0.523744 -0.254613 0.274263
v -0.525472 -0.255813 0.275104
v -0.526900 -0.256808 0.276555
v -0.527889 -0.257500 0.278472
v -0.528342 -0.257822 0.280669
v -0.528215 -0.257741 0.282929
v -0.527520 -0.257267 0.285033
v -0.526325 -0.256444 0.286774
v -0.524747 -0.255355 0.287981
v -0.522941 -0.254105 0.288536
v -0.532557 -0.242156 0.273656
v -0.530529 -0.240750 0.273492
v -0.528557 -0.239385 0.274099
v -0.526834 -0.238196 0.275417
v -0.525529 -0.237298 0.277317
v -0.524770 -0.236779 0.279614
v -0.524631 -0.236692 0.282083
v -0.525126 -0.237043 0.284481
v -0.526206 -0.237798 0.286575
v -0.527766 -0.238884 0.288158
v -0.529652 -0.240195 0.289077
v -0.531681 -0.241601 0.289241
v -0.533653 -0.242966 0.288635
v -0.535375 -0.244156 0.287317
v -0.536680 -0.245054 0.285416
v -0.537439 -0.245572 0.283119
v -0.537578 -0.245660 0.280651
v -0.537083 -0.245309 0.278253
v -0.536003 -0.244553 0.276159
v -0.534444 -0.243467 0.274575
v -0.527240 -0.304204 0.230696
v -0.528078 -0.306040 0.231727
v -0.528295 -0.308143 0.232543
v -0.527870 -0.310306 0.233064
v -0.526845 -0.312319 0.233240
v -0.525321 -0.313985 0.233052
v -0.523445 -0.315139 0.232520
v -0.521403 -0.315670 0.231695
v -0.519394 -0.315526 0.230658
v -0.517614 -0.314719 0.229511
v -0.516238 -0.313331 0.228366
v -0.515400 -0.311495 0.227335
v -0.515183 -0.309393 0.226519
v -0.515608 -0.307229 0.225998
v -0.516633 -0.305216 0.225822
v -0.518157 -0.303550 0.226010
v -0.520033 -0.302396 0.226542
v -0.522075 -0.301865 0.227367
v -0.524084 -0.302009 0.228404
v -0.525864 -0.302816 0.229551
v -0.529364 -0.302443 0.231146
v -0.530525 -0.304987 0.232575
v -0.530826 -0.307901 0.233706
v -0.530237 -0.310900 0.234429
v -0.528817 -0.313690 0.234671
v -0.526703 -0.315999 0.234411
v -0.524104 -0.317599 0.233673
v -0.521273 -0.318335 0.232530
v -0.518488 -0.318135 0.231093
v -0.516021 -0.317017 0.229503
v -0.514114 -0.315092 0.227916
v -0.512953 -0.312548 0.226487
v -0.512652 -0.309634 0.225356
v -0.513241 -0.306635 0.224633
v -0.514661 -0.303845 0.224391
v -0.516775 -0.301536 0.224651
v -0.519374 -0.299936 0.225389
v -0.522205 -0.299200 0.226532
v -0.524990 -0.299400 0.227969
v -0.527457 -0.300518 0.229559
v -0.522661 -0.297843 0.244781
v -0.523822 -0.300387 0.246210
v -0.524123 -0.303301 0.247341
v -0.523534 -0.306300 0.248063
v -0.522114 -0.309091 0.248306
v -0.520000 -0.311399 0.248046
v -0.517401 -0.313000 0.247308
v -0.514570 -0.313736 0.246164
v -0.511785 -0.313535 0.244727
v -0.509318 -0.312418 0.243138
v -0.507411 -0.310493 0.241550
v -0.506250 -0.307948 0.240121
v -0.505949 -0.305034 0.238990
v -0.506538 -0.302035 0.238268
v -0.507958 -0.299245 0.238025
v -0.510071 -0.296936 0.238285
v -0.512671 -0.295336 0.239023
v -0.515501 -0.294600 0.240167
v -0.518287 -0.294800 0.241604
v -0.520754 -0.295918 0.243193
v -0.520537 -0.299605 0.244331
v -0.521375 -0.301440 0.245362
v -0.521592 -0.303543 0.246178
v -0.521167 -0.305706 0.246699
v -0.520142 -0.307719 0.246874
v -0.518617 -0.309385 0.246686
v -0.516742 -0.310540 0.246154
v -0.514700 -0.311071 0.245329
v -0.512690 -0.310926 0.244292
v -0.510911 -0.310120 0.243145
v -0.509535 -0.308731 0.242000
v -0.508697 -0.306895 0.240969
v -0.508480 -0.304793 0.240153
v -0.508905 -0.302629 0.239632
v -0.509930 -0.300616 0.239457
v -0.511454 -0.298951 0.239645
v -0.513330 -0.297796 0.240177
v -0.515372 -0.297265 0.241002
v -0.517381 -0.297410 0.242039
v -0.519161 -0.298216 0.243186
v -0.510142 -0.296985 0.238143
v -0.508028 -0.299293 0.237882
v -0.506608 -0.302083 0.238125
v -0.506019 -0.305082 0.238848
v -0.506320 -0.307997 0.239979
v -0.507481 -0.310541 0.241408
v -0.509388 -0.312466 0.242995
v -0.511855 -0.313583 0.244585
v -0.514640 -0.313784 0.246022
v -0.517471 -0.313048 0.247165
v -0.520070 -0.311447 0.247903
v -0.522184 -0.309139 0.248163
v -0.523604 -0.306349 0.247920
v -0.524193 -0.303349 0.247198
v -0.523892 -0.300435 0.246067
v -0.522731 -0.297891 0.244638
v -0.520824 -0.295966 0.243051
v -0.518357 -0.294849 0.241461
v -0.515572 -0.294648 0.240024
v -0.512741 -0.295384 0.238880
v -0.516703 -0.301487 0.224796
v -0.514590 -0.303796 0.224536
v -0.513169 -0.306586 0.224779
v -0.512581 -0.309585 0.225501
v -0.512882 -0.312499 0.226632
v -0.514042 -0.315043 0.228061
v -0.515950 -0.316969 0.229648
v -0.518417 -0.318086 0.231238
v -0.521202 -0.318287 0.232675
v -0.524033 -0.317551 0.233818
v -0.526632 -0.315950 0.234556
v -0.528745 -0.313642 0.234817
v -0.530166 -0.310851 0.234574
v -0.530755 -0.307852 0.233851
v -0.530454 -0.304938 0.232720
v -0.529293 -0.302394 0.231291
v -0.527386 -0.300469 0.229704
v -0.524919 -0.299351 0.228114
v -0.522133 -0.299151 0.226677
v -0.519303 -0.299887 0.225534
v -0.512990 -0.298939 0.232349
v -0.510876 -0.301248 0.232089
v -0.509456 -0.304038 0.232332
v -0.508867 -0.307037 0.233054
v -0.509168 -0.309951 0.234185
v -0.510329 -0.312495 0.235614
v -0.512236 -0.314420 0.237201
v -0.514703 -0.315538 0.238791
v -0.517489 -0.315738 0.240228
v -0.520319 -0.315002 0.241372
v -0.522919 -0.313402 0.242110
v -0.525032 -0.311093 0.242370
v -0.526453 -0.308303 0.242127
v -0.527041 -0.305304 0.241405
v -0.526740 -0.302390 0.240273
v -0.525579 -0.299846 0.238844
v -0.523672 -0.297921 0.237257
v -0.521205 -0.296803 0.235667
v -0.518420 -0.296603 0.234230
v -0.515589 -0.297339 0.233087
v -0.510851 -0.297471 0.236700
v -0.508738 -0.299780 0.236440
v -0.507317 -0.302570 0.236682
v -0.506728 -0.305569 0.237405
v -0.507029 -0.308483 0.238536
v -0.508190 -0.311027 0.239965
v -0.510097 -0.312953 0.241552
v -0.512564 -0.314070 0.243142
v -0.515350 -0.314271 0.244579
v -0.518180 -0.313535 0.245722
v -0.520780 -0.311934 0.246460
v -0.522893 -0.309626 0.246720
v -0.524314 -0.306835 0.246478
v -0.524902 -0.303836 0.245755
v -0.524601 -0.300922 0.244624
v -0.523440 -0.298378 0.243195
v -0.521533 -0.296453 0.241608
v -0.519066 -0.295335 0.240018
v -0.516281 -0.295135 0.238581
v -0.513450 -0.295871 0.237438
v -0.507997 -0.299272 0.238053
v -0.506585 -0.302047 0.238295
v -0.505999 -0.305029 0.239013
v -0.506298 -0.307927 0.240138
v -0.507453 -0.310458 0.241559
v -0.509350 -0.312372 0.243138
v -0.511803 -0.313483 0.244719
v -0.514573 -0.313683 0.246148
v -0.517388 -0.312951 0.247285
v -0.519973 -0.311359 0.248019
v -0.522074 -0.309063 0.248278
v -0.523487 -0.306289 0.248036
v -0.524072 -0.303306 0.247318
v -0.523773 -0.300408 0.246193
v -0.522619 -0.297878 0.244772
v -0.520722 -0.295964 0.243193
v -0.518269 -0.294852 0.241612
v -0.515499 -0.294653 0.240183
v -0.512684 -0.295385 0.239046
v -0.510099 -0.296977 0.238312
v -0.513002 -0.312527 0.226504
v -0.514156 -0.315057 0.227925
v -0.516053 -0.316971 0.229503
v -0.518506 -0.318082 0.231084
v -0.521276 -0.318282 0.232513
v -0.524091 -0.317550 0.233650
v -0.526676 -0.315958 0.234384
v -0.528777 -0.313663 0.234643
v -0.530190 -0.310888 0.234401
v -0.530775 -0.307906 0.233683
v -0.530476 -0.305008 0.232558
v -0.529321 -0.302478 0.231137
v -0.527425 -0.300564 0.229559
v -0.524972 -0.299453 0.227978
v -0.522202 -0.299253 0.226549
v -0.519387 -0.299985 0.225412
v -0.516802 -0.301577 0.224678
v -0.514701 -0.303872 0.224419
v -0.513288 -0.306647 0.224661
v -0.512703 -0.309629 0.225379
v -0.513873 -0.312152 0.226806
v -0.514913 -0.314430 0.228085
v -0.516620 -0.316153 0.229506
v -0.518829 -0.317154 0.230929
v -0.521322 -0.317333 0.232216
v -0.523856 -0.316674 0.233239
v -0.526183 -0.315241 0.233900
v -0.528075 -0.313175 0.234133
v -0.529347 -0.310677 0.233916
v -0.529874 -0.307992 0.233269
v -0.529605 -0.305383 0.232256
v -0.528565 -0.303105 0.230977
v -0.526858 -0.301382 0.229556
v -0.524649 -0.300381 0.228133
v -0.522156 -0.300202 0.226846
v -0.519622 -0.300861 0.225823
v -0.517295 -0.302294 0.225162
v -0.515403 -0.304360 0.224929
v -0.514131 -0.306858 0.225146
v -0.513604 -0.309543 0.225793
v -0.512787 -0.310992 0.244095
v -0.511008 -0.310186 0.242948
v -0.509632 -0.308797 0.241803
v -0.508794 -0.306962 0.240772
v -0.508577 -0.304859 0.239956
v -0.509002 -0.302696 0.239435
v -0.510027 -0.300683 0.239260
v -0.511551 -0.299017 0.239447
v -0.513426 -0.297863 0.239980
v -0.515469 -0.297332 0.240805
v -0.517478 -0.297476 0.241841
v -0.519258 -0.298282 0.242988
v -0.520634 -0.299671 0.244133
v -0.521472 -0.301507 0.245164
v -0.521689 -0.303609 0.245980
v -0.521264 -0.305773 0.246502
v -0.520239 -0.307786 0.246677
v -0.518714 -0.309451 0.246489
v -0.516839 -0.310606 0.245957
v -0.514797 -0.311137 0.245132
v -0.519133 -0.315347 0.231188
v -0.517353 -0.314541 0.230041
v -0.515977 -0.313152 0.228896
v -0.515139 -0.311316 0.227865
v -0.514922 -0.309214 0.227049
v -0.515347 -0.307050 0.226528
v -0.516372 -0.305037 0.226353
v -0.517897 -0.303372 0.226540
v -0.519772 -0.302217 0.227073
v -0.521814 -0.301686 0.227898
v -0.523824 -0.301831 0.228934
v -0.525603 -0.302637 0.230081
v -0.526980 -0.304026 0.231227
v -0.527817 -0.305861 0.232258
v -0.528034 -0.307964 0.233074
v -0.527609 -0.310127 0.233595
v -0.526585 -0.312140 0.233770
v -0.525060 -0.313806 0.233582
v -0.523185 -0.314960 0.233050
v -0.521142 -0.315491 0.232225
v -0.517597 -0.296789 0.241935
v -0.515403 -0.296631 0.240803
v -0.513173 -0.297211 0.239902
v -0.511125 -0.298471 0.239321
v -0.509460 -0.300290 0.239116
v -0.508341 -0.302488 0.239308
v -0.507878 -0.304850 0.239877
v -0.508115 -0.307146 0.240768
v -0.509029 -0.309150 0.241893
v -0.510532 -0.310667 0.243144
v -0.512475 -0.311547 0.244396
v -0.514669 -0.311705 0.245528
v -0.516899 -0.311125 0.246429
v -0.518947 -0.309864 0.247010
v -0.520611 -0.308046 0.247215
v -0.521730 -0.305848 0.247023
v -0.522194 -0.303485 0.246454
v -0.521957 -0.301190 0.245563
v -0.521043 -0.299185 0.244438
v -0.519540 -0.297669 0.243187
v -0.538826 -0.301352 0.297821
v -0.539446 -0.304679 0.293782
v -0.538897 -0.308821 0.290571
v -0.537232 -0.313373 0.288503
v -0.534616 -0.317889 0.287781
v -0.531303 -0.321928 0.288474
v -0.527619 -0.325093 0.290516
v -0.523923 -0.327076 0.293706
v -0.520577 -0.327682 0.297732
v -0.517910 -0.326851 0.302200
v -0.516182 -0.324665 0.306672
v -0.515562 -0.321339 0.310711
v -0.516111 -0.317197 0.313922
v -0.517776 -0.312645 0.315990
v -0.520392 -0.308129 0.316712
v -0.523705 -0.304090 0.316018
v -0.527390 -0.300925 0.313977
v -0.531085 -0.298942 0.310787
v -0.534431 -0.298336 0.306761
v -0.537098 -0.299167 0.302293
v -0.550148 -0.289696 0.293395
v -0.551388 -0.296349 0.285317
v -0.550289 -0.304633 0.278896
v -0.546961 -0.313737 0.274760
v -0.541728 -0.322769 0.273315
v -0.535102 -0.330846 0.274702
v -0.527733 -0.337177 0.278786
v -0.520341 -0.341143 0.285165
v -0.513651 -0.342354 0.293217
v -0.508317 -0.340693 0.302153
v -0.504860 -0.336322 0.311098
v -0.503621 -0.329669 0.319176
v -0.504719 -0.321385 0.325597
v -0.508047 -0.312281 0.329733
v -0.513281 -0.303249 0.331178
v -0.519906 -0.295171 0.329791
v -0.527275 -0.288840 0.325707
v -0.534667 -0.284875 0.319327
v -0.541357 -0.283664 0.311276
v -0.546692 -0.285325 0.302340
v -0.562558 -0.298328 0.302409
v -0.563798 -0.304981 0.294330
v -0.562700 -0.313265 0.287909
v -0.559371 -0.322368 0.283773
v -0.554138 -0.331401 0.282329
v -0.547512 -0.339478 0.283716
v -0.540143 -0.345809 0.287799
v -0.532752 -0.349775 0.294179
v -0.526061 -0.350986 0.302230
v -0.520727 -0.349325 0.311166
v -0.517270 -0.344954 0.320111
v -0.516031 -0.338301 0.328189
v -0.517129 -0.330017 0.334610
v -0.520458 -0.320913 0.338746
v -0.525691 -0.311880 0.340191
v -0.532316 -0.303803 0.338804
v -0.539685 -0.297472 0.334721
v -0.547077 -0.293507 0.328341
v -0.553767 -0.292295 0.320289
v -0.559102 -0.293957 0.311353
v -0.547951 -0.313366 0.308118
v -0.548391 -0.315727 0.305251
v -0.548002 -0.318668 0.302972
v -0.546820 -0.321899 0.301504
v -0.544963 -0.325105 0.300991
v -0.542611 -0.327972 0.301483
v -0.539995 -0.330219 0.302933
v -0.537372 -0.331627 0.305197
v -0.534997 -0.332056 0.308055
v -0.533104 -0.331467 0.311226
v -0.531877 -0.329915 0.314401
v -0.531437 -0.327554 0.317269
v -0.531827 -0.324614 0.319548
v -0.533008 -0.321382 0.321016
v -0.534866 -0.318176 0.321529
v -0.537217 -0.315309 0.321036
v -0.539833 -0.313062 0.319587
v -0.542457 -0.311655 0.317322
v -0.544831 -0.311225 0.314465
v -0.546725 -0.311814 0.311293
v -0.527504 -0.313009 0.302246
v -0.554329 -0.331667 0.321729
v -0.553605 -0.292182 0.320171
v -0.546914 -0.293394 0.328223
v -0.539523 -0.297359 0.334602
v -0.532153 -0.303690 0.338686
v -0.525528 -0.311767 0.340073
v -0.520295 -0.320800 0.338628
v -0.516966 -0.329904 0.334492
v -0.515868 -0.338187 0.328071
v -0.517108 -0.344841 0.319993
v -0.520564 -0.349212 0.311048
v -0.525898 -0.350873 0.302112
v -0.532589 -0.349661 0.294060
v -0.539980 -0.345696 0.287681
v -0.547350 -0.339365 0.283597
v -0.553975 -0.331288 0.282210
v -0.559208 -0.322255 0.283655
v -0.562537 -0.313151 0.287791
v -0.563635 -0.304868 0.294212
v -0.562395 -0.298214 0.302290
v -0.558939 -0.293843 0.311235
v -0.551625 -0.290805 0.318733
v -0.544934 -0.292017 0.326785
v -0.537543 -0.295982 0.333164
v -0.530174 -0.302313 0.337248
v -0.523548 -0.310390 0.338635
v -0.518315 -0.319423 0.337190
v -0.514986 -0.328526 0.333054
v -0.513888 -0.336810 0.326633
v -0.515128 -0.343464 0.318555
v -0.518584 -0.347835 0.309610
v -0.523919 -0.349496 0.300674
v -0.530609 -0.348284 0.292623
v -0.538001 -0.344319 0.286243
v -0.545370 -0.337988 0.282160
v -0.551995 -0.329911 0.280772
v -0.557228 -0.320878 0.282217
v -0.560557 -0.311774 0.286353
v -0.561655 -0.303490 0.292774
v -0.560416 -0.296837 0.300852
v -0.556959 -0.292466 0.309797
v -0.552834 -0.291646 0.319611
v -0.546143 -0.292857 0.327663
v -0.538752 -0.296823 0.334042
v -0.531383 -0.303154 0.338126
v -0.524757 -0.311231 0.339513
v -0.519524 -0.320264 0.338068
v -0.516195 -0.329367 0.333932
v -0.515097 -0.337651 0.327511
v -0.516337 -0.344304 0.319433
v -0.519793 -0.348675 0.310488
v -0.525127 -0.350337 0.301552
v -0.531818 -0.349125 0.293501
v -0.539209 -0.345160 0.287121
v -0.546579 -0.338829 0.283037
v -0.553204 -0.330752 0.281650
v -0.558437 -0.321719 0.283095
v -0.561766 -0.312615 0.287231
v -0.562864 -0.304331 0.293652
v -0.561624 -0.297678 0.301730
v -0.558168 -0.293307 0.310675
v -0.547706 -0.288079 0.315886
v -0.541015 -0.289291 0.323938
v -0.533624 -0.293256 0.330318
v -0.526254 -0.299587 0.334401
v -0.519629 -0.307664 0.335788
v -0.514396 -0.316697 0.334343
v -0.511067 -0.325801 0.330208
v -0.509969 -0.334084 0.323787
v -0.511209 -0.340738 0.315708
v -0.514665 -0.345109 0.306764
v -0.519999 -0.346770 0.297828
v -0.526690 -0.345558 0.289776
v -0.534081 -0.341593 0.283396
v -0.541451 -0.335262 0.279313
v -0.548076 -0.327185 0.277926
v -0.553309 -0.318152 0.279371
v -0.556638 -0.309048 0.283506
v -0.557736 -0.300765 0.289928
v -0.556496 -0.294111 0.298006
v -0.553040 -0.289740 0.306951
v -0.553321 -0.291985 0.319965
v -0.546631 -0.293196 0.328017
v -0.539239 -0.297162 0.334396
v -0.531870 -0.303493 0.338480
v -0.525244 -0.311570 0.339867
v -0.520011 -0.320603 0.338422
v -0.516683 -0.329706 0.334286
v -0.515584 -0.337990 0.327865
v -0.516824 -0.344643 0.319787
v -0.520280 -0.349014 0.310842
v -0.525615 -0.350676 0.301906
v -0.532305 -0.349464 0.293855
v -0.539697 -0.345499 0.287475
v -0.547066 -0.339168 0.283392
v -0.553692 -0.331091 0.282004
v -0.558925 -0.322058 0.283449
v -0.562253 -0.312954 0.287585
v -0.563352 -0.304670 0.294006
v -0.562112 -0.298017 0.302084
v -0.558656 -0.293646 0.311029
v -0.539842 -0.313980 0.318696
v -0.537506 -0.315987 0.319990
v -0.535406 -0.318547 0.320430
v -0.533747 -0.321410 0.319972
v -0.532692 -0.324296 0.318661
v -0.532344 -0.326921 0.316626
v -0.532737 -0.329030 0.314065
v -0.533832 -0.330416 0.311230
v -0.535523 -0.330942 0.308398
v -0.537644 -0.330558 0.305846
v -0.539987 -0.329301 0.303823
v -0.542323 -0.327295 0.302529
v -0.544423 -0.324734 0.302090
v -0.546081 -0.321871 0.302548
v -0.547136 -0.318986 0.303858
v -0.547484 -0.316360 0.305894
v -0.547092 -0.314251 0.308454
v -0.545996 -0.312866 0.311289
v -0.544305 -0.312339 0.314122
v -0.542185 -0.312723 0.316674
v -0.532869 -0.316806 0.325591
v -0.530276 -0.321280 0.324875
v -0.528627 -0.325790 0.322827
v -0.528083 -0.329893 0.319646
v -0.528697 -0.333189 0.315644
v -0.530409 -0.335354 0.311213
v -0.533052 -0.336177 0.306787
v -0.536366 -0.335577 0.302798
v -0.540028 -0.333613 0.299638
v -0.543678 -0.330477 0.297616
v -0.546960 -0.326476 0.296928
v -0.549552 -0.322001 0.297644
v -0.551201 -0.317492 0.299693
v -0.551745 -0.313388 0.302873
v -0.551131 -0.310092 0.306875
v -0.549419 -0.307927 0.311306
v -0.546777 -0.307104 0.315732
v -0.543462 -0.307704 0.319721
v -0.539801 -0.309669 0.322881
v -0.536150 -0.312805 0.324904
vn 0.9253 -0.3751 -0.0561
vn -0.3190 -0.6898 -0.6499
vn -0.3668 -0.8474 -0.3839
vn -0.3786 -0.9221 -0.0803
vn -0.3534 -0.9065 0.2311
vn -0.2936 -0.8021 0.5200
vn -0.2051 -0.6193 0.7579
vn -0.0965 -0.3758 0.9217
vn 0.0216 -0.0955 0.9952
vn 0.1375 0.1941 0.9713
vn 0.2400 0.4647 0.8523
vn 0.3190 0.6898 0.6499
vn 0.3668 0.8474 0.3839
vn 0.3786 0.9221 0.0803
vn 0.3534 0.9065 -0.2311
vn 0.2936 0.8021 -0.5200
vn 0.2051 0.6193 -0.7579
vn 0.0965 0.3758 -0.9217
vn -0.0216 0.0955 -0.9952
vn -0.1375 -0.1941 -0.9713
vn -0.2400 -0.4647 -0.8523
vn -0.9253 0.3751 0.0561
vn 0.3471 0.7782 0.5234
vn 0.2830 0.5844 0.7605
vn 0.1911 0.3335 0.9232
vn 0.0805 0.0499 0.9955
vn -0.0379 -0.2386 0.9704
vn -0.1527 -0.5037 0.8503
vn -0.2525 -0.7196 0.6469
vn -0.3276 -0.8649 0.3802
vn -0.3706 -0.9257 0.0764
vn -0.3773 -0.8958 -0.2350
vn -0.3471 -0.7782 -0.5234
vn -0.2830 -0.5844 -0.7605
vn -0.1911 -0.3335 -0.9232
vn -0.0805 -0.0499 -0.9955
vn 0.0379 0.2386 -0.9704
vn 0.1527 0.5037 -0.8503
vn 0.2525 0.7196 -0.6469
vn 0.3276 0.8649 -0.3802
vn 0.3706 0.9257 -0.0764
vn 0.3773 0.8958 0.2350
vn -0.9544 0.2154 -0.2067
vn -0.8916 0.0338 -0.4515
vn -0.8916 0.0337 -0.4515
vn -0.7411 -0.1526 -0.6539
vn -0.7411 -0.1526 -0.6538
vn -0.5165 -0.3246 -0.7924
vn 0.0604 -0.5584 -0.8273
vn 0.3542 -0.5965 -0.7202
vn 0.6118 -0.5757 -0.5426
vn 0.8079 -0.4990 -0.3135
vn 0.9544 -0.2154 0.2067
vn 0.8916 -0.0337 0.4515
vn 0.7411 0.1526 0.6538
vn 0.5165 0.3246 0.7924
vn -0.0604 0.5584 0.8273
vn -0.3542 0.5965 0.7202
vn -0.6118 0.5757 0.5425
vn -0.8079 0.4990 0.3135
vn -0.2955 -0.8017 0.5196
vn -0.2954 -0.8020 0.5191
vn -0.2951 -0.8024 0.5187
vn -0.2947 -0.8027 0.5184
vn -0.2941 -0.8030 0.5183
vn -0.2935 -0.8032 0.5184
vn -0.2929 -0.8033 0.5186
vn -0.2924 -0.8032 0.5189
vn -0.2920 -0.8031 0.5194
vn -0.2918 -0.8029 0.5199
vn -0.2918 -0.8026 0.5204
vn -0.2919 -0.8022 0.5208
vn -0.2922 -0.8018 0.5212
vn -0.2926 -0.8015 0.5215
vn -0.2932 -0.8012 0.5217
vn -0.2938 -0.8010 0.5216
vn -0.2944 -0.8009 0.5214
vn -0.2949 -0.8010 0.5210
vn -0.2952 -0.8011 0.5206
vn -0.2955 -0.8014 0.5201
vn -0.2849 -0.4285 0.8574
vn -0.4277 -0.4093 0.8060
vn -0.4245 -0.4282 0.7977
vn -0.2864 -0.4462 0.8479
vn -0.1399 -0.4740 0.8693
vn -0.1465 -0.4898 0.8594
vn -0.0062 -0.5415 0.8407
vn -0.0177 -0.5551 0.8316
vn 0.1033 -0.6243 0.7744
vn 0.0872 -0.6354 0.7672
vn 0.1779 -0.7146 0.6766
vn 0.1578 -0.7229 0.6727
vn 0.2104 -0.8036 0.5567
vn 0.1875 -0.8086 0.5576
vn 0.1969 -0.8828 0.4265
vn 0.1737 -0.8844 0.4332
vn 0.1383 -0.9442 0.2990
vn 0.1181 -0.9430 0.3113
vn 0.0408 -0.9815 0.1872
vn 0.0256 -0.9788 0.2034
vn -0.0854 -0.9911 0.1018
vn -0.0950 -0.9882 0.1202
vn -0.2279 -0.9724 0.0507
vn -0.2321 -0.9702 0.0703
vn -0.3730 -0.9270 0.0389
vn -0.3720 -0.9264 0.0587
vn -0.5067 -0.8595 0.0675
vn -0.5008 -0.8613 0.0866
vn -0.6160 -0.7763 0.1336
vn -0.6058 -0.7812 0.1511
vn -0.6905 -0.6855 0.2310
vn -0.6766 -0.6941 0.2459
vn -0.7227 -0.5958 0.3505
vn -0.7064 -0.6088 0.3612
vn -0.7090 -0.5162 0.4805
vn -0.6927 -0.5332 0.4857
vn -0.6505 -0.4551 0.6080
vn -0.6370 -0.4745 0.6076
vn -0.5533 -0.4184 0.7203
vn -0.5444 -0.4383 0.7152
vn -0.4491 -0.8628 -0.2322
vn -0.1736 -0.0880 -0.9809
vn 0.8725 -0.4030 -0.2763
vn 0.5164 0.3246 0.7924
vn -0.6863 -0.0289 -0.7267
vn 0.7411 0.1526 0.6539
vn -0.1968 0.7612 0.6179
vn 0.8916 -0.0338 0.4515
vn 0.9236 -0.1259 0.3621
vn -0.6795 0.5971 -0.4264
vn 0.8681 0.3407 0.3611
vn 0.2625 0.8926 -0.3666
vn 0.6118 -0.5757 -0.5425
vn -0.8504 -0.2789 -0.4461
vn -0.1356 -0.4938 -0.8589
vn -0.6448 0.6851 0.3389
vn -0.2760 0.9336 0.2286
vn -0.5164 -0.3246 -0.7924
vn 0.7473 0.2663 0.6088
vn 0.7543 0.5893 0.2893
vn -0.5827 0.6083 0.5389
vn 0.9643 0.2497 -0.0882
vn 0.7890 -0.5105 -0.3419
vn -0.9959 0.0884 0.0201
vn 0.7877 -0.4810 -0.3848
vn 0.3866 -0.7894 -0.4769
vn 0.1187 -0.7803 -0.6141
vn -0.1686 -0.7161 -0.6773
vn -0.4472 -0.6032 -0.6604
vn -0.6899 -0.4526 -0.5651
vn -0.8728 -0.2789 -0.4006
vn -0.9781 -0.0994 -0.1830
vn -0.9954 0.0686 0.0663
vn -0.9232 0.2085 0.3229
vn -0.7684 0.3067 0.5618
vn -0.5461 0.3535 0.7595
vn -0.2783 0.3443 0.8967
vn 0.0090 0.2802 0.9599
vn 0.2876 0.1672 0.9430
vn 0.5303 0.0166 0.8477
vn 0.7132 -0.1570 0.6832
vn 0.8185 -0.3366 0.4656
vn 0.8358 -0.5045 0.2164
vn 0.7636 -0.6445 -0.0403
vn 0.6088 -0.7426 -0.2791
vn 0.7411 0.1525 0.6539
vn -0.0604 0.5584 0.8274
vn 0.4686 0.8657 -0.1759
vn 0.4649 0.8680 -0.1745
vn 0.3632 0.9190 -0.1532
vn 0.1321 -0.3696 0.9197
vn -0.0540 -0.2766 0.9595
vn 0.5545 0.8002 -0.2284
vn 0.5501 0.8044 -0.2245
vn 0.2859 -0.4833 0.8274
vn 0.6126 0.7290 -0.3056
vn 0.6100 0.7332 -0.3004
vn 0.3927 -0.6070 0.6909
vn 0.6372 0.6589 -0.3997
vn 0.6370 0.6613 -0.3961
vn 0.4408 -0.7297 0.5227
vn 0.6262 0.5969 -0.5017
vn 0.6261 0.5969 -0.5017
vn 0.4231 -0.8400 0.3396
vn 0.5804 0.5489 -0.6016
vn 0.5781 0.5474 -0.6050
vn 0.3398 -0.9265 0.1619
vn 0.5044 0.5196 -0.6896
vn 0.4991 0.5185 -0.6943
vn 0.2012 -0.9795 0.0079
vn 0.4056 0.5119 -0.7573
vn 0.3991 0.5121 -0.7605
vn 0.0234 -0.9938 -0.1086
vn 0.2935 0.5267 -0.7978
vn 0.2891 0.5277 -0.7987
vn -0.1760 -0.9682 -0.1776
vn 0.1791 0.5625 -0.8072
vn -0.3781 -0.9053 -0.1934
vn 0.0738 0.6157 -0.7845
vn 0.0774 0.6135 -0.7859
vn -0.5643 -0.8110 -0.1543
vn -0.0121 0.6812 -0.7320
vn -0.0077 0.6771 -0.7359
vn -0.7170 -0.6941 -0.0642
vn -0.0702 0.7525 -0.6548
vn -0.0677 0.7482 -0.6600
vn -0.8219 -0.5654 0.0691
vn -0.0949 0.8226 -0.5607
vn -0.0946 0.8201 -0.5643
vn -0.8682 -0.4376 0.2340
vn -0.0838 0.8846 -0.4587
vn -0.8496 -0.3249 0.4155
vn -0.0381 0.9326 -0.3588
vn -0.0358 0.9341 -0.3553
vn -0.7671 -0.2406 0.5947
vn 0.0432 0.9630 -0.2661
vn 0.0379 0.9619 -0.2708
vn -0.6303 -0.1927 0.7520
vn 0.1368 0.9695 -0.2031
vn 0.1432 0.9693 -0.1998
vn -0.4543 -0.1834 0.8717
vn 0.2489 0.9548 -0.1626
vn 0.2532 0.9538 -0.1617
vn -0.2562 -0.2124 0.9430
vn 0.1089 -0.9632 -0.2457
vn 0.3110 -0.9448 -0.1032
vn 0.4617 -0.8838 0.0761
vn 0.5512 -0.7880 0.2744
vn 0.5745 -0.6654 0.4767
vn 0.5281 -0.5244 0.6679
vn 0.4117 -0.3769 0.8297
vn 0.2331 -0.2382 0.9428
vn 0.0097 -0.1244 0.9922
vn -0.2336 -0.0490 0.9711
vn -0.4688 -0.0199 0.8831
vn -0.6709 -0.0383 0.7406
vn -0.8216 -0.0994 0.5613
vn -0.9111 -0.1952 0.3630
vn -0.9344 -0.3178 0.1607
vn -0.8880 -0.4588 -0.0306
vn -0.7717 -0.6062 -0.1924
vn -0.5930 -0.7450 -0.3055
vn -0.3696 -0.8588 -0.3548
vn -0.1263 -0.9342 -0.3337
vn -0.0779 -0.9931 0.0874
vn -0.2247 -0.9738 0.0343
vn -0.3744 -0.9270 0.0219
vn -0.5123 -0.8572 0.0517
vn -0.6248 -0.7715 0.1205
vn -0.7007 -0.6782 0.2215
vn -0.7329 -0.5866 0.3446
vn -0.7184 -0.5055 0.4779
vn -0.6586 -0.4428 0.6084
vn -0.5593 -0.4045 0.7236
vn -0.4300 -0.3944 0.8121
vn -0.2833 -0.4137 0.8652
vn -0.1335 -0.4605 0.8775
vn 0.0044 -0.5303 0.8478
vn 0.1168 -0.6161 0.7790
vn 0.1928 -0.7093 0.6780
vn 0.2250 -0.8009 0.5549
vn 0.2104 -0.8820 0.4216
vn 0.1507 -0.9448 0.2911
vn 0.0514 -0.9831 0.1759
vn -0.2621 -0.8296 0.4929
vn -0.2528 -0.8258 0.5042
vn -0.2532 -0.8260 0.5036
vn -0.2630 -0.8298 0.4921
vn -0.2748 -0.8308 0.4839
vn -0.2759 -0.8308 0.4834
vn -0.2897 -0.8290 0.4783
vn -0.2904 -0.8289 0.4781
vn -0.3052 -0.8243 0.4769
vn -0.3195 -0.8170 0.4801
vn -0.3189 -0.8174 0.4798
vn -0.3307 -0.8082 0.4873
vn -0.3300 -0.8089 0.4867
vn -0.3380 -0.7989 0.4975
vn -0.3376 -0.7996 0.4967
vn -0.3408 -0.7901 0.5095
vn -0.3408 -0.7905 0.5089
vn -0.3393 -0.7825 0.5221
vn -0.3338 -0.7765 0.5345
vn -0.3334 -0.7762 0.5351
vn -0.3244 -0.7726 0.5457
vn -0.3235 -0.7724 0.5465
vn -0.3118 -0.7714 0.5548
vn -0.3107 -0.7714 0.5553
vn -0.2969 -0.7732 0.5604
vn -0.2962 -0.7734 0.5605
vn -0.2813 -0.7780 0.5618
vn -0.2671 -0.7853 0.5586
vn -0.2677 -0.7849 0.5588
vn -0.2558 -0.7941 0.5514
vn -0.2565 -0.7934 0.5520
vn -0.2486 -0.8034 0.5411
vn -0.2490 -0.8026 0.5420
vn -0.2457 -0.8122 0.5292
vn -0.2458 -0.8117 0.5298
vn -0.2472 -0.8198 0.5165
vn 0.5607 -0.6941 -0.4515
vn 0.7529 -0.6182 -0.2258
vn 0.7516 -0.6190 -0.2279
vn 0.5578 -0.6947 -0.4541
vn 0.3067 -0.7154 -0.6278
vn 0.3035 -0.7153 -0.6295
vn 0.0154 -0.6781 -0.7348
vn 0.0134 -0.6777 -0.7353
vn -0.2832 -0.5851 -0.7599
vn -0.5579 -0.4457 -0.7001
vn -0.5562 -0.4468 -0.7008
vn -0.7802 -0.2748 -0.5620
vn -0.7780 -0.2769 -0.5640
vn -0.9280 -0.0906 -0.3613
vn -0.9267 -0.0930 -0.3642
vn -0.9888 0.0879 -0.1203
vn -0.9887 0.0864 -0.1225
vn -0.9600 0.2442 0.1372
vn -0.8453 0.3658 0.3894
vn -0.8440 0.3666 0.3915
vn -0.6531 0.4417 0.6151
vn -0.6502 0.4423 0.6177
vn -0.3991 0.4630 0.7914
vn -0.3958 0.4629 0.7931
vn -0.1078 0.4258 0.8984
vn -0.1057 0.4253 0.8989
vn 0.1908 0.3327 0.9235
vn 0.4655 0.1933 0.8637
vn 0.4638 0.1945 0.8643
vn 0.6878 0.0224 0.7255
vn 0.6856 0.0246 0.7276
vn 0.8357 -0.1618 0.5249
vn 0.8343 -0.1594 0.5278
vn 0.8965 -0.3402 0.2839
vn 0.8963 -0.3388 0.2861
vn 0.8676 -0.4966 0.0264
vn -0.9727 -0.2147 0.0884
vn -0.9214 -0.3692 -0.1211
vn -0.9176 -0.3759 -0.1291
vn -0.9723 -0.2187 0.0824
vn -0.7937 -0.5304 -0.2977
vn -0.7874 -0.5365 -0.3035
vn -0.5986 -0.6816 -0.4207
vn -0.5936 -0.6848 -0.4227
vn -0.3553 -0.8055 -0.4743
vn -0.0903 -0.8877 -0.4515
vn -0.0963 -0.8864 -0.4528
vn 0.1663 -0.9196 -0.3559
vn 0.1570 -0.9194 -0.3607
vn 0.3875 -0.8998 -0.2004
vn 0.3794 -0.9016 -0.2077
vn 0.5530 -0.8331 -0.0040
vn 0.5493 -0.8355 -0.0098
vn 0.6514 -0.7281 0.2135
vn 0.6768 -0.5935 0.4355
vn 0.6764 -0.5895 0.4415
vn 0.6256 -0.4389 0.6450
vn 0.6218 -0.4324 0.6531
vn 0.4978 -0.2777 0.8216
vn 0.4915 -0.2716 0.8275
vn 0.3027 -0.1265 0.9446
vn 0.2977 -0.1234 0.9467
vn 0.0594 -0.0027 0.9982
vn -0.2055 0.0795 0.9754
vn -0.1995 0.0782 0.9768
vn -0.4622 0.1115 0.8798
vn -0.4528 0.1112 0.8846
vn -0.6834 0.0917 0.7243
vn -0.6753 0.0934 0.7316
vn -0.8489 0.0250 0.5279
vn -0.8452 0.0273 0.5337
vn -0.9472 -0.0801 0.3104
vn 0.0143 0.7413 0.6710
vn -0.9115 -0.3840 0.1475
vn 0.2217 -0.3740 0.9005
vn 0.6700 -0.2838 0.6860
vn 0.3535 -0.8442 0.4028
vn 0.8291 0.3678 -0.4211
vn -0.8509 -0.3143 -0.4210
vn -0.3000 -0.7935 0.5295
vn -0.1981 -0.9802 0.0036
vn 0.1557 -0.7958 -0.5852
vn -0.5856 -0.7588 0.2851
vn -0.1094 -0.4735 -0.8740
vn -0.5422 0.5636 -0.6232
vn -0.3448 -0.9344 0.0896
vn -0.5698 -0.6220 0.5370
vn -0.7614 0.2209 0.6094
vn -0.4479 -0.2429 0.8605
vn 0.1247 0.9228 0.3646
vn -0.1033 -0.6169 0.7802
vn 0.7470 0.3333 0.5752
vn -0.0603 0.5584 0.8274
vn 0.4638 0.1944 0.8644
vn 0.4620 0.1955 0.8650
vn 0.6834 0.0266 0.7296
vn 0.8330 -0.1571 0.5305
vn 0.8962 -0.3374 0.2881
vn 0.7503 -0.6198 -0.2299
vn 0.5550 -0.6953 -0.4566
vn 0.3003 -0.7152 -0.6312
vn 0.0134 -0.6776 -0.7353
vn 0.0113 -0.6772 -0.7357
vn -0.5544 -0.4479 -0.7014
vn -0.7758 -0.2790 -0.5660
vn -0.9254 -0.0952 -0.3669
vn -0.9886 0.0851 -0.1245
vn -0.8427 0.3675 0.3935
vn -0.6474 0.4429 0.6202
vn -0.3926 0.4628 0.7948
vn -0.1037 0.4248 0.8993
vn 0.3034 -0.7153 -0.6295
vn -0.1940 0.0769 0.9780
vn 0.2930 -0.1205 0.9485
vn 0.4856 -0.2660 0.8327
vn 0.6183 -0.4264 0.6602
vn 0.6761 -0.5860 0.4467
vn 0.5461 -0.8376 -0.0148
vn 0.3720 -0.9032 -0.2142
vn 0.1485 -0.9191 -0.3651
vn -0.1019 -0.8851 -0.4540
vn -0.5889 -0.6877 -0.4245
vn -0.7816 -0.5421 -0.3087
vn -0.9141 -0.3818 -0.1363
vn -0.9719 -0.2222 0.0772
vn -0.8420 0.0294 0.5387
vn -0.6679 0.0950 0.7381
vn -0.4443 0.1109 0.8890
vn -0.2682 -0.7846 0.5590
vn -0.2572 -0.7928 0.5526
vn -0.2493 -0.8020 0.5427
vn -0.2458 -0.8114 0.5303
vn -0.2535 -0.8262 0.5031
vn -0.2638 -0.8300 0.4915
vn -0.2768 -0.8308 0.4829
vn -0.2910 -0.8288 0.4780
vn -0.3184 -0.8177 0.4796
vn -0.3294 -0.8094 0.4861
vn -0.3372 -0.8002 0.4959
vn -0.3407 -0.7908 0.5084
vn -0.3331 -0.7760 0.5356
vn -0.3228 -0.7723 0.5472
vn -0.3098 -0.7715 0.5558
vn -0.2962 -0.7734 0.5606
vn -0.2956 -0.7735 0.5607
vn 0.9000 -0.1337 0.4148
vn 0.3278 0.8513 -0.4096
vn 0.1683 0.5388 -0.8255
vn -0.0073 0.4740 -0.8805
vn -0.2814 -0.7780 0.5617
vn 0.4158 -0.5342 0.7360
vn 0.5146 -0.0020 -0.8574
vn -0.3143 -0.8412 0.4400
vn -0.0197 -0.9106 0.4129
vn -0.3770 -0.6745 0.6348
vn 0.0164 0.9379 -0.3466
vn 0.2474 0.8803 -0.4048
vn -0.2017 -0.3617 -0.9102
vn -0.2811 0.1775 -0.9431
vn -0.6875 -0.7228 -0.0701
vn -0.7538 0.1098 -0.6478
vn 0.7319 0.1829 0.6564
vn -0.3750 -0.9269 0.0120
vn 0.4007 0.8817 0.2492
vn -0.7063 0.2509 0.6620
vn 0.6262 0.5968 -0.5017
vn 0.1368 0.9696 -0.2031
vn 0.6156 0.7237 -0.3118
vn 0.5597 0.7953 -0.2331
vn 0.6376 0.6558 -0.4043
vn 0.5832 0.5506 -0.5972
vn 0.5108 0.5209 -0.6839
vn 0.4132 0.5116 -0.7533
vn 0.2985 0.5256 -0.7967
vn 0.0695 0.6184 -0.7828
vn -0.0173 0.6862 -0.7273
vn -0.0733 0.7577 -0.6485
vn -0.0952 0.8257 -0.5561
vn -0.0409 0.9308 -0.3632
vn 0.0315 0.9605 -0.2765
vn 0.1292 0.9698 -0.2070
vn 0.2439 0.9559 -0.1637
vn 0.4728 0.8631 -0.1776
vn 0.1478 -0.9465 0.2867
vn 0.0448 -0.9844 0.1701
vn -0.0859 -0.9928 0.0833
vn -0.2300 -0.9726 0.0331
vn -0.5078 -0.8600 0.0499
vn -0.6193 -0.7766 0.1156
vn -0.6976 -0.6835 0.2150
vn -0.7326 -0.5896 0.3400
vn -0.6558 -0.4410 0.6128
vn -0.5527 -0.4031 0.7294
vn -0.4220 -0.3947 0.8162
vn -0.2779 -0.4149 0.8664
vn -0.0001 -0.5275 0.8496
vn 0.1114 -0.6109 0.7839
vn 0.1896 -0.7040 0.6844
vn 0.2246 -0.7979 0.5594
vn 0.9334 -0.1232 0.3370
vn 0.9514 -0.2978 0.0780
vn 0.8764 -0.4432 -0.1887
vn 0.7155 -0.5452 -0.4369
vn 0.4846 -0.5938 -0.6423
vn 0.2062 -0.5843 -0.7849
vn -0.0923 -0.5176 -0.8506
vn -0.3818 -0.4003 -0.8331
vn -0.6339 -0.2437 -0.7340
vn -0.8240 -0.0634 -0.5631
vn -0.9334 0.1232 -0.3370
vn -0.9514 0.2978 -0.0780
vn -0.8764 0.4432 0.1887
vn -0.7155 0.5452 0.4369
vn -0.4846 0.5938 0.6423
vn -0.2062 0.5843 0.7849
vn 0.0923 0.5176 0.8506
vn 0.3818 0.4003 0.8331
vn 0.6339 0.2437 0.7340
vn 0.8240 0.0634 0.5631
vn -0.9708 0.1124 0.2121
vn -0.9229 -0.1630 0.3487
vn -0.7843 -0.4246 0.4523
vn -0.5674 -0.6452 0.5115
vn 0.0094 -0.8791 0.4766
vn 0.3109 -0.8685 0.3860
vn 0.5805 -0.7724 0.2577
vn 0.7915 -0.6020 0.1053
vn 0.9708 -0.1124 -0.2121
vn 0.9229 0.1630 -0.3487
vn 0.7843 0.4246 -0.4523
vn 0.5674 0.6452 -0.5115
vn -0.0094 0.8791 -0.4766
vn -0.3109 0.8685 -0.3860
vn -0.5805 0.7724 -0.2577
vn -0.7915 0.6020 -0.1053
vn 0.2399 0.4647 0.8523
vn 0.9578 0.0300 -0.2860
vn 0.9598 -0.2450 -0.1367
vn 0.8680 -0.4959 0.0260
vn 0.6911 -0.6983 0.1861
vn 0.4466 -0.8324 0.3280
vn 0.1584 -0.8850 0.4379
vn -0.1453 -0.8509 0.5048
vn -0.4348 -0.7336 0.5223
vn -0.6817 -0.5444 0.4888
vn -0.8619 -0.3020 0.4073
vn -0.9578 -0.0300 0.2860
vn -0.9598 0.2450 0.1367
vn -0.8680 0.4959 -0.0260
vn -0.6911 0.6983 -0.1861
vn -0.4466 0.8324 -0.3280
vn -0.1584 0.8850 -0.4379
vn 0.1453 0.8509 -0.5048
vn 0.4348 0.7336 -0.5223
vn 0.6817 0.5444 -0.4888
vn 0.8619 0.3020 -0.4073
vn -0.3110 0.8685 -0.3860
vn -0.2401 -0.4647 -0.8523
vn 0.4467 -0.8324 0.3280
vn 0.6911 -0.6984 0.1861
vn -0.9253 0.3750 0.0561
vn -0.9253 0.3752 0.0560
vn -0.9253 0.3751 0.0560
vn -0.2525 -0.7195 0.6469
vn -0.3472 -0.7782 -0.5234
vn 0.9253 -0.3751 -0.0560
vn 0.9253 -0.3750 -0.0561
vn 0.9253 -0.3752 -0.0560
vn 0.9252 -0.3753 -0.0559
vn -0.6911 0.6984 -0.1861
vn -0.2399 -0.4647 -0.8523
vn -0.9985 -0.0538 -0.0094
vn -0.8739 -0.3203 -0.3656
vn -0.6840 -0.4956 -0.5353
vn -0.4925 -0.6191 -0.6116
vn -0.3226 -0.7008 -0.6362
vn -0.1423 -0.7611 -0.6328
vn 0.0877 -0.8084 -0.5820
vn 0.3622 -0.8214 -0.4405
vn 0.6164 -0.7634 -0.1931
vn 0.7737 -0.6219 0.1212
vn 0.7947 -0.4182 0.4400
vn 0.6839 -0.1985 0.7020
vn 0.4960 -0.0178 0.8681
vn 0.3027 0.1006 0.9478
vn 0.1311 0.1777 0.9753
vn -0.0475 0.2426 0.9690
vn -0.2757 0.2950 0.9149
vn -0.5522 0.3025 0.7769
vn -0.8107 0.2326 0.5372
vn -0.9702 0.0850 0.2269
vn -0.1394 -0.9736 0.1805
vn 0.0923 -0.7874 0.6095
vn -0.2775 -0.8804 0.3846
vn -0.2936 -0.8100 0.5077
vn -0.1493 -0.5733 0.8056
vn -0.5871 -0.4921 -0.6427
vn -0.6199 0.4593 0.6363
vn -0.0323 -0.9576 0.2862
vn 0.5022 -0.5923 -0.6301
vn 0.3965 0.3928 0.8298
vn -0.2822 -0.7796 0.5591
vn -0.0690 -0.0211 -0.9974
vn -0.1665 -0.0228 -0.9858
vn -0.0294 0.0764 -0.9966
vn 0.0030 -0.2746 0.9616
vn 0.2497 0.4913 0.8344
vn -0.2688 -0.5444 -0.7946
vn -0.8899 -0.0051 0.4562
vn 0.4189 -0.4271 -0.8013
vn 0.4048 -0.2127 -0.8893
vn -0.2644 -0.9583 0.1087
vn 0.0197 -0.9703 0.2411
vn 0.0023 -0.9723 0.2336
vn -0.2821 -0.9542 0.0997
vn 0.3000 -0.8879 0.3489
vn 0.2858 -0.8944 0.3440
vn 0.5486 -0.7215 0.4224
vn 0.5401 -0.7291 0.4203
vn 0.7433 -0.4898 0.4556
vn 0.7407 -0.4941 0.4553
vn 0.8686 -0.2145 0.4467
vn 0.8693 -0.2121 0.4464
vn 0.9143 0.0814 0.3968
vn 0.9144 0.0908 0.3945
vn 0.8749 0.3729 0.3091
vn 0.8708 0.3863 0.3040
vn 0.7513 0.6318 0.1908
vn 0.7416 0.6454 0.1832
vn 0.5534 0.8312 0.0531
vn 0.5387 0.8414 0.0440
vn 0.2997 0.9497 -0.0906
vn 0.2821 0.9542 -0.0998
vn 0.0151 0.9740 -0.2261
vn -0.0023 0.9723 -0.2336
vn -0.2718 0.9006 -0.3391
vn -0.2858 0.8944 -0.3440
vn -0.5318 0.7364 -0.4181
vn -0.5401 0.7292 -0.4202
vn -0.7381 0.4981 -0.4551
vn -0.7407 0.4941 -0.4553
vn -0.8700 0.2099 -0.4461
vn -0.8693 0.2121 -0.4464
vn -0.9144 -0.0997 -0.3923
vn -0.9144 -0.0907 -0.3945
vn -0.8666 -0.3994 -0.2990
vn -0.8708 -0.3863 -0.3040
vn -0.7317 -0.6586 -0.1755
vn -0.7416 -0.6454 -0.1832
vn -0.5238 -0.8511 -0.0349
vn -0.5387 -0.8414 -0.0440
vn -0.4048 0.2128 0.8893
vn -0.4050 0.2124 0.8893
vn -0.4049 0.2125 0.8893
vn -0.4051 0.2128 0.8892
vn -0.4049 0.2127 0.8893
vn -0.4050 0.2127 0.8892
vn -0.4047 0.2127 0.8893
vn -0.4048 0.2127 0.8893
vn -0.4045 0.2130 0.8894
vn -0.4047 0.2129 0.8893
vn -0.4044 0.2127 0.8895
vn -0.4046 0.2127 0.8894
vn -0.4045 0.2128 0.8894
vn -0.4046 0.2128 0.8894
vn -0.4051 0.2127 0.8892
vn -0.4051 0.2120 0.8894
vn -0.4049 0.2124 0.8893
vn -0.4051 0.2119 0.8894
vn -0.4050 0.2122 0.8894
vn -0.4050 0.2125 0.8893
vn -0.4049 0.2126 0.8893
vn -0.4047 0.2128 0.8893
vn -0.4047 0.2130 0.8893
vn -0.4049 0.2128 0.8893
vn -0.4046 0.2131 0.8893
vn 0.1432 0.9753 -0.1680
vn 0.1432 0.9753 -0.1681
vn 0.4153 0.9093 -0.0284
vn 0.4153 0.9092 -0.0284
vn 0.6467 0.7542 0.1140
vn 0.8148 0.5253 0.2453
vn 0.9032 0.2450 0.3525
vn 0.9031 -0.0593 0.4253
vn 0.8147 -0.3578 0.4564
vn 0.6464 -0.6213 0.4429
vn 0.6465 -0.6213 0.4429
vn 0.4150 -0.8239 0.3860
vn 0.1429 -0.9459 0.2912
vn -0.1432 -0.9753 0.1681
vn -0.4153 -0.9092 0.0285
vn -0.6467 -0.7542 -0.1140
vn -0.8148 -0.5253 -0.2453
vn -0.9032 -0.2450 -0.3525
vn -0.9031 0.0593 -0.4253
vn -0.8147 0.3578 -0.4564
vn -0.6465 0.6212 -0.4428
vn -0.4150 0.8239 -0.3859
vn -0.1429 0.9459 -0.2913
vn -0.7407 0.4940 -0.4553
vn -0.8693 0.2120 -0.4465
vn -0.8686 0.2144 -0.4468
vn -0.7434 0.4898 -0.4556
vn -0.5485 0.7217 -0.4223
vn -0.2857 0.8944 -0.3440
vn -0.2998 0.8879 -0.3488
vn -0.0197 0.9703 -0.2410
vn 0.2821 0.9542 -0.0997
vn 0.2644 0.9583 -0.1087
vn 0.5386 0.8414 0.0440
vn 0.5238 0.8511 0.0350
vn 0.7317 0.6586 0.1756
vn 0.8708 0.3864 0.3040
vn 0.8666 0.3994 0.2990
vn 0.9144 0.0998 0.3923
vn 0.8700 -0.2098 0.4461
vn 0.7381 -0.4981 0.4551
vn 0.5401 -0.7292 0.4203
vn 0.5318 -0.7364 0.4183
vn 0.2719 -0.9006 0.3391
vn -0.0150 -0.9740 0.2261
vn -0.2821 -0.9542 0.0998
vn -0.2996 -0.9497 0.0908
vn -0.5386 -0.8414 -0.0439
vn -0.5534 -0.8312 -0.0531
vn -0.7513 -0.6318 -0.1908
vn -0.8749 -0.3729 -0.3090
vn -0.9144 -0.0908 -0.3945
vn -0.9143 -0.0815 -0.3968
vn 0.5387 0.8414 0.0439
vn 0.5401 -0.7292 0.4202
vn -0.5387 -0.8414 -0.0439
vn 0.7407 -0.4940 0.4553
vn 0.4047 -0.2126 -0.8894
vn 0.4048 -0.2129 -0.8893
vn 0.4047 -0.2125 -0.8894
vn 0.4048 -0.2126 -0.8894
vn 0.4048 -0.2125 -0.8894
vn 0.4049 -0.2127 -0.8893
vn 0.4051 -0.2127 -0.8892
vn 0.4048 -0.2128 -0.8893
vn 0.4047 -0.2129 -0.8894
vn 0.4045 -0.2130 -0.8894
vn 0.4048 -0.2130 -0.8892
vn 0.4047 -0.2128 -0.8893
vn 0.4049 -0.2128 -0.8893
vn 0.4049 -0.2129 -0.8892
vn 0.4049 -0.2126 -0.8893
vn 0.4050 -0.2125 -0.8893
vn 0.4047 -0.2129 -0.8893
vn 0.4047 -0.2130 -0.8893
vn 0.4047 -0.2131 -0.8893
vn 0.4047 -0.2134 -0.8892
vn -0.6467 -0.7542 -0.1139
vn -0.1432 -0.9753 0.1680
vn 0.1428 -0.9459 0.2913
vn 0.1429 -0.9459 0.2913
vn 0.1428 -0.9459 0.2914
vn 0.4151 -0.8239 0.3859
vn 0.4152 -0.8239 0.3859
vn 0.8147 -0.3577 0.4563
vn 0.8148 -0.3577 0.4562
vn 0.9031 0.2450 0.3526
vn 0.8148 0.5253 0.2454
vn 0.6467 0.7542 0.1139
vn 0.4153 0.9092 -0.0285
vn -0.1429 0.9459 -0.2912
vn -0.1430 0.9459 -0.2912
vn -0.4149 0.8240 -0.3859
vn -0.4148 0.8240 -0.3859
vn -0.6465 0.6212 -0.4429
vn -0.8146 0.3579 -0.4564
vn -0.8146 0.3580 -0.4564
vn -0.8148 -0.5254 -0.2453
vn -0.7397 0.4956 -0.4552
vn -0.3978 -0.8676 -0.2983
vn -0.2095 -0.8124 -0.5442
vn -0.1965 -0.8060 -0.5583
vn -0.3863 -0.8666 -0.3159
vn 0.0006 -0.6760 -0.7369
vn 0.0123 -0.6663 -0.7455
vn 0.2114 -0.4711 -0.8564
vn 0.2197 -0.4615 -0.8595
vn 0.4014 -0.2180 -0.8896
vn 0.4053 -0.2119 -0.8893
vn 0.5509 0.0575 -0.8326
vn 0.5512 0.0580 -0.8324
vn 0.6446 0.3272 -0.6910
vn 0.6433 0.3222 -0.6945
vn 0.6727 0.5635 -0.4795
vn 0.6729 0.5554 -0.4887
vn 0.6329 0.7423 -0.2202
vn 0.6367 0.7345 -0.2348
vn 0.5298 0.8460 0.0602
vn 0.5380 0.8419 0.0426
vn 0.3746 0.8652 0.3334
vn 0.3862 0.8666 0.3159
vn 0.1834 0.7993 0.5723
vn 0.1965 0.8061 0.5583
vn -0.0243 0.6563 0.7541
vn -0.0123 0.6663 0.7455
vn -0.2284 0.4515 0.8626
vn -0.2197 0.4615 0.8595
vn -0.4094 0.2055 0.8889
vn -0.4053 0.2119 0.8893
vn -0.5514 -0.0585 0.8322
vn -0.5511 -0.0580 0.8324
vn -0.6420 -0.3170 0.6980
vn -0.6433 -0.3222 0.6945
vn -0.6730 -0.5469 0.4981
vn -0.6729 -0.5553 0.4887
vn -0.6404 -0.7264 0.2496
vn -0.6367 -0.7345 0.2348
vn -0.5460 -0.8374 -0.0247
vn -0.5380 -0.8419 -0.0426
vn 0.7397 -0.4956 0.4552
vn 0.7389 -0.4973 0.4546
vn 0.7393 -0.4972 0.4541
vn 0.7398 -0.4968 0.4538
vn 0.7401 -0.4965 0.4536
vn 0.7404 -0.4961 0.4535
vn 0.7407 -0.4956 0.4536
vn 0.7409 -0.4950 0.4539
vn 0.7410 -0.4946 0.4542
vn 0.7409 -0.4943 0.4548
vn 0.7406 -0.4941 0.4554
vn 0.7403 -0.4940 0.4559
vn 0.7400 -0.4941 0.4564
vn 0.7396 -0.4943 0.4568
vn 0.7392 -0.4947 0.4569
vn 0.7389 -0.4952 0.4570
vn 0.7386 -0.4958 0.4568
vn 0.7384 -0.4963 0.4566
vn 0.7383 -0.4967 0.4563
vn 0.7384 -0.4971 0.4557
vn 0.7386 -0.4973 0.4551
vn 0.7397 -0.4956 0.4553
vn 0.7397 -0.4957 0.4552
vn 0.7396 -0.4957 0.4552
vn 0.3763 -0.4611 0.8036
vn 0.3313 -0.5904 0.7360
vn 0.3519 -0.5894 0.7271
vn 0.3954 -0.4650 0.7921
vn 0.4480 -0.3286 0.8314
vn 0.4639 -0.3380 0.8189
vn 0.5393 -0.2066 0.8164
vn 0.5510 -0.2207 0.8048
vn 0.6408 -0.1070 0.7602
vn 0.6482 -0.1246 0.7512
vn 0.7428 -0.0396 0.6684
vn 0.7461 -0.0591 0.6632
vn 0.8349 -0.0108 0.5502
vn 0.8348 -0.0306 0.5496
vn 0.9085 -0.0232 0.4173
vn 0.9059 -0.0422 0.4215
vn 0.9562 -0.0756 0.2827
vn 0.9521 -0.0925 0.2914
vn 0.9737 -0.1626 0.1593
vn 0.9691 -0.1767 0.1723
vn 0.9594 -0.2759 0.0593
vn 0.9552 -0.2861 0.0756
vn 0.9146 -0.4043 -0.0079
vn 0.9119 -0.4103 0.0108
vn 0.8438 -0.5355 -0.0356
vn 0.8434 -0.5371 -0.0159
vn 0.7537 -0.6569 -0.0213
vn 0.7562 -0.6543 -0.0019
vn 0.6530 -0.7566 0.0339
vn 0.6589 -0.7505 0.0515
vn 0.5516 -0.8248 0.1245
vn 0.5610 -0.8160 0.1393
vn 0.4591 -0.8548 0.2419
vn 0.4722 -0.8444 0.2529
vn 0.3848 -0.8435 0.3747
vn 0.4012 -0.8330 0.3811
vn 0.3359 -0.7919 0.5100
vn 0.3550 -0.7827 0.5112
vn 0.3174 -0.7049 0.6344
vn 0.3381 -0.6988 0.6304
vn -0.7402 0.5532 0.3822
vn 0.0080 -0.1060 -0.9943
vn 0.4390 0.8927 0.1020
vn -0.2283 0.4515 0.8626
vn 0.9549 0.2907 -0.0607
vn -0.0244 0.6563 0.7541
vn -0.1073 0.8356 0.5387
vn 0.2913 0.9540 0.0711
vn -0.3285 -0.8570 -0.3971
vn 0.2304 0.2457 -0.9416
vn 0.6329 0.7422 -0.2202
vn 0.4843 0.3152 -0.8162
vn 0.1289 0.9882 -0.0824
vn 0.6445 0.3272 -0.6910
vn 0.0682 0.8732 -0.4826
vn 0.5476 0.1061 -0.8300
vn 0.4014 -0.2181 -0.8896
vn -0.0359 -0.0149 -0.9992
vn 0.2113 -0.4711 -0.8564
vn -0.1655 -0.2352 -0.9577
vn 0.0005 -0.6760 -0.7369
vn -0.9886 0.0074 0.1503
vn -0.2095 -0.8124 -0.5441
vn -0.6410 0.6054 0.4718
vn 0.4902 0.8367 0.2442
vn -0.5720 -0.7979 0.1902
vn -0.6403 -0.7264 0.2496
vn 0.0906 0.7159 0.6922
vn -0.6730 -0.5469 0.4980
vn -0.6969 -0.4337 0.5712
vn 0.8423 0.2936 -0.4520
vn 0.7830 0.0508 -0.6200
vn 0.6667 -0.2101 -0.7151
vn 0.5048 -0.4636 -0.7281
vn 0.3132 -0.6850 -0.6578
vn 0.1106 -0.8525 -0.5110
vn -0.0831 -0.9497 -0.3020
vn -0.2490 -0.9671 -0.0514
vn -0.3709 -0.9031 0.2164
vn -0.4368 -0.7638 0.4751
vn -0.4403 -0.5630 0.6994
vn -0.3810 -0.3202 0.8674
vn -0.2647 -0.0593 0.9625
vn -0.1028 0.1942 0.9755
vn 0.0888 0.4156 0.9052
vn 0.2914 0.5831 0.7584
vn 0.4851 0.6803 0.5494
vn 0.6511 0.6977 0.2988
vn 0.7730 0.6337 0.0310
vn 0.8389 0.4944 -0.2277
vn -0.4013 0.2181 0.8896
vn -0.2113 0.4711 0.8564
vn -0.0244 0.6562 0.7542
vn -0.0005 0.6760 0.7369
vn 0.2095 0.8124 0.5441
vn 0.3978 0.8676 0.2983
vn 0.5459 0.8375 0.0247
vn 0.6403 0.7264 -0.2495
vn 0.6730 0.5469 -0.4980
vn 0.6420 0.3171 -0.6981
vn 0.5514 0.0585 -0.8322
vn 0.4094 -0.2055 -0.8889
vn 0.2283 -0.4515 -0.8626
vn 0.0244 -0.6563 -0.7541
vn -0.1834 -0.7993 -0.5723
vn -0.3746 -0.8652 -0.3334
vn -0.5298 -0.8460 -0.0602
vn -0.6329 -0.7422 0.2202
vn -0.6727 -0.5635 0.4795
vn -0.6420 -0.3170 0.6981
vn -0.6445 -0.3272 0.6910
vn -0.5509 -0.0575 0.8326
vn -0.7674 0.6347 -0.0906
vn -0.7672 0.6350 -0.0907
vn -0.8383 0.5394 -0.0792
vn -0.8386 0.5390 -0.0792
vn 0.3979 -0.0506 0.9160
vn 0.2701 -0.2195 0.9375
vn -0.6880 0.7132 -0.1342
vn -0.6883 0.7129 -0.1340
vn 0.5399 0.0865 0.8373
vn -0.6080 0.7668 -0.2059
vn -0.6092 0.7662 -0.2046
vn 0.6818 0.1787 0.7094
vn -0.5353 0.7901 -0.2986
vn -0.5372 0.7899 -0.2957
vn 0.8095 0.2172 0.5454
vn -0.4771 0.7809 -0.4032
vn -0.4789 0.7819 -0.3992
vn 0.9109 0.1990 0.3614
vn -0.4390 0.7399 -0.5096
vn -0.4401 0.7421 -0.5055
vn 0.9764 0.1261 0.1753
vn -0.4249 0.6713 -0.6073
vn -0.4250 0.6739 -0.6043
vn 1.0000 0.0060 0.0052
vn -0.4362 0.5817 -0.6866
vn -0.4358 0.5834 -0.6854
vn 0.9798 -0.1498 -0.1327
vn -0.4717 0.4799 -0.7397
vn -0.4717 0.4797 -0.7398
vn 0.9181 -0.3264 -0.2251
vn -0.5279 0.3760 -0.7616
vn -0.5292 0.3739 -0.7617
vn 0.8208 -0.5070 -0.2632
vn -0.5993 0.2800 -0.7499
vn -0.6020 0.2770 -0.7490
vn 0.6971 -0.6744 -0.2433
vn -0.6790 0.2015 -0.7059
vn -0.6822 0.1989 -0.7036
vn 0.5586 -0.8124 -0.1675
vn -0.7591 0.1482 -0.6339
vn -0.7619 0.1468 -0.6309
vn 0.4184 -0.9073 -0.0427
vn -0.8317 0.1252 -0.5410
vn -0.8334 0.1251 -0.5383
vn 0.2899 -0.9496 0.1192
vn -0.8896 0.1348 -0.4363
vn -0.8903 0.1352 -0.4348
vn 0.1859 -0.9348 0.3028
vn -0.9274 0.1760 -0.3301
vn -0.9274 0.1761 -0.3299
vn 0.1166 -0.8638 0.4901
vn -0.9412 0.2444 -0.2332
vn -0.9412 0.2447 -0.2329
vn 0.0894 -0.7433 0.6630
vn -0.9299 0.3341 -0.1540
vn -0.9300 0.3337 -0.1542
vn 0.1075 -0.5847 0.8041
vn -0.8945 0.4355 -0.1011
vn -0.8945 0.4355 -0.1010
vn 0.1698 -0.4040 0.8989
vn 0.9621 -0.0475 -0.2686
vn 0.9850 0.1381 -0.1037
vn 0.9548 0.2801 0.0999
vn 0.8741 0.3637 0.3219
vn 0.7514 0.3802 0.5393
vn 0.5996 0.3286 0.7297
vn 0.4346 0.2153 0.8745
vn 0.2730 0.0531 0.9606
vn 0.1298 -0.1415 0.9814
vn 0.0177 -0.3500 0.9366
vn -0.0540 -0.5542 0.8306
vn -0.0785 -0.7359 0.6725
vn -0.0526 -0.8781 0.4756
vn 0.0226 -0.9659 0.2577
vn 0.1409 -0.9892 0.0403
vn 0.2910 -0.9442 -0.1545
vn 0.4577 -0.8347 -0.3062
vn 0.6237 -0.6722 -0.3990
vn 0.7723 -0.4733 -0.4238
vn 0.8888 -0.2581 -0.3788
vn 0.9626 -0.2671 0.0451
vn 0.9164 -0.3996 -0.0241
vn 0.8433 -0.5349 -0.0526
vn 0.7503 -0.6600 -0.0378
vn 0.6464 -0.7628 0.0192
vn 0.5417 -0.8329 0.1129
vn 0.4465 -0.8636 0.2342
vn 0.3703 -0.8515 0.3712
vn 0.3205 -0.7980 0.5104
vn 0.3021 -0.7081 0.6382
vn 0.3168 -0.5909 0.7420
vn 0.3632 -0.4577 0.8115
vn 0.4367 -0.3217 0.8401
vn 0.5302 -0.1962 0.8249
vn 0.6344 -0.0935 0.7673
vn 0.7392 -0.0237 0.6730
vn 0.8342 0.0063 0.5514
vn 0.9101 -0.0063 0.4143
vn 0.9594 -0.0603 0.2754
vn 0.9775 -0.1502 0.1482
vn 0.7722 -0.4676 0.4301
vn 0.7705 -0.4586 0.4427
vn 0.7704 -0.4584 0.4430
vn 0.7722 -0.4673 0.4304
vn 0.7707 -0.4791 0.4200
vn 0.7708 -0.4789 0.4201
vn 0.7662 -0.4921 0.4132
vn 0.7590 -0.5054 0.4104
vn 0.7589 -0.5056 0.4104
vn 0.7499 -0.5178 0.4118
vn 0.7497 -0.5180 0.4119
vn 0.7396 -0.5280 0.4174
vn 0.7393 -0.5282 0.4176
vn 0.7291 -0.5351 0.4268
vn 0.7290 -0.5351 0.4269
vn 0.7195 -0.5381 0.4390
vn 0.7195 -0.5382 0.4389
vn 0.7119 -0.5369 0.4528
vn 0.7120 -0.5369 0.4525
vn 0.7070 -0.5314 0.4667
vn 0.7071 -0.5316 0.4663
vn 0.7053 -0.5224 0.4792
vn 0.7053 -0.5227 0.4789
vn 0.7068 -0.5109 0.4893
vn 0.7067 -0.5111 0.4892
vn 0.7113 -0.4979 0.4961
vn 0.7185 -0.4847 0.4989
vn 0.7186 -0.4844 0.4989
vn 0.7276 -0.4723 0.4975
vn 0.7279 -0.4720 0.4974
vn 0.7379 -0.4621 0.4920
vn 0.7382 -0.4618 0.4917
vn 0.7484 -0.4550 0.4826
vn 0.7486 -0.4549 0.4824
vn 0.7580 -0.4519 0.4704
vn 0.7656 -0.4531 0.4566
vn 0.7655 -0.4531 0.4568
vn 0.7806 0.4778 -0.4028
vn 0.7417 0.6545 -0.1468
vn 0.7453 0.6471 -0.1606
vn 0.7808 0.4703 -0.4114
vn 0.7528 0.2446 -0.6111
vn 0.7516 0.2401 -0.6144
vn 0.6605 -0.0213 -0.7505
vn 0.6607 -0.0207 -0.7504
vn 0.5132 -0.2926 -0.8068
vn 0.5168 -0.2870 -0.8066
vn 0.3259 -0.5423 -0.7744
vn 0.3337 -0.5333 -0.7773
vn 0.1177 -0.7449 -0.6567
vn 0.1289 -0.7357 -0.6650
vn -0.0899 -0.8799 -0.4665
vn -0.0773 -0.8738 -0.4802
vn -0.2761 -0.9348 -0.2235
vn -0.2647 -0.9337 -0.2410
vn -0.4227 -0.9050 0.0472
vn -0.4147 -0.9095 0.0290
vn -0.5160 -0.7953 0.3182
vn -0.5122 -0.8036 0.3030
vn -0.5482 -0.6179 0.5637
vn -0.5481 -0.6267 0.5539
vn -0.5175 -0.3910 0.7611
vn -0.5190 -0.3964 0.7573
vn -0.4282 -0.1359 0.8934
vn -0.4279 -0.1352 0.8937
vn -0.2881 0.1248 0.9494
vn -0.2837 0.1316 0.9498
vn -0.1094 0.3677 0.9235
vn -0.1004 0.3782 0.9203
vn 0.0920 0.5702 0.8164
vn 0.1045 0.5805 0.8076
vn 0.2975 0.7115 0.6366
vn 0.3109 0.7183 0.6225
vn 0.4866 0.7765 0.4003
vn 0.4982 0.7778 0.3831
vn 0.6400 0.7572 0.1303
vn 0.6480 0.7532 0.1132
vn 0.0305 -0.9991 -0.0307
vn 0.1942 -0.9503 -0.2435
vn 0.2039 -0.9455 -0.2540
vn 0.0400 -0.9982 -0.0450
vn 0.3762 -0.8311 -0.4095
vn 0.3842 -0.8245 -0.4153
vn 0.5579 -0.6535 -0.5115
vn 0.5631 -0.6476 -0.5134
vn 0.7208 -0.4358 -0.5390
vn 0.7231 -0.4322 -0.5388
vn 0.8486 -0.1998 -0.4898
vn 0.8488 -0.1995 -0.4897
vn 0.9290 0.0311 -0.3689
vn 0.9283 0.0283 -0.3708
vn 0.9538 0.2343 -0.1880
vn 0.9539 0.2293 -0.1936
vn 0.9204 0.3894 0.0350
vn 0.9229 0.3841 0.0253
vn 0.8320 0.4803 0.2777
vn 0.8380 0.4772 0.2647
vn 0.6978 0.4979 0.5149
vn 0.7072 0.4990 0.5009
vn 0.5320 0.4413 0.7226
vn 0.5435 0.4471 0.7104
vn 0.3518 0.3175 0.8806
vn 0.3630 0.3268 0.8726
vn 0.1753 0.1402 0.9745
vn 0.1837 0.1499 0.9715
vn 0.0189 -0.0724 0.9972
vn 0.0230 -0.0660 0.9976
vn -0.1037 -0.3003 0.9482
vn -0.1034 -0.2998 0.9484
vn -0.1819 -0.5234 0.8324
vn -0.1832 -0.5286 0.8289
vn -0.2087 -0.7220 0.6597
vn -0.2086 -0.7303 0.6506
vn -0.1805 -0.8773 0.4447
vn -0.1770 -0.8849 0.4308
vn -0.0985 -0.9734 0.2068
vn -0.0913 -0.9773 0.1911
vn -0.5762 0.7162 0.3938
vn -0.2249 -0.8940 0.3875
vn 0.4318 -0.5362 -0.7253
vn 0.5658 0.3843 0.7295
vn 0.1965 0.8060 0.5583
vn 0.9485 -0.3153 0.0313
vn -0.4623 -0.1877 0.8666
vn 0.5379 0.8419 0.0426
vn 0.7671 -0.6394 -0.0531
vn 0.6643 -0.4130 0.6231
vn -0.2647 0.9242 -0.2755
vn 0.2154 0.2099 -0.9537
vn 0.5511 0.0580 -0.8324
vn -0.5928 -0.0148 0.8052
vn 0.4651 0.3454 0.8151
vn 0.3618 -0.7891 -0.4963
vn 0.1758 -0.9654 -0.1927
vn -0.1965 -0.8061 -0.5583
vn -0.8590 -0.4753 0.1903
vn -0.3862 -0.8666 -0.3159
vn -0.9203 -0.1965 -0.3382
vn -0.5379 -0.8419 -0.0426
vn -0.3072 -0.8780 0.3671
vn -0.8678 -0.3266 0.3746
vn -0.6729 -0.5554 0.4887
vn 0.7145 -0.0269 0.6991
vn 0.6406 -0.0405 0.7668
vn -0.0123 0.6663 0.7456
vn -0.1003 0.3781 0.9203
vn -0.2838 0.1316 0.9498
vn -0.2797 0.1379 0.9501
vn -0.0918 0.3880 0.9171
vn 0.1046 0.5804 0.8076
vn 0.1164 0.5901 0.7989
vn 0.3109 0.7182 0.6225
vn 0.3236 0.7245 0.6085
vn 0.4981 0.7779 0.3831
vn 0.5092 0.7789 0.3661
vn 0.6479 0.7533 0.1131
vn 0.6554 0.7491 0.0962
vn 0.7452 0.6471 -0.1607
vn 0.7486 0.6397 -0.1744
vn 0.7809 0.4702 -0.4113
vn 0.7809 0.4625 -0.4198
vn 0.7516 0.2401 -0.6143
vn 0.7505 0.2354 -0.6176
vn 0.6606 -0.0207 -0.7504
vn 0.6609 -0.0202 -0.7502
vn 0.5167 -0.2870 -0.8066
vn 0.5204 -0.2813 -0.8063
vn 0.3336 -0.5334 -0.7773
vn 0.3414 -0.5242 -0.7801
vn 0.1289 -0.7357 -0.6649
vn 0.1400 -0.7263 -0.6729
vn -0.0773 -0.8738 -0.4801
vn -0.0649 -0.8674 -0.4934
vn -0.2647 -0.9337 -0.2409
vn -0.2534 -0.9324 -0.2578
vn -0.4146 -0.9095 0.0290
vn -0.4066 -0.9135 0.0116
vn -0.5123 -0.8036 0.3029
vn -0.5085 -0.8114 0.2883
vn -0.5479 -0.6350 0.5446
vn -0.5203 -0.4015 0.7537
vn -0.4279 -0.1352 0.8936
vn -0.4277 -0.1347 0.8938
vn 0.3109 0.7183 0.6224
vn 0.7453 0.6471 -0.1607
vn 0.7808 0.4702 -0.4114
vn 0.1289 -0.7356 -0.6650
vn -0.0774 -0.8738 -0.4801
vn -0.5123 -0.8036 0.3030
vn -0.5191 -0.3963 0.7573
vn -0.1003 0.3782 0.9203
vn 0.7452 0.6472 -0.1607
vn 0.3337 -0.5334 -0.7773
vn -0.1032 -0.2993 0.9486
vn 0.0266 -0.0603 0.9978
vn 0.1912 0.1586 0.9687
vn 0.3731 0.3350 0.8652
vn 0.5539 0.4523 0.6991
vn 0.7157 0.4998 0.4878
vn 0.8433 0.4743 0.2527
vn 0.9252 0.3792 0.0163
vn 0.9540 0.2246 -0.1988
vn 0.9276 0.0256 -0.3727
vn 0.8489 -0.1992 -0.4896
vn 0.7252 -0.4288 -0.5386
vn 0.5680 -0.6419 -0.5151
vn 0.3916 -0.8183 -0.4207
vn 0.2129 -0.9408 -0.2637
vn 0.0487 -0.9971 -0.0582
vn -0.0848 -0.9806 0.1767
vn -0.1738 -0.8916 0.4182
vn -0.2084 -0.7375 0.6423
vn -0.1843 -0.5332 0.8257
vn 0.7187 -0.4842 0.4989
vn 0.7281 -0.4717 0.4973
vn 0.7384 -0.4616 0.4916
vn 0.7487 -0.4548 0.4822
vn 0.7655 -0.4531 0.4570
vn 0.7704 -0.4583 0.4433
vn 0.7723 -0.4673 0.4304
vn 0.7722 -0.4671 0.4306
vn 0.7708 -0.4790 0.4201
vn 0.7708 -0.4788 0.4202
vn 0.7662 -0.4922 0.4132
vn 0.7588 -0.5058 0.4104
vn 0.7495 -0.5183 0.4120
vn 0.7391 -0.5284 0.4177
vn 0.7290 -0.5352 0.4269
vn 0.7289 -0.5352 0.4270
vn 0.7196 -0.5382 0.4389
vn 0.7121 -0.5370 0.4523
vn 0.7072 -0.5318 0.4660
vn 0.7053 -0.5230 0.4787
vn 0.7067 -0.5113 0.4891
vn 0.1964 0.8061 0.5582
vn 0.6728 0.5554 -0.4887
vn 0.6433 0.3223 -0.6945
vn 0.6432 0.3224 -0.6945
vn 0.4053 -0.2120 -0.8893
vn 0.0123 -0.6663 -0.7456
vn -0.3862 -0.8666 -0.3160
vn -0.5379 -0.8419 -0.0425
vn -0.6728 -0.5554 0.4887
vn -0.6433 -0.3224 0.6945
vn -0.4053 0.2120 0.8893
vn -0.0124 0.6663 0.7455
vn 0.6729 0.5553 -0.4887
vn -0.5512 -0.0580 0.8324
vn -0.3786 0.8787 -0.2909
vn 0.9378 -0.1218 0.3250
vn 0.9596 -0.0834 0.2689
vn -0.2495 0.7408 -0.6237
vn -0.7580 0.4344 -0.4866
vn -0.2360 0.3059 -0.9224
vn 0.0817 0.2827 -0.9557
vn 0.5682 0.8226 0.0207
vn -0.6228 0.6830 -0.3816
vn -0.7418 0.4143 -0.5273
vn -0.7475 0.4910 -0.4475
vn 0.4773 -0.8556 0.2004
vn 0.4453 -0.8567 0.2602
vn 0.2218 -0.7661 0.6033
vn 0.0748 -0.7894 0.6093
vn -0.6407 0.6856 -0.3457
vn 0.0095 -0.7630 0.6463
vn -0.0000 -0.0000 -0.0000
vn -0.8809 0.4461 0.1579
vn -0.8841 0.4669 0.0195
vn -0.0124 0.6663 0.7456
vn 0.3862 0.8666 0.3160
vn 0.5379 0.8419 0.0425
vn 0.6366 0.7346 -0.2348
vn 0.0124 -0.6664 -0.7455
vn -0.6433 -0.3223 0.6945
vn -0.4391 0.7399 -0.5096
vn -0.4250 0.6713 -0.6073
vn -0.4716 0.4799 -0.7397
vn -0.9412 0.2447 -0.2328
vn -0.6066 0.7675 -0.2074
vn -0.6876 0.7135 -0.1345
vn -0.5331 0.7904 -0.3020
vn -0.4749 0.7797 -0.4081
vn -0.4378 0.7373 -0.5145
vn -0.4249 0.6681 -0.6108
vn -0.4367 0.5796 -0.6880
vn -0.4715 0.4801 -0.7397
vn -0.5262 0.3785 -0.7615
vn -0.5961 0.2837 -0.7511
vn -0.6751 0.2047 -0.7087
vn -0.7557 0.1499 -0.6376
vn -0.8296 0.1254 -0.5441
vn -0.8889 0.1344 -0.4380
vn -0.9273 0.1759 -0.3304
vn -0.9412 0.2450 -0.2324
vn -0.9298 0.3345 -0.1537
vn -0.8945 0.4354 -0.1011
vn -0.8389 0.5385 -0.0793
vn -0.7677 0.6343 -0.0905
vn 0.9598 -0.0611 0.2739
vn 0.9775 -0.1505 0.1479
vn 0.9626 -0.2670 0.0451
vn 0.7507 -0.6596 -0.0379
vn 0.6477 -0.7617 0.0183
vn 0.5442 -0.8317 0.1102
vn 0.4497 -0.8632 0.2294
vn 0.3731 -0.8530 0.3650
vn 0.3220 -0.8011 0.5045
vn 0.3021 -0.7118 0.6341
vn 0.3162 -0.5933 0.7403
vn 0.3633 -0.4575 0.8116
vn 0.4386 -0.3188 0.8402
vn 0.5339 -0.1919 0.8235
vn 0.6391 -0.0896 0.7639
vn 0.7436 -0.0215 0.6683
vn 0.8372 0.0067 0.5468
vn 0.9115 -0.0071 0.4112
vn 0.6729 0.5468 -0.4981
vn 0.6420 0.3171 -0.6980
vn 0.4094 -0.2056 -0.8889
vn -0.1833 -0.7993 -0.5722
vn -0.5298 -0.8460 -0.0603
vn -0.6728 -0.5634 0.4795
vn -0.6445 -0.3272 0.6911
vn -0.5508 -0.0576 0.8326
vn -0.4013 0.2180 0.8896
vn -0.0006 0.6760 0.7369
vn 0.2093 0.8124 0.5442
vn 0.3977 0.8676 0.2984
vn 0.6402 0.7265 -0.2496
vn -0.4013 0.2182 0.8896
vn -0.0007 0.6760 0.7369
vn 0.2093 0.8125 0.5441
vn 0.3977 0.8677 0.2983
vn 0.6403 0.7265 -0.2496
vn 0.6728 0.5470 -0.4981
vn 0.6419 0.3173 -0.6981
vn 0.5513 0.0586 -0.8322
vn 0.4093 -0.2056 -0.8889
vn 0.2283 -0.4514 -0.8626
vn 0.0244 -0.6562 -0.7542
vn -0.1834 -0.7992 -0.5724
vn -0.3745 -0.8652 -0.3334
vn -0.6329 -0.7423 0.2202
vn -0.6726 -0.5635 0.4796
vn -0.6444 -0.3275 0.6910
vn 0.6445 0.3273 -0.6910
vn 0.3746 0.8652 0.3333
vn -0.6729 -0.5469 0.4981
vn -0.5459 -0.8375 -0.0247
vn 0.7396 -0.4957 0.4553
vn 0.7398 -0.4955 0.4552
vn 0.2952 0.8469 0.4423
vn 0.4677 0.8650 0.1819
vn 0.5943 0.7984 -0.0964
vn 0.6628 0.6537 -0.3652
vn 0.6664 0.4450 -0.5982
vn 0.6047 0.1928 -0.7727
vn 0.4839 -0.0783 -0.8716
vn 0.3157 -0.3418 -0.8851
vn 0.1166 -0.5718 -0.8121
vn -0.0939 -0.7458 -0.6595
vn -0.2952 -0.8469 -0.4423
vn -0.4677 -0.8650 -0.1819
vn -0.5943 -0.7984 0.0963
vn -0.6628 -0.6537 0.3652
vn -0.6664 -0.4450 0.5982
vn -0.6047 -0.1928 0.7727
vn -0.4839 0.0784 0.8716
vn -0.3157 0.3418 0.8851
vn -0.1166 0.5718 0.8121
vn 0.0939 0.7458 0.6595
vn -0.4014 0.2181 0.8896
vn -0.2113 0.4712 0.8564
vn 0.6403 0.7264 -0.2496
vn 0.6421 0.3170 -0.6980
vn 0.5514 0.0586 -0.8322
vn 0.0124 -0.6663 -0.7455
vn -0.6727 -0.5635 0.4796
vn -0.7397 0.4957 -0.4552
vn -0.7396 0.4957 -0.4552
vn -0.7397 0.4956 -0.4553
vn -0.7398 0.4955 -0.4552
vn -0.7396 0.4956 -0.4553
vn -0.2644 -0.9582 0.1089
vn 0.0197 -0.9703 0.2410
vn 0.2998 -0.8879 0.3489
vn 0.5485 -0.7216 0.4223
vn 0.7433 -0.4898 0.4555
vn 0.8686 -0.2146 0.4467
vn 0.9143 0.0814 0.3967
vn 0.7512 0.6319 0.1910
vn 0.7415 0.6454 0.1833
vn 0.5533 0.8313 0.0531
vn 0.5386 0.8414 0.0439
vn 0.2996 0.9497 -0.0908
vn 0.0151 0.9740 -0.2262
vn -0.2719 0.9005 -0.3393
vn -0.2858 0.8944 -0.3441
vn -0.5319 0.7363 -0.4183
vn -0.5401 0.7291 -0.4203
vn -0.8700 0.2097 -0.4462
vn -0.9144 -0.0998 -0.3923
vn -0.8667 -0.3994 -0.2989
vn -0.7317 -0.6586 -0.1756
vn -0.4048 0.2131 0.8892
vn -0.4048 0.2129 0.8893
vn -0.4048 0.2126 0.8893
vn -0.4049 0.2131 0.8892
vn -0.4048 0.2130 0.8892
vn -0.4049 0.2123 0.8894
vn -0.4051 0.2126 0.8892
vn -0.4047 0.2128 0.8894
vn -0.4048 0.2125 0.8894
vn -0.4048 0.2123 0.8894
vn -0.4046 0.2126 0.8895
vn -0.4047 0.2126 0.8894
vn -0.4052 0.2128 0.8891
vn -0.4050 0.2128 0.8892
vn -0.4044 0.2128 0.8895
vn -0.4045 0.2127 0.8894
vn -0.4047 0.2127 0.8894
vn 0.4153 0.9093 -0.0285
vn 0.8148 0.5253 0.2452
vn 0.6465 -0.6213 0.4428
vn 0.4150 -0.8239 0.3859
vn -0.4153 -0.9093 0.0285
vn -0.8148 -0.5253 -0.2452
vn -0.9032 -0.2449 -0.3525
vn -0.6465 0.6213 -0.4428
vn -0.8694 0.2121 -0.4464
vn -0.8686 0.2146 -0.4466
vn -0.7434 0.4898 -0.4554
vn -0.5487 0.7216 -0.4222
vn -0.2999 0.8879 -0.3488
vn -0.0197 0.9703 -0.2411
vn 0.2821 0.9542 -0.0999
vn 0.2644 0.9582 -0.1089
vn 0.5386 0.8414 0.0438
vn 0.5238 0.8511 0.0346
vn 0.7416 0.6454 0.1831
vn 0.7318 0.6586 0.1755
vn 0.8667 0.3994 0.2989
vn 0.7382 -0.4981 0.4550
vn 0.5402 -0.7292 0.4202
vn 0.5320 -0.7364 0.4181
vn -0.2996 -0.9497 0.0907
vn -0.5534 -0.8312 -0.0530
vn -0.7512 -0.6318 -0.1909
vn -0.8749 -0.3729 -0.3091
vn -0.9144 -0.0814 -0.3966
vn 0.4049 -0.2125 -0.8893
vn 0.4049 -0.2123 -0.8893
vn 0.4046 -0.2129 -0.8893
vn 0.4049 -0.2128 -0.8892
vn 0.4048 -0.2126 -0.8893
vn 0.4047 -0.2127 -0.8894
vn 0.4047 -0.2128 -0.8894
vn 0.4050 -0.2128 -0.8892
vn 0.4050 -0.2126 -0.8893
vn 0.4049 -0.2131 -0.8892
vn 0.4050 -0.2129 -0.8892
vn 0.4050 -0.2127 -0.8892
vn 0.4045 -0.2128 -0.8894
vn 0.4048 -0.2132 -0.8892
vn -0.4153 -0.9092 0.0286
vn -0.1432 -0.9753 0.1682
vn 0.4149 -0.8239 0.3860
vn 0.8146 -0.3578 0.4565
vn 0.9031 -0.0593 0.4254
vn 0.9032 0.2449 0.3525
vn 0.4154 0.9092 -0.0285
vn 0.1432 0.9753 -0.1682
vn -0.1428 0.9459 -0.2913
vn -0.1428 0.9459 -0.2914
vn -0.4150 0.8239 -0.3860
vn -0.4149 0.8239 -0.3860
vn -0.6465 0.6213 -0.4429
vn -0.6464 0.6213 -0.4429
vn -0.9032 0.0593 -0.4252
vn -0.9032 0.0592 -0.4251
vn -0.9031 -0.2451 -0.3525
vn 0.5376 0.8421 0.0433
vn 0.6203 -0.3601 -0.6969
vn 0.7654 -0.4655 -0.4444
vn 0.7639 -0.4646 -0.4479
vn 0.6168 -0.3577 -0.7012
vn 0.8367 -0.5261 -0.1525
vn 0.8365 -0.5260 -0.1533
vn 0.8294 -0.5373 0.1530
vn 0.8290 -0.5372 0.1552
vn 0.7437 -0.4979 0.4461
vn 0.7418 -0.4968 0.4505
vn 0.5858 -0.4098 0.6993
vn 0.5816 -0.4074 0.7041
vn 0.3691 -0.2811 0.8859
vn 0.3631 -0.2775 0.8895
vn 0.1149 -0.1241 0.9856
vn 0.1079 -0.1197 0.9869
vn -0.1513 0.0457 0.9874
vn -0.1581 0.0502 0.9862
vn -0.4024 0.2111 0.8908
vn -0.4080 0.2148 0.8874
vn -0.6132 0.3553 0.7055
vn -0.6168 0.3577 0.7012
vn -0.7626 0.4634 0.4513
vn -0.7640 0.4646 0.4478
vn -0.8364 0.5259 0.1542
vn -0.8365 0.5261 0.1533
vn -0.8287 0.5371 -0.1574
vn -0.8290 0.5372 -0.1552
vn -0.7400 0.4956 -0.4547
vn -0.7419 0.4967 -0.4504
vn -0.5775 0.4050 -0.7088
vn -0.5816 0.4075 -0.7040
vn -0.3571 0.2739 -0.8930
vn -0.3631 0.2775 -0.8895
vn -0.1010 0.1153 -0.9882
vn -0.1080 0.1197 -0.9869
vn 0.1648 -0.0547 -0.9848
vn 0.1580 -0.0502 -0.9862
vn 0.4135 -0.2187 -0.8839
vn 0.4080 -0.2149 -0.8873
vn -0.5378 -0.8420 -0.0434
vn -0.5377 -0.8420 -0.0435
vn -0.5377 -0.8420 -0.0434
vn -0.5377 -0.8420 -0.0433
vn -0.5377 -0.8420 -0.0432
vn -0.5376 -0.8421 -0.0432
vn -0.5376 -0.8421 -0.0433
vn -0.5376 -0.8421 -0.0426
vn -0.5376 -0.8421 -0.0429
vn -0.5376 -0.8421 -0.0427
vn -0.5376 -0.8421 -0.0430
vn -0.5377 -0.8421 -0.0431
vn -0.5381 -0.8418 -0.0432
vn -0.5378 -0.8419 -0.0432
vn -0.5381 -0.8418 -0.0434
vn -0.5379 -0.8419 -0.0434
vn -0.5378 -0.8420 -0.0433
vn -0.5376 -0.8420 -0.0435
vn -0.5376 -0.8421 -0.0434
vn -0.5375 -0.8421 -0.0433
vn -0.5376 -0.8421 -0.0431
vn -0.6965 0.4145 0.5857
vn -0.5155 0.2876 0.8072
vn -0.2841 0.1326 0.9496
vn -0.2841 0.1325 0.9496
vn -0.0249 -0.0355 0.9991
vn 0.2368 -0.2000 0.9507
vn 0.4753 -0.3451 0.8093
vn 0.6672 -0.4563 0.5888
vn 0.6672 -0.4563 0.5887
vn 0.7939 -0.5228 0.3105
vn 0.8428 -0.5382 0.0018
vn 0.8093 -0.5008 -0.3070
vn 0.6965 -0.4145 -0.5857
vn 0.5156 -0.2877 -0.8071
vn 0.5155 -0.2876 -0.8071
vn 0.2841 -0.1326 -0.9496
vn 0.0249 0.0355 -0.9991
vn -0.2368 0.2001 -0.9507
vn -0.4753 0.3450 -0.8094
vn -0.6673 0.4562 -0.5887
vn -0.7939 0.5228 -0.3105
vn -0.8428 0.5382 -0.0019
vn -0.8093 0.5009 0.3069
vn -0.7418 0.4968 -0.4505
vn -0.5815 0.4076 -0.7041
vn -0.5856 0.4100 -0.6992
vn -0.7437 0.4979 -0.4461
vn -0.8290 0.5373 -0.1553
vn -0.8293 0.5374 -0.1530
vn -0.8364 0.5263 0.1532
vn -0.8365 0.5265 0.1522
vn -0.7639 0.4648 0.4478
vn -0.7652 0.4660 0.4442
vn -0.6203 0.3601 0.6969
vn -0.4136 0.2185 0.8839
vn -0.1580 0.0502 0.9862
vn -0.1649 0.0546 0.9848
vn 0.1080 -0.1197 0.9869
vn 0.1010 -0.1153 0.9882
vn 0.3631 -0.2776 0.8895
vn 0.3571 -0.2741 0.8930
vn 0.5816 -0.4076 0.7040
vn 0.5774 -0.4052 0.7088
vn 0.7418 -0.4967 0.4505
vn 0.7399 -0.4957 0.4548
vn 0.8290 -0.5373 0.1553
vn 0.8286 -0.5372 0.1575
vn 0.8365 -0.5262 -0.1532
vn 0.8364 -0.5261 -0.1541
vn 0.7639 -0.4646 -0.4478
vn 0.7626 -0.4636 -0.4512
vn 0.6168 -0.3576 -0.7012
vn 0.6133 -0.3551 -0.7055
vn 0.4080 -0.2148 -0.8873
vn 0.4025 -0.2111 -0.8907
vn 0.1581 -0.0502 -0.9861
vn 0.1513 -0.0458 -0.9874
vn -0.1079 0.1197 -0.9869
vn -0.1149 0.1241 -0.9856
vn -0.3631 0.2776 -0.8895
vn -0.3690 0.2813 -0.8858
vn -0.5816 0.4075 -0.7041
vn -0.8290 0.5372 -0.1553
vn -0.8365 0.5262 0.1532
vn -0.7639 0.4647 0.4478
vn -0.4080 0.2149 0.8873
vn 0.5816 -0.4075 0.7041
vn 0.8290 -0.5372 0.1553
vn 0.8365 -0.5261 -0.1532
vn 0.7639 -0.4647 -0.4478
vn -0.6167 0.3577 0.7012
vn 0.5377 0.8420 0.0435
vn 0.5377 0.8420 0.0436
vn 0.5376 0.8421 0.0434
vn 0.5376 0.8421 0.0432
vn 0.5375 0.8421 0.0431
vn 0.5376 0.8421 0.0435
vn 0.5376 0.8421 0.0431
vn 0.5376 0.8421 0.0430
vn 0.5377 0.8420 0.0434
vn 0.5378 0.8420 0.0435
vn 0.5376 0.8420 0.0436
vn 0.5377 0.8420 0.0437
vn 0.5377 0.8420 0.0439
vn 0.5376 0.8420 0.0435
vn 0.5378 0.8419 0.0435
vn 0.5378 0.8420 0.0434
vn 0.5379 0.8419 0.0436
vn 0.2841 -0.1325 -0.9496
vn 0.2842 -0.1325 -0.9496
vn 0.5155 -0.2876 -0.8072
vn 0.6966 -0.4144 -0.5857
vn 0.8092 -0.5009 -0.3069
vn 0.8092 -0.5010 -0.3069
vn 0.8428 -0.5382 0.0019
vn 0.7938 -0.5228 0.3105
vn 0.4753 -0.3450 0.8093
vn 0.2368 -0.2001 0.9507
vn -0.0248 -0.0354 0.9991
vn -0.2842 0.1325 0.9496
vn -0.5155 0.2875 0.8072
vn -0.6965 0.4145 0.5858
vn -0.6965 0.4144 0.5858
vn -0.8092 0.5009 0.3069
vn -0.8092 0.5010 0.3069
vn -0.6672 0.4563 -0.5887
vn -0.6671 0.4564 -0.5888
vn -0.4752 0.3450 -0.8094
vn -0.2368 0.2002 -0.9507
vn 0.0249 0.0354 -0.9991
vn 0.6203 -0.3602 -0.6968
vn 0.7654 -0.4656 -0.4443
vn 0.7640 -0.4646 -0.4478
vn 0.8366 -0.5262 -0.1523
vn 0.8293 -0.5375 0.1532
vn 0.7437 -0.4978 0.4462
vn 0.7418 -0.4968 0.4506
vn 0.5857 -0.4098 0.6993
vn 0.3691 -0.2810 0.8859
vn 0.1150 -0.1240 0.9856
vn 0.1080 -0.1196 0.9869
vn -0.1512 0.0459 0.9874
vn -0.4023 0.2112 0.8908
vn -0.4079 0.2149 0.8874
vn -0.6131 0.3553 0.7056
vn -0.7624 0.4639 0.4511
vn -0.8363 0.5263 0.1540
vn -0.8286 0.5372 -0.1574
vn -0.7398 0.4959 -0.4548
vn -0.5773 0.4053 -0.7089
vn -0.3571 0.2740 -0.8930
vn -0.1010 0.1154 -0.9882
vn 0.1649 -0.0545 -0.9848
vn 0.1581 -0.0502 -0.9862
vn 0.4135 -0.2185 -0.8839
vn -0.5377 -0.8421 -0.0430
vn -0.5373 -0.8423 -0.0432
vn -0.5374 -0.8422 -0.0432
vn -0.5372 -0.8423 -0.0430
vn -0.5376 -0.8421 -0.0435
vn -0.5378 -0.8420 -0.0439
vn -0.5377 -0.8420 -0.0436
vn -0.5377 -0.8421 -0.0433
vn -0.5377 -0.8420 -0.0431
vn -0.5376 -0.8421 -0.0438
vn -0.5374 -0.8422 -0.0434
vn -0.5375 -0.8421 -0.0434
vn -0.5376 -0.8421 -0.0437
vn -0.6965 0.4144 0.5857
vn 0.4753 -0.3450 0.8094
vn 0.6673 -0.4562 0.5887
vn 0.6965 -0.4144 -0.5857
vn -0.2368 0.2000 -0.9508
vn -0.2368 0.2000 -0.9507
vn -0.4753 0.3451 -0.8093
vn -0.6672 0.4562 -0.5888
vn -0.8093 0.5008 0.3070
vn -0.7419 0.4967 -0.4505
vn -0.5858 0.4099 -0.6992
vn -0.7439 0.4977 -0.4460
vn -0.8294 0.5373 -0.1530
vn -0.8365 0.5263 0.1523
vn -0.7653 0.4658 0.4443
vn -0.6203 0.3602 0.6968
vn -0.4135 0.2186 0.8839
vn -0.1648 0.0546 0.9848
vn 0.1010 -0.1154 0.9882
vn 0.3570 -0.2740 0.8930
vn 0.5774 -0.4051 0.7088
vn 0.7398 -0.4958 0.4550
vn 0.8286 -0.5372 0.1576
vn 0.8364 -0.5260 -0.1542
vn 0.7625 -0.4636 -0.4512
vn 0.6167 -0.3577 -0.7012
vn 0.6132 -0.3553 -0.7055
vn 0.4024 -0.2113 -0.8908
vn 0.1512 -0.0460 -0.9874
vn -0.1080 0.1196 -0.9869
vn -0.1149 0.1239 -0.9856
vn -0.3691 0.2812 -0.8858
vn -0.8365 0.5261 0.1532
vn 0.5375 0.8421 0.0433
vn 0.5375 0.8421 0.0432
vn 0.5375 0.8422 0.0430
vn 0.5376 0.8421 0.0428
vn 0.5374 0.8422 0.0431
vn 0.5374 0.8422 0.0433
vn 0.5372 0.8423 0.0433
vn 0.5375 0.8422 0.0434
vn 0.5374 0.8422 0.0435
vn 0.5377 0.8421 0.0431
vn 0.5377 0.8420 0.0429
vn 0.5377 0.8421 0.0433
vn 0.5377 0.8420 0.0432
vn 0.2840 -0.1326 -0.9496
vn 0.6965 -0.4146 -0.5857
vn 0.6965 -0.4146 -0.5856
vn 0.8092 -0.5009 -0.3070
vn 0.7939 -0.5227 0.3105
vn 0.7940 -0.5227 0.3105
vn 0.6673 -0.4562 0.5888
vn 0.6673 -0.4561 0.5889
vn 0.2368 -0.2000 0.9508
vn 0.2368 -0.1999 0.9508
vn -0.5155 0.2877 0.8072
vn -0.6966 0.4145 0.5856
vn -0.7939 0.5227 -0.3105
vn -0.7940 0.5227 -0.3104
vn -0.6672 0.4562 -0.5887
vn -0.6673 0.4562 -0.5888
vn -0.4753 0.3450 -0.8093
vn -0.3978 -0.8676 -0.2984
vn 0.6727 0.5635 -0.4796
vn -0.1345 -0.9835 -0.1208
vn 0.2197 -0.8576 -0.4650
vn 0.8147 -0.4781 0.3282
vn 0.3983 -0.7255 -0.5613
vn 0.5626 -0.5596 -0.6086
vn 0.7058 -0.3671 -0.6059
vn 0.8183 -0.1593 -0.5523
vn 0.8911 0.0488 -0.4512
vn 0.9193 0.2416 -0.3105
vn 0.9026 0.4072 -0.1399
vn 0.8415 0.5376 0.0531
vn 0.7343 0.6251 0.2647
vn 0.5757 0.6549 0.4896
vn 0.3633 0.6026 0.7105
vn 0.1099 0.4434 0.8896
vn -0.1476 0.1740 0.9736
vn -0.3533 -0.1676 0.9204
vn -0.4574 -0.5083 0.7296
vn -0.4421 -0.7756 0.4506
vn -0.3286 -0.9320 0.1528
vn -0.1584 -0.9812 -0.1106
vn -0.6445 -0.3273 0.6910
vn -0.5511 -0.0581 0.8324
vn -0.2114 0.4712 0.8563
vn 0.1966 0.8060 0.5583
vn 0.2095 0.8124 0.5442
vn 0.5460 0.8375 0.0247
vn 0.6404 0.7264 -0.2495
vn 0.6729 0.5553 -0.4886
vn 0.6730 0.5468 -0.4980
vn 0.6434 0.3222 -0.6944
vn 0.5515 0.0585 -0.8321
vn 0.2284 -0.4514 -0.8626
vn 0.0243 -0.6562 -0.7542
vn -0.3746 -0.8652 -0.3333
vn -0.5298 -0.8460 -0.0601
vn 0.0124 -0.6663 -0.7456
vn 0.9209 -0.0036 0.3899
vn -0.5354 0.5539 -0.6376
vn -0.9892 0.1455 0.0181
vn -0.8892 0.4332 0.1471
vn 0.7180 -0.5124 0.4711
vn 0.1108 0.4551 0.8835
vn -0.4639 -0.8386 0.2855
vn 0.7327 -0.2743 0.6228
vn -0.4905 0.3973 0.7756
vn 0.1395 -0.7266 -0.6728
vn 0.7147 -0.3688 0.5944
vn 0.6813 -0.0937 -0.7260
vn 0.6685 0.4327 -0.6049
vn -0.2592 -0.2695 -0.9275
vn 0.0153 -0.9710 -0.2385
vn -0.4238 0.4695 0.7746
vn -0.4219 -0.8620 -0.2809
vn -0.4400 -0.8569 -0.2686
vn 0.3238 -0.6446 0.6926
vn 0.8587 0.5054 0.0850
vn -0.2801 0.8197 -0.4996
vn -0.8717 -0.4352 -0.2253
vn -0.7065 -0.5284 -0.4708
vn -0.6939 -0.5325 -0.4847
vn -0.8653 -0.4410 -0.2384
vn -0.4711 -0.5708 -0.6725
vn -0.4535 -0.5717 -0.6837
vn -0.1878 -0.5572 -0.8089
vn -0.1680 -0.5543 -0.8152
vn 0.1154 -0.4879 -0.8652
vn 0.1341 -0.4819 -0.8659
vn 0.4080 -0.3695 -0.8349
vn 0.4222 -0.3622 -0.8310
vn 0.6599 -0.2136 -0.7203
vn 0.6678 -0.2075 -0.7148
vn 0.8453 -0.0361 -0.5331
vn 0.8474 -0.0334 -0.5299
vn 0.9453 0.1449 -0.2921
vn 0.9449 0.1434 -0.2943
vn 0.9500 0.3114 -0.0216
vn 0.9513 0.3067 -0.0300
vn 0.8588 0.4465 0.2511
vn 0.8653 0.4410 0.2384
vn 0.6812 0.5364 0.4982
vn 0.6939 0.5325 0.4847
vn 0.4358 0.5723 0.6946
vn 0.4535 0.5717 0.6837
vn 0.1480 0.5511 0.8212
vn 0.1680 0.5543 0.8152
vn -0.1529 0.4757 0.8662
vn -0.1341 0.4819 0.8659
vn -0.4366 0.3548 0.8267
vn -0.4222 0.3623 0.8310
vn -0.6759 0.2012 0.7090
vn -0.6678 0.2075 0.7148
vn -0.8496 0.0306 0.5265
vn -0.8474 0.0334 0.5299
vn -0.9444 -0.1418 0.2967
vn -0.9449 -0.1434 0.2943
vn -0.9526 -0.3018 0.0388
vn -0.9513 -0.3067 0.0300
vn 0.2801 -0.8197 0.4996
vn 0.2783 -0.8206 0.4992
vn 0.2787 -0.8208 0.4987
vn 0.2792 -0.8208 0.4983
vn 0.2798 -0.8208 0.4980
vn 0.2804 -0.8207 0.4979
vn 0.2809 -0.8204 0.4980
vn 0.2814 -0.8201 0.4982
vn 0.2817 -0.8198 0.4986
vn 0.2819 -0.8194 0.4990
vn 0.2820 -0.8191 0.4996
vn 0.2818 -0.8188 0.5001
vn 0.2815 -0.8186 0.5006
vn 0.2810 -0.8186 0.5010
vn 0.2804 -0.8186 0.5012
vn 0.2798 -0.8188 0.5014
vn 0.2792 -0.8190 0.5013
vn 0.2787 -0.8193 0.5010
vn 0.2784 -0.8196 0.5007
vn 0.2782 -0.8200 0.5002
vn 0.2782 -0.8203 0.4997
vn 0.2800 -0.8197 0.4997
vn 0.2800 -0.8197 0.4996
vn 0.0405 -0.5375 0.8423
vn -0.0808 -0.6128 0.7861
vn -0.0648 -0.6265 0.7767
vn 0.0513 -0.5534 0.8314
vn 0.1813 -0.4800 0.8583
vn 0.1861 -0.4972 0.8475
vn 0.3280 -0.4456 0.8330
vn 0.3271 -0.4633 0.8236
vn 0.4662 -0.4375 0.7690
vn 0.4604 -0.4551 0.7622
vn 0.5825 -0.4565 0.6725
vn 0.5728 -0.4734 0.6692
vn 0.6660 -0.5005 0.5532
vn 0.6532 -0.5163 0.5539
vn 0.7085 -0.5654 0.4224
vn 0.6937 -0.5794 0.4278
vn 0.7058 -0.6450 0.2929
vn 0.6907 -0.6564 0.3033
vn 0.6582 -0.7317 0.1774
vn 0.6447 -0.7398 0.1923
vn 0.5701 -0.8169 0.0873
vn 0.5601 -0.8217 0.1051
vn 0.4504 -0.8923 0.0312
vn 0.4448 -0.8942 0.0506
vn 0.3107 -0.9504 0.0145
vn 0.3098 -0.9502 0.0343
vn 0.1644 -0.9856 0.0388
vn 0.1687 -0.9840 0.0581
vn 0.0258 -0.9945 0.1019
vn 0.0354 -0.9922 0.1195
vn -0.0917 -0.9760 0.1977
vn -0.0769 -0.9741 0.2125
vn -0.1765 -0.9319 0.3170
vn -0.1572 -0.9315 0.3279
vn -0.2202 -0.8663 0.4483
vn -0.1977 -0.8687 0.4541
vn -0.2181 -0.7857 0.5788
vn -0.1946 -0.7919 0.5789
vn -0.1700 -0.6983 0.6954
vn -0.1486 -0.7083 0.6901
vn -0.4366 0.3547 0.8268
vn -0.5305 -0.3590 -0.7679
vn -0.0067 -0.2041 -0.9789
vn 0.1733 0.5989 0.7818
vn 0.9352 0.0817 -0.3445
vn -0.8065 -0.3321 -0.4891
vn -0.9119 -0.0828 0.4021
vn 0.6419 0.7216 -0.2591
vn -0.0267 -0.3169 0.9481
vn 0.9453 0.1450 -0.2921
vn 0.6589 -0.0066 0.7522
vn -0.9284 -0.3710 0.0201
vn -0.9742 -0.0345 0.2231
vn 0.3301 0.5205 -0.7875
vn 0.6483 -0.2140 -0.7307
vn 0.2057 -0.2802 -0.9376
vn 0.6468 0.7087 -0.2817
vn 0.0573 0.9970 0.0518
vn 0.8257 0.5106 -0.2398
vn 0.5977 -0.1295 -0.7912
vn 0.1007 0.1854 0.9775
vn 0.8685 0.0997 -0.4856
vn 0.8128 -0.3415 -0.4720
vn 0.6044 -0.5020 -0.6186
vn 0.3444 -0.6352 -0.6913
vn 0.0581 -0.7280 -0.6831
vn -0.2265 -0.7714 -0.5947
vn -0.4814 -0.7610 -0.4348
vn -0.6818 -0.6980 -0.2191
vn -0.8079 -0.5884 0.0314
vn -0.8476 -0.4431 0.2921
vn -0.7968 -0.2762 0.5375
vn -0.6606 -0.1040 0.7435
vn -0.4522 0.0565 0.8901
vn -0.1922 0.1897 0.9629
vn 0.0942 0.2825 0.9546
vn 0.3787 0.3259 0.8663
vn 0.6336 0.3155 0.7064
vn 0.8340 0.2525 0.4906
vn 0.9602 0.1429 0.2402
vn 0.9998 -0.0024 -0.0205
vn 0.9490 -0.1694 -0.2659
vn -0.1154 0.4879 0.8652
vn 0.1878 0.5572 0.8089
vn 0.4358 0.5723 0.6947
vn 0.4711 0.5708 0.6725
vn 0.7065 0.5284 0.4708
vn 0.8717 0.4352 0.2253
vn 0.9526 0.3018 -0.0388
vn 0.9444 0.1418 -0.2967
vn 0.8496 -0.0306 -0.5265
vn 0.6759 -0.2012 -0.7090
vn 0.4366 -0.3547 -0.8267
vn 0.1529 -0.4757 -0.8662
vn -0.1480 -0.5511 -0.8212
vn -0.4711 -0.5708 -0.6724
vn -0.4358 -0.5723 -0.6946
vn -0.6812 -0.5364 -0.4982
vn -0.8588 -0.4465 -0.2511
vn -0.9500 -0.3114 0.0216
vn -0.9453 -0.1450 0.2921
vn -0.8453 0.0361 0.5331
vn -0.6599 0.2136 0.7203
vn -0.4080 0.3695 0.8349
vn -0.1946 0.9696 -0.1485
vn -0.1963 0.9693 -0.1480
vn -0.3084 0.9424 -0.1293
vn -0.3099 0.9420 -0.1292
vn 0.3246 -0.2293 0.9176
vn 0.1195 -0.2758 0.9538
vn -0.0855 0.9764 -0.1986
vn -0.0899 0.9765 -0.1958
vn 0.5165 -0.2187 0.8279
vn 0.0066 0.9616 -0.2744
vn 0.0018 0.9631 -0.2692
vn 0.6779 -0.2444 0.6933
vn 0.0726 0.9268 -0.3686
vn 0.0696 0.9294 -0.3625
vn 0.7936 -0.3041 0.5269
vn 0.1062 0.8753 -0.4718
vn 0.1055 0.8778 -0.4673
vn 0.8529 -0.3922 0.3447
vn 0.1039 0.8122 -0.5740
vn 0.1042 0.8131 -0.5727
vn 0.8495 -0.5013 0.1645
vn 0.0661 0.7438 -0.6651
vn 0.0650 0.7423 -0.6669
vn 0.7834 -0.6216 0.0047
vn -0.0035 0.6766 -0.7363
vn -0.0076 0.6734 -0.7392
vn 0.6611 -0.7408 -0.1188
vn -0.0981 0.6173 -0.7806
vn -0.1046 0.6140 -0.7824
vn 0.4951 -0.8467 -0.1949
vn -0.2085 0.5717 -0.7935
vn -0.2151 0.5695 -0.7933
vn 0.3015 -0.9284 -0.2171
vn -0.3239 0.5442 -0.7739
vn -0.3280 0.5436 -0.7726
vn 0.0984 -0.9781 -0.1834
vn -0.4328 0.5377 -0.7236
vn -0.4335 0.5377 -0.7231
vn -0.0949 -0.9908 -0.0968
vn -0.5246 0.5526 -0.6476
vn -0.5231 0.5522 -0.6492
vn -0.2597 -0.9651 0.0349
vn -0.5903 0.5876 -0.5535
vn -0.5887 0.5862 -0.5566
vn -0.3801 -0.9032 0.1996
vn -0.6235 0.6390 -0.4505
vn -0.6231 0.6374 -0.4533
vn -0.4435 -0.8108 0.3819
vn -0.6212 0.7018 -0.3487
vn -0.6213 0.7013 -0.3495
vn -0.4421 -0.6972 0.5643
vn -0.5828 0.7710 -0.2567
vn -0.5836 0.7700 -0.2579
vn -0.3743 -0.5747 0.7277
vn -0.5143 0.8370 -0.1868
vn -0.5119 0.8389 -0.1851
vn -0.2478 -0.4563 0.8546
vn -0.4200 0.8963 -0.1424
vn -0.4170 0.8978 -0.1416
vn -0.0768 -0.3536 0.9322
vn 0.6998 -0.6660 -0.2583
vn 0.8416 -0.5284 -0.1120
vn 0.9182 -0.3893 0.0733
vn 0.9235 -0.2605 0.2817
vn 0.8550 -0.1537 0.4953
vn 0.7169 -0.0807 0.6925
vn 0.5219 -0.0503 0.8516
vn 0.2909 -0.0665 0.9544
vn 0.0497 -0.1267 0.9907
vn -0.1760 -0.2233 0.9587
vn -0.3645 -0.3449 0.8650
vn -0.5003 -0.4790 0.7213
vn -0.5744 -0.6140 0.5414
vn -0.5814 -0.7395 0.3392
vn -0.5185 -0.8450 0.1308
vn -0.3879 -0.9194 -0.0646
vn -0.1995 -0.9535 -0.2260
vn 0.0286 -0.9419 -0.3347
vn 0.2720 -0.8850 -0.3778
vn 0.5039 -0.7893 -0.3508
vn 0.5770 -0.8135 0.0730
vn 0.4537 -0.8910 0.0150
vn 0.3096 -0.9509 -0.0025
vn 0.1586 -0.9871 0.0228
vn 0.0158 -0.9960 0.0882
vn -0.1047 -0.9767 0.1875
vn -0.1912 -0.9311 0.3107
vn -0.2350 -0.8637 0.4458
vn -0.2321 -0.7813 0.5795
vn -0.1827 -0.6917 0.6987
vn -0.0917 -0.6039 0.7918
vn 0.0322 -0.5262 0.8497
vn 0.1767 -0.4665 0.8667
vn 0.3277 -0.4306 0.8409
vn 0.4703 -0.4221 0.7750
vn 0.5905 -0.4417 0.6755
vn 0.6763 -0.4875 0.5523
vn 0.7196 -0.5547 0.4176
vn 0.7165 -0.6369 0.2846
vn 0.6674 -0.7260 0.1659
vn 0.3220 -0.8202 0.4728
vn 0.3267 -0.8117 0.4842
vn 0.3268 -0.8115 0.4844
vn 0.3219 -0.8204 0.4726
vn 0.3134 -0.8287 0.4637
vn 0.3128 -0.8291 0.4634
vn 0.3014 -0.8364 0.4578
vn 0.3006 -0.8368 0.4576
vn 0.2869 -0.8425 0.4559
vn 0.2863 -0.8427 0.4559
vn 0.2715 -0.8463 0.4584
vn 0.2713 -0.8463 0.4584
vn 0.2568 -0.8471 0.4652
vn 0.2572 -0.8472 0.4649
vn 0.2447 -0.8451 0.4754
vn 0.2453 -0.8452 0.4748
vn 0.2363 -0.8404 0.4878
vn 0.2367 -0.8407 0.4870
vn 0.2323 -0.8337 0.5010
vn 0.2324 -0.8340 0.5004
vn 0.2327 -0.8257 0.5138
vn 0.2327 -0.8259 0.5136
vn 0.2374 -0.8172 0.5252
vn 0.2376 -0.8170 0.5254
vn 0.2460 -0.8087 0.5343
vn 0.2466 -0.8083 0.5347
vn 0.2580 -0.8010 0.5402
vn 0.2589 -0.8006 0.5404
vn 0.2724 -0.7949 0.5421
vn 0.2732 -0.7947 0.5421
vn 0.2879 -0.7911 0.5397
vn 0.2881 -0.7911 0.5396
vn 0.3025 -0.7902 0.5329
vn 0.3023 -0.7902 0.5331
vn 0.3147 -0.7923 0.5227
vn 0.3142 -0.7922 0.5232
vn 0.3231 -0.7970 0.5103
vn 0.3227 -0.7967 0.5110
vn 0.3271 -0.8037 0.4970
vn 0.3271 -0.8034 0.4976
vn 0.8794 -0.1640 -0.4470
vn 0.9775 0.0138 -0.2104
vn 0.9771 0.0126 -0.2122
vn 0.8810 -0.1618 -0.4445
vn 0.6975 -0.3386 -0.6315
vn 0.7039 -0.3336 -0.6271
vn 0.4495 -0.4925 -0.7452
vn 0.4615 -0.4864 -0.7419
vn 0.1603 -0.6101 -0.7760
vn 0.1771 -0.6047 -0.7765
vn -0.1404 -0.6790 -0.7206
vn -0.1212 -0.6762 -0.7267
vn -0.4214 -0.6926 -0.5854
vn -0.4033 -0.6935 -0.5970
vn -0.6545 -0.6504 -0.3855
vn -0.6408 -0.6549 -0.4006
vn -0.8175 -0.5580 -0.1426
vn -0.8102 -0.5645 -0.1576
vn -0.8968 -0.4263 0.1181
vn -0.8954 -0.4321 0.1077
vn -0.8885 -0.2688 0.3720
vn -0.8891 -0.2707 0.3692
vn -0.7953 -0.0991 0.5980
vn -0.7927 -0.0958 0.6021
vn -0.6244 0.0689 0.7780
vn -0.6150 0.0763 0.7848
vn -0.3885 0.2206 0.8946
vn -0.3723 0.2291 0.8994
vn -0.1079 0.3406 0.9340
vn -0.0877 0.3472 0.9337
vn 0.1903 0.4154 0.8895
vn 0.2105 0.4186 0.8834
vn 0.4757 0.4363 0.7638
vn 0.4925 0.4357 0.7534
vn 0.7185 0.4004 0.5686
vn 0.7298 0.3969 0.5567
vn 0.8935 0.3110 0.3240
vn 0.8988 0.3064 0.3135
vn 0.9826 0.1775 0.0553
vn 0.9836 0.1737 0.0485
vn -0.6133 -0.7876 0.0597
vn -0.4706 -0.8689 -0.1536
vn -0.4569 -0.8734 -0.1685
vn -0.6054 -0.7947 0.0439
vn -0.2653 -0.9061 -0.3296
vn -0.2492 -0.9069 -0.3398
vn -0.0169 -0.8937 -0.4484
vn -0.0026 -0.8916 -0.4529
vn 0.2485 -0.8320 -0.4960
vn 0.2581 -0.8289 -0.4963
vn 0.5020 -0.7279 -0.4672
vn 0.5067 -0.7254 -0.4659
vn 0.7170 -0.5930 -0.3665
vn 0.7185 -0.5918 -0.3654
vn 0.8730 -0.4420 -0.2062
vn 0.8732 -0.4417 -0.2058
vn 0.9573 -0.2890 -0.0025
vn 0.9573 -0.2892 -0.0027
vn 0.9627 -0.1475 0.2266
vn 0.9629 -0.1483 0.2252
vn 0.8871 -0.0308 0.4606
vn 0.8889 -0.0324 0.4569
vn 0.7354 0.0486 0.6759
vn 0.7413 0.0468 0.6696
vn 0.5223 0.0813 0.8489
vn 0.5340 0.0808 0.8416
vn 0.2705 0.0634 0.9606
vn 0.2878 0.0661 0.9554
vn 0.0076 -0.0024 1.0000
vn 0.0273 0.0040 0.9996
vn -0.2388 -0.1079 0.9651
vn -0.2217 -0.0991 0.9701
vn -0.4449 -0.2407 0.8626
vn -0.4345 -0.2327 0.8701
vn -0.5935 -0.3874 0.7055
vn -0.5905 -0.3836 0.7100
vn -0.6745 -0.5350 0.5087
vn -0.6752 -0.5372 0.5055
vn -0.6821 -0.6723 0.2876
vn -0.6804 -0.6788 0.2762
vn -0.4304 0.7611 0.4852
vn -0.6131 -0.5362 0.5801
vn 0.2980 0.0420 0.9536
vn 0.7042 0.3182 0.6347
vn 0.8320 -0.4847 0.2700
vn 0.3478 0.4690 -0.8118
vn -0.2801 -0.7109 -0.6451
vn 0.5343 -0.7722 0.3440
vn -0.6681 0.7416 -0.0613
vn -0.6407 -0.2799 0.7149
vn -0.3473 -0.9367 -0.0449
vn 0.1341 -0.4820 -0.8659
vn -0.2380 0.2090 -0.9485
vn 0.0527 -0.7611 0.6465
vn 0.1212 -0.8293 0.5456
vn -0.4673 -0.2285 0.8541
vn -0.9615 0.1366 0.2385
vn 0.0135 -0.4331 0.9012
vn 0.8000 -0.3851 0.4601
vn 0.7611 0.5429 0.3550
vn 0.6258 0.2035 0.7530
vn -0.4222 0.3622 0.8310
vn 0.2105 0.4185 0.8835
vn -0.0682 0.3535 0.9329
vn 0.2301 0.4214 0.8772
vn 0.4925 0.4356 0.7535
vn 0.5087 0.4348 0.7431
vn 0.7298 0.3968 0.5568
vn 0.7406 0.3932 0.5449
vn 0.8988 0.3063 0.3135
vn 0.9040 0.3017 0.3030
vn 0.9846 0.1700 0.0418
vn 0.9768 0.0114 -0.2140
vn 0.8827 -0.1597 -0.4419
vn 0.7102 -0.3287 -0.6225
vn 0.4734 -0.4802 -0.7384
vn 0.1935 -0.5992 -0.7768
vn -0.1024 -0.6732 -0.7323
vn -0.4033 -0.6936 -0.5970
vn -0.3855 -0.6941 -0.6079
vn -0.6407 -0.6550 -0.4005
vn -0.6273 -0.6591 -0.4149
vn -0.8101 -0.5647 -0.1574
vn -0.8030 -0.5708 -0.1715
vn -0.8953 -0.4322 0.1078
vn -0.8938 -0.4375 0.0982
vn -0.8891 -0.2707 0.3691
vn -0.8896 -0.2725 0.3666
vn -0.7902 -0.0927 0.6058
vn -0.6061 0.0831 0.7911
vn -0.3567 0.2370 0.9037
vn -0.0877 0.3473 0.9337
vn 0.2105 0.4186 0.8835
vn -0.6407 -0.6550 -0.4006
vn -0.8102 -0.5646 -0.1575
vn -0.8954 -0.4320 0.1077
vn -0.8101 -0.5647 -0.1575
vn -0.8953 -0.4321 0.1078
vn -0.2063 -0.0912 0.9742
vn 0.0451 0.0098 0.9989
vn 0.3036 0.0685 0.9503
vn 0.5448 0.0804 0.8347
vn 0.7466 0.0451 0.6637
vn 0.8906 -0.0339 0.4535
vn 0.9631 -0.1490 0.2240
vn 0.9572 -0.2894 -0.0029
vn 0.8734 -0.4414 -0.2055
vn 0.7199 -0.5907 -0.3644
vn 0.5110 -0.7232 -0.4646
vn 0.2669 -0.8260 -0.4965
vn 0.0105 -0.8894 -0.4569
vn -0.2343 -0.9073 -0.3491
vn -0.4443 -0.8772 -0.1820
vn -0.5982 -0.8008 0.0298
vn -0.6789 -0.6843 0.2662
vn -0.6758 -0.5390 0.5028
vn -0.5880 -0.3804 0.7139
vn -0.4253 -0.2256 0.8765
vn 0.2738 -0.7945 0.5421
vn 0.2884 -0.7911 0.5395
vn 0.3022 -0.7902 0.5331
vn 0.3020 -0.7902 0.5332
vn 0.3137 -0.7920 0.5237
vn 0.3224 -0.7964 0.5117
vn 0.3270 -0.8031 0.4981
vn 0.3268 -0.8114 0.4845
vn 0.3217 -0.8206 0.4724
vn 0.3128 -0.8291 0.4633
vn 0.3124 -0.8295 0.4630
vn 0.2999 -0.8371 0.4574
vn 0.2858 -0.8429 0.4559
vn 0.2712 -0.8463 0.4585
vn 0.2575 -0.8472 0.4647
vn 0.2458 -0.8454 0.4743
vn 0.2371 -0.8410 0.4863
vn 0.2325 -0.8343 0.4998
vn 0.2326 -0.8260 0.5135
vn 0.2377 -0.8168 0.5257
vn 0.2471 -0.8079 0.5350
vn 0.2596 -0.8002 0.5406
vn 0.1061 0.8753 -0.4718
vn 0.0662 0.7438 -0.6651
vn -0.0034 0.6766 -0.7363
vn -0.8474 0.0334 0.5298
vn -0.1341 0.4820 0.8659
vn 0.1679 0.5543 0.8152
vn 0.8653 0.4409 0.2385
vn 0.9514 0.3066 -0.0299
vn 0.9449 0.1433 -0.2943
vn 0.8474 -0.0333 -0.5299
vn 0.6678 -0.2074 -0.7148
vn -0.1680 -0.5542 -0.8152
vn -0.4535 -0.5716 -0.6838
vn -0.6939 -0.5325 -0.4846
vn -0.9513 -0.3068 0.0301
vn -0.9449 -0.1435 0.2944
vn 0.5273 -0.6717 0.5203
vn -0.0216 0.9863 -0.1633
vn -0.2661 0.8785 -0.3967
vn 0.4487 -0.4646 0.7634
vn 0.2768 -0.7692 0.5759
vn 0.2530 -0.7875 0.5620
vn 0.7613 -0.6484 0.0069
vn -0.7725 -0.4335 -0.4639
vn -0.3159 0.8465 -0.4286
vn -0.5879 0.6660 -0.4592
vn -0.5264 0.2795 -0.8030
vn -0.3674 0.8385 -0.4024
vn -0.5047 -0.8447 -0.1779
vn -0.7607 0.6469 0.0533
vn -0.5794 0.7230 -0.3764
vn -0.4220 0.9027 0.0842
vn 0.3591 -0.7136 0.6015
vn 0.9970 0.0673 -0.0395
vn -0.3140 0.8971 0.3108
vn -0.0023 0.9894 0.1449
vn 0.9449 0.1435 -0.2944
vn 0.4222 -0.3623 -0.8310
vn -0.1679 -0.5543 -0.8152
vn -0.8653 -0.4409 -0.2385
vn 0.0123 0.9598 -0.2805
vn -0.0804 0.9761 -0.2017
vn 0.0763 0.9235 -0.3759
vn 0.1070 0.8722 -0.4773
vn 0.1036 0.8112 -0.5756
vn 0.0676 0.7456 -0.6629
vn 0.0016 0.6804 -0.7328
vn -0.0903 0.6212 -0.7784
vn -0.2008 0.5741 -0.7937
vn -0.3191 0.5449 -0.7754
vn -0.4320 0.5376 -0.7241
vn -0.5264 0.5532 -0.6457
vn -0.5922 0.5892 -0.5497
vn -0.6240 0.6409 -0.4471
vn -0.6210 0.7025 -0.3476
vn -0.5845 0.7688 -0.2593
vn -0.5173 0.8347 -0.1889
vn -0.4237 0.8944 -0.1435
vn -0.3116 0.9414 -0.1292
vn -0.1926 0.9699 -0.1491
vn 0.7167 -0.6363 0.2855
vn 0.6666 -0.7270 0.1647
vn 0.5744 -0.8154 0.0713
vn 0.4509 -0.8925 0.0142
vn 0.3091 -0.9510 -0.0024
vn 0.1621 -0.9865 0.0217
vn 0.0223 -0.9962 0.0841
vn -0.0981 -0.9787 0.1803
vn -0.1870 -0.9346 0.3025
vn -0.2341 -0.8670 0.4398
vn -0.2324 -0.7824 0.5778
vn -0.1811 -0.6898 0.7010
vn -0.0862 -0.5996 0.7956
vn 0.0409 -0.5217 0.8521
vn 0.1859 -0.4635 0.8664
vn 0.3341 -0.4296 0.8389
vn 0.4725 -0.4221 0.7737
vn 0.5895 -0.4414 0.6765
vn 0.6748 -0.4862 0.5553
vn 0.7192 -0.5531 0.4205
vn 0.8496 -0.0305 -0.5265
vn 0.4366 -0.3548 -0.8267
vn 0.1529 -0.4758 -0.8662
vn -0.6813 -0.5363 -0.4982
vn -0.8589 -0.4463 -0.2512
vn -0.9500 -0.3114 0.0215
vn -0.8453 0.0360 0.5331
vn -0.6599 0.2134 0.7204
vn -0.4080 0.3694 0.8349
vn 0.7065 0.5283 0.4708
vn 0.8717 0.4351 0.2254
vn 0.9526 0.3019 -0.0388
vn 0.9443 0.1420 -0.2968
vn -0.1154 0.4880 0.8652
vn -0.4079 0.3695 0.8349
vn 0.1878 0.5572 0.8088
vn 0.7065 0.5282 0.4710
vn 0.8717 0.4350 0.2256
vn 0.9527 0.3015 -0.0386
vn 0.9444 0.1417 -0.2966
vn 0.6759 -0.2010 -0.7090
vn 0.4366 -0.3547 -0.8268
vn 0.1528 -0.4757 -0.8662
vn -0.1480 -0.5510 -0.8213
vn -0.4359 -0.5722 -0.6947
vn -0.6812 -0.5365 -0.4982
vn -0.8588 -0.4466 -0.2510
vn -0.9500 -0.3115 0.0216
vn -0.9453 -0.1451 0.2921
vn -0.6599 0.2135 0.7204
vn 0.8453 -0.0362 -0.5331
vn 0.9449 0.1434 -0.2944
vn 0.9500 0.3115 -0.0216
vn 0.8588 0.4465 0.2512
vn 0.8653 0.4409 0.2384
vn -0.1529 0.4758 0.8662
vn 0.2801 -0.8197 0.4997
vn 0.2802 -0.8197 0.4996
vn 0.2801 -0.8198 0.4996
vn 0.7875 0.4938 0.3687
vn 0.9186 0.3800 0.1085
vn 0.9598 0.2289 -0.1624
vn 0.9070 0.0555 -0.4174
vn 0.7655 -0.1234 -0.6315
vn 0.5490 -0.2902 -0.7838
vn 0.2788 -0.4286 -0.8594
vn -0.0188 -0.5250 -0.8509
vn -0.3144 -0.5701 -0.7590
vn -0.5793 -0.5593 -0.5929
vn -0.7875 -0.4938 -0.3687
vn -0.9186 -0.3800 -0.1085
vn -0.9598 -0.2289 0.1624
vn -0.9070 -0.0555 0.4174
vn -0.7655 0.1234 0.6315
vn -0.5490 0.2902 0.7838
vn -0.2788 0.4286 0.8594
vn 0.0188 0.5250 0.8509
vn 0.3144 0.5701 0.7590
vn 0.5793 0.5593 0.5929
vn 0.9526 0.3018 -0.0389
vn -0.4358 -0.5723 -0.6947
vn -0.2801 0.8197 -0.4997
vn -0.2802 0.8197 -0.4996
vn -0.2800 0.8197 -0.4997
vn -0.2800 0.8198 -0.4996
vn -0.2800 0.8197 -0.4996
vn -0.2801 0.8198 -0.4996
vn 0.1316 -0.4828 -0.8658
vn 0.1316 -0.4827 -0.8658
vn -0.8129 -0.5523 0.1845
vn -0.5950 -0.7370 0.3206
vn -0.6067 -0.7299 0.3148
vn -0.8203 -0.5434 0.1783
vn -0.3180 -0.8478 0.4245
vn -0.3325 -0.8443 0.4203
vn -0.0103 -0.8740 0.4858
vn -0.0252 -0.8747 0.4839
vn 0.2968 -0.8141 0.4991
vn 0.2841 -0.8184 0.4995
vn 0.5727 -0.6758 0.4640
vn 0.5642 -0.6816 0.4659
vn 0.7912 -0.4750 0.3852
vn 0.7876 -0.4794 0.3871
vn 0.9341 -0.2320 0.2714
vn 0.9340 -0.2323 0.2715
vn 0.9906 0.0323 0.1326
vn 0.9908 0.0371 0.1300
vn 0.9550 0.2960 -0.0199
vn 0.9523 0.3043 -0.0249
vn 0.8276 0.5343 -0.1722
vn 0.8203 0.5434 -0.1783
vn 0.6184 0.7226 -0.3090
vn 0.6067 0.7299 -0.3148
vn 0.3469 0.8406 -0.4161
vn 0.3325 0.8443 -0.4203
vn 0.0400 0.8752 -0.4820
vn 0.0252 0.8747 -0.4839
vn -0.2715 0.8224 -0.4999
vn -0.2841 0.8184 -0.4996
vn -0.5558 0.6872 -0.4678
vn -0.5642 0.6816 -0.4659
vn -0.7841 0.4837 -0.3889
vn -0.7876 0.4795 -0.3871
vn -0.9339 0.2325 -0.2717
vn -0.9340 0.2323 -0.2715
vn -0.9910 -0.0417 -0.1275
vn -0.9908 -0.0371 -0.1300
vn -0.9495 -0.3124 0.0298
vn -0.9523 -0.3043 0.0249
vn -0.1316 0.4827 0.8658
vn -0.1318 0.4826 0.8659
vn -0.1317 0.4827 0.8658
vn -0.1316 0.4828 0.8658
vn -0.1314 0.4827 0.8659
vn -0.1315 0.4828 0.8658
vn -0.1313 0.4827 0.8659
vn -0.1315 0.4827 0.8658
vn -0.1314 0.4828 0.8658
vn -0.1317 0.4828 0.8658
vn -0.1317 0.4826 0.8659
vn -0.1317 0.4827 0.8659
vn -0.1316 0.4825 0.8659
vn -0.1316 0.4826 0.8659
vn -0.1315 0.4826 0.8659
vn -0.1316 0.4827 0.8659
vn -0.1315 0.4827 0.8659
vn 0.7201 0.6468 -0.2512
vn 0.8954 0.4327 -0.1051
vn 0.9830 0.1762 0.0512
vn 0.9744 -0.0975 0.2025
vn 0.8704 -0.3617 0.3340
vn 0.6812 -0.5904 0.4328
vn 0.4254 -0.7614 0.4892
vn 0.1279 -0.8579 0.4977
vn -0.1821 -0.8703 0.4576
vn -0.4744 -0.7976 0.3726
vn -0.7201 -0.6468 0.2512
vn -0.8954 -0.4327 0.1051
vn -0.9830 -0.1762 -0.0512
vn -0.9744 0.0975 -0.2025
vn -0.8704 0.3617 -0.3340
vn -0.6813 0.5904 -0.4328
vn -0.4254 0.7614 -0.4892
vn -0.1279 0.8579 -0.4977
vn -0.1279 0.8578 -0.4977
vn 0.1822 0.8703 -0.4576
vn 0.4744 0.7976 -0.3727
vn 0.4744 0.7976 -0.3726
vn -0.2841 0.8184 -0.4995
vn -0.5642 0.6817 -0.4659
vn -0.5727 0.6759 -0.4639
vn -0.2968 0.8141 -0.4991
vn 0.0252 0.8747 -0.4840
vn 0.0103 0.8739 -0.4859
vn 0.3180 0.8477 -0.4245
vn 0.5950 0.7370 -0.3206
vn 0.8203 0.5435 -0.1783
vn 0.8129 0.5524 -0.1844
vn 0.9495 0.3124 -0.0298
vn 0.9908 0.0371 0.1299
vn 0.9910 0.0417 0.1274
vn 0.9339 -0.2325 0.2715
vn 0.7876 -0.4795 0.3870
vn 0.7841 -0.4837 0.3888
vn 0.5642 -0.6817 0.4658
vn 0.5558 -0.6873 0.4676
vn 0.2715 -0.8225 0.4999
vn -0.0252 -0.8748 0.4839
vn -0.0400 -0.8753 0.4820
vn -0.3325 -0.8443 0.4202
vn -0.3469 -0.8406 0.4160
vn -0.6183 -0.7227 0.3090
vn -0.8203 -0.5434 0.1784
vn -0.8275 -0.5343 0.1722
vn -0.9550 -0.2960 0.0199
vn -0.9906 -0.0323 -0.1326
vn -0.9341 0.2321 -0.2714
vn -0.7876 0.4794 -0.3871
vn -0.7911 0.4751 -0.3852
vn 0.0252 0.8748 -0.4839
vn 0.3325 0.8443 -0.4202
vn 0.6067 0.7300 -0.3148
vn 0.5642 -0.6817 0.4659
vn -0.6067 -0.7300 0.3148
vn -0.5642 0.6817 -0.4658
vn -0.8203 -0.5435 0.1783
vn 0.1315 -0.4828 -0.8658
vn 0.1315 -0.4827 -0.8658
vn 0.1314 -0.4829 -0.8658
vn 0.1314 -0.4828 -0.8658
vn 0.1314 -0.4827 -0.8658
vn 0.1314 -0.4827 -0.8659
vn 0.1313 -0.4826 -0.8659
vn 0.1312 -0.4826 -0.8660
vn 0.1317 -0.4828 -0.8658
vn 0.1316 -0.4826 -0.8659
vn 0.1317 -0.4826 -0.8659
vn 0.1317 -0.4825 -0.8660
vn 0.1317 -0.4827 -0.8658
vn 0.1318 -0.4826 -0.8659
vn 0.1318 -0.4826 -0.8658
vn 0.1318 -0.4828 -0.8658
vn 0.1319 -0.4828 -0.8657
vn 0.1317 -0.4828 -0.8657
vn -0.4744 -0.7975 0.3727
vn -0.4744 -0.7975 0.3728
vn -0.1822 -0.8703 0.4576
vn 0.1278 -0.8578 0.4978
vn 0.4253 -0.7614 0.4893
vn 0.6813 -0.5904 0.4328
vn 0.8954 0.4327 -0.1052
vn 0.1822 0.8703 -0.4575
vn -0.1279 0.8578 -0.4978
vn -0.8704 0.3616 -0.3340
vn -0.8704 0.3616 -0.3341
vn 0.9509 0.3082 -0.0273
vn 0.9509 0.3083 -0.0273
vn 0.2156 -0.7233 -0.6560
vn 0.2726 -0.8763 -0.3973
vn 0.2713 -0.8729 -0.4055
vn 0.2122 -0.7137 -0.6675
vn 0.3040 -0.9471 -0.1032
vn 0.3039 -0.9469 -0.1045
vn 0.3072 -0.9304 0.2001
vn 0.3070 -0.9290 0.2066
vn 0.2821 -0.8271 0.4861
vn 0.2803 -0.8206 0.4979
vn 0.2301 -0.6449 0.7288
vn 0.2261 -0.6318 0.7414
vn 0.1555 -0.3994 0.9035
vn 0.1496 -0.3805 0.9126
vn 0.0651 -0.1131 0.9914
vn 0.0582 -0.0915 0.9941
vn -0.0322 0.1861 0.9820
vn -0.0390 0.2067 0.9776
vn -0.1267 0.4682 0.8745
vn -0.1322 0.4842 0.8649
vn -0.2088 0.7043 0.6785
vn -0.2122 0.7137 0.6675
vn -0.2701 0.8696 0.4133
vn -0.2713 0.8729 0.4054
vn -0.3039 0.9468 0.1057
vn -0.3040 0.9469 0.1045
vn -0.3069 0.9277 -0.2127
vn -0.3071 0.9290 -0.2065
vn -0.2786 0.8143 -0.5092
vn -0.2803 0.8207 -0.4979
vn -0.2223 0.6188 -0.7535
vn -0.2261 0.6318 -0.7414
vn -0.1438 0.3616 -0.9212
vn -0.1496 0.3805 -0.9126
vn -0.0513 0.0697 -0.9962
vn -0.0582 0.0914 -0.9941
vn 0.0458 -0.2274 -0.9727
vn 0.0389 -0.2067 -0.9776
vn 0.1377 -0.5004 -0.8548
vn 0.1321 -0.4842 -0.8649
vn -0.9510 -0.3081 0.0275
vn -0.9510 -0.3081 0.0274
vn -0.9509 -0.3082 0.0274
vn -0.9509 -0.3084 0.0273
vn -0.9509 -0.3083 0.0273
vn -0.9509 -0.3082 0.0273
vn -0.9510 -0.3081 0.0272
vn -0.9509 -0.3082 0.0272
vn -0.9509 -0.3083 0.0270
vn -0.9509 -0.3083 0.0272
vn -0.9509 -0.3084 0.0274
vn -0.9509 -0.3083 0.0274
vn -0.9508 -0.3086 0.0277
vn -0.9508 -0.3085 0.0276
vn -0.9507 -0.3087 0.0280
vn -0.9508 -0.3085 0.0277
vn -0.9509 -0.3084 0.0277
vn -0.9509 -0.3083 0.0275
vn -0.9509 -0.3082 0.0275
vn -0.2444 0.8023 0.5446
vn -0.1738 0.6051 0.7770
vn -0.0862 0.3486 0.9333
vn 0.0099 0.0580 0.9983
vn 0.1049 -0.2383 0.9655
vn 0.1050 -0.2383 0.9655
vn 0.1898 -0.5112 0.8382
vn 0.2561 -0.7341 0.6289
vn 0.2972 -0.8851 0.3580
vn 0.3093 -0.9495 0.0521
vn 0.2911 -0.9210 -0.2589
vn 0.2444 -0.8023 -0.5446
vn 0.1738 -0.6050 -0.7770
vn 0.0862 -0.3486 -0.9333
vn -0.0099 -0.0580 -0.9983
vn -0.1050 0.2383 -0.9655
vn -0.1898 0.5112 -0.8382
vn -0.2560 0.7341 -0.6289
vn -0.2972 0.8851 -0.3580
vn -0.3093 0.9495 -0.0521
vn -0.2911 0.9210 0.2589
vn -0.2803 0.8206 -0.4979
vn -0.2299 0.6450 -0.7288
vn -0.2821 0.8271 -0.4861
vn -0.3074 0.9303 -0.2000
vn -0.3041 0.9470 0.1032
vn -0.2727 0.8763 0.3971
vn -0.2156 0.7234 0.6559
vn -0.1321 0.4843 0.8649
vn -0.1377 0.5004 0.8548
vn -0.0458 0.2274 0.9727
vn 0.0512 -0.0698 0.9962
vn 0.1437 -0.3617 0.9211
vn 0.2222 -0.6187 0.7535
vn 0.2804 -0.8206 0.4979
vn 0.2787 -0.8143 0.5092
vn 0.3072 -0.9290 0.2065
vn 0.3070 -0.9276 0.2127
vn 0.3040 -0.9469 -0.1045
vn 0.3040 -0.9468 -0.1057
vn 0.2713 -0.8729 -0.4054
vn 0.2700 -0.8696 -0.4133
vn 0.2088 -0.7042 -0.6786
vn 0.1267 -0.4682 -0.8745
vn 0.0322 -0.1861 -0.9820
vn -0.0582 0.0915 -0.9941
vn -0.0651 0.1131 -0.9915
vn -0.1495 0.3805 -0.9126
vn -0.1553 0.3995 -0.9035
vn -0.1321 0.4842 0.8649
vn -0.0389 0.2067 0.9776
vn 0.0582 -0.0914 0.9941
vn 0.2803 -0.8207 0.4979
vn 0.3071 -0.9290 0.2065
vn -0.2713 0.8729 0.4055
vn 0.1321 -0.4843 -0.8649
vn 0.9510 0.3081 -0.0273
vn 0.9509 0.3083 -0.0274
vn 0.9509 0.3083 -0.0275
vn 0.9509 0.3084 -0.0276
vn 0.9509 0.3084 -0.0274
vn 0.9510 0.3080 -0.0272
vn 0.9510 0.3081 -0.0272
vn 0.9510 0.3079 -0.0271
vn 0.9510 0.3080 -0.0271
vn 0.9509 0.3082 -0.0274
vn 0.9510 0.3081 -0.0274
vn 0.9509 0.3082 -0.0275
vn 0.9509 0.3082 -0.0272
vn 0.9508 0.3084 -0.0275
vn 0.2443 -0.8023 -0.5446
vn 0.2911 -0.9210 -0.2590
vn 0.2560 -0.7341 0.6289
vn 0.1897 -0.5113 0.8382
vn 0.0098 0.0580 0.9983
vn 0.0098 0.0579 0.9983
vn -0.2445 0.8023 0.5446
vn -0.2445 0.8022 0.5447
vn -0.2912 0.9210 0.2589
vn -0.2912 0.9209 0.2589
vn -0.3093 0.9495 -0.0522
vn -0.3092 0.9496 -0.0522
vn -0.2972 0.8852 -0.3580
vn -0.2561 0.7341 -0.6289
vn -0.1898 0.5112 -0.8383
vn -0.1899 0.5111 -0.8383
vn -0.1050 0.2382 -0.9655
vn -0.1051 0.2382 -0.9655
vn 0.2157 -0.7233 -0.6560
vn 0.2727 -0.8763 -0.3972
vn 0.3040 -0.9471 -0.1031
vn 0.3074 -0.9303 0.2000
vn 0.2822 -0.8270 0.4862
vn 0.2302 -0.6449 0.7288
vn 0.2262 -0.6318 0.7414
vn 0.0651 -0.1131 0.9915
vn -0.2088 0.7042 0.6785
vn -0.2700 0.8696 0.4134
vn -0.3067 0.9277 -0.2128
vn -0.3070 0.9290 -0.2066
vn -0.2784 0.8143 -0.5093
vn -0.2802 0.8207 -0.4980
vn -0.2222 0.6188 -0.7535
vn -0.1437 0.3617 -0.9212
vn -0.0513 0.0698 -0.9962
vn 0.0457 -0.2274 -0.9727
vn 0.1376 -0.5004 -0.8548
vn -0.9510 -0.3079 0.0270
vn -0.9510 -0.3080 0.0272
vn -0.9509 -0.3084 0.0275
vn -0.9509 -0.3084 0.0271
vn -0.9509 -0.3084 0.0272
vn -0.9509 -0.3083 0.0271
vn -0.9510 -0.3081 0.0273
vn -0.9510 -0.3080 0.0274
vn -0.9508 -0.3086 0.0278
vn -0.9509 -0.3084 0.0276
vn -0.1738 0.6050 0.7770
vn -0.2803 0.8207 -0.4980
vn -0.2300 0.6450 -0.7288
vn -0.2820 0.8271 -0.4862
vn -0.2727 0.8763 0.3972
vn -0.2157 0.7233 0.6560
vn 0.0513 -0.0697 0.9962
vn 0.1438 -0.3616 0.9212
vn 0.2224 -0.6187 0.7535
vn 0.2788 -0.8142 0.5092
vn 0.3069 -0.9277 0.2127
vn 0.3039 -0.9468 -0.1058
vn 0.2701 -0.8696 -0.4133
vn 0.2089 -0.7042 -0.6786
vn 0.0389 -0.2068 -0.9776
vn 0.0321 -0.1862 -0.9820
vn -0.0652 0.1130 -0.9915
vn -0.1554 0.3994 -0.9035
vn 0.9510 0.3080 -0.0273
vn 0.9510 0.3081 -0.0275
vn 0.9508 0.3085 -0.0275
vn 0.9508 0.3084 -0.0274
vn 0.9508 0.3087 -0.0274
vn 0.9508 0.3085 -0.0274
vn 0.9508 0.3087 -0.0275
vn 0.9509 0.3081 -0.0275
vn 0.9509 0.3081 -0.0273
vn 0.9509 0.3084 -0.0273
vn 0.9510 0.3081 -0.0271
vn 0.9508 0.3087 -0.0277
vn 0.1738 -0.6051 -0.7770
vn 0.3092 -0.9496 0.0522
vn 0.1898 -0.5112 0.8383
vn 0.1050 -0.2382 0.9655
vn -0.2911 0.9210 0.2590
vn -0.3092 0.9496 -0.0521
vn -0.0099 -0.0581 -0.9983
vn -0.7778 -0.6246 -0.0696
vn -0.3300 -0.7864 -0.5222
vn 0.4268 -0.7957 0.4297
vn -0.0688 -0.7871 -0.6130
vn 0.1568 -0.7562 -0.6353
vn 0.3588 -0.7021 -0.6150
vn 0.5546 -0.6212 -0.5537
vn 0.7402 -0.5082 -0.4403
vn 0.8897 -0.3671 -0.2716
vn 0.9753 -0.2119 -0.0623
vn 0.9849 -0.0621 0.1614
vn 0.9264 0.0640 0.3710
vn 0.8214 0.1583 0.5479
vn 0.6847 0.2261 0.6929
vn 0.5081 0.2727 0.8170
vn 0.2677 0.2877 0.9196
vn -0.0484 0.2417 0.9691
vn -0.4039 0.1054 0.9087
vn -0.7059 -0.1165 0.6986
vn -0.8547 -0.3714 0.3627
vn -0.8072 -0.5902 -0.0124
vn -0.9454 -0.1449 0.2920
vn -0.8453 0.0362 0.5331
vn -0.6599 0.2137 0.7203
vn -0.1154 0.4879 0.8653
vn 0.1878 0.5571 0.8089
vn 0.4536 0.5717 0.6837
vn 0.9526 0.3016 -0.0388
vn 0.9444 0.1417 -0.2967
vn -0.4358 -0.5724 -0.6946
vn -0.9513 -0.3067 0.0301
vn -0.9449 -0.1434 0.2944
vn -0.8653 -0.4409 -0.2384
vn 0.9513 0.3068 -0.0301
vn 0.6793 -0.6437 0.3524
vn 0.0333 -0.9765 0.2131
vn 0.1118 -0.9676 0.2263
vn 0.2982 -0.7634 0.5729
vn 0.0370 0.9989 0.0285
vn 0.5226 0.2292 0.8212
vn 0.5980 0.3024 0.7422
vn 0.3276 0.7091 -0.6244
vn -0.9489 0.0884 0.3031
vn -0.9111 0.1444 0.3860
vn 0.2916 -0.8408 0.4560
vn 0.5127 -0.4380 -0.7384
vn -0.2006 -0.2182 -0.9551
vn -0.1610 -0.1258 -0.9789
vn -0.3498 -0.8076 -0.4747
vn 0.5740 0.5038 0.6455
vn 0.1967 0.5619 0.8034
vn -0.9910 -0.1336 -0.0005
vn -0.1036 -0.9133 0.3939
vn -0.8594 -0.2367 0.4532
vn 0.5696 -0.8219 -0.0028
vn 0.5697 -0.8219 -0.0028
vn -0.6116 -0.4217 -0.6694
vn -0.7530 -0.5206 -0.4024
vn -0.7565 -0.5230 -0.3927
vn -0.6203 -0.4277 -0.6575
vn -0.8184 -0.5669 -0.0941
vn -0.8187 -0.5671 -0.0899
vn -0.8006 -0.5557 0.2240
vn -0.8012 -0.5560 0.2213
vn -0.7016 -0.4881 0.5192
vn -0.7056 -0.4908 0.5111
vn -0.5317 -0.3711 0.7613
vn -0.5410 -0.3775 0.7515
vn -0.3089 -0.2171 0.9260
vn -0.3232 -0.2271 0.9187
vn -0.0561 -0.0422 0.9975
vn -0.0733 -0.0541 0.9958
vn 0.2010 0.1360 0.9701
vn 0.1840 0.1242 0.9750
vn 0.4368 0.2999 0.8481
vn 0.4230 0.2903 0.8583
vn 0.6290 0.4338 0.6452
vn 0.6203 0.4277 0.6575
vn 0.7600 0.5255 0.3825
vn 0.7565 0.5230 0.3927
vn 0.8190 0.5674 0.0856
vn 0.8187 0.5671 0.0900
vn 0.8017 0.5564 -0.2184
vn 0.8012 0.5560 -0.2213
vn 0.7097 0.4936 -0.5027
vn 0.7056 0.4908 -0.5111
vn 0.5505 0.3841 -0.7413
vn 0.5410 0.3775 -0.7515
vn 0.3376 0.2371 -0.9110
vn 0.3232 0.2271 -0.9187
vn 0.0905 0.0661 -0.9937
vn 0.0733 0.0541 -0.9958
vn -0.1670 -0.1124 -0.9795
vn -0.1840 -0.1242 -0.9750
vn -0.4093 -0.2807 -0.8682
vn -0.4230 -0.2903 -0.8584
vn -0.5697 0.8218 0.0027
vn -0.5697 0.8219 0.0029
vn -0.5697 0.8219 0.0028
vn -0.5698 0.8218 0.0029
vn -0.5697 0.8218 0.0029
vn -0.5699 0.8217 0.0029
vn -0.5699 0.8217 0.0030
vn -0.5697 0.8219 0.0027
vn -0.5696 0.8219 0.0026
vn -0.5696 0.8219 0.0027
vn -0.5697 0.8218 0.0026
vn -0.5695 0.8220 0.0027
vn -0.5696 0.8219 0.0028
vn -0.5698 0.8218 0.0028
vn -0.5697 0.8218 0.0028
vn -0.5695 0.8220 0.0026
vn -0.5693 0.8221 0.0023
vn -0.5695 0.8220 0.0025
vn -0.5697 0.8219 0.0025
vn -0.5697 0.8219 0.0026
vn -0.5697 0.8218 0.0025
vn 0.6964 0.4808 0.5328
vn 0.5274 0.3629 0.7682
vn 0.3068 0.2095 0.9284
vn 0.0561 0.0355 0.9978
vn -0.2000 -0.1419 0.9695
vn -0.4366 -0.3054 0.8462
vn -0.6304 -0.4391 0.6402
vn -0.7625 -0.5297 0.3714
vn -0.8200 -0.5686 0.0664
vn -0.7972 -0.5517 -0.2452
vn -0.6964 -0.4808 -0.5328
vn -0.5274 -0.3629 -0.7682
vn -0.3068 -0.2095 -0.9284
vn -0.0561 -0.0355 -0.9978
vn 0.2000 0.1419 -0.9695
vn 0.4366 0.3054 -0.8462
vn 0.6304 0.4391 -0.6402
vn 0.7625 0.5297 -0.3714
vn 0.8200 0.5686 -0.0664
vn 0.8200 0.5685 -0.0664
vn 0.7972 0.5517 0.2452
vn 0.5317 0.3711 -0.7613
vn 0.7016 0.4881 -0.5192
vn 0.8007 0.5557 -0.2240
vn 0.8184 0.5669 0.0941
vn 0.7530 0.5206 0.4024
vn 0.6117 0.4216 0.6694
vn 0.4230 0.2903 0.8584
vn 0.4093 0.2807 0.8682
vn 0.1840 0.1242 0.9751
vn 0.1670 0.1124 0.9795
vn -0.0733 -0.0542 0.9958
vn -0.0905 -0.0661 0.9937
vn -0.3376 -0.2370 0.9110
vn -0.5505 -0.3840 0.7413
vn -0.7098 -0.4935 0.5026
vn -0.8017 -0.5563 0.2184
vn -0.8187 -0.5671 -0.0900
vn -0.8190 -0.5673 -0.0856
vn -0.7600 -0.5254 -0.3825
vn -0.6290 -0.4337 -0.6452
vn -0.4368 -0.2999 -0.8481
vn -0.2010 -0.1360 -0.9701
vn 0.0561 0.0422 -0.9975
vn 0.3089 0.2172 -0.9260
vn 0.5697 -0.8218 -0.0029
vn 0.5697 -0.8219 -0.0027
vn 0.5696 -0.8219 -0.0026
vn 0.5696 -0.8219 -0.0025
vn 0.5697 -0.8218 -0.0026
vn 0.5696 -0.8219 -0.0027
vn 0.5695 -0.8220 -0.0026
vn 0.5697 -0.8218 -0.0028
vn 0.5695 -0.8220 -0.0024
vn -0.8200 -0.5685 0.0664
vn -0.6304 -0.4390 0.6402
vn -0.4366 -0.3055 0.8462
vn -0.4365 -0.3055 0.8462
vn 0.3068 0.2095 0.9285
vn 0.4366 0.3055 -0.8462
vn 0.7051 0.4904 -0.5121
vn -0.6724 0.6918 -0.2632
vn -0.7091 0.4911 -0.5060
vn -0.7090 0.4967 -0.5005
vn -0.6722 0.6923 -0.2624
vn -0.6744 0.2408 -0.6980
vn -0.6773 0.2521 -0.6912
vn -0.5718 -0.0337 -0.8197
vn -0.5791 -0.0185 -0.8151
vn -0.4121 -0.3043 -0.8588
vn -0.4233 -0.2883 -0.8589
vn -0.2118 -0.5436 -0.8122
vn -0.2254 -0.5298 -0.8177
vn 0.0086 -0.7280 -0.6855
vn -0.0051 -0.7187 -0.6953
vn 0.2266 -0.8402 -0.4927
vn 0.2152 -0.8362 -0.5045
vn 0.4208 -0.8707 -0.2545
vn 0.4136 -0.8711 -0.2648
vn 0.5733 -0.8193 0.0048
vn 0.5707 -0.8212 -0.0007
vn 0.6719 -0.6929 0.2616
vn 0.6722 -0.6923 0.2625
vn 0.7089 -0.5026 0.4948
vn 0.7090 -0.4967 0.5005
vn 0.6802 -0.2636 0.6840
vn 0.6773 -0.2521 0.6912
vn 0.5862 0.0032 0.8102
vn 0.5791 0.0185 0.8151
vn 0.4344 0.2720 0.8587
vn 0.4233 0.2882 0.8589
vn 0.2389 0.5157 0.8228
vn 0.2254 0.5298 0.8177
vn 0.0187 0.7091 0.7049
vn 0.0051 0.7187 0.6953
vn -0.2039 0.8320 0.5159
vn -0.2152 0.8362 0.5045
vn -0.4065 0.8714 0.2748
vn -0.4135 0.8711 0.2648
vn -0.5681 0.8230 0.0060
vn -0.5707 0.8212 0.0007
vn -0.7051 -0.4904 0.5121
vn -0.7064 -0.4891 0.5116
vn -0.7065 -0.4894 0.5112
vn -0.7065 -0.4899 0.5108
vn -0.7063 -0.4905 0.5105
vn -0.7060 -0.4910 0.5104
vn -0.7055 -0.4915 0.5105
vn -0.7051 -0.4919 0.5108
vn -0.7047 -0.4921 0.5111
vn -0.7043 -0.4922 0.5116
vn -0.7040 -0.4921 0.5121
vn -0.7038 -0.4918 0.5126
vn -0.7037 -0.4915 0.5131
vn -0.7038 -0.4910 0.5134
vn -0.7040 -0.4904 0.5137
vn -0.7043 -0.4899 0.5138
vn -0.7047 -0.4894 0.5137
vn -0.7051 -0.4890 0.5135
vn -0.7056 -0.4888 0.5131
vn -0.7059 -0.4887 0.5126
vn -0.7062 -0.4888 0.5121
vn -0.7051 -0.4905 0.5121
vn -0.5073 -0.1691 0.8450
vn -0.6137 -0.0780 0.7857
vn -0.6200 -0.0953 0.7787
vn -0.5170 -0.1838 0.8360
vn -0.4110 -0.2856 0.8657
vn -0.4247 -0.2965 0.8554
vn -0.3346 -0.4163 0.8454
vn -0.3520 -0.4227 0.8351
vn -0.2853 -0.5483 0.7861
vn -0.3060 -0.5496 0.7774
vn -0.2685 -0.6689 0.6931
vn -0.2913 -0.6648 0.6879
vn -0.2860 -0.7661 0.5757
vn -0.3087 -0.7573 0.5756
vn -0.3363 -0.8298 0.4454
vn -0.3566 -0.8181 0.4512
vn -0.4145 -0.8536 0.3156
vn -0.4304 -0.8414 0.3267
vn -0.5122 -0.8355 0.1991
vn -0.5234 -0.8247 0.2143
vn -0.6197 -0.7775 0.1072
vn -0.6262 -0.7696 0.1250
vn -0.7265 -0.6855 0.0486
vn -0.7289 -0.6813 0.0679
vn -0.8222 -0.5684 0.0289
vn -0.8213 -0.5685 0.0486
vn -0.8977 -0.4378 0.0499
vn -0.8941 -0.4425 0.0690
vn -0.9456 -0.3062 0.1095
vn -0.9403 -0.3156 0.1270
vn -0.9615 -0.1864 0.2019
vn -0.9554 -0.2006 0.2167
vn -0.9437 -0.0901 0.3183
vn -0.9381 -0.1084 0.3291
vn -0.8939 -0.0270 0.4475
vn -0.8901 -0.0476 0.4532
vn -0.8170 -0.0032 0.5766
vn -0.8161 -0.0241 0.5774
vn -0.7206 -0.0207 0.6931
vn -0.7229 -0.0405 0.6897
vn -0.4912 -0.8523 0.1794
vn -0.0678 -0.2713 -0.9601
vn -0.2594 -0.4807 -0.8377
vn -0.8272 0.5353 0.1710
vn -0.3429 0.8979 0.2760
vn -0.6153 0.7872 0.0417
vn -0.3074 0.8662 -0.3940
vn 0.5734 -0.8193 0.0048
vn 0.8565 0.2273 -0.4633
vn 0.7914 0.5172 -0.3259
vn 0.5454 -0.8167 0.1886
vn 0.0085 -0.7280 -0.6855
vn -0.6832 0.2918 -0.6693
vn -0.4402 0.0767 -0.8946
vn -0.3263 0.2785 -0.9033
vn -0.2772 0.6882 -0.6705
vn -0.6744 0.2407 -0.6980
vn -0.3394 -0.0458 -0.9395
vn -0.1616 -0.6056 -0.7792
vn 0.3323 0.9412 0.0607
vn 0.7034 -0.4227 -0.5715
vn 0.2408 0.4578 -0.8558
vn -0.2040 0.8320 0.5159
vn 0.3356 -0.6657 -0.6665
vn -0.0913 -0.8898 -0.4472
vn -0.3048 -0.7408 -0.5985
vn -0.5072 -0.5324 -0.6777
vn -0.6787 -0.2850 -0.6768
vn -0.8026 -0.0227 -0.5961
vn -0.8666 0.2288 -0.4434
vn -0.8646 0.4449 -0.2337
vn -0.7966 0.6043 0.0125
vn -0.6695 0.6916 0.2711
vn -0.4956 0.6981 0.5168
vn -0.2919 0.6232 0.7256
vn -0.0784 0.4743 0.8769
vn 0.1240 0.2659 0.9560
vn 0.2955 0.0184 0.9552
vn 0.4193 -0.2439 0.8745
vn 0.4834 -0.4954 0.7218
vn 0.4813 -0.7114 0.5120
vn 0.4134 -0.8709 0.2658
vn 0.2863 -0.9581 0.0072
vn 0.1123 -0.9646 -0.2385
vn 0.4121 0.3043 0.8588
vn 0.5718 0.0337 0.8197
vn 0.6801 -0.2636 0.6840
vn 0.6744 -0.2408 0.6980
vn 0.7091 -0.4911 0.5060
vn 0.6724 -0.6918 0.2632
vn 0.5681 -0.8230 -0.0060
vn 0.4065 -0.8714 -0.2748
vn 0.2265 -0.8402 -0.4927
vn 0.2040 -0.8320 -0.5159
vn -0.0187 -0.7091 -0.7049
vn -0.2389 -0.5157 -0.8228
vn -0.4344 -0.2720 -0.8587
vn -0.5862 -0.0032 -0.8102
vn -0.6802 0.2636 -0.6840
vn -0.7089 0.5026 -0.4948
vn -0.6719 0.6929 -0.2616
vn -0.5734 0.8193 -0.0048
vn -0.4208 0.8707 0.2545
vn -0.2266 0.8402 0.4927
vn -0.0085 0.7280 0.6855
vn 0.2118 0.5436 0.8122
vn 0.8731 0.4605 -0.1601
vn 0.8717 0.4634 -0.1592
vn 0.8134 0.5638 -0.1434
vn 0.8136 0.5635 -0.1434
vn -0.1284 -0.3426 0.9307
vn -0.2356 -0.1629 0.9581
vn 0.9108 0.3570 -0.2073
vn 0.9099 0.3605 -0.2052
vn -0.0570 -0.5261 0.8485
vn 0.9232 0.2629 -0.2804
vn 0.9232 0.2651 -0.2783
vn -0.0306 -0.6946 0.7188
vn 0.9091 0.1874 -0.3722
vn 0.9091 0.1876 -0.3718
vn -0.0538 -0.8308 0.5539
vn 0.8698 0.1377 -0.4737
vn 0.8688 0.1370 -0.4758
vn -0.1252 -0.9199 0.3715
vn 0.8093 0.1187 -0.5753
vn 0.8069 0.1186 -0.5786
vn -0.2367 -0.9526 0.1910
vn 0.7333 0.1323 -0.6670
vn 0.7307 0.1332 -0.6695
vn -0.3752 -0.9264 0.0303
vn 0.6491 0.1773 -0.7398
vn 0.6482 0.1779 -0.7404
vn -0.5262 -0.8449 -0.0959
vn 0.5650 0.2493 -0.7865
vn 0.5667 0.2477 -0.7858
vn -0.6752 -0.7163 -0.1759
vn 0.4894 0.3414 -0.8024
vn 0.4927 0.3366 -0.8024
vn -0.8080 -0.5532 -0.2028
vn 0.4297 0.4444 -0.7861
vn 0.4328 0.4378 -0.7881
vn -0.9121 -0.3711 -0.1741
vn 0.3917 0.5482 -0.7390
vn 0.3932 0.5422 -0.7426
vn -0.9779 -0.1873 -0.0930
vn 0.3792 0.6426 -0.6658
vn 0.3791 0.6393 -0.6690
vn -0.9992 -0.0197 0.0335
vn 0.3933 0.7184 -0.5737
vn 0.3931 0.7181 -0.5742
vn -0.9742 0.1148 0.1942
vn 0.4327 0.7682 -0.4718
vn 0.4342 0.7693 -0.4687
vn -0.9053 0.2016 0.3738
vn 0.4935 0.7871 -0.3700
vn 0.4973 0.7873 -0.3646
vn -0.7995 0.2329 0.5537
vn 0.5749 0.7713 -0.2729
vn 0.5698 0.7733 -0.2782
vn -0.6667 0.2067 0.7161
vn 0.6541 0.7280 -0.2055
vn 0.6586 0.7248 -0.2023
vn -0.5194 0.1265 0.8451
vn 0.7381 0.6557 -0.1591
vn 0.7404 0.6533 -0.1582
vn -0.3714 -0.0002 0.9285
vn -0.4247 -0.8763 -0.2274
vn -0.2508 -0.9653 -0.0732
vn -0.0975 -0.9885 0.1157
vn 0.0218 -0.9473 0.3195
vn 0.0987 -0.8482 0.5203
vn 0.1280 -0.6996 0.7029
vn 0.1062 -0.5120 0.8524
vn 0.0323 -0.3005 0.9532
vn -0.0889 -0.0855 0.9924
vn -0.2464 0.1101 0.9629
vn -0.4237 0.2642 0.8664
vn -0.6012 0.3598 0.7135
vn -0.7596 0.3877 0.5222
vn -0.8836 0.3479 0.3133
vn -0.9632 0.2466 0.1067
vn -0.9924 0.0930 -0.0806
vn -0.9675 -0.1008 -0.2319
vn -0.8887 -0.3175 -0.3309
vn -0.7624 -0.5345 -0.3648
vn -0.6017 -0.7279 -0.3289
vn -0.6137 -0.7841 0.0931
vn -0.7237 -0.6894 0.0323
vn -0.8225 -0.5686 0.0119
vn -0.9004 -0.4338 0.0338
vn -0.9497 -0.2983 0.0956
vn -0.9658 -0.1754 0.1912
vn -0.9473 -0.0768 0.3111
vn -0.8961 -0.0119 0.4438
vn -0.8170 0.0131 0.5765
vn -0.7175 -0.0046 0.6965
vn -0.6074 -0.0634 0.7919
vn -0.4973 -0.1577 0.8531
vn -0.3983 -0.2782 0.8740
vn -0.3201 -0.4131 0.8526
vn -0.2704 -0.5489 0.7909
vn -0.2540 -0.6724 0.6952
vn -0.2725 -0.7716 0.5748
vn -0.3240 -0.8367 0.4415
vn -0.4035 -0.8615 0.3083
vn -0.5033 -0.8433 0.1882
vn -0.6930 -0.5317 0.4869
vn -0.6832 -0.5332 0.4989
vn -0.6838 -0.5332 0.4981
vn -0.6937 -0.5314 0.4862
vn -0.7041 -0.5259 0.4772
vn -0.7046 -0.5255 0.4768
vn -0.7154 -0.5163 0.4708
vn -0.7155 -0.5162 0.4708
vn -0.7255 -0.5039 0.4687
vn -0.7253 -0.5043 0.4687
vn -0.7334 -0.4901 0.4711
vn -0.7330 -0.4909 0.4709
vn -0.7381 -0.4767 0.4775
vn -0.7379 -0.4775 0.4770
vn -0.7395 -0.4647 0.4869
vn -0.7395 -0.4652 0.4865
vn -0.7377 -0.4553 0.4985
vn -0.7377 -0.4554 0.4984
vn -0.7328 -0.4491 0.5112
vn -0.7326 -0.4489 0.5116
vn -0.7252 -0.4465 0.5241
vn -0.7247 -0.4465 0.5248
vn -0.7155 -0.4480 0.5361
vn -0.7148 -0.4483 0.5367
vn -0.7043 -0.4538 0.5458
vn -0.7039 -0.4541 0.5462
vn -0.6930 -0.4635 0.5522
vn -0.6829 -0.4759 0.5542
vn -0.6832 -0.4754 0.5542
vn -0.6751 -0.4896 0.5518
vn -0.6755 -0.4888 0.5521
vn -0.6704 -0.5031 0.5455
vn -0.6706 -0.5022 0.5460
vn -0.6690 -0.5149 0.5360
vn -0.6690 -0.5145 0.5365
vn -0.6708 -0.5243 0.5245
vn -0.6708 -0.5243 0.5246
vn -0.6757 -0.5306 0.5118
vn -0.6759 -0.5307 0.5113
vn 0.1141 -0.9072 -0.4048
vn 0.3057 -0.9369 -0.1694
vn 0.2971 -0.9374 -0.1815
vn 0.1011 -0.9027 -0.4181
vn -0.1018 -0.7966 -0.5959
vn -0.1165 -0.7866 -0.6064
vn -0.3203 -0.6137 -0.7216
vn -0.3339 -0.5999 -0.7271
vn -0.5189 -0.3761 -0.7676
vn -0.5293 -0.3613 -0.7676
vn -0.6768 -0.1080 -0.7282
vn -0.6830 -0.0950 -0.7242
vn -0.7776 0.1632 -0.6072
vn -0.7799 0.1722 -0.6017
vn -0.8112 0.4094 -0.4177
vn -0.8111 0.4137 -0.4134
vn -0.7748 0.6063 -0.1792
vn -0.7747 0.6065 -0.1785
vn -0.6726 0.7351 0.0850
vn -0.6746 0.7337 0.0810
vn -0.5141 0.7833 0.3496
vn -0.5196 0.7831 0.3416
vn -0.3145 0.7453 0.5880
vn -0.3238 0.7488 0.5783
vn -0.0940 0.6242 0.7756
vn -0.1063 0.6329 0.7669
vn 0.1245 0.4327 0.8929
vn 0.1112 0.4464 0.8879
vn 0.3184 0.1910 0.9285
vn 0.3068 0.2081 0.9288
vn 0.4687 -0.0753 0.8801
vn 0.4607 -0.0582 0.8857
vn 0.5612 -0.3390 0.7551
vn 0.5578 -0.3255 0.7635
vn 0.5892 -0.5744 0.5683
vn 0.5893 -0.5673 0.5752
vn 0.5527 -0.7615 0.3388
vn 0.5529 -0.7608 0.3398
vn 0.4558 -0.8859 0.0862
vn 0.4525 -0.8882 0.0795
vn -0.9359 0.3510 0.0313
vn -0.9677 0.1820 -0.1744
vn -0.9677 0.1823 -0.1741
vn -0.9399 -0.0308 -0.3399
vn -0.9405 -0.0287 -0.3387
vn -0.8532 -0.2679 -0.4475
vn -0.8559 -0.2622 -0.4458
vn -0.7150 -0.5046 -0.4839
vn -0.7216 -0.4951 -0.4839
vn -0.5398 -0.7150 -0.4443
vn -0.5510 -0.7036 -0.4487
vn -0.3469 -0.8766 -0.3335
vn -0.3610 -0.8669 -0.3436
vn -0.1571 -0.9736 -0.1653
vn -0.1709 -0.9688 -0.1793
vn 0.0104 -0.9991 0.0411
vn 0.0008 -0.9996 0.0275
vn 0.1410 -0.9542 0.2640
vn 0.1372 -0.9568 0.2563
vn 0.2251 -0.8458 0.4837
vn 0.2254 -0.8450 0.4849
vn 0.2572 -0.6831 0.6835
vn 0.2572 -0.6751 0.6915
vn 0.2332 -0.4779 0.8469
vn 0.2294 -0.4630 0.8562
vn 0.1525 -0.2470 0.9570
vn 0.1441 -0.2292 0.9627
vn 0.0203 -0.0124 0.9997
vn 0.0094 0.0034 1.0000
vn -0.1512 0.2009 0.9679
vn -0.1616 0.2116 0.9639
vn -0.3444 0.3692 0.8632
vn -0.3516 0.3743 0.8581
vn -0.5382 0.4741 0.6968
vn -0.5417 0.4754 0.6932
vn -0.7118 0.5054 0.4877
vn -0.7128 0.5054 0.4863
vn -0.8482 0.4623 0.2585
vn -0.8483 0.4622 0.2583
vn 0.2862 0.6277 0.7239
vn -0.5791 -0.7604 -0.2939
vn 0.4233 0.2883 0.8589
vn 0.5791 0.0186 0.8151
vn 0.0336 -0.2006 0.9791
vn 0.4239 -0.5077 0.7500
vn -0.4269 -0.8642 0.2662
vn -0.8198 -0.4508 0.3530
vn -0.9678 0.1092 -0.2269
vn 0.3357 0.8377 0.4307
vn -0.4626 -0.8496 0.2533
vn -0.2774 -0.7249 -0.6305
vn -0.9309 0.0423 0.3628
vn 0.2817 -0.5479 0.7877
vn -0.5791 -0.0186 -0.8151
vn -0.6372 -0.4935 0.5920
vn -0.3196 -0.6642 -0.6758
vn -0.8001 0.1254 0.5867
vn -0.6722 0.6923 -0.2625
vn 0.6406 -0.3707 0.6724
vn -0.1720 -0.3867 0.9060
vn -0.4136 0.8711 0.2648
vn 0.1726 -0.3046 0.9367
vn -0.4843 -0.3556 0.7994
vn 0.8099 -0.0150 0.5864
vn 0.2254 0.5297 0.8177
vn 0.4606 -0.0582 0.8857
vn 0.2953 0.2245 0.9287
vn 0.4528 -0.0416 0.8906
vn 0.5545 -0.3126 0.7712
vn 0.5894 -0.5607 0.5816
vn 0.5531 -0.7602 0.3407
vn 0.4524 -0.8882 0.0795
vn 0.4494 -0.8903 0.0733
vn 0.2890 -0.9377 -0.1929
vn 0.0887 -0.8981 -0.4308
vn -0.1165 -0.7865 -0.6065
vn -0.1306 -0.7765 -0.6164
vn -0.3470 -0.5862 -0.7321
vn -0.5393 -0.3467 -0.7674
vn -0.6889 -0.0822 -0.7201
vn -0.7821 0.1812 -0.5962
vn -0.8111 0.4137 -0.4135
vn -0.8111 0.4180 -0.4092
vn -0.7747 0.6066 -0.1786
vn -0.7746 0.6069 -0.1780
vn -0.6766 0.7323 0.0770
vn -0.5196 0.7831 0.3417
vn -0.5251 0.7828 0.3338
vn -0.3239 0.7488 0.5783
vn -0.3331 0.7521 0.5687
vn -0.1183 0.6412 0.7582
vn 0.1113 0.4464 0.8879
vn 0.0983 0.4597 0.8826
vn 0.1011 -0.9028 -0.4181
vn -0.3339 -0.5999 -0.7270
vn -0.5293 -0.3614 -0.7676
vn -0.7748 0.6065 -0.1785
vn -0.6747 0.7337 0.0810
vn -0.5196 0.7832 0.3416
vn -0.1710 0.2213 0.9601
vn -0.0007 0.0179 0.9998
vn 0.1364 -0.2130 0.9675
vn 0.2259 -0.4496 0.8642
vn 0.2573 -0.6680 0.6983
vn 0.2257 -0.8444 0.4859
vn 0.1339 -0.9590 0.2497
vn -0.0077 -0.9998 0.0155
vn -0.1832 -0.9642 -0.1919
vn -0.3738 -0.8578 -0.3527
vn -0.5611 -0.6930 -0.4526
vn -0.7276 -0.4863 -0.4838
vn -0.8583 -0.2570 -0.4442
vn -0.9409 -0.0268 -0.3375
vn -0.9677 0.1826 -0.1738
vn -0.8484 0.4621 0.2582
vn -0.7138 0.5053 0.4849
vn -0.5450 0.4766 0.6898
vn -0.3583 0.3789 0.8533
vn -0.6835 -0.4750 0.5542
vn -0.6758 -0.4881 0.5523
vn -0.6708 -0.5015 0.5464
vn -0.6689 -0.5141 0.5369
vn -0.6759 -0.5308 0.5113
vn -0.6761 -0.5309 0.5110
vn -0.6842 -0.5332 0.4975
vn -0.6942 -0.5312 0.4857
vn -0.7050 -0.5253 0.4765
vn -0.7156 -0.5161 0.4707
vn -0.7250 -0.5046 0.4687
vn -0.7327 -0.4915 0.4707
vn -0.7378 -0.4781 0.4766
vn -0.7395 -0.4656 0.4861
vn -0.7324 -0.4488 0.5120
vn -0.7243 -0.4465 0.5254
vn -0.7143 -0.4485 0.5373
vn -0.7036 -0.4544 0.5464
vn 0.7090 -0.4968 0.5005
vn 0.6722 -0.6923 0.2624
vn -0.2254 -0.5297 -0.8177
vn -0.7090 0.4967 -0.5006
vn -0.6721 0.6923 -0.2625
vn -0.5706 0.8212 0.0007
vn 0.2254 0.5298 0.8176
vn 0.4135 -0.8711 -0.2648
vn 0.9550 -0.0397 -0.2940
vn 0.0954 -0.9226 -0.3739
vn -0.0202 -0.7935 0.6082
vn -0.0921 -0.8661 0.4912
vn -0.5374 -0.5125 0.6697
vn 0.0997 -0.8473 0.5217
vn 0.2829 -0.0937 -0.9546
vn -0.4616 -0.3321 -0.8225
vn 0.8586 0.1749 -0.4819
vn 0.7482 0.2454 -0.6164
vn 0.4686 0.7178 -0.5150
vn 0.4958 0.8084 -0.3173
vn 0.1111 0.8044 -0.5836
vn 0.2328 0.9725 0.0005
vn -0.8857 -0.3601 0.2930
vn -0.4709 -0.5319 0.7038
vn -0.9275 -0.1451 0.3446
vn -0.7692 0.6384 -0.0281
vn 0.1674 -0.6033 0.7798
vn 0.1978 -0.6868 0.6994
vn -0.4233 -0.2882 -0.8589
vn -0.5790 -0.0186 -0.8151
vn 0.0052 0.7187 0.6953
vn 0.3791 0.6426 -0.6658
vn 0.4326 0.7682 -0.4718
vn 0.9232 0.2602 -0.2830
vn 0.9119 0.3527 -0.2099
vn 0.9089 0.1871 -0.3726
vn 0.8711 0.1386 -0.4711
vn 0.8122 0.1188 -0.5712
vn 0.7362 0.1312 -0.6639
vn 0.6501 0.1766 -0.7391
vn 0.5631 0.2513 -0.7872
vn 0.4855 0.3470 -0.8024
vn 0.4259 0.4522 -0.7836
vn 0.3898 0.5554 -0.7345
vn 0.3792 0.6467 -0.6618
vn 0.3934 0.7188 -0.5732
vn 0.4307 0.7669 -0.4757
vn 0.4887 0.7869 -0.3766
vn 0.5635 0.7755 -0.2846
vn 0.6487 0.7317 -0.2093
vn 0.7354 0.6584 -0.1601
vn 0.8138 0.5632 -0.1434
vn 0.8746 0.4572 -0.1611
vn -0.4086 -0.8616 0.3011
vn -0.5104 -0.8407 0.1810
vn -0.6201 -0.7795 0.0885
vn -0.7274 -0.6855 0.0308
vn -0.8231 -0.5678 0.0119
vn -0.8992 -0.4363 0.0330
vn -0.9487 -0.3020 0.0934
vn -0.9658 -0.1777 0.1889
vn -0.9474 -0.0770 0.3108
vn -0.8949 -0.0111 0.4461
vn -0.8145 0.0132 0.5800
vn -0.7152 -0.0055 0.6989
vn -0.6073 -0.0635 0.7920
vn -0.5003 -0.1547 0.8519
vn -0.4031 -0.2713 0.8740
vn -0.3243 -0.4040 0.8553
vn -0.2724 -0.5409 0.7958
vn -0.2539 -0.6681 0.6994
vn -0.2723 -0.7712 0.5754
vn -0.3260 -0.8381 0.4374
vn -0.6801 0.2636 -0.6840
vn -0.5733 0.8193 -0.0049
vn -0.4207 0.8708 0.2545
vn -0.2265 0.8402 0.4926
vn -0.0085 0.7281 0.6855
vn 0.5718 0.0338 0.8197
vn 0.6744 -0.2407 0.6980
vn 0.7090 -0.4911 0.5060
vn 0.6723 -0.6918 0.2633
vn 0.4122 0.3043 0.8588
vn 0.5719 0.0338 0.8196
vn 0.7090 -0.4911 0.5061
vn 0.5681 -0.8229 -0.0060
vn 0.4065 -0.8713 -0.2748
vn -0.5862 -0.0032 -0.8101
vn -0.6801 0.2637 -0.6841
vn -0.6719 0.6929 -0.2617
vn -0.5733 0.8193 -0.0048
vn -0.0085 0.7281 0.6854
vn 0.0085 -0.7281 -0.6855
vn 0.4344 0.2720 0.8586
vn -0.4065 0.8713 0.2748
vn -0.7051 -0.4904 0.5122
vn 0.6993 -0.6008 0.3875
vn 0.6287 -0.7664 0.1316
vn 0.4966 -0.8571 -0.1371
vn 0.3158 -0.8639 -0.3924
vn 0.1042 -0.7861 -0.6093
vn -0.1176 -0.6313 -0.7666
vn -0.3280 -0.4148 -0.8488
vn -0.5062 -0.1576 -0.8479
vn -0.6349 0.1149 -0.7640
vn -0.7014 0.3763 -0.6054
vn -0.6993 0.6008 -0.3875
vn -0.6287 0.7664 -0.1316
vn -0.4966 0.8571 0.1371
vn -0.3159 0.8639 0.3924
vn -0.1042 0.7861 0.6093
vn 0.1176 0.6313 0.7666
vn 0.3280 0.4148 0.8488
vn 0.5062 0.1576 0.8479
vn 0.6349 -0.1149 0.7640
vn 0.7014 -0.3763 0.6054
vn 0.2040 -0.8320 -0.5160
vn 0.7051 0.4905 -0.5121
vn 0.7051 0.4904 -0.5122
vn -0.4223 -0.2898 -0.8589
vn -0.7624 0.6260 0.1637
vn -0.8748 0.3788 0.3022
vn -0.8750 0.3777 0.3028
vn -0.7610 0.6281 0.1623
vn -0.9057 0.0953 0.4131
vn -0.9055 0.0905 0.4146
vn -0.8508 -0.2001 0.4858
vn -0.8484 -0.2074 0.4871
vn -0.7130 -0.4789 0.5122
vn -0.7075 -0.4870 0.5121
vn -0.5040 -0.7125 0.4882
vn -0.4960 -0.7192 0.4865
vn -0.2443 -0.8761 0.4157
vn -0.2349 -0.8802 0.4124
vn 0.0403 -0.9526 0.3016
vn 0.0494 -0.9535 0.2974
vn 0.3208 -0.9340 0.1574
vn 0.3282 -0.9321 0.1531
vn 0.5688 -0.8224 -0.0022
vn 0.5732 -0.8194 -0.0054
vn 0.7596 -0.6302 -0.1609
vn 0.7610 -0.6281 -0.1623
vn 0.8753 -0.3767 -0.3034
vn 0.8750 -0.3777 -0.3028
vn 0.9052 -0.0859 -0.4162
vn 0.9055 -0.0906 -0.4146
vn 0.8458 0.2147 -0.4883
vn 0.8484 0.2074 -0.4871
vn 0.7020 0.4949 -0.5122
vn 0.7075 0.4870 -0.5122
vn 0.4880 0.7258 -0.4849
vn 0.4960 0.7192 -0.4865
vn 0.2256 0.8842 -0.4091
vn 0.2349 0.8802 -0.4124
vn -0.0586 0.9543 -0.2931
vn -0.0494 0.9535 -0.2973
vn -0.3355 0.9302 -0.1488
vn -0.3282 0.9321 -0.1531
vn -0.5777 0.8162 0.0088
vn -0.5732 0.8194 0.0055
vn 0.4223 0.2898 0.8589
vn 0.4222 0.2898 0.8589
vn 0.4222 0.2899 0.8589
vn 0.4222 0.2897 0.8589
vn 0.4223 0.2897 0.8589
vn 0.8277 -0.5097 -0.2350
vn 0.6729 -0.7350 -0.0829
vn 0.6729 -0.7351 -0.0829
vn 0.4523 -0.8885 0.0774
vn 0.1874 -0.9550 0.2300
vn -0.0958 -0.9280 0.3601
vn -0.3697 -0.8101 0.4550
vn -0.6073 -0.6130 0.5054
vn -0.7856 -0.3558 0.5062
vn -0.8869 -0.0639 0.4576
vn -0.9014 0.2344 0.3641
vn -0.8277 0.5097 0.2350
vn -0.6729 0.7351 0.0829
vn -0.4523 0.8885 -0.0774
vn -0.1874 0.9550 -0.2300
vn 0.0958 0.9280 -0.3602
vn 0.3697 0.8101 -0.4550
vn 0.6073 0.6130 -0.5054
vn 0.7856 0.3558 -0.5063
vn 0.7855 0.3558 -0.5063
vn 0.8869 0.0639 -0.4576
vn 0.8869 0.0638 -0.4576
vn 0.9014 -0.2343 -0.3641
vn 0.9014 -0.2344 -0.3641
vn 0.7075 0.4870 -0.5121
vn 0.5040 0.7125 -0.4882
vn 0.7130 0.4790 -0.5121
vn 0.8509 0.2001 -0.4858
vn 0.9057 -0.0954 -0.4131
vn 0.8747 -0.3788 -0.3023
vn 0.7624 -0.6260 -0.1637
vn 0.5777 -0.8162 -0.0087
vn 0.3356 -0.9302 0.1488
vn 0.0586 -0.9543 0.2931
vn -0.2256 -0.8841 0.4092
vn -0.4880 -0.7258 0.4848
vn -0.7020 -0.4949 0.5121
vn -0.8484 -0.2075 0.4871
vn -0.8458 -0.2147 0.4883
vn -0.9055 0.0906 0.4146
vn -0.9052 0.0859 0.4161
vn -0.8753 0.3767 0.3033
vn -0.7596 0.6302 0.1609
vn -0.5732 0.8194 0.0054
vn -0.5688 0.8225 0.0023
vn -0.3208 0.9340 -0.1573
vn -0.0494 0.9535 -0.2974
vn -0.0403 0.9526 -0.3016
vn 0.2443 0.8761 -0.4157
vn 0.5733 -0.8194 -0.0054
vn -0.7610 0.6281 0.1622
vn -0.5733 0.8194 0.0054
vn 0.7610 -0.6281 -0.1622
vn -0.4223 -0.2897 -0.8589
vn -0.4224 -0.2896 -0.8589
vn -0.4222 -0.2898 -0.8589
vn -0.4222 -0.2897 -0.8589
vn -0.4224 -0.2898 -0.8589
vn -0.4224 -0.2898 -0.8588
vn -0.4224 -0.2897 -0.8589
vn -0.4224 -0.2897 -0.8588
vn -0.4222 -0.2897 -0.8590
vn -0.8277 0.5096 0.2350
vn -0.7856 -0.3559 0.5062
vn 0.1874 -0.9550 0.2301
vn 0.8277 -0.5096 -0.2350
vn 0.3697 0.8101 -0.4551
vn 0.0958 0.9280 -0.3601
vn -0.1875 0.9550 -0.2300
vn -0.7565 -0.5230 -0.3926
vn -0.8007 -0.5557 0.2240
vn -0.8012 -0.5560 0.2212
vn -0.3232 -0.2270 0.9187
vn 0.6290 0.4337 0.6452
vn 0.7600 0.5254 0.3825
vn 0.8190 0.5673 0.0857
vn 0.3376 0.2372 -0.9109
vn 0.0905 0.0662 -0.9937
vn 0.0733 0.0542 -0.9958
vn -0.4092 -0.2807 -0.8682
vn -0.5695 0.8220 0.0030
vn -0.5698 0.8218 0.0031
vn -0.5696 0.8219 0.0029
vn -0.5700 0.8217 0.0030
vn -0.5694 0.8220 0.0026
vn -0.5694 0.8220 0.0027
vn -0.5695 0.8220 0.0029
vn -0.8200 -0.5686 0.0663
vn 0.8200 0.5685 -0.0663
vn 0.8011 0.5561 -0.2213
vn 0.8006 0.5557 -0.2240
vn 0.8187 0.5672 0.0900
vn 0.8184 0.5670 0.0941
vn -0.0905 -0.0662 0.9937
vn -0.3376 -0.2371 0.9109
vn -0.7097 -0.4936 0.5027
vn -0.8017 -0.5564 0.2184
vn -0.8191 -0.5673 -0.0856
vn -0.1840 -0.1242 -0.9751
vn 0.0561 0.0423 -0.9975
vn 0.5696 -0.8219 -0.0029
vn 0.5697 -0.8219 -0.0029
vn 0.5698 -0.8218 -0.0030
vn 0.5699 -0.8217 -0.0031
vn 0.5698 -0.8218 -0.0028
vn 0.5698 -0.8218 -0.0029
vn 0.5698 -0.8217 -0.0030
vn 0.5698 -0.8218 -0.0031
vn 0.5695 -0.8220 -0.0028
vn 0.5695 -0.8220 -0.0029
vn 0.5695 -0.8220 -0.0027
vn 0.5694 -0.8220 -0.0027
vn 0.5693 -0.8221 -0.0026
vn -0.3068 -0.2095 -0.9285
vn -0.8199 -0.5686 0.0664
vn -0.7625 -0.5297 0.3715
vn 0.7625 0.5298 -0.3715
vn 0.7624 0.5298 -0.3715
vn 0.4366 0.3054 -0.8463
vn -0.0562 -0.0355 -0.9978
vn -0.7625 0.6260 0.1636
vn -0.8748 0.3787 0.3022
vn -0.9057 0.0954 0.4131
vn -0.7130 -0.4790 0.5121
vn -0.5040 -0.7125 0.4881
vn 0.3208 -0.9340 0.1573
vn 0.5688 -0.8225 -0.0022
vn 0.7596 -0.6301 -0.1609
vn 0.8753 -0.3767 -0.3033
vn 0.9053 -0.0859 -0.4161
vn 0.8459 0.2147 -0.4882
vn 0.8484 0.2075 -0.4870
vn 0.7021 0.4949 -0.5121
vn 0.4880 0.7259 -0.4847
vn -0.0586 0.9543 -0.2932
vn -0.3356 0.9302 -0.1488
vn -0.5777 0.8162 0.0087
vn 0.4222 0.2897 0.8590
vn -0.0958 -0.9280 0.3602
vn -0.7855 -0.3558 0.5063
vn -0.6729 0.7350 0.0829
vn -0.8459 -0.2147 0.4883
vn -0.9053 0.0859 0.4161
vn -0.7596 0.6301 0.1609
vn -0.5689 0.8224 0.0022
vn -0.3208 0.9340 -0.1574
vn 0.2349 0.8802 -0.4125
vn 0.8484 0.2075 -0.4871
vn -0.4222 -0.2896 -0.8590
vn -0.6729 0.7350 0.0828
vn -0.8869 -0.0638 0.4576
vn -0.0958 -0.9279 0.3602
vn 0.6729 -0.7350 -0.0828
vn 0.6730 -0.7350 -0.0828
vn 0.8869 0.0639 -0.4575
vn 0.7856 0.3558 -0.5062
vn -0.9023 0.4302 -0.0270
vn -0.9339 0.2589 -0.2466
vn -0.8006 -0.3721 0.4697
vn -0.9052 0.0643 -0.4201
vn -0.8339 -0.1260 -0.5374
vn -0.7363 -0.2992 -0.6068
vn -0.6113 -0.4658 -0.6398
vn -0.4414 -0.6419 -0.6270
vn -0.2127 -0.8195 -0.5322
vn 0.0597 -0.9471 -0.3153
vn 0.3155 -0.9487 0.0192
vn 0.4778 -0.7827 0.3988
vn 0.4984 -0.4816 0.7209
vn 0.3836 -0.1378 0.9132
vn 0.1915 0.1545 0.9693
vn -0.0111 0.3555 0.9346
vn -0.1918 0.4798 0.8562
vn -0.3534 0.5574 0.7513
vn -0.5118 0.6023 0.6126
vn -0.6703 0.6053 0.4293
vn -0.8096 0.5491 0.2073
vn -0.2265 0.8402 0.4927
vn 0.6773 -0.2520 0.6912
vn 0.7091 -0.4910 0.5060
vn 0.5680 -0.8230 -0.0060
vn -0.6773 0.2520 -0.6912
vn -0.7090 0.5025 -0.4947
vn 0.5706 -0.8212 -0.0007
vn -0.7090 0.4968 -0.5005
vn -0.7560 -0.6359 0.1556
vn -0.8484 -0.4850 0.2121
vn 0.2731 0.9548 -0.1174
vn 0.9985 0.0378 -0.0395
vn -0.3697 -0.7616 0.5323
vn -0.8662 0.4878 0.1085
vn 0.0389 -0.8957 -0.4430
vn 0.9177 0.2747 -0.2870
vn -0.2862 0.7811 0.5549
vn 0.7156 -0.6984 0.0095
vn -0.5786 -0.4606 0.6730
vn -0.8221 0.3733 -0.4298
vn -0.6968 0.5379 -0.4745
vn -0.4072 -0.7583 0.5091
vn 0.5912 -0.7210 0.3615
vn -0.7191 0.0637 -0.6920
vn -0.8320 0.3793 -0.4049
vn -0.7367 0.6754 -0.0320
vn -0.9193 0.0102 0.3935
vn 0.2742 -0.9590 -0.0711
vt 0.574301 0.132108
vt 0.563205 0.110329
vt 0.602641 0.081677
vt 0.620661 0.117045
vt 0.545921 0.093046
vt 0.574573 0.053610
vt 0.524142 0.081949
vt 0.539205 0.035589
vt 0.500000 0.078125
vt 0.500000 0.029379
vt 0.475858 0.081949
vt 0.460795 0.035589
vt 0.454079 0.093046
vt 0.425427 0.053610
vt 0.436796 0.110329
vt 0.397360 0.081677
vt 0.425699 0.132108
vt 0.379339 0.117045
vt 0.421875 0.156250
vt 0.373129 0.156250
vt 0.425699 0.180392
vt 0.379339 0.195455
vt 0.436796 0.202171
vt 0.397360 0.230823
vt 0.454079 0.219454
vt 0.425427 0.258890
vt 0.475858 0.230551
vt 0.460795 0.276911
vt 0.500000 0.234375
vt 0.500000 0.283121
vt 0.524142 0.230551
vt 0.539205 0.276911
vt 0.545921 0.219454
vt 0.574573 0.258890
vt 0.563204 0.202171
vt 0.602640 0.230823
vt 0.574301 0.180392
vt 0.620661 0.195455
vt 0.578125 0.156250
vt 0.626871 0.156250
vt 0.375000 0.312500
vt 0.387500 0.312500
vt 0.387500 0.316499
vt 0.375000 0.316499
vt 0.400000 0.312500
vt 0.400000 0.316499
vt 0.412500 0.312500
vt 0.412500 0.316499
vt 0.425000 0.312500
vt 0.425000 0.316499
vt 0.437500 0.312500
vt 0.437500 0.316499
vt 0.450000 0.312500
vt 0.450000 0.316499
vt 0.462500 0.312500
vt 0.462500 0.316499
vt 0.475000 0.312500
vt 0.475000 0.316499
vt 0.487500 0.312500
vt 0.487500 0.316499
vt 0.500000 0.312500
vt 0.500000 0.316499
vt 0.512500 0.312500
vt 0.512500 0.316499
vt 0.525000 0.312500
vt 0.525000 0.316499
vt 0.537500 0.312500
vt 0.537500 0.316499
vt 0.550000 0.312500
vt 0.550000 0.316499
vt 0.562500 0.312500
vt 0.562500 0.316499
vt 0.575000 0.312500
vt 0.575000 0.316499
vt 0.587500 0.312500
vt 0.587500 0.316499
vt 0.600000 0.312500
vt 0.600000 0.316499
vt 0.612500 0.312500
vt 0.612500 0.316499
vt 0.625000 0.312500
vt 0.625000 0.316499
vt 0.648603 0.892034
vt 0.626409 0.935591
vt 0.625152 0.934679
vt 0.647126 0.891554
vt 0.591841 0.970159
vt 0.590929 0.968903
vt 0.548284 0.992353
vt 0.547804 0.990876
vt 0.500000 1.000000
vt 0.500000 0.998447
vt 0.451716 0.992353
vt 0.452196 0.990876
vt 0.408159 0.970159
vt 0.409071 0.968903
vt 0.373591 0.935591
vt 0.374847 0.934679
vt 0.351397 0.892034
vt 0.352874 0.891554
vt 0.343750 0.843750
vt 0.345303 0.843750
vt 0.351397 0.795466
vt 0.352874 0.795946
vt 0.373591 0.751909
vt 0.374847 0.752821
vt 0.408159 0.717341
vt 0.409071 0.718597
vt 0.451716 0.695147
vt 0.452196 0.696624
vt 0.500000 0.687500
vt 0.500000 0.689053
vt 0.548284 0.695147
vt 0.547804 0.696624
vt 0.591842 0.717341
vt 0.590929 0.718597
vt 0.626409 0.751908
vt 0.625153 0.752821
vt 0.648603 0.795466
vt 0.647126 0.795946
vt 0.656250 0.843750
vt 0.654697 0.843750
vt 0.574301 0.160728
vt 0.563204 0.140644
vt 0.578125 0.182992
vt 0.574301 0.205256
vt 0.563204 0.225340
vt 0.545921 0.241280
vt 0.524142 0.251513
vt 0.500000 0.255039
vt 0.475858 0.251513
vt 0.454079 0.241280
vt 0.436796 0.225340
vt 0.425699 0.205256
vt 0.421875 0.182992
vt 0.425699 0.160728
vt 0.436796 0.140644
vt 0.454079 0.124705
vt 0.475858 0.114471
vt 0.500000 0.110945
vt 0.524142 0.114471
vt 0.545921 0.124705
vt 0.550000 0.684505
vt 0.562500 0.684505
vt 0.562500 0.688440
vt 0.550000 0.688440
vt 0.537500 0.684505
vt 0.537500 0.688440
vt 0.525000 0.684505
vt 0.525000 0.688440
vt 0.512500 0.684505
vt 0.512500 0.688440
vt 0.500000 0.684505
vt 0.500000 0.688440
vt 0.487500 0.684505
vt 0.487500 0.688440
vt 0.475000 0.684505
vt 0.475000 0.688440
vt 0.462500 0.684505
vt 0.462500 0.688440
vt 0.450000 0.684505
vt 0.450000 0.688440
vt 0.437500 0.684505
vt 0.437500 0.688440
vt 0.425000 0.684505
vt 0.425000 0.688440
vt 0.412500 0.684505
vt 0.412500 0.688440
vt 0.400000 0.684505
vt 0.400000 0.688440
vt 0.387500 0.684505
vt 0.387500 0.688440
vt 0.375000 0.684505
vt 0.375000 0.688440
vt 0.612500 0.684505
vt 0.625000 0.684505
vt 0.625000 0.688440
vt 0.612500 0.688440
vt 0.600000 0.684505
vt 0.600000 0.688440
vt 0.587500 0.684505
vt 0.587500 0.688440
vt 0.575000 0.684505
vt 0.575000 0.688440
vt 0.562500 0.524764
vt 0.550000 0.524764
vt 0.537500 0.524764
vt 0.525000 0.524764
vt 0.512500 0.524764
vt 0.500000 0.524764
vt 0.487500 0.524764
vt 0.475000 0.524764
vt 0.462500 0.524764
vt 0.450000 0.524764
vt 0.437500 0.524764
vt 0.425000 0.524764
vt 0.412500 0.524764
vt 0.400000 0.524764
vt 0.387500 0.524764
vt 0.375000 0.524764
vt 0.625000 0.524764
vt 0.612500 0.524764
vt 0.600000 0.524764
vt 0.587500 0.524764
vt 0.575000 0.524764
vt 0.562500 0.644723
vt 0.550000 0.644723
vt 0.537500 0.644723
vt 0.525000 0.644723
vt 0.512500 0.644723
vt 0.500000 0.644723
vt 0.487500 0.644723
vt 0.475000 0.644723
vt 0.462500 0.644723
vt 0.450000 0.644723
vt 0.437500 0.644723
vt 0.425000 0.644723
vt 0.412500 0.644723
vt 0.400000 0.644723
vt 0.387500 0.644723
vt 0.375000 0.644723
vt 0.625000 0.644723
vt 0.612500 0.644723
vt 0.600000 0.644723
vt 0.587500 0.644723
vt 0.575000 0.644723
vt 0.500000 0.747033
vt 0.470113 0.751767
vt 0.443151 0.765504
vt 0.421754 0.786901
vt 0.408017 0.813863
vt 0.403283 0.843750
vt 0.408017 0.873637
vt 0.421754 0.900599
vt 0.443151 0.921996
vt 0.470113 0.935733
vt 0.500000 0.940467
vt 0.529887 0.935733
vt 0.556849 0.921996
vt 0.578246 0.900599
vt 0.591983 0.873637
vt 0.596717 0.843750
vt 0.591983 0.813863
vt 0.578246 0.786901
vt 0.556849 0.765504
vt 0.529887 0.751767
vt 0.352890 0.204049
vt 0.374861 0.247169
vt 0.373591 0.248091
vt 0.351397 0.204534
vt 0.345320 0.156250
vt 0.343750 0.156250
vt 0.352890 0.108451
vt 0.351397 0.107966
vt 0.374861 0.065331
vt 0.373591 0.064409
vt 0.409081 0.031111
vt 0.408159 0.029841
vt 0.452201 0.009140
vt 0.451716 0.007647
vt 0.500000 0.001570
vt 0.500000 -0.000000
vt 0.547799 0.009140
vt 0.548284 0.007647
vt 0.590919 0.031111
vt 0.591842 0.029841
vt 0.625139 0.065331
vt 0.626409 0.064408
vt 0.647110 0.108451
vt 0.648603 0.107966
vt 0.654680 0.156250
vt 0.656250 0.156250
vt 0.647110 0.204049
vt 0.648603 0.204534
vt 0.625139 0.247169
vt 0.626409 0.248091
vt 0.590919 0.281389
vt 0.591841 0.282659
vt 0.547799 0.303360
vt 0.548284 0.304853
vt 0.500000 0.310930
vt 0.500000 0.312500
vt 0.452201 0.303360
vt 0.451716 0.304853
vt 0.409081 0.281389
vt 0.408159 0.282659
vt 0.421875 0.833799
vt 0.425699 0.857242
vt 0.425699 0.867892
vt 0.421875 0.843750
vt 0.425699 0.810356
vt 0.425699 0.819608
vt 0.436796 0.789207
vt 0.436796 0.797829
vt 0.454079 0.772424
vt 0.454079 0.780546
vt 0.475858 0.761648
vt 0.475858 0.769449
vt 0.500000 0.757935
vt 0.500000 0.765625
vt 0.524142 0.761648
vt 0.524142 0.769449
vt 0.545921 0.772424
vt 0.545921 0.780545
vt 0.563205 0.789207
vt 0.563205 0.797829
vt 0.574301 0.810356
vt 0.574301 0.819608
vt 0.578125 0.833799
vt 0.578125 0.843750
vt 0.574301 0.857242
vt 0.574301 0.867892
vt 0.563204 0.878390
vt 0.563204 0.889671
vt 0.545921 0.895174
vt 0.545921 0.906954
vt 0.524142 0.905949
vt 0.524142 0.918051
vt 0.500000 0.909662
vt 0.500000 0.921875
vt 0.475858 0.905949
vt 0.475858 0.918051
vt 0.454079 0.895174
vt 0.454079 0.906954
vt 0.436796 0.878390
vt 0.436796 0.889671
vt 0.387500 0.348783
vt 0.375000 0.348783
vt 0.400000 0.348783
vt 0.412500 0.348783
vt 0.425000 0.348783
vt 0.437500 0.348783
vt 0.450000 0.348783
vt 0.462500 0.348783
vt 0.475000 0.348783
vt 0.487500 0.348783
vt 0.500000 0.348783
vt 0.512500 0.348783
vt 0.525000 0.348783
vt 0.537500 0.348783
vt 0.550000 0.348783
vt 0.562500 0.348783
vt 0.575000 0.348783
vt 0.587500 0.348783
vt 0.600000 0.348783
vt 0.612500 0.348783
vt 0.625000 0.348783
vt 0.622733 0.932921
vt 0.644282 0.890630
vt 0.589171 0.966483
vt 0.546880 0.988032
vt 0.500000 0.995457
vt 0.453120 0.988032
vt 0.410829 0.966483
vt 0.377267 0.932921
vt 0.355718 0.890630
vt 0.348293 0.843750
vt 0.355718 0.796870
vt 0.377267 0.754579
vt 0.410829 0.721017
vt 0.453120 0.699468
vt 0.500000 0.692043
vt 0.546880 0.699468
vt 0.589171 0.721017
vt 0.622733 0.754579
vt 0.644282 0.796870
vt 0.651707 0.843750
vt 0.500000 0.150000
vt 0.500000 0.837500
vt 0.573305 0.742855
vt 0.600895 0.770445
vt 0.597923 0.772605
vt 0.571145 0.745827
vt 0.538538 0.725141
vt 0.537403 0.728635
vt 0.500000 0.719037
vt 0.500000 0.722711
vt 0.461462 0.725141
vt 0.462597 0.728635
vt 0.426695 0.742855
vt 0.428855 0.745827
vt 0.399105 0.770445
vt 0.402077 0.772605
vt 0.381391 0.805212
vt 0.384885 0.806347
vt 0.375287 0.843750
vt 0.378961 0.843750
vt 0.381391 0.882288
vt 0.384885 0.881153
vt 0.399105 0.917055
vt 0.402077 0.914895
vt 0.426695 0.944645
vt 0.428855 0.941673
vt 0.461462 0.962359
vt 0.462597 0.958865
vt 0.500000 0.968463
vt 0.500000 0.964789
vt 0.538538 0.962359
vt 0.537403 0.958865
vt 0.573305 0.944645
vt 0.571145 0.941673
vt 0.600895 0.917055
vt 0.597923 0.914895
vt 0.618609 0.882288
vt 0.615115 0.881153
vt 0.624713 0.843750
vt 0.621039 0.843750
vt 0.618609 0.805212
vt 0.615115 0.806347
vt 0.542217 0.713820
vt 0.580301 0.733225
vt 0.576963 0.737820
vt 0.540462 0.719221
vt 0.500000 0.707134
vt 0.500000 0.712813
vt 0.457783 0.713820
vt 0.459538 0.719221
vt 0.419699 0.733225
vt 0.423037 0.737820
vt 0.389475 0.763449
vt 0.394070 0.766787
vt 0.370070 0.801533
vt 0.375471 0.803288
vt 0.363384 0.843750
vt 0.369063 0.843750
vt 0.370070 0.885967
vt 0.375471 0.884212
vt 0.389475 0.924051
vt 0.394070 0.920713
vt 0.419699 0.954275
vt 0.423037 0.949680
vt 0.457783 0.973680
vt 0.459538 0.968279
vt 0.500000 0.980366
vt 0.500000 0.974687
vt 0.542217 0.973680
vt 0.540462 0.968279
vt 0.580301 0.954275
vt 0.576963 0.949680
vt 0.610525 0.924051
vt 0.605930 0.920713
vt 0.629930 0.885967
vt 0.624529 0.884212
vt 0.636616 0.843750
vt 0.630937 0.843750
vt 0.629930 0.801533
vt 0.624529 0.803288
vt 0.610525 0.763449
vt 0.605930 0.766787
vt 0.580301 0.733225
vt 0.370070 0.801533
vt 0.370070 0.885967
vt 0.457783 0.973680
vt 0.610525 0.763449
vt 0.363384 0.843750
vt 0.419699 0.954275
vt 0.580301 0.954275
vt 0.610525 0.924051
vt 0.636616 0.843750
vt 0.610525 0.763449
vt 0.426099 0.945467
vt 0.461148 0.963325
vt 0.500000 0.969478
vt 0.538852 0.963325
vt 0.573901 0.945467
vt 0.601717 0.917651
vt 0.619575 0.882602
vt 0.625728 0.843750
vt 0.619575 0.804898
vt 0.601717 0.769849
vt 0.573901 0.742033
vt 0.538852 0.724175
vt 0.500000 0.718022
vt 0.461148 0.724175
vt 0.426099 0.742033
vt 0.398283 0.769849
vt 0.380425 0.804898
vt 0.374271 0.843750
vt 0.380425 0.882602
vt 0.398283 0.917651
vt 0.389015 0.879811
vt 0.405591 0.912342
vt 0.431408 0.938159
vt 0.463939 0.954735
vt 0.500000 0.960446
vt 0.536061 0.954735
vt 0.568592 0.938159
vt 0.594409 0.912342
vt 0.610985 0.879811
vt 0.616696 0.843750
vt 0.610985 0.807689
vt 0.594409 0.775158
vt 0.568592 0.749341
vt 0.536061 0.732765
vt 0.500000 0.727054
vt 0.463939 0.732765
vt 0.431408 0.749341
vt 0.405591 0.775158
vt 0.389015 0.807689
vt 0.383304 0.843750
vt 0.384885 0.881153
vt 0.621039 0.843750
vt 0.384885 0.806347
vt 0.574301 0.867892
vt 0.545921 0.906955
vt 0.475858 0.918051
vt 0.454079 0.906955
vt 0.425699 0.867892
vt 0.454079 0.780546
vt 0.475858 0.769449
vt 0.545921 0.780546
vt 0.574301 0.819608
vt 0.629930 0.801533
vt 0.462597 0.958865
vt 0.537403 0.958865
vt 0.500000 0.722711
vt 0.462597 0.728635
vt 0.428855 0.745827
vt 0.378961 0.843750
vt 0.428855 0.941673
vt 0.462597 0.958865
vt 0.500000 0.964789
vt 0.537403 0.958865
vt 0.571145 0.941673
vt 0.621039 0.843750
vt 0.571145 0.745827
vt 0.537403 0.728635
vt 0.462597 0.728635
vt 0.402077 0.772605
vt 0.378961 0.843750
vt 0.402077 0.914895
vt 0.597923 0.914895
vt 0.615115 0.881153
vt 0.621039 0.843750
vt 0.597923 0.772605
vt 0.537403 0.728635
vt 0.472992 0.760627
vt 0.500000 0.756349
vt 0.448627 0.773041
vt 0.429291 0.792377
vt 0.416877 0.816742
vt 0.412599 0.843750
vt 0.416877 0.870758
vt 0.429291 0.895123
vt 0.448627 0.914459
vt 0.472992 0.926873
vt 0.500000 0.931151
vt 0.527008 0.926873
vt 0.551373 0.914459
vt 0.570709 0.895123
vt 0.583123 0.870758
vt 0.587401 0.843750
vt 0.583123 0.816742
vt 0.570709 0.792377
vt 0.551373 0.773041
vt 0.527008 0.760627
vt 0.500000 0.667729
vt 0.512500 0.667729
vt 0.512500 0.687971
vt 0.500000 0.687971
vt 0.487500 0.667729
vt 0.487500 0.687971
vt 0.475000 0.667729
vt 0.475000 0.687971
vt 0.462500 0.667729
vt 0.462500 0.687971
vt 0.450000 0.667729
vt 0.450000 0.687971
vt 0.437500 0.667729
vt 0.437500 0.687971
vt 0.425000 0.667729
vt 0.425000 0.687971
vt 0.412500 0.667729
vt 0.412500 0.687971
vt 0.400000 0.667729
vt 0.400000 0.687971
vt 0.387500 0.667729
vt 0.387500 0.687971
vt 0.375000 0.667729
vt 0.375000 0.687971
vt 0.612500 0.667729
vt 0.625000 0.667729
vt 0.625000 0.687971
vt 0.612500 0.687971
vt 0.600000 0.667729
vt 0.600000 0.687971
vt 0.587500 0.667729
vt 0.587500 0.687971
vt 0.575000 0.667729
vt 0.575000 0.687971
vt 0.562500 0.667729
vt 0.562500 0.687971
vt 0.550000 0.687971
vt 0.550000 0.667729
vt 0.537500 0.667729
vt 0.537500 0.687971
vt 0.525000 0.667729
vt 0.525000 0.687971
vt 0.512500 0.527883
vt 0.500000 0.527883
vt 0.487500 0.527883
vt 0.475000 0.527883
vt 0.462500 0.527883
vt 0.450000 0.527883
vt 0.437500 0.527883
vt 0.425000 0.527883
vt 0.412500 0.527883
vt 0.400000 0.527883
vt 0.387500 0.527883
vt 0.375000 0.527883
vt 0.625000 0.527883
vt 0.612500 0.527883
vt 0.600000 0.527883
vt 0.587500 0.527883
vt 0.575000 0.527883
vt 0.562500 0.527883
vt 0.550000 0.527883
vt 0.537500 0.527883
vt 0.525000 0.527883
vt 0.387376 0.761924
vt 0.367603 0.800732
vt 0.360789 0.843750
vt 0.367603 0.886768
vt 0.387376 0.925576
vt 0.418174 0.956374
vt 0.456982 0.976147
vt 0.500000 0.982961
vt 0.543018 0.976147
vt 0.581826 0.956374
vt 0.612624 0.925576
vt 0.632397 0.886768
vt 0.639211 0.843750
vt 0.632397 0.800732
vt 0.612624 0.761924
vt 0.581826 0.731126
vt 0.543018 0.711353
vt 0.500000 0.704539
vt 0.456982 0.711353
vt 0.418174 0.731126
vt 0.387500 0.504813
vt 0.375000 0.504813
vt 0.400000 0.504813
vt 0.412500 0.504813
vt 0.425000 0.504813
vt 0.437500 0.504813
vt 0.450000 0.504813
vt 0.462500 0.504813
vt 0.475000 0.504813
vt 0.487500 0.504813
vt 0.500000 0.504813
vt 0.512500 0.504813
vt 0.525000 0.504813
vt 0.537500 0.504813
vt 0.550000 0.504813
vt 0.562500 0.504813
vt 0.575000 0.504813
vt 0.587500 0.504813
vt 0.600000 0.504813
vt 0.612500 0.504813
vt 0.625000 0.504813
vt 0.584746 0.905322
vt 0.599625 0.876120
vt 0.561572 0.928496
vt 0.532370 0.943375
vt 0.500000 0.948502
vt 0.467630 0.943375
vt 0.438428 0.928496
vt 0.415254 0.905322
vt 0.400375 0.876120
vt 0.395248 0.843750
vt 0.400375 0.811380
vt 0.415254 0.782178
vt 0.438428 0.759004
vt 0.467630 0.744125
vt 0.500000 0.738998
vt 0.532370 0.744125
vt 0.561572 0.759003
vt 0.584747 0.782178
vt 0.599626 0.811380
vt 0.604752 0.843750
vt 0.587500 0.683511
vt 0.600000 0.683511
vt 0.575000 0.683511
vt 0.562500 0.683511
vt 0.550000 0.683511
vt 0.537500 0.683511
vt 0.525000 0.683511
vt 0.512500 0.683511
vt 0.500000 0.683511
vt 0.487500 0.683511
vt 0.475000 0.683511
vt 0.462500 0.683511
vt 0.450000 0.683511
vt 0.437500 0.683511
vt 0.425000 0.683511
vt 0.412500 0.683511
vt 0.400000 0.683511
vt 0.387500 0.683511
vt 0.375000 0.683511
vt 0.612500 0.683511
vt 0.625000 0.683511
vt 0.587500 0.623537
vt 0.600000 0.623537
vt 0.600000 0.660156
vt 0.587500 0.660156
vt 0.575000 0.623537
vt 0.575000 0.660156
vt 0.562500 0.623537
vt 0.562500 0.660156
vt 0.550000 0.623537
vt 0.550000 0.660156
vt 0.537500 0.623537
vt 0.537500 0.660156
vt 0.525000 0.623537
vt 0.525000 0.660156
vt 0.512500 0.623537
vt 0.512500 0.660156
vt 0.500000 0.623537
vt 0.500000 0.660156
vt 0.487500 0.623537
vt 0.487500 0.660156
vt 0.475000 0.623537
vt 0.475000 0.660156
vt 0.462500 0.623537
vt 0.462500 0.660156
vt 0.450000 0.623537
vt 0.450000 0.660156
vt 0.437500 0.623537
vt 0.437500 0.660156
vt 0.425000 0.623537
vt 0.425000 0.660156
vt 0.412500 0.623537
vt 0.412500 0.660156
vt 0.400000 0.623537
vt 0.400000 0.660156
vt 0.387500 0.623537
vt 0.387500 0.660156
vt 0.375000 0.623537
vt 0.375000 0.660156
vt 0.612500 0.623537
vt 0.625000 0.623537
vt 0.625000 0.660156
vt 0.612500 0.660156
vt 0.600000 0.674922
vt 0.587500 0.674922
vt 0.575000 0.674922
vt 0.562500 0.674922
vt 0.550000 0.674922
vt 0.537500 0.674922
vt 0.525000 0.674922
vt 0.512500 0.674922
vt 0.500000 0.674922
vt 0.487500 0.674922
vt 0.475000 0.674922
vt 0.462500 0.674922
vt 0.450000 0.674922
vt 0.437500 0.674922
vt 0.425000 0.674922
vt 0.412500 0.674922
vt 0.400000 0.674922
vt 0.387500 0.674922
vt 0.375000 0.674922
vt 0.625000 0.674922
vt 0.612500 0.674922
vt 0.526745 0.761438
vt 0.550872 0.773731
vt 0.500000 0.757202
vt 0.473255 0.761438
vt 0.449128 0.773731
vt 0.429981 0.792879
vt 0.417688 0.817005
vt 0.413452 0.843750
vt 0.417688 0.870495
vt 0.429981 0.894621
vt 0.449128 0.913769
vt 0.473255 0.926062
vt 0.500000 0.930298
vt 0.526745 0.926062
vt 0.550872 0.913769
vt 0.570019 0.894621
vt 0.582312 0.870495
vt 0.586548 0.843750
vt 0.582312 0.817005
vt 0.570019 0.792879
s 1
usemtl aiWireframe1.001
f 281/327/43 282/328/43 491/329/43 492/330/43
f 282/328/43 283/331/43 490/332/43 491/329/43
f 283/331/43 284/333/43 489/334/43 490/332/43
f 284/333/43 285/335/43 488/336/43 489/334/43
f 285/335/43 286/337/43 487/338/43 488/336/43
f 286/337/43 287/339/43 486/340/43 487/338/43
f 287/339/43 288/341/43 485/342/43 486/340/43
f 288/341/43 289/343/43 484/344/43 485/342/43
f 289/343/43 290/345/43 483/346/43 484/344/43
f 290/345/43 291/347/43 482/348/43 483/346/43
f 291/347/43 292/349/43 481/350/43 482/348/43
f 292/349/43 293/351/43 500/352/43 481/350/43
f 293/351/43 294/353/43 499/354/43 500/352/43
f 294/353/43 295/355/43 498/356/43 499/354/43
f 295/355/43 296/357/43 497/358/43 498/356/43
f 296/357/43 297/359/43 496/360/43 497/358/43
f 297/359/43 298/361/43 495/362/43 496/360/43
f 298/361/43 299/363/43 494/364/43 495/362/43
f 299/363/43 300/365/43 493/366/43 494/364/43
f 300/365/43 281/327/43 492/330/43 493/366/43
f 301/367/44 302/368/45 395/369/45 396/370/44
f 302/368/45 303/371/46 394/372/46 395/369/45
f 303/371/46 304/373/47 393/374/47 394/372/46
f 304/373/47 305/375/48 392/376/48 393/374/47
f 305/375/48 306/377/49 391/378/49 392/376/48
f 306/377/49 307/379/50 390/380/50 391/378/49
f 307/379/50 308/381/51 389/382/51 390/380/50
f 308/381/51 309/383/52 388/384/52 389/382/51
f 309/383/52 310/385/53 387/386/53 388/384/52
f 310/385/53 311/387/54 386/388/54 387/386/53
f 311/387/54 312/389/55 385/390/55 386/388/54
f 312/389/55 313/391/56 384/392/56 385/390/55
f 313/391/56 314/393/57 383/394/57 384/392/56
f 314/393/57 315/395/58 382/396/58 383/394/57
f 315/395/58 316/397/59 381/398/59 382/396/58
f 316/397/59 317/399/60 400/400/60 381/398/59
f 317/399/60 318/401/61 399/402/61 400/400/60
f 318/401/61 319/403/62 398/404/62 399/402/61
f 319/403/62 320/405/63 397/406/63 398/404/62
f 320/405/63 301/407/44 396/408/44 397/406/63
f 321/409/64 322/410/64 454/411/64 455/412/64
f 322/410/64 323/413/64 453/414/64 454/411/64
f 323/413/64 324/415/64 452/416/64 453/414/64
f 324/415/64 325/417/64 451/418/64 452/416/64
f 325/417/64 326/419/64 450/420/64 451/418/64
f 326/419/64 327/421/64 449/422/64 450/420/64
f 327/421/64 328/423/64 448/424/64 449/422/64
f 328/423/64 329/425/64 447/426/64 448/424/64
f 329/425/64 330/427/64 446/428/64 447/426/64
f 330/427/64 331/429/64 445/430/64 446/428/64
f 331/429/64 332/431/64 444/432/64 445/430/64
f 332/431/64 333/433/64 443/434/64 444/432/64
f 333/433/64 334/435/64 442/436/64 443/434/64
f 334/435/64 335/437/64 441/438/64 442/436/64
f 335/437/64 336/439/64 460/440/64 441/438/64
f 336/439/64 337/441/64 459/442/64 460/440/64
f 337/441/64 338/443/64 458/444/64 459/442/64
f 338/443/64 339/445/64 457/446/64 458/444/64
f 339/445/64 340/447/64 456/448/64 457/446/64
f 340/447/64 321/409/64 455/412/64 456/448/64
f 282/328/65 281/327/65 533/449/65 534/450/65
f 281/327/66 300/365/66 532/451/66 533/449/66
f 300/365/67 299/363/67 531/452/67 532/451/67
f 299/363/68 298/361/68 530/453/68 531/452/68
f 298/361/69 297/359/69 529/454/69 530/453/69
f 297/359/70 296/357/70 528/455/70 529/454/70
f 296/357/71 295/355/71 527/456/71 528/455/71
f 295/355/72 294/353/72 526/457/72 527/456/72
f 294/353/73 293/351/73 525/458/73 526/457/73
f 293/351/74 292/349/74 524/459/74 525/458/74
f 292/349/75 291/347/75 523/460/75 524/459/75
f 291/347/76 290/345/76 522/461/76 523/460/76
f 290/345/77 289/343/77 521/462/77 522/461/77
f 289/343/78 288/341/78 540/463/78 521/462/78
f 288/341/79 287/339/79 539/464/79 540/463/79
f 287/339/80 286/337/80 538/465/80 539/464/80
f 286/337/81 285/335/81 537/466/81 538/465/81
f 285/335/82 284/333/82 536/467/82 537/466/82
f 284/333/83 283/331/83 535/468/83 536/467/83
f 283/331/84 282/328/84 534/450/84 535/468/84
f 362/469/58 361/470/59 336/471/59 335/472/58
f 363/473/57 362/469/58 335/472/58 334/474/57
f 364/475/56 363/473/57 334/474/57 333/476/56
f 365/477/55 364/475/56 333/476/56 332/478/55
f 366/479/54 365/477/55 332/478/55 331/480/54
f 367/481/53 366/479/54 331/480/54 330/482/53
f 368/483/52 367/481/53 330/482/53 329/484/52
f 369/485/51 368/483/52 329/484/52 328/486/51
f 370/487/50 369/485/51 328/486/51 327/488/50
f 371/489/49 370/487/50 327/488/50 326/490/49
f 372/491/48 371/489/49 326/490/49 325/492/48
f 373/493/47 372/491/48 325/492/48 324/494/47
f 374/495/46 373/493/47 324/494/47 323/496/46
f 375/497/45 374/495/46 323/496/46 322/498/45
f 376/499/44 375/497/45 322/498/45 321/500/44
f 377/501/63 376/502/44 321/503/44 340/504/63
f 378/505/62 377/501/63 340/504/63 339/506/62
f 379/507/61 378/505/62 339/506/62 338/508/61
f 380/509/60 379/507/61 338/508/61 337/510/60
f 361/470/59 380/509/60 337/510/60 336/471/59
f 382/396/58 381/398/59 401/511/59 402/512/58
f 383/394/57 382/396/58 402/512/58 403/513/57
f 384/392/56 383/394/57 403/513/57 404/514/56
f 385/390/55 384/392/56 404/514/56 405/515/55
f 386/388/54 385/390/55 405/515/55 406/516/54
f 387/386/53 386/388/54 406/516/54 407/517/53
f 388/384/52 387/386/53 407/517/53 408/518/52
f 389/382/51 388/384/52 408/518/52 409/519/51
f 390/380/50 389/382/51 409/519/51 410/520/50
f 391/378/49 390/380/50 410/520/50 411/521/49
f 392/376/48 391/378/49 411/521/49 412/522/48
f 393/374/47 392/376/48 412/522/48 413/523/47
f 394/372/46 393/374/47 413/523/47 414/524/46
f 395/369/45 394/372/46 414/524/46 415/525/45
f 396/370/44 395/369/45 415/525/45 416/526/44
f 397/406/63 396/408/44 416/527/44 417/528/63
f 398/404/62 397/406/63 417/528/63 418/529/62
f 399/402/61 398/404/62 418/529/62 419/530/61
f 400/400/60 399/402/61 419/530/61 420/531/60
f 381/398/59 400/400/60 420/531/60 401/511/59
f 402/512/58 401/511/59 421/532/59 422/533/58
f 403/513/57 402/512/58 422/533/58 423/534/57
f 404/514/56 403/513/57 423/534/57 424/535/56
f 405/515/55 404/514/56 424/535/56 425/536/55
f 406/516/54 405/515/55 425/536/55 426/537/54
f 407/517/53 406/516/54 426/537/54 427/538/53
f 408/518/52 407/517/53 427/538/53 428/539/52
f 409/519/51 408/518/52 428/539/52 429/540/51
f 410/520/50 409/519/51 429/540/51 430/541/50
f 411/521/49 410/520/50 430/541/50 431/542/49
f 412/522/48 411/521/49 431/542/49 432/543/48
f 413/523/47 412/522/48 432/543/48 433/544/47
f 414/524/46 413/523/47 433/544/47 434/545/46
f 415/525/45 414/524/46 434/545/46 435/546/45
f 416/526/44 415/525/45 435/546/45 436/547/44
f 417/528/63 416/527/44 436/548/44 437/549/63
f 418/529/62 417/528/63 437/549/63 438/550/62
f 419/530/61 418/529/62 438/550/62 439/551/61
f 420/531/60 419/530/61 439/551/61 440/552/60
f 401/511/59 420/531/60 440/552/60 421/532/59
f 422/533/58 421/532/59 361/470/59 362/469/58
f 423/534/57 422/533/58 362/469/58 363/473/57
f 424/535/56 423/534/57 363/473/57 364/475/56
f 425/536/55 424/535/56 364/475/56 365/477/55
f 426/537/54 425/536/55 365/477/55 366/479/54
f 427/538/53 426/537/54 366/479/54 367/481/53
f 428/539/52 427/538/53 367/481/53 368/483/52
f 429/540/51 428/539/52 368/483/52 369/485/51
f 430/541/50 429/540/51 369/485/51 370/487/50
f 431/542/49 430/541/50 370/487/50 371/489/49
f 432/543/48 431/542/49 371/489/49 372/491/48
f 433/544/47 432/543/48 372/491/48 373/493/47
f 434/545/46 433/544/47 373/493/47 374/495/46
f 435/546/45 434/545/46 374/495/46 375/497/45
f 436/547/44 435/546/45 375/497/45 376/499/44
f 437/549/63 436/548/44 376/502/44 377/501/63
f 438/550/62 437/549/63 377/501/63 378/505/62
f 439/551/61 438/550/62 378/505/62 379/507/61
f 440/552/60 439/551/61 379/507/61 380/509/60
f 421/532/59 440/552/60 380/509/60 361/470/59
f 442/436/64 441/438/64 545/553/64 546/554/64
f 443/434/64 442/436/64 546/554/64 547/555/64
f 444/432/64 443/434/64 547/555/64 548/556/64
f 445/430/64 444/432/64 548/556/64 549/557/64
f 446/428/64 445/430/64 549/557/64 550/558/64
f 447/426/64 446/428/64 550/558/64 551/559/64
f 448/424/64 447/426/64 551/559/64 552/560/64
f 449/422/64 448/424/64 552/560/64 553/561/64
f 450/420/64 449/422/64 553/561/64 554/562/64
f 451/418/64 450/420/64 554/562/64 555/563/64
f 452/416/64 451/418/64 555/563/64 556/564/64
f 453/414/64 452/416/64 556/564/64 557/565/64
f 454/411/64 453/414/64 557/565/64 558/566/64
f 455/412/64 454/411/64 558/566/64 559/567/64
f 456/448/64 455/412/64 559/567/64 560/568/64
f 457/446/64 456/448/64 560/568/64 541/569/64
f 458/444/64 457/446/64 541/569/64 542/570/64
f 459/442/64 458/444/64 542/570/64 543/571/64
f 460/440/64 459/442/64 543/571/64 544/572/64
f 441/438/64 460/440/64 544/572/64 545/553/64
f 462/573/43 461/574/43 312/575/43 311/576/43
f 463/577/43 462/573/43 311/576/43 310/578/43
f 464/579/43 463/577/43 310/578/43 309/580/43
f 465/581/43 464/579/43 309/580/43 308/582/43
f 466/583/43 465/581/43 308/582/43 307/584/43
f 467/585/43 466/583/43 307/584/43 306/586/43
f 468/587/43 467/585/43 306/586/43 305/588/43
f 469/589/43 468/587/43 305/588/43 304/590/43
f 470/591/43 469/589/43 304/590/43 303/592/43
f 471/593/43 470/591/43 303/592/43 302/594/43
f 472/595/43 471/593/43 302/594/43 301/596/43
f 473/597/43 472/595/43 301/596/43 320/598/43
f 474/599/43 473/597/43 320/598/43 319/600/43
f 475/601/43 474/599/43 319/600/43 318/602/43
f 476/603/43 475/601/43 318/602/43 317/604/43
f 477/605/43 476/603/43 317/604/43 316/606/43
f 478/607/43 477/605/43 316/606/43 315/608/43
f 479/609/43 478/607/43 315/608/43 314/610/43
f 480/611/43 479/609/43 314/610/43 313/612/43
f 461/574/43 480/611/43 313/612/43 312/575/43
f 482/348/43 481/350/43 461/574/43 462/573/43
f 483/346/43 482/348/43 462/573/43 463/577/43
f 484/344/43 483/346/43 463/577/43 464/579/43
f 485/342/43 484/344/43 464/579/43 465/581/43
f 486/340/43 485/342/43 465/581/43 466/583/43
f 487/338/43 486/340/43 466/583/43 467/585/43
f 488/336/43 487/338/43 467/585/43 468/587/43
f 489/334/43 488/336/43 468/587/43 469/589/43
f 490/332/43 489/334/43 469/589/43 470/591/43
f 491/329/43 490/332/43 470/591/43 471/593/43
f 492/330/43 491/329/43 471/593/43 472/595/43
f 493/366/43 492/330/43 472/595/43 473/597/43
f 494/364/43 493/366/43 473/597/43 474/599/43
f 495/362/43 494/364/43 474/599/43 475/601/43
f 496/360/43 495/362/43 475/601/43 476/603/43
f 497/358/43 496/360/43 476/603/43 477/605/43
f 498/356/43 497/358/43 477/605/43 478/607/43
f 499/354/43 498/356/43 478/607/43 479/609/43
f 500/352/43 499/354/43 479/609/43 480/611/43
f 481/350/43 500/352/43 480/611/43 461/574/43
f 502/613/77 501/614/77 349/615/77 350/616/77
f 503/617/76 502/613/76 350/616/76 351/618/76
f 504/619/75 503/617/75 351/618/75 352/620/75
f 505/621/74 504/619/74 352/620/74 353/622/74
f 506/623/73 505/621/73 353/622/73 354/624/73
f 507/625/72 506/623/72 354/624/72 355/626/72
f 508/627/71 507/625/71 355/626/71 356/628/71
f 509/629/70 508/627/70 356/628/70 357/630/70
f 510/631/69 509/629/69 357/630/69 358/632/69
f 511/633/68 510/631/68 358/632/68 359/634/68
f 512/635/67 511/633/67 359/634/67 360/636/67
f 513/637/66 512/635/66 360/636/66 341/638/66
f 514/639/65 513/637/65 341/638/65 342/640/65
f 515/641/84 514/639/84 342/640/84 343/642/84
f 516/643/83 515/641/83 343/642/83 344/644/83
f 517/645/82 516/643/82 344/644/82 345/646/82
f 518/647/81 517/645/81 345/646/81 346/648/81
f 519/649/80 518/647/80 346/648/80 347/650/80
f 520/651/79 519/649/79 347/650/79 348/652/79
f 501/614/78 520/651/78 348/652/78 349/615/78
f 522/461/77 521/462/77 501/614/77 502/613/77
f 523/460/76 522/461/76 502/613/76 503/617/76
f 524/459/75 523/460/75 503/617/75 504/619/75
f 525/458/74 524/459/74 504/619/74 505/621/74
f 526/457/73 525/458/73 505/621/73 506/623/73
f 527/456/72 526/457/72 506/623/72 507/625/72
f 528/455/71 527/456/71 507/625/71 508/627/71
f 529/454/70 528/455/70 508/627/70 509/629/70
f 530/453/69 529/454/69 509/629/69 510/631/69
f 531/452/68 530/453/68 510/631/68 511/633/68
f 532/451/67 531/452/67 511/633/67 512/635/67
f 533/449/66 532/451/66 512/635/66 513/637/66
f 534/450/65 533/449/65 513/637/65 514/639/65
f 535/468/84 534/450/84 514/639/84 515/641/84
f 536/467/83 535/468/83 515/641/83 516/643/83
f 537/466/82 536/467/82 516/643/82 517/645/82
f 538/465/81 537/466/81 517/645/81 518/647/81
f 539/464/80 538/465/80 518/647/80 519/649/80
f 540/463/79 539/464/79 519/649/79 520/651/79
f 521/462/78 540/463/78 520/651/78 501/614/78
f 542/570/64 541/569/64 359/634/64 358/632/64
f 543/571/64 542/570/64 358/632/64 357/630/64
f 544/572/64 543/571/64 357/630/64 356/628/64
f 545/553/64 544/572/64 356/628/64 355/626/64
f 546/554/64 545/553/64 355/626/64 354/624/64
f 547/555/64 546/554/64 354/624/64 353/622/64
f 548/556/64 547/555/64 353/622/64 352/620/64
f 549/557/64 548/556/64 352/620/64 351/618/64
f 550/558/64 549/557/64 351/618/64 350/616/64
f 551/559/64 550/558/64 350/616/64 349/615/64
f 552/560/64 551/559/64 349/615/64 348/652/64
f 553/561/64 552/560/64 348/652/64 347/650/64
f 554/562/64 553/561/64 347/650/64 346/648/64
f 555/563/64 554/562/64 346/648/64 345/646/64
f 556/564/64 555/563/64 345/646/64 344/644/64
f 557/565/64 556/564/64 344/644/64 343/642/64
f 558/566/64 557/565/64 343/642/64 342/640/64
f 559/567/64 558/566/64 342/640/64 341/638/64
f 560/568/64 559/567/64 341/638/64 360/636/64
f 541/569/64 560/568/64 360/636/64 359/634/64
f 561/327/58 562/328/58 582/594/58 581/596/58
f 562/328/58 563/331/58 583/592/58 582/594/58
f 563/331/58 564/333/58 584/590/58 583/592/58
f 564/333/58 565/335/58 585/588/58 584/590/58
f 565/335/58 566/337/58 586/586/58 585/588/58
f 566/337/58 567/339/58 587/584/58 586/586/58
f 567/339/58 568/341/58 588/582/58 587/584/58
f 568/341/58 569/343/58 589/580/58 588/582/58
f 569/343/58 570/345/58 590/578/58 589/580/58
f 570/345/58 571/347/58 591/576/58 590/578/58
f 571/347/58 572/349/58 592/575/58 591/576/58
f 572/349/58 573/351/58 593/612/58 592/575/58
f 573/351/58 574/353/58 594/610/58 593/612/58
f 574/353/58 575/355/58 595/608/58 594/610/58
f 575/355/58 576/357/58 596/606/58 595/608/58
f 576/357/58 577/359/58 597/604/58 596/606/58
f 577/359/58 578/361/58 598/602/58 597/604/58
f 578/361/58 579/363/58 599/600/58 598/602/58
f 579/363/58 580/365/58 600/598/58 599/600/58
f 580/365/58 561/327/58 581/596/58 600/598/58
f 581/367/85 582/368/86 1173/653/87 1174/654/85
f 582/368/86 583/371/88 1172/655/89 1173/653/87
f 583/371/88 584/373/90 1171/656/90 1172/655/89
f 584/373/90 585/375/63 1170/657/63 1171/656/90
f 585/375/63 586/377/91 1169/658/91 1170/657/63
f 586/377/91 587/379/92 1168/659/92 1169/658/91
f 587/379/92 588/381/93 1167/660/93 1168/659/92
f 588/381/93 589/383/94 1166/661/94 1167/660/93
f 589/383/94 590/385/43 1165/662/43 1166/661/94
f 590/385/43 591/387/95 1164/663/95 1165/662/43
f 591/387/95 592/389/96 1163/664/96 1164/663/95
f 592/389/96 593/391/97 1182/665/97 1163/664/96
f 593/391/97 594/393/98 1181/666/98 1182/665/97
f 594/393/98 595/395/53 1180/667/53 1181/666/98
f 1180/667/53 595/395/53 596/397/99 1179/668/99
f 596/397/99 597/399/100 1178/669/100 1179/668/99
f 597/399/100 598/401/101 1177/670/101 1178/669/100
f 598/401/101 599/403/102 1176/671/102 1177/670/101
f 599/403/102 600/405/64 1175/672/64 1176/671/102
f 600/405/64 581/407/85 1174/673/85 1175/672/64
f 601/409/48 602/410/48 1193/674/48 1194/675/48
f 602/410/48 603/413/48 1192/676/48 1193/674/48
f 603/413/48 604/415/48 1191/677/48 1192/676/48
f 604/415/48 605/417/48 1190/678/48 1191/677/48
f 605/417/48 606/419/48 1189/679/48 1190/678/48
f 606/419/48 607/421/48 1188/680/48 1189/679/48
f 607/421/48 608/423/48 1187/681/48 1188/680/48
f 608/423/48 609/425/48 1186/682/48 1187/681/48
f 609/425/48 610/427/48 1185/683/48 1186/682/48
f 610/427/48 611/429/48 1184/684/48 1185/683/48
f 611/429/48 612/431/48 1183/685/48 1184/684/48
f 612/431/48 613/433/48 1202/686/48 1183/685/48
f 613/433/48 614/435/48 1201/687/48 1202/686/48
f 614/435/48 615/437/48 1200/688/48 1201/687/48
f 1200/688/48 615/437/48 616/439/48 1199/689/48
f 616/439/48 617/441/48 1198/690/48 1199/689/48
f 617/441/48 618/443/48 1197/691/48 1198/690/48
f 618/443/48 619/445/48 1196/692/48 1197/691/48
f 619/445/48 620/447/48 1195/693/48 1196/692/48
f 620/447/48 601/409/48 1194/675/48 1195/693/48
f 562/328/58 561/327/58 621/694/58
f 563/331/58 562/328/58 621/694/58
f 564/333/58 563/331/58 621/694/58
f 565/335/58 564/333/58 621/694/58
f 566/337/58 565/335/58 621/694/58
f 567/339/58 566/337/58 621/694/58
f 568/341/58 567/339/58 621/694/58
f 569/343/58 568/341/58 621/694/58
f 570/345/58 569/343/58 621/694/58
f 571/347/58 570/345/58 621/694/58
f 572/349/58 571/347/58 621/694/58
f 573/351/58 572/349/58 621/694/58
f 574/353/58 573/351/58 621/694/58
f 575/355/58 574/353/58 621/694/58
f 576/357/58 575/355/58 621/694/58
f 577/359/58 576/357/58 621/694/58
f 578/361/58 577/359/58 621/694/58
f 579/363/58 578/361/58 621/694/58
f 580/365/58 579/363/58 621/694/58
f 561/327/58 580/365/58 621/694/58
f 862/638/103 863/640/104 864/695/48
f 863/640/104 865/642/105 864/695/48
f 865/642/105 866/644/106 864/695/48
f 866/644/106 867/646/107 864/695/48
f 867/646/107 868/648/108 864/695/48
f 868/648/108 869/650/109 864/695/48
f 869/650/109 870/652/110 864/695/48
f 870/652/110 871/615/111 864/695/48
f 871/615/111 872/616/112 864/695/48
f 872/616/112 873/618/113 864/695/48
f 873/618/113 874/620/114 864/695/48
f 874/620/114 875/622/115 864/695/48
f 875/622/115 876/624/116 864/695/48
f 876/624/116 877/626/117 864/695/48
f 877/626/117 878/628/118 864/695/48
f 878/628/118 879/630/119 864/695/48
f 879/630/119 880/632/120 864/695/48
f 880/632/120 881/634/121 864/695/48
f 881/634/121 882/636/122 864/695/48
f 882/636/122 862/638/103 864/695/48
f 683/696/48 682/697/48 813/698/48 814/699/48
f 684/700/48 683/696/48 814/699/48 815/701/48
f 685/702/48 684/700/48 815/701/48 816/703/48
f 686/704/48 685/702/48 816/703/48 817/705/48
f 687/706/48 686/704/48 817/705/48 818/707/48
f 688/708/48 687/706/48 818/707/48 819/709/48
f 689/710/48 688/708/48 819/709/48 820/711/48
f 690/712/48 689/710/48 820/711/48 821/713/48
f 691/714/48 690/712/48 821/713/48 802/715/48
f 692/716/48 691/714/48 802/715/48 803/717/48
f 693/718/48 692/716/48 803/717/48 804/719/48
f 694/720/48 693/718/48 804/719/48 805/721/48
f 695/722/48 694/720/48 805/721/48 806/723/48
f 696/724/48 695/722/48 806/723/48 807/725/48
f 697/726/48 696/724/48 807/725/48 808/727/48
f 698/728/48 697/726/48 808/727/48 809/729/48
f 699/730/48 698/728/48 809/729/48 810/731/48
f 700/732/48 699/730/48 810/731/48 811/733/48
f 701/734/48 700/732/48 811/733/48 812/735/48
f 682/697/48 701/734/48 812/735/48 813/698/48
f 663/736/123 662/737/124 792/738/125 793/739/126
f 664/740/127 663/736/123 793/739/126 794/741/128
f 665/742/129 664/740/127 794/741/128 795/743/130
f 666/744/131 665/742/129 795/743/130 796/745/132
f 667/746/133 666/744/131 796/745/132 797/747/134
f 668/748/135 667/746/133 797/747/134 798/749/136
f 669/750/137 668/748/135 798/749/136 799/751/138
f 670/752/139 669/750/137 799/751/138 800/753/140
f 671/754/141 670/752/139 800/753/140 801/755/142
f 672/756/143 671/754/141 801/755/142 782/757/144
f 673/758/145 672/756/143 782/757/144 783/759/146
f 674/760/147 673/758/145 783/759/146 784/761/148
f 675/762/149 674/760/147 784/761/148 785/763/150
f 676/764/151 675/762/149 785/763/150 786/765/152
f 677/766/153 676/764/151 786/765/152 787/767/154
f 678/768/155 677/766/153 787/767/154 788/769/156
f 679/770/157 678/768/155 788/769/156 789/771/158
f 680/772/159 679/770/157 789/771/158 790/773/160
f 681/774/161 680/772/159 790/773/160 791/775/162
f 662/737/124 681/774/161 791/775/162 792/738/125
f 623/736/99 622/737/100 1118/776/163 1119/736/164
f 624/740/53 623/736/99 1119/736/164 1120/740/165
f 625/742/166 624/740/53 1120/740/165 1121/742/167
f 626/744/168 625/742/166 1121/742/167 1122/744/169
f 627/746/170 626/744/168 1122/744/169 1103/746/171
f 628/748/95 627/746/170 1103/746/171 1104/777/172
f 629/750/43 628/748/95 1104/777/172 1105/750/173
f 630/752/94 629/750/43 1105/750/173 1106/778/174
f 631/754/175 630/752/94 1106/778/174 1107/754/176
f 632/756/92 631/754/175 1107/754/176 1108/756/177
f 633/758/91 632/756/92 1108/756/177 1109/779/178
f 634/760/63 633/758/91 1109/779/178 1110/760/179
f 635/762/180 634/760/63 1110/760/179 1111/762/181
f 636/764/89 635/762/180 1111/762/181 1112/764/182
f 637/766/87 636/764/89 1112/764/182 1113/766/183
f 638/768/85 637/766/87 1113/766/183 1114/768/184
f 639/770/64 638/768/85 1114/768/184 1115/770/185
f 640/772/102 639/770/64 1115/770/185 1116/772/186
f 641/774/101 640/772/102 1116/772/186 1117/780/187
f 622/737/100 641/774/101 1117/780/187 1118/776/163
f 643/696/188 642/697/188 682/697/188 683/696/188
f 644/700/189 643/696/189 683/696/189 684/700/189
f 645/702/190 644/700/190 684/700/190 685/702/190
f 646/704/191 645/702/191 685/702/191 686/704/191
f 647/706/192 646/704/192 686/704/192 687/706/192
f 648/708/193 647/706/193 687/706/193 688/708/193
f 649/710/194 648/708/194 688/708/194 689/710/194
f 650/712/195 649/710/195 689/710/195 690/712/195
f 651/714/196 650/712/196 690/712/196 691/714/196
f 652/716/197 651/714/197 691/714/197 692/716/197
f 653/718/198 652/716/198 692/716/198 693/718/198
f 654/720/199 653/718/199 693/718/199 694/720/199
f 655/722/200 654/720/200 694/720/200 695/722/200
f 656/724/201 655/722/201 695/722/201 696/724/201
f 657/726/202 656/724/202 696/724/202 697/726/202
f 658/728/203 657/726/203 697/726/203 698/728/203
f 659/730/204 658/728/204 698/728/204 699/730/204
f 660/732/205 659/730/205 699/730/205 700/732/205
f 661/734/206 660/732/206 700/732/206 701/734/206
f 642/697/207 661/734/207 701/734/207 682/697/207
f 723/742/166 722/740/53 724/740/53 725/742/166
f 726/744/208 723/742/166 725/742/166 727/744/208
f 728/746/170 726/744/208 727/744/208 729/746/170
f 730/777/95 728/746/170 729/746/170 731/748/95
f 732/750/43 730/777/95 731/748/95 733/750/43
f 734/778/94 732/750/43 733/750/43 735/752/94
f 736/754/175 734/778/94 735/752/94 737/754/175
f 738/756/92 736/754/175 737/754/175 739/756/92
f 740/758/91 738/756/92 739/756/92 741/758/91
f 742/760/63 740/758/91 741/758/91 743/760/63
f 744/762/90 742/760/63 743/760/63 745/762/90
f 746/764/89 744/762/90 745/762/90 747/764/89
f 748/766/87 746/764/89 747/764/89 749/766/87
f 750/768/85 748/766/87 749/766/87 751/768/85
f 752/770/64 750/768/85 751/768/85 753/770/64
f 754/772/102 752/770/64 753/770/64 755/772/102
f 756/774/101 754/772/102 755/772/102 757/774/101
f 758/737/100 756/774/101 757/774/101 759/737/100
f 760/736/209 758/737/100 759/737/100 761/736/209
f 722/740/53 760/736/209 761/736/209 724/740/53
f 1073/742/210 703/742/211 702/740/212 1072/740/212
f 664/740/127 665/742/129 769/742/213 770/740/214
f 1074/744/215 704/744/216 703/742/211 1073/742/210
f 665/742/129 666/744/131 768/744/217 769/742/213
f 1075/746/218 705/746/219 704/744/216 1074/744/215
f 666/744/131 667/746/133 767/746/220 768/744/217
f 1076/777/221 706/777/222 705/746/219 1075/746/218
f 667/746/133 668/748/135 766/748/223 767/746/220
f 1077/781/224 707/750/225 706/777/222 1076/777/221
f 668/748/135 669/750/137 765/750/226 766/748/223
f 1078/778/227 708/778/228 707/750/225 1077/781/224
f 669/750/137 670/752/139 764/752/229 765/750/226
f 1079/754/230 709/754/231 708/778/228 1078/778/227
f 670/752/139 671/754/141 763/754/232 764/752/229
f 1080/756/233 710/756/234 709/754/231 1079/754/230
f 671/754/141 672/756/143 762/782/235 763/754/232
f 1081/758/236 711/758/237 710/756/234 1080/756/233
f 672/756/143 673/758/145 781/779/238 762/782/235
f 1082/760/239 712/760/239 711/758/237 1081/758/236
f 673/758/145 674/760/147 780/760/240 781/779/238
f 1082/760/239 1063/762/241 713/762/242 712/760/239
f 674/760/147 675/762/149 779/762/243 780/760/240
f 1064/783/244 714/764/245 713/762/242 1063/762/241
f 675/762/149 676/764/151 778/764/246 779/762/243
f 1065/784/247 715/766/248 714/764/245 1064/783/244
f 676/764/151 677/766/153 777/766/249 778/764/246
f 1066/768/250 716/768/251 715/766/248 1065/784/247
f 677/766/153 678/768/155 776/768/252 777/766/249
f 1067/785/253 717/770/253 716/768/251 1066/768/250
f 678/768/155 679/770/157 775/770/254 776/768/252
f 1068/772/255 718/772/256 717/770/253 1067/785/253
f 679/770/157 680/772/159 774/772/257 775/770/254
f 719/774/258 718/772/256 1068/772/255 1069/774/259
f 680/772/159 681/774/161 773/786/260 774/772/257
f 1070/737/261 720/737/262 719/774/258 1069/774/259
f 681/774/161 662/737/124 772/737/263 773/786/260
f 1071/736/264 721/736/265 720/737/262 1070/737/261
f 662/737/124 663/736/123 771/736/266 772/737/263
f 1072/740/212 702/740/212 721/736/265 1071/736/264
f 663/736/123 664/740/127 770/740/214 771/736/266
f 763/754/232 762/782/235 739/756/267 737/754/268
f 764/752/229 763/754/232 737/754/268 735/752/269
f 765/750/226 764/752/229 735/752/269 733/750/270
f 766/748/223 765/750/226 733/750/270 731/748/271
f 767/746/220 766/748/223 731/748/271 729/746/272
f 768/744/217 767/746/220 729/746/272 727/744/273
f 769/742/213 768/744/217 727/744/273 725/742/274
f 770/740/214 769/742/213 725/742/274 724/740/275
f 771/736/266 770/740/214 724/740/275 761/736/276
f 772/737/263 771/736/266 761/736/276 759/737/277
f 773/786/260 772/737/263 759/737/277 757/774/278
f 774/772/257 773/786/260 757/774/278 755/772/279
f 775/770/254 774/772/257 755/772/279 753/770/280
f 776/768/252 775/770/254 753/770/280 751/768/281
f 777/766/249 776/768/252 751/768/281 749/766/282
f 778/764/246 777/766/249 749/766/282 747/764/283
f 779/762/243 778/764/246 747/764/283 745/762/284
f 780/760/240 779/762/243 745/762/284 743/760/285
f 781/779/238 780/760/240 743/760/285 741/758/286
f 762/782/235 781/779/238 741/758/286 739/756/267
f 783/759/146 782/757/144 1305/787/287 1306/788/288
f 784/761/148 783/759/146 1306/788/288 1307/789/289
f 785/763/150 784/761/148 1307/789/289 1308/790/290
f 786/765/152 785/763/150 1308/790/290 1309/791/291
f 787/767/154 786/765/152 1309/791/291 1310/792/292
f 788/769/156 787/767/154 1310/792/292 1311/793/293
f 789/771/158 788/769/156 1311/793/293 1312/794/294
f 790/773/160 789/771/158 1312/794/294 1313/795/295
f 791/775/162 790/773/160 1313/795/295 1314/796/296
f 792/738/125 791/775/162 1314/796/296 1315/797/297
f 793/739/126 792/738/125 1315/797/297 1316/798/298
f 794/741/128 793/739/126 1316/798/298 1317/799/299
f 795/743/130 794/741/128 1317/799/299 1318/800/300
f 796/745/132 795/743/130 1318/800/300 1319/801/301
f 797/747/134 796/745/132 1319/801/301 1320/802/302
f 798/749/136 797/747/134 1320/802/302 1321/803/303
f 799/751/138 798/749/136 1321/803/303 1322/804/304
f 800/753/140 799/751/138 1322/804/304 1303/805/305
f 801/755/142 800/753/140 1303/805/305 1304/806/306
f 782/757/144 801/755/142 1304/806/306 1305/787/287
f 843/717/307 842/715/308 1049/807/309 1050/808/310
f 844/719/311 843/717/307 1050/808/310 1051/809/312
f 845/721/313 844/719/311 1051/809/312 1052/810/314
f 846/723/315 845/721/313 1052/810/314 1053/811/315
f 847/725/316 846/723/315 1053/811/315 1054/812/317
f 848/727/318 847/725/316 1054/812/317 1055/813/319
f 849/729/320 848/727/318 1055/813/319 1056/814/321
f 850/731/322 849/729/320 1056/814/321 1057/815/323
f 851/733/324 850/731/322 1057/815/323 1058/816/324
f 852/735/325 851/733/324 1058/816/324 1059/817/326
f 853/698/327 852/735/325 1059/817/326 1060/818/328
f 854/699/329 853/698/327 1060/818/328 1061/819/330
f 855/701/331 854/699/329 1061/819/330 1062/820/332
f 856/703/333 855/701/331 1062/820/332 1043/821/333
f 857/705/334 856/703/333 1043/821/333 1044/822/335
f 858/707/336 857/705/334 1044/822/335 1045/823/337
f 859/709/338 858/707/336 1045/823/337 1046/824/339
f 860/711/340 859/709/338 1046/824/339 1047/825/341
f 861/713/342 860/711/340 1047/825/341 1048/826/342
f 842/715/308 861/713/342 1048/826/342 1049/807/309
f 803/717/343 802/715/344 969/827/345 970/717/346
f 804/719/347 803/717/343 970/717/346 971/719/348
f 805/721/349 804/719/347 971/719/348 972/721/350
f 806/723/351 805/721/349 972/721/350 973/723/351
f 807/725/352 806/723/351 973/723/351 974/725/353
f 808/727/354 807/725/352 974/725/353 975/727/355
f 809/729/356 808/727/354 975/727/355 976/729/357
f 810/731/358 809/729/356 976/729/357 977/731/359
f 811/733/360 810/731/358 977/731/359 978/828/360
f 812/735/361 811/733/360 978/828/360 979/735/362
f 813/698/363 812/735/361 979/735/362 980/698/364
f 814/699/365 813/698/363 980/698/364 981/699/366
f 815/701/367 814/699/365 981/699/366 982/701/368
f 816/703/369 815/701/367 982/701/368 963/703/369
f 817/705/370 816/703/369 963/703/369 964/705/371
f 818/707/372 817/705/370 964/705/371 965/707/373
f 819/709/374 818/707/372 965/707/373 966/709/375
f 820/711/376 819/709/374 966/709/375 967/829/377
f 821/713/378 820/711/376 967/829/377 968/713/378
f 802/715/344 821/713/378 968/713/378 969/827/345
f 822/638/379 823/640/380 1017/640/381 1018/830/382
f 823/640/380 824/642/383 1016/831/384 1017/640/381
f 824/642/383 825/644/385 1015/644/386 1016/831/384
f 825/644/385 826/646/387 1014/646/387 1015/644/386
f 826/646/387 827/648/388 1013/832/389 1014/646/387
f 827/648/388 828/650/390 1012/833/391 1013/832/389
f 828/650/390 829/652/392 1011/652/393 1012/833/391
f 829/652/392 830/615/394 1010/834/395 1011/652/393
f 830/615/394 831/616/396 1009/616/396 1010/834/395
f 831/616/396 832/618/397 1008/618/398 1009/616/396
f 832/618/397 833/620/399 1007/620/400 1008/618/398
f 833/620/399 834/622/401 1006/835/402 1007/620/400
f 834/622/401 835/624/403 1005/836/404 1006/835/402
f 835/624/403 836/626/405 1004/626/405 1005/836/404
f 836/626/405 837/628/406 1003/628/407 1004/626/405
f 837/628/406 838/630/408 1022/837/409 1003/628/407
f 838/630/408 839/632/410 1021/632/411 1022/837/409
f 839/632/410 840/634/412 1020/838/413 1021/632/411
f 840/634/412 841/636/414 1019/636/414 1020/838/413
f 841/636/414 822/638/379 1018/830/382 1019/636/414
f 884/742/415 883/740/416 1140/740/53 1141/742/166
f 885/744/417 884/742/415 1141/742/166 1142/744/168
f 886/746/418 885/744/417 1142/744/168 1123/746/170
f 887/748/419 886/746/418 1123/746/170 1124/777/95
f 888/750/420 887/748/419 1124/777/95 1125/750/43
f 889/752/421 888/750/420 1125/750/43 1126/778/94
f 890/754/422 889/752/421 1126/778/94 1127/754/175
f 891/756/423 890/754/422 1127/754/175 1128/756/92
f 892/758/424 891/756/423 1128/756/92 1129/758/91
f 893/760/425 892/758/424 1129/758/91 1130/760/63
f 894/762/426 893/760/425 1130/760/63 1131/762/180
f 895/764/427 894/762/426 1131/762/180 1132/764/89
f 896/766/428 895/764/427 1132/764/89 1133/766/86
f 897/768/429 896/766/428 1133/766/86 1134/768/85
f 898/770/430 897/768/429 1134/768/85 1135/770/64
f 899/772/431 898/770/430 1135/770/64 1136/772/102
f 900/774/432 899/772/431 1136/772/102 1137/774/101
f 901/776/433 900/774/432 1137/774/101 1138/776/100
f 902/736/434 901/776/433 1138/776/100 1139/736/99
f 883/740/416 902/736/434 1139/736/99 1140/740/53
f 904/742/166 903/740/53 923/740/53 924/742/166
f 905/744/168 904/742/166 924/742/166 925/744/168
f 906/746/170 905/744/168 925/744/168 926/746/170
f 907/777/95 906/746/170 926/746/170 927/777/95
f 908/750/43 907/777/95 927/777/95 928/750/43
f 909/778/94 908/750/43 928/750/43 929/778/94
f 910/754/175 909/778/94 929/778/94 930/754/175
f 911/756/92 910/754/175 930/754/175 931/756/92
f 912/758/91 911/756/92 931/756/92 932/758/91
f 913/760/63 912/758/91 932/758/91 933/760/63
f 914/762/180 913/760/63 933/760/63 934/762/180
f 915/764/89 914/762/180 934/762/180 935/764/89
f 916/766/86 915/764/89 935/764/89 936/766/86
f 917/768/85 916/766/86 936/766/86 937/768/85
f 918/770/64 917/768/85 937/768/85 938/770/64
f 919/772/102 918/770/64 938/770/64 939/839/102
f 920/774/101 919/772/102 939/839/102 940/774/101
f 921/776/100 920/774/101 940/774/101 941/737/100
f 922/736/209 921/776/100 941/737/100 942/736/209
f 903/740/53 922/736/209 942/736/209 923/740/53
f 924/742/166 923/740/53 1092/740/53 1093/742/166
f 925/744/168 924/742/166 1093/742/166 1094/744/97
f 926/746/170 925/744/168 1094/744/97 1095/746/96
f 927/777/95 926/746/170 1095/746/96 1096/777/95
f 928/750/43 927/777/95 1096/777/95 1097/750/43
f 929/778/94 928/750/43 1097/750/43 1098/778/94
f 930/754/175 929/778/94 1098/778/94 1099/754/175
f 931/756/92 930/754/175 1099/754/175 1100/756/92
f 932/758/91 931/756/92 1100/756/92 1101/758/91
f 933/760/63 932/758/91 1101/758/91 1102/760/63
f 934/762/180 933/760/63 1102/760/63 1083/762/180
f 935/764/89 934/762/180 1083/762/180 1084/764/89
f 936/766/86 935/764/89 1084/764/89 1085/766/86
f 937/768/85 936/766/86 1085/766/86 1086/768/85
f 938/770/64 937/768/85 1086/768/85 1087/770/64
f 939/839/102 938/770/64 1087/770/64 1088/839/102
f 1089/774/101 940/774/101 939/839/102 1088/839/102
f 941/737/100 940/774/101 1089/774/101 1090/737/100
f 942/736/209 941/737/100 1090/737/100 1091/736/435
f 923/740/53 942/736/209 1091/736/435 1092/740/53
f 944/705/436 943/703/369 856/703/369 857/705/437
f 945/707/373 944/705/436 857/705/437 858/707/438
f 946/709/375 945/707/373 858/707/438 859/709/439
f 947/711/377 946/709/375 859/709/439 860/711/440
f 948/713/378 947/711/377 860/711/440 861/713/378
f 949/715/345 948/713/378 861/713/378 842/715/441
f 950/717/346 949/715/345 842/715/441 843/717/442
f 951/719/348 950/717/346 843/717/442 844/719/443
f 952/840/444 951/719/348 844/719/443 845/721/445
f 953/723/351 952/840/444 845/721/445 846/723/351
f 954/841/353 953/723/351 846/723/351 847/725/446
f 955/727/355 954/841/353 847/725/446 848/727/447
f 956/729/357 955/727/355 848/727/447 849/729/448
f 957/731/359 956/729/357 849/729/448 850/731/449
f 958/733/360 957/731/359 850/731/449 851/733/360
f 959/735/362 958/733/360 851/733/360 852/735/450
f 960/698/364 959/735/362 852/735/450 853/698/451
f 961/699/366 960/698/364 853/698/451 854/699/452
f 962/701/368 961/699/366 854/699/452 855/701/453
f 943/703/369 962/701/368 855/701/453 856/703/369
f 964/705/371 963/703/369 1335/842/369 1336/843/371
f 965/707/373 964/705/371 1336/843/371 1337/844/373
f 966/709/375 965/707/373 1337/844/373 1338/709/375
f 967/829/377 966/709/375 1338/709/375 1339/829/377
f 968/713/378 967/829/377 1339/829/377 1340/845/378
f 969/827/345 968/713/378 1340/845/378 1341/827/345
f 970/717/346 969/827/345 1341/827/345 1342/717/346
f 971/719/348 970/717/346 1342/717/346 1323/846/454
f 972/721/350 971/719/348 1323/846/454 1324/847/350
f 973/723/351 972/721/350 1324/847/350 1325/848/351
f 974/725/353 973/723/351 1325/848/351 1326/849/353
f 975/727/355 974/725/353 1326/849/353 1327/850/355
f 976/729/357 975/727/355 1327/850/355 1328/729/357
f 977/731/359 976/729/357 1328/729/357 1329/731/359
f 978/828/360 977/731/359 1329/731/359 1330/851/360
f 979/735/362 978/828/360 1330/851/360 1331/735/362
f 980/698/364 979/735/362 1331/735/362 1332/698/364
f 981/699/366 980/698/364 1332/698/364 1333/852/366
f 982/701/368 981/699/366 1333/852/366 1334/853/368
f 963/703/369 982/701/368 1334/853/368 1335/842/369
f 984/854/436 983/703/369 943/703/369 944/705/436
f 985/707/373 984/854/436 944/705/436 945/707/373
f 986/855/375 985/707/373 945/707/373 946/709/375
f 987/829/377 986/855/375 946/709/375 947/711/377
f 988/856/378 987/829/377 947/711/377 948/713/378
f 989/827/345 988/856/378 948/713/378 949/715/345
f 990/857/346 989/827/345 949/715/345 950/717/346
f 991/719/348 990/857/346 950/717/346 951/719/348
f 992/840/444 991/719/348 951/719/348 952/840/444
f 993/723/351 992/840/444 952/840/444 953/723/351
f 994/841/353 993/723/351 953/723/351 954/841/353
f 995/727/355 994/841/353 954/841/353 955/727/355
f 996/858/357 995/727/355 955/727/355 956/729/357
f 997/859/359 996/858/357 956/729/357 957/731/359
f 998/860/360 997/859/359 957/731/359 958/733/360
f 999/735/362 998/860/360 958/733/360 959/735/362
f 1000/861/364 999/735/362 959/735/362 960/698/364
f 1001/699/366 1000/861/364 960/698/364 961/699/366
f 1002/862/368 1001/699/366 961/699/366 962/701/368
f 983/703/369 1002/862/368 962/701/368 943/703/369
f 1004/626/405 1003/628/407 878/628/455 877/626/405
f 1005/836/404 1004/626/405 877/626/405 876/624/456
f 1006/835/402 1005/836/404 876/624/456 875/622/457
f 1007/620/400 1006/835/402 875/622/457 874/620/458
f 1008/618/398 1007/620/400 874/620/458 873/618/459
f 1009/616/396 1008/618/398 873/618/459 872/616/396
f 1010/834/395 1009/616/396 872/616/396 871/615/460
f 1011/652/393 1010/834/395 871/615/460 870/652/461
f 1012/833/391 1011/652/393 870/652/461 869/650/462
f 1013/832/389 1012/833/391 869/650/462 868/648/463
f 1014/646/387 1013/832/389 868/648/463 867/646/387
f 1015/644/386 1014/646/387 867/646/387 866/644/464
f 1016/831/384 1015/644/386 866/644/464 865/642/465
f 1017/640/381 1016/831/384 865/642/465 863/640/466
f 1018/830/382 1017/640/381 863/640/466 862/638/467
f 1019/636/414 1018/830/382 862/638/467 882/636/414
f 1020/838/413 1019/636/414 882/636/414 881/634/468
f 1021/632/411 1020/838/413 881/634/468 880/632/469
f 1022/837/409 1021/632/411 880/632/469 879/630/470
f 1003/628/407 1022/837/409 879/630/470 878/628/455
f 1024/863/335 1023/864/333 836/626/333 835/624/471
f 1025/865/337 1024/863/335 835/624/471 834/622/472
f 1026/866/339 1025/865/337 834/622/472 833/620/473
f 1027/867/341 1026/866/339 833/620/473 832/618/474
f 1028/868/342 1027/867/341 832/618/474 831/616/342
f 1029/869/309 1028/868/342 831/616/342 830/615/475
f 1030/870/310 1029/869/309 830/615/475 829/652/476
f 1031/871/312 1030/870/310 829/652/476 828/650/477
f 1032/872/314 1031/871/312 828/650/477 827/648/478
f 1033/873/315 1032/872/314 827/648/478 826/646/315
f 1034/874/317 1033/873/315 826/646/315 825/644/479
f 1035/875/319 1034/874/317 825/644/479 824/642/480
f 1036/876/321 1035/875/319 824/642/480 823/640/481
f 1037/877/323 1036/876/321 823/640/481 822/638/482
f 1038/878/324 1037/877/323 822/638/482 841/636/324
f 1039/879/326 1038/878/324 841/636/324 840/634/483
f 1040/880/328 1039/879/326 840/634/483 839/632/484
f 1041/881/330 1040/880/328 839/632/484 838/630/485
f 1042/882/486 1041/881/330 838/630/485 837/628/487
f 1023/864/333 1042/882/486 837/628/487 836/626/333
f 1044/822/335 1043/821/333 1023/864/333 1024/863/335
f 1045/823/337 1044/822/335 1024/863/335 1025/865/337
f 1046/824/339 1045/823/337 1025/865/337 1026/866/339
f 1047/825/341 1046/824/339 1026/866/339 1027/867/341
f 1048/826/342 1047/825/341 1027/867/341 1028/868/342
f 1049/807/309 1048/826/342 1028/868/342 1029/869/309
f 1050/808/310 1049/807/309 1029/869/309 1030/870/310
f 1051/809/312 1050/808/310 1030/870/310 1031/871/312
f 1052/810/314 1051/809/312 1031/871/312 1032/872/314
f 1053/811/315 1052/810/314 1032/872/314 1033/873/315
f 1054/812/317 1053/811/315 1033/873/315 1034/874/317
f 1055/813/319 1054/812/317 1034/874/317 1035/875/319
f 1056/814/321 1055/813/319 1035/875/319 1036/876/321
f 1057/815/323 1056/814/321 1036/876/321 1037/877/323
f 1058/816/324 1057/815/323 1037/877/323 1038/878/324
f 1059/817/326 1058/816/324 1038/878/324 1039/879/326
f 1060/818/328 1059/817/326 1039/879/326 1040/880/328
f 1061/819/330 1060/818/328 1040/880/328 1041/881/330
f 1062/820/332 1061/819/330 1041/881/330 1042/882/486
f 1043/821/333 1062/820/332 1042/882/486 1023/864/333
f 1253/783/244 1064/783/244 1063/762/241 1252/762/241
f 1254/766/247 1065/784/247 1064/783/244 1253/783/244
f 1255/768/250 1066/768/250 1065/784/247 1254/766/247
f 1256/770/253 1067/785/253 1066/768/250 1255/768/250
f 1257/772/255 1068/772/255 1067/785/253 1256/770/253
f 1069/774/259 1068/772/255 1257/772/255 1258/786/259
f 1259/737/261 1070/737/261 1069/774/259 1258/786/259
f 1260/736/264 1071/736/264 1070/737/261 1259/737/261
f 1261/740/212 1072/740/212 1071/736/264 1260/736/264
f 1262/742/210 1073/742/210 1072/740/212 1261/740/212
f 1262/742/210 1243/744/215 1074/744/215 1073/742/210
f 1244/746/218 1075/746/218 1074/744/215 1243/744/215
f 1245/777/221 1076/777/221 1075/746/218 1244/746/218
f 1246/750/224 1077/781/224 1076/777/221 1245/777/221
f 1247/778/227 1078/778/227 1077/781/224 1246/750/224
f 1248/754/230 1079/754/230 1078/778/227 1247/778/227
f 1249/756/233 1080/756/233 1079/754/230 1248/754/230
f 1250/779/236 1081/758/236 1080/756/233 1249/756/233
f 1251/760/239 1082/760/239 1081/758/236 1250/779/236
f 1252/762/241 1063/762/241 1082/760/239 1251/760/239
f 1084/764/89 1083/762/180 1232/762/180 1233/764/89
f 1085/766/86 1084/764/89 1233/764/89 1234/766/86
f 1086/768/85 1085/766/86 1234/766/86 1235/768/85
f 1087/770/64 1086/768/85 1235/768/85 1236/770/64
f 1088/839/102 1087/770/64 1236/770/64 1237/839/102
f 1238/774/101 1089/774/101 1088/839/102 1237/839/102
f 1090/737/100 1089/774/101 1238/774/101 1239/737/100
f 1091/736/435 1090/737/100 1239/737/100 1240/736/435
f 1092/740/53 1091/736/435 1240/736/435 1241/740/53
f 1093/742/166 1092/740/53 1241/740/53 1242/742/166
f 1094/744/97 1093/742/166 1242/742/166 1223/744/97
f 1095/746/96 1094/744/97 1223/744/97 1224/746/96
f 1096/777/95 1095/746/96 1224/746/96 1225/777/95
f 1097/750/43 1096/777/95 1225/777/95 1226/750/43
f 1098/778/94 1097/750/43 1226/750/43 1227/778/94
f 1099/754/175 1098/778/94 1227/778/94 1228/754/175
f 1100/756/92 1099/754/175 1228/754/175 1229/756/92
f 1101/758/91 1100/756/92 1229/756/92 1230/758/91
f 1102/760/63 1101/758/91 1230/758/91 1231/760/63
f 1083/762/180 1102/760/63 1231/760/63 1232/762/180
f 1104/777/172 1103/746/171 886/746/418 887/748/419
f 1105/750/173 1104/777/172 887/748/419 888/750/420
f 1106/778/174 1105/750/173 888/750/420 889/752/421
f 1107/754/176 1106/778/174 889/752/421 890/754/422
f 1108/756/177 1107/754/176 890/754/422 891/756/423
f 1109/779/178 1108/756/177 891/756/423 892/758/424
f 1110/760/179 1109/779/178 892/758/424 893/760/425
f 1111/762/181 1110/760/179 893/760/425 894/762/426
f 1112/764/182 1111/762/181 894/762/426 895/764/427
f 1113/766/183 1112/764/182 895/764/427 896/766/428
f 1114/768/184 1113/766/183 896/766/428 897/768/429
f 1115/770/185 1114/768/184 897/768/429 898/770/430
f 1116/772/186 1115/770/185 898/770/430 899/772/431
f 1117/780/187 1116/772/186 899/772/431 900/774/432
f 1118/776/163 1117/780/187 900/774/432 901/776/433
f 1119/736/164 1118/776/163 901/776/433 902/736/434
f 1120/740/165 1119/736/164 902/736/434 883/740/416
f 1121/742/167 1120/740/165 883/740/416 884/742/415
f 1122/744/169 1121/742/167 884/742/415 885/744/417
f 1103/746/171 1122/744/169 885/744/417 886/746/418
f 1124/777/95 1123/746/170 906/746/170 907/777/95
f 1125/750/43 1124/777/95 907/777/95 908/750/43
f 1126/778/94 1125/750/43 908/750/43 909/778/94
f 1127/754/175 1126/778/94 909/778/94 910/754/175
f 1128/756/92 1127/754/175 910/754/175 911/756/92
f 1129/758/91 1128/756/92 911/756/92 912/758/91
f 1130/760/63 1129/758/91 912/758/91 913/760/63
f 1131/762/180 1130/760/63 913/760/63 914/762/180
f 1132/764/89 1131/762/180 914/762/180 915/764/89
f 1133/766/86 1132/764/89 915/764/89 916/766/86
f 1134/768/85 1133/766/86 916/766/86 917/768/85
f 1135/770/64 1134/768/85 917/768/85 918/770/64
f 1136/772/102 1135/770/64 918/770/64 919/772/102
f 1137/774/101 1136/772/102 919/772/102 920/774/101
f 1138/776/100 1137/774/101 920/774/101 921/776/100
f 1139/736/99 1138/776/100 921/776/100 922/736/209
f 1140/740/53 1139/736/99 922/736/209 903/740/53
f 1141/742/166 1140/740/53 903/740/53 904/742/166
f 1142/744/168 1141/742/166 904/742/166 905/744/168
f 1123/746/170 1142/744/168 905/744/168 906/746/170
f 1144/883/95 1143/884/96 1387/885/96 1388/886/95
f 1145/887/43 1144/883/95 1388/886/95 1389/888/43
f 1146/889/94 1145/887/43 1389/888/43 1390/890/94
f 1147/891/93 1146/889/94 1390/890/94 1391/892/93
f 1148/893/92 1147/891/93 1391/892/93 1392/894/92
f 1149/895/91 1148/893/92 1392/894/92 1393/896/91
f 1150/897/63 1149/895/91 1393/896/91 1394/898/63
f 1151/899/90 1150/897/63 1394/898/63 1395/900/90
f 1152/901/89 1151/899/90 1395/900/90 1396/902/89
f 1153/903/87 1152/901/89 1396/902/89 1397/904/87
f 1154/905/85 1153/903/87 1397/904/87 1398/906/85
f 1155/907/64 1154/908/85 1398/909/85 1399/910/64
f 1156/911/102 1155/907/64 1399/910/64 1400/912/102
f 1157/913/101 1156/911/102 1400/912/102 1401/914/101
f 1158/915/100 1157/913/101 1401/914/101 1402/916/100
f 1159/917/99 1158/915/100 1402/916/100 1383/918/99
f 1384/919/53 1160/920/53 1159/917/99 1383/918/99
f 1161/921/98 1160/920/53 1384/919/53 1385/922/98
f 1162/923/97 1161/921/98 1385/922/98 1386/924/97
f 1143/884/96 1162/923/97 1386/924/97 1387/885/96
f 1164/663/95 1163/664/96 1370/925/96 1371/926/95
f 1165/662/43 1164/663/95 1371/926/95 1372/927/43
f 1166/661/94 1165/662/43 1372/927/43 1373/928/94
f 1167/660/93 1166/661/94 1373/928/94 1374/929/175
f 1168/659/92 1167/660/93 1374/929/175 1375/930/92
f 1169/658/91 1168/659/92 1375/930/92 1376/931/91
f 1170/657/63 1169/658/91 1376/931/91 1377/932/63
f 1171/656/90 1170/657/63 1377/932/63 1378/933/90
f 1172/655/89 1171/656/90 1378/933/90 1379/934/89
f 1173/653/87 1172/655/89 1379/934/89 1380/935/87
f 1174/654/85 1173/653/87 1380/935/87 1381/936/85
f 1175/672/64 1174/673/85 1381/937/85 1382/938/64
f 1176/671/102 1175/672/64 1382/938/64 1363/939/102
f 1177/670/101 1176/671/102 1363/939/102 1364/940/101
f 1178/669/100 1177/670/101 1364/940/101 1365/941/100
f 1179/668/99 1178/669/100 1365/941/100 1366/942/99
f 1367/943/53 1180/667/53 1179/668/99 1366/942/99
f 1181/666/98 1180/667/53 1367/943/53 1368/944/98
f 1182/665/97 1181/666/98 1368/944/98 1369/945/97
f 1163/664/96 1182/665/97 1369/945/97 1370/925/96
f 1184/684/48 1183/685/48 1203/946/488 1204/947/489
f 1185/683/48 1184/684/48 1204/947/489 1205/948/490
f 1186/682/48 1185/683/48 1205/948/490 1206/949/491
f 1187/681/48 1186/682/48 1206/949/491 1207/950/492
f 1188/680/48 1187/681/48 1207/950/492 1208/951/493
f 1189/679/48 1188/680/48 1208/951/493 1209/952/494
f 1190/678/48 1189/679/48 1209/952/494 1210/953/495
f 1191/677/48 1190/678/48 1210/953/495 1211/954/496
f 1192/676/48 1191/677/48 1211/954/496 1212/955/497
f 1193/674/48 1192/676/48 1212/955/497 1213/956/498
f 1194/675/48 1193/674/48 1213/956/498 1214/957/499
f 1195/693/48 1194/675/48 1214/957/499 1215/958/500
f 1196/692/48 1195/693/48 1215/958/500 1216/959/501
f 1197/691/48 1196/692/48 1216/959/501 1217/960/502
f 1198/690/48 1197/691/48 1217/960/502 1218/961/503
f 1199/689/48 1198/690/48 1218/961/503 1219/962/504
f 1220/963/505 1200/688/48 1199/689/48 1219/962/504
f 1201/687/48 1200/688/48 1220/963/505 1221/964/506
f 1202/686/48 1201/687/48 1221/964/506 1222/965/507
f 1183/685/48 1202/686/48 1222/965/507 1203/946/488
f 1204/947/489 1203/946/488 627/746/58 628/748/58
f 1205/948/490 1204/947/489 628/748/58 629/750/58
f 1206/949/491 1205/948/490 629/750/58 630/752/58
f 1207/950/492 1206/949/491 630/752/58 631/754/58
f 1208/951/493 1207/950/492 631/754/58 632/756/58
f 1209/952/494 1208/951/493 632/756/58 633/758/58
f 1210/953/495 1209/952/494 633/758/58 634/760/58
f 1211/954/496 1210/953/495 634/760/58 635/762/58
f 1212/955/497 1211/954/496 635/762/58 636/764/58
f 1213/956/498 1212/955/497 636/764/58 637/766/58
f 1214/957/499 1213/956/498 637/766/58 638/768/58
f 1215/958/500 1214/957/499 638/768/58 639/770/58
f 1216/959/501 1215/958/500 639/770/58 640/772/58
f 1217/960/502 1216/959/501 640/772/58 641/774/58
f 1218/961/503 1217/960/502 641/774/58 622/737/58
f 1219/962/504 1218/961/503 622/737/58 623/736/58
f 624/740/58 1220/963/505 1219/962/504 623/736/58
f 1221/964/506 1220/963/505 624/740/58 625/742/58
f 1222/965/507 1221/964/506 625/742/58 626/744/58
f 1203/946/488 1222/965/507 626/744/58 627/746/58
f 1224/746/96 1223/744/97 1358/744/97 1359/746/96
f 1225/777/95 1224/746/96 1359/746/96 1360/777/95
f 1226/750/43 1225/777/95 1360/777/95 1361/750/43
f 1227/778/94 1226/750/43 1361/750/43 1362/778/94
f 1228/754/175 1227/778/94 1362/778/94 1343/754/175
f 1229/756/92 1228/754/175 1343/754/175 1344/756/92
f 1230/758/91 1229/756/92 1344/756/92 1345/758/91
f 1231/760/63 1230/758/91 1345/758/91 1346/760/63
f 1232/762/180 1231/760/63 1346/760/63 1347/762/180
f 1233/764/89 1232/762/180 1347/762/180 1348/764/89
f 1234/766/86 1233/764/89 1348/764/89 1349/766/86
f 1235/768/85 1234/766/86 1349/766/86 1350/768/85
f 1236/770/64 1235/768/85 1350/768/85 1351/770/64
f 1237/839/102 1236/770/64 1351/770/64 1352/839/102
f 1353/774/101 1238/774/101 1237/839/102 1352/839/102
f 1239/737/100 1238/774/101 1353/774/101 1354/737/100
f 1240/736/435 1239/737/100 1354/737/100 1355/736/209
f 1241/740/53 1240/736/435 1355/736/209 1356/740/53
f 1242/742/166 1241/740/53 1356/740/53 1357/742/166
f 1223/744/97 1242/742/166 1357/742/166 1358/744/97
f 1264/746/218 1244/746/218 1243/744/215 1263/744/215
f 1265/777/221 1245/777/221 1244/746/218 1264/746/218
f 1266/750/224 1246/750/224 1245/777/221 1265/777/221
f 1267/778/227 1247/778/227 1246/750/224 1266/750/224
f 1268/754/230 1248/754/230 1247/778/227 1267/778/227
f 1269/756/233 1249/756/233 1248/754/230 1268/754/230
f 1270/779/236 1250/779/236 1249/756/233 1269/756/233
f 1271/760/239 1251/760/239 1250/779/236 1270/779/236
f 1272/762/241 1252/762/241 1251/760/239 1271/760/239
f 1273/783/244 1253/783/244 1252/762/241 1272/762/241
f 1274/766/247 1254/766/247 1253/783/244 1273/783/244
f 1275/768/250 1255/768/250 1254/766/247 1274/766/247
f 1276/770/253 1256/770/253 1255/768/250 1275/768/250
f 1277/772/255 1257/772/255 1256/770/253 1276/770/253
f 1258/786/259 1257/772/255 1277/772/255 1278/786/259
f 1279/737/261 1259/737/261 1258/786/259 1278/786/259
f 1280/736/264 1260/736/264 1259/737/261 1279/737/261
f 1281/740/212 1261/740/212 1260/736/264 1280/736/264
f 1282/742/210 1262/742/210 1261/740/212 1281/740/212
f 1282/742/210 1263/744/215 1243/744/215 1262/742/210
f 1284/746/218 1264/746/218 1263/744/215 1283/744/215
f 1285/777/221 1265/777/221 1264/746/218 1284/746/218
f 1286/750/508 1266/750/224 1265/777/221 1285/777/221
f 1287/778/227 1267/778/227 1266/750/224 1286/750/508
f 1288/754/230 1268/754/230 1267/778/227 1287/778/227
f 1289/756/233 1269/756/233 1268/754/230 1288/754/230
f 1290/779/236 1270/779/236 1269/756/233 1289/756/233
f 1291/760/239 1271/760/239 1270/779/236 1290/779/236
f 1292/762/241 1272/762/241 1271/760/239 1291/760/239
f 1293/764/244 1273/783/244 1272/762/241 1292/762/241
f 1294/766/247 1274/766/247 1273/783/244 1293/764/244
f 1295/768/250 1275/768/250 1274/766/247 1294/766/247
f 1296/770/253 1276/770/253 1275/768/250 1295/768/250
f 1297/772/255 1277/772/255 1276/770/253 1296/770/253
f 1278/786/259 1277/772/255 1297/772/255 1298/786/259
f 1299/737/509 1279/737/261 1278/786/259 1298/786/259
f 1300/736/264 1280/736/264 1279/737/261 1299/737/509
f 1301/740/212 1281/740/212 1280/736/264 1300/736/264
f 1302/742/210 1282/742/210 1281/740/212 1301/740/212
f 1302/742/210 1283/744/215 1263/744/215 1282/742/210
f 728/746/510 1284/746/218 1283/744/215 726/744/511
f 730/777/512 1285/777/221 1284/746/218 728/746/510
f 732/750/508 1286/750/508 1285/777/221 730/777/512
f 734/778/513 1287/778/227 1286/750/508 732/750/508
f 736/754/514 1288/754/230 1287/778/227 734/778/513
f 738/756/515 1289/756/233 1288/754/230 736/754/514
f 740/758/516 1290/779/236 1289/756/233 738/756/515
f 742/760/239 1291/760/239 1290/779/236 740/758/516
f 744/762/517 1292/762/241 1291/760/239 742/760/239
f 746/764/518 1293/764/244 1292/762/241 744/762/517
f 748/766/519 1294/766/247 1293/764/244 746/764/518
f 750/768/520 1295/768/250 1294/766/247 748/766/519
f 752/770/253 1296/770/253 1295/768/250 750/768/520
f 754/772/521 1297/772/255 1296/770/253 752/770/253
f 1298/786/259 1297/772/255 754/772/521 756/774/522
f 758/737/523 1299/737/509 1298/786/259 756/774/522
f 760/736/524 1300/736/264 1299/737/509 758/737/523
f 722/740/212 1301/740/212 1300/736/264 760/736/524
f 723/742/525 1302/742/210 1301/740/212 722/740/212
f 726/744/511 1283/744/215 1302/742/210 723/742/525
f 1304/806/306 1303/805/305 651/714/526 652/716/527
f 1305/787/287 1304/806/306 652/716/527 653/718/528
f 1306/788/288 1305/787/287 653/718/528 654/720/529
f 1307/789/289 1306/788/288 654/720/529 655/722/289
f 1308/790/290 1307/789/289 655/722/289 656/724/530
f 1309/791/291 1308/790/290 656/724/530 657/726/531
f 1310/792/292 1309/791/291 657/726/531 658/728/532
f 1311/793/293 1310/792/292 658/728/532 659/730/533
f 1312/794/294 1311/793/293 659/730/533 660/732/294
f 1313/795/295 1312/794/294 660/732/294 661/734/534
f 1314/796/296 1313/795/295 661/734/534 642/697/535
f 1315/797/297 1314/796/296 642/697/535 643/696/536
f 1316/798/298 1315/797/297 643/696/536 644/700/537
f 1317/799/299 1316/798/298 644/700/537 645/702/299
f 1318/800/300 1317/799/299 645/702/299 646/704/538
f 1319/801/301 1318/800/300 646/704/538 647/706/539
f 1320/802/302 1319/801/301 647/706/539 648/708/540
f 1321/803/303 1320/802/302 648/708/540 649/710/541
f 1322/804/304 1321/803/303 649/710/541 650/712/304
f 1303/805/305 1322/804/304 650/712/304 651/714/526
f 1324/847/350 1323/846/454 991/719/348 992/840/444
f 1325/848/351 1324/847/350 992/840/444 993/723/351
f 1326/849/353 1325/848/351 993/723/351 994/841/353
f 1327/850/355 1326/849/353 994/841/353 995/727/355
f 1328/729/357 1327/850/355 995/727/355 996/858/357
f 1329/731/359 1328/729/357 996/858/357 997/859/359
f 1330/851/360 1329/731/359 997/859/359 998/860/360
f 1331/735/362 1330/851/360 998/860/360 999/735/362
f 1332/698/364 1331/735/362 999/735/362 1000/861/364
f 1333/852/366 1332/698/364 1000/861/364 1001/699/366
f 1334/853/368 1333/852/366 1001/699/366 1002/862/368
f 1335/842/369 1334/853/368 1002/862/368 983/703/369
f 1336/843/371 1335/842/369 983/703/369 984/854/436
f 1337/844/373 1336/843/371 984/854/436 985/707/373
f 1338/709/375 1337/844/373 985/707/373 986/855/375
f 1339/829/377 1338/709/375 986/855/375 987/829/377
f 1340/845/378 1339/829/377 987/829/377 988/856/378
f 1341/827/345 1340/845/378 988/856/378 989/827/345
f 1342/717/346 1341/827/345 989/827/345 990/857/346
f 1323/846/454 1342/717/346 990/857/346 991/719/348
f 1344/756/92 1343/754/175 709/754/175 710/756/92
f 1345/758/91 1344/756/92 710/756/92 711/758/91
f 1346/760/63 1345/758/91 711/758/91 712/760/63
f 1347/762/180 1346/760/63 712/760/63 713/762/180
f 1348/764/89 1347/762/180 713/762/180 714/764/89
f 1349/766/86 1348/764/89 714/764/89 715/766/86
f 1350/768/85 1349/766/86 715/766/86 716/768/85
f 1351/770/64 1350/768/85 716/768/85 717/770/64
f 1352/839/102 1351/770/64 717/770/64 718/772/102
f 719/774/101 1353/774/101 1352/839/102 718/772/102
f 1354/737/100 1353/774/101 719/774/101 720/737/100
f 1355/736/209 1354/737/100 720/737/100 721/736/435
f 1356/740/53 1355/736/209 721/736/435 702/740/53
f 1357/742/166 1356/740/53 702/740/53 703/742/166
f 1358/744/97 1357/742/166 703/742/166 704/744/97
f 1359/746/96 1358/744/97 704/744/97 705/746/96
f 1360/777/95 1359/746/96 705/746/96 706/777/95
f 1361/750/43 1360/777/95 706/777/95 707/750/43
f 1362/778/94 1361/750/43 707/750/43 708/778/94
f 1343/754/175 1362/778/94 708/778/94 709/754/175
f 1364/940/101 1363/939/102 1156/911/102 1157/913/101
f 1365/941/100 1364/940/101 1157/913/101 1158/915/100
f 1366/942/99 1365/941/100 1158/915/100 1159/917/99
f 1160/920/53 1367/943/53 1366/942/99 1159/917/99
f 1368/944/98 1367/943/53 1160/920/53 1161/921/98
f 1369/945/97 1368/944/98 1161/921/98 1162/923/97
f 1370/925/96 1369/945/97 1162/923/97 1143/884/96
f 1371/926/95 1370/925/96 1143/884/96 1144/883/95
f 1372/927/43 1371/926/95 1144/883/95 1145/887/43
f 1373/928/94 1372/927/43 1145/887/43 1146/889/94
f 1374/929/175 1373/928/94 1146/889/94 1147/891/93
f 1375/930/92 1374/929/175 1147/891/93 1148/893/92
f 1376/931/91 1375/930/92 1148/893/92 1149/895/91
f 1377/932/63 1376/931/91 1149/895/91 1150/897/63
f 1378/933/90 1377/932/63 1150/897/63 1151/899/90
f 1379/934/89 1378/933/90 1151/899/90 1152/901/89
f 1380/935/87 1379/934/89 1152/901/89 1153/903/87
f 1381/936/85 1380/935/87 1153/903/87 1154/905/85
f 1382/938/64 1381/937/85 1154/908/85 1155/907/64
f 1363/939/102 1382/938/64 1155/907/64 1156/911/102
f 615/472/53 1384/919/53 1383/918/99 616/471/99
f 1385/922/98 1384/919/53 615/472/53 614/474/98
f 1386/924/97 1385/922/98 614/474/98 613/476/97
f 1387/885/96 1386/924/97 613/476/97 612/478/96
f 1388/886/95 1387/885/96 612/478/96 611/480/95
f 1389/888/43 1388/886/95 611/480/95 610/482/43
f 1390/890/94 1389/888/43 610/482/43 609/484/94
f 1391/892/93 1390/890/94 609/484/94 608/486/175
f 1392/894/92 1391/892/93 608/486/175 607/488/92
f 1393/896/91 1392/894/92 607/488/92 606/490/91
f 1394/898/63 1393/896/91 606/490/91 605/492/63
f 1395/900/90 1394/898/63 605/492/63 604/494/180
f 1396/902/89 1395/900/90 604/494/180 603/496/89
f 1397/904/87 1396/902/89 603/496/89 602/498/87
f 1398/906/85 1397/904/87 602/498/87 601/500/85
f 1399/910/64 1398/909/85 601/503/85 620/504/64
f 1400/912/102 1399/910/64 620/504/64 619/506/102
f 1401/914/101 1400/912/102 619/506/102 618/508/101
f 1402/916/100 1401/914/101 618/508/101 617/510/100
f 1383/918/99 1402/916/100 617/510/100 616/471/99
f 1403/327/58 1404/328/58 1613/329/58 1614/330/58
f 1404/328/58 1405/331/58 1612/332/58 1613/329/58
f 1405/331/58 1406/333/58 1611/334/58 1612/332/58
f 1406/333/58 1407/335/58 1610/336/58 1611/334/58
f 1407/335/58 1408/337/58 1609/338/58 1610/336/58
f 1408/337/58 1409/339/58 1608/340/58 1609/338/58
f 1409/339/58 1410/341/58 1607/342/58 1608/340/58
f 1410/341/58 1411/343/58 1606/344/58 1607/342/58
f 1411/343/58 1412/345/58 1605/346/58 1606/344/58
f 1412/345/58 1413/347/58 1604/348/58 1605/346/58
f 1413/347/58 1414/349/58 1603/350/58 1604/348/58
f 1414/349/58 1415/351/58 1622/352/58 1603/350/58
f 1415/351/58 1416/353/58 1621/354/58 1622/352/58
f 1416/353/58 1417/355/58 1620/356/58 1621/354/58
f 1417/355/58 1418/357/58 1619/358/58 1620/356/58
f 1418/357/58 1419/359/58 1618/360/58 1619/358/58
f 1419/359/58 1420/361/58 1617/362/58 1618/360/58
f 1420/361/58 1421/363/58 1616/364/58 1617/362/58
f 1421/363/58 1422/365/58 1615/366/58 1616/364/58
f 1422/365/58 1403/327/58 1614/330/58 1615/366/58
f 1423/367/85 1424/368/87 1517/369/86 1518/370/85
f 1424/368/87 1425/371/89 1516/372/89 1517/369/86
f 1425/371/89 1426/373/90 1515/374/90 1516/372/89
f 1426/373/90 1427/375/63 1514/376/63 1515/374/90
f 1427/375/63 1428/377/91 1513/378/91 1514/376/63
f 1428/377/91 1429/379/92 1512/380/92 1513/378/91
f 1429/379/92 1430/381/175 1511/382/175 1512/380/92
f 1430/381/175 1431/383/94 1510/384/94 1511/382/175
f 1431/383/94 1432/385/43 1509/386/43 1510/384/94
f 1432/385/43 1433/387/95 1508/388/95 1509/386/43
f 1433/387/95 1434/389/96 1507/390/96 1508/388/95
f 1434/389/96 1435/391/168 1506/392/168 1507/390/96
f 1435/391/168 1436/393/166 1505/394/166 1506/392/168
f 1436/393/166 1437/395/53 1504/396/53 1505/394/166
f 1437/395/53 1438/397/99 1503/398/99 1504/396/53
f 1438/397/99 1439/399/100 1522/400/100 1503/398/99
f 1439/399/100 1440/401/101 1521/402/101 1522/400/100
f 1440/401/101 1441/403/102 1520/404/102 1521/402/101
f 1441/403/102 1442/405/64 1519/406/64 1520/404/102
f 1442/405/64 1423/407/85 1518/408/85 1519/406/64
f 1443/409/48 1444/410/48 1576/411/48 1577/412/48
f 1444/410/48 1445/413/48 1575/414/48 1576/411/48
f 1445/413/48 1446/415/48 1574/416/48 1575/414/48
f 1446/415/48 1447/417/48 1573/418/48 1574/416/48
f 1447/417/48 1448/419/48 1572/420/48 1573/418/48
f 1448/419/48 1449/421/48 1571/422/48 1572/420/48
f 1449/421/48 1450/423/48 1570/424/48 1571/422/48
f 1450/423/48 1451/425/48 1569/426/48 1570/424/48
f 1451/425/48 1452/427/48 1568/428/48 1569/426/48
f 1452/427/48 1453/429/48 1567/430/48 1568/428/48
f 1453/429/48 1454/431/48 1566/432/48 1567/430/48
f 1454/431/48 1455/433/48 1565/434/48 1566/432/48
f 1455/433/48 1456/435/48 1564/436/48 1565/434/48
f 1456/435/48 1457/437/48 1563/438/48 1564/436/48
f 1457/437/48 1458/439/48 1582/440/48 1563/438/48
f 1458/439/48 1459/441/48 1581/442/48 1582/440/48
f 1459/441/48 1460/443/48 1580/444/48 1581/442/48
f 1460/443/48 1461/445/48 1579/446/48 1580/444/48
f 1461/445/48 1462/447/48 1578/448/48 1579/446/48
f 1462/447/48 1443/409/48 1577/412/48 1578/448/48
f 1404/328/542 1403/327/542 1463/638/542 1464/640/542
f 1403/327/543 1422/365/543 1482/636/543 1463/638/543
f 1422/365/544 1421/363/544 1481/634/544 1482/636/544
f 1421/363/545 1420/361/545 1480/632/545 1481/634/545
f 1420/361/546 1419/359/546 1479/630/546 1480/632/546
f 1419/359/547 1418/357/547 1478/628/547 1479/630/547
f 1418/357/548 1417/355/548 1477/626/548 1478/628/548
f 1417/355/549 1416/353/549 1476/624/549 1477/626/549
f 1416/353/550 1415/351/550 1475/622/550 1476/624/550
f 1415/351/551 1414/349/551 1474/620/551 1475/622/551
f 1414/349/552 1413/347/552 1473/618/552 1474/620/552
f 1413/347/553 1412/345/553 1472/616/553 1473/618/553
f 1412/345/554 1411/343/554 1471/615/554 1472/616/554
f 1411/343/555 1410/341/555 1470/652/555 1471/615/555
f 1410/341/556 1409/339/556 1469/650/556 1470/652/556
f 1409/339/557 1408/337/557 1468/648/557 1469/650/557
f 1408/337/558 1407/335/558 1467/646/558 1468/648/558
f 1407/335/559 1406/333/559 1466/644/559 1467/646/559
f 1406/333/560 1405/331/560 1465/642/560 1466/644/560
f 1405/331/561 1404/328/561 1464/640/561 1465/642/561
f 1484/469/53 1483/470/99 1458/471/99 1457/472/53
f 1485/473/98 1484/469/53 1457/472/53 1456/474/98
f 1486/475/97 1485/473/98 1456/474/98 1455/476/97
f 1487/477/170 1486/475/97 1455/476/97 1454/478/170
f 1488/479/95 1487/477/170 1454/478/170 1453/480/95
f 1489/481/43 1488/479/95 1453/480/95 1452/482/43
f 1490/483/94 1489/481/43 1452/482/43 1451/484/94
f 1491/485/175 1490/483/94 1451/484/94 1450/486/175
f 1492/487/92 1491/485/175 1450/486/175 1449/488/92
f 1493/489/91 1492/487/92 1449/488/92 1448/490/91
f 1494/491/63 1493/489/91 1448/490/91 1447/492/63
f 1495/493/90 1494/491/63 1447/492/63 1446/494/180
f 1496/495/89 1495/493/90 1446/494/180 1445/496/89
f 1497/497/87 1496/495/89 1445/496/89 1444/498/87
f 1498/499/85 1497/497/87 1444/498/87 1443/500/85
f 1499/501/64 1498/502/85 1443/503/85 1462/504/64
f 1500/505/102 1499/501/64 1462/504/64 1461/506/102
f 1501/507/101 1500/505/102 1461/506/102 1460/508/101
f 1502/509/100 1501/507/101 1460/508/101 1459/510/100
f 1483/470/99 1502/509/100 1459/510/100 1458/471/99
f 1504/396/53 1503/398/99 1523/511/99 1524/512/53
f 1505/394/166 1504/396/53 1524/512/53 1525/513/98
f 1506/392/168 1505/394/166 1525/513/98 1526/514/97
f 1507/390/96 1506/392/168 1526/514/97 1527/515/170
f 1508/388/95 1507/390/96 1527/515/170 1528/516/95
f 1509/386/43 1508/388/95 1528/516/95 1529/517/43
f 1510/384/94 1509/386/43 1529/517/43 1530/518/94
f 1511/382/175 1510/384/94 1530/518/94 1531/519/175
f 1512/380/92 1511/382/175 1531/519/175 1532/520/92
f 1513/378/91 1512/380/92 1532/520/92 1533/521/91
f 1514/376/63 1513/378/91 1533/521/91 1534/522/63
f 1515/374/90 1514/376/63 1534/522/63 1535/523/90
f 1516/372/89 1515/374/90 1535/523/90 1536/524/89
f 1517/369/86 1516/372/89 1536/524/89 1537/525/86
f 1518/370/85 1517/369/86 1537/525/86 1538/526/85
f 1519/406/64 1518/408/85 1538/527/85 1539/528/64
f 1520/404/102 1519/406/64 1539/528/64 1540/529/102
f 1521/402/101 1520/404/102 1540/529/102 1541/530/101
f 1522/400/100 1521/402/101 1541/530/101 1542/531/100
f 1503/398/99 1522/400/100 1542/531/100 1523/511/99
f 1524/512/53 1523/511/99 1543/532/99 1544/533/53
f 1525/513/98 1524/512/53 1544/533/53 1545/534/98
f 1526/514/97 1525/513/98 1545/534/98 1546/535/168
f 1527/515/170 1526/514/97 1546/535/168 1547/536/170
f 1528/516/95 1527/515/170 1547/536/170 1548/537/95
f 1529/517/43 1528/516/95 1548/537/95 1549/538/43
f 1530/518/94 1529/517/43 1549/538/43 1550/539/94
f 1531/519/175 1530/518/94 1550/539/94 1551/540/175
f 1532/520/92 1531/519/175 1551/540/175 1552/541/92
f 1533/521/91 1532/520/92 1552/541/92 1553/542/91
f 1534/522/63 1533/521/91 1553/542/91 1554/543/63
f 1535/523/90 1534/522/63 1554/543/63 1555/544/180
f 1536/524/89 1535/523/90 1555/544/180 1556/545/89
f 1537/525/86 1536/524/89 1556/545/89 1557/546/86
f 1538/526/85 1537/525/86 1557/546/86 1558/547/85
f 1539/528/64 1538/527/85 1558/548/85 1559/549/64
f 1540/529/102 1539/528/64 1559/549/64 1560/550/102
f 1541/530/101 1540/529/102 1560/550/102 1561/551/101
f 1542/531/100 1541/530/101 1561/551/101 1562/552/100
f 1523/511/99 1542/531/100 1562/552/100 1543/532/99
f 1544/533/53 1543/532/99 1483/470/99 1484/469/53
f 1545/534/98 1544/533/53 1484/469/53 1485/473/98
f 1546/535/168 1545/534/98 1485/473/98 1486/475/97
f 1547/536/170 1546/535/168 1486/475/97 1487/477/170
f 1548/537/95 1547/536/170 1487/477/170 1488/479/95
f 1549/538/43 1548/537/95 1488/479/95 1489/481/43
f 1550/539/94 1549/538/43 1489/481/43 1490/483/94
f 1551/540/175 1550/539/94 1490/483/94 1491/485/175
f 1552/541/92 1551/540/175 1491/485/175 1492/487/92
f 1553/542/91 1552/541/92 1492/487/92 1493/489/91
f 1554/543/63 1553/542/91 1493/489/91 1494/491/63
f 1555/544/180 1554/543/63 1494/491/63 1495/493/90
f 1556/545/89 1555/544/180 1495/493/90 1496/495/89
f 1557/546/86 1556/545/89 1496/495/89 1497/497/87
f 1558/547/85 1557/546/86 1497/497/87 1498/499/85
f 1559/549/64 1558/548/85 1498/502/85 1499/501/64
f 1560/550/102 1559/549/64 1499/501/64 1500/505/102
f 1561/551/101 1560/550/102 1500/505/102 1501/507/101
f 1562/552/100 1561/551/101 1501/507/101 1502/509/100
f 1543/532/99 1562/552/100 1502/509/100 1483/470/99
f 1564/436/48 1563/438/48 1477/626/48 1476/624/48
f 1565/434/48 1564/436/48 1476/624/48 1475/622/48
f 1566/432/48 1565/434/48 1475/622/48 1474/620/48
f 1567/430/48 1566/432/48 1474/620/48 1473/618/48
f 1568/428/48 1567/430/48 1473/618/48 1472/616/48
f 1569/426/48 1568/428/48 1472/616/48 1471/615/48
f 1570/424/48 1569/426/48 1471/615/48 1470/652/48
f 1571/422/48 1570/424/48 1470/652/48 1469/650/48
f 1572/420/48 1571/422/48 1469/650/48 1468/648/48
f 1573/418/48 1572/420/48 1468/648/48 1467/646/48
f 1574/416/48 1573/418/48 1467/646/48 1466/644/48
f 1575/414/48 1574/416/48 1466/644/48 1465/642/48
f 1576/411/48 1575/414/48 1465/642/48 1464/640/48
f 1577/412/48 1576/411/48 1464/640/48 1463/638/48
f 1578/448/48 1577/412/48 1463/638/48 1482/636/48
f 1579/446/48 1578/448/48 1482/636/48 1481/634/48
f 1580/444/48 1579/446/48 1481/634/48 1480/632/48
f 1581/442/48 1580/444/48 1480/632/48 1479/630/48
f 1582/440/48 1581/442/48 1479/630/48 1478/628/48
f 1563/438/48 1582/440/48 1478/628/48 1477/626/48
f 1584/573/58 1583/574/58 1434/575/58 1433/576/58
f 1585/577/58 1584/573/58 1433/576/58 1432/578/58
f 1586/579/58 1585/577/58 1432/578/58 1431/580/58
f 1587/581/58 1586/579/58 1431/580/58 1430/582/58
f 1588/583/58 1587/581/58 1430/582/58 1429/584/58
f 1589/585/58 1588/583/58 1429/584/58 1428/586/58
f 1590/587/58 1589/585/58 1428/586/58 1427/588/58
f 1591/589/58 1590/587/58 1427/588/58 1426/590/58
f 1592/591/58 1591/589/58 1426/590/58 1425/592/58
f 1593/593/58 1592/591/58 1425/592/58 1424/594/58
f 1594/595/58 1593/593/58 1424/594/58 1423/596/58
f 1595/597/58 1594/595/58 1423/596/58 1442/598/58
f 1596/599/58 1595/597/58 1442/598/58 1441/600/58
f 1597/601/58 1596/599/58 1441/600/58 1440/602/58
f 1598/603/58 1597/601/58 1440/602/58 1439/604/58
f 1599/605/58 1598/603/58 1439/604/58 1438/606/58
f 1600/607/58 1599/605/58 1438/606/58 1437/608/58
f 1601/609/58 1600/607/58 1437/608/58 1436/610/58
f 1602/611/58 1601/609/58 1436/610/58 1435/612/58
f 1583/574/58 1602/611/58 1435/612/58 1434/575/58
f 1604/348/58 1603/350/58 1583/574/58 1584/573/58
f 1605/346/58 1604/348/58 1584/573/58 1585/577/58
f 1606/344/58 1605/346/58 1585/577/58 1586/579/58
f 1607/342/58 1606/344/58 1586/579/58 1587/581/58
f 1608/340/58 1607/342/58 1587/581/58 1588/583/58
f 1609/338/58 1608/340/58 1588/583/58 1589/585/58
f 1610/336/58 1609/338/58 1589/585/58 1590/587/58
f 1611/334/58 1610/336/58 1590/587/58 1591/589/58
f 1612/332/58 1611/334/58 1591/589/58 1592/591/58
f 1613/329/58 1612/332/58 1592/591/58 1593/593/58
f 1614/330/58 1613/329/58 1593/593/58 1594/595/58
f 1615/366/58 1614/330/58 1594/595/58 1595/597/58
f 1616/364/58 1615/366/58 1595/597/58 1596/599/58
f 1617/362/58 1616/364/58 1596/599/58 1597/601/58
f 1618/360/58 1617/362/58 1597/601/58 1598/603/58
f 1619/358/58 1618/360/58 1598/603/58 1599/605/58
f 1620/356/58 1619/358/58 1599/605/58 1600/607/58
f 1621/354/58 1620/356/58 1600/607/58 1601/609/58
f 1622/352/58 1621/354/58 1601/609/58 1602/611/58
f 1603/350/58 1622/352/58 1602/611/58 1583/574/58
f 1623/327/63 1624/328/63 1833/329/63 1834/330/63
f 1624/328/63 1625/331/63 1832/332/63 1833/329/63
f 1625/331/63 1626/333/63 1831/334/63 1832/332/63
f 1626/333/63 1627/335/63 1830/336/63 1831/334/63
f 1627/335/63 1628/337/63 1829/338/63 1830/336/63
f 1628/337/63 1629/339/63 1828/340/63 1829/338/63
f 1629/339/63 1630/341/63 1827/342/63 1828/340/63
f 1630/341/63 1631/343/63 1826/344/63 1827/342/63
f 1631/343/63 1632/345/63 1825/346/63 1826/344/63
f 1632/345/63 1633/347/63 1824/348/63 1825/346/63
f 1633/347/63 1634/349/63 1823/350/63 1824/348/63
f 1634/349/63 1635/351/63 1842/352/63 1823/350/63
f 1635/351/63 1636/353/63 1841/354/63 1842/352/63
f 1636/353/63 1637/355/63 1840/356/63 1841/354/63
f 1637/355/63 1638/357/63 1839/358/63 1840/356/63
f 1638/357/63 1639/359/63 1838/360/63 1839/358/63
f 1639/359/63 1640/361/63 1837/362/63 1838/360/63
f 1640/361/63 1641/363/63 1836/364/63 1837/362/63
f 1641/363/63 1642/365/63 1835/366/63 1836/364/63
f 1642/365/63 1623/327/63 1834/330/63 1835/366/63
f 1643/367/562 1644/368/563 1737/369/563 1738/370/562
f 1644/368/563 1645/371/564 1736/372/564 1737/369/563
f 1645/371/564 1646/373/565 1735/374/565 1736/372/564
f 1646/373/565 1647/375/48 1734/376/48 1735/374/565
f 1647/375/48 1648/377/566 1733/378/566 1734/376/48
f 1648/377/566 1649/379/567 1732/380/567 1733/378/566
f 1649/379/567 1650/381/568 1731/382/568 1732/380/567
f 1650/381/568 1651/383/569 1730/384/569 1731/382/568
f 1651/383/569 1652/385/43 1729/386/43 1730/384/569
f 1652/385/43 1653/387/570 1728/388/570 1729/386/43
f 1653/387/570 1654/389/571 1727/390/571 1728/388/570
f 1654/389/571 1655/391/572 1726/392/572 1727/390/571
f 1655/391/572 1656/393/573 1725/394/573 1726/392/572
f 1656/393/573 1657/395/58 1724/396/58 1725/394/573
f 1657/395/58 1658/397/574 1723/398/574 1724/396/58
f 1658/397/574 1659/399/575 1742/400/575 1723/398/574
f 1659/399/575 1660/401/576 1741/402/576 1742/400/575
f 1660/401/576 1661/403/577 1740/404/577 1741/402/576
f 1661/403/577 1662/405/64 1739/406/64 1740/404/577
f 1662/405/64 1643/407/562 1738/408/562 1739/406/64
f 1663/409/53 1664/410/53 1796/411/53 1797/412/53
f 1664/410/53 1665/413/53 1795/414/53 1796/411/53
f 1665/413/53 1666/415/53 1794/416/53 1795/414/53
f 1666/415/53 1667/417/53 1793/418/53 1794/416/53
f 1667/417/53 1668/419/53 1792/420/53 1793/418/53
f 1668/419/53 1669/421/578 1791/422/53 1792/420/53
f 1669/421/578 1670/423/53 1790/424/53 1791/422/53
f 1670/423/53 1671/425/53 1789/426/53 1790/424/53
f 1671/425/53 1672/427/53 1788/428/53 1789/426/53
f 1672/427/53 1673/429/53 1787/430/53 1788/428/53
f 1673/429/53 1674/431/53 1786/432/53 1787/430/53
f 1674/431/53 1675/433/53 1785/434/53 1786/432/53
f 1675/433/53 1676/435/53 1784/436/53 1785/434/53
f 1676/435/53 1677/437/53 1783/438/53 1784/436/53
f 1677/437/53 1678/439/53 1802/440/53 1783/438/53
f 1678/439/53 1679/441/53 1801/442/53 1802/440/53
f 1679/441/53 1680/443/53 1800/444/53 1801/442/53
f 1680/443/53 1681/445/53 1799/446/53 1800/444/53
f 1681/445/53 1682/447/53 1798/448/53 1799/446/53
f 1682/447/53 1663/409/53 1797/412/53 1798/448/53
f 1624/328/579 1623/327/579 1875/449/579 1876/450/579
f 1623/327/580 1642/365/580 1874/451/580 1875/449/580
f 1642/365/581 1641/363/581 1873/452/581 1874/451/581
f 1641/363/582 1640/361/582 1872/453/582 1873/452/582
f 1640/361/583 1639/359/583 1871/454/583 1872/453/583
f 1639/359/584 1638/357/584 1870/455/584 1871/454/584
f 1638/357/585 1637/355/585 1869/456/585 1870/455/585
f 1637/355/586 1636/353/586 1868/457/586 1869/456/586
f 1636/353/587 1635/351/587 1867/458/587 1868/457/587
f 1635/351/588 1634/349/588 1866/459/588 1867/458/588
f 1634/349/589 1633/347/589 1865/460/589 1866/459/589
f 1633/347/590 1632/345/590 1864/461/590 1865/460/590
f 1632/345/591 1631/343/591 1863/462/591 1864/461/591
f 1631/343/592 1630/341/592 1882/463/592 1863/462/592
f 1630/341/593 1629/339/593 1881/464/593 1882/463/593
f 1629/339/594 1628/337/594 1880/465/594 1881/464/594
f 1628/337/595 1627/335/595 1879/466/595 1880/465/595
f 1627/335/596 1626/333/596 1878/467/596 1879/466/596
f 1626/333/597 1625/331/597 1877/468/597 1878/467/597
f 1625/331/598 1624/328/598 1876/450/598 1877/468/598
f 1704/469/58 1703/470/574 1678/471/574 1677/472/58
f 1705/473/573 1704/469/58 1677/472/58 1676/474/573
f 1706/475/572 1705/473/573 1676/474/573 1675/476/572
f 1707/477/571 1706/475/572 1675/476/572 1674/478/571
f 1708/479/570 1707/477/571 1674/478/571 1673/480/570
f 1709/481/43 1708/479/570 1673/480/570 1672/482/43
f 1710/483/569 1709/481/43 1672/482/43 1671/484/569
f 1711/485/568 1710/483/569 1671/484/569 1670/486/568
f 1712/487/567 1711/485/568 1670/486/568 1669/488/567
f 1713/489/566 1712/487/567 1669/488/567 1668/490/566
f 1714/491/48 1713/489/566 1668/490/566 1667/492/48
f 1715/493/565 1714/491/48 1667/492/48 1666/494/565
f 1716/495/564 1715/493/565 1666/494/565 1665/496/564
f 1717/497/563 1716/495/564 1665/496/564 1664/498/563
f 1718/499/562 1717/497/563 1664/498/563 1663/500/562
f 1719/501/64 1718/502/562 1663/503/562 1682/504/64
f 1720/505/577 1719/501/64 1682/504/64 1681/506/577
f 1721/507/576 1720/505/577 1681/506/577 1680/508/576
f 1722/509/575 1721/507/576 1680/508/576 1679/510/599
f 1703/470/574 1722/509/575 1679/510/599 1678/471/574
f 1724/396/58 1723/398/574 1743/511/574 1744/512/58
f 1725/394/573 1724/396/58 1744/512/58 1745/513/573
f 1726/392/572 1725/394/573 1745/513/573 1746/514/572
f 1727/390/571 1726/392/572 1746/514/572 1747/515/571
f 1728/388/570 1727/390/571 1747/515/571 1748/516/570
f 1729/386/43 1728/388/570 1748/516/570 1749/517/43
f 1730/384/569 1729/386/43 1749/517/43 1750/518/569
f 1731/382/568 1730/384/569 1750/518/569 1751/519/568
f 1732/380/567 1731/382/568 1751/519/568 1752/520/567
f 1733/378/566 1732/380/567 1752/520/567 1753/521/566
f 1734/376/48 1733/378/566 1753/521/566 1754/522/48
f 1735/374/565 1734/376/48 1754/522/48 1755/523/565
f 1736/372/564 1735/374/565 1755/523/565 1756/524/564
f 1737/369/563 1736/372/564 1756/524/564 1757/525/563
f 1738/370/562 1737/369/563 1757/525/563 1758/526/562
f 1739/406/64 1738/408/562 1758/527/562 1759/528/64
f 1740/404/577 1739/406/64 1759/528/64 1760/529/577
f 1741/402/576 1740/404/577 1760/529/577 1761/530/576
f 1742/400/575 1741/402/576 1761/530/576 1762/531/575
f 1723/398/574 1742/400/575 1762/531/575 1743/511/574
f 1744/512/58 1743/511/574 1763/532/574 1764/533/58
f 1745/513/573 1744/512/58 1764/533/58 1765/534/573
f 1746/514/572 1745/513/573 1765/534/573 1766/535/572
f 1747/515/571 1746/514/572 1766/535/572 1767/536/571
f 1748/516/570 1747/515/571 1767/536/571 1768/537/570
f 1749/517/43 1748/516/570 1768/537/570 1769/538/43
f 1750/518/569 1749/517/43 1769/538/43 1770/539/569
f 1751/519/568 1750/518/569 1770/539/569 1771/540/568
f 1752/520/567 1751/519/568 1771/540/568 1772/541/567
f 1753/521/566 1752/520/567 1772/541/567 1773/542/566
f 1754/522/48 1753/521/566 1773/542/566 1774/543/48
f 1755/523/565 1754/522/48 1774/543/48 1775/544/565
f 1756/524/564 1755/523/565 1775/544/565 1776/545/564
f 1757/525/563 1756/524/564 1776/545/564 1777/546/563
f 1758/526/562 1757/525/563 1777/546/563 1778/547/562
f 1759/528/64 1758/527/562 1778/548/562 1779/549/64
f 1760/529/577 1759/528/64 1779/549/64 1780/550/577
f 1761/530/576 1760/529/577 1780/550/577 1781/551/576
f 1762/531/575 1761/530/576 1781/551/576 1782/552/575
f 1743/511/574 1762/531/575 1782/552/575 1763/532/574
f 1764/533/58 1763/532/574 1703/470/574 1704/469/58
f 1765/534/573 1764/533/58 1704/469/58 1705/473/573
f 1766/535/572 1765/534/573 1705/473/573 1706/475/572
f 1767/536/571 1766/535/572 1706/475/572 1707/477/571
f 1768/537/570 1767/536/571 1707/477/571 1708/479/570
f 1769/538/43 1768/537/570 1708/479/570 1709/481/43
f 1770/539/569 1769/538/43 1709/481/43 1710/483/569
f 1771/540/568 1770/539/569 1710/483/569 1711/485/568
f 1772/541/567 1771/540/568 1711/485/568 1712/487/567
f 1773/542/566 1772/541/567 1712/487/567 1713/489/566
f 1774/543/48 1773/542/566 1713/489/566 1714/491/48
f 1775/544/565 1774/543/48 1714/491/48 1715/493/565
f 1776/545/564 1775/544/565 1715/493/565 1716/495/564
f 1777/546/563 1776/545/564 1716/495/564 1717/497/563
f 1778/547/562 1777/546/563 1717/497/563 1718/499/562
f 1779/549/64 1778/548/562 1718/502/562 1719/501/64
f 1780/550/577 1779/549/64 1719/501/64 1720/505/577
f 1781/551/576 1780/550/577 1720/505/577 1721/507/576
f 1782/552/575 1781/551/576 1721/507/576 1722/509/575
f 1763/532/574 1782/552/575 1722/509/575 1703/470/574
f 1784/436/53 1783/438/53 1887/553/53 1888/554/53
f 1785/434/53 1784/436/53 1888/554/53 1889/555/53
f 1786/432/53 1785/434/53 1889/555/53 1890/556/53
f 1787/430/53 1786/432/53 1890/556/53 1891/557/53
f 1788/428/53 1787/430/53 1891/557/53 1892/558/53
f 1789/426/53 1788/428/53 1892/558/53 1893/559/53
f 1790/424/53 1789/426/53 1893/559/53 1894/560/53
f 1791/422/53 1790/424/53 1894/560/53 1895/561/53
f 1792/420/53 1791/422/53 1895/561/53 1896/562/53
f 1793/418/53 1792/420/53 1896/562/53 1897/563/53
f 1794/416/53 1793/418/53 1897/563/53 1898/564/53
f 1795/414/53 1794/416/53 1898/564/53 1899/565/53
f 1796/411/53 1795/414/53 1899/565/53 1900/566/53
f 1797/412/53 1796/411/53 1900/566/53 1901/567/53
f 1798/448/53 1797/412/53 1901/567/53 1902/568/53
f 1799/446/53 1798/448/53 1902/568/53 1883/569/53
f 1800/444/53 1799/446/53 1883/569/53 1884/570/53
f 1801/442/53 1800/444/53 1884/570/53 1885/571/53
f 1802/440/53 1801/442/53 1885/571/53 1886/572/53
f 1783/438/53 1802/440/53 1886/572/53 1887/553/53
f 1804/573/63 1803/574/63 1654/575/63 1653/576/63
f 1805/577/63 1804/573/63 1653/576/63 1652/578/600
f 1806/579/63 1805/577/63 1652/578/600 1651/580/63
f 1807/581/63 1806/579/63 1651/580/63 1650/582/63
f 1808/583/63 1807/581/63 1650/582/63 1649/584/63
f 1809/585/63 1808/583/63 1649/584/63 1648/586/63
f 1810/587/63 1809/585/63 1648/586/63 1647/588/63
f 1811/589/63 1810/587/63 1647/588/63 1646/590/63
f 1812/591/63 1811/589/63 1646/590/63 1645/592/63
f 1813/593/63 1812/591/63 1645/592/63 1644/594/63
f 1814/595/63 1813/593/63 1644/594/63 1643/596/63
f 1815/597/63 1814/595/63 1643/596/63 1662/598/63
f 1816/599/63 1815/597/63 1662/598/63 1661/600/63
f 1817/601/63 1816/599/63 1661/600/63 1660/602/63
f 1818/603/63 1817/601/63 1660/602/63 1659/604/63
f 1819/605/63 1818/603/63 1659/604/63 1658/606/63
f 1820/607/63 1819/605/63 1658/606/63 1657/608/63
f 1821/609/63 1820/607/63 1657/608/63 1656/610/63
f 1822/611/63 1821/609/63 1656/610/63 1655/612/63
f 1803/574/63 1822/611/63 1655/612/63 1654/575/63
f 1824/348/63 1823/350/63 1803/574/63 1804/573/63
f 1825/346/63 1824/348/63 1804/573/63 1805/577/63
f 1826/344/63 1825/346/63 1805/577/63 1806/579/63
f 1827/342/63 1826/344/63 1806/579/63 1807/581/63
f 1828/340/63 1827/342/63 1807/581/63 1808/583/63
f 1829/338/63 1828/340/63 1808/583/63 1809/585/63
f 1830/336/63 1829/338/63 1809/585/63 1810/587/63
f 1831/334/63 1830/336/63 1810/587/63 1811/589/63
f 1832/332/63 1831/334/63 1811/589/63 1812/591/63
f 1833/329/63 1832/332/63 1812/591/63 1813/593/63
f 1834/330/63 1833/329/63 1813/593/63 1814/595/63
f 1835/366/63 1834/330/63 1814/595/63 1815/597/63
f 1836/364/63 1835/366/63 1815/597/63 1816/599/63
f 1837/362/63 1836/364/63 1816/599/63 1817/601/63
f 1838/360/63 1837/362/63 1817/601/63 1818/603/63
f 1839/358/63 1838/360/63 1818/603/63 1819/605/63
f 1840/356/63 1839/358/63 1819/605/63 1820/607/63
f 1841/354/63 1840/356/63 1820/607/63 1821/609/63
f 1842/352/63 1841/354/63 1821/609/63 1822/611/63
f 1823/350/63 1842/352/63 1822/611/63 1803/574/63
f 1844/613/591 1843/614/591 1691/615/591 1692/616/591
f 1845/617/590 1844/613/590 1692/616/590 1693/618/590
f 1846/619/589 1845/617/589 1693/618/589 1694/620/589
f 1847/621/588 1846/619/588 1694/620/588 1695/622/588
f 1848/623/587 1847/621/587 1695/622/587 1696/624/587
f 1849/625/586 1848/623/586 1696/624/586 1697/626/586
f 1850/627/585 1849/625/585 1697/626/585 1698/628/585
f 1851/629/584 1850/627/584 1698/628/584 1699/630/584
f 1852/631/583 1851/629/583 1699/630/601 1700/632/601
f 1853/633/582 1852/631/582 1700/632/602 1701/634/602
f 1854/635/581 1853/633/581 1701/634/581 1702/636/581
f 1855/637/580 1854/635/580 1702/636/580 1683/638/580
f 1856/639/579 1855/637/579 1683/638/579 1684/640/579
f 1857/641/598 1856/639/598 1684/640/598 1685/642/598
f 1858/643/597 1857/641/597 1685/642/597 1686/644/597
f 1859/645/596 1858/643/596 1686/644/596 1687/646/596
f 1860/647/595 1859/645/595 1687/646/595 1688/648/595
f 1861/649/594 1860/647/594 1688/648/594 1689/650/594
f 1862/651/593 1861/649/593 1689/650/593 1690/652/593
f 1843/614/592 1862/651/592 1690/652/592 1691/615/592
f 1864/461/591 1863/462/591 1843/614/591 1844/613/591
f 1865/460/590 1864/461/590 1844/613/590 1845/617/590
f 1866/459/589 1865/460/589 1845/617/589 1846/619/589
f 1867/458/588 1866/459/588 1846/619/588 1847/621/588
f 1868/457/587 1867/458/587 1847/621/587 1848/623/587
f 1869/456/586 1868/457/586 1848/623/586 1849/625/586
f 1870/455/585 1869/456/585 1849/625/585 1850/627/585
f 1871/454/584 1870/455/584 1850/627/584 1851/629/584
f 1872/453/583 1871/454/583 1851/629/583 1852/631/583
f 1873/452/582 1872/453/582 1852/631/582 1853/633/582
f 1874/451/581 1873/452/581 1853/633/581 1854/635/581
f 1875/449/580 1874/451/580 1854/635/580 1855/637/580
f 1876/450/579 1875/449/579 1855/637/579 1856/639/579
f 1877/468/598 1876/450/598 1856/639/598 1857/641/598
f 1878/467/597 1877/468/597 1857/641/597 1858/643/597
f 1879/466/596 1878/467/596 1858/643/596 1859/645/596
f 1880/465/595 1879/466/595 1859/645/595 1860/647/595
f 1881/464/594 1880/465/594 1860/647/594 1861/649/594
f 1882/463/593 1881/464/593 1861/649/593 1862/651/593
f 1863/462/592 1882/463/592 1862/651/592 1843/614/592
f 1884/570/53 1883/569/53 1701/634/53 1700/632/53
f 1885/571/53 1884/570/53 1700/632/53 1699/630/53
f 1886/572/53 1885/571/53 1699/630/53 1698/628/53
f 1887/553/53 1886/572/53 1698/628/53 1697/626/53
f 1888/554/53 1887/553/53 1697/626/53 1696/624/53
f 1889/555/53 1888/554/53 1696/624/53 1695/622/53
f 1890/556/53 1889/555/53 1695/622/53 1694/620/53
f 1891/557/53 1890/556/53 1694/620/53 1693/618/53
f 1892/558/53 1891/557/53 1693/618/53 1692/616/53
f 1893/559/53 1892/558/53 1692/616/53 1691/615/53
f 1894/560/53 1893/559/53 1691/615/53 1690/652/53
f 1895/561/53 1894/560/53 1690/652/53 1689/650/53
f 1896/562/53 1895/561/53 1689/650/53 1688/648/53
f 1897/563/53 1896/562/53 1688/648/53 1687/646/53
f 1898/564/53 1897/563/53 1687/646/53 1686/644/53
f 1899/565/53 1898/564/53 1686/644/53 1685/642/53
f 1900/566/53 1899/565/53 1685/642/53 1684/640/53
f 1901/567/53 1900/566/53 1684/640/53 1683/638/53
f 1902/568/53 1901/567/53 1683/638/53 1702/636/53
f 1883/569/53 1902/568/53 1702/636/53 1701/634/53
f 1903/327/43 1904/328/43 2113/329/43 2114/330/43
f 1904/328/43 1905/331/43 2112/332/43 2113/329/43
f 1905/331/43 1906/333/43 2111/334/43 2112/332/43
f 1906/333/43 1907/335/43 2110/336/43 2111/334/43
f 1907/335/43 1908/337/43 2109/338/43 2110/336/43
f 1908/337/43 1909/339/43 2108/340/43 2109/338/43
f 1909/339/43 1910/341/43 2107/342/43 2108/340/43
f 1910/341/43 1911/343/43 2106/344/43 2107/342/43
f 1911/343/43 1912/345/43 2105/346/43 2106/344/43
f 1912/345/43 1913/347/43 2104/348/43 2105/346/43
f 1913/347/43 1914/349/43 2103/350/43 2104/348/43
f 1914/349/43 1915/351/43 2122/352/43 2103/350/43
f 1915/351/43 1916/353/43 2121/354/43 2122/352/43
f 1916/353/43 1917/355/43 2120/356/43 2121/354/43
f 1917/355/43 1918/357/43 2119/358/43 2120/356/43
f 1918/357/43 1919/359/43 2118/360/43 2119/358/43
f 1919/359/43 1920/361/43 2117/362/43 2118/360/43
f 1920/361/43 1921/363/43 2116/364/43 2117/362/43
f 1921/363/43 1922/365/43 2115/366/43 2116/364/43
f 1922/365/43 1903/327/43 2114/330/43 2115/366/43
f 1923/367/44 1924/368/45 2017/369/45 2018/370/44
f 1924/368/45 1925/371/46 2016/372/46 2017/369/45
f 1925/371/46 1926/373/47 2015/374/47 2016/372/46
f 1926/373/47 1927/375/48 2014/376/48 2015/374/47
f 1927/375/48 1928/377/49 2013/378/49 2014/376/48
f 1928/377/49 1929/379/50 2012/380/50 2013/378/49
f 1929/379/50 1930/381/51 2011/382/51 2012/380/50
f 1930/381/51 1931/383/52 2010/384/52 2011/382/51
f 1931/383/52 1932/385/53 2009/386/53 2010/384/52
f 1932/385/53 1933/387/54 2008/388/54 2009/386/53
f 1933/387/54 1934/389/55 2007/390/55 2008/388/54
f 1934/389/55 1935/391/56 2006/392/56 2007/390/55
f 1935/391/56 1936/393/57 2005/394/57 2006/392/56
f 1936/393/57 1937/395/58 2004/396/58 2005/394/57
f 1937/395/58 1938/397/59 2003/398/59 2004/396/58
f 1938/397/59 1939/399/60 2022/400/60 2003/398/59
f 1939/399/60 1940/401/61 2021/402/61 2022/400/60
f 1940/401/61 1941/403/62 2020/404/62 2021/402/61
f 1941/403/62 1942/405/63 2019/406/63 2020/404/62
f 1942/405/63 1923/407/44 2018/408/44 2019/406/63
f 1943/409/64 1944/410/64 2076/411/64 2077/412/64
f 1944/410/64 1945/413/603 2075/414/64 2076/411/64
f 1945/413/603 1946/415/64 2074/416/64 2075/414/64
f 1946/415/64 1947/417/604 2073/418/605 2074/416/64
f 1947/417/604 1948/419/64 2072/420/64 2073/418/605
f 1948/419/64 1949/421/603 2071/422/64 2072/420/64
f 1949/421/603 1950/423/64 2070/424/64 2071/422/64
f 1950/423/64 1951/425/64 2069/426/64 2070/424/64
f 1951/425/64 1952/427/64 2068/428/64 2069/426/64
f 1952/427/64 1953/429/64 2067/430/64 2068/428/64
f 1953/429/64 1954/431/64 2066/432/64 2067/430/64
f 1954/431/64 1955/433/605 2065/434/605 2066/432/64
f 1955/433/605 1956/435/605 2064/436/605 2065/434/605
f 1956/435/605 1957/437/64 2063/438/64 2064/436/605
f 1957/437/64 1958/439/64 2082/440/64 2063/438/64
f 1958/439/64 1959/441/64 2081/442/64 2082/440/64
f 1959/441/64 1960/443/64 2080/444/64 2081/442/64
f 1960/443/64 1961/445/64 2079/446/64 2080/444/64
f 1961/445/64 1962/447/64 2078/448/64 2079/446/64
f 1962/447/64 1943/409/64 2077/412/64 2078/448/64
f 1904/328/65 1903/327/65 2155/449/65 2156/450/65
f 1903/327/66 1922/365/66 2154/451/66 2155/449/66
f 1922/365/67 1921/363/67 2153/452/67 2154/451/67
f 1921/363/68 1920/361/68 2152/453/68 2153/452/68
f 1920/361/69 1919/359/69 2151/454/69 2152/453/69
f 1919/359/70 1918/357/70 2150/455/70 2151/454/70
f 1918/357/606 1917/355/606 2149/456/71 2150/455/71
f 1917/355/72 1916/353/72 2148/457/72 2149/456/72
f 1916/353/73 1915/351/73 2147/458/73 2148/457/73
f 1915/351/74 1914/349/74 2146/459/74 2147/458/74
f 1914/349/607 1913/347/607 2145/460/75 2146/459/75
f 1913/347/76 1912/345/76 2144/461/76 2145/460/76
f 1912/345/77 1911/343/77 2143/462/77 2144/461/77
f 1911/343/78 1910/341/78 2162/463/78 2143/462/78
f 1910/341/79 1909/339/79 2161/464/79 2162/463/79
f 1909/339/80 1908/337/80 2160/465/80 2161/464/80
f 1908/337/81 1907/335/81 2159/466/81 2160/465/81
f 1907/335/82 1906/333/82 2158/467/82 2159/466/82
f 1906/333/83 1905/331/83 2157/468/83 2158/467/83
f 1905/331/84 1904/328/84 2156/450/84 2157/468/84
f 1984/469/58 1983/470/59 1958/471/59 1957/472/58
f 1985/473/57 1984/469/58 1957/472/58 1956/474/57
f 1986/475/56 1985/473/57 1956/474/57 1955/476/56
f 1987/477/55 1986/475/56 1955/476/56 1954/478/55
f 1988/479/54 1987/477/55 1954/478/55 1953/480/54
f 1989/481/53 1988/479/54 1953/480/54 1952/482/53
f 1990/483/52 1989/481/53 1952/482/53 1951/484/52
f 1991/485/51 1990/483/52 1951/484/52 1950/486/51
f 1992/487/50 1991/485/51 1950/486/51 1949/488/50
f 1993/489/49 1992/487/50 1949/488/50 1948/490/49
f 1994/491/48 1993/489/49 1948/490/49 1947/492/48
f 1995/493/47 1994/491/48 1947/492/48 1946/494/47
f 1996/495/46 1995/493/47 1946/494/47 1945/496/46
f 1997/497/45 1996/495/46 1945/496/46 1944/498/45
f 1998/499/44 1997/497/45 1944/498/45 1943/500/44
f 1999/501/63 1998/502/44 1943/503/44 1962/504/63
f 2000/505/62 1999/501/63 1962/504/63 1961/506/62
f 2001/507/61 2000/505/62 1961/506/62 1960/508/61
f 2002/509/60 2001/507/61 1960/508/61 1959/510/60
f 1983/470/59 2002/509/60 1959/510/60 1958/471/59
f 2004/396/58 2003/398/59 2023/511/59 2024/512/58
f 2005/394/57 2004/396/58 2024/512/58 2025/513/57
f 2006/392/56 2005/394/57 2025/513/57 2026/514/56
f 2007/390/55 2006/392/56 2026/514/56 2027/515/55
f 2008/388/54 2007/390/55 2027/515/55 2028/516/54
f 2009/386/53 2008/388/54 2028/516/54 2029/517/53
f 2010/384/52 2009/386/53 2029/517/53 2030/518/52
f 2011/382/51 2010/384/52 2030/518/52 2031/519/51
f 2012/380/50 2011/382/51 2031/519/51 2032/520/50
f 2013/378/49 2012/380/50 2032/520/50 2033/521/49
f 2014/376/48 2013/378/49 2033/521/49 2034/522/48
f 2015/374/47 2014/376/48 2034/522/48 2035/523/47
f 2016/372/46 2015/374/47 2035/523/47 2036/524/46
f 2017/369/45 2016/372/46 2036/524/46 2037/525/45
f 2018/370/44 2017/369/45 2037/525/45 2038/526/44
f 2019/406/63 2018/408/44 2038/527/44 2039/528/63
f 2020/404/62 2019/406/63 2039/528/63 2040/529/62
f 2021/402/61 2020/404/62 2040/529/62 2041/530/61
f 2022/400/60 2021/402/61 2041/530/61 2042/531/60
f 2003/398/59 2022/400/60 2042/531/60 2023/511/59
f 2024/512/58 2023/511/59 2043/532/59 2044/533/58
f 2025/513/57 2024/512/58 2044/533/58 2045/534/57
f 2026/514/56 2025/513/57 2045/534/57 2046/535/56
f 2027/515/55 2026/514/56 2046/535/56 2047/536/55
f 2028/516/54 2027/515/55 2047/536/55 2048/537/54
f 2029/517/53 2028/516/54 2048/537/54 2049/538/53
f 2030/518/52 2029/517/53 2049/538/53 2050/539/52
f 2031/519/51 2030/518/52 2050/539/52 2051/540/51
f 2032/520/50 2031/519/51 2051/540/51 2052/541/50
f 2033/521/49 2032/520/50 2052/541/50 2053/542/49
f 2034/522/48 2033/521/49 2053/542/49 2054/543/48
f 2035/523/47 2034/522/48 2054/543/48 2055/544/47
f 2036/524/46 2035/523/47 2055/544/47 2056/545/46
f 2037/525/45 2036/524/46 2056/545/46 2057/546/45
f 2038/526/44 2037/525/45 2057/546/45 2058/547/44
f 2039/528/63 2038/527/44 2058/548/44 2059/549/63
f 2040/529/62 2039/528/63 2059/549/63 2060/550/62
f 2041/530/61 2040/529/62 2060/550/62 2061/551/61
f 2042/531/60 2041/530/61 2061/551/61 2062/552/60
f 2023/511/59 2042/531/60 2062/552/60 2043/532/59
f 2044/533/58 2043/532/59 1983/470/59 1984/469/58
f 2045/534/57 2044/533/58 1984/469/58 1985/473/57
f 2046/535/56 2045/534/57 1985/473/57 1986/475/56
f 2047/536/55 2046/535/56 1986/475/56 1987/477/55
f 2048/537/54 2047/536/55 1987/477/55 1988/479/54
f 2049/538/53 2048/537/54 1988/479/54 1989/481/53
f 2050/539/52 2049/538/53 1989/481/53 1990/483/52
f 2051/540/51 2050/539/52 1990/483/52 1991/485/51
f 2052/541/50 2051/540/51 1991/485/51 1992/487/50
f 2053/542/49 2052/541/50 1992/487/50 1993/489/49
f 2054/543/48 2053/542/49 1993/489/49 1994/491/48
f 2055/544/47 2054/543/48 1994/491/48 1995/493/47
f 2056/545/46 2055/544/47 1995/493/47 1996/495/46
f 2057/546/45 2056/545/46 1996/495/46 1997/497/45
f 2058/547/44 2057/546/45 1997/497/45 1998/499/44
f 2059/549/63 2058/548/44 1998/502/44 1999/501/63
f 2060/550/62 2059/549/63 1999/501/63 2000/505/62
f 2061/551/61 2060/550/62 2000/505/62 2001/507/61
f 2062/552/60 2061/551/61 2001/507/61 2002/509/60
f 2043/532/59 2062/552/60 2002/509/60 1983/470/59
f 2064/436/605 2063/438/64 2167/553/64 2168/554/64
f 2065/434/605 2064/436/605 2168/554/64 2169/555/64
f 2066/432/64 2065/434/605 2169/555/64 2170/556/64
f 2067/430/64 2066/432/64 2170/556/64 2171/557/64
f 2068/428/64 2067/430/64 2171/557/64 2172/558/64
f 2069/426/64 2068/428/64 2172/558/64 2173/559/64
f 2070/424/64 2069/426/64 2173/559/64 2174/560/64
f 2071/422/64 2070/424/64 2174/560/64 2175/561/64
f 2072/420/64 2071/422/64 2175/561/64 2176/562/64
f 2073/418/605 2072/420/64 2176/562/64 2177/563/64
f 2074/416/64 2073/418/605 2177/563/64 2178/564/64
f 2075/414/64 2074/416/64 2178/564/64 2179/565/64
f 2076/411/64 2075/414/64 2179/565/64 2180/566/64
f 2077/412/64 2076/411/64 2180/566/64 2181/567/64
f 2078/448/64 2077/412/64 2181/567/64 2182/568/64
f 2079/446/64 2078/448/64 2182/568/64 2163/569/64
f 2080/444/64 2079/446/64 2163/569/64 2164/570/64
f 2081/442/64 2080/444/64 2164/570/64 2165/571/64
f 2082/440/64 2081/442/64 2165/571/64 2166/572/64
f 2063/438/64 2082/440/64 2166/572/64 2167/553/64
f 2084/573/43 2083/574/608 1934/575/608 1933/576/43
f 2085/577/43 2084/573/43 1933/576/43 1932/578/43
f 2086/579/43 2085/577/43 1932/578/43 1931/580/609
f 2087/581/43 2086/579/43 1931/580/609 1930/582/609
f 2088/583/43 2087/581/43 1930/582/609 1929/584/43
f 2089/585/43 2088/583/43 1929/584/43 1928/586/43
f 2090/587/43 2089/585/43 1928/586/43 1927/588/43
f 2091/589/43 2090/587/43 1927/588/43 1926/590/43
f 2092/591/43 2091/589/43 1926/590/43 1925/592/43
f 2093/593/43 2092/591/43 1925/592/43 1924/594/43
f 2094/595/43 2093/593/43 1924/594/43 1923/596/43
f 2095/597/43 2094/595/43 1923/596/43 1942/598/43
f 2096/599/608 2095/597/43 1942/598/43 1941/600/608
f 2097/601/608 2096/599/608 1941/600/608 1940/602/608
f 2098/603/43 2097/601/608 1940/602/608 1939/604/43
f 2099/605/608 2098/603/43 1939/604/43 1938/606/610
f 2100/607/610 2099/605/608 1938/606/610 1937/608/611
f 2101/609/608 2100/607/610 1937/608/611 1936/610/610
f 2102/611/608 2101/609/608 1936/610/610 1935/612/608
f 2083/574/608 2102/611/608 1935/612/608 1934/575/608
f 2104/348/43 2103/350/43 2083/574/608 2084/573/43
f 2105/346/43 2104/348/43 2084/573/43 2085/577/43
f 2106/344/43 2105/346/43 2085/577/43 2086/579/43
f 2107/342/43 2106/344/43 2086/579/43 2087/581/43
f 2108/340/43 2107/342/43 2087/581/43 2088/583/43
f 2109/338/43 2108/340/43 2088/583/43 2089/585/43
f 2110/336/43 2109/338/43 2089/585/43 2090/587/43
f 2111/334/43 2110/336/43 2090/587/43 2091/589/43
f 2112/332/43 2111/334/43 2091/589/43 2092/591/43
f 2113/329/43 2112/332/43 2092/591/43 2093/593/43
f 2114/330/43 2113/329/43 2093/593/43 2094/595/43
f 2115/366/43 2114/330/43 2094/595/43 2095/597/43
f 2116/364/43 2115/366/43 2095/597/43 2096/599/608
f 2117/362/43 2116/364/43 2096/599/608 2097/601/608
f 2118/360/43 2117/362/43 2097/601/608 2098/603/43
f 2119/358/43 2118/360/43 2098/603/43 2099/605/608
f 2120/356/43 2119/358/43 2099/605/608 2100/607/610
f 2121/354/43 2120/356/43 2100/607/610 2101/609/608
f 2122/352/43 2121/354/43 2101/609/608 2102/611/608
f 2103/350/43 2122/352/43 2102/611/608 2083/574/608
f 2124/613/77 2123/614/77 1971/615/77 1972/616/77
f 2125/617/76 2124/613/76 1972/616/76 1973/618/76
f 2126/619/75 2125/617/75 1973/618/75 1974/620/75
f 2127/621/74 2126/619/74 1974/620/74 1975/622/74
f 2128/623/73 2127/621/73 1975/622/73 1976/624/73
f 2129/625/72 2128/623/72 1976/624/72 1977/626/72
f 2130/627/71 2129/625/71 1977/626/71 1978/628/71
f 2131/629/70 2130/627/70 1978/628/70 1979/630/70
f 2132/631/69 2131/629/69 1979/630/69 1980/632/69
f 2133/633/68 2132/631/68 1980/632/68 1981/634/68
f 2134/635/67 2133/633/67 1981/634/67 1982/636/67
f 2135/637/66 2134/635/66 1982/636/66 1963/638/66
f 2136/639/65 2135/637/65 1963/638/65 1964/640/65
f 2137/641/84 2136/639/84 1964/640/84 1965/642/84
f 2138/643/83 2137/641/83 1965/642/83 1966/644/83
f 2139/645/82 2138/643/82 1966/644/82 1967/646/82
f 2140/647/81 2139/645/81 1967/646/81 1968/648/81
f 2141/649/80 2140/647/80 1968/648/80 1969/650/80
f 2142/651/79 2141/649/79 1969/650/79 1970/652/79
f 2123/614/78 2142/651/78 1970/652/78 1971/615/78
f 2144/461/77 2143/462/77 2123/614/77 2124/613/77
f 2145/460/76 2144/461/76 2124/613/76 2125/617/76
f 2146/459/75 2145/460/75 2125/617/75 2126/619/75
f 2147/458/74 2146/459/74 2126/619/74 2127/621/74
f 2148/457/73 2147/458/73 2127/621/73 2128/623/73
f 2149/456/72 2148/457/72 2128/623/72 2129/625/72
f 2150/455/71 2149/456/71 2129/625/71 2130/627/71
f 2151/454/70 2150/455/70 2130/627/70 2131/629/70
f 2152/453/69 2151/454/69 2131/629/69 2132/631/69
f 2153/452/68 2152/453/68 2132/631/68 2133/633/68
f 2154/451/67 2153/452/67 2133/633/67 2134/635/67
f 2155/449/66 2154/451/66 2134/635/66 2135/637/66
f 2156/450/65 2155/449/65 2135/637/65 2136/639/65
f 2157/468/84 2156/450/84 2136/639/84 2137/641/84
f 2158/467/83 2157/468/83 2137/641/83 2138/643/83
f 2159/466/82 2158/467/82 2138/643/82 2139/645/82
f 2160/465/81 2159/466/81 2139/645/81 2140/647/81
f 2161/464/80 2160/465/80 2140/647/80 2141/649/80
f 2162/463/79 2161/464/79 2141/649/79 2142/651/79
f 2143/462/78 2162/463/78 2142/651/78 2123/614/78
f 2164/570/64 2163/569/64 1981/634/64 1980/632/605
f 2165/571/64 2164/570/64 1980/632/605 1979/630/64
f 2166/572/64 2165/571/64 1979/630/64 1978/628/64
f 2167/553/64 2166/572/64 1978/628/64 1977/626/64
f 2168/554/64 2167/553/64 1977/626/64 1976/624/64
f 2169/555/64 2168/554/64 1976/624/64 1975/622/64
f 2170/556/64 2169/555/64 1975/622/64 1974/620/64
f 2171/557/64 2170/556/64 1974/620/64 1973/618/64
f 2172/558/64 2171/557/64 1973/618/64 1972/616/64
f 2173/559/64 2172/558/64 1972/616/64 1971/615/64
f 2174/560/64 2173/559/64 1971/615/64 1970/652/64
f 2175/561/64 2174/560/64 1970/652/64 1969/650/64
f 2176/562/64 2175/561/64 1969/650/64 1968/648/605
f 2177/563/64 2176/562/64 1968/648/605 1967/646/64
f 2178/564/64 2177/563/64 1967/646/64 1966/644/64
f 2179/565/64 2178/564/64 1966/644/64 1965/642/64
f 2180/566/64 2179/565/64 1965/642/64 1964/640/64
f 2181/567/64 2180/566/64 1964/640/64 1963/638/64
f 2182/568/64 2181/567/64 1963/638/64 1982/636/64
f 2163/569/64 2182/568/64 1982/636/64 1981/634/64
f 2183/327/63 2184/328/63 2393/329/63 2394/330/63
f 2184/328/63 2185/331/63 2392/332/63 2393/329/63
f 2185/331/63 2186/333/63 2391/334/63 2392/332/63
f 2186/333/63 2187/335/63 2390/336/63 2391/334/63
f 2187/335/63 2188/337/63 2389/338/63 2390/336/63
f 2188/337/63 2189/339/63 2388/340/63 2389/338/63
f 2189/339/63 2190/341/63 2387/342/63 2388/340/63
f 2190/341/63 2191/343/63 2386/344/63 2387/342/63
f 2191/343/63 2192/345/63 2385/346/63 2386/344/63
f 2192/345/63 2193/347/63 2384/348/63 2385/346/63
f 2193/347/63 2194/349/63 2383/350/63 2384/348/63
f 2194/349/63 2195/351/63 2402/352/63 2383/350/63
f 2195/351/63 2196/353/63 2401/354/63 2402/352/63
f 2196/353/63 2197/355/63 2400/356/63 2401/354/63
f 2197/355/63 2198/357/63 2399/358/63 2400/356/63
f 2198/357/63 2199/359/63 2398/360/63 2399/358/63
f 2199/359/63 2200/361/63 2397/362/63 2398/360/63
f 2200/361/63 2201/363/63 2396/364/63 2397/362/63
f 2201/363/63 2202/365/63 2395/366/63 2396/364/63
f 2202/365/63 2183/327/63 2394/330/63 2395/366/63
f 2203/367/562 2204/368/563 2297/369/563 2298/370/562
f 2204/368/563 2205/371/564 2296/372/564 2297/369/563
f 2205/371/564 2206/373/565 2295/374/565 2296/372/564
f 2206/373/565 2207/375/48 2294/376/48 2295/374/565
f 2207/375/48 2208/377/566 2293/378/566 2294/376/48
f 2208/377/566 2209/379/567 2292/380/567 2293/378/566
f 2209/379/567 2210/381/568 2291/382/568 2292/380/567
f 2210/381/568 2211/383/569 2290/384/569 2291/382/568
f 2211/383/569 2212/385/43 2289/386/43 2290/384/569
f 2212/385/43 2213/387/570 2288/388/570 2289/386/43
f 2213/387/570 2214/389/571 2287/390/571 2288/388/570
f 2214/389/571 2215/391/572 2286/392/572 2287/390/571
f 2215/391/572 2216/393/573 2285/394/573 2286/392/572
f 2216/393/573 2217/395/58 2284/396/58 2285/394/573
f 2217/395/58 2218/397/574 2283/398/574 2284/396/58
f 2218/397/574 2219/399/575 2302/400/575 2283/398/574
f 2219/399/575 2220/401/576 2301/402/576 2302/400/575
f 2220/401/576 2221/403/577 2300/404/577 2301/402/576
f 2221/403/577 2222/405/64 2299/406/64 2300/404/577
f 2222/405/64 2203/407/562 2298/408/562 2299/406/64
f 2223/409/53 2224/410/53 2356/411/53 2357/412/53
f 2224/410/53 2225/413/53 2355/414/53 2356/411/53
f 2225/413/53 2226/415/53 2354/416/53 2355/414/53
f 2226/415/53 2227/417/53 2353/418/53 2354/416/53
f 2227/417/53 2228/419/53 2352/420/53 2353/418/53
f 2228/419/53 2229/421/53 2351/422/53 2352/420/53
f 2229/421/53 2230/423/53 2350/424/53 2351/422/53
f 2230/423/53 2231/425/53 2349/426/53 2350/424/53
f 2231/425/53 2232/427/53 2348/428/53 2349/426/53
f 2232/427/53 2233/429/53 2347/430/53 2348/428/53
f 2233/429/53 2234/431/53 2346/432/53 2347/430/53
f 2234/431/53 2235/433/53 2345/434/53 2346/432/53
f 2235/433/53 2236/435/53 2344/436/53 2345/434/53
f 2236/435/53 2237/437/53 2343/438/53 2344/436/53
f 2237/437/53 2238/439/53 2362/440/53 2343/438/53
f 2238/439/53 2239/441/53 2361/442/53 2362/440/53
f 2239/441/53 2240/443/53 2360/444/53 2361/442/53
f 2240/443/53 2241/445/53 2359/446/53 2360/444/53
f 2241/445/53 2242/447/53 2358/448/53 2359/446/53
f 2242/447/53 2223/409/53 2357/412/53 2358/448/53
f 2184/328/579 2183/327/579 2435/449/579 2436/450/579
f 2183/327/580 2202/365/580 2434/451/580 2435/449/580
f 2202/365/581 2201/363/581 2433/452/581 2434/451/581
f 2201/363/582 2200/361/582 2432/453/582 2433/452/582
f 2200/361/583 2199/359/583 2431/454/583 2432/453/583
f 2199/359/584 2198/357/584 2430/455/584 2431/454/584
f 2198/357/585 2197/355/585 2429/456/585 2430/455/585
f 2197/355/586 2196/353/586 2428/457/586 2429/456/586
f 2196/353/587 2195/351/587 2427/458/587 2428/457/587
f 2195/351/588 2194/349/588 2426/459/588 2427/458/588
f 2194/349/589 2193/347/589 2425/460/589 2426/459/589
f 2193/347/590 2192/345/590 2424/461/590 2425/460/590
f 2192/345/591 2191/343/591 2423/462/591 2424/461/591
f 2191/343/612 2190/341/612 2442/463/612 2423/462/612
f 2190/341/593 2189/339/593 2441/464/593 2442/463/593
f 2189/339/594 2188/337/594 2440/465/594 2441/464/594
f 2188/337/595 2187/335/595 2439/466/595 2440/465/595
f 2187/335/596 2186/333/596 2438/467/596 2439/466/596
f 2186/333/597 2185/331/597 2437/468/597 2438/467/597
f 2185/331/598 2184/328/598 2436/450/598 2437/468/598
f 2264/469/58 2263/470/574 2238/471/574 2237/472/58
f 2265/473/573 2264/469/58 2237/472/58 2236/474/573
f 2266/475/572 2265/473/573 2236/474/573 2235/476/572
f 2267/477/571 2266/475/572 2235/476/572 2234/478/571
f 2268/479/570 2267/477/571 2234/478/571 2233/480/570
f 2269/481/43 2268/479/570 2233/480/570 2232/482/43
f 2270/483/569 2269/481/43 2232/482/43 2231/484/569
f 2271/485/568 2270/483/569 2231/484/569 2230/486/568
f 2272/487/567 2271/485/568 2230/486/568 2229/488/567
f 2273/489/566 2272/487/567 2229/488/567 2228/490/566
f 2274/491/48 2273/489/566 2228/490/566 2227/492/48
f 2275/493/565 2274/491/48 2227/492/48 2226/494/565
f 2276/495/564 2275/493/565 2226/494/565 2225/496/564
f 2277/497/563 2276/495/564 2225/496/564 2224/498/563
f 2278/499/562 2277/497/563 2224/498/563 2223/500/562
f 2279/501/64 2278/502/562 2223/503/562 2242/504/64
f 2280/505/577 2279/501/64 2242/504/64 2241/506/577
f 2281/507/576 2280/505/577 2241/506/577 2240/508/576
f 2282/509/575 2281/507/576 2240/508/576 2239/510/599
f 2263/470/574 2282/509/575 2239/510/599 2238/471/574
f 2284/396/58 2283/398/574 2303/511/574 2304/512/58
f 2285/394/573 2284/396/58 2304/512/58 2305/513/573
f 2286/392/572 2285/394/573 2305/513/573 2306/514/572
f 2287/390/571 2286/392/572 2306/514/572 2307/515/571
f 2288/388/570 2287/390/571 2307/515/571 2308/516/570
f 2289/386/43 2288/388/570 2308/516/570 2309/517/43
f 2290/384/569 2289/386/43 2309/517/43 2310/518/569
f 2291/382/568 2290/384/569 2310/518/569 2311/519/568
f 2292/380/567 2291/382/568 2311/519/568 2312/520/567
f 2293/378/566 2292/380/567 2312/520/567 2313/521/566
f 2294/376/48 2293/378/566 2313/521/566 2314/522/48
f 2295/374/565 2294/376/48 2314/522/48 2315/523/565
f 2296/372/564 2295/374/565 2315/523/565 2316/524/564
f 2297/369/563 2296/372/564 2316/524/564 2317/525/563
f 2298/370/562 2297/369/563 2317/525/563 2318/526/562
f 2299/406/64 2298/408/562 2318/527/562 2319/528/64
f 2300/404/577 2299/406/64 2319/528/64 2320/529/577
f 2301/402/576 2300/404/577 2320/529/577 2321/530/576
f 2302/400/575 2301/402/576 2321/530/576 2322/531/575
f 2283/398/574 2302/400/575 2322/531/575 2303/511/574
f 2304/512/58 2303/511/574 2323/532/574 2324/533/58
f 2305/513/573 2304/512/58 2324/533/58 2325/534/573
f 2306/514/572 2305/513/573 2325/534/573 2326/535/572
f 2307/515/571 2306/514/572 2326/535/572 2327/536/571
f 2308/516/570 2307/515/571 2327/536/571 2328/537/570
f 2309/517/43 2308/516/570 2328/537/570 2329/538/43
f 2310/518/569 2309/517/43 2329/538/43 2330/539/569
f 2311/519/568 2310/518/569 2330/539/569 2331/540/568
f 2312/520/567 2311/519/568 2331/540/568 2332/541/567
f 2313/521/566 2312/520/567 2332/541/567 2333/542/566
f 2314/522/48 2313/521/566 2333/542/566 2334/543/48
f 2315/523/565 2314/522/48 2334/543/48 2335/544/565
f 2316/524/564 2315/523/565 2335/544/565 2336/545/564
f 2317/525/563 2316/524/564 2336/545/564 2337/546/563
f 2318/526/562 2317/525/563 2337/546/563 2338/547/562
f 2319/528/64 2318/527/562 2338/548/562 2339/549/64
f 2320/529/577 2319/528/64 2339/549/64 2340/550/577
f 2321/530/576 2320/529/577 2340/550/577 2341/551/576
f 2322/531/575 2321/530/576 2341/551/576 2342/552/575
f 2303/511/574 2322/531/575 2342/552/575 2323/532/574
f 2324/533/58 2323/532/574 2263/470/574 2264/469/58
f 2325/534/573 2324/533/58 2264/469/58 2265/473/573
f 2326/535/572 2325/534/573 2265/473/573 2266/475/572
f 2327/536/571 2326/535/572 2266/475/572 2267/477/571
f 2328/537/570 2327/536/571 2267/477/571 2268/479/570
f 2329/538/43 2328/537/570 2268/479/570 2269/481/43
f 2330/539/569 2329/538/43 2269/481/43 2270/483/569
f 2331/540/568 2330/539/569 2270/483/569 2271/485/568
f 2332/541/567 2331/540/568 2271/485/568 2272/487/567
f 2333/542/566 2332/541/567 2272/487/567 2273/489/566
f 2334/543/48 2333/542/566 2273/489/566 2274/491/48
f 2335/544/565 2334/543/48 2274/491/48 2275/493/565
f 2336/545/564 2335/544/565 2275/493/565 2276/495/564
f 2337/546/563 2336/545/564 2276/495/564 2277/497/563
f 2338/547/562 2337/546/563 2277/497/563 2278/499/562
f 2339/549/64 2338/548/562 2278/502/562 2279/501/64
f 2340/550/577 2339/549/64 2279/501/64 2280/505/577
f 2341/551/576 2340/550/577 2280/505/577 2281/507/576
f 2342/552/575 2341/551/576 2281/507/576 2282/509/575
f 2323/532/574 2342/552/575 2282/509/575 2263/470/574
f 2344/436/53 2343/438/53 2447/553/53 2448/554/53
f 2345/434/53 2344/436/53 2448/554/53 2449/555/53
f 2346/432/53 2345/434/53 2449/555/53 2450/556/53
f 2347/430/53 2346/432/53 2450/556/53 2451/557/53
f 2348/428/53 2347/430/53 2451/557/53 2452/558/53
f 2349/426/53 2348/428/53 2452/558/53 2453/559/53
f 2350/424/53 2349/426/53 2453/559/53 2454/560/53
f 2351/422/53 2350/424/53 2454/560/53 2455/561/53
f 2352/420/53 2351/422/53 2455/561/53 2456/562/53
f 2353/418/53 2352/420/53 2456/562/53 2457/563/53
f 2354/416/53 2353/418/53 2457/563/53 2458/564/53
f 2355/414/53 2354/416/53 2458/564/53 2459/565/53
f 2356/411/53 2355/414/53 2459/565/53 2460/566/53
f 2357/412/53 2356/411/53 2460/566/53 2461/567/53
f 2358/448/53 2357/412/53 2461/567/53 2462/568/53
f 2359/446/53 2358/448/53 2462/568/53 2443/569/53
f 2360/444/53 2359/446/53 2443/569/53 2444/570/53
f 2361/442/53 2360/444/53 2444/570/53 2445/571/53
f 2362/440/53 2361/442/53 2445/571/53 2446/572/53
f 2343/438/53 2362/440/53 2446/572/53 2447/553/53
f 2364/573/63 2363/574/63 2214/575/63 2213/576/63
f 2365/577/63 2364/573/63 2213/576/63 2212/578/600
f 2366/579/63 2365/577/63 2212/578/600 2211/580/63
f 2367/581/63 2366/579/63 2211/580/63 2210/582/63
f 2368/583/63 2367/581/63 2210/582/63 2209/584/63
f 2369/585/63 2368/583/63 2209/584/63 2208/586/63
f 2370/587/63 2369/585/63 2208/586/63 2207/588/63
f 2371/589/63 2370/587/63 2207/588/63 2206/590/63
f 2372/591/63 2371/589/63 2206/590/63 2205/592/63
f 2373/593/63 2372/591/63 2205/592/63 2204/594/63
f 2374/595/63 2373/593/63 2204/594/63 2203/596/63
f 2375/597/63 2374/595/63 2203/596/63 2222/598/613
f 2376/599/63 2375/597/63 2222/598/613 2221/600/63
f 2377/601/63 2376/599/63 2221/600/63 2220/602/63
f 2378/603/63 2377/601/63 2220/602/63 2219/604/63
f 2379/605/63 2378/603/63 2219/604/63 2218/606/63
f 2380/607/63 2379/605/63 2218/606/63 2217/608/63
f 2381/609/63 2380/607/63 2217/608/63 2216/610/63
f 2382/611/63 2381/609/63 2216/610/63 2215/612/63
f 2363/574/63 2382/611/63 2215/612/63 2214/575/63
f 2384/348/63 2383/350/63 2363/574/63 2364/573/63
f 2385/346/63 2384/348/63 2364/573/63 2365/577/63
f 2386/344/63 2385/346/63 2365/577/63 2366/579/63
f 2387/342/63 2386/344/63 2366/579/63 2367/581/63
f 2388/340/63 2387/342/63 2367/581/63 2368/583/63
f 2389/338/63 2388/340/63 2368/583/63 2369/585/63
f 2390/336/63 2389/338/63 2369/585/63 2370/587/63
f 2391/334/63 2390/336/63 2370/587/63 2371/589/63
f 2392/332/63 2391/334/63 2371/589/63 2372/591/63
f 2393/329/63 2392/332/63 2372/591/63 2373/593/63
f 2394/330/63 2393/329/63 2373/593/63 2374/595/63
f 2395/366/63 2394/330/63 2374/595/63 2375/597/63
f 2396/364/63 2395/366/63 2375/597/63 2376/599/63
f 2397/362/63 2396/364/63 2376/599/63 2377/601/63
f 2398/360/63 2397/362/63 2377/601/63 2378/603/63
f 2399/358/63 2398/360/63 2378/603/63 2379/605/63
f 2400/356/63 2399/358/63 2379/605/63 2380/607/63
f 2401/354/63 2400/356/63 2380/607/63 2381/609/63
f 2402/352/63 2401/354/63 2381/609/63 2382/611/63
f 2383/350/63 2402/352/63 2382/611/63 2363/574/63
f 2404/613/591 2403/614/591 2251/615/591 2252/616/591
f 2405/617/590 2404/613/590 2252/616/590 2253/618/590
f 2406/619/589 2405/617/589 2253/618/589 2254/620/589
f 2407/621/588 2406/619/588 2254/620/588 2255/622/588
f 2408/623/587 2407/621/587 2255/622/587 2256/624/587
f 2409/625/586 2408/623/586 2256/624/586 2257/626/586
f 2410/627/585 2409/625/585 2257/626/585 2258/628/585
f 2411/629/584 2410/627/584 2258/628/584 2259/630/584
f 2412/631/583 2411/629/583 2259/630/601 2260/632/601
f 2413/633/582 2412/631/582 2260/632/602 2261/634/602
f 2414/635/581 2413/633/581 2261/634/581 2262/636/581
f 2415/637/580 2414/635/580 2262/636/580 2243/638/580
f 2416/639/579 2415/637/579 2243/638/579 2244/640/579
f 2417/641/598 2416/639/598 2244/640/598 2245/642/598
f 2418/643/597 2417/641/597 2245/642/597 2246/644/597
f 2419/645/596 2418/643/596 2246/644/596 2247/646/596
f 2420/647/595 2419/645/595 2247/646/595 2248/648/595
f 2421/649/594 2420/647/594 2248/648/594 2249/650/594
f 2422/651/593 2421/649/593 2249/650/593 2250/652/593
f 2403/614/592 2422/651/592 2250/652/592 2251/615/592
f 2424/461/591 2423/462/591 2403/614/591 2404/613/591
f 2425/460/590 2424/461/590 2404/613/590 2405/617/590
f 2426/459/589 2425/460/589 2405/617/589 2406/619/589
f 2427/458/588 2426/459/588 2406/619/588 2407/621/588
f 2428/457/587 2427/458/587 2407/621/587 2408/623/587
f 2429/456/586 2428/457/586 2408/623/586 2409/625/586
f 2430/455/585 2429/456/585 2409/625/585 2410/627/585
f 2431/454/584 2430/455/584 2410/627/584 2411/629/584
f 2432/453/583 2431/454/583 2411/629/583 2412/631/583
f 2433/452/582 2432/453/582 2412/631/582 2413/633/582
f 2434/451/581 2433/452/581 2413/633/581 2414/635/581
f 2435/449/580 2434/451/580 2414/635/580 2415/637/580
f 2436/450/579 2435/449/579 2415/637/579 2416/639/579
f 2437/468/598 2436/450/598 2416/639/598 2417/641/598
f 2438/467/597 2437/468/597 2417/641/597 2418/643/597
f 2439/466/596 2438/467/596 2418/643/596 2419/645/596
f 2440/465/595 2439/466/595 2419/645/595 2420/647/595
f 2441/464/594 2440/465/594 2420/647/594 2421/649/594
f 2442/463/593 2441/464/593 2421/649/593 2422/651/593
f 2423/462/612 2442/463/612 2422/651/592 2403/614/592
f 2444/570/53 2443/569/53 2261/634/53 2260/632/53
f 2445/571/53 2444/570/53 2260/632/53 2259/630/53
f 2446/572/53 2445/571/53 2259/630/53 2258/628/53
f 2447/553/53 2446/572/53 2258/628/53 2257/626/53
f 2448/554/53 2447/553/53 2257/626/53 2256/624/53
f 2449/555/53 2448/554/53 2256/624/53 2255/622/53
f 2450/556/53 2449/555/53 2255/622/53 2254/620/53
f 2451/557/53 2450/556/53 2254/620/53 2253/618/53
f 2452/558/53 2451/557/53 2253/618/53 2252/616/53
f 2453/559/53 2452/558/53 2252/616/53 2251/615/53
f 2454/560/53 2453/559/53 2251/615/53 2250/652/53
f 2455/561/53 2454/560/53 2250/652/53 2249/650/53
f 2456/562/53 2455/561/53 2249/650/53 2248/648/53
f 2457/563/53 2456/562/53 2248/648/53 2247/646/53
f 2458/564/53 2457/563/53 2247/646/53 2246/644/53
f 2459/565/53 2458/564/53 2246/644/53 2245/642/53
f 2460/566/53 2459/565/53 2245/642/53 2244/640/53
f 2461/567/53 2460/566/53 2244/640/53 2243/638/53
f 2462/568/53 2461/567/53 2243/638/53 2262/636/53
f 2443/569/53 2462/568/53 2262/636/53 2261/634/53
f 2463/327/58 2464/328/58 2484/594/58 2483/596/58
f 2464/328/58 2465/331/58 2485/592/58 2484/594/58
f 2465/331/58 2466/333/58 2486/590/58 2485/592/58
f 2466/333/58 2467/335/58 2487/588/58 2486/590/58
f 2467/335/58 2468/337/58 2488/586/58 2487/588/58
f 2468/337/58 2469/339/58 2489/584/58 2488/586/58
f 2469/339/58 2470/341/58 2490/582/58 2489/584/58
f 2470/341/58 2471/343/58 2491/580/58 2490/582/58
f 2471/343/58 2472/345/58 2492/578/58 2491/580/58
f 2472/345/58 2473/347/58 2493/576/58 2492/578/58
f 2473/347/58 2474/349/58 2494/575/58 2493/576/58
f 2474/349/58 2475/351/58 2495/612/58 2494/575/58
f 2475/351/58 2476/353/58 2496/610/58 2495/612/58
f 2476/353/58 2477/355/58 2497/608/58 2496/610/58
f 2477/355/58 2478/357/58 2498/606/58 2497/608/58
f 2478/357/58 2479/359/58 2499/604/58 2498/606/58
f 2479/359/58 2480/361/58 2500/602/58 2499/604/58
f 2480/361/58 2481/363/58 2501/600/58 2500/602/58
f 2481/363/58 2482/365/58 2502/598/58 2501/600/58
f 2482/365/58 2463/327/58 2483/596/58 2502/598/58
f 2483/367/85 2484/368/86 2622/966/86 2623/967/85
f 2484/368/86 2485/371/89 2621/968/89 2622/966/86
f 2485/371/89 2486/373/180 2620/969/180 2621/968/89
f 2486/373/180 2487/375/63 2619/970/63 2620/969/180
f 2487/375/63 2488/377/91 2618/971/91 2619/970/63
f 2488/377/91 2489/379/92 2617/972/92 2618/971/91
f 2489/379/92 2490/381/175 2616/973/175 2617/972/92
f 2490/381/175 2491/383/94 2615/974/94 2616/973/175
f 2491/383/94 2492/385/43 2614/975/43 2615/974/94
f 2492/385/43 2493/387/95 2613/976/95 2614/975/43
f 2493/387/95 2494/389/96 2612/977/96 2613/976/95
f 2494/389/96 2495/391/97 2611/978/97 2612/977/96
f 2495/391/97 2496/393/98 2610/979/98 2611/978/97
f 2496/393/98 2497/395/53 2609/980/53 2610/979/98
f 2497/395/53 2498/397/99 2608/981/99 2609/980/53
f 2498/397/99 2499/399/100 2607/982/100 2608/981/99
f 2499/399/100 2500/401/101 2606/983/101 2607/982/100
f 2500/401/101 2501/403/102 2605/984/102 2606/983/101
f 2501/403/102 2502/405/64 2624/985/64 2605/984/102
f 2502/405/64 2483/407/85 2623/986/85 2624/985/64
f 2503/409/48 2504/410/48 2678/987/48 2679/988/48
f 2504/410/48 2505/413/48 2677/989/48 2678/987/48
f 2505/413/48 2506/415/48 2676/990/48 2677/989/48
f 2506/415/48 2507/417/48 2675/991/48 2676/990/48
f 2507/417/48 2508/419/48 2674/992/48 2675/991/48
f 2508/419/48 2509/421/48 2673/993/48 2674/992/48
f 2509/421/48 2510/423/48 2672/994/48 2673/993/48
f 2510/423/48 2511/425/48 2671/995/48 2672/994/48
f 2511/425/48 2512/427/48 2670/996/48 2671/995/48
f 2512/427/48 2513/429/48 2669/997/48 2670/996/48
f 2513/429/48 2514/431/48 2668/998/48 2669/997/48
f 2514/431/48 2515/433/48 2667/999/48 2668/998/48
f 2515/433/48 2516/435/48 2666/1000/48 2667/999/48
f 2516/435/48 2517/437/48 2665/1001/48 2666/1000/48
f 2517/437/48 2518/439/48 2684/1002/48 2665/1001/48
f 2518/439/48 2519/441/48 2683/1003/48 2684/1002/48
f 2519/441/48 2520/443/48 2682/1004/48 2683/1003/48
f 2520/443/48 2521/445/48 2681/1005/48 2682/1004/48
f 2521/445/48 2522/447/48 2680/1006/48 2681/1005/48
f 2522/447/48 2503/409/48 2679/988/48 2680/1006/48
f 2464/328/58 2463/327/58 2543/694/58
f 2465/331/58 2464/328/58 2543/694/58
f 2466/333/58 2465/331/58 2543/694/58
f 2467/335/58 2466/333/58 2543/694/58
f 2468/337/58 2467/335/58 2543/694/58
f 2469/339/58 2468/337/58 2543/694/58
f 2470/341/58 2469/339/58 2543/694/58
f 2471/343/58 2470/341/58 2543/694/58
f 2472/345/58 2471/343/58 2543/694/58
f 2473/347/58 2472/345/58 2543/694/58
f 2474/349/58 2473/347/58 2543/694/58
f 2475/351/58 2474/349/58 2543/694/58
f 2476/353/58 2475/351/58 2543/694/58
f 2477/355/58 2476/353/58 2543/694/58
f 2478/357/58 2477/355/58 2543/694/58
f 2479/359/58 2478/357/58 2543/694/58
f 2480/361/58 2479/359/58 2543/694/58
f 2481/363/58 2480/361/58 2543/694/58
f 2482/365/58 2481/363/58 2543/694/58
f 2463/327/58 2482/365/58 2543/694/58
f 2523/638/614 2524/640/615 2544/695/48
f 2524/640/615 2525/642/616 2544/695/48
f 2525/642/616 2526/644/617 2544/695/48
f 2526/644/617 2527/646/618 2544/695/48
f 2527/646/618 2528/648/619 2544/695/48
f 2528/648/619 2529/650/620 2544/695/48
f 2529/650/620 2530/652/621 2544/695/48
f 2530/652/621 2531/615/622 2544/695/48
f 2531/615/622 2532/616/623 2544/695/48
f 2532/616/623 2533/618/624 2544/695/48
f 2533/618/624 2534/620/625 2544/695/48
f 2534/620/625 2535/622/626 2544/695/48
f 2535/622/626 2536/624/627 2544/695/48
f 2536/624/627 2537/626/628 2544/695/48
f 2537/626/628 2538/628/629 2544/695/48
f 2538/628/629 2539/630/630 2544/695/48
f 2539/630/630 2540/632/631 2544/695/48
f 2540/632/631 2541/634/632 2544/695/48
f 2541/634/632 2542/636/633 2544/695/48
f 2542/636/633 2523/638/614 2544/695/48
f 2546/1007/101 2545/1008/102 2521/506/102 2520/508/101
f 2547/1009/100 2546/1007/101 2520/508/101 2519/510/100
f 2548/1010/99 2547/1009/100 2519/510/100 2518/471/99
f 2549/1011/53 2548/1010/99 2518/471/99 2517/472/53
f 2550/1012/98 2549/1011/53 2517/472/53 2516/474/166
f 2551/1013/97 2550/1012/98 2516/474/166 2515/476/97
f 2552/1014/96 2551/1013/97 2515/476/97 2514/478/170
f 2553/1015/95 2552/1014/96 2514/478/170 2513/480/95
f 2554/1016/43 2553/1015/95 2513/480/95 2512/482/43
f 2555/1017/94 2554/1016/43 2512/482/43 2511/484/94
f 2556/1018/175 2555/1017/94 2511/484/94 2510/486/175
f 2557/1019/92 2556/1018/175 2510/486/175 2509/488/92
f 2558/1020/91 2557/1019/92 2509/488/92 2508/490/91
f 2559/1021/63 2558/1020/91 2508/490/91 2507/492/63
f 2560/1022/90 2559/1021/63 2507/492/63 2506/494/180
f 2561/1023/89 2560/1022/90 2506/494/180 2505/496/88
f 2562/1024/87 2561/1023/89 2505/496/88 2504/498/86
f 2563/1025/85 2562/1024/87 2504/498/86 2503/500/85
f 2564/1026/64 2563/1027/85 2503/503/85 2522/504/64
f 2545/1008/102 2564/1026/64 2522/504/64 2521/506/102
f 2566/1028/101 2565/1029/102 2585/1030/102 2586/1031/101
f 2567/1032/100 2566/1028/101 2586/1031/101 2587/1033/100
f 2568/1034/99 2567/1032/100 2587/1033/100 2588/1035/99
f 2569/1036/53 2568/1034/99 2588/1035/99 2589/1037/53
f 2570/1038/98 2569/1036/53 2589/1037/53 2590/1039/98
f 2571/1040/97 2570/1038/98 2590/1039/98 2591/1041/97
f 2572/1042/170 2571/1040/97 2591/1041/97 2592/1043/170
f 2573/1044/95 2572/1042/170 2592/1043/170 2593/1045/95
f 2574/1046/43 2573/1044/95 2593/1045/95 2594/1047/43
f 2575/1048/94 2574/1046/43 2594/1047/43 2595/1049/94
f 2576/1050/175 2575/1048/94 2595/1049/94 2596/1051/175
f 2577/1052/92 2576/1050/175 2596/1051/175 2597/1053/92
f 2578/1054/91 2577/1052/92 2597/1053/92 2598/1055/91
f 2579/1056/63 2578/1054/91 2598/1055/91 2599/1057/63
f 2580/1058/180 2579/1056/63 2599/1057/63 2600/1059/180
f 2581/1060/89 2580/1058/180 2600/1059/180 2601/1061/88
f 2582/1062/87 2581/1060/89 2601/1061/88 2602/1063/87
f 2583/1064/85 2582/1062/87 2602/1063/87 2603/1065/85
f 2584/1066/64 2583/1067/85 2603/1068/85 2604/1069/64
f 2565/1029/102 2584/1066/64 2604/1069/64 2585/1030/102
f 2586/1031/101 2585/1030/102 2625/1070/102 2626/1071/101
f 2587/1033/100 2586/1031/101 2626/1071/101 2627/1072/100
f 2588/1035/99 2587/1033/100 2627/1072/100 2628/1073/99
f 2589/1037/53 2588/1035/99 2628/1073/99 2629/1074/53
f 2590/1039/98 2589/1037/53 2629/1074/53 2630/1075/98
f 2591/1041/97 2590/1039/98 2630/1075/98 2631/1076/97
f 2592/1043/170 2591/1041/97 2631/1076/97 2632/1077/96
f 2593/1045/95 2592/1043/170 2632/1077/96 2633/1078/95
f 2594/1047/43 2593/1045/95 2633/1078/95 2634/1079/43
f 2595/1049/94 2594/1047/43 2634/1079/43 2635/1080/94
f 2596/1051/175 2595/1049/94 2635/1080/94 2636/1081/175
f 2597/1053/92 2596/1051/175 2636/1081/175 2637/1082/92
f 2598/1055/91 2597/1053/92 2637/1082/92 2638/1083/91
f 2599/1057/63 2598/1055/91 2638/1083/91 2639/1084/63
f 2600/1059/180 2599/1057/63 2639/1084/63 2640/1085/90
f 2601/1061/88 2600/1059/180 2640/1085/90 2641/1086/89
f 2602/1063/87 2601/1061/88 2641/1086/89 2642/1087/87
f 2603/1065/85 2602/1063/87 2642/1087/87 2643/1088/85
f 2604/1069/64 2603/1068/85 2643/1089/85 2644/1090/64
f 2585/1030/102 2604/1069/64 2644/1090/64 2625/1070/102
f 2606/983/101 2605/984/102 2565/1029/102 2566/1028/101
f 2607/982/100 2606/983/101 2566/1028/101 2567/1032/100
f 2608/981/99 2607/982/100 2567/1032/100 2568/1034/99
f 2609/980/53 2608/981/99 2568/1034/99 2569/1036/53
f 2610/979/98 2609/980/53 2569/1036/53 2570/1038/98
f 2611/978/97 2610/979/98 2570/1038/98 2571/1040/97
f 2612/977/96 2611/978/97 2571/1040/97 2572/1042/170
f 2613/976/95 2612/977/96 2572/1042/170 2573/1044/95
f 2614/975/43 2613/976/95 2573/1044/95 2574/1046/43
f 2615/974/94 2614/975/43 2574/1046/43 2575/1048/94
f 2616/973/175 2615/974/94 2575/1048/94 2576/1050/175
f 2617/972/92 2616/973/175 2576/1050/175 2577/1052/92
f 2618/971/91 2617/972/92 2577/1052/92 2578/1054/91
f 2619/970/63 2618/971/91 2578/1054/91 2579/1056/63
f 2620/969/180 2619/970/63 2579/1056/63 2580/1058/180
f 2621/968/89 2620/969/180 2580/1058/180 2581/1060/89
f 2622/966/86 2621/968/89 2581/1060/89 2582/1062/87
f 2623/967/85 2622/966/86 2582/1062/87 2583/1064/85
f 2624/985/64 2623/986/85 2583/1067/85 2584/1066/64
f 2605/984/102 2624/985/64 2584/1066/64 2565/1029/102
f 2626/1071/101 2625/1070/102 2545/1008/102 2546/1007/101
f 2627/1072/100 2626/1071/101 2546/1007/101 2547/1009/100
f 2628/1073/99 2627/1072/100 2547/1009/100 2548/1010/99
f 2629/1074/53 2628/1073/99 2548/1010/99 2549/1011/53
f 2630/1075/98 2629/1074/53 2549/1011/53 2550/1012/98
f 2631/1076/97 2630/1075/98 2550/1012/98 2551/1013/97
f 2632/1077/96 2631/1076/97 2551/1013/97 2552/1014/96
f 2633/1078/95 2632/1077/96 2552/1014/96 2553/1015/95
f 2634/1079/43 2633/1078/95 2553/1015/95 2554/1016/43
f 2635/1080/94 2634/1079/43 2554/1016/43 2555/1017/94
f 2636/1081/175 2635/1080/94 2555/1017/94 2556/1018/175
f 2637/1082/92 2636/1081/175 2556/1018/175 2557/1019/92
f 2638/1083/91 2637/1082/92 2557/1019/92 2558/1020/91
f 2639/1084/63 2638/1083/91 2558/1020/91 2559/1021/63
f 2640/1085/90 2639/1084/63 2559/1021/63 2560/1022/90
f 2641/1086/89 2640/1085/90 2560/1022/90 2561/1023/89
f 2642/1087/87 2641/1086/89 2561/1023/89 2562/1024/87
f 2643/1088/85 2642/1087/87 2562/1024/87 2563/1025/85
f 2644/1090/64 2643/1089/85 2563/1027/85 2564/1026/64
f 2625/1070/102 2644/1090/64 2564/1026/64 2545/1008/102
f 2646/1091/634 2645/1092/635 2539/630/630 2538/628/629
f 2647/1093/636 2646/1091/634 2538/628/629 2537/626/628
f 2648/1094/637 2647/1093/636 2537/626/628 2536/624/627
f 2649/1095/638 2648/1094/637 2536/624/627 2535/622/626
f 2650/1096/639 2649/1095/638 2535/622/626 2534/620/625
f 2651/1097/640 2650/1096/639 2534/620/625 2533/618/624
f 2652/1098/641 2651/1097/640 2533/618/624 2532/616/623
f 2653/1099/642 2652/1098/641 2532/616/623 2531/615/622
f 2654/1100/643 2653/1099/642 2531/615/622 2530/652/621
f 2655/1101/644 2654/1100/643 2530/652/621 2529/650/620
f 2656/1102/645 2655/1101/644 2529/650/620 2528/648/619
f 2657/1103/646 2656/1102/645 2528/648/619 2527/646/618
f 2658/1104/647 2657/1103/646 2527/646/618 2526/644/617
f 2659/1105/648 2658/1104/647 2526/644/617 2525/642/616
f 2660/1106/649 2659/1105/648 2525/642/616 2524/640/615
f 2661/1107/53 2660/1106/649 2524/640/615 2523/638/614
f 2662/1108/650 2661/1107/53 2523/638/614 2542/636/633
f 2663/1109/651 2662/1108/650 2542/636/633 2541/634/632
f 2664/1110/652 2663/1109/651 2541/634/632 2540/632/631
f 2645/1092/635 2664/1110/652 2540/632/631 2539/630/630
f 2666/1000/48 2665/1001/48 2647/1093/636 2648/1094/637
f 2667/999/48 2666/1000/48 2648/1094/637 2649/1095/638
f 2668/998/48 2667/999/48 2649/1095/638 2650/1096/639
f 2669/997/48 2668/998/48 2650/1096/639 2651/1097/640
f 2670/996/48 2669/997/48 2651/1097/640 2652/1098/641
f 2671/995/48 2670/996/48 2652/1098/641 2653/1099/642
f 2672/994/48 2671/995/48 2653/1099/642 2654/1100/643
f 2673/993/48 2672/994/48 2654/1100/643 2655/1101/644
f 2674/992/48 2673/993/48 2655/1101/644 2656/1102/645
f 2675/991/48 2674/992/48 2656/1102/645 2657/1103/646
f 2676/990/48 2675/991/48 2657/1103/646 2658/1104/647
f 2677/989/48 2676/990/48 2658/1104/647 2659/1105/648
f 2678/987/48 2677/989/48 2659/1105/648 2660/1106/649
f 2679/988/48 2678/987/48 2660/1106/649 2661/1107/53
f 2680/1006/48 2679/988/48 2661/1107/53 2662/1108/650
f 2681/1005/48 2680/1006/48 2662/1108/650 2663/1109/651
f 2682/1004/48 2681/1005/48 2663/1109/651 2664/1110/652
f 2683/1003/48 2682/1004/48 2664/1110/652 2645/1092/635
f 2684/1002/48 2683/1003/48 2645/1092/635 2646/1091/634
f 2665/1001/48 2684/1002/48 2646/1091/634 2647/1093/636
f 2685/327/653 2686/328/653 2895/329/653 2896/330/653
f 2686/328/653 2687/331/653 2894/332/653 2895/329/653
f 2687/331/653 2688/333/653 2893/334/653 2894/332/653
f 2688/333/653 2689/335/653 2892/336/653 2893/334/653
f 2689/335/653 2690/337/653 2891/338/653 2892/336/653
f 2690/337/653 2691/339/653 2890/340/653 2891/338/653
f 2691/339/653 2692/341/653 2889/342/653 2890/340/653
f 2692/341/653 2693/343/653 2888/344/653 2889/342/653
f 2693/343/653 2694/345/653 2887/346/653 2888/344/653
f 2694/345/653 2695/347/653 2886/348/653 2887/346/653
f 2695/347/653 2696/349/653 2885/350/653 2886/348/653
f 2696/349/653 2697/351/653 2904/352/653 2885/350/653
f 2697/351/653 2698/353/653 2903/354/653 2904/352/653
f 2698/353/653 2699/355/653 2902/356/653 2903/354/653
f 2699/355/653 2700/357/653 2901/358/653 2902/356/653
f 2700/357/653 2701/359/653 2900/360/653 2901/358/653
f 2701/359/653 2702/361/653 2899/362/653 2900/360/653
f 2702/361/653 2703/363/653 2898/364/653 2899/362/653
f 2703/363/653 2704/365/653 2897/366/653 2898/364/653
f 2704/365/653 2685/327/653 2896/330/653 2897/366/653
f 2705/367/654 2706/368/655 2799/369/656 2800/370/657
f 2706/368/655 2707/371/658 2798/372/659 2799/369/656
f 2707/371/658 2708/373/660 2797/374/661 2798/372/659
f 2708/373/660 2709/375/662 2796/376/663 2797/374/661
f 2709/375/662 2710/377/664 2795/378/665 2796/376/663
f 2710/377/664 2711/379/666 2794/380/667 2795/378/665
f 2711/379/666 2712/381/668 2793/382/669 2794/380/667
f 2712/381/668 2713/383/670 2792/384/671 2793/382/669
f 2713/383/670 2714/385/672 2791/386/673 2792/384/671
f 2714/385/672 2715/387/674 2790/388/675 2791/386/673
f 2715/387/674 2716/389/676 2789/390/677 2790/388/675
f 2716/389/676 2717/391/678 2788/392/679 2789/390/677
f 2717/391/678 2718/393/680 2787/394/681 2788/392/679
f 2718/393/680 2719/395/682 2786/396/683 2787/394/681
f 2719/395/682 2720/397/684 2785/398/685 2786/396/683
f 2720/397/684 2721/399/686 2804/400/687 2785/398/685
f 2721/399/686 2722/401/688 2803/402/689 2804/400/687
f 2722/401/688 2723/403/690 2802/404/691 2803/402/689
f 2723/403/690 2724/405/692 2801/406/693 2802/404/691
f 2724/405/692 2705/407/654 2800/408/657 2801/406/693
f 2725/409/694 2726/410/695 2858/411/696 2859/412/694
f 2726/410/695 2727/413/697 2857/414/698 2858/411/696
f 2727/413/697 2728/415/699 2856/416/698 2857/414/698
f 2728/415/699 2729/417/700 2855/418/701 2856/416/698
f 2729/417/700 2730/419/702 2854/420/703 2855/418/701
f 2730/419/702 2731/421/704 2853/422/705 2854/420/703
f 2731/421/704 2732/423/704 2852/424/705 2853/422/705
f 2732/423/704 2733/425/706 2851/426/707 2852/424/705
f 2733/425/706 2734/427/698 2850/428/698 2851/426/707
f 2734/427/698 2735/429/708 2849/430/699 2850/428/698
f 2735/429/708 2736/431/709 2848/432/710 2849/430/699
f 2736/431/709 2737/433/711 2847/434/712 2848/432/710
f 2737/433/711 2738/435/713 2846/436/714 2847/434/712
f 2738/435/713 2739/437/703 2845/438/715 2846/436/714
f 2739/437/703 2740/439/716 2864/440/703 2845/438/715
f 2740/439/716 2741/441/703 2863/442/715 2864/440/703
f 2741/441/703 2742/443/715 2862/444/694 2863/442/715
f 2742/443/715 2743/445/717 2861/446/701 2862/444/694
f 2743/445/717 2744/447/718 2860/448/703 2861/446/701
f 2744/447/718 2725/409/694 2859/412/694 2860/448/703
f 2686/328/719 2685/327/719 2937/449/720 2938/450/719
f 2685/327/721 2704/365/721 2936/451/722 2937/449/722
f 2704/365/723 2703/363/723 2935/452/723 2936/451/723
f 2703/363/724 2702/361/724 2934/453/724 2935/452/724
f 2702/361/725 2701/359/725 2933/454/725 2934/453/725
f 2701/359/726 2700/357/726 2932/455/726 2933/454/726
f 2700/357/727 2699/355/727 2931/456/727 2932/455/727
f 2699/355/728 2698/353/728 2930/457/728 2931/456/729
f 2698/353/730 2697/351/730 2929/458/730 2930/457/730
f 2697/351/731 2696/349/731 2928/459/731 2929/458/731
f 2696/349/732 2695/347/732 2927/460/732 2928/459/732
f 2695/347/733 2694/345/733 2926/461/733 2927/460/733
f 2694/345/734 2693/343/734 2925/462/734 2926/461/734
f 2693/343/735 2692/341/735 2944/463/735 2925/462/735
f 2692/341/736 2691/339/736 2943/464/736 2944/463/736
f 2691/339/737 2690/337/737 2942/465/737 2943/464/737
f 2690/337/738 2689/335/738 2941/466/738 2942/465/738
f 2689/335/739 2688/333/739 2940/467/739 2941/466/739
f 2688/333/740 2687/331/740 2939/468/740 2940/467/740
f 2687/331/741 2686/328/741 2938/450/741 2939/468/741
f 2766/469/742 2765/470/743 2740/471/744 2739/472/745
f 2767/473/681 2766/469/742 2739/472/745 2738/474/746
f 2768/475/747 2767/473/681 2738/474/746 2737/476/748
f 2769/477/677 2768/475/747 2737/476/748 2736/478/749
f 2770/479/750 2769/477/677 2736/478/749 2735/480/751
f 2771/481/752 2770/479/750 2735/480/751 2734/482/753
f 2772/483/671 2771/481/752 2734/482/753 2733/484/754
f 2773/485/755 2772/483/671 2733/484/754 2732/486/756
f 2774/487/667 2773/485/755 2732/486/756 2731/488/757
f 2775/489/665 2774/487/667 2731/488/757 2730/490/758
f 2776/491/663 2775/489/665 2730/490/758 2729/492/759
f 2777/493/760 2776/491/663 2729/492/759 2728/494/761
f 2778/495/659 2777/493/760 2728/494/761 2727/496/762
f 2779/497/656 2778/495/659 2727/496/762 2726/498/763
f 2780/499/764 2779/497/656 2726/498/763 2725/500/765
f 2781/501/766 2780/502/764 2725/503/765 2744/504/767
f 2782/505/691 2781/501/766 2744/504/767 2743/506/768
f 2783/507/689 2782/505/691 2743/506/768 2742/508/769
f 2784/509/770 2783/507/689 2742/508/769 2741/510/771
f 2765/470/743 2784/509/770 2741/510/771 2740/471/744
f 2786/396/683 2785/398/685 2805/511/685 2806/512/742
f 2787/394/681 2786/396/683 2806/512/742 2807/513/681
f 2788/392/679 2787/394/681 2807/513/681 2808/514/679
f 2789/390/677 2788/392/679 2808/514/679 2809/515/677
f 2790/388/675 2789/390/677 2809/515/677 2810/516/675
f 2791/386/673 2790/388/675 2810/516/675 2811/517/772
f 2792/384/671 2791/386/673 2811/517/772 2812/518/671
f 2793/382/669 2792/384/671 2812/518/671 2813/519/669
f 2794/380/667 2793/382/669 2813/519/669 2814/520/667
f 2795/378/665 2794/380/667 2814/520/667 2815/521/665
f 2796/376/663 2795/378/665 2815/521/665 2816/522/663
f 2797/374/661 2796/376/663 2816/522/663 2817/523/773
f 2798/372/659 2797/374/661 2817/523/773 2818/524/659
f 2799/369/656 2798/372/659 2818/524/659 2819/525/656
f 2800/370/657 2799/369/656 2819/525/656 2820/526/764
f 2801/406/693 2800/408/657 2820/527/764 2821/528/774
f 2802/404/691 2801/406/693 2821/528/774 2822/529/691
f 2803/402/689 2802/404/691 2822/529/691 2823/530/689
f 2804/400/687 2803/402/689 2823/530/689 2824/531/770
f 2785/398/685 2804/400/687 2824/531/770 2805/511/685
f 2806/512/742 2805/511/685 2825/532/685 2826/533/683
f 2807/513/681 2806/512/742 2826/533/683 2827/534/681
f 2808/514/679 2807/513/681 2827/534/681 2828/535/679
f 2809/515/677 2808/514/679 2828/535/679 2829/536/677
f 2810/516/675 2809/515/677 2829/536/677 2830/537/675
f 2811/517/772 2810/516/675 2830/537/675 2831/538/772
f 2812/518/671 2811/517/772 2831/538/772 2832/539/671
f 2813/519/669 2812/518/671 2832/539/671 2833/540/669
f 2814/520/667 2813/519/669 2833/540/669 2834/541/667
f 2815/521/665 2814/520/667 2834/541/667 2835/542/665
f 2816/522/663 2815/521/665 2835/542/665 2836/543/775
f 2817/523/773 2816/522/663 2836/543/775 2837/544/773
f 2818/524/659 2817/523/773 2837/544/773 2838/545/659
f 2819/525/656 2818/524/659 2838/545/659 2839/546/656
f 2820/526/764 2819/525/656 2839/546/656 2840/547/764
f 2821/528/774 2820/527/764 2840/548/764 2841/549/774
f 2822/529/691 2821/528/774 2841/549/774 2842/550/691
f 2823/530/689 2822/529/691 2842/550/691 2843/551/689
f 2824/531/770 2823/530/689 2843/551/689 2844/552/770
f 2805/511/685 2824/531/770 2844/552/770 2825/532/685
f 2826/533/683 2825/532/685 2765/470/743 2766/469/742
f 2827/534/681 2826/533/683 2766/469/742 2767/473/681
f 2828/535/679 2827/534/681 2767/473/681 2768/475/747
f 2829/536/677 2828/535/679 2768/475/747 2769/477/677
f 2830/537/675 2829/536/677 2769/477/677 2770/479/750
f 2831/538/772 2830/537/675 2770/479/750 2771/481/752
f 2832/539/671 2831/538/772 2771/481/752 2772/483/671
f 2833/540/669 2832/539/671 2772/483/671 2773/485/755
f 2834/541/667 2833/540/669 2773/485/755 2774/487/667
f 2835/542/665 2834/541/667 2774/487/667 2775/489/665
f 2836/543/775 2835/542/665 2775/489/665 2776/491/663
f 2837/544/773 2836/543/775 2776/491/663 2777/493/760
f 2838/545/659 2837/544/773 2777/493/760 2778/495/659
f 2839/546/656 2838/545/659 2778/495/659 2779/497/656
f 2840/547/764 2839/546/656 2779/497/656 2780/499/764
f 2841/549/774 2840/548/764 2780/502/764 2781/501/766
f 2842/550/691 2841/549/774 2781/501/766 2782/505/691
f 2843/551/689 2842/550/691 2782/505/691 2783/507/689
f 2844/552/770 2843/551/689 2783/507/689 2784/509/770
f 2825/532/685 2844/552/770 2784/509/770 2765/470/743
f 2846/436/714 2845/438/715 2949/553/701 2950/554/701
f 2847/434/712 2846/436/714 2950/554/701 2951/555/701
f 2848/432/710 2847/434/712 2951/555/701 2952/556/701
f 2849/430/699 2848/432/710 2952/556/701 2953/557/701
f 2850/428/698 2849/430/699 2953/557/701 2954/558/701
f 2851/426/707 2850/428/698 2954/558/701 2955/559/701
f 2852/424/705 2851/426/707 2955/559/701 2956/560/701
f 2853/422/705 2852/424/705 2956/560/701 2957/561/701
f 2854/420/703 2853/422/705 2957/561/701 2958/562/701
f 2855/418/701 2854/420/703 2958/562/701 2959/563/701
f 2856/416/698 2855/418/701 2959/563/701 2960/564/701
f 2857/414/698 2856/416/698 2960/564/701 2961/565/701
f 2858/411/696 2857/414/698 2961/565/701 2962/566/701
f 2859/412/694 2858/411/696 2962/566/701 2963/567/701
f 2860/448/703 2859/412/694 2963/567/701 2964/568/701
f 2861/446/701 2860/448/703 2964/568/701 2945/569/701
f 2862/444/694 2861/446/701 2945/569/701 2946/570/701
f 2863/442/715 2862/444/694 2946/570/701 2947/571/701
f 2864/440/703 2863/442/715 2947/571/701 2948/572/701
f 2845/438/715 2864/440/703 2948/572/701 2949/553/701
f 2866/573/776 2865/574/653 2716/575/777 2715/576/778
f 2867/577/776 2866/573/776 2715/576/778 2714/578/776
f 2868/579/779 2867/577/776 2714/578/776 2713/580/780
f 2869/581/781 2868/579/779 2713/580/780 2712/582/782
f 2870/583/653 2869/581/781 2712/582/782 2711/584/783
f 2871/585/784 2870/583/653 2711/584/783 2710/586/785
f 2872/587/783 2871/585/784 2710/586/785 2709/588/786
f 2873/589/653 2872/587/783 2709/588/786 2708/590/781
f 2874/591/779 2873/589/653 2708/590/781 2707/592/776
f 2875/593/783 2874/591/779 2707/592/776 2706/594/787
f 2876/595/783 2875/593/783 2706/594/787 2705/596/777
f 2877/597/653 2876/595/783 2705/596/777 2724/598/653
f 2878/599/788 2877/597/653 2724/598/653 2723/600/789
f 2879/601/781 2878/599/788 2723/600/789 2722/602/790
f 2880/603/790 2879/601/781 2722/602/790 2721/604/791
f 2881/605/653 2880/603/790 2721/604/791 2720/606/783
f 2882/607/783 2881/605/653 2720/606/783 2719/608/787
f 2883/609/792 2882/607/783 2719/608/787 2718/610/793
f 2884/611/794 2883/609/792 2718/610/793 2717/612/795
f 2865/574/653 2884/611/794 2717/612/795 2716/575/777
f 2886/348/653 2885/350/653 2865/574/653 2866/573/776
f 2887/346/653 2886/348/653 2866/573/776 2867/577/776
f 2888/344/653 2887/346/653 2867/577/776 2868/579/779
f 2889/342/653 2888/344/653 2868/579/779 2869/581/781
f 2890/340/653 2889/342/653 2869/581/781 2870/583/653
f 2891/338/653 2890/340/653 2870/583/653 2871/585/784
f 2892/336/653 2891/338/653 2871/585/784 2872/587/783
f 2893/334/653 2892/336/653 2872/587/783 2873/589/653
f 2894/332/653 2893/334/653 2873/589/653 2874/591/779
f 2895/329/653 2894/332/653 2874/591/779 2875/593/783
f 2896/330/653 2895/329/653 2875/593/783 2876/595/783
f 2897/366/653 2896/330/653 2876/595/783 2877/597/653
f 2898/364/653 2897/366/653 2877/597/653 2878/599/788
f 2899/362/653 2898/364/653 2878/599/788 2879/601/781
f 2900/360/653 2899/362/653 2879/601/781 2880/603/790
f 2901/358/653 2900/360/653 2880/603/790 2881/605/653
f 2902/356/653 2901/358/653 2881/605/653 2882/607/783
f 2903/354/653 2902/356/653 2882/607/783 2883/609/792
f 2904/352/653 2903/354/653 2883/609/792 2884/611/794
f 2885/350/653 2904/352/653 2884/611/794 2865/574/653
f 2906/613/734 2905/614/734 2753/615/796 2754/616/796
f 2907/617/733 2906/613/733 2754/616/733 2755/618/733
f 2908/619/732 2907/617/732 2755/618/797 2756/620/797
f 2909/621/798 2908/619/799 2756/620/800 2757/622/800
f 2910/623/801 2909/621/801 2757/622/802 2758/624/802
f 2911/625/729 2910/623/729 2758/624/728 2759/626/728
f 2912/627/803 2911/625/803 2759/626/804 2760/628/804
f 2913/629/726 2912/627/726 2760/628/726 2761/630/726
f 2914/631/725 2913/629/725 2761/630/805 2762/632/805
f 2915/633/724 2914/631/724 2762/632/806 2763/634/806
f 2916/635/723 2915/633/723 2763/634/807 2764/636/807
f 2917/637/808 2916/635/808 2764/636/808 2745/638/808
f 2918/639/719 2917/637/719 2745/638/719 2746/640/719
f 2919/641/809 2918/639/809 2746/640/810 2747/642/810
f 2920/643/811 2919/641/811 2747/642/812 2748/644/812
f 2921/645/813 2920/643/813 2748/644/813 2749/646/813
f 2922/647/814 2921/645/814 2749/646/815 2750/648/815
f 2923/649/737 2922/647/737 2750/648/737 2751/650/737
f 2924/651/736 2923/649/736 2751/650/736 2752/652/736
f 2905/614/735 2924/651/735 2752/652/816 2753/615/816
f 2926/461/734 2925/462/734 2905/614/734 2906/613/734
f 2927/460/733 2926/461/733 2906/613/733 2907/617/733
f 2928/459/732 2927/460/732 2907/617/732 2908/619/732
f 2929/458/731 2928/459/731 2908/619/799 2909/621/798
f 2930/457/730 2929/458/730 2909/621/801 2910/623/801
f 2931/456/729 2930/457/728 2910/623/729 2911/625/729
f 2932/455/727 2931/456/727 2911/625/803 2912/627/803
f 2933/454/726 2932/455/726 2912/627/726 2913/629/726
f 2934/453/725 2933/454/725 2913/629/725 2914/631/725
f 2935/452/724 2934/453/724 2914/631/724 2915/633/724
f 2936/451/723 2935/452/723 2915/633/723 2916/635/723
f 2937/449/722 2936/451/722 2916/635/808 2917/637/808
f 2938/450/719 2937/449/720 2917/637/719 2918/639/719
f 2939/468/741 2938/450/741 2918/639/809 2919/641/809
f 2940/467/740 2939/468/740 2919/641/811 2920/643/811
f 2941/466/739 2940/467/739 2920/643/813 2921/645/813
f 2942/465/738 2941/466/738 2921/645/814 2922/647/814
f 2943/464/737 2942/465/737 2922/647/737 2923/649/737
f 2944/463/736 2943/464/736 2923/649/736 2924/651/736
f 2925/462/735 2944/463/735 2924/651/735 2905/614/735
f 2946/570/701 2945/569/701 2763/634/701 2762/632/701
f 2947/571/701 2946/570/701 2762/632/701 2761/630/701
f 2948/572/701 2947/571/701 2761/630/701 2760/628/701
f 2949/553/701 2948/572/701 2760/628/701 2759/626/701
f 2950/554/701 2949/553/701 2759/626/701 2758/624/701
f 2951/555/701 2950/554/701 2758/624/701 2757/622/701
f 2952/556/701 2951/555/701 2757/622/701 2756/620/701
f 2953/557/701 2952/556/701 2756/620/701 2755/618/701
f 2954/558/701 2953/557/701 2755/618/701 2754/616/701
f 2955/559/701 2954/558/701 2754/616/701 2753/615/701
f 2956/560/701 2955/559/701 2753/615/701 2752/652/701
f 2957/561/701 2956/560/701 2752/652/701 2751/650/701
f 2958/562/701 2957/561/701 2751/650/701 2750/648/701
f 2959/563/701 2958/562/701 2750/648/701 2749/646/701
f 2960/564/701 2959/563/701 2749/646/701 2748/644/701
f 2961/565/701 2960/564/701 2748/644/701 2747/642/701
f 2962/566/701 2961/565/701 2747/642/701 2746/640/701
f 2963/567/701 2962/566/701 2746/640/701 2745/638/701
f 2964/568/701 2963/567/701 2745/638/701 2764/636/701
f 2945/569/701 2964/568/701 2764/636/701 2763/634/701
f 2965/327/817 2966/328/817 2986/594/817 2985/596/817
f 2966/328/817 2967/331/817 2987/592/817 2986/594/817
f 2967/331/817 2968/333/817 2988/590/817 2987/592/817
f 2968/333/817 2969/335/817 2989/588/817 2988/590/817
f 2969/335/817 2970/337/817 2990/586/817 2989/588/817
f 2970/337/817 2971/339/817 2991/584/817 2990/586/817
f 2971/339/817 2972/341/817 2992/582/817 2991/584/817
f 2972/341/817 2973/343/817 2993/580/817 2992/582/817
f 2973/343/817 2974/345/817 2994/578/817 2993/580/817
f 2974/345/817 2975/347/817 2995/576/817 2994/578/817
f 2975/347/817 2976/349/817 2996/575/817 2995/576/817
f 2976/349/817 2977/351/817 2997/612/817 2996/575/817
f 2977/351/817 2978/353/817 2998/610/817 2997/612/817
f 2978/353/817 2979/355/817 2999/608/817 2998/610/817
f 2979/355/817 2980/357/817 3000/606/817 2999/608/817
f 2980/357/817 2981/359/817 3001/604/817 3000/606/817
f 2981/359/817 2982/361/817 3002/602/817 3001/604/817
f 2982/361/817 2983/363/817 3003/600/817 3002/602/817
f 2983/363/817 2984/365/817 3004/598/817 3003/600/817
f 2984/365/817 2965/327/817 2985/596/817 3004/598/817
f 2985/367/818 2986/368/819 3577/653/820 3578/654/821
f 2986/368/819 2987/371/822 3576/655/823 3577/653/820
f 2987/371/822 2988/373/824 3575/656/825 3576/655/823
f 2988/373/824 2989/375/826 3574/657/827 3575/656/825
f 2989/375/826 2990/377/828 3573/658/829 3574/657/827
f 2990/377/828 2991/379/830 3572/659/831 3573/658/829
f 2991/379/830 2992/381/832 3571/660/833 3572/659/831
f 2992/381/832 2993/383/834 3570/661/835 3571/660/833
f 2993/383/834 2994/385/836 3569/662/837 3570/661/835
f 2994/385/836 2995/387/838 3568/663/839 3569/662/837
f 2995/387/838 2996/389/840 3567/664/841 3568/663/839
f 2996/389/840 2997/391/842 3586/665/843 3567/664/841
f 2997/391/842 2998/393/844 3585/666/845 3586/665/843
f 2998/393/844 2999/395/846 3584/667/847 3585/666/845
f 3584/667/847 2999/395/846 3000/397/848 3583/668/849
f 3000/397/848 3001/399/850 3582/669/851 3583/668/849
f 3001/399/850 3002/401/852 3581/670/853 3582/669/851
f 3002/401/852 3003/403/854 3580/671/855 3581/670/853
f 3003/403/854 3004/405/856 3579/672/857 3580/671/855
f 3004/405/856 2985/407/818 3578/673/821 3579/672/857
f 3005/409/858 3006/410/858 3597/674/858 3598/675/858
f 3006/410/858 3007/413/858 3596/676/858 3597/674/858
f 3007/413/858 3008/415/858 3595/677/858 3596/676/858
f 3008/415/858 3009/417/858 3594/678/858 3595/677/858
f 3009/417/858 3010/419/858 3593/679/858 3594/678/858
f 3010/419/858 3011/421/858 3592/680/858 3593/679/858
f 3011/421/858 3012/423/858 3591/681/858 3592/680/858
f 3012/423/858 3013/425/858 3590/682/858 3591/681/858
f 3013/425/858 3014/427/858 3589/683/858 3590/682/858
f 3014/427/858 3015/429/858 3588/684/858 3589/683/858
f 3015/429/858 3016/431/858 3587/685/858 3588/684/858
f 3016/431/858 3017/433/858 3606/686/858 3587/685/858
f 3017/433/858 3018/435/858 3605/687/858 3606/686/858
f 3018/435/858 3019/437/858 3604/688/858 3605/687/858
f 3604/688/858 3019/437/858 3020/439/858 3603/689/858
f 3020/439/858 3021/441/858 3602/690/858 3603/689/858
f 3021/441/858 3022/443/858 3601/691/858 3602/690/858
f 3022/443/858 3023/445/858 3600/692/858 3601/691/858
f 3023/445/858 3024/447/858 3599/693/858 3600/692/858
f 3024/447/858 3005/409/858 3598/675/858 3599/693/858
f 2966/328/817 2965/327/817 3025/694/817
f 2967/331/817 2966/328/817 3025/694/817
f 2968/333/817 2967/331/817 3025/694/817
f 2969/335/817 2968/333/817 3025/694/817
f 2970/337/817 2969/335/817 3025/694/817
f 2971/339/817 2970/337/817 3025/694/817
f 2972/341/817 2971/339/817 3025/694/817
f 2973/343/817 2972/341/817 3025/694/817
f 2974/345/817 2973/343/817 3025/694/817
f 2975/347/817 2974/345/817 3025/694/817
f 2976/349/817 2975/347/817 3025/694/817
f 2977/351/817 2976/349/817 3025/694/817
f 2978/353/817 2977/351/817 3025/694/817
f 2979/355/817 2978/353/817 3025/694/817
f 2980/357/817 2979/355/817 3025/694/817
f 2981/359/817 2980/357/817 3025/694/817
f 2982/361/817 2981/359/817 3025/694/817
f 2983/363/817 2982/361/817 3025/694/817
f 2984/365/817 2983/363/817 3025/694/817
f 2965/327/817 2984/365/817 3025/694/817
f 3266/638/859 3267/640/860 3268/695/858
f 3267/640/860 3269/642/861 3268/695/858
f 3269/642/861 3270/644/862 3268/695/858
f 3270/644/862 3271/646/863 3268/695/858
f 3271/646/863 3272/648/864 3268/695/858
f 3272/648/864 3273/650/865 3268/695/858
f 3273/650/865 3274/652/866 3268/695/858
f 3274/652/866 3275/615/867 3268/695/858
f 3275/615/867 3276/616/868 3268/695/858
f 3276/616/868 3277/618/869 3268/695/858
f 3277/618/869 3278/620/870 3268/695/858
f 3278/620/870 3279/622/871 3268/695/858
f 3279/622/871 3280/624/872 3268/695/858
f 3280/624/872 3281/626/873 3268/695/858
f 3281/626/873 3282/628/874 3268/695/858
f 3282/628/874 3283/630/875 3268/695/858
f 3283/630/875 3284/632/876 3268/695/858
f 3284/632/876 3285/634/877 3268/695/858
f 3285/634/877 3286/636/878 3268/695/858
f 3286/636/878 3266/638/859 3268/695/858
f 3087/696/858 3086/697/858 3217/698/858 3218/699/858
f 3088/700/858 3087/696/858 3218/699/858 3219/701/858
f 3089/702/879 3088/700/858 3219/701/858 3220/703/879
f 3090/704/858 3089/702/879 3220/703/879 3221/705/858
f 3091/706/858 3090/704/858 3221/705/858 3222/707/858
f 3092/708/858 3091/706/858 3222/707/858 3223/709/858
f 3093/710/858 3092/708/858 3223/709/858 3224/711/858
f 3094/712/880 3093/710/858 3224/711/858 3225/713/880
f 3095/714/858 3094/712/880 3225/713/880 3206/715/858
f 3096/716/858 3095/714/858 3206/715/858 3207/717/858
f 3097/718/858 3096/716/858 3207/717/858 3208/719/858
f 3098/720/880 3097/718/858 3208/719/858 3209/721/880
f 3099/722/858 3098/720/880 3209/721/880 3210/723/858
f 3100/724/858 3099/722/858 3210/723/858 3211/725/858
f 3101/726/858 3100/724/858 3211/725/858 3212/727/858
f 3102/728/880 3101/726/858 3212/727/858 3213/729/880
f 3103/730/881 3102/728/880 3213/729/880 3214/731/881
f 3104/732/881 3103/730/881 3214/731/881 3215/733/881
f 3105/734/858 3104/732/881 3215/733/881 3216/735/858
f 3086/697/858 3105/734/858 3216/735/858 3217/698/858
f 3067/736/882 3066/737/883 3196/738/884 3197/739/885
f 3068/740/886 3067/736/882 3197/739/885 3198/741/887
f 3069/742/888 3068/740/886 3198/741/887 3199/743/889
f 3070/744/890 3069/742/888 3199/743/889 3200/745/891
f 3071/746/892 3070/744/890 3200/745/891 3201/747/893
f 3072/748/894 3071/746/892 3201/747/893 3202/749/895
f 3073/750/896 3072/748/894 3202/749/895 3203/751/897
f 3074/752/898 3073/750/896 3203/751/897 3204/753/899
f 3075/754/900 3074/752/898 3204/753/899 3205/755/901
f 3076/756/902 3075/754/900 3205/755/901 3186/757/903
f 3077/758/904 3076/756/902 3186/757/903 3187/759/905
f 3078/760/906 3077/758/904 3187/759/905 3188/761/907
f 3079/762/908 3078/760/906 3188/761/907 3189/763/909
f 3080/764/910 3079/762/908 3189/763/909 3190/765/911
f 3081/766/912 3080/764/910 3190/765/911 3191/767/913
f 3082/768/914 3081/766/912 3191/767/913 3192/769/915
f 3083/770/916 3082/768/914 3192/769/915 3193/771/917
f 3084/772/918 3083/770/916 3193/771/917 3194/773/919
f 3085/774/920 3084/772/918 3194/773/919 3195/775/921
f 3066/737/883 3085/774/920 3195/775/921 3196/738/884
f 3027/736/848 3026/737/850 3522/776/922 3523/736/923
f 3028/740/846 3027/736/848 3523/736/923 3524/740/924
f 3029/742/925 3028/740/846 3524/740/924 3525/742/926
f 3030/744/927 3029/742/925 3525/742/926 3526/744/928
f 3031/746/840 3030/744/927 3526/744/928 3507/746/929
f 3032/748/838 3031/746/840 3507/746/929 3508/777/930
f 3033/750/836 3032/748/838 3508/777/930 3509/750/931
f 3034/752/932 3033/750/836 3509/750/931 3510/778/933
f 3035/754/832 3034/752/932 3510/778/933 3511/754/934
f 3036/756/935 3035/754/832 3511/754/934 3512/756/936
f 3037/758/828 3036/756/935 3512/756/936 3513/779/937
f 3038/760/938 3037/758/828 3513/779/937 3514/760/939
f 3039/762/940 3038/760/938 3514/760/939 3515/762/941
f 3040/764/942 3039/762/940 3515/762/941 3516/764/943
f 3041/766/944 3040/764/942 3516/764/943 3517/766/945
f 3042/768/818 3041/766/944 3517/766/945 3518/768/946
f 3043/770/856 3042/768/818 3518/768/946 3519/770/947
f 3044/772/948 3043/770/856 3519/770/947 3520/772/949
f 3045/774/950 3044/772/948 3520/772/949 3521/780/951
f 3026/737/850 3045/774/950 3521/780/951 3522/776/922
f 3047/696/952 3046/697/952 3086/697/952 3087/696/952
f 3048/700/953 3047/696/953 3087/696/953 3088/700/953
f 3049/702/954 3048/700/954 3088/700/954 3089/702/954
f 3050/704/955 3049/702/955 3089/702/955 3090/704/955
f 3051/706/956 3050/704/956 3090/704/956 3091/706/956
f 3052/708/957 3051/706/957 3091/706/957 3092/708/957
f 3053/710/958 3052/708/958 3092/708/958 3093/710/958
f 3054/712/959 3053/710/959 3093/710/959 3094/712/959
f 3055/714/960 3054/712/960 3094/712/960 3095/714/960
f 3056/716/961 3055/714/961 3095/714/961 3096/716/961
f 3057/718/962 3056/716/962 3096/716/962 3097/718/962
f 3058/720/963 3057/718/963 3097/718/963 3098/720/963
f 3059/722/964 3058/720/964 3098/720/964 3099/722/964
f 3060/724/965 3059/722/965 3099/722/965 3100/724/965
f 3061/726/966 3060/724/966 3100/724/966 3101/726/966
f 3062/728/967 3061/726/967 3101/726/967 3102/728/967
f 3063/730/968 3062/728/968 3102/728/968 3103/730/968
f 3064/732/969 3063/730/969 3103/730/969 3104/732/969
f 3065/734/970 3064/732/970 3104/732/970 3105/734/970
f 3046/697/971 3065/734/971 3105/734/971 3086/697/971
f 3127/742/925 3126/740/846 3128/740/972 3129/742/973
f 3130/744/974 3127/742/925 3129/742/973 3131/744/975
f 3132/746/840 3130/744/974 3131/744/975 3133/746/976
f 3134/777/838 3132/746/840 3133/746/976 3135/748/977
f 3136/750/836 3134/777/838 3135/748/977 3137/750/978
f 3138/778/834 3136/750/836 3137/750/978 3139/752/979
f 3140/754/832 3138/778/834 3139/752/979 3141/754/980
f 3142/756/935 3140/754/832 3141/754/980 3143/756/981
f 3144/758/828 3142/756/935 3143/756/981 3145/758/982
f 3146/760/938 3144/758/828 3145/758/982 3147/760/983
f 3148/762/940 3146/760/938 3147/760/983 3149/762/984
f 3150/764/942 3148/762/940 3149/762/984 3151/764/985
f 3152/766/819 3150/764/942 3151/764/985 3153/766/986
f 3154/768/818 3152/766/819 3153/766/986 3155/768/987
f 3156/770/856 3154/768/818 3155/768/987 3157/770/988
f 3158/772/854 3156/770/856 3157/770/988 3159/772/989
f 3160/774/950 3158/772/854 3159/772/989 3161/774/990
f 3162/737/991 3160/774/950 3161/774/990 3163/737/992
f 3164/736/848 3162/737/991 3163/737/992 3165/736/993
f 3126/740/846 3164/736/848 3165/736/993 3128/740/972
f 3477/742/994 3107/742/995 3106/740/996 3476/740/997
f 3068/740/886 3069/742/888 3173/742/998 3174/740/999
f 3478/744/1000 3108/744/1001 3107/742/995 3477/742/994
f 3069/742/888 3070/744/890 3172/744/1002 3173/742/998
f 3479/746/1003 3109/746/1004 3108/744/1001 3478/744/1000
f 3070/744/890 3071/746/892 3171/746/1005 3172/744/1002
f 3480/777/1006 3110/777/1007 3109/746/1004 3479/746/1003
f 3071/746/892 3072/748/894 3170/748/1008 3171/746/1005
f 3481/781/1009 3111/750/1010 3110/777/1007 3480/777/1006
f 3072/748/894 3073/750/896 3169/750/1011 3170/748/1008
f 3482/778/1012 3112/778/1013 3111/750/1010 3481/781/1009
f 3073/750/896 3074/752/898 3168/752/1014 3169/750/1011
f 3483/754/1015 3113/754/1016 3112/778/1013 3482/778/1012
f 3074/752/898 3075/754/900 3167/754/1017 3168/752/1014
f 3484/756/1018 3114/756/1019 3113/754/1016 3483/754/1015
f 3075/754/900 3076/756/902 3166/782/1020 3167/754/1017
f 3485/758/1021 3115/758/1022 3114/756/1019 3484/756/1018
f 3076/756/902 3077/758/904 3185/779/1023 3166/782/1020
f 3486/760/1024 3116/760/1025 3115/758/1022 3485/758/1021
f 3077/758/904 3078/760/906 3184/760/1026 3185/779/1023
f 3486/760/1024 3467/762/1027 3117/762/1028 3116/760/1025
f 3078/760/906 3079/762/908 3183/762/1029 3184/760/1026
f 3468/783/1030 3118/764/1031 3117/762/1028 3467/762/1027
f 3079/762/908 3080/764/910 3182/764/1032 3183/762/1029
f 3469/784/1033 3119/766/1034 3118/764/1031 3468/783/1030
f 3080/764/910 3081/766/912 3181/766/1035 3182/764/1032
f 3470/768/1036 3120/768/1037 3119/766/1034 3469/784/1033
f 3081/766/912 3082/768/914 3180/768/1038 3181/766/1035
f 3471/785/1039 3121/770/1040 3120/768/1037 3470/768/1036
f 3082/768/914 3083/770/916 3179/770/1041 3180/768/1038
f 3472/772/1042 3122/772/1043 3121/770/1040 3471/785/1039
f 3083/770/916 3084/772/918 3178/772/1044 3179/770/1041
f 3123/774/1045 3122/772/1043 3472/772/1042 3473/774/1046
f 3084/772/918 3085/774/920 3177/786/1047 3178/772/1044
f 3474/737/1048 3124/737/1049 3123/774/1045 3473/774/1046
f 3085/774/920 3066/737/883 3176/737/1050 3177/786/1047
f 3475/736/1051 3125/736/1052 3124/737/1049 3474/737/1048
f 3066/737/883 3067/736/882 3175/736/1053 3176/737/1050
f 3476/740/997 3106/740/996 3125/736/1052 3475/736/1051
f 3067/736/882 3068/740/886 3174/740/999 3175/736/1053
f 3167/754/1017 3166/782/1020 3143/756/1054 3141/754/1055
f 3168/752/1014 3167/754/1017 3141/754/1055 3139/752/1056
f 3169/750/1011 3168/752/1014 3139/752/1056 3137/750/1057
f 3170/748/1008 3169/750/1011 3137/750/1057 3135/748/1058
f 3171/746/1005 3170/748/1008 3135/748/1058 3133/746/1059
f 3172/744/1002 3171/746/1005 3133/746/1059 3131/744/1060
f 3173/742/998 3172/744/1002 3131/744/1060 3129/742/1061
f 3174/740/999 3173/742/998 3129/742/1061 3128/740/1062
f 3175/736/1053 3174/740/999 3128/740/1062 3165/736/1063
f 3176/737/1050 3175/736/1053 3165/736/1063 3163/737/1064
f 3177/786/1047 3176/737/1050 3163/737/1064 3161/774/1065
f 3178/772/1044 3177/786/1047 3161/774/1065 3159/772/1066
f 3179/770/1041 3178/772/1044 3159/772/1066 3157/770/1067
f 3180/768/1038 3179/770/1041 3157/770/1067 3155/768/1068
f 3181/766/1035 3180/768/1038 3155/768/1068 3153/766/1069
f 3182/764/1032 3181/766/1035 3153/766/1069 3151/764/1070
f 3183/762/1029 3182/764/1032 3151/764/1070 3149/762/1071
f 3184/760/1026 3183/762/1029 3149/762/1071 3147/760/1072
f 3185/779/1023 3184/760/1026 3147/760/1072 3145/758/1073
f 3166/782/1020 3185/779/1023 3145/758/1073 3143/756/1054
f 3187/759/905 3186/757/903 3709/787/1074 3710/788/1075
f 3188/761/907 3187/759/905 3710/788/1075 3711/789/1076
f 3189/763/909 3188/761/907 3711/789/1076 3712/790/1077
f 3190/765/911 3189/763/909 3712/790/1077 3713/791/1078
f 3191/767/913 3190/765/911 3713/791/1078 3714/792/1079
f 3192/769/915 3191/767/913 3714/792/1079 3715/793/1080
f 3193/771/917 3192/769/915 3715/793/1080 3716/794/1081
f 3194/773/919 3193/771/917 3716/794/1081 3717/795/1082
f 3195/775/921 3194/773/919 3717/795/1082 3718/796/1083
f 3196/738/884 3195/775/921 3718/796/1083 3719/797/1084
f 3197/739/885 3196/738/884 3719/797/1084 3720/798/1085
f 3198/741/887 3197/739/885 3720/798/1085 3721/799/1086
f 3199/743/889 3198/741/887 3721/799/1086 3722/800/1087
f 3200/745/891 3199/743/889 3722/800/1087 3723/801/1088
f 3201/747/893 3200/745/891 3723/801/1088 3724/802/1089
f 3202/749/895 3201/747/893 3724/802/1089 3725/803/1090
f 3203/751/897 3202/749/895 3725/803/1090 3726/804/1091
f 3204/753/899 3203/751/897 3726/804/1091 3707/805/1092
f 3205/755/901 3204/753/899 3707/805/1092 3708/806/1093
f 3186/757/903 3205/755/901 3708/806/1093 3709/787/1074
f 3247/717/1094 3246/715/1095 3453/807/1096 3454/808/1097
f 3248/719/1098 3247/717/1094 3454/808/1097 3455/809/1099
f 3249/721/1100 3248/719/1098 3455/809/1099 3456/810/1100
f 3250/723/1101 3249/721/1100 3456/810/1100 3457/811/1102
f 3251/725/1103 3250/723/1101 3457/811/1102 3458/812/1104
f 3252/727/1105 3251/725/1103 3458/812/1104 3459/813/1106
f 3253/729/1107 3252/727/1105 3459/813/1106 3460/814/1108
f 3254/731/1109 3253/729/1107 3460/814/1108 3461/815/1110
f 3255/733/1111 3254/731/1109 3461/815/1110 3462/816/1112
f 3256/735/1113 3255/733/1111 3462/816/1112 3463/817/1114
f 3257/698/1115 3256/735/1113 3463/817/1114 3464/818/1116
f 3258/699/1117 3257/698/1115 3464/818/1116 3465/819/1118
f 3259/701/1119 3258/699/1117 3465/819/1118 3466/820/1119
f 3260/703/1120 3259/701/1119 3466/820/1119 3447/821/1121
f 3261/705/1122 3260/703/1120 3447/821/1121 3448/822/1123
f 3262/707/1124 3261/705/1122 3448/822/1123 3449/823/1125
f 3263/709/1126 3262/707/1124 3449/823/1125 3450/824/1127
f 3264/711/1128 3263/709/1126 3450/824/1127 3451/825/1128
f 3265/713/1129 3264/711/1128 3451/825/1128 3452/826/1130
f 3246/715/1095 3265/713/1129 3452/826/1130 3453/807/1096
f 3207/717/1131 3206/715/1132 3373/827/1133 3374/717/1134
f 3208/719/1135 3207/717/1131 3374/717/1134 3375/719/1136
f 3209/721/1137 3208/719/1135 3375/719/1136 3376/721/1138
f 3210/723/1139 3209/721/1137 3376/721/1138 3377/723/1140
f 3211/725/1141 3210/723/1139 3377/723/1140 3378/725/1142
f 3212/727/1143 3211/725/1141 3378/725/1142 3379/727/1144
f 3213/729/1145 3212/727/1143 3379/727/1144 3380/729/1146
f 3214/731/1147 3213/729/1145 3380/729/1146 3381/731/1148
f 3215/733/1149 3214/731/1147 3381/731/1148 3382/828/1150
f 3216/735/1151 3215/733/1149 3382/828/1150 3383/735/1152
f 3217/698/1153 3216/735/1151 3383/735/1152 3384/698/1154
f 3218/699/1155 3217/698/1153 3384/698/1154 3385/699/1156
f 3219/701/1157 3218/699/1155 3385/699/1156 3386/701/1158
f 3220/703/1159 3219/701/1157 3386/701/1158 3367/703/1160
f 3221/705/1161 3220/703/1159 3367/703/1160 3368/705/1162
f 3222/707/1163 3221/705/1161 3368/705/1162 3369/707/1164
f 3223/709/1165 3222/707/1163 3369/707/1164 3370/709/1166
f 3224/711/1167 3223/709/1165 3370/709/1166 3371/829/1168
f 3225/713/1169 3224/711/1167 3371/829/1168 3372/713/1170
f 3206/715/1132 3225/713/1169 3372/713/1170 3373/827/1133
f 3226/638/1171 3227/640/1172 3421/640/1173 3422/830/1174
f 3227/640/1172 3228/642/1175 3420/831/1176 3421/640/1173
f 3228/642/1175 3229/644/1177 3419/644/1178 3420/831/1176
f 3229/644/1177 3230/646/1179 3418/646/1180 3419/644/1178
f 3230/646/1179 3231/648/1181 3417/832/1182 3418/646/1180
f 3231/648/1181 3232/650/1183 3416/833/1184 3417/832/1182
f 3232/650/1183 3233/652/1185 3415/652/1186 3416/833/1184
f 3233/652/1185 3234/615/1187 3414/834/1188 3415/652/1186
f 3234/615/1187 3235/616/1189 3413/616/1190 3414/834/1188
f 3235/616/1189 3236/618/1191 3412/618/1192 3413/616/1190
f 3236/618/1191 3237/620/1193 3411/620/1194 3412/618/1192
f 3237/620/1193 3238/622/1195 3410/835/1196 3411/620/1194
f 3238/622/1195 3239/624/1197 3409/836/1198 3410/835/1196
f 3239/624/1197 3240/626/1199 3408/626/1200 3409/836/1198
f 3240/626/1199 3241/628/1201 3407/628/1202 3408/626/1200
f 3241/628/1201 3242/630/1203 3426/837/1204 3407/628/1202
f 3242/630/1203 3243/632/1205 3425/632/1206 3426/837/1204
f 3243/632/1205 3244/634/1207 3424/838/1208 3425/632/1206
f 3244/634/1207 3245/636/1209 3423/636/1210 3424/838/1208
f 3245/636/1209 3226/638/1171 3422/830/1174 3423/636/1210
f 3288/742/1211 3287/740/1212 3544/740/847 3545/742/845
f 3289/744/1213 3288/742/1211 3545/742/845 3546/744/843
f 3290/746/1214 3289/744/1213 3546/744/843 3527/746/1215
f 3291/748/1216 3290/746/1214 3527/746/1215 3528/777/839
f 3292/750/1217 3291/748/1216 3528/777/839 3529/750/1218
f 3293/752/1219 3292/750/1217 3529/750/1218 3530/778/835
f 3294/754/1220 3293/752/1219 3530/778/835 3531/754/833
f 3295/756/1221 3294/754/1220 3531/754/833 3532/756/831
f 3296/758/1222 3295/756/1221 3532/756/831 3533/758/1223
f 3297/760/1224 3296/758/1222 3533/758/1223 3534/760/827
f 3298/762/1225 3297/760/1224 3534/760/827 3535/762/825
f 3299/764/1226 3298/762/1225 3535/762/825 3536/764/823
f 3300/766/1227 3299/764/1226 3536/764/823 3537/766/1228
f 3301/768/1229 3300/766/1227 3537/766/1228 3538/768/1230
f 3302/770/1231 3301/768/1229 3538/768/1230 3539/770/1232
f 3303/772/1233 3302/770/1231 3539/770/1232 3540/772/855
f 3304/774/1234 3303/772/1233 3540/772/855 3541/774/1235
f 3305/776/1236 3304/774/1234 3541/774/1235 3542/776/851
f 3306/736/1237 3305/776/1236 3542/776/851 3543/736/849
f 3287/740/1212 3306/736/1237 3543/736/849 3544/740/847
f 3308/742/845 3307/740/847 3327/740/847 3328/742/845
f 3309/744/1238 3308/742/845 3328/742/845 3329/744/1238
f 3310/746/1215 3309/744/1238 3329/744/1238 3330/746/1215
f 3311/777/839 3310/746/1215 3330/746/1215 3331/777/839
f 3312/750/1218 3311/777/839 3331/777/839 3332/750/1218
f 3313/778/835 3312/750/1218 3332/750/1218 3333/778/835
f 3314/754/833 3313/778/835 3333/778/835 3334/754/833
f 3315/756/831 3314/754/833 3334/754/833 3335/756/831
f 3316/758/1223 3315/756/831 3335/756/831 3336/758/1223
f 3317/760/827 3316/758/1223 3336/758/1223 3337/760/827
f 3318/762/825 3317/760/827 3337/760/827 3338/762/825
f 3319/764/823 3318/762/825 3338/762/825 3339/764/823
f 3320/766/1228 3319/764/823 3339/764/823 3340/766/1228
f 3321/768/1230 3320/766/1228 3340/766/1228 3341/768/1230
f 3322/770/1232 3321/768/1230 3341/768/1230 3342/770/1232
f 3323/772/855 3322/770/1232 3342/770/1232 3343/839/855
f 3324/774/1235 3323/772/855 3343/839/855 3344/774/1235
f 3325/776/851 3324/774/1235 3344/774/1235 3345/737/851
f 3326/736/849 3325/776/851 3345/737/851 3346/736/849
f 3307/740/847 3326/736/849 3346/736/849 3327/740/847
f 3328/742/845 3327/740/847 3496/740/847 3497/742/845
f 3329/744/1238 3328/742/845 3497/742/845 3498/744/843
f 3330/746/1215 3329/744/1238 3498/744/843 3499/746/1215
f 3331/777/839 3330/746/1215 3499/746/1215 3500/777/839
f 3332/750/1218 3331/777/839 3500/777/839 3501/750/1218
f 3333/778/835 3332/750/1218 3501/750/1218 3502/778/835
f 3334/754/833 3333/778/835 3502/778/835 3503/754/833
f 3335/756/831 3334/754/833 3503/754/833 3504/756/831
f 3336/758/1223 3335/756/831 3504/756/831 3505/758/1223
f 3337/760/827 3336/758/1223 3505/758/1223 3506/760/827
f 3338/762/825 3337/760/827 3506/760/827 3487/762/825
f 3339/764/823 3338/762/825 3487/762/825 3488/764/823
f 3340/766/1228 3339/764/823 3488/764/823 3489/766/1228
f 3341/768/1230 3340/766/1228 3489/766/1228 3490/768/1230
f 3342/770/1232 3341/768/1230 3490/768/1230 3491/770/1232
f 3343/839/855 3342/770/1232 3491/770/1232 3492/839/855
f 3493/774/1235 3344/774/1235 3343/839/855 3492/839/855
f 3345/737/851 3344/774/1235 3493/774/1235 3494/737/851
f 3346/736/849 3345/737/851 3494/737/851 3495/736/849
f 3327/740/847 3346/736/849 3495/736/849 3496/740/847
f 3348/705/1239 3347/703/1240 3260/703/1241 3261/705/1242
f 3349/707/1243 3348/705/1239 3261/705/1242 3262/707/1244
f 3350/709/1245 3349/707/1243 3262/707/1244 3263/709/1246
f 3351/711/1247 3350/709/1245 3263/709/1246 3264/711/1248
f 3352/713/1249 3351/711/1247 3264/711/1248 3265/713/1250
f 3353/715/1251 3352/713/1249 3265/713/1250 3246/715/1252
f 3354/717/1253 3353/715/1251 3246/715/1252 3247/717/1254
f 3355/719/1255 3354/717/1253 3247/717/1254 3248/719/1256
f 3356/840/1257 3355/719/1255 3248/719/1256 3249/721/1258
f 3357/723/1259 3356/840/1257 3249/721/1258 3250/723/1260
f 3358/841/1261 3357/723/1259 3250/723/1260 3251/725/1262
f 3359/727/1263 3358/841/1261 3251/725/1262 3252/727/1264
f 3360/729/1265 3359/727/1263 3252/727/1264 3253/729/1266
f 3361/731/1267 3360/729/1265 3253/729/1266 3254/731/1268
f 3362/733/1269 3361/731/1267 3254/731/1268 3255/733/1270
f 3363/735/1271 3362/733/1269 3255/733/1270 3256/735/1272
f 3364/698/1154 3363/735/1271 3256/735/1272 3257/698/1273
f 3365/699/1156 3364/698/1154 3257/698/1273 3258/699/1274
f 3366/701/1275 3365/699/1156 3258/699/1274 3259/701/1276
f 3347/703/1240 3366/701/1275 3259/701/1276 3260/703/1241
f 3368/705/1162 3367/703/1160 3739/842/1160 3740/843/1162
f 3369/707/1164 3368/705/1162 3740/843/1162 3741/844/1243
f 3370/709/1166 3369/707/1164 3741/844/1243 3742/709/1277
f 3371/829/1168 3370/709/1166 3742/709/1277 3743/829/1168
f 3372/713/1170 3371/829/1168 3743/829/1168 3744/845/1170
f 3373/827/1133 3372/713/1170 3744/845/1170 3745/827/1278
f 3374/717/1134 3373/827/1133 3745/827/1278 3746/717/1279
f 3375/719/1136 3374/717/1134 3746/717/1279 3727/846/1136
f 3376/721/1138 3375/719/1136 3727/846/1136 3728/847/1257
f 3377/723/1140 3376/721/1138 3728/847/1257 3729/848/1259
f 3378/725/1142 3377/723/1140 3729/848/1259 3730/849/1261
f 3379/727/1144 3378/725/1142 3730/849/1261 3731/850/1280
f 3380/729/1146 3379/727/1144 3731/850/1280 3732/729/1281
f 3381/731/1148 3380/729/1146 3732/729/1281 3733/731/1267
f 3382/828/1150 3381/731/1148 3733/731/1267 3734/851/1150
f 3383/735/1152 3382/828/1150 3734/851/1150 3735/735/1282
f 3384/698/1154 3383/735/1152 3735/735/1282 3736/698/1154
f 3385/699/1156 3384/698/1154 3736/698/1154 3737/852/1283
f 3386/701/1158 3385/699/1156 3737/852/1283 3738/853/1158
f 3367/703/1160 3386/701/1158 3738/853/1158 3739/842/1160
f 3388/854/1284 3387/703/1240 3347/703/1240 3348/705/1239
f 3389/707/1243 3388/854/1284 3348/705/1239 3349/707/1243
f 3390/855/1166 3389/707/1243 3349/707/1243 3350/709/1245
f 3391/829/1247 3390/855/1166 3350/709/1245 3351/711/1247
f 3392/856/1249 3391/829/1247 3351/711/1247 3352/713/1249
f 3393/827/1285 3392/856/1249 3352/713/1249 3353/715/1251
f 3394/857/1253 3393/827/1285 3353/715/1251 3354/717/1253
f 3395/719/1255 3394/857/1253 3354/717/1253 3355/719/1255
f 3396/840/1257 3395/719/1255 3355/719/1255 3356/840/1257
f 3397/723/1140 3396/840/1257 3356/840/1257 3357/723/1259
f 3398/841/1286 3397/723/1140 3357/723/1259 3358/841/1261
f 3399/727/1263 3398/841/1286 3358/841/1261 3359/727/1263
f 3400/858/1265 3399/727/1263 3359/727/1263 3360/729/1265
f 3401/859/1267 3400/858/1265 3360/729/1265 3361/731/1267
f 3402/860/1269 3401/859/1267 3361/731/1267 3362/733/1269
f 3403/735/1282 3402/860/1269 3362/733/1269 3363/735/1271
f 3404/861/1154 3403/735/1282 3363/735/1271 3364/698/1154
f 3405/699/1156 3404/861/1154 3364/698/1154 3365/699/1156
f 3406/862/1275 3405/699/1156 3365/699/1156 3366/701/1275
f 3387/703/1240 3406/862/1275 3366/701/1275 3347/703/1240
f 3408/626/1200 3407/628/1202 3282/628/1287 3281/626/1288
f 3409/836/1198 3408/626/1200 3281/626/1288 3280/624/1289
f 3410/835/1196 3409/836/1198 3280/624/1289 3279/622/1290
f 3411/620/1194 3410/835/1196 3279/622/1290 3278/620/1291
f 3412/618/1192 3411/620/1194 3278/620/1291 3277/618/1292
f 3413/616/1190 3412/618/1192 3277/618/1292 3276/616/1293
f 3414/834/1188 3413/616/1190 3276/616/1293 3275/615/1294
f 3415/652/1186 3414/834/1188 3275/615/1294 3274/652/1295
f 3416/833/1184 3415/652/1186 3274/652/1295 3273/650/1296
f 3417/832/1182 3416/833/1184 3273/650/1296 3272/648/1297
f 3418/646/1180 3417/832/1182 3272/648/1297 3271/646/1298
f 3419/644/1178 3418/646/1180 3271/646/1298 3270/644/1299
f 3420/831/1176 3419/644/1178 3270/644/1299 3269/642/1300
f 3421/640/1173 3420/831/1176 3269/642/1300 3267/640/1301
f 3422/830/1174 3421/640/1173 3267/640/1301 3266/638/1302
f 3423/636/1210 3422/830/1174 3266/638/1302 3286/636/1303
f 3424/838/1208 3423/636/1210 3286/636/1303 3285/634/1304
f 3425/632/1206 3424/838/1208 3285/634/1304 3284/632/1305
f 3426/837/1204 3425/632/1206 3284/632/1305 3283/630/1306
f 3407/628/1202 3426/837/1204 3283/630/1306 3282/628/1287
f 3428/863/1123 3427/864/1121 3240/626/1307 3239/624/1308
f 3429/865/1125 3428/863/1123 3239/624/1308 3238/622/1309
f 3430/866/1127 3429/865/1125 3238/622/1309 3237/620/1310
f 3431/867/1128 3430/866/1127 3237/620/1310 3236/618/1128
f 3432/868/1130 3431/867/1128 3236/618/1128 3235/616/1311
f 3433/869/1096 3432/868/1130 3235/616/1311 3234/615/1312
f 3434/870/1313 3433/869/1096 3234/615/1312 3233/652/1314
f 3435/871/1315 3434/870/1313 3233/652/1314 3232/650/1316
f 3436/872/1100 3435/871/1315 3232/650/1316 3231/648/1317
f 3437/873/1102 3436/872/1100 3231/648/1317 3230/646/1318
f 3438/874/1104 3437/873/1102 3230/646/1318 3229/644/1319
f 3439/875/1106 3438/874/1104 3229/644/1319 3228/642/1320
f 3440/876/1321 3439/875/1106 3228/642/1320 3227/640/1322
f 3441/877/1110 3440/876/1321 3227/640/1322 3226/638/1323
f 3442/878/1112 3441/877/1110 3226/638/1323 3245/636/1324
f 3443/879/1114 3442/878/1112 3245/636/1324 3244/634/1325
f 3444/880/1116 3443/879/1114 3244/634/1325 3243/632/1326
f 3445/881/1118 3444/880/1116 3243/632/1326 3242/630/1327
f 3446/882/1119 3445/881/1118 3242/630/1327 3241/628/1119
f 3427/864/1121 3446/882/1119 3241/628/1119 3240/626/1307
f 3448/822/1123 3447/821/1121 3427/864/1121 3428/863/1123
f 3449/823/1125 3448/822/1123 3428/863/1123 3429/865/1125
f 3450/824/1127 3449/823/1125 3429/865/1125 3430/866/1127
f 3451/825/1128 3450/824/1127 3430/866/1127 3431/867/1128
f 3452/826/1130 3451/825/1128 3431/867/1128 3432/868/1130
f 3453/807/1096 3452/826/1130 3432/868/1130 3433/869/1096
f 3454/808/1097 3453/807/1096 3433/869/1096 3434/870/1313
f 3455/809/1099 3454/808/1097 3434/870/1313 3435/871/1315
f 3456/810/1100 3455/809/1099 3435/871/1315 3436/872/1100
f 3457/811/1102 3456/810/1100 3436/872/1100 3437/873/1102
f 3458/812/1104 3457/811/1102 3437/873/1102 3438/874/1104
f 3459/813/1106 3458/812/1104 3438/874/1104 3439/875/1106
f 3460/814/1108 3459/813/1106 3439/875/1106 3440/876/1321
f 3461/815/1110 3460/814/1108 3440/876/1321 3441/877/1110
f 3462/816/1112 3461/815/1110 3441/877/1110 3442/878/1112
f 3463/817/1114 3462/816/1112 3442/878/1112 3443/879/1114
f 3464/818/1116 3463/817/1114 3443/879/1114 3444/880/1116
f 3465/819/1118 3464/818/1116 3444/880/1116 3445/881/1118
f 3466/820/1119 3465/819/1118 3445/881/1118 3446/882/1119
f 3447/821/1121 3466/820/1119 3446/882/1119 3427/864/1121
f 3657/783/1030 3468/783/1030 3467/762/1027 3656/762/1027
f 3658/766/1033 3469/784/1033 3468/783/1030 3657/783/1030
f 3659/768/1036 3470/768/1036 3469/784/1033 3658/766/1033
f 3660/770/1039 3471/785/1039 3470/768/1036 3659/768/1036
f 3661/772/1042 3472/772/1042 3471/785/1039 3660/770/1039
f 3473/774/1046 3472/772/1042 3661/772/1042 3662/786/1046
f 3663/737/1048 3474/737/1048 3473/774/1046 3662/786/1046
f 3664/736/1051 3475/736/1051 3474/737/1048 3663/737/1048
f 3665/740/997 3476/740/997 3475/736/1051 3664/736/1051
f 3666/742/994 3477/742/994 3476/740/997 3665/740/997
f 3666/742/994 3647/744/1000 3478/744/1000 3477/742/994
f 3648/746/1003 3479/746/1003 3478/744/1000 3647/744/1000
f 3649/777/1006 3480/777/1006 3479/746/1003 3648/746/1003
f 3650/750/1009 3481/781/1009 3480/777/1006 3649/777/1006
f 3651/778/1012 3482/778/1012 3481/781/1009 3650/750/1009
f 3652/754/1015 3483/754/1015 3482/778/1012 3651/778/1012
f 3653/756/1018 3484/756/1018 3483/754/1015 3652/754/1015
f 3654/779/1021 3485/758/1021 3484/756/1018 3653/756/1018
f 3655/760/1024 3486/760/1024 3485/758/1021 3654/779/1021
f 3656/762/1027 3467/762/1027 3486/760/1024 3655/760/1024
f 3488/764/823 3487/762/825 3636/762/825 3637/764/823
f 3489/766/1228 3488/764/823 3637/764/823 3638/766/1228
f 3490/768/1230 3489/766/1228 3638/766/1228 3639/768/1230
f 3491/770/1232 3490/768/1230 3639/768/1230 3640/770/1232
f 3492/839/855 3491/770/1232 3640/770/1232 3641/839/855
f 3642/774/1235 3493/774/1235 3492/839/855 3641/839/855
f 3494/737/851 3493/774/1235 3642/774/1235 3643/737/851
f 3495/736/849 3494/737/851 3643/737/851 3644/736/849
f 3496/740/847 3495/736/849 3644/736/849 3645/740/847
f 3497/742/845 3496/740/847 3645/740/847 3646/742/845
f 3498/744/843 3497/742/845 3646/742/845 3627/744/843
f 3499/746/1215 3498/744/843 3627/744/843 3628/746/841
f 3500/777/839 3499/746/1215 3628/746/841 3629/777/839
f 3501/750/1218 3500/777/839 3629/777/839 3630/750/1218
f 3502/778/835 3501/750/1218 3630/750/1218 3631/778/835
f 3503/754/833 3502/778/835 3631/778/835 3632/754/833
f 3504/756/831 3503/754/833 3632/754/833 3633/756/831
f 3505/758/1223 3504/756/831 3633/756/831 3634/758/1223
f 3506/760/827 3505/758/1223 3634/758/1223 3635/760/827
f 3487/762/825 3506/760/827 3635/760/827 3636/762/825
f 3508/777/930 3507/746/929 3290/746/1214 3291/748/1216
f 3509/750/931 3508/777/930 3291/748/1216 3292/750/1217
f 3510/778/933 3509/750/931 3292/750/1217 3293/752/1219
f 3511/754/934 3510/778/933 3293/752/1219 3294/754/1220
f 3512/756/936 3511/754/934 3294/754/1220 3295/756/1221
f 3513/779/937 3512/756/936 3295/756/1221 3296/758/1222
f 3514/760/939 3513/779/937 3296/758/1222 3297/760/1224
f 3515/762/941 3514/760/939 3297/760/1224 3298/762/1225
f 3516/764/943 3515/762/941 3298/762/1225 3299/764/1226
f 3517/766/945 3516/764/943 3299/764/1226 3300/766/1227
f 3518/768/946 3517/766/945 3300/766/1227 3301/768/1229
f 3519/770/947 3518/768/946 3301/768/1229 3302/770/1231
f 3520/772/949 3519/770/947 3302/770/1231 3303/772/1233
f 3521/780/951 3520/772/949 3303/772/1233 3304/774/1234
f 3522/776/922 3521/780/951 3304/774/1234 3305/776/1236
f 3523/736/923 3522/776/922 3305/776/1236 3306/736/1237
f 3524/740/924 3523/736/923 3306/736/1237 3287/740/1212
f 3525/742/926 3524/740/924 3287/740/1212 3288/742/1211
f 3526/744/928 3525/742/926 3288/742/1211 3289/744/1213
f 3507/746/929 3526/744/928 3289/744/1213 3290/746/1214
f 3528/777/839 3527/746/1215 3310/746/1215 3311/777/839
f 3529/750/1218 3528/777/839 3311/777/839 3312/750/1218
f 3530/778/835 3529/750/1218 3312/750/1218 3313/778/835
f 3531/754/833 3530/778/835 3313/778/835 3314/754/833
f 3532/756/831 3531/754/833 3314/754/833 3315/756/831
f 3533/758/1223 3532/756/831 3315/756/831 3316/758/1223
f 3534/760/827 3533/758/1223 3316/758/1223 3317/760/827
f 3535/762/825 3534/760/827 3317/760/827 3318/762/825
f 3536/764/823 3535/762/825 3318/762/825 3319/764/823
f 3537/766/1228 3536/764/823 3319/764/823 3320/766/1228
f 3538/768/1230 3537/766/1228 3320/766/1228 3321/768/1230
f 3539/770/1232 3538/768/1230 3321/768/1230 3322/770/1232
f 3540/772/855 3539/770/1232 3322/770/1232 3323/772/855
f 3541/774/1235 3540/772/855 3323/772/855 3324/774/1235
f 3542/776/851 3541/774/1235 3324/774/1235 3325/776/851
f 3543/736/849 3542/776/851 3325/776/851 3326/736/849
f 3544/740/847 3543/736/849 3326/736/849 3307/740/847
f 3545/742/845 3544/740/847 3307/740/847 3308/742/845
f 3546/744/843 3545/742/845 3308/742/845 3309/744/1238
f 3527/746/1215 3546/744/843 3309/744/1238 3310/746/1215
f 3548/883/839 3547/884/1215 3791/885/1328 3792/886/839
f 3549/887/1218 3548/883/839 3792/886/839 3793/888/1218
f 3550/889/835 3549/887/1218 3793/888/1218 3794/890/835
f 3551/891/833 3550/889/835 3794/890/835 3795/892/1329
f 3552/893/1330 3551/891/833 3795/892/1329 3796/894/1331
f 3553/895/829 3552/893/1330 3796/894/1331 3797/896/1223
f 3554/897/827 3553/895/829 3797/896/1223 3798/898/1332
f 3555/899/825 3554/897/827 3798/898/1332 3799/900/825
f 3556/901/823 3555/899/825 3799/900/825 3800/902/1333
f 3557/903/1228 3556/901/823 3800/902/1333 3801/904/820
f 3558/905/1230 3557/903/1228 3801/904/820 3802/906/1334
f 3559/907/857 3558/908/1230 3802/909/1334 3803/910/1335
f 3560/911/855 3559/907/857 3803/910/1335 3804/912/855
f 3561/913/853 3560/911/855 3804/912/855 3805/914/1336
f 3562/915/851 3561/913/853 3805/914/1336 3806/916/1337
f 3563/917/849 3562/915/851 3806/916/1337 3787/918/849
f 3788/919/1338 3564/920/847 3563/917/849 3787/918/849
f 3565/921/845 3564/920/847 3788/919/1338 3789/922/845
f 3566/923/843 3565/921/845 3789/922/845 3790/924/1339
f 3547/884/1215 3566/923/843 3790/924/1339 3791/885/1328
f 3568/663/839 3567/664/841 3774/925/1215 3775/926/839
f 3569/662/837 3568/663/839 3775/926/839 3776/927/1218
f 3570/661/835 3569/662/837 3776/927/1218 3777/928/835
f 3571/660/833 3570/661/835 3777/928/835 3778/929/1340
f 3572/659/831 3571/660/833 3778/929/1340 3779/930/1330
f 3573/658/829 3572/659/831 3779/930/1330 3780/931/829
f 3574/657/827 3573/658/829 3780/931/829 3781/932/827
f 3575/656/825 3574/657/827 3781/932/827 3782/933/825
f 3576/655/823 3575/656/825 3782/933/825 3783/934/823
f 3577/653/820 3576/655/823 3783/934/823 3784/935/1228
f 3578/654/821 3577/653/820 3784/935/1228 3785/936/1230
f 3579/672/857 3578/673/821 3785/937/1230 3786/938/1232
f 3580/671/855 3579/672/857 3786/938/1232 3767/939/855
f 3581/670/853 3580/671/855 3767/939/855 3768/940/853
f 3582/669/851 3581/670/853 3768/940/853 3769/941/851
f 3583/668/849 3582/669/851 3769/941/851 3770/942/1341
f 3771/943/847 3584/667/847 3583/668/849 3770/942/1341
f 3585/666/845 3584/667/847 3771/943/847 3772/944/845
f 3586/665/843 3585/666/845 3772/944/845 3773/945/843
f 3567/664/841 3586/665/843 3773/945/843 3774/925/1215
f 3588/684/858 3587/685/858 3607/946/1342 3608/947/1343
f 3589/683/858 3588/684/858 3608/947/1343 3609/948/1344
f 3590/682/858 3589/683/858 3609/948/1344 3610/949/1345
f 3591/681/858 3590/682/858 3610/949/1345 3611/950/1346
f 3592/680/858 3591/681/858 3611/950/1346 3612/951/1347
f 3593/679/858 3592/680/858 3612/951/1347 3613/952/1348
f 3594/678/858 3593/679/858 3613/952/1348 3614/953/1349
f 3595/677/858 3594/678/858 3614/953/1349 3615/954/1350
f 3596/676/858 3595/677/858 3615/954/1350 3616/955/1351
f 3597/674/858 3596/676/858 3616/955/1351 3617/956/1352
f 3598/675/858 3597/674/858 3617/956/1352 3618/957/1353
f 3599/693/858 3598/675/858 3618/957/1353 3619/958/1354
f 3600/692/858 3599/693/858 3619/958/1354 3620/959/1355
f 3601/691/858 3600/692/858 3620/959/1355 3621/960/1356
f 3602/690/858 3601/691/858 3621/960/1356 3622/961/1357
f 3603/689/858 3602/690/858 3622/961/1357 3623/962/1358
f 3624/963/1359 3604/688/858 3603/689/858 3623/962/1358
f 3605/687/858 3604/688/858 3624/963/1359 3625/964/1360
f 3606/686/858 3605/687/858 3625/964/1360 3626/965/1361
f 3587/685/858 3606/686/858 3626/965/1361 3607/946/1342
f 3608/947/1343 3607/946/1342 3031/746/817 3032/748/817
f 3609/948/1344 3608/947/1343 3032/748/817 3033/750/817
f 3610/949/1345 3609/948/1344 3033/750/817 3034/752/817
f 3611/950/1346 3610/949/1345 3034/752/817 3035/754/817
f 3612/951/1347 3611/950/1346 3035/754/817 3036/756/817
f 3613/952/1348 3612/951/1347 3036/756/817 3037/758/817
f 3614/953/1349 3613/952/1348 3037/758/817 3038/760/817
f 3615/954/1350 3614/953/1349 3038/760/817 3039/762/817
f 3616/955/1351 3615/954/1350 3039/762/817 3040/764/817
f 3617/956/1352 3616/955/1351 3040/764/817 3041/766/817
f 3618/957/1353 3617/956/1352 3041/766/817 3042/768/817
f 3619/958/1354 3618/957/1353 3042/768/817 3043/770/817
f 3620/959/1355 3619/958/1354 3043/770/817 3044/772/817
f 3621/960/1356 3620/959/1355 3044/772/817 3045/774/817
f 3622/961/1357 3621/960/1356 3045/774/817 3026/737/817
f 3623/962/1358 3622/961/1357 3026/737/817 3027/736/817
f 3028/740/817 3624/963/1359 3623/962/1358 3027/736/817
f 3625/964/1360 3624/963/1359 3028/740/817 3029/742/817
f 3626/965/1361 3625/964/1360 3029/742/817 3030/744/817
f 3607/946/1342 3626/965/1361 3030/744/817 3031/746/817
f 3628/746/841 3627/744/843 3762/744/1362 3763/746/1215
f 3629/777/839 3628/746/841 3763/746/1215 3764/777/1363
f 3630/750/1218 3629/777/839 3764/777/1363 3765/750/1364
f 3631/778/835 3630/750/1218 3765/750/1364 3766/778/1365
f 3632/754/833 3631/778/835 3766/778/1365 3747/754/833
f 3633/756/831 3632/754/833 3747/754/833 3748/756/1330
f 3634/758/1223 3633/756/831 3748/756/1330 3749/758/1223
f 3635/760/827 3634/758/1223 3749/758/1223 3750/760/1332
f 3636/762/825 3635/760/827 3750/760/1332 3751/762/825
f 3637/764/823 3636/762/825 3751/762/825 3752/764/1366
f 3638/766/1228 3637/764/823 3752/764/1366 3753/766/1228
f 3639/768/1230 3638/766/1228 3753/766/1228 3754/768/1230
f 3640/770/1232 3639/768/1230 3754/768/1230 3755/770/1232
f 3641/839/855 3640/770/1232 3755/770/1232 3756/839/855
f 3757/774/853 3642/774/1235 3641/839/855 3756/839/855
f 3643/737/851 3642/774/1235 3757/774/853 3758/737/1367
f 3644/736/849 3643/737/851 3758/737/1367 3759/736/849
f 3645/740/847 3644/736/849 3759/736/849 3760/740/847
f 3646/742/845 3645/740/847 3760/740/847 3761/742/845
f 3627/744/843 3646/742/845 3761/742/845 3762/744/1362
f 3668/746/1003 3648/746/1003 3647/744/1000 3667/744/1000
f 3669/777/1006 3649/777/1006 3648/746/1003 3668/746/1003
f 3670/750/1009 3650/750/1009 3649/777/1006 3669/777/1006
f 3671/778/1012 3651/778/1012 3650/750/1009 3670/750/1009
f 3672/754/1015 3652/754/1015 3651/778/1012 3671/778/1012
f 3673/756/1018 3653/756/1018 3652/754/1015 3672/754/1015
f 3674/779/1021 3654/779/1021 3653/756/1018 3673/756/1018
f 3675/760/1024 3655/760/1024 3654/779/1021 3674/779/1021
f 3676/762/1027 3656/762/1027 3655/760/1024 3675/760/1024
f 3677/783/1030 3657/783/1030 3656/762/1027 3676/762/1027
f 3678/766/1033 3658/766/1033 3657/783/1030 3677/783/1030
f 3679/768/1036 3659/768/1036 3658/766/1033 3678/766/1033
f 3680/770/1039 3660/770/1039 3659/768/1036 3679/768/1036
f 3681/772/1042 3661/772/1042 3660/770/1039 3680/770/1039
f 3662/786/1046 3661/772/1042 3681/772/1042 3682/786/1046
f 3683/737/1048 3663/737/1048 3662/786/1046 3682/786/1046
f 3684/736/1051 3664/736/1051 3663/737/1048 3683/737/1048
f 3685/740/997 3665/740/997 3664/736/1051 3684/736/1051
f 3686/742/994 3666/742/994 3665/740/997 3685/740/997
f 3686/742/994 3667/744/1000 3647/744/1000 3666/742/994
f 3688/746/1003 3668/746/1003 3667/744/1000 3687/744/1000
f 3689/777/1006 3669/777/1006 3668/746/1003 3688/746/1003
f 3690/750/1009 3670/750/1009 3669/777/1006 3689/777/1006
f 3691/778/1368 3671/778/1012 3670/750/1009 3690/750/1009
f 3692/754/1369 3672/754/1015 3671/778/1012 3691/778/1368
f 3693/756/1018 3673/756/1018 3672/754/1015 3692/754/1369
f 3694/779/1370 3674/779/1021 3673/756/1018 3693/756/1018
f 3695/760/1024 3675/760/1024 3674/779/1021 3694/779/1370
f 3696/762/1027 3676/762/1027 3675/760/1024 3695/760/1024
f 3697/764/1030 3677/783/1030 3676/762/1027 3696/762/1027
f 3698/766/1033 3678/766/1033 3677/783/1030 3697/764/1030
f 3699/768/1036 3679/768/1036 3678/766/1033 3698/766/1033
f 3700/770/1039 3680/770/1039 3679/768/1036 3699/768/1036
f 3701/772/1042 3681/772/1042 3680/770/1039 3700/770/1039
f 3682/786/1046 3681/772/1042 3701/772/1042 3702/786/1371
f 3703/737/1048 3683/737/1048 3682/786/1046 3702/786/1371
f 3704/736/1051 3684/736/1051 3683/737/1048 3703/737/1048
f 3705/740/997 3685/740/997 3684/736/1051 3704/736/1051
f 3706/742/994 3686/742/994 3685/740/997 3705/740/997
f 3706/742/994 3687/744/1000 3667/744/1000 3686/742/994
f 3132/746/1372 3688/746/1003 3687/744/1000 3130/744/1373
f 3134/777/1374 3689/777/1006 3688/746/1003 3132/746/1372
f 3136/750/1375 3690/750/1009 3689/777/1006 3134/777/1374
f 3138/778/1376 3691/778/1368 3690/750/1009 3136/750/1375
f 3140/754/1377 3692/754/1369 3691/778/1368 3138/778/1376
f 3142/756/1378 3693/756/1018 3692/754/1369 3140/754/1377
f 3144/758/1379 3694/779/1370 3693/756/1018 3142/756/1378
f 3146/760/1380 3695/760/1024 3694/779/1370 3144/758/1379
f 3148/762/1381 3696/762/1027 3695/760/1024 3146/760/1380
f 3150/764/1382 3697/764/1030 3696/762/1027 3148/762/1381
f 3152/766/1383 3698/766/1033 3697/764/1030 3150/764/1382
f 3154/768/1384 3699/768/1036 3698/766/1033 3152/766/1383
f 3156/770/1385 3700/770/1039 3699/768/1036 3154/768/1384
f 3158/772/1386 3701/772/1042 3700/770/1039 3156/770/1385
f 3702/786/1371 3701/772/1042 3158/772/1386 3160/774/1387
f 3162/737/1388 3703/737/1048 3702/786/1371 3160/774/1387
f 3164/736/1389 3704/736/1051 3703/737/1048 3162/737/1388
f 3126/740/1390 3705/740/997 3704/736/1051 3164/736/1389
f 3127/742/1391 3706/742/994 3705/740/997 3126/740/1390
f 3130/744/1373 3687/744/1000 3706/742/994 3127/742/1391
f 3708/806/1093 3707/805/1092 3055/714/1392 3056/716/1393
f 3709/787/1074 3708/806/1093 3056/716/1393 3057/718/1394
f 3710/788/1075 3709/787/1074 3057/718/1394 3058/720/1075
f 3711/789/1076 3710/788/1075 3058/720/1075 3059/722/1076
f 3712/790/1077 3711/789/1076 3059/722/1076 3060/724/1395
f 3713/791/1078 3712/790/1077 3060/724/1395 3061/726/1396
f 3714/792/1079 3713/791/1078 3061/726/1396 3062/728/1397
f 3715/793/1080 3714/792/1079 3062/728/1397 3063/730/1398
f 3716/794/1081 3715/793/1080 3063/730/1398 3064/732/1399
f 3717/795/1082 3716/794/1081 3064/732/1399 3065/734/1400
f 3718/796/1083 3717/795/1082 3065/734/1400 3046/697/1401
f 3719/797/1084 3718/796/1083 3046/697/1401 3047/696/1402
f 3720/798/1085 3719/797/1084 3047/696/1402 3048/700/1403
f 3721/799/1086 3720/798/1085 3048/700/1403 3049/702/1404
f 3722/800/1087 3721/799/1086 3049/702/1404 3050/704/1405
f 3723/801/1088 3722/800/1087 3050/704/1405 3051/706/1406
f 3724/802/1089 3723/801/1088 3051/706/1406 3052/708/1407
f 3725/803/1090 3724/802/1089 3052/708/1407 3053/710/1408
f 3726/804/1091 3725/803/1090 3053/710/1408 3054/712/1409
f 3707/805/1092 3726/804/1091 3054/712/1409 3055/714/1392
f 3728/847/1257 3727/846/1136 3395/719/1255 3396/840/1257
f 3729/848/1259 3728/847/1257 3396/840/1257 3397/723/1140
f 3730/849/1261 3729/848/1259 3397/723/1140 3398/841/1286
f 3731/850/1280 3730/849/1261 3398/841/1286 3399/727/1263
f 3732/729/1281 3731/850/1280 3399/727/1263 3400/858/1265
f 3733/731/1267 3732/729/1281 3400/858/1265 3401/859/1267
f 3734/851/1150 3733/731/1267 3401/859/1267 3402/860/1269
f 3735/735/1282 3734/851/1150 3402/860/1269 3403/735/1282
f 3736/698/1154 3735/735/1282 3403/735/1282 3404/861/1154
f 3737/852/1283 3736/698/1154 3404/861/1154 3405/699/1156
f 3738/853/1158 3737/852/1283 3405/699/1156 3406/862/1275
f 3739/842/1160 3738/853/1158 3406/862/1275 3387/703/1240
f 3740/843/1162 3739/842/1160 3387/703/1240 3388/854/1284
f 3741/844/1243 3740/843/1162 3388/854/1284 3389/707/1243
f 3742/709/1277 3741/844/1243 3389/707/1243 3390/855/1166
f 3743/829/1168 3742/709/1277 3390/855/1166 3391/829/1247
f 3744/845/1170 3743/829/1168 3391/829/1247 3392/856/1249
f 3745/827/1278 3744/845/1170 3392/856/1249 3393/827/1285
f 3746/717/1279 3745/827/1278 3393/827/1285 3394/857/1253
f 3727/846/1136 3746/717/1279 3394/857/1253 3395/719/1255
f 3748/756/1330 3747/754/833 3113/754/1410 3114/756/1411
f 3749/758/1223 3748/756/1330 3114/756/1411 3115/758/982
f 3750/760/1332 3749/758/1223 3115/758/982 3116/760/1412
f 3751/762/825 3750/760/1332 3116/760/1412 3117/762/984
f 3752/764/1366 3751/762/825 3117/762/984 3118/764/985
f 3753/766/1228 3752/764/1366 3118/764/985 3119/766/1413
f 3754/768/1230 3753/766/1228 3119/766/1413 3120/768/987
f 3755/770/1232 3754/768/1230 3120/768/987 3121/770/1414
f 3756/839/855 3755/770/1232 3121/770/1414 3122/772/989
f 3123/774/1415 3757/774/853 3756/839/855 3122/772/989
f 3758/737/1367 3757/774/853 3123/774/1415 3124/737/1416
f 3759/736/849 3758/737/1367 3124/737/1416 3125/736/1417
f 3760/740/847 3759/736/849 3125/736/1417 3106/740/1418
f 3761/742/845 3760/740/847 3106/740/1418 3107/742/973
f 3762/744/1362 3761/742/845 3107/742/973 3108/744/1419
f 3763/746/1215 3762/744/1362 3108/744/1419 3109/746/1420
f 3764/777/1363 3763/746/1215 3109/746/1420 3110/777/1421
f 3765/750/1364 3764/777/1363 3110/777/1421 3111/750/978
f 3766/778/1365 3765/750/1364 3111/750/978 3112/778/1422
f 3747/754/833 3766/778/1365 3112/778/1422 3113/754/1410
f 3768/940/853 3767/939/855 3560/911/855 3561/913/853
f 3769/941/851 3768/940/853 3561/913/853 3562/915/851
f 3770/942/1341 3769/941/851 3562/915/851 3563/917/849
f 3564/920/847 3771/943/847 3770/942/1341 3563/917/849
f 3772/944/845 3771/943/847 3564/920/847 3565/921/845
f 3773/945/843 3772/944/845 3565/921/845 3566/923/843
f 3774/925/1215 3773/945/843 3566/923/843 3547/884/1215
f 3775/926/839 3774/925/1215 3547/884/1215 3548/883/839
f 3776/927/1218 3775/926/839 3548/883/839 3549/887/1218
f 3777/928/835 3776/927/1218 3549/887/1218 3550/889/835
f 3778/929/1340 3777/928/835 3550/889/835 3551/891/833
f 3779/930/1330 3778/929/1340 3551/891/833 3552/893/1330
f 3780/931/829 3779/930/1330 3552/893/1330 3553/895/829
f 3781/932/827 3780/931/829 3553/895/829 3554/897/827
f 3782/933/825 3781/932/827 3554/897/827 3555/899/825
f 3783/934/823 3782/933/825 3555/899/825 3556/901/823
f 3784/935/1228 3783/934/823 3556/901/823 3557/903/1228
f 3785/936/1230 3784/935/1228 3557/903/1228 3558/905/1230
f 3786/938/1232 3785/937/1230 3558/908/1230 3559/907/857
f 3767/939/855 3786/938/1232 3559/907/857 3560/911/855
f 3019/472/1423 3788/919/1338 3787/918/849 3020/471/993
f 3789/922/845 3788/919/1338 3019/472/1423 3018/474/973
f 3790/924/1339 3789/922/845 3018/474/973 3017/476/1424
f 3791/885/1328 3790/924/1339 3017/476/1424 3016/478/1425
f 3792/886/839 3791/885/1328 3016/478/1425 3015/480/1426
f 3793/888/1218 3792/886/839 3015/480/1426 3014/482/978
f 3794/890/835 3793/888/1218 3014/482/978 3013/484/1427
f 3795/892/1329 3794/890/835 3013/484/1427 3012/486/1428
f 3796/894/1331 3795/892/1329 3012/486/1428 3011/488/1429
f 3797/896/1223 3796/894/1331 3011/488/1429 3010/490/1430
f 3798/898/1332 3797/896/1223 3010/490/1430 3009/492/1431
f 3799/900/825 3798/898/1332 3009/492/1431 3008/494/1432
f 3800/902/1333 3799/900/825 3008/494/1432 3007/496/1433
f 3801/904/820 3800/902/1333 3007/496/1433 3006/498/1434
f 3802/906/1334 3801/904/820 3006/498/1434 3005/500/1435
f 3803/910/1335 3802/909/1334 3005/503/1435 3024/504/988
f 3804/912/855 3803/910/1335 3024/504/988 3023/506/1436
f 3805/914/1336 3804/912/855 3023/506/1436 3022/508/1437
f 3806/916/1337 3805/914/1336 3022/508/1437 3021/510/1438
f 3787/918/849 3806/916/1337 3021/510/1438 3020/471/993
f 3807/327/817 3808/328/817 4017/329/817 4018/330/817
f 3808/328/817 3809/331/817 4016/332/817 4017/329/817
f 3809/331/817 3810/333/817 4015/334/817 4016/332/817
f 3810/333/817 3811/335/817 4014/336/817 4015/334/817
f 3811/335/817 3812/337/817 4013/338/817 4014/336/817
f 3812/337/817 3813/339/817 4012/340/817 4013/338/817
f 3813/339/817 3814/341/817 4011/342/817 4012/340/817
f 3814/341/817 3815/343/817 4010/344/817 4011/342/817
f 3815/343/817 3816/345/817 4009/346/817 4010/344/817
f 3816/345/817 3817/347/817 4008/348/817 4009/346/817
f 3817/347/817 3818/349/817 4007/350/817 4008/348/817
f 3818/349/817 3819/351/817 4026/352/817 4007/350/817
f 3819/351/817 3820/353/817 4025/354/817 4026/352/817
f 3820/353/817 3821/355/817 4024/356/817 4025/354/817
f 3821/355/817 3822/357/817 4023/358/817 4024/356/817
f 3822/357/817 3823/359/817 4022/360/817 4023/358/817
f 3823/359/817 3824/361/817 4021/362/817 4022/360/817
f 3824/361/817 3825/363/817 4020/364/817 4021/362/817
f 3825/363/817 3826/365/817 4019/366/817 4020/364/817
f 3826/365/817 3807/327/817 4018/330/817 4019/366/817
f 3827/367/818 3828/368/944 3921/369/820 3922/370/1230
f 3828/368/944 3829/371/942 3920/372/1333 3921/369/820
f 3829/371/942 3830/373/940 3919/374/825 3920/372/1333
f 3830/373/940 3831/375/938 3918/376/827 3919/374/825
f 3831/375/938 3832/377/828 3917/378/829 3918/376/827
f 3832/377/828 3833/379/1439 3916/380/1330 3917/378/829
f 3833/379/1439 3834/381/832 3915/382/833 3916/380/1330
f 3834/381/832 3835/383/932 3914/384/835 3915/382/833
f 3835/383/932 3836/385/836 3913/386/1364 3914/384/835
f 3836/385/836 3837/387/1440 3912/388/839 3913/386/1364
f 3837/387/1440 3838/389/840 3911/390/841 3912/388/839
f 3838/389/840 3839/391/927 3910/392/1339 3911/390/841
f 3839/391/927 3840/393/844 3909/394/845 3910/392/1339
f 3840/393/844 3841/395/846 3908/396/847 3909/394/845
f 3841/395/846 3842/397/848 3907/398/849 3908/396/847
f 3842/397/848 3843/399/991 3926/400/851 3907/398/849
f 3843/399/991 3844/401/1441 3925/402/1235 3926/400/851
f 3844/401/1441 3845/403/948 3924/404/855 3925/402/1235
f 3845/403/948 3846/405/1442 3923/406/1335 3924/404/855
f 3846/405/1442 3827/407/818 3922/408/1230 3923/406/1335
f 3847/409/858 3848/410/858 3980/411/858 3981/412/858
f 3848/410/858 3849/413/858 3979/414/858 3980/411/858
f 3849/413/858 3850/415/880 3978/416/880 3979/414/858
f 3850/415/880 3851/417/880 3977/418/858 3978/416/880
f 3851/417/880 3852/419/858 3976/420/858 3977/418/858
f 3852/419/858 3853/421/858 3975/422/858 3976/420/858
f 3853/421/858 3854/423/858 3974/424/858 3975/422/858
f 3854/423/858 3855/425/1443 3973/426/881 3974/424/858
f 3855/425/1443 3856/427/881 3972/428/880 3973/426/881
f 3856/427/881 3857/429/880 3971/430/880 3972/428/880
f 3857/429/880 3858/431/858 3970/432/858 3971/430/880
f 3858/431/858 3859/433/858 3969/434/858 3970/432/858
f 3859/433/858 3860/435/879 3968/436/858 3969/434/858
f 3860/435/879 3861/437/858 3967/438/858 3968/436/858
f 3861/437/858 3862/439/858 3986/440/858 3967/438/858
f 3862/439/858 3863/441/1443 3985/442/881 3986/440/858
f 3863/441/1443 3864/443/858 3984/444/858 3985/442/881
f 3864/443/858 3865/445/1444 3983/446/858 3984/444/858
f 3865/445/1444 3866/447/858 3982/448/858 3983/446/858
f 3866/447/858 3847/409/858 3981/412/858 3982/448/858
f 3808/328/1445 3807/327/1445 3867/638/1445 3868/640/1445
f 3807/327/1446 3826/365/1446 3886/636/1446 3867/638/1446
f 3826/365/1447 3825/363/1447 3885/634/1447 3886/636/1447
f 3825/363/1448 3824/361/1448 3884/632/1448 3885/634/1448
f 3824/361/1449 3823/359/1449 3883/630/1449 3884/632/1449
f 3823/359/1450 3822/357/1450 3882/628/1450 3883/630/1450
f 3822/357/1451 3821/355/1451 3881/626/1451 3882/628/1451
f 3821/355/1452 3820/353/1452 3880/624/1452 3881/626/1452
f 3820/353/1453 3819/351/1453 3879/622/1453 3880/624/1453
f 3819/351/1454 3818/349/1454 3878/620/1454 3879/622/1454
f 3818/349/1455 3817/347/1455 3877/618/1455 3878/620/1455
f 3817/347/1456 3816/345/1456 3876/616/1456 3877/618/1456
f 3816/345/1457 3815/343/1457 3875/615/1457 3876/616/1457
f 3815/343/1458 3814/341/1458 3874/652/1458 3875/615/1458
f 3814/341/1459 3813/339/1459 3873/650/1459 3874/652/1459
f 3813/339/1460 3812/337/1460 3872/648/1460 3873/650/1460
f 3812/337/1461 3811/335/1461 3871/646/1461 3872/648/1461
f 3811/335/1462 3810/333/1462 3870/644/1462 3871/646/1462
f 3810/333/1463 3809/331/1463 3869/642/1463 3870/644/1463
f 3809/331/1464 3808/328/1464 3868/640/1464 3869/642/1464
f 3888/469/847 3887/470/1341 3862/471/993 3861/472/1465
f 3889/473/845 3888/469/847 3861/472/1465 3860/474/1466
f 3890/475/843 3889/473/845 3860/474/1466 3859/476/975
f 3891/477/1215 3890/475/843 3859/476/975 3858/478/976
f 3892/479/839 3891/477/1215 3858/478/976 3857/480/977
f 3893/481/1364 3892/479/839 3857/480/977 3856/482/978
f 3894/483/835 3893/481/1364 3856/482/978 3855/484/1467
f 3895/485/1340 3894/483/835 3855/484/1467 3854/486/980
f 3896/487/1330 3895/485/1340 3854/486/980 3853/488/1468
f 3897/489/1223 3896/487/1330 3853/488/1468 3852/490/1469
f 3898/491/827 3897/489/1223 3852/490/1469 3851/492/983
f 3899/493/825 3898/491/827 3851/492/983 3850/494/984
f 3900/495/1470 3899/493/825 3850/494/984 3849/496/985
f 3901/497/1228 3900/495/1470 3849/496/985 3848/498/986
f 3902/499/1230 3901/497/1228 3848/498/986 3847/500/987
f 3903/501/1232 3902/502/1230 3847/503/987 3866/504/988
f 3904/505/855 3903/501/1232 3866/504/988 3865/506/1436
f 3905/507/1235 3904/505/855 3865/506/1436 3864/508/1471
f 3906/509/1367 3905/507/1235 3864/508/1471 3863/510/992
f 3887/470/1341 3906/509/1367 3863/510/992 3862/471/993
f 3908/396/847 3907/398/849 3927/511/849 3928/512/847
f 3909/394/845 3908/396/847 3928/512/847 3929/513/845
f 3910/392/1339 3909/394/845 3929/513/845 3930/514/843
f 3911/390/841 3910/392/1339 3930/514/843 3931/515/1215
f 3912/388/839 3911/390/841 3931/515/1215 3932/516/839
f 3913/386/1364 3912/388/839 3932/516/839 3933/517/1218
f 3914/384/835 3913/386/1364 3933/517/1218 3934/518/835
f 3915/382/833 3914/384/835 3934/518/835 3935/519/833
f 3916/380/1330 3915/382/833 3935/519/833 3936/520/831
f 3917/378/829 3916/380/1330 3936/520/831 3937/521/1223
f 3918/376/827 3917/378/829 3937/521/1223 3938/522/827
f 3919/374/825 3918/376/827 3938/522/827 3939/523/825
f 3920/372/1333 3919/374/825 3939/523/825 3940/524/823
f 3921/369/820 3920/372/1333 3940/524/823 3941/525/820
f 3922/370/1230 3921/369/820 3941/525/820 3942/526/1230
f 3923/406/1335 3922/408/1230 3942/527/1230 3943/528/1232
f 3924/404/855 3923/406/1335 3943/528/1232 3944/529/855
f 3925/402/1235 3924/404/855 3944/529/855 3945/530/1235
f 3926/400/851 3925/402/1235 3945/530/1235 3946/531/851
f 3907/398/849 3926/400/851 3946/531/851 3927/511/849
f 3928/512/847 3927/511/849 3947/532/849 3948/533/847
f 3929/513/845 3928/512/847 3948/533/847 3949/534/845
f 3930/514/843 3929/513/845 3949/534/845 3950/535/843
f 3931/515/1215 3930/514/843 3950/535/843 3951/536/841
f 3932/516/839 3931/515/1215 3951/536/841 3952/537/839
f 3933/517/1218 3932/516/839 3952/537/839 3953/538/1218
f 3934/518/835 3933/517/1218 3953/538/1218 3954/539/835
f 3935/519/833 3934/518/835 3954/539/835 3955/540/833
f 3936/520/831 3935/519/833 3955/540/833 3956/541/831
f 3937/521/1223 3936/520/831 3956/541/831 3957/542/1223
f 3938/522/827 3937/521/1223 3957/542/1223 3958/543/827
f 3939/523/825 3938/522/827 3958/543/827 3959/544/825
f 3940/524/823 3939/523/825 3959/544/825 3960/545/823
f 3941/525/820 3940/524/823 3960/545/823 3961/546/1228
f 3942/526/1230 3941/525/820 3961/546/1228 3962/547/1230
f 3943/528/1232 3942/527/1230 3962/548/1230 3963/549/1232
f 3944/529/855 3943/528/1232 3963/549/1232 3964/550/855
f 3945/530/1235 3944/529/855 3964/550/855 3965/551/1235
f 3946/531/851 3945/530/1235 3965/551/1235 3966/552/851
f 3927/511/849 3946/531/851 3966/552/851 3947/532/849
f 3948/533/847 3947/532/849 3887/470/1341 3888/469/847
f 3949/534/845 3948/533/847 3888/469/847 3889/473/845
f 3950/535/843 3949/534/845 3889/473/845 3890/475/843
f 3951/536/841 3950/535/843 3890/475/843 3891/477/1215
f 3952/537/839 3951/536/841 3891/477/1215 3892/479/839
f 3953/538/1218 3952/537/839 3892/479/839 3893/481/1364
f 3954/539/835 3953/538/1218 3893/481/1364 3894/483/835
f 3955/540/833 3954/539/835 3894/483/835 3895/485/1340
f 3956/541/831 3955/540/833 3895/485/1340 3896/487/1330
f 3957/542/1223 3956/541/831 3896/487/1330 3897/489/1223
f 3958/543/827 3957/542/1223 3897/489/1223 3898/491/827
f 3959/544/825 3958/543/827 3898/491/827 3899/493/825
f 3960/545/823 3959/544/825 3899/493/825 3900/495/1470
f 3961/546/1228 3960/545/823 3900/495/1470 3901/497/1228
f 3962/547/1230 3961/546/1228 3901/497/1228 3902/499/1230
f 3963/549/1232 3962/548/1230 3902/502/1230 3903/501/1232
f 3964/550/855 3963/549/1232 3903/501/1232 3904/505/855
f 3965/551/1235 3964/550/855 3904/505/855 3905/507/1235
f 3966/552/851 3965/551/1235 3905/507/1235 3906/509/1367
f 3947/532/849 3966/552/851 3906/509/1367 3887/470/1341
f 3968/436/858 3967/438/858 3881/626/858 3880/624/858
f 3969/434/858 3968/436/858 3880/624/858 3879/622/858
f 3970/432/858 3969/434/858 3879/622/858 3878/620/858
f 3971/430/880 3970/432/858 3878/620/858 3877/618/858
f 3972/428/880 3971/430/880 3877/618/858 3876/616/858
f 3973/426/881 3972/428/880 3876/616/858 3875/615/858
f 3974/424/858 3973/426/881 3875/615/858 3874/652/858
f 3975/422/858 3974/424/858 3874/652/858 3873/650/858
f 3976/420/858 3975/422/858 3873/650/858 3872/648/858
f 3977/418/858 3976/420/858 3872/648/858 3871/646/858
f 3978/416/880 3977/418/858 3871/646/858 3870/644/858
f 3979/414/858 3978/416/880 3870/644/858 3869/642/858
f 3980/411/858 3979/414/858 3869/642/858 3868/640/858
f 3981/412/858 3980/411/858 3868/640/858 3867/638/858
f 3982/448/858 3981/412/858 3867/638/858 3886/636/858
f 3983/446/858 3982/448/858 3886/636/858 3885/634/858
f 3984/444/858 3983/446/858 3885/634/858 3884/632/858
f 3985/442/881 3984/444/858 3884/632/858 3883/630/858
f 3986/440/858 3985/442/881 3883/630/858 3882/628/858
f 3967/438/858 3986/440/858 3882/628/858 3881/626/858
f 3988/573/1472 3987/574/1473 3838/575/1473 3837/576/1473
f 3989/577/817 3988/573/1472 3837/576/1473 3836/578/817
f 3990/579/817 3989/577/817 3836/578/817 3835/580/817
f 3991/581/817 3990/579/817 3835/580/817 3834/582/817
f 3992/583/817 3991/581/817 3834/582/817 3833/584/817
f 3993/585/817 3992/583/817 3833/584/817 3832/586/817
f 3994/587/817 3993/585/817 3832/586/817 3831/588/1472
f 3995/589/817 3994/587/817 3831/588/1472 3830/590/817
f 3996/591/817 3995/589/817 3830/590/817 3829/592/1474
f 3997/593/817 3996/591/817 3829/592/1474 3828/594/817
f 3998/595/817 3997/593/817 3828/594/817 3827/596/817
f 3999/597/817 3998/595/817 3827/596/817 3846/598/1475
f 4000/599/817 3999/597/817 3846/598/1475 3845/600/817
f 4001/601/1472 4000/599/817 3845/600/817 3844/602/1473
f 4002/603/817 4001/601/1472 3844/602/1473 3843/604/817
f 4003/605/817 4002/603/817 3843/604/817 3842/606/1476
f 4004/607/1474 4003/605/817 3842/606/1476 3841/608/1476
f 4005/609/1474 4004/607/1474 3841/608/1476 3840/610/1474
f 4006/611/817 4005/609/1474 3840/610/1474 3839/612/817
f 3987/574/1473 4006/611/817 3839/612/817 3838/575/1473
f 4008/348/817 4007/350/817 3987/574/1473 3988/573/1472
f 4009/346/817 4008/348/817 3988/573/1472 3989/577/817
f 4010/344/817 4009/346/817 3989/577/817 3990/579/817
f 4011/342/817 4010/344/817 3990/579/817 3991/581/817
f 4012/340/817 4011/342/817 3991/581/817 3992/583/817
f 4013/338/817 4012/340/817 3992/583/817 3993/585/817
f 4014/336/817 4013/338/817 3993/585/817 3994/587/817
f 4015/334/817 4014/336/817 3994/587/817 3995/589/817
f 4016/332/817 4015/334/817 3995/589/817 3996/591/817
f 4017/329/817 4016/332/817 3996/591/817 3997/593/817
f 4018/330/817 4017/329/817 3997/593/817 3998/595/817
f 4019/366/817 4018/330/817 3998/595/817 3999/597/817
f 4020/364/817 4019/366/817 3999/597/817 4000/599/817
f 4021/362/817 4020/364/817 4000/599/817 4001/601/1472
f 4022/360/817 4021/362/817 4001/601/1472 4002/603/817
f 4023/358/817 4022/360/817 4002/603/817 4003/605/817
f 4024/356/817 4023/358/817 4003/605/817 4004/607/1474
f 4025/354/817 4024/356/817 4004/607/1474 4005/609/1474
f 4026/352/817 4025/354/817 4005/609/1474 4006/611/817
f 4007/350/817 4026/352/817 4006/611/817 3987/574/1473
f 4027/327/653 4028/328/653 4237/329/653 4238/330/653
f 4028/328/653 4029/331/653 4236/332/653 4237/329/653
f 4029/331/653 4030/333/653 4235/334/653 4236/332/653
f 4030/333/653 4031/335/653 4234/336/653 4235/334/653
f 4031/335/653 4032/337/653 4233/338/653 4234/336/653
f 4032/337/653 4033/339/653 4232/340/653 4233/338/653
f 4033/339/653 4034/341/653 4231/342/653 4232/340/653
f 4034/341/653 4035/343/653 4230/344/653 4231/342/653
f 4035/343/653 4036/345/653 4229/346/653 4230/344/653
f 4036/345/653 4037/347/653 4228/348/653 4229/346/653
f 4037/347/653 4038/349/653 4227/350/653 4228/348/653
f 4038/349/653 4039/351/653 4246/352/653 4227/350/653
f 4039/351/653 4040/353/653 4245/354/653 4246/352/653
f 4040/353/653 4041/355/653 4244/356/653 4245/354/653
f 4041/355/653 4042/357/653 4243/358/653 4244/356/653
f 4042/357/653 4043/359/653 4242/360/653 4243/358/653
f 4043/359/653 4044/361/653 4241/362/653 4242/360/653
f 4044/361/653 4045/363/653 4240/364/653 4241/362/653
f 4045/363/653 4046/365/653 4239/366/653 4240/364/653
f 4046/365/653 4027/327/653 4238/330/653 4239/366/653
f 4047/367/1477 4048/368/1478 4141/369/656 4142/370/764
f 4048/368/1478 4049/371/1479 4140/372/659 4141/369/656
f 4049/371/1479 4050/373/1480 4139/374/760 4140/372/659
f 4050/373/1480 4051/375/1481 4138/376/663 4139/374/760
f 4051/375/1481 4052/377/1482 4137/378/665 4138/376/663
f 4052/377/1482 4053/379/1483 4136/380/667 4137/378/665
f 4053/379/1483 4054/381/668 4135/382/669 4136/380/667
f 4054/381/668 4055/383/1484 4134/384/1485 4135/382/669
f 4055/383/1484 4056/385/1486 4133/386/1487 4134/384/1485
f 4056/385/1486 4057/387/1488 4132/388/675 4133/386/1487
f 4057/387/1488 4058/389/1489 4131/390/677 4132/388/675
f 4058/389/1489 4059/391/1490 4130/392/1491 4131/390/677
f 4059/391/1490 4060/393/1492 4129/394/1493 4130/392/1491
f 4060/393/1492 4061/395/682 4128/396/742 4129/394/1493
f 4061/395/682 4062/397/1494 4127/398/685 4128/396/742
f 4062/397/1494 4063/399/1495 4146/400/770 4127/398/685
f 4063/399/1495 4064/401/1496 4145/402/689 4146/400/770
f 4064/401/1496 4065/403/1497 4144/404/691 4145/402/689
f 4065/403/1497 4066/405/692 4143/406/693 4144/404/691
f 4066/405/692 4047/407/1477 4142/408/764 4143/406/693
f 4067/409/696 4068/410/1498 4200/411/1499 4201/412/1500
f 4068/410/1498 4069/413/1501 4199/414/1502 4200/411/1499
f 4069/413/1501 4070/415/1503 4198/416/696 4199/414/1502
f 4070/415/1503 4071/417/714 4197/418/1500 4198/416/696
f 4071/417/714 4072/419/697 4196/420/699 4197/418/1500
f 4072/419/697 4073/421/1504 4195/422/698 4196/420/699
f 4073/421/1504 4074/423/1505 4194/424/700 4195/422/698
f 4074/423/1505 4075/425/1506 4193/426/1506 4194/424/700
f 4075/425/1506 4076/427/1507 4192/428/1506 4193/426/1506
f 4076/427/1507 4077/429/716 4191/430/715 4192/428/1506
f 4077/429/716 4078/431/716 4190/432/1499 4191/430/715
f 4078/431/716 4079/433/1508 4189/434/1509 4190/432/1499
f 4079/433/1508 4080/435/701 4188/436/701 4189/434/1509
f 4080/435/701 4081/437/1510 4187/438/1511 4188/436/701
f 4081/437/1510 4082/439/708 4206/440/698 4187/438/1511
f 4082/439/708 4083/441/1500 4205/442/701 4206/440/698
f 4083/441/1500 4084/443/701 4204/444/701 4205/442/701
f 4084/443/701 4085/445/1512 4203/446/705 4204/444/701
f 4085/445/1512 4086/447/1513 4202/448/1514 4203/446/705
f 4086/447/1513 4067/409/696 4201/412/1500 4202/448/1514
f 4028/328/719 4027/327/719 4279/449/720 4280/450/720
f 4027/327/1515 4046/365/1515 4278/451/808 4279/449/808
f 4046/365/723 4045/363/723 4277/452/723 4278/451/723
f 4045/363/724 4044/361/724 4276/453/1516 4277/452/724
f 4044/361/725 4043/359/725 4275/454/725 4276/453/725
f 4043/359/726 4042/357/726 4274/455/726 4275/454/726
f 4042/357/727 4041/355/727 4273/456/727 4274/455/727
f 4041/355/1517 4040/353/1517 4272/457/1517 4273/456/1517
f 4040/353/1518 4039/351/1518 4271/458/1518 4272/457/1518
f 4039/351/799 4038/349/799 4270/459/799 4271/458/799
f 4038/349/797 4037/347/797 4269/460/732 4270/459/732
f 4037/347/733 4036/345/733 4268/461/1519 4269/460/1519
f 4036/345/796 4035/343/796 4267/462/734 4268/461/734
f 4035/343/1520 4034/341/1520 4286/463/1520 4267/462/1520
f 4034/341/1521 4033/339/1521 4285/464/736 4286/463/736
f 4033/339/737 4032/337/737 4284/465/737 4285/464/737
f 4032/337/738 4031/335/738 4283/466/738 4284/465/738
f 4031/335/1522 4030/333/1522 4282/467/1522 4283/466/1522
f 4030/333/740 4029/331/740 4281/468/740 4282/467/740
f 4029/331/809 4028/328/809 4280/450/741 4281/468/809
f 4108/469/683 4107/470/1523 4082/471/1524 4081/472/1525
f 4109/473/681 4108/469/683 4081/472/1525 4080/474/1526
f 4110/475/679 4109/473/681 4080/474/1526 4079/476/1527
f 4111/477/677 4110/475/679 4079/476/1527 4078/478/1528
f 4112/479/1529 4111/477/677 4078/478/1528 4077/480/1530
f 4113/481/1531 4112/479/1529 4077/480/1530 4076/482/1532
f 4114/483/1533 4113/481/1531 4076/482/1532 4075/484/1534
f 4115/485/669 4114/483/1533 4075/484/1534 4074/486/1535
f 4116/487/667 4115/485/669 4074/486/1535 4073/488/757
f 4117/489/665 4116/487/667 4073/488/757 4072/490/758
f 4118/491/775 4117/489/665 4072/490/758 4071/492/1536
f 4119/493/1537 4118/491/775 4071/492/1536 4070/494/1538
f 4120/495/659 4119/493/1537 4070/494/1538 4069/496/762
f 4121/497/656 4120/495/659 4069/496/762 4068/498/763
f 4122/499/764 4121/497/656 4068/498/763 4067/500/1539
f 4123/501/774 4122/502/764 4067/503/1539 4086/504/1540
f 4124/505/691 4123/501/774 4086/504/1540 4085/506/1541
f 4125/507/689 4124/505/691 4085/506/1541 4084/508/1542
f 4126/509/770 4125/507/689 4084/508/1542 4083/510/1543
f 4107/470/1523 4126/509/770 4083/510/1543 4082/471/1524
f 4128/396/742 4127/398/685 4147/511/685 4148/512/683
f 4129/394/1493 4128/396/742 4148/512/683 4149/513/681
f 4130/392/1491 4129/394/1493 4149/513/681 4150/514/679
f 4131/390/677 4130/392/1491 4150/514/679 4151/515/677
f 4132/388/675 4131/390/677 4151/515/677 4152/516/675
f 4133/386/1487 4132/388/675 4152/516/675 4153/517/772
f 4134/384/1485 4133/386/1487 4153/517/772 4154/518/671
f 4135/382/669 4134/384/1485 4154/518/671 4155/519/669
f 4136/380/667 4135/382/669 4155/519/669 4156/520/667
f 4137/378/665 4136/380/667 4156/520/667 4157/521/665
f 4138/376/663 4137/378/665 4157/521/665 4158/522/663
f 4139/374/760 4138/376/663 4158/522/663 4159/523/773
f 4140/372/659 4139/374/760 4159/523/773 4160/524/659
f 4141/369/656 4140/372/659 4160/524/659 4161/525/656
f 4142/370/764 4141/369/656 4161/525/656 4162/526/764
f 4143/406/693 4142/408/764 4162/527/764 4163/528/693
f 4144/404/691 4143/406/693 4163/528/693 4164/529/691
f 4145/402/689 4144/404/691 4164/529/691 4165/530/689
f 4146/400/770 4145/402/689 4165/530/689 4166/531/770
f 4127/398/685 4146/400/770 4166/531/770 4147/511/685
f 4148/512/683 4147/511/685 4167/532/685 4168/533/683
f 4149/513/681 4148/512/683 4168/533/683 4169/534/681
f 4150/514/679 4149/513/681 4169/534/681 4170/535/679
f 4151/515/677 4150/514/679 4170/535/679 4171/536/677
f 4152/516/675 4151/515/677 4171/536/677 4172/537/675
f 4153/517/772 4152/516/675 4172/537/675 4173/538/673
f 4154/518/671 4153/517/772 4173/538/673 4174/539/671
f 4155/519/669 4154/518/671 4174/539/671 4175/540/669
f 4156/520/667 4155/519/669 4175/540/669 4176/541/667
f 4157/521/665 4156/520/667 4176/541/667 4177/542/665
f 4158/522/663 4157/521/665 4177/542/665 4178/543/663
f 4159/523/773 4158/522/663 4178/543/663 4179/544/773
f 4160/524/659 4159/523/773 4179/544/773 4180/545/659
f 4161/525/656 4160/524/659 4180/545/659 4181/546/656
f 4162/526/764 4161/525/656 4181/546/656 4182/547/764
f 4163/528/693 4162/527/764 4182/548/764 4183/549/774
f 4164/529/691 4163/528/693 4183/549/774 4184/550/691
f 4165/530/689 4164/529/691 4184/550/691 4185/551/689
f 4166/531/770 4165/530/689 4185/551/689 4186/552/770
f 4147/511/685 4166/531/770 4186/552/770 4167/532/685
f 4168/533/683 4167/532/685 4107/470/1523 4108/469/683
f 4169/534/681 4168/533/683 4108/469/683 4109/473/681
f 4170/535/679 4169/534/681 4109/473/681 4110/475/679
f 4171/536/677 4170/535/679 4110/475/679 4111/477/677
f 4172/537/675 4171/536/677 4111/477/677 4112/479/1529
f 4173/538/673 4172/537/675 4112/479/1529 4113/481/1531
f 4174/539/671 4173/538/673 4113/481/1531 4114/483/1533
f 4175/540/669 4174/539/671 4114/483/1533 4115/485/669
f 4176/541/667 4175/540/669 4115/485/669 4116/487/667
f 4177/542/665 4176/541/667 4116/487/667 4117/489/665
f 4178/543/663 4177/542/665 4117/489/665 4118/491/775
f 4179/544/773 4178/543/663 4118/491/775 4119/493/1537
f 4180/545/659 4179/544/773 4119/493/1537 4120/495/659
f 4181/546/656 4180/545/659 4120/495/659 4121/497/656
f 4182/547/764 4181/546/656 4121/497/656 4122/499/764
f 4183/549/774 4182/548/764 4122/502/764 4123/501/774
f 4184/550/691 4183/549/774 4123/501/774 4124/505/691
f 4185/551/689 4184/550/691 4124/505/691 4125/507/689
f 4186/552/770 4185/551/689 4125/507/689 4126/509/770
f 4167/532/685 4186/552/770 4126/509/770 4107/470/1523
f 4188/436/701 4187/438/1511 4291/553/701 4292/554/701
f 4189/434/1509 4188/436/701 4292/554/701 4293/555/701
f 4190/432/1499 4189/434/1509 4293/555/701 4294/556/701
f 4191/430/715 4190/432/1499 4294/556/701 4295/557/701
f 4192/428/1506 4191/430/715 4295/557/701 4296/558/701
f 4193/426/1506 4192/428/1506 4296/558/701 4297/559/701
f 4194/424/700 4193/426/1506 4297/559/701 4298/560/701
f 4195/422/698 4194/424/700 4298/560/701 4299/561/701
f 4196/420/699 4195/422/698 4299/561/701 4300/562/701
f 4197/418/1500 4196/420/699 4300/562/701 4301/563/701
f 4198/416/696 4197/418/1500 4301/563/701 4302/564/701
f 4199/414/1502 4198/416/696 4302/564/701 4303/565/701
f 4200/411/1499 4199/414/1502 4303/565/701 4304/566/701
f 4201/412/1500 4200/411/1499 4304/566/701 4305/567/701
f 4202/448/1514 4201/412/1500 4305/567/701 4306/568/701
f 4203/446/705 4202/448/1514 4306/568/701 4287/569/701
f 4204/444/701 4203/446/705 4287/569/701 4288/570/701
f 4205/442/701 4204/444/701 4288/570/701 4289/571/701
f 4206/440/698 4205/442/701 4289/571/701 4290/572/701
f 4187/438/1511 4206/440/698 4290/572/701 4291/553/701
f 4208/573/790 4207/574/1544 4058/575/1545 4057/576/790
f 4209/577/653 4208/573/790 4057/576/790 4056/578/653
f 4210/579/787 4209/577/653 4056/578/653 4055/580/1546
f 4211/581/788 4210/579/787 4055/580/1546 4054/582/1547
f 4212/583/1548 4211/581/788 4054/582/1547 4053/584/778
f 4213/585/1549 4212/583/1548 4053/584/778 4052/586/1550
f 4214/587/781 4213/585/1549 4052/586/1550 4051/588/1551
f 4215/589/781 4214/587/781 4051/588/1551 4050/590/1552
f 4216/591/786 4215/589/781 4050/590/1552 4049/592/1553
f 4217/593/788 4216/591/786 4049/592/1553 4048/594/1554
f 4218/595/653 4217/593/788 4048/594/1554 4047/596/790
f 4219/597/783 4218/595/653 4047/596/790 4066/598/783
f 4220/599/653 4219/597/783 4066/598/783 4065/600/1549
f 4221/601/781 4220/599/653 4065/600/1549 4064/602/1555
f 4222/603/653 4221/601/781 4064/602/1555 4063/604/653
f 4223/605/1550 4222/603/653 4063/604/653 4062/606/1556
f 4224/607/792 4223/605/1550 4062/606/1556 4061/608/794
f 4225/609/777 4224/607/792 4061/608/794 4060/610/1557
f 4226/611/790 4225/609/777 4060/610/1557 4059/612/1552
f 4207/574/1544 4226/611/790 4059/612/1552 4058/575/1545
f 4228/348/653 4227/350/653 4207/574/1544 4208/573/790
f 4229/346/653 4228/348/653 4208/573/790 4209/577/653
f 4230/344/653 4229/346/653 4209/577/653 4210/579/787
f 4231/342/653 4230/344/653 4210/579/787 4211/581/788
f 4232/340/653 4231/342/653 4211/581/788 4212/583/1548
f 4233/338/653 4232/340/653 4212/583/1548 4213/585/1549
f 4234/336/653 4233/338/653 4213/585/1549 4214/587/781
f 4235/334/653 4234/336/653 4214/587/781 4215/589/781
f 4236/332/653 4235/334/653 4215/589/781 4216/591/786
f 4237/329/653 4236/332/653 4216/591/786 4217/593/788
f 4238/330/653 4237/329/653 4217/593/788 4218/595/653
f 4239/366/653 4238/330/653 4218/595/653 4219/597/783
f 4240/364/653 4239/366/653 4219/597/783 4220/599/653
f 4241/362/653 4240/364/653 4220/599/653 4221/601/781
f 4242/360/653 4241/362/653 4221/601/781 4222/603/653
f 4243/358/653 4242/360/653 4222/603/653 4223/605/1550
f 4244/356/653 4243/358/653 4223/605/1550 4224/607/792
f 4245/354/653 4244/356/653 4224/607/792 4225/609/777
f 4246/352/653 4245/354/653 4225/609/777 4226/611/790
f 4227/350/653 4246/352/653 4226/611/790 4207/574/1544
f 4248/613/796 4247/614/796 4095/615/796 4096/616/796
f 4249/617/733 4248/613/733 4096/616/1558 4097/618/1558
f 4250/619/732 4249/617/732 4097/618/1559 4098/620/1559
f 4251/621/799 4250/619/799 4098/620/800 4099/622/800
f 4252/623/1560 4251/621/1560 4099/622/1560 4100/624/1560
f 4253/625/1517 4252/623/1517 4100/624/1517 4101/626/1517
f 4254/627/1561 4253/625/1561 4101/626/1561 4102/628/1561
f 4255/629/726 4254/627/726 4102/628/1562 4103/630/1562
f 4256/631/725 4255/629/725 4103/630/1563 4104/632/1563
f 4257/633/724 4256/631/724 4104/632/724 4105/634/724
f 4258/635/723 4257/633/723 4105/634/723 4106/636/723
f 4259/637/808 4258/635/808 4106/636/1564 4087/638/1564
f 4260/639/720 4259/637/1565 4087/638/1565 4088/640/1565
f 4261/641/1566 4260/639/1567 4088/640/1567 4089/642/1567
f 4262/643/1568 4261/641/1569 4089/642/1569 4090/644/1569
f 4263/645/1570 4262/643/1570 4090/644/1571 4091/646/1571
f 4264/647/738 4263/645/738 4091/646/738 4092/648/738
f 4265/649/1572 4264/647/1572 4092/648/1573 4093/650/1573
f 4266/651/736 4265/649/736 4093/650/1574 4094/652/1574
f 4247/614/735 4266/651/735 4094/652/735 4095/615/735
f 4268/461/734 4267/462/734 4247/614/796 4248/613/796
f 4269/460/1519 4268/461/1519 4248/613/733 4249/617/733
f 4270/459/732 4269/460/732 4249/617/732 4250/619/732
f 4271/458/799 4270/459/799 4250/619/799 4251/621/799
f 4272/457/1518 4271/458/1518 4251/621/1560 4252/623/1560
f 4273/456/1517 4272/457/1517 4252/623/1517 4253/625/1517
f 4274/455/727 4273/456/727 4253/625/1561 4254/627/1561
f 4275/454/726 4274/455/726 4254/627/726 4255/629/726
f 4276/453/725 4275/454/725 4255/629/725 4256/631/725
f 4277/452/724 4276/453/1516 4256/631/724 4257/633/724
f 4278/451/723 4277/452/723 4257/633/723 4258/635/723
f 4279/449/808 4278/451/808 4258/635/808 4259/637/808
f 4280/450/720 4279/449/720 4259/637/1565 4260/639/720
f 4281/468/809 4280/450/741 4260/639/1567 4261/641/1566
f 4282/467/740 4281/468/740 4261/641/1569 4262/643/1568
f 4283/466/1522 4282/467/1522 4262/643/1570 4263/645/1570
f 4284/465/738 4283/466/738 4263/645/738 4264/647/738
f 4285/464/737 4284/465/737 4264/647/1572 4265/649/1572
f 4286/463/736 4285/464/736 4265/649/736 4266/651/736
f 4267/462/1520 4286/463/1520 4266/651/735 4247/614/735
f 4288/570/701 4287/569/701 4105/634/701 4104/632/701
f 4289/571/701 4288/570/701 4104/632/701 4103/630/701
f 4290/572/701 4289/571/701 4103/630/701 4102/628/701
f 4291/553/701 4290/572/701 4102/628/701 4101/626/701
f 4292/554/701 4291/553/701 4101/626/701 4100/624/701
f 4293/555/701 4292/554/701 4100/624/701 4099/622/701
f 4294/556/701 4293/555/701 4099/622/701 4098/620/701
f 4295/557/701 4294/556/701 4098/620/701 4097/618/701
f 4296/558/701 4295/557/701 4097/618/701 4096/616/701
f 4297/559/701 4296/558/701 4096/616/701 4095/615/701
f 4298/560/701 4297/559/701 4095/615/701 4094/652/701
f 4299/561/701 4298/560/701 4094/652/701 4093/650/701
f 4300/562/701 4299/561/701 4093/650/701 4092/648/701
f 4301/563/701 4300/562/701 4092/648/701 4091/646/701
f 4302/564/701 4301/563/701 4091/646/701 4090/644/701
f 4303/565/701 4302/564/701 4090/644/701 4089/642/701
f 4304/566/701 4303/565/701 4089/642/701 4088/640/701
f 4305/567/701 4304/566/701 4088/640/701 4087/638/701
f 4306/568/701 4305/567/701 4087/638/701 4106/636/701
f 4287/569/701 4306/568/701 4106/636/701 4105/634/701
f 4307/327/1575 4308/328/1575 4517/329/1575 4518/330/1575
f 4308/328/1575 4309/331/1575 4516/332/1575 4517/329/1575
f 4309/331/1575 4310/333/1575 4515/334/1575 4516/332/1575
f 4310/333/1575 4311/335/1575 4514/336/1575 4515/334/1575
f 4311/335/1575 4312/337/1575 4513/338/1575 4514/336/1575
f 4312/337/1575 4313/339/1575 4512/340/1575 4513/338/1575
f 4313/339/1575 4314/341/1575 4511/342/1575 4512/340/1575
f 4314/341/1575 4315/343/1575 4510/344/1575 4511/342/1575
f 4315/343/1575 4316/345/1575 4509/346/1575 4510/344/1575
f 4316/345/1575 4317/347/1575 4508/348/1575 4509/346/1575
f 4317/347/1575 4318/349/1575 4507/350/1575 4508/348/1575
f 4318/349/1575 4319/351/1575 4526/352/1575 4507/350/1575
f 4319/351/1575 4320/353/1575 4525/354/1575 4526/352/1575
f 4320/353/1575 4321/355/1575 4524/356/1575 4525/354/1575
f 4321/355/1575 4322/357/1575 4523/358/1575 4524/356/1575
f 4322/357/1575 4323/359/1575 4522/360/1575 4523/358/1575
f 4323/359/1575 4324/361/1575 4521/362/1575 4522/360/1575
f 4324/361/1575 4325/363/1575 4520/364/1575 4521/362/1575
f 4325/363/1575 4326/365/1575 4519/366/1575 4520/364/1575
f 4326/365/1575 4307/327/1575 4518/330/1575 4519/366/1575
f 4327/367/1576 4328/368/1577 4421/369/1578 4422/370/1579
f 4328/368/1577 4329/371/1580 4420/372/1581 4421/369/1578
f 4329/371/1580 4330/373/1582 4419/374/1583 4420/372/1581
f 4330/373/1582 4331/375/1584 4418/376/1585 4419/374/1583
f 4331/375/1584 4332/377/1586 4417/378/1587 4418/376/1585
f 4332/377/1586 4333/379/1588 4416/380/1589 4417/378/1587
f 4333/379/1588 4334/381/1590 4415/382/1591 4416/380/1589
f 4334/381/1590 4335/383/1592 4414/384/1593 4415/382/1591
f 4335/383/1592 4336/385/1594 4413/386/1595 4414/384/1593
f 4336/385/1594 4337/387/1596 4412/388/1597 4413/386/1595
f 4337/387/1596 4338/389/1598 4411/390/1599 4412/388/1597
f 4338/389/1598 4339/391/1600 4410/392/1601 4411/390/1599
f 4339/391/1600 4340/393/1602 4409/394/1603 4410/392/1601
f 4340/393/1602 4341/395/1604 4408/396/1605 4409/394/1603
f 4341/395/1604 4342/397/1606 4407/398/1607 4408/396/1605
f 4342/397/1606 4343/399/1608 4426/400/1609 4407/398/1607
f 4343/399/1608 4344/401/1610 4425/402/1611 4426/400/1609
f 4344/401/1610 4345/403/1612 4424/404/1613 4425/402/1611
f 4345/403/1612 4346/405/1614 4423/406/1615 4424/404/1613
f 4346/405/1614 4327/407/1576 4422/408/1579 4423/406/1615
f 4347/409/1616 4348/410/1617 4480/411/1618 4481/412/1619
f 4348/410/1617 4349/413/1619 4479/414/1619 4480/411/1618
f 4349/413/1619 4350/415/1620 4478/416/1620 4479/414/1619
f 4350/415/1620 4351/417/1621 4477/418/1622 4478/416/1620
f 4351/417/1621 4352/419/1621 4476/420/1621 4477/418/1622
f 4352/419/1621 4353/421/1623 4475/422/1624 4476/420/1621
f 4353/421/1623 4354/423/1625 4474/424/1626 4475/422/1624
f 4354/423/1625 4355/425/1620 4473/426/1622 4474/424/1626
f 4355/425/1620 4356/427/1621 4472/428/1621 4473/426/1622
f 4356/427/1621 4357/429/1627 4471/430/1621 4472/428/1621
f 4357/429/1627 4358/431/1628 4470/432/1629 4471/430/1621
f 4358/431/1628 4359/433/1630 4469/434/1631 4470/432/1629
f 4359/433/1630 4360/435/1632 4468/436/1619 4469/434/1631
f 4360/435/1632 4361/437/1620 4467/438/1619 4468/436/1619
f 4361/437/1620 4362/439/1633 4486/440/1634 4467/438/1619
f 4362/439/1633 4363/441/1635 4485/442/1622 4486/440/1634
f 4363/441/1635 4364/443/1626 4484/444/1636 4485/442/1622
f 4364/443/1626 4365/445/1636 4483/446/1621 4484/444/1636
f 4365/445/1636 4366/447/1622 4482/448/1622 4483/446/1621
f 4366/447/1622 4347/409/1616 4481/412/1619 4482/448/1622
f 4308/328/1637 4307/327/1637 4559/449/1637 4560/450/1637
f 4307/327/1638 4326/365/1638 4558/451/1638 4559/449/1638
f 4326/365/1639 4325/363/1639 4557/452/1640 4558/451/1640
f 4325/363/1641 4324/361/1641 4556/453/1641 4557/452/1641
f 4324/361/1642 4323/359/1642 4555/454/1642 4556/453/1642
f 4323/359/1643 4322/357/1643 4554/455/1643 4555/454/1643
f 4322/357/1644 4321/355/1644 4553/456/1645 4554/455/1644
f 4321/355/1646 4320/353/1646 4552/457/1646 4553/456/1646
f 4320/353/1647 4319/351/1647 4551/458/1647 4552/457/1647
f 4319/351/1648 4318/349/1648 4550/459/1648 4551/458/1648
f 4318/349/1649 4317/347/1649 4549/460/1649 4550/459/1649
f 4317/347/1650 4316/345/1650 4548/461/1651 4549/460/1651
f 4316/345/1652 4315/343/1652 4547/462/1652 4548/461/1652
f 4315/343/1653 4314/341/1653 4566/463/1653 4547/462/1653
f 4314/341/1654 4313/339/1654 4565/464/1654 4566/463/1654
f 4313/339/1655 4312/337/1655 4564/465/1655 4565/464/1655
f 4312/337/1656 4311/335/1656 4563/466/1656 4564/465/1656
f 4311/335/1657 4310/333/1657 4562/467/1657 4563/466/1657
f 4310/333/1658 4309/331/1658 4561/468/1658 4562/467/1658
f 4309/331/1659 4308/328/1659 4560/450/1659 4561/468/1659
f 4388/469/1660 4387/470/1661 4362/471/1662 4361/472/1663
f 4389/473/1664 4388/469/1660 4361/472/1663 4360/474/1665
f 4390/475/1666 4389/473/1664 4360/474/1665 4359/476/1667
f 4391/477/1668 4390/475/1666 4359/476/1667 4358/478/1669
f 4392/479/1597 4391/477/1668 4358/478/1669 4357/480/1670
f 4393/481/1595 4392/479/1597 4357/480/1670 4356/482/1671
f 4394/483/1672 4393/481/1595 4356/482/1671 4355/484/1673
f 4395/485/1674 4394/483/1672 4355/484/1673 4354/486/1675
f 4396/487/1676 4395/485/1674 4354/486/1675 4353/488/1677
f 4397/489/1678 4396/487/1676 4353/488/1677 4352/490/1679
f 4398/491/1680 4397/489/1678 4352/490/1679 4351/492/1681
f 4399/493/1682 4398/491/1680 4351/492/1681 4350/494/1683
f 4400/495/1684 4399/493/1682 4350/494/1683 4349/496/1685
f 4401/497/1686 4400/495/1684 4349/496/1685 4348/498/1687
f 4402/499/1688 4401/497/1686 4348/498/1687 4347/500/1689
f 4403/501/1690 4402/502/1688 4347/503/1689 4366/504/1691
f 4404/505/1692 4403/501/1690 4366/504/1691 4365/506/1693
f 4405/507/1694 4404/505/1692 4365/506/1693 4364/508/1695
f 4406/509/1696 4405/507/1694 4364/508/1695 4363/510/1697
f 4387/470/1661 4406/509/1696 4363/510/1697 4362/471/1662
f 4408/396/1605 4407/398/1607 4427/511/1698 4428/512/1660
f 4409/394/1603 4408/396/1605 4428/512/1660 4429/513/1699
f 4410/392/1601 4409/394/1603 4429/513/1699 4430/514/1700
f 4411/390/1599 4410/392/1601 4430/514/1700 4431/515/1701
f 4412/388/1597 4411/390/1599 4431/515/1701 4432/516/1597
f 4413/386/1595 4412/388/1597 4432/516/1597 4433/517/1702
f 4414/384/1593 4413/386/1595 4433/517/1702 4434/518/1593
f 4415/382/1591 4414/384/1593 4434/518/1593 4435/519/1674
f 4416/380/1589 4415/382/1591 4435/519/1674 4436/520/1589
f 4417/378/1587 4416/380/1589 4436/520/1589 4437/521/1703
f 4418/376/1585 4417/378/1587 4437/521/1703 4438/522/1585
f 4419/374/1583 4418/376/1585 4438/522/1585 4439/523/1704
f 4420/372/1581 4419/374/1583 4439/523/1704 4440/524/1705
f 4421/369/1578 4420/372/1581 4440/524/1705 4441/525/1706
f 4422/370/1579 4421/369/1578 4441/525/1706 4442/526/1579
f 4423/406/1615 4422/408/1579 4442/527/1579 4443/528/1615
f 4424/404/1613 4423/406/1615 4443/528/1615 4444/529/1613
f 4425/402/1611 4424/404/1613 4444/529/1613 4445/530/1611
f 4426/400/1609 4425/402/1611 4445/530/1611 4446/531/1609
f 4407/398/1607 4426/400/1609 4446/531/1609 4427/511/1698
f 4428/512/1660 4427/511/1698 4447/532/1698 4448/533/1660
f 4429/513/1699 4428/512/1660 4448/533/1660 4449/534/1664
f 4430/514/1700 4429/513/1699 4449/534/1664 4450/535/1700
f 4431/515/1701 4430/514/1700 4450/535/1700 4451/536/1701
f 4432/516/1597 4431/515/1701 4451/536/1701 4452/537/1707
f 4433/517/1702 4432/516/1597 4452/537/1707 4453/538/1702
f 4434/518/1593 4433/517/1702 4453/538/1702 4454/539/1672
f 4435/519/1674 4434/518/1593 4454/539/1672 4455/540/1674
f 4436/520/1589 4435/519/1674 4455/540/1674 4456/541/1589
f 4437/521/1703 4436/520/1589 4456/541/1589 4457/542/1703
f 4438/522/1585 4437/521/1703 4457/542/1703 4458/543/1585
f 4439/523/1704 4438/522/1585 4458/543/1585 4459/544/1704
f 4440/524/1705 4439/523/1704 4459/544/1704 4460/545/1705
f 4441/525/1706 4440/524/1705 4460/545/1705 4461/546/1706
f 4442/526/1579 4441/525/1706 4461/546/1706 4462/547/1579
f 4443/528/1615 4442/527/1579 4462/548/1579 4463/549/1615
f 4444/529/1613 4443/528/1615 4463/549/1615 4464/550/1613
f 4445/530/1611 4444/529/1613 4464/550/1613 4465/551/1611
f 4446/531/1609 4445/530/1611 4465/551/1611 4466/552/1609
f 4427/511/1698 4446/531/1609 4466/552/1609 4447/532/1698
f 4448/533/1660 4447/532/1698 4387/470/1661 4388/469/1660
f 4449/534/1664 4448/533/1660 4388/469/1660 4389/473/1664
f 4450/535/1700 4449/534/1664 4389/473/1664 4390/475/1666
f 4451/536/1701 4450/535/1700 4390/475/1666 4391/477/1668
f 4452/537/1707 4451/536/1701 4391/477/1668 4392/479/1597
f 4453/538/1702 4452/537/1707 4392/479/1597 4393/481/1595
f 4454/539/1672 4453/538/1702 4393/481/1595 4394/483/1672
f 4455/540/1674 4454/539/1672 4394/483/1672 4395/485/1674
f 4456/541/1589 4455/540/1674 4395/485/1674 4396/487/1676
f 4457/542/1703 4456/541/1589 4396/487/1676 4397/489/1678
f 4458/543/1585 4457/542/1703 4397/489/1678 4398/491/1680
f 4459/544/1704 4458/543/1585 4398/491/1680 4399/493/1682
f 4460/545/1705 4459/544/1704 4399/493/1682 4400/495/1684
f 4461/546/1706 4460/545/1705 4400/495/1684 4401/497/1686
f 4462/547/1579 4461/546/1706 4401/497/1686 4402/499/1688
f 4463/549/1615 4462/548/1579 4402/502/1688 4403/501/1690
f 4464/550/1613 4463/549/1615 4403/501/1690 4404/505/1692
f 4465/551/1611 4464/550/1613 4404/505/1692 4405/507/1694
f 4466/552/1609 4465/551/1611 4405/507/1694 4406/509/1696
f 4447/532/1698 4466/552/1609 4406/509/1696 4387/470/1661
f 4468/436/1619 4467/438/1619 4571/553/1622 4572/554/1622
f 4469/434/1631 4468/436/1619 4572/554/1622 4573/555/1622
f 4470/432/1629 4469/434/1631 4573/555/1622 4574/556/1622
f 4471/430/1621 4470/432/1629 4574/556/1622 4575/557/1622
f 4472/428/1621 4471/430/1621 4575/557/1622 4576/558/1622
f 4473/426/1622 4472/428/1621 4576/558/1622 4577/559/1622
f 4474/424/1626 4473/426/1622 4577/559/1622 4578/560/1622
f 4475/422/1624 4474/424/1626 4578/560/1622 4579/561/1622
f 4476/420/1621 4475/422/1624 4579/561/1622 4580/562/1622
f 4477/418/1622 4476/420/1621 4580/562/1622 4581/563/1622
f 4478/416/1620 4477/418/1622 4581/563/1622 4582/564/1622
f 4479/414/1619 4478/416/1620 4582/564/1622 4583/565/1622
f 4480/411/1618 4479/414/1619 4583/565/1622 4584/566/1622
f 4481/412/1619 4480/411/1618 4584/566/1622 4585/567/1622
f 4482/448/1622 4481/412/1619 4585/567/1622 4586/568/1622
f 4483/446/1621 4482/448/1622 4586/568/1622 4567/569/1622
f 4484/444/1636 4483/446/1621 4567/569/1622 4568/570/1622
f 4485/442/1622 4484/444/1636 4568/570/1622 4569/571/1622
f 4486/440/1634 4485/442/1622 4569/571/1622 4570/572/1622
f 4467/438/1619 4486/440/1634 4570/572/1622 4571/553/1622
f 4488/573/1575 4487/574/1708 4338/575/1709 4337/576/1710
f 4489/577/1711 4488/573/1575 4337/576/1710 4336/578/1712
f 4490/579/1711 4489/577/1711 4336/578/1712 4335/580/1711
f 4491/581/1710 4490/579/1711 4335/580/1711 4334/582/1713
f 4492/583/1710 4491/581/1710 4334/582/1713 4333/584/1708
f 4493/585/1714 4492/583/1710 4333/584/1708 4332/586/1715
f 4494/587/1711 4493/585/1714 4332/586/1715 4331/588/1711
f 4495/589/1716 4494/587/1711 4331/588/1711 4330/590/1717
f 4496/591/1716 4495/589/1716 4330/590/1717 4329/592/1716
f 4497/593/1718 4496/591/1716 4329/592/1716 4328/594/1719
f 4498/595/1718 4497/593/1718 4328/594/1719 4327/596/1720
f 4499/597/1710 4498/595/1718 4327/596/1720 4346/598/1713
f 4500/599/1710 4499/597/1710 4346/598/1713 4345/600/1721
f 4501/601/1710 4500/599/1710 4345/600/1721 4344/602/1713
f 4502/603/1710 4501/601/1710 4344/602/1713 4343/604/1713
f 4503/605/1710 4502/603/1710 4343/604/1713 4342/606/1710
f 4504/607/1575 4503/605/1710 4342/606/1710 4341/608/1575
f 4505/609/1716 4504/607/1575 4341/608/1575 4340/610/1722
f 4506/611/1723 4505/609/1716 4340/610/1722 4339/612/1724
f 4487/574/1708 4506/611/1723 4339/612/1724 4338/575/1709
f 4508/348/1575 4507/350/1575 4487/574/1708 4488/573/1575
f 4509/346/1575 4508/348/1575 4488/573/1575 4489/577/1711
f 4510/344/1575 4509/346/1575 4489/577/1711 4490/579/1711
f 4511/342/1575 4510/344/1575 4490/579/1711 4491/581/1710
f 4512/340/1575 4511/342/1575 4491/581/1710 4492/583/1710
f 4513/338/1575 4512/340/1575 4492/583/1710 4493/585/1714
f 4514/336/1575 4513/338/1575 4493/585/1714 4494/587/1711
f 4515/334/1575 4514/336/1575 4494/587/1711 4495/589/1716
f 4516/332/1575 4515/334/1575 4495/589/1716 4496/591/1716
f 4517/329/1575 4516/332/1575 4496/591/1716 4497/593/1718
f 4518/330/1575 4517/329/1575 4497/593/1718 4498/595/1718
f 4519/366/1575 4518/330/1575 4498/595/1718 4499/597/1710
f 4520/364/1575 4519/366/1575 4499/597/1710 4500/599/1710
f 4521/362/1575 4520/364/1575 4500/599/1710 4501/601/1710
f 4522/360/1575 4521/362/1575 4501/601/1710 4502/603/1710
f 4523/358/1575 4522/360/1575 4502/603/1710 4503/605/1710
f 4524/356/1575 4523/358/1575 4503/605/1710 4504/607/1575
f 4525/354/1575 4524/356/1575 4504/607/1575 4505/609/1716
f 4526/352/1575 4525/354/1575 4505/609/1716 4506/611/1723
f 4507/350/1575 4526/352/1575 4506/611/1723 4487/574/1708
f 4528/613/1725 4527/614/1725 4375/615/1726 4376/616/1726
f 4529/617/1727 4528/613/1727 4376/616/1727 4377/618/1727
f 4530/619/1649 4529/617/1649 4377/618/1728 4378/620/1728
f 4531/621/1729 4530/619/1729 4378/620/1730 4379/622/1730
f 4532/623/1731 4531/621/1731 4379/622/1731 4380/624/1731
f 4533/625/1646 4532/623/1646 4380/624/1732 4381/626/1732
f 4534/627/1645 4533/625/1645 4381/626/1645 4382/628/1645
f 4535/629/1643 4534/627/1643 4382/628/1733 4383/630/1733
f 4536/631/1734 4535/629/1734 4383/630/1734 4384/632/1734
f 4537/633/1641 4536/631/1641 4384/632/1735 4385/634/1735
f 4538/635/1640 4537/633/1640 4385/634/1736 4386/636/1736
f 4539/637/1638 4538/635/1638 4386/636/1737 4367/638/1737
f 4540/639/1738 4539/637/1738 4367/638/1739 4368/640/1739
f 4541/641/1740 4540/639/1740 4368/640/1741 4369/642/1741
f 4542/643/1658 4541/641/1658 4369/642/1658 4370/644/1658
f 4543/645/1657 4542/643/1657 4370/644/1657 4371/646/1657
f 4544/647/1742 4543/645/1742 4371/646/1743 4372/648/1743
f 4545/649/1655 4544/647/1655 4372/648/1744 4373/650/1744
f 4546/651/1654 4545/649/1654 4373/650/1745 4374/652/1745
f 4527/614/1653 4546/651/1653 4374/652/1746 4375/615/1746
f 4548/461/1652 4547/462/1652 4527/614/1725 4528/613/1725
f 4549/460/1651 4548/461/1651 4528/613/1727 4529/617/1727
f 4550/459/1649 4549/460/1649 4529/617/1649 4530/619/1649
f 4551/458/1648 4550/459/1648 4530/619/1729 4531/621/1729
f 4552/457/1647 4551/458/1647 4531/621/1731 4532/623/1731
f 4553/456/1646 4552/457/1646 4532/623/1646 4533/625/1646
f 4554/455/1644 4553/456/1645 4533/625/1645 4534/627/1645
f 4555/454/1643 4554/455/1643 4534/627/1643 4535/629/1643
f 4556/453/1642 4555/454/1642 4535/629/1734 4536/631/1734
f 4557/452/1641 4556/453/1641 4536/631/1641 4537/633/1641
f 4558/451/1640 4557/452/1640 4537/633/1640 4538/635/1640
f 4559/449/1638 4558/451/1638 4538/635/1638 4539/637/1638
f 4560/450/1637 4559/449/1637 4539/637/1738 4540/639/1738
f 4561/468/1659 4560/450/1659 4540/639/1740 4541/641/1740
f 4562/467/1658 4561/468/1658 4541/641/1658 4542/643/1658
f 4563/466/1657 4562/467/1657 4542/643/1657 4543/645/1657
f 4564/465/1656 4563/466/1656 4543/645/1742 4544/647/1742
f 4565/464/1655 4564/465/1655 4544/647/1655 4545/649/1655
f 4566/463/1654 4565/464/1654 4545/649/1654 4546/651/1654
f 4547/462/1653 4566/463/1653 4546/651/1653 4527/614/1653
f 4568/570/1622 4567/569/1622 4385/634/1622 4384/632/1622
f 4569/571/1622 4568/570/1622 4384/632/1622 4383/630/1622
f 4570/572/1622 4569/571/1622 4383/630/1622 4382/628/1622
f 4571/553/1622 4570/572/1622 4382/628/1622 4381/626/1622
f 4572/554/1622 4571/553/1622 4381/626/1622 4380/624/1622
f 4573/555/1622 4572/554/1622 4380/624/1622 4379/622/1622
f 4574/556/1622 4573/555/1622 4379/622/1622 4378/620/1622
f 4575/557/1622 4574/556/1622 4378/620/1622 4377/618/1622
f 4576/558/1622 4575/557/1622 4377/618/1622 4376/616/1622
f 4577/559/1622 4576/558/1622 4376/616/1622 4375/615/1622
f 4578/560/1622 4577/559/1622 4375/615/1622 4374/652/1622
f 4579/561/1622 4578/560/1622 4374/652/1622 4373/650/1622
f 4580/562/1622 4579/561/1622 4373/650/1622 4372/648/1622
f 4581/563/1622 4580/562/1622 4372/648/1622 4371/646/1622
f 4582/564/1622 4581/563/1622 4371/646/1622 4370/644/1622
f 4583/565/1622 4582/564/1622 4370/644/1622 4369/642/1622
f 4584/566/1622 4583/565/1622 4369/642/1622 4368/640/1622
f 4585/567/1622 4584/566/1622 4368/640/1622 4367/638/1622
f 4586/568/1622 4585/567/1622 4367/638/1622 4386/636/1622
f 4567/569/1622 4586/568/1622 4386/636/1622 4385/634/1622
f 4587/327/1575 4588/328/1575 4797/329/1575 4798/330/1575
f 4588/328/1575 4589/331/1575 4796/332/1575 4797/329/1575
f 4589/331/1575 4590/333/1575 4795/334/1575 4796/332/1575
f 4590/333/1575 4591/335/1575 4794/336/1575 4795/334/1575
f 4591/335/1575 4592/337/1575 4793/338/1575 4794/336/1575
f 4592/337/1575 4593/339/1575 4792/340/1575 4793/338/1575
f 4593/339/1575 4594/341/1575 4791/342/1575 4792/340/1575
f 4594/341/1575 4595/343/1575 4790/344/1575 4791/342/1575
f 4595/343/1575 4596/345/1575 4789/346/1575 4790/344/1575
f 4596/345/1575 4597/347/1575 4788/348/1575 4789/346/1575
f 4597/347/1575 4598/349/1575 4787/350/1575 4788/348/1575
f 4598/349/1575 4599/351/1575 4806/352/1575 4787/350/1575
f 4599/351/1575 4600/353/1575 4805/354/1575 4806/352/1575
f 4600/353/1575 4601/355/1575 4804/356/1575 4805/354/1575
f 4601/355/1575 4602/357/1575 4803/358/1575 4804/356/1575
f 4602/357/1575 4603/359/1575 4802/360/1575 4803/358/1575
f 4603/359/1575 4604/361/1575 4801/362/1575 4802/360/1575
f 4604/361/1575 4605/363/1575 4800/364/1575 4801/362/1575
f 4605/363/1575 4606/365/1575 4799/366/1575 4800/364/1575
f 4606/365/1575 4587/327/1575 4798/330/1575 4799/366/1575
f 4607/367/1747 4608/368/1748 4701/369/1749 4702/370/1579
f 4608/368/1748 4609/371/1750 4700/372/1705 4701/369/1749
f 4609/371/1750 4610/373/1751 4699/374/1682 4700/372/1705
f 4610/373/1751 4611/375/1752 4698/376/1753 4699/374/1682
f 4611/375/1752 4612/377/1754 4697/378/1703 4698/376/1753
f 4612/377/1754 4613/379/1755 4696/380/1589 4697/378/1703
f 4613/379/1755 4614/381/1756 4695/382/1757 4696/380/1589
f 4614/381/1756 4615/383/1758 4694/384/1672 4695/382/1757
f 4615/383/1758 4616/385/1759 4693/386/1760 4694/384/1672
f 4616/385/1759 4617/387/1761 4692/388/1707 4693/386/1760
f 4617/387/1761 4618/389/1762 4691/390/1668 4692/388/1707
f 4618/389/1762 4619/391/1763 4690/392/1666 4691/390/1668
f 4619/391/1763 4620/393/1764 4689/394/1664 4690/392/1666
f 4620/393/1764 4621/395/1765 4688/396/1660 4689/394/1664
f 4621/395/1765 4622/397/1766 4687/398/1661 4688/396/1660
f 4622/397/1766 4623/399/1767 4706/400/1696 4687/398/1661
f 4623/399/1767 4624/401/1768 4705/402/1611 4706/400/1696
f 4624/401/1768 4625/403/1769 4704/404/1770 4705/402/1611
f 4625/403/1769 4626/405/1771 4703/406/1690 4704/404/1770
f 4626/405/1771 4607/407/1747 4702/408/1579 4703/406/1690
f 4627/409/1772 4628/410/1636 4760/411/1621 4761/412/1621
f 4628/410/1636 4629/413/1773 4759/414/1774 4760/411/1621
f 4629/413/1773 4630/415/1775 4758/416/1774 4759/414/1774
f 4630/415/1775 4631/417/1634 4757/418/1776 4758/416/1774
f 4631/417/1634 4632/419/1777 4756/420/1778 4757/418/1776
f 4632/419/1777 4633/421/1618 4755/422/1779 4756/420/1778
f 4633/421/1618 4634/423/1626 4754/424/1636 4755/422/1779
f 4634/423/1626 4635/425/1780 4753/426/1621 4754/424/1636
f 4635/425/1780 4636/427/1634 4752/428/1622 4753/426/1621
f 4636/427/1634 4637/429/1781 4751/430/1776 4752/428/1622
f 4637/429/1781 4638/431/1782 4750/432/1783 4751/430/1776
f 4638/431/1782 4639/433/1626 4749/434/1636 4750/432/1783
f 4639/433/1626 4640/435/1618 4748/436/1618 4749/434/1636
f 4640/435/1618 4641/437/1784 4747/438/1776 4748/436/1618
f 4641/437/1784 4642/439/1620 4766/440/1621 4747/438/1776
f 4642/439/1620 4643/441/1621 4765/442/1622 4766/440/1621
f 4643/441/1621 4644/443/1622 4764/444/1622 4765/442/1622
f 4644/443/1622 4645/445/1622 4763/446/1622 4764/444/1622
f 4645/445/1622 4646/447/1618 4762/448/1634 4763/446/1622
f 4646/447/1618 4627/409/1772 4761/412/1621 4762/448/1634
f 4588/328/1785 4587/327/1785 4839/449/1637 4840/450/1637
f 4587/327/1638 4606/365/1638 4838/451/1638 4839/449/1638
f 4606/365/1640 4605/363/1640 4837/452/1639 4838/451/1639
f 4605/363/1641 4604/361/1641 4836/453/1641 4837/452/1641
f 4604/361/1734 4603/359/1734 4835/454/1734 4836/453/1734
f 4603/359/1786 4602/357/1786 4834/455/1786 4835/454/1786
f 4602/357/1787 4601/355/1787 4833/456/1787 4834/455/1787
f 4601/355/1646 4600/353/1646 4832/457/1646 4833/456/1646
f 4600/353/1647 4599/351/1647 4831/458/1731 4832/457/1731
f 4599/351/1730 4598/349/1730 4830/459/1729 4831/458/1729
f 4598/349/1788 4597/347/1788 4829/460/1649 4830/459/1649
f 4597/347/1727 4596/345/1727 4828/461/1727 4829/460/1727
f 4596/345/1652 4595/343/1652 4827/462/1725 4828/461/1725
f 4595/343/1653 4594/341/1653 4846/463/1653 4827/462/1653
f 4594/341/1789 4593/339/1789 4845/464/1790 4846/463/1790
f 4593/339/1791 4592/337/1791 4844/465/1791 4845/464/1791
f 4592/337/1792 4591/335/1792 4843/466/1792 4844/465/1792
f 4591/335/1657 4590/333/1657 4842/467/1657 4843/466/1657
f 4590/333/1658 4589/331/1658 4841/468/1658 4842/467/1658
f 4589/331/1793 4588/328/1793 4840/450/1793 4841/468/1793
f 4668/469/1794 4667/470/1607 4642/471/1795 4641/472/1796
f 4669/473/1603 4668/469/1794 4641/472/1796 4640/474/1797
f 4670/475/1700 4669/473/1603 4640/474/1797 4639/476/1798
f 4671/477/1701 4670/475/1700 4639/476/1798 4638/478/1799
f 4672/479/1707 4671/477/1701 4638/478/1799 4637/480/1800
f 4673/481/1702 4672/479/1707 4637/480/1800 4636/482/1801
f 4674/483/1672 4673/481/1702 4636/482/1801 4635/484/1802
f 4675/485/1591 4674/483/1672 4635/484/1802 4634/486/1803
f 4676/487/1676 4675/485/1591 4634/486/1803 4633/488/1804
f 4677/489/1703 4676/487/1676 4633/488/1804 4632/490/1805
f 4678/491/1585 4677/489/1703 4632/490/1805 4631/492/1806
f 4679/493/1682 4678/491/1585 4631/492/1806 4630/494/1807
f 4680/495/1705 4679/493/1682 4630/494/1807 4629/496/1808
f 4681/497/1706 4680/495/1705 4629/496/1808 4628/498/1809
f 4682/499/1810 4681/497/1706 4628/498/1809 4627/500/1811
f 4683/501/1615 4682/502/1810 4627/503/1811 4646/504/1812
f 4684/505/1613 4683/501/1615 4646/504/1812 4645/506/1813
f 4685/507/1814 4684/505/1613 4645/506/1813 4644/508/1815
f 4686/509/1696 4685/507/1814 4644/508/1815 4643/510/1816
f 4667/470/1607 4686/509/1696 4643/510/1816 4642/471/1795
f 4688/396/1660 4687/398/1661 4707/511/1698 4708/512/1660
f 4689/394/1664 4688/396/1660 4708/512/1660 4709/513/1699
f 4690/392/1666 4689/394/1664 4709/513/1699 4710/514/1817
f 4691/390/1668 4690/392/1666 4710/514/1817 4711/515/1701
f 4692/388/1707 4691/390/1668 4711/515/1701 4712/516/1597
f 4693/386/1760 4692/388/1707 4712/516/1597 4713/517/1702
f 4694/384/1672 4693/386/1760 4713/517/1702 4714/518/1672
f 4695/382/1757 4694/384/1672 4714/518/1672 4715/519/1591
f 4696/380/1589 4695/382/1757 4715/519/1591 4716/520/1589
f 4697/378/1703 4696/380/1589 4716/520/1589 4717/521/1703
f 4698/376/1753 4697/378/1703 4717/521/1703 4718/522/1585
f 4699/374/1682 4698/376/1753 4718/522/1585 4719/523/1704
f 4700/372/1705 4699/374/1682 4719/523/1704 4720/524/1705
f 4701/369/1749 4700/372/1705 4720/524/1705 4721/525/1706
f 4702/370/1579 4701/369/1749 4721/525/1706 4722/526/1810
f 4703/406/1690 4702/408/1579 4722/527/1810 4723/528/1690
f 4704/404/1770 4703/406/1690 4723/528/1690 4724/529/1613
f 4705/402/1611 4704/404/1770 4724/529/1613 4725/530/1611
f 4706/400/1696 4705/402/1611 4725/530/1611 4726/531/1609
f 4687/398/1661 4706/400/1696 4726/531/1609 4707/511/1698
f 4708/512/1660 4707/511/1698 4727/532/1698 4728/533/1660
f 4709/513/1699 4708/512/1660 4728/533/1660 4729/534/1699
f 4710/514/1817 4709/513/1699 4729/534/1699 4730/535/1817
f 4711/515/1701 4710/514/1817 4730/535/1817 4731/536/1701
f 4712/516/1597 4711/515/1701 4731/536/1701 4732/537/1597
f 4713/517/1702 4712/516/1597 4732/537/1597 4733/538/1702
f 4714/518/1672 4713/517/1702 4733/538/1702 4734/539/1593
f 4715/519/1591 4714/518/1672 4734/539/1593 4735/540/1674
f 4716/520/1589 4715/519/1591 4735/540/1674 4736/541/1589
f 4717/521/1703 4716/520/1589 4736/541/1589 4737/542/1703
f 4718/522/1585 4717/521/1703 4737/542/1703 4738/543/1585
f 4719/523/1704 4718/522/1585 4738/543/1585 4739/544/1682
f 4720/524/1705 4719/523/1704 4739/544/1682 4740/545/1705
f 4721/525/1706 4720/524/1705 4740/545/1705 4741/546/1706
f 4722/526/1810 4721/525/1706 4741/546/1706 4742/547/1810
f 4723/528/1690 4722/527/1810 4742/548/1810 4743/549/1690
f 4724/529/1613 4723/528/1690 4743/549/1690 4744/550/1770
f 4725/530/1611 4724/529/1613 4744/550/1770 4745/551/1611
f 4726/531/1609 4725/530/1611 4745/551/1611 4746/552/1609
f 4707/511/1698 4726/531/1609 4746/552/1609 4727/532/1698
f 4728/533/1660 4727/532/1698 4667/470/1607 4668/469/1794
f 4729/534/1699 4728/533/1660 4668/469/1794 4669/473/1603
f 4730/535/1817 4729/534/1699 4669/473/1603 4670/475/1700
f 4731/536/1701 4730/535/1817 4670/475/1700 4671/477/1701
f 4732/537/1597 4731/536/1701 4671/477/1701 4672/479/1707
f 4733/538/1702 4732/537/1597 4672/479/1707 4673/481/1702
f 4734/539/1593 4733/538/1702 4673/481/1702 4674/483/1672
f 4735/540/1674 4734/539/1593 4674/483/1672 4675/485/1591
f 4736/541/1589 4735/540/1674 4675/485/1591 4676/487/1676
f 4737/542/1703 4736/541/1589 4676/487/1676 4677/489/1703
f 4738/543/1585 4737/542/1703 4677/489/1703 4678/491/1585
f 4739/544/1682 4738/543/1585 4678/491/1585 4679/493/1682
f 4740/545/1705 4739/544/1682 4679/493/1682 4680/495/1705
f 4741/546/1706 4740/545/1705 4680/495/1705 4681/497/1706
f 4742/547/1810 4741/546/1706 4681/497/1706 4682/499/1810
f 4743/549/1690 4742/548/1810 4682/502/1810 4683/501/1615
f 4744/550/1770 4743/549/1690 4683/501/1615 4684/505/1613
f 4745/551/1611 4744/550/1770 4684/505/1613 4685/507/1814
f 4746/552/1609 4745/551/1611 4685/507/1814 4686/509/1696
f 4727/532/1698 4746/552/1609 4686/509/1696 4667/470/1607
f 4748/436/1618 4747/438/1776 4851/553/1622 4852/554/1622
f 4749/434/1636 4748/436/1618 4852/554/1622 4853/555/1622
f 4750/432/1783 4749/434/1636 4853/555/1622 4854/556/1622
f 4751/430/1776 4750/432/1783 4854/556/1622 4855/557/1622
f 4752/428/1622 4751/430/1776 4855/557/1622 4856/558/1622
f 4753/426/1621 4752/428/1622 4856/558/1622 4857/559/1622
f 4754/424/1636 4753/426/1621 4857/559/1622 4858/560/1622
f 4755/422/1779 4754/424/1636 4858/560/1622 4859/561/1622
f 4756/420/1778 4755/422/1779 4859/561/1622 4860/562/1622
f 4757/418/1776 4756/420/1778 4860/562/1622 4861/563/1622
f 4758/416/1774 4757/418/1776 4861/563/1622 4862/564/1622
f 4759/414/1774 4758/416/1774 4862/564/1622 4863/565/1622
f 4760/411/1621 4759/414/1774 4863/565/1622 4864/566/1622
f 4761/412/1621 4760/411/1621 4864/566/1622 4865/567/1622
f 4762/448/1634 4761/412/1621 4865/567/1622 4866/568/1622
f 4763/446/1622 4762/448/1634 4866/568/1622 4847/569/1622
f 4764/444/1622 4763/446/1622 4847/569/1622 4848/570/1622
f 4765/442/1622 4764/444/1622 4848/570/1622 4849/571/1622
f 4766/440/1621 4765/442/1622 4849/571/1622 4850/572/1622
f 4747/438/1776 4766/440/1621 4850/572/1622 4851/553/1622
f 4768/573/1712 4767/574/1818 4618/575/1819 4617/576/1820
f 4769/577/1714 4768/573/1712 4617/576/1820 4616/578/1821
f 4770/579/1711 4769/577/1714 4616/578/1821 4615/580/1714
f 4771/581/1575 4770/579/1711 4615/580/1714 4614/582/1711
f 4772/583/1711 4771/581/1575 4614/582/1711 4613/584/1714
f 4773/585/1715 4772/583/1711 4613/584/1714 4612/586/1821
f 4774/587/1714 4773/585/1715 4612/586/1821 4611/588/1715
f 4775/589/1819 4774/587/1714 4611/588/1715 4610/590/1822
f 4776/591/1823 4775/589/1819 4610/590/1822 4609/592/1824
f 4777/593/1825 4776/591/1823 4609/592/1824 4608/594/1826
f 4778/595/1713 4777/593/1825 4608/594/1826 4607/596/1713
f 4779/597/1710 4778/595/1713 4607/596/1713 4626/598/1713
f 4780/599/1715 4779/597/1710 4626/598/1713 4625/600/1821
f 4781/601/1827 4780/599/1715 4625/600/1821 4624/602/1828
f 4782/603/1710 4781/601/1827 4624/602/1828 4623/604/1710
f 4783/605/1710 4782/603/1710 4623/604/1710 4622/606/1716
f 4784/607/1829 4783/605/1710 4622/606/1716 4621/608/1830
f 4785/609/1575 4784/607/1829 4621/608/1830 4620/610/1575
f 4786/611/1575 4785/609/1575 4620/610/1575 4619/612/1575
f 4767/574/1818 4786/611/1575 4619/612/1575 4618/575/1819
f 4788/348/1575 4787/350/1575 4767/574/1818 4768/573/1712
f 4789/346/1575 4788/348/1575 4768/573/1712 4769/577/1714
f 4790/344/1575 4789/346/1575 4769/577/1714 4770/579/1711
f 4791/342/1575 4790/344/1575 4770/579/1711 4771/581/1575
f 4792/340/1575 4791/342/1575 4771/581/1575 4772/583/1711
f 4793/338/1575 4792/340/1575 4772/583/1711 4773/585/1715
f 4794/336/1575 4793/338/1575 4773/585/1715 4774/587/1714
f 4795/334/1575 4794/336/1575 4774/587/1714 4775/589/1819
f 4796/332/1575 4795/334/1575 4775/589/1819 4776/591/1823
f 4797/329/1575 4796/332/1575 4776/591/1823 4777/593/1825
f 4798/330/1575 4797/329/1575 4777/593/1825 4778/595/1713
f 4799/366/1575 4798/330/1575 4778/595/1713 4779/597/1710
f 4800/364/1575 4799/366/1575 4779/597/1710 4780/599/1715
f 4801/362/1575 4800/364/1575 4780/599/1715 4781/601/1827
f 4802/360/1575 4801/362/1575 4781/601/1827 4782/603/1710
f 4803/358/1575 4802/360/1575 4782/603/1710 4783/605/1710
f 4804/356/1575 4803/358/1575 4783/605/1710 4784/607/1829
f 4805/354/1575 4804/356/1575 4784/607/1829 4785/609/1575
f 4806/352/1575 4805/354/1575 4785/609/1575 4786/611/1575
f 4787/350/1575 4806/352/1575 4786/611/1575 4767/574/1818
f 4808/613/1652 4807/614/1652 4655/615/1831 4656/616/1831
f 4809/617/1727 4808/613/1727 4656/616/1727 4657/618/1727
f 4810/619/1832 4809/617/1832 4657/618/1833 4658/620/1833
f 4811/621/1834 4810/619/1834 4658/620/1834 4659/622/1834
f 4812/623/1731 4811/621/1731 4659/622/1731 4660/624/1731
f 4813/625/1835 4812/623/1835 4660/624/1836 4661/626/1836
f 4814/627/1837 4813/625/1837 4661/626/1838 4662/628/1838
f 4815/629/1643 4814/627/1643 4662/628/1643 4663/630/1643
f 4816/631/1839 4815/629/1839 4663/630/1840 4664/632/1840
f 4817/633/1641 4816/631/1641 4664/632/1641 4665/634/1641
f 4818/635/1639 4817/633/1639 4665/634/1639 4666/636/1639
f 4819/637/1638 4818/635/1638 4666/636/1841 4647/638/1841
f 4820/639/1637 4819/637/1637 4647/638/1842 4648/640/1842
f 4821/641/1793 4820/639/1793 4648/640/1793 4649/642/1793
f 4822/643/1658 4821/641/1658 4649/642/1658 4650/644/1658
f 4823/645/1843 4822/643/1843 4650/644/1844 4651/646/1844
f 4824/647/1845 4823/645/1845 4651/646/1846 4652/648/1846
f 4825/649/1655 4824/647/1655 4652/648/1847 4653/650/1847
f 4826/651/1790 4825/649/1790 4653/650/1789 4654/652/1789
f 4807/614/1653 4826/651/1653 4654/652/1653 4655/615/1653
f 4828/461/1725 4827/462/1725 4807/614/1652 4808/613/1652
f 4829/460/1727 4828/461/1727 4808/613/1727 4809/617/1727
f 4830/459/1649 4829/460/1649 4809/617/1832 4810/619/1832
f 4831/458/1729 4830/459/1729 4810/619/1834 4811/621/1834
f 4832/457/1731 4831/458/1731 4811/621/1731 4812/623/1731
f 4833/456/1646 4832/457/1646 4812/623/1835 4813/625/1835
f 4834/455/1787 4833/456/1787 4813/625/1837 4814/627/1837
f 4835/454/1786 4834/455/1786 4814/627/1643 4815/629/1643
f 4836/453/1734 4835/454/1734 4815/629/1839 4816/631/1839
f 4837/452/1641 4836/453/1641 4816/631/1641 4817/633/1641
f 4838/451/1639 4837/452/1639 4817/633/1639 4818/635/1639
f 4839/449/1638 4838/451/1638 4818/635/1638 4819/637/1638
f 4840/450/1637 4839/449/1637 4819/637/1637 4820/639/1637
f 4841/468/1793 4840/450/1793 4820/639/1793 4821/641/1793
f 4842/467/1658 4841/468/1658 4821/641/1658 4822/643/1658
f 4843/466/1657 4842/467/1657 4822/643/1843 4823/645/1843
f 4844/465/1792 4843/466/1792 4823/645/1845 4824/647/1845
f 4845/464/1791 4844/465/1791 4824/647/1655 4825/649/1655
f 4846/463/1790 4845/464/1790 4825/649/1790 4826/651/1790
f 4827/462/1653 4846/463/1653 4826/651/1653 4807/614/1653
f 4848/570/1622 4847/569/1622 4665/634/1622 4664/632/1622
f 4849/571/1622 4848/570/1622 4664/632/1622 4663/630/1622
f 4850/572/1622 4849/571/1622 4663/630/1622 4662/628/1622
f 4851/553/1622 4850/572/1622 4662/628/1622 4661/626/1622
f 4852/554/1622 4851/553/1622 4661/626/1622 4660/624/1622
f 4853/555/1622 4852/554/1622 4660/624/1622 4659/622/1622
f 4854/556/1622 4853/555/1622 4659/622/1622 4658/620/1622
f 4855/557/1622 4854/556/1622 4658/620/1622 4657/618/1634
f 4856/558/1622 4855/557/1622 4657/618/1634 4656/616/1634
f 4857/559/1622 4856/558/1622 4656/616/1634 4655/615/1622
f 4858/560/1622 4857/559/1622 4655/615/1622 4654/652/1622
f 4859/561/1622 4858/560/1622 4654/652/1622 4653/650/1622
f 4860/562/1622 4859/561/1622 4653/650/1622 4652/648/1622
f 4861/563/1622 4860/562/1622 4652/648/1622 4651/646/1622
f 4862/564/1622 4861/563/1622 4651/646/1622 4650/644/1622
f 4863/565/1622 4862/564/1622 4650/644/1622 4649/642/1622
f 4864/566/1622 4863/565/1622 4649/642/1622 4648/640/1622
f 4865/567/1622 4864/566/1622 4648/640/1622 4647/638/1622
f 4866/568/1622 4865/567/1622 4647/638/1622 4666/636/1622
f 4847/569/1622 4866/568/1622 4666/636/1622 4665/634/1622
f 4867/327/817 4868/328/817 4888/594/817 4887/596/817
f 4868/328/817 4869/331/817 4889/592/817 4888/594/817
f 4869/331/817 4870/333/817 4890/590/817 4889/592/817
f 4870/333/817 4871/335/817 4891/588/817 4890/590/817
f 4871/335/817 4872/337/817 4892/586/817 4891/588/817
f 4872/337/817 4873/339/817 4893/584/817 4892/586/817
f 4873/339/817 4874/341/817 4894/582/817 4893/584/817
f 4874/341/817 4875/343/817 4895/580/817 4894/582/817
f 4875/343/817 4876/345/817 4896/578/817 4895/580/817
f 4876/345/817 4877/347/817 4897/576/817 4896/578/817
f 4877/347/817 4878/349/817 4898/575/817 4897/576/817
f 4878/349/817 4879/351/817 4899/612/817 4898/575/817
f 4879/351/817 4880/353/817 4900/610/817 4899/612/817
f 4880/353/817 4881/355/817 4901/608/817 4900/610/817
f 4881/355/817 4882/357/817 4902/606/817 4901/608/817
f 4882/357/817 4883/359/817 4903/604/817 4902/606/817
f 4883/359/817 4884/361/817 4904/602/817 4903/604/817
f 4884/361/817 4885/363/817 4905/600/817 4904/602/817
f 4885/363/817 4886/365/817 4906/598/817 4905/600/817
f 4886/365/817 4867/327/817 4887/596/817 4906/598/817
f 4887/367/1848 4888/368/944 5026/966/820 5027/967/1230
f 4888/368/944 4889/371/822 5025/968/823 5026/966/820
f 4889/371/822 4890/373/940 5024/969/825 5025/968/823
f 4890/373/940 4891/375/938 5023/970/827 5024/969/825
f 4891/375/938 4892/377/828 5022/971/1223 5023/970/827
f 4892/377/828 4893/379/935 5021/972/831 5022/971/1223
f 4893/379/935 4894/381/1849 5020/973/833 5021/972/831
f 4894/381/1849 4895/383/932 5019/974/835 5020/973/833
f 4895/383/932 4896/385/836 5018/975/1218 5019/974/835
f 4896/385/836 4897/387/838 5017/976/839 5018/975/1218
f 4897/387/838 4898/389/840 5016/977/841 5017/976/839
f 4898/389/840 4899/391/927 5015/978/843 5016/977/841
f 4899/391/927 4900/393/925 5014/979/845 5015/978/843
f 4900/393/925 4901/395/846 5013/980/847 5014/979/845
f 4901/395/846 4902/397/848 5012/981/849 5013/980/847
f 4902/397/848 4903/399/850 5011/982/1367 5012/981/849
f 4903/399/850 4904/401/950 5010/983/1235 5011/982/1367
f 4904/401/950 4905/403/948 5009/984/855 5010/983/1235
f 4905/403/948 4906/405/856 5028/985/1232 5009/984/855
f 4906/405/856 4887/407/1848 5027/986/1230 5028/985/1232
f 4907/409/858 4908/410/858 5082/987/858 5083/988/858
f 4908/410/858 4909/413/858 5081/989/858 5082/987/858
f 4909/413/858 4910/415/858 5080/990/858 5081/989/858
f 4910/415/858 4911/417/858 5079/991/858 5080/990/858
f 4911/417/858 4912/419/858 5078/992/858 5079/991/858
f 4912/419/858 4913/421/858 5077/993/858 5078/992/858
f 4913/421/858 4914/423/858 5076/994/858 5077/993/858
f 4914/423/858 4915/425/858 5075/995/858 5076/994/858
f 4915/425/858 4916/427/858 5074/996/858 5075/995/858
f 4916/427/858 4917/429/858 5073/997/858 5074/996/858
f 4917/429/858 4918/431/858 5072/998/858 5073/997/858
f 4918/431/858 4919/433/858 5071/999/858 5072/998/858
f 4919/433/858 4920/435/858 5070/1000/858 5071/999/858
f 4920/435/858 4921/437/858 5069/1001/858 5070/1000/858
f 4921/437/858 4922/439/858 5088/1002/858 5069/1001/858
f 4922/439/858 4923/441/858 5087/1003/858 5088/1002/858
f 4923/441/858 4924/443/858 5086/1004/858 5087/1003/858
f 4924/443/858 4925/445/858 5085/1005/858 5086/1004/858
f 4925/445/858 4926/447/858 5084/1006/858 5085/1005/858
f 4926/447/858 4907/409/858 5083/988/858 5084/1006/858
f 4868/328/817 4867/327/817 4947/694/817
f 4869/331/817 4868/328/817 4947/694/817
f 4870/333/817 4869/331/817 4947/694/817
f 4871/335/817 4870/333/817 4947/694/817
f 4872/337/817 4871/335/817 4947/694/817
f 4873/339/817 4872/337/817 4947/694/817
f 4874/341/817 4873/339/817 4947/694/817
f 4875/343/817 4874/341/817 4947/694/817
f 4876/345/817 4875/343/817 4947/694/817
f 4877/347/817 4876/345/817 4947/694/817
f 4878/349/817 4877/347/817 4947/694/817
f 4879/351/817 4878/349/817 4947/694/817
f 4880/353/817 4879/351/817 4947/694/817
f 4881/355/817 4880/353/817 4947/694/817
f 4882/357/817 4881/355/817 4947/694/817
f 4883/359/817 4882/357/817 4947/694/817
f 4884/361/817 4883/359/817 4947/694/817
f 4885/363/817 4884/361/817 4947/694/817
f 4886/365/817 4885/363/817 4947/694/817
f 4867/327/817 4886/365/817 4947/694/817
f 4927/638/1850 4928/640/1851 4948/695/1852
f 4928/640/1851 4929/642/1853 4948/695/1852
f 4929/642/1853 4930/644/1854 4948/695/1852
f 4930/644/1854 4931/646/1855 4948/695/1852
f 4931/646/1855 4932/648/1856 4948/695/1852
f 4932/648/1856 4933/650/1857 4948/695/1852
f 4933/650/1857 4934/652/1858 4948/695/1852
f 4934/652/1858 4935/615/1859 4948/695/1852
f 4935/615/1859 4936/616/1860 4948/695/1852
f 4936/616/1860 4937/618/1861 4948/695/1852
f 4937/618/1861 4938/620/1862 4948/695/1852
f 4938/620/1862 4939/622/1863 4948/695/1852
f 4939/622/1863 4940/624/1864 4948/695/1852
f 4940/624/1864 4941/626/1865 4948/695/1852
f 4941/626/1865 4942/628/1866 4948/695/1852
f 4942/628/1866 4943/630/1867 4948/695/1852
f 4943/630/1867 4944/632/1868 4948/695/1852
f 4944/632/1868 4945/634/1869 4948/695/1852
f 4945/634/1869 4946/636/1870 4948/695/1852
f 4946/636/1870 4927/638/1850 4948/695/1852
f 4950/1007/1235 4949/1008/855 4925/506/1436 4924/508/1471
f 4951/1009/1367 4950/1007/1235 4924/508/1471 4923/510/1871
f 4952/1010/1872 4951/1009/1367 4923/510/1871 4922/471/1417
f 4953/1011/847 4952/1010/1872 4922/471/1417 4921/472/972
f 4954/1012/845 4953/1011/847 4921/472/972 4920/474/1873
f 4955/1013/1339 4954/1012/845 4920/474/1873 4919/476/1419
f 4956/1014/1874 4955/1013/1339 4919/476/1419 4918/478/1875
f 4957/1015/1363 4956/1014/1874 4918/478/1875 4917/480/1421
f 4958/1016/1364 4957/1015/1363 4917/480/1421 4916/482/1876
f 4959/1017/835 4958/1016/1364 4916/482/1876 4915/484/1877
f 4960/1018/1878 4959/1017/835 4915/484/1877 4914/486/1879
f 4961/1019/1880 4960/1018/1878 4914/486/1879 4913/488/1468
f 4962/1020/829 4961/1019/1880 4913/488/1468 4912/490/1881
f 4963/1021/827 4962/1020/829 4912/490/1881 4911/492/983
f 4964/1022/825 4963/1021/827 4911/492/983 4910/494/1882
f 4965/1023/823 4964/1022/825 4910/494/1882 4909/496/1883
f 4966/1024/1228 4965/1023/823 4909/496/1883 4908/498/986
f 4967/1025/1230 4966/1024/1228 4908/498/986 4907/500/1884
f 4968/1026/1335 4967/1027/1230 4907/503/1884 4926/504/1885
f 4949/1008/855 4968/1026/1335 4926/504/1885 4925/506/1436
f 4970/1028/1235 4969/1029/855 4989/1030/855 4990/1031/1235
f 4971/1032/851 4970/1028/1235 4990/1031/1235 4991/1033/851
f 4972/1034/849 4971/1032/851 4991/1033/851 4992/1035/849
f 4973/1036/847 4972/1034/849 4992/1035/849 4993/1037/847
f 4974/1038/845 4973/1036/847 4993/1037/847 4994/1039/845
f 4975/1040/843 4974/1038/845 4994/1039/845 4995/1041/843
f 4976/1042/1215 4975/1040/843 4995/1041/843 4996/1043/1215
f 4977/1044/839 4976/1042/1215 4996/1043/1215 4997/1045/1363
f 4978/1046/1218 4977/1044/839 4997/1045/1363 4998/1047/837
f 4979/1048/835 4978/1046/1218 4998/1047/837 4999/1049/835
f 4980/1050/833 4979/1048/835 4999/1049/835 5000/1051/833
f 4981/1052/831 4980/1050/833 5000/1051/833 5001/1053/1330
f 4982/1054/1223 4981/1052/831 5001/1053/1330 5002/1055/829
f 4983/1056/827 4982/1054/1223 5002/1055/829 5003/1057/827
f 4984/1058/825 4983/1056/827 5003/1057/827 5004/1059/825
f 4985/1060/1333 4984/1058/825 5004/1059/825 5005/1061/1886
f 4986/1062/1228 4985/1060/1333 5005/1061/1886 5006/1063/1228
f 4987/1064/1230 4986/1062/1228 5006/1063/1228 5007/1065/1230
f 4988/1066/1232 4987/1067/1230 5007/1068/1230 5008/1069/1335
f 4969/1029/855 4988/1066/1232 5008/1069/1335 4989/1030/855
f 4990/1031/1235 4989/1030/855 5029/1070/855 5030/1071/1235
f 4991/1033/851 4990/1031/1235 5030/1071/1235 5031/1072/851
f 4992/1035/849 4991/1033/851 5031/1072/851 5032/1073/1341
f 4993/1037/847 4992/1035/849 5032/1073/1341 5033/1074/847
f 4994/1039/845 4993/1037/847 5033/1074/847 5034/1075/845
f 4995/1041/843 4994/1039/845 5034/1075/845 5035/1076/1238
f 4996/1043/1215 4995/1041/843 5035/1076/1238 5036/1077/841
f 4997/1045/1363 4996/1043/1215 5036/1077/841 5037/1078/839
f 4998/1047/837 4997/1045/1363 5037/1078/839 5038/1079/1364
f 4999/1049/835 4998/1047/837 5038/1079/1364 5039/1080/835
f 5000/1051/833 4999/1049/835 5039/1080/835 5040/1081/833
f 5001/1053/1330 5000/1051/833 5040/1081/833 5041/1082/1330
f 5002/1055/829 5001/1053/1330 5041/1082/1330 5042/1083/1223
f 5003/1057/827 5002/1055/829 5042/1083/1223 5043/1084/827
f 5004/1059/825 5003/1057/827 5043/1084/827 5044/1085/825
f 5005/1061/1886 5004/1059/825 5044/1085/825 5045/1086/1366
f 5006/1063/1228 5005/1061/1886 5045/1086/1366 5046/1087/1228
f 5007/1065/1230 5006/1063/1228 5046/1087/1228 5047/1088/1230
f 5008/1069/1335 5007/1068/1230 5047/1089/1230 5048/1090/1232
f 4989/1030/855 5008/1069/1335 5048/1090/1232 5029/1070/855
f 5010/983/1235 5009/984/855 4969/1029/855 4970/1028/1235
f 5011/982/1367 5010/983/1235 4970/1028/1235 4971/1032/851
f 5012/981/849 5011/982/1367 4971/1032/851 4972/1034/849
f 5013/980/847 5012/981/849 4972/1034/849 4973/1036/847
f 5014/979/845 5013/980/847 4973/1036/847 4974/1038/845
f 5015/978/843 5014/979/845 4974/1038/845 4975/1040/843
f 5016/977/841 5015/978/843 4975/1040/843 4976/1042/1215
f 5017/976/839 5016/977/841 4976/1042/1215 4977/1044/839
f 5018/975/1218 5017/976/839 4977/1044/839 4978/1046/1218
f 5019/974/835 5018/975/1218 4978/1046/1218 4979/1048/835
f 5020/973/833 5019/974/835 4979/1048/835 4980/1050/833
f 5021/972/831 5020/973/833 4980/1050/833 4981/1052/831
f 5022/971/1223 5021/972/831 4981/1052/831 4982/1054/1223
f 5023/970/827 5022/971/1223 4982/1054/1223 4983/1056/827
f 5024/969/825 5023/970/827 4983/1056/827 4984/1058/825
f 5025/968/823 5024/969/825 4984/1058/825 4985/1060/1333
f 5026/966/820 5025/968/823 4985/1060/1333 4986/1062/1228
f 5027/967/1230 5026/966/820 4986/1062/1228 4987/1064/1230
f 5028/985/1232 5027/986/1230 4987/1067/1230 4988/1066/1232
f 5009/984/855 5028/985/1232 4988/1066/1232 4969/1029/855
f 5030/1071/1235 5029/1070/855 4949/1008/855 4950/1007/1235
f 5031/1072/851 5030/1071/1235 4950/1007/1235 4951/1009/1367
f 5032/1073/1341 5031/1072/851 4951/1009/1367 4952/1010/1872
f 5033/1074/847 5032/1073/1341 4952/1010/1872 4953/1011/847
f 5034/1075/845 5033/1074/847 4953/1011/847 4954/1012/845
f 5035/1076/1238 5034/1075/845 4954/1012/845 4955/1013/1339
f 5036/1077/841 5035/1076/1238 4955/1013/1339 4956/1014/1874
f 5037/1078/839 5036/1077/841 4956/1014/1874 4957/1015/1363
f 5038/1079/1364 5037/1078/839 4957/1015/1363 4958/1016/1364
f 5039/1080/835 5038/1079/1364 4958/1016/1364 4959/1017/835
f 5040/1081/833 5039/1080/835 4959/1017/835 4960/1018/1878
f 5041/1082/1330 5040/1081/833 4960/1018/1878 4961/1019/1880
f 5042/1083/1223 5041/1082/1330 4961/1019/1880 4962/1020/829
f 5043/1084/827 5042/1083/1223 4962/1020/829 4963/1021/827
f 5044/1085/825 5043/1084/827 4963/1021/827 4964/1022/825
f 5045/1086/1366 5044/1085/825 4964/1022/825 4965/1023/823
f 5046/1087/1228 5045/1086/1366 4965/1023/823 4966/1024/1228
f 5047/1088/1230 5046/1087/1228 4966/1024/1228 4967/1025/1230
f 5048/1090/1232 5047/1089/1230 4967/1027/1230 4968/1026/1335
f 5029/1070/855 5048/1090/1232 4968/1026/1335 4949/1008/855
f 5050/1091/1887 5049/1092/1888 4943/630/1867 4942/628/1866
f 5051/1093/1889 5050/1091/1887 4942/628/1866 4941/626/1865
f 5052/1094/1890 5051/1093/1889 4941/626/1865 4940/624/1864
f 5053/1095/1891 5052/1094/1890 4940/624/1864 4939/622/1863
f 5054/1096/1892 5053/1095/1891 4939/622/1863 4938/620/1862
f 5055/1097/1893 5054/1096/1892 4938/620/1862 4937/618/1861
f 5056/1098/1894 5055/1097/1893 4937/618/1861 4936/616/1860
f 5057/1099/1895 5056/1098/1894 4936/616/1860 4935/615/1859
f 5058/1100/1896 5057/1099/1895 4935/615/1859 4934/652/1858
f 5059/1101/1897 5058/1100/1896 4934/652/1858 4933/650/1857
f 5060/1102/1898 5059/1101/1897 4933/650/1857 4932/648/1856
f 5061/1103/1899 5060/1102/1898 4932/648/1856 4931/646/1855
f 5062/1104/1900 5061/1103/1899 4931/646/1855 4930/644/1854
f 5063/1105/1901 5062/1104/1900 4930/644/1854 4929/642/1853
f 5064/1106/1902 5063/1105/1901 4929/642/1853 4928/640/1851
f 5065/1107/1903 5064/1106/1902 4928/640/1851 4927/638/1850
f 5066/1108/1904 5065/1107/1903 4927/638/1850 4946/636/1870
f 5067/1109/1905 5066/1108/1904 4946/636/1870 4945/634/1869
f 5068/1110/1906 5067/1109/1905 4945/634/1869 4944/632/1868
f 5049/1092/1888 5068/1110/1906 4944/632/1868 4943/630/1867
f 5070/1000/858 5069/1001/858 5051/1093/1889 5052/1094/1890
f 5071/999/858 5070/1000/858 5052/1094/1890 5053/1095/1891
f 5072/998/858 5071/999/858 5053/1095/1891 5054/1096/1892
f 5073/997/858 5072/998/858 5054/1096/1892 5055/1097/1893
f 5074/996/858 5073/997/858 5055/1097/1893 5056/1098/1894
f 5075/995/858 5074/996/858 5056/1098/1894 5057/1099/1895
f 5076/994/858 5075/995/858 5057/1099/1895 5058/1100/1896
f 5077/993/858 5076/994/858 5058/1100/1896 5059/1101/1897
f 5078/992/858 5077/993/858 5059/1101/1897 5060/1102/1898
f 5079/991/858 5078/992/858 5060/1102/1898 5061/1103/1899
f 5080/990/858 5079/991/858 5061/1103/1899 5062/1104/1900
f 5081/989/858 5080/990/858 5062/1104/1900 5063/1105/1901
f 5082/987/858 5081/989/858 5063/1105/1901 5064/1106/1902
f 5083/988/858 5082/987/858 5064/1106/1902 5065/1107/1903
f 5084/1006/858 5083/988/858 5065/1107/1903 5066/1108/1904
f 5085/1005/858 5084/1006/858 5066/1108/1904 5067/1109/1905
f 5086/1004/858 5085/1005/858 5067/1109/1905 5068/1110/1906
f 5087/1003/858 5086/1004/858 5068/1110/1906 5049/1092/1888
f 5088/1002/858 5087/1003/858 5049/1092/1888 5050/1091/1887
f 5069/1001/858 5088/1002/858 5050/1091/1887 5051/1093/1889
f 5089/327/1907 5090/328/1907 5110/594/1907 5109/596/1907
f 5090/328/1907 5091/331/1907 5111/592/1907 5110/594/1907
f 5091/331/1907 5092/333/1907 5112/590/1907 5111/592/1907
f 5092/333/1907 5093/335/1907 5113/588/1907 5112/590/1907
f 5093/335/1907 5094/337/1907 5114/586/1907 5113/588/1907
f 5094/337/1907 5095/339/1907 5115/584/1907 5114/586/1907
f 5095/339/1907 5096/341/1907 5116/582/1907 5115/584/1907
f 5096/341/1907 5097/343/1907 5117/580/1907 5116/582/1907
f 5097/343/1907 5098/345/1907 5118/578/1907 5117/580/1907
f 5098/345/1907 5099/347/1907 5119/576/1907 5118/578/1907
f 5099/347/1907 5100/349/1907 5120/575/1907 5119/576/1907
f 5100/349/1907 5101/351/1907 5121/612/1907 5120/575/1907
f 5101/351/1907 5102/353/1907 5122/610/1907 5121/612/1907
f 5102/353/1907 5103/355/1907 5123/608/1907 5122/610/1907
f 5103/355/1907 5104/357/1907 5124/606/1907 5123/608/1907
f 5104/357/1907 5105/359/1907 5125/604/1907 5124/606/1907
f 5105/359/1907 5106/361/1907 5126/602/1907 5125/604/1907
f 5106/361/1907 5107/363/1907 5127/600/1907 5126/602/1907
f 5107/363/1907 5108/365/1907 5128/598/1907 5127/600/1907
f 5108/365/1907 5089/327/1907 5109/596/1907 5128/598/1907
f 5109/367/1908 5110/368/1909 5701/653/1910 5702/654/1911
f 5110/368/1909 5111/371/1912 5700/655/1913 5701/653/1910
f 5111/371/1912 5112/373/1914 5699/656/1915 5700/655/1913
f 5112/373/1914 5113/375/1916 5698/657/1917 5699/656/1915
f 5113/375/1916 5114/377/1918 5697/658/1919 5698/657/1917
f 5114/377/1918 5115/379/1920 5696/659/1921 5697/658/1919
f 5115/379/1920 5116/381/1922 5695/660/1923 5696/659/1921
f 5116/381/1922 5117/383/1924 5694/661/1925 5695/660/1923
f 5117/383/1924 5118/385/1926 5693/662/1927 5694/661/1925
f 5118/385/1926 5119/387/1928 5692/663/1929 5693/662/1927
f 5119/387/1928 5120/389/1930 5691/664/1931 5692/663/1929
f 5120/389/1930 5121/391/1932 5710/665/1933 5691/664/1931
f 5121/391/1932 5122/393/1934 5709/666/1935 5710/665/1933
f 5122/393/1934 5123/395/1936 5708/667/1937 5709/666/1935
f 5708/667/1937 5123/395/1936 5124/397/1938 5707/668/1939
f 5124/397/1938 5125/399/1940 5706/669/1941 5707/668/1939
f 5125/399/1940 5126/401/1942 5705/670/1943 5706/669/1941
f 5126/401/1942 5127/403/1944 5704/671/1945 5705/670/1943
f 5127/403/1944 5128/405/1946 5703/672/1947 5704/671/1945
f 5128/405/1946 5109/407/1908 5702/673/1911 5703/672/1947
f 5129/409/1948 5130/410/1948 5721/674/1948 5722/675/1948
f 5130/410/1948 5131/413/1948 5720/676/1948 5721/674/1948
f 5131/413/1948 5132/415/1948 5719/677/1948 5720/676/1948
f 5132/415/1948 5133/417/1948 5718/678/1948 5719/677/1948
f 5133/417/1948 5134/419/1948 5717/679/1948 5718/678/1948
f 5134/419/1948 5135/421/1948 5716/680/1948 5717/679/1948
f 5135/421/1948 5136/423/1948 5715/681/1948 5716/680/1948
f 5136/423/1948 5137/425/1948 5714/682/1948 5715/681/1948
f 5137/425/1948 5138/427/1948 5713/683/1948 5714/682/1948
f 5138/427/1948 5139/429/1948 5712/684/1948 5713/683/1948
f 5139/429/1948 5140/431/1948 5711/685/1948 5712/684/1948
f 5140/431/1948 5141/433/1948 5730/686/1948 5711/685/1948
f 5141/433/1948 5142/435/1948 5729/687/1948 5730/686/1948
f 5142/435/1948 5143/437/1948 5728/688/1948 5729/687/1948
f 5728/688/1948 5143/437/1948 5144/439/1948 5727/689/1948
f 5144/439/1948 5145/441/1948 5726/690/1948 5727/689/1948
f 5145/441/1948 5146/443/1948 5725/691/1948 5726/690/1948
f 5146/443/1948 5147/445/1948 5724/692/1948 5725/691/1948
f 5147/445/1948 5148/447/1948 5723/693/1948 5724/692/1948
f 5148/447/1948 5129/409/1948 5722/675/1948 5723/693/1948
f 5090/328/1907 5089/327/1907 5149/694/1907
f 5091/331/1907 5090/328/1907 5149/694/1907
f 5092/333/1907 5091/331/1907 5149/694/1907
f 5093/335/1907 5092/333/1907 5149/694/1907
f 5094/337/1907 5093/335/1907 5149/694/1907
f 5095/339/1907 5094/337/1907 5149/694/1907
f 5096/341/1907 5095/339/1907 5149/694/1907
f 5097/343/1907 5096/341/1907 5149/694/1907
f 5098/345/1907 5097/343/1907 5149/694/1907
f 5099/347/1907 5098/345/1907 5149/694/1907
f 5100/349/1907 5099/347/1907 5149/694/1907
f 5101/351/1907 5100/349/1907 5149/694/1907
f 5102/353/1907 5101/351/1907 5149/694/1907
f 5103/355/1907 5102/353/1907 5149/694/1907
f 5104/357/1907 5103/355/1907 5149/694/1907
f 5105/359/1907 5104/357/1907 5149/694/1907
f 5106/361/1907 5105/359/1907 5149/694/1907
f 5107/363/1907 5106/361/1907 5149/694/1907
f 5108/365/1907 5107/363/1907 5149/694/1907
f 5089/327/1907 5108/365/1907 5149/694/1907
f 5390/638/1949 5391/640/1950 5392/695/1948
f 5391/640/1950 5393/642/1951 5392/695/1948
f 5393/642/1951 5394/644/1952 5392/695/1948
f 5394/644/1952 5395/646/1953 5392/695/1948
f 5395/646/1953 5396/648/1954 5392/695/1948
f 5396/648/1954 5397/650/1955 5392/695/1948
f 5397/650/1955 5398/652/1956 5392/695/1948
f 5398/652/1956 5399/615/1957 5392/695/1948
f 5399/615/1957 5400/616/1958 5392/695/1948
f 5400/616/1958 5401/618/1959 5392/695/1948
f 5401/618/1959 5402/620/1960 5392/695/1948
f 5402/620/1960 5403/622/1961 5392/695/1948
f 5403/622/1961 5404/624/1962 5392/695/1948
f 5404/624/1962 5405/626/1963 5392/695/1948
f 5405/626/1963 5406/628/1964 5392/695/1948
f 5406/628/1964 5407/630/1965 5392/695/1948
f 5407/630/1965 5408/632/1966 5392/695/1948
f 5408/632/1966 5409/634/1967 5392/695/1948
f 5409/634/1967 5410/636/1968 5392/695/1948
f 5410/636/1968 5390/638/1949 5392/695/1948
f 5211/696/1969 5210/697/1969 5341/698/1969 5342/699/1969
f 5212/700/1948 5211/696/1969 5342/699/1969 5343/701/1948
f 5213/702/1948 5212/700/1948 5343/701/1948 5344/703/1948
f 5214/704/1948 5213/702/1948 5344/703/1948 5345/705/1948
f 5215/706/1948 5214/704/1948 5345/705/1948 5346/707/1948
f 5216/708/1948 5215/706/1948 5346/707/1948 5347/709/1948
f 5217/710/1948 5216/708/1948 5347/709/1948 5348/711/1948
f 5218/712/1948 5217/710/1948 5348/711/1948 5349/713/1948
f 5219/714/1948 5218/712/1948 5349/713/1948 5330/715/1948
f 5220/716/1948 5219/714/1948 5330/715/1948 5331/717/1948
f 5221/718/1948 5220/716/1948 5331/717/1948 5332/719/1948
f 5222/720/1948 5221/718/1948 5332/719/1948 5333/721/1948
f 5223/722/1948 5222/720/1948 5333/721/1948 5334/723/1948
f 5224/724/1948 5223/722/1948 5334/723/1948 5335/725/1948
f 5225/726/1948 5224/724/1948 5335/725/1948 5336/727/1948
f 5226/728/1948 5225/726/1948 5336/727/1948 5337/729/1948
f 5227/730/1970 5226/728/1948 5337/729/1948 5338/731/1970
f 5228/732/1970 5227/730/1970 5338/731/1970 5339/733/1970
f 5229/734/1970 5228/732/1970 5339/733/1970 5340/735/1970
f 5210/697/1969 5229/734/1970 5340/735/1970 5341/698/1969
f 5191/736/1971 5190/737/1972 5320/738/1973 5321/739/1974
f 5192/740/1975 5191/736/1971 5321/739/1974 5322/741/1976
f 5193/742/1977 5192/740/1975 5322/741/1976 5323/743/1978
f 5194/744/1979 5193/742/1977 5323/743/1978 5324/745/1980
f 5195/746/1981 5194/744/1979 5324/745/1980 5325/747/1982
f 5196/748/1983 5195/746/1981 5325/747/1982 5326/749/1984
f 5197/750/1985 5196/748/1983 5326/749/1984 5327/751/1986
f 5198/752/1987 5197/750/1985 5327/751/1986 5328/753/1988
f 5199/754/1989 5198/752/1987 5328/753/1988 5329/755/1990
f 5200/756/1991 5199/754/1989 5329/755/1990 5310/757/1992
f 5201/758/1993 5200/756/1991 5310/757/1992 5311/759/1994
f 5202/760/1995 5201/758/1993 5311/759/1994 5312/761/1996
f 5203/762/1997 5202/760/1995 5312/761/1996 5313/763/1998
f 5204/764/1999 5203/762/1997 5313/763/1998 5314/765/2000
f 5205/766/2001 5204/764/1999 5314/765/2000 5315/767/2002
f 5206/768/2003 5205/766/2001 5315/767/2002 5316/769/2004
f 5207/770/2005 5206/768/2003 5316/769/2004 5317/771/2006
f 5208/772/2007 5207/770/2005 5317/771/2006 5318/773/2008
f 5209/774/2009 5208/772/2007 5318/773/2008 5319/775/2010
f 5190/737/1972 5209/774/2009 5319/775/2010 5320/738/1973
f 5151/736/2011 5150/737/1940 5646/776/2012 5647/736/2013
f 5152/740/1936 5151/736/2011 5647/736/2013 5648/740/2014
f 5153/742/1934 5152/740/1936 5648/740/2014 5649/742/2015
f 5154/744/1932 5153/742/1934 5649/742/2015 5650/744/2016
f 5155/746/1930 5154/744/1932 5650/744/2016 5631/746/2017
f 5156/748/1928 5155/746/1930 5631/746/2017 5632/777/2018
f 5157/750/1926 5156/748/1928 5632/777/2018 5633/750/2019
f 5158/752/2020 5157/750/1926 5633/750/2019 5634/778/2021
f 5159/754/1922 5158/752/2020 5634/778/2021 5635/754/2022
f 5160/756/1920 5159/754/1922 5635/754/2022 5636/756/2023
f 5161/758/1918 5160/756/1920 5636/756/2023 5637/779/2024
f 5162/760/1916 5161/758/1918 5637/779/2024 5638/760/2025
f 5163/762/1914 5162/760/1916 5638/760/2025 5639/762/2026
f 5164/764/1912 5163/762/1914 5639/762/2026 5640/764/2027
f 5165/766/1909 5164/764/1912 5640/764/2027 5641/766/2028
f 5166/768/1908 5165/766/1909 5641/766/2028 5642/768/2029
f 5167/770/1946 5166/768/1908 5642/768/2029 5643/770/2030
f 5168/772/1944 5167/770/1946 5643/770/2030 5644/772/2031
f 5169/774/1942 5168/772/1944 5644/772/2031 5645/780/2032
f 5150/737/1940 5169/774/1942 5645/780/2032 5646/776/2012
f 5171/696/2033 5170/697/2033 5210/697/2033 5211/696/2033
f 5172/700/2034 5171/696/2034 5211/696/2034 5212/700/2034
f 5173/702/2035 5172/700/2035 5212/700/2035 5213/702/2035
f 5174/704/2036 5173/702/2036 5213/702/2036 5214/704/2036
f 5175/706/2037 5174/704/2037 5214/704/2037 5215/706/2037
f 5176/708/2038 5175/706/2038 5215/706/2038 5216/708/2038
f 5177/710/2039 5176/708/2039 5216/708/2039 5217/710/2039
f 5178/712/2040 5177/710/2040 5217/710/2040 5218/712/2040
f 5179/714/2041 5178/712/2041 5218/712/2041 5219/714/2041
f 5180/716/2042 5179/714/2042 5219/714/2042 5220/716/2042
f 5181/718/2043 5180/716/2043 5220/716/2043 5221/718/2043
f 5182/720/2044 5181/718/2044 5221/718/2044 5222/720/2044
f 5183/722/2045 5182/720/2045 5222/720/2045 5223/722/2045
f 5184/724/2046 5183/722/2046 5223/722/2046 5224/724/2046
f 5185/726/2047 5184/724/2047 5224/724/2047 5225/726/2047
f 5186/728/2048 5185/726/2048 5225/726/2048 5226/728/2048
f 5187/730/2049 5186/728/2049 5226/728/2049 5227/730/2049
f 5188/732/2050 5187/730/2050 5227/730/2050 5228/732/2050
f 5189/734/2051 5188/732/2051 5228/732/2051 5229/734/2051
f 5170/697/2052 5189/734/2052 5229/734/2052 5210/697/2052
f 5251/742/1934 5250/740/1936 5252/740/2053 5253/742/2054
f 5254/744/2055 5251/742/1934 5253/742/2054 5255/744/2056
f 5256/746/1930 5254/744/2055 5255/744/2056 5257/746/2057
f 5258/777/1928 5256/746/1930 5257/746/2057 5259/748/2058
f 5260/750/1926 5258/777/1928 5259/748/2058 5261/750/2059
f 5262/778/2020 5260/750/1926 5261/750/2059 5263/752/2060
f 5264/754/1922 5262/778/2020 5263/752/2060 5265/754/2061
f 5266/756/1920 5264/754/1922 5265/754/2061 5267/756/2062
f 5268/758/1918 5266/756/1920 5267/756/2062 5269/758/2063
f 5270/760/1916 5268/758/1918 5269/758/2063 5271/760/2064
f 5272/762/1914 5270/760/1916 5271/760/2064 5273/762/2065
f 5274/764/2066 5272/762/1914 5273/762/2065 5275/764/2067
f 5276/766/1909 5274/764/2066 5275/764/2067 5277/766/2068
f 5278/768/1908 5276/766/1909 5277/766/2068 5279/768/2069
f 5280/770/1946 5278/768/1908 5279/768/2069 5281/770/2070
f 5282/772/1944 5280/770/1946 5281/770/2070 5283/772/2071
f 5284/774/1942 5282/772/1944 5283/772/2071 5285/774/2072
f 5286/737/1940 5284/774/1942 5285/774/2072 5287/737/2073
f 5288/736/2011 5286/737/1940 5287/737/2073 5289/736/2074
f 5250/740/1936 5288/736/2011 5289/736/2074 5252/740/2053
f 5601/742/2075 5231/742/2076 5230/740/2077 5600/740/2078
f 5192/740/1975 5193/742/1977 5297/742/2079 5298/740/2080
f 5602/744/2081 5232/744/2082 5231/742/2076 5601/742/2075
f 5193/742/1977 5194/744/1979 5296/744/2083 5297/742/2079
f 5603/746/2084 5233/746/2085 5232/744/2082 5602/744/2081
f 5194/744/1979 5195/746/1981 5295/746/2086 5296/744/2083
f 5604/777/2087 5234/777/2088 5233/746/2085 5603/746/2084
f 5195/746/1981 5196/748/1983 5294/748/2089 5295/746/2086
f 5605/781/2090 5235/750/2091 5234/777/2088 5604/777/2087
f 5196/748/1983 5197/750/1985 5293/750/2092 5294/748/2089
f 5606/778/2093 5236/778/2094 5235/750/2091 5605/781/2090
f 5197/750/1985 5198/752/1987 5292/752/2095 5293/750/2092
f 5607/754/2096 5237/754/2097 5236/778/2094 5606/778/2093
f 5198/752/1987 5199/754/1989 5291/754/2098 5292/752/2095
f 5608/756/2099 5238/756/2100 5237/754/2097 5607/754/2096
f 5199/754/1989 5200/756/1991 5290/782/2101 5291/754/2098
f 5609/758/2102 5239/758/2103 5238/756/2100 5608/756/2099
f 5200/756/1991 5201/758/1993 5309/779/2104 5290/782/2101
f 5610/760/2105 5240/760/2106 5239/758/2103 5609/758/2102
f 5201/758/1993 5202/760/1995 5308/760/2107 5309/779/2104
f 5610/760/2105 5591/762/2108 5241/762/2109 5240/760/2106
f 5202/760/1995 5203/762/1997 5307/762/2110 5308/760/2107
f 5592/783/2111 5242/764/2112 5241/762/2109 5591/762/2108
f 5203/762/1997 5204/764/1999 5306/764/2113 5307/762/2110
f 5593/784/2114 5243/766/2115 5242/764/2112 5592/783/2111
f 5204/764/1999 5205/766/2001 5305/766/2116 5306/764/2113
f 5594/768/2117 5244/768/2118 5243/766/2115 5593/784/2114
f 5205/766/2001 5206/768/2003 5304/768/2119 5305/766/2116
f 5595/785/2120 5245/770/2121 5244/768/2118 5594/768/2117
f 5206/768/2003 5207/770/2005 5303/770/2122 5304/768/2119
f 5596/772/2123 5246/772/2124 5245/770/2121 5595/785/2120
f 5207/770/2005 5208/772/2007 5302/772/2125 5303/770/2122
f 5247/774/2126 5246/772/2124 5596/772/2123 5597/774/2127
f 5208/772/2007 5209/774/2009 5301/786/2128 5302/772/2125
f 5598/737/2129 5248/737/2130 5247/774/2126 5597/774/2127
f 5209/774/2009 5190/737/1972 5300/737/2131 5301/786/2128
f 5599/736/2132 5249/736/2133 5248/737/2130 5598/737/2129
f 5190/737/1972 5191/736/1971 5299/736/2134 5300/737/2131
f 5600/740/2078 5230/740/2077 5249/736/2133 5599/736/2132
f 5191/736/1971 5192/740/1975 5298/740/2080 5299/736/2134
f 5291/754/2098 5290/782/2101 5267/756/2135 5265/754/2136
f 5292/752/2095 5291/754/2098 5265/754/2136 5263/752/2137
f 5293/750/2092 5292/752/2095 5263/752/2137 5261/750/2138
f 5294/748/2089 5293/750/2092 5261/750/2138 5259/748/2139
f 5295/746/2086 5294/748/2089 5259/748/2139 5257/746/2140
f 5296/744/2083 5295/746/2086 5257/746/2140 5255/744/2141
f 5297/742/2079 5296/744/2083 5255/744/2141 5253/742/2142
f 5298/740/2080 5297/742/2079 5253/742/2142 5252/740/2143
f 5299/736/2134 5298/740/2080 5252/740/2143 5289/736/2144
f 5300/737/2131 5299/736/2134 5289/736/2144 5287/737/2145
f 5301/786/2128 5300/737/2131 5287/737/2145 5285/774/2146
f 5302/772/2125 5301/786/2128 5285/774/2146 5283/772/2147
f 5303/770/2122 5302/772/2125 5283/772/2147 5281/770/2148
f 5304/768/2119 5303/770/2122 5281/770/2148 5279/768/2149
f 5305/766/2116 5304/768/2119 5279/768/2149 5277/766/2150
f 5306/764/2113 5305/766/2116 5277/766/2150 5275/764/2151
f 5307/762/2110 5306/764/2113 5275/764/2151 5273/762/2152
f 5308/760/2107 5307/762/2110 5273/762/2152 5271/760/2153
f 5309/779/2104 5308/760/2107 5271/760/2153 5269/758/2154
f 5290/782/2101 5309/779/2104 5269/758/2154 5267/756/2135
f 5311/759/1994 5310/757/1992 5833/787/2155 5834/788/2156
f 5312/761/1996 5311/759/1994 5834/788/2156 5835/789/2157
f 5313/763/1998 5312/761/1996 5835/789/2157 5836/790/2158
f 5314/765/2000 5313/763/1998 5836/790/2158 5837/791/2159
f 5315/767/2002 5314/765/2000 5837/791/2159 5838/792/2160
f 5316/769/2004 5315/767/2002 5838/792/2160 5839/793/2161
f 5317/771/2006 5316/769/2004 5839/793/2161 5840/794/2162
f 5318/773/2008 5317/771/2006 5840/794/2162 5841/795/2163
f 5319/775/2010 5318/773/2008 5841/795/2163 5842/796/2164
f 5320/738/1973 5319/775/2010 5842/796/2164 5843/797/2165
f 5321/739/1974 5320/738/1973 5843/797/2165 5844/798/2166
f 5322/741/1976 5321/739/1974 5844/798/2166 5845/799/2167
f 5323/743/1978 5322/741/1976 5845/799/2167 5846/800/2168
f 5324/745/1980 5323/743/1978 5846/800/2168 5847/801/2169
f 5325/747/1982 5324/745/1980 5847/801/2169 5848/802/2170
f 5326/749/1984 5325/747/1982 5848/802/2170 5849/803/2171
f 5327/751/1986 5326/749/1984 5849/803/2171 5850/804/2172
f 5328/753/1988 5327/751/1986 5850/804/2172 5831/805/2173
f 5329/755/1990 5328/753/1988 5831/805/2173 5832/806/2174
f 5310/757/1992 5329/755/1990 5832/806/2174 5833/787/2155
f 5371/717/2175 5370/715/2176 5577/807/2177 5578/808/2178
f 5372/719/2179 5371/717/2175 5578/808/2178 5579/809/2180
f 5373/721/2181 5372/719/2179 5579/809/2180 5580/810/2182
f 5374/723/2183 5373/721/2181 5580/810/2182 5581/811/2184
f 5375/725/2185 5374/723/2183 5581/811/2184 5582/812/2186
f 5376/727/2187 5375/725/2185 5582/812/2186 5583/813/2188
f 5377/729/2189 5376/727/2187 5583/813/2188 5584/814/2190
f 5378/731/2191 5377/729/2189 5584/814/2190 5585/815/2192
f 5379/733/2193 5378/731/2191 5585/815/2192 5586/816/2194
f 5380/735/2195 5379/733/2193 5586/816/2194 5587/817/2196
f 5381/698/2197 5380/735/2195 5587/817/2196 5588/818/2198
f 5382/699/2199 5381/698/2197 5588/818/2198 5589/819/2200
f 5383/701/2201 5382/699/2199 5589/819/2200 5590/820/2202
f 5384/703/2203 5383/701/2201 5590/820/2202 5571/821/2204
f 5385/705/2205 5384/703/2203 5571/821/2204 5572/822/2206
f 5386/707/2207 5385/705/2205 5572/822/2206 5573/823/2208
f 5387/709/2209 5386/707/2207 5573/823/2208 5574/824/2210
f 5388/711/2211 5387/709/2209 5574/824/2210 5575/825/2212
f 5389/713/2213 5388/711/2211 5575/825/2212 5576/826/2214
f 5370/715/2176 5389/713/2213 5576/826/2214 5577/807/2177
f 5331/717/2215 5330/715/2216 5497/827/2217 5498/717/2218
f 5332/719/2219 5331/717/2215 5498/717/2218 5499/719/2220
f 5333/721/2221 5332/719/2219 5499/719/2220 5500/721/2222
f 5334/723/2223 5333/721/2221 5500/721/2222 5501/723/2224
f 5335/725/2225 5334/723/2223 5501/723/2224 5502/725/2226
f 5336/727/2227 5335/725/2225 5502/725/2226 5503/727/2228
f 5337/729/2229 5336/727/2227 5503/727/2228 5504/729/2230
f 5338/731/2231 5337/729/2229 5504/729/2230 5505/731/2232
f 5339/733/2233 5338/731/2231 5505/731/2232 5506/828/2234
f 5340/735/2235 5339/733/2233 5506/828/2234 5507/735/2236
f 5341/698/2237 5340/735/2235 5507/735/2236 5508/698/2238
f 5342/699/2239 5341/698/2237 5508/698/2238 5509/699/2240
f 5343/701/2241 5342/699/2239 5509/699/2240 5510/701/2242
f 5344/703/2243 5343/701/2241 5510/701/2242 5491/703/2244
f 5345/705/2245 5344/703/2243 5491/703/2244 5492/705/2246
f 5346/707/2247 5345/705/2245 5492/705/2246 5493/707/2248
f 5347/709/2249 5346/707/2247 5493/707/2248 5494/709/2250
f 5348/711/2251 5347/709/2249 5494/709/2250 5495/829/2252
f 5349/713/2253 5348/711/2251 5495/829/2252 5496/713/2254
f 5330/715/2216 5349/713/2253 5496/713/2254 5497/827/2217
f 5350/638/2255 5351/640/2256 5545/640/2257 5546/830/2258
f 5351/640/2256 5352/642/2259 5544/831/2260 5545/640/2257
f 5352/642/2259 5353/644/2261 5543/644/2262 5544/831/2260
f 5353/644/2261 5354/646/2263 5542/646/2264 5543/644/2262
f 5354/646/2263 5355/648/2265 5541/832/2266 5542/646/2264
f 5355/648/2265 5356/650/2267 5540/833/2268 5541/832/2266
f 5356/650/2267 5357/652/2269 5539/652/2270 5540/833/2268
f 5357/652/2269 5358/615/2271 5538/834/2272 5539/652/2270
f 5358/615/2271 5359/616/2273 5537/616/2274 5538/834/2272
f 5359/616/2273 5360/618/2275 5536/618/2276 5537/616/2274
f 5360/618/2275 5361/620/2277 5535/620/2278 5536/618/2276
f 5361/620/2277 5362/622/2279 5534/835/2280 5535/620/2278
f 5362/622/2279 5363/624/2281 5533/836/2282 5534/835/2280
f 5363/624/2281 5364/626/2283 5532/626/2284 5533/836/2282
f 5364/626/2283 5365/628/2285 5531/628/2286 5532/626/2284
f 5365/628/2285 5366/630/2287 5550/837/2288 5531/628/2286
f 5366/630/2287 5367/632/2289 5549/632/2290 5550/837/2288
f 5367/632/2289 5368/634/2291 5548/838/2292 5549/632/2290
f 5368/634/2291 5369/636/2293 5547/636/2294 5548/838/2292
f 5369/636/2293 5350/638/2255 5546/830/2258 5547/636/2294
f 5412/742/2295 5411/740/2296 5668/740/1937 5669/742/1935
f 5413/744/2297 5412/742/2295 5669/742/1935 5670/744/1933
f 5414/746/2298 5413/744/2297 5670/744/1933 5651/746/1931
f 5415/748/2299 5414/746/2298 5651/746/1931 5652/777/1929
f 5416/750/2300 5415/748/2299 5652/777/1929 5653/750/1927
f 5417/752/2301 5416/750/2300 5653/750/1927 5654/778/1925
f 5418/754/2302 5417/752/2301 5654/778/1925 5655/754/1923
f 5419/756/2303 5418/754/2302 5655/754/1923 5656/756/1921
f 5420/758/2304 5419/756/2303 5656/756/1921 5657/758/1919
f 5421/760/2305 5420/758/2304 5657/758/1919 5658/760/2306
f 5422/762/2307 5421/760/2305 5658/760/2306 5659/762/1915
f 5423/764/2308 5422/762/2307 5659/762/1915 5660/764/1913
f 5424/766/2309 5423/764/2308 5660/764/1913 5661/766/1910
f 5425/768/2310 5424/766/2309 5661/766/1910 5662/768/1911
f 5426/770/2311 5425/768/2310 5662/768/1911 5663/770/1947
f 5427/772/2312 5426/770/2311 5663/770/1947 5664/772/1945
f 5428/774/2313 5427/772/2312 5664/772/1945 5665/774/1943
f 5429/776/2314 5428/774/2313 5665/774/1943 5666/776/1941
f 5430/736/2315 5429/776/2314 5666/776/1941 5667/736/2316
f 5411/740/2296 5430/736/2315 5667/736/2316 5668/740/1937
f 5432/742/1935 5431/740/1937 5451/740/1937 5452/742/1935
f 5433/744/1933 5432/742/1935 5452/742/1935 5453/744/1933
f 5434/746/1931 5433/744/1933 5453/744/1933 5454/746/1931
f 5435/777/1929 5434/746/1931 5454/746/1931 5455/777/1929
f 5436/750/1927 5435/777/1929 5455/777/1929 5456/750/1927
f 5437/778/1925 5436/750/1927 5456/750/1927 5457/778/1925
f 5438/754/1923 5437/778/1925 5457/778/1925 5458/754/1923
f 5439/756/1921 5438/754/1923 5458/754/1923 5459/756/1921
f 5440/758/1919 5439/756/1921 5459/756/1921 5460/758/1919
f 5441/760/2306 5440/758/1919 5460/758/1919 5461/760/2306
f 5442/762/1915 5441/760/2306 5461/760/2306 5462/762/1915
f 5443/764/1913 5442/762/1915 5462/762/1915 5463/764/1913
f 5444/766/1910 5443/764/1913 5463/764/1913 5464/766/1910
f 5445/768/1911 5444/766/1910 5464/766/1910 5465/768/1911
f 5446/770/1947 5445/768/1911 5465/768/1911 5466/770/1947
f 5447/772/1945 5446/770/1947 5466/770/1947 5467/839/1945
f 5448/774/1943 5447/772/1945 5467/839/1945 5468/774/1943
f 5449/776/1941 5448/774/1943 5468/774/1943 5469/737/1941
f 5450/736/2316 5449/776/1941 5469/737/1941 5470/736/2316
f 5431/740/1937 5450/736/2316 5470/736/2316 5451/740/1937
f 5452/742/1935 5451/740/1937 5620/740/1937 5621/742/1935
f 5453/744/1933 5452/742/1935 5621/742/1935 5622/744/1933
f 5454/746/1931 5453/744/1933 5622/744/1933 5623/746/1931
f 5455/777/1929 5454/746/1931 5623/746/1931 5624/777/1929
f 5456/750/1927 5455/777/1929 5624/777/1929 5625/750/1927
f 5457/778/1925 5456/750/1927 5625/750/1927 5626/778/1925
f 5458/754/1923 5457/778/1925 5626/778/1925 5627/754/1923
f 5459/756/1921 5458/754/1923 5627/754/1923 5628/756/1921
f 5460/758/1919 5459/756/1921 5628/756/1921 5629/758/1919
f 5461/760/2306 5460/758/1919 5629/758/1919 5630/760/2306
f 5462/762/1915 5461/760/2306 5630/760/2306 5611/762/1915
f 5463/764/1913 5462/762/1915 5611/762/1915 5612/764/1913
f 5464/766/1910 5463/764/1913 5612/764/1913 5613/766/1910
f 5465/768/1911 5464/766/1910 5613/766/1910 5614/768/1911
f 5466/770/1947 5465/768/1911 5614/768/1911 5615/770/1947
f 5467/839/1945 5466/770/1947 5615/770/1947 5616/839/1945
f 5617/774/1943 5468/774/1943 5467/839/1945 5616/839/1945
f 5469/737/1941 5468/774/1943 5617/774/1943 5618/737/1941
f 5470/736/2316 5469/737/1941 5618/737/1941 5619/736/2316
f 5451/740/1937 5470/736/2316 5619/736/2316 5620/740/1937
f 5472/705/2317 5471/703/2244 5384/703/2318 5385/705/2319
f 5473/707/2320 5472/705/2317 5385/705/2319 5386/707/2321
f 5474/709/2322 5473/707/2320 5386/707/2321 5387/709/2323
f 5475/711/2324 5474/709/2322 5387/709/2323 5388/711/2325
f 5476/713/2254 5475/711/2324 5388/711/2325 5389/713/2326
f 5477/715/2217 5476/713/2254 5389/713/2326 5370/715/2327
f 5478/717/2218 5477/715/2217 5370/715/2327 5371/717/2328
f 5479/719/2220 5478/717/2218 5371/717/2328 5372/719/2329
f 5480/840/2222 5479/719/2220 5372/719/2329 5373/721/2330
f 5481/723/2224 5480/840/2222 5373/721/2330 5374/723/2331
f 5482/841/2226 5481/723/2224 5374/723/2331 5375/725/2332
f 5483/727/2333 5482/841/2226 5375/725/2332 5376/727/2334
f 5484/729/2335 5483/727/2333 5376/727/2334 5377/729/2336
f 5485/731/2337 5484/729/2335 5377/729/2336 5378/731/2338
f 5486/733/2339 5485/731/2337 5378/731/2338 5379/733/2340
f 5487/735/2341 5486/733/2339 5379/733/2340 5380/735/2342
f 5488/698/2238 5487/735/2341 5380/735/2342 5381/698/2343
f 5489/699/2240 5488/698/2238 5381/698/2343 5382/699/2344
f 5490/701/2242 5489/699/2240 5382/699/2344 5383/701/2345
f 5471/703/2244 5490/701/2242 5383/701/2345 5384/703/2318
f 5492/705/2246 5491/703/2244 5863/842/2346 5864/843/2347
f 5493/707/2248 5492/705/2246 5864/843/2347 5865/844/2320
f 5494/709/2250 5493/707/2248 5865/844/2320 5866/709/2322
f 5495/829/2252 5494/709/2250 5866/709/2322 5867/829/2324
f 5496/713/2254 5495/829/2252 5867/829/2324 5868/845/2254
f 5497/827/2217 5496/713/2254 5868/845/2254 5869/827/2217
f 5498/717/2218 5497/827/2217 5869/827/2217 5870/717/2218
f 5499/719/2220 5498/717/2218 5870/717/2218 5851/846/2220
f 5500/721/2222 5499/719/2220 5851/846/2220 5852/847/2222
f 5501/723/2224 5500/721/2222 5852/847/2222 5853/848/2224
f 5502/725/2226 5501/723/2224 5853/848/2224 5854/849/2226
f 5503/727/2228 5502/725/2226 5854/849/2226 5855/850/2228
f 5504/729/2230 5503/727/2228 5855/850/2228 5856/729/2348
f 5505/731/2232 5504/729/2230 5856/729/2348 5857/731/2349
f 5506/828/2234 5505/731/2232 5857/731/2349 5858/851/2350
f 5507/735/2236 5506/828/2234 5858/851/2350 5859/735/2341
f 5508/698/2238 5507/735/2236 5859/735/2341 5860/698/2238
f 5509/699/2240 5508/698/2238 5860/698/2238 5861/852/2240
f 5510/701/2242 5509/699/2240 5861/852/2240 5862/853/2242
f 5491/703/2244 5510/701/2242 5862/853/2242 5863/842/2346
f 5512/854/2317 5511/703/2244 5471/703/2244 5472/705/2317
f 5513/707/2320 5512/854/2317 5472/705/2317 5473/707/2320
f 5514/855/2322 5513/707/2320 5473/707/2320 5474/709/2322
f 5515/829/2324 5514/855/2322 5474/709/2322 5475/711/2324
f 5516/856/2254 5515/829/2324 5475/711/2324 5476/713/2254
f 5517/827/2217 5516/856/2254 5476/713/2254 5477/715/2217
f 5518/857/2218 5517/827/2217 5477/715/2217 5478/717/2218
f 5519/719/2220 5518/857/2218 5478/717/2218 5479/719/2220
f 5520/840/2222 5519/719/2220 5479/719/2220 5480/840/2222
f 5521/723/2224 5520/840/2222 5480/840/2222 5481/723/2224
f 5522/841/2226 5521/723/2224 5481/723/2224 5482/841/2226
f 5523/727/2333 5522/841/2226 5482/841/2226 5483/727/2333
f 5524/858/2348 5523/727/2333 5483/727/2333 5484/729/2335
f 5525/859/2351 5524/858/2348 5484/729/2335 5485/731/2337
f 5526/860/2352 5525/859/2351 5485/731/2337 5486/733/2339
f 5527/735/2341 5526/860/2352 5486/733/2339 5487/735/2341
f 5528/861/2238 5527/735/2341 5487/735/2341 5488/698/2238
f 5529/699/2240 5528/861/2238 5488/698/2238 5489/699/2240
f 5530/862/2242 5529/699/2240 5489/699/2240 5490/701/2242
f 5511/703/2244 5530/862/2242 5490/701/2242 5471/703/2244
f 5532/626/2284 5531/628/2286 5406/628/2353 5405/626/2354
f 5533/836/2282 5532/626/2284 5405/626/2354 5404/624/2355
f 5534/835/2280 5533/836/2282 5404/624/2355 5403/622/2356
f 5535/620/2278 5534/835/2280 5403/622/2356 5402/620/2357
f 5536/618/2276 5535/620/2278 5402/620/2357 5401/618/2358
f 5537/616/2274 5536/618/2276 5401/618/2358 5400/616/2359
f 5538/834/2272 5537/616/2274 5400/616/2359 5399/615/2360
f 5539/652/2270 5538/834/2272 5399/615/2360 5398/652/2361
f 5540/833/2268 5539/652/2270 5398/652/2361 5397/650/2362
f 5541/832/2266 5540/833/2268 5397/650/2362 5396/648/2363
f 5542/646/2264 5541/832/2266 5396/648/2363 5395/646/2364
f 5543/644/2262 5542/646/2264 5395/646/2364 5394/644/2365
f 5544/831/2260 5543/644/2262 5394/644/2365 5393/642/2366
f 5545/640/2257 5544/831/2260 5393/642/2366 5391/640/2367
f 5546/830/2258 5545/640/2257 5391/640/2367 5390/638/2368
f 5547/636/2294 5546/830/2258 5390/638/2368 5410/636/2369
f 5548/838/2292 5547/636/2294 5410/636/2369 5409/634/2370
f 5549/632/2290 5548/838/2292 5409/634/2370 5408/632/2371
f 5550/837/2288 5549/632/2290 5408/632/2371 5407/630/2372
f 5531/628/2286 5550/837/2288 5407/630/2372 5406/628/2353
f 5552/863/2206 5551/864/2204 5364/626/2373 5363/624/2374
f 5553/865/2375 5552/863/2206 5363/624/2374 5362/622/2376
f 5554/866/2210 5553/865/2375 5362/622/2376 5361/620/2377
f 5555/867/2212 5554/866/2210 5361/620/2377 5360/618/2378
f 5556/868/2214 5555/867/2212 5360/618/2378 5359/616/2379
f 5557/869/2177 5556/868/2214 5359/616/2379 5358/615/2380
f 5558/870/2178 5557/869/2177 5358/615/2380 5357/652/2381
f 5559/871/2382 5558/870/2178 5357/652/2381 5356/650/2383
f 5560/872/2182 5559/871/2382 5356/650/2383 5355/648/2384
f 5561/873/2184 5560/872/2182 5355/648/2384 5354/646/2385
f 5562/874/2186 5561/873/2184 5354/646/2385 5353/644/2386
f 5563/875/2188 5562/874/2186 5353/644/2386 5352/642/2387
f 5564/876/2190 5563/875/2188 5352/642/2387 5351/640/2388
f 5565/877/2192 5564/876/2190 5351/640/2388 5350/638/2389
f 5566/878/2194 5565/877/2192 5350/638/2389 5369/636/2390
f 5567/879/2196 5566/878/2194 5369/636/2390 5368/634/2391
f 5568/880/2198 5567/879/2196 5368/634/2391 5367/632/2392
f 5569/881/2200 5568/880/2198 5367/632/2392 5366/630/2393
f 5570/882/2202 5569/881/2200 5366/630/2393 5365/628/2394
f 5551/864/2204 5570/882/2202 5365/628/2394 5364/626/2373
f 5572/822/2206 5571/821/2204 5551/864/2204 5552/863/2206
f 5573/823/2208 5572/822/2206 5552/863/2206 5553/865/2375
f 5574/824/2210 5573/823/2208 5553/865/2375 5554/866/2210
f 5575/825/2212 5574/824/2210 5554/866/2210 5555/867/2212
f 5576/826/2214 5575/825/2212 5555/867/2212 5556/868/2214
f 5577/807/2177 5576/826/2214 5556/868/2214 5557/869/2177
f 5578/808/2178 5577/807/2177 5557/869/2177 5558/870/2178
f 5579/809/2180 5578/808/2178 5558/870/2178 5559/871/2382
f 5580/810/2182 5579/809/2180 5559/871/2382 5560/872/2182
f 5581/811/2184 5580/810/2182 5560/872/2182 5561/873/2184
f 5582/812/2186 5581/811/2184 5561/873/2184 5562/874/2186
f 5583/813/2188 5582/812/2186 5562/874/2186 5563/875/2188
f 5584/814/2190 5583/813/2188 5563/875/2188 5564/876/2190
f 5585/815/2192 5584/814/2190 5564/876/2190 5565/877/2192
f 5586/816/2194 5585/815/2192 5565/877/2192 5566/878/2194
f 5587/817/2196 5586/816/2194 5566/878/2194 5567/879/2196
f 5588/818/2198 5587/817/2196 5567/879/2196 5568/880/2198
f 5589/819/2200 5588/818/2198 5568/880/2198 5569/881/2200
f 5590/820/2202 5589/819/2200 5569/881/2200 5570/882/2202
f 5571/821/2204 5590/820/2202 5570/882/2202 5551/864/2204
f 5781/783/2111 5592/783/2111 5591/762/2108 5780/762/2108
f 5782/766/2114 5593/784/2114 5592/783/2111 5781/783/2111
f 5783/768/2117 5594/768/2117 5593/784/2114 5782/766/2114
f 5784/770/2120 5595/785/2120 5594/768/2117 5783/768/2117
f 5785/772/2123 5596/772/2123 5595/785/2120 5784/770/2120
f 5597/774/2127 5596/772/2123 5785/772/2123 5786/786/2127
f 5787/737/2129 5598/737/2129 5597/774/2127 5786/786/2127
f 5788/736/2132 5599/736/2132 5598/737/2129 5787/737/2129
f 5789/740/2078 5600/740/2078 5599/736/2132 5788/736/2132
f 5790/742/2075 5601/742/2075 5600/740/2078 5789/740/2078
f 5790/742/2075 5771/744/2081 5602/744/2081 5601/742/2075
f 5772/746/2084 5603/746/2084 5602/744/2081 5771/744/2081
f 5773/777/2087 5604/777/2087 5603/746/2084 5772/746/2084
f 5774/750/2395 5605/781/2090 5604/777/2087 5773/777/2087
f 5775/778/2093 5606/778/2093 5605/781/2090 5774/750/2395
f 5776/754/2396 5607/754/2096 5606/778/2093 5775/778/2093
f 5777/756/2397 5608/756/2099 5607/754/2096 5776/754/2396
f 5778/779/2102 5609/758/2102 5608/756/2099 5777/756/2397
f 5779/760/2105 5610/760/2105 5609/758/2102 5778/779/2102
f 5780/762/2108 5591/762/2108 5610/760/2105 5779/760/2105
f 5612/764/1913 5611/762/1915 5760/762/1915 5761/764/1913
f 5613/766/1910 5612/764/1913 5761/764/1913 5762/766/1910
f 5614/768/1911 5613/766/1910 5762/766/1910 5763/768/1911
f 5615/770/1947 5614/768/1911 5763/768/1911 5764/770/1947
f 5616/839/1945 5615/770/1947 5764/770/1947 5765/839/1945
f 5766/774/2398 5617/774/1943 5616/839/1945 5765/839/1945
f 5618/737/1941 5617/774/1943 5766/774/2398 5767/737/1941
f 5619/736/2316 5618/737/1941 5767/737/1941 5768/736/1939
f 5620/740/1937 5619/736/2316 5768/736/1939 5769/740/2399
f 5621/742/1935 5620/740/1937 5769/740/2399 5770/742/2400
f 5622/744/1933 5621/742/1935 5770/742/2400 5751/744/1933
f 5623/746/1931 5622/744/1933 5751/744/1933 5752/746/1931
f 5624/777/1929 5623/746/1931 5752/746/1931 5753/777/1929
f 5625/750/1927 5624/777/1929 5753/777/1929 5754/750/1927
f 5626/778/1925 5625/750/1927 5754/750/1927 5755/778/1925
f 5627/754/1923 5626/778/1925 5755/778/1925 5756/754/1923
f 5628/756/1921 5627/754/1923 5756/754/1923 5757/756/1921
f 5629/758/1919 5628/756/1921 5757/756/1921 5758/758/1919
f 5630/760/2306 5629/758/1919 5758/758/1919 5759/760/1917
f 5611/762/1915 5630/760/2306 5759/760/1917 5760/762/1915
f 5632/777/2018 5631/746/2017 5414/746/2298 5415/748/2299
f 5633/750/2019 5632/777/2018 5415/748/2299 5416/750/2300
f 5634/778/2021 5633/750/2019 5416/750/2300 5417/752/2301
f 5635/754/2022 5634/778/2021 5417/752/2301 5418/754/2302
f 5636/756/2023 5635/754/2022 5418/754/2302 5419/756/2303
f 5637/779/2024 5636/756/2023 5419/756/2303 5420/758/2304
f 5638/760/2025 5637/779/2024 5420/758/2304 5421/760/2305
f 5639/762/2026 5638/760/2025 5421/760/2305 5422/762/2307
f 5640/764/2027 5639/762/2026 5422/762/2307 5423/764/2308
f 5641/766/2028 5640/764/2027 5423/764/2308 5424/766/2309
f 5642/768/2029 5641/766/2028 5424/766/2309 5425/768/2310
f 5643/770/2030 5642/768/2029 5425/768/2310 5426/770/2311
f 5644/772/2031 5643/770/2030 5426/770/2311 5427/772/2312
f 5645/780/2032 5644/772/2031 5427/772/2312 5428/774/2313
f 5646/776/2012 5645/780/2032 5428/774/2313 5429/776/2314
f 5647/736/2013 5646/776/2012 5429/776/2314 5430/736/2315
f 5648/740/2014 5647/736/2013 5430/736/2315 5411/740/2296
f 5649/742/2015 5648/740/2014 5411/740/2296 5412/742/2295
f 5650/744/2016 5649/742/2015 5412/742/2295 5413/744/2297
f 5631/746/2017 5650/744/2016 5413/744/2297 5414/746/2298
f 5652/777/1929 5651/746/1931 5434/746/1931 5435/777/1929
f 5653/750/1927 5652/777/1929 5435/777/1929 5436/750/1927
f 5654/778/1925 5653/750/1927 5436/750/1927 5437/778/1925
f 5655/754/1923 5654/778/1925 5437/778/1925 5438/754/1923
f 5656/756/1921 5655/754/1923 5438/754/1923 5439/756/1921
f 5657/758/1919 5656/756/1921 5439/756/1921 5440/758/1919
f 5658/760/2306 5657/758/1919 5440/758/1919 5441/760/2306
f 5659/762/1915 5658/760/2306 5441/760/2306 5442/762/1915
f 5660/764/1913 5659/762/1915 5442/762/1915 5443/764/1913
f 5661/766/1910 5660/764/1913 5443/764/1913 5444/766/1910
f 5662/768/1911 5661/766/1910 5444/766/1910 5445/768/1911
f 5663/770/1947 5662/768/1911 5445/768/1911 5446/770/1947
f 5664/772/1945 5663/770/1947 5446/770/1947 5447/772/1945
f 5665/774/1943 5664/772/1945 5447/772/1945 5448/774/1943
f 5666/776/1941 5665/774/1943 5448/774/1943 5449/776/1941
f 5667/736/2316 5666/776/1941 5449/776/1941 5450/736/2316
f 5668/740/1937 5667/736/2316 5450/736/2316 5431/740/1937
f 5669/742/1935 5668/740/1937 5431/740/1937 5432/742/1935
f 5670/744/1933 5669/742/1935 5432/742/1935 5433/744/1933
f 5651/746/1931 5670/744/1933 5433/744/1933 5434/746/1931
f 5672/883/1929 5671/884/1931 5915/885/1931 5916/886/2401
f 5673/887/1927 5672/883/1929 5916/886/2401 5917/888/2402
f 5674/889/1925 5673/887/1927 5917/888/2402 5918/890/2403
f 5675/891/1923 5674/889/1925 5918/890/2403 5919/892/2404
f 5676/893/1921 5675/891/1923 5919/892/2404 5920/894/2405
f 5677/895/1919 5676/893/1921 5920/894/2405 5921/896/1919
f 5678/897/2306 5677/895/1919 5921/896/1919 5922/898/1917
f 5679/899/1915 5678/897/2306 5922/898/1917 5923/900/2406
f 5680/901/1913 5679/899/1915 5923/900/2406 5924/902/2407
f 5681/903/1910 5680/901/1913 5924/902/2407 5925/904/2408
f 5682/905/1911 5681/903/1910 5925/904/2408 5926/906/1911
f 5683/907/1947 5682/908/1911 5926/909/1911 5927/910/2409
f 5684/911/1945 5683/907/1947 5927/910/2409 5928/912/2410
f 5685/913/1943 5684/911/1945 5928/912/2410 5929/914/1943
f 5686/915/1941 5685/913/1943 5929/914/1943 5930/916/1941
f 5687/917/2316 5686/915/1941 5930/916/1941 5911/918/2316
f 5912/919/2399 5688/920/2399 5687/917/2316 5911/918/2316
f 5689/921/1935 5688/920/2399 5912/919/2399 5913/922/1935
f 5690/923/1933 5689/921/1935 5913/922/1935 5914/924/1933
f 5671/884/1931 5690/923/1933 5914/924/1933 5915/885/1931
f 5692/663/1929 5691/664/1931 5898/925/1931 5899/926/1929
f 5693/662/1927 5692/663/1929 5899/926/1929 5900/927/1927
f 5694/661/1925 5693/662/1927 5900/927/1927 5901/928/1925
f 5695/660/1923 5694/661/1925 5901/928/1925 5902/929/1923
f 5696/659/1921 5695/660/1923 5902/929/1923 5903/930/1921
f 5697/658/1919 5696/659/1921 5903/930/1921 5904/931/1919
f 5698/657/1917 5697/658/1919 5904/931/1919 5905/932/2306
f 5699/656/1915 5698/657/1917 5905/932/2306 5906/933/1915
f 5700/655/1913 5699/656/1915 5906/933/1915 5907/934/1913
f 5701/653/1910 5700/655/1913 5907/934/1913 5908/935/1910
f 5702/654/1911 5701/653/1910 5908/935/1910 5909/936/1911
f 5703/672/1947 5702/673/1911 5909/937/1911 5910/938/1947
f 5704/671/1945 5703/672/1947 5910/938/1947 5891/939/1945
f 5705/670/1943 5704/671/1945 5891/939/1945 5892/940/1943
f 5706/669/1941 5705/670/1943 5892/940/1943 5893/941/1941
f 5707/668/1939 5706/669/1941 5893/941/1941 5894/942/2316
f 5895/943/2399 5708/667/1937 5707/668/1939 5894/942/2316
f 5709/666/1935 5708/667/1937 5895/943/2399 5896/944/1935
f 5710/665/1933 5709/666/1935 5896/944/1935 5897/945/1933
f 5691/664/1931 5710/665/1933 5897/945/1933 5898/925/1931
f 5712/684/1948 5711/685/1948 5731/946/2411 5732/947/2412
f 5713/683/1948 5712/684/1948 5732/947/2412 5733/948/2413
f 5714/682/1948 5713/683/1948 5733/948/2413 5734/949/2414
f 5715/681/1948 5714/682/1948 5734/949/2414 5735/950/2415
f 5716/680/1948 5715/681/1948 5735/950/2415 5736/951/2416
f 5717/679/1948 5716/680/1948 5736/951/2416 5737/952/2417
f 5718/678/1948 5717/679/1948 5737/952/2417 5738/953/2418
f 5719/677/1948 5718/678/1948 5738/953/2418 5739/954/2419
f 5720/676/1948 5719/677/1948 5739/954/2419 5740/955/2420
f 5721/674/1948 5720/676/1948 5740/955/2420 5741/956/2421
f 5722/675/1948 5721/674/1948 5741/956/2421 5742/957/2422
f 5723/693/1948 5722/675/1948 5742/957/2422 5743/958/2423
f 5724/692/1948 5723/693/1948 5743/958/2423 5744/959/2424
f 5725/691/1948 5724/692/1948 5744/959/2424 5745/960/2425
f 5726/690/1948 5725/691/1948 5745/960/2425 5746/961/2426
f 5727/689/1948 5726/690/1948 5746/961/2426 5747/962/2427
f 5748/963/2428 5728/688/1948 5727/689/1948 5747/962/2427
f 5729/687/1948 5728/688/1948 5748/963/2428 5749/964/2429
f 5730/686/1948 5729/687/1948 5749/964/2429 5750/965/2430
f 5711/685/1948 5730/686/1948 5750/965/2430 5731/946/2411
f 5732/947/2412 5731/946/2411 5155/746/1907 5156/748/1907
f 5733/948/2413 5732/947/2412 5156/748/1907 5157/750/1907
f 5734/949/2414 5733/948/2413 5157/750/1907 5158/752/1907
f 5735/950/2415 5734/949/2414 5158/752/1907 5159/754/1907
f 5736/951/2416 5735/950/2415 5159/754/1907 5160/756/1907
f 5737/952/2417 5736/951/2416 5160/756/1907 5161/758/1907
f 5738/953/2418 5737/952/2417 5161/758/1907 5162/760/1907
f 5739/954/2419 5738/953/2418 5162/760/1907 5163/762/1907
f 5740/955/2420 5739/954/2419 5163/762/1907 5164/764/1907
f 5741/956/2421 5740/955/2420 5164/764/1907 5165/766/1907
f 5742/957/2422 5741/956/2421 5165/766/1907 5166/768/1907
f 5743/958/2423 5742/957/2422 5166/768/1907 5167/770/1907
f 5744/959/2424 5743/958/2423 5167/770/1907 5168/772/1907
f 5745/960/2425 5744/959/2424 5168/772/1907 5169/774/1907
f 5746/961/2426 5745/960/2425 5169/774/1907 5150/737/1907
f 5747/962/2427 5746/961/2426 5150/737/1907 5151/736/1907
f 5152/740/1907 5748/963/2428 5747/962/2427 5151/736/1907
f 5749/964/2429 5748/963/2428 5152/740/1907 5153/742/1907
f 5750/965/2430 5749/964/2429 5153/742/1907 5154/744/1907
f 5731/946/2411 5750/965/2430 5154/744/1907 5155/746/1907
f 5752/746/1931 5751/744/1933 5886/744/1933 5887/746/1931
f 5753/777/1929 5752/746/1931 5887/746/1931 5888/777/2401
f 5754/750/1927 5753/777/1929 5888/777/2401 5889/750/1927
f 5755/778/1925 5754/750/1927 5889/750/1927 5890/778/2431
f 5756/754/1923 5755/778/1925 5890/778/2431 5871/754/1923
f 5757/756/1921 5756/754/1923 5871/754/1923 5872/756/1921
f 5758/758/1919 5757/756/1921 5872/756/1921 5873/758/2432
f 5759/760/1917 5758/758/1919 5873/758/2432 5874/760/2306
f 5760/762/1915 5759/760/1917 5874/760/2306 5875/762/2433
f 5761/764/1913 5760/762/1915 5875/762/2433 5876/764/1913
f 5762/766/1910 5761/764/1913 5876/764/1913 5877/766/1910
f 5763/768/1911 5762/766/1910 5877/766/1910 5878/768/2434
f 5764/770/1947 5763/768/1911 5878/768/2434 5879/770/1947
f 5765/839/1945 5764/770/1947 5879/770/1947 5880/839/1945
f 5881/774/2398 5766/774/2398 5765/839/1945 5880/839/1945
f 5767/737/1941 5766/774/2398 5881/774/2398 5882/737/1941
f 5768/736/1939 5767/737/1941 5882/737/1941 5883/736/2316
f 5769/740/2399 5768/736/1939 5883/736/2316 5884/740/1937
f 5770/742/2400 5769/740/2399 5884/740/1937 5885/742/2400
f 5751/744/1933 5770/742/2400 5885/742/2400 5886/744/1933
f 5792/746/2084 5772/746/2084 5771/744/2081 5791/744/2081
f 5793/777/2087 5773/777/2087 5772/746/2084 5792/746/2084
f 5794/750/2090 5774/750/2395 5773/777/2087 5793/777/2087
f 5795/778/2093 5775/778/2093 5774/750/2395 5794/750/2090
f 5796/754/2396 5776/754/2396 5775/778/2093 5795/778/2093
f 5797/756/2397 5777/756/2397 5776/754/2396 5796/754/2396
f 5798/779/2102 5778/779/2102 5777/756/2397 5797/756/2397
f 5799/760/2105 5779/760/2105 5778/779/2102 5798/779/2102
f 5800/762/2108 5780/762/2108 5779/760/2105 5799/760/2105
f 5801/783/2111 5781/783/2111 5780/762/2108 5800/762/2108
f 5802/766/2114 5782/766/2114 5781/783/2111 5801/783/2111
f 5803/768/2117 5783/768/2117 5782/766/2114 5802/766/2114
f 5804/770/2120 5784/770/2120 5783/768/2117 5803/768/2117
f 5805/772/2123 5785/772/2123 5784/770/2120 5804/770/2120
f 5786/786/2127 5785/772/2123 5805/772/2123 5806/786/2127
f 5807/737/2129 5787/737/2129 5786/786/2127 5806/786/2127
f 5808/736/2132 5788/736/2132 5787/737/2129 5807/737/2129
f 5809/740/2078 5789/740/2078 5788/736/2132 5808/736/2132
f 5810/742/2075 5790/742/2075 5789/740/2078 5809/740/2078
f 5810/742/2075 5791/744/2081 5771/744/2081 5790/742/2075
f 5812/746/2084 5792/746/2084 5791/744/2081 5811/744/2081
f 5813/777/2087 5793/777/2087 5792/746/2084 5812/746/2084
f 5814/750/2090 5794/750/2090 5793/777/2087 5813/777/2087
f 5815/778/2093 5795/778/2093 5794/750/2090 5814/750/2090
f 5816/754/2396 5796/754/2396 5795/778/2093 5815/778/2093
f 5817/756/2099 5797/756/2397 5796/754/2396 5816/754/2396
f 5818/779/2102 5798/779/2102 5797/756/2397 5817/756/2099
f 5819/760/2105 5799/760/2105 5798/779/2102 5818/779/2102
f 5820/762/2108 5800/762/2108 5799/760/2105 5819/760/2105
f 5821/764/2111 5801/783/2111 5800/762/2108 5820/762/2108
f 5822/766/2114 5802/766/2114 5801/783/2111 5821/764/2111
f 5823/768/2117 5803/768/2117 5802/766/2114 5822/766/2114
f 5824/770/2120 5804/770/2120 5803/768/2117 5823/768/2117
f 5825/772/2123 5805/772/2123 5804/770/2120 5824/770/2120
f 5806/786/2127 5805/772/2123 5825/772/2123 5826/786/2127
f 5827/737/2129 5807/737/2129 5806/786/2127 5826/786/2127
f 5828/736/2132 5808/736/2132 5807/737/2129 5827/737/2129
f 5829/740/2078 5809/740/2078 5808/736/2132 5828/736/2132
f 5830/742/2075 5810/742/2075 5809/740/2078 5829/740/2078
f 5830/742/2075 5811/744/2081 5791/744/2081 5810/742/2075
f 5256/746/2435 5812/746/2084 5811/744/2081 5254/744/2436
f 5258/777/2437 5813/777/2087 5812/746/2084 5256/746/2435
f 5260/750/2438 5814/750/2090 5813/777/2087 5258/777/2437
f 5262/778/2439 5815/778/2093 5814/750/2090 5260/750/2438
f 5264/754/2440 5816/754/2396 5815/778/2093 5262/778/2439
f 5266/756/2441 5817/756/2099 5816/754/2396 5264/754/2440
f 5268/758/2442 5818/779/2102 5817/756/2099 5266/756/2441
f 5270/760/2443 5819/760/2105 5818/779/2102 5268/758/2442
f 5272/762/2444 5820/762/2108 5819/760/2105 5270/760/2443
f 5274/764/2445 5821/764/2111 5820/762/2108 5272/762/2444
f 5276/766/2446 5822/766/2114 5821/764/2111 5274/764/2445
f 5278/768/2447 5823/768/2117 5822/766/2114 5276/766/2446
f 5280/770/2448 5824/770/2120 5823/768/2117 5278/768/2447
f 5282/772/2449 5825/772/2123 5824/770/2120 5280/770/2448
f 5826/786/2127 5825/772/2123 5282/772/2449 5284/774/2450
f 5286/737/2451 5827/737/2129 5826/786/2127 5284/774/2450
f 5288/736/2452 5828/736/2132 5827/737/2129 5286/737/2451
f 5250/740/2453 5829/740/2078 5828/736/2132 5288/736/2452
f 5251/742/2454 5830/742/2075 5829/740/2078 5250/740/2453
f 5254/744/2436 5811/744/2081 5830/742/2075 5251/742/2454
f 5832/806/2174 5831/805/2173 5179/714/2455 5180/716/2456
f 5833/787/2155 5832/806/2174 5180/716/2456 5181/718/2457
f 5834/788/2156 5833/787/2155 5181/718/2457 5182/720/2458
f 5835/789/2157 5834/788/2156 5182/720/2458 5183/722/2459
f 5836/790/2158 5835/789/2157 5183/722/2459 5184/724/2460
f 5837/791/2159 5836/790/2158 5184/724/2460 5185/726/2461
f 5838/792/2160 5837/791/2159 5185/726/2461 5186/728/2462
f 5839/793/2161 5838/792/2160 5186/728/2462 5187/730/2463
f 5840/794/2162 5839/793/2161 5187/730/2463 5188/732/2464
f 5841/795/2163 5840/794/2162 5188/732/2464 5189/734/2465
f 5842/796/2164 5841/795/2163 5189/734/2465 5170/697/2466
f 5843/797/2165 5842/796/2164 5170/697/2466 5171/696/2467
f 5844/798/2166 5843/797/2165 5171/696/2467 5172/700/2468
f 5845/799/2167 5844/798/2166 5172/700/2468 5173/702/2469
f 5846/800/2168 5845/799/2167 5173/702/2469 5174/704/2470
f 5847/801/2169 5846/800/2168 5174/704/2470 5175/706/2471
f 5848/802/2170 5847/801/2169 5175/706/2471 5176/708/2472
f 5849/803/2171 5848/802/2170 5176/708/2472 5177/710/2473
f 5850/804/2172 5849/803/2171 5177/710/2473 5178/712/2474
f 5831/805/2173 5850/804/2172 5178/712/2474 5179/714/2455
f 5852/847/2222 5851/846/2220 5519/719/2220 5520/840/2222
f 5853/848/2224 5852/847/2222 5520/840/2222 5521/723/2224
f 5854/849/2226 5853/848/2224 5521/723/2224 5522/841/2226
f 5855/850/2228 5854/849/2226 5522/841/2226 5523/727/2333
f 5856/729/2348 5855/850/2228 5523/727/2333 5524/858/2348
f 5857/731/2349 5856/729/2348 5524/858/2348 5525/859/2351
f 5858/851/2350 5857/731/2349 5525/859/2351 5526/860/2352
f 5859/735/2341 5858/851/2350 5526/860/2352 5527/735/2341
f 5860/698/2238 5859/735/2341 5527/735/2341 5528/861/2238
f 5861/852/2240 5860/698/2238 5528/861/2238 5529/699/2240
f 5862/853/2242 5861/852/2240 5529/699/2240 5530/862/2242
f 5863/842/2346 5862/853/2242 5530/862/2242 5511/703/2244
f 5864/843/2347 5863/842/2346 5511/703/2244 5512/854/2317
f 5865/844/2320 5864/843/2347 5512/854/2317 5513/707/2320
f 5866/709/2322 5865/844/2320 5513/707/2320 5514/855/2322
f 5867/829/2324 5866/709/2322 5514/855/2322 5515/829/2324
f 5868/845/2254 5867/829/2324 5515/829/2324 5516/856/2254
f 5869/827/2217 5868/845/2254 5516/856/2254 5517/827/2217
f 5870/717/2218 5869/827/2217 5517/827/2217 5518/857/2218
f 5851/846/2220 5870/717/2218 5518/857/2218 5519/719/2220
f 5872/756/1921 5871/754/1923 5237/754/2475 5238/756/2062
f 5873/758/2432 5872/756/1921 5238/756/2062 5239/758/2476
f 5874/760/2306 5873/758/2432 5239/758/2476 5240/760/2477
f 5875/762/2433 5874/760/2306 5240/760/2477 5241/762/2065
f 5876/764/1913 5875/762/2433 5241/762/2065 5242/764/2067
f 5877/766/1910 5876/764/1913 5242/764/2067 5243/766/2478
f 5878/768/2434 5877/766/1910 5243/766/2478 5244/768/2479
f 5879/770/1947 5878/768/2434 5244/768/2479 5245/770/2480
f 5880/839/1945 5879/770/1947 5245/770/2480 5246/772/2071
f 5247/774/2481 5881/774/2398 5880/839/1945 5246/772/2071
f 5882/737/1941 5881/774/2398 5247/774/2481 5248/737/2482
f 5883/736/2316 5882/737/1941 5248/737/2482 5249/736/2483
f 5884/740/1937 5883/736/2316 5249/736/2483 5230/740/2053
f 5885/742/2400 5884/740/1937 5230/740/2053 5231/742/2054
f 5886/744/1933 5885/742/2400 5231/742/2054 5232/744/2056
f 5887/746/1931 5886/744/1933 5232/744/2056 5233/746/2484
f 5888/777/2401 5887/746/1931 5233/746/2484 5234/777/2485
f 5889/750/1927 5888/777/2401 5234/777/2485 5235/750/2486
f 5890/778/2431 5889/750/1927 5235/750/2486 5236/778/2487
f 5871/754/1923 5890/778/2431 5236/778/2487 5237/754/2475
f 5892/940/1943 5891/939/1945 5684/911/1945 5685/913/1943
f 5893/941/1941 5892/940/1943 5685/913/1943 5686/915/1941
f 5894/942/2316 5893/941/1941 5686/915/1941 5687/917/2316
f 5688/920/2399 5895/943/2399 5894/942/2316 5687/917/2316
f 5896/944/1935 5895/943/2399 5688/920/2399 5689/921/1935
f 5897/945/1933 5896/944/1935 5689/921/1935 5690/923/1933
f 5898/925/1931 5897/945/1933 5690/923/1933 5671/884/1931
f 5899/926/1929 5898/925/1931 5671/884/1931 5672/883/1929
f 5900/927/1927 5899/926/1929 5672/883/1929 5673/887/1927
f 5901/928/1925 5900/927/1927 5673/887/1927 5674/889/1925
f 5902/929/1923 5901/928/1925 5674/889/1925 5675/891/1923
f 5903/930/1921 5902/929/1923 5675/891/1923 5676/893/1921
f 5904/931/1919 5903/930/1921 5676/893/1921 5677/895/1919
f 5905/932/2306 5904/931/1919 5677/895/1919 5678/897/2306
f 5906/933/1915 5905/932/2306 5678/897/2306 5679/899/1915
f 5907/934/1913 5906/933/1915 5679/899/1915 5680/901/1913
f 5908/935/1910 5907/934/1913 5680/901/1913 5681/903/1910
f 5909/936/1911 5908/935/1910 5681/903/1910 5682/905/1911
f 5910/938/1947 5909/937/1911 5682/908/1911 5683/907/1947
f 5891/939/1945 5910/938/1947 5683/907/1947 5684/911/1945
f 5143/472/2488 5912/919/2399 5911/918/2316 5144/471/2489
f 5913/922/1935 5912/919/2399 5143/472/2488 5142/474/2490
f 5914/924/1933 5913/922/1935 5142/474/2490 5141/476/2056
f 5915/885/1931 5914/924/1933 5141/476/2056 5140/478/2491
f 5916/886/2401 5915/885/1931 5140/478/2491 5139/480/2492
f 5917/888/2402 5916/886/2401 5139/480/2492 5138/482/2493
f 5918/890/2403 5917/888/2402 5138/482/2493 5137/484/2494
f 5919/892/2404 5918/890/2403 5137/484/2494 5136/486/2475
f 5920/894/2405 5919/892/2404 5136/486/2475 5135/488/2495
f 5921/896/1919 5920/894/2405 5135/488/2495 5134/490/2496
f 5922/898/1917 5921/896/1919 5134/490/2496 5133/492/2497
f 5923/900/2406 5922/898/1917 5133/492/2497 5132/494/2498
f 5924/902/2407 5923/900/2406 5132/494/2498 5131/496/2499
f 5925/904/2408 5924/902/2407 5131/496/2499 5130/498/2500
f 5926/906/1911 5925/904/2408 5130/498/2500 5129/500/2501
f 5927/910/2409 5926/909/1911 5129/503/2501 5148/504/2502
f 5928/912/2410 5927/910/2409 5148/504/2502 5147/506/2503
f 5929/914/1943 5928/912/2410 5147/506/2503 5146/508/2072
f 5930/916/1941 5929/914/1943 5146/508/2072 5145/510/2504
f 5911/918/2316 5930/916/1941 5145/510/2504 5144/471/2489
f 5931/327/1907 5932/328/1907 6141/329/1907 6142/330/1907
f 5932/328/1907 5933/331/1907 6140/332/1907 6141/329/1907
f 5933/331/1907 5934/333/1907 6139/334/1907 6140/332/1907
f 5934/333/1907 5935/335/1907 6138/336/1907 6139/334/1907
f 5935/335/1907 5936/337/1907 6137/338/1907 6138/336/1907
f 5936/337/1907 5937/339/1907 6136/340/1907 6137/338/1907
f 5937/339/1907 5938/341/1907 6135/342/1907 6136/340/1907
f 5938/341/1907 5939/343/1907 6134/344/1907 6135/342/1907
f 5939/343/1907 5940/345/1907 6133/346/1907 6134/344/1907
f 5940/345/1907 5941/347/1907 6132/348/1907 6133/346/1907
f 5941/347/1907 5942/349/1907 6131/350/1907 6132/348/1907
f 5942/349/1907 5943/351/1907 6150/352/1907 6131/350/1907
f 5943/351/1907 5944/353/1907 6149/354/1907 6150/352/1907
f 5944/353/1907 5945/355/1907 6148/356/1907 6149/354/1907
f 5945/355/1907 5946/357/1907 6147/358/1907 6148/356/1907
f 5946/357/1907 5947/359/1907 6146/360/1907 6147/358/1907
f 5947/359/1907 5948/361/1907 6145/362/1907 6146/360/1907
f 5948/361/1907 5949/363/1907 6144/364/1907 6145/362/1907
f 5949/363/1907 5950/365/1907 6143/366/1907 6144/364/1907
f 5950/365/1907 5931/327/1907 6142/330/1907 6143/366/1907
f 5951/367/1908 5952/368/1909 6045/369/1910 6046/370/1911
f 5952/368/1909 5953/371/1912 6044/372/1913 6045/369/1910
f 5953/371/1912 5954/373/1914 6043/374/1915 6044/372/1913
f 5954/373/1914 5955/375/1916 6042/376/2306 6043/374/1915
f 5955/375/1916 5956/377/1918 6041/378/1919 6042/376/2306
f 5956/377/1918 5957/379/1920 6040/380/1921 6041/378/1919
f 5957/379/1920 5958/381/2505 6039/382/1923 6040/380/1921
f 5958/381/2505 5959/383/2020 6038/384/2506 6039/382/1923
f 5959/383/2020 5960/385/2507 6037/386/1927 6038/384/2506
f 5960/385/2507 5961/387/2508 6036/388/2509 6037/386/1927
f 5961/387/2508 5962/389/1930 6035/390/1931 6036/388/2509
f 5962/389/1930 5963/391/1932 6034/392/1933 6035/390/1931
f 5963/391/1932 5964/393/1934 6033/394/1935 6034/392/1933
f 5964/393/1934 5965/395/2510 6032/396/2399 6033/394/1935
f 5965/395/2510 5966/397/1938 6031/398/2316 6032/396/2399
f 5966/397/1938 5967/399/1940 6050/400/1941 6031/398/2316
f 5967/399/1940 5968/401/1942 6049/402/1943 6050/400/1941
f 5968/401/1942 5969/403/1944 6048/404/1945 6049/402/1943
f 5969/403/1944 5970/405/1946 6047/406/1947 6048/404/1945
f 5970/405/1946 5951/407/1908 6046/408/1911 6047/406/1947
f 5971/409/2511 5972/410/2511 6104/411/1948 6105/412/1948
f 5972/410/2511 5973/413/2511 6103/414/2511 6104/411/1948
f 5973/413/2511 5974/415/2511 6102/416/2511 6103/414/2511
f 5974/415/2511 5975/417/1969 6101/418/2511 6102/416/2511
f 5975/417/1969 5976/419/1969 6100/420/1969 6101/418/2511
f 5976/419/1969 5977/421/1970 6099/422/1970 6100/420/1969
f 5977/421/1970 5978/423/1948 6098/424/1948 6099/422/1970
f 5978/423/1948 5979/425/2512 6097/426/1948 6098/424/1948
f 5979/425/2512 5980/427/1948 6096/428/1948 6097/426/1948
f 5980/427/1948 5981/429/1970 6095/430/1970 6096/428/1948
f 5981/429/1970 5982/431/1970 6094/432/1970 6095/430/1970
f 5982/431/1970 5983/433/1970 6093/434/1948 6094/432/1970
f 5983/433/1970 5984/435/2513 6092/436/1948 6093/434/1948
f 5984/435/2513 5985/437/2513 6091/438/1948 6092/436/1948
f 5985/437/2513 5986/439/1970 6110/440/1948 6091/438/1948
f 5986/439/1970 5987/441/1969 6109/442/1948 6110/440/1948
f 5987/441/1969 5988/443/1969 6108/444/1970 6109/442/1948
f 5988/443/1969 5989/445/1970 6107/446/1970 6108/444/1970
f 5989/445/1970 5990/447/1948 6106/448/1948 6107/446/1970
f 5990/447/1948 5971/409/2511 6105/412/1948 6106/448/1948
f 5932/328/2514 5931/327/2514 5991/638/2514 5992/640/2514
f 5931/327/2515 5950/365/2515 6010/636/2515 5991/638/2515
f 5950/365/2516 5949/363/2516 6009/634/2516 6010/636/2516
f 5949/363/2517 5948/361/2517 6008/632/2517 6009/634/2517
f 5948/361/2518 5947/359/2518 6007/630/2518 6008/632/2518
f 5947/359/2519 5946/357/2519 6006/628/2519 6007/630/2519
f 5946/357/2520 5945/355/2520 6005/626/2520 6006/628/2520
f 5945/355/2521 5944/353/2521 6004/624/2521 6005/626/2521
f 5944/353/2522 5943/351/2522 6003/622/2522 6004/624/2522
f 5943/351/2523 5942/349/2523 6002/620/2523 6003/622/2523
f 5942/349/2524 5941/347/2524 6001/618/2524 6002/620/2524
f 5941/347/2525 5940/345/2525 6000/616/2525 6001/618/2525
f 5940/345/2526 5939/343/2526 5999/615/2526 6000/616/2526
f 5939/343/2527 5938/341/2527 5998/652/2527 5999/615/2527
f 5938/341/2528 5937/339/2528 5997/650/2528 5998/652/2528
f 5937/339/2529 5936/337/2529 5996/648/2529 5997/650/2529
f 5936/337/2530 5935/335/2530 5995/646/2530 5996/648/2530
f 5935/335/2531 5934/333/2531 5994/644/2531 5995/646/2531
f 5934/333/2532 5933/331/2532 5993/642/2532 5994/644/2532
f 5933/331/2533 5932/328/2533 5992/640/2533 5993/642/2533
f 6012/469/2399 6011/470/1939 5986/471/2074 5985/472/2053
f 6013/473/1935 6012/469/2399 5985/472/2053 5984/474/2054
f 6014/475/1933 6013/473/1935 5984/474/2054 5983/476/2056
f 6015/477/1931 6014/475/1933 5983/476/2056 5982/478/2484
f 6016/479/1929 6015/477/1931 5982/478/2484 5981/480/2058
f 6017/481/1927 6016/479/1929 5981/480/2058 5980/482/2534
f 6018/483/2506 6017/481/1927 5980/482/2534 5979/484/2060
f 6019/485/1923 6018/483/2506 5979/484/2060 5978/486/2061
f 6020/487/1921 6019/485/1923 5978/486/2061 5977/488/2062
f 6021/489/1919 6020/487/1921 5977/488/2062 5976/490/2496
f 6022/491/2306 6021/489/1919 5976/490/2496 5975/492/2064
f 6023/493/1915 6022/491/2306 5975/492/2064 5974/494/2065
f 6024/495/1913 6023/493/1915 5974/494/2065 5973/496/2535
f 6025/497/1910 6024/495/1913 5973/496/2535 5972/498/2068
f 6026/499/1911 6025/497/1910 5972/498/2068 5971/500/2069
f 6027/501/1947 6026/502/1911 5971/503/2069 5990/504/2070
f 6028/505/1945 6027/501/1947 5990/504/2070 5989/506/2071
f 6029/507/1943 6028/505/1945 5989/506/2071 5988/508/2072
f 6030/509/1941 6029/507/1943 5988/508/2072 5987/510/2073
f 6011/470/1939 6030/509/1941 5987/510/2073 5986/471/2074
f 6032/396/2399 6031/398/2316 6051/511/2316 6052/512/2399
f 6033/394/1935 6032/396/2399 6052/512/2399 6053/513/1935
f 6034/392/1933 6033/394/1935 6053/513/1935 6054/514/1933
f 6035/390/1931 6034/392/1933 6054/514/1933 6055/515/1931
f 6036/388/2509 6035/390/1931 6055/515/1931 6056/516/1929
f 6037/386/1927 6036/388/2509 6056/516/1929 6057/517/1927
f 6038/384/2506 6037/386/1927 6057/517/1927 6058/518/1925
f 6039/382/1923 6038/384/2506 6058/518/1925 6059/519/1923
f 6040/380/1921 6039/382/1923 6059/519/1923 6060/520/1921
f 6041/378/1919 6040/380/1921 6060/520/1921 6061/521/1919
f 6042/376/2306 6041/378/1919 6061/521/1919 6062/522/2306
f 6043/374/1915 6042/376/2306 6062/522/2306 6063/523/1915
f 6044/372/1913 6043/374/1915 6063/523/1915 6064/524/1913
f 6045/369/1910 6044/372/1913 6064/524/1913 6065/525/1910
f 6046/370/1911 6045/369/1910 6065/525/1910 6066/526/1911
f 6047/406/1947 6046/408/1911 6066/527/1911 6067/528/1947
f 6048/404/1945 6047/406/1947 6067/528/1947 6068/529/1945
f 6049/402/1943 6048/404/1945 6068/529/1945 6069/530/1943
f 6050/400/1941 6049/402/1943 6069/530/1943 6070/531/1941
f 6031/398/2316 6050/400/1941 6070/531/1941 6051/511/2316
f 6052/512/2399 6051/511/2316 6071/532/2316 6072/533/2399
f 6053/513/1935 6052/512/2399 6072/533/2399 6073/534/1935
f 6054/514/1933 6053/513/1935 6073/534/1935 6074/535/1933
f 6055/515/1931 6054/514/1933 6074/535/1933 6075/536/1931
f 6056/516/1929 6055/515/1931 6075/536/1931 6076/537/1929
f 6057/517/1927 6056/516/1929 6076/537/1929 6077/538/1927
f 6058/518/1925 6057/517/1927 6077/538/1927 6078/539/1925
f 6059/519/1923 6058/518/1925 6078/539/1925 6079/540/1923
f 6060/520/1921 6059/519/1923 6079/540/1923 6080/541/1921
f 6061/521/1919 6060/520/1921 6080/541/1921 6081/542/1919
f 6062/522/2306 6061/521/1919 6081/542/1919 6082/543/2306
f 6063/523/1915 6062/522/2306 6082/543/2306 6083/544/1915
f 6064/524/1913 6063/523/1915 6083/544/1915 6084/545/1913
f 6065/525/1910 6064/524/1913 6084/545/1913 6085/546/1910
f 6066/526/1911 6065/525/1910 6085/546/1910 6086/547/1911
f 6067/528/1947 6066/527/1911 6086/548/1911 6087/549/1947
f 6068/529/1945 6067/528/1947 6087/549/1947 6088/550/1945
f 6069/530/1943 6068/529/1945 6088/550/1945 6089/551/1943
f 6070/531/1941 6069/530/1943 6089/551/1943 6090/552/1941
f 6051/511/2316 6070/531/1941 6090/552/1941 6071/532/2316
f 6072/533/2399 6071/532/2316 6011/470/1939 6012/469/2399
f 6073/534/1935 6072/533/2399 6012/469/2399 6013/473/1935
f 6074/535/1933 6073/534/1935 6013/473/1935 6014/475/1933
f 6075/536/1931 6074/535/1933 6014/475/1933 6015/477/1931
f 6076/537/1929 6075/536/1931 6015/477/1931 6016/479/1929
f 6077/538/1927 6076/537/1929 6016/479/1929 6017/481/1927
f 6078/539/1925 6077/538/1927 6017/481/1927 6018/483/2506
f 6079/540/1923 6078/539/1925 6018/483/2506 6019/485/1923
f 6080/541/1921 6079/540/1923 6019/485/1923 6020/487/1921
f 6081/542/1919 6080/541/1921 6020/487/1921 6021/489/1919
f 6082/543/2306 6081/542/1919 6021/489/1919 6022/491/2306
f 6083/544/1915 6082/543/2306 6022/491/2306 6023/493/1915
f 6084/545/1913 6083/544/1915 6023/493/1915 6024/495/1913
f 6085/546/1910 6084/545/1913 6024/495/1913 6025/497/1910
f 6086/547/1911 6085/546/1910 6025/497/1910 6026/499/1911
f 6087/549/1947 6086/548/1911 6026/502/1911 6027/501/1947
f 6088/550/1945 6087/549/1947 6027/501/1947 6028/505/1945
f 6089/551/1943 6088/550/1945 6028/505/1945 6029/507/1943
f 6090/552/1941 6089/551/1943 6029/507/1943 6030/509/1941
f 6071/532/2316 6090/552/1941 6030/509/1941 6011/470/1939
f 6092/436/1948 6091/438/1948 6005/626/1948 6004/624/1948
f 6093/434/1948 6092/436/1948 6004/624/1948 6003/622/1948
f 6094/432/1970 6093/434/1948 6003/622/1948 6002/620/1948
f 6095/430/1970 6094/432/1970 6002/620/1948 6001/618/1948
f 6096/428/1948 6095/430/1970 6001/618/1948 6000/616/1948
f 6097/426/1948 6096/428/1948 6000/616/1948 5999/615/1948
f 6098/424/1948 6097/426/1948 5999/615/1948 5998/652/1948
f 6099/422/1970 6098/424/1948 5998/652/1948 5997/650/1948
f 6100/420/1969 6099/422/1970 5997/650/1948 5996/648/1948
f 6101/418/2511 6100/420/1969 5996/648/1948 5995/646/1948
f 6102/416/2511 6101/418/2511 5995/646/1948 5994/644/1948
f 6103/414/2511 6102/416/2511 5994/644/1948 5993/642/1948
f 6104/411/1948 6103/414/2511 5993/642/1948 5992/640/1948
f 6105/412/1948 6104/411/1948 5992/640/1948 5991/638/1948
f 6106/448/1948 6105/412/1948 5991/638/1948 6010/636/1948
f 6107/446/1970 6106/448/1948 6010/636/1948 6009/634/1948
f 6108/444/1970 6107/446/1970 6009/634/1948 6008/632/1948
f 6109/442/1948 6108/444/1970 6008/632/1948 6007/630/1948
f 6110/440/1948 6109/442/1948 6007/630/1948 6006/628/1948
f 6091/438/1948 6110/440/1948 6006/628/1948 6005/626/1948
f 6112/573/1907 6111/574/1907 5962/575/2536 5961/576/1907
f 6113/577/1907 6112/573/1907 5961/576/1907 5960/578/1907
f 6114/579/1907 6113/577/1907 5960/578/1907 5959/580/2537
f 6115/581/1907 6114/579/1907 5959/580/2537 5958/582/1907
f 6116/583/1907 6115/581/1907 5958/582/1907 5957/584/2538
f 6117/585/1907 6116/583/1907 5957/584/2538 5956/586/1907
f 6118/587/1907 6117/585/1907 5956/586/1907 5955/588/1907
f 6119/589/1907 6118/587/1907 5955/588/1907 5954/590/2539
f 6120/591/1907 6119/589/1907 5954/590/2539 5953/592/1907
f 6121/593/1907 6120/591/1907 5953/592/1907 5952/594/2536
f 6122/595/2540 6121/593/1907 5952/594/2536 5951/596/2540
f 6123/597/2540 6122/595/2540 5951/596/2540 5970/598/2540
f 6124/599/1907 6123/597/2540 5970/598/2540 5969/600/2540
f 6125/601/1907 6124/599/1907 5969/600/2540 5968/602/1907
f 6126/603/1907 6125/601/1907 5968/602/1907 5967/604/1907
f 6127/605/1907 6126/603/1907 5967/604/1907 5966/606/1907
f 6128/607/1907 6127/605/1907 5966/606/1907 5965/608/2541
f 6129/609/1907 6128/607/1907 5965/608/2541 5964/610/1907
f 6130/611/1907 6129/609/1907 5964/610/1907 5963/612/1907
f 6111/574/1907 6130/611/1907 5963/612/1907 5962/575/2536
f 6132/348/1907 6131/350/1907 6111/574/1907 6112/573/1907
f 6133/346/1907 6132/348/1907 6112/573/1907 6113/577/1907
f 6134/344/1907 6133/346/1907 6113/577/1907 6114/579/1907
f 6135/342/1907 6134/344/1907 6114/579/1907 6115/581/1907
f 6136/340/1907 6135/342/1907 6115/581/1907 6116/583/1907
f 6137/338/1907 6136/340/1907 6116/583/1907 6117/585/1907
f 6138/336/1907 6137/338/1907 6117/585/1907 6118/587/1907
f 6139/334/1907 6138/336/1907 6118/587/1907 6119/589/1907
f 6140/332/1907 6139/334/1907 6119/589/1907 6120/591/1907
f 6141/329/1907 6140/332/1907 6120/591/1907 6121/593/1907
f 6142/330/1907 6141/329/1907 6121/593/1907 6122/595/2540
f 6143/366/1907 6142/330/1907 6122/595/2540 6123/597/2540
f 6144/364/1907 6143/366/1907 6123/597/2540 6124/599/1907
f 6145/362/1907 6144/364/1907 6124/599/1907 6125/601/1907
f 6146/360/1907 6145/362/1907 6125/601/1907 6126/603/1907
f 6147/358/1907 6146/360/1907 6126/603/1907 6127/605/1907
f 6148/356/1907 6147/358/1907 6127/605/1907 6128/607/1907
f 6149/354/1907 6148/356/1907 6128/607/1907 6129/609/1907
f 6150/352/1907 6149/354/1907 6129/609/1907 6130/611/1907
f 6131/350/1907 6150/352/1907 6130/611/1907 6111/574/1907
f 6151/327/2542 6152/328/2543 6361/329/2542 6362/330/2542
f 6152/328/2543 6153/331/2543 6360/332/2542 6361/329/2542
f 6153/331/2543 6154/333/2542 6359/334/2542 6360/332/2542
f 6154/333/2542 6155/335/2542 6358/336/2542 6359/334/2542
f 6155/335/2542 6156/337/2542 6357/338/2542 6358/336/2542
f 6156/337/2542 6157/339/2542 6356/340/2542 6357/338/2542
f 6157/339/2542 6158/341/2542 6355/342/2542 6356/340/2542
f 6158/341/2542 6159/343/2542 6354/344/2542 6355/342/2542
f 6159/343/2542 6160/345/2542 6353/346/2542 6354/344/2542
f 6160/345/2542 6161/347/2542 6352/348/2542 6353/346/2542
f 6161/347/2542 6162/349/2543 6351/350/2542 6352/348/2542
f 6162/349/2543 6163/351/2543 6370/352/2542 6351/350/2542
f 6163/351/2543 6164/353/2543 6369/354/2542 6370/352/2542
f 6164/353/2543 6165/355/2543 6368/356/2542 6369/354/2542
f 6165/355/2543 6166/357/2542 6367/358/2542 6368/356/2542
f 6166/357/2542 6167/359/2542 6366/360/2542 6367/358/2542
f 6167/359/2542 6168/361/2542 6365/362/2542 6366/360/2542
f 6168/361/2542 6169/363/2542 6364/364/2542 6365/362/2542
f 6169/363/2542 6170/365/2542 6363/366/2542 6364/364/2542
f 6170/365/2542 6151/327/2542 6362/330/2542 6363/366/2542
f 6171/367/2544 6172/368/2545 6265/369/2546 6266/370/2547
f 6172/368/2545 6173/371/2548 6264/372/2549 6265/369/2546
f 6173/371/2548 6174/373/2550 6263/374/2551 6264/372/2549
f 6174/373/2550 6175/375/2552 6262/376/2553 6263/374/2551
f 6175/375/2552 6176/377/2554 6261/378/2555 6262/376/2553
f 6176/377/2554 6177/379/2556 6260/380/2557 6261/378/2555
f 6177/379/2556 6178/381/2558 6259/382/2559 6260/380/2557
f 6178/381/2558 6179/383/2560 6258/384/2561 6259/382/2559
f 6179/383/2560 6180/385/2562 6257/386/2563 6258/384/2561
f 6180/385/2562 6181/387/2564 6256/388/2565 6257/386/2563
f 6181/387/2564 6182/389/2566 6255/390/2567 6256/388/2565
f 6182/389/2566 6183/391/2568 6254/392/2569 6255/390/2567
f 6183/391/2568 6184/393/2570 6253/394/2571 6254/392/2569
f 6184/393/2570 6185/395/2572 6252/396/2573 6253/394/2571
f 6185/395/2572 6186/397/2574 6251/398/2575 6252/396/2573
f 6186/397/2574 6187/399/2576 6270/400/2577 6251/398/2575
f 6187/399/2576 6188/401/2578 6269/402/2579 6270/400/2577
f 6188/401/2578 6189/403/2580 6268/404/2581 6269/402/2579
f 6189/403/2580 6190/405/2582 6267/406/2583 6268/404/2581
f 6190/405/2582 6171/407/2544 6266/408/2547 6267/406/2583
f 6191/409/2584 6192/410/2585 6324/411/2586 6325/412/2584
f 6192/410/2585 6193/413/2584 6323/414/2584 6324/411/2586
f 6193/413/2584 6194/415/2584 6322/416/2587 6323/414/2584
f 6194/415/2584 6195/417/2586 6321/418/2586 6322/416/2587
f 6195/417/2586 6196/419/2586 6320/420/2586 6321/418/2586
f 6196/419/2586 6197/421/2584 6319/422/2584 6320/420/2586
f 6197/421/2584 6198/423/2588 6318/424/2589 6319/422/2584
f 6198/423/2588 6199/425/2590 6317/426/2591 6318/424/2589
f 6199/425/2590 6200/427/2592 6316/428/2589 6317/426/2591
f 6200/427/2592 6201/429/2589 6315/430/2587 6316/428/2589
f 6201/429/2589 6202/431/2593 6314/432/2584 6315/430/2587
f 6202/431/2593 6203/433/2594 6313/434/2584 6314/432/2584
f 6203/433/2594 6204/435/2595 6312/436/2584 6313/434/2584
f 6204/435/2595 6205/437/2596 6311/438/2597 6312/436/2584
f 6205/437/2596 6206/439/2598 6330/440/2599 6311/438/2597
f 6206/439/2598 6207/441/2600 6329/442/2584 6330/440/2599
f 6207/441/2600 6208/443/2587 6328/444/2587 6329/442/2584
f 6208/443/2587 6209/445/2593 6327/446/2587 6328/444/2587
f 6209/445/2593 6210/447/2589 6326/448/2587 6327/446/2587
f 6210/447/2589 6191/409/2584 6325/412/2584 6326/448/2587
f 6152/328/2601 6151/327/2601 6403/449/2601 6404/450/2601
f 6151/327/2602 6170/365/2602 6402/451/2602 6403/449/2602
f 6170/365/2603 6169/363/2603 6401/452/2603 6402/451/2603
f 6169/363/2604 6168/361/2604 6400/453/2604 6401/452/2604
f 6168/361/2605 6167/359/2605 6399/454/2605 6400/453/2605
f 6167/359/2606 6166/357/2606 6398/455/2606 6399/454/2606
f 6166/357/2607 6165/355/2607 6397/456/2607 6398/455/2607
f 6165/355/2608 6164/353/2608 6396/457/2608 6397/456/2608
f 6164/353/2609 6163/351/2609 6395/458/2609 6396/457/2609
f 6163/351/2610 6162/349/2610 6394/459/2610 6395/458/2610
f 6162/349/2611 6161/347/2611 6393/460/2611 6394/459/2611
f 6161/347/2612 6160/345/2612 6392/461/2612 6393/460/2612
f 6160/345/2613 6159/343/2613 6391/462/2613 6392/461/2613
f 6159/343/2614 6158/341/2614 6410/463/2614 6391/462/2614
f 6158/341/2615 6157/339/2615 6409/464/2615 6410/463/2615
f 6157/339/2616 6156/337/2616 6408/465/2616 6409/464/2616
f 6156/337/2617 6155/335/2617 6407/466/2617 6408/465/2617
f 6155/335/2618 6154/333/2618 6406/467/2619 6407/466/2618
f 6154/333/2620 6153/331/2620 6405/468/2620 6406/467/2620
f 6153/331/2621 6152/328/2621 6404/450/2622 6405/468/2622
f 6232/469/2623 6231/470/2624 6206/471/2625 6205/472/2626
f 6233/473/2627 6232/469/2623 6205/472/2626 6204/474/2628
f 6234/475/2569 6233/473/2627 6204/474/2628 6203/476/2629
f 6235/477/2567 6234/475/2569 6203/476/2629 6202/478/2630
f 6236/479/2631 6235/477/2567 6202/478/2630 6201/480/2632
f 6237/481/2563 6236/479/2631 6201/480/2632 6200/482/2633
f 6238/483/2634 6237/481/2563 6200/482/2633 6199/484/2635
f 6239/485/2559 6238/483/2634 6199/484/2635 6198/486/2636
f 6240/487/2637 6239/485/2559 6198/486/2636 6197/488/2638
f 6241/489/2639 6240/487/2637 6197/488/2638 6196/490/2640
f 6242/491/2553 6241/489/2639 6196/490/2640 6195/492/2641
f 6243/493/2642 6242/491/2553 6195/492/2641 6194/494/2643
f 6244/495/2644 6243/493/2642 6194/494/2643 6193/496/2645
f 6245/497/2546 6244/495/2644 6193/496/2645 6192/498/2646
f 6246/499/2647 6245/497/2546 6192/498/2646 6191/500/2648
f 6247/501/2583 6246/502/2647 6191/503/2648 6210/504/2649
f 6248/505/2581 6247/501/2583 6210/504/2649 6209/506/2650
f 6249/507/2579 6248/505/2581 6209/506/2650 6208/508/2651
f 6250/509/2652 6249/507/2579 6208/508/2651 6207/510/2653
f 6231/470/2624 6250/509/2652 6207/510/2653 6206/471/2625
f 6252/396/2573 6251/398/2575 6271/511/2624 6272/512/2623
f 6253/394/2571 6252/396/2573 6272/512/2623 6273/513/2654
f 6254/392/2569 6253/394/2571 6273/513/2654 6274/514/2655
f 6255/390/2567 6254/392/2569 6274/514/2655 6275/515/2656
f 6256/388/2565 6255/390/2567 6275/515/2656 6276/516/2631
f 6257/386/2563 6256/388/2565 6276/516/2631 6277/517/2563
f 6258/384/2561 6257/386/2563 6277/517/2563 6278/518/2561
f 6259/382/2559 6258/384/2561 6278/518/2561 6279/519/2559
f 6260/380/2557 6259/382/2559 6279/519/2559 6280/520/2557
f 6261/378/2555 6260/380/2557 6280/520/2557 6281/521/2657
f 6262/376/2553 6261/378/2555 6281/521/2657 6282/522/2553
f 6263/374/2551 6262/376/2553 6282/522/2553 6283/523/2642
f 6264/372/2549 6263/374/2551 6283/523/2642 6284/524/2644
f 6265/369/2546 6264/372/2549 6284/524/2644 6285/525/2658
f 6266/370/2547 6265/369/2546 6285/525/2658 6286/526/2547
f 6267/406/2583 6266/408/2547 6286/527/2547 6287/528/2583
f 6268/404/2581 6267/406/2583 6287/528/2583 6288/529/2581
f 6269/402/2579 6268/404/2581 6288/529/2581 6289/530/2579
f 6270/400/2577 6269/402/2579 6289/530/2579 6290/531/2577
f 6251/398/2575 6270/400/2577 6290/531/2577 6271/511/2624
f 6272/512/2623 6271/511/2624 6291/532/2659 6292/533/2623
f 6273/513/2654 6272/512/2623 6292/533/2623 6293/534/2654
f 6274/514/2655 6273/513/2654 6293/534/2654 6294/535/2655
f 6275/515/2656 6274/514/2655 6294/535/2655 6295/536/2656
f 6276/516/2631 6275/515/2656 6295/536/2656 6296/537/2631
f 6277/517/2563 6276/516/2631 6296/537/2631 6297/538/2563
f 6278/518/2561 6277/517/2563 6297/538/2563 6298/539/2561
f 6279/519/2559 6278/518/2561 6298/539/2561 6299/540/2559
f 6280/520/2557 6279/519/2559 6299/540/2559 6300/541/2557
f 6281/521/2657 6280/520/2557 6300/541/2557 6301/542/2657
f 6282/522/2553 6281/521/2657 6301/542/2657 6302/543/2553
f 6283/523/2642 6282/522/2553 6302/543/2553 6303/544/2642
f 6284/524/2644 6283/523/2642 6303/544/2642 6304/545/2644
f 6285/525/2658 6284/524/2644 6304/545/2644 6305/546/2658
f 6286/526/2547 6285/525/2658 6305/546/2658 6306/547/2660
f 6287/528/2583 6286/527/2547 6306/548/2660 6307/549/2583
f 6288/529/2581 6287/528/2583 6307/549/2583 6308/550/2581
f 6289/530/2579 6288/529/2581 6308/550/2581 6309/551/2579
f 6290/531/2577 6289/530/2579 6309/551/2579 6310/552/2577
f 6271/511/2624 6290/531/2577 6310/552/2577 6291/532/2659
f 6292/533/2623 6291/532/2659 6231/470/2624 6232/469/2623
f 6293/534/2654 6292/533/2623 6232/469/2623 6233/473/2627
f 6294/535/2655 6293/534/2654 6233/473/2627 6234/475/2569
f 6295/536/2656 6294/535/2655 6234/475/2569 6235/477/2567
f 6296/537/2631 6295/536/2656 6235/477/2567 6236/479/2631
f 6297/538/2563 6296/537/2631 6236/479/2631 6237/481/2563
f 6298/539/2561 6297/538/2563 6237/481/2563 6238/483/2634
f 6299/540/2559 6298/539/2561 6238/483/2634 6239/485/2559
f 6300/541/2557 6299/540/2559 6239/485/2559 6240/487/2637
f 6301/542/2657 6300/541/2557 6240/487/2637 6241/489/2639
f 6302/543/2553 6301/542/2657 6241/489/2639 6242/491/2553
f 6303/544/2642 6302/543/2553 6242/491/2553 6243/493/2642
f 6304/545/2644 6303/544/2642 6243/493/2642 6244/495/2644
f 6305/546/2658 6304/545/2644 6244/495/2644 6245/497/2546
f 6306/547/2660 6305/546/2658 6245/497/2546 6246/499/2647
f 6307/549/2583 6306/548/2660 6246/502/2647 6247/501/2583
f 6308/550/2581 6307/549/2583 6247/501/2583 6248/505/2581
f 6309/551/2579 6308/550/2581 6248/505/2581 6249/507/2579
f 6310/552/2577 6309/551/2579 6249/507/2579 6250/509/2652
f 6291/532/2659 6310/552/2577 6250/509/2652 6231/470/2624
f 6312/436/2584 6311/438/2597 6415/553/2587 6416/554/2587
f 6313/434/2584 6312/436/2584 6416/554/2587 6417/555/2587
f 6314/432/2584 6313/434/2584 6417/555/2587 6418/556/2587
f 6315/430/2587 6314/432/2584 6418/556/2587 6419/557/2587
f 6316/428/2589 6315/430/2587 6419/557/2587 6420/558/2587
f 6317/426/2591 6316/428/2589 6420/558/2587 6421/559/2587
f 6318/424/2589 6317/426/2591 6421/559/2587 6422/560/2587
f 6319/422/2584 6318/424/2589 6422/560/2587 6423/561/2587
f 6320/420/2586 6319/422/2584 6423/561/2587 6424/562/2587
f 6321/418/2586 6320/420/2586 6424/562/2587 6425/563/2587
f 6322/416/2587 6321/418/2586 6425/563/2587 6426/564/2587
f 6323/414/2584 6322/416/2587 6426/564/2587 6427/565/2584
f 6324/411/2586 6323/414/2584 6427/565/2584 6428/566/2587
f 6325/412/2584 6324/411/2586 6428/566/2587 6429/567/2587
f 6326/448/2587 6325/412/2584 6429/567/2587 6430/568/2587
f 6327/446/2587 6326/448/2587 6430/568/2587 6411/569/2587
f 6328/444/2587 6327/446/2587 6411/569/2587 6412/570/2587
f 6329/442/2584 6328/444/2587 6412/570/2587 6413/571/2587
f 6330/440/2599 6329/442/2584 6413/571/2587 6414/572/2584
f 6311/438/2597 6330/440/2599 6414/572/2584 6415/553/2587
f 6332/573/2661 6331/574/2543 6182/575/2662 6181/576/2663
f 6333/577/2661 6332/573/2661 6181/576/2663 6180/578/2664
f 6334/579/2661 6333/577/2661 6180/578/2664 6179/580/2665
f 6335/581/2666 6334/579/2661 6179/580/2665 6178/582/2667
f 6336/583/2666 6335/581/2666 6178/582/2667 6177/584/2668
f 6337/585/2543 6336/583/2666 6177/584/2668 6176/586/2662
f 6338/587/2542 6337/585/2543 6176/586/2662 6175/588/2669
f 6339/589/2670 6338/587/2542 6175/588/2669 6174/590/2670
f 6340/591/2671 6339/589/2670 6174/590/2670 6173/592/2672
f 6341/593/2543 6340/591/2671 6173/592/2672 6172/594/2670
f 6342/595/2673 6341/593/2543 6172/594/2670 6171/596/2674
f 6343/597/2673 6342/595/2673 6171/596/2674 6190/598/2675
f 6344/599/2669 6343/597/2673 6190/598/2675 6189/600/2676
f 6345/601/2676 6344/599/2669 6189/600/2676 6188/602/2677
f 6346/603/2669 6345/601/2676 6188/602/2677 6187/604/2678
f 6347/605/2661 6346/603/2669 6187/604/2678 6186/606/2664
f 6348/607/2661 6347/605/2661 6186/606/2664 6185/608/2664
f 6349/609/2670 6348/607/2661 6185/608/2664 6184/610/2670
f 6350/611/2671 6349/609/2670 6184/610/2670 6183/612/2672
f 6331/574/2543 6350/611/2671 6183/612/2672 6182/575/2662
f 6352/348/2542 6351/350/2542 6331/574/2543 6332/573/2661
f 6353/346/2542 6352/348/2542 6332/573/2661 6333/577/2661
f 6354/344/2542 6353/346/2542 6333/577/2661 6334/579/2661
f 6355/342/2542 6354/344/2542 6334/579/2661 6335/581/2666
f 6356/340/2542 6355/342/2542 6335/581/2666 6336/583/2666
f 6357/338/2542 6356/340/2542 6336/583/2666 6337/585/2543
f 6358/336/2542 6357/338/2542 6337/585/2543 6338/587/2542
f 6359/334/2542 6358/336/2542 6338/587/2542 6339/589/2670
f 6360/332/2542 6359/334/2542 6339/589/2670 6340/591/2671
f 6361/329/2542 6360/332/2542 6340/591/2671 6341/593/2543
f 6362/330/2542 6361/329/2542 6341/593/2543 6342/595/2673
f 6363/366/2542 6362/330/2542 6342/595/2673 6343/597/2673
f 6364/364/2542 6363/366/2542 6343/597/2673 6344/599/2669
f 6365/362/2542 6364/364/2542 6344/599/2669 6345/601/2676
f 6366/360/2542 6365/362/2542 6345/601/2676 6346/603/2669
f 6367/358/2542 6366/360/2542 6346/603/2669 6347/605/2661
f 6368/356/2542 6367/358/2542 6347/605/2661 6348/607/2661
f 6369/354/2542 6368/356/2542 6348/607/2661 6349/609/2670
f 6370/352/2542 6369/354/2542 6349/609/2670 6350/611/2671
f 6351/350/2542 6370/352/2542 6350/611/2671 6331/574/2543
f 6372/613/2613 6371/614/2613 6219/615/2613 6220/616/2613
f 6373/617/2612 6372/613/2612 6220/616/2612 6221/618/2612
f 6374/619/2611 6373/617/2611 6221/618/2611 6222/620/2611
f 6375/621/2679 6374/619/2679 6222/620/2680 6223/622/2680
f 6376/623/2681 6375/621/2681 6223/622/2681 6224/624/2681
f 6377/625/2682 6376/623/2682 6224/624/2682 6225/626/2682
f 6378/627/2607 6377/625/2607 6225/626/2683 6226/628/2683
f 6379/629/2684 6378/627/2684 6226/628/2684 6227/630/2684
f 6380/631/2605 6379/629/2605 6227/630/2605 6228/632/2605
f 6381/633/2604 6380/631/2604 6228/632/2604 6229/634/2604
f 6382/635/2603 6381/633/2603 6229/634/2603 6230/636/2603
f 6383/637/2685 6382/635/2685 6230/636/2685 6211/638/2685
f 6384/639/2601 6383/637/2601 6211/638/2601 6212/640/2601
f 6385/641/2622 6384/639/2622 6212/640/2622 6213/642/2622
f 6386/643/2620 6385/641/2620 6213/642/2686 6214/644/2686
f 6387/645/2687 6386/643/2687 6214/644/2687 6215/646/2687
f 6388/647/2617 6387/645/2617 6215/646/2617 6216/648/2617
f 6389/649/2616 6388/647/2616 6216/648/2616 6217/650/2616
f 6390/651/2688 6389/649/2688 6217/650/2689 6218/652/2689
f 6371/614/2614 6390/651/2614 6218/652/2614 6219/615/2614
f 6392/461/2613 6391/462/2613 6371/614/2613 6372/613/2613
f 6393/460/2612 6392/461/2612 6372/613/2612 6373/617/2612
f 6394/459/2611 6393/460/2611 6373/617/2611 6374/619/2611
f 6395/458/2610 6394/459/2610 6374/619/2679 6375/621/2679
f 6396/457/2609 6395/458/2609 6375/621/2681 6376/623/2681
f 6397/456/2608 6396/457/2608 6376/623/2682 6377/625/2682
f 6398/455/2607 6397/456/2607 6377/625/2607 6378/627/2607
f 6399/454/2606 6398/455/2606 6378/627/2684 6379/629/2684
f 6400/453/2605 6399/454/2605 6379/629/2605 6380/631/2605
f 6401/452/2604 6400/453/2604 6380/631/2604 6381/633/2604
f 6402/451/2603 6401/452/2603 6381/633/2603 6382/635/2603
f 6403/449/2602 6402/451/2602 6382/635/2685 6383/637/2685
f 6404/450/2601 6403/449/2601 6383/637/2601 6384/639/2601
f 6405/468/2622 6404/450/2622 6384/639/2622 6385/641/2622
f 6406/467/2620 6405/468/2620 6385/641/2620 6386/643/2620
f 6407/466/2618 6406/467/2619 6386/643/2687 6387/645/2687
f 6408/465/2617 6407/466/2617 6387/645/2617 6388/647/2617
f 6409/464/2616 6408/465/2616 6388/647/2616 6389/649/2616
f 6410/463/2615 6409/464/2615 6389/649/2688 6390/651/2688
f 6391/462/2614 6410/463/2614 6390/651/2614 6371/614/2614
f 6412/570/2587 6411/569/2587 6229/634/2587 6228/632/2587
f 6413/571/2587 6412/570/2587 6228/632/2587 6227/630/2587
f 6414/572/2584 6413/571/2587 6227/630/2587 6226/628/2584
f 6415/553/2587 6414/572/2584 6226/628/2584 6225/626/2584
f 6416/554/2587 6415/553/2587 6225/626/2584 6224/624/2587
f 6417/555/2587 6416/554/2587 6224/624/2587 6223/622/2587
f 6418/556/2587 6417/555/2587 6223/622/2587 6222/620/2587
f 6419/557/2587 6418/556/2587 6222/620/2587 6221/618/2587
f 6420/558/2587 6419/557/2587 6221/618/2587 6220/616/2587
f 6421/559/2587 6420/558/2587 6220/616/2587 6219/615/2587
f 6422/560/2587 6421/559/2587 6219/615/2587 6218/652/2587
f 6423/561/2587 6422/560/2587 6218/652/2587 6217/650/2587
f 6424/562/2587 6423/561/2587 6217/650/2587 6216/648/2584
f 6425/563/2587 6424/562/2587 6216/648/2584 6215/646/2584
f 6426/564/2587 6425/563/2587 6215/646/2584 6214/644/2584
f 6427/565/2584 6426/564/2587 6214/644/2584 6213/642/2584
f 6428/566/2587 6427/565/2584 6213/642/2584 6212/640/2587
f 6429/567/2587 6428/566/2587 6212/640/2587 6211/638/2587
f 6430/568/2587 6429/567/2587 6211/638/2587 6230/636/2587
f 6411/569/2587 6430/568/2587 6230/636/2587 6229/634/2587
f 6431/327/2690 6432/328/2690 6641/329/2690 6642/330/2691
f 6432/328/2690 6433/331/2691 6640/332/2690 6641/329/2690
f 6433/331/2691 6434/333/2691 6639/334/2691 6640/332/2690
f 6434/333/2691 6435/335/2691 6638/336/2690 6639/334/2691
f 6435/335/2691 6436/337/2690 6637/338/2690 6638/336/2690
f 6436/337/2690 6437/339/2690 6636/340/2690 6637/338/2690
f 6437/339/2690 6438/341/2690 6635/342/2690 6636/340/2690
f 6438/341/2690 6439/343/2690 6634/344/2690 6635/342/2690
f 6439/343/2690 6440/345/2690 6633/346/2691 6634/344/2690
f 6440/345/2690 6441/347/2690 6632/348/2690 6633/346/2691
f 6441/347/2690 6442/349/2690 6631/350/2690 6632/348/2690
f 6442/349/2690 6443/351/2690 6650/352/2690 6631/350/2690
f 6443/351/2690 6444/353/2691 6649/354/2690 6650/352/2690
f 6444/353/2691 6445/355/2691 6648/356/2690 6649/354/2690
f 6445/355/2691 6446/357/2690 6647/358/2691 6648/356/2690
f 6446/357/2690 6447/359/2690 6646/360/2690 6647/358/2691
f 6447/359/2690 6448/361/2690 6645/362/2690 6646/360/2690
f 6448/361/2690 6449/363/2690 6644/364/2690 6645/362/2690
f 6449/363/2690 6450/365/2690 6643/366/2691 6644/364/2690
f 6450/365/2690 6431/327/2690 6642/330/2691 6643/366/2691
f 6451/367/2692 6452/368/2693 6545/369/2694 6546/370/2695
f 6452/368/2693 6453/371/2696 6544/372/2697 6545/369/2694
f 6453/371/2696 6454/373/2698 6543/374/2699 6544/372/2697
f 6454/373/2698 6455/375/2700 6542/376/2701 6543/374/2699
f 6455/375/2700 6456/377/2702 6541/378/2703 6542/376/2701
f 6456/377/2702 6457/379/2704 6540/380/2705 6541/378/2703
f 6457/379/2704 6458/381/2706 6539/382/2707 6540/380/2705
f 6458/381/2706 6459/383/2708 6538/384/2709 6539/382/2707
f 6459/383/2708 6460/385/2710 6537/386/2711 6538/384/2709
f 6460/385/2710 6461/387/2712 6536/388/2713 6537/386/2711
f 6461/387/2712 6462/389/2714 6535/390/2715 6536/388/2713
f 6462/389/2714 6463/391/2716 6534/392/2717 6535/390/2715
f 6463/391/2716 6464/393/2718 6533/394/2719 6534/392/2717
f 6464/393/2718 6465/395/2720 6532/396/2721 6533/394/2719
f 6465/395/2720 6466/397/2722 6531/398/2723 6532/396/2721
f 6466/397/2722 6467/399/2724 6550/400/2725 6531/398/2723
f 6467/399/2724 6468/401/2726 6549/402/2727 6550/400/2725
f 6468/401/2726 6469/403/2728 6548/404/2729 6549/402/2727
f 6469/403/2728 6470/405/2730 6547/406/2731 6548/404/2729
f 6470/405/2730 6451/407/2692 6546/408/2695 6547/406/2731
f 6471/409/2732 6472/410/2733 6604/411/2734 6605/412/2734
f 6472/410/2733 6473/413/2735 6603/414/2736 6604/411/2734
f 6473/413/2735 6474/415/2735 6602/416/2736 6603/414/2736
f 6474/415/2735 6475/417/2737 6601/418/2737 6602/416/2736
f 6475/417/2737 6476/419/2738 6600/420/2739 6601/418/2737
f 6476/419/2738 6477/421/2740 6599/422/2741 6600/420/2739
f 6477/421/2740 6478/423/2740 6598/424/2741 6599/422/2741
f 6478/423/2740 6479/425/2739 6597/426/2737 6598/424/2741
f 6479/425/2739 6480/427/2736 6596/428/2737 6597/426/2737
f 6480/427/2736 6481/429/2735 6595/430/2736 6596/428/2737
f 6481/429/2735 6482/431/2735 6594/432/2736 6595/430/2736
f 6482/431/2735 6483/433/2736 6593/434/2736 6594/432/2736
f 6483/433/2736 6484/435/2742 6592/436/2736 6593/434/2736
f 6484/435/2742 6485/437/2742 6591/438/2743 6592/436/2736
f 6485/437/2742 6486/439/2744 6610/440/2745 6591/438/2743
f 6486/439/2744 6487/441/2746 6609/442/2747 6610/440/2745
f 6487/441/2746 6488/443/2748 6608/444/2749 6609/442/2747
f 6488/443/2748 6489/445/2749 6607/446/2743 6608/444/2749
f 6489/445/2749 6490/447/2750 6606/448/2734 6607/446/2743
f 6490/447/2750 6471/409/2732 6605/412/2734 6606/448/2734
f 6432/328/2751 6431/327/2751 6683/449/2751 6684/450/2751
f 6431/327/2752 6450/365/2752 6682/451/2752 6683/449/2752
f 6450/365/2753 6449/363/2753 6681/452/2753 6682/451/2753
f 6449/363/2754 6448/361/2754 6680/453/2754 6681/452/2754
f 6448/361/2755 6447/359/2755 6679/454/2756 6680/453/2756
f 6447/359/2757 6446/357/2757 6678/455/2757 6679/454/2757
f 6446/357/2758 6445/355/2758 6677/456/2758 6678/455/2758
f 6445/355/2759 6444/353/2759 6676/457/2759 6677/456/2759
f 6444/353/2760 6443/351/2760 6675/458/2760 6676/457/2760
f 6443/351/2761 6442/349/2761 6674/459/2761 6675/458/2761
f 6442/349/2762 6441/347/2762 6673/460/2762 6674/459/2762
f 6441/347/2763 6440/345/2763 6672/461/2763 6673/460/2763
f 6440/345/2764 6439/343/2764 6671/462/2764 6672/461/2764
f 6439/343/2765 6438/341/2765 6690/463/2765 6671/462/2765
f 6438/341/2766 6437/339/2766 6689/464/2766 6690/463/2766
f 6437/339/2767 6436/337/2767 6688/465/2767 6689/464/2767
f 6436/337/2768 6435/335/2768 6687/466/2768 6688/465/2768
f 6435/335/2769 6434/333/2769 6686/467/2769 6687/466/2769
f 6434/333/2770 6433/331/2770 6685/468/2770 6686/467/2770
f 6433/331/2771 6432/328/2771 6684/450/2771 6685/468/2771
f 6512/469/2772 6511/470/2723 6486/471/2773 6485/472/2774
f 6513/473/2719 6512/469/2772 6485/472/2774 6484/474/2775
f 6514/475/2717 6513/473/2719 6484/474/2775 6483/476/2776
f 6515/477/2715 6514/475/2717 6483/476/2776 6482/478/2777
f 6516/479/2713 6515/477/2715 6482/478/2777 6481/480/2778
f 6517/481/2779 6516/479/2713 6481/480/2778 6480/482/2780
f 6518/483/2709 6517/481/2779 6480/482/2780 6479/484/2781
f 6519/485/2707 6518/483/2709 6479/484/2781 6478/486/2782
f 6520/487/2705 6519/485/2707 6478/486/2782 6477/488/2783
f 6521/489/2703 6520/487/2705 6477/488/2783 6476/490/2784
f 6522/491/2785 6521/489/2703 6476/490/2784 6475/492/2786
f 6523/493/2787 6522/491/2785 6475/492/2786 6474/494/2788
f 6524/495/2789 6523/493/2787 6474/494/2788 6473/496/2790
f 6525/497/2791 6524/495/2789 6473/496/2790 6472/498/2792
f 6526/499/2695 6525/497/2791 6472/498/2792 6471/500/2793
f 6527/501/2731 6526/502/2695 6471/503/2793 6490/504/2794
f 6528/505/2729 6527/501/2731 6490/504/2794 6489/506/2795
f 6529/507/2796 6528/505/2729 6489/506/2795 6488/508/2797
f 6530/509/2798 6529/507/2796 6488/508/2797 6487/510/2799
f 6511/470/2723 6530/509/2798 6487/510/2799 6486/471/2773
f 6532/396/2721 6531/398/2723 6551/511/2723 6552/512/2772
f 6533/394/2719 6532/396/2721 6552/512/2772 6553/513/2719
f 6534/392/2717 6533/394/2719 6553/513/2719 6554/514/2717
f 6535/390/2715 6534/392/2717 6554/514/2717 6555/515/2715
f 6536/388/2713 6535/390/2715 6555/515/2715 6556/516/2713
f 6537/386/2711 6536/388/2713 6556/516/2713 6557/517/2800
f 6538/384/2709 6537/386/2711 6557/517/2800 6558/518/2801
f 6539/382/2707 6538/384/2709 6558/518/2801 6559/519/2802
f 6540/380/2705 6539/382/2707 6559/519/2802 6560/520/2705
f 6541/378/2703 6540/380/2705 6560/520/2705 6561/521/2703
f 6542/376/2701 6541/378/2703 6561/521/2703 6562/522/2803
f 6543/374/2699 6542/376/2701 6562/522/2803 6563/523/2804
f 6544/372/2697 6543/374/2699 6563/523/2804 6564/524/2789
f 6545/369/2694 6544/372/2697 6564/524/2789 6565/525/2791
f 6546/370/2695 6545/369/2694 6565/525/2791 6566/526/2695
f 6547/406/2731 6546/408/2695 6566/527/2695 6567/528/2731
f 6548/404/2729 6547/406/2731 6567/528/2731 6568/529/2729
f 6549/402/2727 6548/404/2729 6568/529/2729 6569/530/2727
f 6550/400/2725 6549/402/2727 6569/530/2727 6570/531/2725
f 6531/398/2723 6550/400/2725 6570/531/2725 6551/511/2723
f 6552/512/2772 6551/511/2723 6571/532/2723 6572/533/2721
f 6553/513/2719 6552/512/2772 6572/533/2721 6573/534/2719
f 6554/514/2717 6553/513/2719 6573/534/2719 6574/535/2717
f 6555/515/2715 6554/514/2717 6574/535/2717 6575/536/2805
f 6556/516/2713 6555/515/2715 6575/536/2805 6576/537/2713
f 6557/517/2800 6556/516/2713 6576/537/2713 6577/538/2800
f 6558/518/2801 6557/517/2800 6577/538/2800 6578/539/2801
f 6559/519/2802 6558/518/2801 6578/539/2801 6579/540/2802
f 6560/520/2705 6559/519/2802 6579/540/2802 6580/541/2705
f 6561/521/2703 6560/520/2705 6580/541/2705 6581/542/2703
f 6562/522/2803 6561/521/2703 6581/542/2703 6582/543/2803
f 6563/523/2804 6562/522/2803 6582/543/2803 6583/544/2804
f 6564/524/2789 6563/523/2804 6583/544/2804 6584/545/2789
f 6565/525/2791 6564/524/2789 6584/545/2789 6585/546/2791
f 6566/526/2695 6565/525/2791 6585/546/2791 6586/547/2695
f 6567/528/2731 6566/527/2695 6586/548/2695 6587/549/2806
f 6568/529/2729 6567/528/2731 6587/549/2806 6588/550/2729
f 6569/530/2727 6568/529/2729 6588/550/2729 6589/551/2727
f 6570/531/2725 6569/530/2727 6589/551/2727 6590/552/2725
f 6551/511/2723 6570/531/2725 6590/552/2725 6571/532/2723
f 6572/533/2721 6571/532/2723 6511/470/2723 6512/469/2772
f 6573/534/2719 6572/533/2721 6512/469/2772 6513/473/2719
f 6574/535/2717 6573/534/2719 6513/473/2719 6514/475/2717
f 6575/536/2805 6574/535/2717 6514/475/2717 6515/477/2715
f 6576/537/2713 6575/536/2805 6515/477/2715 6516/479/2713
f 6577/538/2800 6576/537/2713 6516/479/2713 6517/481/2779
f 6578/539/2801 6577/538/2800 6517/481/2779 6518/483/2709
f 6579/540/2802 6578/539/2801 6518/483/2709 6519/485/2707
f 6580/541/2705 6579/540/2802 6519/485/2707 6520/487/2705
f 6581/542/2703 6580/541/2705 6520/487/2705 6521/489/2703
f 6582/543/2803 6581/542/2703 6521/489/2703 6522/491/2785
f 6583/544/2804 6582/543/2803 6522/491/2785 6523/493/2787
f 6584/545/2789 6583/544/2804 6523/493/2787 6524/495/2789
f 6585/546/2791 6584/545/2789 6524/495/2789 6525/497/2791
f 6586/547/2695 6585/546/2791 6525/497/2791 6526/499/2695
f 6587/549/2806 6586/548/2695 6526/502/2695 6527/501/2731
f 6588/550/2729 6587/549/2806 6527/501/2731 6528/505/2729
f 6589/551/2727 6588/550/2729 6528/505/2729 6529/507/2796
f 6590/552/2725 6589/551/2727 6529/507/2796 6530/509/2798
f 6571/532/2723 6590/552/2725 6530/509/2798 6511/470/2723
f 6592/436/2736 6591/438/2743 6695/553/2736 6696/554/2737
f 6593/434/2736 6592/436/2736 6696/554/2737 6697/555/2737
f 6594/432/2736 6593/434/2736 6697/555/2737 6698/556/2737
f 6595/430/2736 6594/432/2736 6698/556/2737 6699/557/2736
f 6596/428/2737 6595/430/2736 6699/557/2736 6700/558/2737
f 6597/426/2737 6596/428/2737 6700/558/2737 6701/559/2736
f 6598/424/2741 6597/426/2737 6701/559/2736 6702/560/2737
f 6599/422/2741 6598/424/2741 6702/560/2737 6703/561/2737
f 6600/420/2739 6599/422/2741 6703/561/2737 6704/562/2737
f 6601/418/2737 6600/420/2739 6704/562/2737 6705/563/2737
f 6602/416/2736 6601/418/2737 6705/563/2737 6706/564/2737
f 6603/414/2736 6602/416/2736 6706/564/2737 6707/565/2737
f 6604/411/2734 6603/414/2736 6707/565/2737 6708/566/2737
f 6605/412/2734 6604/411/2734 6708/566/2737 6709/567/2736
f 6606/448/2734 6605/412/2734 6709/567/2736 6710/568/2737
f 6607/446/2743 6606/448/2734 6710/568/2737 6691/569/2737
f 6608/444/2749 6607/446/2743 6691/569/2737 6692/570/2737
f 6609/442/2747 6608/444/2749 6692/570/2737 6693/571/2737
f 6610/440/2745 6609/442/2747 6693/571/2737 6694/572/2737
f 6591/438/2743 6610/440/2745 6694/572/2737 6695/553/2736
f 6612/573/2690 6611/574/2690 6462/575/2807 6461/576/2807
f 6613/577/2690 6612/573/2690 6461/576/2807 6460/578/2690
f 6614/579/2808 6613/577/2690 6460/578/2690 6459/580/2808
f 6615/581/2809 6614/579/2808 6459/580/2808 6458/582/2810
f 6616/583/2808 6615/581/2809 6458/582/2810 6457/584/2808
f 6617/585/2808 6616/583/2808 6457/584/2808 6456/586/2811
f 6618/587/2808 6617/585/2808 6456/586/2811 6455/588/2808
f 6619/589/2807 6618/587/2808 6455/588/2808 6454/590/2812
f 6620/591/2813 6619/589/2807 6454/590/2812 6453/592/2814
f 6621/593/2813 6620/591/2813 6453/592/2814 6452/594/2815
f 6622/595/2816 6621/593/2813 6452/594/2815 6451/596/2817
f 6623/597/2816 6622/595/2816 6451/596/2817 6470/598/2818
f 6624/599/2808 6623/597/2816 6470/598/2818 6469/600/2809
f 6625/601/2808 6624/599/2808 6469/600/2809 6468/602/2809
f 6626/603/2690 6625/601/2808 6468/602/2809 6467/604/2819
f 6627/605/2813 6626/603/2690 6467/604/2819 6466/606/2815
f 6628/607/2808 6627/605/2813 6466/606/2815 6465/608/2820
f 6629/609/2811 6628/607/2808 6465/608/2820 6464/610/2820
f 6630/611/2690 6629/609/2811 6464/610/2820 6463/612/2807
f 6611/574/2690 6630/611/2690 6463/612/2807 6462/575/2807
f 6632/348/2690 6631/350/2690 6611/574/2690 6612/573/2690
f 6633/346/2691 6632/348/2690 6612/573/2690 6613/577/2690
f 6634/344/2690 6633/346/2691 6613/577/2690 6614/579/2808
f 6635/342/2690 6634/344/2690 6614/579/2808 6615/581/2809
f 6636/340/2690 6635/342/2690 6615/581/2809 6616/583/2808
f 6637/338/2690 6636/340/2690 6616/583/2808 6617/585/2808
f 6638/336/2690 6637/338/2690 6617/585/2808 6618/587/2808
f 6639/334/2691 6638/336/2690 6618/587/2808 6619/589/2807
f 6640/332/2690 6639/334/2691 6619/589/2807 6620/591/2813
f 6641/329/2690 6640/332/2690 6620/591/2813 6621/593/2813
f 6642/330/2691 6641/329/2690 6621/593/2813 6622/595/2816
f 6643/366/2691 6642/330/2691 6622/595/2816 6623/597/2816
f 6644/364/2690 6643/366/2691 6623/597/2816 6624/599/2808
f 6645/362/2690 6644/364/2690 6624/599/2808 6625/601/2808
f 6646/360/2690 6645/362/2690 6625/601/2808 6626/603/2690
f 6647/358/2691 6646/360/2690 6626/603/2690 6627/605/2813
f 6648/356/2690 6647/358/2691 6627/605/2813 6628/607/2808
f 6649/354/2690 6648/356/2690 6628/607/2808 6629/609/2811
f 6650/352/2690 6649/354/2690 6629/609/2811 6630/611/2690
f 6631/350/2690 6650/352/2690 6630/611/2690 6611/574/2690
f 6652/613/2764 6651/614/2764 6499/615/2764 6500/616/2764
f 6653/617/2763 6652/613/2763 6500/616/2763 6501/618/2763
f 6654/619/2762 6653/617/2762 6501/618/2821 6502/620/2821
f 6655/621/2761 6654/619/2761 6502/620/2822 6503/622/2822
f 6656/623/2760 6655/621/2760 6503/622/2760 6504/624/2760
f 6657/625/2759 6656/623/2759 6504/624/2759 6505/626/2759
f 6658/627/2823 6657/625/2823 6505/626/2758 6506/628/2758
f 6659/629/2757 6658/627/2757 6506/628/2824 6507/630/2824
f 6660/631/2756 6659/629/2756 6507/630/2756 6508/632/2756
f 6661/633/2754 6660/631/2825 6508/632/2826 6509/634/2826
f 6662/635/2753 6661/633/2753 6509/634/2753 6510/636/2753
f 6663/637/2752 6662/635/2752 6510/636/2752 6491/638/2752
f 6664/639/2827 6663/637/2827 6491/638/2828 6492/640/2828
f 6665/641/2829 6664/639/2829 6492/640/2830 6493/642/2830
f 6666/643/2831 6665/641/2831 6493/642/2832 6494/644/2832
f 6667/645/2769 6666/643/2769 6494/644/2833 6495/646/2833
f 6668/647/2834 6667/645/2834 6495/646/2834 6496/648/2834
f 6669/649/2835 6668/647/2835 6496/648/2836 6497/650/2836
f 6670/651/2837 6669/649/2837 6497/650/2838 6498/652/2838
f 6651/614/2765 6670/651/2765 6498/652/2765 6499/615/2765
f 6672/461/2764 6671/462/2764 6651/614/2764 6652/613/2764
f 6673/460/2763 6672/461/2763 6652/613/2763 6653/617/2763
f 6674/459/2762 6673/460/2762 6653/617/2762 6654/619/2762
f 6675/458/2761 6674/459/2761 6654/619/2761 6655/621/2761
f 6676/457/2760 6675/458/2760 6655/621/2760 6656/623/2760
f 6677/456/2759 6676/457/2759 6656/623/2759 6657/625/2759
f 6678/455/2758 6677/456/2758 6657/625/2823 6658/627/2823
f 6679/454/2757 6678/455/2757 6658/627/2757 6659/629/2757
f 6680/453/2756 6679/454/2756 6659/629/2756 6660/631/2756
f 6681/452/2754 6680/453/2754 6660/631/2825 6661/633/2754
f 6682/451/2753 6681/452/2753 6661/633/2753 6662/635/2753
f 6683/449/2752 6682/451/2752 6662/635/2752 6663/637/2752
f 6684/450/2751 6683/449/2751 6663/637/2827 6664/639/2827
f 6685/468/2771 6684/450/2771 6664/639/2829 6665/641/2829
f 6686/467/2770 6685/468/2770 6665/641/2831 6666/643/2831
f 6687/466/2769 6686/467/2769 6666/643/2769 6667/645/2769
f 6688/465/2768 6687/466/2768 6667/645/2834 6668/647/2834
f 6689/464/2767 6688/465/2767 6668/647/2835 6669/649/2835
f 6690/463/2766 6689/464/2766 6669/649/2837 6670/651/2837
f 6671/462/2765 6690/463/2765 6670/651/2765 6651/614/2765
f 6692/570/2737 6691/569/2737 6509/634/2737 6508/632/2737
f 6693/571/2737 6692/570/2737 6508/632/2737 6507/630/2737
f 6694/572/2737 6693/571/2737 6507/630/2737 6506/628/2737
f 6695/553/2736 6694/572/2737 6506/628/2737 6505/626/2737
f 6696/554/2737 6695/553/2736 6505/626/2737 6504/624/2736
f 6697/555/2737 6696/554/2737 6504/624/2736 6503/622/2737
f 6698/556/2737 6697/555/2737 6503/622/2737 6502/620/2736
f 6699/557/2736 6698/556/2737 6502/620/2736 6501/618/2736
f 6700/558/2737 6699/557/2736 6501/618/2736 6500/616/2736
f 6701/559/2736 6700/558/2737 6500/616/2736 6499/615/2736
f 6702/560/2737 6701/559/2736 6499/615/2736 6498/652/2737
f 6703/561/2737 6702/560/2737 6498/652/2737 6497/650/2737
f 6704/562/2737 6703/561/2737 6497/650/2737 6496/648/2737
f 6705/563/2737 6704/562/2737 6496/648/2737 6495/646/2737
f 6706/564/2737 6705/563/2737 6495/646/2737 6494/644/2737
f 6707/565/2737 6706/564/2737 6494/644/2737 6493/642/2737
f 6708/566/2737 6707/565/2737 6493/642/2737 6492/640/2737
f 6709/567/2736 6708/566/2737 6492/640/2737 6491/638/2737
f 6710/568/2737 6709/567/2736 6491/638/2737 6510/636/2737
f 6691/569/2737 6710/568/2737 6510/636/2737 6509/634/2737
f 6711/327/2690 6712/328/2690 6921/329/2690 6922/330/2691
f 6712/328/2690 6713/331/2690 6920/332/2690 6921/329/2690
f 6713/331/2690 6714/333/2691 6919/334/2690 6920/332/2690
f 6714/333/2691 6715/335/2690 6918/336/2690 6919/334/2690
f 6715/335/2690 6716/337/2690 6917/338/2690 6918/336/2690
f 6716/337/2690 6717/339/2690 6916/340/2691 6917/338/2690
f 6717/339/2690 6718/341/2691 6915/342/2691 6916/340/2691
f 6718/341/2691 6719/343/2690 6914/344/2691 6915/342/2691
f 6719/343/2690 6720/345/2691 6913/346/2690 6914/344/2691
f 6720/345/2691 6721/347/2690 6912/348/2691 6913/346/2690
f 6721/347/2690 6722/349/2690 6911/350/2691 6912/348/2691
f 6722/349/2690 6723/351/2690 6930/352/2690 6911/350/2691
f 6723/351/2690 6724/353/2690 6929/354/2690 6930/352/2690
f 6724/353/2690 6725/355/2691 6928/356/2690 6929/354/2690
f 6725/355/2691 6726/357/2690 6927/358/2690 6928/356/2690
f 6726/357/2690 6727/359/2690 6926/360/2690 6927/358/2690
f 6727/359/2690 6728/361/2690 6925/362/2690 6926/360/2690
f 6728/361/2690 6729/363/2690 6924/364/2690 6925/362/2690
f 6729/363/2690 6730/365/2690 6923/366/2691 6924/364/2690
f 6730/365/2690 6711/327/2690 6922/330/2691 6923/366/2691
f 6731/367/2839 6732/368/2840 6825/369/2791 6826/370/2695
f 6732/368/2840 6733/371/2841 6824/372/2789 6825/369/2791
f 6733/371/2841 6734/373/2842 6823/374/2804 6824/372/2789
f 6734/373/2842 6735/375/2843 6822/376/2785 6823/374/2804
f 6735/375/2843 6736/377/2844 6821/378/2845 6822/376/2785
f 6736/377/2844 6737/379/2704 6820/380/2705 6821/378/2845
f 6737/379/2704 6738/381/2846 6819/382/2802 6820/380/2705
f 6738/381/2846 6739/383/2708 6818/384/2801 6819/382/2802
f 6739/383/2708 6740/385/2710 6817/386/2711 6818/384/2801
f 6740/385/2710 6741/387/2847 6816/388/2713 6817/386/2711
f 6741/387/2847 6742/389/2848 6815/390/2805 6816/388/2713
f 6742/389/2848 6743/391/2716 6814/392/2717 6815/390/2805
f 6743/391/2716 6744/393/2849 6813/394/2850 6814/392/2717
f 6744/393/2849 6745/395/2851 6812/396/2852 6813/394/2850
f 6745/395/2851 6746/397/2853 6811/398/2723 6812/396/2852
f 6746/397/2853 6747/399/2854 6830/400/2725 6811/398/2723
f 6747/399/2854 6748/401/2855 6829/402/2727 6830/400/2725
f 6748/401/2855 6749/403/2856 6828/404/2729 6829/402/2727
f 6749/403/2856 6750/405/2857 6827/406/2806 6828/404/2729
f 6750/405/2857 6731/407/2839 6826/408/2695 6827/406/2806
f 6751/409/2734 6752/410/2742 6884/411/2743 6885/412/2734
f 6752/410/2742 6753/413/2736 6883/414/2736 6884/411/2743
f 6753/413/2736 6754/415/2858 6882/416/2859 6883/414/2736
f 6754/415/2858 6755/417/2739 6881/418/2737 6882/416/2859
f 6755/417/2739 6756/419/2745 6880/420/2860 6881/418/2737
f 6756/419/2745 6757/421/2742 6879/422/2743 6880/420/2860
f 6757/421/2742 6758/423/2861 6878/424/2862 6879/422/2743
f 6758/423/2861 6759/425/2863 6877/426/2741 6878/424/2862
f 6759/425/2863 6760/427/2864 6876/428/2737 6877/426/2741
f 6760/427/2864 6761/429/2865 6875/430/2733 6876/428/2737
f 6761/429/2865 6762/431/2736 6874/432/2736 6875/430/2733
f 6762/431/2736 6763/433/2741 6873/434/2736 6874/432/2736
f 6763/433/2741 6764/435/2737 6872/436/2737 6873/434/2736
f 6764/435/2737 6765/437/2864 6871/438/2737 6872/436/2737
f 6765/437/2864 6766/439/2749 6890/440/2743 6871/438/2737
f 6766/439/2749 6767/441/2866 6889/442/2867 6890/440/2743
f 6767/441/2866 6768/443/2743 6888/444/2743 6889/442/2867
f 6768/443/2743 6769/445/2736 6887/446/2736 6888/444/2743
f 6769/445/2736 6770/447/2734 6886/448/2734 6887/446/2736
f 6770/447/2734 6751/409/2734 6885/412/2734 6886/448/2734
f 6712/328/2751 6711/327/2751 6963/449/2751 6964/450/2751
f 6711/327/2868 6730/365/2868 6962/451/2868 6963/449/2868
f 6730/365/2753 6729/363/2753 6961/452/2753 6962/451/2753
f 6729/363/2754 6728/361/2754 6960/453/2754 6961/452/2754
f 6728/361/2756 6727/359/2756 6959/454/2756 6960/453/2756
f 6727/359/2757 6726/357/2757 6958/455/2757 6959/454/2757
f 6726/357/2758 6725/355/2758 6957/456/2823 6958/455/2823
f 6725/355/2759 6724/353/2759 6956/457/2759 6957/456/2759
f 6724/353/2760 6723/351/2760 6955/458/2760 6956/457/2760
f 6723/351/2761 6722/349/2761 6954/459/2761 6955/458/2761
f 6722/349/2762 6721/347/2762 6953/460/2762 6954/459/2762
f 6721/347/2763 6720/345/2763 6952/461/2763 6953/460/2763
f 6720/345/2764 6719/343/2764 6951/462/2764 6952/461/2764
f 6719/343/2765 6718/341/2765 6970/463/2765 6951/462/2765
f 6718/341/2766 6717/339/2766 6969/464/2766 6970/463/2766
f 6717/339/2767 6716/337/2767 6968/465/2767 6969/464/2767
f 6716/337/2768 6715/335/2768 6967/466/2768 6968/465/2768
f 6715/335/2769 6714/333/2769 6966/467/2769 6967/466/2769
f 6714/333/2770 6713/331/2770 6965/468/2770 6966/467/2770
f 6713/331/2771 6712/328/2771 6964/450/2771 6965/468/2771
f 6792/469/2869 6791/470/2723 6766/471/2870 6765/472/2871
f 6793/473/2719 6792/469/2869 6765/472/2871 6764/474/2775
f 6794/475/2717 6793/473/2719 6764/474/2775 6763/476/2776
f 6795/477/2805 6794/475/2717 6763/476/2776 6762/478/2872
f 6796/479/2713 6795/477/2805 6762/478/2872 6761/480/2873
f 6797/481/2800 6796/479/2713 6761/480/2873 6760/482/2780
f 6798/483/2801 6797/481/2800 6760/482/2780 6759/484/2781
f 6799/485/2802 6798/483/2801 6759/484/2781 6758/486/2874
f 6800/487/2705 6799/485/2802 6758/486/2874 6757/488/2875
f 6801/489/2845 6800/487/2705 6757/488/2875 6756/490/2876
f 6802/491/2785 6801/489/2845 6756/490/2876 6755/492/2877
f 6803/493/2804 6802/491/2785 6755/492/2877 6754/494/2878
f 6804/495/2789 6803/493/2804 6754/494/2878 6753/496/2879
f 6805/497/2694 6804/495/2789 6753/496/2879 6752/498/2880
f 6806/499/2695 6805/497/2694 6752/498/2880 6751/500/2881
f 6807/501/2731 6806/502/2695 6751/503/2881 6770/504/2794
f 6808/505/2882 6807/501/2731 6770/504/2794 6769/506/2883
f 6809/507/2727 6808/505/2882 6769/506/2883 6768/508/2884
f 6810/509/2725 6809/507/2727 6768/508/2884 6767/510/2885
f 6791/470/2723 6810/509/2725 6767/510/2885 6766/471/2870
f 6812/396/2852 6811/398/2723 6831/511/2723 6832/512/2721
f 6813/394/2850 6812/396/2852 6832/512/2721 6833/513/2719
f 6814/392/2717 6813/394/2850 6833/513/2719 6834/514/2717
f 6815/390/2805 6814/392/2717 6834/514/2717 6835/515/2715
f 6816/388/2713 6815/390/2805 6835/515/2715 6836/516/2713
f 6817/386/2711 6816/388/2713 6836/516/2713 6837/517/2800
f 6818/384/2801 6817/386/2711 6837/517/2800 6838/518/2801
f 6819/382/2802 6818/384/2801 6838/518/2801 6839/519/2802
f 6820/380/2705 6819/382/2802 6839/519/2802 6840/520/2705
f 6821/378/2845 6820/380/2705 6840/520/2705 6841/521/2703
f 6822/376/2785 6821/378/2845 6841/521/2703 6842/522/2803
f 6823/374/2804 6822/376/2785 6842/522/2803 6843/523/2804
f 6824/372/2789 6823/374/2804 6843/523/2804 6844/524/2789
f 6825/369/2791 6824/372/2789 6844/524/2789 6845/525/2791
f 6826/370/2695 6825/369/2791 6845/525/2791 6846/526/2695
f 6827/406/2806 6826/408/2695 6846/527/2695 6847/528/2731
f 6828/404/2729 6827/406/2806 6847/528/2731 6848/529/2729
f 6829/402/2727 6828/404/2729 6848/529/2729 6849/530/2727
f 6830/400/2725 6829/402/2727 6849/530/2727 6850/531/2725
f 6811/398/2723 6830/400/2725 6850/531/2725 6831/511/2723
f 6832/512/2721 6831/511/2723 6851/532/2723 6852/533/2772
f 6833/513/2719 6832/512/2721 6852/533/2772 6853/534/2719
f 6834/514/2717 6833/513/2719 6853/534/2719 6854/535/2717
f 6835/515/2715 6834/514/2717 6854/535/2717 6855/536/2715
f 6836/516/2713 6835/515/2715 6855/536/2715 6856/537/2713
f 6837/517/2800 6836/516/2713 6856/537/2713 6857/538/2800
f 6838/518/2801 6837/517/2800 6857/538/2800 6858/539/2801
f 6839/519/2802 6838/518/2801 6858/539/2801 6859/540/2802
f 6840/520/2705 6839/519/2802 6859/540/2802 6860/541/2705
f 6841/521/2703 6840/520/2705 6860/541/2705 6861/542/2703
f 6842/522/2803 6841/521/2703 6861/542/2703 6862/543/2803
f 6843/523/2804 6842/522/2803 6862/543/2803 6863/544/2804
f 6844/524/2789 6843/523/2804 6863/544/2804 6864/545/2789
f 6845/525/2791 6844/524/2789 6864/545/2789 6865/546/2791
f 6846/526/2695 6845/525/2791 6865/546/2791 6866/547/2695
f 6847/528/2731 6846/527/2695 6866/548/2695 6867/549/2806
f 6848/529/2729 6847/528/2731 6867/549/2806 6868/550/2729
f 6849/530/2727 6848/529/2729 6868/550/2729 6869/551/2727
f 6850/531/2725 6849/530/2727 6869/551/2727 6870/552/2725
f 6831/511/2723 6850/531/2725 6870/552/2725 6851/532/2723
f 6852/533/2772 6851/532/2723 6791/470/2723 6792/469/2869
f 6853/534/2719 6852/533/2772 6792/469/2869 6793/473/2719
f 6854/535/2717 6853/534/2719 6793/473/2719 6794/475/2717
f 6855/536/2715 6854/535/2717 6794/475/2717 6795/477/2805
f 6856/537/2713 6855/536/2715 6795/477/2805 6796/479/2713
f 6857/538/2800 6856/537/2713 6796/479/2713 6797/481/2800
f 6858/539/2801 6857/538/2800 6797/481/2800 6798/483/2801
f 6859/540/2802 6858/539/2801 6798/483/2801 6799/485/2802
f 6860/541/2705 6859/540/2802 6799/485/2802 6800/487/2705
f 6861/542/2703 6860/541/2705 6800/487/2705 6801/489/2845
f 6862/543/2803 6861/542/2703 6801/489/2845 6802/491/2785
f 6863/544/2804 6862/543/2803 6802/491/2785 6803/493/2804
f 6864/545/2789 6863/544/2804 6803/493/2804 6804/495/2789
f 6865/546/2791 6864/545/2789 6804/495/2789 6805/497/2694
f 6866/547/2695 6865/546/2791 6805/497/2694 6806/499/2695
f 6867/549/2806 6866/548/2695 6806/502/2695 6807/501/2731
f 6868/550/2729 6867/549/2806 6807/501/2731 6808/505/2882
f 6869/551/2727 6868/550/2729 6808/505/2882 6809/507/2727
f 6870/552/2725 6869/551/2727 6809/507/2727 6810/509/2725
f 6851/532/2723 6870/552/2725 6810/509/2725 6791/470/2723
f 6872/436/2737 6871/438/2737 6975/553/2737 6976/554/2737
f 6873/434/2736 6872/436/2737 6976/554/2737 6977/555/2737
f 6874/432/2736 6873/434/2736 6977/555/2737 6978/556/2737
f 6875/430/2733 6874/432/2736 6978/556/2737 6979/557/2737
f 6876/428/2737 6875/430/2733 6979/557/2737 6980/558/2737
f 6877/426/2741 6876/428/2737 6980/558/2737 6981/559/2737
f 6878/424/2862 6877/426/2741 6981/559/2737 6982/560/2736
f 6879/422/2743 6878/424/2862 6982/560/2736 6983/561/2737
f 6880/420/2860 6879/422/2743 6983/561/2737 6984/562/2737
f 6881/418/2737 6880/420/2860 6984/562/2737 6985/563/2737
f 6882/416/2859 6881/418/2737 6985/563/2737 6986/564/2737
f 6883/414/2736 6882/416/2859 6986/564/2737 6987/565/2737
f 6884/411/2743 6883/414/2736 6987/565/2737 6988/566/2737
f 6885/412/2734 6884/411/2743 6988/566/2737 6989/567/2736
f 6886/448/2734 6885/412/2734 6989/567/2736 6990/568/2737
f 6887/446/2736 6886/448/2734 6990/568/2737 6971/569/2737
f 6888/444/2743 6887/446/2736 6971/569/2737 6972/570/2737
f 6889/442/2867 6888/444/2743 6972/570/2737 6973/571/2736
f 6890/440/2743 6889/442/2867 6973/571/2736 6974/572/2737
f 6871/438/2737 6890/440/2743 6974/572/2737 6975/553/2737
f 6892/573/2807 6891/574/2691 6742/575/2691 6741/576/2886
f 6893/577/2816 6892/573/2807 6741/576/2886 6740/578/2887
f 6894/579/2816 6893/577/2816 6740/578/2887 6739/580/2817
f 6895/581/2816 6894/579/2816 6739/580/2817 6738/582/2816
f 6896/583/2691 6895/581/2816 6738/582/2816 6737/584/2690
f 6897/585/2811 6896/583/2691 6737/584/2690 6736/586/2888
f 6898/587/2811 6897/585/2811 6736/586/2888 6735/588/2888
f 6899/589/2889 6898/587/2811 6735/588/2888 6734/590/2890
f 6900/591/2891 6899/589/2889 6734/590/2890 6733/592/2892
f 6901/593/2808 6900/591/2891 6733/592/2892 6732/594/2809
f 6902/595/2816 6901/593/2808 6732/594/2809 6731/596/2893
f 6903/597/2690 6902/595/2816 6731/596/2893 6750/598/2894
f 6904/599/2690 6903/597/2690 6750/598/2894 6749/600/2690
f 6905/601/2691 6904/599/2690 6749/600/2690 6748/602/2895
f 6906/603/2819 6905/601/2691 6748/602/2895 6747/604/2896
f 6907/605/2691 6906/603/2819 6747/604/2896 6746/606/2691
f 6908/607/2888 6907/605/2691 6746/606/2691 6745/608/2897
f 6909/609/2895 6908/607/2888 6745/608/2897 6744/610/2891
f 6910/611/2691 6909/609/2895 6744/610/2891 6743/612/2895
f 6891/574/2691 6910/611/2691 6743/612/2895 6742/575/2691
f 6912/348/2691 6911/350/2691 6891/574/2691 6892/573/2807
f 6913/346/2690 6912/348/2691 6892/573/2807 6893/577/2816
f 6914/344/2691 6913/346/2690 6893/577/2816 6894/579/2816
f 6915/342/2691 6914/344/2691 6894/579/2816 6895/581/2816
f 6916/340/2691 6915/342/2691 6895/581/2816 6896/583/2691
f 6917/338/2690 6916/340/2691 6896/583/2691 6897/585/2811
f 6918/336/2690 6917/338/2690 6897/585/2811 6898/587/2811
f 6919/334/2690 6918/336/2690 6898/587/2811 6899/589/2889
f 6920/332/2690 6919/334/2690 6899/589/2889 6900/591/2891
f 6921/329/2690 6920/332/2690 6900/591/2891 6901/593/2808
f 6922/330/2691 6921/329/2690 6901/593/2808 6902/595/2816
f 6923/366/2691 6922/330/2691 6902/595/2816 6903/597/2690
f 6924/364/2690 6923/366/2691 6903/597/2690 6904/599/2690
f 6925/362/2690 6924/364/2690 6904/599/2690 6905/601/2691
f 6926/360/2690 6925/362/2690 6905/601/2691 6906/603/2819
f 6927/358/2690 6926/360/2690 6906/603/2819 6907/605/2691
f 6928/356/2690 6927/358/2690 6907/605/2691 6908/607/2888
f 6929/354/2690 6928/356/2690 6908/607/2888 6909/609/2895
f 6930/352/2690 6929/354/2690 6909/609/2895 6910/611/2691
f 6911/350/2691 6930/352/2690 6910/611/2691 6891/574/2691
f 6932/613/2764 6931/614/2764 6779/615/2764 6780/616/2764
f 6933/617/2898 6932/613/2763 6780/616/2898 6781/618/2898
f 6934/619/2762 6933/617/2762 6781/618/2762 6782/620/2762
f 6935/621/2761 6934/619/2761 6782/620/2761 6783/622/2761
f 6936/623/2760 6935/621/2760 6783/622/2899 6784/624/2899
f 6937/625/2759 6936/623/2759 6784/624/2759 6785/626/2759
f 6938/627/2823 6937/625/2823 6785/626/2823 6786/628/2823
f 6939/629/2757 6938/627/2757 6786/628/2900 6787/630/2900
f 6940/631/2901 6939/629/2901 6787/630/2901 6788/632/2901
f 6941/633/2826 6940/631/2826 6788/632/2826 6789/634/2826
f 6942/635/2753 6941/633/2753 6789/634/2753 6790/636/2753
f 6943/637/2868 6942/635/2868 6790/636/2868 6771/638/2868
f 6944/639/2751 6943/637/2751 6771/638/2827 6772/640/2827
f 6945/641/2771 6944/639/2771 6772/640/2902 6773/642/2902
f 6946/643/2770 6945/641/2770 6773/642/2903 6774/644/2903
f 6947/645/2769 6946/643/2769 6774/644/2769 6775/646/2769
f 6948/647/2834 6947/645/2834 6775/646/2834 6776/648/2834
f 6949/649/2767 6948/647/2767 6776/648/2767 6777/650/2767
f 6950/651/2766 6949/649/2766 6777/650/2766 6778/652/2766
f 6931/614/2765 6950/651/2765 6778/652/2904 6779/615/2904
f 6952/461/2764 6951/462/2764 6931/614/2764 6932/613/2764
f 6953/460/2763 6952/461/2763 6932/613/2763 6933/617/2898
f 6954/459/2762 6953/460/2762 6933/617/2762 6934/619/2762
f 6955/458/2761 6954/459/2761 6934/619/2761 6935/621/2761
f 6956/457/2760 6955/458/2760 6935/621/2760 6936/623/2760
f 6957/456/2759 6956/457/2759 6936/623/2759 6937/625/2759
f 6958/455/2823 6957/456/2823 6937/625/2823 6938/627/2823
f 6959/454/2757 6958/455/2757 6938/627/2757 6939/629/2757
f 6960/453/2756 6959/454/2756 6939/629/2901 6940/631/2901
f 6961/452/2754 6960/453/2754 6940/631/2826 6941/633/2826
f 6962/451/2753 6961/452/2753 6941/633/2753 6942/635/2753
f 6963/449/2868 6962/451/2868 6942/635/2868 6943/637/2868
f 6964/450/2751 6963/449/2751 6943/637/2751 6944/639/2751
f 6965/468/2771 6964/450/2771 6944/639/2771 6945/641/2771
f 6966/467/2770 6965/468/2770 6945/641/2770 6946/643/2770
f 6967/466/2769 6966/467/2769 6946/643/2769 6947/645/2769
f 6968/465/2768 6967/466/2768 6947/645/2834 6948/647/2834
f 6969/464/2767 6968/465/2767 6948/647/2767 6949/649/2767
f 6970/463/2766 6969/464/2766 6949/649/2766 6950/651/2766
f 6951/462/2765 6970/463/2765 6950/651/2765 6931/614/2765
f 6972/570/2737 6971/569/2737 6789/634/2737 6788/632/2737
f 6973/571/2736 6972/570/2737 6788/632/2737 6787/630/2736
f 6974/572/2737 6973/571/2736 6787/630/2736 6786/628/2737
f 6975/553/2737 6974/572/2737 6786/628/2737 6785/626/2737
f 6976/554/2737 6975/553/2737 6785/626/2737 6784/624/2737
f 6977/555/2737 6976/554/2737 6784/624/2737 6783/622/2737
f 6978/556/2737 6977/555/2737 6783/622/2737 6782/620/2737
f 6979/557/2737 6978/556/2737 6782/620/2737 6781/618/2737
f 6980/558/2737 6979/557/2737 6781/618/2737 6780/616/2737
f 6981/559/2737 6980/558/2737 6780/616/2737 6779/615/2737
f 6982/560/2736 6981/559/2737 6779/615/2737 6778/652/2736
f 6983/561/2737 6982/560/2736 6778/652/2736 6777/650/2736
f 6984/562/2737 6983/561/2737 6777/650/2736 6776/648/2736
f 6985/563/2737 6984/562/2737 6776/648/2736 6775/646/2736
f 6986/564/2737 6985/563/2737 6775/646/2736 6774/644/2737
f 6987/565/2737 6986/564/2737 6774/644/2737 6773/642/2737
f 6988/566/2737 6987/565/2737 6773/642/2737 6772/640/2736
f 6989/567/2736 6988/566/2737 6772/640/2736 6771/638/2736
f 6990/568/2737 6989/567/2736 6771/638/2736 6790/636/2737
f 6971/569/2737 6990/568/2737 6790/636/2737 6789/634/2737
f 6991/327/1907 6992/328/1907 7012/594/1907 7011/596/1907
f 6992/328/1907 6993/331/1907 7013/592/1907 7012/594/1907
f 6993/331/1907 6994/333/1907 7014/590/1907 7013/592/1907
f 6994/333/1907 6995/335/1907 7015/588/1907 7014/590/1907
f 6995/335/1907 6996/337/1907 7016/586/1907 7015/588/1907
f 6996/337/1907 6997/339/1907 7017/584/1907 7016/586/1907
f 6997/339/1907 6998/341/1907 7018/582/1907 7017/584/1907
f 6998/341/1907 6999/343/1907 7019/580/1907 7018/582/1907
f 6999/343/1907 7000/345/1907 7020/578/1907 7019/580/1907
f 7000/345/1907 7001/347/1907 7021/576/1907 7020/578/1907
f 7001/347/1907 7002/349/1907 7022/575/1907 7021/576/1907
f 7002/349/1907 7003/351/1907 7023/612/1907 7022/575/1907
f 7003/351/1907 7004/353/1907 7024/610/1907 7023/612/1907
f 7004/353/1907 7005/355/1907 7025/608/1907 7024/610/1907
f 7005/355/1907 7006/357/1907 7026/606/1907 7025/608/1907
f 7006/357/1907 7007/359/1907 7027/604/1907 7026/606/1907
f 7007/359/1907 7008/361/1907 7028/602/1907 7027/604/1907
f 7008/361/1907 7009/363/1907 7029/600/1907 7028/602/1907
f 7009/363/1907 7010/365/1907 7030/598/1907 7029/600/1907
f 7010/365/1907 6991/327/1907 7011/596/1907 7030/598/1907
f 7011/367/1908 7012/368/1909 7150/966/1910 7151/967/1911
f 7012/368/1909 7013/371/1912 7149/968/1913 7150/966/1910
f 7013/371/1912 7014/373/1914 7148/969/1915 7149/968/1913
f 7014/373/1914 7015/375/1916 7147/970/2306 7148/969/1915
f 7015/375/1916 7016/377/1918 7146/971/1919 7147/970/2306
f 7016/377/1918 7017/379/1920 7145/972/1921 7146/971/1919
f 7017/379/1920 7018/381/1922 7144/973/1923 7145/972/1921
f 7018/381/1922 7019/383/2020 7143/974/1925 7144/973/1923
f 7019/383/2020 7020/385/1926 7142/975/1927 7143/974/1925
f 7020/385/1926 7021/387/1928 7141/976/1929 7142/975/1927
f 7021/387/1928 7022/389/1930 7140/977/1931 7141/976/1929
f 7022/389/1930 7023/391/1932 7139/978/1933 7140/977/1931
f 7023/391/1932 7024/393/1934 7138/979/1935 7139/978/1933
f 7024/393/1934 7025/395/1936 7137/980/2399 7138/979/1935
f 7025/395/1936 7026/397/2011 7136/981/2316 7137/980/2399
f 7026/397/2011 7027/399/1940 7135/982/1941 7136/981/2316
f 7027/399/1940 7028/401/1942 7134/983/1943 7135/982/1941
f 7028/401/1942 7029/403/1944 7133/984/1945 7134/983/1943
f 7029/403/1944 7030/405/1946 7152/985/1947 7133/984/1945
f 7030/405/1946 7011/407/1908 7151/986/1911 7152/985/1947
f 7031/409/1948 7032/410/1948 7206/987/1948 7207/988/1948
f 7032/410/1948 7033/413/1948 7205/989/1948 7206/987/1948
f 7033/413/1948 7034/415/1948 7204/990/1948 7205/989/1948
f 7034/415/1948 7035/417/1948 7203/991/1948 7204/990/1948
f 7035/417/1948 7036/419/1948 7202/992/1948 7203/991/1948
f 7036/419/1948 7037/421/1948 7201/993/1948 7202/992/1948
f 7037/421/1948 7038/423/1948 7200/994/1948 7201/993/1948
f 7038/423/1948 7039/425/1948 7199/995/1948 7200/994/1948
f 7039/425/1948 7040/427/1948 7198/996/1948 7199/995/1948
f 7040/427/1948 7041/429/1948 7197/997/1948 7198/996/1948
f 7041/429/1948 7042/431/1948 7196/998/1948 7197/997/1948
f 7042/431/1948 7043/433/1948 7195/999/1948 7196/998/1948
f 7043/433/1948 7044/435/1948 7194/1000/1948 7195/999/1948
f 7044/435/1948 7045/437/1948 7193/1001/1948 7194/1000/1948
f 7045/437/1948 7046/439/1948 7212/1002/1948 7193/1001/1948
f 7046/439/1948 7047/441/1948 7211/1003/1948 7212/1002/1948
f 7047/441/1948 7048/443/1948 7210/1004/1948 7211/1003/1948
f 7048/443/1948 7049/445/1948 7209/1005/1948 7210/1004/1948
f 7049/445/1948 7050/447/1948 7208/1006/1948 7209/1005/1948
f 7050/447/1948 7031/409/1948 7207/988/1948 7208/1006/1948
f 6992/328/1907 6991/327/1907 7071/694/1907
f 6993/331/1907 6992/328/1907 7071/694/1907
f 6994/333/1907 6993/331/1907 7071/694/1907
f 6995/335/1907 6994/333/1907 7071/694/1907
f 6996/337/1907 6995/335/1907 7071/694/1907
f 6997/339/1907 6996/337/1907 7071/694/1907
f 6998/341/1907 6997/339/1907 7071/694/1907
f 6999/343/1907 6998/341/1907 7071/694/1907
f 7000/345/1907 6999/343/1907 7071/694/1907
f 7001/347/1907 7000/345/1907 7071/694/1907
f 7002/349/1907 7001/347/1907 7071/694/1907
f 7003/351/1907 7002/349/1907 7071/694/1907
f 7004/353/1907 7003/351/1907 7071/694/1907
f 7005/355/1907 7004/353/1907 7071/694/1907
f 7006/357/1907 7005/355/1907 7071/694/1907
f 7007/359/1907 7006/357/1907 7071/694/1907
f 7008/361/1907 7007/359/1907 7071/694/1907
f 7009/363/1907 7008/361/1907 7071/694/1907
f 7010/365/1907 7009/363/1907 7071/694/1907
f 6991/327/1907 7010/365/1907 7071/694/1907
f 7051/638/2905 7052/640/2906 7072/695/2907
f 7052/640/2906 7053/642/2908 7072/695/2907
f 7053/642/2908 7054/644/2909 7072/695/2907
f 7054/644/2909 7055/646/2910 7072/695/2907
f 7055/646/2910 7056/648/2911 7072/695/2907
f 7056/648/2911 7057/650/2912 7072/695/2907
f 7057/650/2912 7058/652/2913 7072/695/2907
f 7058/652/2913 7059/615/2914 7072/695/2907
f 7059/615/2914 7060/616/2915 7072/695/2907
f 7060/616/2915 7061/618/2916 7072/695/2907
f 7061/618/2916 7062/620/2917 7072/695/2907
f 7062/620/2917 7063/622/2918 7072/695/2907
f 7063/622/2918 7064/624/2919 7072/695/2907
f 7064/624/2919 7065/626/2920 7072/695/2907
f 7065/626/2920 7066/628/2921 7072/695/2907
f 7066/628/2921 7067/630/2922 7072/695/2907
f 7067/630/2922 7068/632/2923 7072/695/2907
f 7068/632/2923 7069/634/2924 7072/695/2907
f 7069/634/2924 7070/636/2925 7072/695/2907
f 7070/636/2925 7051/638/2905 7072/695/2907
f 7074/1007/2398 7073/1008/1945 7049/506/2926 7048/508/2927
f 7075/1009/1941 7074/1007/2398 7048/508/2927 7047/510/2928
f 7076/1010/2316 7075/1009/1941 7047/510/2928 7046/471/2074
f 7077/1011/1937 7076/1010/2316 7046/471/2074 7045/472/2929
f 7078/1012/1935 7077/1011/1937 7045/472/2929 7044/474/2930
f 7079/1013/2931 7078/1012/1935 7044/474/2930 7043/476/2056
f 7080/1014/1931 7079/1013/2931 7043/476/2056 7042/478/2057
f 7081/1015/1929 7080/1014/1931 7042/478/2057 7041/480/2058
f 7082/1016/1927 7081/1015/1929 7041/480/2058 7040/482/2932
f 7083/1017/1925 7082/1016/1927 7040/482/2932 7039/484/2933
f 7084/1018/1923 7083/1017/1925 7039/484/2933 7038/486/2061
f 7085/1019/1921 7084/1018/1923 7038/486/2061 7037/488/2062
f 7086/1020/1919 7085/1019/1921 7037/488/2062 7036/490/2476
f 7087/1021/2306 7086/1020/1919 7036/490/2476 7035/492/2477
f 7088/1022/1915 7087/1021/2306 7035/492/2477 7034/494/2065
f 7089/1023/1913 7088/1022/1915 7034/494/2065 7033/496/2934
f 7090/1024/1910 7089/1023/1913 7033/496/2934 7032/498/2500
f 7091/1025/1911 7090/1024/1910 7032/498/2500 7031/500/2069
f 7092/1026/2935 7091/1027/1911 7031/503/2069 7050/504/2480
f 7073/1008/1945 7092/1026/2935 7050/504/2480 7049/506/2926
f 7094/1028/1943 7093/1029/2936 7113/1030/1945 7114/1031/1943
f 7095/1032/1941 7094/1028/1943 7114/1031/1943 7115/1033/1941
f 7096/1034/2316 7095/1032/1941 7115/1033/1941 7116/1035/2316
f 7097/1036/2399 7096/1034/2316 7116/1035/2316 7117/1037/1937
f 7098/1038/1935 7097/1036/2399 7117/1037/1937 7118/1039/1935
f 7099/1040/1933 7098/1038/1935 7118/1039/1935 7119/1041/1933
f 7100/1042/1931 7099/1040/1933 7119/1041/1933 7120/1043/1931
f 7101/1044/1929 7100/1042/1931 7120/1043/1931 7121/1045/2509
f 7102/1046/1927 7101/1044/1929 7121/1045/2509 7122/1047/1927
f 7103/1048/1925 7102/1046/1927 7122/1047/1927 7123/1049/1925
f 7104/1050/1923 7103/1048/1925 7123/1049/1925 7124/1051/1923
f 7105/1052/1921 7104/1050/1923 7124/1051/1923 7125/1053/1921
f 7106/1054/1919 7105/1052/1921 7125/1053/1921 7126/1055/1919
f 7107/1056/1917 7106/1054/1919 7126/1055/1919 7127/1057/2306
f 7108/1058/1915 7107/1056/1917 7127/1057/2306 7128/1059/1915
f 7109/1060/1913 7108/1058/1915 7128/1059/1915 7129/1061/1913
f 7110/1062/1910 7109/1060/1913 7129/1061/1913 7130/1063/1910
f 7111/1064/1911 7110/1062/1910 7130/1063/1910 7131/1065/2937
f 7112/1066/1947 7111/1067/1911 7131/1068/2937 7132/1069/1947
f 7093/1029/2936 7112/1066/1947 7132/1069/1947 7113/1030/1945
f 7114/1031/1943 7113/1030/1945 7153/1070/1945 7154/1071/1943
f 7115/1033/1941 7114/1031/1943 7154/1071/1943 7155/1072/1941
f 7116/1035/2316 7115/1033/1941 7155/1072/1941 7156/1073/2316
f 7117/1037/1937 7116/1035/2316 7156/1073/2316 7157/1074/2399
f 7118/1039/1935 7117/1037/1937 7157/1074/2399 7158/1075/1935
f 7119/1041/1933 7118/1039/1935 7158/1075/1935 7159/1076/1933
f 7120/1043/1931 7119/1041/1933 7159/1076/1933 7160/1077/1931
f 7121/1045/2509 7120/1043/1931 7160/1077/1931 7161/1078/1929
f 7122/1047/1927 7121/1045/2509 7161/1078/1929 7162/1079/2938
f 7123/1049/1925 7122/1047/1927 7162/1079/2938 7163/1080/2506
f 7124/1051/1923 7123/1049/1925 7163/1080/2506 7164/1081/1923
f 7125/1053/1921 7124/1051/1923 7164/1081/1923 7165/1082/1921
f 7126/1055/1919 7125/1053/1921 7165/1082/1921 7166/1083/1919
f 7127/1057/2306 7126/1055/1919 7166/1083/1919 7167/1084/2306
f 7128/1059/1915 7127/1057/2306 7167/1084/2306 7168/1085/1915
f 7129/1061/1913 7128/1059/1915 7168/1085/1915 7169/1086/1913
f 7130/1063/1910 7129/1061/1913 7169/1086/1913 7170/1087/1910
f 7131/1065/2937 7130/1063/1910 7170/1087/1910 7171/1088/1911
f 7132/1069/1947 7131/1068/2937 7171/1089/1911 7172/1090/2935
f 7113/1030/1945 7132/1069/1947 7172/1090/2935 7153/1070/1945
f 7134/983/1943 7133/984/1945 7093/1029/2936 7094/1028/1943
f 7135/982/1941 7134/983/1943 7094/1028/1943 7095/1032/1941
f 7136/981/2316 7135/982/1941 7095/1032/1941 7096/1034/2316
f 7137/980/2399 7136/981/2316 7096/1034/2316 7097/1036/2399
f 7138/979/1935 7137/980/2399 7097/1036/2399 7098/1038/1935
f 7139/978/1933 7138/979/1935 7098/1038/1935 7099/1040/1933
f 7140/977/1931 7139/978/1933 7099/1040/1933 7100/1042/1931
f 7141/976/1929 7140/977/1931 7100/1042/1931 7101/1044/1929
f 7142/975/1927 7141/976/1929 7101/1044/1929 7102/1046/1927
f 7143/974/1925 7142/975/1927 7102/1046/1927 7103/1048/1925
f 7144/973/1923 7143/974/1925 7103/1048/1925 7104/1050/1923
f 7145/972/1921 7144/973/1923 7104/1050/1923 7105/1052/1921
f 7146/971/1919 7145/972/1921 7105/1052/1921 7106/1054/1919
f 7147/970/2306 7146/971/1919 7106/1054/1919 7107/1056/1917
f 7148/969/1915 7147/970/2306 7107/1056/1917 7108/1058/1915
f 7149/968/1913 7148/969/1915 7108/1058/1915 7109/1060/1913
f 7150/966/1910 7149/968/1913 7109/1060/1913 7110/1062/1910
f 7151/967/1911 7150/966/1910 7110/1062/1910 7111/1064/1911
f 7152/985/1947 7151/986/1911 7111/1067/1911 7112/1066/1947
f 7133/984/1945 7152/985/1947 7112/1066/1947 7093/1029/2936
f 7154/1071/1943 7153/1070/1945 7073/1008/1945 7074/1007/2398
f 7155/1072/1941 7154/1071/1943 7074/1007/2398 7075/1009/1941
f 7156/1073/2316 7155/1072/1941 7075/1009/1941 7076/1010/2316
f 7157/1074/2399 7156/1073/2316 7076/1010/2316 7077/1011/1937
f 7158/1075/1935 7157/1074/2399 7077/1011/1937 7078/1012/1935
f 7159/1076/1933 7158/1075/1935 7078/1012/1935 7079/1013/2931
f 7160/1077/1931 7159/1076/1933 7079/1013/2931 7080/1014/1931
f 7161/1078/1929 7160/1077/1931 7080/1014/1931 7081/1015/1929
f 7162/1079/2938 7161/1078/1929 7081/1015/1929 7082/1016/1927
f 7163/1080/2506 7162/1079/2938 7082/1016/1927 7083/1017/1925
f 7164/1081/1923 7163/1080/2506 7083/1017/1925 7084/1018/1923
f 7165/1082/1921 7164/1081/1923 7084/1018/1923 7085/1019/1921
f 7166/1083/1919 7165/1082/1921 7085/1019/1921 7086/1020/1919
f 7167/1084/2306 7166/1083/1919 7086/1020/1919 7087/1021/2306
f 7168/1085/1915 7167/1084/2306 7087/1021/2306 7088/1022/1915
f 7169/1086/1913 7168/1085/1915 7088/1022/1915 7089/1023/1913
f 7170/1087/1910 7169/1086/1913 7089/1023/1913 7090/1024/1910
f 7171/1088/1911 7170/1087/1910 7090/1024/1910 7091/1025/1911
f 7172/1090/2935 7171/1089/1911 7091/1027/1911 7092/1026/2935
f 7153/1070/1945 7172/1090/2935 7092/1026/2935 7073/1008/1945
f 7174/1091/2939 7173/1092/2940 7067/630/2922 7066/628/2921
f 7175/1093/2941 7174/1091/2939 7066/628/2921 7065/626/2920
f 7176/1094/2942 7175/1093/2941 7065/626/2920 7064/624/2919
f 7177/1095/2943 7176/1094/2942 7064/624/2919 7063/622/2918
f 7178/1096/2944 7177/1095/2943 7063/622/2918 7062/620/2917
f 7179/1097/2945 7178/1096/2944 7062/620/2917 7061/618/2916
f 7180/1098/2946 7179/1097/2945 7061/618/2916 7060/616/2915
f 7181/1099/2947 7180/1098/2946 7060/616/2915 7059/615/2914
f 7182/1100/2948 7181/1099/2947 7059/615/2914 7058/652/2913
f 7183/1101/2949 7182/1100/2948 7058/652/2913 7057/650/2912
f 7184/1102/2950 7183/1101/2949 7057/650/2912 7056/648/2911
f 7185/1103/2951 7184/1102/2950 7056/648/2911 7055/646/2910
f 7186/1104/2952 7185/1103/2951 7055/646/2910 7054/644/2909
f 7187/1105/2953 7186/1104/2952 7054/644/2909 7053/642/2908
f 7188/1106/2954 7187/1105/2953 7053/642/2908 7052/640/2906
f 7189/1107/2955 7188/1106/2954 7052/640/2906 7051/638/2905
f 7190/1108/2956 7189/1107/2955 7051/638/2905 7070/636/2925
f 7191/1109/2957 7190/1108/2956 7070/636/2925 7069/634/2924
f 7192/1110/2958 7191/1109/2957 7069/634/2924 7068/632/2923
f 7173/1092/2940 7192/1110/2958 7068/632/2923 7067/630/2922
f 7194/1000/1948 7193/1001/1948 7175/1093/2941 7176/1094/2942
f 7195/999/1948 7194/1000/1948 7176/1094/2942 7177/1095/2943
f 7196/998/1948 7195/999/1948 7177/1095/2943 7178/1096/2944
f 7197/997/1948 7196/998/1948 7178/1096/2944 7179/1097/2945
f 7198/996/1948 7197/997/1948 7179/1097/2945 7180/1098/2946
f 7199/995/1948 7198/996/1948 7180/1098/2946 7181/1099/2947
f 7200/994/1948 7199/995/1948 7181/1099/2947 7182/1100/2948
f 7201/993/1948 7200/994/1948 7182/1100/2948 7183/1101/2949
f 7202/992/1948 7201/993/1948 7183/1101/2949 7184/1102/2950
f 7203/991/1948 7202/992/1948 7184/1102/2950 7185/1103/2951
f 7204/990/1948 7203/991/1948 7185/1103/2951 7186/1104/2952
f 7205/989/1948 7204/990/1948 7186/1104/2952 7187/1105/2953
f 7206/987/1948 7205/989/1948 7187/1105/2953 7188/1106/2954
f 7207/988/1948 7206/987/1948 7188/1106/2954 7189/1107/2955
f 7208/1006/1948 7207/988/1948 7189/1107/2955 7190/1108/2956
f 7209/1005/1948 7208/1006/1948 7190/1108/2956 7191/1109/2957
f 7210/1004/1948 7209/1005/1948 7191/1109/2957 7192/1110/2958
f 7211/1003/1948 7210/1004/1948 7192/1110/2958 7173/1092/2940
f 7212/1002/1948 7211/1003/1948 7173/1092/2940 7174/1091/2939
f 7193/1001/1948 7212/1002/1948 7174/1091/2939 7175/1093/2941
f 7213/327/2959 7214/328/2959 7423/329/2959 7424/330/2959
f 7214/328/2959 7215/331/2959 7422/332/2959 7423/329/2959
f 7215/331/2959 7216/333/2959 7421/334/2960 7422/332/2959
f 7216/333/2959 7217/335/2959 7420/336/2960 7421/334/2960
f 7217/335/2959 7218/337/2959 7419/338/2959 7420/336/2960
f 7218/337/2959 7219/339/2959 7418/340/2959 7419/338/2959
f 7219/339/2959 7220/341/2959 7417/342/2959 7418/340/2959
f 7220/341/2959 7221/343/2959 7416/344/2959 7417/342/2959
f 7221/343/2959 7222/345/2959 7415/346/2959 7416/344/2959
f 7222/345/2959 7223/347/2959 7414/348/2959 7415/346/2959
f 7223/347/2959 7224/349/2959 7413/350/2959 7414/348/2959
f 7224/349/2959 7225/351/2959 7432/352/2959 7413/350/2959
f 7225/351/2959 7226/353/2959 7431/354/2959 7432/352/2959
f 7226/353/2959 7227/355/2959 7430/356/2959 7431/354/2959
f 7227/355/2959 7228/357/2959 7429/358/2959 7430/356/2959
f 7228/357/2959 7229/359/2959 7428/360/2959 7429/358/2959
f 7229/359/2959 7230/361/2959 7427/362/2959 7428/360/2959
f 7230/361/2959 7231/363/2959 7426/364/2959 7427/362/2959
f 7231/363/2959 7232/365/2959 7425/366/2959 7426/364/2959
f 7232/365/2959 7213/327/2959 7424/330/2959 7425/366/2959
f 7233/367/2961 7234/368/2962 7327/369/2963 7328/370/2964
f 7234/368/2962 7235/371/2965 7326/372/2966 7327/369/2963
f 7235/371/2965 7236/373/2967 7325/374/2968 7326/372/2966
f 7236/373/2967 7237/375/2969 7324/376/2970 7325/374/2968
f 7237/375/2969 7238/377/2971 7323/378/2972 7324/376/2970
f 7238/377/2971 7239/379/2973 7322/380/2974 7323/378/2972
f 7239/379/2973 7240/381/2975 7321/382/2976 7322/380/2974
f 7240/381/2975 7241/383/2977 7320/384/2978 7321/382/2976
f 7241/383/2977 7242/385/2979 7319/386/2980 7320/384/2978
f 7242/385/2979 7243/387/2981 7318/388/2982 7319/386/2980
f 7243/387/2981 7244/389/2983 7317/390/2984 7318/388/2982
f 7244/389/2983 7245/391/2985 7316/392/2986 7317/390/2984
f 7245/391/2985 7246/393/2987 7315/394/2988 7316/392/2986
f 7246/393/2987 7247/395/2989 7314/396/2990 7315/394/2988
f 7247/395/2989 7248/397/2991 7313/398/2992 7314/396/2990
f 7248/397/2991 7249/399/2993 7332/400/2994 7313/398/2992
f 7249/399/2993 7250/401/2995 7331/402/2996 7332/400/2994
f 7250/401/2995 7251/403/2997 7330/404/2998 7331/402/2996
f 7251/403/2997 7252/405/2999 7329/406/3000 7330/404/2998
f 7252/405/2999 7233/407/2961 7328/408/2964 7329/406/3000
f 7253/409/3001 7254/410/3002 7386/411/3003 7387/412/3003
f 7254/410/3002 7255/413/3004 7385/414/3005 7386/411/3003
f 7255/413/3004 7256/415/3006 7384/416/3004 7385/414/3005
f 7256/415/3006 7257/417/3007 7383/418/3004 7384/416/3004
f 7257/417/3007 7258/419/3007 7382/420/3004 7383/418/3004
f 7258/419/3007 7259/421/3001 7381/422/3008 7382/420/3004
f 7259/421/3001 7260/423/3009 7380/424/3010 7381/422/3008
f 7260/423/3009 7261/425/3011 7379/426/3008 7380/424/3010
f 7261/425/3011 7262/427/3011 7378/428/3008 7379/426/3008
f 7262/427/3011 7263/429/3008 7377/430/3008 7378/428/3008
f 7263/429/3008 7264/431/3012 7376/432/3013 7377/430/3008
f 7264/431/3012 7265/433/3012 7375/434/3013 7376/432/3013
f 7265/433/3012 7266/435/3010 7374/436/3010 7375/434/3013
f 7266/435/3010 7267/437/3014 7373/438/3015 7374/436/3010
f 7267/437/3014 7268/439/3016 7392/440/3010 7373/438/3015
f 7268/439/3016 7269/441/3017 7391/442/3018 7392/440/3010
f 7269/441/3017 7270/443/3019 7390/444/3020 7391/442/3018
f 7270/443/3019 7271/445/3021 7389/446/3020 7390/444/3020
f 7271/445/3021 7272/447/3011 7388/448/3008 7389/446/3020
f 7272/447/3011 7253/409/3001 7387/412/3003 7388/448/3008
f 7214/328/3022 7213/327/3022 7465/449/3022 7466/450/3022
f 7213/327/3023 7232/365/3023 7464/451/3023 7465/449/3023
f 7232/365/3024 7231/363/3024 7463/452/3024 7464/451/3024
f 7231/363/3025 7230/361/3025 7462/453/3025 7463/452/3025
f 7230/361/3026 7229/359/3026 7461/454/3026 7462/453/3026
f 7229/359/3027 7228/357/3027 7460/455/3027 7461/454/3027
f 7228/357/3028 7227/355/3028 7459/456/3028 7460/455/3028
f 7227/355/3029 7226/353/3029 7458/457/3029 7459/456/3029
f 7226/353/3030 7225/351/3030 7457/458/3030 7458/457/3030
f 7225/351/3031 7224/349/3031 7456/459/3031 7457/458/3031
f 7224/349/3032 7223/347/3032 7455/460/3032 7456/459/3032
f 7223/347/3033 7222/345/3033 7454/461/3033 7455/460/3033
f 7222/345/3034 7221/343/3034 7453/462/3034 7454/461/3034
f 7221/343/3035 7220/341/3035 7472/463/3035 7453/462/3035
f 7220/341/3036 7219/339/3036 7471/464/3036 7472/463/3036
f 7219/339/3037 7218/337/3037 7470/465/3037 7471/464/3037
f 7218/337/3038 7217/335/3038 7469/466/3038 7470/465/3038
f 7217/335/3039 7216/333/3039 7468/467/3039 7469/466/3039
f 7216/333/3040 7215/331/3040 7467/468/3041 7468/467/3041
f 7215/331/3042 7214/328/3042 7466/450/3042 7467/468/3042
f 7294/469/2990 7293/470/2992 7268/471/3043 7267/472/3044
f 7295/473/2988 7294/469/2990 7267/472/3044 7266/474/3045
f 7296/475/2986 7295/473/2988 7266/474/3045 7265/476/3046
f 7297/477/2984 7296/475/2986 7265/476/3046 7264/478/3047
f 7298/479/2982 7297/477/2984 7264/478/3047 7263/480/3048
f 7299/481/3049 7298/479/2982 7263/480/3048 7262/482/3050
f 7300/483/3051 7299/481/3049 7262/482/3050 7261/484/3052
f 7301/485/3053 7300/483/3051 7261/484/3052 7260/486/3054
f 7302/487/2974 7301/485/3053 7260/486/3054 7259/488/3055
f 7303/489/2972 7302/487/2974 7259/488/3055 7258/490/3056
f 7304/491/2970 7303/489/2972 7258/490/3056 7257/492/3057
f 7305/493/2968 7304/491/2970 7257/492/3057 7256/494/3058
f 7306/495/3059 7305/493/2968 7256/494/3058 7255/496/3060
f 7307/497/2963 7306/495/3059 7255/496/3060 7254/498/3061
f 7308/499/2964 7307/497/2963 7254/498/3061 7253/500/3062
f 7309/501/3000 7308/502/2964 7253/503/3062 7272/504/3063
f 7310/505/2998 7309/501/3000 7272/504/3063 7271/506/3064
f 7311/507/2996 7310/505/2998 7271/506/3064 7270/508/3065
f 7312/509/2994 7311/507/2996 7270/508/3065 7269/510/3066
f 7293/470/2992 7312/509/2994 7269/510/3066 7268/471/3043
f 7314/396/2990 7313/398/2992 7333/511/2992 7334/512/2990
f 7315/394/2988 7314/396/2990 7334/512/2990 7335/513/2988
f 7316/392/2986 7315/394/2988 7335/513/2988 7336/514/2986
f 7317/390/2984 7316/392/2986 7336/514/2986 7337/515/2984
f 7318/388/2982 7317/390/2984 7337/515/2984 7338/516/2982
f 7319/386/2980 7318/388/2982 7338/516/2982 7339/517/3049
f 7320/384/2978 7319/386/2980 7339/517/3049 7340/518/2978
f 7321/382/2976 7320/384/2978 7340/518/2978 7341/519/2976
f 7322/380/2974 7321/382/2976 7341/519/2976 7342/520/2974
f 7323/378/2972 7322/380/2974 7342/520/2974 7343/521/2972
f 7324/376/2970 7323/378/2972 7343/521/2972 7344/522/2970
f 7325/374/2968 7324/376/2970 7344/522/2970 7345/523/2968
f 7326/372/2966 7325/374/2968 7345/523/2968 7346/524/3059
f 7327/369/2963 7326/372/2966 7346/524/3059 7347/525/2963
f 7328/370/2964 7327/369/2963 7347/525/2963 7348/526/2964
f 7329/406/3000 7328/408/2964 7348/527/2964 7349/528/3000
f 7330/404/2998 7329/406/3000 7349/528/3000 7350/529/2998
f 7331/402/2996 7330/404/2998 7350/529/2998 7351/530/2996
f 7332/400/2994 7331/402/2996 7351/530/2996 7352/531/2994
f 7313/398/2992 7332/400/2994 7352/531/2994 7333/511/2992
f 7334/512/2990 7333/511/2992 7353/532/2992 7354/533/2990
f 7335/513/2988 7334/512/2990 7354/533/2990 7355/534/2988
f 7336/514/2986 7335/513/2988 7355/534/2988 7356/535/2986
f 7337/515/2984 7336/514/2986 7356/535/2986 7357/536/2984
f 7338/516/2982 7337/515/2984 7357/536/2984 7358/537/2982
f 7339/517/3049 7338/516/2982 7358/537/2982 7359/538/3049
f 7340/518/2978 7339/517/3049 7359/538/3049 7360/539/2978
f 7341/519/2976 7340/518/2978 7360/539/2978 7361/540/2976
f 7342/520/2974 7341/519/2976 7361/540/2976 7362/541/2974
f 7343/521/2972 7342/520/2974 7362/541/2974 7363/542/2972
f 7344/522/2970 7343/521/2972 7363/542/2972 7364/543/2970
f 7345/523/2968 7344/522/2970 7364/543/2970 7365/544/2968
f 7346/524/3059 7345/523/2968 7365/544/2968 7366/545/3059
f 7347/525/2963 7346/524/3059 7366/545/3059 7367/546/2963
f 7348/526/2964 7347/525/2963 7367/546/2963 7368/547/2964
f 7349/528/3000 7348/527/2964 7368/548/2964 7369/549/3000
f 7350/529/2998 7349/528/3000 7369/549/3000 7370/550/2998
f 7351/530/2996 7350/529/2998 7370/550/2998 7371/551/2996
f 7352/531/2994 7351/530/2996 7371/551/2996 7372/552/2994
f 7333/511/2992 7352/531/2994 7372/552/2994 7353/532/2992
f 7354/533/2990 7353/532/2992 7293/470/2992 7294/469/2990
f 7355/534/2988 7354/533/2990 7294/469/2990 7295/473/2988
f 7356/535/2986 7355/534/2988 7295/473/2988 7296/475/2986
f 7357/536/2984 7356/535/2986 7296/475/2986 7297/477/2984
f 7358/537/2982 7357/536/2984 7297/477/2984 7298/479/2982
f 7359/538/3049 7358/537/2982 7298/479/2982 7299/481/3049
f 7360/539/2978 7359/538/3049 7299/481/3049 7300/483/3051
f 7361/540/2976 7360/539/2978 7300/483/3051 7301/485/3053
f 7362/541/2974 7361/540/2976 7301/485/3053 7302/487/2974
f 7363/542/2972 7362/541/2974 7302/487/2974 7303/489/2972
f 7364/543/2970 7363/542/2972 7303/489/2972 7304/491/2970
f 7365/544/2968 7364/543/2970 7304/491/2970 7305/493/2968
f 7366/545/3059 7365/544/2968 7305/493/2968 7306/495/3059
f 7367/546/2963 7366/545/3059 7306/495/3059 7307/497/2963
f 7368/547/2964 7367/546/2963 7307/497/2963 7308/499/2964
f 7369/549/3000 7368/548/2964 7308/502/2964 7309/501/3000
f 7370/550/2998 7369/549/3000 7309/501/3000 7310/505/2998
f 7371/551/2996 7370/550/2998 7310/505/2998 7311/507/2996
f 7372/552/2994 7371/551/2996 7311/507/2996 7312/509/2994
f 7353/532/2992 7372/552/2994 7312/509/2994 7293/470/2992
f 7374/436/3010 7373/438/3015 7477/553/3013 7478/554/3013
f 7375/434/3013 7374/436/3010 7478/554/3013 7479/555/3013
f 7376/432/3013 7375/434/3013 7479/555/3013 7480/556/3013
f 7377/430/3008 7376/432/3013 7480/556/3013 7481/557/3013
f 7378/428/3008 7377/430/3008 7481/557/3013 7482/558/3013
f 7379/426/3008 7378/428/3008 7482/558/3013 7483/559/3013
f 7380/424/3010 7379/426/3008 7483/559/3013 7484/560/3013
f 7381/422/3008 7380/424/3010 7484/560/3013 7485/561/3013
f 7382/420/3004 7381/422/3008 7485/561/3013 7486/562/3013
f 7383/418/3004 7382/420/3004 7486/562/3013 7487/563/3013
f 7384/416/3004 7383/418/3004 7487/563/3013 7488/564/3013
f 7385/414/3005 7384/416/3004 7488/564/3013 7489/565/3013
f 7386/411/3003 7385/414/3005 7489/565/3013 7490/566/3013
f 7387/412/3003 7386/411/3003 7490/566/3013 7491/567/3013
f 7388/448/3008 7387/412/3003 7491/567/3013 7492/568/3013
f 7389/446/3020 7388/448/3008 7492/568/3013 7473/569/3013
f 7390/444/3020 7389/446/3020 7473/569/3013 7474/570/3013
f 7391/442/3018 7390/444/3020 7474/570/3013 7475/571/3013
f 7392/440/3010 7391/442/3018 7475/571/3013 7476/572/3013
f 7373/438/3015 7392/440/3010 7476/572/3013 7477/553/3013
f 7394/573/2960 7393/574/2960 7244/575/3067 7243/576/2960
f 7395/577/2960 7394/573/2960 7243/576/2960 7242/578/3068
f 7396/579/3069 7395/577/2960 7242/578/3068 7241/580/3070
f 7397/581/3068 7396/579/3069 7241/580/3070 7240/582/3071
f 7398/583/3072 7397/581/3068 7240/582/3071 7239/584/3069
f 7399/585/3072 7398/583/3072 7239/584/3069 7238/586/3073
f 7400/587/2959 7399/585/3072 7238/586/3073 7237/588/3072
f 7401/589/3074 7400/587/2959 7237/588/3072 7236/590/3067
f 7402/591/2959 7401/589/3074 7236/590/3067 7235/592/2959
f 7403/593/2959 7402/591/2959 7235/592/2959 7234/594/3072
f 7404/595/2960 7403/593/2959 7234/594/3072 7233/596/2960
f 7405/597/3072 7404/595/2960 7233/596/2960 7252/598/3072
f 7406/599/3068 7405/597/3072 7252/598/3072 7251/600/3071
f 7407/601/3069 7406/599/3068 7251/600/3071 7250/602/3075
f 7408/603/3072 7407/601/3069 7250/602/3075 7249/604/3072
f 7409/605/2960 7408/603/3072 7249/604/3072 7248/606/3074
f 7410/607/2960 7409/605/2960 7248/606/3074 7247/608/3074
f 7411/609/2960 7410/607/2960 7247/608/3074 7246/610/3074
f 7412/611/2959 7411/609/2960 7246/610/3074 7245/612/2959
f 7393/574/2960 7412/611/2959 7245/612/2959 7244/575/3067
f 7414/348/2959 7413/350/2959 7393/574/2960 7394/573/2960
f 7415/346/2959 7414/348/2959 7394/573/2960 7395/577/2960
f 7416/344/2959 7415/346/2959 7395/577/2960 7396/579/3069
f 7417/342/2959 7416/344/2959 7396/579/3069 7397/581/3068
f 7418/340/2959 7417/342/2959 7397/581/3068 7398/583/3072
f 7419/338/2959 7418/340/2959 7398/583/3072 7399/585/3072
f 7420/336/2960 7419/338/2959 7399/585/3072 7400/587/2959
f 7421/334/2960 7420/336/2960 7400/587/2959 7401/589/3074
f 7422/332/2959 7421/334/2960 7401/589/3074 7402/591/2959
f 7423/329/2959 7422/332/2959 7402/591/2959 7403/593/2959
f 7424/330/2959 7423/329/2959 7403/593/2959 7404/595/2960
f 7425/366/2959 7424/330/2959 7404/595/2960 7405/597/3072
f 7426/364/2959 7425/366/2959 7405/597/3072 7406/599/3068
f 7427/362/2959 7426/364/2959 7406/599/3068 7407/601/3069
f 7428/360/2959 7427/362/2959 7407/601/3069 7408/603/3072
f 7429/358/2959 7428/360/2959 7408/603/3072 7409/605/2960
f 7430/356/2959 7429/358/2959 7409/605/2960 7410/607/2960
f 7431/354/2959 7430/356/2959 7410/607/2960 7411/609/2960
f 7432/352/2959 7431/354/2959 7411/609/2960 7412/611/2959
f 7413/350/2959 7432/352/2959 7412/611/2959 7393/574/2960
f 7434/613/3034 7433/614/3034 7281/615/3034 7282/616/3034
f 7435/617/3033 7434/613/3033 7282/616/3033 7283/618/3033
f 7436/619/3032 7435/617/3032 7283/618/3032 7284/620/3032
f 7437/621/3031 7436/619/3031 7284/620/3031 7285/622/3031
f 7438/623/3076 7437/621/3076 7285/622/3076 7286/624/3076
f 7439/625/3029 7438/623/3029 7286/624/3029 7287/626/3029
f 7440/627/3028 7439/625/3028 7287/626/3077 7288/628/3077
f 7441/629/3078 7440/627/3027 7288/628/3079 7289/630/3079
f 7442/631/3026 7441/629/3026 7289/630/3026 7290/632/3026
f 7443/633/3025 7442/631/3025 7290/632/3025 7291/634/3025
f 7444/635/3024 7443/633/3024 7291/634/3080 7292/636/3080
f 7445/637/3023 7444/635/3023 7292/636/3023 7273/638/3023
f 7446/639/3022 7445/637/3022 7273/638/3022 7274/640/3022
f 7447/641/3042 7446/639/3042 7274/640/3042 7275/642/3042
f 7448/643/3040 7447/641/3040 7275/642/3040 7276/644/3040
f 7449/645/3039 7448/643/3039 7276/644/3039 7277/646/3039
f 7450/647/3038 7449/645/3038 7277/646/3038 7278/648/3038
f 7451/649/3081 7450/647/3081 7278/648/3081 7279/650/3081
f 7452/651/3036 7451/649/3036 7279/650/3036 7280/652/3036
f 7433/614/3035 7452/651/3035 7280/652/3035 7281/615/3035
f 7454/461/3034 7453/462/3034 7433/614/3034 7434/613/3034
f 7455/460/3033 7454/461/3033 7434/613/3033 7435/617/3033
f 7456/459/3032 7455/460/3032 7435/617/3032 7436/619/3032
f 7457/458/3031 7456/459/3031 7436/619/3031 7437/621/3031
f 7458/457/3030 7457/458/3030 7437/621/3076 7438/623/3076
f 7459/456/3029 7458/457/3029 7438/623/3029 7439/625/3029
f 7460/455/3028 7459/456/3028 7439/625/3028 7440/627/3028
f 7461/454/3027 7460/455/3027 7440/627/3027 7441/629/3078
f 7462/453/3026 7461/454/3026 7441/629/3026 7442/631/3026
f 7463/452/3025 7462/453/3025 7442/631/3025 7443/633/3025
f 7464/451/3024 7463/452/3024 7443/633/3024 7444/635/3024
f 7465/449/3023 7464/451/3023 7444/635/3023 7445/637/3023
f 7466/450/3022 7465/449/3022 7445/637/3022 7446/639/3022
f 7467/468/3042 7466/450/3042 7446/639/3042 7447/641/3042
f 7468/467/3041 7467/468/3041 7447/641/3040 7448/643/3040
f 7469/466/3039 7468/467/3039 7448/643/3039 7449/645/3039
f 7470/465/3038 7469/466/3038 7449/645/3038 7450/647/3038
f 7471/464/3037 7470/465/3037 7450/647/3081 7451/649/3081
f 7472/463/3036 7471/464/3036 7451/649/3036 7452/651/3036
f 7453/462/3035 7472/463/3035 7452/651/3035 7433/614/3035
f 7474/570/3013 7473/569/3013 7291/634/3013 7290/632/3013
f 7475/571/3013 7474/570/3013 7290/632/3013 7289/630/3013
f 7476/572/3013 7475/571/3013 7289/630/3013 7288/628/3013
f 7477/553/3013 7476/572/3013 7288/628/3013 7287/626/3003
f 7478/554/3013 7477/553/3013 7287/626/3003 7286/624/3003
f 7479/555/3013 7478/554/3013 7286/624/3003 7285/622/3003
f 7480/556/3013 7479/555/3013 7285/622/3003 7284/620/3003
f 7481/557/3013 7480/556/3013 7284/620/3003 7283/618/3013
f 7482/558/3013 7481/557/3013 7283/618/3013 7282/616/3013
f 7483/559/3013 7482/558/3013 7282/616/3013 7281/615/3013
f 7484/560/3013 7483/559/3013 7281/615/3013 7280/652/3013
f 7485/561/3013 7484/560/3013 7280/652/3013 7279/650/3013
f 7486/562/3013 7485/561/3013 7279/650/3013 7278/648/3013
f 7487/563/3013 7486/562/3013 7278/648/3013 7277/646/3013
f 7488/564/3013 7487/563/3013 7277/646/3013 7276/644/3013
f 7489/565/3013 7488/564/3013 7276/644/3013 7275/642/3013
f 7490/566/3013 7489/565/3013 7275/642/3013 7274/640/3013
f 7491/567/3013 7490/566/3013 7274/640/3013 7273/638/3013
f 7492/568/3013 7491/567/3013 7273/638/3013 7292/636/3013
f 7473/569/3013 7492/568/3013 7292/636/3013 7291/634/3013
f 7493/327/3082 7494/328/3082 7514/594/3082 7513/596/3082
f 7494/328/3082 7495/331/3082 7515/592/3082 7514/594/3082
f 7495/331/3082 7496/333/3082 7516/590/3082 7515/592/3082
f 7496/333/3082 7497/335/3082 7517/588/3082 7516/590/3082
f 7497/335/3082 7498/337/3082 7518/586/3082 7517/588/3082
f 7498/337/3082 7499/339/3082 7519/584/3082 7518/586/3082
f 7499/339/3082 7500/341/3082 7520/582/3082 7519/584/3082
f 7500/341/3082 7501/343/3082 7521/580/3082 7520/582/3082
f 7501/343/3082 7502/345/3082 7522/578/3082 7521/580/3082
f 7502/345/3082 7503/347/3082 7523/576/3082 7522/578/3082
f 7503/347/3082 7504/349/3082 7524/575/3082 7523/576/3082
f 7504/349/3082 7505/351/3082 7525/612/3082 7524/575/3082
f 7505/351/3082 7506/353/3082 7526/610/3082 7525/612/3082
f 7506/353/3082 7507/355/3082 7527/608/3082 7526/610/3082
f 7507/355/3082 7508/357/3082 7528/606/3082 7527/608/3082
f 7508/357/3082 7509/359/3082 7529/604/3082 7528/606/3082
f 7509/359/3082 7510/361/3082 7530/602/3082 7529/604/3082
f 7510/361/3082 7511/363/3082 7531/600/3082 7530/602/3082
f 7511/363/3082 7512/365/3082 7532/598/3082 7531/600/3082
f 7512/365/3082 7493/327/3082 7513/596/3082 7532/598/3082
f 7513/367/3083 7514/368/3084 8105/653/3085 8106/654/3086
f 7514/368/3084 7515/371/3087 8104/655/3088 8105/653/3085
f 7515/371/3087 7516/373/3089 8103/656/3090 8104/655/3088
f 7516/373/3089 7517/375/3091 8102/657/3092 8103/656/3090
f 7517/375/3091 7518/377/3093 8101/658/3094 8102/657/3092
f 7518/377/3093 7519/379/3095 8100/659/3096 8101/658/3094
f 7519/379/3095 7520/381/3097 8099/660/3098 8100/659/3096
f 7520/381/3097 7521/383/3099 8098/661/3100 8099/660/3098
f 7521/383/3099 7522/385/3101 8097/662/3102 8098/661/3100
f 7522/385/3101 7523/387/3103 8096/663/3104 8097/662/3102
f 7523/387/3103 7524/389/3105 8095/664/3106 8096/663/3104
f 7524/389/3105 7525/391/3107 8114/665/3108 8095/664/3106
f 7525/391/3107 7526/393/3109 8113/666/3110 8114/665/3108
f 7526/393/3109 7527/395/3111 8112/667/3112 8113/666/3110
f 8112/667/3112 7527/395/3111 7528/397/3113 8111/668/3114
f 7528/397/3113 7529/399/3115 8110/669/3116 8111/668/3114
f 7529/399/3115 7530/401/3117 8109/670/3118 8110/669/3116
f 7530/401/3117 7531/403/3119 8108/671/3120 8109/670/3118
f 7531/403/3119 7532/405/3121 8107/672/3122 8108/671/3120
f 7532/405/3121 7513/407/3083 8106/673/3086 8107/672/3122
f 7533/409/3123 7534/410/3123 8125/674/3123 8126/675/3123
f 7534/410/3123 7535/413/3123 8124/676/3123 8125/674/3123
f 7535/413/3123 7536/415/3123 8123/677/3123 8124/676/3123
f 7536/415/3123 7537/417/3123 8122/678/3123 8123/677/3123
f 7537/417/3123 7538/419/3123 8121/679/3123 8122/678/3123
f 7538/419/3123 7539/421/3123 8120/680/3123 8121/679/3123
f 7539/421/3123 7540/423/3123 8119/681/3123 8120/680/3123
f 7540/423/3123 7541/425/3123 8118/682/3123 8119/681/3123
f 7541/425/3123 7542/427/3123 8117/683/3123 8118/682/3123
f 7542/427/3123 7543/429/3123 8116/684/3123 8117/683/3123
f 7543/429/3123 7544/431/3123 8115/685/3123 8116/684/3123
f 7544/431/3123 7545/433/3123 8134/686/3123 8115/685/3123
f 7545/433/3123 7546/435/3123 8133/687/3123 8134/686/3123
f 7546/435/3123 7547/437/3123 8132/688/3123 8133/687/3123
f 8132/688/3123 7547/437/3123 7548/439/3123 8131/689/3123
f 7548/439/3123 7549/441/3123 8130/690/3123 8131/689/3123
f 7549/441/3123 7550/443/3123 8129/691/3123 8130/690/3123
f 7550/443/3123 7551/445/3123 8128/692/3123 8129/691/3123
f 7551/445/3123 7552/447/3123 8127/693/3123 8128/692/3123
f 7552/447/3123 7533/409/3123 8126/675/3123 8127/693/3123
f 7494/328/3082 7493/327/3082 7553/694/3082
f 7495/331/3082 7494/328/3082 7553/694/3082
f 7496/333/3082 7495/331/3082 7553/694/3082
f 7497/335/3082 7496/333/3082 7553/694/3082
f 7498/337/3082 7497/335/3082 7553/694/3082
f 7499/339/3082 7498/337/3082 7553/694/3082
f 7500/341/3082 7499/339/3082 7553/694/3082
f 7501/343/3082 7500/341/3082 7553/694/3082
f 7502/345/3082 7501/343/3082 7553/694/3082
f 7503/347/3082 7502/345/3082 7553/694/3082
f 7504/349/3082 7503/347/3082 7553/694/3082
f 7505/351/3082 7504/349/3082 7553/694/3082
f 7506/353/3082 7505/351/3082 7553/694/3082
f 7507/355/3082 7506/353/3082 7553/694/3082
f 7508/357/3082 7507/355/3082 7553/694/3082
f 7509/359/3082 7508/357/3082 7553/694/3082
f 7510/361/3082 7509/359/3082 7553/694/3082
f 7511/363/3082 7510/361/3082 7553/694/3082
f 7512/365/3082 7511/363/3082 7553/694/3082
f 7493/327/3082 7512/365/3082 7553/694/3082
f 7794/638/3124 7795/640/3125 7796/695/3123
f 7795/640/3125 7797/642/3126 7796/695/3123
f 7797/642/3126 7798/644/3127 7796/695/3123
f 7798/644/3127 7799/646/3128 7796/695/3123
f 7799/646/3128 7800/648/3129 7796/695/3123
f 7800/648/3129 7801/650/3130 7796/695/3123
f 7801/650/3130 7802/652/3131 7796/695/3123
f 7802/652/3131 7803/615/3132 7796/695/3123
f 7803/615/3132 7804/616/3133 7796/695/3123
f 7804/616/3133 7805/618/3134 7796/695/3123
f 7805/618/3134 7806/620/3135 7796/695/3123
f 7806/620/3135 7807/622/3136 7796/695/3123
f 7807/622/3136 7808/624/3137 7796/695/3123
f 7808/624/3137 7809/626/3138 7796/695/3123
f 7809/626/3138 7810/628/3139 7796/695/3123
f 7810/628/3139 7811/630/3140 7796/695/3123
f 7811/630/3140 7812/632/3141 7796/695/3123
f 7812/632/3141 7813/634/3142 7796/695/3123
f 7813/634/3142 7814/636/3143 7796/695/3123
f 7814/636/3143 7794/638/3124 7796/695/3123
f 7615/696/3123 7614/697/3123 7745/698/3123 7746/699/3123
f 7616/700/3123 7615/696/3123 7746/699/3123 7747/701/3123
f 7617/702/3123 7616/700/3123 7747/701/3123 7748/703/3123
f 7618/704/3123 7617/702/3123 7748/703/3123 7749/705/3123
f 7619/706/3123 7618/704/3123 7749/705/3123 7750/707/3123
f 7620/708/3123 7619/706/3123 7750/707/3123 7751/709/3123
f 7621/710/3144 7620/708/3123 7751/709/3123 7752/711/3144
f 7622/712/3144 7621/710/3144 7752/711/3144 7753/713/3144
f 7623/714/3123 7622/712/3144 7753/713/3144 7734/715/3123
f 7624/716/3123 7623/714/3123 7734/715/3123 7735/717/3123
f 7625/718/3123 7624/716/3123 7735/717/3123 7736/719/3123
f 7626/720/3123 7625/718/3123 7736/719/3123 7737/721/3123
f 7627/722/3123 7626/720/3123 7737/721/3123 7738/723/3123
f 7628/724/3123 7627/722/3123 7738/723/3123 7739/725/3123
f 7629/726/3123 7628/724/3123 7739/725/3123 7740/727/3123
f 7630/728/3123 7629/726/3123 7740/727/3123 7741/729/3123
f 7631/730/3123 7630/728/3123 7741/729/3123 7742/731/3123
f 7632/732/3144 7631/730/3123 7742/731/3123 7743/733/3144
f 7633/734/3144 7632/732/3144 7743/733/3144 7744/735/3123
f 7614/697/3123 7633/734/3144 7744/735/3123 7745/698/3123
f 7595/736/3145 7594/737/3146 7724/738/3147 7725/739/3148
f 7596/740/3149 7595/736/3145 7725/739/3148 7726/741/3150
f 7597/742/3151 7596/740/3149 7726/741/3150 7727/743/3152
f 7598/744/3153 7597/742/3151 7727/743/3152 7728/745/3154
f 7599/746/3155 7598/744/3153 7728/745/3154 7729/747/3156
f 7600/748/3157 7599/746/3155 7729/747/3156 7730/749/3158
f 7601/750/3159 7600/748/3157 7730/749/3158 7731/751/3160
f 7602/752/3161 7601/750/3159 7731/751/3160 7732/753/3162
f 7603/754/3163 7602/752/3161 7732/753/3162 7733/755/3164
f 7604/756/3165 7603/754/3163 7733/755/3164 7714/757/3166
f 7605/758/3167 7604/756/3165 7714/757/3166 7715/759/3168
f 7606/760/3169 7605/758/3167 7715/759/3168 7716/761/3170
f 7607/762/3171 7606/760/3169 7716/761/3170 7717/763/3172
f 7608/764/3173 7607/762/3171 7717/763/3172 7718/765/3174
f 7609/766/3175 7608/764/3173 7718/765/3174 7719/767/3176
f 7610/768/3177 7609/766/3175 7719/767/3176 7720/769/3178
f 7611/770/3179 7610/768/3177 7720/769/3178 7721/771/3180
f 7612/772/3181 7611/770/3179 7721/771/3180 7722/773/3182
f 7613/774/3183 7612/772/3181 7722/773/3182 7723/775/3184
f 7594/737/3146 7613/774/3183 7723/775/3184 7724/738/3147
f 7555/736/3113 7554/737/3115 8050/776/3185 8051/736/3186
f 7556/740/3111 7555/736/3113 8051/736/3186 8052/740/3187
f 7557/742/3109 7556/740/3111 8052/740/3187 8053/742/3188
f 7558/744/3107 7557/742/3109 8053/742/3188 8054/744/3189
f 7559/746/3105 7558/744/3107 8054/744/3189 8035/746/3190
f 7560/748/3103 7559/746/3105 8035/746/3190 8036/777/3191
f 7561/750/3192 7560/748/3103 8036/777/3191 8037/750/3193
f 7562/752/3099 7561/750/3192 8037/750/3193 8038/778/3194
f 7563/754/3097 7562/752/3099 8038/778/3194 8039/754/3195
f 7564/756/3196 7563/754/3097 8039/754/3195 8040/756/3197
f 7565/758/3093 7564/756/3196 8040/756/3197 8041/779/3198
f 7566/760/3091 7565/758/3093 8041/779/3198 8042/760/3199
f 7567/762/3089 7566/760/3091 8042/760/3199 8043/762/3200
f 7568/764/3201 7567/762/3089 8043/762/3200 8044/764/3202
f 7569/766/3084 7568/764/3201 8044/764/3202 8045/766/3203
f 7570/768/3083 7569/766/3084 8045/766/3203 8046/768/3204
f 7571/770/3121 7570/768/3083 8046/768/3204 8047/770/3205
f 7572/772/3119 7571/770/3121 8047/770/3205 8048/772/3206
f 7573/774/3207 7572/772/3119 8048/772/3206 8049/780/3208
f 7554/737/3115 7573/774/3207 8049/780/3208 8050/776/3185
f 7575/696/3209 7574/697/3209 7614/697/3209 7615/696/3209
f 7576/700/3210 7575/696/3210 7615/696/3210 7616/700/3210
f 7577/702/3211 7576/700/3211 7616/700/3211 7617/702/3211
f 7578/704/3212 7577/702/3212 7617/702/3212 7618/704/3212
f 7579/706/3213 7578/704/3213 7618/704/3213 7619/706/3213
f 7580/708/3214 7579/706/3214 7619/706/3214 7620/708/3214
f 7581/710/3215 7580/708/3215 7620/708/3215 7621/710/3215
f 7582/712/3216 7581/710/3216 7621/710/3216 7622/712/3216
f 7583/714/3217 7582/712/3217 7622/712/3217 7623/714/3217
f 7584/716/3218 7583/714/3218 7623/714/3218 7624/716/3218
f 7585/718/3219 7584/716/3219 7624/716/3219 7625/718/3219
f 7586/720/3220 7585/718/3220 7625/718/3220 7626/720/3220
f 7587/722/3221 7586/720/3221 7626/720/3221 7627/722/3221
f 7588/724/3222 7587/722/3222 7627/722/3222 7628/724/3222
f 7589/726/3223 7588/724/3223 7628/724/3223 7629/726/3223
f 7590/728/3224 7589/726/3224 7629/726/3224 7630/728/3224
f 7591/730/3225 7590/728/3225 7630/728/3225 7631/730/3225
f 7592/732/3226 7591/730/3226 7631/730/3226 7632/732/3226
f 7593/734/3227 7592/732/3227 7632/732/3227 7633/734/3227
f 7574/697/3228 7593/734/3228 7633/734/3228 7614/697/3228
f 7655/742/3109 7654/740/3111 7656/740/3229 7657/742/3230
f 7658/744/3231 7655/742/3109 7657/742/3230 7659/744/3232
f 7660/746/3105 7658/744/3231 7659/744/3232 7661/746/3233
f 7662/777/3103 7660/746/3105 7661/746/3233 7663/748/3234
f 7664/750/3101 7662/777/3103 7663/748/3234 7665/750/3235
f 7666/778/3099 7664/750/3101 7665/750/3235 7667/752/3236
f 7668/754/3237 7666/778/3099 7667/752/3236 7669/754/3238
f 7670/756/3196 7668/754/3237 7669/754/3238 7671/756/3239
f 7672/758/3093 7670/756/3196 7671/756/3239 7673/758/3240
f 7674/760/3091 7672/758/3093 7673/758/3240 7675/760/3241
f 7676/762/3089 7674/760/3091 7675/760/3241 7677/762/3242
f 7678/764/3201 7676/762/3089 7677/762/3242 7679/764/3243
f 7680/766/3084 7678/764/3201 7679/764/3243 7681/766/3244
f 7682/768/3083 7680/766/3084 7681/766/3244 7683/768/3245
f 7684/770/3121 7682/768/3083 7683/768/3245 7685/770/3246
f 7686/772/3119 7684/770/3121 7685/770/3246 7687/772/3247
f 7688/774/3207 7686/772/3119 7687/772/3247 7689/774/3248
f 7690/737/3115 7688/774/3207 7689/774/3248 7691/737/3249
f 7692/736/3113 7690/737/3115 7691/737/3249 7693/736/3250
f 7654/740/3111 7692/736/3113 7693/736/3250 7656/740/3229
f 8005/742/3251 7635/742/3252 7634/740/3253 8004/740/3254
f 7596/740/3149 7597/742/3151 7701/742/3255 7702/740/3256
f 8006/744/3257 7636/744/3258 7635/742/3252 8005/742/3251
f 7597/742/3151 7598/744/3153 7700/744/3259 7701/742/3255
f 8007/746/3260 7637/746/3261 7636/744/3258 8006/744/3257
f 7598/744/3153 7599/746/3155 7699/746/3262 7700/744/3259
f 8008/777/3263 7638/777/3264 7637/746/3261 8007/746/3260
f 7599/746/3155 7600/748/3157 7698/748/3265 7699/746/3262
f 8009/781/3266 7639/750/3267 7638/777/3264 8008/777/3263
f 7600/748/3157 7601/750/3159 7697/750/3268 7698/748/3265
f 8010/778/3269 7640/778/3270 7639/750/3267 8009/781/3266
f 7601/750/3159 7602/752/3161 7696/752/3271 7697/750/3268
f 8011/754/3272 7641/754/3273 7640/778/3270 8010/778/3269
f 7602/752/3161 7603/754/3163 7695/754/3274 7696/752/3271
f 8012/756/3275 7642/756/3276 7641/754/3273 8011/754/3272
f 7603/754/3163 7604/756/3165 7694/782/3277 7695/754/3274
f 8013/758/3278 7643/758/3279 7642/756/3276 8012/756/3275
f 7604/756/3165 7605/758/3167 7713/779/3280 7694/782/3277
f 8014/760/3281 7644/760/3282 7643/758/3279 8013/758/3278
f 7605/758/3167 7606/760/3169 7712/760/3283 7713/779/3280
f 8014/760/3281 7995/762/3284 7645/762/3285 7644/760/3282
f 7606/760/3169 7607/762/3171 7711/762/3286 7712/760/3283
f 7996/783/3287 7646/764/3288 7645/762/3285 7995/762/3284
f 7607/762/3171 7608/764/3173 7710/764/3289 7711/762/3286
f 7997/784/3290 7647/766/3291 7646/764/3288 7996/783/3287
f 7608/764/3173 7609/766/3175 7709/766/3292 7710/764/3289
f 7998/768/3293 7648/768/3294 7647/766/3291 7997/784/3290
f 7609/766/3175 7610/768/3177 7708/768/3295 7709/766/3292
f 7999/785/3296 7649/770/3297 7648/768/3294 7998/768/3293
f 7610/768/3177 7611/770/3179 7707/770/3298 7708/768/3295
f 8000/772/3299 7650/772/3300 7649/770/3297 7999/785/3296
f 7611/770/3179 7612/772/3181 7706/772/3301 7707/770/3298
f 7651/774/3302 7650/772/3300 8000/772/3299 8001/774/3303
f 7612/772/3181 7613/774/3183 7705/786/3304 7706/772/3301
f 8002/737/3305 7652/737/3306 7651/774/3302 8001/774/3303
f 7613/774/3183 7594/737/3146 7704/737/3307 7705/786/3304
f 8003/736/3308 7653/736/3309 7652/737/3306 8002/737/3305
f 7594/737/3146 7595/736/3145 7703/736/3310 7704/737/3307
f 8004/740/3254 7634/740/3253 7653/736/3309 8003/736/3308
f 7595/736/3145 7596/740/3149 7702/740/3256 7703/736/3310
f 7695/754/3274 7694/782/3277 7671/756/3311 7669/754/3312
f 7696/752/3271 7695/754/3274 7669/754/3312 7667/752/3313
f 7697/750/3268 7696/752/3271 7667/752/3313 7665/750/3314
f 7698/748/3265 7697/750/3268 7665/750/3314 7663/748/3315
f 7699/746/3262 7698/748/3265 7663/748/3315 7661/746/3316
f 7700/744/3259 7699/746/3262 7661/746/3316 7659/744/3317
f 7701/742/3255 7700/744/3259 7659/744/3317 7657/742/3318
f 7702/740/3256 7701/742/3255 7657/742/3318 7656/740/3319
f 7703/736/3310 7702/740/3256 7656/740/3319 7693/736/3320
f 7704/737/3307 7703/736/3310 7693/736/3320 7691/737/3321
f 7705/786/3304 7704/737/3307 7691/737/3321 7689/774/3322
f 7706/772/3301 7705/786/3304 7689/774/3322 7687/772/3323
f 7707/770/3298 7706/772/3301 7687/772/3323 7685/770/3324
f 7708/768/3295 7707/770/3298 7685/770/3324 7683/768/3325
f 7709/766/3292 7708/768/3295 7683/768/3325 7681/766/3326
f 7710/764/3289 7709/766/3292 7681/766/3326 7679/764/3327
f 7711/762/3286 7710/764/3289 7679/764/3327 7677/762/3328
f 7712/760/3283 7711/762/3286 7677/762/3328 7675/760/3329
f 7713/779/3280 7712/760/3283 7675/760/3329 7673/758/3330
f 7694/782/3277 7713/779/3280 7673/758/3330 7671/756/3311
f 7715/759/3168 7714/757/3166 8237/787/3331 8238/788/3332
f 7716/761/3170 7715/759/3168 8238/788/3332 8239/789/3333
f 7717/763/3172 7716/761/3170 8239/789/3333 8240/790/3334
f 7718/765/3174 7717/763/3172 8240/790/3334 8241/791/3335
f 7719/767/3176 7718/765/3174 8241/791/3335 8242/792/3336
f 7720/769/3178 7719/767/3176 8242/792/3336 8243/793/3337
f 7721/771/3180 7720/769/3178 8243/793/3337 8244/794/3338
f 7722/773/3182 7721/771/3180 8244/794/3338 8245/795/3339
f 7723/775/3184 7722/773/3182 8245/795/3339 8246/796/3340
f 7724/738/3147 7723/775/3184 8246/796/3340 8247/797/3341
f 7725/739/3148 7724/738/3147 8247/797/3341 8248/798/3342
f 7726/741/3150 7725/739/3148 8248/798/3342 8249/799/3343
f 7727/743/3152 7726/741/3150 8249/799/3343 8250/800/3344
f 7728/745/3154 7727/743/3152 8250/800/3344 8251/801/3345
f 7729/747/3156 7728/745/3154 8251/801/3345 8252/802/3346
f 7730/749/3158 7729/747/3156 8252/802/3346 8253/803/3347
f 7731/751/3160 7730/749/3158 8253/803/3347 8254/804/3348
f 7732/753/3162 7731/751/3160 8254/804/3348 8235/805/3349
f 7733/755/3164 7732/753/3162 8235/805/3349 8236/806/3350
f 7714/757/3166 7733/755/3164 8236/806/3350 8237/787/3331
f 7775/717/3351 7774/715/3352 7981/807/3353 7982/808/3354
f 7776/719/3355 7775/717/3351 7982/808/3354 7983/809/3356
f 7777/721/3357 7776/719/3355 7983/809/3356 7984/810/3358
f 7778/723/3359 7777/721/3357 7984/810/3358 7985/811/3360
f 7779/725/3361 7778/723/3359 7985/811/3360 7986/812/3362
f 7780/727/3363 7779/725/3361 7986/812/3362 7987/813/3364
f 7781/729/3365 7780/727/3363 7987/813/3364 7988/814/3366
f 7782/731/3367 7781/729/3365 7988/814/3366 7989/815/3368
f 7783/733/3369 7782/731/3367 7989/815/3368 7990/816/3370
f 7784/735/3371 7783/733/3369 7990/816/3370 7991/817/3372
f 7785/698/3373 7784/735/3371 7991/817/3372 7992/818/3374
f 7786/699/3375 7785/698/3373 7992/818/3374 7993/819/3376
f 7787/701/3377 7786/699/3375 7993/819/3376 7994/820/3377
f 7788/703/3378 7787/701/3377 7994/820/3377 7975/821/3379
f 7789/705/3380 7788/703/3378 7975/821/3379 7976/822/3381
f 7790/707/3382 7789/705/3380 7976/822/3381 7977/823/3383
f 7791/709/3384 7790/707/3382 7977/823/3383 7978/824/3385
f 7792/711/3386 7791/709/3384 7978/824/3385 7979/825/3387
f 7793/713/3388 7792/711/3386 7979/825/3387 7980/826/3389
f 7774/715/3352 7793/713/3388 7980/826/3389 7981/807/3353
f 7735/717/3390 7734/715/3391 7901/827/3392 7902/717/3393
f 7736/719/3394 7735/717/3390 7902/717/3393 7903/719/3395
f 7737/721/3396 7736/719/3394 7903/719/3395 7904/721/3397
f 7738/723/3398 7737/721/3396 7904/721/3397 7905/723/3399
f 7739/725/3400 7738/723/3398 7905/723/3399 7906/725/3401
f 7740/727/3402 7739/725/3400 7906/725/3401 7907/727/3403
f 7741/729/3404 7740/727/3402 7907/727/3403 7908/729/3405
f 7742/731/3406 7741/729/3404 7908/729/3405 7909/731/3407
f 7743/733/3408 7742/731/3406 7909/731/3407 7910/828/3409
f 7744/735/3410 7743/733/3408 7910/828/3409 7911/735/3411
f 7745/698/3412 7744/735/3410 7911/735/3411 7912/698/3413
f 7746/699/3414 7745/698/3412 7912/698/3413 7913/699/3415
f 7747/701/3416 7746/699/3414 7913/699/3415 7914/701/3417
f 7748/703/3418 7747/701/3416 7914/701/3417 7895/703/3419
f 7749/705/3420 7748/703/3418 7895/703/3419 7896/705/3421
f 7750/707/3422 7749/705/3420 7896/705/3421 7897/707/3423
f 7751/709/3424 7750/707/3422 7897/707/3423 7898/709/3425
f 7752/711/3426 7751/709/3424 7898/709/3425 7899/829/3427
f 7753/713/3428 7752/711/3426 7899/829/3427 7900/713/3429
f 7734/715/3391 7753/713/3428 7900/713/3429 7901/827/3392
f 7754/638/3430 7755/640/3431 7949/640/3432 7950/830/3430
f 7755/640/3431 7756/642/3433 7948/831/3434 7949/640/3432
f 7756/642/3433 7757/644/3435 7947/644/3436 7948/831/3434
f 7757/644/3435 7758/646/3437 7946/646/3438 7947/644/3436
f 7758/646/3437 7759/648/3439 7945/832/3440 7946/646/3438
f 7759/648/3439 7760/650/3441 7944/833/3442 7945/832/3440
f 7760/650/3441 7761/652/3443 7943/652/3444 7944/833/3442
f 7761/652/3443 7762/615/3445 7942/834/3446 7943/652/3444
f 7762/615/3445 7763/616/3447 7941/616/3448 7942/834/3446
f 7763/616/3447 7764/618/3449 7940/618/3450 7941/616/3448
f 7764/618/3449 7765/620/3451 7939/620/3452 7940/618/3450
f 7765/620/3451 7766/622/3453 7938/835/3454 7939/620/3452
f 7766/622/3453 7767/624/3455 7937/836/3456 7938/835/3454
f 7767/624/3455 7768/626/3457 7936/626/3458 7937/836/3456
f 7768/626/3457 7769/628/3459 7935/628/3460 7936/626/3458
f 7769/628/3459 7770/630/3461 7954/837/3462 7935/628/3460
f 7770/630/3461 7771/632/3463 7953/632/3464 7954/837/3462
f 7771/632/3463 7772/634/3465 7952/838/3466 7953/632/3464
f 7772/634/3465 7773/636/3467 7951/636/3468 7952/838/3466
f 7773/636/3467 7754/638/3430 7950/830/3430 7951/636/3468
f 7816/742/3469 7815/740/3470 8072/740/3471 8073/742/3472
f 7817/744/3473 7816/742/3469 8073/742/3472 8074/744/3108
f 7818/746/3474 7817/744/3473 8074/744/3108 8055/746/3106
f 7819/748/3475 7818/746/3474 8055/746/3106 8056/777/3104
f 7820/750/3476 7819/748/3475 8056/777/3104 8057/750/3102
f 7821/752/3477 7820/750/3476 8057/750/3102 8058/778/3100
f 7822/754/3478 7821/752/3477 8058/778/3100 8059/754/3098
f 7823/756/3479 7822/754/3478 8059/754/3098 8060/756/3096
f 7824/758/3480 7823/756/3479 8060/756/3096 8061/758/3094
f 7825/760/3481 7824/758/3480 8061/758/3094 8062/760/3092
f 7826/762/3482 7825/760/3481 8062/760/3092 8063/762/3483
f 7827/764/3484 7826/762/3482 8063/762/3483 8064/764/3088
f 7828/766/3485 7827/764/3484 8064/764/3088 8065/766/3085
f 7829/768/3486 7828/766/3485 8065/766/3085 8066/768/3487
f 7830/770/3488 7829/768/3486 8066/768/3487 8067/770/3122
f 7831/772/3489 7830/770/3488 8067/770/3122 8068/772/3490
f 7832/774/3491 7831/772/3489 8068/772/3490 8069/774/3118
f 7833/776/3492 7832/774/3491 8069/774/3118 8070/776/3116
f 7834/736/3493 7833/776/3492 8070/776/3116 8071/736/3114
f 7815/740/3470 7834/736/3493 8071/736/3114 8072/740/3471
f 7836/742/3472 7835/740/3112 7855/740/3471 7856/742/3472
f 7837/744/3108 7836/742/3472 7856/742/3472 7857/744/3108
f 7838/746/3106 7837/744/3108 7857/744/3108 7858/746/3106
f 7839/777/3104 7838/746/3106 7858/746/3106 7859/777/3104
f 7840/750/3102 7839/777/3104 7859/777/3104 7860/750/3102
f 7841/778/3100 7840/750/3102 7860/750/3102 7861/778/3100
f 7842/754/3098 7841/778/3100 7861/778/3100 7862/754/3098
f 7843/756/3096 7842/754/3098 7862/754/3098 7863/756/3096
f 7844/758/3094 7843/756/3096 7863/756/3096 7864/758/3094
f 7845/760/3092 7844/758/3094 7864/758/3094 7865/760/3092
f 7846/762/3483 7845/760/3092 7865/760/3092 7866/762/3483
f 7847/764/3088 7846/762/3483 7866/762/3483 7867/764/3088
f 7848/766/3085 7847/764/3088 7867/764/3088 7868/766/3085
f 7849/768/3487 7848/766/3085 7868/766/3085 7869/768/3487
f 7850/770/3122 7849/768/3487 7869/768/3487 7870/770/3122
f 7851/772/3490 7850/770/3122 7870/770/3122 7871/839/3490
f 7852/774/3118 7851/772/3490 7871/839/3490 7872/774/3118
f 7853/776/3116 7852/774/3118 7872/774/3118 7873/737/3116
f 7854/736/3494 7853/776/3116 7873/737/3116 7874/736/3494
f 7835/740/3112 7854/736/3494 7874/736/3494 7855/740/3471
f 7856/742/3472 7855/740/3471 8024/740/3471 8025/742/3472
f 7857/744/3108 7856/742/3472 8025/742/3472 8026/744/3108
f 7858/746/3106 7857/744/3108 8026/744/3108 8027/746/3106
f 7859/777/3104 7858/746/3106 8027/746/3106 8028/777/3104
f 7860/750/3102 7859/777/3104 8028/777/3104 8029/750/3102
f 7861/778/3100 7860/750/3102 8029/750/3102 8030/778/3100
f 7862/754/3098 7861/778/3100 8030/778/3100 8031/754/3098
f 7863/756/3096 7862/754/3098 8031/754/3098 8032/756/3096
f 7864/758/3094 7863/756/3096 8032/756/3096 8033/758/3094
f 7865/760/3092 7864/758/3094 8033/758/3094 8034/760/3092
f 7866/762/3483 7865/760/3092 8034/760/3092 8015/762/3483
f 7867/764/3088 7866/762/3483 8015/762/3483 8016/764/3088
f 7868/766/3085 7867/764/3088 8016/764/3088 8017/766/3085
f 7869/768/3487 7868/766/3085 8017/766/3085 8018/768/3487
f 7870/770/3122 7869/768/3487 8018/768/3487 8019/770/3122
f 7871/839/3490 7870/770/3122 8019/770/3122 8020/839/3490
f 8021/774/3118 7872/774/3118 7871/839/3490 8020/839/3490
f 7873/737/3116 7872/774/3118 8021/774/3118 8022/737/3116
f 7874/736/3494 7873/737/3116 8022/737/3116 8023/736/3494
f 7855/740/3471 7874/736/3494 8023/736/3494 8024/740/3471
f 7876/705/3495 7875/703/3419 7788/703/3496 7789/705/3497
f 7877/707/3423 7876/705/3495 7789/705/3497 7790/707/3498
f 7878/709/3425 7877/707/3423 7790/707/3498 7791/709/3499
f 7879/711/3427 7878/709/3425 7791/709/3499 7792/711/3500
f 7880/713/3501 7879/711/3427 7792/711/3500 7793/713/3502
f 7881/715/3392 7880/713/3501 7793/713/3502 7774/715/3503
f 7882/717/3393 7881/715/3392 7774/715/3503 7775/717/3504
f 7883/719/3505 7882/717/3393 7775/717/3504 7776/719/3506
f 7884/840/3397 7883/719/3505 7776/719/3506 7777/721/3507
f 7885/723/3399 7884/840/3397 7777/721/3507 7778/723/3508
f 7886/841/3401 7885/723/3399 7778/723/3508 7779/725/3509
f 7887/727/3403 7886/841/3401 7779/725/3509 7780/727/3510
f 7888/729/3511 7887/727/3403 7780/727/3510 7781/729/3512
f 7889/731/3513 7888/729/3511 7781/729/3512 7782/731/3514
f 7890/733/3409 7889/731/3513 7782/731/3514 7783/733/3515
f 7891/735/3516 7890/733/3409 7783/733/3515 7784/735/3517
f 7892/698/3518 7891/735/3516 7784/735/3517 7785/698/3519
f 7893/699/3415 7892/698/3518 7785/698/3519 7786/699/3520
f 7894/701/3521 7893/699/3415 7786/699/3520 7787/701/3522
f 7875/703/3419 7894/701/3521 7787/701/3522 7788/703/3496
f 7896/705/3421 7895/703/3419 8267/842/3419 8268/843/3421
f 7897/707/3423 7896/705/3421 8268/843/3421 8269/844/3423
f 7898/709/3425 7897/707/3423 8269/844/3423 8270/709/3425
f 7899/829/3427 7898/709/3425 8270/709/3425 8271/829/3427
f 7900/713/3429 7899/829/3427 8271/829/3427 8272/845/3501
f 7901/827/3392 7900/713/3429 8272/845/3501 8273/827/3392
f 7902/717/3393 7901/827/3392 8273/827/3392 8274/717/3523
f 7903/719/3395 7902/717/3393 8274/717/3523 8255/846/3395
f 7904/721/3397 7903/719/3395 8255/846/3395 8256/847/3524
f 7905/723/3399 7904/721/3397 8256/847/3524 8257/848/3525
f 7906/725/3401 7905/723/3399 8257/848/3525 8258/849/3401
f 7907/727/3403 7906/725/3401 8258/849/3401 8259/850/3403
f 7908/729/3405 7907/727/3403 8259/850/3403 8260/729/3511
f 7909/731/3407 7908/729/3405 8260/729/3511 8261/731/3526
f 7910/828/3409 7909/731/3407 8261/731/3526 8262/851/3527
f 7911/735/3411 7910/828/3409 8262/851/3527 8263/735/3528
f 7912/698/3413 7911/735/3411 8263/735/3528 8264/698/3413
f 7913/699/3415 7912/698/3413 8264/698/3413 8265/852/3415
f 7914/701/3417 7913/699/3415 8265/852/3415 8266/853/3521
f 7895/703/3419 7914/701/3417 8266/853/3521 8267/842/3419
f 7916/854/3495 7915/703/3419 7875/703/3419 7876/705/3495
f 7917/707/3423 7916/854/3495 7876/705/3495 7877/707/3423
f 7918/855/3425 7917/707/3423 7877/707/3423 7878/709/3425
f 7919/829/3427 7918/855/3425 7878/709/3425 7879/711/3427
f 7920/856/3429 7919/829/3427 7879/711/3427 7880/713/3501
f 7921/827/3392 7920/856/3429 7880/713/3501 7881/715/3392
f 7922/857/3393 7921/827/3392 7881/715/3392 7882/717/3393
f 7923/719/3505 7922/857/3393 7882/717/3393 7883/719/3505
f 7924/840/3397 7923/719/3505 7883/719/3505 7884/840/3397
f 7925/723/3399 7924/840/3397 7884/840/3397 7885/723/3399
f 7926/841/3401 7925/723/3399 7885/723/3399 7886/841/3401
f 7927/727/3403 7926/841/3401 7886/841/3401 7887/727/3403
f 7928/858/3511 7927/727/3403 7887/727/3403 7888/729/3511
f 7929/859/3513 7928/858/3511 7888/729/3511 7889/731/3513
f 7930/860/3409 7929/859/3513 7889/731/3513 7890/733/3409
f 7931/735/3516 7930/860/3409 7890/733/3409 7891/735/3516
f 7932/861/3518 7931/735/3516 7891/735/3516 7892/698/3518
f 7933/699/3415 7932/861/3518 7892/698/3518 7893/699/3415
f 7934/862/3521 7933/699/3415 7893/699/3415 7894/701/3521
f 7915/703/3419 7934/862/3521 7894/701/3521 7875/703/3419
f 7936/626/3458 7935/628/3460 7810/628/3529 7809/626/3530
f 7937/836/3456 7936/626/3458 7809/626/3530 7808/624/3531
f 7938/835/3454 7937/836/3456 7808/624/3531 7807/622/3532
f 7939/620/3452 7938/835/3454 7807/622/3532 7806/620/3533
f 7940/618/3450 7939/620/3452 7806/620/3533 7805/618/3534
f 7941/616/3448 7940/618/3450 7805/618/3534 7804/616/3535
f 7942/834/3446 7941/616/3448 7804/616/3535 7803/615/3536
f 7943/652/3444 7942/834/3446 7803/615/3536 7802/652/3537
f 7944/833/3442 7943/652/3444 7802/652/3537 7801/650/3538
f 7945/832/3440 7944/833/3442 7801/650/3538 7800/648/3539
f 7946/646/3438 7945/832/3440 7800/648/3539 7799/646/3540
f 7947/644/3436 7946/646/3438 7799/646/3540 7798/644/3541
f 7948/831/3434 7947/644/3436 7798/644/3541 7797/642/3542
f 7949/640/3432 7948/831/3434 7797/642/3542 7795/640/3543
f 7950/830/3430 7949/640/3432 7795/640/3543 7794/638/3430
f 7951/636/3468 7950/830/3430 7794/638/3430 7814/636/3544
f 7952/838/3466 7951/636/3468 7814/636/3544 7813/634/3545
f 7953/632/3464 7952/838/3466 7813/634/3545 7812/632/3546
f 7954/837/3462 7953/632/3464 7812/632/3546 7811/630/3547
f 7935/628/3460 7954/837/3462 7811/630/3547 7810/628/3529
f 7956/863/3381 7955/864/3379 7768/626/3548 7767/624/3549
f 7957/865/3383 7956/863/3381 7767/624/3549 7766/622/3550
f 7958/866/3385 7957/865/3383 7766/622/3550 7765/620/3551
f 7959/867/3387 7958/866/3385 7765/620/3551 7764/618/3387
f 7960/868/3552 7959/867/3387 7764/618/3387 7763/616/3553
f 7961/869/3353 7960/868/3552 7763/616/3553 7762/615/3554
f 7962/870/3354 7961/869/3353 7762/615/3554 7761/652/3555
f 7963/871/3356 7962/870/3354 7761/652/3555 7760/650/3556
f 7964/872/3358 7963/871/3356 7760/650/3556 7759/648/3557
f 7965/873/3360 7964/872/3358 7759/648/3557 7758/646/3558
f 7966/874/3362 7965/873/3360 7758/646/3558 7757/644/3559
f 7967/875/3364 7966/874/3362 7757/644/3559 7756/642/3560
f 7968/876/3366 7967/875/3364 7756/642/3560 7755/640/3561
f 7969/877/3368 7968/876/3366 7755/640/3561 7754/638/3368
f 7970/878/3370 7969/877/3368 7754/638/3368 7773/636/3562
f 7971/879/3372 7970/878/3370 7773/636/3562 7772/634/3563
f 7972/880/3374 7971/879/3372 7772/634/3563 7771/632/3564
f 7973/881/3376 7972/880/3374 7771/632/3564 7770/630/3565
f 7974/882/3377 7973/881/3376 7770/630/3565 7769/628/3377
f 7955/864/3379 7974/882/3377 7769/628/3377 7768/626/3548
f 7976/822/3381 7975/821/3379 7955/864/3379 7956/863/3381
f 7977/823/3383 7976/822/3381 7956/863/3381 7957/865/3383
f 7978/824/3385 7977/823/3383 7957/865/3383 7958/866/3385
f 7979/825/3387 7978/824/3385 7958/866/3385 7959/867/3387
f 7980/826/3389 7979/825/3387 7959/867/3387 7960/868/3552
f 7981/807/3353 7980/826/3389 7960/868/3552 7961/869/3353
f 7982/808/3354 7981/807/3353 7961/869/3353 7962/870/3354
f 7983/809/3356 7982/808/3354 7962/870/3354 7963/871/3356
f 7984/810/3358 7983/809/3356 7963/871/3356 7964/872/3358
f 7985/811/3360 7984/810/3358 7964/872/3358 7965/873/3360
f 7986/812/3362 7985/811/3360 7965/873/3360 7966/874/3362
f 7987/813/3364 7986/812/3362 7966/874/3362 7967/875/3364
f 7988/814/3366 7987/813/3364 7967/875/3364 7968/876/3366
f 7989/815/3368 7988/814/3366 7968/876/3366 7969/877/3368
f 7990/816/3370 7989/815/3368 7969/877/3368 7970/878/3370
f 7991/817/3372 7990/816/3370 7970/878/3370 7971/879/3372
f 7992/818/3374 7991/817/3372 7971/879/3372 7972/880/3374
f 7993/819/3376 7992/818/3374 7972/880/3374 7973/881/3376
f 7994/820/3377 7993/819/3376 7973/881/3376 7974/882/3377
f 7975/821/3379 7994/820/3377 7974/882/3377 7955/864/3379
f 8185/783/3287 7996/783/3287 7995/762/3284 8184/762/3284
f 8186/766/3290 7997/784/3290 7996/783/3287 8185/783/3287
f 8187/768/3293 7998/768/3293 7997/784/3290 8186/766/3290
f 8188/770/3296 7999/785/3296 7998/768/3293 8187/768/3293
f 8189/772/3299 8000/772/3299 7999/785/3296 8188/770/3296
f 8001/774/3303 8000/772/3299 8189/772/3299 8190/786/3303
f 8191/737/3305 8002/737/3305 8001/774/3303 8190/786/3303
f 8192/736/3308 8003/736/3308 8002/737/3305 8191/737/3305
f 8193/740/3254 8004/740/3254 8003/736/3308 8192/736/3308
f 8194/742/3251 8005/742/3251 8004/740/3254 8193/740/3254
f 8194/742/3251 8175/744/3257 8006/744/3257 8005/742/3251
f 8176/746/3260 8007/746/3260 8006/744/3257 8175/744/3257
f 8177/777/3263 8008/777/3263 8007/746/3260 8176/746/3260
f 8178/750/3266 8009/781/3266 8008/777/3263 8177/777/3263
f 8179/778/3269 8010/778/3269 8009/781/3266 8178/750/3266
f 8180/754/3272 8011/754/3272 8010/778/3269 8179/778/3269
f 8181/756/3275 8012/756/3275 8011/754/3272 8180/754/3272
f 8182/779/3278 8013/758/3278 8012/756/3275 8181/756/3275
f 8183/760/3281 8014/760/3281 8013/758/3278 8182/779/3278
f 8184/762/3284 7995/762/3284 8014/760/3281 8183/760/3281
f 8016/764/3088 8015/762/3483 8164/762/3483 8165/764/3088
f 8017/766/3085 8016/764/3088 8165/764/3088 8166/766/3085
f 8018/768/3487 8017/766/3085 8166/766/3085 8167/768/3487
f 8019/770/3122 8018/768/3487 8167/768/3487 8168/770/3122
f 8020/839/3490 8019/770/3122 8168/770/3122 8169/839/3490
f 8170/774/3118 8021/774/3118 8020/839/3490 8169/839/3490
f 8022/737/3116 8021/774/3118 8170/774/3118 8171/737/3116
f 8023/736/3494 8022/737/3116 8171/737/3116 8172/736/3494
f 8024/740/3471 8023/736/3494 8172/736/3494 8173/740/3471
f 8025/742/3472 8024/740/3471 8173/740/3471 8174/742/3472
f 8026/744/3108 8025/742/3472 8174/742/3472 8155/744/3108
f 8027/746/3106 8026/744/3108 8155/744/3108 8156/746/3106
f 8028/777/3104 8027/746/3106 8156/746/3106 8157/777/3104
f 8029/750/3102 8028/777/3104 8157/777/3104 8158/750/3102
f 8030/778/3100 8029/750/3102 8158/750/3102 8159/778/3100
f 8031/754/3098 8030/778/3100 8159/778/3100 8160/754/3098
f 8032/756/3096 8031/754/3098 8160/754/3098 8161/756/3096
f 8033/758/3094 8032/756/3096 8161/756/3096 8162/758/3094
f 8034/760/3092 8033/758/3094 8162/758/3094 8163/760/3092
f 8015/762/3483 8034/760/3092 8163/760/3092 8164/762/3483
f 8036/777/3191 8035/746/3190 7818/746/3474 7819/748/3475
f 8037/750/3193 8036/777/3191 7819/748/3475 7820/750/3476
f 8038/778/3194 8037/750/3193 7820/750/3476 7821/752/3477
f 8039/754/3195 8038/778/3194 7821/752/3477 7822/754/3478
f 8040/756/3197 8039/754/3195 7822/754/3478 7823/756/3479
f 8041/779/3198 8040/756/3197 7823/756/3479 7824/758/3480
f 8042/760/3199 8041/779/3198 7824/758/3480 7825/760/3481
f 8043/762/3200 8042/760/3199 7825/760/3481 7826/762/3482
f 8044/764/3202 8043/762/3200 7826/762/3482 7827/764/3484
f 8045/766/3203 8044/764/3202 7827/764/3484 7828/766/3485
f 8046/768/3204 8045/766/3203 7828/766/3485 7829/768/3486
f 8047/770/3205 8046/768/3204 7829/768/3486 7830/770/3488
f 8048/772/3206 8047/770/3205 7830/770/3488 7831/772/3489
f 8049/780/3208 8048/772/3206 7831/772/3489 7832/774/3491
f 8050/776/3185 8049/780/3208 7832/774/3491 7833/776/3492
f 8051/736/3186 8050/776/3185 7833/776/3492 7834/736/3493
f 8052/740/3187 8051/736/3186 7834/736/3493 7815/740/3470
f 8053/742/3188 8052/740/3187 7815/740/3470 7816/742/3469
f 8054/744/3189 8053/742/3188 7816/742/3469 7817/744/3473
f 8035/746/3190 8054/744/3189 7817/744/3473 7818/746/3474
f 8056/777/3104 8055/746/3106 7838/746/3106 7839/777/3104
f 8057/750/3102 8056/777/3104 7839/777/3104 7840/750/3102
f 8058/778/3100 8057/750/3102 7840/750/3102 7841/778/3100
f 8059/754/3098 8058/778/3100 7841/778/3100 7842/754/3098
f 8060/756/3096 8059/754/3098 7842/754/3098 7843/756/3096
f 8061/758/3094 8060/756/3096 7843/756/3096 7844/758/3094
f 8062/760/3092 8061/758/3094 7844/758/3094 7845/760/3092
f 8063/762/3483 8062/760/3092 7845/760/3092 7846/762/3483
f 8064/764/3088 8063/762/3483 7846/762/3483 7847/764/3088
f 8065/766/3085 8064/764/3088 7847/764/3088 7848/766/3085
f 8066/768/3487 8065/766/3085 7848/766/3085 7849/768/3487
f 8067/770/3122 8066/768/3487 7849/768/3487 7850/770/3122
f 8068/772/3490 8067/770/3122 7850/770/3122 7851/772/3490
f 8069/774/3118 8068/772/3490 7851/772/3490 7852/774/3118
f 8070/776/3116 8069/774/3118 7852/774/3118 7853/776/3116
f 8071/736/3114 8070/776/3116 7853/776/3116 7854/736/3494
f 8072/740/3471 8071/736/3114 7854/736/3494 7835/740/3112
f 8073/742/3472 8072/740/3471 7835/740/3112 7836/742/3472
f 8074/744/3108 8073/742/3472 7836/742/3472 7837/744/3108
f 8055/746/3106 8074/744/3108 7837/744/3108 7838/746/3106
f 8076/883/3104 8075/884/3106 8319/885/3566 8320/886/3567
f 8077/887/3102 8076/883/3104 8320/886/3567 8321/888/3102
f 8078/889/3100 8077/887/3102 8321/888/3102 8322/890/3100
f 8079/891/3098 8078/889/3100 8322/890/3100 8323/892/3098
f 8080/893/3096 8079/891/3098 8323/892/3098 8324/894/3096
f 8081/895/3094 8080/893/3096 8324/894/3096 8325/896/3568
f 8082/897/3092 8081/895/3094 8325/896/3568 8326/898/3092
f 8083/899/3483 8082/897/3092 8326/898/3092 8327/900/3483
f 8084/901/3088 8083/899/3483 8327/900/3483 8328/902/3088
f 8085/903/3085 8084/901/3088 8328/902/3088 8329/904/3569
f 8086/905/3086 8085/903/3085 8329/904/3569 8330/906/3570
f 8087/907/3122 8086/908/3086 8330/909/3570 8331/910/3571
f 8088/911/3490 8087/907/3122 8331/910/3571 8332/912/3120
f 8089/913/3118 8088/911/3490 8332/912/3120 8333/914/3118
f 8090/915/3116 8089/913/3118 8333/914/3118 8334/916/3116
f 8091/917/3114 8090/915/3116 8334/916/3116 8315/918/3572
f 8316/919/3471 8092/920/3471 8091/917/3114 8315/918/3572
f 8093/921/3472 8092/920/3471 8316/919/3471 8317/922/3472
f 8094/923/3108 8093/921/3472 8317/922/3472 8318/924/3108
f 8075/884/3106 8094/923/3108 8318/924/3108 8319/885/3566
f 8096/663/3104 8095/664/3106 8302/925/3106 8303/926/3104
f 8097/662/3102 8096/663/3104 8303/926/3104 8304/927/3102
f 8098/661/3100 8097/662/3102 8304/927/3102 8305/928/3573
f 8099/660/3098 8098/661/3100 8305/928/3573 8306/929/3098
f 8100/659/3096 8099/660/3098 8306/929/3098 8307/930/3096
f 8101/658/3094 8100/659/3096 8307/930/3096 8308/931/3094
f 8102/657/3092 8101/658/3094 8308/931/3094 8309/932/3092
f 8103/656/3090 8102/657/3092 8309/932/3092 8310/933/3483
f 8104/655/3088 8103/656/3090 8310/933/3483 8311/934/3088
f 8105/653/3085 8104/655/3088 8311/934/3088 8312/935/3085
f 8106/654/3086 8105/653/3085 8312/935/3085 8313/936/3487
f 8107/672/3122 8106/673/3086 8313/937/3487 8314/938/3122
f 8108/671/3120 8107/672/3122 8314/938/3122 8295/939/3490
f 8109/670/3118 8108/671/3120 8295/939/3490 8296/940/3118
f 8110/669/3116 8109/670/3118 8296/940/3118 8297/941/3116
f 8111/668/3114 8110/669/3116 8297/941/3116 8298/942/3114
f 8299/943/3471 8112/667/3112 8111/668/3114 8298/942/3114
f 8113/666/3110 8112/667/3112 8299/943/3471 8300/944/3472
f 8114/665/3108 8113/666/3110 8300/944/3472 8301/945/3108
f 8095/664/3106 8114/665/3108 8301/945/3108 8302/925/3106
f 8116/684/3123 8115/685/3123 8135/946/3574 8136/947/3575
f 8117/683/3123 8116/684/3123 8136/947/3575 8137/948/3576
f 8118/682/3123 8117/683/3123 8137/948/3576 8138/949/3577
f 8119/681/3123 8118/682/3123 8138/949/3577 8139/950/3578
f 8120/680/3123 8119/681/3123 8139/950/3578 8140/951/3579
f 8121/679/3123 8120/680/3123 8140/951/3579 8141/952/3580
f 8122/678/3123 8121/679/3123 8141/952/3580 8142/953/3581
f 8123/677/3123 8122/678/3123 8142/953/3581 8143/954/3582
f 8124/676/3123 8123/677/3123 8143/954/3582 8144/955/3583
f 8125/674/3123 8124/676/3123 8144/955/3583 8145/956/3584
f 8126/675/3123 8125/674/3123 8145/956/3584 8146/957/3585
f 8127/693/3123 8126/675/3123 8146/957/3585 8147/958/3586
f 8128/692/3123 8127/693/3123 8147/958/3586 8148/959/3587
f 8129/691/3123 8128/692/3123 8148/959/3587 8149/960/3588
f 8130/690/3123 8129/691/3123 8149/960/3588 8150/961/3589
f 8131/689/3123 8130/690/3123 8150/961/3589 8151/962/3590
f 8152/963/3591 8132/688/3123 8131/689/3123 8151/962/3590
f 8133/687/3123 8132/688/3123 8152/963/3591 8153/964/3592
f 8134/686/3123 8133/687/3123 8153/964/3592 8154/965/3593
f 8115/685/3123 8134/686/3123 8154/965/3593 8135/946/3574
f 8136/947/3575 8135/946/3574 7559/746/3082 7560/748/3082
f 8137/948/3576 8136/947/3575 7560/748/3082 7561/750/3082
f 8138/949/3577 8137/948/3576 7561/750/3082 7562/752/3082
f 8139/950/3578 8138/949/3577 7562/752/3082 7563/754/3082
f 8140/951/3579 8139/950/3578 7563/754/3082 7564/756/3082
f 8141/952/3580 8140/951/3579 7564/756/3082 7565/758/3082
f 8142/953/3581 8141/952/3580 7565/758/3082 7566/760/3082
f 8143/954/3582 8142/953/3581 7566/760/3082 7567/762/3082
f 8144/955/3583 8143/954/3582 7567/762/3082 7568/764/3082
f 8145/956/3584 8144/955/3583 7568/764/3082 7569/766/3082
f 8146/957/3585 8145/956/3584 7569/766/3082 7570/768/3082
f 8147/958/3586 8146/957/3585 7570/768/3082 7571/770/3082
f 8148/959/3587 8147/958/3586 7571/770/3082 7572/772/3082
f 8149/960/3588 8148/959/3587 7572/772/3082 7573/774/3082
f 8150/961/3589 8149/960/3588 7573/774/3082 7554/737/3082
f 8151/962/3590 8150/961/3589 7554/737/3082 7555/736/3082
f 7556/740/3082 8152/963/3591 8151/962/3590 7555/736/3082
f 8153/964/3592 8152/963/3591 7556/740/3082 7557/742/3082
f 8154/965/3593 8153/964/3592 7557/742/3082 7558/744/3082
f 8135/946/3574 8154/965/3593 7558/744/3082 7559/746/3082
f 8156/746/3106 8155/744/3108 8290/744/3108 8291/746/3106
f 8157/777/3104 8156/746/3106 8291/746/3106 8292/777/3104
f 8158/750/3102 8157/777/3104 8292/777/3104 8293/750/3102
f 8159/778/3100 8158/750/3102 8293/750/3102 8294/778/3100
f 8160/754/3098 8159/778/3100 8294/778/3100 8275/754/3098
f 8161/756/3096 8160/754/3098 8275/754/3098 8276/756/3096
f 8162/758/3094 8161/756/3096 8276/756/3096 8277/758/3094
f 8163/760/3092 8162/758/3094 8277/758/3094 8278/760/3594
f 8164/762/3483 8163/760/3092 8278/760/3594 8279/762/3595
f 8165/764/3088 8164/762/3483 8279/762/3595 8280/764/3088
f 8166/766/3085 8165/764/3088 8280/764/3088 8281/766/3085
f 8167/768/3487 8166/766/3085 8281/766/3085 8282/768/3487
f 8168/770/3122 8167/768/3487 8282/768/3487 8283/770/3571
f 8169/839/3490 8168/770/3122 8283/770/3571 8284/839/3120
f 8285/774/3118 8170/774/3118 8169/839/3490 8284/839/3120
f 8171/737/3116 8170/774/3118 8285/774/3118 8286/737/3596
f 8172/736/3494 8171/737/3116 8286/737/3596 8287/736/3494
f 8173/740/3471 8172/736/3494 8287/736/3494 8288/740/3112
f 8174/742/3472 8173/740/3471 8288/740/3112 8289/742/3472
f 8155/744/3108 8174/742/3472 8289/742/3472 8290/744/3108
f 8196/746/3260 8176/746/3260 8175/744/3257 8195/744/3257
f 8197/777/3263 8177/777/3263 8176/746/3260 8196/746/3260
f 8198/750/3266 8178/750/3266 8177/777/3263 8197/777/3263
f 8199/778/3269 8179/778/3269 8178/750/3266 8198/750/3266
f 8200/754/3272 8180/754/3272 8179/778/3269 8199/778/3269
f 8201/756/3275 8181/756/3275 8180/754/3272 8200/754/3272
f 8202/779/3278 8182/779/3278 8181/756/3275 8201/756/3275
f 8203/760/3281 8183/760/3281 8182/779/3278 8202/779/3278
f 8204/762/3284 8184/762/3284 8183/760/3281 8203/760/3281
f 8205/783/3287 8185/783/3287 8184/762/3284 8204/762/3284
f 8206/766/3290 8186/766/3290 8185/783/3287 8205/783/3287
f 8207/768/3293 8187/768/3293 8186/766/3290 8206/766/3290
f 8208/770/3296 8188/770/3296 8187/768/3293 8207/768/3293
f 8209/772/3299 8189/772/3299 8188/770/3296 8208/770/3296
f 8190/786/3303 8189/772/3299 8209/772/3299 8210/786/3303
f 8211/737/3305 8191/737/3305 8190/786/3303 8210/786/3303
f 8212/736/3308 8192/736/3308 8191/737/3305 8211/737/3305
f 8213/740/3254 8193/740/3254 8192/736/3308 8212/736/3308
f 8214/742/3251 8194/742/3251 8193/740/3254 8213/740/3254
f 8214/742/3251 8195/744/3257 8175/744/3257 8194/742/3251
f 8216/746/3260 8196/746/3260 8195/744/3257 8215/744/3257
f 8217/777/3263 8197/777/3263 8196/746/3260 8216/746/3260
f 8218/750/3266 8198/750/3266 8197/777/3263 8217/777/3263
f 8219/778/3269 8199/778/3269 8198/750/3266 8218/750/3266
f 8220/754/3272 8200/754/3272 8199/778/3269 8219/778/3269
f 8221/756/3275 8201/756/3275 8200/754/3272 8220/754/3272
f 8222/779/3278 8202/779/3278 8201/756/3275 8221/756/3275
f 8223/760/3281 8203/760/3281 8202/779/3278 8222/779/3278
f 8224/762/3284 8204/762/3284 8203/760/3281 8223/760/3281
f 8225/764/3287 8205/783/3287 8204/762/3284 8224/762/3284
f 8226/766/3597 8206/766/3290 8205/783/3287 8225/764/3287
f 8227/768/3293 8207/768/3293 8206/766/3290 8226/766/3597
f 8228/770/3598 8208/770/3296 8207/768/3293 8227/768/3293
f 8229/772/3299 8209/772/3299 8208/770/3296 8228/770/3598
f 8210/786/3303 8209/772/3299 8229/772/3299 8230/786/3303
f 8231/737/3305 8211/737/3305 8210/786/3303 8230/786/3303
f 8232/736/3308 8212/736/3308 8211/737/3305 8231/737/3305
f 8233/740/3254 8213/740/3254 8212/736/3308 8232/736/3308
f 8234/742/3251 8214/742/3251 8213/740/3254 8233/740/3254
f 8234/742/3251 8215/744/3257 8195/744/3257 8214/742/3251
f 7660/746/3599 8216/746/3260 8215/744/3257 7658/744/3600
f 7662/777/3601 8217/777/3263 8216/746/3260 7660/746/3599
f 7664/750/3602 8218/750/3266 8217/777/3263 7662/777/3601
f 7666/778/3603 8219/778/3269 8218/750/3266 7664/750/3602
f 7668/754/3604 8220/754/3272 8219/778/3269 7666/778/3603
f 7670/756/3605 8221/756/3275 8220/754/3272 7668/754/3604
f 7672/758/3606 8222/779/3278 8221/756/3275 7670/756/3605
f 7674/760/3607 8223/760/3281 8222/779/3278 7672/758/3606
f 7676/762/3608 8224/762/3284 8223/760/3281 7674/760/3607
f 7678/764/3609 8225/764/3287 8224/762/3284 7676/762/3608
f 7680/766/3610 8226/766/3597 8225/764/3287 7678/764/3609
f 7682/768/3611 8227/768/3293 8226/766/3597 7680/766/3610
f 7684/770/3612 8228/770/3598 8227/768/3293 7682/768/3611
f 7686/772/3613 8229/772/3299 8228/770/3598 7684/770/3612
f 8230/786/3303 8229/772/3299 7686/772/3613 7688/774/3614
f 7690/737/3615 8231/737/3305 8230/786/3303 7688/774/3614
f 7692/736/3616 8232/736/3308 8231/737/3305 7690/737/3615
f 7654/740/3617 8233/740/3254 8232/736/3308 7692/736/3616
f 7655/742/3618 8234/742/3251 8233/740/3254 7654/740/3617
f 7658/744/3600 8215/744/3257 8234/742/3251 7655/742/3618
f 8236/806/3350 8235/805/3349 7583/714/3619 7584/716/3620
f 8237/787/3331 8236/806/3350 7584/716/3620 7585/718/3621
f 8238/788/3332 8237/787/3331 7585/718/3621 7586/720/3622
f 8239/789/3333 8238/788/3332 7586/720/3622 7587/722/3623
f 8240/790/3334 8239/789/3333 7587/722/3623 7588/724/3624
f 8241/791/3335 8240/790/3334 7588/724/3624 7589/726/3625
f 8242/792/3336 8241/791/3335 7589/726/3625 7590/728/3626
f 8243/793/3337 8242/792/3336 7590/728/3626 7591/730/3627
f 8244/794/3338 8243/793/3337 7591/730/3627 7592/732/3628
f 8245/795/3339 8244/794/3338 7592/732/3628 7593/734/3629
f 8246/796/3340 8245/795/3339 7593/734/3629 7574/697/3630
f 8247/797/3341 8246/796/3340 7574/697/3630 7575/696/3631
f 8248/798/3342 8247/797/3341 7575/696/3631 7576/700/3632
f 8249/799/3343 8248/798/3342 7576/700/3632 7577/702/3633
f 8250/800/3344 8249/799/3343 7577/702/3633 7578/704/3634
f 8251/801/3345 8250/800/3344 7578/704/3634 7579/706/3635
f 8252/802/3346 8251/801/3345 7579/706/3635 7580/708/3636
f 8253/803/3347 8252/802/3346 7580/708/3636 7581/710/3637
f 8254/804/3348 8253/803/3347 7581/710/3637 7582/712/3638
f 8235/805/3349 8254/804/3348 7582/712/3638 7583/714/3619
f 8256/847/3524 8255/846/3395 7923/719/3505 7924/840/3397
f 8257/848/3525 8256/847/3524 7924/840/3397 7925/723/3399
f 8258/849/3401 8257/848/3525 7925/723/3399 7926/841/3401
f 8259/850/3403 8258/849/3401 7926/841/3401 7927/727/3403
f 8260/729/3511 8259/850/3403 7927/727/3403 7928/858/3511
f 8261/731/3526 8260/729/3511 7928/858/3511 7929/859/3513
f 8262/851/3527 8261/731/3526 7929/859/3513 7930/860/3409
f 8263/735/3528 8262/851/3527 7930/860/3409 7931/735/3516
f 8264/698/3413 8263/735/3528 7931/735/3516 7932/861/3518
f 8265/852/3415 8264/698/3413 7932/861/3518 7933/699/3415
f 8266/853/3521 8265/852/3415 7933/699/3415 7934/862/3521
f 8267/842/3419 8266/853/3521 7934/862/3521 7915/703/3419
f 8268/843/3421 8267/842/3419 7915/703/3419 7916/854/3495
f 8269/844/3423 8268/843/3421 7916/854/3495 7917/707/3423
f 8270/709/3425 8269/844/3423 7917/707/3423 7918/855/3425
f 8271/829/3427 8270/709/3425 7918/855/3425 7919/829/3427
f 8272/845/3501 8271/829/3427 7919/829/3427 7920/856/3429
f 8273/827/3392 8272/845/3501 7920/856/3429 7921/827/3392
f 8274/717/3523 8273/827/3392 7921/827/3392 7922/857/3393
f 8255/846/3395 8274/717/3523 7922/857/3393 7923/719/3505
f 8276/756/3096 8275/754/3098 7641/754/3238 7642/756/3239
f 8277/758/3094 8276/756/3096 7642/756/3239 7643/758/3240
f 8278/760/3594 8277/758/3094 7643/758/3240 7644/760/3241
f 8279/762/3595 8278/760/3594 7644/760/3241 7645/762/3242
f 8280/764/3088 8279/762/3595 7645/762/3242 7646/764/3639
f 8281/766/3085 8280/764/3088 7646/764/3639 7647/766/3244
f 8282/768/3487 8281/766/3085 7647/766/3244 7648/768/3245
f 8283/770/3571 8282/768/3487 7648/768/3245 7649/770/3640
f 8284/839/3120 8283/770/3571 7649/770/3640 7650/772/3641
f 7651/774/3642 8285/774/3118 8284/839/3120 7650/772/3641
f 8286/737/3596 8285/774/3118 7651/774/3642 7652/737/3643
f 8287/736/3494 8286/737/3596 7652/737/3643 7653/736/3250
f 8288/740/3112 8287/736/3494 7653/736/3250 7634/740/3229
f 8289/742/3472 8288/740/3112 7634/740/3229 7635/742/3644
f 8290/744/3108 8289/742/3472 7635/742/3644 7636/744/3645
f 8291/746/3106 8290/744/3108 7636/744/3645 7637/746/3646
f 8292/777/3104 8291/746/3106 7637/746/3646 7638/777/3647
f 8293/750/3102 8292/777/3104 7638/777/3647 7639/750/3235
f 8294/778/3100 8293/750/3102 7639/750/3235 7640/778/3236
f 8275/754/3098 8294/778/3100 7640/778/3236 7641/754/3238
f 8296/940/3118 8295/939/3490 8088/911/3490 8089/913/3118
f 8297/941/3116 8296/940/3118 8089/913/3118 8090/915/3116
f 8298/942/3114 8297/941/3116 8090/915/3116 8091/917/3114
f 8092/920/3471 8299/943/3471 8298/942/3114 8091/917/3114
f 8300/944/3472 8299/943/3471 8092/920/3471 8093/921/3472
f 8301/945/3108 8300/944/3472 8093/921/3472 8094/923/3108
f 8302/925/3106 8301/945/3108 8094/923/3108 8075/884/3106
f 8303/926/3104 8302/925/3106 8075/884/3106 8076/883/3104
f 8304/927/3102 8303/926/3104 8076/883/3104 8077/887/3102
f 8305/928/3573 8304/927/3102 8077/887/3102 8078/889/3100
f 8306/929/3098 8305/928/3573 8078/889/3100 8079/891/3098
f 8307/930/3096 8306/929/3098 8079/891/3098 8080/893/3096
f 8308/931/3094 8307/930/3096 8080/893/3096 8081/895/3094
f 8309/932/3092 8308/931/3094 8081/895/3094 8082/897/3092
f 8310/933/3483 8309/932/3092 8082/897/3092 8083/899/3483
f 8311/934/3088 8310/933/3483 8083/899/3483 8084/901/3088
f 8312/935/3085 8311/934/3088 8084/901/3088 8085/903/3085
f 8313/936/3487 8312/935/3085 8085/903/3085 8086/905/3086
f 8314/938/3122 8313/937/3487 8086/908/3086 8087/907/3122
f 8295/939/3490 8314/938/3122 8087/907/3122 8088/911/3490
f 7547/472/3648 8316/919/3471 8315/918/3572 7548/471/3250
f 8317/922/3472 8316/919/3471 7547/472/3648 7546/474/3649
f 8318/924/3108 8317/922/3472 7546/474/3649 7545/476/3645
f 8319/885/3566 8318/924/3108 7545/476/3645 7544/478/3650
f 8320/886/3567 8319/885/3566 7544/478/3650 7543/480/3234
f 8321/888/3102 8320/886/3567 7543/480/3234 7542/482/3651
f 8322/890/3100 8321/888/3102 7542/482/3651 7541/484/3652
f 8323/892/3098 8322/890/3100 7541/484/3652 7540/486/3238
f 8324/894/3096 8323/892/3098 7540/486/3238 7539/488/3239
f 8325/896/3568 8324/894/3096 7539/488/3239 7538/490/3240
f 8326/898/3092 8325/896/3568 7538/490/3240 7537/492/3241
f 8327/900/3483 8326/898/3092 7537/492/3241 7536/494/3653
f 8328/902/3088 8327/900/3483 7536/494/3653 7535/496/3654
f 8329/904/3569 8328/902/3088 7535/496/3654 7534/498/3244
f 8330/906/3570 8329/904/3569 7534/498/3244 7533/500/3655
f 8331/910/3571 8330/909/3570 7533/503/3655 7552/504/3656
f 8332/912/3120 8331/910/3571 7552/504/3656 7551/506/3641
f 8333/914/3118 8332/912/3120 7551/506/3641 7550/508/3642
f 8334/916/3116 8333/914/3118 7550/508/3642 7549/510/3657
f 8315/918/3572 8334/916/3116 7549/510/3657 7548/471/3250
f 8335/327/3082 8336/328/3082 8545/329/3082 8546/330/3082
f 8336/328/3082 8337/331/3082 8544/332/3082 8545/329/3082
f 8337/331/3082 8338/333/3082 8543/334/3082 8544/332/3082
f 8338/333/3082 8339/335/3082 8542/336/3082 8543/334/3082
f 8339/335/3082 8340/337/3082 8541/338/3082 8542/336/3082
f 8340/337/3082 8341/339/3082 8540/340/3082 8541/338/3082
f 8341/339/3082 8342/341/3082 8539/342/3082 8540/340/3082
f 8342/341/3082 8343/343/3082 8538/344/3082 8539/342/3082
f 8343/343/3082 8344/345/3082 8537/346/3082 8538/344/3082
f 8344/345/3082 8345/347/3082 8536/348/3082 8537/346/3082
f 8345/347/3082 8346/349/3082 8535/350/3082 8536/348/3082
f 8346/349/3082 8347/351/3082 8554/352/3082 8535/350/3082
f 8347/351/3082 8348/353/3082 8553/354/3082 8554/352/3082
f 8348/353/3082 8349/355/3082 8552/356/3082 8553/354/3082
f 8349/355/3082 8350/357/3082 8551/358/3082 8552/356/3082
f 8350/357/3082 8351/359/3082 8550/360/3082 8551/358/3082
f 8351/359/3082 8352/361/3082 8549/362/3082 8550/360/3082
f 8352/361/3082 8353/363/3082 8548/364/3082 8549/362/3082
f 8353/363/3082 8354/365/3082 8547/366/3082 8548/364/3082
f 8354/365/3082 8335/327/3082 8546/330/3082 8547/366/3082
f 8355/367/3083 8356/368/3084 8449/369/3085 8450/370/3086
f 8356/368/3084 8357/371/3201 8448/372/3088 8449/369/3085
f 8357/371/3201 8358/373/3089 8447/374/3483 8448/372/3088
f 8358/373/3089 8359/375/3091 8446/376/3092 8447/374/3483
f 8359/375/3091 8360/377/3093 8445/378/3094 8446/376/3092
f 8360/377/3093 8361/379/3658 8444/380/3096 8445/378/3094
f 8361/379/3658 8362/381/3097 8443/382/3098 8444/380/3096
f 8362/381/3097 8363/383/3099 8442/384/3100 8443/382/3098
f 8363/383/3099 8364/385/3101 8441/386/3102 8442/384/3100
f 8364/385/3101 8365/387/3103 8440/388/3104 8441/386/3102
f 8365/387/3103 8366/389/3105 8439/390/3106 8440/388/3104
f 8366/389/3105 8367/391/3107 8438/392/3108 8439/390/3106
f 8367/391/3107 8368/393/3109 8437/394/3472 8438/392/3108
f 8368/393/3109 8369/395/3659 8436/396/3471 8437/394/3472
f 8369/395/3659 8370/397/3113 8435/398/3114 8436/396/3471
f 8370/397/3113 8371/399/3115 8454/400/3116 8435/398/3114
f 8371/399/3115 8372/401/3207 8453/402/3118 8454/400/3116
f 8372/401/3207 8373/403/3660 8452/404/3490 8453/402/3118
f 8373/403/3660 8374/405/3121 8451/406/3122 8452/404/3490
f 8374/405/3121 8355/407/3083 8450/408/3086 8451/406/3122
f 8375/409/3144 8376/410/3123 8508/411/3123 8509/412/3144
f 8376/410/3123 8377/413/3123 8507/414/3123 8508/411/3123
f 8377/413/3123 8378/415/3123 8506/416/3123 8507/414/3123
f 8378/415/3123 8379/417/3144 8505/418/3144 8506/416/3123
f 8379/417/3144 8380/419/3144 8504/420/3144 8505/418/3144
f 8380/419/3144 8381/421/3144 8503/422/3144 8504/420/3144
f 8381/421/3144 8382/423/3144 8502/424/3144 8503/422/3144
f 8382/423/3144 8383/425/3144 8501/426/3144 8502/424/3144
f 8383/425/3144 8384/427/3144 8500/428/3144 8501/426/3144
f 8384/427/3144 8385/429/3144 8499/430/3123 8500/428/3144
f 8385/429/3144 8386/431/3123 8498/432/3123 8499/430/3123
f 8386/431/3123 8387/433/3144 8497/434/3144 8498/432/3123
f 8387/433/3144 8388/435/3144 8496/436/3123 8497/434/3144
f 8388/435/3144 8389/437/3123 8495/438/3123 8496/436/3123
f 8389/437/3123 8390/439/3661 8514/440/3123 8495/438/3123
f 8390/439/3661 8391/441/3123 8513/442/3123 8514/440/3123
f 8391/441/3123 8392/443/3123 8512/444/3123 8513/442/3123
f 8392/443/3123 8393/445/3144 8511/446/3144 8512/444/3123
f 8393/445/3144 8394/447/3144 8510/448/3144 8511/446/3144
f 8394/447/3144 8375/409/3144 8509/412/3144 8510/448/3144
f 8336/328/3662 8335/327/3662 8395/638/3662 8396/640/3662
f 8335/327/3663 8354/365/3663 8414/636/3663 8395/638/3663
f 8354/365/3664 8353/363/3664 8413/634/3664 8414/636/3664
f 8353/363/3665 8352/361/3665 8412/632/3665 8413/634/3665
f 8352/361/3666 8351/359/3666 8411/630/3666 8412/632/3666
f 8351/359/3667 8350/357/3667 8410/628/3667 8411/630/3667
f 8350/357/3668 8349/355/3668 8409/626/3668 8410/628/3668
f 8349/355/3669 8348/353/3669 8408/624/3669 8409/626/3669
f 8348/353/3670 8347/351/3670 8407/622/3670 8408/624/3670
f 8347/351/3671 8346/349/3671 8406/620/3671 8407/622/3671
f 8346/349/3672 8345/347/3672 8405/618/3672 8406/620/3672
f 8345/347/3673 8344/345/3673 8404/616/3673 8405/618/3673
f 8344/345/3674 8343/343/3674 8403/615/3674 8404/616/3674
f 8343/343/3675 8342/341/3675 8402/652/3675 8403/615/3675
f 8342/341/3676 8341/339/3676 8401/650/3676 8402/652/3676
f 8341/339/3677 8340/337/3677 8400/648/3677 8401/650/3677
f 8340/337/3678 8339/335/3678 8399/646/3678 8400/648/3678
f 8339/335/3679 8338/333/3679 8398/644/3679 8399/646/3679
f 8338/333/3680 8337/331/3680 8397/642/3680 8398/644/3680
f 8337/331/3681 8336/328/3681 8396/640/3681 8397/642/3681
f 8416/469/3112 8415/470/3114 8390/471/3250 8389/472/3229
f 8417/473/3472 8416/469/3112 8389/472/3229 8388/474/3230
f 8418/475/3108 8417/473/3472 8388/474/3230 8387/476/3645
f 8419/477/3106 8418/475/3108 8387/476/3645 8386/478/3233
f 8420/479/3567 8419/477/3106 8386/478/3233 8385/480/3234
f 8421/481/3102 8420/479/3567 8385/480/3234 8384/482/3235
f 8422/483/3100 8421/481/3102 8384/482/3235 8383/484/3652
f 8423/485/3098 8422/483/3100 8383/484/3652 8382/486/3682
f 8424/487/3096 8423/485/3098 8382/486/3682 8381/488/3239
f 8425/489/3094 8424/487/3096 8381/488/3239 8380/490/3240
f 8426/491/3092 8425/489/3094 8380/490/3240 8379/492/3241
f 8427/493/3483 8426/491/3092 8379/492/3241 8378/494/3242
f 8428/495/3088 8427/493/3483 8378/494/3242 8377/496/3639
f 8429/497/3085 8428/495/3088 8377/496/3639 8376/498/3244
f 8430/499/3570 8429/497/3085 8376/498/3244 8375/500/3655
f 8431/501/3571 8430/502/3570 8375/503/3655 8394/504/3656
f 8432/505/3490 8431/501/3571 8394/504/3656 8393/506/3247
f 8433/507/3118 8432/505/3490 8393/506/3247 8392/508/3248
f 8434/509/3116 8433/507/3118 8392/508/3248 8391/510/3249
f 8415/470/3114 8434/509/3116 8391/510/3249 8390/471/3250
f 8436/396/3471 8435/398/3114 8455/511/3114 8456/512/3471
f 8437/394/3472 8436/396/3471 8456/512/3471 8457/513/3472
f 8438/392/3108 8437/394/3472 8457/513/3472 8458/514/3108
f 8439/390/3106 8438/392/3108 8458/514/3108 8459/515/3106
f 8440/388/3104 8439/390/3106 8459/515/3106 8460/516/3104
f 8441/386/3102 8440/388/3104 8460/516/3104 8461/517/3102
f 8442/384/3100 8441/386/3102 8461/517/3102 8462/518/3100
f 8443/382/3098 8442/384/3100 8462/518/3100 8463/519/3098
f 8444/380/3096 8443/382/3098 8463/519/3098 8464/520/3096
f 8445/378/3094 8444/380/3096 8464/520/3096 8465/521/3094
f 8446/376/3092 8445/378/3094 8465/521/3094 8466/522/3092
f 8447/374/3483 8446/376/3092 8466/522/3092 8467/523/3483
f 8448/372/3088 8447/374/3483 8467/523/3483 8468/524/3088
f 8449/369/3085 8448/372/3088 8468/524/3088 8469/525/3085
f 8450/370/3086 8449/369/3085 8469/525/3085 8470/526/3487
f 8451/406/3122 8450/408/3086 8470/527/3487 8471/528/3122
f 8452/404/3490 8451/406/3122 8471/528/3122 8472/529/3490
f 8453/402/3118 8452/404/3490 8472/529/3490 8473/530/3118
f 8454/400/3116 8453/402/3118 8473/530/3118 8474/531/3116
f 8435/398/3114 8454/400/3116 8474/531/3116 8455/511/3114
f 8456/512/3471 8455/511/3114 8475/532/3114 8476/533/3471
f 8457/513/3472 8456/512/3471 8476/533/3471 8477/534/3472
f 8458/514/3108 8457/513/3472 8477/534/3472 8478/535/3108
f 8459/515/3106 8458/514/3108 8478/535/3108 8479/536/3106
f 8460/516/3104 8459/515/3106 8479/536/3106 8480/537/3104
f 8461/517/3102 8460/516/3104 8480/537/3104 8481/538/3102
f 8462/518/3100 8461/517/3102 8481/538/3102 8482/539/3100
f 8463/519/3098 8462/518/3100 8482/539/3100 8483/540/3098
f 8464/520/3096 8463/519/3098 8483/540/3098 8484/541/3096
f 8465/521/3094 8464/520/3096 8484/541/3096 8485/542/3094
f 8466/522/3092 8465/521/3094 8485/542/3094 8486/543/3092
f 8467/523/3483 8466/522/3092 8486/543/3092 8487/544/3483
f 8468/524/3088 8467/523/3483 8487/544/3483 8488/545/3088
f 8469/525/3085 8468/524/3088 8488/545/3088 8489/546/3085
f 8470/526/3487 8469/525/3085 8489/546/3085 8490/547/3487
f 8471/528/3122 8470/527/3487 8490/548/3487 8491/549/3122
f 8472/529/3490 8471/528/3122 8491/549/3122 8492/550/3490
f 8473/530/3118 8472/529/3490 8492/550/3490 8493/551/3118
f 8474/531/3116 8473/530/3118 8493/551/3118 8494/552/3116
f 8455/511/3114 8474/531/3116 8494/552/3116 8475/532/3114
f 8476/533/3471 8475/532/3114 8415/470/3114 8416/469/3112
f 8477/534/3472 8476/533/3471 8416/469/3112 8417/473/3472
f 8478/535/3108 8477/534/3472 8417/473/3472 8418/475/3108
f 8479/536/3106 8478/535/3108 8418/475/3108 8419/477/3106
f 8480/537/3104 8479/536/3106 8419/477/3106 8420/479/3567
f 8481/538/3102 8480/537/3104 8420/479/3567 8421/481/3102
f 8482/539/3100 8481/538/3102 8421/481/3102 8422/483/3100
f 8483/540/3098 8482/539/3100 8422/483/3100 8423/485/3098
f 8484/541/3096 8483/540/3098 8423/485/3098 8424/487/3096
f 8485/542/3094 8484/541/3096 8424/487/3096 8425/489/3094
f 8486/543/3092 8485/542/3094 8425/489/3094 8426/491/3092
f 8487/544/3483 8486/543/3092 8426/491/3092 8427/493/3483
f 8488/545/3088 8487/544/3483 8427/493/3483 8428/495/3088
f 8489/546/3085 8488/545/3088 8428/495/3088 8429/497/3085
f 8490/547/3487 8489/546/3085 8429/497/3085 8430/499/3570
f 8491/549/3122 8490/548/3487 8430/502/3570 8431/501/3571
f 8492/550/3490 8491/549/3122 8431/501/3571 8432/505/3490
f 8493/551/3118 8492/550/3490 8432/505/3490 8433/507/3118
f 8494/552/3116 8493/551/3118 8433/507/3118 8434/509/3116
f 8475/532/3114 8494/552/3116 8434/509/3116 8415/470/3114
f 8496/436/3123 8495/438/3123 8409/626/3123 8408/624/3123
f 8497/434/3144 8496/436/3123 8408/624/3123 8407/622/3123
f 8498/432/3123 8497/434/3144 8407/622/3123 8406/620/3123
f 8499/430/3123 8498/432/3123 8406/620/3123 8405/618/3123
f 8500/428/3144 8499/430/3123 8405/618/3123 8404/616/3123
f 8501/426/3144 8500/428/3144 8404/616/3123 8403/615/3123
f 8502/424/3144 8501/426/3144 8403/615/3123 8402/652/3123
f 8503/422/3144 8502/424/3144 8402/652/3123 8401/650/3123
f 8504/420/3144 8503/422/3144 8401/650/3123 8400/648/3123
f 8505/418/3144 8504/420/3144 8400/648/3123 8399/646/3123
f 8506/416/3123 8505/418/3144 8399/646/3123 8398/644/3123
f 8507/414/3123 8506/416/3123 8398/644/3123 8397/642/3123
f 8508/411/3123 8507/414/3123 8397/642/3123 8396/640/3123
f 8509/412/3144 8508/411/3123 8396/640/3123 8395/638/3123
f 8510/448/3144 8509/412/3144 8395/638/3123 8414/636/3123
f 8511/446/3144 8510/448/3144 8414/636/3123 8413/634/3123
f 8512/444/3123 8511/446/3144 8413/634/3123 8412/632/3123
f 8513/442/3123 8512/444/3123 8412/632/3123 8411/630/3123
f 8514/440/3123 8513/442/3123 8411/630/3123 8410/628/3123
f 8495/438/3123 8514/440/3123 8410/628/3123 8409/626/3123
f 8516/573/3683 8515/574/3082 8366/575/3082 8365/576/3683
f 8517/577/3683 8516/573/3683 8365/576/3683 8364/578/3683
f 8518/579/3683 8517/577/3683 8364/578/3683 8363/580/3683
f 8519/581/3683 8518/579/3683 8363/580/3683 8362/582/3683
f 8520/583/3683 8519/581/3683 8362/582/3683 8361/584/3683
f 8521/585/3082 8520/583/3683 8361/584/3683 8360/586/3082
f 8522/587/3082 8521/585/3082 8360/586/3082 8359/588/3082
f 8523/589/3082 8522/587/3082 8359/588/3082 8358/590/3082
f 8524/591/3683 8523/589/3082 8358/590/3082 8357/592/3683
f 8525/593/3683 8524/591/3683 8357/592/3683 8356/594/3683
f 8526/595/3082 8525/593/3683 8356/594/3683 8355/596/3082
f 8527/597/3082 8526/595/3082 8355/596/3082 8374/598/3683
f 8528/599/3082 8527/597/3082 8374/598/3683 8373/600/3684
f 8529/601/3082 8528/599/3082 8373/600/3684 8372/602/3082
f 8530/603/3082 8529/601/3082 8372/602/3082 8371/604/3082
f 8531/605/3082 8530/603/3082 8371/604/3082 8370/606/3082
f 8532/607/3082 8531/605/3082 8370/606/3082 8369/608/3082
f 8533/609/3082 8532/607/3082 8369/608/3082 8368/610/3082
f 8534/611/3082 8533/609/3082 8368/610/3082 8367/612/3082
f 8515/574/3082 8534/611/3082 8367/612/3082 8366/575/3082
f 8536/348/3082 8535/350/3082 8515/574/3082 8516/573/3683
f 8537/346/3082 8536/348/3082 8516/573/3683 8517/577/3683
f 8538/344/3082 8537/346/3082 8517/577/3683 8518/579/3683
f 8539/342/3082 8538/344/3082 8518/579/3683 8519/581/3683
f 8540/340/3082 8539/342/3082 8519/581/3683 8520/583/3683
f 8541/338/3082 8540/340/3082 8520/583/3683 8521/585/3082
f 8542/336/3082 8541/338/3082 8521/585/3082 8522/587/3082
f 8543/334/3082 8542/336/3082 8522/587/3082 8523/589/3082
f 8544/332/3082 8543/334/3082 8523/589/3082 8524/591/3683
f 8545/329/3082 8544/332/3082 8524/591/3683 8525/593/3683
f 8546/330/3082 8545/329/3082 8525/593/3683 8526/595/3082
f 8547/366/3082 8546/330/3082 8526/595/3082 8527/597/3082
f 8548/364/3082 8547/366/3082 8527/597/3082 8528/599/3082
f 8549/362/3082 8548/364/3082 8528/599/3082 8529/601/3082
f 8550/360/3082 8549/362/3082 8529/601/3082 8530/603/3082
f 8551/358/3082 8550/360/3082 8530/603/3082 8531/605/3082
f 8552/356/3082 8551/358/3082 8531/605/3082 8532/607/3082
f 8553/354/3082 8552/356/3082 8532/607/3082 8533/609/3082
f 8554/352/3082 8553/354/3082 8533/609/3082 8534/611/3082
f 8535/350/3082 8554/352/3082 8534/611/3082 8515/574/3082
f 8555/327/3685 8556/328/3685 8765/329/3685 8766/330/3685
f 8556/328/3685 8557/331/3685 8764/332/3685 8765/329/3685
f 8557/331/3685 8558/333/3685 8763/334/3685 8764/332/3685
f 8558/333/3685 8559/335/3685 8762/336/3685 8763/334/3685
f 8559/335/3685 8560/337/3685 8761/338/3685 8762/336/3685
f 8560/337/3685 8561/339/3685 8760/340/3685 8761/338/3685
f 8561/339/3685 8562/341/3685 8759/342/3685 8760/340/3685
f 8562/341/3685 8563/343/3685 8758/344/3685 8759/342/3685
f 8563/343/3685 8564/345/3685 8757/346/3685 8758/344/3685
f 8564/345/3685 8565/347/3685 8756/348/3685 8757/346/3685
f 8565/347/3685 8566/349/3685 8755/350/3685 8756/348/3685
f 8566/349/3685 8567/351/3685 8774/352/3685 8755/350/3685
f 8567/351/3685 8568/353/3685 8773/354/3685 8774/352/3685
f 8568/353/3685 8569/355/3685 8772/356/3685 8773/354/3685
f 8569/355/3685 8570/357/3685 8771/358/3685 8772/356/3685
f 8570/357/3685 8571/359/3685 8770/360/3685 8771/358/3685
f 8571/359/3685 8572/361/3685 8769/362/3685 8770/360/3685
f 8572/361/3685 8573/363/3685 8768/364/3685 8769/362/3685
f 8573/363/3685 8574/365/3685 8767/366/3685 8768/364/3685
f 8574/365/3685 8555/327/3685 8766/330/3685 8767/366/3685
f 8575/367/3686 8576/368/3687 8669/369/3688 8670/370/3689
f 8576/368/3687 8577/371/3690 8668/372/3691 8669/369/3688
f 8577/371/3690 8578/373/3692 8667/374/3693 8668/372/3691
f 8578/373/3692 8579/375/3694 8666/376/3695 8667/374/3693
f 8579/375/3694 8580/377/3696 8665/378/3697 8666/376/3695
f 8580/377/3696 8581/379/3698 8664/380/3699 8665/378/3697
f 8581/379/3698 8582/381/3700 8663/382/3701 8664/380/3699
f 8582/381/3700 8583/383/3702 8662/384/3703 8663/382/3701
f 8583/383/3702 8584/385/3704 8661/386/3705 8662/384/3703
f 8584/385/3704 8585/387/3706 8660/388/3707 8661/386/3705
f 8585/387/3706 8586/389/3708 8659/390/3709 8660/388/3707
f 8586/389/3708 8587/391/3710 8658/392/3711 8659/390/3709
f 8587/391/3710 8588/393/3712 8657/394/3713 8658/392/3711
f 8588/393/3712 8589/395/3714 8656/396/3715 8657/394/3713
f 8589/395/3714 8590/397/3716 8655/398/3717 8656/396/3715
f 8590/397/3716 8591/399/3718 8674/400/3719 8655/398/3717
f 8591/399/3718 8592/401/3720 8673/402/3721 8674/400/3719
f 8592/401/3720 8593/403/3722 8672/404/3723 8673/402/3721
f 8593/403/3722 8594/405/3724 8671/406/3725 8672/404/3723
f 8594/405/3724 8575/407/3686 8670/408/3689 8671/406/3725
f 8595/409/3726 8596/410/3726 8728/411/3726 8729/412/3726
f 8596/410/3726 8597/413/3727 8727/414/3727 8728/411/3726
f 8597/413/3727 8598/415/3727 8726/416/3727 8727/414/3727
f 8598/415/3727 8599/417/3727 8725/418/3727 8726/416/3727
f 8599/417/3727 8600/419/3726 8724/420/3726 8725/418/3727
f 8600/419/3726 8601/421/3726 8723/422/3726 8724/420/3726
f 8601/421/3726 8602/423/3727 8722/424/3726 8723/422/3726
f 8602/423/3727 8603/425/3727 8721/426/3727 8722/424/3726
f 8603/425/3727 8604/427/3728 8720/428/3727 8721/426/3727
f 8604/427/3728 8605/429/3728 8719/430/3727 8720/428/3727
f 8605/429/3728 8606/431/3727 8718/432/3727 8719/430/3727
f 8606/431/3727 8607/433/3728 8717/434/3727 8718/432/3727
f 8607/433/3728 8608/435/3727 8716/436/3727 8717/434/3727
f 8608/435/3727 8609/437/3729 8715/438/3730 8716/436/3727
f 8609/437/3729 8610/439/3730 8734/440/3730 8715/438/3730
f 8610/439/3730 8611/441/3727 8733/442/3727 8734/440/3730
f 8611/441/3727 8612/443/3727 8732/444/3726 8733/442/3727
f 8612/443/3727 8613/445/3727 8731/446/3727 8732/444/3726
f 8613/445/3727 8614/447/3728 8730/448/3727 8731/446/3727
f 8614/447/3728 8595/409/3726 8729/412/3726 8730/448/3727
f 8556/328/3731 8555/327/3731 8807/449/3731 8808/450/3731
f 8555/327/3732 8574/365/3732 8806/451/3733 8807/449/3732
f 8574/365/3734 8573/363/3734 8805/452/3734 8806/451/3734
f 8573/363/3735 8572/361/3735 8804/453/3735 8805/452/3735
f 8572/361/3736 8571/359/3736 8803/454/3736 8804/453/3736
f 8571/359/3737 8570/357/3737 8802/455/3737 8803/454/3737
f 8570/357/3738 8569/355/3738 8801/456/3738 8802/455/3738
f 8569/355/3739 8568/353/3739 8800/457/3739 8801/456/3739
f 8568/353/3740 8567/351/3740 8799/458/3740 8800/457/3740
f 8567/351/3741 8566/349/3741 8798/459/3741 8799/458/3741
f 8566/349/3742 8565/347/3742 8797/460/3742 8798/459/3742
f 8565/347/3743 8564/345/3743 8796/461/3743 8797/460/3743
f 8564/345/3744 8563/343/3744 8795/462/3744 8796/461/3744
f 8563/343/3745 8562/341/3745 8814/463/3745 8795/462/3745
f 8562/341/3746 8561/339/3746 8813/464/3746 8814/463/3746
f 8561/339/3747 8560/337/3747 8812/465/3747 8813/464/3747
f 8560/337/3748 8559/335/3748 8811/466/3748 8812/465/3748
f 8559/335/3749 8558/333/3749 8810/467/3750 8811/466/3750
f 8558/333/3751 8557/331/3751 8809/468/3752 8810/467/3752
f 8557/331/3753 8556/328/3753 8808/450/3754 8809/468/3754
f 8636/469/3755 8635/470/3717 8610/471/3756 8609/472/3757
f 8637/473/3713 8636/469/3755 8609/472/3757 8608/474/3758
f 8638/475/3711 8637/473/3713 8608/474/3758 8607/476/3759
f 8639/477/3709 8638/475/3711 8607/476/3759 8606/478/3760
f 8640/479/3707 8639/477/3709 8606/478/3760 8605/480/3761
f 8641/481/3705 8640/479/3707 8605/480/3761 8604/482/3762
f 8642/483/3703 8641/481/3705 8604/482/3762 8603/484/3763
f 8643/485/3701 8642/483/3703 8603/484/3763 8602/486/3764
f 8644/487/3699 8643/485/3701 8602/486/3764 8601/488/3765
f 8645/489/3697 8644/487/3699 8601/488/3765 8600/490/3766
f 8646/491/3695 8645/489/3697 8600/490/3766 8599/492/3767
f 8647/493/3768 8646/491/3695 8599/492/3767 8598/494/3769
f 8648/495/3770 8647/493/3768 8598/494/3769 8597/496/3771
f 8649/497/3688 8648/495/3770 8597/496/3771 8596/498/3772
f 8650/499/3689 8649/497/3688 8596/498/3772 8595/500/3773
f 8651/501/3774 8650/502/3689 8595/503/3773 8614/504/3775
f 8652/505/3723 8651/501/3774 8614/504/3775 8613/506/3776
f 8653/507/3777 8652/505/3723 8613/506/3776 8612/508/3778
f 8654/509/3719 8653/507/3777 8612/508/3778 8611/510/3779
f 8635/470/3717 8654/509/3719 8611/510/3779 8610/471/3756
f 8656/396/3715 8655/398/3717 8675/511/3717 8676/512/3755
f 8657/394/3713 8656/396/3715 8676/512/3755 8677/513/3713
f 8658/392/3711 8657/394/3713 8677/513/3713 8678/514/3711
f 8659/390/3709 8658/392/3711 8678/514/3711 8679/515/3709
f 8660/388/3707 8659/390/3709 8679/515/3709 8680/516/3707
f 8661/386/3705 8660/388/3707 8680/516/3707 8681/517/3780
f 8662/384/3703 8661/386/3705 8681/517/3780 8682/518/3703
f 8663/382/3701 8662/384/3703 8682/518/3703 8683/519/3701
f 8664/380/3699 8663/382/3701 8683/519/3701 8684/520/3699
f 8665/378/3697 8664/380/3699 8684/520/3699 8685/521/3697
f 8666/376/3695 8665/378/3697 8685/521/3697 8686/522/3695
f 8667/374/3693 8666/376/3695 8686/522/3695 8687/523/3693
f 8668/372/3691 8667/374/3693 8687/523/3693 8688/524/3770
f 8669/369/3688 8668/372/3691 8688/524/3770 8689/525/3688
f 8670/370/3689 8669/369/3688 8689/525/3688 8690/526/3781
f 8671/406/3725 8670/408/3689 8690/527/3781 8691/528/3782
f 8672/404/3723 8671/406/3725 8691/528/3782 8692/529/3723
f 8673/402/3721 8672/404/3723 8692/529/3723 8693/530/3777
f 8674/400/3719 8673/402/3721 8693/530/3777 8694/531/3719
f 8655/398/3717 8674/400/3719 8694/531/3719 8675/511/3717
f 8676/512/3755 8675/511/3717 8695/532/3717 8696/533/3755
f 8677/513/3713 8676/512/3755 8696/533/3755 8697/534/3713
f 8678/514/3711 8677/513/3713 8697/534/3713 8698/535/3711
f 8679/515/3709 8678/514/3711 8698/535/3711 8699/536/3709
f 8680/516/3707 8679/515/3709 8699/536/3709 8700/537/3783
f 8681/517/3780 8680/516/3707 8700/537/3783 8701/538/3780
f 8682/518/3703 8681/517/3780 8701/538/3780 8702/539/3703
f 8683/519/3701 8682/518/3703 8702/539/3703 8703/540/3701
f 8684/520/3699 8683/519/3701 8703/540/3701 8704/541/3699
f 8685/521/3697 8684/520/3699 8704/541/3699 8705/542/3697
f 8686/522/3695 8685/521/3697 8705/542/3697 8706/543/3695
f 8687/523/3693 8686/522/3695 8706/543/3695 8707/544/3693
f 8688/524/3770 8687/523/3693 8707/544/3693 8708/545/3770
f 8689/525/3688 8688/524/3770 8708/545/3770 8709/546/3688
f 8690/526/3781 8689/525/3688 8709/546/3688 8710/547/3781
f 8691/528/3782 8690/527/3781 8710/548/3781 8711/549/3782
f 8692/529/3723 8691/528/3782 8711/549/3782 8712/550/3723
f 8693/530/3777 8692/529/3723 8712/550/3723 8713/551/3777
f 8694/531/3719 8693/530/3777 8713/551/3777 8714/552/3719
f 8675/511/3717 8694/531/3719 8714/552/3719 8695/532/3717
f 8696/533/3755 8695/532/3717 8635/470/3717 8636/469/3755
f 8697/534/3713 8696/533/3755 8636/469/3755 8637/473/3713
f 8698/535/3711 8697/534/3713 8637/473/3713 8638/475/3711
f 8699/536/3709 8698/535/3711 8638/475/3711 8639/477/3709
f 8700/537/3783 8699/536/3709 8639/477/3709 8640/479/3707
f 8701/538/3780 8700/537/3783 8640/479/3707 8641/481/3705
f 8702/539/3703 8701/538/3780 8641/481/3705 8642/483/3703
f 8703/540/3701 8702/539/3703 8642/483/3703 8643/485/3701
f 8704/541/3699 8703/540/3701 8643/485/3701 8644/487/3699
f 8705/542/3697 8704/541/3699 8644/487/3699 8645/489/3697
f 8706/543/3695 8705/542/3697 8645/489/3697 8646/491/3695
f 8707/544/3693 8706/543/3695 8646/491/3695 8647/493/3768
f 8708/545/3770 8707/544/3693 8647/493/3768 8648/495/3770
f 8709/546/3688 8708/545/3770 8648/495/3770 8649/497/3688
f 8710/547/3781 8709/546/3688 8649/497/3688 8650/499/3689
f 8711/549/3782 8710/548/3781 8650/502/3689 8651/501/3774
f 8712/550/3723 8711/549/3782 8651/501/3774 8652/505/3723
f 8713/551/3777 8712/550/3723 8652/505/3723 8653/507/3777
f 8714/552/3719 8713/551/3777 8653/507/3777 8654/509/3719
f 8695/532/3717 8714/552/3719 8654/509/3719 8635/470/3717
f 8716/436/3727 8715/438/3730 8819/553/3726 8820/554/3726
f 8717/434/3727 8716/436/3727 8820/554/3726 8821/555/3726
f 8718/432/3727 8717/434/3727 8821/555/3726 8822/556/3726
f 8719/430/3727 8718/432/3727 8822/556/3726 8823/557/3726
f 8720/428/3727 8719/430/3727 8823/557/3726 8824/558/3726
f 8721/426/3727 8720/428/3727 8824/558/3726 8825/559/3726
f 8722/424/3726 8721/426/3727 8825/559/3726 8826/560/3726
f 8723/422/3726 8722/424/3726 8826/560/3726 8827/561/3726
f 8724/420/3726 8723/422/3726 8827/561/3726 8828/562/3726
f 8725/418/3727 8724/420/3726 8828/562/3726 8829/563/3726
f 8726/416/3727 8725/418/3727 8829/563/3726 8830/564/3726
f 8727/414/3727 8726/416/3727 8830/564/3726 8831/565/3726
f 8728/411/3726 8727/414/3727 8831/565/3726 8832/566/3726
f 8729/412/3726 8728/411/3726 8832/566/3726 8833/567/3726
f 8730/448/3727 8729/412/3726 8833/567/3726 8834/568/3726
f 8731/446/3727 8730/448/3727 8834/568/3726 8815/569/3726
f 8732/444/3726 8731/446/3727 8815/569/3726 8816/570/3726
f 8733/442/3727 8732/444/3726 8816/570/3726 8817/571/3726
f 8734/440/3730 8733/442/3727 8817/571/3726 8818/572/3726
f 8715/438/3730 8734/440/3730 8818/572/3726 8819/553/3726
f 8736/573/3784 8735/574/3784 8586/575/3784 8585/576/3784
f 8737/577/3784 8736/573/3784 8585/576/3784 8584/578/3785
f 8738/579/3784 8737/577/3784 8584/578/3785 8583/580/3784
f 8739/581/3685 8738/579/3784 8583/580/3784 8582/582/3685
f 8740/583/3685 8739/581/3685 8582/582/3685 8581/584/3786
f 8741/585/3685 8740/583/3685 8581/584/3786 8580/586/3787
f 8742/587/3685 8741/585/3685 8580/586/3787 8579/588/3685
f 8743/589/3788 8742/587/3685 8579/588/3685 8578/590/3789
f 8744/591/3790 8743/589/3788 8578/590/3789 8577/592/3791
f 8745/593/3685 8744/591/3790 8577/592/3791 8576/594/3786
f 8746/595/3786 8745/593/3685 8576/594/3786 8575/596/3786
f 8747/597/3784 8746/595/3786 8575/596/3786 8594/598/3784
f 8748/599/3784 8747/597/3784 8594/598/3784 8593/600/3790
f 8749/601/3784 8748/599/3784 8593/600/3790 8592/602/3784
f 8750/603/3784 8749/601/3784 8592/602/3784 8591/604/3787
f 8751/605/3685 8750/603/3784 8591/604/3787 8590/606/3784
f 8752/607/3786 8751/605/3685 8590/606/3784 8589/608/3792
f 8753/609/3786 8752/607/3786 8589/608/3792 8588/610/3786
f 8754/611/3685 8753/609/3786 8588/610/3786 8587/612/3685
f 8735/574/3784 8754/611/3685 8587/612/3685 8586/575/3784
f 8756/348/3685 8755/350/3685 8735/574/3784 8736/573/3784
f 8757/346/3685 8756/348/3685 8736/573/3784 8737/577/3784
f 8758/344/3685 8757/346/3685 8737/577/3784 8738/579/3784
f 8759/342/3685 8758/344/3685 8738/579/3784 8739/581/3685
f 8760/340/3685 8759/342/3685 8739/581/3685 8740/583/3685
f 8761/338/3685 8760/340/3685 8740/583/3685 8741/585/3685
f 8762/336/3685 8761/338/3685 8741/585/3685 8742/587/3685
f 8763/334/3685 8762/336/3685 8742/587/3685 8743/589/3788
f 8764/332/3685 8763/334/3685 8743/589/3788 8744/591/3790
f 8765/329/3685 8764/332/3685 8744/591/3790 8745/593/3685
f 8766/330/3685 8765/329/3685 8745/593/3685 8746/595/3786
f 8767/366/3685 8766/330/3685 8746/595/3786 8747/597/3784
f 8768/364/3685 8767/366/3685 8747/597/3784 8748/599/3784
f 8769/362/3685 8768/364/3685 8748/599/3784 8749/601/3784
f 8770/360/3685 8769/362/3685 8749/601/3784 8750/603/3784
f 8771/358/3685 8770/360/3685 8750/603/3784 8751/605/3685
f 8772/356/3685 8771/358/3685 8751/605/3685 8752/607/3786
f 8773/354/3685 8772/356/3685 8752/607/3786 8753/609/3786
f 8774/352/3685 8773/354/3685 8753/609/3786 8754/611/3685
f 8755/350/3685 8774/352/3685 8754/611/3685 8735/574/3784
f 8776/613/3744 8775/614/3744 8623/615/3744 8624/616/3744
f 8777/617/3743 8776/613/3743 8624/616/3743 8625/618/3743
f 8778/619/3793 8777/617/3793 8625/618/3793 8626/620/3793
f 8779/621/3741 8778/619/3741 8626/620/3741 8627/622/3741
f 8780/623/3740 8779/621/3740 8627/622/3740 8628/624/3740
f 8781/625/3739 8780/623/3739 8628/624/3794 8629/626/3794
f 8782/627/3738 8781/625/3738 8629/626/3738 8630/628/3738
f 8783/629/3737 8782/627/3737 8630/628/3737 8631/630/3737
f 8784/631/3736 8783/629/3736 8631/630/3736 8632/632/3736
f 8785/633/3735 8784/631/3735 8632/632/3795 8633/634/3795
f 8786/635/3734 8785/633/3734 8633/634/3734 8634/636/3734
f 8787/637/3733 8786/635/3733 8634/636/3733 8615/638/3733
f 8788/639/3796 8787/637/3796 8615/638/3796 8616/640/3796
f 8789/641/3754 8788/639/3754 8616/640/3753 8617/642/3753
f 8790/643/3751 8789/641/3751 8617/642/3751 8618/644/3751
f 8791/645/3750 8790/643/3750 8618/644/3750 8619/646/3750
f 8792/647/3748 8791/645/3748 8619/646/3748 8620/648/3748
f 8793/649/3797 8792/647/3797 8620/648/3797 8621/650/3797
f 8794/651/3746 8793/649/3746 8621/650/3798 8622/652/3798
f 8775/614/3745 8794/651/3745 8622/652/3799 8623/615/3799
f 8796/461/3744 8795/462/3744 8775/614/3744 8776/613/3744
f 8797/460/3743 8796/461/3743 8776/613/3743 8777/617/3743
f 8798/459/3742 8797/460/3742 8777/617/3793 8778/619/3793
f 8799/458/3741 8798/459/3741 8778/619/3741 8779/621/3741
f 8800/457/3740 8799/458/3740 8779/621/3740 8780/623/3740
f 8801/456/3739 8800/457/3739 8780/623/3739 8781/625/3739
f 8802/455/3738 8801/456/3738 8781/625/3738 8782/627/3738
f 8803/454/3737 8802/455/3737 8782/627/3737 8783/629/3737
f 8804/453/3736 8803/454/3736 8783/629/3736 8784/631/3736
f 8805/452/3735 8804/453/3735 8784/631/3735 8785/633/3735
f 8806/451/3734 8805/452/3734 8785/633/3734 8786/635/3734
f 8807/449/3732 8806/451/3733 8786/635/3733 8787/637/3733
f 8808/450/3731 8807/449/3731 8787/637/3796 8788/639/3796
f 8809/468/3754 8808/450/3754 8788/639/3754 8789/641/3754
f 8810/467/3752 8809/468/3752 8789/641/3751 8790/643/3751
f 8811/466/3750 8810/467/3750 8790/643/3750 8791/645/3750
f 8812/465/3748 8811/466/3748 8791/645/3748 8792/647/3748
f 8813/464/3747 8812/465/3747 8792/647/3797 8793/649/3797
f 8814/463/3746 8813/464/3746 8793/649/3746 8794/651/3746
f 8795/462/3745 8814/463/3745 8794/651/3745 8775/614/3745
f 8816/570/3726 8815/569/3726 8633/634/3726 8632/632/3726
f 8817/571/3726 8816/570/3726 8632/632/3726 8631/630/3726
f 8818/572/3726 8817/571/3726 8631/630/3726 8630/628/3726
f 8819/553/3726 8818/572/3726 8630/628/3726 8629/626/3726
f 8820/554/3726 8819/553/3726 8629/626/3726 8628/624/3726
f 8821/555/3726 8820/554/3726 8628/624/3726 8627/622/3726
f 8822/556/3726 8821/555/3726 8627/622/3726 8626/620/3726
f 8823/557/3726 8822/556/3726 8626/620/3726 8625/618/3726
f 8824/558/3726 8823/557/3726 8625/618/3726 8624/616/3726
f 8825/559/3726 8824/558/3726 8624/616/3726 8623/615/3726
f 8826/560/3726 8825/559/3726 8623/615/3726 8622/652/3726
f 8827/561/3726 8826/560/3726 8622/652/3726 8621/650/3726
f 8828/562/3726 8827/561/3726 8621/650/3726 8620/648/3726
f 8829/563/3726 8828/562/3726 8620/648/3726 8619/646/3726
f 8830/564/3726 8829/563/3726 8619/646/3726 8618/644/3726
f 8831/565/3726 8830/564/3726 8618/644/3726 8617/642/3726
f 8832/566/3726 8831/565/3726 8617/642/3726 8616/640/3726
f 8833/567/3726 8832/566/3726 8616/640/3726 8615/638/3726
f 8834/568/3726 8833/567/3726 8615/638/3726 8634/636/3726
f 8815/569/3726 8834/568/3726 8634/636/3726 8633/634/3726
f 8835/327/2959 8836/328/2959 9045/329/2959 9046/330/2959
f 8836/328/2959 8837/331/2959 9044/332/2959 9045/329/2959
f 8837/331/2959 8838/333/2959 9043/334/2959 9044/332/2959
f 8838/333/2959 8839/335/2960 9042/336/2959 9043/334/2959
f 8839/335/2960 8840/337/2959 9041/338/2959 9042/336/2959
f 8840/337/2959 8841/339/2959 9040/340/2959 9041/338/2959
f 8841/339/2959 8842/341/2959 9039/342/2959 9040/340/2959
f 8842/341/2959 8843/343/2959 9038/344/2959 9039/342/2959
f 8843/343/2959 8844/345/2959 9037/346/2959 9038/344/2959
f 8844/345/2959 8845/347/2959 9036/348/2959 9037/346/2959
f 8845/347/2959 8846/349/2959 9035/350/2959 9036/348/2959
f 8846/349/2959 8847/351/2960 9054/352/2959 9035/350/2959
f 8847/351/2960 8848/353/2959 9053/354/2959 9054/352/2959
f 8848/353/2959 8849/355/2959 9052/356/2959 9053/354/2959
f 8849/355/2959 8850/357/2959 9051/358/2959 9052/356/2959
f 8850/357/2959 8851/359/2959 9050/360/2959 9051/358/2959
f 8851/359/2959 8852/361/2959 9049/362/2959 9050/360/2959
f 8852/361/2959 8853/363/2959 9048/364/2959 9049/362/2959
f 8853/363/2959 8854/365/2959 9047/366/2959 9048/364/2959
f 8854/365/2959 8835/327/2959 9046/330/2959 9047/366/2959
f 8855/367/2961 8856/368/2962 8949/369/3800 8950/370/2964
f 8856/368/2962 8857/371/2965 8948/372/2966 8949/369/3800
f 8857/371/2965 8858/373/3801 8947/374/3802 8948/372/2966
f 8858/373/3801 8859/375/2969 8946/376/2970 8947/374/3802
f 8859/375/2969 8860/377/2971 8945/378/2972 8946/376/2970
f 8860/377/2971 8861/379/2973 8944/380/3803 8945/378/2972
f 8861/379/2973 8862/381/2975 8943/382/2976 8944/380/3803
f 8862/381/2975 8863/383/2977 8942/384/2978 8943/382/2976
f 8863/383/2977 8864/385/2979 8941/386/3049 8942/384/2978
f 8864/385/2979 8865/387/3804 8940/388/2982 8941/386/3049
f 8865/387/3804 8866/389/3805 8939/390/2984 8940/388/2982
f 8866/389/3805 8867/391/3806 8938/392/2986 8939/390/2984
f 8867/391/3806 8868/393/2987 8937/394/2988 8938/392/2986
f 8868/393/2987 8869/395/2989 8936/396/2990 8937/394/2988
f 8869/395/2989 8870/397/2991 8935/398/2992 8936/396/2990
f 8870/397/2991 8871/399/3807 8954/400/2994 8935/398/2992
f 8871/399/3807 8872/401/3808 8953/402/3809 8954/400/2994
f 8872/401/3808 8873/403/2997 8952/404/2998 8953/402/3809
f 8873/403/2997 8874/405/3810 8951/406/3000 8952/404/2998
f 8874/405/3810 8855/407/2961 8950/408/2964 8951/406/3000
f 8875/409/3811 8876/410/3812 9008/411/3005 9009/412/3813
f 8876/410/3812 8877/413/3814 9007/414/3004 9008/411/3005
f 8877/413/3814 8878/415/3005 9006/416/3003 9007/414/3004
f 8878/415/3005 8879/417/3013 9005/418/3013 9006/416/3003
f 8879/417/3013 8880/419/3004 9004/420/3015 9005/418/3013
f 8880/419/3004 8881/421/3003 9003/422/3013 9004/420/3015
f 8881/421/3003 8882/423/3815 9002/424/3012 9003/422/3013
f 8882/423/3815 8883/425/3009 9001/426/3010 9002/424/3012
f 8883/425/3009 8884/427/3009 9000/428/3010 9001/426/3010
f 8884/427/3009 8885/429/3009 8999/430/3010 9000/428/3010
f 8885/429/3009 8886/431/3012 8998/432/3010 8999/430/3010
f 8886/431/3012 8887/433/3816 8997/434/3012 8998/432/3010
f 8887/433/3816 8888/435/3010 8996/436/3013 8997/434/3012
f 8888/435/3010 8889/437/3008 8995/438/3003 8996/436/3013
f 8889/437/3008 8890/439/3016 9014/440/3010 8995/438/3003
f 8890/439/3016 8891/441/3016 9013/442/3010 9014/440/3010
f 8891/441/3016 8892/443/3010 9012/444/3013 9013/442/3010
f 8892/443/3010 8893/445/3013 9011/446/3013 9012/444/3013
f 8893/445/3013 8894/447/3817 9010/448/3813 9011/446/3013
f 8894/447/3817 8875/409/3811 9009/412/3813 9010/448/3813
f 8836/328/3022 8835/327/3022 9087/449/3022 9088/450/3022
f 8835/327/3023 8854/365/3023 9086/451/3023 9087/449/3023
f 8854/365/3024 8853/363/3024 9085/452/3024 9086/451/3024
f 8853/363/3025 8852/361/3025 9084/453/3025 9085/452/3025
f 8852/361/3026 8851/359/3026 9083/454/3026 9084/453/3026
f 8851/359/3027 8850/357/3027 9082/455/3027 9083/454/3027
f 8850/357/3028 8849/355/3028 9081/456/3028 9082/455/3028
f 8849/355/3029 8848/353/3029 9080/457/3029 9081/456/3029
f 8848/353/3818 8847/351/3818 9079/458/3076 9080/457/3076
f 8847/351/3031 8846/349/3031 9078/459/3031 9079/458/3031
f 8846/349/3032 8845/347/3032 9077/460/3032 9078/459/3032
f 8845/347/3033 8844/345/3033 9076/461/3033 9077/460/3033
f 8844/345/3034 8843/343/3034 9075/462/3034 9076/461/3034
f 8843/343/3035 8842/341/3035 9094/463/3035 9075/462/3035
f 8842/341/3036 8841/339/3036 9093/464/3036 9094/463/3036
f 8841/339/3037 8840/337/3037 9092/465/3037 9093/464/3037
f 8840/337/3038 8839/335/3038 9091/466/3038 9092/465/3038
f 8839/335/3039 8838/333/3039 9090/467/3039 9091/466/3039
f 8838/333/3819 8837/331/3819 9089/468/3041 9090/467/3041
f 8837/331/3042 8836/328/3042 9088/450/3042 9089/468/3042
f 8916/469/2990 8915/470/2992 8890/471/3043 8889/472/3044
f 8917/473/3820 8916/469/2990 8889/472/3044 8888/474/3821
f 8918/475/3822 8917/473/3820 8888/474/3821 8887/476/3823
f 8919/477/2984 8918/475/3822 8887/476/3823 8886/478/3047
f 8920/479/2982 8919/477/2984 8886/478/3047 8885/480/3048
f 8921/481/3049 8920/479/2982 8885/480/3048 8884/482/3050
f 8922/483/2978 8921/481/3049 8884/482/3050 8883/484/3052
f 8923/485/3053 8922/483/2978 8883/484/3052 8882/486/3824
f 8924/487/2974 8923/485/3053 8882/486/3824 8881/488/3825
f 8925/489/2972 8924/487/2974 8881/488/3825 8880/490/3056
f 8926/491/2970 8925/489/2972 8880/490/3056 8879/492/3826
f 8927/493/2968 8926/491/2970 8879/492/3826 8878/494/3827
f 8928/495/3059 8927/493/2968 8878/494/3827 8877/496/3828
f 8929/497/2963 8928/495/3059 8877/496/3828 8876/498/3061
f 8930/499/2964 8929/497/2963 8876/498/3061 8875/500/3062
f 8931/501/3000 8930/502/2964 8875/503/3062 8894/504/3063
f 8932/505/3829 8931/501/3000 8894/504/3063 8893/506/3064
f 8933/507/2996 8932/505/3829 8893/506/3064 8892/508/3830
f 8934/509/2994 8933/507/2996 8892/508/3830 8891/510/3066
f 8915/470/2992 8934/509/2994 8891/510/3066 8890/471/3043
f 8936/396/2990 8935/398/2992 8955/511/2992 8956/512/2990
f 8937/394/2988 8936/396/2990 8956/512/2990 8957/513/2988
f 8938/392/2986 8937/394/2988 8957/513/2988 8958/514/2986
f 8939/390/2984 8938/392/2986 8958/514/2986 8959/515/2984
f 8940/388/2982 8939/390/2984 8959/515/2984 8960/516/2982
f 8941/386/3049 8940/388/2982 8960/516/2982 8961/517/2980
f 8942/384/2978 8941/386/3049 8961/517/2980 8962/518/2978
f 8943/382/2976 8942/384/2978 8962/518/2978 8963/519/2976
f 8944/380/3803 8943/382/2976 8963/519/2976 8964/520/2974
f 8945/378/2972 8944/380/3803 8964/520/2974 8965/521/2972
f 8946/376/2970 8945/378/2972 8965/521/2972 8966/522/2970
f 8947/374/3802 8946/376/2970 8966/522/2970 8967/523/2968
f 8948/372/2966 8947/374/3802 8967/523/2968 8968/524/3059
f 8949/369/3800 8948/372/2966 8968/524/3059 8969/525/2963
f 8950/370/2964 8949/369/3800 8969/525/2963 8970/526/2964
f 8951/406/3000 8950/408/2964 8970/527/2964 8971/528/3000
f 8952/404/2998 8951/406/3000 8971/528/3000 8972/529/2998
f 8953/402/3809 8952/404/2998 8972/529/2998 8973/530/2996
f 8954/400/2994 8953/402/3809 8973/530/2996 8974/531/2994
f 8935/398/2992 8954/400/2994 8974/531/2994 8955/511/2992
f 8956/512/2990 8955/511/2992 8975/532/2992 8976/533/2990
f 8957/513/2988 8956/512/2990 8976/533/2990 8977/534/2988
f 8958/514/2986 8957/513/2988 8977/534/2988 8978/535/2986
f 8959/515/2984 8958/514/2986 8978/535/2986 8979/536/2984
f 8960/516/2982 8959/515/2984 8979/536/2984 8980/537/2982
f 8961/517/2980 8960/516/2982 8980/537/2982 8981/538/2980
f 8962/518/2978 8961/517/2980 8981/538/2980 8982/539/2978
f 8963/519/2976 8962/518/2978 8982/539/2978 8983/540/2976
f 8964/520/2974 8963/519/2976 8983/540/2976 8984/541/2974
f 8965/521/2972 8964/520/2974 8984/541/2974 8985/542/2972
f 8966/522/2970 8965/521/2972 8985/542/2972 8986/543/2970
f 8967/523/2968 8966/522/2970 8986/543/2970 8987/544/2968
f 8968/524/3059 8967/523/2968 8987/544/2968 8988/545/3059
f 8969/525/2963 8968/524/3059 8988/545/3059 8989/546/2963
f 8970/526/2964 8969/525/2963 8989/546/2963 8990/547/2964
f 8971/528/3000 8970/527/2964 8990/548/2964 8991/549/3000
f 8972/529/2998 8971/528/3000 8991/549/3000 8992/550/2998
f 8973/530/2996 8972/529/2998 8992/550/2998 8993/551/2996
f 8974/531/2994 8973/530/2996 8993/551/2996 8994/552/2994
f 8955/511/2992 8974/531/2994 8994/552/2994 8975/532/2992
f 8976/533/2990 8975/532/2992 8915/470/2992 8916/469/2990
f 8977/534/2988 8976/533/2990 8916/469/2990 8917/473/3820
f 8978/535/2986 8977/534/2988 8917/473/3820 8918/475/3822
f 8979/536/2984 8978/535/2986 8918/475/3822 8919/477/2984
f 8980/537/2982 8979/536/2984 8919/477/2984 8920/479/2982
f 8981/538/2980 8980/537/2982 8920/479/2982 8921/481/3049
f 8982/539/2978 8981/538/2980 8921/481/3049 8922/483/2978
f 8983/540/2976 8982/539/2978 8922/483/2978 8923/485/3053
f 8984/541/2974 8983/540/2976 8923/485/3053 8924/487/2974
f 8985/542/2972 8984/541/2974 8924/487/2974 8925/489/2972
f 8986/543/2970 8985/542/2972 8925/489/2972 8926/491/2970
f 8987/544/2968 8986/543/2970 8926/491/2970 8927/493/2968
f 8988/545/3059 8987/544/2968 8927/493/2968 8928/495/3059
f 8989/546/2963 8988/545/3059 8928/495/3059 8929/497/2963
f 8990/547/2964 8989/546/2963 8929/497/2963 8930/499/2964
f 8991/549/3000 8990/548/2964 8930/502/2964 8931/501/3000
f 8992/550/2998 8991/549/3000 8931/501/3000 8932/505/3829
f 8993/551/2996 8992/550/2998 8932/505/3829 8933/507/2996
f 8994/552/2994 8993/551/2996 8933/507/2996 8934/509/2994
f 8975/532/2992 8994/552/2994 8934/509/2994 8915/470/2992
f 8996/436/3013 8995/438/3003 9099/553/3003 9100/554/3013
f 8997/434/3012 8996/436/3013 9100/554/3013 9101/555/3013
f 8998/432/3010 8997/434/3012 9101/555/3013 9102/556/3003
f 8999/430/3010 8998/432/3010 9102/556/3003 9103/557/3013
f 9000/428/3010 8999/430/3010 9103/557/3013 9104/558/3013
f 9001/426/3010 9000/428/3010 9104/558/3013 9105/559/3013
f 9002/424/3012 9001/426/3010 9105/559/3013 9106/560/3013
f 9003/422/3013 9002/424/3012 9106/560/3013 9107/561/3013
f 9004/420/3015 9003/422/3013 9107/561/3013 9108/562/3013
f 9005/418/3013 9004/420/3015 9108/562/3013 9109/563/3013
f 9006/416/3003 9005/418/3013 9109/563/3013 9110/564/3013
f 9007/414/3004 9006/416/3003 9110/564/3013 9111/565/3013
f 9008/411/3005 9007/414/3004 9111/565/3013 9112/566/3013
f 9009/412/3813 9008/411/3005 9112/566/3013 9113/567/3013
f 9010/448/3813 9009/412/3813 9113/567/3013 9114/568/3013
f 9011/446/3013 9010/448/3813 9114/568/3013 9095/569/3013
f 9012/444/3013 9011/446/3013 9095/569/3013 9096/570/3013
f 9013/442/3010 9012/444/3013 9096/570/3013 9097/571/3013
f 9014/440/3010 9013/442/3010 9097/571/3013 9098/572/3013
f 8995/438/3003 9014/440/3010 9098/572/3013 9099/553/3003
f 9016/573/2959 9015/574/2959 8866/575/3831 8865/576/3831
f 9017/577/2959 9016/573/2959 8865/576/3831 8864/578/2959
f 9018/579/2960 9017/577/2959 8864/578/2959 8863/580/3832
f 9019/581/3833 9018/579/2960 8863/580/3832 8862/582/3834
f 9020/583/3074 9019/581/3833 8862/582/3834 8861/584/3835
f 9021/585/3072 9020/583/3074 8861/584/3835 8860/586/3073
f 9022/587/2959 9021/585/3072 8860/586/3073 8859/588/3072
f 9023/589/3836 9022/587/2959 8859/588/3072 8858/590/3837
f 9024/591/3067 9023/589/3836 8858/590/3837 8857/592/3838
f 9025/593/3839 9024/591/3067 8857/592/3838 8856/594/3840
f 9026/595/2959 9025/593/3839 8856/594/3840 8855/596/3839
f 9027/597/2959 9026/595/2959 8855/596/3839 8874/598/2959
f 9028/599/2959 9027/597/2959 8874/598/2959 8873/600/2959
f 9029/601/3072 9028/599/2959 8873/600/2959 8872/602/3073
f 9030/603/2960 9029/601/3072 8872/602/3073 8871/604/3067
f 9031/605/3832 9030/603/2960 8871/604/3067 8870/606/3832
f 9032/607/2959 9031/605/3832 8870/606/3832 8869/608/2959
f 9033/609/3841 9032/607/2959 8869/608/2959 8868/610/3842
f 9034/611/3842 9033/609/3841 8868/610/3842 8867/612/3843
f 9015/574/2959 9034/611/3842 8867/612/3843 8866/575/3831
f 9036/348/2959 9035/350/2959 9015/574/2959 9016/573/2959
f 9037/346/2959 9036/348/2959 9016/573/2959 9017/577/2959
f 9038/344/2959 9037/346/2959 9017/577/2959 9018/579/2960
f 9039/342/2959 9038/344/2959 9018/579/2960 9019/581/3833
f 9040/340/2959 9039/342/2959 9019/581/3833 9020/583/3074
f 9041/338/2959 9040/340/2959 9020/583/3074 9021/585/3072
f 9042/336/2959 9041/338/2959 9021/585/3072 9022/587/2959
f 9043/334/2959 9042/336/2959 9022/587/2959 9023/589/3836
f 9044/332/2959 9043/334/2959 9023/589/3836 9024/591/3067
f 9045/329/2959 9044/332/2959 9024/591/3067 9025/593/3839
f 9046/330/2959 9045/329/2959 9025/593/3839 9026/595/2959
f 9047/366/2959 9046/330/2959 9026/595/2959 9027/597/2959
f 9048/364/2959 9047/366/2959 9027/597/2959 9028/599/2959
f 9049/362/2959 9048/364/2959 9028/599/2959 9029/601/3072
f 9050/360/2959 9049/362/2959 9029/601/3072 9030/603/2960
f 9051/358/2959 9050/360/2959 9030/603/2960 9031/605/3832
f 9052/356/2959 9051/358/2959 9031/605/3832 9032/607/2959
f 9053/354/2959 9052/356/2959 9032/607/2959 9033/609/3841
f 9054/352/2959 9053/354/2959 9033/609/3841 9034/611/3842
f 9035/350/2959 9054/352/2959 9034/611/3842 9015/574/2959
f 9056/613/3844 9055/614/3844 8903/615/3844 8904/616/3844
f 9057/617/3033 9056/613/3033 8904/616/3033 8905/618/3033
f 9058/619/3032 9057/617/3032 8905/618/3032 8906/620/3032
f 9059/621/3031 9058/619/3031 8906/620/3031 8907/622/3031
f 9060/623/3030 9059/621/3030 8907/622/3845 8908/624/3845
f 9061/625/3846 9060/623/3846 8908/624/3846 8909/626/3846
f 9062/627/3077 9061/625/3077 8909/626/3077 8910/628/3077
f 9063/629/3079 9062/627/3078 8910/628/3079 8911/630/3079
f 9064/631/3026 9063/629/3026 8911/630/3026 8912/632/3026
f 9065/633/3025 9064/631/3025 8912/632/3025 8913/634/3025
f 9066/635/3024 9065/633/3024 8913/634/3024 8914/636/3024
f 9067/637/3023 9066/635/3023 8914/636/3023 8895/638/3023
f 9068/639/3022 9067/637/3022 8895/638/3022 8896/640/3022
f 9069/641/3042 9068/639/3042 8896/640/3042 8897/642/3042
f 9070/643/3041 9069/641/3041 8897/642/3041 8898/644/3041
f 9071/645/3847 9070/643/3847 8898/644/3848 8899/646/3848
f 9072/647/3038 9071/645/3038 8899/646/3038 8900/648/3038
f 9073/649/3849 9072/647/3849 8900/648/3849 8901/650/3849
f 9074/651/3036 9073/649/3036 8901/650/3036 8902/652/3036
f 9055/614/3035 9074/651/3035 8902/652/3850 8903/615/3850
f 9076/461/3034 9075/462/3034 9055/614/3844 9056/613/3844
f 9077/460/3033 9076/461/3033 9056/613/3033 9057/617/3033
f 9078/459/3032 9077/460/3032 9057/617/3032 9058/619/3032
f 9079/458/3031 9078/459/3031 9058/619/3031 9059/621/3031
f 9080/457/3076 9079/458/3076 9059/621/3030 9060/623/3030
f 9081/456/3029 9080/457/3029 9060/623/3846 9061/625/3846
f 9082/455/3028 9081/456/3028 9061/625/3077 9062/627/3077
f 9083/454/3027 9082/455/3027 9062/627/3078 9063/629/3079
f 9084/453/3026 9083/454/3026 9063/629/3026 9064/631/3026
f 9085/452/3025 9084/453/3025 9064/631/3025 9065/633/3025
f 9086/451/3024 9085/452/3024 9065/633/3024 9066/635/3024
f 9087/449/3023 9086/451/3023 9066/635/3023 9067/637/3023
f 9088/450/3022 9087/449/3022 9067/637/3022 9068/639/3022
f 9089/468/3042 9088/450/3042 9068/639/3042 9069/641/3042
f 9090/467/3041 9089/468/3041 9069/641/3041 9070/643/3041
f 9091/466/3039 9090/467/3039 9070/643/3847 9071/645/3847
f 9092/465/3038 9091/466/3038 9071/645/3038 9072/647/3038
f 9093/464/3037 9092/465/3037 9072/647/3849 9073/649/3849
f 9094/463/3036 9093/464/3036 9073/649/3036 9074/651/3036
f 9075/462/3035 9094/463/3035 9074/651/3035 9055/614/3035
f 9096/570/3013 9095/569/3013 8913/634/3013 8912/632/3013
f 9097/571/3013 9096/570/3013 8912/632/3013 8911/630/3010
f 9098/572/3013 9097/571/3013 8911/630/3010 8910/628/3013
f 9099/553/3003 9098/572/3013 8910/628/3013 8909/626/3003
f 9100/554/3013 9099/553/3003 8909/626/3003 8908/624/3013
f 9101/555/3013 9100/554/3013 8908/624/3013 8907/622/3013
f 9102/556/3003 9101/555/3013 8907/622/3013 8906/620/3003
f 9103/557/3013 9102/556/3003 8906/620/3003 8905/618/3013
f 9104/558/3013 9103/557/3013 8905/618/3013 8904/616/3013
f 9105/559/3013 9104/558/3013 8904/616/3013 8903/615/3013
f 9106/560/3013 9105/559/3013 8903/615/3013 8902/652/3013
f 9107/561/3013 9106/560/3013 8902/652/3013 8901/650/3013
f 9108/562/3013 9107/561/3013 8901/650/3013 8900/648/3013
f 9109/563/3013 9108/562/3013 8900/648/3013 8899/646/3013
f 9110/564/3013 9109/563/3013 8899/646/3013 8898/644/3013
f 9111/565/3013 9110/564/3013 8898/644/3013 8897/642/3013
f 9112/566/3013 9111/565/3013 8897/642/3013 8896/640/3013
f 9113/567/3013 9112/566/3013 8896/640/3013 8895/638/3003
f 9114/568/3013 9113/567/3013 8895/638/3003 8914/636/3013
f 9095/569/3013 9114/568/3013 8914/636/3013 8913/634/3013
f 9115/327/3685 9116/328/3685 9325/329/3685 9326/330/3685
f 9116/328/3685 9117/331/3685 9324/332/3685 9325/329/3685
f 9117/331/3685 9118/333/3685 9323/334/3685 9324/332/3685
f 9118/333/3685 9119/335/3685 9322/336/3685 9323/334/3685
f 9119/335/3685 9120/337/3685 9321/338/3685 9322/336/3685
f 9120/337/3685 9121/339/3685 9320/340/3685 9321/338/3685
f 9121/339/3685 9122/341/3685 9319/342/3685 9320/340/3685
f 9122/341/3685 9123/343/3685 9318/344/3685 9319/342/3685
f 9123/343/3685 9124/345/3685 9317/346/3685 9318/344/3685
f 9124/345/3685 9125/347/3685 9316/348/3685 9317/346/3685
f 9125/347/3685 9126/349/3685 9315/350/3685 9316/348/3685
f 9126/349/3685 9127/351/3685 9334/352/3685 9315/350/3685
f 9127/351/3685 9128/353/3685 9333/354/3685 9334/352/3685
f 9128/353/3685 9129/355/3685 9332/356/3685 9333/354/3685
f 9129/355/3685 9130/357/3685 9331/358/3685 9332/356/3685
f 9130/357/3685 9131/359/3685 9330/360/3685 9331/358/3685
f 9131/359/3685 9132/361/3685 9329/362/3685 9330/360/3685
f 9132/361/3685 9133/363/3685 9328/364/3685 9329/362/3685
f 9133/363/3685 9134/365/3685 9327/366/3685 9328/364/3685
f 9134/365/3685 9115/327/3685 9326/330/3685 9327/366/3685
f 9135/367/3851 9136/368/3852 9229/369/3688 9230/370/3781
f 9136/368/3852 9137/371/3853 9228/372/3770 9229/369/3688
f 9137/371/3853 9138/373/3692 9227/374/3693 9228/372/3770
f 9138/373/3692 9139/375/3854 9226/376/3695 9227/374/3693
f 9139/375/3854 9140/377/3855 9225/378/3697 9226/376/3695
f 9140/377/3855 9141/379/3698 9224/380/3699 9225/378/3697
f 9141/379/3698 9142/381/3700 9223/382/3701 9224/380/3699
f 9142/381/3700 9143/383/3856 9222/384/3703 9223/382/3701
f 9143/383/3856 9144/385/3857 9221/386/3705 9222/384/3703
f 9144/385/3857 9145/387/3858 9220/388/3707 9221/386/3705
f 9145/387/3858 9146/389/3859 9219/390/3709 9220/388/3707
f 9146/389/3859 9147/391/3860 9218/392/3711 9219/390/3709
f 9147/391/3860 9148/393/3861 9217/394/3862 9218/392/3711
f 9148/393/3861 9149/395/3863 9216/396/3755 9217/394/3862
f 9149/395/3863 9150/397/3864 9215/398/3717 9216/396/3755
f 9150/397/3864 9151/399/3718 9234/400/3719 9215/398/3717
f 9151/399/3718 9152/401/3865 9233/402/3777 9234/400/3719
f 9152/401/3865 9153/403/3866 9232/404/3723 9233/402/3777
f 9153/403/3866 9154/405/3867 9231/406/3782 9232/404/3723
f 9154/405/3867 9135/407/3851 9230/408/3781 9231/406/3782
f 9155/409/3730 9156/410/3730 9288/411/3730 9289/412/3730
f 9156/410/3730 9157/413/3729 9287/414/3727 9288/411/3730
f 9157/413/3729 9158/415/3868 9286/416/3729 9287/414/3727
f 9158/415/3868 9159/417/3868 9285/418/3729 9286/416/3729
f 9159/417/3868 9160/419/3726 9284/420/3726 9285/418/3729
f 9160/419/3726 9161/421/3726 9283/422/3726 9284/420/3726
f 9161/421/3726 9162/423/3730 9282/424/3730 9283/422/3726
f 9162/423/3730 9163/425/3730 9281/426/3726 9282/424/3730
f 9163/425/3730 9164/427/3727 9280/428/3727 9281/426/3726
f 9164/427/3727 9165/429/3727 9279/430/3727 9280/428/3727
f 9165/429/3727 9166/431/3726 9278/432/3726 9279/430/3727
f 9166/431/3726 9167/433/3730 9277/434/3730 9278/432/3726
f 9167/433/3730 9168/435/3729 9276/436/3729 9277/434/3730
f 9168/435/3729 9169/437/3726 9275/438/3726 9276/436/3729
f 9169/437/3726 9170/439/3726 9294/440/3726 9275/438/3726
f 9170/439/3726 9171/441/3726 9293/442/3726 9294/440/3726
f 9171/441/3726 9172/443/3726 9292/444/3726 9293/442/3726
f 9172/443/3726 9173/445/3730 9291/446/3726 9292/444/3726
f 9173/445/3730 9174/447/3730 9290/448/3730 9291/446/3726
f 9174/447/3730 9155/409/3730 9289/412/3730 9290/448/3730
f 9116/328/3796 9115/327/3796 9367/449/3796 9368/450/3796
f 9115/327/3732 9134/365/3732 9366/451/3732 9367/449/3732
f 9134/365/3734 9133/363/3734 9365/452/3734 9366/451/3734
f 9133/363/3735 9132/361/3735 9364/453/3735 9365/452/3735
f 9132/361/3869 9131/359/3869 9363/454/3869 9364/453/3869
f 9131/359/3737 9130/357/3737 9362/455/3737 9363/454/3737
f 9130/357/3738 9129/355/3738 9361/456/3738 9362/455/3738
f 9129/355/3870 9128/353/3870 9360/457/3870 9361/456/3870
f 9128/353/3740 9127/351/3740 9359/458/3740 9360/457/3740
f 9127/351/3741 9126/349/3741 9358/459/3741 9359/458/3741
f 9126/349/3793 9125/347/3793 9357/460/3793 9358/459/3793
f 9125/347/3871 9124/345/3871 9356/461/3871 9357/460/3871
f 9124/345/3744 9123/343/3744 9355/462/3744 9356/461/3744
f 9123/343/3745 9122/341/3745 9374/463/3745 9355/462/3745
f 9122/341/3746 9121/339/3746 9373/464/3746 9374/463/3746
f 9121/339/3747 9120/337/3747 9372/465/3747 9373/464/3747
f 9120/337/3748 9119/335/3748 9371/466/3748 9372/465/3748
f 9119/335/3750 9118/333/3750 9370/467/3749 9371/466/3749
f 9118/333/3751 9117/331/3751 9369/468/3751 9370/467/3751
f 9117/331/3754 9116/328/3754 9368/450/3754 9369/468/3754
f 9196/469/3755 9195/470/3717 9170/471/3756 9169/472/3757
f 9197/473/3713 9196/469/3755 9169/472/3757 9168/474/3758
f 9198/475/3711 9197/473/3713 9168/474/3758 9167/476/3759
f 9199/477/3709 9198/475/3711 9167/476/3759 9166/478/3760
f 9200/479/3707 9199/477/3709 9166/478/3760 9165/480/3761
f 9201/481/3705 9200/479/3707 9165/480/3761 9164/482/3762
f 9202/483/3703 9201/481/3705 9164/482/3762 9163/484/3763
f 9203/485/3701 9202/483/3703 9163/484/3763 9162/486/3764
f 9204/487/3699 9203/485/3701 9162/486/3764 9161/488/3765
f 9205/489/3697 9204/487/3699 9161/488/3765 9160/490/3766
f 9206/491/3695 9205/489/3697 9160/490/3766 9159/492/3767
f 9207/493/3693 9206/491/3695 9159/492/3767 9158/494/3872
f 9208/495/3770 9207/493/3693 9158/494/3872 9157/496/3873
f 9209/497/3688 9208/495/3770 9157/496/3873 9156/498/3772
f 9210/499/3689 9209/497/3688 9156/498/3772 9155/500/3874
f 9211/501/3782 9210/502/3689 9155/503/3874 9174/504/3875
f 9212/505/3723 9211/501/3782 9174/504/3875 9173/506/3876
f 9213/507/3777 9212/505/3723 9173/506/3876 9172/508/3778
f 9214/509/3877 9213/507/3777 9172/508/3778 9171/510/3779
f 9195/470/3717 9214/509/3877 9171/510/3779 9170/471/3756
f 9216/396/3755 9215/398/3717 9235/511/3717 9236/512/3755
f 9217/394/3862 9216/396/3755 9236/512/3755 9237/513/3878
f 9218/392/3711 9217/394/3862 9237/513/3878 9238/514/3711
f 9219/390/3709 9218/392/3711 9238/514/3711 9239/515/3709
f 9220/388/3707 9219/390/3709 9239/515/3709 9240/516/3707
f 9221/386/3705 9220/388/3707 9240/516/3707 9241/517/3780
f 9222/384/3703 9221/386/3705 9241/517/3780 9242/518/3703
f 9223/382/3701 9222/384/3703 9242/518/3703 9243/519/3701
f 9224/380/3699 9223/382/3701 9243/519/3701 9244/520/3699
f 9225/378/3697 9224/380/3699 9244/520/3699 9245/521/3697
f 9226/376/3695 9225/378/3697 9245/521/3697 9246/522/3695
f 9227/374/3693 9226/376/3695 9246/522/3695 9247/523/3693
f 9228/372/3770 9227/374/3693 9247/523/3693 9248/524/3770
f 9229/369/3688 9228/372/3770 9248/524/3770 9249/525/3688
f 9230/370/3781 9229/369/3688 9249/525/3688 9250/526/3689
f 9231/406/3782 9230/408/3781 9250/527/3689 9251/528/3782
f 9232/404/3723 9231/406/3782 9251/528/3782 9252/529/3723
f 9233/402/3777 9232/404/3723 9252/529/3723 9253/530/3777
f 9234/400/3719 9233/402/3777 9253/530/3777 9254/531/3719
f 9215/398/3717 9234/400/3719 9254/531/3719 9235/511/3717
f 9236/512/3755 9235/511/3717 9255/532/3717 9256/533/3755
f 9237/513/3878 9236/512/3755 9256/533/3755 9257/534/3713
f 9238/514/3711 9237/513/3878 9257/534/3713 9258/535/3711
f 9239/515/3709 9238/514/3711 9258/535/3711 9259/536/3709
f 9240/516/3707 9239/515/3709 9259/536/3709 9260/537/3783
f 9241/517/3780 9240/516/3707 9260/537/3783 9261/538/3780
f 9242/518/3703 9241/517/3780 9261/538/3780 9262/539/3703
f 9243/519/3701 9242/518/3703 9262/539/3703 9263/540/3701
f 9244/520/3699 9243/519/3701 9263/540/3701 9264/541/3699
f 9245/521/3697 9244/520/3699 9264/541/3699 9265/542/3697
f 9246/522/3695 9245/521/3697 9265/542/3697 9266/543/3695
f 9247/523/3693 9246/522/3695 9266/543/3695 9267/544/3768
f 9248/524/3770 9247/523/3693 9267/544/3768 9268/545/3770
f 9249/525/3688 9248/524/3770 9268/545/3770 9269/546/3688
f 9250/526/3689 9249/525/3688 9269/546/3688 9270/547/3781
f 9251/528/3782 9250/527/3689 9270/548/3781 9271/549/3782
f 9252/529/3723 9251/528/3782 9271/549/3782 9272/550/3723
f 9253/530/3777 9252/529/3723 9272/550/3723 9273/551/3777
f 9254/531/3719 9253/530/3777 9273/551/3777 9274/552/3719
f 9235/511/3717 9254/531/3719 9274/552/3719 9255/532/3717
f 9256/533/3755 9255/532/3717 9195/470/3717 9196/469/3755
f 9257/534/3713 9256/533/3755 9196/469/3755 9197/473/3713
f 9258/535/3711 9257/534/3713 9197/473/3713 9198/475/3711
f 9259/536/3709 9258/535/3711 9198/475/3711 9199/477/3709
f 9260/537/3783 9259/536/3709 9199/477/3709 9200/479/3707
f 9261/538/3780 9260/537/3783 9200/479/3707 9201/481/3705
f 9262/539/3703 9261/538/3780 9201/481/3705 9202/483/3703
f 9263/540/3701 9262/539/3703 9202/483/3703 9203/485/3701
f 9264/541/3699 9263/540/3701 9203/485/3701 9204/487/3699
f 9265/542/3697 9264/541/3699 9204/487/3699 9205/489/3697
f 9266/543/3695 9265/542/3697 9205/489/3697 9206/491/3695
f 9267/544/3768 9266/543/3695 9206/491/3695 9207/493/3693
f 9268/545/3770 9267/544/3768 9207/493/3693 9208/495/3770
f 9269/546/3688 9268/545/3770 9208/495/3770 9209/497/3688
f 9270/547/3781 9269/546/3688 9209/497/3688 9210/499/3689
f 9271/549/3782 9270/548/3781 9210/502/3689 9211/501/3782
f 9272/550/3723 9271/549/3782 9211/501/3782 9212/505/3723
f 9273/551/3777 9272/550/3723 9212/505/3723 9213/507/3777
f 9274/552/3719 9273/551/3777 9213/507/3777 9214/509/3877
f 9255/532/3717 9274/552/3719 9214/509/3877 9195/470/3717
f 9276/436/3729 9275/438/3726 9379/553/3726 9380/554/3726
f 9277/434/3730 9276/436/3729 9380/554/3726 9381/555/3726
f 9278/432/3726 9277/434/3730 9381/555/3726 9382/556/3726
f 9279/430/3727 9278/432/3726 9382/556/3726 9383/557/3726
f 9280/428/3727 9279/430/3727 9383/557/3726 9384/558/3726
f 9281/426/3726 9280/428/3727 9384/558/3726 9385/559/3726
f 9282/424/3730 9281/426/3726 9385/559/3726 9386/560/3726
f 9283/422/3726 9282/424/3730 9386/560/3726 9387/561/3726
f 9284/420/3726 9283/422/3726 9387/561/3726 9388/562/3726
f 9285/418/3729 9284/420/3726 9388/562/3726 9389/563/3726
f 9286/416/3729 9285/418/3729 9389/563/3726 9390/564/3726
f 9287/414/3727 9286/416/3729 9390/564/3726 9391/565/3726
f 9288/411/3730 9287/414/3727 9391/565/3726 9392/566/3726
f 9289/412/3730 9288/411/3730 9392/566/3726 9393/567/3726
f 9290/448/3730 9289/412/3730 9393/567/3726 9394/568/3726
f 9291/446/3726 9290/448/3730 9394/568/3726 9375/569/3726
f 9292/444/3726 9291/446/3726 9375/569/3726 9376/570/3726
f 9293/442/3726 9292/444/3726 9376/570/3726 9377/571/3726
f 9294/440/3726 9293/442/3726 9377/571/3726 9378/572/3726
f 9275/438/3726 9294/440/3726 9378/572/3726 9379/553/3726
f 9296/573/3685 9295/574/3784 9146/575/3784 9145/576/3784
f 9297/577/3784 9296/573/3685 9145/576/3784 9144/578/3784
f 9298/579/3784 9297/577/3784 9144/578/3784 9143/580/3784
f 9299/581/3685 9298/579/3784 9143/580/3784 9142/582/3685
f 9300/583/3787 9299/581/3685 9142/582/3685 9141/584/3792
f 9301/585/3787 9300/583/3787 9141/584/3792 9140/586/3879
f 9302/587/3787 9301/585/3787 9140/586/3879 9139/588/3792
f 9303/589/3787 9302/587/3787 9139/588/3792 9138/590/3792
f 9304/591/3784 9303/589/3787 9138/590/3792 9137/592/3784
f 9305/593/3685 9304/591/3784 9137/592/3784 9136/594/3784
f 9306/595/3786 9305/593/3685 9136/594/3784 9135/596/3786
f 9307/597/3685 9306/595/3786 9135/596/3786 9154/598/3786
f 9308/599/3784 9307/597/3685 9154/598/3786 9153/600/3784
f 9309/601/3784 9308/599/3784 9153/600/3784 9152/602/3784
f 9310/603/3784 9309/601/3784 9152/602/3784 9151/604/3792
f 9311/605/3787 9310/603/3784 9151/604/3792 9150/606/3792
f 9312/607/3784 9311/605/3787 9150/606/3792 9149/608/3784
f 9313/609/3787 9312/607/3784 9149/608/3784 9148/610/3792
f 9314/611/3784 9313/609/3787 9148/610/3792 9147/612/3784
f 9295/574/3784 9314/611/3784 9147/612/3784 9146/575/3784
f 9316/348/3685 9315/350/3685 9295/574/3784 9296/573/3685
f 9317/346/3685 9316/348/3685 9296/573/3685 9297/577/3784
f 9318/344/3685 9317/346/3685 9297/577/3784 9298/579/3784
f 9319/342/3685 9318/344/3685 9298/579/3784 9299/581/3685
f 9320/340/3685 9319/342/3685 9299/581/3685 9300/583/3787
f 9321/338/3685 9320/340/3685 9300/583/3787 9301/585/3787
f 9322/336/3685 9321/338/3685 9301/585/3787 9302/587/3787
f 9323/334/3685 9322/336/3685 9302/587/3787 9303/589/3787
f 9324/332/3685 9323/334/3685 9303/589/3787 9304/591/3784
f 9325/329/3685 9324/332/3685 9304/591/3784 9305/593/3685
f 9326/330/3685 9325/329/3685 9305/593/3685 9306/595/3786
f 9327/366/3685 9326/330/3685 9306/595/3786 9307/597/3685
f 9328/364/3685 9327/366/3685 9307/597/3685 9308/599/3784
f 9329/362/3685 9328/364/3685 9308/599/3784 9309/601/3784
f 9330/360/3685 9329/362/3685 9309/601/3784 9310/603/3784
f 9331/358/3685 9330/360/3685 9310/603/3784 9311/605/3787
f 9332/356/3685 9331/358/3685 9311/605/3787 9312/607/3784
f 9333/354/3685 9332/356/3685 9312/607/3784 9313/609/3787
f 9334/352/3685 9333/354/3685 9313/609/3787 9314/611/3784
f 9315/350/3685 9334/352/3685 9314/611/3784 9295/574/3784
f 9336/613/3744 9335/614/3744 9183/615/3744 9184/616/3744
f 9337/617/3880 9336/613/3880 9184/616/3880 9185/618/3880
f 9338/619/3742 9337/617/3742 9185/618/3742 9186/620/3742
f 9339/621/3741 9338/619/3741 9186/620/3741 9187/622/3741
f 9340/623/3881 9339/621/3881 9187/622/3740 9188/624/3740
f 9341/625/3870 9340/623/3870 9188/624/3870 9189/626/3870
f 9342/627/3738 9341/625/3738 9189/626/3738 9190/628/3738
f 9343/629/3737 9342/627/3737 9190/628/3737 9191/630/3737
f 9344/631/3882 9343/629/3882 9191/630/3882 9192/632/3882
f 9345/633/3735 9344/631/3735 9192/632/3735 9193/634/3735
f 9346/635/3734 9345/633/3734 9193/634/3734 9194/636/3734
f 9347/637/3883 9346/635/3883 9194/636/3884 9175/638/3884
f 9348/639/3796 9347/637/3796 9175/638/3731 9176/640/3731
f 9349/641/3754 9348/639/3754 9176/640/3753 9177/642/3753
f 9350/643/3885 9349/641/3885 9177/642/3885 9178/644/3885
f 9351/645/3886 9350/643/3886 9178/644/3886 9179/646/3886
f 9352/647/3748 9351/645/3748 9179/646/3748 9180/648/3748
f 9353/649/3747 9352/647/3747 9180/648/3747 9181/650/3747
f 9354/651/3798 9353/649/3798 9181/650/3798 9182/652/3798
f 9335/614/3799 9354/651/3745 9182/652/3799 9183/615/3799
f 9356/461/3744 9355/462/3744 9335/614/3744 9336/613/3744
f 9357/460/3871 9356/461/3871 9336/613/3880 9337/617/3880
f 9358/459/3793 9357/460/3793 9337/617/3742 9338/619/3742
f 9359/458/3741 9358/459/3741 9338/619/3741 9339/621/3741
f 9360/457/3740 9359/458/3740 9339/621/3881 9340/623/3881
f 9361/456/3870 9360/457/3870 9340/623/3870 9341/625/3870
f 9362/455/3738 9361/456/3738 9341/625/3738 9342/627/3738
f 9363/454/3737 9362/455/3737 9342/627/3737 9343/629/3737
f 9364/453/3869 9363/454/3869 9343/629/3882 9344/631/3882
f 9365/452/3735 9364/453/3735 9344/631/3735 9345/633/3735
f 9366/451/3734 9365/452/3734 9345/633/3734 9346/635/3734
f 9367/449/3732 9366/451/3732 9346/635/3883 9347/637/3883
f 9368/450/3796 9367/449/3796 9347/637/3796 9348/639/3796
f 9369/468/3754 9368/450/3754 9348/639/3754 9349/641/3754
f 9370/467/3751 9369/468/3751 9349/641/3885 9350/643/3885
f 9371/466/3749 9370/467/3749 9350/643/3886 9351/645/3886
f 9372/465/3748 9371/466/3748 9351/645/3748 9352/647/3748
f 9373/464/3747 9372/465/3747 9352/647/3747 9353/649/3747
f 9374/463/3746 9373/464/3746 9353/649/3798 9354/651/3798
f 9355/462/3745 9374/463/3745 9354/651/3745 9335/614/3799
f 9376/570/3726 9375/569/3726 9193/634/3726 9192/632/3726
f 9377/571/3726 9376/570/3726 9192/632/3726 9191/630/3726
f 9378/572/3726 9377/571/3726 9191/630/3726 9190/628/3726
f 9379/553/3726 9378/572/3726 9190/628/3726 9189/626/3726
f 9380/554/3726 9379/553/3726 9189/626/3726 9188/624/3726
f 9381/555/3726 9380/554/3726 9188/624/3726 9187/622/3726
f 9382/556/3726 9381/555/3726 9187/622/3726 9186/620/3726
f 9383/557/3726 9382/556/3726 9186/620/3726 9185/618/3726
f 9384/558/3726 9383/557/3726 9185/618/3726 9184/616/3726
f 9385/559/3726 9384/558/3726 9184/616/3726 9183/615/3726
f 9386/560/3726 9385/559/3726 9183/615/3726 9182/652/3726
f 9387/561/3726 9386/560/3726 9182/652/3726 9181/650/3726
f 9388/562/3726 9387/561/3726 9181/650/3726 9180/648/3726
f 9389/563/3726 9388/562/3726 9180/648/3726 9179/646/3726
f 9390/564/3726 9389/563/3726 9179/646/3726 9178/644/3726
f 9391/565/3726 9390/564/3726 9178/644/3726 9177/642/3726
f 9392/566/3726 9391/565/3726 9177/642/3726 9176/640/3726
f 9393/567/3726 9392/566/3726 9176/640/3726 9175/638/3726
f 9394/568/3726 9393/567/3726 9175/638/3726 9194/636/3726
f 9375/569/3726 9394/568/3726 9194/636/3726 9193/634/3726
f 9395/327/3082 9396/328/3082 9416/594/3082 9415/596/3082
f 9396/328/3082 9397/331/3082 9417/592/3082 9416/594/3082
f 9397/331/3082 9398/333/3082 9418/590/3082 9417/592/3082
f 9398/333/3082 9399/335/3082 9419/588/3082 9418/590/3082
f 9399/335/3082 9400/337/3082 9420/586/3082 9419/588/3082
f 9400/337/3082 9401/339/3082 9421/584/3082 9420/586/3082
f 9401/339/3082 9402/341/3082 9422/582/3082 9421/584/3082
f 9402/341/3082 9403/343/3082 9423/580/3082 9422/582/3082
f 9403/343/3082 9404/345/3082 9424/578/3082 9423/580/3082
f 9404/345/3082 9405/347/3082 9425/576/3082 9424/578/3082
f 9405/347/3082 9406/349/3082 9426/575/3082 9425/576/3082
f 9406/349/3082 9407/351/3082 9427/612/3082 9426/575/3082
f 9407/351/3082 9408/353/3082 9428/610/3082 9427/612/3082
f 9408/353/3082 9409/355/3082 9429/608/3082 9428/610/3082
f 9409/355/3082 9410/357/3082 9430/606/3082 9429/608/3082
f 9410/357/3082 9411/359/3082 9431/604/3082 9430/606/3082
f 9411/359/3082 9412/361/3082 9432/602/3082 9431/604/3082
f 9412/361/3082 9413/363/3082 9433/600/3082 9432/602/3082
f 9413/363/3082 9414/365/3082 9434/598/3082 9433/600/3082
f 9414/365/3082 9395/327/3082 9415/596/3082 9434/598/3082
f 9415/367/3083 9416/368/3084 9554/966/3085 9555/967/3487
f 9416/368/3084 9417/371/3201 9553/968/3088 9554/966/3085
f 9417/371/3201 9418/373/3089 9552/969/3483 9553/968/3088
f 9418/373/3089 9419/375/3091 9551/970/3092 9552/969/3483
f 9419/375/3091 9420/377/3093 9550/971/3094 9551/970/3092
f 9420/377/3093 9421/379/3196 9549/972/3096 9550/971/3094
f 9421/379/3196 9422/381/3097 9548/973/3098 9549/972/3096
f 9422/381/3097 9423/383/3099 9547/974/3100 9548/973/3098
f 9423/383/3099 9424/385/3192 9546/975/3102 9547/974/3100
f 9424/385/3192 9425/387/3103 9545/976/3104 9546/975/3102
f 9425/387/3103 9426/389/3105 9544/977/3106 9545/976/3104
f 9426/389/3105 9427/391/3107 9543/978/3108 9544/977/3106
f 9427/391/3107 9428/393/3109 9542/979/3472 9543/978/3108
f 9428/393/3109 9429/395/3111 9541/980/3471 9542/979/3472
f 9429/395/3111 9430/397/3113 9540/981/3114 9541/980/3471
f 9430/397/3113 9431/399/3115 9539/982/3116 9540/981/3114
f 9431/399/3115 9432/401/3207 9538/983/3118 9539/982/3116
f 9432/401/3207 9433/403/3119 9537/984/3490 9538/983/3118
f 9433/403/3119 9434/405/3121 9556/985/3122 9537/984/3490
f 9434/405/3121 9415/407/3083 9555/986/3487 9556/985/3122
f 9435/409/3123 9436/410/3123 9610/987/3123 9611/988/3123
f 9436/410/3123 9437/413/3123 9609/989/3123 9610/987/3123
f 9437/413/3123 9438/415/3123 9608/990/3123 9609/989/3123
f 9438/415/3123 9439/417/3123 9607/991/3123 9608/990/3123
f 9439/417/3123 9440/419/3123 9606/992/3123 9607/991/3123
f 9440/419/3123 9441/421/3123 9605/993/3123 9606/992/3123
f 9441/421/3123 9442/423/3123 9604/994/3123 9605/993/3123
f 9442/423/3123 9443/425/3123 9603/995/3123 9604/994/3123
f 9443/425/3123 9444/427/3123 9602/996/3123 9603/995/3123
f 9444/427/3123 9445/429/3123 9601/997/3123 9602/996/3123
f 9445/429/3123 9446/431/3123 9600/998/3123 9601/997/3123
f 9446/431/3123 9447/433/3123 9599/999/3123 9600/998/3123
f 9447/433/3123 9448/435/3123 9598/1000/3123 9599/999/3123
f 9448/435/3123 9449/437/3123 9597/1001/3123 9598/1000/3123
f 9449/437/3123 9450/439/3123 9616/1002/3123 9597/1001/3123
f 9450/439/3123 9451/441/3123 9615/1003/3123 9616/1002/3123
f 9451/441/3123 9452/443/3123 9614/1004/3123 9615/1003/3123
f 9452/443/3123 9453/445/3123 9613/1005/3123 9614/1004/3123
f 9453/445/3123 9454/447/3123 9612/1006/3123 9613/1005/3123
f 9454/447/3123 9435/409/3123 9611/988/3123 9612/1006/3123
f 9396/328/3082 9395/327/3082 9475/694/3082
f 9397/331/3082 9396/328/3082 9475/694/3082
f 9398/333/3082 9397/331/3082 9475/694/3082
f 9399/335/3082 9398/333/3082 9475/694/3082
f 9400/337/3082 9399/335/3082 9475/694/3082
f 9401/339/3082 9400/337/3082 9475/694/3082
f 9402/341/3082 9401/339/3082 9475/694/3082
f 9403/343/3082 9402/341/3082 9475/694/3082
f 9404/345/3082 9403/343/3082 9475/694/3082
f 9405/347/3082 9404/345/3082 9475/694/3082
f 9406/349/3082 9405/347/3082 9475/694/3082
f 9407/351/3082 9406/349/3082 9475/694/3082
f 9408/353/3082 9407/351/3082 9475/694/3082
f 9409/355/3082 9408/353/3082 9475/694/3082
f 9410/357/3082 9409/355/3082 9475/694/3082
f 9411/359/3082 9410/357/3082 9475/694/3082
f 9412/361/3082 9411/359/3082 9475/694/3082
f 9413/363/3082 9412/361/3082 9475/694/3082
f 9414/365/3082 9413/363/3082 9475/694/3082
f 9395/327/3082 9414/365/3082 9475/694/3082
f 9455/638/3887 9456/640/3888 9476/695/3889
f 9456/640/3888 9457/642/3890 9476/695/3889
f 9457/642/3890 9458/644/3891 9476/695/3889
f 9458/644/3891 9459/646/3892 9476/695/3889
f 9459/646/3892 9460/648/3893 9476/695/3889
f 9460/648/3893 9461/650/3894 9476/695/3889
f 9461/650/3894 9462/652/3895 9476/695/3889
f 9462/652/3895 9463/615/3896 9476/695/3889
f 9463/615/3896 9464/616/3897 9476/695/3889
f 9464/616/3897 9465/618/3898 9476/695/3889
f 9465/618/3898 9466/620/3899 9476/695/3889
f 9466/620/3899 9467/622/3900 9476/695/3889
f 9467/622/3900 9468/624/3901 9476/695/3889
f 9468/624/3901 9469/626/3902 9476/695/3889
f 9469/626/3902 9470/628/3903 9476/695/3889
f 9470/628/3903 9471/630/3904 9476/695/3889
f 9471/630/3904 9472/632/3905 9476/695/3889
f 9472/632/3905 9473/634/3906 9476/695/3889
f 9473/634/3906 9474/636/3907 9476/695/3889
f 9474/636/3907 9455/638/3887 9476/695/3889
f 9478/1007/3118 9477/1008/3490 9453/506/3247 9452/508/3908
f 9479/1009/3116 9478/1007/3118 9452/508/3908 9451/510/3643
f 9480/1010/3114 9479/1009/3116 9451/510/3643 9450/471/3250
f 9481/1011/3471 9480/1010/3114 9450/471/3250 9449/472/3229
f 9482/1012/3472 9481/1011/3471 9449/472/3229 9448/474/3230
f 9483/1013/3909 9482/1012/3472 9448/474/3230 9447/476/3645
f 9484/1014/3106 9483/1013/3909 9447/476/3645 9446/478/3910
f 9485/1015/3104 9484/1014/3106 9446/478/3910 9445/480/3234
f 9486/1016/3102 9485/1015/3104 9445/480/3234 9444/482/3911
f 9487/1017/3573 9486/1016/3102 9444/482/3911 9443/484/3652
f 9488/1018/3098 9487/1017/3573 9443/484/3652 9442/486/3682
f 9489/1019/3096 9488/1018/3098 9442/486/3682 9441/488/3239
f 9490/1020/3094 9489/1019/3096 9441/488/3239 9440/490/3240
f 9491/1021/3092 9490/1020/3094 9440/490/3240 9439/492/3241
f 9492/1022/3483 9491/1021/3092 9439/492/3241 9438/494/3242
f 9493/1023/3912 9492/1022/3483 9438/494/3242 9437/496/3243
f 9494/1024/3085 9493/1023/3912 9437/496/3243 9436/498/3913
f 9495/1025/3487 9494/1024/3085 9436/498/3913 9435/500/3655
f 9496/1026/3122 9495/1027/3487 9435/503/3655 9454/504/3656
f 9477/1008/3490 9496/1026/3122 9454/504/3656 9453/506/3247
f 9498/1028/3118 9497/1029/3490 9517/1030/3120 9518/1031/3118
f 9499/1032/3116 9498/1028/3118 9518/1031/3118 9519/1033/3116
f 9500/1034/3114 9499/1032/3116 9519/1033/3116 9520/1035/3114
f 9501/1036/3471 9500/1034/3114 9520/1035/3114 9521/1037/3471
f 9502/1038/3472 9501/1036/3471 9521/1037/3471 9522/1039/3472
f 9503/1040/3108 9502/1038/3472 9522/1039/3472 9523/1041/3108
f 9504/1042/3106 9503/1040/3108 9523/1041/3108 9524/1043/3106
f 9505/1044/3104 9504/1042/3106 9524/1043/3106 9525/1045/3104
f 9506/1046/3102 9505/1044/3104 9525/1045/3104 9526/1047/3914
f 9507/1048/3100 9506/1046/3102 9526/1047/3914 9527/1049/3573
f 9508/1050/3098 9507/1048/3100 9527/1049/3573 9528/1051/3098
f 9509/1052/3096 9508/1050/3098 9528/1051/3098 9529/1053/3096
f 9510/1054/3094 9509/1052/3096 9529/1053/3096 9530/1055/3094
f 9511/1056/3092 9510/1054/3094 9530/1055/3094 9531/1057/3092
f 9512/1058/3483 9511/1056/3092 9531/1057/3092 9532/1059/3483
f 9513/1060/3088 9512/1058/3483 9532/1059/3483 9533/1061/3088
f 9514/1062/3085 9513/1060/3088 9533/1061/3088 9534/1063/3085
f 9515/1064/3487 9514/1062/3085 9534/1063/3085 9535/1065/3487
f 9516/1066/3122 9515/1067/3487 9535/1068/3487 9536/1069/3122
f 9497/1029/3490 9516/1066/3122 9536/1069/3122 9517/1030/3120
f 9518/1031/3118 9517/1030/3120 9557/1070/3490 9558/1071/3118
f 9519/1033/3116 9518/1031/3118 9558/1071/3118 9559/1072/3116
f 9520/1035/3114 9519/1033/3116 9559/1072/3116 9560/1073/3114
f 9521/1037/3471 9520/1035/3114 9560/1073/3114 9561/1074/3112
f 9522/1039/3472 9521/1037/3471 9561/1074/3112 9562/1075/3472
f 9523/1041/3108 9522/1039/3472 9562/1075/3472 9563/1076/3108
f 9524/1043/3106 9523/1041/3108 9563/1076/3108 9564/1077/3106
f 9525/1045/3104 9524/1043/3106 9564/1077/3106 9565/1078/3104
f 9526/1047/3914 9525/1045/3104 9565/1078/3104 9566/1079/3914
f 9527/1049/3573 9526/1047/3914 9566/1079/3914 9567/1080/3573
f 9528/1051/3098 9527/1049/3573 9567/1080/3573 9568/1081/3098
f 9529/1053/3096 9528/1051/3098 9568/1081/3098 9569/1082/3096
f 9530/1055/3094 9529/1053/3096 9569/1082/3096 9570/1083/3094
f 9531/1057/3092 9530/1055/3094 9570/1083/3094 9571/1084/3092
f 9532/1059/3483 9531/1057/3092 9571/1084/3092 9572/1085/3483
f 9533/1061/3088 9532/1059/3483 9572/1085/3483 9573/1086/3088
f 9534/1063/3085 9533/1061/3088 9573/1086/3088 9574/1087/3915
f 9535/1065/3487 9534/1063/3085 9574/1087/3915 9575/1088/3086
f 9536/1069/3122 9535/1068/3487 9575/1089/3086 9576/1090/3122
f 9517/1030/3120 9536/1069/3122 9576/1090/3122 9557/1070/3490
f 9538/983/3118 9537/984/3490 9497/1029/3490 9498/1028/3118
f 9539/982/3116 9538/983/3118 9498/1028/3118 9499/1032/3116
f 9540/981/3114 9539/982/3116 9499/1032/3116 9500/1034/3114
f 9541/980/3471 9540/981/3114 9500/1034/3114 9501/1036/3471
f 9542/979/3472 9541/980/3471 9501/1036/3471 9502/1038/3472
f 9543/978/3108 9542/979/3472 9502/1038/3472 9503/1040/3108
f 9544/977/3106 9543/978/3108 9503/1040/3108 9504/1042/3106
f 9545/976/3104 9544/977/3106 9504/1042/3106 9505/1044/3104
f 9546/975/3102 9545/976/3104 9505/1044/3104 9506/1046/3102
f 9547/974/3100 9546/975/3102 9506/1046/3102 9507/1048/3100
f 9548/973/3098 9547/974/3100 9507/1048/3100 9508/1050/3098
f 9549/972/3096 9548/973/3098 9508/1050/3098 9509/1052/3096
f 9550/971/3094 9549/972/3096 9509/1052/3096 9510/1054/3094
f 9551/970/3092 9550/971/3094 9510/1054/3094 9511/1056/3092
f 9552/969/3483 9551/970/3092 9511/1056/3092 9512/1058/3483
f 9553/968/3088 9552/969/3483 9512/1058/3483 9513/1060/3088
f 9554/966/3085 9553/968/3088 9513/1060/3088 9514/1062/3085
f 9555/967/3487 9554/966/3085 9514/1062/3085 9515/1064/3487
f 9556/985/3122 9555/986/3487 9515/1067/3487 9516/1066/3122
f 9537/984/3490 9556/985/3122 9516/1066/3122 9497/1029/3490
f 9558/1071/3118 9557/1070/3490 9477/1008/3490 9478/1007/3118
f 9559/1072/3116 9558/1071/3118 9478/1007/3118 9479/1009/3116
f 9560/1073/3114 9559/1072/3116 9479/1009/3116 9480/1010/3114
f 9561/1074/3112 9560/1073/3114 9480/1010/3114 9481/1011/3471
f 9562/1075/3472 9561/1074/3112 9481/1011/3471 9482/1012/3472
f 9563/1076/3108 9562/1075/3472 9482/1012/3472 9483/1013/3909
f 9564/1077/3106 9563/1076/3108 9483/1013/3909 9484/1014/3106
f 9565/1078/3104 9564/1077/3106 9484/1014/3106 9485/1015/3104
f 9566/1079/3914 9565/1078/3104 9485/1015/3104 9486/1016/3102
f 9567/1080/3573 9566/1079/3914 9486/1016/3102 9487/1017/3573
f 9568/1081/3098 9567/1080/3573 9487/1017/3573 9488/1018/3098
f 9569/1082/3096 9568/1081/3098 9488/1018/3098 9489/1019/3096
f 9570/1083/3094 9569/1082/3096 9489/1019/3096 9490/1020/3094
f 9571/1084/3092 9570/1083/3094 9490/1020/3094 9491/1021/3092
f 9572/1085/3483 9571/1084/3092 9491/1021/3092 9492/1022/3483
f 9573/1086/3088 9572/1085/3483 9492/1022/3483 9493/1023/3912
f 9574/1087/3915 9573/1086/3088 9493/1023/3912 9494/1024/3085
f 9575/1088/3086 9574/1087/3915 9494/1024/3085 9495/1025/3487
f 9576/1090/3122 9575/1089/3086 9495/1027/3487 9496/1026/3122
f 9557/1070/3490 9576/1090/3122 9496/1026/3122 9477/1008/3490
f 9578/1091/3916 9577/1092/3917 9471/630/3904 9470/628/3903
f 9579/1093/3918 9578/1091/3916 9470/628/3903 9469/626/3902
f 9580/1094/3919 9579/1093/3918 9469/626/3902 9468/624/3901
f 9581/1095/3920 9580/1094/3919 9468/624/3901 9467/622/3900
f 9582/1096/3921 9581/1095/3920 9467/622/3900 9466/620/3899
f 9583/1097/3922 9582/1096/3921 9466/620/3899 9465/618/3898
f 9584/1098/3923 9583/1097/3922 9465/618/3898 9464/616/3897
f 9585/1099/3924 9584/1098/3923 9464/616/3897 9463/615/3896
f 9586/1100/3925 9585/1099/3924 9463/615/3896 9462/652/3895
f 9587/1101/3926 9586/1100/3925 9462/652/3895 9461/650/3894
f 9588/1102/3927 9587/1101/3926 9461/650/3894 9460/648/3893
f 9589/1103/3928 9588/1102/3927 9460/648/3893 9459/646/3892
f 9590/1104/3929 9589/1103/3928 9459/646/3892 9458/644/3891
f 9591/1105/3930 9590/1104/3929 9458/644/3891 9457/642/3890
f 9592/1106/3931 9591/1105/3930 9457/642/3890 9456/640/3888
f 9593/1107/3932 9592/1106/3931 9456/640/3888 9455/638/3887
f 9594/1108/3933 9593/1107/3932 9455/638/3887 9474/636/3907
f 9595/1109/3934 9594/1108/3933 9474/636/3907 9473/634/3906
f 9596/1110/3935 9595/1109/3934 9473/634/3906 9472/632/3905
f 9577/1092/3917 9596/1110/3935 9472/632/3905 9471/630/3904
f 9598/1000/3123 9597/1001/3123 9579/1093/3918 9580/1094/3919
f 9599/999/3123 9598/1000/3123 9580/1094/3919 9581/1095/3920
f 9600/998/3123 9599/999/3123 9581/1095/3920 9582/1096/3921
f 9601/997/3123 9600/998/3123 9582/1096/3921 9583/1097/3922
f 9602/996/3123 9601/997/3123 9583/1097/3922 9584/1098/3923
f 9603/995/3123 9602/996/3123 9584/1098/3923 9585/1099/3924
f 9604/994/3123 9603/995/3123 9585/1099/3924 9586/1100/3925
f 9605/993/3123 9604/994/3123 9586/1100/3925 9587/1101/3926
f 9606/992/3123 9605/993/3123 9587/1101/3926 9588/1102/3927
f 9607/991/3123 9606/992/3123 9588/1102/3927 9589/1103/3928
f 9608/990/3123 9607/991/3123 9589/1103/3928 9590/1104/3929
f 9609/989/3123 9608/990/3123 9590/1104/3929 9591/1105/3930
f 9610/987/3123 9609/989/3123 9591/1105/3930 9592/1106/3931
f 9611/988/3123 9610/987/3123 9592/1106/3931 9593/1107/3932
f 9612/1006/3123 9611/988/3123 9593/1107/3932 9594/1108/3933
f 9613/1005/3123 9612/1006/3123 9594/1108/3933 9595/1109/3934
f 9614/1004/3123 9613/1005/3123 9595/1109/3934 9596/1110/3935
f 9615/1003/3123 9614/1004/3123 9596/1110/3935 9577/1092/3917
f 9616/1002/3123 9615/1003/3123 9577/1092/3917 9578/1091/3916
f 9597/1001/3123 9616/1002/3123 9578/1091/3916 9579/1093/3918
