# Blender 4.4.1
# www.blender.org
mtllib bolts.mtl
o Generator_Connector_4.006
v 0.387469 0.128133 0.492825
v 0.386720 0.128127 0.494963
v 0.385359 0.127993 0.496769
v 0.383518 0.127743 0.498066
v 0.381378 0.127403 0.498727
v 0.375278 0.126196 0.496589
v 0.374017 0.125863 0.494736
v 0.373387 0.125623 0.492573
v 0.373450 0.125501 0.490311
v 0.374198 0.125507 0.488173
v 0.375560 0.125641 0.486366
v 0.377401 0.125891 0.485069
v 0.379541 0.126231 0.484409
v 0.381771 0.126628 0.484448
v 0.383873 0.127044 0.485185
v 0.385641 0.127438 0.486547
v 0.390261 0.128471 0.490175
v 0.390175 0.128641 0.493310
v 0.389137 0.128633 0.496274
v 0.387250 0.128446 0.498778
v 0.381732 0.127629 0.501491
v 0.378641 0.127078 0.501436
v 0.375727 0.126502 0.500415
v 0.373277 0.125956 0.498528
v 0.371530 0.125494 0.495959
v 0.370744 0.124993 0.489826
v 0.371781 0.125001 0.486862
v 0.373668 0.125187 0.484358
v 0.376220 0.125533 0.482561
v 0.379186 0.126005 0.481645
v 0.382278 0.126556 0.481700
v 0.385191 0.127132 0.482721
v 0.387641 0.127678 0.484608
v 0.393026 0.112867 0.491098
v 0.392940 0.113037 0.494233
v 0.391902 0.113028 0.497197
v 0.390015 0.112842 0.499700
v 0.387463 0.112496 0.501498
v 0.381405 0.111474 0.502359
v 0.378492 0.110897 0.501337
v 0.376042 0.110352 0.499450
v 0.374295 0.109890 0.496882
v 0.373422 0.109558 0.493883
v 0.373508 0.109388 0.490748
v 0.374546 0.109397 0.487784
v 0.376433 0.109583 0.485281
v 0.381951 0.110400 0.482567
v 0.385042 0.110951 0.482622
v 0.387956 0.111528 0.483644
v 0.390406 0.112074 0.485531
v 0.389666 0.112167 0.489323
v 0.390296 0.112406 0.491486
v 0.390233 0.112529 0.493747
v 0.389485 0.112523 0.495886
v 0.388124 0.112388 0.497692
v 0.386283 0.112139 0.498989
v 0.384142 0.111799 0.499650
v 0.381912 0.111401 0.499610
v 0.378042 0.110591 0.497512
v 0.376782 0.110259 0.495659
v 0.376152 0.110019 0.493495
v 0.376215 0.109896 0.491234
v 0.376963 0.109903 0.489095
v 0.378324 0.110037 0.487289
v 0.380165 0.110286 0.485992
v 0.382306 0.110627 0.485331
v 0.384536 0.111024 0.485371
v 0.388405 0.111834 0.487469
v 0.378984 0.109929 0.483483
v 0.381377 0.111637 0.502349
v 0.385013 0.111115 0.482613
v 0.378670 0.126912 0.501446
v 0.389388 0.128139 0.487177
v 0.387670 0.127512 0.484618
v 0.378222 0.114233 0.483229
v 0.370801 0.124671 0.489845
v 0.374838 0.117145 0.499048
v 0.377289 0.117691 0.500936
v 0.380202 0.118268 0.501957
v 0.383293 0.118819 0.502012
v 0.384699 0.128101 0.500575
v 0.390182 0.128600 0.493312
v 0.390949 0.119329 0.487698
v 0.389202 0.118867 0.485129
v 0.386752 0.118322 0.483242
v 0.375670 0.113887 0.485026
v 0.372659 0.113862 0.493629
v 0.373532 0.114194 0.496627
v 0.378171 0.112712 0.501230
v 0.381084 0.113288 0.502251
v 0.384175 0.113839 0.502307
v 0.391831 0.114349 0.487992
v 0.387634 0.113342 0.483536
v 0.384280 0.115255 0.482368
v 0.381189 0.114704 0.482313
v 0.392153 0.112535 0.488099
v 0.370657 0.125163 0.492961
v 0.377045 0.126589 0.497951
v 0.379147 0.127005 0.498687
v 0.386901 0.127771 0.488400
v 0.379810 0.110985 0.498873
v 0.378003 0.110817 0.497498
v 0.376742 0.110484 0.495645
v 0.386598 0.111666 0.486095
v 0.388365 0.112060 0.487456
v 0.387531 0.128010 0.490563
v 0.386638 0.111440 0.486108
v 0.384497 0.112025 0.502414
v 0.399646 -0.000606 0.424647
v 0.413712 0.041930 0.401783
v 0.404952 0.091374 0.398860
v 0.392729 0.112684 0.405556
v 0.376711 0.128838 0.416993
v 0.339778 0.140014 0.449257
v 0.319623 0.063243 0.485595
v 0.315175 0.007342 0.502419
v 0.368127 -0.019988 0.458718
v 0.412182 0.066993 0.397560
v 0.358465 0.138256 0.432052
v 0.308258 0.120632 0.483328
v 0.298512 0.101389 0.496858
v 0.295722 0.053032 0.510415
v 0.302952 0.028652 0.509115
v 0.408112 0.001425 0.433634
v 0.422178 0.043961 0.410770
v 0.420648 0.069025 0.406547
v 0.385177 0.130870 0.425981
v 0.366931 0.140287 0.441039
v 0.348243 0.142046 0.458245
v 0.330943 0.135973 0.475913
v 0.316724 0.122663 0.492316
v 0.302658 0.080127 0.515179
v 0.304188 0.055063 0.519403
v 0.323641 0.009373 0.511406
v 0.339658 -0.006781 0.499969
v 0.357905 -0.016199 0.484911
v 0.353952 0.060013 0.453988
v 0.340038 0.031646 0.490926
v 0.418629 0.048583 0.548659
v 0.411817 0.055453 0.553524
v 0.406619 0.064517 0.556371
v 0.403544 0.074885 0.556924
v 0.402893 0.085545 0.555128
v 0.404730 0.095452 0.551159
v 0.408875 0.103636 0.545404
v 0.414923 0.109296 0.538429
v 0.422280 0.111879 0.530914
v 0.437988 0.107126 0.517192
v 0.444801 0.100255 0.512328
v 0.449999 0.091192 0.509480
v 0.453074 0.080823 0.508927
v 0.453724 0.070164 0.510724
v 0.451887 0.060257 0.514693
v 0.447742 0.052073 0.520447
v 0.441695 0.046413 0.527423
v 0.434337 0.043830 0.534937
v 0.426389 0.044578 0.542255
v 0.397988 0.043342 0.557010
v 0.390312 0.056726 0.561215
v 0.385771 0.072039 0.562031
v 0.384810 0.087780 0.559379
v 0.387523 0.102409 0.553517
v 0.393644 0.114495 0.545019
v 0.402575 0.122854 0.534718
v 0.413440 0.126668 0.523621
v 0.425177 0.125564 0.512815
v 0.436636 0.119649 0.503357
v 0.446696 0.109503 0.496174
v 0.454373 0.096119 0.491969
v 0.458914 0.080807 0.491152
v 0.459875 0.065066 0.493805
v 0.457162 0.050436 0.499667
v 0.451040 0.038350 0.508165
v 0.442110 0.029991 0.518466
v 0.431245 0.026178 0.529562
v 0.419508 0.027282 0.540368
v 0.408048 0.033196 0.549826
v 0.417913 0.048678 0.547641
v 0.411168 0.055481 0.552457
v 0.406021 0.064454 0.555276
v 0.402977 0.074720 0.555824
v 0.402332 0.085274 0.554045
v 0.404151 0.095082 0.550115
v 0.408255 0.103185 0.544418
v 0.414243 0.108789 0.537511
v 0.421528 0.111346 0.530071
v 0.429397 0.110606 0.522827
v 0.437080 0.106641 0.516486
v 0.443824 0.099838 0.511670
v 0.448971 0.090865 0.508850
v 0.452015 0.080599 0.508303
v 0.452660 0.070045 0.510081
v 0.450841 0.060237 0.514011
v 0.446737 0.052134 0.519709
v 0.440749 0.046530 0.526615
v 0.433465 0.043973 0.534055
v 0.425596 0.044713 0.541300
v 0.373982 0.068854 0.543494
v 0.399408 0.119053 0.508198
v 0.410192 0.118038 0.498269
v 0.441194 0.076911 0.478363
v 0.433959 0.037898 0.493995
v 0.425753 0.030216 0.503461
v 0.378155 0.054783 0.542744
v 0.365594 0.068500 0.562643
v 0.364348 0.088911 0.559204
v 0.366308 0.068671 0.563401
v 0.365062 0.089082 0.559962
v 0.367866 0.107881 0.551602
v 0.368580 0.108052 0.552360
v 0.375803 0.123552 0.540584
v 0.376517 0.123723 0.541342
v 0.387383 0.134391 0.527226
v 0.388097 0.134562 0.527984
v 0.401471 0.139336 0.512838
v 0.402186 0.139508 0.513596
v 0.416690 0.137904 0.498826
v 0.417404 0.138076 0.499584
v 0.431550 0.130235 0.486562
v 0.432264 0.130406 0.487321
v 0.444594 0.117079 0.477248
v 0.445308 0.117250 0.478006
v 0.454548 0.099724 0.471795
v 0.455262 0.099896 0.472553
v 0.460436 0.079870 0.470736
v 0.461150 0.080041 0.471494
v 0.461682 0.059458 0.474176
v 0.462396 0.059630 0.474934
v 0.458164 0.040489 0.481777
v 0.458878 0.040660 0.482535
v 0.450227 0.024817 0.492795
v 0.450941 0.024989 0.493553
v 0.438647 0.013979 0.506153
v 0.439361 0.014150 0.506911
v 0.424558 0.009033 0.520542
v 0.425273 0.009205 0.521300
v 0.409340 0.010465 0.534553
v 0.410054 0.010636 0.535312
v 0.394480 0.018134 0.546817
v 0.395195 0.018306 0.547575
v 0.381435 0.031290 0.556131
v 0.382149 0.031462 0.556889
v 0.371482 0.048645 0.561584
v 0.372196 0.048817 0.562342
v 0.447381 0.114957 0.485973
v 0.435368 0.127073 0.494551
v 0.421682 0.134136 0.505846
v 0.407666 0.135455 0.518750
v 0.394691 0.130901 0.532002
v 0.384026 0.120918 0.544304
v 0.376716 0.106485 0.554452
v 0.373477 0.089015 0.561452
v 0.374624 0.070217 0.564620
v 0.380047 0.051931 0.563645
v 0.389213 0.035948 0.558623
v 0.401228 0.023831 0.550044
v 0.414913 0.016768 0.538750
v 0.428929 0.015449 0.525845
v 0.441904 0.020004 0.512594
v 0.452569 0.029986 0.500292
v 0.459879 0.044419 0.490144
v 0.463119 0.061890 0.483143
v 0.461971 0.080688 0.479976
v 0.456548 0.098974 0.480951
v 0.445404 0.104235 0.505046
v 0.451683 0.093287 0.501606
v 0.455397 0.080763 0.500938
v 0.456183 0.067887 0.503108
v 0.453964 0.055920 0.507903
v 0.448957 0.046035 0.514853
v 0.441653 0.039198 0.523279
v 0.432765 0.036078 0.532356
v 0.405562 0.050118 0.554807
v 0.399284 0.061066 0.558246
v 0.395570 0.073590 0.558914
v 0.394783 0.086466 0.556745
v 0.397002 0.098432 0.551950
v 0.402009 0.108318 0.544999
v 0.409314 0.115155 0.536573
v 0.418202 0.118275 0.527496
v 0.427802 0.117372 0.518658
v 0.437175 0.112534 0.510922
v 0.429350 0.109794 0.523054
v 0.450265 0.060666 0.514456
v 0.446262 0.052763 0.520013
v 0.411570 0.056027 0.551954
v 0.406551 0.064780 0.554704
v 0.435516 0.072854 0.533258
v 0.436432 0.074663 0.531986
v 0.436838 0.076853 0.531109
v 0.436694 0.079209 0.530712
v 0.436015 0.081501 0.530834
v 0.434865 0.083505 0.531463
v 0.433360 0.085023 0.532539
v 0.431644 0.085909 0.533954
v 0.429887 0.086074 0.535572
v 0.428261 0.085503 0.537233
v 0.426924 0.084252 0.538775
v 0.426008 0.082443 0.540047
v 0.425602 0.080253 0.540924
v 0.426425 0.075605 0.541199
v 0.427574 0.073601 0.540570
v 0.429080 0.072082 0.539494
v 0.430796 0.071197 0.538079
v 0.432553 0.071032 0.536461
v 0.432190 0.109833 0.526292
v 0.453804 0.081159 0.512413
v 0.439109 0.079168 0.543665
v 0.439332 0.079377 0.543408
v 0.438617 0.080328 0.543869
v 0.439485 0.079679 0.543195
v 0.439552 0.080044 0.543049
v 0.439528 0.080437 0.542983
v 0.439415 0.080819 0.543003
v 0.439223 0.081153 0.543108
v 0.438972 0.081407 0.543288
v 0.438686 0.081554 0.543524
v 0.438393 0.081582 0.543793
v 0.438122 0.081487 0.544071
v 0.437899 0.081278 0.544328
v 0.437746 0.080976 0.544540
v 0.437678 0.080611 0.544686
v 0.437702 0.080218 0.544752
v 0.438007 0.079501 0.544627
v 0.438259 0.079248 0.544448
v 0.438545 0.079101 0.544212
v 0.438838 0.079073 0.543942
v 0.327517 0.057705 0.494166
v 0.326634 0.072169 0.491728
v 0.329127 0.085613 0.486342
v 0.344253 0.104710 0.470442
v 0.354237 0.108215 0.460245
v 0.375553 0.101765 0.441625
v 0.384797 0.092442 0.435024
v 0.390556 0.079833 0.429785
v 0.396024 0.066073 0.430409
v 0.394414 0.038165 0.438233
v 0.359813 0.016888 0.475635
v 0.338744 0.031336 0.489551
v 0.331690 0.043634 0.493416
v 0.356740 0.064717 0.525189
v 0.355857 0.079181 0.522752
v 0.358350 0.092624 0.517365
v 0.363975 0.103730 0.509557
v 0.375229 0.113252 0.482530
v 0.412725 0.099143 0.464673
v 0.419779 0.086844 0.460808
v 0.417015 0.071110 0.452694
v 0.422342 0.044866 0.467882
v 0.416717 0.033760 0.475690
v 0.380805 0.021925 0.497919
v 0.361030 0.036683 0.513211
v 0.360913 0.050646 0.524439
v 0.364963 0.066690 0.533919
v 0.364080 0.081154 0.531482
v 0.407592 0.109453 0.475638
v 0.428002 0.088818 0.469538
v 0.432174 0.074747 0.468788
v 0.428946 0.059296 0.466860
v 0.430565 0.046839 0.476612
v 0.424940 0.035733 0.484420
v 0.412622 0.027066 0.489521
v 0.402638 0.023561 0.499718
v 0.381322 0.030011 0.518339
v 0.376189 0.040321 0.529304
v 0.369136 0.052619 0.533169
v 0.406944 0.075541 0.557823
v 0.450614 0.090920 0.512535
v 0.403581 0.074792 0.555238
v 0.402953 0.085086 0.553503
v 0.404727 0.094652 0.549670
v 0.443422 0.099291 0.512173
v 0.451411 0.080526 0.508888
v 0.452039 0.070233 0.510623
v 0.418149 0.049393 0.547257
v 0.404909 0.075088 0.556258
v 0.406045 0.094789 0.550735
v 0.408730 0.102556 0.544113
v 0.421675 0.110516 0.530121
v 0.429512 0.109796 0.523240
v 0.449410 0.090709 0.510809
v 0.452355 0.080776 0.510280
v 0.452979 0.070565 0.512001
v 0.451219 0.061075 0.515803
v 0.440423 0.047297 0.526749
v 0.433318 0.044803 0.534006
v 0.418346 0.049474 0.547433
v 0.411696 0.056072 0.552058
v 0.407854 0.065155 0.555729
v 0.437816 0.079836 0.544732
v 0.426977 0.078136 0.541675
v 0.426846 0.080290 0.541312
v 0.428054 0.083946 0.539347
v 0.436365 0.081431 0.532087
v 0.434179 0.071603 0.534800
v 0.425745 0.077897 0.541322
v 0.422130 0.085157 0.542710
v 0.425980 0.090387 0.537901
v 0.406328 0.085626 0.556124
v 0.408066 0.094999 0.552368
v 0.411988 0.102742 0.546924
v 0.417709 0.108097 0.540324
v 0.424670 0.110540 0.533215
v 0.439531 0.106044 0.520233
v 0.445977 0.099543 0.515631
v 0.450894 0.090969 0.512936
v 0.452072 0.080961 0.514265
v 0.454419 0.071074 0.514113
v 0.452681 0.061701 0.517868
v 0.448760 0.053958 0.523312
v 0.443038 0.048603 0.529912
v 0.436077 0.046159 0.537021
v 0.428558 0.046867 0.543944
v 0.421216 0.050656 0.550004
v 0.414771 0.057156 0.554606
v 0.409853 0.065731 0.557300
v 0.442077 0.062447 0.480800
v 0.427198 0.028397 0.503763
v 0.373099 0.083318 0.541057
v 0.437840 0.061430 0.476302
v 0.435347 0.047987 0.481688
v 0.429722 0.036881 0.489497
v 0.421516 0.029200 0.498963
v 0.411531 0.025695 0.509160
v 0.398355 0.026136 0.516551
v 0.369745 0.067837 0.538996
v 0.368862 0.082302 0.536558
v 0.368964 0.095171 0.528633
v 0.374589 0.106277 0.520825
v 0.377488 0.112685 0.505725
v 0.392779 0.117463 0.501162
v 0.423339 0.101690 0.475941
v 0.432784 0.089965 0.474615
v 0.436957 0.075895 0.473864
v 0.336047 0.097029 0.479908
v 0.391851 0.080143 0.431159
v 0.332985 0.043945 0.494790
v 0.328812 0.058015 0.495541
v 0.327929 0.072480 0.493103
v 0.330422 0.085923 0.487717
v 0.350102 0.100402 0.494829
v 0.358308 0.108083 0.485363
v 0.365023 0.107200 0.450315
v 0.389608 0.105138 0.456546
v 0.398852 0.095814 0.449945
v 0.405906 0.083516 0.446081
v 0.396907 0.051608 0.432846
v 0.408469 0.041537 0.453154
v 0.388789 0.027059 0.446042
v 0.380583 0.019378 0.455508
v 0.370598 0.015873 0.465705
v 0.349283 0.022323 0.484325
v 0.347040 0.047318 0.509712
v 0.342867 0.061388 0.510462
v 0.341984 0.075853 0.508024
v 0.344477 0.089296 0.502638
v 0.312313 0.121605 0.487632
v 0.326532 0.134915 0.471230
v 0.343034 0.140796 0.452714
v 0.361722 0.139038 0.435509
v 0.379968 0.129620 0.420450
v 0.395986 0.113465 0.409013
v 0.408208 0.092155 0.402317
v 0.415438 0.067775 0.401017
v 0.416969 0.042711 0.405240
v 0.402902 0.000175 0.428104
v 0.385427 -0.013916 0.441049
v 0.331193 -0.008813 0.490982
v 0.318431 0.008123 0.505876
v 0.306209 0.029433 0.512572
v 0.298979 0.053813 0.513872
v 0.298246 0.079068 0.510496
v 0.302566 0.102362 0.501162
v 0.296136 0.053131 0.510855
v 0.401195 0.114715 0.414544
v 0.413418 0.093405 0.407847
v 0.417858 0.020668 0.420104
v 0.393892 -0.011885 0.450036
v 0.376592 -0.017957 0.467705
v 0.306978 0.103420 0.505845
v 0.350275 0.102989 0.465158
v 0.375592 0.096762 0.535670
v 0.380427 0.107678 0.527023
v 0.388633 0.115359 0.517557
v 0.418209 0.112000 0.486910
v 0.440404 0.076722 0.477524
v 0.438794 0.048814 0.485348
v 0.373192 0.068664 0.542655
v 0.372309 0.083129 0.540218
v 0.372287 0.101518 0.542486
v 0.381217 0.107867 0.527861
v 0.389423 0.115549 0.518395
v 0.422740 0.115889 0.489016
v 0.429967 0.103280 0.482978
v 0.437021 0.090982 0.479113
v 0.444780 0.077463 0.476941
v 0.439584 0.049003 0.486187
v 0.436991 0.035460 0.493772
v 0.429114 0.025984 0.504163
v 0.415768 0.026712 0.513658
v 0.404983 0.027727 0.523588
v 0.385208 0.042485 0.538879
v 0.377996 0.117198 0.535430
v 0.399965 0.124528 0.509451
v 0.411946 0.123401 0.498419
v 0.427164 0.123093 0.487784
v 0.438669 0.111489 0.479569
v 0.447448 0.096183 0.474759
v 0.452641 0.078671 0.473826
v 0.453740 0.060669 0.476859
v 0.450638 0.043938 0.483563
v 0.443637 0.030116 0.493281
v 0.433424 0.020556 0.505062
v 0.420998 0.016195 0.517753
v 0.407575 0.017457 0.530111
v 0.394453 0.033161 0.532278
v 0.375548 0.052386 0.550103
v 0.369355 0.085711 0.548820
v 0.368370 0.107155 0.550563
v 0.459180 0.079677 0.471234
v 0.364919 0.088546 0.558019
v 0.430228 0.111131 0.523597
v 0.423165 0.036981 0.541195
v 0.413791 0.041819 0.548931
v 0.403469 0.095938 0.551288
v 0.443608 0.099310 0.512425
v 0.448441 0.090539 0.509423
v 0.451561 0.080566 0.509110
v 0.452189 0.070286 0.510842
v 0.450375 0.060713 0.514612
v 0.446380 0.052819 0.520168
v 0.425643 0.045525 0.541072
v 0.406651 0.064808 0.554783
v 0.403165 0.085120 0.553668
v 0.404937 0.094674 0.549840
v 0.414570 0.108022 0.537377
v 0.436843 0.105926 0.516870
v 0.420723 0.112604 0.489578
v 0.404704 0.027660 0.523292
v 0.394309 0.033127 0.532125
v 0.385066 0.042451 0.538728
v 0.349439 -0.018230 0.475923
v 0.294192 0.078096 0.506192
v 0.300970 0.101979 0.499468
v 0.310716 0.121222 0.485938
v 0.322477 0.133942 0.466926
v 0.409392 0.018637 0.411117
v 0.311418 0.030683 0.518103
v 0.306878 0.103396 0.505740
v 0.417678 0.020625 0.419913
v 0.378989 0.028157 0.459028
v 0.385597 0.034342 0.451406
v 0.390126 0.043284 0.445119
v 0.392133 0.054108 0.440782
v 0.391422 0.065755 0.438819
v 0.388062 0.077084 0.439424
v 0.382383 0.086987 0.442535
v 0.374939 0.094493 0.447850
v 0.366461 0.098870 0.454847
v 0.357777 0.099687 0.462843
v 0.349738 0.096865 0.471053
v 0.336594 0.070914 0.489300
v 0.337305 0.059267 0.491262
v 0.340665 0.047938 0.490658
v 0.346344 0.038035 0.487546
v 0.353788 0.030528 0.482231
v 0.362266 0.026152 0.475234
v 0.370950 0.025335 0.467239
v 0.393795 0.023466 0.446143
v 0.402855 0.050864 0.431416
v 0.401869 0.067007 0.428696
v 0.397212 0.082710 0.429533
v 0.379023 0.106841 0.441213
v 0.367270 0.112907 0.450912
v 0.355234 0.114040 0.461994
v 0.326858 0.058015 0.501386
v 0.331515 0.042312 0.500548
v 0.339387 0.028586 0.496235
v 0.349704 0.018181 0.488869
v 0.361456 0.012115 0.479169
v 0.373493 0.010982 0.468087
v 0.434388 0.033206 0.489237
v 0.440666 0.045601 0.480522
v 0.443448 0.060604 0.474511
v 0.442462 0.076747 0.471790
v 0.437805 0.092450 0.472628
v 0.429933 0.106176 0.476941
v 0.419616 0.116581 0.484307
v 0.407864 0.122647 0.494007
v 0.395827 0.123780 0.505089
v 0.384684 0.119868 0.516469
v 0.375525 0.111296 0.527034
v 0.369248 0.098901 0.535748
v 0.366466 0.083898 0.541760
v 0.367451 0.067755 0.544480
v 0.379980 0.038326 0.539330
v 0.390298 0.027921 0.531963
v 0.402050 0.021855 0.522264
v 0.414086 0.020722 0.511182
v 0.419583 0.037897 0.502123
v 0.426190 0.044082 0.494501
v 0.430719 0.053024 0.488214
v 0.432726 0.063848 0.483876
v 0.432015 0.075495 0.481914
v 0.428656 0.086824 0.482518
v 0.422976 0.096727 0.485630
v 0.415533 0.104234 0.490945
v 0.407054 0.108610 0.497942
v 0.398370 0.109427 0.505937
v 0.390331 0.106605 0.514148
v 0.383723 0.100420 0.521770
v 0.379194 0.091478 0.528057
v 0.377187 0.080654 0.532394
v 0.377898 0.069007 0.534356
v 0.381258 0.057678 0.533752
v 0.386937 0.047775 0.530641
v 0.394381 0.040269 0.525326
v 0.402859 0.035892 0.518329
v 0.411543 0.035075 0.510333
v 0.368823 0.098799 0.535297
v 0.397644 0.082814 0.429992
v 0.384636 0.014894 0.456707
v 0.339819 0.028689 0.496694
v 0.354435 0.047811 0.524880
v 0.349778 0.063514 0.525718
v 0.325872 0.074158 0.498665
v 0.328655 0.089161 0.492654
v 0.334932 0.101556 0.483939
v 0.344091 0.110128 0.473375
v 0.389340 0.096436 0.433846
v 0.400072 0.035861 0.437428
v 0.362307 0.034085 0.520567
v 0.372108 0.052052 0.543643
v 0.362731 0.066622 0.539469
v 0.364527 0.097769 0.530737
v 0.370805 0.110163 0.522022
v 0.379964 0.118736 0.511458
v 0.396667 0.119961 0.482120
v 0.431265 0.074061 0.459904
v 0.432251 0.057917 0.462624
v 0.402889 0.018036 0.499295
v 0.379101 0.025234 0.520076
v 0.425229 0.024634 0.499802
v 0.338601 0.081738 0.484962
v 0.343130 0.090680 0.478675
v 0.356500 0.020109 0.482031
v 0.405586 0.025876 0.498871
v 0.404838 0.025870 0.501009
v 0.403476 0.025736 0.502815
v 0.401635 0.025486 0.504112
v 0.399495 0.025146 0.504773
v 0.397265 0.024748 0.504733
v 0.393395 0.023939 0.502635
v 0.392135 0.023606 0.500782
v 0.391505 0.023366 0.498619
v 0.391567 0.023244 0.496357
v 0.392316 0.023250 0.494219
v 0.393677 0.023384 0.492412
v 0.395518 0.023634 0.491115
v 0.397658 0.023974 0.490454
v 0.399889 0.024372 0.490494
v 0.401991 0.024787 0.491231
v 0.403758 0.025181 0.492593
v 0.408379 0.026214 0.496221
v 0.408292 0.026384 0.499356
v 0.405368 0.026190 0.504824
v 0.402816 0.025844 0.506621
v 0.399850 0.025372 0.507537
v 0.396758 0.024821 0.507482
v 0.393845 0.024245 0.506461
v 0.389648 0.023238 0.502005
v 0.388861 0.022736 0.495872
v 0.389899 0.022744 0.492908
v 0.394337 0.023276 0.488606
v 0.397304 0.023748 0.487690
v 0.400395 0.024299 0.487746
v 0.403309 0.024875 0.488767
v 0.405759 0.025421 0.490654
v 0.411143 0.010610 0.497144
v 0.411057 0.010780 0.500278
v 0.410020 0.010771 0.503243
v 0.408133 0.010585 0.505746
v 0.405581 0.010239 0.507544
v 0.399523 0.009217 0.508405
v 0.396610 0.008640 0.507383
v 0.394160 0.008095 0.505496
v 0.392413 0.007633 0.502927
v 0.391540 0.007301 0.499929
v 0.391626 0.007131 0.496794
v 0.392663 0.007140 0.493830
v 0.394550 0.007326 0.491327
v 0.400069 0.008143 0.488613
v 0.403160 0.008694 0.488668
v 0.406073 0.009271 0.489690
v 0.408523 0.009817 0.491577
v 0.407783 0.009910 0.495369
v 0.408413 0.010149 0.497532
v 0.408351 0.010272 0.499793
v 0.407602 0.010266 0.501932
v 0.406241 0.010131 0.503738
v 0.404400 0.009882 0.505035
v 0.402260 0.009542 0.505696
v 0.400030 0.009144 0.505656
v 0.396160 0.008334 0.503557
v 0.394900 0.008002 0.501704
v 0.394270 0.007762 0.499541
v 0.394332 0.007639 0.497280
v 0.395081 0.007646 0.495141
v 0.396442 0.007780 0.493335
v 0.398283 0.008029 0.492038
v 0.400423 0.008370 0.491377
v 0.402653 0.008767 0.491417
v 0.406523 0.009577 0.493515
v 0.411115 0.010773 0.497134
v 0.410241 0.010441 0.494136
v 0.407506 0.025882 0.493223
v 0.391786 0.022930 0.490404
v 0.391395 0.023699 0.504573
v 0.395406 0.015434 0.506982
v 0.398319 0.016011 0.508003
v 0.401411 0.016562 0.508058
v 0.404377 0.017033 0.507142
v 0.407255 0.026376 0.502320
v 0.404870 0.016065 0.489288
v 0.401956 0.015488 0.488267
v 0.397102 0.007672 0.489529
v 0.391650 0.011937 0.502673
v 0.393838 0.009909 0.505389
v 0.396288 0.010455 0.507276
v 0.410381 0.014914 0.496889
v 0.409508 0.014582 0.493891
v 0.407761 0.014121 0.491322
v 0.399306 0.012448 0.488359
v 0.410270 0.010278 0.494146
v 0.388775 0.022906 0.499007
v 0.395163 0.024333 0.503997
v 0.405019 0.025514 0.494446
v 0.397928 0.008728 0.504919
v 0.402613 0.008993 0.491404
v 0.405648 0.025754 0.496609
v 0.404755 0.009183 0.492154
v 0.402614 0.009768 0.508460
v 0.436464 0.067703 0.455290
v 0.438456 0.070876 0.457738
v 0.438800 0.073028 0.458360
v 0.438650 0.075285 0.458484
v 0.438021 0.077428 0.458099
v 0.435610 0.080560 0.455999
v 0.434065 0.081243 0.454490
v 0.432489 0.081228 0.452862
v 0.431037 0.080517 0.451275
v 0.429850 0.079178 0.449885
v 0.429045 0.077343 0.448827
v 0.428701 0.075191 0.448206
v 0.429481 0.070792 0.448466
v 0.430528 0.068974 0.449322
v 0.433436 0.066976 0.452076
v 0.435012 0.066991 0.453703
v 0.439157 0.067085 0.457992
v 0.440272 0.069628 0.459458
v 0.440750 0.072610 0.460320
v 0.440542 0.075739 0.460492
v 0.439669 0.078708 0.459959
v 0.438217 0.081228 0.458772
v 0.436328 0.083050 0.457048
v 0.434187 0.083997 0.454956
v 0.427229 0.078591 0.447107
v 0.427832 0.069511 0.446606
v 0.431173 0.065169 0.449517
v 0.433315 0.064222 0.451609
v 0.435499 0.064243 0.453866
v 0.426154 0.063867 0.467072
v 0.427799 0.065723 0.468999
v 0.428915 0.068267 0.470464
v 0.429392 0.071249 0.471326
v 0.429184 0.074378 0.471498
v 0.428311 0.077347 0.470965
v 0.426860 0.079866 0.469779
v 0.424970 0.081688 0.468055
v 0.422829 0.082636 0.465962
v 0.420645 0.082615 0.463705
v 0.418632 0.081629 0.461506
v 0.416987 0.079773 0.459579
v 0.415871 0.077229 0.458113
v 0.415394 0.074247 0.457252
v 0.415602 0.071119 0.457079
v 0.417926 0.065630 0.458799
v 0.419815 0.063808 0.460523
v 0.421957 0.062860 0.462616
v 0.424141 0.062881 0.464872
v 0.425106 0.066341 0.466296
v 0.426293 0.067680 0.467687
v 0.427098 0.069515 0.468744
v 0.427442 0.071666 0.469366
v 0.427292 0.073924 0.469490
v 0.426663 0.076066 0.469106
v 0.425615 0.077883 0.468249
v 0.424252 0.079198 0.467006
v 0.421132 0.079867 0.463868
v 0.419679 0.079155 0.462281
v 0.418493 0.077816 0.460891
v 0.417688 0.075981 0.459833
v 0.417343 0.073830 0.459212
v 0.417493 0.071572 0.459087
v 0.418123 0.069430 0.459472
v 0.419170 0.067613 0.460328
v 0.420533 0.066298 0.461572
v 0.423654 0.065629 0.464710
v 0.416474 0.068149 0.457612
v 0.418045 0.065644 0.458684
v 0.437512 0.065229 0.456065
v 0.426959 0.072480 0.446073
v 0.426752 0.075609 0.446245
v 0.429989 0.082990 0.450500
v 0.432002 0.083977 0.452699
v 0.428103 0.082064 0.465019
v 0.429992 0.080242 0.466743
v 0.429284 0.066992 0.447793
v 0.415907 0.077205 0.458147
v 0.417017 0.079734 0.459605
v 0.422826 0.082581 0.465953
v 0.424956 0.081639 0.468034
v 0.426133 0.063917 0.467056
v 0.424131 0.062936 0.464869
v 0.428345 0.081134 0.448573
v 0.432012 0.083921 0.452702
v 0.434184 0.083942 0.454946
v 0.436314 0.083000 0.457027
v 0.440236 0.069653 0.459424
v 0.439126 0.067124 0.457966
v 0.429647 0.081229 0.449929
v 0.432186 0.082943 0.452760
v 0.434141 0.082962 0.454780
v 0.436973 0.079245 0.457243
v 0.437749 0.080482 0.458197
v 0.439440 0.076898 0.459498
v 0.439589 0.070098 0.458811
v 0.438590 0.067821 0.457499
v 0.431891 0.067659 0.450566
v 0.429752 0.067737 0.448368
v 0.428452 0.069992 0.447305
v 0.427671 0.072651 0.446828
v 0.428851 0.072934 0.448081
v 0.427912 0.078122 0.447754
v 0.422707 0.079882 0.465496
v 0.437651 0.069042 0.456680
v 0.422078 0.065614 0.463082
v 0.417255 0.076278 0.459424
v 0.418134 0.078282 0.460579
v 0.432673 0.073573 0.516138
v 0.437727 0.098063 0.505842
v 0.423546 0.108646 0.516808
v 0.415812 0.109374 0.523929
v 0.402766 0.101352 0.538030
v 0.397578 0.073374 0.549241
v 0.427545 0.043152 0.527845
v 0.440590 0.051174 0.513744
v 0.444624 0.059138 0.508144
v 0.446412 0.068779 0.504281
v 0.445778 0.079152 0.502533
v 0.442786 0.089243 0.503071
v 0.431098 0.104749 0.510576
v 0.408652 0.106861 0.531242
v 0.398733 0.093388 0.543630
v 0.396945 0.083747 0.547493
v 0.405629 0.054464 0.545932
v 0.412259 0.047778 0.541198
v 0.419810 0.043880 0.534966
v 0.456532 0.061996 0.520785
v 0.458319 0.071636 0.516922
v 0.457686 0.082010 0.515174
v 0.454694 0.092100 0.515712
v 0.449635 0.100920 0.518484
v 0.443006 0.107606 0.523217
v 0.435454 0.111504 0.529450
v 0.427719 0.112231 0.536571
v 0.420559 0.109718 0.543883
v 0.414674 0.104210 0.550672
v 0.410640 0.096245 0.556272
v 0.408853 0.086604 0.560135
v 0.409486 0.076231 0.561883
v 0.412478 0.066141 0.561345
v 0.424166 0.050635 0.553839
v 0.439452 0.046009 0.540486
v 0.438210 0.068260 0.536628
v 0.440298 0.070215 0.534218
v 0.441730 0.073042 0.532230
v 0.442365 0.076464 0.530859
v 0.442140 0.080146 0.530239
v 0.441078 0.083727 0.530430
v 0.439282 0.086858 0.531414
v 0.436929 0.089231 0.533094
v 0.434249 0.090614 0.535306
v 0.431504 0.090873 0.537833
v 0.428962 0.089981 0.540429
v 0.426873 0.088025 0.542839
v 0.425442 0.085199 0.544826
v 0.424807 0.081777 0.546197
v 0.425032 0.078095 0.546818
v 0.426094 0.074513 0.546627
v 0.430243 0.069010 0.543963
v 0.432923 0.067626 0.541751
v 0.435668 0.067368 0.539223
v 0.421678 0.076263 0.525887
v 0.447417 0.082439 0.553211
v 0.417294 0.057263 0.558315
v 0.457265 0.081909 0.514727
v 0.431718 0.046737 0.547607
v 0.420230 0.049690 0.549661
v 0.400571 0.063284 0.548703
v 0.407430 0.075738 0.559700
v 0.406797 0.086111 0.557952
v 0.408585 0.095752 0.554089
v 0.412618 0.103716 0.548489
v 0.418503 0.109225 0.541701
v 0.447579 0.100427 0.516301
v 0.452638 0.091607 0.513530
v 0.455630 0.081516 0.512992
v 0.456264 0.071143 0.514740
v 0.454476 0.061502 0.518603
v 0.450442 0.053538 0.524202
v 0.416061 0.056967 0.557006
v 0.411582 0.065926 0.560393
v 0.408590 0.076016 0.560932
v 0.407957 0.086390 0.559183
v 0.413778 0.103995 0.549721
v 0.457423 0.071421 0.515971
v 0.455636 0.061781 0.519834
v 0.451602 0.053816 0.525434
v 0.445137 0.048169 0.531607
v 0.411721 0.055925 0.552398
v 0.403670 0.074836 0.555708
v 0.448877 0.090704 0.509537
v 0.451870 0.080614 0.508999
v 0.434705 0.045666 0.520532
v 0.412050 0.066038 0.560890
v 0.409058 0.076128 0.561428
v 0.408424 0.086502 0.559680
v 0.414246 0.104107 0.550217
v 0.441647 0.107280 0.521775
v 0.448973 0.100761 0.517781
v 0.454256 0.091995 0.515248
v 0.457891 0.071534 0.516467
v 0.446184 0.048420 0.532719
v 0.427889 0.071383 0.545643
v 0.434511 0.095162 0.534031
v 0.452498 0.054031 0.526385
v 0.446613 0.048523 0.533173
v 0.430790 0.064044 0.544569
v 0.417537 0.057321 0.558573
v -0.404776 0.104189 0.493946
v -0.403951 0.104278 0.496054
v -0.402516 0.104302 0.497807
v -0.400611 0.104261 0.499033
v -0.398423 0.104158 0.499612
v -0.396166 0.104003 0.499488
v -0.394061 0.103812 0.498672
v -0.392314 0.103603 0.497244
v -0.391096 0.103396 0.495345
v -0.390526 0.103212 0.493159
v -0.390661 0.103069 0.490902
v -0.391486 0.102981 0.488794
v -0.392921 0.102956 0.487041
v -0.394826 0.102997 0.485815
v -0.397014 0.103100 0.485236
v -0.399271 0.103255 0.485361
v -0.401376 0.103446 0.486177
v -0.403123 0.103656 0.487604
v -0.406898 0.103953 0.488376
v -0.407688 0.104207 0.491405
v -0.407501 0.104406 0.494534
v -0.406357 0.104528 0.497456
v -0.404368 0.104562 0.499886
v -0.401727 0.104505 0.501585
v -0.398694 0.104362 0.502387
v -0.395566 0.104148 0.502215
v -0.392648 0.103883 0.501084
v -0.390227 0.103592 0.499105
v -0.388539 0.103306 0.496472
v -0.387936 0.102853 0.490314
v -0.389080 0.102731 0.487392
v -0.391069 0.102696 0.484963
v -0.393710 0.102753 0.483264
v -0.396743 0.102896 0.482461
v -0.399871 0.103111 0.482634
v -0.402789 0.103376 0.483765
v -0.405210 0.103666 0.485743
v -0.406662 0.120013 0.490342
v -0.406476 0.120211 0.493471
v -0.403342 0.120368 0.498823
v -0.400702 0.120311 0.500522
v -0.397669 0.120168 0.501325
v -0.394541 0.119953 0.501152
v -0.391623 0.119688 0.500021
v -0.389202 0.119398 0.498042
v -0.387514 0.119111 0.495409
v -0.386724 0.118856 0.492380
v -0.386911 0.118658 0.489252
v -0.388055 0.118536 0.486330
v -0.390044 0.118502 0.483900
v -0.392685 0.118559 0.482201
v -0.395717 0.118701 0.481398
v -0.398846 0.118916 0.481571
v -0.401763 0.119181 0.482702
v -0.404185 0.119471 0.484681
v -0.403316 0.119668 0.488441
v -0.403886 0.119852 0.490626
v -0.403751 0.119995 0.492884
v -0.402926 0.120083 0.494992
v -0.401491 0.120108 0.496745
v -0.399586 0.120067 0.497970
v -0.397397 0.119964 0.498549
v -0.395140 0.119809 0.498425
v -0.393035 0.119617 0.497609
v -0.391288 0.119408 0.496181
v -0.390071 0.119201 0.494282
v -0.389501 0.119017 0.492097
v -0.389635 0.118874 0.489840
v -0.390461 0.118786 0.487731
v -0.391896 0.118761 0.485978
v -0.393801 0.118803 0.484752
v -0.395989 0.118906 0.484173
v -0.398246 0.119060 0.484298
v -0.400351 0.119252 0.485114
v -0.402098 0.119461 0.486542
v -0.392695 0.118393 0.482212
v -0.390055 0.118336 0.483911
v -0.388065 0.118371 0.486341
v -0.386735 0.118691 0.492392
v -0.387524 0.118946 0.495421
v -0.389213 0.119232 0.498053
v -0.391634 0.119522 0.500032
v -0.394552 0.119788 0.501163
v -0.397680 0.120002 0.501336
v -0.400713 0.120145 0.500533
v -0.403353 0.120202 0.498834
v -0.406673 0.119847 0.490354
v -0.405884 0.119592 0.487325
v -0.404196 0.119306 0.484692
v -0.401774 0.119016 0.482713
v -0.398857 0.118751 0.481582
v -0.395728 0.118536 0.481409
v -0.393699 0.102921 0.483252
v -0.391058 0.102864 0.484951
v -0.389069 0.102899 0.487381
v -0.387925 0.103021 0.490303
v -0.387739 0.103219 0.493432
v -0.388528 0.103474 0.496461
v -0.390216 0.103761 0.499093
v -0.392637 0.104051 0.501072
v -0.395555 0.104316 0.502203
v -0.398684 0.104531 0.502376
v -0.401716 0.104673 0.501573
v -0.404357 0.104730 0.499874
v -0.406346 0.104696 0.497445
v -0.407490 0.104574 0.494522
v -0.407677 0.104376 0.491394
v -0.406887 0.104121 0.488365
v -0.405199 0.103834 0.485732
v -0.402778 0.103544 0.483754
v -0.399860 0.103279 0.482622
v -0.396732 0.103064 0.482450
v -0.393131 0.111677 0.482663
v -0.390491 0.111620 0.484363
v -0.388501 0.111655 0.486792
v -0.387357 0.111777 0.489714
v -0.387171 0.111975 0.492843
v -0.387960 0.112230 0.495872
v -0.389648 0.112517 0.498505
v -0.392069 0.112807 0.500484
v -0.394987 0.113072 0.501615
v -0.398116 0.113286 0.501787
v -0.401148 0.113429 0.500985
v -0.403789 0.113486 0.499285
v -0.405778 0.113452 0.496856
v -0.406922 0.113330 0.493934
v -0.407109 0.113131 0.490805
v -0.406319 0.112877 0.487776
v -0.404631 0.112590 0.485143
v -0.402210 0.112300 0.483165
v -0.399292 0.112035 0.482034
v -0.396164 0.111820 0.481861
v -0.392804 0.116721 0.482324
v -0.390163 0.116664 0.484024
v -0.388174 0.116698 0.486453
v -0.387030 0.116820 0.489375
v -0.386844 0.117019 0.492504
v -0.387633 0.117273 0.495533
v -0.389321 0.117560 0.498166
v -0.391742 0.117850 0.500144
v -0.394660 0.118115 0.501275
v -0.397788 0.118330 0.501448
v -0.400821 0.118473 0.500646
v -0.403462 0.118530 0.498946
v -0.405451 0.118495 0.496517
v -0.406595 0.118373 0.493595
v -0.406782 0.118175 0.490466
v -0.405992 0.117920 0.487437
v -0.404304 0.117633 0.484805
v -0.401883 0.117343 0.482826
v -0.398965 0.117078 0.481695
v -0.395837 0.116864 0.481522
v -0.387565 0.119113 0.495387
v -0.389243 0.119398 0.498005
v -0.391651 0.119687 0.499973
v -0.394553 0.119950 0.501098
v -0.397664 0.120164 0.501270
v -0.406422 0.120207 0.493459
v -0.405873 0.119758 0.487314
v -0.404143 0.119471 0.484718
v -0.398834 0.118919 0.481625
v -0.395723 0.118706 0.481454
v -0.392707 0.118564 0.482252
v -0.387749 0.103051 0.493443
v -0.388590 0.103308 0.496449
v -0.392677 0.103881 0.501035
v -0.395578 0.104145 0.502160
v -0.398689 0.104358 0.502332
v -0.401705 0.104500 0.501534
v -0.406847 0.103951 0.488399
v -0.405168 0.103666 0.485781
v -0.402760 0.103377 0.483813
v -0.399859 0.103114 0.482688
v -0.391107 0.102702 0.485005
v -0.388794 0.103112 0.493336
v -0.390256 0.103468 0.497227
v -0.394486 0.103975 0.500683
v -0.398592 0.104286 0.501344
v -0.401307 0.104413 0.500625
v -0.403671 0.104465 0.499104
v -0.404341 0.103863 0.489504
v -0.404425 0.103662 0.486443
v -0.399646 0.103165 0.483659
v -0.396845 0.102973 0.483505
v -0.394130 0.102845 0.484223
v -0.391766 0.102794 0.485744
v -0.388961 0.102934 0.490535
v -0.393050 0.119389 0.497624
v -0.391303 0.119179 0.496197
v -0.390085 0.118973 0.494297
v -0.389516 0.118789 0.492112
v -0.389650 0.118646 0.489855
v -0.390476 0.118557 0.487747
v -0.391911 0.118533 0.485994
v -0.393816 0.118574 0.484768
v -0.396004 0.118677 0.484189
v -0.398261 0.118832 0.484313
v -0.400366 0.119023 0.485129
v -0.402113 0.119232 0.486557
v -0.403331 0.119439 0.488456
v -0.403900 0.119623 0.490642
v -0.403766 0.119766 0.492899
v -0.402941 0.119854 0.495007
v -0.401505 0.119879 0.496760
v -0.399600 0.119838 0.497986
v -0.397412 0.119735 0.498565
v -0.395155 0.119580 0.498440
v -0.392274 0.104218 0.497203
v -0.391056 0.104011 0.495303
v -0.390621 0.103684 0.490861
v -0.391446 0.103596 0.488753
v -0.392882 0.103571 0.487000
v -0.394787 0.103612 0.485774
v -0.396975 0.103715 0.485195
v -0.401337 0.104061 0.486135
v -0.403084 0.104271 0.487563
v -0.404301 0.104477 0.489462
v -0.404911 0.104046 0.491689
v -0.404736 0.104804 0.493905
v -0.403911 0.104892 0.496013
v -0.402476 0.104917 0.497766
v -0.400571 0.104876 0.498992
v -0.398383 0.104773 0.499571
v -0.396126 0.104618 0.499446
v -0.400687 0.119235 0.484540
v -0.398389 0.119026 0.483649
v -0.395924 0.118857 0.483513
v -0.390672 0.118713 0.486441
v -0.388840 0.118979 0.492164
v -0.392699 0.119634 0.498183
v -0.394998 0.119843 0.499074
v -0.397462 0.120012 0.499210
v -0.399851 0.120125 0.498578
v -0.405332 0.120333 0.496393
v -0.373132 0.100699 0.439673
v -0.383949 0.093707 0.430907
v -0.392883 0.082779 0.424313
v -0.399058 0.068983 0.420535
v -0.401871 0.053671 0.419942
v -0.401046 0.038341 0.422595
v -0.416936 0.006101 0.412465
v -0.404661 -0.011892 0.425654
v -0.379249 0.006392 0.446013
v -0.369963 -0.027543 0.458533
v -0.356280 0.006279 0.466496
v -0.345463 0.013270 0.475262
v -0.336530 0.024199 0.481856
v -0.330354 0.037994 0.485634
v -0.327542 0.053306 0.486226
v -0.305314 0.078245 0.502916
v -0.332749 0.082484 0.477937
v -0.340260 0.093493 0.469868
v -0.340937 0.130463 0.464641
v -0.361490 0.103069 0.449751
v -0.378477 0.130647 0.431165
v -0.396157 0.119220 0.416839
v -0.410757 0.101360 0.406061
v -0.420850 0.078813 0.399886
v -0.425447 0.053787 0.398918
v -0.424099 0.028732 0.403253
v -0.388475 -0.023485 0.441528
v -0.350935 -0.023670 0.475004
v -0.333256 -0.012243 0.489330
v -0.318656 0.005618 0.500108
v -0.308562 0.028165 0.506283
v -0.303965 0.053190 0.507251
v -0.312476 0.100877 0.493703
v -0.324751 0.118870 0.480515
v -0.359450 0.134521 0.447636
v -0.386766 0.131810 0.440466
v -0.404445 0.120383 0.426140
v -0.419046 0.102523 0.415362
v -0.429139 0.079976 0.409187
v -0.433736 0.054950 0.408219
v -0.432388 0.029895 0.412554
v -0.425225 0.007263 0.421767
v -0.412950 -0.010729 0.434955
v -0.396764 -0.022322 0.450829
v -0.378251 -0.026380 0.467834
v -0.359224 -0.022507 0.484305
v -0.341545 -0.011080 0.498631
v -0.326944 0.006781 0.509409
v -0.316851 0.029328 0.515584
v -0.312254 0.054354 0.516552
v -0.313602 0.079408 0.512217
v -0.320765 0.102040 0.503004
v -0.333040 0.120033 0.489816
v -0.349226 0.131626 0.473942
v -0.367739 0.135684 0.456937
v -0.364706 0.053489 0.453084
v -0.338718 0.068939 0.491144
v -0.337940 0.054480 0.493646
v -0.340593 0.040037 0.493088
v -0.346418 0.027024 0.489524
v -0.354844 0.016716 0.483304
v -0.365047 0.010122 0.475036
v -0.376028 0.007886 0.465530
v -0.386713 0.010228 0.455716
v -0.407272 0.040364 0.433626
v -0.405397 0.069267 0.431683
v -0.399572 0.082279 0.435247
v -0.391146 0.092587 0.441467
v -0.380942 0.099182 0.449735
v -0.369961 0.101417 0.459241
v -0.359277 0.099075 0.469055
v -0.420515 0.091510 0.546445
v -0.415295 0.083858 0.552054
v -0.412249 0.074233 0.555972
v -0.411675 0.063577 0.557816
v -0.413630 0.052934 0.557404
v -0.417923 0.043345 0.554778
v -0.424132 0.035748 0.550194
v -0.431651 0.030889 0.544101
v -0.439744 0.029241 0.537096
v -0.454501 0.035897 0.523113
v -0.459721 0.043550 0.517504
v -0.462767 0.053175 0.513586
v -0.463341 0.063831 0.511742
v -0.461386 0.074474 0.512154
v -0.457093 0.084063 0.514780
v -0.450884 0.091659 0.519364
v -0.443365 0.096519 0.525457
v -0.435273 0.098167 0.532462
v -0.427399 0.096441 0.539694
v -0.398863 0.092647 0.553735
v -0.394365 0.078433 0.559521
v -0.393518 0.062697 0.562243
v -0.396405 0.046979 0.561635
v -0.402744 0.032819 0.557757
v -0.411914 0.021601 0.550988
v -0.423018 0.014425 0.541991
v -0.434968 0.011992 0.531646
v -0.446595 0.014540 0.520966
v -0.456760 0.021821 0.510996
v -0.464470 0.033122 0.502713
v -0.468968 0.047336 0.496927
v -0.469815 0.063071 0.494205
v -0.466928 0.078789 0.494812
v -0.460589 0.092950 0.498690
v -0.451419 0.104167 0.505460
v -0.440315 0.111344 0.514457
v -0.428365 0.113777 0.524802
v -0.416738 0.111228 0.535482
v -0.406572 0.103947 0.545452
v -0.419888 0.091123 0.545437
v -0.414719 0.083546 0.550990
v -0.411704 0.074017 0.554869
v -0.411136 0.063467 0.556694
v -0.413072 0.052929 0.556287
v -0.417321 0.043435 0.553687
v -0.423470 0.035914 0.549149
v -0.430914 0.031103 0.543116
v -0.438926 0.029471 0.536180
v -0.446721 0.031180 0.529020
v -0.453537 0.036062 0.522336
v -0.458705 0.043638 0.516783
v -0.461721 0.053168 0.512903
v -0.462289 0.063718 0.511078
v -0.460353 0.074256 0.511486
v -0.456103 0.083750 0.514086
v -0.449955 0.091271 0.518624
v -0.442511 0.096082 0.524656
v -0.434499 0.097713 0.531592
v -0.426704 0.096004 0.538753
v -0.382166 0.060685 0.543274
v -0.384819 0.046242 0.542716
v -0.390644 0.033230 0.539152
v -0.399070 0.022922 0.532932
v -0.409273 0.016327 0.524664
v -0.420254 0.014092 0.515158
v -0.430938 0.016434 0.505344
v -0.447364 0.033508 0.488571
v -0.451497 0.046570 0.483254
v -0.452275 0.061029 0.480753
v -0.449622 0.075472 0.481311
v -0.443798 0.088485 0.484875
v -0.435371 0.098793 0.491095
v -0.425168 0.105387 0.499363
v -0.414187 0.107623 0.508869
v -0.394161 0.098590 0.527844
v -0.387077 0.088206 0.535456
v -0.382944 0.075145 0.540772
v -0.373068 0.061360 0.562088
v -0.376812 0.040980 0.561300
v -0.373767 0.061458 0.562872
v -0.377511 0.041078 0.562084
v -0.385032 0.022618 0.556271
v -0.385731 0.022716 0.557055
v -0.396922 0.008072 0.547494
v -0.397621 0.008170 0.548278
v -0.411319 -0.001233 0.535827
v -0.412019 -0.001135 0.536611
v -0.426815 -0.004388 0.522413
v -0.427514 -0.004290 0.523197
v -0.441891 -0.001083 0.508565
v -0.442590 -0.000985 0.509349
v -0.455073 0.008358 0.495637
v -0.455772 0.008456 0.496422
v -0.465069 0.023011 0.484897
v -0.465768 0.023109 0.485681
v -0.470902 0.041441 0.477394
v -0.471601 0.041539 0.478179
v -0.472000 0.061846 0.473864
v -0.472699 0.061944 0.474649
v -0.468256 0.082226 0.474652
v -0.468956 0.082324 0.475437
v -0.460037 0.100588 0.479681
v -0.460736 0.100686 0.480465
v -0.448146 0.115134 0.488458
v -0.448845 0.115232 0.489243
v -0.433749 0.124439 0.500125
v -0.434448 0.124537 0.500909
v -0.418254 0.127594 0.513539
v -0.418953 0.127692 0.514324
v -0.403177 0.124289 0.527387
v -0.403876 0.124387 0.528172
v -0.389996 0.114848 0.540315
v -0.390695 0.114946 0.541099
v -0.379999 0.100195 0.551056
v -0.380698 0.100293 0.551840
v -0.374166 0.081764 0.558558
v -0.374866 0.081862 0.559342
v -0.466880 0.026786 0.493315
v -0.457673 0.013291 0.503207
v -0.445533 0.004596 0.515112
v -0.431649 0.001553 0.527866
v -0.417378 0.004458 0.540220
v -0.404118 0.013028 0.550965
v -0.393167 0.026424 0.559049
v -0.385597 0.043335 0.563680
v -0.382150 0.062105 0.564406
v -0.383161 0.080896 0.561155
v -0.388532 0.097871 0.554245
v -0.397739 0.111366 0.544353
v -0.409879 0.120061 0.532448
v -0.423764 0.123104 0.519694
v -0.438035 0.120199 0.507340
v -0.451294 0.111629 0.496595
v -0.462245 0.098233 0.488511
v -0.469815 0.081322 0.483880
v -0.473263 0.062552 0.483154
v -0.472252 0.043760 0.486405
v -0.461573 0.038971 0.510808
v -0.465253 0.050598 0.506075
v -0.465946 0.063469 0.503848
v -0.463584 0.076325 0.504346
v -0.458399 0.087908 0.507518
v -0.450898 0.097084 0.513055
v -0.441816 0.102954 0.520414
v -0.432042 0.104944 0.528876
v -0.422531 0.102859 0.537612
v -0.414216 0.096904 0.545766
v -0.407910 0.087660 0.552542
v -0.404231 0.076034 0.557274
v -0.403538 0.063163 0.559501
v -0.405899 0.050306 0.559004
v -0.411084 0.038723 0.555832
v -0.418585 0.029548 0.550295
v -0.427667 0.023678 0.542935
v -0.437442 0.021688 0.534474
v -0.446952 0.023772 0.525738
v -0.455268 0.029728 0.517583
v -0.446474 0.031979 0.529140
v -0.453122 0.036740 0.522621
v -0.458163 0.044130 0.517204
v -0.461105 0.053425 0.513421
v -0.461659 0.063715 0.511640
v -0.459770 0.073993 0.512038
v -0.455625 0.083253 0.514574
v -0.449629 0.090588 0.519000
v -0.442368 0.095281 0.524884
v -0.434554 0.096872 0.531649
v -0.426951 0.095205 0.538633
v -0.420303 0.090444 0.545152
v -0.415262 0.083055 0.550569
v -0.412320 0.073760 0.554352
v -0.411766 0.063470 0.556132
v -0.413654 0.053192 0.555735
v -0.417799 0.043932 0.553199
v -0.423796 0.036596 0.548772
v -0.431057 0.031904 0.542889
v -0.438871 0.030313 0.536124
v -0.441653 0.071358 0.535917
v -0.443315 0.070283 0.534570
v -0.444688 0.068604 0.533557
v -0.445637 0.066485 0.532976
v -0.446069 0.064132 0.532885
v -0.445942 0.061776 0.533293
v -0.445269 0.059649 0.534159
v -0.444115 0.057957 0.535399
v -0.442593 0.056867 0.536891
v -0.440853 0.056486 0.538490
v -0.439064 0.056850 0.540038
v -0.437402 0.057924 0.541385
v -0.436029 0.059603 0.542399
v -0.435080 0.061723 0.542979
v -0.434648 0.064076 0.543070
v -0.434775 0.066431 0.542663
v -0.435448 0.068559 0.541796
v -0.436602 0.070251 0.540556
v -0.438124 0.071340 0.539064
v -0.439864 0.071722 0.537465
v -0.449094 0.033015 0.532398
v -0.455607 0.037680 0.526011
v -0.460546 0.044920 0.520704
v -0.463428 0.054026 0.516997
v -0.463970 0.064108 0.515253
v -0.462120 0.074177 0.515642
v -0.458059 0.083250 0.518127
v -0.452185 0.090436 0.522464
v -0.445071 0.095034 0.528228
v -0.437415 0.096593 0.534856
v -0.429966 0.094960 0.541698
v -0.423453 0.090295 0.548085
v -0.418514 0.083055 0.553392
v -0.415632 0.073949 0.557099
v -0.415089 0.063868 0.558843
v -0.416939 0.053798 0.558454
v -0.421000 0.044726 0.555969
v -0.426875 0.037539 0.551632
v -0.433989 0.032941 0.545868
v -0.441645 0.031382 0.539240
v -0.447815 0.066330 0.545759
v -0.448092 0.066150 0.545535
v -0.447601 0.065120 0.546105
v -0.448321 0.065870 0.545366
v -0.448480 0.065517 0.545269
v -0.448552 0.065125 0.545254
v -0.448531 0.064732 0.545322
v -0.448418 0.064377 0.545466
v -0.448226 0.064095 0.545673
v -0.447972 0.063913 0.545922
v -0.447682 0.063849 0.546188
v -0.447383 0.063910 0.546447
v -0.447106 0.064089 0.546671
v -0.446877 0.064369 0.546840
v -0.446719 0.064723 0.546937
v -0.446647 0.065115 0.546952
v -0.446668 0.065508 0.546884
v -0.446780 0.065863 0.546740
v -0.446973 0.066145 0.546533
v -0.447227 0.066327 0.546284
v -0.447517 0.066390 0.546017
v -0.336672 0.054302 0.492223
v -0.339325 0.039859 0.491665
v -0.345150 0.026846 0.488101
v -0.353576 0.016538 0.481881
v -0.363780 0.009944 0.473613
v -0.374761 0.007708 0.464107
v -0.385445 0.010050 0.454293
v -0.396054 0.016919 0.446555
v -0.401870 0.027125 0.437521
v -0.406004 0.040186 0.432204
v -0.406782 0.054646 0.429702
v -0.404129 0.069089 0.430261
v -0.398304 0.082101 0.433824
v -0.389878 0.092409 0.440045
v -0.379675 0.099004 0.448312
v -0.368693 0.101239 0.457819
v -0.359685 0.099133 0.469513
v -0.348668 0.092207 0.476794
v -0.342852 0.082001 0.485828
v -0.337450 0.068762 0.489722
v -0.365284 0.058316 0.524330
v -0.367937 0.043873 0.523772
v -0.373762 0.030861 0.520208
v -0.382188 0.020553 0.513988
v -0.392391 0.013959 0.505720
v -0.396581 0.010770 0.488593
v -0.407265 0.013112 0.478779
v -0.423398 0.020755 0.477239
v -0.430482 0.031140 0.469627
v -0.435394 0.058661 0.461809
v -0.432741 0.073104 0.462367
v -0.426916 0.086116 0.465931
v -0.418489 0.096424 0.472151
v -0.408286 0.103018 0.480419
v -0.397305 0.105254 0.489925
v -0.363404 0.084884 0.508891
v -0.366062 0.072776 0.521828
v -0.373335 0.059446 0.533364
v -0.375988 0.045003 0.532806
v -0.381813 0.031991 0.529242
v -0.390239 0.021683 0.523022
v -0.400442 0.015088 0.514754
v -0.411423 0.012853 0.505248
v -0.422107 0.015195 0.495434
v -0.431449 0.021885 0.486273
v -0.438533 0.032269 0.478662
v -0.438641 0.044766 0.468828
v -0.443445 0.059790 0.470843
v -0.440792 0.074233 0.471402
v -0.434967 0.087246 0.474966
v -0.426540 0.097554 0.481186
v -0.416337 0.104148 0.489454
v -0.405357 0.106384 0.498960
v -0.390647 0.103477 0.504256
v -0.381305 0.096786 0.513418
v -0.378247 0.086967 0.525546
v -0.374113 0.073906 0.530863
v -0.414710 0.063822 0.558533
v -0.416564 0.053729 0.558143
v -0.420634 0.044635 0.555653
v -0.426523 0.037431 0.551305
v -0.433654 0.032823 0.545527
v -0.448795 0.032897 0.532025
v -0.455323 0.037573 0.525623
v -0.460274 0.044830 0.520304
v -0.463162 0.053957 0.516589
v -0.463706 0.064063 0.514840
v -0.461852 0.074156 0.515230
v -0.457781 0.083250 0.517721
v -0.451892 0.090454 0.522068
v -0.444762 0.095062 0.527846
v -0.437088 0.096625 0.534489
v -0.429621 0.094988 0.541348
v -0.423093 0.090312 0.547750
v -0.418142 0.083055 0.553069
v -0.411900 0.063486 0.556241
v -0.413786 0.053216 0.555844
v -0.417928 0.043964 0.553310
v -0.423919 0.036634 0.548887
v -0.431174 0.031945 0.543008
v -0.438982 0.030355 0.536249
v -0.458259 0.044162 0.517344
v -0.461198 0.053449 0.513564
v -0.461751 0.063730 0.511785
v -0.459865 0.074000 0.512182
v -0.455723 0.083253 0.514716
v -0.449731 0.090582 0.519139
v -0.442477 0.095271 0.525018
v -0.420429 0.090438 0.545269
v -0.413078 0.063627 0.557202
v -0.414951 0.053431 0.556808
v -0.419063 0.044245 0.554292
v -0.425011 0.036968 0.549901
v -0.432214 0.032313 0.544065
v -0.439966 0.030735 0.537354
v -0.447508 0.032388 0.530426
v -0.454103 0.037111 0.523959
v -0.462022 0.053662 0.514832
v -0.462571 0.063870 0.513066
v -0.459977 0.074009 0.512354
v -0.456586 0.083251 0.515976
v -0.450638 0.090528 0.520367
v -0.443435 0.095183 0.526204
v -0.435683 0.096762 0.532915
v -0.428141 0.095108 0.539843
v -0.420529 0.090434 0.545362
v -0.415409 0.083055 0.550697
v -0.413628 0.073834 0.555436
v -0.436000 0.066336 0.543097
v -0.435884 0.064183 0.543470
v -0.436279 0.062032 0.543387
v -0.437146 0.060094 0.542856
v -0.438401 0.058559 0.541930
v -0.439921 0.057577 0.540698
v -0.441556 0.057244 0.539283
v -0.444538 0.058589 0.536457
v -0.445593 0.060136 0.535324
v -0.446209 0.062081 0.534532
v -0.446325 0.064234 0.534159
v -0.445929 0.066385 0.534242
v -0.445062 0.068323 0.534773
v -0.443807 0.069858 0.535699
v -0.442288 0.070840 0.536931
v -0.440652 0.071173 0.538346
v -0.439061 0.070824 0.539808
v -0.437670 0.069828 0.541172
v -0.436615 0.068281 0.542305
v -0.430420 0.064031 0.546479
v -0.431159 0.060010 0.546324
v -0.432781 0.056388 0.545332
v -0.435126 0.053518 0.543600
v -0.437967 0.051682 0.541298
v -0.441024 0.051060 0.538652
v -0.443998 0.051712 0.535920
v -0.446599 0.053574 0.533370
v -0.448571 0.056465 0.531251
v -0.449721 0.060101 0.529770
v -0.449938 0.064127 0.529074
v -0.449200 0.068147 0.529230
v -0.447578 0.071770 0.530222
v -0.445232 0.074639 0.531953
v -0.442392 0.076475 0.534255
v -0.439335 0.077098 0.536901
v -0.436361 0.076446 0.539633
v -0.433760 0.074583 0.542184
v -0.431788 0.071692 0.544303
v -0.430637 0.068056 0.545783
v -0.417069 0.063889 0.557247
v -0.418775 0.054600 0.556888
v -0.422521 0.046231 0.554596
v -0.427940 0.039602 0.550595
v -0.434502 0.035361 0.545278
v -0.441565 0.033923 0.539164
v -0.448436 0.035429 0.532852
v -0.454444 0.039732 0.526961
v -0.459000 0.046410 0.522066
v -0.461658 0.054810 0.518646
v -0.462159 0.064110 0.517037
v -0.460452 0.073399 0.517397
v -0.456706 0.081767 0.519688
v -0.451287 0.088397 0.523689
v -0.444725 0.092638 0.529006
v -0.437663 0.094076 0.535120
v -0.430792 0.092569 0.541431
v -0.424784 0.088267 0.547323
v -0.420228 0.081588 0.552218
v -0.417569 0.073188 0.555638
v -0.451710 0.076229 0.480565
v -0.445617 0.089841 0.484293
v -0.436803 0.100624 0.490800
v -0.426130 0.107522 0.499448
v -0.414643 0.109861 0.509392
v -0.403503 0.105281 0.518683
v -0.393695 0.100412 0.529242
v -0.386284 0.089550 0.537204
v -0.381960 0.075887 0.542765
v -0.381146 0.060761 0.545382
v -0.383922 0.045653 0.544798
v -0.390015 0.032041 0.541070
v -0.398829 0.021258 0.534563
v -0.409502 0.014360 0.525915
v -0.420989 0.012021 0.515971
v -0.432165 0.014471 0.505705
v -0.441937 0.021470 0.496121
v -0.449347 0.032332 0.488160
v -0.453672 0.045995 0.482598
v -0.454486 0.061121 0.479981
v -0.445474 0.074890 0.476656
v -0.439649 0.087903 0.480220
v -0.431223 0.098211 0.486440
v -0.421020 0.104805 0.494708
v -0.410039 0.107041 0.504214
v -0.399355 0.104699 0.514028
v -0.390013 0.098008 0.523189
v -0.382929 0.087624 0.530801
v -0.378796 0.074563 0.536117
v -0.378017 0.060103 0.538619
v -0.380670 0.045660 0.538060
v -0.386495 0.032648 0.534497
v -0.394922 0.022340 0.528277
v -0.405125 0.015745 0.520009
v -0.416106 0.013510 0.510503
v -0.426790 0.015852 0.500689
v -0.436131 0.022542 0.491527
v -0.443215 0.032926 0.483916
v -0.447349 0.045987 0.478599
v -0.448127 0.060447 0.476098
v -0.356928 0.017009 0.485643
v -0.367131 0.010414 0.477375
v -0.378113 0.008179 0.467869
v -0.388797 0.010521 0.458055
v -0.403138 0.027303 0.438943
v -0.409356 0.040657 0.435965
v -0.408050 0.054824 0.431125
v -0.407481 0.069559 0.434022
v -0.401656 0.082572 0.437586
v -0.393230 0.092880 0.443806
v -0.383027 0.099474 0.452074
v -0.372046 0.101710 0.461580
v -0.349936 0.092385 0.478216
v -0.340802 0.069232 0.493483
v -0.340024 0.054772 0.495985
v -0.342677 0.040329 0.495427
v -0.348502 0.027317 0.491863
v -0.368606 0.018647 0.498746
v -0.378809 0.012053 0.490478
v -0.409815 0.018850 0.461997
v -0.416899 0.029234 0.454386
v -0.421033 0.042295 0.449069
v -0.421811 0.056755 0.446567
v -0.419158 0.071198 0.447126
v -0.413333 0.084210 0.450689
v -0.404907 0.094518 0.456910
v -0.394704 0.101113 0.465178
v -0.383723 0.103348 0.474684
v -0.373039 0.101006 0.484498
v -0.363697 0.094316 0.493659
v -0.352480 0.070870 0.506587
v -0.351701 0.056411 0.509088
v -0.354355 0.041968 0.508530
v -0.360179 0.028955 0.504966
v -0.337226 -0.011686 0.493785
v -0.354905 -0.023113 0.479459
v -0.373932 -0.026987 0.462987
v -0.391663 -0.023038 0.445105
v -0.407850 -0.011445 0.429231
v -0.420906 0.006657 0.416920
v -0.428068 0.029289 0.407707
v -0.429417 0.054344 0.403373
v -0.424820 0.079370 0.404340
v -0.396726 0.119300 0.417478
v -0.382447 0.131204 0.435619
v -0.344907 0.131020 0.469096
v -0.327940 0.119317 0.484093
v -0.316446 0.101434 0.498158
v -0.309283 0.078802 0.507371
v -0.307935 0.053747 0.511705
v -0.312532 0.028722 0.510738
v -0.322625 0.006175 0.504562
v -0.333662 -0.012186 0.489785
v -0.388881 -0.023429 0.441983
v -0.405067 -0.011835 0.426109
v -0.417342 0.006157 0.412920
v -0.424504 0.028789 0.403708
v -0.359855 0.134577 0.448091
v -0.308968 0.028222 0.506738
v -0.319061 0.005675 0.500563
v -0.344267 -0.005389 0.495494
v -0.360416 -0.015827 0.482408
v -0.377796 -0.019365 0.467362
v -0.394706 -0.015658 0.451829
v -0.409491 -0.005069 0.437330
v -0.427246 0.032038 0.416868
v -0.428477 0.054924 0.412909
v -0.424278 0.077783 0.413792
v -0.415059 0.098378 0.419433
v -0.385574 0.125130 0.442363
v -0.368194 0.128669 0.457409
v -0.351284 0.124962 0.472942
v -0.336499 0.114372 0.487441
v -0.318744 0.077265 0.507903
v -0.317512 0.054379 0.511863
v -0.321712 0.031520 0.510979
v -0.330931 0.010925 0.505338
v -0.356264 0.019683 0.481668
v -0.365669 0.013605 0.474047
v -0.375791 0.011544 0.465284
v -0.385640 0.013703 0.456237
v -0.394250 0.019870 0.447793
v -0.404591 0.041481 0.435876
v -0.402863 0.068124 0.434084
v -0.397493 0.080118 0.437370
v -0.389726 0.089620 0.443103
v -0.380321 0.095699 0.450724
v -0.370199 0.097760 0.459487
v -0.360350 0.095601 0.468534
v -0.351739 0.089434 0.476978
v -0.345209 0.079862 0.483994
v -0.340682 0.054493 0.491201
v -0.348496 0.029185 0.487402
v -0.389870 0.033121 0.538284
v -0.419481 0.013983 0.514290
v -0.439506 0.023016 0.495315
v -0.446590 0.033400 0.487703
v -0.450724 0.046461 0.482386
v -0.451502 0.060921 0.479885
v -0.448849 0.075364 0.480443
v -0.443024 0.088376 0.484007
v -0.434597 0.098684 0.490227
v -0.424394 0.105279 0.498495
v -0.393388 0.098482 0.526976
v -0.386304 0.088098 0.534588
v -0.382170 0.075036 0.539904
v -0.381392 0.060577 0.542406
v -0.384045 0.046134 0.541847
v -0.389181 0.030464 0.543614
v -0.398510 0.019051 0.536727
v -0.409806 0.011750 0.527574
v -0.421964 0.009275 0.517049
v -0.433793 0.011868 0.506183
v -0.444136 0.019275 0.496040
v -0.451979 0.030772 0.487614
v -0.456555 0.045233 0.481727
v -0.457417 0.061242 0.478957
v -0.454480 0.077233 0.479575
v -0.448031 0.091640 0.483521
v -0.438701 0.103052 0.490408
v -0.427405 0.110353 0.499562
v -0.415247 0.112829 0.510086
v -0.403418 0.110236 0.520952
v -0.393076 0.102828 0.531095
v -0.385232 0.091331 0.539522
v -0.380656 0.076870 0.545408
v -0.379794 0.060861 0.548178
v -0.382732 0.044870 0.547560
v -0.387305 0.026917 0.549336
v -0.397792 0.014088 0.541595
v -0.410491 0.005880 0.531305
v -0.424157 0.003098 0.519474
v -0.437454 0.006013 0.507260
v -0.449080 0.014339 0.495858
v -0.457897 0.027263 0.486385
v -0.463041 0.043519 0.479768
v -0.464010 0.061515 0.476655
v -0.460708 0.079490 0.477350
v -0.453459 0.095685 0.481785
v -0.442971 0.108514 0.489527
v -0.430273 0.116721 0.499816
v -0.416606 0.119504 0.511647
v -0.403309 0.116589 0.523861
v -0.391683 0.108262 0.535263
v -0.382866 0.095338 0.544736
v -0.377722 0.079083 0.551353
v -0.376754 0.061087 0.554466
v -0.380055 0.043111 0.553771
v -0.385398 0.023310 0.555154
v -0.397062 0.009041 0.546543
v -0.411186 -0.000087 0.535098
v -0.426386 -0.003182 0.521939
v -0.441176 0.000060 0.508354
v -0.454107 0.009321 0.495673
v -0.463913 0.023696 0.485137
v -0.469635 0.041776 0.477777
v -0.470713 0.061792 0.474314
v -0.467040 0.081785 0.475087
v -0.458977 0.099798 0.480020
v -0.447313 0.114067 0.488630
v -0.433189 0.123196 0.500075
v -0.417988 0.126290 0.513234
v -0.403198 0.123048 0.526819
v -0.390267 0.113787 0.539501
v -0.380461 0.099412 0.550038
v -0.374739 0.081332 0.557397
v -0.373662 0.061316 0.560860
v -0.377334 0.041323 0.560087
v -0.447617 0.030967 0.529864
v -0.454626 0.034891 0.522211
v -0.460023 0.042803 0.516411
v -0.463173 0.052754 0.512361
v -0.463766 0.063772 0.510455
v -0.461744 0.074776 0.510880
v -0.457306 0.084690 0.513595
v -0.450886 0.092544 0.518335
v -0.443112 0.097569 0.524634
v -0.434745 0.099272 0.531877
v -0.426605 0.097488 0.539354
v -0.419488 0.092390 0.546334
v -0.414090 0.084478 0.552134
v -0.410941 0.074527 0.556185
v -0.410348 0.063509 0.558091
v -0.412369 0.052505 0.557665
v -0.416807 0.042591 0.554950
v -0.423227 0.034737 0.550211
v -0.431001 0.029712 0.543911
v -0.439368 0.028009 0.536668
v -0.458512 0.044246 0.517717
v -0.461251 0.053463 0.513645
v -0.461804 0.063739 0.511867
v -0.455778 0.083252 0.514797
v -0.449790 0.090579 0.519218
v -0.442538 0.095265 0.525094
v -0.434693 0.096858 0.531805
v -0.427060 0.095196 0.538743
v -0.412498 0.073770 0.554499
v -0.411975 0.063495 0.556302
v -0.413861 0.053230 0.555906
v -0.418000 0.043982 0.553373
v -0.423989 0.036656 0.548952
v -0.431241 0.031969 0.543076
v -0.439046 0.030380 0.536320
v -0.446587 0.032024 0.529280
v -0.453218 0.036776 0.522751
v -0.440280 0.023124 0.496183
v -0.447231 0.033490 0.488423
v -0.451365 0.046551 0.483106
v -0.452143 0.061011 0.480604
v -0.449490 0.075454 0.481162
v -0.443665 0.088466 0.484726
v -0.435238 0.098774 0.490947
v -0.403494 0.105279 0.518672
v -0.394029 0.098572 0.527695
v -0.386945 0.088188 0.535307
v -0.382811 0.075126 0.540624
v -0.382033 0.060667 0.543125
v -0.384686 0.046224 0.542567
v -0.390511 0.033211 0.539003
v -0.399062 0.022921 0.532922
v -0.408953 0.016282 0.524305
v -0.420121 0.014073 0.515009
v -0.430485 0.016370 0.504835
v -0.343344 0.130801 0.467342
v -0.314883 0.101215 0.496404
v -0.307721 0.078583 0.505617
v -0.306372 0.053528 0.509951
v -0.310969 0.028503 0.508984
v -0.321062 0.005956 0.502809
v -0.335663 -0.011905 0.492031
v -0.353342 -0.023332 0.477705
v -0.372369 -0.027206 0.461233
v -0.419343 0.006438 0.415166
v -0.426506 0.029070 0.405953
v -0.427854 0.054125 0.401619
v -0.423257 0.079150 0.402586
v -0.413164 0.101697 0.408762
v -0.378930 0.130711 0.431672
v -0.361857 0.134858 0.450337
v -0.313505 0.079395 0.512108
v -0.312156 0.054340 0.516442
v -0.326847 0.006767 0.509300
v -0.341447 -0.011093 0.498522
v -0.359126 -0.022521 0.484196
v -0.378154 -0.026394 0.467724
v -0.412852 -0.010743 0.434845
v -0.433638 0.054936 0.408110
v -0.429041 0.079962 0.409077
v -0.418930 0.102506 0.415233
v -0.404347 0.120370 0.426030
v -0.386668 0.131797 0.440356
v -0.332942 0.120019 0.489706
v -0.320667 0.102026 0.502895
v -0.381299 0.090773 0.454338
v -0.389514 0.085464 0.447681
v -0.396299 0.077164 0.442672
v -0.400989 0.066687 0.439803
v -0.403125 0.055057 0.439353
v -0.402499 0.043415 0.441367
v -0.399171 0.032898 0.445648
v -0.393467 0.024537 0.451777
v -0.385945 0.019150 0.459153
v -0.377342 0.017264 0.467055
v -0.368501 0.019064 0.474710
v -0.360285 0.024374 0.481367
v -0.353501 0.032674 0.486375
v -0.348811 0.043151 0.489244
v -0.346674 0.054780 0.489694
v -0.347301 0.066423 0.487680
v -0.350629 0.076940 0.483399
v -0.356333 0.085301 0.477270
v -0.363855 0.090688 0.469894
v -0.372457 0.092573 0.461992
v -0.383770 0.104616 0.450405
v -0.395157 0.097256 0.441178
v -0.404561 0.085752 0.434236
v -0.411062 0.071230 0.430258
v -0.414023 0.055111 0.429635
v -0.413154 0.038973 0.432427
v -0.408541 0.024396 0.438361
v -0.400635 0.012807 0.446856
v -0.390209 0.005340 0.457080
v -0.378285 0.002726 0.468033
v -0.366030 0.005221 0.478642
v -0.354643 0.012581 0.487869
v -0.345239 0.024085 0.494811
v -0.338738 0.038608 0.498789
v -0.335777 0.054727 0.499412
v -0.336645 0.070864 0.496620
v -0.341259 0.085441 0.490686
v -0.349165 0.097030 0.482192
v -0.371514 0.107111 0.461014
v -0.423514 0.110193 0.495004
v -0.434901 0.102833 0.485777
v -0.444305 0.091329 0.478835
v -0.450806 0.076807 0.474858
v -0.453767 0.060688 0.474235
v -0.452899 0.044550 0.477027
v -0.448285 0.029973 0.482960
v -0.440379 0.018384 0.491455
v -0.429954 0.010917 0.501679
v -0.418030 0.008303 0.512632
v -0.405774 0.010798 0.523241
v -0.394387 0.018158 0.532469
v -0.384983 0.029662 0.539411
v -0.378482 0.044184 0.543388
v -0.375521 0.060303 0.544011
v -0.376390 0.076441 0.541219
v -0.381003 0.091018 0.535285
v -0.388909 0.102607 0.526791
v -0.399335 0.110074 0.516567
v -0.411259 0.112688 0.505614
v -0.421043 0.096350 0.498937
v -0.429259 0.091040 0.492280
v -0.436044 0.082741 0.487271
v -0.440734 0.072263 0.484402
v -0.442870 0.060634 0.483952
v -0.442243 0.048991 0.485967
v -0.438915 0.038475 0.490248
v -0.433211 0.030114 0.496376
v -0.425689 0.024727 0.503752
v -0.417087 0.022841 0.511654
v -0.408245 0.024641 0.519309
v -0.400030 0.029951 0.525966
v -0.393245 0.038251 0.530974
v -0.388555 0.048728 0.533844
v -0.386419 0.060357 0.534293
v -0.387045 0.072000 0.532279
v -0.390374 0.082516 0.527998
v -0.396078 0.090877 0.521869
v -0.403599 0.096264 0.514493
v -0.412202 0.098150 0.506591
v -0.375974 0.076383 0.540752
v -0.375105 0.060245 0.543544
v -0.378066 0.044126 0.542921
v -0.384567 0.029604 0.538944
v -0.393971 0.018100 0.532002
v -0.405358 0.010740 0.522774
v -0.417614 0.008245 0.512165
v -0.429584 0.010865 0.501265
v -0.439991 0.018329 0.491019
v -0.447869 0.029914 0.482494
v -0.452483 0.044491 0.476560
v -0.453351 0.060629 0.473768
v -0.450390 0.076748 0.474391
v -0.443889 0.091271 0.478368
v -0.434485 0.102775 0.485310
v -0.423098 0.110135 0.494538
v -0.410843 0.112630 0.505147
v -0.337068 0.070924 0.497094
v -0.336200 0.054786 0.499886
v -0.339161 0.038667 0.499263
v -0.345662 0.024145 0.495286
v -0.355066 0.012641 0.488344
v -0.366453 0.005281 0.479116
v -0.378708 0.002786 0.468507
v -0.408964 0.024455 0.438835
v -0.413577 0.039032 0.432902
v -0.414446 0.055170 0.430110
v -0.404984 0.085811 0.434710
v -0.395580 0.097316 0.441652
v -0.384192 0.104676 0.450880
v -0.341681 0.085501 0.491160
v -0.359086 0.074013 0.521802
v -0.358217 0.057875 0.524594
v -0.361179 0.041756 0.523970
v -0.367679 0.027234 0.519993
v -0.377083 0.015730 0.513051
v -0.388471 0.008370 0.503824
v -0.400726 0.005875 0.493214
v -0.391264 0.005488 0.458263
v -0.430982 0.027545 0.463543
v -0.435595 0.042122 0.457609
v -0.436463 0.058260 0.454817
v -0.433502 0.074379 0.455440
v -0.427002 0.088901 0.459418
v -0.417597 0.100405 0.466360
v -0.406210 0.107765 0.475587
v -0.393955 0.110260 0.486196
v -0.359590 0.104497 0.471967
v -0.363699 0.088590 0.515868
v -0.371768 0.075793 0.536033
v -0.370899 0.059655 0.538825
v -0.373861 0.043536 0.538202
v -0.380361 0.029014 0.534224
v -0.389766 0.017509 0.527282
v -0.401153 0.010150 0.518055
v -0.413408 0.007654 0.507446
v -0.443664 0.029324 0.477774
v -0.448277 0.043901 0.471840
v -0.449145 0.060039 0.469048
v -0.446185 0.076158 0.469671
v -0.439684 0.090680 0.473649
v -0.430279 0.102185 0.480591
v -0.418892 0.109544 0.489818
v -0.406637 0.112039 0.500427
v -0.394713 0.109426 0.511380
v -0.377947 0.101069 0.514489
v -0.376381 0.090370 0.530099
v -0.375738 0.060304 0.543818
v -0.378682 0.044275 0.543198
v -0.385147 0.029833 0.539243
v -0.394499 0.018392 0.532339
v -0.405824 0.011073 0.523163
v -0.418011 0.008592 0.512612
v -0.429869 0.011191 0.501720
v -0.440237 0.018617 0.491553
v -0.448099 0.030142 0.483105
v -0.452687 0.044638 0.477204
v -0.453551 0.060687 0.474428
v -0.450606 0.076716 0.475047
v -0.444141 0.091158 0.479003
v -0.434789 0.102599 0.485906
v -0.423465 0.109918 0.495083
v -0.411277 0.112399 0.505633
v -0.399419 0.109800 0.516525
v -0.389052 0.102374 0.526693
v -0.381189 0.090849 0.535141
v -0.354756 0.012818 0.487739
v -0.366080 0.005500 0.478563
v -0.378266 0.003018 0.468013
v -0.390124 0.005618 0.457122
v -0.400491 0.013043 0.446955
v -0.408353 0.024567 0.438507
v -0.412940 0.039062 0.432607
v -0.413804 0.055110 0.429831
v -0.410859 0.071139 0.430450
v -0.404395 0.085580 0.434405
v -0.395043 0.097019 0.441309
v -0.383720 0.104338 0.450484
v -0.371533 0.106819 0.461034
v -0.359676 0.104220 0.471926
v -0.349309 0.096795 0.482093
v -0.341447 0.085271 0.490540
v -0.336860 0.070775 0.496440
v -0.335996 0.054728 0.499217
v -0.338940 0.038699 0.498597
v -0.345405 0.024258 0.494642
v -0.356765 0.017016 0.485424
v -0.366959 0.010427 0.477163
v -0.377931 0.008193 0.467665
v -0.388606 0.010533 0.457860
v -0.397939 0.017218 0.448706
v -0.405017 0.027593 0.441101
v -0.409147 0.040643 0.435789
v -0.409925 0.055091 0.433290
v -0.407274 0.069521 0.433848
v -0.401454 0.082522 0.437408
v -0.393035 0.092822 0.443623
v -0.382841 0.099410 0.451884
v -0.371869 0.101644 0.461382
v -0.361194 0.099304 0.471188
v -0.351861 0.092619 0.480341
v -0.340653 0.069194 0.493258
v -0.339875 0.054747 0.495757
v -0.342526 0.040316 0.495199
v -0.348346 0.027315 0.491639
v -0.411060 0.000288 0.496467
v -0.411629 0.000472 0.498653
v -0.411495 0.000615 0.500910
v -0.410670 0.000703 0.503018
v -0.409234 0.000728 0.504771
v -0.407329 0.000687 0.505997
v -0.405141 0.000584 0.506576
v -0.402884 0.000429 0.506451
v -0.400779 0.000238 0.505635
v -0.399032 0.000029 0.504208
v -0.397814 -0.000178 0.502308
v -0.397245 -0.000362 0.500123
v -0.397379 -0.000505 0.497866
v -0.398205 -0.000593 0.495758
v -0.399640 -0.000618 0.494005
v -0.401545 -0.000577 0.492779
v -0.403733 -0.000474 0.492200
v -0.405990 -0.000319 0.492325
v -0.408095 -0.000128 0.493140
v -0.409842 0.000082 0.494568
v -0.414406 0.000633 0.498369
v -0.414220 0.000831 0.501498
v -0.413076 0.000954 0.504420
v -0.411086 0.000988 0.506849
v -0.408446 0.000931 0.508549
v -0.405413 0.000788 0.509351
v -0.402285 0.000574 0.509178
v -0.399367 0.000308 0.508047
v -0.396946 0.000018 0.506069
v -0.395258 -0.000268 0.503436
v -0.394468 -0.000523 0.500407
v -0.394654 -0.000721 0.497278
v -0.395798 -0.000844 0.494356
v -0.397788 -0.000878 0.491926
v -0.400428 -0.000821 0.490227
v -0.403461 -0.000678 0.489425
v -0.406590 -0.000464 0.489597
v -0.409507 -0.000198 0.490729
v -0.411929 0.000092 0.492707
v -0.413381 0.016439 0.497306
v -0.413195 0.016637 0.500435
v -0.412051 0.016759 0.503357
v -0.410061 0.016793 0.505787
v -0.407421 0.016736 0.507486
v -0.404388 0.016594 0.508288
v -0.401259 0.016379 0.508116
v -0.398342 0.016114 0.506985
v -0.395920 0.015824 0.505006
v -0.394232 0.015537 0.502373
v -0.393443 0.015282 0.499344
v -0.393629 0.015084 0.496215
v -0.394773 0.014962 0.493293
v -0.396763 0.014928 0.490864
v -0.399403 0.014985 0.489165
v -0.402436 0.015127 0.488362
v -0.405564 0.015342 0.488535
v -0.408482 0.015607 0.489666
v -0.410904 0.015897 0.491645
v -0.410034 0.016094 0.495405
v -0.410604 0.016278 0.497590
v -0.410470 0.016421 0.499847
v -0.409644 0.016509 0.501955
v -0.408209 0.016534 0.503708
v -0.406304 0.016492 0.504934
v -0.404116 0.016389 0.505513
v -0.401859 0.016235 0.505389
v -0.398007 0.015834 0.503145
v -0.396789 0.015627 0.501246
v -0.396220 0.015443 0.499060
v -0.396354 0.015300 0.496803
v -0.397179 0.015212 0.494695
v -0.398615 0.015187 0.492942
v -0.400520 0.015229 0.491716
v -0.402708 0.015332 0.491137
v -0.404965 0.015486 0.491262
v -0.407070 0.015678 0.492078
v -0.408817 0.015887 0.493505
v -0.399414 0.014819 0.489176
v -0.396773 0.014762 0.490875
v -0.394784 0.014796 0.493304
v -0.393640 0.014919 0.496227
v -0.393453 0.015117 0.499355
v -0.395931 0.015658 0.505017
v -0.398352 0.015948 0.506996
v -0.401270 0.016214 0.508127
v -0.404399 0.016428 0.508299
v -0.407431 0.016571 0.507497
v -0.410072 0.016628 0.505798
v -0.412061 0.016594 0.503368
v -0.413205 0.016471 0.500446
v -0.412602 0.016018 0.494288
v -0.405575 0.015176 0.488546
v -0.402447 0.014962 0.488373
v -0.400417 -0.000653 0.490216
v -0.397777 -0.000710 0.491915
v -0.395787 -0.000675 0.494345
v -0.394644 -0.000553 0.497267
v -0.395247 -0.000100 0.503425
v -0.396935 0.000186 0.506057
v -0.399356 0.000477 0.508036
v -0.402274 0.000742 0.509167
v -0.405402 0.000956 0.509340
v -0.408435 0.001099 0.508537
v -0.411075 0.001156 0.506838
v -0.413065 0.001122 0.504408
v -0.414209 0.001000 0.501486
v -0.413617 0.000378 0.495340
v -0.411918 0.000260 0.492696
v -0.409496 -0.000030 0.490717
v -0.406579 -0.000295 0.489586
v -0.403450 -0.000510 0.489413
v -0.399849 0.008103 0.489627
v -0.397209 0.008046 0.491326
v -0.395220 0.008080 0.493756
v -0.394076 0.008203 0.496678
v -0.394458 -0.000366 0.500396
v -0.394679 0.008656 0.502836
v -0.396367 0.008942 0.505468
v -0.398788 0.009232 0.507447
v -0.401706 0.009498 0.508578
v -0.404834 0.009712 0.508751
v -0.407867 0.009855 0.507949
v -0.410507 0.009912 0.506249
v -0.412497 0.009878 0.503820
v -0.413641 0.009756 0.500898
v -0.414394 0.000823 0.498356
v -0.413038 0.009302 0.494740
v -0.411350 0.009016 0.492107
v -0.408928 0.008726 0.490128
v -0.406011 0.008461 0.488997
v -0.402882 0.008246 0.488825
v -0.399522 0.013147 0.489288
v -0.396882 0.013090 0.490987
v -0.394892 0.013124 0.493417
v -0.393748 0.013246 0.496339
v -0.393562 0.013444 0.499468
v -0.394351 0.013699 0.502497
v -0.396040 0.013986 0.505129
v -0.398461 0.014276 0.507108
v -0.401379 0.014541 0.508239
v -0.404507 0.014756 0.508412
v -0.407540 0.014898 0.507609
v -0.410180 0.014955 0.505910
v -0.412170 0.014921 0.503481
v -0.413314 0.014799 0.500558
v -0.412711 0.014346 0.494401
v -0.411023 0.014059 0.491768
v -0.408601 0.013769 0.489789
v -0.405684 0.013504 0.488658
v -0.402555 0.013289 0.488486
v -0.396800 0.014933 0.490905
v -0.394821 0.014967 0.493321
v -0.393683 0.015088 0.496227
v -0.393498 0.015285 0.499339
v -0.394283 0.015539 0.502351
v -0.407398 0.016732 0.507435
v -0.410024 0.016788 0.505745
v -0.412003 0.016754 0.503329
v -0.412592 0.016184 0.494277
v -0.410862 0.015897 0.491682
v -0.405552 0.015345 0.488589
v -0.402441 0.015131 0.488417
v -0.399425 0.014989 0.489215
v -0.394524 -0.000520 0.500401
v -0.402297 0.000571 0.509124
v -0.405408 0.000784 0.509295
v -0.408423 0.000926 0.508497
v -0.413027 0.000949 0.504391
v -0.414165 0.000827 0.501486
v -0.413565 0.000377 0.495363
v -0.406577 -0.000461 0.489652
v -0.403467 -0.000674 0.489480
v -0.400451 -0.000816 0.490279
v -0.394709 -0.000717 0.497290
v -0.395512 -0.000463 0.500300
v -0.399898 0.000282 0.507140
v -0.402510 0.000519 0.508153
v -0.405311 0.000711 0.508307
v -0.408026 0.000839 0.507589
v -0.410390 0.000890 0.506068
v -0.412171 0.000860 0.503893
v -0.413195 0.000750 0.501276
v -0.413362 0.000573 0.498476
v -0.412655 0.000345 0.495764
v -0.406364 -0.000409 0.490623
v -0.403563 -0.000601 0.490468
v -0.400848 -0.000729 0.491187
v -0.398484 -0.000780 0.492708
v -0.396703 -0.000749 0.494883
v -0.395679 -0.000640 0.497499
v -0.399754 0.016043 0.504573
v -0.398022 0.015605 0.503160
v -0.396804 0.015398 0.501261
v -0.396234 0.015215 0.499076
v -0.396369 0.015072 0.496819
v -0.397194 0.014983 0.494710
v -0.398630 0.014959 0.492957
v -0.400535 0.015000 0.491732
v -0.402723 0.015103 0.491153
v -0.404980 0.015258 0.491277
v -0.407085 0.015449 0.492093
v -0.410049 0.015865 0.495420
v -0.410619 0.016049 0.497605
v -0.410485 0.016192 0.499863
v -0.409659 0.016280 0.501971
v -0.408224 0.016305 0.503724
v -0.404131 0.016161 0.505529
v -0.401874 0.016006 0.505404
v -0.400739 0.000853 0.505594
v -0.398992 0.000643 0.504166
v -0.397775 0.000437 0.502267
v -0.397205 0.000253 0.500082
v -0.397339 0.000110 0.497825
v -0.398165 0.000022 0.495716
v -0.399600 -0.000003 0.493963
v -0.401505 0.000038 0.492738
v -0.403693 0.000141 0.492159
v -0.408055 0.000487 0.493099
v -0.409802 0.000696 0.494527
v -0.411590 0.001087 0.498611
v -0.411455 0.001230 0.500869
v -0.410630 0.001318 0.502977
v -0.409194 0.001343 0.504730
v -0.407289 0.001302 0.505956
v -0.402844 0.001044 0.506410
v -0.407406 0.015661 0.491504
v -0.402643 0.015283 0.490477
v -0.400254 0.015170 0.491109
v -0.399418 0.016060 0.505147
v -0.401716 0.016269 0.506037
v -0.406570 0.016550 0.505541
v -0.410217 0.016568 0.502289
v -0.411118 0.016472 0.499987
v -0.411265 0.016316 0.497522
v -0.410643 0.016115 0.495137
v -0.409313 0.015889 0.493063
v -0.446567 0.065953 0.456614
v -0.447971 0.065117 0.458184
v -0.449136 0.063671 0.459482
v -0.449948 0.061756 0.460382
v -0.450327 0.059561 0.460795
v -0.450237 0.057300 0.460681
v -0.449686 0.055194 0.460052
v -0.448728 0.053450 0.458968
v -0.447457 0.052239 0.457537
v -0.445997 0.051678 0.455897
v -0.444492 0.051822 0.454210
v -0.443088 0.052659 0.452640
v -0.441924 0.054105 0.451342
v -0.441112 0.056020 0.450442
v -0.440733 0.058215 0.450029
v -0.440823 0.060476 0.450143
v -0.441374 0.062582 0.450772
v -0.442332 0.064326 0.451856
v -0.443603 0.065537 0.453287
v -0.445062 0.066098 0.454927
v -0.448914 0.067522 0.459254
v -0.450528 0.065517 0.461053
v -0.451653 0.062864 0.462301
v -0.452179 0.059821 0.462873
v -0.452054 0.056687 0.462716
v -0.451290 0.053768 0.461843
v -0.448201 0.049671 0.458357
v -0.446178 0.048894 0.456084
v -0.444092 0.049095 0.453745
v -0.442146 0.050254 0.451570
v -0.440532 0.052259 0.449771
v -0.439406 0.054912 0.448523
v -0.438881 0.057955 0.447951
v -0.439006 0.061089 0.448108
v -0.439770 0.064008 0.448981
v -0.441097 0.066425 0.450483
v -0.442858 0.068105 0.452467
v -0.444882 0.068882 0.454740
v -0.435120 0.068623 0.467644
v -0.437066 0.067464 0.469819
v -0.438681 0.065459 0.471619
v -0.439806 0.062805 0.472866
v -0.440331 0.059763 0.473439
v -0.440206 0.056629 0.473281
v -0.439443 0.053710 0.472409
v -0.438115 0.051293 0.470906
v -0.436354 0.049613 0.468922
v -0.434331 0.048836 0.466649
v -0.432244 0.049037 0.464311
v -0.430298 0.050196 0.462135
v -0.428684 0.052201 0.460336
v -0.427559 0.054854 0.459089
v -0.427033 0.057897 0.458516
v -0.427158 0.061031 0.458673
v -0.427922 0.063949 0.459546
v -0.429250 0.066367 0.461048
v -0.431011 0.068047 0.463032
v -0.433034 0.068824 0.465305
v -0.434720 0.065895 0.467180
v -0.436124 0.065059 0.468749
v -0.437288 0.063613 0.470047
v -0.438100 0.061698 0.470947
v -0.438479 0.059503 0.471360
v -0.438389 0.057242 0.471247
v -0.437838 0.055136 0.470617
v -0.436880 0.053392 0.469534
v -0.434150 0.051619 0.466462
v -0.432645 0.051764 0.464775
v -0.431241 0.052601 0.463205
v -0.430076 0.054047 0.461907
v -0.429264 0.055962 0.461007
v -0.428885 0.058157 0.460594
v -0.428975 0.060418 0.460708
v -0.429526 0.062523 0.461337
v -0.430484 0.064267 0.462421
v -0.431755 0.065479 0.463853
v -0.433215 0.066040 0.465492
v -0.427282 0.061031 0.458563
v -0.427157 0.057897 0.458405
v -0.427683 0.054855 0.458978
v -0.428808 0.052201 0.460225
v -0.430422 0.050197 0.462025
v -0.434455 0.048836 0.466538
v -0.436510 0.049614 0.468783
v -0.438255 0.051293 0.470782
v -0.439567 0.053711 0.472298
v -0.440330 0.056629 0.473170
v -0.440455 0.059763 0.473328
v -0.439930 0.062806 0.472755
v -0.438805 0.065460 0.471508
v -0.437190 0.067464 0.469709
v -0.433157 0.068825 0.465195
v -0.431111 0.068047 0.462943
v -0.428046 0.063950 0.459435
v -0.438880 0.061088 0.448220
v -0.438755 0.057954 0.448063
v -0.439280 0.054912 0.448636
v -0.440405 0.052258 0.449883
v -0.442020 0.050254 0.451682
v -0.446052 0.048893 0.456196
v -0.451928 0.056686 0.462828
v -0.452053 0.059820 0.462986
v -0.451527 0.062863 0.462413
v -0.450402 0.065517 0.461166
v -0.448788 0.067521 0.459367
v -0.446968 0.068681 0.457079
v -0.444756 0.068881 0.454852
v -0.440971 0.066424 0.450595
v -0.439643 0.064007 0.449093
v -0.432316 0.061056 0.454073
v -0.432191 0.057922 0.453916
v -0.432717 0.054879 0.454489
v -0.433842 0.052226 0.455736
v -0.435457 0.050221 0.457535
v -0.443946 0.049094 0.453875
v -0.439489 0.048861 0.462049
v -0.441512 0.049638 0.464322
v -0.449963 0.051351 0.460341
v -0.444601 0.053735 0.467809
v -0.445364 0.056654 0.468681
v -0.445490 0.059788 0.468839
v -0.444964 0.062831 0.468266
v -0.443839 0.065484 0.467019
v -0.442224 0.067489 0.465219
v -0.438192 0.068849 0.460705
v -0.436169 0.068072 0.458432
v -0.434408 0.066392 0.456448
v -0.433080 0.063975 0.454946
v -0.428536 0.061038 0.457445
v -0.428411 0.057904 0.457287
v -0.428936 0.054861 0.457860
v -0.430062 0.052207 0.459107
v -0.431676 0.050203 0.460906
v -0.433622 0.049043 0.463082
v -0.435708 0.048842 0.465421
v -0.440820 0.053717 0.471180
v -0.441584 0.056635 0.472052
v -0.441709 0.059770 0.472210
v -0.441183 0.062812 0.471637
v -0.440058 0.065466 0.470390
v -0.438444 0.067470 0.468591
v -0.438388 0.068639 0.464730
v -0.430627 0.066374 0.459819
v -0.429300 0.063956 0.458317
v -0.427070 0.057902 0.458557
v -0.427593 0.054876 0.459127
v -0.428712 0.052237 0.460367
v -0.430317 0.050244 0.462156
v -0.432252 0.049091 0.464320
v -0.434327 0.048891 0.466645
v -0.436339 0.049664 0.468906
v -0.438091 0.051335 0.470879
v -0.439411 0.053739 0.472373
v -0.440170 0.056641 0.473241
v -0.440295 0.059758 0.473397
v -0.439772 0.062783 0.472827
v -0.438653 0.065422 0.471587
v -0.437047 0.067416 0.469798
v -0.435112 0.068569 0.467635
v -0.433038 0.068769 0.465309
v -0.431026 0.067995 0.463049
v -0.429274 0.066325 0.461075
v -0.427954 0.063921 0.459581
v -0.427194 0.061019 0.458714
v -0.442165 0.050302 0.451591
v -0.444100 0.049149 0.453755
v -0.446174 0.048950 0.456080
v -0.448186 0.049723 0.458340
v -0.449938 0.051393 0.460314
v -0.452017 0.056699 0.462675
v -0.452142 0.059816 0.462832
v -0.450500 0.065480 0.461022
v -0.448895 0.067473 0.459233
v -0.446960 0.068627 0.457069
v -0.442873 0.068053 0.452484
v -0.441122 0.066383 0.450510
v -0.439042 0.061077 0.448149
v -0.438918 0.057960 0.447992
v -0.439441 0.054935 0.448562
v -0.440560 0.052296 0.449802
v -0.442500 0.051158 0.451972
v -0.444242 0.050121 0.453920
v -0.446110 0.049941 0.456014
v -0.449498 0.052140 0.459825
v -0.450687 0.054305 0.461170
v -0.451371 0.056917 0.461951
v -0.451482 0.059723 0.462092
v -0.451012 0.062447 0.461579
v -0.450005 0.064823 0.460463
v -0.448559 0.066617 0.458852
v -0.446817 0.067655 0.456904
v -0.444949 0.067835 0.454810
v -0.443138 0.067139 0.452776
v -0.441561 0.065636 0.450999
v -0.440373 0.063471 0.449654
v -0.439689 0.060858 0.448873
v -0.439577 0.058053 0.448732
v -0.440048 0.055329 0.449245
v -0.441055 0.052953 0.450361
v -0.435609 0.052180 0.468102
v -0.434321 0.051620 0.466309
v -0.432816 0.051765 0.464622
v -0.431412 0.052602 0.463052
v -0.430248 0.054048 0.461754
v -0.429057 0.058158 0.460441
v -0.429147 0.060419 0.460555
v -0.434891 0.065896 0.467027
v -0.436295 0.065060 0.468596
v -0.437460 0.063613 0.469894
v -0.438272 0.061699 0.470794
v -0.438651 0.059504 0.471207
v -0.438561 0.057243 0.471094
v -0.446996 0.052236 0.457948
v -0.445537 0.051675 0.456308
v -0.442628 0.052657 0.453051
v -0.441463 0.054103 0.451753
v -0.440651 0.056017 0.450853
v -0.440272 0.058213 0.450440
v -0.440362 0.060474 0.450554
v -0.440913 0.062579 0.451183
v -0.443142 0.065535 0.453698
v -0.444601 0.066096 0.455338
v -0.447510 0.065115 0.458595
v -0.448675 0.063668 0.459893
v -0.449487 0.061754 0.460793
v -0.449866 0.059559 0.461206
v -0.449225 0.055192 0.460463
v -0.448267 0.053448 0.459379
v -0.431578 0.066090 0.463657
v -0.430190 0.064767 0.462094
v -0.429145 0.062863 0.460911
v -0.428543 0.060564 0.460224
v -0.428444 0.058095 0.460099
v -0.428859 0.055698 0.460551
v -0.429745 0.053608 0.461533
v -0.431017 0.052029 0.462951
v -0.432549 0.051115 0.464664
v -0.437174 0.052893 0.469860
v -0.438822 0.057096 0.471731
v -0.438920 0.059565 0.471855
v -0.438506 0.061962 0.471404
v -0.437620 0.064052 0.470421
v -0.436348 0.065631 0.469004
v -0.434815 0.066544 0.467290
v -0.433172 0.066703 0.465448
v -0.434481 0.078846 0.523648
v -0.438139 0.076482 0.520684
v -0.441161 0.072785 0.518453
v -0.443249 0.068120 0.517175
v -0.456770 0.063003 0.505766
v -0.443922 0.057756 0.517872
v -0.442439 0.053072 0.519779
v -0.439899 0.049349 0.522508
v -0.436550 0.046950 0.525793
v -0.432719 0.046110 0.529312
v -0.428781 0.046912 0.532720
v -0.425123 0.049276 0.535685
v -0.422101 0.052973 0.537915
v -0.420012 0.057638 0.539193
v -0.419061 0.062817 0.539393
v -0.419340 0.068002 0.538496
v -0.420822 0.072685 0.536590
v -0.423363 0.076409 0.533861
v -0.426712 0.078808 0.530576
v -0.430543 0.079648 0.527057
v -0.437330 0.094813 0.519112
v -0.444647 0.090084 0.513183
v -0.450690 0.082692 0.508722
v -0.454868 0.073360 0.506166
v -0.456212 0.052633 0.507560
v -0.453248 0.043266 0.511373
v -0.448167 0.035819 0.516831
v -0.441468 0.031021 0.523401
v -0.433806 0.029341 0.530439
v -0.425931 0.030945 0.537256
v -0.418614 0.035674 0.543186
v -0.412571 0.043066 0.547646
v -0.408394 0.052398 0.550202
v -0.406491 0.062755 0.550602
v -0.407050 0.073125 0.548808
v -0.410014 0.082492 0.544996
v -0.415094 0.089939 0.539537
v -0.421793 0.094737 0.532967
v -0.429455 0.096416 0.525929
v -0.448989 0.096449 0.532195
v -0.456306 0.091720 0.526266
v -0.462349 0.084328 0.521805
v -0.466526 0.074996 0.519249
v -0.468429 0.064638 0.518849
v -0.467871 0.054269 0.520643
v -0.464906 0.044902 0.524456
v -0.459826 0.037455 0.529914
v -0.453127 0.032657 0.536484
v -0.445465 0.030977 0.543522
v -0.437590 0.032581 0.550339
v -0.430273 0.037310 0.556268
v -0.424230 0.044702 0.560729
v -0.420053 0.054034 0.563285
v -0.418150 0.064391 0.563685
v -0.418708 0.074761 0.561891
v -0.421673 0.084128 0.558078
v -0.426753 0.091575 0.552620
v -0.433452 0.096373 0.546050
v -0.441114 0.098052 0.539012
v -0.445312 0.075850 0.538047
v -0.447910 0.074171 0.535942
v -0.450054 0.071547 0.534359
v -0.451537 0.068235 0.533452
v -0.452213 0.064559 0.533310
v -0.452014 0.060878 0.533947
v -0.450962 0.057553 0.535300
v -0.449159 0.054910 0.537237
v -0.446781 0.053207 0.539569
v -0.444062 0.052611 0.542067
v -0.441267 0.053180 0.544487
v -0.438669 0.054859 0.546592
v -0.436525 0.057482 0.548175
v -0.435042 0.060795 0.549082
v -0.434367 0.064471 0.549224
v -0.434565 0.068152 0.548587
v -0.435617 0.071476 0.547234
v -0.437420 0.074120 0.545297
v -0.439798 0.075822 0.542965
v -0.442517 0.076419 0.540467
v -0.431631 0.062879 0.528184
v -0.456831 0.066415 0.556463
v -0.433299 0.096351 0.545879
v -0.421520 0.084106 0.557907
v -0.417997 0.064370 0.563514
v -0.419900 0.054012 0.563113
v -0.424077 0.044681 0.560557
v -0.430120 0.037288 0.556097
v -0.437437 0.032559 0.550168
v -0.445255 0.030948 0.543287
v -0.452974 0.032635 0.536312
v -0.459673 0.037433 0.529743
v -0.464754 0.044880 0.524284
v -0.467718 0.054247 0.520471
v -0.468276 0.064617 0.518677
v -0.466373 0.074974 0.519078
v -0.462196 0.084306 0.521633
v -0.456032 0.091681 0.525958
v -0.448754 0.096416 0.531931
v -0.440961 0.098031 0.538841
v -0.432855 0.096289 0.545380
v -0.419660 0.083845 0.555820
v -0.416695 0.074479 0.559633
v -0.416137 0.064109 0.561427
v -0.418040 0.053751 0.561026
v -0.422217 0.044420 0.558470
v -0.428260 0.037027 0.554010
v -0.441611 0.030437 0.539197
v -0.451114 0.032374 0.534225
v -0.457813 0.037172 0.527655
v -0.462894 0.044619 0.522197
v -0.465858 0.053986 0.518384
v -0.466416 0.064356 0.516590
v -0.464514 0.074713 0.516991
v -0.460336 0.084045 0.519546
v -0.454293 0.091437 0.524007
v -0.446976 0.096167 0.529936
v -0.439101 0.097770 0.536753
v -0.420795 0.084005 0.557094
v -0.417831 0.074638 0.560907
v -0.417273 0.064268 0.562701
v -0.419176 0.053911 0.562301
v -0.423353 0.044579 0.559745
v -0.436673 0.032452 0.549310
v -0.464029 0.044779 0.523471
v -0.466994 0.054145 0.519658
v -0.467552 0.064515 0.517864
v -0.465649 0.074873 0.518265
v -0.461472 0.084204 0.520821
v -0.455429 0.091597 0.525281
v -0.448112 0.096326 0.531211
v -0.440237 0.097929 0.538028
v -0.427757 0.095574 0.539660
v -0.415978 0.083329 0.551688
v -0.413014 0.073962 0.555501
v -0.412455 0.063592 0.557295
v -0.414358 0.053235 0.556895
v -0.424578 0.036511 0.549878
v -0.431895 0.031781 0.543949
v -0.447432 0.031858 0.530094
v -0.454131 0.036656 0.523524
v -0.459212 0.044103 0.518065
v -0.462176 0.053470 0.514252
v -0.462734 0.063839 0.512459
v -0.460832 0.074197 0.512859
v -0.456654 0.083529 0.515415
v -0.450611 0.090921 0.519875
v -0.443294 0.095650 0.525805
v -0.435419 0.097253 0.532622
v -0.425689 0.091425 0.551426
v -0.421253 0.084069 0.557608
v -0.418289 0.074702 0.561421
v -0.417731 0.064333 0.563215
v -0.419634 0.053975 0.562814
v -0.423811 0.044643 0.560259
v -0.429656 0.037223 0.555576
v -0.437171 0.032522 0.549869
v -0.452763 0.032606 0.536075
v -0.459459 0.037403 0.529502
v -0.464487 0.044843 0.523985
v -0.467452 0.054210 0.520172
v -0.468010 0.064579 0.518378
v -0.466107 0.074937 0.518779
v -0.461930 0.084269 0.521334
v -0.440695 0.097994 0.538542
v -0.436438 0.070731 0.546596
v -0.435498 0.067763 0.547804
v -0.435321 0.064476 0.548373
v -0.435924 0.061193 0.548246
v -0.437248 0.058235 0.547436
v -0.439164 0.055892 0.546022
v -0.441483 0.054393 0.544142
v -0.443979 0.053885 0.541982
v -0.446408 0.054417 0.539751
v -0.450141 0.058298 0.535938
v -0.451081 0.061267 0.534730
v -0.451258 0.064554 0.534161
v -0.450655 0.067837 0.534288
v -0.449331 0.070795 0.535098
v -0.447415 0.073138 0.536512
v -0.445096 0.074637 0.538391
v -0.442600 0.075145 0.540552
v -0.438048 0.073092 0.544865
v -0.430837 0.064454 0.552372
v -0.431779 0.059323 0.552174
v -0.433848 0.054700 0.550908
v -0.440466 0.048696 0.545761
v -0.444367 0.047902 0.542384
v -0.448163 0.048734 0.538898
v -0.451481 0.051111 0.535643
v -0.453998 0.054799 0.532939
v -0.455466 0.059439 0.531051
v -0.455742 0.064576 0.530162
v -0.454800 0.069707 0.530360
v -0.452731 0.074329 0.531626
v -0.449737 0.077991 0.533836
v -0.446113 0.080334 0.536773
v -0.442212 0.081128 0.540150
v -0.438416 0.080296 0.543636
v -0.435098 0.077919 0.546891
v -0.432581 0.074230 0.549595
v -0.431113 0.069590 0.551483
v -0.287347 0.341268 0.463351
v -0.289053 0.341485 0.464826
v -0.290946 0.341088 0.466005
v -0.292843 0.340114 0.466770
v -0.294557 0.338658 0.467049
v -0.295921 0.336864 0.466813
v -0.296800 0.334907 0.466085
v -0.297109 0.332978 0.464937
v -0.296818 0.331267 0.463481
v -0.295955 0.329940 0.461860
v -0.294605 0.329128 0.460232
v -0.292899 0.328910 0.458756
v -0.291005 0.329308 0.457578
v -0.289108 0.330282 0.456813
v -0.287394 0.331737 0.456534
v -0.286030 0.333531 0.456771
v -0.285151 0.335489 0.457498
v -0.284842 0.337417 0.458646
v -0.285133 0.339129 0.460102
v -0.285996 0.340456 0.461723
v -0.285946 0.343611 0.463953
v -0.288310 0.343913 0.465998
v -0.290935 0.343362 0.467631
v -0.293565 0.342012 0.468693
v -0.295940 0.339994 0.469078
v -0.297830 0.337507 0.468751
v -0.299049 0.334795 0.467742
v -0.299478 0.332121 0.466151
v -0.299074 0.329749 0.464133
v -0.297878 0.327910 0.461886
v -0.296006 0.326785 0.459630
v -0.293641 0.326483 0.457585
v -0.291016 0.327034 0.455952
v -0.288387 0.328384 0.454890
v -0.286011 0.330401 0.454505
v -0.284121 0.332888 0.454832
v -0.282902 0.335601 0.455841
v -0.282474 0.338274 0.457432
v -0.282877 0.340647 0.459450
v -0.284074 0.342485 0.461697
v -0.277507 0.335761 0.474870
v -0.279872 0.336063 0.476914
v -0.282497 0.335512 0.478547
v -0.285126 0.334161 0.479609
v -0.287502 0.332144 0.479995
v -0.289392 0.329657 0.479667
v -0.290611 0.326944 0.478658
v -0.291039 0.324271 0.477067
v -0.290636 0.321899 0.475049
v -0.289439 0.320060 0.472802
v -0.287567 0.318935 0.470546
v -0.285203 0.318633 0.468501
v -0.282578 0.319184 0.466868
v -0.279949 0.320534 0.465806
v -0.277573 0.322551 0.465421
v -0.275683 0.325038 0.465748
v -0.274464 0.327751 0.466757
v -0.274036 0.330424 0.468348
v -0.274439 0.332796 0.470366
v -0.275636 0.334635 0.472613
v -0.278909 0.333417 0.474267
v -0.280614 0.333635 0.475743
v -0.282508 0.333238 0.476921
v -0.284405 0.332263 0.477686
v -0.286119 0.330808 0.477965
v -0.287483 0.329014 0.477729
v -0.288362 0.327057 0.477001
v -0.288671 0.325128 0.475853
v -0.288380 0.323417 0.474397
v -0.287517 0.322090 0.472776
v -0.286166 0.321278 0.471148
v -0.284461 0.321060 0.469673
v -0.282567 0.321458 0.468495
v -0.280670 0.322432 0.467729
v -0.278956 0.323887 0.467450
v -0.277592 0.325681 0.467687
v -0.276713 0.327638 0.468414
v -0.276404 0.329567 0.469562
v -0.276695 0.331279 0.471018
v -0.277558 0.332605 0.472640
v -0.275771 0.325120 0.465634
v -0.277661 0.322633 0.465306
v -0.280037 0.320616 0.465692
v -0.282666 0.319266 0.466754
v -0.285291 0.318715 0.468387
v -0.287656 0.319017 0.470431
v -0.289528 0.320142 0.472688
v -0.290724 0.321981 0.474935
v -0.291128 0.324353 0.476953
v -0.290699 0.327027 0.478544
v -0.289480 0.329740 0.479553
v -0.287590 0.332226 0.479880
v -0.285215 0.334243 0.479495
v -0.282585 0.335594 0.478433
v -0.279960 0.336145 0.476800
v -0.277557 0.335807 0.474805
v -0.275752 0.334744 0.472463
v -0.274516 0.332868 0.470266
v -0.274124 0.330506 0.468234
v -0.274552 0.327833 0.466643
v -0.284031 0.332805 0.454948
v -0.285921 0.330318 0.454621
v -0.290926 0.326950 0.456068
v -0.295916 0.326701 0.459746
v -0.297788 0.327827 0.462002
v -0.298984 0.329666 0.464249
v -0.299388 0.332038 0.466267
v -0.298959 0.334711 0.467858
v -0.297740 0.337424 0.468867
v -0.295851 0.339911 0.469195
v -0.293475 0.341928 0.468809
v -0.290846 0.343278 0.467747
v -0.288220 0.343829 0.466114
v -0.285856 0.343527 0.464070
v -0.283984 0.342402 0.461813
v -0.282788 0.340563 0.459566
v -0.282384 0.338191 0.457548
v -0.282812 0.335517 0.455957
v -0.279357 0.328456 0.460995
v -0.281247 0.325969 0.460668
v -0.283622 0.323952 0.461054
v -0.286252 0.322601 0.462115
v -0.288877 0.322050 0.463748
v -0.291241 0.322352 0.465793
v -0.293113 0.323478 0.468049
v -0.294310 0.325317 0.470297
v -0.294713 0.327689 0.472315
v -0.294285 0.330362 0.473906
v -0.293066 0.333075 0.474915
v -0.291176 0.335562 0.475242
v -0.288800 0.337579 0.474856
v -0.286171 0.338929 0.473795
v -0.283546 0.339480 0.472162
v -0.281181 0.339179 0.470117
v -0.278113 0.336214 0.465613
v -0.277709 0.333842 0.463595
v -0.278138 0.331169 0.462004
v -0.276664 0.325951 0.464479
v -0.278554 0.323464 0.464151
v -0.280930 0.321447 0.464537
v -0.283559 0.320097 0.465598
v -0.286184 0.319545 0.467231
v -0.288549 0.319847 0.469276
v -0.290421 0.320973 0.471533
v -0.291617 0.322812 0.473780
v -0.292021 0.325184 0.475798
v -0.291592 0.327857 0.477389
v -0.290373 0.330570 0.478398
v -0.288483 0.333057 0.478725
v -0.286108 0.335074 0.478339
v -0.283478 0.336424 0.477278
v -0.280853 0.336976 0.475645
v -0.275017 0.331337 0.467079
v -0.275445 0.328664 0.465487
v -0.277600 0.322578 0.465461
v -0.282578 0.319229 0.466900
v -0.285188 0.318681 0.468524
v -0.287540 0.318981 0.470558
v -0.289401 0.320100 0.472801
v -0.290591 0.321929 0.475036
v -0.290992 0.324288 0.477043
v -0.290566 0.326947 0.478625
v -0.289354 0.329645 0.479629
v -0.287475 0.332117 0.479954
v -0.285112 0.334124 0.479571
v -0.282497 0.335466 0.478515
v -0.279887 0.336015 0.476891
v -0.277535 0.335714 0.474858
v -0.275674 0.334595 0.472614
v -0.274484 0.332766 0.470379
v -0.274083 0.330407 0.468372
v -0.274509 0.327749 0.466790
v -0.275721 0.325051 0.465787
v -0.293626 0.326532 0.457608
v -0.295977 0.326832 0.459642
v -0.297839 0.327951 0.461885
v -0.299029 0.329780 0.464120
v -0.299430 0.332139 0.466127
v -0.299004 0.334797 0.467709
v -0.297792 0.337495 0.468712
v -0.295913 0.339967 0.469038
v -0.293550 0.341973 0.468654
v -0.290936 0.343316 0.467599
v -0.288325 0.343864 0.465975
v -0.285974 0.343564 0.463941
v -0.284112 0.342445 0.461697
v -0.282923 0.340616 0.459463
v -0.282521 0.338257 0.457456
v -0.282947 0.335599 0.455874
v -0.284159 0.332901 0.454871
v -0.286039 0.330428 0.454545
v -0.288401 0.328422 0.454929
v -0.291016 0.327080 0.455984
v -0.293362 0.327396 0.458025
v -0.295479 0.327666 0.459856
v -0.297155 0.328674 0.461876
v -0.298226 0.330320 0.463888
v -0.298587 0.332444 0.465694
v -0.298203 0.334837 0.467119
v -0.297112 0.337266 0.468022
v -0.295420 0.339492 0.468315
v -0.293293 0.341298 0.467970
v -0.290940 0.342507 0.467019
v -0.288589 0.343000 0.465558
v -0.286472 0.342730 0.463727
v -0.284797 0.341722 0.461707
v -0.283726 0.340076 0.459695
v -0.283364 0.337952 0.457889
v -0.283748 0.335559 0.456464
v -0.284839 0.333130 0.455561
v -0.286531 0.330904 0.455268
v -0.288658 0.329098 0.455613
v -0.291012 0.327889 0.456563
v -0.288502 0.323530 0.474239
v -0.287639 0.322204 0.472618
v -0.284583 0.321174 0.469515
v -0.282689 0.321571 0.468336
v -0.280792 0.322545 0.467571
v -0.279078 0.324001 0.467292
v -0.277714 0.325795 0.467529
v -0.276835 0.327752 0.468256
v -0.276526 0.329681 0.469404
v -0.276817 0.331392 0.470860
v -0.277680 0.332719 0.472482
v -0.280736 0.333749 0.475585
v -0.282631 0.333351 0.476763
v -0.284527 0.332377 0.477528
v -0.286241 0.330922 0.477807
v -0.287605 0.329128 0.477571
v -0.296490 0.330961 0.463905
v -0.294276 0.328823 0.460656
v -0.292570 0.328605 0.459181
v -0.290677 0.329003 0.458003
v -0.288780 0.329977 0.457237
v -0.287066 0.331432 0.456959
v -0.285702 0.333226 0.457195
v -0.284823 0.335183 0.457923
v -0.284514 0.337112 0.459071
v -0.284805 0.338823 0.460527
v -0.285668 0.340150 0.462148
v -0.287019 0.340962 0.463776
v -0.288724 0.341180 0.465251
v -0.290618 0.340782 0.466429
v -0.292515 0.339808 0.467195
v -0.294229 0.338353 0.467473
v -0.295593 0.336559 0.467237
v -0.296472 0.334602 0.466509
v -0.276158 0.331640 0.470863
v -0.276178 0.327665 0.468020
v -0.277138 0.325528 0.467225
v -0.278627 0.323569 0.466967
v -0.280498 0.321980 0.467271
v -0.282569 0.320916 0.468107
v -0.284637 0.320482 0.469394
v -0.286500 0.320720 0.471005
v -0.287975 0.321607 0.472782
v -0.288917 0.323055 0.474552
v -0.288897 0.327030 0.477395
v -0.286448 0.331126 0.478448
v -0.284577 0.332715 0.478144
v -0.282506 0.333779 0.477308
v -0.280438 0.334213 0.476021
v -0.278575 0.333975 0.474411
v -0.277100 0.333088 0.472633
v 0.005652 0.445736 0.455711
v 0.004682 0.447129 0.457212
v 0.003127 0.448247 0.458422
v 0.001138 0.448980 0.459224
v -0.001088 0.449256 0.459538
v -0.003336 0.449050 0.459334
v -0.005383 0.448380 0.458633
v -0.007030 0.447312 0.457501
v -0.008117 0.445951 0.456052
v -0.008535 0.444430 0.454425
v -0.008245 0.442899 0.452781
v -0.007275 0.441506 0.451280
v -0.005720 0.440388 0.450070
v -0.003731 0.439655 0.449268
v -0.001504 0.439378 0.448954
v 0.000743 0.439585 0.449158
v 0.002790 0.440255 0.449860
v 0.004438 0.441323 0.450991
v 0.005524 0.442683 0.452441
v 0.005942 0.444204 0.454067
v 0.008335 0.446284 0.456277
v 0.006990 0.448214 0.458357
v 0.004834 0.449764 0.460035
v 0.002078 0.450780 0.461146
v -0.001008 0.451163 0.461581
v -0.004123 0.450877 0.461299
v -0.006961 0.449948 0.460326
v -0.009244 0.448468 0.458758
v -0.010750 0.446582 0.456749
v -0.011330 0.444474 0.454494
v -0.010928 0.442351 0.452215
v -0.009583 0.440420 0.450135
v -0.007427 0.438871 0.448458
v -0.004671 0.437855 0.447347
v -0.001584 0.437471 0.446911
v 0.001530 0.437758 0.447193
v 0.004368 0.438687 0.448166
v 0.006651 0.440166 0.449734
v 0.008157 0.442052 0.451744
v 0.008737 0.444160 0.453998
v 0.008421 0.434677 0.467106
v 0.007076 0.436608 0.469186
v 0.004920 0.438157 0.470864
v 0.002164 0.439173 0.471975
v -0.000922 0.439557 0.472410
v -0.004037 0.439270 0.472128
v -0.006875 0.438341 0.471155
v -0.009158 0.436862 0.469587
v -0.010664 0.434976 0.467578
v -0.011244 0.432868 0.465323
v -0.010842 0.430744 0.463044
v -0.009497 0.428814 0.460964
v -0.007341 0.427265 0.459287
v -0.004585 0.426248 0.458176
v -0.001499 0.425865 0.457740
v 0.001616 0.426151 0.458022
v 0.004454 0.427080 0.458995
v 0.006737 0.428560 0.460563
v 0.008243 0.430446 0.462573
v 0.008823 0.432554 0.464828
v 0.005738 0.434129 0.466541
v 0.004768 0.435522 0.468041
v 0.003213 0.436640 0.469251
v 0.001224 0.437373 0.470053
v -0.001003 0.437650 0.470367
v -0.003250 0.437443 0.470163
v -0.005297 0.436773 0.469462
v -0.006945 0.435705 0.468330
v -0.008031 0.434345 0.466881
v -0.008449 0.432824 0.465254
v -0.008159 0.431292 0.463610
v -0.007189 0.429899 0.462109
v -0.005634 0.428782 0.460899
v -0.003645 0.428048 0.460097
v -0.001419 0.427772 0.459783
v 0.000829 0.427979 0.459987
v 0.002876 0.428648 0.460689
v 0.004523 0.429716 0.461820
v 0.006028 0.432598 0.464896
v 0.001615 0.426273 0.457909
v -0.001500 0.425986 0.457627
v -0.004586 0.426370 0.458062
v -0.009498 0.428935 0.460851
v -0.010843 0.430866 0.462931
v -0.011245 0.432989 0.465210
v -0.010665 0.435097 0.467464
v -0.009159 0.436983 0.469474
v -0.006876 0.438463 0.471042
v -0.004038 0.439392 0.472015
v 0.002163 0.439295 0.471861
v 0.004919 0.438278 0.470751
v 0.007075 0.436729 0.469073
v 0.008420 0.434798 0.466993
v 0.008822 0.432675 0.464714
v 0.008242 0.430567 0.462459
v 0.006736 0.428681 0.460450
v 0.004453 0.427202 0.458882
v 0.001531 0.437635 0.447309
v -0.001584 0.437348 0.447026
v -0.004670 0.437732 0.447462
v -0.007426 0.438748 0.448573
v -0.010927 0.442228 0.452330
v -0.011329 0.444351 0.454609
v -0.010749 0.446459 0.456864
v -0.009243 0.448345 0.458873
v -0.006960 0.449825 0.460441
v -0.004122 0.450753 0.461414
v -0.001007 0.451040 0.461697
v 0.002079 0.450656 0.461261
v 0.004835 0.449640 0.460150
v 0.006991 0.448091 0.458472
v 0.008336 0.446160 0.456392
v 0.008738 0.444037 0.454113
v 0.008158 0.441929 0.451859
v 0.006652 0.440043 0.449849
v 0.004369 0.438563 0.448281
v 0.001578 0.431205 0.453308
v -0.001536 0.430918 0.453025
v -0.004623 0.431302 0.453461
v -0.007379 0.432318 0.454572
v -0.009535 0.433867 0.456249
v -0.010879 0.435798 0.458330
v -0.011281 0.437921 0.460608
v -0.010701 0.440029 0.462863
v -0.009196 0.441915 0.464873
v -0.006912 0.443395 0.466440
v -0.004074 0.444323 0.467413
v -0.000960 0.444610 0.467696
v 0.002127 0.444226 0.467260
v 0.004883 0.443210 0.466149
v 0.007039 0.441661 0.464472
v 0.008383 0.439730 0.462391
v 0.008786 0.437607 0.460113
v 0.008205 0.435499 0.457858
v 0.006700 0.433613 0.455848
v 0.004416 0.432133 0.454281
v 0.001606 0.427501 0.456763
v -0.001509 0.427214 0.456481
v -0.004595 0.427598 0.456916
v -0.007351 0.428614 0.458027
v -0.009507 0.430164 0.459705
v -0.010852 0.432094 0.461785
v -0.011254 0.434217 0.464064
v -0.010674 0.436325 0.466318
v -0.009168 0.438211 0.468328
v -0.006885 0.439691 0.469896
v -0.004047 0.440620 0.470869
v -0.000932 0.440906 0.471151
v 0.002154 0.440523 0.470716
v 0.004910 0.439507 0.469605
v 0.007066 0.437957 0.467927
v 0.008411 0.436027 0.465847
v 0.008813 0.433903 0.463568
v 0.008233 0.431796 0.461313
v 0.006727 0.429910 0.459304
v 0.004444 0.428430 0.457736
v -0.001497 0.425903 0.457781
v -0.004567 0.426284 0.458214
v -0.007307 0.427295 0.459319
v -0.009451 0.428835 0.460987
v -0.010789 0.430755 0.463055
v -0.010611 0.434963 0.467564
v -0.009114 0.436839 0.469562
v -0.006843 0.438310 0.471122
v -0.004021 0.439234 0.472089
v -0.000924 0.439519 0.472370
v 0.002145 0.439137 0.471937
v 0.004886 0.438127 0.470832
v 0.007030 0.436586 0.469163
v 0.008368 0.434666 0.467095
v 0.008190 0.430459 0.462587
v 0.006693 0.428583 0.460588
v 0.004422 0.427111 0.459029
v 0.001600 0.426188 0.458062
v -0.009537 0.440442 0.450158
v -0.010874 0.442362 0.452227
v -0.011274 0.444474 0.454493
v -0.010697 0.446569 0.456735
v -0.009200 0.448445 0.458733
v -0.006929 0.449917 0.460292
v -0.004107 0.450840 0.461260
v -0.001010 0.451125 0.461540
v 0.002059 0.450744 0.461107
v 0.004800 0.449733 0.460002
v 0.006944 0.448192 0.458334
v 0.008281 0.446273 0.456266
v 0.008681 0.444161 0.454000
v 0.008104 0.442065 0.451758
v 0.006607 0.440190 0.449759
v 0.004336 0.438718 0.448200
v 0.001514 0.437795 0.447233
v -0.007393 0.438902 0.448490
v -0.008715 0.440829 0.450566
v -0.009919 0.442557 0.452428
v -0.009760 0.446345 0.456486
v -0.008412 0.448034 0.458286
v -0.006367 0.449358 0.459689
v -0.003827 0.450190 0.460560
v -0.001038 0.450446 0.460813
v 0.001725 0.450103 0.460423
v 0.004192 0.449193 0.459428
v 0.006122 0.447806 0.457927
v 0.007326 0.446078 0.456064
v 0.007686 0.444177 0.454024
v 0.007167 0.442290 0.452006
v 0.005819 0.440601 0.450207
v 0.003774 0.439276 0.448803
v 0.001234 0.438445 0.447932
v -0.001555 0.438188 0.447679
v -0.004318 0.438532 0.448069
v -0.006785 0.439442 0.449064
v -0.008032 0.434513 0.466724
v -0.008450 0.432992 0.465097
v -0.008160 0.431460 0.463453
v -0.007190 0.430067 0.461953
v -0.005635 0.428950 0.460742
v -0.003646 0.428216 0.459941
v -0.001420 0.427940 0.459626
v 0.000827 0.428146 0.459830
v 0.002875 0.428816 0.460532
v 0.004522 0.429884 0.461663
v 0.005608 0.431245 0.463113
v 0.006027 0.432765 0.464740
v 0.005737 0.434297 0.466384
v 0.001223 0.437541 0.469896
v -0.001004 0.437818 0.470210
v -0.003251 0.437611 0.470007
v -0.005298 0.436941 0.469305
v -0.006946 0.435874 0.468174
v -0.008113 0.445500 0.456473
v -0.008532 0.443979 0.454846
v -0.008242 0.442447 0.453202
v -0.007272 0.441054 0.451701
v -0.005716 0.439937 0.450491
v -0.003728 0.439204 0.449690
v -0.001501 0.438927 0.449375
v 0.000746 0.439134 0.449579
v 0.002793 0.439804 0.450281
v 0.004441 0.440871 0.451412
v 0.005527 0.442232 0.452862
v 0.005946 0.443753 0.454488
v 0.005656 0.445284 0.456133
v 0.004685 0.446677 0.457633
v 0.003130 0.447795 0.458844
v 0.001142 0.448528 0.459645
v -0.003332 0.448598 0.459756
v -0.005380 0.447928 0.459054
v -0.007027 0.446861 0.457923
v 0.005610 0.431077 0.463270
v 0.005050 0.429441 0.461521
v 0.003251 0.428275 0.460286
v 0.001016 0.427544 0.459520
v -0.001438 0.427318 0.459297
v -0.003869 0.427620 0.459640
v -0.006040 0.428421 0.460515
v -0.007738 0.429641 0.461837
v -0.008798 0.431162 0.463475
v -0.009114 0.432835 0.465270
v -0.008657 0.434495 0.467047
v -0.007471 0.435981 0.468630
v -0.005673 0.437146 0.469865
v -0.003437 0.437878 0.470631
v -0.000983 0.438104 0.470854
v 0.001448 0.437801 0.470510
v 0.003619 0.437001 0.469635
v 0.006377 0.434260 0.466675
v 0.006693 0.432587 0.464880
v 0.280374 0.277098 0.422914
v 0.276027 0.290326 0.415926
v 0.267688 0.302763 0.411621
v 0.269448 0.332827 0.389539
v 0.242613 0.320586 0.412443
v 0.228330 0.324228 0.417489
v 0.201704 0.350102 0.413474
v 0.203129 0.319226 0.434430
v 0.194677 0.311071 0.444667
v 0.161616 0.311425 0.462029
v 0.190127 0.287368 0.463762
v 0.194474 0.274140 0.470750
v 0.202813 0.261703 0.475055
v 0.214327 0.251277 0.476255
v 0.227889 0.243880 0.474233
v 0.242171 0.240238 0.469187
v 0.255777 0.240707 0.461610
v 0.267373 0.245240 0.452245
v 0.275824 0.253395 0.442008
v 0.308885 0.253042 0.424646
v 0.308999 0.273841 0.409957
v 0.301894 0.295460 0.398536
v 0.288266 0.315786 0.391500
v 0.247283 0.344916 0.392843
v 0.223939 0.350868 0.401091
v 0.182751 0.342693 0.428780
v 0.168938 0.329366 0.445511
v 0.161502 0.290626 0.476718
v 0.168607 0.269006 0.488139
v 0.182235 0.248680 0.495175
v 0.201053 0.231639 0.497136
v 0.223218 0.219550 0.493832
v 0.246562 0.213598 0.485584
v 0.268798 0.214364 0.473202
v 0.287750 0.221773 0.457896
v 0.301563 0.235101 0.441165
v 0.313883 0.259641 0.434029
v 0.313997 0.280440 0.419340
v 0.306892 0.302059 0.407919
v 0.293264 0.322385 0.400883
v 0.274446 0.339426 0.398922
v 0.252281 0.351515 0.402226
v 0.228938 0.357467 0.410474
v 0.206702 0.356702 0.422856
v 0.187749 0.349292 0.438163
v 0.173936 0.335965 0.454894
v 0.166614 0.318024 0.471412
v 0.173605 0.275605 0.497522
v 0.187233 0.255279 0.504558
v 0.206051 0.238238 0.506519
v 0.228216 0.226149 0.503215
v 0.251560 0.220197 0.494967
v 0.273795 0.220963 0.482585
v 0.292748 0.228372 0.467278
v 0.306561 0.241700 0.450547
v 0.235251 0.282233 0.443338
v 0.233305 0.252657 0.481862
v 0.220512 0.259633 0.483769
v 0.201787 0.281198 0.478576
v 0.197752 0.305679 0.463508
v 0.201978 0.316033 0.453975
v 0.209950 0.323725 0.444319
v 0.220888 0.328001 0.435485
v 0.233721 0.328443 0.428339
v 0.247193 0.325008 0.423579
v 0.259985 0.318031 0.421672
v 0.278710 0.296466 0.426865
v 0.282811 0.283988 0.433456
v 0.259609 0.249663 0.469956
v 0.293416 0.311330 0.538452
v 0.283959 0.311004 0.543718
v 0.274032 0.313536 0.547225
v 0.264605 0.318677 0.548631
v 0.256601 0.325925 0.547797
v 0.250805 0.334569 0.544805
v 0.247783 0.343764 0.539947
v 0.247832 0.352610 0.533700
v 0.250946 0.360240 0.526675
v 0.256821 0.365908 0.519559
v 0.264881 0.369060 0.513049
v 0.274338 0.369385 0.507783
v 0.284266 0.366853 0.504276
v 0.293693 0.361712 0.502870
v 0.301696 0.354465 0.503704
v 0.307492 0.345820 0.506697
v 0.310514 0.336625 0.511554
v 0.310465 0.327780 0.517801
v 0.307351 0.320149 0.524826
v 0.301476 0.314481 0.531942
v 0.282730 0.292437 0.545671
v 0.268070 0.296176 0.550851
v 0.254149 0.303768 0.552926
v 0.242330 0.314471 0.551694
v 0.233770 0.327237 0.547275
v 0.229308 0.340815 0.540102
v 0.229380 0.353878 0.530877
v 0.233979 0.365146 0.520503
v 0.242654 0.373516 0.509995
v 0.254557 0.378170 0.500381
v 0.268522 0.378650 0.492605
v 0.283183 0.374912 0.487425
v 0.297104 0.367320 0.485349
v 0.308923 0.356617 0.486581
v 0.317482 0.343851 0.491000
v 0.321944 0.330273 0.498173
v 0.321873 0.317210 0.507398
v 0.317274 0.305942 0.517773
v 0.308599 0.297572 0.528281
v 0.296696 0.292918 0.537894
v 0.292795 0.310983 0.537425
v 0.283432 0.310660 0.542639
v 0.273602 0.313167 0.546112
v 0.264269 0.318257 0.547503
v 0.256345 0.325433 0.546677
v 0.250607 0.333991 0.543715
v 0.247615 0.343095 0.538906
v 0.247663 0.351853 0.532720
v 0.250746 0.359408 0.525765
v 0.256563 0.365020 0.518720
v 0.264543 0.368140 0.512275
v 0.273906 0.368462 0.507061
v 0.283735 0.365955 0.503588
v 0.293069 0.360865 0.502196
v 0.300993 0.353690 0.503023
v 0.306731 0.345131 0.505985
v 0.309723 0.336027 0.510794
v 0.309675 0.327269 0.516979
v 0.306592 0.319715 0.523935
v 0.300775 0.314103 0.530980
v 0.247180 0.294844 0.533833
v 0.236319 0.304679 0.532701
v 0.228454 0.316409 0.528640
v 0.224354 0.328886 0.522049
v 0.224420 0.340890 0.513572
v 0.228645 0.351244 0.504039
v 0.236617 0.358936 0.494383
v 0.247555 0.363212 0.485549
v 0.273860 0.360218 0.473643
v 0.286652 0.353242 0.471736
v 0.297512 0.343407 0.472868
v 0.305377 0.331677 0.476929
v 0.309478 0.319199 0.483520
v 0.309412 0.307196 0.491997
v 0.305186 0.296841 0.501530
v 0.297214 0.289150 0.511186
v 0.273443 0.284431 0.527166
v 0.259972 0.287867 0.531926
v 0.242270 0.287071 0.552612
v 0.226945 0.300948 0.551015
v 0.242692 0.287627 0.553403
v 0.227367 0.301505 0.551806
v 0.215847 0.317501 0.545285
v 0.216268 0.318058 0.546076
v 0.210060 0.335108 0.535984
v 0.210482 0.335665 0.536775
v 0.210153 0.352046 0.524022
v 0.210575 0.352603 0.524813
v 0.216116 0.366657 0.510569
v 0.216538 0.367213 0.511361
v 0.227365 0.377511 0.496944
v 0.227787 0.378067 0.497736
v 0.242800 0.383545 0.484479
v 0.243221 0.384101 0.485271
v 0.260908 0.384168 0.474395
v 0.261330 0.384725 0.475186
v 0.279918 0.379320 0.467678
v 0.280340 0.379877 0.468470
v 0.297969 0.369476 0.464987
v 0.298391 0.370032 0.465779
v 0.313294 0.355598 0.466585
v 0.313716 0.356155 0.467376
v 0.324393 0.339045 0.472314
v 0.324814 0.339602 0.473106
v 0.330179 0.321438 0.481616
v 0.330601 0.321995 0.482407
v 0.330086 0.304500 0.493578
v 0.330508 0.305057 0.494369
v 0.324123 0.289889 0.507030
v 0.324545 0.290446 0.507821
v 0.312874 0.279036 0.520655
v 0.313296 0.279592 0.521447
v 0.297440 0.273002 0.533120
v 0.297861 0.273558 0.533912
v 0.279331 0.272378 0.543205
v 0.279752 0.272934 0.543996
v 0.260321 0.277226 0.549921
v 0.260742 0.277783 0.550712
v 0.264755 0.383869 0.482969
v 0.248077 0.383295 0.492256
v 0.233863 0.377737 0.503736
v 0.223503 0.367741 0.516285
v 0.218011 0.354285 0.528674
v 0.217925 0.338686 0.539690
v 0.223254 0.322470 0.548257
v 0.233476 0.307226 0.553534
v 0.247590 0.294445 0.555005
v 0.264214 0.285378 0.552526
v 0.281722 0.280913 0.546341
v 0.298400 0.281487 0.537053
v 0.312614 0.287045 0.525573
v 0.322974 0.297041 0.513025
v 0.328466 0.310497 0.500636
v 0.328552 0.326096 0.489619
v 0.323223 0.342312 0.481053
v 0.313001 0.357556 0.475776
v 0.298887 0.370338 0.474305
v 0.282263 0.379404 0.476783
v 0.271670 0.373252 0.500916
v 0.283662 0.370194 0.496679
v 0.295049 0.363984 0.494981
v 0.304716 0.355229 0.495989
v 0.311717 0.344788 0.499604
v 0.315367 0.333681 0.505471
v 0.315308 0.322996 0.513017
v 0.311547 0.313779 0.521502
v 0.304451 0.306933 0.530098
v 0.294714 0.303126 0.537961
v 0.271299 0.305791 0.548559
v 0.259913 0.312001 0.550256
v 0.250245 0.320755 0.549249
v 0.243244 0.331197 0.545634
v 0.239594 0.342304 0.539767
v 0.239653 0.352988 0.532221
v 0.243414 0.362205 0.523735
v 0.250511 0.369052 0.515140
v 0.260247 0.372858 0.507277
v 0.257108 0.364392 0.518871
v 0.264891 0.367435 0.512585
v 0.274024 0.367750 0.507499
v 0.283610 0.365305 0.504112
v 0.292714 0.360340 0.502755
v 0.300442 0.353341 0.503561
v 0.306039 0.344994 0.506450
v 0.308957 0.336114 0.511141
v 0.308910 0.327572 0.517173
v 0.305903 0.320204 0.523957
v 0.300230 0.314731 0.530829
v 0.292447 0.311687 0.537115
v 0.283314 0.311373 0.542201
v 0.273727 0.313818 0.545588
v 0.264624 0.318783 0.546945
v 0.256896 0.325781 0.546139
v 0.251298 0.334129 0.543250
v 0.248380 0.343008 0.538559
v 0.248428 0.351550 0.532526
v 0.251435 0.358918 0.525743
v 0.287790 0.339720 0.527220
v 0.287801 0.341675 0.525839
v 0.287133 0.343707 0.524765
v 0.285852 0.345618 0.524104
v 0.284082 0.347221 0.523919
v 0.281999 0.348357 0.524230
v 0.279804 0.348917 0.525006
v 0.277713 0.348845 0.526170
v 0.275932 0.348148 0.527609
v 0.274633 0.346895 0.529181
v 0.273945 0.345208 0.530734
v 0.273934 0.343253 0.532115
v 0.274602 0.341220 0.533189
v 0.275883 0.339310 0.533851
v 0.277652 0.337707 0.534035
v 0.279736 0.336571 0.533724
v 0.281931 0.336011 0.532949
v 0.284021 0.336083 0.531785
v 0.285803 0.336780 0.530346
v 0.287102 0.338033 0.528773
v 0.259244 0.366132 0.522182
v 0.266869 0.369113 0.516023
v 0.275817 0.369421 0.511040
v 0.285209 0.367026 0.507722
v 0.301700 0.355305 0.507181
v 0.307183 0.347127 0.510012
v 0.309996 0.330059 0.520518
v 0.307050 0.322840 0.527165
v 0.301492 0.317477 0.533897
v 0.293866 0.314495 0.540056
v 0.284919 0.314187 0.545038
v 0.266608 0.321447 0.549686
v 0.259036 0.328304 0.548897
v 0.253552 0.336482 0.546066
v 0.250739 0.353550 0.535560
v 0.286388 0.347771 0.536881
v 0.286390 0.348097 0.536651
v 0.285234 0.348230 0.537176
v 0.286278 0.348436 0.536472
v 0.286065 0.348755 0.536361
v 0.285770 0.349022 0.536330
v 0.285422 0.349212 0.536382
v 0.285056 0.349305 0.536512
v 0.284707 0.349293 0.536706
v 0.284410 0.349177 0.536946
v 0.284194 0.348968 0.537208
v 0.284079 0.348687 0.537467
v 0.284077 0.348360 0.537697
v 0.284189 0.348022 0.537876
v 0.284402 0.347703 0.537987
v 0.284697 0.347436 0.538018
v 0.285045 0.347246 0.537966
v 0.285411 0.347153 0.537836
v 0.285759 0.347165 0.537642
v 0.286057 0.347281 0.537402
v 0.286273 0.347490 0.537140
v 0.219748 0.258624 0.482334
v 0.208888 0.268459 0.481202
v 0.201022 0.280189 0.477141
v 0.196922 0.292666 0.470550
v 0.196988 0.304670 0.462073
v 0.201214 0.315024 0.452539
v 0.209186 0.322716 0.442883
v 0.220123 0.326992 0.434050
v 0.232956 0.327434 0.426904
v 0.246428 0.323998 0.422144
v 0.259220 0.317022 0.420237
v 0.270081 0.307187 0.421369
v 0.277946 0.295457 0.425429
v 0.282046 0.282979 0.432021
v 0.281980 0.270976 0.440498
v 0.277754 0.260621 0.450031
v 0.269783 0.252930 0.459687
v 0.258845 0.248654 0.468521
v 0.246776 0.249221 0.477102
v 0.232540 0.251647 0.480427
v 0.237000 0.281403 0.514723
v 0.226140 0.291238 0.513591
v 0.218275 0.302968 0.509530
v 0.214174 0.315446 0.502939
v 0.214240 0.327449 0.494462
v 0.218466 0.337803 0.484928
v 0.226438 0.345495 0.475273
v 0.237376 0.349771 0.466439
v 0.250208 0.350213 0.459293
v 0.263680 0.346778 0.454533
v 0.276473 0.339801 0.452626
v 0.287333 0.329966 0.453758
v 0.295198 0.318236 0.457818
v 0.299298 0.305758 0.464410
v 0.299232 0.293755 0.472887
v 0.295007 0.283401 0.482420
v 0.287035 0.275709 0.492076
v 0.276097 0.271433 0.500910
v 0.263264 0.270991 0.508056
v 0.249792 0.274427 0.512815
v 0.241855 0.287813 0.523836
v 0.230995 0.297648 0.522705
v 0.223129 0.309378 0.518644
v 0.219029 0.321856 0.512053
v 0.219095 0.333859 0.503575
v 0.223320 0.344213 0.494042
v 0.231292 0.351905 0.484387
v 0.242230 0.356181 0.475553
v 0.255063 0.356623 0.468407
v 0.268535 0.353188 0.463647
v 0.281327 0.346211 0.461740
v 0.292187 0.336376 0.462872
v 0.300053 0.324646 0.466932
v 0.304153 0.312168 0.473524
v 0.304087 0.300165 0.482001
v 0.299861 0.289811 0.491534
v 0.291890 0.282119 0.501190
v 0.280952 0.277843 0.510023
v 0.268119 0.277401 0.517170
v 0.254647 0.280837 0.521929
v 0.266381 0.321142 0.549373
v 0.258791 0.328015 0.548582
v 0.253206 0.336120 0.545634
v 0.250429 0.344933 0.541138
v 0.250475 0.353322 0.535213
v 0.253428 0.360558 0.528551
v 0.266643 0.368922 0.515630
v 0.275612 0.369230 0.510636
v 0.293966 0.361954 0.505977
v 0.301556 0.355081 0.506768
v 0.307053 0.346883 0.509605
v 0.309918 0.338163 0.514212
v 0.309872 0.329774 0.520136
v 0.306919 0.322538 0.526798
v 0.301348 0.317163 0.533546
v 0.293704 0.314175 0.539720
v 0.284736 0.313866 0.544714
v 0.275321 0.316267 0.548040
v 0.264704 0.318889 0.547055
v 0.256981 0.325882 0.546250
v 0.251389 0.334223 0.543363
v 0.248473 0.343095 0.538676
v 0.248520 0.351630 0.532648
v 0.251525 0.358993 0.525869
v 0.257193 0.364462 0.519004
v 0.283675 0.365374 0.504257
v 0.292770 0.360413 0.502901
v 0.300492 0.353420 0.503706
v 0.306085 0.345079 0.506593
v 0.309001 0.336207 0.511280
v 0.308954 0.327672 0.517308
v 0.305949 0.320310 0.524086
v 0.300281 0.314841 0.530952
v 0.292504 0.311800 0.537233
v 0.273800 0.313929 0.545699
v 0.265407 0.319834 0.548027
v 0.257021 0.325928 0.546301
v 0.249293 0.343866 0.539708
v 0.249340 0.352340 0.533724
v 0.252323 0.359649 0.526994
v 0.257951 0.365079 0.520178
v 0.265672 0.368098 0.513942
v 0.274731 0.368409 0.508897
v 0.284241 0.365984 0.505537
v 0.293272 0.361059 0.504191
v 0.300938 0.354116 0.504990
v 0.306491 0.345836 0.507856
v 0.309386 0.337027 0.512509
v 0.309339 0.328554 0.518494
v 0.306356 0.321244 0.525223
v 0.300728 0.315815 0.532040
v 0.293007 0.312796 0.538276
v 0.283948 0.312484 0.543321
v 0.274438 0.314909 0.546681
v 0.278378 0.338709 0.534445
v 0.276761 0.340174 0.534277
v 0.275589 0.341921 0.533672
v 0.274989 0.345567 0.531428
v 0.275618 0.347109 0.530008
v 0.276805 0.348254 0.528570
v 0.278434 0.348891 0.527255
v 0.282351 0.348445 0.525482
v 0.284256 0.347406 0.525198
v 0.285874 0.345941 0.525366
v 0.287655 0.342336 0.526953
v 0.287646 0.340549 0.528215
v 0.287016 0.339007 0.529635
v 0.285829 0.337862 0.531073
v 0.284200 0.337225 0.532388
v 0.282289 0.337159 0.533452
v 0.275265 0.334193 0.537418
v 0.272242 0.336931 0.537103
v 0.270052 0.340196 0.535973
v 0.268911 0.343670 0.534138
v 0.268929 0.347011 0.531778
v 0.270105 0.349894 0.529124
v 0.272325 0.352035 0.526435
v 0.275370 0.353226 0.523976
v 0.278942 0.353349 0.521987
v 0.282692 0.352392 0.520662
v 0.286254 0.350450 0.520131
v 0.289277 0.347712 0.520446
v 0.291413 0.334749 0.528425
v 0.289194 0.332608 0.531113
v 0.282577 0.331294 0.535562
v 0.278826 0.332251 0.536887
v 0.267725 0.323092 0.548102
v 0.260741 0.329417 0.547374
v 0.255682 0.336961 0.544763
v 0.250693 0.345181 0.541471
v 0.253088 0.352706 0.535072
v 0.253685 0.360769 0.528914
v 0.260932 0.364312 0.522731
v 0.267967 0.367062 0.517050
v 0.276220 0.367346 0.512454
v 0.284884 0.365137 0.509392
v 0.294128 0.362162 0.506392
v 0.300096 0.354325 0.508894
v 0.305154 0.346781 0.511506
v 0.310042 0.338427 0.514608
v 0.307749 0.331036 0.521197
v 0.305031 0.324377 0.527328
v 0.299904 0.319431 0.533537
v 0.292870 0.316680 0.539219
v 0.284617 0.316396 0.543815
v 0.275526 0.316583 0.548357
v 0.299281 0.344773 0.472164
v 0.307508 0.332502 0.476412
v 0.311797 0.319450 0.483307
v 0.311729 0.306894 0.492174
v 0.307308 0.296062 0.502147
v 0.298969 0.288016 0.512247
v 0.286276 0.284874 0.520020
v 0.274103 0.283081 0.528964
v 0.260011 0.286675 0.533942
v 0.235269 0.304261 0.534753
v 0.227041 0.316531 0.530505
v 0.222752 0.329584 0.523611
v 0.222821 0.342140 0.514743
v 0.227241 0.352971 0.504771
v 0.235580 0.361017 0.494670
v 0.247022 0.365490 0.485429
v 0.260388 0.363654 0.478403
v 0.274539 0.362359 0.472975
v 0.287920 0.355061 0.470980
v 0.295011 0.340104 0.468172
v 0.302876 0.328374 0.472233
v 0.306976 0.315896 0.478824
v 0.306910 0.303893 0.487301
v 0.302685 0.293539 0.496834
v 0.294713 0.285847 0.506490
v 0.283775 0.281571 0.515324
v 0.270942 0.281129 0.522470
v 0.257470 0.284564 0.527230
v 0.244678 0.291541 0.529137
v 0.233818 0.301376 0.528005
v 0.225953 0.313106 0.523944
v 0.221852 0.325584 0.517353
v 0.221918 0.337587 0.508876
v 0.226144 0.347941 0.499343
v 0.234116 0.355633 0.489687
v 0.245054 0.359909 0.480853
v 0.257886 0.360351 0.473707
v 0.271358 0.356915 0.468947
v 0.284150 0.349939 0.467040
v 0.197686 0.293676 0.471985
v 0.199009 0.307338 0.465867
v 0.203235 0.317693 0.456334
v 0.211207 0.325384 0.446678
v 0.222144 0.329660 0.437845
v 0.234977 0.330103 0.430698
v 0.248449 0.326667 0.425938
v 0.261241 0.319690 0.424031
v 0.270845 0.308196 0.422804
v 0.279967 0.298125 0.429224
v 0.284067 0.285648 0.435815
v 0.282745 0.271985 0.441933
v 0.278519 0.261631 0.451466
v 0.270547 0.253939 0.461122
v 0.260866 0.251322 0.472315
v 0.234561 0.254316 0.484221
v 0.221769 0.261292 0.486128
v 0.209652 0.269468 0.482637
v 0.203043 0.282858 0.480936
v 0.205984 0.304632 0.487563
v 0.206050 0.316635 0.479086
v 0.210276 0.326990 0.469553
v 0.218248 0.334681 0.459897
v 0.229186 0.338958 0.451063
v 0.242019 0.339399 0.443917
v 0.255490 0.335964 0.439157
v 0.268282 0.328987 0.437250
v 0.279143 0.319153 0.438382
v 0.287008 0.307422 0.442443
v 0.291108 0.294945 0.449034
v 0.291043 0.282941 0.457511
v 0.286817 0.272587 0.467044
v 0.278845 0.264895 0.476700
v 0.267907 0.260619 0.485534
v 0.255074 0.260177 0.492680
v 0.241602 0.263613 0.497440
v 0.228810 0.270589 0.499347
v 0.217950 0.280424 0.498215
v 0.210085 0.292154 0.494155
v 0.163896 0.293786 0.481211
v 0.164010 0.314585 0.466523
v 0.171332 0.332526 0.450004
v 0.185145 0.345854 0.433273
v 0.204097 0.353263 0.417967
v 0.226333 0.354029 0.405585
v 0.249677 0.348076 0.397337
v 0.271842 0.335988 0.394033
v 0.290660 0.318947 0.395994
v 0.304288 0.298621 0.403030
v 0.311393 0.277001 0.414451
v 0.311279 0.256202 0.429140
v 0.303956 0.238261 0.445658
v 0.290143 0.224933 0.462389
v 0.271191 0.217524 0.477695
v 0.248955 0.216758 0.490078
v 0.225612 0.222711 0.498325
v 0.203447 0.234799 0.501630
v 0.184629 0.251840 0.499669
v 0.171001 0.272166 0.492632
v 0.161747 0.290948 0.477177
v 0.161861 0.311747 0.462488
v 0.169183 0.329688 0.445970
v 0.182996 0.343016 0.429239
v 0.201948 0.350425 0.413933
v 0.224184 0.351191 0.401550
v 0.247528 0.345239 0.393302
v 0.269693 0.333150 0.389998
v 0.309130 0.253364 0.425105
v 0.301807 0.235423 0.441623
v 0.287994 0.222096 0.458354
v 0.246806 0.213921 0.486043
v 0.223463 0.219873 0.494291
v 0.201298 0.231962 0.497595
v 0.182480 0.249003 0.495634
v 0.172885 0.296498 0.483211
v 0.172989 0.315496 0.469794
v 0.179677 0.331884 0.454706
v 0.192294 0.344058 0.439423
v 0.209606 0.350826 0.425442
v 0.229916 0.351525 0.414131
v 0.251239 0.346088 0.406598
v 0.288674 0.319480 0.405371
v 0.301123 0.300914 0.411798
v 0.307612 0.281166 0.422230
v 0.307508 0.262168 0.435647
v 0.300820 0.245780 0.450736
v 0.288203 0.233606 0.466018
v 0.270891 0.226838 0.479999
v 0.250581 0.226139 0.491310
v 0.229258 0.231576 0.498843
v 0.191823 0.258184 0.500070
v 0.166500 0.297225 0.486101
v 0.201015 0.293297 0.470478
v 0.201076 0.304361 0.462664
v 0.222402 0.324938 0.436833
v 0.234231 0.325345 0.430246
v 0.246649 0.322178 0.425858
v 0.279482 0.284367 0.434963
v 0.279421 0.273303 0.442777
v 0.275526 0.263758 0.451564
v 0.268177 0.256668 0.460465
v 0.258095 0.252726 0.468608
v 0.246266 0.252319 0.475195
v 0.212045 0.270982 0.480297
v 0.204795 0.281795 0.476554
v 0.227988 0.315793 0.527765
v 0.223887 0.328271 0.521173
v 0.223953 0.340274 0.512696
v 0.228179 0.350628 0.503163
v 0.236151 0.358320 0.493507
v 0.247088 0.362596 0.484674
v 0.259921 0.363038 0.477528
v 0.273393 0.359602 0.472768
v 0.304911 0.331061 0.476053
v 0.309011 0.318583 0.482645
v 0.308945 0.306580 0.491122
v 0.304720 0.296226 0.500655
v 0.285810 0.284258 0.519144
v 0.272977 0.283816 0.526291
v 0.259505 0.287251 0.531050
v 0.246713 0.294228 0.532957
v 0.235853 0.304063 0.531825
v 0.225168 0.316694 0.532979
v 0.220628 0.330508 0.525681
v 0.220701 0.343798 0.516296
v 0.225379 0.355261 0.505741
v 0.234205 0.363777 0.495051
v 0.246315 0.368512 0.485271
v 0.260523 0.369001 0.477358
v 0.275439 0.365197 0.472089
v 0.289602 0.357473 0.469977
v 0.301626 0.346585 0.471230
v 0.310334 0.333597 0.475726
v 0.314874 0.319782 0.483024
v 0.314801 0.306493 0.492409
v 0.310122 0.295029 0.502964
v 0.301296 0.286513 0.513654
v 0.289186 0.281779 0.523435
v 0.274978 0.281289 0.531347
v 0.260063 0.285093 0.536617
v 0.245900 0.292818 0.538728
v 0.233876 0.303706 0.537475
v 0.220954 0.317059 0.538542
v 0.215850 0.332588 0.530339
v 0.215932 0.347527 0.519789
v 0.221192 0.360413 0.507924
v 0.231113 0.369986 0.495907
v 0.244726 0.375308 0.484913
v 0.260697 0.375858 0.476019
v 0.277464 0.371582 0.470095
v 0.293385 0.362900 0.467721
v 0.306901 0.350659 0.469130
v 0.316690 0.336060 0.474184
v 0.321793 0.320531 0.482387
v 0.321711 0.305592 0.492938
v 0.316452 0.292706 0.504802
v 0.306531 0.283133 0.516819
v 0.292918 0.277811 0.527813
v 0.276946 0.277261 0.536708
v 0.260179 0.281537 0.542631
v 0.244259 0.290220 0.545005
v 0.230742 0.302459 0.543596
v 0.216669 0.317430 0.544199
v 0.210993 0.334702 0.535074
v 0.211084 0.351318 0.523340
v 0.227969 0.376298 0.496777
v 0.243110 0.382218 0.484549
v 0.260874 0.382829 0.474656
v 0.279523 0.378074 0.468068
v 0.297231 0.368416 0.465428
v 0.312264 0.354802 0.466995
v 0.323152 0.338564 0.472616
v 0.328828 0.321292 0.481740
v 0.328737 0.304676 0.493475
v 0.322887 0.290343 0.506671
v 0.311852 0.279696 0.520037
v 0.296711 0.273776 0.532265
v 0.278947 0.273164 0.542158
v 0.260298 0.277920 0.548747
v 0.242591 0.287578 0.551386
v 0.227557 0.301192 0.549819
v 0.255791 0.366421 0.518838
v 0.264125 0.369679 0.512108
v 0.273903 0.370016 0.506663
v 0.293914 0.362083 0.501583
v 0.302189 0.354589 0.502446
v 0.308181 0.345652 0.505539
v 0.311306 0.336145 0.510562
v 0.311255 0.326999 0.517020
v 0.308036 0.319110 0.524284
v 0.301962 0.313250 0.531641
v 0.293628 0.309992 0.538372
v 0.283291 0.302733 0.544322
v 0.273586 0.312272 0.547443
v 0.263839 0.317588 0.548896
v 0.255564 0.325081 0.548034
v 0.249572 0.334019 0.544940
v 0.246447 0.343526 0.539918
v 0.246498 0.352672 0.533459
v 0.249717 0.360561 0.526195
v 0.274104 0.367825 0.507659
v 0.283711 0.365413 0.504339
v 0.292803 0.360455 0.502983
v 0.300521 0.353465 0.503788
v 0.306111 0.345128 0.506674
v 0.309025 0.336260 0.511359
v 0.308979 0.327729 0.517384
v 0.305975 0.320370 0.524159
v 0.300309 0.314903 0.531021
v 0.292536 0.311864 0.537300
v 0.283366 0.311463 0.542292
v 0.273840 0.313991 0.545762
v 0.264749 0.318950 0.547117
v 0.251440 0.334276 0.543427
v 0.248526 0.343145 0.538742
v 0.248573 0.351676 0.532717
v 0.251576 0.359035 0.525941
v 0.257242 0.364501 0.519079
v 0.264999 0.367527 0.512773
v 0.247475 0.363106 0.485399
v 0.260308 0.363548 0.478253
v 0.273780 0.360113 0.473493
v 0.286502 0.353043 0.471454
v 0.309398 0.319093 0.483370
v 0.309332 0.307090 0.491847
v 0.305106 0.296736 0.501380
v 0.297064 0.288951 0.510904
v 0.286197 0.284768 0.519870
v 0.273363 0.284326 0.527017
v 0.259892 0.287762 0.531776
v 0.247100 0.294738 0.533683
v 0.224274 0.328781 0.521899
v 0.224340 0.340784 0.513422
v 0.228565 0.351138 0.503889
v 0.236537 0.358830 0.494233
v 0.289201 0.223689 0.460620
v 0.270249 0.216280 0.475926
v 0.248013 0.215514 0.488309
v 0.224670 0.221467 0.496556
v 0.202504 0.233555 0.499861
v 0.183687 0.250596 0.497900
v 0.170058 0.270922 0.490864
v 0.162953 0.292542 0.479443
v 0.163067 0.313341 0.464754
v 0.170390 0.331282 0.448235
v 0.184203 0.344610 0.431504
v 0.203155 0.352019 0.416198
v 0.225391 0.352784 0.403816
v 0.248734 0.346832 0.395568
v 0.270899 0.334743 0.392264
v 0.289717 0.317702 0.394225
v 0.303346 0.297377 0.401261
v 0.310450 0.275757 0.412682
v 0.310337 0.254958 0.427371
v 0.303014 0.237017 0.443889
v 0.228157 0.226072 0.503104
v 0.205992 0.238160 0.506409
v 0.187174 0.255201 0.504447
v 0.173546 0.275527 0.497411
v 0.166441 0.297147 0.485990
v 0.166555 0.317946 0.471301
v 0.173877 0.335887 0.454783
v 0.187690 0.349215 0.438052
v 0.206643 0.356624 0.422746
v 0.228878 0.357390 0.410363
v 0.293205 0.322308 0.400773
v 0.306833 0.301982 0.407809
v 0.313938 0.280362 0.419230
v 0.313824 0.259563 0.433918
v 0.306502 0.241622 0.450437
v 0.292689 0.228294 0.467168
v 0.273736 0.220885 0.482474
v 0.251501 0.220119 0.494856
v 0.297538 0.290110 0.481978
v 0.297912 0.290535 0.484172
v 0.297879 0.290384 0.486432
v 0.297441 0.289672 0.488538
v 0.296642 0.288468 0.490283
v 0.295561 0.286889 0.491497
v 0.294301 0.285092 0.492060
v 0.292988 0.283251 0.491918
v 0.291750 0.281547 0.491084
v 0.290707 0.280146 0.489640
v 0.289962 0.279186 0.487727
v 0.289588 0.278761 0.485534
v 0.289621 0.278912 0.483273
v 0.290059 0.279625 0.481168
v 0.290857 0.280829 0.479422
v 0.291939 0.282407 0.478209
v 0.293198 0.284205 0.477646
v 0.294512 0.286045 0.477788
v 0.295750 0.287750 0.478622
v 0.296793 0.289150 0.480066
v 0.299000 0.292219 0.480868
v 0.299519 0.292808 0.483909
v 0.299473 0.292599 0.487042
v 0.298866 0.291611 0.489961
v 0.297759 0.289942 0.492380
v 0.296260 0.287755 0.494062
v 0.294514 0.285263 0.494842
v 0.292694 0.282712 0.494645
v 0.290978 0.280349 0.493489
v 0.289532 0.278408 0.491488
v 0.288500 0.277078 0.488837
v 0.287981 0.276488 0.485797
v 0.288027 0.276698 0.482663
v 0.288633 0.277685 0.479745
v 0.289741 0.279354 0.477326
v 0.291240 0.281542 0.475644
v 0.292986 0.284033 0.474863
v 0.294805 0.286585 0.475060
v 0.296522 0.288947 0.476216
v 0.297968 0.290888 0.478218
v 0.311934 0.283026 0.480444
v 0.312453 0.283615 0.483485
v 0.312407 0.283406 0.486618
v 0.311801 0.282418 0.489537
v 0.310694 0.280749 0.491956
v 0.309194 0.278561 0.493638
v 0.307449 0.276070 0.494419
v 0.305629 0.273518 0.494221
v 0.303912 0.271156 0.493065
v 0.302466 0.269215 0.491064
v 0.301434 0.267884 0.488413
v 0.300915 0.267295 0.485373
v 0.300961 0.267505 0.482240
v 0.301568 0.268492 0.479321
v 0.302675 0.270161 0.476902
v 0.304175 0.272349 0.475220
v 0.305920 0.274840 0.474439
v 0.307740 0.277392 0.474637
v 0.309456 0.279754 0.475792
v 0.310902 0.281695 0.477794
v 0.310472 0.280917 0.481554
v 0.310846 0.281342 0.483748
v 0.310813 0.281191 0.486008
v 0.310376 0.280479 0.488114
v 0.309577 0.279274 0.489859
v 0.308495 0.277696 0.491073
v 0.307236 0.275899 0.491636
v 0.305923 0.274058 0.491494
v 0.304684 0.272354 0.490660
v 0.303641 0.270953 0.489216
v 0.302896 0.269993 0.487304
v 0.302522 0.269568 0.485110
v 0.302555 0.269719 0.482849
v 0.302993 0.270432 0.480744
v 0.303792 0.271636 0.478999
v 0.304874 0.273214 0.477785
v 0.306133 0.275011 0.477222
v 0.307446 0.276852 0.477364
v 0.309727 0.279957 0.479642
v 0.304039 0.272445 0.475224
v 0.300780 0.267391 0.485377
v 0.301299 0.267981 0.488418
v 0.305493 0.273615 0.494226
v 0.307313 0.276166 0.494423
v 0.309059 0.278658 0.493642
v 0.310558 0.280845 0.491960
v 0.311665 0.282514 0.489542
v 0.312272 0.283502 0.486623
v 0.311799 0.283122 0.480449
v 0.310766 0.281791 0.477798
v 0.309321 0.279850 0.475797
v 0.307604 0.277488 0.474641
v 0.305784 0.274936 0.474444
v 0.291378 0.281444 0.475639
v 0.289878 0.279257 0.477321
v 0.288771 0.277588 0.479740
v 0.288165 0.276600 0.482659
v 0.288119 0.276391 0.485792
v 0.288637 0.276980 0.488833
v 0.289670 0.278310 0.491484
v 0.291115 0.280252 0.493485
v 0.292832 0.282614 0.494641
v 0.296397 0.287657 0.494057
v 0.299004 0.291513 0.489957
v 0.299610 0.292501 0.487038
v 0.299656 0.292710 0.483904
v 0.299138 0.292121 0.480864
v 0.298105 0.290791 0.478213
v 0.296660 0.288849 0.476212
v 0.294943 0.286487 0.475056
v 0.293123 0.283935 0.474859
v 0.298543 0.276351 0.475404
v 0.297044 0.274164 0.477086
v 0.295937 0.272495 0.479505
v 0.295330 0.271507 0.482424
v 0.295284 0.271298 0.485557
v 0.295803 0.271887 0.488598
v 0.296835 0.273218 0.491249
v 0.298280 0.275159 0.493250
v 0.299997 0.277521 0.494406
v 0.301817 0.280073 0.494603
v 0.303563 0.282564 0.493822
v 0.305062 0.284751 0.492141
v 0.306169 0.286421 0.489722
v 0.306776 0.287408 0.486803
v 0.306822 0.287617 0.483670
v 0.306303 0.287028 0.480629
v 0.305271 0.285698 0.477978
v 0.303825 0.283756 0.475977
v 0.302109 0.281394 0.474821
v 0.300288 0.278843 0.474624
v 0.302670 0.273418 0.475269
v 0.301171 0.271230 0.476951
v 0.300064 0.269561 0.479370
v 0.299457 0.268574 0.482289
v 0.299411 0.268364 0.485422
v 0.299930 0.268954 0.488463
v 0.300962 0.270284 0.491113
v 0.304124 0.274587 0.494270
v 0.305945 0.277139 0.494468
v 0.307690 0.279631 0.493687
v 0.309189 0.281818 0.492005
v 0.310297 0.283487 0.489586
v 0.310903 0.284475 0.486667
v 0.310949 0.284684 0.483534
v 0.310430 0.284095 0.480494
v 0.309398 0.282764 0.477843
v 0.307952 0.280823 0.475842
v 0.306236 0.278461 0.474686
v 0.304416 0.275909 0.474489
v 0.302697 0.270191 0.476944
v 0.301596 0.268531 0.479349
v 0.300993 0.267549 0.482252
v 0.300947 0.267340 0.485367
v 0.301463 0.267927 0.488391
v 0.302490 0.269250 0.491028
v 0.303927 0.271180 0.493018
v 0.305634 0.273529 0.494167
v 0.307444 0.276067 0.494363
v 0.309180 0.278544 0.493587
v 0.310671 0.280720 0.491914
v 0.312375 0.283362 0.486606
v 0.312421 0.283570 0.483490
v 0.311905 0.282984 0.480467
v 0.309441 0.279730 0.475840
v 0.307734 0.277381 0.474691
v 0.305924 0.274844 0.474495
v 0.304188 0.272366 0.475271
v 0.288013 0.276534 0.485791
v 0.288529 0.277120 0.488815
v 0.289556 0.278443 0.491451
v 0.290993 0.280374 0.493441
v 0.292700 0.282722 0.494590
v 0.294510 0.285260 0.494786
v 0.296246 0.287737 0.494010
v 0.297737 0.289913 0.492338
v 0.298838 0.291572 0.489932
v 0.299441 0.292554 0.487030
v 0.299487 0.292763 0.483914
v 0.298971 0.292176 0.480890
v 0.297944 0.290853 0.478255
v 0.296507 0.288923 0.476265
v 0.294800 0.286574 0.475115
v 0.292990 0.284037 0.474919
v 0.291254 0.281559 0.475695
v 0.288662 0.277724 0.479773
v 0.288059 0.276742 0.482676
v 0.288585 0.277343 0.485698
v 0.289050 0.277871 0.488420
v 0.289974 0.279062 0.490793
v 0.291268 0.280800 0.492585
v 0.292805 0.282915 0.493619
v 0.294434 0.285199 0.493796
v 0.295997 0.287429 0.493097
v 0.297339 0.289388 0.491591
v 0.298330 0.290882 0.489426
v 0.298873 0.291766 0.486813
v 0.298914 0.291953 0.484008
v 0.297988 0.290830 0.480099
v 0.296232 0.288497 0.477121
v 0.294695 0.286382 0.476086
v 0.293066 0.284098 0.475910
v 0.291503 0.281867 0.476608
v 0.290161 0.279909 0.478114
v 0.289169 0.278415 0.480280
v 0.288627 0.277531 0.482893
v 0.304497 0.272487 0.490666
v 0.302709 0.270126 0.487310
v 0.302335 0.269701 0.485116
v 0.302368 0.269852 0.482856
v 0.302806 0.270565 0.480750
v 0.303604 0.271769 0.479005
v 0.304686 0.273347 0.477791
v 0.305945 0.275144 0.477228
v 0.307259 0.276985 0.477370
v 0.308497 0.278690 0.478204
v 0.309540 0.280090 0.479648
v 0.310285 0.281050 0.481560
v 0.310659 0.281475 0.483754
v 0.310626 0.281324 0.486015
v 0.310188 0.280612 0.488120
v 0.307049 0.276032 0.491642
v 0.305735 0.274191 0.491500
v 0.292253 0.281189 0.491067
v 0.291210 0.279789 0.489623
v 0.290465 0.278829 0.487711
v 0.290091 0.278404 0.485517
v 0.291360 0.280471 0.479406
v 0.292442 0.282050 0.478192
v 0.295015 0.285688 0.477771
v 0.296253 0.287392 0.478605
v 0.297296 0.288793 0.480049
v 0.298041 0.289752 0.481962
v 0.298415 0.290178 0.484155
v 0.298382 0.290027 0.486416
v 0.297944 0.289314 0.488522
v 0.297146 0.288110 0.490267
v 0.296064 0.286532 0.491480
v 0.294805 0.284734 0.492043
v 0.293491 0.282893 0.491901
v 0.308684 0.278556 0.478198
v 0.307516 0.276981 0.476715
v 0.306082 0.274971 0.476560
v 0.304707 0.273008 0.477175
v 0.303526 0.271285 0.478500
v 0.302654 0.269970 0.480405
v 0.302176 0.269192 0.482704
v 0.302140 0.269027 0.485172
v 0.303362 0.270540 0.489656
v 0.304500 0.272069 0.491232
v 0.305853 0.273929 0.492143
v 0.307286 0.275939 0.492298
v 0.308661 0.277902 0.491683
v 0.309843 0.279625 0.490358
v 0.311192 0.281718 0.486154
v 0.311229 0.281883 0.483685
v 0.310007 0.280371 0.479202
v 0.212778 0.350354 0.484756
v 0.213119 0.350629 0.489210
v 0.212682 0.349916 0.491316
v 0.211883 0.348712 0.493061
v 0.210801 0.347134 0.494274
v 0.209542 0.345336 0.494838
v 0.208229 0.343495 0.494695
v 0.206990 0.341791 0.493861
v 0.205948 0.340391 0.492418
v 0.205203 0.339431 0.490505
v 0.204828 0.339006 0.488311
v 0.204862 0.339157 0.486051
v 0.205299 0.339869 0.483945
v 0.206098 0.341073 0.482200
v 0.207180 0.342652 0.480987
v 0.208439 0.344449 0.480423
v 0.209752 0.346290 0.480566
v 0.210991 0.347994 0.481400
v 0.212033 0.349395 0.482843
v 0.214241 0.352463 0.483646
v 0.214759 0.353053 0.486687
v 0.214713 0.352843 0.489820
v 0.214107 0.351856 0.492739
v 0.213000 0.350187 0.495158
v 0.211500 0.347999 0.496840
v 0.209755 0.345508 0.497620
v 0.207935 0.342956 0.497423
v 0.206218 0.340594 0.496267
v 0.204773 0.338653 0.494266
v 0.203740 0.337322 0.491615
v 0.203222 0.336733 0.488574
v 0.203268 0.336942 0.485441
v 0.203874 0.337930 0.482522
v 0.204981 0.339599 0.480104
v 0.206481 0.341786 0.478421
v 0.208226 0.344278 0.477641
v 0.210046 0.346829 0.477838
v 0.211763 0.349191 0.478994
v 0.213208 0.351133 0.480995
v 0.227175 0.343270 0.483222
v 0.227694 0.343859 0.486263
v 0.227648 0.343650 0.489396
v 0.227041 0.342662 0.492315
v 0.225934 0.340993 0.494734
v 0.224434 0.338806 0.496416
v 0.222689 0.336314 0.497196
v 0.220869 0.333763 0.496999
v 0.219152 0.331401 0.495843
v 0.217707 0.329459 0.493842
v 0.216674 0.328129 0.491191
v 0.216156 0.327540 0.488150
v 0.216202 0.327749 0.485017
v 0.216808 0.328737 0.482098
v 0.217915 0.330406 0.479680
v 0.219415 0.332593 0.477998
v 0.221160 0.335085 0.477217
v 0.222980 0.337636 0.477414
v 0.224697 0.339998 0.478570
v 0.226142 0.341940 0.480571
v 0.225713 0.341161 0.484332
v 0.226087 0.341587 0.486526
v 0.226053 0.341435 0.488786
v 0.225616 0.340723 0.490892
v 0.224817 0.339519 0.492637
v 0.223735 0.337941 0.493850
v 0.222476 0.336143 0.494414
v 0.221163 0.334302 0.494271
v 0.219925 0.332598 0.493438
v 0.218882 0.331198 0.491994
v 0.218137 0.330238 0.490081
v 0.217763 0.329812 0.487888
v 0.217796 0.329963 0.485627
v 0.218233 0.330676 0.483521
v 0.219032 0.331880 0.481776
v 0.220114 0.333458 0.480563
v 0.221373 0.335256 0.480000
v 0.222686 0.337097 0.480142
v 0.223925 0.338801 0.480976
v 0.224968 0.340201 0.482420
v 0.219280 0.332689 0.478002
v 0.217872 0.330437 0.479681
v 0.216673 0.328833 0.482103
v 0.216067 0.327845 0.485022
v 0.216440 0.328296 0.491199
v 0.217572 0.329556 0.493846
v 0.219017 0.331497 0.495848
v 0.220734 0.333859 0.497003
v 0.222554 0.336411 0.497201
v 0.224299 0.338902 0.496420
v 0.225799 0.341089 0.494738
v 0.226906 0.342759 0.492319
v 0.227512 0.343746 0.489400
v 0.227558 0.343956 0.486267
v 0.226059 0.341999 0.480574
v 0.224577 0.340083 0.478574
v 0.222854 0.337726 0.477418
v 0.221025 0.335181 0.477221
v 0.206618 0.341688 0.478417
v 0.205119 0.339501 0.480099
v 0.204012 0.337832 0.482518
v 0.203405 0.336844 0.485437
v 0.203359 0.336635 0.488570
v 0.203878 0.337224 0.491611
v 0.204910 0.338555 0.494261
v 0.206356 0.340496 0.496262
v 0.211638 0.347901 0.496835
v 0.213137 0.350089 0.495153
v 0.214244 0.351758 0.492734
v 0.214378 0.352365 0.483641
v 0.213346 0.351035 0.480991
v 0.211901 0.349094 0.478989
v 0.210184 0.346732 0.477834
v 0.208364 0.344180 0.477636
v 0.213784 0.336596 0.478182
v 0.212284 0.334408 0.479864
v 0.211177 0.332739 0.482283
v 0.210571 0.331751 0.485202
v 0.210525 0.331542 0.488335
v 0.211043 0.332132 0.491376
v 0.212076 0.333462 0.494026
v 0.213521 0.335403 0.496028
v 0.215238 0.337765 0.497183
v 0.217058 0.340317 0.497381
v 0.218803 0.342808 0.496600
v 0.220303 0.344996 0.494918
v 0.221410 0.346665 0.492499
v 0.222016 0.347653 0.489581
v 0.222062 0.347862 0.486447
v 0.221544 0.347273 0.483407
v 0.220511 0.345942 0.480756
v 0.219066 0.344001 0.478755
v 0.217349 0.341639 0.477599
v 0.215529 0.339087 0.477401
v 0.217911 0.333662 0.478047
v 0.215304 0.329805 0.482148
v 0.214698 0.328818 0.485067
v 0.214652 0.328609 0.488200
v 0.216203 0.330528 0.493891
v 0.217648 0.332470 0.495892
v 0.219365 0.334832 0.497048
v 0.221185 0.337384 0.497246
v 0.222930 0.339875 0.496465
v 0.224430 0.342062 0.494783
v 0.225537 0.343731 0.492364
v 0.226143 0.344719 0.489445
v 0.226189 0.344928 0.486312
v 0.225671 0.344339 0.483271
v 0.219656 0.336154 0.477266
v 0.216188 0.327585 0.488145
v 0.216704 0.328171 0.491169
v 0.217730 0.329494 0.493805
v 0.219168 0.331424 0.495795
v 0.220875 0.333773 0.496945
v 0.222685 0.336311 0.497141
v 0.225912 0.340964 0.494692
v 0.227616 0.343606 0.489384
v 0.227662 0.343814 0.486268
v 0.227146 0.343228 0.483244
v 0.226119 0.341905 0.480608
v 0.222974 0.337625 0.477469
v 0.221165 0.335088 0.477272
v 0.219429 0.332610 0.478049
v 0.203254 0.336779 0.488569
v 0.203770 0.337365 0.491593
v 0.204796 0.338688 0.494229
v 0.206234 0.340618 0.496219
v 0.207941 0.342967 0.497368
v 0.209751 0.345504 0.497564
v 0.212977 0.350157 0.495115
v 0.214078 0.351817 0.492710
v 0.214681 0.352799 0.489808
v 0.214727 0.353007 0.486692
v 0.214211 0.352421 0.483668
v 0.213185 0.351098 0.481032
v 0.211747 0.349167 0.479042
v 0.210040 0.346819 0.477893
v 0.208230 0.344281 0.477697
v 0.206495 0.341804 0.478473
v 0.205003 0.339628 0.480146
v 0.203903 0.337969 0.482551
v 0.203300 0.336987 0.485453
v 0.203826 0.337587 0.488476
v 0.204290 0.338115 0.491198
v 0.205215 0.339306 0.493571
v 0.208045 0.343159 0.496397
v 0.209675 0.345443 0.496574
v 0.212580 0.349632 0.494369
v 0.213571 0.351126 0.492204
v 0.214114 0.352010 0.489591
v 0.214155 0.352198 0.486786
v 0.213691 0.351670 0.484063
v 0.212766 0.350479 0.481690
v 0.211472 0.348741 0.479899
v 0.209936 0.346626 0.478864
v 0.208306 0.344342 0.478687
v 0.206744 0.342112 0.479386
v 0.205401 0.340153 0.480892
v 0.204410 0.338659 0.483057
v 0.203867 0.337775 0.485670
v 0.219737 0.332731 0.493444
v 0.218695 0.331331 0.492000
v 0.217950 0.330371 0.490088
v 0.217576 0.329946 0.487894
v 0.217609 0.330097 0.485633
v 0.218046 0.330809 0.483527
v 0.218845 0.332013 0.481782
v 0.219927 0.333591 0.480569
v 0.221186 0.335389 0.480006
v 0.222499 0.337230 0.480148
v 0.224780 0.340334 0.482426
v 0.225525 0.341294 0.484338
v 0.225900 0.341720 0.486532
v 0.225866 0.341569 0.488792
v 0.223548 0.338074 0.493857
v 0.222289 0.336276 0.494420
v 0.220976 0.334435 0.494278
v 0.207493 0.341434 0.493845
v 0.206451 0.340033 0.492401
v 0.205706 0.339073 0.490489
v 0.205332 0.338648 0.488295
v 0.205365 0.338799 0.486035
v 0.205802 0.339512 0.483929
v 0.206601 0.340716 0.482184
v 0.210255 0.345932 0.480549
v 0.211494 0.347636 0.481383
v 0.212537 0.349037 0.482827
v 0.213152 0.350780 0.486950
v 0.213622 0.350271 0.489194
v 0.212386 0.348354 0.493044
v 0.211304 0.346776 0.494258
v 0.210045 0.344979 0.494821
v 0.208732 0.343138 0.494679
v 0.224109 0.339086 0.480403
v 0.222756 0.337225 0.479493
v 0.221323 0.335215 0.479337
v 0.219948 0.333252 0.479952
v 0.217894 0.330214 0.483183
v 0.217417 0.329436 0.485482
v 0.217380 0.329272 0.487950
v 0.217789 0.329736 0.490345
v 0.218602 0.330784 0.492434
v 0.221093 0.334174 0.494921
v 0.222527 0.336184 0.495076
v 0.225083 0.339870 0.493136
v 0.225955 0.341184 0.491231
v 0.226433 0.341963 0.488931
v 0.226469 0.342127 0.486463
v 0.226061 0.341663 0.484068
v 0.288737 0.345387 0.447789
v 0.288705 0.347048 0.449330
v 0.288040 0.348820 0.450575
v 0.286806 0.350532 0.451400
v 0.285124 0.352015 0.451725
v 0.283159 0.353124 0.451519
v 0.281103 0.353751 0.450802
v 0.279158 0.353833 0.449643
v 0.277514 0.353364 0.448157
v 0.276331 0.352390 0.446488
v 0.275726 0.351004 0.444801
v 0.275758 0.349344 0.443259
v 0.276423 0.347571 0.442015
v 0.277657 0.345859 0.441190
v 0.279339 0.344376 0.440865
v 0.281304 0.343267 0.441071
v 0.283360 0.342641 0.441788
v 0.285305 0.342558 0.442947
v 0.286949 0.343027 0.444433
v 0.288132 0.344002 0.446102
v 0.291249 0.344303 0.448366
v 0.291205 0.346604 0.450502
v 0.290282 0.349062 0.452227
v 0.288572 0.351434 0.453371
v 0.286241 0.353489 0.453822
v 0.283517 0.355027 0.453536
v 0.280668 0.355895 0.452542
v 0.277972 0.356010 0.450936
v 0.275692 0.355360 0.448876
v 0.274053 0.354009 0.446563
v 0.273214 0.352088 0.444224
v 0.273258 0.349787 0.442088
v 0.274181 0.347330 0.440363
v 0.275891 0.344957 0.439219
v 0.278222 0.342902 0.438768
v 0.280946 0.341365 0.439054
v 0.283795 0.340496 0.440048
v 0.286492 0.340381 0.441654
v 0.288771 0.341031 0.443714
v 0.290410 0.342382 0.446027
v 0.284579 0.334435 0.458860
v 0.284535 0.336736 0.460996
v 0.283612 0.339193 0.462720
v 0.281902 0.341566 0.463864
v 0.279571 0.343621 0.464315
v 0.276847 0.345158 0.464030
v 0.273998 0.346027 0.463036
v 0.271301 0.346142 0.461430
v 0.269022 0.345492 0.459369
v 0.267383 0.344140 0.457057
v 0.266544 0.342220 0.454717
v 0.266588 0.339919 0.452581
v 0.267510 0.337461 0.450856
v 0.269221 0.335089 0.449713
v 0.271552 0.333033 0.449261
v 0.274276 0.331496 0.449547
v 0.277125 0.330628 0.450541
v 0.279821 0.330513 0.452147
v 0.282101 0.331163 0.454208
v 0.283740 0.332514 0.456521
v 0.282067 0.335519 0.458283
v 0.282035 0.337179 0.459824
v 0.281370 0.338952 0.461068
v 0.280136 0.340664 0.461893
v 0.278454 0.342147 0.462219
v 0.276489 0.343256 0.462013
v 0.274433 0.343882 0.461295
v 0.272488 0.343965 0.460137
v 0.269661 0.342521 0.456982
v 0.269056 0.341136 0.455294
v 0.269087 0.339475 0.453753
v 0.269753 0.337703 0.452509
v 0.270987 0.335991 0.451684
v 0.272669 0.334508 0.451358
v 0.274634 0.333399 0.451564
v 0.276690 0.332772 0.452282
v 0.278635 0.332689 0.453440
v 0.280279 0.333158 0.454927
v 0.281462 0.334133 0.456595
v 0.271622 0.333137 0.449152
v 0.269291 0.335192 0.449603
v 0.267589 0.337577 0.450733
v 0.266658 0.340022 0.452471
v 0.266614 0.342323 0.454608
v 0.267452 0.344244 0.456947
v 0.269092 0.345595 0.459260
v 0.271371 0.346245 0.461320
v 0.274067 0.346130 0.462926
v 0.276917 0.345261 0.463920
v 0.283682 0.339296 0.462611
v 0.284571 0.336789 0.460939
v 0.282171 0.331266 0.454098
v 0.279907 0.330639 0.452013
v 0.280875 0.341260 0.439165
v 0.278151 0.342797 0.438880
v 0.275820 0.344852 0.439331
v 0.273187 0.349682 0.442199
v 0.273143 0.351983 0.444336
v 0.273982 0.353904 0.446675
v 0.275621 0.355255 0.448987
v 0.277901 0.355905 0.451048
v 0.283446 0.354922 0.453648
v 0.288501 0.351329 0.453482
v 0.290212 0.348956 0.452339
v 0.291134 0.346499 0.450614
v 0.291178 0.344198 0.448478
v 0.290339 0.342278 0.446139
v 0.286421 0.340276 0.441765
v 0.277180 0.335793 0.444978
v 0.274456 0.337330 0.444693
v 0.272125 0.339385 0.445144
v 0.270414 0.341758 0.446288
v 0.269492 0.344215 0.448012
v 0.269448 0.346516 0.450149
v 0.270287 0.348437 0.452488
v 0.271926 0.349788 0.454801
v 0.274205 0.350438 0.456861
v 0.276902 0.350323 0.458467
v 0.279751 0.349455 0.459461
v 0.282475 0.347917 0.459747
v 0.286516 0.343490 0.458152
v 0.287439 0.341032 0.456427
v 0.287483 0.338731 0.454291
v 0.286644 0.336811 0.451952
v 0.288709 0.340939 0.443812
v 0.282725 0.334809 0.447579
v 0.283672 0.340314 0.440242
v 0.274345 0.331599 0.449437
v 0.272328 0.334181 0.448041
v 0.269997 0.336236 0.448492
v 0.267364 0.341066 0.451361
v 0.267320 0.343368 0.453497
v 0.268158 0.345288 0.455836
v 0.269798 0.346639 0.458149
v 0.272077 0.347289 0.460209
v 0.274773 0.347174 0.461815
v 0.277623 0.346306 0.462810
v 0.280346 0.344769 0.463095
v 0.283742 0.344288 0.460970
v 0.285354 0.335582 0.457639
v 0.284516 0.333662 0.455300
v 0.282876 0.332310 0.452987
v 0.277901 0.331775 0.449321
v 0.271574 0.333063 0.449303
v 0.269256 0.335107 0.449752
v 0.267555 0.337466 0.450889
v 0.266594 0.342198 0.454729
v 0.267428 0.344108 0.457055
v 0.269058 0.345452 0.459355
v 0.271325 0.346098 0.461404
v 0.274006 0.345984 0.463001
v 0.279549 0.343592 0.464274
v 0.281867 0.341548 0.463825
v 0.283568 0.339188 0.462688
v 0.284485 0.336745 0.460973
v 0.284529 0.334456 0.458848
v 0.279798 0.330556 0.452173
v 0.277116 0.330670 0.450576
v 0.274283 0.331534 0.449587
v 0.273309 0.349778 0.442111
v 0.273265 0.352067 0.444236
v 0.274099 0.353976 0.446562
v 0.275729 0.355320 0.448862
v 0.277995 0.355966 0.450910
v 0.280677 0.355852 0.452507
v 0.283510 0.354988 0.453496
v 0.286219 0.353460 0.453780
v 0.288537 0.351416 0.453331
v 0.290237 0.349057 0.452194
v 0.291155 0.346613 0.450479
v 0.291198 0.344325 0.448354
v 0.290365 0.342415 0.446028
v 0.288734 0.341071 0.443729
v 0.283787 0.340539 0.440083
v 0.280953 0.341403 0.439094
v 0.278245 0.342931 0.438810
v 0.275927 0.344975 0.439259
v 0.274226 0.347335 0.440396
v 0.274198 0.349620 0.442528
v 0.274159 0.351681 0.444441
v 0.274910 0.353400 0.446535
v 0.276377 0.354610 0.448605
v 0.278418 0.355192 0.450450
v 0.280832 0.355089 0.451888
v 0.283383 0.354311 0.452778
v 0.285821 0.352935 0.453034
v 0.287908 0.351095 0.452630
v 0.289439 0.348971 0.451606
v 0.290265 0.346771 0.450062
v 0.290304 0.344711 0.448149
v 0.289554 0.342991 0.446055
v 0.288086 0.341782 0.443984
v 0.286045 0.341200 0.442140
v 0.283632 0.341303 0.440702
v 0.281080 0.342080 0.439812
v 0.278642 0.343456 0.439556
v 0.276555 0.345296 0.439960
v 0.275024 0.347420 0.440984
v 0.270843 0.343496 0.458651
v 0.269757 0.342664 0.456830
v 0.269849 0.337845 0.452357
v 0.272765 0.334651 0.451206
v 0.274730 0.333542 0.451412
v 0.276786 0.332915 0.452130
v 0.278731 0.332832 0.453288
v 0.280376 0.333301 0.454775
v 0.281559 0.334276 0.456443
v 0.282163 0.335662 0.458131
v 0.282132 0.337322 0.459672
v 0.281466 0.339095 0.460916
v 0.280232 0.340806 0.461742
v 0.276586 0.343398 0.461861
v 0.274530 0.344025 0.461143
v 0.272584 0.344108 0.459985
v 0.275467 0.350620 0.445209
v 0.275498 0.348960 0.443668
v 0.276164 0.347187 0.442424
v 0.277398 0.345475 0.441598
v 0.279080 0.343993 0.441273
v 0.281045 0.342883 0.441479
v 0.283100 0.342257 0.442196
v 0.285046 0.342174 0.443355
v 0.286690 0.342643 0.444841
v 0.288446 0.346664 0.449739
v 0.287781 0.348436 0.450983
v 0.286546 0.350148 0.451808
v 0.284865 0.351631 0.452134
v 0.280844 0.353367 0.451210
v 0.279815 0.332427 0.453944
v 0.276793 0.332262 0.451867
v 0.274548 0.332946 0.451084
v 0.269219 0.337645 0.452116
v 0.268493 0.339581 0.453474
v 0.268458 0.341394 0.455157
v 0.269119 0.342906 0.457000
v 0.270410 0.343971 0.458822
v 0.272206 0.344483 0.460445
v 0.274330 0.344393 0.461710
v 0.278720 0.342497 0.462718
v 0.280556 0.340878 0.462362
v 0.282630 0.337074 0.460103
v 0.291186 0.329928 0.515874
v 0.291209 0.334232 0.512834
v 0.289739 0.338706 0.510471
v 0.286919 0.342912 0.509015
v 0.283025 0.346439 0.508609
v 0.278438 0.348940 0.509292
v 0.273607 0.350172 0.510999
v 0.269006 0.350014 0.513562
v 0.265084 0.348480 0.516729
v 0.262225 0.345722 0.520192
v 0.260710 0.342010 0.523610
v 0.260686 0.337706 0.526649
v 0.262157 0.333232 0.529013
v 0.254006 0.322082 0.541196
v 0.268871 0.325499 0.530875
v 0.273458 0.322997 0.530191
v 0.278289 0.321765 0.528484
v 0.289832 0.307879 0.532102
v 0.286812 0.323457 0.522754
v 0.289671 0.326215 0.519292
v 0.306424 0.323887 0.512006
v 0.306471 0.332495 0.505926
v 0.303531 0.341443 0.501199
v 0.297890 0.349856 0.498288
v 0.290102 0.356909 0.497476
v 0.280928 0.361912 0.498843
v 0.271266 0.364376 0.502257
v 0.262064 0.364059 0.507382
v 0.254220 0.360992 0.513717
v 0.248503 0.355476 0.520641
v 0.245472 0.348051 0.527478
v 0.245425 0.339442 0.533557
v 0.248365 0.330494 0.538284
v 0.261794 0.315029 0.542008
v 0.270968 0.310026 0.540640
v 0.280629 0.307562 0.537227
v 0.297676 0.310946 0.525767
v 0.303393 0.316462 0.518842
v 0.313454 0.333169 0.525204
v 0.313501 0.341777 0.519124
v 0.310560 0.350726 0.514397
v 0.304920 0.359138 0.511485
v 0.297132 0.366191 0.510673
v 0.287958 0.371194 0.512041
v 0.278296 0.373658 0.515455
v 0.269093 0.373341 0.520580
v 0.261250 0.370274 0.526914
v 0.255533 0.364758 0.533839
v 0.252502 0.357333 0.540676
v 0.252455 0.348724 0.546755
v 0.255395 0.339776 0.551482
v 0.261036 0.331364 0.554394
v 0.268824 0.324311 0.555206
v 0.277998 0.319308 0.553838
v 0.287659 0.316844 0.550425
v 0.296862 0.317161 0.545300
v 0.304706 0.320228 0.538965
v 0.310423 0.325744 0.532040
v 0.293795 0.340963 0.530194
v 0.293812 0.344018 0.528036
v 0.292768 0.347194 0.526358
v 0.290766 0.350180 0.525325
v 0.288002 0.352683 0.525036
v 0.284746 0.354459 0.525522
v 0.281316 0.355334 0.526734
v 0.278050 0.355221 0.528552
v 0.275266 0.354133 0.530801
v 0.273236 0.352175 0.533259
v 0.272161 0.349539 0.535686
v 0.272144 0.346484 0.537843
v 0.273188 0.343308 0.539521
v 0.275189 0.340322 0.540555
v 0.277954 0.337819 0.540843
v 0.281210 0.336043 0.540357
v 0.284639 0.335168 0.539146
v 0.287906 0.335281 0.537327
v 0.290690 0.336369 0.535078
v 0.292719 0.338327 0.532620
v 0.275948 0.335969 0.519742
v 0.291143 0.356032 0.548269
v 0.304614 0.320106 0.538792
v 0.296770 0.317039 0.545127
v 0.287567 0.316723 0.550252
v 0.268732 0.324189 0.555033
v 0.260944 0.331242 0.554221
v 0.255303 0.339655 0.551309
v 0.252363 0.348603 0.546582
v 0.252410 0.357211 0.540502
v 0.255440 0.364636 0.533666
v 0.269001 0.373219 0.520406
v 0.287833 0.371030 0.511807
v 0.296987 0.366000 0.510402
v 0.304783 0.358957 0.511229
v 0.310468 0.350604 0.514224
v 0.313409 0.341656 0.518951
v 0.313361 0.333048 0.525030
v 0.310331 0.325622 0.531867
v 0.303493 0.318625 0.536686
v 0.295649 0.315559 0.543021
v 0.276784 0.317705 0.551560
v 0.267611 0.322709 0.552927
v 0.259822 0.329762 0.552116
v 0.254182 0.338174 0.549204
v 0.251241 0.347122 0.544476
v 0.251288 0.355730 0.538397
v 0.254319 0.363156 0.531561
v 0.260036 0.368672 0.524636
v 0.267880 0.371738 0.518301
v 0.277083 0.372055 0.513176
v 0.286744 0.369592 0.509763
v 0.295918 0.364588 0.508395
v 0.303706 0.357535 0.509207
v 0.309347 0.349123 0.512119
v 0.312287 0.340175 0.516846
v 0.312240 0.331567 0.522925
v 0.309210 0.324141 0.529762
v 0.304177 0.319529 0.537972
v 0.296333 0.316463 0.544307
v 0.287197 0.316234 0.549556
v 0.277469 0.318609 0.552845
v 0.268295 0.323613 0.554213
v 0.260507 0.330666 0.553401
v 0.254866 0.339078 0.550489
v 0.251926 0.348026 0.545762
v 0.251973 0.356634 0.539683
v 0.255004 0.364060 0.532846
v 0.277768 0.372959 0.514462
v 0.287429 0.370495 0.511048
v 0.296603 0.365492 0.509681
v 0.304391 0.358439 0.510492
v 0.310032 0.350027 0.513404
v 0.312972 0.341079 0.518131
v 0.309894 0.325045 0.531047
v 0.293429 0.312627 0.538853
v 0.284226 0.312310 0.543978
v 0.274564 0.314774 0.547392
v 0.265391 0.319777 0.548759
v 0.257602 0.326830 0.547948
v 0.251962 0.335243 0.545035
v 0.249021 0.344191 0.540309
v 0.249068 0.352799 0.534229
v 0.252099 0.360224 0.527393
v 0.257816 0.365740 0.520468
v 0.265660 0.368807 0.514133
v 0.284524 0.366660 0.505595
v 0.293698 0.361657 0.504227
v 0.301486 0.354604 0.505039
v 0.307127 0.346192 0.507951
v 0.310020 0.328635 0.518757
v 0.306989 0.321210 0.525594
v 0.304454 0.319894 0.538490
v 0.296610 0.316827 0.544825
v 0.287407 0.316510 0.549950
v 0.277745 0.318974 0.553364
v 0.268571 0.323977 0.554731
v 0.260783 0.331030 0.553919
v 0.255143 0.339443 0.551008
v 0.252202 0.348391 0.546281
v 0.252249 0.356999 0.540201
v 0.255280 0.364424 0.533365
v 0.260979 0.369917 0.526407
v 0.268800 0.372953 0.520029
v 0.278044 0.373324 0.514980
v 0.310308 0.350392 0.513923
v 0.313248 0.341444 0.518650
v 0.313187 0.332817 0.524703
v 0.310170 0.325410 0.531566
v 0.284462 0.336247 0.538482
v 0.281399 0.337028 0.539564
v 0.278492 0.338614 0.539997
v 0.274235 0.343516 0.538817
v 0.273303 0.346352 0.537319
v 0.273318 0.349080 0.535392
v 0.274279 0.351434 0.533225
v 0.276091 0.353182 0.531030
v 0.278577 0.354154 0.529022
v 0.281494 0.354255 0.527397
v 0.284556 0.353474 0.526315
v 0.287464 0.351888 0.525882
v 0.289933 0.349653 0.526139
v 0.291721 0.346986 0.527062
v 0.292638 0.341421 0.530488
v 0.291677 0.339068 0.532655
v 0.289865 0.337319 0.534849
v 0.275967 0.334878 0.543969
v 0.272109 0.338372 0.543567
v 0.269315 0.342539 0.542125
v 0.267882 0.351236 0.536772
v 0.269383 0.354914 0.533385
v 0.272215 0.357646 0.529955
v 0.276100 0.359165 0.526817
v 0.280659 0.359322 0.524278
v 0.285445 0.358102 0.522587
v 0.289989 0.355624 0.521910
v 0.293847 0.352130 0.522312
v 0.296641 0.347963 0.523755
v 0.298098 0.343530 0.526096
v 0.298074 0.339266 0.529107
v 0.296573 0.335588 0.532494
v 0.293741 0.332855 0.535924
v 0.289856 0.331336 0.539062
v 0.285297 0.331179 0.541601
v 0.280511 0.332400 0.543292
v -0.232718 0.342712 0.499620
v -0.233169 0.343168 0.501793
v -0.233110 0.343141 0.504058
v -0.232546 0.342634 0.506193
v -0.231532 0.341697 0.507989
v -0.230167 0.340421 0.509271
v -0.228585 0.338931 0.509912
v -0.226941 0.337373 0.509851
v -0.225396 0.335900 0.509093
v -0.224100 0.334655 0.507712
v -0.223182 0.333761 0.505843
v -0.222730 0.333305 0.503670
v -0.222789 0.333332 0.501406
v -0.223354 0.333839 0.499271
v -0.224368 0.334776 0.497474
v -0.225733 0.336052 0.496193
v -0.228959 0.339100 0.495613
v -0.230504 0.340573 0.496371
v -0.231799 0.341818 0.497752
v -0.234559 0.344440 0.498419
v -0.235185 0.345072 0.501431
v -0.235103 0.345034 0.504570
v -0.234320 0.344332 0.507529
v -0.232914 0.343033 0.510019
v -0.231023 0.341264 0.511795
v -0.228830 0.339199 0.512684
v -0.226551 0.337040 0.512599
v -0.224409 0.334998 0.511548
v -0.222614 0.333273 0.509634
v -0.221341 0.332033 0.507045
v -0.220797 0.331438 0.500894
v -0.221579 0.332141 0.497934
v -0.222985 0.333440 0.495445
v -0.224877 0.335209 0.493668
v -0.227069 0.337274 0.492779
v -0.229348 0.339433 0.492864
v -0.231490 0.341475 0.493915
v -0.233286 0.343200 0.495829
v -0.223643 0.355965 0.498270
v -0.224269 0.356597 0.501281
v -0.224187 0.356560 0.504421
v -0.223405 0.355857 0.507380
v -0.221999 0.354558 0.509869
v -0.220107 0.352789 0.511646
v -0.217915 0.350724 0.512535
v -0.215636 0.348565 0.512450
v -0.213494 0.346523 0.511399
v -0.211699 0.344798 0.509485
v -0.210426 0.343558 0.506895
v -0.209800 0.342926 0.503884
v -0.209882 0.342963 0.500744
v -0.210664 0.343666 0.497785
v -0.212070 0.344965 0.495295
v -0.213962 0.346734 0.493519
v -0.216154 0.348799 0.492630
v -0.218433 0.350958 0.492715
v -0.220575 0.353000 0.493766
v -0.222370 0.354725 0.495680
v -0.221803 0.354237 0.499471
v -0.222254 0.354693 0.501644
v -0.222195 0.354666 0.503908
v -0.221631 0.354159 0.506043
v -0.220616 0.353222 0.507840
v -0.219252 0.351946 0.509121
v -0.217670 0.350456 0.509763
v -0.216026 0.348898 0.509701
v -0.213185 0.346180 0.507562
v -0.212267 0.345286 0.505694
v -0.211815 0.344830 0.503521
v -0.211874 0.344857 0.501256
v -0.212438 0.345364 0.499121
v -0.213453 0.346301 0.497325
v -0.214818 0.347577 0.496043
v -0.216400 0.349067 0.495402
v -0.218044 0.350625 0.495463
v -0.219589 0.352098 0.496222
v -0.220884 0.353343 0.497602
v -0.214076 0.346613 0.493521
v -0.212184 0.344844 0.495297
v -0.210778 0.343545 0.497787
v -0.209996 0.342843 0.500746
v -0.209914 0.342806 0.503885
v -0.210540 0.343438 0.506897
v -0.211813 0.344677 0.509486
v -0.213608 0.346402 0.511400
v -0.215750 0.348444 0.512451
v -0.218029 0.350603 0.512536
v -0.220222 0.352669 0.511647
v -0.222114 0.354437 0.509871
v -0.223519 0.355736 0.507381
v -0.224302 0.356439 0.504422
v -0.224384 0.356476 0.501283
v -0.223758 0.355844 0.498271
v -0.222485 0.354605 0.495681
v -0.220689 0.352880 0.493767
v -0.218575 0.350808 0.492717
v -0.216269 0.348678 0.492631
v -0.222869 0.333563 0.495443
v -0.221463 0.332263 0.497933
v -0.220599 0.331524 0.504031
v -0.222498 0.333395 0.509633
v -0.224293 0.335120 0.511547
v -0.228714 0.339322 0.512683
v -0.230906 0.341387 0.511793
v -0.232798 0.343156 0.510017
v -0.234204 0.344455 0.507527
v -0.234986 0.345157 0.504568
v -0.235068 0.345194 0.501429
v -0.234442 0.344562 0.498417
v -0.233169 0.343323 0.495828
v -0.231374 0.341598 0.493914
v -0.229232 0.339556 0.492863
v -0.226953 0.337396 0.492778
v -0.218714 0.341716 0.493584
v -0.216822 0.339947 0.495360
v -0.215416 0.338648 0.497850
v -0.214634 0.337946 0.500809
v -0.214552 0.337909 0.503948
v -0.215178 0.338541 0.506960
v -0.216451 0.339780 0.509550
v -0.218246 0.341505 0.511464
v -0.220388 0.343547 0.512515
v -0.222667 0.345706 0.512600
v -0.224860 0.347772 0.511711
v -0.226752 0.349540 0.509934
v -0.228157 0.350839 0.507445
v -0.228940 0.351542 0.504485
v -0.229022 0.351579 0.501346
v -0.228396 0.350947 0.498335
v -0.227122 0.349708 0.495745
v -0.225327 0.347982 0.493831
v -0.223185 0.345940 0.492780
v -0.220906 0.343781 0.492695
v -0.215231 0.345393 0.493536
v -0.213339 0.343625 0.495313
v -0.211933 0.342326 0.497802
v -0.211151 0.341623 0.500762
v -0.211069 0.341586 0.503901
v -0.211695 0.342218 0.506913
v -0.212968 0.343457 0.509502
v -0.214764 0.345183 0.511416
v -0.216905 0.347225 0.512467
v -0.219184 0.349384 0.512552
v -0.221377 0.351449 0.511663
v -0.223269 0.353218 0.509887
v -0.224674 0.354517 0.507397
v -0.225457 0.355219 0.504438
v -0.225539 0.355256 0.501299
v -0.224913 0.354624 0.498287
v -0.223640 0.353385 0.495697
v -0.221844 0.351660 0.493783
v -0.217424 0.347458 0.492647
v -0.212097 0.344992 0.495336
v -0.209921 0.343001 0.500754
v -0.209840 0.342964 0.503876
v -0.210462 0.343593 0.506871
v -0.211728 0.344825 0.509447
v -0.215644 0.348572 0.512395
v -0.217910 0.350719 0.512480
v -0.220091 0.352772 0.511595
v -0.221972 0.354531 0.509829
v -0.223370 0.355823 0.507353
v -0.224229 0.356559 0.501288
v -0.223607 0.355930 0.498293
v -0.222341 0.354698 0.495718
v -0.220555 0.352982 0.493815
v -0.218425 0.350951 0.492770
v -0.216159 0.348804 0.492685
v -0.213979 0.346750 0.493569
v -0.220715 0.331401 0.504033
v -0.221378 0.332068 0.507021
v -0.224429 0.335016 0.511499
v -0.226559 0.337047 0.512544
v -0.228825 0.339194 0.512629
v -0.232887 0.343006 0.509978
v -0.235144 0.345033 0.501438
v -0.234522 0.344405 0.498443
v -0.233256 0.343172 0.495868
v -0.231470 0.341457 0.493965
v -0.227074 0.337279 0.492835
v -0.224894 0.335226 0.493719
v -0.223013 0.333467 0.495486
v -0.221615 0.332175 0.497961
v -0.221473 0.332117 0.503897
v -0.222033 0.332683 0.506593
v -0.224780 0.335337 0.510625
v -0.226698 0.337165 0.511566
v -0.229719 0.340023 0.511244
v -0.233024 0.343112 0.508141
v -0.234353 0.344323 0.504377
v -0.234427 0.344356 0.501567
v -0.233296 0.343235 0.497711
v -0.231119 0.341136 0.494839
v -0.227315 0.337542 0.495551
v -0.227162 0.337375 0.493822
v -0.224352 0.334734 0.495413
v -0.222247 0.332779 0.498437
v -0.221546 0.332150 0.501086
v -0.214480 0.347425 0.508943
v -0.213343 0.346013 0.507564
v -0.212425 0.345119 0.505696
v -0.211973 0.344663 0.503523
v -0.213611 0.346134 0.497327
v -0.214975 0.347410 0.496046
v -0.216557 0.348900 0.495404
v -0.218202 0.350458 0.495465
v -0.219747 0.351931 0.496224
v -0.221042 0.353176 0.497605
v -0.221960 0.354070 0.499473
v -0.222412 0.354526 0.501646
v -0.222353 0.354499 0.503911
v -0.221789 0.353992 0.506046
v -0.220774 0.353055 0.507842
v -0.219410 0.351779 0.509123
v -0.217828 0.350289 0.509765
v -0.216184 0.348731 0.509704
v -0.224971 0.336348 0.509087
v -0.223676 0.335104 0.507706
v -0.222757 0.334209 0.505837
v -0.222305 0.333753 0.503665
v -0.222365 0.333780 0.501400
v -0.222929 0.334287 0.499265
v -0.223943 0.335224 0.497469
v -0.225308 0.336500 0.496187
v -0.226890 0.337990 0.495546
v -0.228534 0.339548 0.495607
v -0.230080 0.341021 0.496365
v -0.232745 0.343616 0.501787
v -0.232686 0.343589 0.504052
v -0.232121 0.343082 0.506187
v -0.231107 0.342145 0.507983
v -0.229742 0.340869 0.509265
v -0.228160 0.339379 0.509906
v -0.226516 0.337822 0.509845
v -0.219823 0.352313 0.495637
v -0.213124 0.345983 0.496842
v -0.212016 0.344960 0.498803
v -0.211400 0.344406 0.501134
v -0.211335 0.344377 0.503607
v -0.211829 0.344875 0.505980
v -0.212831 0.345851 0.508020
v -0.215933 0.348819 0.510355
v -0.217728 0.350520 0.510422
v -0.219455 0.352147 0.509722
v -0.220945 0.353540 0.508323
v -0.222053 0.354563 0.506361
v -0.222669 0.355117 0.504030
v -0.222734 0.355146 0.501557
v -0.222241 0.354648 0.499185
v -0.221238 0.353672 0.497145
v 0.033751 0.381771 0.455983
v 0.028324 0.389563 0.448923
v 0.019916 0.395811 0.443422
v 0.009349 0.399904 0.440018
v -0.002343 0.401440 0.439044
v -0.014015 0.400269 0.440595
v -0.024524 0.396507 0.444520
v -0.032842 0.390520 0.450434
v -0.038154 0.382896 0.457759
v -0.039941 0.374380 0.465777
v -0.038028 0.365806 0.473704
v -0.032601 0.358014 0.480763
v -0.024193 0.351765 0.486264
v -0.013625 0.347673 0.489668
v -0.001934 0.346137 0.490642
v 0.009738 0.347307 0.489091
v 0.020247 0.351070 0.485166
v 0.028565 0.357057 0.479252
v 0.033877 0.364681 0.471927
v 0.035664 0.373197 0.463909
v 0.047607 0.384852 0.452562
v 0.040085 0.395653 0.442777
v 0.028431 0.404314 0.435152
v 0.013783 0.409987 0.430434
v -0.002422 0.412116 0.429083
v -0.018600 0.410493 0.431233
v -0.033166 0.405278 0.436674
v -0.044696 0.396980 0.444871
v -0.052059 0.386412 0.455024
v -0.054536 0.374608 0.466138
v -0.051884 0.362724 0.477125
v -0.044362 0.351923 0.486909
v -0.032707 0.343263 0.494534
v -0.018060 0.337590 0.499253
v -0.001855 0.335461 0.500603
v 0.014323 0.337084 0.498453
v 0.028890 0.342299 0.493013
v 0.040419 0.350597 0.484815
v 0.047782 0.361165 0.474663
v 0.050259 0.372969 0.463549
v 0.049330 0.425773 0.496407
v 0.041809 0.436574 0.486622
v 0.030154 0.445234 0.478997
v 0.015507 0.450907 0.474278
v -0.000699 0.453036 0.472928
v -0.016877 0.451414 0.475078
v -0.031443 0.446198 0.480518
v -0.042972 0.437900 0.488716
v -0.050336 0.427332 0.498869
v -0.052812 0.415529 0.509982
v -0.050160 0.403645 0.520969
v -0.042639 0.392844 0.530754
v -0.030984 0.384183 0.538379
v -0.016337 0.378511 0.543097
v -0.000131 0.376381 0.544448
v 0.016047 0.378004 0.542297
v 0.030613 0.383219 0.536857
v 0.042142 0.391517 0.528660
v 0.049505 0.402085 0.518507
v 0.051982 0.413889 0.507394
v 0.035474 0.422691 0.499827
v 0.030048 0.430483 0.492768
v 0.021639 0.436732 0.487267
v 0.011072 0.440824 0.483863
v -0.000620 0.442360 0.482889
v -0.012291 0.441190 0.484440
v -0.022800 0.437427 0.488365
v -0.031118 0.431440 0.494279
v -0.036431 0.423816 0.501604
v -0.038217 0.415300 0.509622
v -0.036304 0.406726 0.517549
v -0.030878 0.398934 0.524608
v -0.022469 0.392686 0.530109
v -0.011902 0.388593 0.533513
v -0.000210 0.387057 0.534487
v 0.011461 0.388228 0.532936
v 0.021970 0.391990 0.529011
v 0.030288 0.397977 0.523097
v 0.035600 0.405601 0.515772
v 0.037388 0.414117 0.507754
v 0.016028 0.377576 0.541839
v -0.016355 0.378082 0.542639
v -0.042657 0.392415 0.530295
v -0.050178 0.403216 0.520510
v -0.052831 0.415100 0.509523
v -0.050354 0.426904 0.498410
v -0.042990 0.437472 0.488257
v -0.016895 0.450985 0.474619
v -0.000717 0.452608 0.472469
v 0.015489 0.450479 0.473819
v 0.030136 0.444806 0.478538
v 0.041791 0.436145 0.486163
v 0.051964 0.413461 0.506935
v 0.049487 0.401657 0.518048
v 0.042124 0.391089 0.528201
v 0.030605 0.383032 0.536657
v 0.014341 0.337519 0.498919
v -0.001836 0.335896 0.501069
v -0.018042 0.338025 0.499719
v -0.032689 0.343698 0.495001
v -0.044344 0.352359 0.487376
v -0.051865 0.363160 0.477591
v -0.054518 0.375043 0.466604
v -0.052041 0.386847 0.455490
v -0.044677 0.397415 0.445338
v -0.033148 0.405713 0.437140
v -0.018582 0.410929 0.431700
v -0.002404 0.412551 0.429550
v 0.013802 0.410422 0.430900
v 0.028449 0.404749 0.435618
v 0.047625 0.385288 0.453028
v 0.050277 0.373404 0.464015
v 0.047801 0.361600 0.475129
v 0.040437 0.351032 0.485281
v 0.028908 0.342734 0.493479
v 0.015296 0.360188 0.523209
v -0.000882 0.358566 0.525359
v -0.017087 0.360695 0.524009
v -0.031734 0.366367 0.519290
v -0.043389 0.375028 0.511665
v -0.050911 0.385829 0.501881
v -0.053563 0.397713 0.490893
v -0.051086 0.409517 0.479780
v -0.043723 0.420085 0.469627
v -0.032193 0.428382 0.461429
v -0.017627 0.433598 0.455989
v -0.001449 0.435220 0.453839
v 0.014757 0.433091 0.455189
v 0.029404 0.427419 0.459908
v 0.041058 0.418758 0.467533
v 0.048580 0.407957 0.477317
v 0.051232 0.396073 0.488305
v 0.048755 0.384269 0.499418
v 0.041392 0.373701 0.509571
v 0.029863 0.365404 0.517769
v 0.015846 0.373245 0.537199
v -0.000332 0.371623 0.539349
v -0.016537 0.373752 0.537999
v -0.031184 0.379425 0.533280
v -0.042839 0.388085 0.525656
v -0.050361 0.398886 0.515871
v -0.053013 0.410770 0.504884
v -0.050536 0.422574 0.493770
v -0.043173 0.433142 0.483617
v -0.031643 0.441440 0.475420
v -0.017077 0.446655 0.469980
v -0.000899 0.448278 0.467830
v 0.015306 0.446149 0.469180
v 0.029953 0.440476 0.473898
v 0.041608 0.431815 0.481523
v 0.049130 0.421014 0.491308
v 0.051782 0.409130 0.502295
v 0.049305 0.397327 0.513409
v 0.041942 0.386759 0.523561
v -0.000133 0.376594 0.544250
v -0.016249 0.378711 0.542907
v -0.030815 0.384352 0.538215
v -0.042405 0.392965 0.530632
v -0.049885 0.403706 0.520901
v -0.052522 0.415524 0.509975
v -0.050059 0.427262 0.498923
v -0.042737 0.437772 0.488827
v -0.031271 0.446024 0.480674
v -0.016785 0.451210 0.475264
v -0.000697 0.452824 0.473126
v 0.015419 0.450706 0.474469
v 0.029985 0.445065 0.479161
v 0.041575 0.436453 0.486744
v 0.049055 0.425712 0.496475
v 0.051692 0.413893 0.507401
v 0.049229 0.402155 0.518453
v 0.041906 0.391646 0.528549
v 0.030441 0.383394 0.536701
v 0.015955 0.378207 0.542112
v -0.044126 0.352046 0.486786
v -0.051605 0.362786 0.477056
v -0.054243 0.374604 0.466130
v -0.051780 0.386341 0.455079
v -0.044457 0.396850 0.444983
v -0.032993 0.405102 0.436831
v -0.018508 0.410288 0.431422
v -0.002420 0.411901 0.429283
v 0.013694 0.409784 0.430626
v 0.028259 0.404143 0.435318
v 0.039849 0.395531 0.442900
v 0.047328 0.384791 0.452630
v 0.049966 0.372973 0.463556
v 0.047503 0.361235 0.474608
v 0.040181 0.350727 0.484703
v 0.028716 0.342475 0.492855
v 0.014231 0.337289 0.498265
v -0.001856 0.335676 0.500403
v -0.017971 0.337793 0.499060
v -0.032536 0.343434 0.494368
v -0.039939 0.354214 0.484598
v -0.046673 0.363883 0.475838
v -0.049047 0.374522 0.466002
v -0.046830 0.385090 0.456052
v -0.040238 0.394551 0.446963
v -0.029916 0.401979 0.439624
v -0.016876 0.406649 0.434754
v -0.002392 0.408101 0.432829
v 0.012116 0.406195 0.434038
v 0.025228 0.401117 0.438262
v 0.035662 0.393363 0.445088
v 0.042396 0.383694 0.453848
v 0.044770 0.373054 0.463684
v 0.042553 0.362487 0.473634
v 0.035961 0.353026 0.482723
v 0.025640 0.345597 0.490062
v 0.012599 0.340928 0.494932
v -0.001884 0.339476 0.496857
v -0.016393 0.341382 0.495648
v -0.029505 0.346460 0.491424
v 0.044675 0.373804 0.441931
v 0.037530 0.384064 0.432636
v 0.026458 0.392291 0.425393
v 0.012545 0.397679 0.420910
v -0.002850 0.399702 0.419628
v -0.018218 0.398161 0.421670
v -0.032055 0.393206 0.426838
v -0.068653 0.399300 0.422590
v -0.050002 0.375285 0.444270
v -0.052355 0.364072 0.454827
v -0.049836 0.352783 0.465264
v -0.042690 0.342523 0.474559
v -0.031619 0.334296 0.481802
v -0.017705 0.328907 0.486285
v -0.002140 0.303788 0.509117
v 0.013057 0.328426 0.485525
v 0.026894 0.333380 0.480357
v 0.037847 0.341263 0.472570
v 0.044841 0.351302 0.462925
v 0.047194 0.362515 0.452368
v 0.074652 0.380471 0.434530
v 0.062974 0.397240 0.419338
v 0.044880 0.410686 0.407500
v -0.003021 0.422799 0.398078
v -0.028138 0.420280 0.401416
v -0.050753 0.412182 0.409863
v -0.080086 0.382892 0.438352
v -0.083931 0.364566 0.455607
v -0.079813 0.346116 0.472665
v -0.068135 0.329346 0.487857
v -0.050041 0.315900 0.499695
v -0.027300 0.307093 0.507021
v 0.022977 0.306306 0.505779
v 0.045592 0.314404 0.497332
v 0.063492 0.327287 0.484605
v 0.074925 0.343695 0.468843
v 0.078770 0.362020 0.451588
v 0.075012 0.389005 0.443674
v 0.063334 0.405774 0.428482
v 0.045239 0.419220 0.416644
v 0.022499 0.428027 0.409318
v -0.002661 0.431333 0.407222
v -0.027779 0.428814 0.410560
v -0.050394 0.420716 0.419007
v -0.068294 0.407834 0.431734
v -0.079726 0.391426 0.447496
v -0.083571 0.373100 0.464751
v -0.079454 0.354650 0.481809
v -0.067776 0.337880 0.497001
v -0.049681 0.324434 0.508839
v -0.026941 0.315627 0.516165
v -0.001781 0.312321 0.518261
v 0.045952 0.322938 0.506476
v 0.063852 0.335821 0.493749
v 0.075284 0.352228 0.477986
v 0.079129 0.370554 0.460732
v -0.002580 0.363293 0.453598
v 0.025581 0.343612 0.487982
v 0.012529 0.338939 0.492856
v -0.016487 0.339393 0.493573
v -0.046794 0.361914 0.473746
v -0.049170 0.372562 0.463901
v -0.046951 0.383138 0.453943
v -0.040353 0.392607 0.444846
v -0.030023 0.400042 0.437501
v -0.016971 0.404715 0.432626
v -0.002475 0.406169 0.430700
v 0.012045 0.404261 0.431910
v 0.025169 0.399179 0.436137
v 0.035612 0.391419 0.442970
v 0.042352 0.381741 0.451737
v 0.044728 0.371093 0.461581
v 0.042509 0.360516 0.471540
v 0.035911 0.351047 0.480637
v 0.028677 0.422936 0.547098
v 0.021064 0.417457 0.552511
v 0.011446 0.414013 0.556103
v 0.000764 0.412942 0.557522
v -0.009937 0.414347 0.556631
v -0.019608 0.418093 0.553515
v -0.027304 0.423812 0.548481
v -0.032270 0.430944 0.542020
v -0.034022 0.438790 0.534765
v -0.032386 0.446585 0.527426
v -0.027524 0.453563 0.520723
v -0.019911 0.459042 0.515310
v -0.010293 0.462485 0.511718
v 0.000389 0.463557 0.510298
v 0.011090 0.462151 0.511190
v 0.020761 0.458405 0.514305
v 0.028457 0.452687 0.519340
v 0.033423 0.445555 0.525801
v 0.035174 0.437708 0.533055
v 0.033539 0.429914 0.540394
v 0.030578 0.401529 0.554934
v 0.016374 0.396444 0.560238
v 0.000600 0.394862 0.562335
v -0.015202 0.396938 0.561018
v -0.029485 0.402470 0.556417
v -0.040849 0.410914 0.548983
v -0.048183 0.421446 0.539441
v -0.050769 0.433034 0.528728
v -0.048354 0.444544 0.517891
v -0.041174 0.454849 0.507991
v -0.029932 0.462940 0.499998
v -0.015729 0.468025 0.494693
v 0.000046 0.469607 0.492597
v 0.015848 0.467531 0.493913
v 0.030131 0.462000 0.498514
v 0.041495 0.453555 0.505949
v 0.048829 0.443023 0.515490
v 0.051415 0.431436 0.526204
v 0.049000 0.419926 0.537041
v 0.041820 0.409621 0.546941
v 0.028364 0.422269 0.546089
v 0.020826 0.416844 0.551448
v 0.011303 0.413434 0.555005
v 0.000727 0.412374 0.556411
v -0.009867 0.413765 0.555528
v -0.019443 0.417474 0.552443
v -0.027062 0.423136 0.547458
v -0.031979 0.430197 0.541061
v -0.033713 0.437966 0.533879
v -0.032094 0.445683 0.526613
v -0.027280 0.452592 0.519976
v -0.019743 0.458016 0.514617
v -0.010220 0.461426 0.511060
v 0.000356 0.462487 0.509655
v 0.010951 0.461095 0.510537
v 0.020526 0.457386 0.513622
v 0.028146 0.451724 0.518607
v 0.033063 0.444663 0.525004
v 0.034797 0.436894 0.532186
v 0.033177 0.429178 0.539452
v -0.000049 0.383020 0.543571
v -0.014570 0.384927 0.542361
v -0.027694 0.390010 0.538133
v -0.038137 0.397770 0.531301
v -0.044876 0.407448 0.522534
v -0.047253 0.418096 0.512689
v -0.045033 0.428672 0.502731
v -0.038436 0.438141 0.493634
v -0.028105 0.445576 0.486289
v -0.015053 0.450250 0.481415
v -0.000557 0.451704 0.479488
v 0.013963 0.449796 0.480698
v 0.027087 0.444713 0.484926
v 0.037530 0.436953 0.491758
v 0.044269 0.427275 0.500525
v 0.044427 0.406051 0.520328
v 0.037829 0.396581 0.529425
v 0.027498 0.389146 0.536770
v 0.014446 0.384473 0.541644
v 0.000286 0.374372 0.562605
v -0.020204 0.377064 0.560898
v 0.000316 0.375092 0.563376
v -0.020174 0.377784 0.561669
v -0.038724 0.384237 0.554932
v -0.038693 0.384956 0.555703
v -0.053460 0.395187 0.545291
v -0.053429 0.395906 0.546063
v -0.062970 0.408843 0.532920
v -0.062939 0.409563 0.533691
v -0.066323 0.423869 0.519028
v -0.066293 0.424589 0.519799
v -0.063191 0.438793 0.504976
v -0.063161 0.439513 0.505747
v -0.053881 0.452155 0.492139
v -0.053851 0.452875 0.492911
v -0.039304 0.462646 0.481775
v -0.039274 0.463366 0.482546
v -0.020887 0.469241 0.474896
v -0.020856 0.469961 0.475667
v -0.000432 0.471292 0.472178
v -0.000401 0.472012 0.472949
v 0.020058 0.468600 0.473885
v 0.020089 0.469320 0.474656
v 0.038578 0.461428 0.479851
v 0.038608 0.462148 0.480622
v 0.053314 0.450478 0.489492
v 0.053344 0.451197 0.490263
v 0.062824 0.436821 0.501863
v 0.062854 0.437541 0.502634
v 0.066177 0.421796 0.515755
v 0.066207 0.422516 0.516526
v 0.063045 0.406871 0.529807
v 0.063076 0.407591 0.530578
v 0.053735 0.393510 0.542643
v 0.053766 0.394229 0.543415
v 0.039158 0.383017 0.553009
v 0.039188 0.383737 0.553780
v 0.020740 0.376424 0.559887
v 0.020770 0.377143 0.560658
v -0.035979 0.464825 0.490295
v -0.049405 0.455163 0.499841
v -0.057979 0.442857 0.511663
v -0.060863 0.429112 0.524604
v -0.057775 0.415274 0.537398
v -0.049016 0.402697 0.548792
v -0.035445 0.392612 0.557671
v -0.018389 0.386006 0.563166
v 0.000482 0.383527 0.564738
v 0.019320 0.385416 0.562234
v 0.036282 0.391489 0.555900
v 0.049708 0.401152 0.546354
v 0.058282 0.413458 0.534531
v 0.061166 0.427203 0.521590
v 0.058078 0.441041 0.508796
v 0.049319 0.453618 0.497402
v 0.035748 0.463703 0.488523
v 0.018692 0.470309 0.483029
v -0.000179 0.472788 0.481456
v -0.019017 0.470899 0.483960
v -0.024291 0.460516 0.508391
v -0.012673 0.464676 0.504052
v 0.000230 0.465970 0.502337
v 0.013156 0.464272 0.503414
v 0.024838 0.459748 0.507177
v 0.034133 0.452840 0.513259
v 0.040132 0.444226 0.521063
v 0.042248 0.434747 0.529826
v 0.040272 0.425333 0.538690
v 0.034399 0.416904 0.546788
v 0.025204 0.410285 0.553326
v 0.013586 0.406126 0.557665
v 0.000683 0.404832 0.559380
v -0.012243 0.406530 0.558303
v -0.023925 0.411054 0.554540
v -0.033221 0.417962 0.548458
v -0.039220 0.426576 0.540654
v -0.041335 0.436055 0.531891
v -0.039360 0.445469 0.523027
v -0.033487 0.453898 0.514929
v -0.031289 0.445479 0.526771
v -0.026594 0.452218 0.520298
v -0.019243 0.457509 0.515071
v -0.009955 0.460834 0.511602
v 0.000361 0.461869 0.510231
v 0.010694 0.460511 0.511092
v 0.020034 0.456894 0.514101
v 0.027465 0.451372 0.518962
v 0.032261 0.444485 0.525201
v 0.033952 0.436907 0.532207
v 0.032373 0.429381 0.539294
v 0.027678 0.422642 0.545767
v 0.020326 0.417351 0.550994
v 0.011038 0.414026 0.554463
v 0.000723 0.412991 0.555834
v -0.009611 0.414349 0.554973
v -0.018950 0.417966 0.551965
v -0.026382 0.423488 0.547103
v -0.031177 0.430375 0.540863
v -0.032869 0.437953 0.533858
v 0.007961 0.442799 0.535262
v 0.006863 0.444375 0.533834
v 0.005162 0.445639 0.532721
v 0.003024 0.446467 0.532032
v 0.000659 0.446778 0.531835
v -0.001703 0.446541 0.532149
v -0.003829 0.445780 0.532943
v -0.005512 0.444569 0.534140
v -0.006587 0.443027 0.535621
v -0.006948 0.441303 0.537243
v -0.006561 0.439569 0.538847
v -0.005463 0.437992 0.540276
v -0.003762 0.436728 0.541388
v -0.001624 0.435900 0.542077
v 0.000741 0.435589 0.542274
v 0.003103 0.435826 0.541960
v 0.005229 0.436588 0.541166
v 0.006912 0.437799 0.539970
v 0.007986 0.439341 0.538488
v 0.008348 0.441064 0.536866
v -0.030522 0.448217 0.530006
v -0.025922 0.454819 0.523664
v -0.018719 0.460003 0.518543
v -0.009620 0.463261 0.515144
v 0.000487 0.464274 0.513801
v 0.010611 0.462944 0.514645
v 0.019761 0.459400 0.517592
v 0.027042 0.453990 0.522356
v 0.031740 0.447243 0.528468
v 0.033397 0.439819 0.535332
v 0.031850 0.432445 0.542275
v 0.027250 0.425843 0.548617
v 0.020047 0.420659 0.553738
v 0.010948 0.417401 0.557137
v 0.000841 0.416387 0.558480
v -0.009282 0.417717 0.557637
v -0.018433 0.421261 0.554689
v -0.025714 0.426671 0.549926
v -0.030412 0.433419 0.543813
v -0.032069 0.440843 0.536949
v 0.002225 0.448909 0.544743
v 0.002042 0.449171 0.544505
v 0.001014 0.448641 0.545044
v 0.001758 0.449382 0.544320
v 0.001402 0.449520 0.544205
v 0.001007 0.449572 0.544172
v 0.000613 0.449533 0.544224
v 0.000259 0.449405 0.544357
v -0.000022 0.449203 0.544556
v -0.000201 0.448946 0.544803
v -0.000262 0.448659 0.545074
v -0.000197 0.448370 0.545341
v -0.000014 0.448107 0.545580
v 0.000270 0.447896 0.545765
v 0.000626 0.447758 0.545880
v 0.001021 0.447706 0.545913
v 0.001415 0.447745 0.545861
v 0.001769 0.447872 0.545728
v 0.002050 0.448074 0.545529
v 0.002229 0.448332 0.545282
v 0.002290 0.448619 0.545011
v -0.002022 0.336180 0.493384
v -0.016542 0.338088 0.492174
v -0.029666 0.343170 0.487947
v -0.040109 0.350930 0.481115
v -0.046849 0.360608 0.472347
v -0.049225 0.371256 0.462503
v -0.047006 0.381833 0.452544
v -0.040408 0.391302 0.443447
v -0.030078 0.398737 0.436102
v -0.017026 0.403410 0.431228
v -0.002530 0.404864 0.429301
v 0.011990 0.402956 0.430511
v 0.025114 0.397874 0.434739
v 0.035557 0.390113 0.441571
v 0.042297 0.380435 0.450338
v 0.044673 0.369787 0.460183
v 0.042454 0.359211 0.470141
v 0.035856 0.349742 0.479238
v 0.025526 0.342307 0.486583
v 0.012474 0.337633 0.491458
v -0.000781 0.365638 0.524948
v -0.015302 0.367546 0.523738
v -0.028426 0.372629 0.519510
v -0.038869 0.380389 0.512678
v -0.045608 0.390067 0.503911
v -0.047985 0.400715 0.494066
v -0.045765 0.411291 0.484108
v -0.039168 0.420760 0.475011
v -0.028837 0.428195 0.467666
v -0.015785 0.432868 0.462791
v -0.001289 0.434322 0.460865
v 0.013231 0.432414 0.462074
v 0.026355 0.427332 0.466302
v 0.036798 0.419572 0.473134
v 0.043537 0.409894 0.481902
v 0.045914 0.399246 0.491746
v 0.043695 0.388669 0.501704
v 0.037097 0.379200 0.510802
v 0.026766 0.371765 0.518147
v 0.013715 0.367092 0.523021
v -0.000432 0.373928 0.533829
v -0.014953 0.375835 0.532620
v -0.028077 0.380918 0.528392
v -0.038520 0.388678 0.521560
v -0.045259 0.398356 0.512792
v -0.047635 0.409004 0.502948
v -0.045416 0.419580 0.492990
v -0.038818 0.429049 0.483893
v -0.028488 0.436484 0.476548
v -0.015436 0.441158 0.471673
v -0.000940 0.442612 0.469746
v 0.013580 0.440704 0.470956
v 0.026704 0.435621 0.475184
v 0.043887 0.418183 0.490783
v 0.046263 0.407535 0.500628
v 0.044044 0.396959 0.510586
v 0.037446 0.387489 0.519683
v 0.027115 0.380054 0.527029
v 0.014064 0.375381 0.531903
v 0.000828 0.415999 0.558178
v -0.009320 0.417333 0.557332
v -0.018492 0.420885 0.554378
v -0.025790 0.426308 0.549603
v -0.032160 0.440513 0.536596
v -0.030609 0.447904 0.529637
v -0.025999 0.454522 0.523279
v -0.018779 0.459718 0.518146
v -0.009658 0.462983 0.514740
v 0.000472 0.463999 0.513393
v 0.010621 0.462627 0.514182
v 0.019792 0.459114 0.517193
v 0.033461 0.439486 0.534975
v 0.031910 0.432095 0.541934
v 0.027299 0.425477 0.548292
v 0.020079 0.420281 0.553425
v 0.000727 0.413127 0.555940
v -0.009597 0.414484 0.555080
v -0.018929 0.418098 0.552074
v -0.026355 0.423616 0.547216
v -0.031147 0.430497 0.540982
v -0.032836 0.438069 0.533982
v -0.031258 0.445589 0.526901
v -0.026567 0.452322 0.520433
v -0.019222 0.457609 0.515210
v -0.009941 0.460931 0.511744
v 0.000366 0.461965 0.510374
v 0.027448 0.451477 0.519099
v 0.033930 0.437024 0.532332
v 0.032352 0.429504 0.539413
v 0.027661 0.422771 0.545882
v 0.020315 0.417484 0.551105
v 0.011035 0.414161 0.554570
v 0.000769 0.414332 0.556879
v -0.009481 0.415679 0.556025
v -0.018746 0.419266 0.553040
v -0.026118 0.424745 0.548217
v -0.030875 0.431577 0.542028
v -0.032553 0.439094 0.535078
v -0.030986 0.446560 0.528048
v -0.026329 0.453245 0.521626
v -0.019036 0.458493 0.516441
v -0.009822 0.461792 0.513000
v 0.000411 0.462818 0.511640
v 0.019926 0.457883 0.515479
v 0.027298 0.452405 0.520302
v 0.032055 0.445574 0.526491
v 0.033733 0.438057 0.533441
v 0.032166 0.430590 0.540470
v 0.027657 0.422796 0.545904
v 0.020216 0.418657 0.552078
v 0.011003 0.415358 0.555519
v 0.002929 0.437054 0.542362
v -0.001392 0.437122 0.542469
v -0.003347 0.437878 0.541839
v -0.004902 0.439034 0.540822
v -0.005906 0.440475 0.539516
v -0.006260 0.442061 0.538050
v -0.005929 0.443636 0.536567
v -0.003408 0.446153 0.534119
v -0.001464 0.446849 0.533393
v 0.000694 0.447066 0.533106
v 0.002857 0.446782 0.533286
v 0.004811 0.446025 0.533916
v 0.006366 0.444869 0.534933
v 0.007370 0.443428 0.536239
v 0.007724 0.441842 0.537705
v 0.007393 0.440267 0.539187
v 0.006411 0.438857 0.540542
v 0.004873 0.437750 0.541636
v 0.000763 0.431439 0.545777
v -0.003279 0.431970 0.545440
v -0.006933 0.433385 0.544263
v -0.009840 0.435545 0.542361
v -0.011716 0.438240 0.539921
v -0.012378 0.441204 0.537180
v -0.011760 0.444148 0.534408
v -0.009923 0.446784 0.531875
v -0.007047 0.448854 0.529831
v -0.003414 0.450155 0.528473
v 0.000621 0.450560 0.527937
v 0.004664 0.450029 0.528274
v 0.008317 0.448614 0.529451
v 0.011224 0.446453 0.531353
v 0.013101 0.443759 0.533794
v 0.013762 0.440795 0.536534
v 0.013144 0.437851 0.539306
v 0.011308 0.435215 0.541839
v 0.004798 0.431844 0.545241
v 0.000831 0.418331 0.556840
v -0.008507 0.419558 0.556062
v -0.016948 0.422826 0.553343
v -0.023664 0.427817 0.548949
v -0.027998 0.434041 0.543310
v -0.029527 0.440889 0.536979
v -0.028099 0.447692 0.530575
v -0.023856 0.453781 0.524724
v -0.017213 0.458563 0.520000
v -0.008818 0.461569 0.516865
v 0.000504 0.462504 0.515626
v 0.009843 0.461277 0.516404
v 0.018283 0.458008 0.519123
v 0.024999 0.453017 0.523517
v 0.029334 0.446793 0.529156
v 0.030862 0.439945 0.535487
v 0.029435 0.433143 0.541892
v 0.025192 0.427053 0.547742
v 0.018548 0.422271 0.552466
v 0.010154 0.419266 0.555601
v 0.014646 0.451903 0.479935
v 0.028375 0.446586 0.484357
v 0.039299 0.438468 0.491504
v 0.046349 0.428345 0.500675
v 0.046646 0.416627 0.510370
v 0.046513 0.406142 0.521390
v 0.039611 0.396237 0.530906
v 0.028805 0.388459 0.538590
v 0.015152 0.383571 0.543689
v -0.015201 0.384046 0.544438
v -0.028930 0.389363 0.540016
v -0.039854 0.397480 0.532869
v -0.046904 0.407604 0.523698
v -0.049389 0.418743 0.513400
v -0.047068 0.429806 0.502983
v -0.040166 0.439712 0.493467
v -0.029360 0.447489 0.485783
v -0.015707 0.452378 0.480684
v -0.000543 0.453899 0.478669
v 0.013783 0.445525 0.476121
v 0.026907 0.440442 0.480349
v 0.037249 0.430271 0.484599
v 0.044090 0.423004 0.495949
v 0.046466 0.412356 0.505793
v 0.044247 0.401779 0.515752
v 0.037649 0.392310 0.524849
v 0.027318 0.384875 0.532194
v 0.014267 0.380202 0.537068
v -0.000229 0.378748 0.538994
v -0.014750 0.380656 0.537785
v -0.027874 0.385739 0.533557
v -0.038317 0.393499 0.526725
v -0.045056 0.403177 0.517958
v -0.047432 0.413825 0.508113
v -0.045213 0.424401 0.498155
v -0.038615 0.433870 0.489058
v -0.028285 0.441305 0.481713
v -0.015233 0.445979 0.476838
v -0.000737 0.447432 0.474912
v -0.040054 0.352236 0.482513
v -0.046703 0.364059 0.476045
v -0.049080 0.374708 0.466200
v -0.046861 0.385284 0.456242
v -0.040263 0.394753 0.447145
v -0.029932 0.402188 0.439800
v -0.016881 0.406861 0.434926
v -0.002385 0.408315 0.432999
v 0.012136 0.406407 0.434209
v 0.025260 0.401325 0.438437
v 0.035703 0.393564 0.445269
v 0.042442 0.383887 0.454036
v 0.044819 0.373238 0.463881
v 0.042599 0.362662 0.473839
v 0.036002 0.353193 0.482936
v 0.025671 0.345758 0.490281
v 0.012619 0.341085 0.495155
v -0.001967 0.337485 0.494783
v -0.016397 0.341539 0.495872
v -0.029611 0.344476 0.489345
v -0.039458 0.366404 0.497694
v -0.046197 0.376082 0.488927
v -0.048573 0.386730 0.479082
v -0.046354 0.397307 0.469124
v -0.039756 0.406776 0.460027
v -0.029426 0.414211 0.452682
v -0.016374 0.418884 0.447808
v -0.001878 0.420338 0.445881
v 0.012642 0.418430 0.447091
v 0.025766 0.413347 0.451319
v 0.036209 0.405587 0.458151
v 0.042949 0.395909 0.466918
v 0.045325 0.385261 0.476763
v 0.043106 0.374685 0.486721
v 0.036508 0.365216 0.495818
v 0.026177 0.357781 0.503163
v 0.013126 0.353107 0.508037
v -0.001370 0.351654 0.509964
v -0.015891 0.353561 0.508754
v -0.029015 0.358644 0.504526
v -0.067963 0.333433 0.492236
v -0.079641 0.350203 0.477044
v -0.083759 0.368653 0.459986
v -0.079913 0.386979 0.442731
v -0.068481 0.403387 0.426969
v -0.050581 0.416270 0.414242
v -0.027966 0.424367 0.405795
v -0.002849 0.426886 0.402457
v 0.022311 0.423580 0.404553
v 0.045052 0.414773 0.411879
v 0.063146 0.401327 0.423717
v 0.074825 0.384558 0.438909
v 0.078942 0.366108 0.455967
v 0.075097 0.347782 0.473222
v 0.063664 0.331374 0.488984
v 0.045765 0.318491 0.501711
v 0.023149 0.310394 0.510158
v -0.001968 0.307875 0.513496
v -0.027128 0.311180 0.511400
v -0.049869 0.319988 0.504074
v -0.079796 0.346533 0.473113
v -0.083913 0.364984 0.456054
v -0.080068 0.383309 0.438800
v -0.050736 0.412600 0.410310
v -0.028120 0.420697 0.401864
v -0.003003 0.423216 0.398525
v 0.044897 0.411104 0.407948
v 0.062992 0.397658 0.419786
v 0.074670 0.380888 0.434977
v 0.078787 0.362438 0.452035
v 0.074942 0.344112 0.469290
v 0.063510 0.327704 0.485053
v 0.045610 0.314822 0.497780
v -0.002122 0.304205 0.509564
v -0.027282 0.307511 0.507468
v -0.062100 0.340819 0.494035
v -0.072767 0.356137 0.480158
v -0.076529 0.372990 0.464577
v -0.073016 0.389729 0.448816
v -0.062573 0.404716 0.434418
v -0.046224 0.416484 0.422793
v -0.025566 0.423880 0.415078
v -0.002623 0.426181 0.412028
v 0.020359 0.423162 0.413943
v 0.041131 0.415117 0.420635
v 0.057658 0.402835 0.431448
v 0.068325 0.387518 0.445324
v 0.072087 0.370664 0.460906
v 0.068574 0.353925 0.476667
v 0.058131 0.338938 0.491065
v 0.041782 0.327170 0.502690
v 0.021124 0.319774 0.510405
v -0.001819 0.317473 0.513454
v -0.024801 0.320493 0.511539
v -0.045573 0.328537 0.504848
v -0.037095 0.353768 0.480967
v -0.045498 0.372504 0.463810
v -0.043453 0.382254 0.454631
v -0.027848 0.397836 0.439475
v -0.015817 0.402143 0.434982
v -0.002455 0.403483 0.433206
v 0.010930 0.401725 0.434321
v 0.023027 0.397040 0.438218
v 0.038866 0.380965 0.452597
v 0.041056 0.371150 0.461672
v 0.039010 0.361401 0.470852
v 0.032929 0.352672 0.479237
v 0.023406 0.345819 0.486008
v 0.011375 0.341511 0.490501
v -0.015372 0.341930 0.491162
v -0.027469 0.346615 0.487264
v -0.027727 0.389214 0.537280
v -0.038170 0.396974 0.530448
v -0.047286 0.417299 0.511836
v -0.045067 0.427876 0.501878
v -0.038469 0.437345 0.492781
v -0.028139 0.444780 0.485436
v -0.015087 0.449453 0.480561
v -0.000591 0.450907 0.478635
v 0.013929 0.448999 0.479845
v 0.027054 0.443917 0.484072
v 0.037496 0.436156 0.490905
v 0.044236 0.426479 0.499672
v 0.046612 0.415830 0.509516
v 0.044393 0.405254 0.519475
v 0.037795 0.395785 0.528572
v 0.027465 0.388350 0.535917
v 0.014413 0.383677 0.540791
v -0.000083 0.382223 0.542718
v -0.014603 0.384131 0.541508
v -0.030569 0.388505 0.542512
v -0.042131 0.397097 0.534948
v -0.049593 0.407812 0.525241
v -0.052224 0.419601 0.514342
v -0.049766 0.431310 0.503316
v -0.042462 0.441794 0.493245
v -0.031024 0.450026 0.485112
v -0.016574 0.455200 0.479716
v -0.000525 0.456810 0.477583
v 0.015552 0.454697 0.478922
v 0.030082 0.449070 0.483603
v 0.041644 0.440478 0.491167
v 0.049106 0.429763 0.500874
v 0.051737 0.417974 0.511773
v 0.049280 0.406265 0.522799
v 0.041975 0.395781 0.532871
v 0.030538 0.387549 0.541003
v 0.016087 0.382375 0.546399
v 0.000038 0.380766 0.548532
v -0.016038 0.382878 0.547193
v -0.034256 0.386575 0.548127
v -0.047253 0.396233 0.539624
v -0.055640 0.408278 0.528713
v -0.058598 0.421530 0.516460
v -0.055836 0.434693 0.504067
v -0.047624 0.446478 0.492745
v -0.034767 0.455732 0.483604
v -0.018524 0.461548 0.477537
v -0.000483 0.463357 0.475139
v 0.017589 0.460983 0.476645
v 0.033923 0.454657 0.481907
v 0.046920 0.444999 0.490410
v 0.055308 0.432954 0.501321
v 0.058265 0.419702 0.513573
v 0.055503 0.406539 0.525967
v 0.047292 0.394754 0.537289
v 0.034435 0.385500 0.546431
v 0.018191 0.379684 0.552497
v 0.000150 0.377875 0.554894
v -0.017922 0.380249 0.553389
v -0.038004 0.384613 0.553836
v -0.052460 0.395355 0.544378
v -0.061789 0.408752 0.532242
v -0.065078 0.423492 0.518614
v -0.062006 0.438132 0.504830
v -0.052873 0.451240 0.492237
v -0.038573 0.461532 0.482069
v -0.020506 0.468001 0.475322
v -0.000440 0.470014 0.472655
v 0.019660 0.467373 0.474329
v 0.037828 0.460337 0.480182
v 0.052284 0.449595 0.489639
v 0.061613 0.436198 0.501776
v 0.064902 0.421458 0.515403
v 0.061830 0.406818 0.529188
v 0.052697 0.393710 0.541781
v 0.038397 0.383417 0.551949
v 0.020329 0.376949 0.558696
v 0.000264 0.374937 0.561363
v -0.033524 0.446403 0.526709
v -0.020626 0.459282 0.514181
v -0.010682 0.462843 0.510467
v 0.000363 0.463951 0.508999
v 0.021426 0.458624 0.513142
v 0.034518 0.445338 0.525028
v 0.036328 0.437225 0.532528
v 0.034637 0.429166 0.540116
v 0.029611 0.421952 0.547047
v 0.021739 0.416287 0.552644
v 0.011795 0.412726 0.556357
v 0.000750 0.411619 0.557825
v -0.010313 0.413072 0.556904
v -0.020313 0.416945 0.553683
v -0.028269 0.422857 0.548477
v -0.033404 0.430231 0.541797
v -0.035215 0.438344 0.534296
v -0.019210 0.457665 0.515289
v -0.009933 0.460987 0.511824
v 0.000369 0.462020 0.510455
v 0.010690 0.460638 0.511277
v 0.020015 0.457066 0.514340
v 0.027439 0.451536 0.519176
v 0.032227 0.444663 0.525413
v 0.033917 0.437090 0.532403
v 0.032340 0.429573 0.539481
v 0.020309 0.417559 0.551167
v 0.011033 0.414238 0.554631
v 0.000730 0.413205 0.556000
v -0.009590 0.414560 0.555141
v -0.018917 0.418173 0.552136
v -0.026340 0.423688 0.547280
v -0.031129 0.430566 0.541049
v -0.032818 0.438134 0.534052
v -0.031241 0.445651 0.526975
v -0.026552 0.452381 0.520509
v -0.038441 0.438005 0.493488
v -0.028111 0.445440 0.486143
v -0.015059 0.450113 0.481268
v -0.000563 0.451567 0.479342
v 0.013957 0.449659 0.480552
v 0.027081 0.444577 0.484780
v 0.037524 0.436816 0.491612
v 0.044264 0.427139 0.500379
v 0.046640 0.416490 0.510224
v 0.037823 0.396445 0.529279
v 0.027493 0.389010 0.536624
v 0.014441 0.384337 0.541498
v -0.000055 0.382883 0.543425
v -0.027700 0.389874 0.537987
v -0.038142 0.397634 0.531155
v -0.047258 0.417959 0.512543
v -0.045039 0.428536 0.502585
v 0.075029 0.346173 0.471498
v 0.063597 0.329765 0.487260
v 0.045697 0.316882 0.499988
v 0.023081 0.308785 0.508434
v -0.002036 0.306266 0.511772
v -0.027196 0.309571 0.509676
v -0.049936 0.318379 0.502350
v -0.068031 0.331824 0.490512
v -0.079709 0.348594 0.475320
v -0.083826 0.367044 0.458262
v -0.079981 0.385370 0.441008
v -0.068549 0.401778 0.425245
v -0.050649 0.414660 0.412518
v -0.028034 0.422758 0.404071
v -0.002917 0.425277 0.400733
v 0.022139 0.419493 0.400174
v 0.044984 0.413164 0.410155
v 0.063079 0.399718 0.421993
v 0.074757 0.382949 0.437185
v 0.078874 0.364498 0.454243
v 0.023336 0.314840 0.514922
v -0.001785 0.312221 0.518153
v -0.026945 0.315526 0.516057
v -0.067780 0.337780 0.496893
v -0.079458 0.354549 0.481701
v -0.083576 0.372999 0.464643
v -0.068298 0.407733 0.431626
v -0.050398 0.420616 0.418899
v -0.027783 0.428713 0.410452
v -0.002666 0.431232 0.407114
v 0.022494 0.427927 0.409210
v 0.045235 0.419119 0.416536
v 0.063329 0.405674 0.428374
v 0.075008 0.388904 0.443566
v 0.079125 0.370454 0.460624
v 0.075280 0.352128 0.477879
v 0.063847 0.335720 0.493641
v 0.045948 0.322837 0.506368
v 0.044194 0.406192 0.491104
v 0.044258 0.406816 0.493281
v 0.044313 0.406738 0.495544
v 0.044353 0.405963 0.497673
v 0.044375 0.404569 0.499459
v 0.044377 0.402691 0.500726
v 0.044359 0.400513 0.501352
v 0.044321 0.398249 0.501274
v 0.044269 0.396120 0.500500
v 0.044206 0.394335 0.499107
v 0.044140 0.393068 0.497230
v 0.044077 0.392443 0.495053
v 0.044022 0.392522 0.492789
v 0.043982 0.393296 0.490660
v 0.043959 0.394691 0.488875
v 0.043957 0.396569 0.487607
v 0.043976 0.398746 0.486981
v 0.044013 0.401010 0.487059
v 0.044066 0.403139 0.487833
v 0.044128 0.404925 0.489226
v 0.044293 0.409591 0.492938
v 0.044369 0.409482 0.496076
v 0.044425 0.408409 0.499027
v 0.044456 0.406476 0.501502
v 0.044458 0.403873 0.503259
v 0.044432 0.400854 0.504126
v 0.044381 0.397716 0.504018
v 0.044308 0.394765 0.502946
v 0.044222 0.392291 0.501014
v 0.044130 0.390534 0.498412
v 0.044042 0.389668 0.495395
v 0.043966 0.389777 0.492257
v 0.043910 0.390851 0.489306
v 0.043879 0.392784 0.486831
v 0.043876 0.395387 0.485075
v 0.043902 0.398405 0.484208
v 0.043954 0.401543 0.484315
v 0.044026 0.404494 0.485388
v 0.044113 0.406969 0.487319
v 0.060072 0.408477 0.489529
v 0.060160 0.409343 0.492546
v 0.060236 0.409234 0.495684
v 0.060292 0.408160 0.498635
v 0.060323 0.406227 0.501110
v 0.060326 0.403624 0.502867
v 0.060300 0.400606 0.503734
v 0.060248 0.397468 0.503626
v 0.060175 0.394517 0.502554
v 0.060089 0.392042 0.500622
v 0.059997 0.390286 0.498020
v 0.059909 0.389420 0.495003
v 0.059833 0.389529 0.491865
v 0.059777 0.390603 0.488914
v 0.059746 0.392536 0.486439
v 0.059744 0.395139 0.484682
v 0.059769 0.398157 0.483815
v 0.059821 0.401295 0.483923
v 0.059894 0.404246 0.484996
v 0.059980 0.406721 0.486927
v 0.060062 0.405943 0.490712
v 0.060125 0.406568 0.492888
v 0.060180 0.406489 0.495152
v 0.060220 0.405715 0.497281
v 0.060243 0.404321 0.499067
v 0.060245 0.402443 0.500334
v 0.060226 0.400265 0.500960
v 0.060189 0.398001 0.500882
v 0.060136 0.395872 0.500108
v 0.060074 0.394087 0.498715
v 0.060008 0.392819 0.496838
v 0.059944 0.392195 0.494661
v 0.059889 0.392273 0.492397
v 0.059849 0.393048 0.490268
v 0.059827 0.394442 0.488483
v 0.059825 0.396320 0.487215
v 0.059843 0.398498 0.486589
v 0.059881 0.400762 0.486667
v 0.059933 0.402891 0.487441
v 0.059996 0.404676 0.488834
v 0.059578 0.395141 0.484687
v 0.059580 0.392538 0.486444
v 0.059611 0.390605 0.488919
v 0.059667 0.389532 0.491869
v 0.059743 0.389423 0.495007
v 0.059831 0.390289 0.498024
v 0.059923 0.392045 0.500626
v 0.060009 0.394520 0.502558
v 0.060082 0.397471 0.503630
v 0.060134 0.400609 0.503738
v 0.060160 0.403627 0.502871
v 0.060157 0.406230 0.501114
v 0.060126 0.408163 0.498639
v 0.060070 0.409236 0.495688
v 0.059994 0.409346 0.492551
v 0.059906 0.408480 0.489533
v 0.059814 0.406723 0.486931
v 0.059728 0.404248 0.485000
v 0.059655 0.401298 0.483928
v 0.044048 0.392781 0.486827
v 0.044079 0.390848 0.489302
v 0.044211 0.389666 0.495391
v 0.044390 0.392288 0.501010
v 0.044477 0.394763 0.502941
v 0.044549 0.397714 0.504014
v 0.044601 0.400852 0.504122
v 0.044593 0.408406 0.499023
v 0.044205 0.408725 0.489921
v 0.044282 0.406966 0.487315
v 0.044195 0.404492 0.485383
v 0.044123 0.401541 0.484311
v 0.044071 0.398402 0.484203
v 0.052835 0.395247 0.484853
v 0.052838 0.392644 0.486610
v 0.052869 0.390711 0.489085
v 0.052925 0.389637 0.492036
v 0.053001 0.389528 0.495174
v 0.053089 0.390394 0.498191
v 0.053181 0.392150 0.500793
v 0.053267 0.394625 0.502724
v 0.053340 0.397576 0.503797
v 0.053392 0.400714 0.503904
v 0.044584 0.403871 0.503256
v 0.053415 0.406335 0.501281
v 0.053384 0.408268 0.498805
v 0.053328 0.409342 0.495855
v 0.044313 0.409591 0.492938
v 0.053164 0.408585 0.489700
v 0.053072 0.406829 0.487098
v 0.052986 0.404354 0.485166
v 0.052913 0.401403 0.484094
v 0.052861 0.398265 0.483986
v 0.057899 0.395167 0.484728
v 0.057901 0.392564 0.486485
v 0.057932 0.390632 0.488960
v 0.057988 0.389558 0.491911
v 0.058064 0.389449 0.495048
v 0.058152 0.390315 0.498066
v 0.058244 0.392071 0.500668
v 0.058330 0.394546 0.502599
v 0.058403 0.397497 0.503671
v 0.058455 0.400635 0.503779
v 0.058481 0.403653 0.502912
v 0.058478 0.406256 0.501155
v 0.058447 0.408189 0.498680
v 0.058391 0.409263 0.495730
v 0.058315 0.409372 0.492592
v 0.058227 0.408506 0.489575
v 0.058135 0.406749 0.486973
v 0.058049 0.404275 0.485041
v 0.057976 0.401324 0.483969
v 0.057924 0.398186 0.483861
v 0.059748 0.392573 0.486480
v 0.059779 0.390651 0.488941
v 0.059835 0.389584 0.491876
v 0.059910 0.389475 0.494996
v 0.060089 0.392083 0.500584
v 0.060175 0.394544 0.502505
v 0.060247 0.397478 0.503571
v 0.060298 0.400599 0.503679
v 0.060324 0.403601 0.502816
v 0.060321 0.406190 0.501069
v 0.060291 0.408112 0.498608
v 0.060235 0.409179 0.495674
v 0.060159 0.409288 0.492553
v 0.060072 0.408427 0.489552
v 0.059981 0.406680 0.486965
v 0.059895 0.404219 0.485044
v 0.059822 0.401285 0.483978
v 0.044042 0.389724 0.495388
v 0.044130 0.390585 0.498389
v 0.044307 0.394792 0.502897
v 0.044379 0.397727 0.503963
v 0.044423 0.408359 0.499000
v 0.044367 0.409427 0.496065
v 0.044292 0.409536 0.492945
v 0.044204 0.408674 0.489945
v 0.044113 0.406928 0.487357
v 0.044027 0.404467 0.485437
v 0.043955 0.401533 0.484371
v 0.043904 0.398412 0.484263
v 0.043878 0.395410 0.485125
v 0.043881 0.392822 0.486872
v 0.043911 0.390900 0.489334
v 0.044055 0.390712 0.495266
v 0.044134 0.391487 0.497968
v 0.044216 0.393059 0.500297
v 0.044293 0.395275 0.502026
v 0.044358 0.397917 0.502986
v 0.044405 0.400726 0.503083
v 0.044425 0.405759 0.500733
v 0.044398 0.407489 0.498518
v 0.044347 0.408450 0.495876
v 0.044280 0.408548 0.493067
v 0.044201 0.407772 0.490366
v 0.044119 0.406200 0.488036
v 0.044041 0.403985 0.486307
v 0.043976 0.401343 0.485347
v 0.043930 0.398533 0.485251
v 0.043907 0.395831 0.486027
v 0.043909 0.393501 0.487600
v 0.043937 0.391770 0.489816
v 0.043987 0.390809 0.492457
v 0.059906 0.395876 0.500114
v 0.059844 0.394090 0.498720
v 0.059778 0.392823 0.496843
v 0.059714 0.392198 0.494667
v 0.059660 0.392277 0.492403
v 0.059619 0.393052 0.490274
v 0.059597 0.394446 0.488488
v 0.059595 0.396324 0.487221
v 0.059614 0.398502 0.486595
v 0.059703 0.402895 0.487447
v 0.059766 0.404680 0.488840
v 0.059832 0.405947 0.490717
v 0.059895 0.406572 0.492894
v 0.059950 0.406493 0.495158
v 0.059991 0.405719 0.497287
v 0.060015 0.402446 0.500340
v 0.059996 0.400269 0.500965
v 0.059959 0.398005 0.500888
v 0.044886 0.396111 0.500485
v 0.044824 0.394325 0.499092
v 0.044758 0.393058 0.497214
v 0.044576 0.394681 0.488859
v 0.044574 0.396559 0.487592
v 0.044593 0.398736 0.486966
v 0.044630 0.401001 0.487044
v 0.044683 0.403130 0.487818
v 0.044745 0.404915 0.489211
v 0.044811 0.406182 0.491088
v 0.044875 0.406807 0.493265
v 0.044930 0.406728 0.495529
v 0.044970 0.405954 0.497658
v 0.044994 0.402681 0.500711
v 0.044938 0.398240 0.501259
v 0.059924 0.403213 0.486859
v 0.059826 0.398417 0.485929
v 0.059805 0.396039 0.486612
v 0.059808 0.393989 0.487996
v 0.059832 0.392466 0.489946
v 0.059876 0.391620 0.492271
v 0.059936 0.391534 0.494742
v 0.060005 0.392217 0.497119
v 0.060078 0.393600 0.499169
v 0.060146 0.395550 0.500690
v 0.060203 0.397874 0.501535
v 0.060244 0.400346 0.501620
v 0.060264 0.402724 0.500937
v 0.060262 0.404774 0.499553
v 0.060237 0.406297 0.497603
v 0.060193 0.407143 0.495279
v 0.060134 0.407229 0.492807
v 0.060064 0.406546 0.490430
v 0.059992 0.405163 0.488381
v -0.059786 0.407819 0.493672
v -0.059723 0.408443 0.495849
v -0.059668 0.408365 0.498113
v -0.059628 0.407590 0.500242
v -0.059606 0.406196 0.502027
v -0.059604 0.404318 0.503295
v -0.059622 0.402140 0.503920
v -0.059660 0.399876 0.503843
v -0.059712 0.397747 0.503069
v -0.059774 0.395962 0.501675
v -0.059841 0.394695 0.499798
v -0.059904 0.394070 0.497621
v -0.059959 0.394148 0.495358
v -0.059999 0.394923 0.493229
v -0.060021 0.396317 0.491443
v -0.060023 0.398196 0.490176
v -0.060005 0.400373 0.489550
v -0.059968 0.402637 0.489628
v -0.059915 0.404766 0.490402
v -0.059853 0.406551 0.491795
v -0.059688 0.411218 0.495507
v -0.059612 0.411109 0.498645
v -0.059556 0.410035 0.501595
v -0.059525 0.408102 0.504071
v -0.059523 0.405499 0.505827
v -0.059548 0.402481 0.506694
v -0.059600 0.399343 0.506587
v -0.059673 0.396392 0.505514
v -0.059759 0.393917 0.503583
v -0.059851 0.392161 0.500981
v -0.059939 0.391295 0.497964
v -0.060015 0.391404 0.494826
v -0.060071 0.392478 0.491875
v -0.060102 0.394411 0.489400
v -0.060104 0.397013 0.487643
v -0.060079 0.400032 0.486776
v -0.060027 0.403170 0.486884
v -0.059954 0.406121 0.487956
v -0.059868 0.408596 0.489888
v -0.043909 0.410104 0.492098
v -0.043821 0.410970 0.495115
v -0.043745 0.410861 0.498253
v -0.043689 0.409787 0.501204
v -0.043658 0.407854 0.503679
v -0.043655 0.405251 0.505435
v -0.043681 0.402233 0.506303
v -0.043733 0.399095 0.506195
v -0.043805 0.396144 0.505122
v -0.043892 0.393669 0.503191
v -0.043983 0.391913 0.500589
v -0.044072 0.391047 0.497572
v -0.044147 0.391156 0.494434
v -0.044204 0.392230 0.491483
v -0.044234 0.394162 0.489008
v -0.044237 0.396765 0.487251
v -0.044211 0.399784 0.486384
v -0.044159 0.402922 0.486492
v -0.044087 0.405873 0.487564
v -0.044000 0.408347 0.489496
v -0.043919 0.407570 0.493280
v -0.043856 0.408195 0.495457
v -0.043801 0.408116 0.497721
v -0.043760 0.407342 0.499850
v -0.043738 0.405947 0.501635
v -0.043736 0.404069 0.502903
v -0.043755 0.401892 0.503528
v -0.043792 0.399628 0.503451
v -0.043907 0.395713 0.501283
v -0.043973 0.394446 0.499406
v -0.044037 0.393821 0.497229
v -0.044091 0.393900 0.494966
v -0.044132 0.394675 0.492837
v -0.044154 0.396069 0.491051
v -0.044156 0.397947 0.489784
v -0.044137 0.400125 0.489158
v -0.044100 0.402389 0.489236
v -0.044048 0.404518 0.490010
v -0.043985 0.406303 0.491403
v -0.044403 0.396768 0.487255
v -0.044400 0.394165 0.489012
v -0.044361 0.392232 0.491487
v -0.044314 0.391158 0.494438
v -0.044238 0.391049 0.497576
v -0.044150 0.391915 0.500593
v -0.044058 0.393672 0.503195
v -0.044009 0.396147 0.505127
v -0.043899 0.399097 0.506199
v -0.043847 0.402236 0.506307
v -0.043821 0.405254 0.505440
v -0.043824 0.407857 0.503683
v -0.043855 0.409790 0.501207
v -0.043911 0.410863 0.498257
v -0.043987 0.410972 0.495119
v -0.044329 0.410110 0.492108
v -0.044167 0.408350 0.489500
v -0.044253 0.405875 0.487568
v -0.044365 0.402925 0.486497
v -0.059933 0.394408 0.489396
v -0.059902 0.392475 0.491871
v -0.059846 0.391402 0.494822
v -0.059770 0.391292 0.497959
v -0.059682 0.392158 0.500977
v -0.059590 0.393915 0.503579
v -0.059504 0.396389 0.505510
v -0.059431 0.399340 0.506582
v -0.059380 0.402478 0.506690
v -0.059354 0.405497 0.505823
v -0.059387 0.410033 0.501591
v -0.059443 0.411106 0.498641
v -0.059519 0.411215 0.495503
v -0.059776 0.410352 0.492490
v -0.059699 0.408593 0.489884
v -0.059785 0.406118 0.487952
v -0.059858 0.403167 0.486880
v -0.059910 0.400029 0.486772
v -0.051145 0.396873 0.487422
v -0.051143 0.394270 0.489179
v -0.051112 0.392338 0.491654
v -0.051056 0.391264 0.494605
v -0.050980 0.391155 0.497742
v -0.050892 0.392021 0.500760
v -0.050800 0.393777 0.503361
v -0.050714 0.396252 0.505293
v -0.050641 0.399203 0.506365
v -0.050589 0.402341 0.506473
v -0.050563 0.405359 0.505606
v -0.050566 0.407962 0.503849
v -0.050597 0.409895 0.501374
v -0.050653 0.410969 0.498423
v -0.050729 0.411078 0.495286
v -0.050817 0.410212 0.492268
v -0.050909 0.408456 0.489667
v -0.050995 0.405981 0.487735
v -0.051068 0.403030 0.486663
v -0.051120 0.399892 0.486555
v -0.046082 0.396794 0.487297
v -0.046080 0.394191 0.489054
v -0.045992 0.391185 0.494479
v -0.045917 0.391076 0.497617
v -0.045829 0.391942 0.500635
v -0.045737 0.393698 0.503236
v -0.045578 0.399124 0.506240
v -0.045526 0.402262 0.506348
v -0.045500 0.405280 0.505481
v -0.045503 0.407883 0.503724
v -0.045534 0.409816 0.501249
v -0.045590 0.410890 0.498298
v -0.045666 0.410999 0.495161
v -0.045846 0.408376 0.489541
v -0.045932 0.405902 0.487610
v -0.046056 0.399812 0.486430
v -0.044233 0.394200 0.489049
v -0.044202 0.392278 0.491510
v -0.044146 0.391210 0.494444
v -0.044071 0.391102 0.497565
v -0.043983 0.391963 0.500565
v -0.043892 0.393710 0.503153
v -0.043806 0.396171 0.505074
v -0.043734 0.399105 0.506140
v -0.043682 0.402226 0.506247
v -0.043657 0.405228 0.505385
v -0.043659 0.407816 0.503638
v -0.043690 0.409738 0.501177
v -0.043746 0.410806 0.498242
v -0.043821 0.410915 0.495122
v -0.043909 0.410053 0.492121
v -0.044000 0.408307 0.489534
v -0.044086 0.405846 0.487613
v -0.044158 0.402911 0.486547
v -0.044210 0.399790 0.486439
v -0.044235 0.396789 0.487301
v -0.059938 0.391351 0.497957
v -0.059851 0.392212 0.500957
v -0.059759 0.393958 0.503544
v -0.059673 0.396419 0.505465
v -0.059601 0.399354 0.506531
v -0.059550 0.402474 0.506639
v -0.059524 0.405476 0.505777
v -0.059527 0.408064 0.504029
v -0.059558 0.409986 0.501568
v -0.059613 0.411054 0.498634
v -0.059776 0.410301 0.492513
v -0.059868 0.408555 0.489926
v -0.059954 0.406094 0.488005
v -0.060026 0.403159 0.486939
v -0.060077 0.400039 0.486832
v -0.060103 0.397037 0.487694
v -0.060100 0.394449 0.489441
v -0.060069 0.392527 0.491902
v -0.060014 0.391459 0.494837
v -0.059926 0.392339 0.497835
v -0.059847 0.393114 0.500536
v -0.059765 0.394686 0.502866
v -0.059687 0.396902 0.504595
v -0.059622 0.399543 0.505555
v -0.059576 0.402353 0.505651
v -0.059553 0.405055 0.504875
v -0.059555 0.407385 0.503302
v -0.059583 0.409116 0.501086
v -0.059633 0.410077 0.498445
v -0.059701 0.410174 0.495636
v -0.059780 0.409399 0.492934
v -0.059862 0.407827 0.490605
v -0.059940 0.405611 0.488876
v -0.060005 0.402970 0.487916
v -0.060051 0.400160 0.487819
v -0.060074 0.397458 0.488596
v -0.060072 0.395128 0.490168
v -0.060044 0.393397 0.492384
v -0.059994 0.392436 0.495026
v -0.043845 0.397499 0.502677
v -0.044137 0.395717 0.501289
v -0.044203 0.394450 0.499412
v -0.044266 0.393825 0.497235
v -0.044321 0.393904 0.494971
v -0.044361 0.394678 0.492843
v -0.044386 0.397951 0.489789
v -0.044367 0.400128 0.489164
v -0.044330 0.402392 0.489242
v -0.044277 0.404521 0.490015
v -0.044215 0.406307 0.491409
v -0.044149 0.407574 0.493286
v -0.044030 0.408120 0.497727
v -0.043990 0.407345 0.499855
v -0.043968 0.405951 0.501641
v -0.043966 0.404073 0.502909
v -0.043984 0.401895 0.503534
v -0.044022 0.399631 0.503456
v -0.059095 0.397738 0.503054
v -0.059157 0.395952 0.501660
v -0.059287 0.394060 0.497606
v -0.059341 0.394139 0.495342
v -0.059404 0.396308 0.491428
v -0.059406 0.398186 0.490160
v -0.059388 0.400363 0.489535
v -0.059350 0.402627 0.489613
v -0.059298 0.404756 0.490386
v -0.059235 0.406542 0.491780
v -0.059169 0.407809 0.493657
v -0.059106 0.408434 0.495834
v -0.059051 0.408355 0.498098
v -0.059011 0.407580 0.500226
v -0.058988 0.406186 0.502012
v -0.059005 0.402130 0.503905
v -0.059042 0.399866 0.503827
v -0.044057 0.404840 0.489428
v -0.044114 0.402516 0.488583
v -0.044155 0.400044 0.488498
v -0.044175 0.397666 0.489181
v -0.044173 0.395615 0.490565
v -0.044149 0.394093 0.492515
v -0.044105 0.393247 0.494839
v -0.044045 0.393161 0.497311
v -0.043976 0.393843 0.499688
v -0.043903 0.395227 0.501737
v -0.043778 0.399501 0.504104
v -0.043737 0.401973 0.504189
v -0.043717 0.404351 0.503506
v -0.043719 0.406401 0.502122
v -0.043743 0.407924 0.500172
v -0.043788 0.408769 0.497847
v -0.043847 0.408855 0.495376
v -0.043917 0.408173 0.492999
v -0.043989 0.406790 0.490949
v 0.016380 0.437550 0.525406
v 0.013963 0.441020 0.522263
v 0.010219 0.443803 0.519813
v 0.005513 0.445625 0.518297
v 0.000306 0.446309 0.517863
v -0.004892 0.445788 0.518554
v -0.009572 0.444112 0.520302
v -0.013276 0.441446 0.522935
v -0.015642 0.438051 0.526197
v -0.016438 0.434259 0.529768
v -0.031568 0.426886 0.537244
v -0.013169 0.426970 0.536442
v -0.009424 0.424188 0.538892
v -0.004718 0.422365 0.540408
v 0.000488 0.421681 0.540841
v 0.005686 0.422202 0.540151
v 0.020335 0.413761 0.547453
v 0.027743 0.419093 0.542186
v 0.016436 0.429940 0.532507
v 0.017232 0.433732 0.528936
v 0.032362 0.441105 0.521461
v 0.027529 0.448045 0.515173
v 0.020040 0.453610 0.510273
v 0.010628 0.457255 0.507241
v 0.000215 0.458623 0.506374
v -0.010181 0.457581 0.507756
v -0.019541 0.454230 0.511251
v -0.026949 0.448898 0.516519
v -0.031681 0.442107 0.523043
v -0.033272 0.434522 0.530184
v -0.026735 0.419945 0.543531
v -0.019246 0.414380 0.548431
v -0.009834 0.410735 0.551463
v 0.000579 0.409367 0.552331
v 0.010975 0.410410 0.550949
v 0.032475 0.425884 0.535662
v 0.034066 0.433468 0.528521
v 0.032868 0.453108 0.534322
v 0.028035 0.460049 0.528034
v 0.020545 0.465614 0.523135
v 0.011134 0.469259 0.520103
v 0.000720 0.470627 0.519235
v -0.009675 0.469585 0.520617
v -0.019035 0.466233 0.524113
v -0.026443 0.460901 0.529380
v -0.031175 0.454110 0.535904
v -0.032767 0.446526 0.543045
v -0.031062 0.438889 0.550105
v -0.026229 0.431949 0.556393
v -0.018740 0.426384 0.561292
v -0.009328 0.422739 0.564324
v 0.001085 0.421371 0.565192
v 0.011480 0.422413 0.563810
v 0.020840 0.425765 0.560315
v 0.028249 0.431097 0.555047
v 0.032980 0.437887 0.548523
v 0.034572 0.445472 0.541382
v 0.012248 0.448522 0.539413
v 0.010533 0.450986 0.537181
v 0.007875 0.452961 0.535442
v 0.004534 0.454255 0.534366
v 0.000838 0.454740 0.534058
v -0.002852 0.454370 0.534548
v -0.006174 0.453181 0.535789
v -0.008803 0.451288 0.537658
v -0.010483 0.448878 0.539974
v -0.011048 0.446186 0.542509
v -0.010443 0.443475 0.545015
v -0.008727 0.441012 0.547247
v -0.006069 0.439037 0.548985
v -0.002729 0.437743 0.550062
v 0.000967 0.437257 0.550370
v 0.004657 0.437627 0.549879
v 0.007979 0.438817 0.548638
v 0.010609 0.440709 0.546769
v 0.012288 0.443120 0.544453
v 0.012853 0.445812 0.541918
v 0.000397 0.433995 0.529352
v 0.001490 0.459941 0.557152
v 0.032974 0.437730 0.548355
v 0.028242 0.430939 0.554878
v 0.020834 0.425607 0.560146
v 0.011474 0.422256 0.563642
v 0.001078 0.421213 0.565023
v -0.009335 0.422581 0.564156
v -0.026236 0.431792 0.556224
v -0.031069 0.438732 0.549937
v -0.032773 0.446368 0.542877
v -0.031182 0.453953 0.535735
v -0.026450 0.460744 0.529212
v -0.019042 0.466076 0.523944
v -0.009682 0.469427 0.520448
v 0.000714 0.470470 0.519067
v 0.011127 0.469102 0.519934
v 0.020539 0.465456 0.522966
v 0.028028 0.459891 0.527866
v 0.032861 0.452951 0.534153
v 0.034565 0.445315 0.541213
v 0.032893 0.435815 0.546303
v 0.028162 0.429024 0.552827
v 0.020753 0.423692 0.558094
v 0.011393 0.420341 0.561590
v 0.000998 0.419298 0.562972
v -0.009416 0.420666 0.562104
v -0.018827 0.424312 0.559072
v -0.026317 0.429877 0.554172
v -0.031150 0.436817 0.547885
v -0.032854 0.444453 0.540825
v -0.031262 0.452038 0.533683
v -0.026531 0.458829 0.527160
v -0.019122 0.464161 0.521892
v -0.009762 0.467512 0.518396
v 0.000633 0.468555 0.517015
v 0.011046 0.467187 0.517882
v 0.020458 0.463542 0.520914
v 0.027947 0.457976 0.525814
v 0.032780 0.451036 0.532102
v 0.034485 0.443400 0.539161
v 0.032942 0.436984 0.547556
v 0.028211 0.430194 0.554079
v 0.020802 0.424861 0.559347
v 0.011442 0.421510 0.562843
v 0.001047 0.420468 0.564224
v -0.009366 0.421836 0.563357
v -0.018778 0.425481 0.560325
v -0.026267 0.431046 0.555425
v -0.031100 0.437986 0.549138
v -0.032805 0.445623 0.542078
v -0.031213 0.453207 0.534936
v -0.026482 0.459998 0.528413
v -0.019073 0.465330 0.523145
v -0.009713 0.468681 0.519649
v 0.000682 0.469724 0.518268
v 0.020507 0.464711 0.522167
v 0.027997 0.459146 0.527067
v 0.032830 0.452205 0.533354
v 0.034534 0.444569 0.540414
v 0.032734 0.432024 0.542241
v 0.028002 0.425233 0.548765
v 0.020593 0.419901 0.554033
v 0.011233 0.416550 0.557528
v 0.000838 0.415508 0.558910
v -0.009575 0.416876 0.558042
v -0.018987 0.420521 0.555010
v -0.026476 0.426086 0.550111
v -0.031309 0.433026 0.543823
v -0.033014 0.440663 0.536763
v -0.031422 0.448247 0.529622
v -0.026690 0.455038 0.523098
v -0.019282 0.460370 0.517830
v -0.009922 0.463721 0.514335
v 0.000473 0.464764 0.512953
v 0.010887 0.463396 0.513821
v 0.020299 0.459751 0.516853
v 0.027788 0.454186 0.521752
v 0.032621 0.447245 0.528040
v 0.034325 0.439609 0.535100
v 0.032962 0.437456 0.548061
v 0.028231 0.430665 0.554585
v 0.020822 0.425333 0.559852
v 0.011462 0.421982 0.563348
v 0.001067 0.420939 0.564730
v -0.009347 0.422307 0.563862
v -0.018758 0.425952 0.560830
v -0.026247 0.431517 0.555930
v -0.031081 0.438458 0.549643
v -0.032785 0.446094 0.542583
v -0.031193 0.453679 0.535442
v -0.026462 0.460470 0.528918
v -0.019053 0.465801 0.523650
v -0.009693 0.469153 0.520154
v 0.000702 0.470195 0.518773
v 0.011113 0.468781 0.519590
v 0.020527 0.465182 0.522672
v 0.028016 0.459617 0.527572
v 0.032850 0.452677 0.533859
v 0.034554 0.445040 0.540920
v 0.007222 0.439585 0.547951
v 0.000960 0.438193 0.549497
v -0.002340 0.438626 0.549222
v -0.005323 0.439782 0.548261
v -0.007697 0.441546 0.546708
v -0.009229 0.443745 0.544715
v -0.009769 0.446166 0.542477
v -0.007765 0.450722 0.538146
v -0.005417 0.452412 0.536476
v -0.002450 0.453475 0.535368
v 0.000845 0.453805 0.534930
v 0.004146 0.453372 0.535205
v 0.007129 0.452216 0.536166
v 0.009503 0.450452 0.537719
v 0.011575 0.445832 0.541950
v 0.011070 0.443428 0.544214
v 0.009570 0.441275 0.546281
v 0.000993 0.433799 0.553596
v -0.004165 0.434477 0.553166
v -0.008828 0.436283 0.551664
v -0.012537 0.439039 0.549237
v -0.014931 0.442477 0.546123
v -0.015776 0.446260 0.542626
v -0.014987 0.450017 0.539088
v -0.012643 0.453381 0.535857
v -0.008974 0.456022 0.533247
v -0.004337 0.457682 0.531516
v 0.000812 0.458199 0.530831
v 0.005971 0.457521 0.531261
v 0.010633 0.455715 0.532763
v 0.014343 0.452959 0.535190
v 0.016737 0.449521 0.538304
v 0.017581 0.445738 0.541802
v 0.016793 0.441981 0.545339
v 0.014449 0.438617 0.548571
v 0.010779 0.435976 0.551180
v 0.006142 0.434316 0.552912
v -0.207754 0.321467 0.450706
v -0.219997 0.323196 0.441227
v -0.233428 0.320646 0.433755
v -0.246732 0.314065 0.429021
v -0.258609 0.304099 0.427490
v -0.267894 0.291722 0.429311
v -0.273679 0.278146 0.434305
v -0.275398 0.264700 0.441985
v -0.298729 0.235715 0.445167
v -0.266379 0.243320 0.462202
v -0.256523 0.237480 0.472760
v -0.244281 0.235751 0.482240
v -0.230850 0.238301 0.489712
v -0.217545 0.244882 0.494445
v -0.205669 0.254848 0.495976
v -0.196384 0.267225 0.494155
v -0.190599 0.280801 0.489161
v -0.188880 0.294247 0.481481
v -0.191395 0.306247 0.471869
v -0.197899 0.315627 0.461264
v -0.192285 0.348106 0.443710
v -0.212294 0.350933 0.428218
v -0.234245 0.346765 0.416006
v -0.255990 0.336010 0.408270
v -0.275400 0.319720 0.405767
v -0.290576 0.299492 0.408743
v -0.300031 0.277303 0.416906
v -0.302840 0.255327 0.429457
v -0.288100 0.220386 0.462499
v -0.271992 0.210841 0.479756
v -0.251983 0.208014 0.495249
v -0.230033 0.212182 0.507460
v -0.208287 0.222937 0.515197
v -0.188877 0.239227 0.517699
v -0.173702 0.259455 0.514723
v -0.164247 0.281644 0.506560
v -0.161437 0.303620 0.494009
v -0.165548 0.323232 0.478299
v -0.176178 0.338561 0.460967
v -0.198474 0.354085 0.452794
v -0.218483 0.356912 0.437301
v -0.240434 0.352744 0.425090
v -0.262179 0.341989 0.417353
v -0.281589 0.325700 0.414851
v -0.296765 0.305471 0.417827
v -0.306220 0.283282 0.425990
v -0.309029 0.261307 0.438541
v -0.304918 0.241694 0.454251
v -0.294289 0.226365 0.471583
v -0.278181 0.216820 0.488840
v -0.258172 0.213993 0.504332
v -0.236221 0.218162 0.516544
v -0.214476 0.228916 0.524280
v -0.195066 0.245206 0.526782
v -0.179891 0.265434 0.523807
v -0.170435 0.287623 0.515644
v -0.167626 0.309599 0.503093
v -0.171737 0.329211 0.487383
v -0.182367 0.344540 0.470051
v -0.232139 0.279474 0.461733
v -0.199145 0.286705 0.496687
v -0.204602 0.273900 0.501399
v -0.224563 0.252824 0.501672
v -0.237112 0.246617 0.497207
v -0.261328 0.245843 0.481218
v -0.270624 0.251352 0.471259
v -0.279131 0.271517 0.452189
v -0.277510 0.284200 0.444946
v -0.272053 0.297005 0.440235
v -0.263295 0.308680 0.438518
v -0.252093 0.318081 0.439962
v -0.226875 0.326694 0.451474
v -0.206031 0.319553 0.470375
v -0.199897 0.310707 0.480377
v -0.197524 0.299388 0.489444
v -0.256428 0.342259 0.555245
v -0.257623 0.332913 0.560583
v -0.261644 0.323476 0.564055
v -0.268098 0.314873 0.565320
v -0.276353 0.307945 0.564256
v -0.285601 0.303371 0.560966
v -0.294937 0.301598 0.555772
v -0.303447 0.302801 0.549183
v -0.310297 0.306860 0.541844
v -0.314818 0.313379 0.534473
v -0.316567 0.321720 0.527791
v -0.315372 0.331067 0.522454
v -0.311350 0.340503 0.518982
v -0.304896 0.349107 0.517716
v -0.296641 0.356034 0.518781
v -0.287393 0.360609 0.522071
v -0.278057 0.362381 0.527264
v -0.269548 0.361179 0.533853
v -0.262697 0.357119 0.541192
v -0.258177 0.350600 0.548564
v -0.239495 0.329139 0.563270
v -0.245434 0.315203 0.568397
v -0.254965 0.302499 0.570266
v -0.267156 0.292268 0.568694
v -0.280813 0.285513 0.563835
v -0.294599 0.282896 0.556166
v -0.307166 0.284671 0.546436
v -0.317282 0.290666 0.535597
v -0.323958 0.300293 0.524712
v -0.326540 0.312611 0.514845
v -0.324776 0.326413 0.506963
v -0.318837 0.340348 0.501836
v -0.309306 0.353053 0.499967
v -0.297115 0.363284 0.501539
v -0.283458 0.370038 0.506397
v -0.269672 0.372656 0.514067
v -0.257105 0.370881 0.523797
v -0.246989 0.364886 0.534635
v -0.240313 0.355259 0.545521
v -0.237731 0.342941 0.555388
v -0.256132 0.341583 0.554237
v -0.257315 0.332330 0.559522
v -0.261297 0.322987 0.562959
v -0.267687 0.314469 0.564212
v -0.275860 0.307610 0.563159
v -0.285016 0.303081 0.559901
v -0.294259 0.301326 0.554759
v -0.302684 0.302516 0.548235
v -0.309467 0.306535 0.540969
v -0.313943 0.312990 0.533671
v -0.315674 0.321248 0.527055
v -0.314491 0.330502 0.521771
v -0.310510 0.339845 0.518334
v -0.304120 0.348363 0.517081
v -0.295946 0.355222 0.518134
v -0.286790 0.359751 0.521392
v -0.277547 0.361506 0.526534
v -0.269122 0.360315 0.533057
v -0.262339 0.356296 0.540324
v -0.257863 0.349841 0.547622
v -0.246382 0.294128 0.551584
v -0.257584 0.284727 0.550140
v -0.270134 0.278520 0.545675
v -0.282802 0.276114 0.538627
v -0.294349 0.277746 0.529686
v -0.303646 0.283254 0.519727
v -0.309780 0.292101 0.509724
v -0.312153 0.303420 0.500657
v -0.310531 0.316103 0.493414
v -0.305075 0.328908 0.488703
v -0.296317 0.340582 0.486986
v -0.285114 0.349983 0.488430
v -0.272565 0.356190 0.492894
v -0.248349 0.356965 0.508883
v -0.239053 0.351456 0.518843
v -0.232919 0.342609 0.528845
v -0.230545 0.331290 0.537912
v -0.232167 0.318608 0.545156
v -0.237624 0.305802 0.549866
v -0.240086 0.288412 0.570685
v -0.255893 0.275146 0.568647
v -0.240608 0.288916 0.571451
v -0.256415 0.275651 0.569413
v -0.273602 0.266388 0.562347
v -0.274124 0.266892 0.563113
v -0.291478 0.262993 0.552402
v -0.292000 0.263497 0.553168
v -0.307773 0.265295 0.539785
v -0.308295 0.265800 0.540551
v -0.320890 0.273068 0.525732
v -0.321412 0.273573 0.526498
v -0.329546 0.285552 0.511617
v -0.330068 0.286056 0.512383
v -0.332895 0.301524 0.498823
v -0.333417 0.302028 0.499589
v -0.330607 0.319421 0.488602
v -0.331129 0.319925 0.489368
v -0.322906 0.337490 0.481954
v -0.323429 0.337995 0.482721
v -0.310548 0.353964 0.479531
v -0.311070 0.354469 0.480297
v -0.294741 0.367230 0.481569
v -0.295263 0.367734 0.482335
v -0.277032 0.375988 0.487869
v -0.277554 0.376493 0.488635
v -0.259155 0.379383 0.497814
v -0.259677 0.379887 0.498580
v -0.242861 0.377081 0.510431
v -0.243383 0.377585 0.511197
v -0.229743 0.369308 0.524484
v -0.230266 0.369812 0.525250
v -0.221087 0.356824 0.538599
v -0.221609 0.357329 0.539365
v -0.217739 0.340852 0.551393
v -0.218261 0.341357 0.552159
v -0.220026 0.322955 0.561615
v -0.220549 0.323460 0.562381
v -0.227727 0.304886 0.568262
v -0.228249 0.305390 0.569028
v -0.330099 0.323291 0.497155
v -0.332206 0.306809 0.506568
v -0.329123 0.292099 0.518352
v -0.321150 0.280602 0.531351
v -0.309070 0.273443 0.544294
v -0.294063 0.271323 0.555914
v -0.277599 0.274449 0.565073
v -0.261290 0.282516 0.570875
v -0.246732 0.294733 0.572752
v -0.235350 0.309905 0.570520
v -0.228258 0.326547 0.564398
v -0.226151 0.343030 0.554984
v -0.229234 0.357739 0.543201
v -0.237207 0.369236 0.530202
v -0.249288 0.376395 0.517259
v -0.264294 0.378515 0.505639
v -0.280758 0.375389 0.496480
v -0.297068 0.367322 0.490678
v -0.311626 0.355105 0.488801
v -0.323008 0.339933 0.491033
v -0.319309 0.328879 0.515458
v -0.314452 0.340278 0.511265
v -0.306656 0.350670 0.509736
v -0.296685 0.359038 0.511021
v -0.285514 0.364563 0.514995
v -0.274237 0.366704 0.521269
v -0.263958 0.365252 0.529228
v -0.255683 0.360349 0.538093
v -0.250223 0.352474 0.546997
v -0.248110 0.342399 0.555068
v -0.249554 0.331109 0.561515
v -0.254411 0.319711 0.565709
v -0.262207 0.309319 0.567237
v -0.272179 0.300950 0.565952
v -0.283350 0.295425 0.561978
v -0.294627 0.293284 0.555704
v -0.304905 0.294736 0.547745
v -0.313180 0.299640 0.538880
v -0.318641 0.307514 0.529976
v -0.320753 0.317590 0.521905
v -0.313252 0.313444 0.533843
v -0.314940 0.321499 0.527391
v -0.313786 0.330524 0.522236
v -0.309903 0.339637 0.518884
v -0.303671 0.347945 0.517662
v -0.295699 0.354635 0.518689
v -0.286768 0.359052 0.521866
v -0.277753 0.360764 0.526882
v -0.269535 0.359603 0.533245
v -0.262920 0.355683 0.540332
v -0.258555 0.349387 0.547450
v -0.256866 0.341333 0.553902
v -0.258020 0.332307 0.559057
v -0.261903 0.323195 0.562409
v -0.268136 0.314887 0.563631
v -0.276107 0.308197 0.562604
v -0.285038 0.303779 0.559427
v -0.294053 0.302068 0.554411
v -0.302271 0.303229 0.548048
v -0.308886 0.307149 0.540961
v -0.284879 0.340498 0.542948
v -0.286760 0.340764 0.541491
v -0.288823 0.340372 0.540343
v -0.290868 0.339361 0.539616
v -0.292693 0.337830 0.539381
v -0.294119 0.335928 0.539660
v -0.295008 0.333842 0.540428
v -0.295272 0.331776 0.541608
v -0.294886 0.329932 0.543085
v -0.293887 0.328491 0.544714
v -0.292372 0.327593 0.546336
v -0.290491 0.327328 0.547793
v -0.288427 0.327720 0.548941
v -0.286383 0.328731 0.549668
v -0.284558 0.330262 0.549904
v -0.283132 0.332164 0.549624
v -0.282243 0.334250 0.548856
v -0.281979 0.336316 0.547676
v -0.282365 0.338160 0.546199
v -0.283364 0.339601 0.544570
v -0.314801 0.315841 0.537068
v -0.316455 0.323732 0.530747
v -0.315325 0.332575 0.525697
v -0.311520 0.341503 0.522413
v -0.305414 0.349642 0.521215
v -0.297604 0.356197 0.522222
v -0.288854 0.360524 0.525335
v -0.280022 0.362201 0.530248
v -0.271971 0.361064 0.536482
v -0.265490 0.357223 0.543426
v -0.261213 0.351055 0.550400
v -0.260689 0.334321 0.561771
v -0.264493 0.325394 0.565056
v -0.270600 0.317254 0.566253
v -0.278410 0.310699 0.565246
v -0.287159 0.306372 0.562134
v -0.295992 0.304695 0.557220
v -0.304043 0.305832 0.550986
v -0.310524 0.309673 0.544042
v -0.293407 0.340345 0.552295
v -0.293721 0.340389 0.552052
v -0.294033 0.339270 0.552579
v -0.294065 0.340324 0.551861
v -0.294406 0.340156 0.551739
v -0.294710 0.339900 0.551700
v -0.294948 0.339583 0.551746
v -0.295096 0.339235 0.551875
v -0.295141 0.338890 0.552072
v -0.295076 0.338583 0.552318
v -0.294909 0.338343 0.552589
v -0.294657 0.338193 0.552860
v -0.294343 0.338148 0.553103
v -0.293999 0.338214 0.553295
v -0.293658 0.338383 0.553416
v -0.293354 0.338638 0.553455
v -0.293116 0.338955 0.553408
v -0.292967 0.339303 0.553280
v -0.292923 0.339648 0.553084
v -0.292988 0.339955 0.552837
v -0.293155 0.340196 0.552565
v -0.212414 0.261311 0.501726
v -0.223616 0.251910 0.500282
v -0.236165 0.245703 0.495818
v -0.248834 0.243297 0.488770
v -0.260381 0.244929 0.479829
v -0.269677 0.250437 0.469869
v -0.275812 0.259284 0.459867
v -0.278185 0.270603 0.450800
v -0.276563 0.283285 0.443557
v -0.271106 0.296091 0.438846
v -0.262348 0.307765 0.437128
v -0.251146 0.317166 0.438573
v -0.239543 0.324288 0.444426
v -0.225928 0.325779 0.450085
v -0.214381 0.324147 0.459026
v -0.205085 0.318639 0.468985
v -0.198950 0.309792 0.478988
v -0.196577 0.298473 0.488055
v -0.198199 0.285791 0.495298
v -0.203656 0.272985 0.500009
v -0.233777 0.281950 0.533083
v -0.244979 0.272549 0.531639
v -0.257529 0.266342 0.527174
v -0.270197 0.263937 0.520126
v -0.281745 0.265568 0.511185
v -0.291041 0.271077 0.501226
v -0.297175 0.279923 0.491223
v -0.299548 0.291242 0.482156
v -0.297927 0.303925 0.474913
v -0.292470 0.316730 0.470202
v -0.283712 0.328405 0.468484
v -0.272510 0.337806 0.469929
v -0.259960 0.344013 0.474393
v -0.247291 0.346418 0.481441
v -0.226448 0.339278 0.500342
v -0.220313 0.330431 0.510344
v -0.217941 0.319113 0.519411
v -0.219562 0.306430 0.526655
v -0.225019 0.293625 0.531365
v -0.239789 0.287758 0.541906
v -0.250991 0.278357 0.540462
v -0.263540 0.272150 0.535997
v -0.276209 0.269744 0.528949
v -0.287756 0.271376 0.520008
v -0.297052 0.276884 0.510049
v -0.303187 0.285731 0.500047
v -0.305559 0.297050 0.490980
v -0.303938 0.309732 0.483736
v -0.298481 0.322538 0.479025
v -0.289723 0.334213 0.477308
v -0.278521 0.343613 0.478752
v -0.265971 0.349820 0.483217
v -0.238750 0.347691 0.494794
v -0.232460 0.345086 0.509165
v -0.226325 0.336239 0.519168
v -0.223952 0.324920 0.528234
v -0.225573 0.312238 0.535478
v -0.231030 0.299432 0.540188
v -0.270318 0.316983 0.565954
v -0.278147 0.310414 0.564945
v -0.286917 0.306076 0.561824
v -0.295770 0.304395 0.556899
v -0.303840 0.305535 0.550650
v -0.314624 0.315567 0.536700
v -0.316282 0.323477 0.530363
v -0.315149 0.332341 0.525301
v -0.311336 0.341290 0.522009
v -0.305215 0.349448 0.520809
v -0.297386 0.356018 0.521818
v -0.288616 0.360356 0.524938
v -0.279762 0.362037 0.529864
v -0.265196 0.357047 0.543072
v -0.259251 0.342955 0.556399
v -0.260384 0.334091 0.561461
v -0.268235 0.314981 0.563736
v -0.276200 0.308297 0.562710
v -0.285123 0.303883 0.559535
v -0.294131 0.302173 0.554524
v -0.308952 0.307250 0.541085
v -0.313314 0.313540 0.533972
v -0.315001 0.321589 0.527525
v -0.313848 0.330607 0.522375
v -0.309968 0.339712 0.519025
v -0.303740 0.348013 0.517804
v -0.295775 0.354698 0.518831
v -0.286852 0.359111 0.522005
v -0.277844 0.360822 0.527017
v -0.269633 0.359662 0.533374
v -0.263023 0.355745 0.540456
v -0.258661 0.349454 0.547568
v -0.256974 0.341406 0.554015
v -0.258127 0.332388 0.559166
v -0.262007 0.323283 0.562515
v -0.269108 0.315821 0.564666
v -0.277016 0.309184 0.563647
v -0.285875 0.304803 0.560495
v -0.294819 0.303105 0.555520
v -0.302970 0.304256 0.549208
v -0.309533 0.308145 0.542177
v -0.313863 0.314390 0.535116
v -0.315538 0.322381 0.528715
v -0.314394 0.331334 0.523602
v -0.310541 0.340374 0.520277
v -0.304359 0.348615 0.519064
v -0.296451 0.355251 0.520084
v -0.287592 0.359633 0.523235
v -0.278648 0.361331 0.528211
v -0.269670 0.359684 0.533423
v -0.263084 0.355781 0.540529
v -0.259604 0.350046 0.548614
v -0.257929 0.342055 0.555015
v -0.259073 0.333102 0.560128
v -0.262926 0.324063 0.563454
v -0.284160 0.332863 0.550014
v -0.285464 0.331125 0.550270
v -0.287132 0.329725 0.550054
v -0.289001 0.328800 0.549389
v -0.290888 0.328442 0.548340
v -0.292608 0.328685 0.547008
v -0.295259 0.332508 0.542686
v -0.295017 0.334397 0.541607
v -0.294205 0.336304 0.540905
v -0.292900 0.338043 0.540649
v -0.291232 0.339443 0.540864
v -0.289363 0.340367 0.541530
v -0.287477 0.340725 0.542579
v -0.285757 0.340482 0.543911
v -0.284373 0.339662 0.545394
v -0.283459 0.338345 0.546883
v -0.283106 0.336659 0.548233
v -0.283347 0.334770 0.549312
v -0.281541 0.327450 0.553438
v -0.284660 0.324833 0.553035
v -0.288153 0.323105 0.551793
v -0.291680 0.322436 0.549831
v -0.294895 0.322890 0.547342
v -0.297483 0.324423 0.544569
v -0.299191 0.326886 0.541784
v -0.299851 0.330037 0.539260
v -0.299399 0.333568 0.537244
v -0.297880 0.337133 0.535932
v -0.295442 0.340383 0.535454
v -0.292324 0.343000 0.535856
v -0.288830 0.344728 0.537099
v -0.285303 0.345397 0.539061
v -0.282089 0.344943 0.541550
v -0.279501 0.343410 0.544323
v -0.277793 0.340947 0.547107
v -0.277133 0.337796 0.549631
v -0.277584 0.334265 0.551648
v -0.279103 0.330701 0.552959
v -0.272012 0.318570 0.564598
v -0.279217 0.312524 0.563670
v -0.287288 0.308532 0.560799
v -0.295435 0.306985 0.556266
v -0.302862 0.308035 0.550515
v -0.308840 0.311577 0.544110
v -0.312785 0.317267 0.537677
v -0.314312 0.324546 0.531846
v -0.313269 0.332703 0.527188
v -0.309759 0.340939 0.524158
v -0.304127 0.348447 0.523054
v -0.296922 0.354493 0.523982
v -0.288851 0.358485 0.526854
v -0.280704 0.360032 0.531386
v -0.273277 0.358983 0.537137
v -0.267299 0.355440 0.543542
v -0.263353 0.349750 0.549975
v -0.259558 0.343164 0.556721
v -0.262870 0.334314 0.560464
v -0.266380 0.326079 0.563494
v -0.286193 0.351916 0.487661
v -0.273065 0.358409 0.492331
v -0.259896 0.358596 0.499942
v -0.247734 0.359219 0.509057
v -0.238010 0.353456 0.519475
v -0.231593 0.344202 0.529938
v -0.229110 0.332362 0.539423
v -0.230807 0.319095 0.547000
v -0.236515 0.305700 0.551928
v -0.245677 0.293487 0.553724
v -0.257395 0.283653 0.552213
v -0.270522 0.277160 0.547543
v -0.283775 0.274644 0.540171
v -0.295854 0.276351 0.530818
v -0.305578 0.282113 0.520400
v -0.311995 0.291367 0.509936
v -0.314477 0.303207 0.500452
v -0.312781 0.316474 0.492875
v -0.307073 0.329870 0.487947
v -0.297911 0.342082 0.486150
v -0.282017 0.346991 0.483884
v -0.269467 0.353198 0.488348
v -0.255051 0.353915 0.492830
v -0.245251 0.353972 0.504337
v -0.235956 0.348464 0.514296
v -0.229821 0.339617 0.524299
v -0.227448 0.328298 0.533366
v -0.229069 0.315615 0.540609
v -0.234527 0.302810 0.545320
v -0.243285 0.291135 0.547037
v -0.254487 0.281734 0.545593
v -0.267036 0.275527 0.541128
v -0.279705 0.273122 0.534081
v -0.291252 0.274753 0.525140
v -0.306683 0.289108 0.505178
v -0.309055 0.300427 0.496111
v -0.307434 0.313110 0.488868
v -0.301977 0.325915 0.484157
v -0.293219 0.337590 0.482439
v -0.249781 0.244212 0.490159
v -0.262884 0.247347 0.483502
v -0.272180 0.252855 0.473543
v -0.276759 0.260198 0.461256
v -0.280688 0.273021 0.454473
v -0.279066 0.285703 0.447230
v -0.273609 0.298509 0.442519
v -0.264851 0.310183 0.440802
v -0.253649 0.319584 0.442246
v -0.228431 0.328197 0.453758
v -0.215327 0.325062 0.460415
v -0.207588 0.321057 0.472659
v -0.201453 0.312210 0.482662
v -0.199080 0.300891 0.491728
v -0.200702 0.288208 0.498972
v -0.206158 0.275403 0.503683
v -0.213360 0.262225 0.503116
v -0.226119 0.254328 0.503956
v -0.238668 0.248121 0.499491
v -0.260056 0.254139 0.505241
v -0.271603 0.255770 0.496300
v -0.280899 0.261279 0.486340
v -0.287034 0.270125 0.476338
v -0.289406 0.281444 0.467271
v -0.287785 0.294127 0.460028
v -0.282328 0.306932 0.455317
v -0.273570 0.318607 0.453599
v -0.262368 0.328008 0.455043
v -0.249818 0.334215 0.459508
v -0.237150 0.336620 0.466556
v -0.225602 0.334989 0.475497
v -0.216307 0.329480 0.485456
v -0.210172 0.320634 0.495459
v -0.207799 0.309315 0.504526
v -0.209420 0.296632 0.511769
v -0.214877 0.283827 0.516480
v -0.223636 0.272152 0.518197
v -0.234838 0.262751 0.516753
v -0.247387 0.256544 0.512288
v -0.254947 0.210878 0.499599
v -0.274956 0.213704 0.484106
v -0.291064 0.223249 0.466849
v -0.301693 0.238578 0.449518
v -0.305804 0.258191 0.433807
v -0.302995 0.280167 0.421257
v -0.293540 0.302355 0.413093
v -0.278364 0.322584 0.410118
v -0.258954 0.338873 0.412620
v -0.237209 0.349628 0.420356
v -0.215258 0.353796 0.432568
v -0.194666 0.350406 0.447204
v -0.178559 0.340860 0.464461
v -0.168512 0.326096 0.482649
v -0.164401 0.306483 0.498360
v -0.167211 0.284507 0.510910
v -0.176666 0.262319 0.519073
v -0.191841 0.242090 0.522049
v -0.211251 0.225801 0.519547
v -0.232997 0.215046 0.511811
v -0.252286 0.208307 0.495693
v -0.272295 0.211133 0.480200
v -0.288402 0.220678 0.462943
v -0.299032 0.236007 0.445612
v -0.303143 0.255620 0.429901
v -0.300334 0.277596 0.417351
v -0.290879 0.299784 0.409187
v -0.275703 0.320013 0.406212
v -0.256293 0.336302 0.408714
v -0.234548 0.347057 0.416450
v -0.192588 0.348399 0.444155
v -0.176481 0.338853 0.461412
v -0.165851 0.323525 0.478743
v -0.161740 0.303912 0.494454
v -0.164549 0.281936 0.507004
v -0.174004 0.259748 0.515167
v -0.189180 0.239519 0.518143
v -0.230335 0.212475 0.507905
v -0.256454 0.220180 0.501431
v -0.274731 0.222762 0.487279
v -0.289444 0.231480 0.471516
v -0.299153 0.245482 0.455685
v -0.302909 0.263397 0.441335
v -0.300342 0.283470 0.429871
v -0.291706 0.303738 0.422414
v -0.277844 0.322215 0.419696
v -0.260114 0.337094 0.421982
v -0.240251 0.346918 0.429048
v -0.220201 0.350725 0.440203
v -0.201925 0.348143 0.454354
v -0.187212 0.339425 0.470117
v -0.177502 0.325423 0.485949
v -0.173747 0.307508 0.500299
v -0.176313 0.287435 0.511763
v -0.184950 0.267168 0.519219
v -0.198811 0.248690 0.521937
v -0.216541 0.233811 0.519651
v -0.236404 0.223987 0.512585
v -0.248885 0.247437 0.488647
v -0.259529 0.248941 0.480405
v -0.268098 0.254019 0.471224
v -0.273753 0.262174 0.462004
v -0.275940 0.272607 0.453646
v -0.274445 0.284298 0.446969
v -0.269415 0.296102 0.442627
v -0.261342 0.306863 0.441044
v -0.251016 0.315529 0.442375
v -0.239448 0.321251 0.446490
v -0.227771 0.323468 0.452987
v -0.217126 0.321964 0.461229
v -0.208557 0.316886 0.470409
v -0.202902 0.308731 0.479630
v -0.200715 0.298298 0.487987
v -0.202210 0.286607 0.494664
v -0.207240 0.274803 0.499007
v -0.215313 0.264042 0.500590
v -0.225639 0.255376 0.499259
v -0.237207 0.249655 0.495143
v -0.269556 0.277962 0.544827
v -0.282225 0.275556 0.537780
v -0.303092 0.282720 0.518914
v -0.309203 0.291543 0.508876
v -0.311575 0.302862 0.499810
v -0.304497 0.328350 0.487855
v -0.295739 0.340025 0.486138
v -0.284537 0.349425 0.487582
v -0.271987 0.355632 0.492047
v -0.259319 0.358038 0.499095
v -0.232341 0.342051 0.527997
v -0.229968 0.330733 0.537064
v -0.231589 0.318050 0.544308
v -0.245805 0.293570 0.550736
v -0.271038 0.275358 0.550021
v -0.285064 0.272694 0.542218
v -0.297849 0.274500 0.532318
v -0.308141 0.280599 0.521292
v -0.314932 0.290394 0.510218
v -0.317560 0.302925 0.500179
v -0.315764 0.316967 0.492160
v -0.309723 0.331145 0.486944
v -0.300026 0.344071 0.485042
v -0.287624 0.354479 0.486641
v -0.273729 0.361351 0.491584
v -0.259703 0.364014 0.499388
v -0.246918 0.362208 0.509287
v -0.236626 0.356109 0.520313
v -0.229834 0.346315 0.531388
v -0.227207 0.333783 0.541426
v -0.229002 0.319741 0.549446
v -0.235044 0.305563 0.554661
v -0.244741 0.292638 0.556563
v -0.257143 0.282230 0.554964
v -0.272197 0.271302 0.555593
v -0.287964 0.268308 0.546822
v -0.302335 0.270339 0.535694
v -0.313904 0.277195 0.523299
v -0.321539 0.288205 0.510850
v -0.324493 0.302292 0.499566
v -0.322474 0.318076 0.490551
v -0.315683 0.334014 0.484688
v -0.304783 0.348543 0.482551
v -0.290841 0.360244 0.484348
v -0.275222 0.367969 0.489905
v -0.259455 0.370962 0.498676
v -0.245084 0.368932 0.509804
v -0.233515 0.362076 0.522199
v -0.225880 0.351066 0.534648
v -0.222926 0.336979 0.545932
v -0.224944 0.321194 0.554947
v -0.231736 0.305257 0.560810
v -0.242636 0.290727 0.562947
v -0.256578 0.279027 0.561150
v -0.273375 0.267179 0.561259
v -0.290912 0.263849 0.551503
v -0.306897 0.266108 0.539126
v -0.319764 0.273733 0.525340
v -0.328257 0.285979 0.511494
v -0.331541 0.301648 0.498943
v -0.329296 0.319204 0.488916
v -0.321743 0.336930 0.482395
v -0.294113 0.366104 0.482016
v -0.276740 0.374696 0.488197
v -0.259204 0.378026 0.497953
v -0.243219 0.375768 0.510330
v -0.230351 0.368143 0.524116
v -0.221859 0.355897 0.537962
v -0.218574 0.340228 0.550513
v -0.220819 0.322672 0.560540
v -0.228373 0.304945 0.567061
v -0.240497 0.288785 0.569438
v -0.256003 0.275772 0.567439
v -0.315441 0.312422 0.533739
v -0.317249 0.321046 0.526831
v -0.316014 0.330710 0.521312
v -0.311856 0.340466 0.517723
v -0.305183 0.349362 0.516414
v -0.296648 0.356524 0.517515
v -0.287086 0.361254 0.520916
v -0.277434 0.363086 0.526286
v -0.268636 0.361843 0.533099
v -0.261553 0.357646 0.540687
v -0.256879 0.350906 0.548308
v -0.255071 0.342282 0.555216
v -0.256306 0.332618 0.560735
v -0.260464 0.322862 0.564324
v -0.267137 0.313967 0.565633
v -0.275672 0.306804 0.564533
v -0.285234 0.302075 0.561131
v -0.294886 0.300242 0.555761
v -0.303685 0.301485 0.548949
v -0.310767 0.305682 0.541360
v -0.313883 0.330653 0.522454
v -0.310005 0.339754 0.519105
v -0.303780 0.348052 0.517885
v -0.295818 0.354733 0.518911
v -0.286899 0.359145 0.522084
v -0.277895 0.360854 0.527093
v -0.258722 0.349492 0.547635
v -0.257035 0.341448 0.554079
v -0.258188 0.332434 0.559227
v -0.262066 0.323333 0.562575
v -0.268291 0.315035 0.563796
v -0.276252 0.308354 0.562770
v -0.285171 0.303942 0.559597
v -0.294175 0.302233 0.554588
v -0.302367 0.303369 0.548207
v -0.308989 0.307307 0.541155
v -0.313349 0.313595 0.534045
v -0.315035 0.321639 0.527601
v -0.312054 0.303324 0.500512
v -0.310436 0.316010 0.493274
v -0.304976 0.328812 0.488558
v -0.296218 0.340487 0.486840
v -0.285015 0.349888 0.488285
v -0.272466 0.356095 0.492749
v -0.259797 0.358500 0.499797
v -0.248204 0.356825 0.508671
v -0.232819 0.342514 0.528700
v -0.230447 0.331195 0.537767
v -0.232068 0.318512 0.545010
v -0.237547 0.305727 0.549753
v -0.246283 0.294032 0.551438
v -0.270035 0.278424 0.545530
v -0.282703 0.276019 0.538482
v -0.294250 0.277650 0.529540
v -0.303547 0.283159 0.519581
v -0.309681 0.292005 0.509579
v -0.167345 0.324968 0.480937
v -0.163234 0.305356 0.496647
v -0.166044 0.283380 0.509198
v -0.175499 0.261191 0.517361
v -0.190674 0.240963 0.520336
v -0.210085 0.224674 0.517834
v -0.231830 0.213919 0.510098
v -0.253780 0.209751 0.497886
v -0.273789 0.212577 0.482393
v -0.289897 0.222122 0.465137
v -0.300526 0.237451 0.447805
v -0.304638 0.257064 0.432095
v -0.301828 0.279039 0.419544
v -0.292373 0.301228 0.411381
v -0.277198 0.321457 0.408405
v -0.257787 0.337746 0.410907
v -0.236042 0.348501 0.418644
v -0.214091 0.352669 0.430855
v -0.179818 0.265364 0.523700
v -0.194993 0.245135 0.526675
v -0.214403 0.228846 0.524173
v -0.236149 0.218091 0.516437
v -0.278108 0.216749 0.488732
v -0.294216 0.226295 0.471476
v -0.308956 0.261236 0.438434
v -0.306147 0.283212 0.425883
v -0.296692 0.305400 0.417720
v -0.281516 0.325629 0.414744
v -0.262106 0.341918 0.417246
v -0.240361 0.352673 0.424983
v -0.218410 0.356841 0.437194
v -0.198401 0.354015 0.452687
v -0.182294 0.344469 0.469944
v -0.171664 0.329141 0.487276
v -0.170362 0.287553 0.515537
v -0.221231 0.318720 0.464530
v -0.230528 0.320033 0.457331
v -0.240729 0.318096 0.451656
v -0.250833 0.313099 0.448061
v -0.259853 0.305529 0.446898
v -0.266905 0.296129 0.448281
v -0.271299 0.285818 0.452074
v -0.272604 0.275606 0.457906
v -0.270694 0.266493 0.465207
v -0.265754 0.259369 0.473261
v -0.258269 0.254934 0.481280
v -0.248972 0.253621 0.488479
v -0.238771 0.255557 0.494154
v -0.228667 0.260555 0.497748
v -0.219647 0.268125 0.498911
v -0.212595 0.277525 0.497528
v -0.208201 0.287835 0.493735
v -0.206896 0.298047 0.487903
v -0.208806 0.307161 0.480603
v -0.213746 0.314284 0.472549
v -0.226968 0.332853 0.451318
v -0.241107 0.330169 0.443452
v -0.255113 0.323241 0.438469
v -0.267615 0.312750 0.436857
v -0.277389 0.299720 0.438774
v -0.283479 0.285429 0.444032
v -0.285289 0.271274 0.452116
v -0.282641 0.258642 0.462235
v -0.275794 0.248769 0.473398
v -0.265420 0.242621 0.484513
v -0.252532 0.240800 0.494492
v -0.238393 0.243485 0.502357
v -0.224388 0.250412 0.507340
v -0.211885 0.260904 0.508952
v -0.202111 0.273933 0.507035
v -0.196021 0.288225 0.501778
v -0.194211 0.302379 0.493694
v -0.196859 0.315012 0.483575
v -0.203706 0.324885 0.472411
v -0.243756 0.359703 0.504853
v -0.256644 0.361523 0.494874
v -0.270782 0.358839 0.487009
v -0.284788 0.351911 0.482026
v -0.297290 0.341420 0.480414
v -0.307065 0.328390 0.482331
v -0.313155 0.314099 0.487589
v -0.314964 0.299944 0.495673
v -0.312316 0.287312 0.505791
v -0.305470 0.277439 0.516955
v -0.295095 0.271291 0.528070
v -0.282208 0.269470 0.538049
v -0.268069 0.272155 0.545914
v -0.254063 0.279082 0.550897
v -0.241561 0.289574 0.552509
v -0.231787 0.302603 0.550592
v -0.225697 0.316895 0.545334
v -0.223887 0.331049 0.537251
v -0.226535 0.343682 0.527132
v -0.233382 0.353555 0.515968
v -0.250906 0.347389 0.508087
v -0.260204 0.348703 0.500887
v -0.270404 0.346766 0.495213
v -0.280509 0.341768 0.491618
v -0.289529 0.334199 0.490455
v -0.296581 0.324799 0.491838
v -0.300974 0.314488 0.495631
v -0.302280 0.304276 0.501463
v -0.300370 0.295163 0.508764
v -0.295430 0.288039 0.516817
v -0.287945 0.283604 0.524837
v -0.278647 0.282290 0.532036
v -0.268447 0.284227 0.537711
v -0.258342 0.289225 0.541305
v -0.249323 0.296795 0.542468
v -0.242271 0.306195 0.541085
v -0.237877 0.316505 0.537292
v -0.236571 0.326717 0.531460
v -0.238482 0.335831 0.524160
v -0.243421 0.342954 0.516106
v -0.231476 0.302303 0.550136
v -0.241251 0.289274 0.552053
v -0.253753 0.278782 0.550441
v -0.267758 0.271855 0.545459
v -0.281897 0.269170 0.537593
v -0.312006 0.287012 0.505336
v -0.314654 0.299644 0.495217
v -0.312844 0.313799 0.487133
v -0.306754 0.328090 0.481875
v -0.296980 0.341120 0.479958
v -0.284478 0.351611 0.481570
v -0.270472 0.358539 0.486553
v -0.256333 0.361223 0.494419
v -0.243446 0.359403 0.504397
v -0.226225 0.343381 0.526676
v -0.224926 0.316150 0.544203
v -0.202427 0.274238 0.507499
v -0.212201 0.261209 0.509415
v -0.224703 0.250717 0.507804
v -0.238709 0.243790 0.502821
v -0.252848 0.241105 0.494955
v -0.265735 0.242926 0.484976
v -0.276110 0.249074 0.473861
v -0.282956 0.258947 0.462698
v -0.285604 0.271579 0.452579
v -0.283795 0.285734 0.444495
v -0.277705 0.300025 0.439238
v -0.267930 0.313055 0.437321
v -0.241422 0.330474 0.443915
v -0.227284 0.333158 0.451781
v -0.197175 0.315316 0.484038
v -0.194527 0.302684 0.494157
v -0.196337 0.288530 0.502241
v -0.218867 0.290121 0.531628
v -0.228641 0.277092 0.533545
v -0.241143 0.266600 0.531933
v -0.255149 0.259673 0.526951
v -0.269288 0.256988 0.519085
v -0.282175 0.258809 0.509106
v -0.292550 0.264957 0.497991
v -0.299396 0.274830 0.486828
v -0.302044 0.287462 0.476709
v -0.300235 0.301617 0.468625
v -0.294145 0.315908 0.463367
v -0.284370 0.328937 0.461451
v -0.271868 0.339429 0.463062
v -0.257862 0.346356 0.468045
v -0.243724 0.349041 0.475911
v -0.214081 0.331033 0.461296
v -0.220461 0.341072 0.497005
v -0.213615 0.331199 0.508168
v -0.210967 0.318567 0.518287
v -0.212777 0.304412 0.526371
v -0.228336 0.299269 0.545527
v -0.238110 0.286240 0.547444
v -0.250612 0.275748 0.545832
v -0.264618 0.268821 0.540849
v -0.278757 0.266136 0.532984
v -0.291644 0.267957 0.523005
v -0.302019 0.274105 0.511890
v -0.308865 0.283978 0.500726
v -0.311514 0.296610 0.490608
v -0.309704 0.310765 0.482524
v -0.303614 0.325056 0.477266
v -0.293840 0.338086 0.475349
v -0.281337 0.348577 0.476961
v -0.267332 0.355505 0.481944
v -0.253193 0.358189 0.489809
v -0.240305 0.356369 0.499788
v -0.229931 0.350221 0.510903
v -0.223084 0.340348 0.522066
v -0.220436 0.327715 0.532186
v -0.241715 0.289717 0.552309
v -0.254148 0.279284 0.550706
v -0.268077 0.272395 0.545751
v -0.282137 0.269725 0.537929
v -0.294953 0.271536 0.528006
v -0.305270 0.277649 0.516952
v -0.312079 0.287468 0.505851
v -0.314712 0.300030 0.495788
v -0.312913 0.314107 0.487749
v -0.306856 0.328319 0.482520
v -0.297136 0.341276 0.480614
v -0.284703 0.351710 0.482217
v -0.270775 0.358599 0.487172
v -0.256715 0.361269 0.494994
v -0.243898 0.359458 0.504918
v -0.233581 0.353344 0.515971
v -0.226773 0.343525 0.527073
v -0.224139 0.330963 0.537135
v -0.225939 0.316887 0.545175
v -0.231995 0.302675 0.550403
v -0.252461 0.241058 0.494371
v -0.265276 0.242868 0.484448
v -0.275593 0.248982 0.473395
v -0.282401 0.258800 0.462294
v -0.285034 0.271361 0.452232
v -0.283234 0.285437 0.444193
v -0.277178 0.299648 0.438965
v -0.267459 0.312605 0.437059
v -0.255027 0.323038 0.438662
v -0.241099 0.329926 0.443617
v -0.214224 0.330785 0.461361
v -0.203908 0.324672 0.472414
v -0.197099 0.314854 0.483515
v -0.194466 0.302292 0.493577
v -0.196266 0.288217 0.501616
v -0.202322 0.274005 0.506844
v -0.212041 0.261049 0.508750
v -0.224474 0.250616 0.507148
v -0.238401 0.243727 0.502193
v -0.251193 0.245621 0.492231
v -0.262731 0.247251 0.483297
v -0.272019 0.252755 0.473346
v -0.278148 0.261594 0.463352
v -0.280519 0.272903 0.454293
v -0.278899 0.285575 0.447056
v -0.273447 0.298370 0.442349
v -0.253503 0.319427 0.442076
v -0.240965 0.325629 0.446537
v -0.228307 0.328032 0.453579
v -0.216770 0.326402 0.462512
v -0.207482 0.320898 0.472463
v -0.201352 0.312059 0.482457
v -0.198981 0.300750 0.491516
v -0.200601 0.288078 0.498753
v -0.206054 0.275284 0.503460
v -0.214804 0.263619 0.505176
v -0.225997 0.254226 0.503733
v -0.238536 0.248025 0.499273
v -0.304246 0.267187 0.500599
v -0.304698 0.267643 0.502772
v -0.304639 0.267616 0.505037
v -0.304074 0.267109 0.507172
v -0.303060 0.266172 0.508968
v -0.301695 0.264896 0.510249
v -0.300113 0.263406 0.510891
v -0.298469 0.261848 0.510830
v -0.296924 0.260375 0.510072
v -0.295629 0.259130 0.508691
v -0.294710 0.258236 0.506822
v -0.294258 0.257780 0.504649
v -0.294318 0.257807 0.502385
v -0.294882 0.258314 0.500250
v -0.295896 0.259251 0.498454
v -0.297261 0.260527 0.497172
v -0.298843 0.262017 0.496530
v -0.300487 0.263575 0.496592
v -0.302032 0.265048 0.497350
v -0.303328 0.266293 0.498731
v -0.306713 0.269547 0.502410
v -0.306631 0.269510 0.505549
v -0.305849 0.268807 0.508508
v -0.304443 0.267508 0.510998
v -0.302551 0.265739 0.512774
v -0.300358 0.263674 0.513663
v -0.298080 0.261515 0.513578
v -0.295938 0.259473 0.512527
v -0.294142 0.257748 0.510613
v -0.292869 0.256508 0.508024
v -0.292243 0.255876 0.505012
v -0.292325 0.255914 0.501873
v -0.293108 0.256616 0.498913
v -0.294513 0.257915 0.496424
v -0.296405 0.259684 0.494647
v -0.298598 0.261749 0.493758
v -0.300877 0.263908 0.493843
v -0.303019 0.265950 0.494894
v -0.304814 0.267675 0.496808
v -0.295172 0.280440 0.499249
v -0.295798 0.281072 0.502260
v -0.295716 0.281035 0.505399
v -0.294933 0.280332 0.508359
v -0.293528 0.279033 0.510848
v -0.291636 0.277264 0.512625
v -0.289443 0.275199 0.513514
v -0.287164 0.273040 0.513429
v -0.285023 0.270998 0.512378
v -0.283227 0.269273 0.510464
v -0.281954 0.268034 0.507874
v -0.281328 0.267402 0.504863
v -0.281410 0.267439 0.501723
v -0.282192 0.268141 0.498764
v -0.283598 0.269440 0.496275
v -0.285490 0.271209 0.494498
v -0.287683 0.273274 0.493609
v -0.289961 0.275433 0.493694
v -0.292103 0.277475 0.494745
v -0.293899 0.279200 0.496659
v -0.293331 0.278712 0.500450
v -0.293783 0.279168 0.502623
v -0.293723 0.279141 0.504888
v -0.293159 0.278634 0.507023
v -0.292145 0.277697 0.508819
v -0.290780 0.276421 0.510100
v -0.289198 0.274931 0.510742
v -0.287554 0.273373 0.510680
v -0.286009 0.271900 0.509922
v -0.284714 0.270656 0.508541
v -0.283795 0.269761 0.506673
v -0.283343 0.269305 0.504500
v -0.283403 0.269332 0.502235
v -0.283967 0.269839 0.500100
v -0.284981 0.270776 0.498304
v -0.286346 0.272052 0.497023
v -0.287928 0.273542 0.496381
v -0.289572 0.275100 0.496442
v -0.291117 0.276573 0.497201
v -0.292413 0.277818 0.498581
v -0.285604 0.271088 0.494500
v -0.283713 0.269320 0.496276
v -0.282307 0.268020 0.498766
v -0.281524 0.267318 0.501725
v -0.281442 0.267281 0.504864
v -0.285137 0.270877 0.512379
v -0.287279 0.272919 0.513430
v -0.289558 0.275079 0.513515
v -0.291750 0.277144 0.512626
v -0.293642 0.278912 0.510850
v -0.295048 0.280212 0.508360
v -0.295830 0.280914 0.505401
v -0.295912 0.280951 0.502262
v -0.295286 0.280319 0.499250
v -0.294013 0.279080 0.496660
v -0.292218 0.277355 0.494746
v -0.290076 0.275313 0.493696
v -0.287797 0.273153 0.493611
v -0.296289 0.259806 0.494646
v -0.294397 0.258038 0.496422
v -0.292209 0.256036 0.501871
v -0.292753 0.256631 0.508022
v -0.294026 0.257870 0.510612
v -0.295822 0.259595 0.512526
v -0.297964 0.261638 0.513577
v -0.300242 0.263797 0.513662
v -0.302435 0.265862 0.512773
v -0.304327 0.267631 0.510996
v -0.306515 0.269632 0.505547
v -0.306597 0.269669 0.502408
v -0.306087 0.268915 0.499398
v -0.302902 0.266073 0.494893
v -0.300761 0.264031 0.493842
v -0.298482 0.261871 0.493757
v -0.290242 0.266191 0.494563
v -0.288350 0.264422 0.496339
v -0.286945 0.263123 0.498829
v -0.286162 0.262421 0.501788
v -0.286080 0.262384 0.504928
v -0.286706 0.263016 0.507939
v -0.287980 0.264255 0.510529
v -0.289775 0.265980 0.512443
v -0.291917 0.268022 0.513494
v -0.294195 0.270182 0.513579
v -0.296388 0.272247 0.512690
v -0.298280 0.274015 0.510913
v -0.299686 0.275314 0.508424
v -0.300468 0.276017 0.505465
v -0.300550 0.276054 0.502325
v -0.299924 0.275422 0.499314
v -0.298651 0.274183 0.496724
v -0.296855 0.272458 0.494810
v -0.294714 0.270415 0.493759
v -0.292435 0.268256 0.493674
v -0.286759 0.269869 0.494515
v -0.284868 0.268100 0.496292
v -0.283462 0.266801 0.498781
v -0.282680 0.266098 0.501741
v -0.282597 0.266061 0.504880
v -0.283224 0.266693 0.507892
v -0.284497 0.267932 0.510481
v -0.286292 0.269658 0.512395
v -0.288434 0.271700 0.513446
v -0.290713 0.273859 0.513531
v -0.292905 0.275924 0.512642
v -0.294797 0.277693 0.510866
v -0.296203 0.278992 0.508376
v -0.296985 0.279694 0.505417
v -0.297067 0.279732 0.502278
v -0.296441 0.279100 0.499266
v -0.295168 0.277860 0.496676
v -0.293373 0.276135 0.494762
v -0.291231 0.274093 0.493711
v -0.288952 0.271934 0.493626
v -0.282228 0.268175 0.498791
v -0.281991 0.268068 0.507850
v -0.283257 0.269300 0.510426
v -0.285042 0.271016 0.512329
v -0.287172 0.273047 0.513374
v -0.289438 0.275194 0.513459
v -0.291619 0.277248 0.512575
v -0.293500 0.279007 0.510808
v -0.294898 0.280299 0.508332
v -0.295676 0.280997 0.505389
v -0.295135 0.280405 0.499272
v -0.293869 0.279173 0.496697
v -0.292084 0.277457 0.494794
v -0.289954 0.275427 0.493749
v -0.287688 0.273279 0.493664
v -0.292284 0.255915 0.505005
v -0.292906 0.256543 0.507999
v -0.294172 0.257776 0.510575
v -0.295958 0.259491 0.512478
v -0.298088 0.261522 0.513523
v -0.300354 0.263669 0.513608
v -0.302534 0.265722 0.512723
v -0.305813 0.268773 0.508481
v -0.304784 0.267648 0.496847
v -0.302999 0.265932 0.494944
v -0.300869 0.263901 0.493899
v -0.298603 0.261754 0.493814
v -0.296422 0.259701 0.494698
v -0.294541 0.257942 0.496465
v -0.292365 0.255952 0.501883
v -0.293001 0.256592 0.504876
v -0.293562 0.257158 0.507572
v -0.294701 0.258268 0.509890
v -0.296309 0.259812 0.511604
v -0.298226 0.261640 0.512545
v -0.300266 0.263573 0.512621
v -0.303923 0.267006 0.510234
v -0.305181 0.268169 0.508006
v -0.305882 0.268798 0.505356
v -0.305955 0.268831 0.502546
v -0.305395 0.268265 0.499850
v -0.304255 0.267155 0.497531
v -0.302648 0.265611 0.495818
v -0.300730 0.263783 0.494877
v -0.298690 0.261850 0.494801
v -0.296727 0.260001 0.495597
v -0.295033 0.258418 0.497187
v -0.293425 0.256940 0.500741
v -0.286167 0.271733 0.509924
v -0.284872 0.270489 0.508543
v -0.283953 0.269595 0.506675
v -0.283501 0.269139 0.504502
v -0.283561 0.269165 0.502238
v -0.284125 0.269672 0.500102
v -0.285139 0.270609 0.498306
v -0.286504 0.271885 0.497025
v -0.288086 0.273375 0.496383
v -0.289730 0.274933 0.496445
v -0.291275 0.276406 0.497203
v -0.292570 0.277651 0.498584
v -0.293941 0.279001 0.502625
v -0.293881 0.278974 0.504890
v -0.293317 0.278468 0.507025
v -0.292303 0.277530 0.508821
v -0.290938 0.276254 0.510102
v -0.289356 0.274764 0.510744
v -0.287712 0.273207 0.510683
v -0.296499 0.260823 0.510066
v -0.295204 0.259579 0.508685
v -0.294286 0.258685 0.506817
v -0.293834 0.258229 0.504644
v -0.293893 0.258255 0.502379
v -0.294458 0.258762 0.500244
v -0.295472 0.259699 0.498448
v -0.296837 0.260976 0.497166
v -0.298419 0.262465 0.496525
v -0.300063 0.264023 0.496586
v -0.301608 0.265496 0.497344
v -0.302903 0.266741 0.498725
v -0.303822 0.267635 0.500593
v -0.304273 0.268091 0.502766
v -0.304214 0.268064 0.505031
v -0.303650 0.267558 0.507166
v -0.302635 0.266620 0.508962
v -0.301271 0.265344 0.510244
v -0.299689 0.263855 0.510885
v -0.291352 0.276788 0.496616
v -0.285397 0.271155 0.497121
v -0.283545 0.269435 0.499782
v -0.282928 0.268881 0.502114
v -0.283357 0.269350 0.506959
v -0.284360 0.270326 0.508999
v -0.285774 0.271685 0.510507
v -0.287461 0.273294 0.511334
v -0.289256 0.274995 0.511402
v -0.292474 0.278015 0.509302
v -0.293581 0.279038 0.507340
v -0.294262 0.279621 0.502536
v -0.293769 0.279123 0.500164
v -0.292766 0.278147 0.498124
v -0.273597 0.341697 0.530959
v -0.277738 0.342282 0.527753
v -0.282280 0.341419 0.525226
v -0.286780 0.339194 0.523625
v -0.290797 0.335823 0.523107
v -0.293937 0.331637 0.523723
v -0.295894 0.327045 0.525412
v -0.296475 0.322497 0.528010
v -0.295625 0.318439 0.531261
v -0.293425 0.315267 0.534847
v -0.290092 0.313291 0.538418
v -0.285951 0.312706 0.541624
v -0.281408 0.313569 0.544152
v -0.276909 0.315795 0.545752
v -0.272892 0.319165 0.546270
v -0.269751 0.323352 0.545654
v -0.267795 0.327943 0.543965
v -0.267213 0.332491 0.541368
v -0.268064 0.336550 0.538117
v -0.258683 0.351949 0.534372
v -0.265350 0.355900 0.527230
v -0.273631 0.357070 0.520817
v -0.282716 0.355345 0.515763
v -0.291716 0.350893 0.512561
v -0.299749 0.344151 0.511526
v -0.306030 0.335779 0.512757
v -0.309944 0.326596 0.516136
v -0.311106 0.317500 0.521330
v -0.309405 0.309383 0.527832
v -0.305005 0.303039 0.535006
v -0.298339 0.299089 0.542148
v -0.290058 0.297919 0.548560
v -0.280973 0.299644 0.553614
v -0.271973 0.304095 0.556816
v -0.263939 0.310837 0.557852
v -0.257658 0.319209 0.556620
v -0.253745 0.328392 0.553242
v -0.252582 0.337488 0.548047
v -0.254284 0.345605 0.541545
v -0.282336 0.365480 0.533594
v -0.291421 0.363755 0.528540
v -0.300421 0.359303 0.525338
v -0.308455 0.352562 0.524303
v -0.314735 0.344189 0.525534
v -0.318649 0.335006 0.528913
v -0.319812 0.325911 0.534107
v -0.318110 0.317793 0.540609
v -0.313710 0.311449 0.547783
v -0.307044 0.307499 0.554925
v -0.298763 0.306329 0.561337
v -0.289678 0.308054 0.566391
v -0.280678 0.312505 0.569593
v -0.272644 0.319247 0.570629
v -0.266364 0.327619 0.569397
v -0.262450 0.336802 0.566019
v -0.261287 0.345898 0.560824
v -0.262989 0.354015 0.554322
v -0.267388 0.360359 0.547149
v -0.284695 0.345986 0.544818
v -0.287634 0.346402 0.542542
v -0.290859 0.345790 0.540748
v -0.294053 0.344209 0.539612
v -0.296905 0.341817 0.539244
v -0.299134 0.338845 0.539681
v -0.300523 0.335585 0.540881
v -0.300936 0.332357 0.542724
v -0.300332 0.329476 0.545032
v -0.298770 0.327224 0.547578
v -0.296404 0.325822 0.550113
v -0.293465 0.325407 0.552389
v -0.290240 0.326019 0.554183
v -0.287046 0.327599 0.555320
v -0.284194 0.329992 0.555687
v -0.281965 0.332963 0.555250
v -0.280576 0.336223 0.554051
v -0.280163 0.339451 0.552207
v -0.280767 0.342332 0.549899
v -0.282329 0.344584 0.547353
v -0.281844 0.327494 0.534689
v -0.300660 0.345673 0.562306
v -0.262875 0.353905 0.554155
v -0.261211 0.345824 0.560712
v -0.262336 0.336692 0.565851
v -0.266249 0.327509 0.569230
v -0.272530 0.319137 0.570461
v -0.280564 0.312395 0.569426
v -0.289563 0.307943 0.566224
v -0.298649 0.306218 0.561170
v -0.306930 0.307388 0.554757
v -0.313503 0.311249 0.547478
v -0.317996 0.317683 0.540442
v -0.319697 0.325800 0.533940
v -0.318534 0.334896 0.528745
v -0.314621 0.344079 0.525367
v -0.308340 0.352451 0.524135
v -0.300307 0.359193 0.525171
v -0.291258 0.363597 0.528301
v -0.282222 0.365369 0.533427
v -0.267274 0.360249 0.546981
v -0.261486 0.352563 0.552116
v -0.259785 0.344446 0.558618
v -0.260947 0.335351 0.563813
v -0.264861 0.326167 0.567191
v -0.271142 0.317795 0.568423
v -0.279175 0.311053 0.567387
v -0.288175 0.306602 0.564186
v -0.318308 0.324459 0.531901
v -0.317146 0.333554 0.526707
v -0.313232 0.342737 0.523328
v -0.306952 0.351110 0.522097
v -0.298918 0.357851 0.523133
v -0.289918 0.362303 0.526334
v -0.280833 0.364028 0.531389
v -0.272552 0.362858 0.537801
v -0.265886 0.358907 0.544943
v -0.262461 0.353505 0.553547
v -0.260632 0.345265 0.559863
v -0.261795 0.336170 0.565057
v -0.265709 0.326986 0.568436
v -0.271990 0.318614 0.569668
v -0.280023 0.311872 0.568632
v -0.289023 0.307421 0.565430
v -0.298019 0.305610 0.560245
v -0.306466 0.306940 0.554077
v -0.313178 0.310935 0.547001
v -0.317465 0.317171 0.539664
v -0.319156 0.325278 0.533146
v -0.317994 0.334373 0.527951
v -0.314080 0.343557 0.524573
v -0.307800 0.351929 0.523341
v -0.299766 0.358671 0.524377
v -0.290766 0.363122 0.527579
v -0.281681 0.364847 0.532633
v -0.273400 0.363677 0.539045
v -0.266733 0.359726 0.546188
v -0.258737 0.349907 0.548081
v -0.257035 0.341790 0.554583
v -0.262112 0.323511 0.563156
v -0.268392 0.315139 0.564388
v -0.276426 0.308397 0.563352
v -0.285426 0.303946 0.560151
v -0.294511 0.302221 0.555096
v -0.302792 0.303391 0.548684
v -0.309459 0.307341 0.541542
v -0.315559 0.321803 0.527866
v -0.314397 0.330898 0.522672
v -0.310483 0.340081 0.519293
v -0.304203 0.348454 0.518062
v -0.296169 0.355195 0.519098
v -0.287169 0.359647 0.522299
v -0.278084 0.361372 0.527353
v -0.269803 0.360202 0.533766
v -0.263136 0.356251 0.540908
v -0.262137 0.336500 0.565559
v -0.266051 0.327317 0.568938
v -0.272331 0.318944 0.570169
v -0.280365 0.312203 0.569134
v -0.289365 0.307751 0.565932
v -0.298450 0.306026 0.560878
v -0.306731 0.307196 0.554466
v -0.317797 0.317491 0.540150
v -0.319499 0.325608 0.533648
v -0.318336 0.334704 0.528453
v -0.314422 0.343887 0.525075
v -0.308141 0.352259 0.523843
v -0.300108 0.359001 0.524879
v -0.282023 0.365177 0.533135
v -0.273742 0.364007 0.539547
v -0.267075 0.360057 0.546689
v -0.281643 0.336189 0.553346
v -0.282883 0.333278 0.554417
v -0.284874 0.330624 0.554808
v -0.287421 0.328487 0.554479
v -0.290273 0.327077 0.553464
v -0.293153 0.326530 0.551862
v -0.295778 0.326901 0.549830
v -0.297891 0.328153 0.547566
v -0.299285 0.330164 0.545292
v -0.299824 0.332737 0.543232
v -0.299456 0.335619 0.541585
v -0.298216 0.338530 0.540514
v -0.296225 0.341184 0.540124
v -0.293678 0.343321 0.540452
v -0.290826 0.344732 0.541467
v -0.287946 0.345279 0.543069
v -0.285321 0.344908 0.545101
v -0.283208 0.343656 0.547365
v -0.281814 0.341645 0.549639
v -0.281274 0.339072 0.551700
v -0.281680 0.327653 0.558940
v -0.285659 0.324313 0.558427
v -0.290118 0.322108 0.556841
v -0.294618 0.321254 0.554337
v -0.298720 0.321833 0.551161
v -0.302022 0.323790 0.547623
v -0.304202 0.326933 0.544069
v -0.305045 0.330954 0.540848
v -0.304469 0.335459 0.538275
v -0.302530 0.340008 0.536602
v -0.299419 0.344155 0.535992
v -0.295439 0.347495 0.536505
v -0.290981 0.349700 0.538091
v -0.286481 0.350555 0.540594
v -0.274055 0.364310 0.540007
v -0.279076 0.348018 0.547309
v -0.276897 0.344876 0.550862
v -0.276054 0.340855 0.554083
v -0.276630 0.336349 0.556656
v -0.278569 0.331800 0.558330
v 0.275614 0.276784 0.446192
v 0.275667 0.286449 0.439366
v 0.272366 0.296495 0.434059
v 0.266033 0.305940 0.430789
v 0.257288 0.313859 0.429878
v 0.246989 0.319476 0.431413
v 0.236141 0.322243 0.435246
v 0.225808 0.321887 0.441000
v 0.217002 0.318444 0.448113
v 0.210583 0.312251 0.455887
v 0.207180 0.303914 0.463563
v 0.207127 0.294249 0.470389
v 0.210429 0.284202 0.475696
v 0.216762 0.274757 0.478966
v 0.225506 0.266838 0.479877
v 0.235806 0.261221 0.478341
v 0.246654 0.258455 0.474509
v 0.256986 0.258810 0.468755
v 0.265793 0.262254 0.461642
v 0.272212 0.268447 0.453868
v 0.288825 0.271547 0.442838
v 0.288898 0.284943 0.433377
v 0.284322 0.298869 0.426021
v 0.275544 0.311960 0.421489
v 0.263424 0.322936 0.420226
v 0.249147 0.330722 0.422354
v 0.234112 0.334556 0.427666
v 0.219790 0.334063 0.435642
v 0.207583 0.329291 0.445501
v 0.198686 0.320707 0.456277
v 0.193970 0.309151 0.466917
v 0.193896 0.295754 0.476377
v 0.198472 0.281829 0.483734
v 0.207250 0.268737 0.488265
v 0.219371 0.257761 0.489529
v 0.233648 0.249975 0.487401
v 0.248683 0.246141 0.482088
v 0.263005 0.246634 0.474113
v 0.275212 0.251407 0.464254
v 0.284109 0.259991 0.453478
v 0.312790 0.303189 0.487830
v 0.312863 0.316586 0.478369
v 0.308287 0.330511 0.471012
v 0.299509 0.343603 0.466481
v 0.287389 0.354579 0.465217
v 0.273112 0.362365 0.467346
v 0.258077 0.366199 0.472658
v 0.243755 0.365706 0.480633
v 0.231548 0.360933 0.490492
v 0.222651 0.352349 0.501268
v 0.217935 0.340794 0.511908
v 0.217861 0.327397 0.521369
v 0.222437 0.313472 0.528725
v 0.231215 0.300380 0.533257
v 0.243336 0.289404 0.534520
v 0.257612 0.281618 0.532392
v 0.272648 0.277784 0.527080
v 0.286970 0.278277 0.519104
v 0.299177 0.283049 0.509245
v 0.308074 0.291634 0.498469
v 0.299579 0.308427 0.491183
v 0.299632 0.318092 0.484357
v 0.296331 0.328138 0.479050
v 0.289998 0.337583 0.475781
v 0.281254 0.345502 0.474869
v 0.270954 0.351119 0.476405
v 0.260106 0.353885 0.480237
v 0.249774 0.353530 0.485991
v 0.240967 0.350087 0.493104
v 0.234548 0.343893 0.500879
v 0.231145 0.335556 0.508555
v 0.231092 0.325891 0.515380
v 0.234394 0.315845 0.520687
v 0.240727 0.306400 0.523957
v 0.249471 0.298481 0.524868
v 0.259771 0.292864 0.523333
v 0.270619 0.290097 0.519500
v 0.280951 0.290453 0.513746
v 0.289758 0.293896 0.506634
v 0.296177 0.300089 0.498859
v 0.257362 0.281287 0.531921
v 0.243085 0.289073 0.534049
v 0.230965 0.300049 0.532786
v 0.222187 0.313140 0.528254
v 0.217610 0.327066 0.520898
v 0.217684 0.340462 0.511437
v 0.222400 0.352018 0.500798
v 0.231297 0.360602 0.490021
v 0.243504 0.365375 0.480163
v 0.257826 0.365868 0.472187
v 0.272861 0.362034 0.466875
v 0.308036 0.330180 0.470541
v 0.312613 0.316254 0.477898
v 0.312539 0.302858 0.487359
v 0.307823 0.291302 0.497998
v 0.298926 0.282718 0.508775
v 0.286719 0.277946 0.518633
v 0.272397 0.277453 0.526609
v 0.233902 0.250312 0.487879
v 0.219626 0.258098 0.490008
v 0.198727 0.282165 0.484212
v 0.194151 0.296091 0.476856
v 0.194225 0.309487 0.467395
v 0.220045 0.334400 0.436121
v 0.234367 0.334893 0.428145
v 0.263679 0.323273 0.420704
v 0.275799 0.312297 0.421968
v 0.284577 0.299205 0.426500
v 0.289153 0.285280 0.433856
v 0.289080 0.271883 0.443317
v 0.284364 0.260327 0.453956
v 0.263260 0.246971 0.474591
v 0.248938 0.246478 0.482567
v 0.247179 0.267841 0.512804
v 0.232902 0.275627 0.514932
v 0.220782 0.286604 0.513669
v 0.212004 0.299695 0.509137
v 0.207427 0.313621 0.501781
v 0.207501 0.327017 0.492320
v 0.212217 0.338573 0.481680
v 0.221114 0.347157 0.470904
v 0.233321 0.351929 0.461045
v 0.247643 0.352423 0.453070
v 0.262678 0.348588 0.447757
v 0.276955 0.340802 0.445629
v 0.289075 0.329826 0.446892
v 0.297854 0.316735 0.451424
v 0.302430 0.302809 0.458781
v 0.302356 0.289413 0.468242
v 0.297640 0.277857 0.478881
v 0.288743 0.269273 0.489657
v 0.276536 0.264500 0.499516
v 0.262214 0.264007 0.507492
v 0.254826 0.277938 0.527160
v 0.240549 0.285724 0.529289
v 0.228428 0.296700 0.528025
v 0.219651 0.309792 0.523493
v 0.215074 0.323717 0.516137
v 0.215148 0.337114 0.506676
v 0.219864 0.348670 0.496037
v 0.228761 0.357254 0.485260
v 0.240968 0.362026 0.475402
v 0.255290 0.362520 0.467426
v 0.270325 0.358685 0.462114
v 0.284602 0.350899 0.459985
v 0.296723 0.339923 0.461249
v 0.305501 0.326832 0.465780
v 0.310077 0.312906 0.473137
v 0.310003 0.299510 0.482598
v 0.305287 0.287954 0.493237
v 0.296390 0.279370 0.504014
v 0.284183 0.274597 0.513872
v 0.269861 0.274104 0.521848
v 0.243458 0.289585 0.534328
v 0.231404 0.300500 0.533072
v 0.222675 0.313519 0.528565
v 0.218124 0.327367 0.521250
v 0.218197 0.340689 0.511841
v 0.222887 0.352181 0.501261
v 0.231735 0.360718 0.490544
v 0.243874 0.365464 0.480740
v 0.258117 0.365954 0.472808
v 0.273069 0.362141 0.467526
v 0.287267 0.354398 0.465409
v 0.299320 0.343483 0.466666
v 0.308050 0.330464 0.471172
v 0.312601 0.316616 0.478488
v 0.312527 0.303293 0.487896
v 0.307837 0.291802 0.498477
v 0.298990 0.283265 0.509194
v 0.286850 0.278519 0.518998
v 0.272607 0.278028 0.526929
v 0.257655 0.281841 0.532212
v 0.194162 0.295724 0.476257
v 0.198925 0.320537 0.456269
v 0.207772 0.329073 0.445553
v 0.219911 0.333818 0.435750
v 0.234153 0.334309 0.427819
v 0.249104 0.330496 0.422536
v 0.263300 0.322754 0.420420
v 0.275353 0.311839 0.421676
v 0.284082 0.298821 0.426182
v 0.288633 0.284973 0.433498
v 0.288559 0.271652 0.442906
v 0.283870 0.260161 0.453486
v 0.275023 0.251624 0.464202
v 0.262884 0.246879 0.474005
v 0.248642 0.246388 0.481936
v 0.233691 0.250201 0.487219
v 0.198713 0.281877 0.483572
v 0.198872 0.295188 0.474125
v 0.198938 0.307181 0.465655
v 0.203160 0.317527 0.456131
v 0.211125 0.325212 0.446483
v 0.222053 0.329484 0.437657
v 0.234875 0.329926 0.430517
v 0.248335 0.326493 0.425761
v 0.261117 0.319523 0.423856
v 0.271968 0.309696 0.424987
v 0.279826 0.297976 0.429044
v 0.283923 0.285509 0.435629
v 0.283857 0.273516 0.444099
v 0.279635 0.263171 0.453624
v 0.271670 0.255486 0.463272
v 0.260742 0.251213 0.472098
v 0.247920 0.250772 0.479238
v 0.234459 0.254204 0.483994
v 0.221678 0.261175 0.485899
v 0.210827 0.271001 0.484768
v 0.202969 0.282721 0.480711
vn -0.7982 0.6003 0.0495
vn -0.7811 0.6020 -0.1657
vn 0.5899 0.8020 0.0940
vn -0.5820 0.6095 -0.5383
vn 0.5088 0.8031 0.3102
vn -0.7073 0.6052 -0.3654
vn -0.2047 0.6317 -0.7477
vn 0.2000 0.7323 0.6509
vn -0.4108 0.6169 -0.6713
vn 0.3882 0.7442 -0.5436
vn -0.7916 0.5273 0.3087
vn 0.2216 0.6971 -0.6819
vn 0.1733 0.7918 0.5857
vn -0.6224 0.5374 -0.5690
vn 0.3378 0.8294 0.4449
vn -0.2513 0.6869 0.6820
vn -0.4375 0.5350 -0.7228
vn -0.0291 0.7408 0.6711
vn -0.4648 0.6424 0.6093
vn 0.4661 0.6610 -0.5880
vn -0.6389 0.6147 0.4625
vn -0.7522 0.6027 0.2663
vn 0.9682 0.1817 0.1719
vn -0.2533 0.6059 0.7541
vn -0.4810 0.5576 0.6766
vn -0.1836 0.0255 0.9827
vn -0.7540 0.5385 -0.3762
vn -0.9682 -0.1817 -0.1718
vn -0.8293 0.5361 -0.1580
vn 0.5779 0.7256 -0.3734
vn 0.7124 0.0851 -0.6966
vn -0.1836 0.0256 0.9827
vn -0.2815 -0.5984 0.7501
vn -0.0446 -0.5557 0.8302
vn 0.4810 -0.5576 -0.6766
vn 0.2533 -0.6059 -0.7542
vn 0.1836 -0.0255 -0.9827
vn -0.9760 -0.1645 0.1428
vn -0.8440 0.5311 0.0751
vn 0.3777 0.7791 0.5004
vn 0.6224 -0.5374 0.5690
vn 0.6160 0.7754 -0.1384
vn 0.8440 -0.5311 -0.0751
vn -0.5088 -0.8030 -0.3102
vn -0.5900 -0.8019 -0.0939
vn -0.8873 -0.1311 0.4423
vn -0.4662 -0.6609 0.5881
vn -0.7124 -0.0850 0.6966
vn 0.7540 -0.5385 0.3762
vn 0.8292 -0.5361 0.1580
vn 0.8873 0.1311 -0.4423
vn -0.6161 -0.7754 0.1384
vn -0.4702 -0.0311 0.8820
vn 0.7916 -0.5273 -0.3087
vn 0.4702 0.0311 -0.8820
vn 0.6680 -0.5328 -0.5195
vn -0.3777 -0.7791 -0.5004
vn 0.5820 -0.6095 0.5383
vn 0.7073 -0.6052 0.3654
vn 0.6389 -0.6148 -0.4624
vn 0.4375 -0.5350 0.7228
vn 0.2075 -0.5375 0.8173
vn -0.1733 -0.7918 -0.5857
vn -0.6680 0.5328 0.5195
vn 0.6009 0.0593 -0.7971
vn 0.4648 -0.6424 -0.6093
vn -0.3303 -0.0027 0.9439
vn -0.0153 -0.6581 0.7527
vn -0.2215 -0.6970 0.6820
vn 0.2513 -0.6869 -0.6820
vn 0.0291 -0.7408 -0.6711
vn 0.1631 -0.2735 -0.9479
vn 0.0533 0.1819 -0.9819
vn 0.1426 -0.0394 -0.9890
vn -0.5830 0.6049 -0.5424
vn -0.4177 0.5804 -0.6991
vn -0.2477 0.5002 -0.8297
vn -0.6766 -0.1623 -0.7183
vn -0.9788 -0.1684 0.1165
vn -0.9932 0.0811 0.0831
vn -0.9112 -0.4056 0.0727
vn -0.8000 -0.5993 -0.0279
vn -0.3286 -0.8245 -0.4607
vn -0.4983 -0.8103 -0.3085
vn -0.6585 -0.7352 -0.1608
vn -0.7159 -0.0832 0.6932
vn -0.1427 0.0394 0.9890
vn -0.1092 0.4906 0.8645
vn -0.1631 0.2735 0.9479
vn -0.0062 -0.6635 -0.7481
vn -0.1595 -0.7762 -0.6100
vn 0.1091 -0.4906 -0.8645
vn -0.0847 0.3660 -0.9267
vn -0.7347 0.5702 -0.3676
vn 0.6773 0.1606 0.7179
vn 0.6777 0.1609 0.7175
vn 0.6766 0.1624 0.7183
vn 0.6779 0.1614 0.7172
vn 0.6780 0.1619 0.7170
vn 0.6780 0.1625 0.7169
vn 0.6778 0.1631 0.7169
vn 0.6776 0.1636 0.7171
vn 0.6772 0.1639 0.7173
vn 0.6767 0.1642 0.7177
vn 0.6762 0.1643 0.7182
vn 0.6758 0.1641 0.7186
vn 0.6755 0.1638 0.7190
vn 0.6752 0.1633 0.7193
vn 0.6751 0.1628 0.7195
vn 0.1332 0.0829 0.9876
vn 0.2005 -0.0831 0.9762
vn 0.3017 -0.2168 0.9284
vn 0.6760 0.1607 0.7192
vn 0.6764 0.1605 0.7188
vn 0.6769 0.1604 0.7184
vn 0.2093 -0.0178 -0.9777
vn 0.1260 0.2292 -0.9652
vn -0.3503 -0.1173 -0.9293
vn 0.2277 -0.2757 -0.9339
vn -0.2609 -0.8927 -0.3673
vn -0.0844 -0.8365 -0.5414
vn -0.4760 -0.4981 -0.7247
vn -0.8983 -0.4063 0.1673
vn -0.7788 -0.6212 0.0872
vn -0.8652 -0.2978 -0.4034
vn 0.4622 -0.2570 0.8487
vn 0.7011 0.0815 0.7084
vn 0.3690 -0.1639 0.9149
vn 0.9179 0.3968 0.0007
vn 0.7113 0.1664 0.6829
vn 0.9840 0.1748 -0.0357
vn 0.9567 -0.1868 0.2233
vn 0.9886 -0.0134 0.1500
vn 0.7801 -0.4739 -0.4085
vn 0.2269 -0.2850 0.9313
vn 0.3658 -0.3959 0.8423
vn -0.3668 -0.6100 0.7024
vn 0.8282 0.4464 0.3389
vn 0.8828 0.4131 -0.2235
vn 0.8982 0.3201 0.3012
vn 0.2963 0.5172 0.8030
vn 0.2266 0.3998 0.8881
vn -0.1462 0.7224 0.6758
vn 0.2593 -0.0558 0.9642
vn 0.3453 -0.1841 0.9202
vn -0.1056 0.4364 -0.8935
vn 0.2815 0.8443 -0.4560
vn 0.6141 0.7507 -0.2435
vn -0.3163 0.6775 0.6640
vn 0.1630 -0.2735 -0.9479
vn 0.6822 -0.5054 -0.5284
vn -0.5500 -0.7963 0.2519
vn 0.9304 0.1760 0.3216
vn -0.0558 -0.9613 0.2698
vn -0.0762 0.3887 0.9182
vn -0.9790 -0.1902 0.0736
vn -0.4789 -0.6439 0.5967
vn -0.3891 0.9069 0.1616
vn -0.1755 0.9828 -0.0568
vn 0.4789 0.6439 -0.5967
vn 0.7343 -0.2215 -0.6416
vn 0.1755 -0.9828 0.0568
vn -0.2815 -0.8443 0.4560
vn -0.3567 0.6867 -0.6335
vn 0.6284 0.3813 -0.6781
vn 0.8106 0.5788 0.0889
vn 0.7268 0.4026 -0.5565
vn 0.0171 0.2690 0.9630
vn 0.0343 0.0647 0.9973
vn -0.6188 0.2442 0.7466
vn 0.4348 0.7298 0.5275
vn 0.1611 0.9750 -0.1532
vn 0.5797 0.7091 0.4014
vn 0.7156 0.6367 0.2873
vn 0.5790 0.6620 -0.4760
vn 0.8336 0.5168 0.1948
vn 0.9239 0.3577 0.1357
vn 0.8134 0.1081 -0.5716
vn 0.9773 0.1745 0.1199
vn 0.5111 -0.4565 0.7283
vn -0.1719 -0.8080 0.5636
vn -0.1029 0.2728 0.9565
vn -0.0516 0.4798 0.8758
vn -0.5674 0.5243 0.6350
vn 0.2019 0.7495 0.6304
vn 0.3614 0.7944 0.4882
vn 0.6751 0.7076 0.2087
vn 0.7798 -0.4228 0.4618
vn 0.8706 -0.4276 0.2432
vn 0.7481 -0.5242 0.4069
vn 0.4458 -0.5388 0.7148
vn 0.2849 -0.4639 0.8388
vn -0.2776 0.0100 0.9606
vn 0.6418 0.1874 0.7436
vn 0.1954 0.2538 0.9473
vn 0.6565 0.2074 0.7253
vn 0.3942 0.5934 0.7018
vn -0.9841 0.0976 0.1483
vn -0.9692 -0.1579 0.1891
vn -0.9065 -0.0647 -0.4172
vn -0.8460 0.5240 -0.0984
vn -0.9416 0.3331 0.0486
vn -0.8861 0.0451 -0.4612
vn -0.0079 0.4397 -0.8981
vn 0.7350 0.6353 0.2370
vn 0.5281 -0.0642 0.8467
vn -0.7376 0.0149 0.6751
vn 0.5753 0.6815 0.4523
vn 0.7159 0.0832 -0.6932
vn -0.6284 -0.3813 0.6781
vn 0.5637 -0.7418 -0.3633
vn 0.6822 -0.5053 -0.5284
vn 0.8621 -0.4707 0.1878
vn 0.5830 -0.6049 0.5424
vn 0.4177 -0.5804 0.6991
vn -0.6822 0.5054 0.5284
vn -0.9523 0.3039 -0.0267
vn 0.4983 0.8103 0.3085
vn 0.6585 0.7352 0.1607
vn 0.9112 0.4056 -0.0727
vn 0.6327 0.7350 -0.2439
vn 0.9523 -0.3040 0.0266
vn 0.7346 -0.5702 0.3676
vn 0.6641 -0.7083 -0.2392
vn -0.9163 -0.2138 -0.3388
vn 0.3933 -0.6634 0.6366
vn 0.0012 -0.7444 0.6677
vn -0.5637 0.7418 0.3633
vn -0.1745 0.5957 -0.7840
vn 0.1775 -0.5145 -0.8389
vn -0.6914 0.2272 -0.6858
vn -0.7072 0.6516 -0.2743
vn -0.6807 0.6925 -0.2389
vn -0.5171 0.1742 -0.8380
vn -0.6031 0.2188 -0.7670
vn -0.6229 -0.7813 -0.0387
vn -0.7549 -0.6399 0.1436
vn -0.9499 -0.1515 0.2735
vn -0.8402 0.1359 -0.5250
vn -0.8239 0.5649 -0.0451
vn -0.8777 -0.4150 0.2396
vn -0.8879 0.0398 -0.4583
vn 0.1858 0.2318 -0.9549
vn 0.2697 -0.0163 -0.9628
vn -0.9066 -0.0658 -0.4169
vn 0.5689 -0.3095 0.7619
vn 0.6352 0.0626 0.7698
vn 0.5544 -0.3412 0.7591
vn 0.2430 0.3949 0.8860
vn 0.6049 0.2460 0.7573
vn 0.5603 0.1829 0.8078
vn 0.7267 0.4026 -0.5566
vn 0.6521 -0.4658 0.5982
vn -0.5143 -0.3505 0.7827
vn -0.5143 -0.3506 0.7827
vn 0.1604 0.6037 0.7809
vn 0.2906 0.6955 0.6571
vn -0.0558 -0.9613 0.2699
vn -0.4454 -0.8738 -0.1952
vn -0.7343 0.2215 0.6416
vn -0.6823 0.5054 0.5283
vn 0.9932 -0.0811 -0.0831
vn -0.6911 -0.4915 -0.5299
vn -0.5511 -0.7574 -0.3502
vn -0.4281 -0.4835 -0.7635
vn -0.5791 -0.5834 -0.5694
vn -0.2559 -0.1758 -0.9506
vn 0.0440 -0.0495 -0.9978
vn -0.7319 0.2877 -0.6177
vn -0.6585 -0.7352 -0.1607
vn -0.1630 0.2735 0.9480
vn -0.1091 0.4906 0.8645
vn -0.6822 0.5053 0.5284
vn 0.3286 0.8245 0.4607
vn 0.6585 0.7352 0.1608
vn 0.8000 0.5993 0.0279
vn 0.9523 -0.3039 0.0267
vn 0.0847 -0.3661 0.9267
vn -0.0533 -0.1819 0.9819
vn 0.0558 0.9613 -0.2698
vn 0.9788 0.1684 -0.1165
vn 0.2477 -0.5002 0.8297
vn -0.4982 -0.8103 -0.3085
vn -0.3124 -0.0420 -0.9490
vn -0.7983 0.6003 0.0496
vn 0.5900 0.8020 0.0939
vn -0.0165 0.6698 0.7423
vn 0.0153 0.6581 -0.7527
vn 0.3883 0.7442 -0.5435
vn 0.5417 0.8277 -0.1467
vn 0.5261 0.8478 0.0662
vn 0.0446 0.5557 -0.8302
vn -0.0290 0.7408 0.6711
vn 0.9760 0.1646 -0.1428
vn 0.8440 -0.5310 -0.0752
vn -0.5088 -0.8031 -0.3102
vn -0.6680 0.5329 0.5195
vn -0.4702 -0.0312 0.8820
vn 0.4702 0.0312 -0.8820
vn 0.7124 0.0850 -0.6966
vn -0.1218 -0.0801 -0.9893
vn -0.2000 -0.7323 -0.6510
vn -0.4374 0.5350 -0.7228
vn -0.6161 -0.7754 0.1385
vn -0.5779 -0.7256 0.3734
vn 0.9760 0.1645 -0.1428
vn 0.2533 -0.6060 -0.7541
vn 0.0165 -0.6698 -0.7424
vn 0.4662 0.6609 -0.5881
vn -0.0276 0.0543 0.9981
vn 0.2047 -0.6317 0.7477
vn -0.0154 -0.6580 0.7528
vn 0.1925 -0.2159 -0.9572
vn 0.7155 0.0858 -0.6933
vn 0.1426 -0.0277 -0.9894
vn 0.4051 -0.4869 -0.7738
vn 0.2835 -0.3752 -0.8825
vn 0.9919 -0.0127 -0.1268
vn 0.9654 -0.1912 -0.1774
vn 0.6019 0.6630 -0.4451
vn 0.6363 -0.6043 -0.4795
vn 0.7282 0.6060 -0.3203
vn -0.1584 -0.5265 0.8353
vn -0.7156 -0.0855 0.6932
vn -0.2654 -0.6566 0.7060
vn -0.6363 0.6043 0.4795
vn -0.7155 -0.0860 0.6933
vn -0.4877 0.6062 0.6282
vn -0.9635 0.2512 0.0930
vn -0.9985 0.0495 0.0221
vn -0.7154 -0.0859 0.6934
vn -0.6885 -0.6849 0.2383
vn -0.8214 -0.5594 0.1112
vn -0.4451 -0.7090 -0.5470
vn 0.0846 0.3540 -0.9314
vn 0.0505 0.1540 -0.9868
vn 0.5417 0.7435 -0.3921
vn 0.3965 0.7323 -0.5537
vn 0.0608 -0.0557 -0.9966
vn 0.1165 -0.2550 -0.9599
vn -0.9857 -0.1686 -0.0018
vn 0.2651 0.6568 -0.7060
vn -0.8856 0.4190 0.2004
vn -0.7731 0.5399 0.3329
vn 0.2573 0.8903 0.3756
vn -0.3415 0.5447 0.7660
vn 0.2132 -0.4237 -0.8803
vn 0.7156 0.0857 -0.6932
vn 0.9985 -0.0495 -0.0220
vn 0.9634 -0.2513 -0.0931
vn 0.7154 0.0858 -0.6935
vn 0.1584 0.5265 -0.8353
vn 0.4876 -0.6064 -0.6281
vn 0.3415 -0.5447 -0.7660
vn -0.7155 -0.0858 0.6933
vn -0.1374 -0.1674 0.9763
vn -0.1748 -0.3488 0.9207
vn 0.1427 -0.0394 -0.9890
vn -0.0847 0.3661 -0.9267
vn -0.8621 0.4707 -0.1878
vn 0.6324 0.3717 -0.6797
vn 0.8808 0.0505 0.4707
vn -0.1426 0.0394 0.9890
vn 0.0648 0.2615 0.9630
vn 0.6766 0.1623 0.7183
vn 0.8661 -0.1249 0.4841
vn 0.7330 0.0019 0.6802
vn 0.5696 0.1829 0.8013
vn 0.9230 -0.0515 -0.3813
vn 0.7665 0.1954 0.6118
vn 0.7762 0.2731 0.5683
vn 0.4386 0.8470 -0.3004
vn 0.7199 0.6128 0.3259
vn 0.6336 0.3846 0.6713
vn 0.9792 -0.1636 0.1197
vn 0.4232 0.5644 0.7088
vn -0.3075 0.7545 0.5798
vn 0.7161 0.2907 0.6345
vn -0.2713 0.3939 0.8782
vn -0.0521 -0.8957 0.4415
vn 0.1375 -0.9641 -0.2273
vn 0.5119 -0.8020 0.3079
vn 0.0107 0.3625 0.9319
vn 0.6510 -0.0390 0.7581
vn -0.4789 -0.6440 0.5967
vn -0.4789 -0.6439 0.5966
vn -0.0533 -0.1818 0.9819
vn 0.0062 0.6635 0.7481
vn 0.3892 -0.9069 -0.1616
vn 0.7347 -0.5702 0.3676
vn -0.0646 -0.9957 0.0670
vn -0.7829 -0.5880 0.2033
vn 0.3825 -0.9233 0.0357
vn 0.1003 -0.8796 0.4650
vn 0.1106 -0.8657 0.4882
vn -0.0646 -0.9957 0.0669
vn 0.2828 -0.9171 0.2811
vn 0.5687 -0.7555 0.3254
vn -0.6964 0.7069 0.1235
vn -0.6312 0.6880 0.3581
vn 0.0643 0.9957 -0.0669
vn 0.7119 0.6550 0.2535
vn 0.7783 0.6271 0.0320
vn 0.0648 0.9957 -0.0669
vn -0.3406 0.6309 -0.6971
vn 0.0642 0.9957 -0.0673
vn 0.0641 0.9957 -0.0675
vn -0.6273 0.7022 -0.3366
vn 0.0646 0.9957 -0.0667
vn -0.5090 0.6745 -0.5347
vn 0.3643 0.0390 0.9305
vn -0.9961 0.0683 0.0550
vn -0.9961 0.0684 0.0550
vn -0.6335 -0.0109 -0.7737
vn -0.6335 -0.0109 -0.7736
vn 0.6298 -0.7674 0.1201
vn 0.9961 -0.0683 -0.0550
vn 0.9934 -0.0576 0.0987
vn 0.7830 0.5878 -0.2033
vn -0.6919 0.7130 -0.1139
vn -0.9935 0.0577 -0.0985
vn 0.7236 0.6603 -0.2013
vn 0.6918 -0.7130 0.1138
vn 0.6273 -0.7022 0.3368
vn -0.0643 -0.9957 0.0670
vn -0.0641 -0.9957 0.0668
vn 0.5090 -0.6744 0.5350
vn -0.0640 -0.9957 0.0667
vn -0.7782 -0.6272 -0.0321
vn -0.7117 -0.6551 -0.2534
vn 0.2873 -0.6505 -0.7030
vn 0.4916 -0.6651 -0.5621
vn -0.0649 -0.9956 0.0672
vn -0.0647 -0.9957 0.0668
vn 0.6313 -0.6879 -0.3581
vn 0.6964 -0.7070 -0.1236
vn 0.0646 0.9957 -0.0669
vn 0.0647 0.9957 -0.0667
vn -0.3686 0.9236 0.1056
vn -0.3528 0.9304 0.0991
vn -0.3598 0.9172 -0.1710
vn -0.4567 0.7317 -0.5060
vn -0.2048 0.9009 -0.3827
vn 0.3192 0.8238 -0.4684
vn 0.4647 0.8582 -0.2179
vn 0.5568 0.7267 0.4023
vn 0.3372 0.8986 0.2808
vn 0.6624 -0.0929 -0.7433
vn 0.0627 -0.4566 -0.8874
vn 0.4454 -0.7312 -0.5168
vn 0.2947 -0.6967 -0.6540
vn 0.9820 0.1376 -0.1293
vn 0.9926 -0.0744 -0.0957
vn 0.6820 0.5693 -0.4591
vn 0.8174 0.4775 -0.3223
vn 0.2322 0.4619 -0.8560
vn 0.1143 0.3149 -0.9422
vn -0.3865 0.8075 -0.4455
vn -0.2923 -0.9457 -0.1423
vn 0.6900 -0.3107 0.6537
vn 0.6872 -0.3196 0.6524
vn -0.6005 0.7025 0.3819
vn -0.7455 0.6129 0.2617
vn -0.6624 0.0929 0.7433
vn -0.9213 -0.3286 0.2078
vn -0.6624 0.0930 0.7433
vn -0.9820 -0.1376 0.1293
vn -0.0626 0.4567 0.8874
vn 0.1628 -0.6023 -0.7815
vn -0.6627 0.0948 0.7428
vn -0.6631 0.0945 0.7425
vn -0.6635 0.0941 0.7422
vn -0.6638 0.0935 0.7421
vn -0.6638 0.0930 0.7421
vn -0.6636 0.0923 0.7423
vn -0.6636 0.0918 0.7424
vn -0.6636 0.0914 0.7425
vn -0.6631 0.0912 0.7429
vn -0.6626 0.0910 0.7435
vn -0.6620 0.0910 0.7439
vn -0.6617 0.0914 0.7442
vn -0.6613 0.0918 0.7445
vn -0.6611 0.0925 0.7446
vn -0.6610 0.0929 0.7446
vn -0.6611 0.0935 0.7445
vn -0.6612 0.0941 0.7443
vn -0.6615 0.0946 0.7440
vn -0.6619 0.0948 0.7436
vn -0.6623 0.0949 0.7433
vn 0.2770 -0.2897 -0.9161
vn -0.8396 -0.1513 0.5217
vn -0.3915 -0.5915 -0.7049
vn 0.3328 -0.1708 0.9274
vn 0.8304 0.4877 0.2694
vn -0.7295 -0.3056 -0.6119
vn 0.0323 0.1317 -0.9908
vn -0.0269 0.0818 0.9963
vn 0.7069 -0.7000 -0.1017
vn 0.7960 0.5747 -0.1898
vn 0.6415 0.6853 -0.3447
vn 0.8000 0.2225 -0.5573
vn -0.7262 -0.3316 0.6022
vn -0.7577 -0.6473 0.0835
vn -0.7614 -0.6433 0.0797
vn -0.7464 0.0033 -0.6655
vn -0.7298 -0.3043 -0.6123
vn 0.6418 0.5821 0.4992
vn 0.4912 0.8031 0.3373
vn -0.5449 -0.5652 0.6194
vn -0.6911 -0.5378 0.4829
vn -0.3927 -0.9194 -0.0234
vn -0.0370 0.2679 0.9627
vn -0.0273 0.0726 0.9970
vn 0.6329 0.0115 0.7742
vn -0.5891 -0.7786 -0.2160
vn -0.7380 -0.5603 -0.3760
vn -0.7380 -0.5603 -0.3759
vn 0.3811 0.8076 0.4501
vn 0.1848 0.9484 0.2576
vn 0.6164 0.3151 0.7216
vn 0.6329 0.0116 0.7741
vn -0.1869 0.0574 -0.9807
vn -0.2257 0.5853 0.7788
vn -0.5565 0.4239 0.7146
vn -0.0082 -0.3862 0.9224
vn 0.4815 -0.4126 -0.7733
vn 0.6552 -0.6272 0.4211
vn -0.2924 -0.9457 -0.1423
vn -0.4912 -0.8031 -0.3373
vn 0.7298 0.3043 0.6123
vn -0.5661 0.5878 -0.5779
vn -0.3866 0.8076 -0.4454
vn 0.2924 0.9457 0.1423
vn -0.4454 0.7311 0.5168
vn -0.2947 0.6967 0.6540
vn 0.0648 0.9957 -0.0667
vn -0.1691 0.9481 -0.2693
vn -0.6541 -0.1751 0.7359
vn 0.6222 -0.0618 -0.7804
vn -0.3485 0.2363 0.9070
vn 0.8670 -0.4693 -0.1674
vn 0.6424 -0.1171 -0.7574
vn 0.4970 0.7909 -0.3570
vn 0.1692 -0.9481 0.2692
vn -0.0648 -0.9957 0.0667
vn 0.0408 -0.6825 -0.7297
vn 0.2925 0.9456 0.1424
vn 0.4912 0.8031 0.3372
vn -0.6458 -0.0424 0.7624
vn -0.7314 0.0740 0.6779
vn -0.8192 -0.3230 0.4739
vn -0.8249 -0.2858 -0.4877
vn -0.8249 -0.2859 -0.4877
vn -0.6631 0.5954 -0.4536
vn -0.7855 0.3217 -0.5287
vn -0.6630 0.5955 -0.4537
vn 0.5296 0.5894 0.6100
vn 0.6165 0.3151 0.7216
vn -0.0762 -0.5104 -0.8566
vn -0.6418 -0.5821 -0.4992
vn 0.4655 0.7229 -0.5107
vn -0.0323 -0.1317 0.9908
vn -0.1143 -0.3150 0.9422
vn 0.5661 -0.5879 0.5778
vn -0.6820 -0.5692 0.4591
vn -0.8174 -0.4774 0.3224
vn -0.4912 -0.8031 -0.3372
vn -0.7463 0.0032 -0.6656
vn -0.7459 0.0088 -0.6660
vn 0.4913 0.8031 0.3372
vn -0.1627 0.6024 0.7815
vn 0.3740 -0.2457 -0.8943
vn 0.3772 -0.2443 -0.8933
vn 0.1145 0.3149 -0.9422
vn 0.0324 0.1317 -0.9908
vn -0.5661 0.5879 -0.5779
vn 0.1627 -0.6024 -0.7815
vn -0.6430 -0.5796 -0.5006
vn 0.9213 0.3286 -0.2079
vn 0.6419 0.5821 0.4992
vn 0.0057 0.0709 0.9975
vn -0.0046 0.2735 0.9619
vn -0.6625 0.0930 0.7433
vn -0.0627 0.4567 0.8874
vn -0.4911 -0.8031 -0.3373
vn 0.6820 0.5692 -0.4592
vn -0.4218 -0.8899 -0.1736
vn -0.6671 -0.7119 -0.2194
vn 0.6272 -0.7023 0.3367
vn 0.2982 -0.6985 0.6505
vn -0.7118 -0.6551 -0.2534
vn -0.7446 0.0035 -0.6675
vn -0.5904 -0.6695 -0.4507
vn -0.0448 0.6516 0.7572
vn 0.0649 0.9956 -0.0675
vn 0.0651 0.9956 -0.0679
vn -0.3407 0.6309 -0.6971
vn 0.0644 0.9957 -0.0670
vn -0.1269 0.5781 -0.8061
vn -0.6272 0.7023 -0.3367
vn 0.0651 0.9956 -0.0668
vn -0.5088 0.6745 -0.5350
vn 0.3598 -0.9172 0.1710
vn 0.3352 -0.9275 0.1654
vn 0.9657 -0.0455 0.2556
vn 0.3643 0.0389 0.9305
vn -0.0594 -0.0631 -0.9962
vn 0.7446 -0.0033 0.6675
vn 0.7117 0.6551 0.2535
vn 0.5904 0.6696 0.4506
vn -0.6918 0.7130 -0.1138
vn -0.9146 0.0324 -0.4032
vn -0.2090 -0.0520 -0.9765
vn 0.9146 -0.0324 0.4031
vn 0.9934 -0.0578 0.0986
vn 0.9146 -0.0322 0.4031
vn -0.9935 0.0577 -0.0986
vn -0.9146 0.0322 -0.4031
vn -0.0643 -0.9957 0.0673
vn 0.3405 -0.6309 0.6971
vn -0.0642 -0.9957 0.0674
vn -0.5729 -0.5099 0.6417
vn -0.7158 -0.5444 0.4374
vn -0.0641 -0.9957 0.0673
vn -0.7783 -0.6271 -0.0323
vn -0.0645 -0.9957 0.0670
vn -0.0639 -0.9957 0.0674
vn -0.4179 -0.6709 -0.6125
vn -0.0635 -0.9957 0.0677
vn 0.6310 -0.6883 -0.3580
vn 0.6960 -0.7073 -0.1235
vn -0.0649 -0.9956 0.0670
vn -0.4566 0.7317 -0.5061
vn 0.8408 -0.0182 0.5411
vn 0.8408 -0.0183 0.5411
vn 0.3377 0.6105 -0.7164
vn 0.1793 0.8288 -0.5301
vn 0.2514 -0.0811 -0.9645
vn 0.0848 0.9113 0.4029
vn 0.0850 0.9064 0.4138
vn 0.0646 0.9957 -0.0670
vn 0.3193 0.8236 -0.4687
vn -0.5083 0.3800 -0.7728
vn -0.5457 0.3351 -0.7680
vn -0.7463 0.0037 -0.6656
vn -0.9699 -0.1735 0.1712
vn -0.9174 -0.3926 0.0650
vn -0.6506 -0.2149 0.7284
vn -0.3097 0.6682 -0.6765
vn 0.4436 0.7484 -0.4931
vn -0.1652 0.5529 -0.8167
vn -0.6029 0.7272 -0.3281
vn 0.0639 0.9958 -0.0661
vn -0.4577 0.7279 -0.5105
vn -0.5543 -0.4192 -0.7191
vn -0.5828 -0.3748 -0.7210
vn 0.2432 -0.9294 -0.2778
vn -0.8278 -0.3752 -0.4172
vn -0.8270 -0.3268 -0.4575
vn -0.3582 -0.8449 0.3971
vn -0.2432 0.9293 0.2778
vn -0.2432 0.9293 0.2777
vn 0.6196 0.3692 -0.6927
vn 0.6197 0.3691 -0.6927
vn -0.0638 -0.9958 0.0662
vn 0.6029 -0.7273 0.3279
vn -0.0724 -0.9945 0.0759
vn 0.3886 0.7169 0.5789
vn 0.5515 0.7236 0.4149
vn 0.0640 0.9958 -0.0662
vn 0.8238 0.5609 0.0816
vn 0.9173 0.3928 -0.0649
vn 0.5757 0.5054 -0.6428
vn -0.0638 -0.9958 0.0661
vn 0.1457 -0.9749 -0.1686
vn -0.0639 -0.9958 0.0661
vn -0.8241 -0.5606 -0.0814
vn -0.5756 -0.5056 0.6427
vn -0.1456 0.9749 0.1686
vn -0.4435 -0.7483 0.4932
vn 0.2669 0.9176 -0.2945
vn 0.4435 0.7483 -0.4932
vn -0.7459 0.0036 -0.6660
vn -0.9328 0.3223 0.1614
vn -0.8503 0.5251 0.0345
vn -0.7463 0.0036 -0.6656
vn -0.7464 0.0031 -0.6655
vn -0.0388 0.3824 -0.9232
vn -0.7464 0.0037 -0.6655
vn 0.7375 0.6103 0.2892
vn 0.6016 0.6652 0.4423
vn 0.1673 0.9689 -0.1824
vn 0.3507 0.1143 0.9295
vn 0.3490 0.1149 0.9300
vn -0.6442 0.2476 0.7237
vn 0.0399 -0.9979 -0.0500
vn 0.0399 -0.9979 -0.0502
vn 0.0400 -0.9980 -0.0499
vn 0.8525 0.5019 0.1463
vn 0.7464 -0.0037 0.6655
vn 0.9386 0.3439 0.0265
vn 0.9405 0.1559 0.3020
vn 0.7463 -0.0037 0.6656
vn -0.0058 -0.0708 -0.9975
vn 0.3866 -0.8075 0.4455
vn 0.3777 -0.8154 0.4386
vn -0.3750 -0.5590 0.7396
vn -0.2322 -0.4619 0.8560
vn 0.6624 -0.0930 -0.7433
vn -0.3881 0.9214 0.0177
vn -0.4881 0.8684 -0.0880
vn -0.5924 0.1298 0.7951
vn -0.6716 0.6944 -0.2583
vn -0.8177 0.4316 -0.3810
vn -0.8973 0.1020 -0.4294
vn -0.8881 -0.2494 -0.3862
vn -0.7856 -0.5645 -0.2533
vn -0.7198 -0.0428 0.6928
vn -0.3901 -0.9038 0.1761
vn -0.1668 -0.9005 0.4016
vn 0.0342 -0.8014 0.5971
vn 0.1976 -0.6324 0.7490
vn 0.3166 -0.4169 0.8521
vn 0.3885 -0.1743 0.9048
vn 0.4126 0.0784 0.9075
vn 0.3892 0.3252 0.8618
vn 0.3207 0.5499 0.7712
vn 0.2114 0.7372 0.6417
vn -0.1812 -0.2339 0.9552
vn -0.1034 0.9488 0.2985
vn -0.1628 0.6023 0.7815
vn -0.0626 0.4566 0.8875
vn 0.0058 0.0708 0.9975
vn 0.7464 -0.0033 0.6655
vn 0.1691 -0.9481 0.2693
vn 0.0649 0.9957 -0.0667
vn -0.8301 -0.0575 0.5546
vn -0.0172 0.6457 0.7634
vn -0.7219 -0.2754 -0.6348
vn -0.5438 -0.3126 -0.7788
vn -0.5001 -0.8385 -0.2164
vn -0.3363 -0.2989 -0.8931
vn -0.1191 -0.2231 -0.9675
vn 0.0007 -0.8120 -0.5836
vn 0.3347 -0.9423 -0.0043
vn 0.5273 -0.8404 -0.1249
vn 0.5317 -0.4945 0.6875
vn 0.6018 0.7918 0.1043
vn 0.6018 0.7918 0.1044
vn 0.8372 0.4300 -0.3380
vn 0.8372 0.4299 -0.3380
vn 0.8372 0.4299 -0.3379
vn 0.6882 0.7254 -0.0102
vn 0.8077 0.5404 -0.2357
vn 0.8470 0.3024 -0.4372
vn 0.6412 -0.1162 0.7585
vn 0.6489 -0.0575 0.7587
vn 0.3881 0.8639 0.3210
vn -0.3882 -0.8638 -0.3212
vn -0.3881 -0.8638 -0.3212
vn -0.3884 -0.8637 -0.3212
vn 0.9707 -0.1515 0.1867
vn 0.8562 -0.2425 0.4562
vn 0.8374 0.4297 -0.3377
vn 0.1188 -0.5218 0.8447
vn 0.0784 -0.5191 0.8511
vn 0.5316 -0.4945 0.6877
vn 0.8377 -0.3721 0.3998
vn 0.7514 -0.6055 0.2622
vn 0.7508 -0.6054 0.2641
vn 0.5315 -0.4945 0.6877
vn 0.4422 0.5956 -0.6706
vn 0.3765 0.6264 -0.6825
vn -0.0054 0.7312 -0.6822
vn -0.6940 0.3552 -0.6262
vn -0.5911 0.2186 -0.7764
vn -0.9599 -0.1949 -0.2015
vn -0.7288 -0.4754 0.4928
vn 0.0064 -0.7312 0.6821
vn 0.0073 -0.7313 0.6820
vn 0.7401 -0.4991 0.4506
vn 0.0049 -0.7310 0.6824
vn 0.0045 -0.7309 0.6825
vn 0.0547 0.3332 -0.9413
vn 0.0507 0.3656 -0.9294
vn 0.1280 -0.6760 -0.7257
vn -0.8250 -0.3891 -0.4099
vn -0.4525 -0.8906 0.0458
vn -0.8354 -0.3787 -0.3983
vn 0.0147 0.0538 0.9984
vn 0.2415 -0.0012 0.9704
vn 0.3323 0.6447 0.6884
vn -0.2415 0.0008 -0.9704
vn -0.4381 0.0968 -0.8937
vn -0.0055 0.7313 -0.6821
vn -0.4795 -0.6007 -0.6398
vn -0.4794 -0.6006 -0.6399
vn -0.4796 -0.6008 -0.6396
vn -0.3574 -0.5323 0.7674
vn -0.4011 -0.4986 0.7685
vn 0.0054 -0.7312 0.6822
vn -0.5345 -0.8124 0.2331
vn -0.3974 -0.7863 0.4731
vn -0.3994 -0.5274 -0.7499
vn 0.0496 0.0923 -0.9945
vn 0.2276 -0.0475 -0.9726
vn -0.9410 -0.0748 -0.3299
vn -0.8629 0.0694 -0.5006
vn 0.3997 -0.6107 -0.6836
vn 0.3202 -0.7731 -0.5475
vn 0.4137 -0.4204 -0.8075
vn 0.9052 -0.3563 -0.2317
vn -0.8187 -0.1629 0.5506
vn -0.9059 0.1014 0.4112
vn -0.9069 0.1075 0.4075
vn -0.1677 -0.9726 -0.1610
vn 0.0230 -0.9601 -0.2785
vn 0.1375 -0.8432 0.5197
vn 0.5725 0.8199 0.0063
vn 0.3994 0.5274 0.7499
vn 0.7522 0.6589 -0.0018
vn -0.0497 -0.0926 0.9945
vn 0.1552 -0.1847 0.9705
vn 0.4013 0.5266 0.7494
vn 0.4013 0.5270 0.7492
vn 0.4010 0.5278 0.7488
vn 0.4007 0.5283 0.7486
vn 0.4002 0.5287 0.7486
vn 0.3998 0.5290 0.7486
vn 0.3993 0.5290 0.7488
vn 0.3985 0.5290 0.7492
vn 0.3981 0.5288 0.7496
vn 0.3978 0.5284 0.7500
vn 0.3976 0.5280 0.7505
vn 0.3975 0.5277 0.7507
vn 0.3978 0.5272 0.7509
vn 0.3982 0.5266 0.7511
vn 0.3986 0.5262 0.7512
vn 0.3992 0.5258 0.7511
vn 0.3999 0.5257 0.7509
vn 0.4004 0.5257 0.7506
vn 0.4006 0.5258 0.7503
vn 0.4010 0.5263 0.7498
vn -0.5520 -0.1540 -0.8195
vn -0.2150 0.8731 -0.4376
vn 0.4020 0.6239 -0.6702
vn -0.8853 -0.4618 -0.0542
vn -0.0637 -0.3083 -0.9491
vn -0.0375 -0.0382 -0.9986
vn 0.5007 -0.1311 -0.8556
vn 0.5519 -0.7256 -0.4110
vn -0.9031 0.3669 0.2231
vn 0.7224 0.4208 0.5486
vn 0.7718 -0.3027 -0.5592
vn 0.2727 0.7290 0.6279
vn -0.3763 0.1641 -0.9118
vn -0.8055 -0.5847 0.0963
vn -0.7657 -0.6353 0.1010
vn -0.5784 -0.8078 0.1136
vn -0.6187 -0.6453 -0.4481
vn -0.3598 0.3609 -0.8604
vn -0.5771 0.3544 -0.7358
vn -0.5264 -0.1670 -0.8337
vn -0.1293 0.3053 -0.9434
vn -0.3114 -0.1919 -0.9307
vn -0.1315 -0.9911 -0.0190
vn 0.0847 -0.9855 -0.1467
vn -0.3151 -0.8106 -0.4936
vn 0.2784 0.1022 0.9550
vn 0.4173 0.0652 0.9064
vn 0.2699 0.0701 0.9603
vn 0.5724 0.8168 0.0717
vn 0.4314 0.5473 0.7172
vn 0.4318 0.5469 0.7173
vn 0.9189 0.1166 0.3768
vn 0.9281 0.2911 0.2323
vn 0.4440 0.5089 0.7375
vn 0.1753 -0.1423 0.9742
vn 0.3780 0.4958 0.7818
vn 0.3774 0.4963 0.7819
vn -0.3557 0.6184 0.7007
vn -0.3696 0.4368 0.8201
vn 0.3539 0.5446 0.7604
vn -0.1539 0.8852 0.4390
vn -0.2791 0.7726 0.5702
vn 0.3668 0.5637 0.7401
vn 0.7736 0.4232 0.4716
vn 0.7336 0.5423 0.4096
vn 0.9839 0.1771 0.0232
vn 0.2960 0.8611 0.4134
vn 0.3292 0.9309 -0.1582
vn 0.3479 0.9233 -0.1630
vn -0.1192 0.5061 0.8542
vn -0.5809 0.5727 0.5785
vn -0.5802 0.5764 0.5755
vn 0.1358 0.1438 0.9803
vn 0.2783 0.0797 0.9572
vn -0.1648 -0.2691 0.9489
vn 0.0059 0.9489 0.3154
vn -0.3449 0.9064 -0.2439
vn 0.3815 0.9163 0.1220
vn 0.4798 0.6955 -0.5349
vn -0.0736 0.9157 -0.3950
vn 0.2108 0.8429 -0.4951
vn 0.2109 0.8428 -0.4951
vn -0.0866 -0.6766 0.7312
vn 0.1978 -0.7498 0.6313
vn -0.0865 -0.6765 0.7313
vn -0.7459 -0.0774 0.6615
vn -0.8318 0.1829 0.5242
vn -0.8317 0.1829 0.5242
vn 0.4395 0.4979 0.7476
vn 0.7759 0.3061 0.5515
vn 0.4392 0.4975 0.7481
vn 0.5541 0.0699 0.8295
vn 0.4225 0.0553 0.9047
vn 0.4058 0.4848 0.7748
vn -0.6803 -0.7315 -0.0453
vn 0.1291 -0.4764 -0.8697
vn -0.2062 0.5953 0.7766
vn -0.6252 0.4809 0.6147
vn -0.5608 0.2209 -0.7979
vn 0.2450 0.8143 0.5262
vn 0.9205 0.0730 0.3838
vn -0.1839 0.0139 0.9828
vn 0.7479 -0.6455 -0.1552
vn 0.2862 0.0239 -0.9579
vn 0.4259 -0.1793 -0.8868
vn 0.8189 0.1624 -0.5504
vn 0.4123 -0.8339 0.3669
vn 0.6463 -0.7421 0.1777
vn -0.9010 0.2196 -0.3742
vn -0.7159 -0.3493 -0.6045
vn -0.7170 -0.3550 -0.5999
vn 0.3380 0.6129 0.7142
vn 0.4547 0.4842 0.7475
vn 0.5562 0.7683 0.3168
vn -0.5821 -0.3224 0.7465
vn 0.9059 -0.1014 -0.4112
vn 0.9069 -0.1074 -0.4075
vn -0.9018 -0.4308 0.0332
vn -0.9730 -0.2154 -0.0827
vn -0.9058 0.1016 0.4113
vn 0.6528 0.4106 -0.6365
vn -0.1903 0.8955 0.4023
vn -0.2499 0.7700 0.5870
vn 0.5087 0.6925 0.5115
vn -0.3400 0.6019 0.7226
vn -0.4570 0.4093 0.7897
vn 0.2478 0.3069 0.9189
vn 0.9774 0.1705 0.1253
vn 0.9311 0.1182 0.3450
vn 0.8141 -0.5801 -0.0271
vn 0.8497 0.0721 -0.5223
vn 0.8150 -0.5788 -0.0274
vn 0.8151 -0.5786 -0.0280
vn -0.7332 0.4863 0.4753
vn -0.7335 0.4865 0.4746
vn -0.0146 -0.0667 0.9977
vn -0.5182 0.7962 0.3123
vn -0.2615 0.8988 0.3518
vn 0.4602 0.6182 0.6372
vn 0.1564 -0.9693 -0.1898
vn 0.1488 -0.9882 0.0361
vn -0.5749 -0.8127 0.0952
vn 0.2974 -0.7011 0.6481
vn 0.4159 -0.5089 0.7537
vn -0.1042 -0.1919 0.9759
vn 0.5222 0.7532 -0.3999
vn 0.9781 0.1820 -0.1010
vn 0.9348 0.1500 -0.3221
vn -0.1043 -0.1918 0.9759
vn -0.8404 -0.0208 -0.5415
vn -0.9313 -0.1176 -0.3449
vn -0.8142 0.5799 0.0271
vn -0.8148 0.5791 0.0267
vn -0.8145 0.5796 0.0265
vn -0.8146 0.5795 0.0265
vn 0.4774 0.6966 -0.5356
vn 0.8842 0.0082 -0.4670
vn 0.9355 -0.2683 -0.2297
vn 0.4034 -0.6333 -0.6605
vn 0.6468 -0.6004 -0.4703
vn -0.1650 -0.1878 -0.9683
vn 0.6320 -0.6590 0.4079
vn 0.6528 -0.6581 0.3752
vn 0.8148 -0.5791 -0.0267
vn 0.5774 -0.7713 -0.2678
vn 0.8147 -0.5792 -0.0267
vn 0.5072 -0.8331 0.2206
vn 0.5725 -0.8002 0.1787
vn -0.6529 0.6581 -0.3750
vn -0.6321 0.6589 -0.4077
vn -0.1677 0.9501 -0.2631
vn -0.1501 0.9880 -0.0362
vn 0.5224 0.7532 -0.3998
vn -0.3397 0.6017 0.7229
vn -0.4566 0.4092 0.7900
vn 0.2480 0.3066 0.9189
vn 0.9772 0.1711 0.1255
vn 0.9310 0.1185 0.3452
vn 0.8144 -0.5796 -0.0269
vn 0.8402 0.0213 0.5418
vn 0.7112 -0.1223 0.6923
vn 0.8150 -0.5788 -0.0263
vn 0.1569 -0.9692 -0.1898
vn 0.8143 -0.5798 -0.0268
vn 0.7306 -0.0526 -0.6808
vn 0.8150 -0.5788 -0.0280
vn 0.8151 -0.5786 -0.0290
vn -0.7333 0.4863 0.4752
vn -0.5171 0.4515 0.7271
vn -0.0147 -0.0667 0.9977
vn -0.4602 -0.6181 -0.6373
vn -0.4601 -0.6182 -0.6373
vn -0.5795 -0.8125 -0.0628
vn -0.5795 -0.8125 -0.0629
vn -0.5794 -0.8126 -0.0629
vn 0.1675 -0.9502 0.2629
vn -0.5223 -0.7533 0.3998
vn 0.4185 0.6194 -0.6642
vn 0.9348 0.1498 -0.3221
vn 0.8496 0.0721 -0.5225
vn -0.3976 -0.5248 -0.7526
vn -0.5089 -0.6923 -0.5115
vn -0.5089 -0.6924 -0.5115
vn -0.4186 -0.6195 0.6641
vn -0.4185 -0.6195 0.6641
vn 0.1045 0.1916 -0.9759
vn -0.0750 -0.0601 -0.9954
vn -0.0753 -0.0600 -0.9954
vn -0.2504 0.7702 0.5866
vn -0.8150 0.5789 0.0260
vn 0.6040 -0.7441 0.2856
vn 0.5585 -0.7595 0.3335
vn -0.3524 -0.5316 0.7702
vn 0.3173 -0.7877 -0.5280
vn 0.4033 -0.6333 -0.6605
vn -0.3288 -0.4236 -0.8440
vn 0.8744 -0.3167 0.3676
vn 0.8182 -0.3862 -0.4259
vn 0.8120 -0.3688 -0.4523
vn 0.5849 0.8027 0.1165
vn 0.6298 0.3246 0.7057
vn 0.6423 0.3106 0.7006
vn -0.1553 0.7670 0.6226
vn 0.1261 0.6814 0.7210
vn 0.3742 0.9194 0.1212
vn -0.3337 0.5390 -0.7734
vn -0.2663 0.3634 -0.8928
vn -0.8940 0.1586 -0.4190
vn -0.0030 -0.0273 0.9996
vn -0.1914 0.0975 0.9767
vn -0.4201 -0.6218 0.6609
vn -0.4202 -0.6217 0.6610
vn -0.4203 -0.6217 0.6610
vn -0.4203 -0.6217 0.6609
vn 0.2132 -0.9439 0.2520
vn -0.4199 -0.6218 0.6611
vn -0.4197 -0.6219 0.6611
vn -0.0203 0.6800 -0.7330
vn -0.2583 0.7353 -0.6266
vn -0.9073 0.2766 -0.3166
vn 0.8673 -0.4895 0.0909
vn 0.4115 -0.0780 -0.9081
vn 0.3882 0.2617 -0.8837
vn 0.0140 -0.7328 -0.6803
vn 0.1527 -0.1877 0.9703
vn 0.2664 -0.3636 0.8927
vn 0.8014 0.0874 0.5918
vn 0.3113 -0.8416 0.4413
vn 0.6494 -0.7149 -0.2593
vn -0.1262 -0.6815 -0.7209
vn 0.1553 -0.7670 -0.6226
vn -0.1338 -0.6783 -0.7225
vn 0.6495 -0.7148 -0.2592
vn 0.4229 -0.7787 -0.4635
vn -0.1260 -0.6813 -0.7211
vn 0.1560 -0.7670 -0.6224
vn -0.1261 -0.6814 -0.7210
vn 0.6298 0.3246 0.7056
vn 0.8014 0.0875 0.5917
vn -0.3969 -0.5292 -0.7500
vn -0.3968 -0.5292 -0.7500
vn -0.8014 -0.0874 -0.5917
vn -0.8940 0.1586 -0.4191
vn 0.8939 -0.1588 0.4191
vn 0.3496 -0.7022 0.6202
vn 0.8981 -0.3891 0.2050
vn 0.4228 -0.7787 -0.4634
vn 0.1560 -0.7671 -0.6223
vn 0.4201 0.6220 -0.6608
vn 0.5908 -0.1704 -0.7886
vn 0.4200 0.6223 -0.6606
vn -0.1157 -0.8197 0.5609
vn -0.0452 -0.8483 0.5276
vn 0.7423 -0.6544 -0.1438
vn 0.2569 -0.5888 0.7664
vn -0.0022 -0.5750 0.8181
vn 0.8585 -0.0367 0.5115
vn -0.1980 -0.4191 0.8861
vn -0.0364 -0.1106 0.9932
vn 0.5220 0.4303 0.7364
vn -0.2669 -0.6113 -0.7450
vn -0.2671 -0.6115 -0.7448
vn -0.2666 -0.6112 -0.7452
vn -0.4202 -0.6217 0.6611
vn -0.3720 -0.8791 0.2981
vn -0.5821 -0.7361 0.3454
vn -0.6974 -0.6492 0.3036
vn -0.4203 -0.6216 0.6610
vn -0.8580 -0.0891 0.5059
vn -0.7053 -0.2678 0.6564
vn -0.7522 -0.6589 0.0018
vn 0.0230 -0.9602 -0.2785
vn 0.9052 -0.3563 -0.2316
vn -0.3645 0.2269 -0.9031
vn 0.1504 0.7692 -0.6211
vn 0.1680 0.7620 -0.6254
vn 0.1897 -0.8922 -0.4098
vn -0.3998 0.6107 0.6835
vn -0.4137 0.4204 0.8075
vn 0.9754 -0.2190 -0.0255
vn 0.4995 0.4901 0.7144
vn 0.2515 0.4950 0.8317
vn 0.8859 0.2920 -0.3604
vn 0.6249 0.6339 -0.4556
vn 0.2859 0.8633 -0.4160
vn -0.0335 0.9595 -0.2796
vn -0.2783 0.9547 -0.1054
vn -0.4468 0.8921 0.0677
vn -0.5607 0.7953 0.2306
vn -0.6356 0.6662 0.3900
vn -0.6699 0.4993 0.5495
vn -0.6512 0.2975 0.6982
vn -0.5724 0.0780 0.8162
vn -0.6072 0.2199 0.7635
vn -0.2718 -0.3171 0.9086
vn -0.0896 -0.4567 0.8851
vn 0.0952 -0.5551 0.8263
vn 0.5115 0.1281 0.8497
vn 0.5005 -0.6331 0.5905
vn 0.7245 -0.5704 0.3870
vn -0.4228 -0.6199 0.6611
vn 0.1554 -0.1846 0.9705
vn -0.4350 -0.6112 0.6612
vn -0.1896 0.8922 0.4098
vn -0.0230 0.9602 0.2784
vn -0.4123 0.8339 -0.3669
vn 0.1677 0.9726 0.1611
vn 0.3709 0.9263 0.0662
vn 0.1505 0.7692 -0.6210
vn -0.1504 -0.7692 0.6211
vn -0.4123 0.8339 -0.3668
vn -0.1375 0.8432 -0.5197
vn -0.1375 0.8432 -0.5198
vn 0.8160 -0.5773 -0.0287
vn 0.8161 -0.5773 -0.0287
vn 0.6529 0.4106 -0.6365
vn 0.8189 0.1623 -0.5504
vn -0.1758 0.2564 0.9505
vn -0.7578 0.6401 0.1269
vn -0.5487 -0.8283 0.1134
vn -0.6876 -0.7260 0.0094
vn -0.8114 -0.4886 -0.3208
vn -0.8149 -0.4668 -0.3436
vn -0.5972 -0.6488 0.4716
vn -0.5927 -0.6446 0.4829
vn -0.3256 -0.5408 0.7756
vn -0.0906 0.0988 0.9910
vn -0.4835 -0.3516 0.8016
vn 0.0122 -0.9456 0.3251
vn 0.5303 -0.4934 0.6895
vn -0.0748 -0.8517 0.5187
vn 0.0949 -0.9866 -0.1329
vn 0.7209 -0.6814 0.1267
vn 0.0704 -0.9920 0.1045
vn 0.3062 -0.3017 -0.9029
vn 0.4925 -0.4760 -0.7285
vn 0.4936 -0.4772 -0.7271
vn -0.0703 0.9920 -0.1044
vn -0.0949 0.9866 0.1330
vn 0.6878 0.7258 -0.0093
vn 0.7163 0.2291 0.6591
vn 0.6876 0.7261 -0.0089
vn 0.6875 0.7261 -0.0085
vn 0.9874 -0.0399 -0.1529
vn 0.9217 -0.0230 -0.3872
vn 0.6874 0.7262 -0.0094
vn 0.6982 -0.6576 0.2832
vn 0.6982 -0.6576 0.2831
vn 0.6981 -0.6576 0.2831
vn 0.0906 -0.0987 -0.9910
vn -0.1353 0.1154 -0.9841
vn 0.0906 -0.0988 -0.9910
vn -0.6876 -0.7260 0.0095
vn -0.6871 -0.7265 0.0102
vn -0.1871 -0.7140 0.6747
vn -0.6496 -0.1774 0.7393
vn -0.8033 -0.0477 0.5937
vn -0.6881 -0.7256 0.0101
vn -0.9874 0.0402 0.1530
vn -0.9964 0.0161 -0.0828
vn -0.6880 -0.7256 0.0095
vn -0.6875 -0.7261 0.0088
vn -0.5355 -0.3583 -0.7648
vn -0.6874 -0.7262 0.0083
vn -0.6876 -0.7261 0.0094
vn -0.6876 -0.7261 0.0095
vn -0.6874 -0.7262 0.0095
vn -0.4474 0.4140 -0.7928
vn -0.4476 0.4137 -0.7928
vn -0.4471 0.4143 -0.7928
vn -0.5717 0.5493 0.6095
vn -0.5717 0.5492 0.6095
vn 0.6876 0.7260 -0.0094
vn 0.5072 0.7334 0.4527
vn 0.5086 0.7506 -0.4219
vn 0.4978 0.7480 -0.4390
vn 0.6501 -0.3242 -0.6872
vn 0.5537 -0.1762 -0.8138
vn 0.9485 0.2122 -0.2353
vn -0.3052 -0.6901 0.6562
vn 0.0112 -0.0282 0.9995
vn -0.2039 -0.0087 0.9789
vn -0.3995 0.0611 0.9147
vn -0.5538 0.1762 0.8138
vn -0.8051 -0.4176 0.4213
vn -0.4011 0.9017 0.1614
vn -0.2119 0.9744 0.0753
vn -0.3126 0.7005 -0.6416
vn 0.9996 -0.0142 -0.0259
vn 0.7085 0.6187 0.3394
vn 0.9995 -0.0264 -0.0144
vn 0.3126 -0.7005 0.6415
vn 0.5914 -0.6010 0.5376
vn -0.0287 -0.6820 -0.7308
vn -0.5734 -0.1776 -0.7998
vn -0.0062 -0.9996 -0.0266
vn 0.2040 0.0088 -0.9789
vn 0.5836 0.5821 -0.5662
vn 0.5863 0.5806 -0.5649
vn -0.5914 0.6010 -0.5376
vn -0.5732 0.6101 -0.5469
vn -0.6105 -0.7685 -0.1915
vn -0.9485 -0.2122 0.2353
vn -0.9519 -0.2044 0.2281
vn 0.2119 -0.9744 -0.0753
vn 0.0035 -0.7311 0.6823
vn 0.0306 0.6824 0.7303
vn 0.0302 0.6829 0.7299
vn 0.0287 0.6820 0.7308
vn 0.0299 0.6832 0.7297
vn 0.0294 0.6833 0.7295
vn 0.0287 0.6835 0.7294
vn 0.0282 0.6835 0.7294
vn 0.0275 0.6832 0.7297
vn 0.0271 0.6829 0.7300
vn 0.0270 0.6824 0.7305
vn 0.0267 0.6820 0.7308
vn 0.0268 0.6817 0.7311
vn 0.0271 0.6813 0.7315
vn 0.0277 0.6809 0.7319
vn 0.0282 0.6806 0.7321
vn 0.0287 0.6806 0.7321
vn 0.0293 0.6807 0.7319
vn 0.0299 0.6809 0.7317
vn 0.0303 0.6811 0.7315
vn 0.0305 0.6816 0.7311
vn 0.0306 0.6821 0.7307
vn -0.2339 -0.9719 -0.0264
vn 0.0831 0.9887 0.1250
vn -0.8912 0.2527 -0.3767
vn 0.4751 0.0324 -0.8793
vn -0.3572 0.0172 -0.9339
vn 0.3237 -0.8906 -0.3195
vn -0.2671 -0.9582 0.1022
vn -0.0194 -0.9929 0.1176
vn -0.1428 -0.8948 -0.4230
vn 0.7709 -0.4373 -0.4632
vn 0.7329 -0.2563 -0.6302
vn 0.3374 -0.5485 -0.7651
vn -0.3489 0.8141 0.4643
vn -0.4979 0.8620 -0.0955
vn -0.4824 0.8698 -0.1036
vn -0.1225 0.2541 0.9594
vn 0.0314 0.2428 0.9696
vn -0.2501 -0.2524 0.9348
vn 0.9485 0.2122 -0.2354
vn 0.8051 0.4175 -0.4213
vn -0.6222 0.3501 0.7002
vn -0.6504 0.5067 0.5659
vn -0.9826 0.1209 0.1410
vn 0.9916 0.0928 0.0897
vn 0.6699 0.6383 0.3792
vn 0.9916 0.0802 0.1015
vn 0.0074 -0.6148 0.7887
vn 0.2172 0.0409 0.9753
vn -0.0075 -0.6145 0.7889
vn 0.7997 0.5193 -0.3013
vn 0.5807 0.6822 -0.4442
vn 0.7997 0.5193 -0.3014
vn 0.9916 0.0929 0.0897
vn 0.9413 0.3165 -0.1171
vn 0.3055 0.7889 -0.5331
vn 0.5807 0.6821 -0.4443
vn 0.3081 0.3252 0.8941
vn 0.1799 0.2683 0.9464
vn 0.0443 0.6463 0.7618
vn -0.7308 -0.4608 -0.5036
vn -0.5778 0.5543 0.5991
vn -0.5365 -0.1418 -0.8319
vn -0.2552 0.9420 0.2180
vn -0.3389 -0.2553 -0.9055
vn 0.6502 -0.3241 -0.6872
vn 0.3906 -0.6198 -0.6806
vn 0.7135 0.4615 -0.5272
vn -0.7835 -0.5747 -0.2364
vn -0.9996 0.0141 0.0260
vn -0.9996 0.0143 0.0260
vn -0.2502 -0.8533 -0.4575
vn -0.2714 -0.9453 0.1810
vn -0.2514 -0.8526 -0.4581
vn -0.1457 0.7109 0.6880
vn 0.0560 0.7322 0.6788
vn -0.2731 0.8910 0.3628
vn -0.0000 -0.0000 -0.0000
vn -0.1927 0.4129 0.8902
vn 0.3175 0.8822 0.3477
vn 0.5012 0.6956 0.5146
vn 0.0966 0.6450 0.7581
vn 0.5030 0.6917 0.5182
vn 0.5880 -0.4864 0.6463
vn 0.8062 -0.3296 0.4914
vn 0.5880 -0.4865 0.6462
vn 0.8121 -0.4421 0.3807
vn 0.7315 -0.6150 -0.2944
vn 0.7989 -0.4550 0.3933
vn -0.5836 -0.5821 0.5662
vn -0.5863 -0.5806 0.5649
vn -0.8220 -0.3968 -0.4085
vn 0.0035 -0.7309 0.6825
vn 0.2243 0.0009 0.9745
vn -0.0131 -0.7303 0.6830
vn -0.5537 0.1764 0.8138
vn -0.8051 -0.4174 0.4215
vn -0.6447 0.6475 0.4064
vn -0.5487 0.7897 0.2746
vn -0.8120 0.4422 -0.3809
vn -0.6825 0.7287 -0.0570
vn -0.6667 0.7257 0.1701
vn 0.0114 0.9926 -0.1211
vn -0.6437 0.6580 0.3909
vn -0.6180 0.5256 0.5846
vn 0.0257 0.8724 0.4880
vn -0.6924 -0.6386 0.3359
vn 0.0056 -0.7288 0.6847
vn -0.6725 -0.5173 0.5293
vn -0.6941 -0.7111 -0.1126
vn -0.0125 -0.9925 0.1216
vn -0.6997 -0.7046 0.1178
vn -0.6308 -0.3278 -0.7033
vn -0.0290 -0.6789 -0.7336
vn -0.0292 -0.6863 -0.7268
vn -0.6776 0.5570 -0.4802
vn -0.6857 0.6724 -0.2787
vn -0.0057 0.7288 -0.6848
vn 0.6857 -0.6724 0.2787
vn 0.9996 -0.0156 -0.0247
vn 0.9996 -0.0157 -0.0245
vn 0.6182 -0.5256 -0.5845
vn 0.6004 -0.3356 -0.7259
vn 0.9996 -0.0156 -0.0246
vn -0.8737 0.3780 0.3061
vn -0.7090 0.6154 0.3445
vn 0.0275 0.7880 0.6151
vn -0.8941 0.0301 -0.4468
vn -0.7288 -0.0772 -0.6804
vn -0.0242 0.0348 -0.9991
vn -0.0292 -0.5592 -0.8285
vn -0.0291 -0.5592 -0.8285
vn 0.5998 -0.1081 -0.7928
vn -0.0291 -0.4208 -0.9067
vn 0.0291 0.4208 0.9067
vn 0.0288 0.6790 0.7336
vn 0.0037 0.9055 -0.4244
vn -0.9996 0.0159 0.0245
vn -0.9996 0.0160 0.0244
vn -0.9996 0.0157 0.0246
vn -0.9996 0.0158 0.0246
vn -0.6004 0.3357 0.7258
vn -0.9996 0.0156 0.0247
vn 0.7314 -0.1356 0.6683
vn 0.8915 -0.1738 0.4182
vn 0.0180 -0.3418 0.9396
vn 0.8872 -0.2575 -0.3829
vn 0.8703 -0.2750 -0.4086
vn -0.0294 -0.5593 -0.8285
vn 0.9082 -0.0294 0.4175
vn 0.9996 -0.0157 -0.0247
vn -0.6434 0.6580 0.3912
vn -0.6181 0.5256 0.5845
vn 0.0257 0.8725 0.4880
vn -0.0287 -0.6789 -0.7337
vn -0.0287 -0.6862 -0.7269
vn -0.6768 0.5575 -0.4808
vn -0.6860 0.6722 -0.2785
vn -0.0051 0.7288 -0.6847
vn -0.9010 0.3365 0.2740
vn -0.8913 0.4420 -0.1009
vn -0.9270 0.3667 -0.0782
vn 0.0082 0.9611 -0.2761
vn -0.0280 -0.2757 -0.9608
vn -0.0280 -0.2756 -0.9609
vn 0.5997 -0.1079 -0.7929
vn 0.6003 -0.3355 -0.7260
vn -0.0291 -0.4209 -0.9066
vn -0.0256 -0.8725 -0.4880
vn -0.0201 -0.9810 -0.1932
vn -0.0201 -0.9810 -0.1931
vn 0.0141 -0.4807 0.8768
vn 0.0212 -0.1870 0.9821
vn 0.0213 -0.1870 0.9821
vn -0.0055 0.7288 -0.6847
vn 0.0037 0.9055 -0.4243
vn -0.0056 0.7288 -0.6847
vn -0.0264 -0.1231 -0.9920
vn -0.0214 0.1869 -0.9821
vn -0.9996 0.0153 0.0250
vn -0.0099 0.6155 -0.7881
vn -0.0098 0.6155 -0.7881
vn -0.0100 0.6156 -0.7880
vn 0.0292 0.5594 0.8284
vn 0.0292 0.5593 0.8285
vn 0.0293 0.5595 0.8283
vn 0.9222 -0.3852 -0.0357
vn 0.8870 -0.4602 -0.0374
vn -0.0163 -0.9993 -0.0344
vn 0.9010 0.1284 -0.4144
vn 0.8770 0.1449 -0.4581
vn -0.7085 -0.6187 -0.3395
vn 0.4012 -0.9017 -0.1614
vn 0.5488 -0.7895 -0.2747
vn 0.1571 0.8092 0.5661
vn 0.8282 0.5239 -0.1991
vn -0.0837 0.5886 0.8041
vn 0.5304 0.7485 -0.3981
vn 0.1433 0.8667 -0.4778
vn -0.2359 0.8694 -0.4341
vn -0.5374 0.7868 -0.3035
vn -0.7400 0.6594 -0.1326
vn -0.8559 0.5150 0.0474
vn -0.2005 0.6873 0.6982
vn -0.8932 0.2099 0.3976
vn -0.8256 0.0545 0.5616
vn -0.7009 -0.0936 0.7071
vn -0.5261 -0.2221 0.8209
vn -0.3160 -0.3199 0.8932
vn -0.0887 -0.3805 0.9205
vn 0.9663 -0.1433 0.2138
vn 0.3696 -0.3858 0.8453
vn 0.5919 -0.3235 0.7382
vn 0.7944 -0.2018 0.5728
vn 0.9389 -0.0083 0.3442
vn -0.3995 0.0610 0.9147
vn 0.3052 0.6902 -0.6561
vn 0.1857 0.8272 0.5303
vn 0.9666 -0.2543 0.0306
vn -0.9061 0.3708 -0.2037
vn 0.4946 -0.4778 -0.7260
vn 0.6897 0.2073 -0.6938
vn 0.5267 0.2306 -0.8182
vn 0.4893 0.8434 -0.2217
vn 0.2943 -0.6939 0.6572
vn 0.0260 -0.8267 0.5620
vn 0.0235 -0.8275 0.5609
vn -0.4936 0.4795 0.7256
vn -0.4940 0.4795 0.7252
vn -0.4946 0.4778 0.7260
vn -0.4947 0.4794 0.7249
vn -0.4953 0.4791 0.7247
vn -0.4957 0.4787 0.7247
vn -0.4961 0.4782 0.7247
vn -0.4961 0.4778 0.7249
vn -0.4963 0.4774 0.7251
vn -0.4962 0.4768 0.7256
vn -0.4958 0.4764 0.7261
vn -0.4955 0.4761 0.7265
vn -0.4951 0.4761 0.7268
vn -0.4946 0.4763 0.7270
vn -0.4941 0.4764 0.7272
vn -0.4935 0.4769 0.7273
vn -0.4931 0.4774 0.7273
vn -0.4930 0.4777 0.7271
vn -0.4931 0.4785 0.7266
vn -0.4931 0.4791 0.7262
vn -0.4933 0.4792 0.7260
vn 0.5628 -0.8222 -0.0856
vn 0.0645 -0.3860 -0.9202
vn -0.9620 -0.1211 0.2449
vn 0.2305 0.3777 -0.8968
vn 0.4828 0.4663 -0.7412
vn -0.4969 -0.8408 0.2149
vn 0.8515 0.1754 -0.4942
vn 0.2868 -0.8148 0.5039
vn -0.8690 -0.2850 -0.4045
vn 0.4615 -0.1889 -0.8668
vn -0.1152 0.6760 -0.7279
vn 0.8219 0.1303 -0.5546
vn -0.6262 0.6663 0.4050
vn -0.6941 -0.5105 -0.5076
vn 0.6951 0.3512 -0.6273
vn 0.5042 0.3775 -0.7767
vn 0.6443 -0.1176 -0.7557
vn -0.4508 0.4920 0.7448
vn -0.4525 0.4786 0.7525
vn 0.1511 0.3776 0.9136
vn -0.8110 0.1886 0.5538
vn -0.9996 -0.0163 0.0237
vn -0.9998 -0.0066 0.0170
vn 0.6874 0.7262 -0.0097
vn 0.4893 0.8434 -0.2218
vn 0.2435 0.8780 -0.4120
vn -0.8154 -0.1002 0.5701
vn -0.9003 0.0190 0.4349
vn -0.8857 -0.4562 -0.0865
vn 0.6013 0.7921 0.1049
vn -0.0601 0.9064 0.4182
vn 0.0639 0.8279 0.5572
vn 0.7801 0.3677 0.5062
vn 0.1439 0.7051 0.6944
vn 0.7804 0.3565 0.5137
vn 0.4468 -0.4135 0.7933
vn 0.0779 0.2036 0.9759
vn 0.4428 -0.4176 0.7934
vn -0.5608 -0.7578 0.3334
vn -0.7565 -0.6421 0.1241
vn -0.7565 -0.6421 0.1242
vn -0.6874 -0.7262 0.0096
vn -0.8182 -0.5378 -0.2035
vn -0.8182 -0.5377 -0.2035
vn 0.4234 0.5264 0.7373
vn -0.4894 -0.8434 0.2217
vn -0.8341 -0.0262 -0.5510
vn -0.7178 0.2464 -0.6512
vn -0.7178 0.2463 -0.6512
vn 0.8182 0.5378 0.2035
vn 0.8484 0.2612 -0.4605
vn 0.8181 0.5378 0.2035
vn 0.5313 -0.4948 0.6877
vn 0.7178 -0.2464 0.6512
vn 0.5342 -0.8421 0.0740
vn 0.0261 -0.8268 0.5619
vn 0.0260 -0.8268 0.5620
vn -0.1321 0.1173 -0.9843
vn 0.1815 -0.3465 -0.9203
vn 0.1810 -0.3472 -0.9201
vn 0.7304 0.6059 0.3154
vn 0.7303 0.6059 0.3154
vn 0.8221 0.5280 0.2127
vn 0.3247 -0.9458 -0.0009
vn 0.8182 0.5377 0.2035
vn -0.5267 -0.2306 0.8182
vn -0.6897 -0.2071 0.6939
vn -0.4895 -0.8433 0.2219
vn -0.9107 -0.0073 0.4130
vn -0.9475 0.1509 0.2818
vn -0.8688 -0.2964 -0.3965
vn 0.8341 0.0262 0.5510
vn 0.2084 0.5464 0.8112
vn 0.8309 0.0151 0.5561
vn 0.6081 -0.6559 -0.4472
vn 0.6117 -0.6625 -0.4324
vn 0.3484 0.1975 -0.9163
vn 0.1724 0.1105 -0.9788
vn -0.0260 0.8268 -0.5619
vn 0.9107 0.0073 -0.4130
vn -0.8218 -0.1303 0.5546
vn -0.9107 -0.0072 0.4130
vn 0.0969 0.8367 0.5390
vn 0.1788 0.7081 0.6831
vn 0.8341 0.0263 0.5509
vn 0.2083 0.5464 0.8112
vn 0.8310 0.0153 0.5560
vn -0.9874 0.0407 0.1528
vn -0.9217 0.0232 0.3873
vn -0.7116 0.6770 0.1880
vn 0.0699 -0.9921 0.1044
vn 0.6586 -0.6178 0.4295
vn 0.6569 -0.6157 0.4351
vn 0.0739 -0.9257 -0.3711
vn 0.7119 -0.6766 -0.1880
vn 0.0944 -0.9866 -0.1329
vn -0.7162 -0.2289 -0.6593
vn -0.8574 -0.1235 -0.4996
vn -0.3495 0.3198 -0.8807
vn -0.0123 0.9456 -0.3250
vn -0.0703 0.9920 -0.1045
vn 0.6873 0.7263 -0.0097
vn 0.9518 0.0410 0.3039
vn 0.9964 -0.0153 0.0831
vn 0.6875 0.7261 -0.0094
vn 0.9217 -0.0232 -0.3872
vn 0.8036 0.0485 -0.5932
vn 0.6882 0.7255 -0.0098
vn -0.7250 -0.5410 -0.4263
vn -0.7275 -0.5568 -0.4009
vn -0.2491 0.2237 -0.9423
vn 0.8574 0.1230 0.4998
vn 0.7162 0.2292 0.6591
vn 0.3496 -0.3197 0.8806
vn -0.8034 -0.0479 0.5935
vn -0.6879 -0.7257 0.0096
vn -0.6873 -0.7263 0.0096
vn -0.9518 -0.0408 -0.3039
vn -0.6881 -0.7256 0.0094
vn 0.9123 0.3953 0.1067
vn 0.9223 0.3693 0.1143
vn 0.6980 -0.6577 0.2831
vn 0.4036 0.5704 0.7154
vn 0.5073 0.7335 0.4524
vn 0.6876 0.7261 -0.0094
vn 0.2921 0.9564 0.0036
vn 0.9181 0.3643 -0.1562
vn 0.8219 0.1304 -0.5545
vn 0.8524 -0.5135 -0.0986
vn 0.9281 -0.3298 -0.1730
vn -0.0314 0.9193 0.3923
vn 0.4946 -0.4779 -0.7260
vn 0.3256 0.9454 0.0155
vn 0.1650 0.9771 -0.1343
vn -0.4732 0.4038 0.7829
vn -0.1301 0.9377 -0.3222
vn -0.4358 0.7885 -0.4340
vn -0.7009 0.5534 -0.4500
vn -0.8858 0.2756 -0.3734
vn -0.9741 0.0005 -0.2260
vn -0.9706 -0.2377 -0.0372
vn -0.8917 -0.4210 0.1663
vn -0.7559 -0.5432 0.3655
vn -0.5796 -0.6040 0.5470
vn -0.3770 -0.6051 0.7013
vn -0.1616 -0.5492 0.8199
vn 0.0524 -0.4413 0.8958
vn 0.2506 -0.2889 0.9240
vn 0.4198 -0.1011 0.9020
vn 0.5476 0.1113 0.8293
vn 0.6221 0.3366 0.7069
vn 0.6308 0.5598 0.5374
vn 0.5608 0.7602 0.3280
vn 0.6874 0.7262 -0.0096
vn -0.8181 -0.5378 -0.2035
vn -0.8687 -0.2966 -0.3967
vn -0.8687 -0.2965 -0.3967
vn 0.8687 0.2965 0.3967
vn 0.8688 0.2965 0.3966
vn 0.8341 0.0264 0.5510
vn 0.8342 0.0262 0.5508
vn -0.6874 -0.7262 0.0097
vn -0.8182 -0.5378 -0.2034
vn 0.2436 0.8780 -0.4121
vn -0.1553 0.1846 -0.9705
vn 0.4228 0.6198 -0.6611
vn 0.4350 0.6110 -0.6614
vn -0.7312 0.1683 -0.6611
vn -0.3937 0.8374 -0.3792
vn -0.8853 -0.4618 -0.0541
vn -0.8189 -0.1624 0.5505
vn 0.0229 -0.9602 -0.2785
vn 0.8853 0.4618 0.0542
vn -0.8629 0.0693 -0.5006
vn -0.3995 -0.5274 -0.7498
vn 0.4566 0.8486 0.2672
vn -0.6741 -0.1620 -0.7207
vn -0.4178 -0.1272 -0.8996
vn 0.2815 0.5984 -0.7501
vn 0.0165 -0.6698 -0.7423
vn -0.1837 0.0256 0.9827
vn 0.1218 0.0801 0.9893
vn 0.1837 -0.0256 -0.9827
vn -0.2075 0.5375 -0.8173
vn 0.7811 -0.6020 0.1657
vn 0.7982 -0.6003 -0.0495
vn 0.7521 -0.6028 -0.2663
vn -0.3378 -0.8294 -0.4449
vn -0.4566 -0.8486 -0.2672
vn -0.5261 -0.8478 -0.0662
vn -0.5417 -0.8277 0.1467
vn -0.4970 -0.7909 0.3570
vn -0.3882 -0.7442 0.5436
vn 0.4108 -0.6169 0.6713
vn 0.8126 0.1100 -0.5724
vn 0.8125 0.1100 -0.5724
vn -0.6008 -0.0593 0.7972
vn 0.9447 0.1500 -0.2917
vn -0.8125 -0.1101 0.5724
vn 0.6766 0.1623 0.7182
vn 0.0628 0.4569 0.8873
vn 0.6766 0.1624 0.7182
vn 0.3031 -0.0369 0.9522
vn 0.2846 -0.0459 0.9575
vn 0.3575 -0.1725 0.9178
vn 0.2619 0.1035 0.9595
vn 0.2408 0.0997 0.9654
vn 0.2533 0.2475 0.9352
vn 0.2315 0.2497 0.9403
vn 0.2778 0.3814 0.8817
vn 0.2574 0.3891 0.8845
vn 0.3335 0.4925 0.8038
vn 0.3161 0.5041 0.8037
vn 0.4152 0.5697 0.7092
vn 0.4013 0.5838 0.7058
vn 0.5150 0.6050 0.6072
vn 0.5048 0.6204 0.6002
vn 0.6230 0.5950 0.5079
vn 0.6167 0.6104 0.4971
vn 0.7284 0.5405 0.4211
vn 0.7260 0.5547 0.4064
vn 0.8209 0.4471 0.3554
vn 0.8223 0.4584 0.3372
vn 0.8912 0.3240 0.3173
vn 0.8961 0.3309 0.2960
vn 0.9327 0.1836 0.3103
vn 0.9400 0.1843 0.2872
vn 0.9415 0.0395 0.3348
vn 0.9494 0.0333 0.3123
vn 0.9167 -0.0946 0.3881
vn 0.9233 -0.1070 0.3688
vn 0.8607 -0.2057 0.4657
vn 0.8645 -0.2223 0.4509
vn 0.7787 -0.2829 0.5600
vn 0.7789 -0.3016 0.5499
vn 0.6788 -0.3182 0.6618
vn 0.6751 -0.3373 0.6561
vn 0.5631 -0.3263 0.7592
vn 0.4540 -0.2697 0.8492
vn 0.5522 0.7714 -0.3162
vn 0.7213 0.5471 -0.4248
vn 0.8275 0.2452 0.5051
vn 0.8377 0.2736 -0.4726
vn 0.8437 0.1704 0.5090
vn 0.8902 -0.0223 -0.4551
vn 0.8735 -0.3118 -0.3739
vn 0.7893 -0.5665 -0.2371
vn 0.8130 -0.0354 0.5812
vn 0.6458 -0.7613 -0.0579
vn 0.7692 -0.0915 0.6324
vn 0.4571 -0.8773 0.1461
vn 0.7075 -0.1289 0.6948
vn 0.2417 -0.9032 0.3548
vn 0.6311 -0.1424 0.7625
vn 0.0206 -0.8363 0.5479
vn 0.5441 -0.1277 0.8293
vn -0.1845 -0.6832 0.7066
vn 0.4529 -0.0801 0.8880
vn -0.3536 -0.4589 0.8151
vn 0.3701 0.0031 0.9290
vn -0.4700 -0.1854 0.8630
vn 0.3140 0.1158 0.9423
vn -0.5225 0.1106 0.8455
vn 0.3008 0.2402 0.9229
vn -0.5058 0.4000 0.7643
vn 0.3347 0.3520 0.8741
vn -0.4216 0.6547 0.6274
vn 0.4056 0.4311 0.8060
vn -0.2781 0.8495 0.4483
vn 0.4947 0.4694 0.7314
vn -0.0894 0.9656 0.2443
vn 0.1260 0.9914 0.0356
vn 0.3471 0.9245 -0.1576
vn -0.7168 -0.0782 0.6929
vn -0.7344 0.2203 0.6420
vn -0.7342 0.2227 0.6413
vn -0.6842 0.4990 0.5318
vn -0.6802 0.5115 0.5251
vn -0.5694 0.7338 0.3705
vn -0.3986 0.9009 0.1719
vn -0.1875 0.9812 -0.0451
vn -0.5053 0.7436 -0.4378
vn 0.0432 0.9650 -0.2588
vn -0.3138 0.7165 -0.6230
vn 0.2705 0.8525 -0.4474
vn -0.1231 0.6151 -0.7788
vn 0.4710 0.6544 -0.5916
vn 0.0493 0.4486 -0.8924
vn 0.6244 0.3906 -0.6764
vn 0.7151 0.0881 -0.6935
vn 0.7342 -0.2227 -0.6413
vn 0.2881 -0.2721 -0.9181
vn 0.6802 -0.5114 -0.5251
vn 0.2378 -0.5109 -0.8261
vn 0.5580 -0.7496 -0.3562
vn 0.1268 -0.7089 -0.6938
vn 0.3797 -0.9127 -0.1513
vn -0.0294 -0.8468 -0.5310
vn 0.1635 -0.9842 0.0684
vn -0.2131 -0.9119 -0.3506
vn -0.0684 -0.9573 0.2808
vn -0.4068 -0.8980 -0.1675
vn -0.2926 -0.8358 0.4645
vn -0.5929 -0.8052 0.0024
vn -0.4868 -0.6332 0.6017
vn -0.6324 -0.3717 0.6797
vn 0.0036 0.0619 0.9981
vn -0.0100 0.2695 0.9630
vn 0.0278 0.4631 0.8859
vn 0.1118 0.6226 0.7746
vn 0.2322 0.7327 0.6397
vn 0.3771 0.7836 0.4937
vn -0.5391 0.7063 -0.4587
vn 0.5328 0.7703 0.3502
vn 0.6848 0.6938 0.2230
vn 0.8185 0.5610 0.1241
vn 0.9213 0.3837 0.0636
vn 0.9827 0.1785 0.0486
vn 0.9960 -0.0336 0.0831
vn 0.9594 -0.2297 0.1639
vn 0.8771 -0.3894 0.2811
vn -0.4091 -0.4353 -0.8020
vn 0.0678 -0.7076 -0.7034
vn 0.7581 -0.4977 0.4214
vn 0.6139 -0.5456 0.5704
vn 0.4584 -0.5292 0.7141
vn 0.3061 -0.4502 0.8388
vn 0.1714 -0.3166 0.9329
vn 0.0670 -0.1408 0.9878
vn 0.6474 0.7588 0.0719
vn 0.8020 0.5962 -0.0370
vn 0.4670 0.8565 0.2198
vn 0.2800 0.8766 0.3914
vn 0.1074 0.8162 0.5676
vn -0.0321 0.6839 0.7289
vn -0.1252 0.4963 0.8590
vn -0.1656 0.2740 0.9474
vn -0.1514 0.0359 0.9878
vn -0.0831 -0.1988 0.9765
vn 0.0356 -0.4084 0.9121
vn 0.1945 -0.5693 0.7988
vn 0.3772 -0.6621 0.6476
vn 0.5632 -0.6758 0.4754
vn 0.7322 -0.6108 0.3015
vn 0.8670 -0.4770 0.1443
vn 0.9564 -0.2916 0.0183
vn 0.9950 -0.0739 -0.0673
vn 0.9815 0.1586 -0.1071
vn 0.9162 0.3887 -0.0977
vn 0.6628 -0.7075 -0.2453
vn 0.6699 -0.6976 -0.2541
vn 0.9982 -0.0591 -0.0031
vn -0.5115 -0.3571 0.7816
vn -0.2935 0.2731 0.9161
vn 0.2068 0.0960 0.9737
vn 0.9384 0.1791 0.2956
vn -0.8589 -0.2989 0.4159
vn 0.8425 -0.5210 0.1373
vn -0.2003 0.3007 0.9324
vn -0.5856 -0.7973 -0.1461
vn -0.2376 0.9713 -0.0103
vn -0.7508 -0.4879 0.4452
vn -0.3043 0.3434 0.8885
vn -0.6284 -0.3812 0.6781
vn 0.3891 -0.9069 -0.1616
vn -0.4789 -0.6440 0.5966
vn 0.8316 -0.1933 -0.5207
vn 0.0575 0.6436 0.7632
vn -0.6006 -0.0564 0.7975
vn -0.0835 0.0489 0.9953
vn 0.5223 0.7798 0.3451
vn 0.8316 -0.1933 -0.5206
vn 0.9582 -0.2691 0.0973
vn 0.7800 -0.4740 -0.4086
vn 0.6031 -0.5599 0.5681
vn 0.1313 -0.3370 0.9323
vn 0.0012 -0.1621 0.9868
vn -0.2934 0.2734 0.9160
vn -0.2482 0.5192 0.8178
vn 0.0022 0.8636 0.5041
vn 0.1826 0.9299 0.3192
vn 0.5075 0.6228 0.5955
vn 0.3782 0.9153 0.1382
vn 0.6241 0.6055 0.4937
vn 0.5712 0.8205 -0.0222
vn 0.7341 0.5448 0.4054
vn 0.7434 0.6526 -0.1464
vn 0.8773 0.4259 -0.2213
vn 0.9578 0.1619 -0.2374
vn 0.9751 -0.1117 -0.1918
vn 0.9466 0.0364 0.3203
vn 0.9268 -0.3649 -0.0891
vn 0.9229 -0.0973 0.3724
vn 0.8191 -0.5707 0.0588
vn 0.8680 -0.2106 0.4496
vn 0.6646 -0.7091 0.2356
vn 0.7856 -0.2913 0.5459
vn 0.4799 -0.7686 0.4230
vn 0.6829 -0.3310 0.6512
vn 0.2833 -0.7457 0.6030
vn 0.5688 -0.3261 0.7551
vn 0.0929 -0.6439 0.7594
vn 0.4527 -0.2763 0.8478
vn 0.5236 0.7868 0.3267
vn -0.2950 0.0110 -0.9554
vn 0.1595 0.7762 0.6100
vn -0.3892 0.9069 0.1616
vn 0.4789 0.6439 -0.5966
vn 0.0847 -0.3660 0.9267
vn -0.2944 0.1600 -0.9422
vn -0.4416 0.0979 -0.8918
vn -0.3842 -0.0026 -0.9232
vn -0.3431 -0.2351 -0.9094
vn -0.3634 -0.3446 -0.8656
vn -0.5576 -0.5270 -0.6414
vn -0.6457 -0.5188 -0.5602
vn 0.4452 -0.2843 0.8491
vn -0.7337 0.2123 -0.6455
vn -0.3042 -0.4400 -0.8449
vn -0.0953 -0.6393 -0.7630
vn -0.4800 0.8369 0.2630
vn -0.2839 0.9575 0.0511
vn -0.0601 0.9843 -0.1659
vn 0.1696 0.9148 -0.3666
vn 0.3828 0.7557 -0.5314
vn 0.5584 0.5227 -0.6442
vn 0.6794 0.2385 -0.6939
vn 0.7339 -0.0691 -0.6757
vn 0.7166 -0.3698 -0.5914
vn 0.6291 -0.6344 -0.4492
vn 0.4800 -0.8369 -0.2630
vn 0.2839 -0.9575 -0.0511
vn 0.0601 -0.9843 0.1659
vn -0.1696 -0.9148 0.3666
vn -0.3828 -0.7557 0.5314
vn -0.5584 -0.5227 0.6442
vn -0.6794 -0.2385 0.6939
vn -0.7339 0.0691 0.6757
vn -0.7166 0.3698 0.5914
vn -0.6291 0.6344 0.4492
vn -0.5820 0.6094 -0.5383
vn 0.7916 -0.5273 -0.3088
vn 0.8872 0.1311 -0.4423
vn -0.5900 -0.8020 -0.0939
vn -0.8292 0.5361 -0.1580
vn -0.2533 0.6060 0.7541
vn 0.4178 0.1272 0.8996
vn -0.0445 -0.5557 0.8302
vn 0.4374 -0.5350 0.7228
vn 0.7522 -0.6027 -0.2663
vn 0.6389 -0.6147 -0.4625
vn 0.0290 -0.7408 -0.6711
vn -0.2216 -0.6971 0.6819
vn 0.7731 -0.5399 -0.3329
vn 0.3512 0.6075 -0.7124
vn 0.2488 0.4997 -0.8297
vn 0.1748 0.3488 -0.9207
vn 0.1374 0.1674 -0.9763
vn 0.7155 0.0858 -0.6934
vn 0.5424 -0.5395 -0.6439
vn 0.6796 -0.5302 -0.5070
vn 0.8027 -0.4627 -0.3762
vn 0.9006 -0.3459 -0.2631
vn 0.9780 0.1731 -0.1165
vn 0.9255 0.3488 -0.1477
vn 0.8395 0.4978 -0.2179
vn 0.4724 0.6635 -0.5801
vn -0.7155 -0.0857 0.6934
vn -0.2132 0.4237 0.8803
vn -0.7156 -0.0856 0.6932
vn -0.3966 -0.7322 0.5537
vn -0.5417 -0.7434 0.3922
vn -0.9246 -0.3800 0.0280
vn 0.6886 0.6849 -0.2382
vn 0.4451 0.7090 0.5470
vn 0.8214 0.5594 -0.1113
vn -0.1165 0.2550 0.9599
vn 0.9246 0.3800 -0.0280
vn -0.0608 0.0557 0.9966
vn 0.9857 0.1686 0.0019
vn -0.0505 -0.1540 0.9868
vn -0.0846 -0.3540 0.9314
vn 0.8855 -0.4191 -0.2004
vn -0.1426 0.0277 0.9894
vn -0.3512 -0.6075 0.7124
vn -0.4724 -0.6635 0.5801
vn -0.6019 -0.6630 0.4450
vn -0.7282 -0.6060 0.3203
vn -0.8395 -0.4978 0.2179
vn -0.9255 -0.3488 0.1477
vn -0.9780 -0.1731 0.1164
vn -0.9918 0.0127 0.1268
vn -0.9654 0.1912 0.1774
vn -0.9006 0.3459 0.2631
vn -0.8027 0.4627 0.3762
vn -0.6796 0.5302 0.5070
vn -0.5424 0.5395 0.6439
vn -0.4051 0.4869 0.7738
vn -0.2835 0.3752 0.8825
vn -0.1926 0.2159 0.9572
vn 0.7155 0.0859 -0.6933
vn -0.2488 -0.4997 0.8297
vn -0.2237 -0.9037 -0.3650
vn -0.2180 -0.9116 -0.3486
vn -0.4773 -0.8773 -0.0506
vn -0.4521 -0.8909 -0.0429
vn -0.9146 0.0321 -0.4031
vn -0.9935 0.0575 -0.0986
vn -0.9735 0.0775 0.2150
vn -0.7163 -0.5441 0.4369
vn -0.8578 0.0898 0.5061
vn -0.5730 -0.5099 0.6416
vn -0.6596 0.0931 0.7458
vn -0.3996 0.0874 0.9125
vn -0.3997 0.0874 0.9125
vn -0.1013 0.0733 0.9922
vn -0.0989 0.0733 0.9924
vn 0.2090 0.0523 0.9765
vn 0.2130 0.0521 0.9757
vn 0.5009 0.0257 0.8651
vn 0.5054 0.0252 0.8625
vn 0.7446 -0.0036 0.6675
vn 0.9146 -0.0324 0.4032
vn 0.9934 -0.0578 0.0987
vn 0.9735 -0.0774 -0.2150
vn 0.8578 -0.0896 -0.5061
vn 0.6596 -0.0930 -0.7458
vn 0.3996 -0.0873 -0.9125
vn 0.0448 -0.6516 -0.7572
vn 0.1013 -0.0733 -0.9922
vn -0.2003 -0.6622 -0.7220
vn -0.2089 -0.0520 -0.9765
vn -0.4965 -0.0259 -0.8676
vn -0.5009 -0.0256 -0.8651
vn -0.7408 0.0028 -0.6717
vn -0.7446 0.0034 -0.6675
vn 0.0647 0.9956 -0.0671
vn -0.0447 0.6517 0.7572
vn 0.0644 0.9956 -0.0677
vn 0.0645 0.9956 -0.0674
vn -0.2876 0.6505 0.7030
vn 0.0641 0.9956 -0.0677
vn 0.0643 0.9957 -0.0673
vn 0.0641 0.9957 -0.0671
vn 0.0649 0.9956 -0.0668
vn 0.0647 0.9957 -0.0669
vn 0.5729 0.5101 -0.6415
vn 0.9657 -0.0455 0.2555
vn 0.6335 0.0110 0.7737
vn 0.6335 0.0109 0.7737
vn -0.2514 0.0812 0.9645
vn -0.2514 0.0813 0.9645
vn 0.0594 0.0631 0.9962
vn 0.0594 0.0632 0.9962
vn -0.5375 0.0913 0.8383
vn -0.7710 0.0924 0.6301
vn -0.9291 0.0845 0.3602
vn -0.8408 0.0182 -0.5411
vn -0.9657 0.0455 -0.2555
vn -0.0593 -0.0631 -0.9962
vn -0.0593 -0.0630 -0.9962
vn -0.3643 -0.0389 -0.9305
vn 0.5375 -0.0912 -0.8383
vn 0.7710 -0.0923 -0.6301
vn 0.9291 -0.0844 -0.3602
vn 0.9291 -0.0845 -0.3602
vn 0.3995 -0.0869 -0.9126
vn 0.6596 -0.0929 -0.7459
vn 0.3996 -0.0871 -0.9125
vn 0.7163 0.5439 -0.4370
vn 0.8578 -0.0899 -0.5061
vn 0.9146 -0.0321 0.4031
vn 0.7408 -0.0030 0.6717
vn 0.7446 -0.0035 0.6675
vn 0.4965 0.0260 0.8677
vn 0.5009 0.0256 0.8651
vn 0.2049 0.0523 0.9774
vn 0.2089 0.0521 0.9766
vn -0.1014 0.0733 0.9921
vn -0.3995 0.0872 0.9126
vn -0.4917 0.6648 0.5624
vn -0.6596 0.0928 0.7459
vn -0.9145 0.0323 -0.4033
vn -0.7446 0.0036 -0.6675
vn -0.5009 -0.0257 -0.8651
vn -0.2127 -0.0517 -0.9757
vn -0.2089 -0.0521 -0.9766
vn 0.0990 -0.0731 -0.9924
vn 0.1013 -0.0732 -0.9922
vn 0.6596 -0.0929 -0.7458
vn 0.8578 -0.0897 -0.5061
vn 0.9735 -0.0776 -0.2151
vn 0.7446 -0.0034 0.6675
vn 0.2089 0.0521 0.9765
vn -0.3996 0.0873 0.9125
vn -0.6596 0.0929 0.7458
vn -0.8578 0.0897 0.5061
vn -0.9735 0.0776 0.2151
vn -0.9934 0.0578 -0.0986
vn -0.2089 -0.0521 -0.9765
vn -0.5687 0.7555 -0.3254
vn 0.3159 0.8281 -0.4632
vn 0.7247 0.6889 0.0143
vn 0.6671 0.7119 0.2194
vn -0.0648 -0.9957 0.0668
vn -0.0646 -0.9957 0.0667
vn -0.0646 -0.9957 0.0668
vn -0.0645 -0.9957 0.0667
vn -0.0645 -0.9957 0.0668
vn -0.0644 -0.9957 0.0670
vn -0.0644 -0.9957 0.0672
vn -0.0645 -0.9957 0.0671
vn -0.6335 -0.0110 -0.7736
vn -0.9657 0.0454 -0.2555
vn -0.9962 0.0681 0.0550
vn -0.9962 0.0682 0.0550
vn -0.9291 0.0843 0.3601
vn -0.7711 0.0920 0.6300
vn -0.7711 0.0922 0.6300
vn -0.5376 0.0910 0.8383
vn -0.5376 0.0911 0.8383
vn -0.2513 0.0810 0.9645
vn -0.2513 0.0811 0.9645
vn 0.0594 0.0633 0.9962
vn 0.3643 0.0388 0.9305
vn 0.6336 0.0109 0.7736
vn 0.9657 -0.0456 0.2555
vn 0.9961 -0.0685 -0.0550
vn 0.9290 -0.0846 -0.3602
vn 0.7710 -0.0922 -0.6301
vn 0.5375 -0.0911 -0.8383
vn 0.2515 -0.0814 -0.9644
vn 0.2514 -0.0813 -0.9645
vn -0.0594 -0.0632 -0.9962
vn -0.3643 -0.0387 -0.9305
vn -0.3643 -0.0388 -0.9305
vn 0.0645 0.9957 -0.0670
vn 0.6005 -0.7025 -0.3819
vn 0.7456 -0.6129 -0.2617
vn 0.5295 0.5965 -0.6031
vn -0.1793 0.9438 -0.2778
vn -0.7296 -0.3056 -0.6118
vn 0.3866 -0.8076 0.4454
vn 0.5601 -0.5976 0.5738
vn 0.5660 -0.5879 0.5779
vn -0.6624 0.0929 0.7434
vn -0.6624 0.0930 0.7434
vn -0.6625 0.0929 0.7433
vn -0.2833 0.3557 0.8906
vn -0.2420 0.2250 0.9438
vn -0.2234 0.2297 0.9473
vn -0.2660 0.3644 0.8924
vn -0.2342 0.0806 0.9689
vn -0.2152 0.0803 0.9733
vn -0.2606 -0.0637 0.9633
vn -0.2424 -0.0691 0.9677
vn -0.3188 -0.1938 0.9278
vn -0.3024 -0.2040 0.9311
vn -0.4030 -0.2968 0.8657
vn -0.3895 -0.3111 0.8669
vn -0.5051 -0.3628 0.7831
vn -0.4951 -0.3800 0.7814
vn -0.6149 -0.3852 0.6881
vn -0.6089 -0.4039 0.6827
vn -0.7218 -0.3617 0.5901
vn -0.7200 -0.3801 0.5807
vn -0.8152 -0.2948 0.4986
vn -0.8172 -0.3110 0.4853
vn -0.8860 -0.1910 0.4226
vn -0.8910 -0.2032 0.4059
vn -0.9273 -0.0605 0.3694
vn -0.9341 -0.0674 0.3505
vn -0.9351 0.0840 0.3444
vn -0.9422 0.0830 0.3245
vn -0.9085 0.2283 0.3500
vn -0.9145 0.2332 0.3305
vn -0.8503 0.3584 0.3855
vn -0.8538 0.3683 0.3678
vn -0.7660 0.4615 0.4476
vn -0.7662 0.4751 0.4327
vn -0.6639 0.5274 0.5302
vn -0.6603 0.5431 0.5187
vn -0.5541 0.5497 0.6252
vn -0.5465 0.5659 0.6173
vn -0.4473 0.5261 0.7233
vn -0.4359 0.5414 0.7189
vn -0.3540 0.4592 0.8148
vn -0.3393 0.4720 0.8136
vn -0.6745 -0.4512 -0.5844
vn -0.2560 0.8961 0.3627
vn -0.1644 0.7824 -0.6007
vn 0.4791 0.8651 0.1487
vn 0.3637 -0.8187 0.4443
vn 0.1589 -0.9523 0.2607
vn 0.5431 -0.0689 -0.8368
vn -0.0745 -0.9955 0.0581
vn 0.4507 -0.1487 -0.8802
vn 0.8632 -0.4179 0.2832
vn -0.5720 0.5780 -0.5820
vn -0.3397 0.8200 -0.4608
vn -0.3954 0.7995 -0.4523
vn 0.4315 0.8335 -0.3451
vn -0.1528 -0.9882 -0.0066
vn 0.0552 0.9956 -0.0753
vn 0.2851 0.9489 0.1354
vn -0.7318 -0.6498 -0.2053
vn -0.8482 -0.4066 -0.3394
vn -0.8991 -0.1212 -0.4205
vn -0.8797 0.1786 -0.4407
vn -0.7918 0.4634 -0.3979
vn -0.6439 0.7053 -0.2964
vn -0.4507 0.8806 -0.1461
vn -0.2310 0.9722 0.0382
vn -0.0063 0.9711 0.2386
vn 0.2014 0.8774 0.4354
vn 0.3718 0.7003 0.6094
vn 0.4882 0.4571 0.7435
vn 0.5391 0.1717 0.8246
vn 0.5197 -0.1281 0.8447
vn 0.4318 -0.4129 0.8019
vn 0.2840 -0.6548 0.7004
vn 0.0907 -0.8301 0.5502
vn -0.1291 -0.9217 0.3658
vn -0.3538 -0.9206 0.1655
vn -0.5615 -0.8269 -0.0314
vn 0.6927 -0.3017 0.6551
vn 0.6872 -0.3195 0.6524
vn 0.7460 -0.0089 0.6659
vn 0.7467 0.0024 0.6651
vn 0.5720 -0.5780 0.5820
vn 0.5600 -0.5975 0.5738
vn 0.3953 -0.7995 0.4523
vn 0.1793 -0.9438 0.2778
vn -0.0553 -0.9956 0.0753
vn -0.2851 -0.9489 -0.1354
vn -0.2997 -0.9423 -0.1493
vn -0.4871 -0.8073 -0.3332
vn -0.4953 -0.7988 -0.3415
vn -0.6407 -0.5846 -0.4978
vn -0.7300 -0.3030 -0.6127
vn -0.7460 0.0090 -0.6659
vn -0.7467 -0.0024 -0.6652
vn -0.6872 0.3196 -0.6524
vn -0.6927 0.3017 -0.6551
vn -0.5601 0.5976 -0.5738
vn -0.3777 0.8155 -0.4386
vn -0.3953 0.7995 -0.4523
vn -0.1589 0.9523 -0.2607
vn 0.0745 0.9955 -0.0581
vn 0.0553 0.9956 -0.0753
vn 0.2997 0.9423 0.1493
vn 0.4953 0.7988 0.3415
vn 0.4871 0.8073 0.3332
vn 0.6430 0.5796 0.5006
vn 0.6407 0.5846 0.4978
vn 0.7295 0.3056 0.6119
vn 0.7300 0.3030 0.6126
vn 0.8980 -0.0889 -0.4310
vn 0.8980 -0.0874 -0.4311
vn 0.8763 -0.2055 -0.4357
vn 0.8756 -0.2077 -0.4360
vn 0.0105 0.0680 0.9976
vn -0.0267 -0.1372 0.9902
vn 0.8286 -0.3118 -0.4649
vn 0.8273 -0.3140 -0.4658
vn -0.1090 -0.3232 0.9400
vn 0.7597 -0.3960 -0.5159
vn 0.7580 -0.3975 -0.5172
vn -0.2285 -0.4715 0.8517
vn 0.6763 -0.4497 -0.5835
vn 0.6747 -0.4503 -0.5848
vn -0.3739 -0.5674 0.7337
vn 0.5866 -0.4678 -0.6611
vn 0.5855 -0.4678 -0.6621
vn -0.5310 -0.6012 0.5972
vn 0.4994 -0.4485 -0.7412
vn 0.4988 -0.4483 -0.7418
vn -0.6845 -0.5692 0.4556
vn 0.4232 -0.3938 -0.8160
vn -0.8191 -0.4741 0.3230
vn 0.3655 -0.3091 -0.8780
vn -0.9215 -0.3251 0.2126
vn 0.3318 -0.2026 -0.9213
vn 0.3318 -0.2027 -0.9213
vn -0.9813 -0.1368 0.1357
vn 0.3254 -0.0847 -0.9418
vn 0.3254 -0.0850 -0.9418
vn -0.9924 0.0717 0.1000
vn 0.3468 0.0325 -0.9374
vn 0.3470 0.0331 -0.9373
vn -0.9539 0.2798 0.1090
vn 0.3944 0.1394 -0.9083
vn 0.3938 0.1384 -0.9087
vn -0.8697 0.4665 0.1614
vn 0.4631 0.2237 -0.8576
vn 0.1181 0.5737 -0.8105
vn -0.7484 0.6136 0.2519
vn 0.5465 0.2777 -0.7901
vn 0.2852 0.6843 -0.6711
vn -0.6020 0.7069 0.3713
vn 0.6362 0.2961 -0.7124
vn -0.4451 0.7376 0.5077
vn -0.2929 0.7032 0.6478
vn -0.1602 0.6073 0.7781
vn 0.8579 0.1376 -0.4950
vn 0.8576 0.1383 -0.4954
vn -0.0596 0.4595 0.8862
vn 0.8917 0.0308 -0.4516
vn 0.8918 0.0305 -0.4515
vn -0.0009 0.2739 0.9618
vn -0.7971 -0.5745 0.1860
vn -0.9140 -0.4011 0.0601
vn -0.6422 -0.6879 0.3382
vn -0.4637 -0.7297 0.5025
vn -0.2788 -0.6949 0.6629
vn -0.1058 -0.5858 0.8035
vn 0.0380 -0.4129 0.9100
vn 0.1378 -0.1931 0.9714
vn 0.1836 0.0516 0.9816
vn 0.1708 0.2968 0.9396
vn 0.1006 0.5181 0.8494
vn -0.0199 0.6937 0.7200
vn -0.1788 0.8059 0.5644
vn -0.3602 0.8437 0.3980
vn -0.5458 0.8035 0.2376
vn -0.7171 0.6898 0.0991
vn -0.8573 0.5147 -0.0039
vn -0.9531 0.2961 -0.0619
vn -0.9960 0.0554 -0.0700
vn -0.9824 -0.1845 -0.0279
vn -0.9392 -0.0722 0.3356
vn -0.8950 -0.2120 0.3925
vn -0.9475 0.0825 0.3089
vn -0.9191 0.2370 0.3149
vn -0.8567 0.3761 0.3531
vn -0.7664 0.4862 0.4198
vn -0.6573 0.5565 0.5083
vn -0.5399 0.5801 0.6099
vn -0.4258 0.5549 0.7147
vn -0.3262 0.4833 0.8124
vn -0.2507 0.3725 0.8935
vn -0.2067 0.2332 0.9502
vn -0.1983 0.0790 0.9770
vn -0.2265 -0.0751 0.9711
vn -0.2885 -0.2142 0.9332
vn -0.3784 -0.3245 0.8669
vn -0.4874 -0.3952 0.7786
vn -0.6049 -0.4193 0.6770
vn -0.6860 0.0528 0.7256
vn -0.6861 0.0529 0.7256
vn -0.6761 0.0458 0.7354
vn -0.6935 0.0639 0.7176
vn -0.6936 0.0639 0.7176
vn -0.6979 0.0777 0.7119
vn -0.6979 0.0777 0.7120
vn -0.6988 0.0930 0.7093
vn -0.6988 0.0929 0.7093
vn -0.6959 0.1083 0.7099
vn -0.6960 0.1081 0.7099
vn -0.6898 0.1221 0.7137
vn -0.6899 0.1220 0.7136
vn -0.6808 0.1330 0.7203
vn -0.6809 0.1330 0.7202
vn -0.6700 0.1400 0.7290
vn -0.6584 0.1424 0.7391
vn -0.6583 0.1424 0.7391
vn -0.6471 0.1399 0.7495
vn -0.6470 0.1399 0.7496
vn -0.6372 0.1328 0.7592
vn -0.6371 0.1327 0.7593
vn -0.6297 0.1218 0.7673
vn -0.0931 0.4443 0.8911
vn -0.6253 0.1080 0.7729
vn -0.6244 0.0926 0.7756
vn -0.6273 0.0774 0.7750
vn -0.6272 0.0775 0.7750
vn -0.6334 0.0636 0.7712
vn -0.6424 0.0526 0.7646
vn -0.6423 0.0526 0.7646
vn -0.6532 0.0456 0.7558
vn -0.6648 0.0433 0.7458
vn -0.5934 -0.7742 -0.2203
vn -0.4001 -0.9160 -0.0305
vn -0.7393 -0.5578 -0.3773
vn -0.8249 -0.2859 -0.4876
vn -0.8247 -0.2872 -0.4871
vn -0.8413 0.0180 -0.5403
vn -0.8418 0.0122 -0.5397
vn -0.7883 0.3125 -0.5300
vn -0.6689 0.5855 -0.4580
vn -0.4857 0.8124 -0.3228
vn -0.4943 0.8043 -0.3299
vn -0.2710 0.9510 -0.1489
vn -0.2808 0.9468 -0.1574
vn -0.0398 0.9979 0.0512
vn -0.0491 0.9979 0.0427
vn 0.1778 0.9515 0.2510
vn 0.3770 0.8117 0.4462
vn 0.5284 0.5918 0.6087
vn 0.6165 0.3139 0.7221
vn 0.6324 0.0060 0.7746
vn 0.5773 -0.2920 0.7625
vn 0.5747 -0.3005 0.7612
vn 0.4550 -0.5657 0.6878
vn 0.4493 -0.5751 0.6837
vn 0.2776 -0.7827 0.5571
vn 0.2691 -0.7905 0.5502
vn 0.0629 -0.9215 0.3832
vn 0.0529 -0.9257 0.3746
vn -0.1680 -0.9686 0.1832
vn -0.1776 -0.9685 0.1744
vn -0.6669 0.7450 -0.0097
vn -0.4790 0.8661 0.1426
vn -0.4872 0.8627 0.1357
vn -0.6743 0.7383 -0.0155
vn -0.8222 0.5555 -0.1244
vn -0.8274 0.5469 -0.1280
vn -0.9295 0.3160 -0.1901
vn -0.9320 0.3079 -0.1913
vn -0.9784 0.0502 -0.2004
vn -0.9788 0.0449 -0.2001
vn -0.9641 -0.2159 -0.1544
vn -0.9639 -0.2172 -0.1541
vn -0.8891 -0.4539 -0.0578
vn -0.8880 -0.4563 -0.0566
vn -0.3889 -0.8133 0.4328
vn -0.6261 -0.3578 0.6928
vn -0.1952 -0.7753 0.6007
vn -0.1868 -0.7718 0.6078
vn -0.0061 -0.6564 0.7544
vn 0.0009 -0.6501 0.7598
vn 0.1512 -0.4676 0.8709
vn 0.1557 -0.4602 0.8741
vn 0.2605 -0.2273 0.9383
vn 0.2625 -0.2208 0.9393
vn 0.3107 0.0404 0.9496
vn 0.3110 0.0445 0.9494
vn 0.2968 0.3089 0.9036
vn 0.2966 0.3098 0.9034
vn 0.2208 0.5495 0.8058
vn 0.2200 0.5512 0.8049
vn 0.0909 0.7402 0.6662
vn 0.0880 0.7432 0.6632
vn -0.0806 0.8634 0.4980
vn -0.0859 0.8658 0.4929
vn -0.2769 0.9069 0.3176
vn -0.2843 0.9069 0.3109
vn 0.6177 0.3820 0.6874
vn -0.1844 0.7735 0.6063
vn -0.2935 0.5115 -0.8076
vn 0.3866 -0.8076 0.4455
vn -0.5358 0.2635 -0.8022
vn 0.4389 0.2232 -0.8704
vn -0.8961 0.3763 -0.2353
vn -0.9923 0.0979 -0.0759
vn 0.6286 0.7645 0.1432
vn 0.8456 0.0310 -0.5329
vn -0.6900 0.3107 -0.6537
vn 0.4659 0.2658 0.8440
vn -0.5660 0.5879 -0.5779
vn -0.6622 0.2074 0.7200
vn -0.3866 0.8076 -0.4455
vn -0.3085 0.5932 0.7436
vn -0.2231 0.4008 0.8886
vn -0.1888 0.9012 0.3901
vn 0.5799 -0.2834 0.7638
vn 0.5773 -0.2919 0.7626
vn 0.4606 -0.5562 0.6917
vn 0.4550 -0.5656 0.6878
vn 0.2863 -0.7749 0.5636
vn 0.2778 -0.7826 0.5571
vn 0.0730 -0.9173 0.3914
vn 0.0631 -0.9215 0.3831
vn -0.5851 -0.7828 -0.2119
vn -0.7368 -0.5628 -0.3747
vn -0.8251 -0.2845 -0.4882
vn -0.8409 0.0237 -0.5407
vn -0.8413 0.0181 -0.5403
vn -0.7828 0.3305 -0.5272
vn -0.7855 0.3218 -0.5286
vn -0.6571 0.6050 -0.4497
vn -0.4770 0.8201 -0.3162
vn -0.2610 0.9551 -0.1405
vn -0.2709 0.9510 -0.1488
vn -0.0306 0.9978 0.0595
vn -0.0399 0.9979 0.0513
vn 0.1916 0.9452 0.2643
vn 0.1847 0.9484 0.2577
vn 0.3848 0.8035 0.4542
vn 0.3809 0.8076 0.4502
vn 0.5297 0.5894 0.6100
vn 0.4549 -0.5656 0.6878
vn 0.2776 -0.7826 0.5571
vn 0.0630 -0.9215 0.3832
vn -0.1681 -0.9686 0.1832
vn -0.8412 0.0180 -0.5404
vn -0.4858 0.8123 -0.3227
vn -0.2711 0.9510 -0.1488
vn 0.2778 -0.7826 0.5570
vn 0.0632 -0.9215 0.3831
vn -0.1679 -0.9686 0.1831
vn -0.2709 0.9510 -0.1487
vn 0.1848 0.9484 0.2577
vn 0.3113 0.0482 0.9491
vn 0.2965 0.3107 0.9031
vn 0.2644 -0.2148 0.9402
vn 0.1599 -0.4533 0.8769
vn 0.0074 -0.6442 0.7648
vn -0.1790 -0.7685 0.6143
vn -0.3813 -0.8132 0.4396
vn -0.5798 -0.7729 0.2577
vn -0.7543 -0.6507 0.0869
vn -0.8870 -0.4584 -0.0554
vn -0.9643 -0.2148 -0.1547
vn -0.9781 0.0549 -0.2008
vn -0.9272 0.3233 -0.1890
vn -0.8173 0.5633 -0.1211
vn -0.6601 0.7511 -0.0045
vn -0.4715 0.8692 0.1489
vn -0.2701 0.9068 0.3237
vn -0.0756 0.8611 0.5027
vn 0.0936 0.7374 0.6689
vn 0.2216 0.5478 0.8067
vn -0.6273 0.0773 0.7750
vn -0.6244 0.0927 0.7756
vn -0.6335 0.0635 0.7712
vn -0.6531 0.0457 0.7559
vn -0.6761 0.0457 0.7354
vn -0.6860 0.0527 0.7257
vn -0.6935 0.0638 0.7176
vn -0.6936 0.0638 0.7176
vn -0.6987 0.0931 0.7093
vn -0.6959 0.1085 0.7099
vn -0.6897 0.1222 0.7137
vn -0.6808 0.1331 0.7203
vn -0.6808 0.1330 0.7202
vn -0.6471 0.1399 0.7494
vn -0.6372 0.1329 0.7591
vn 0.7235 0.2771 -0.6322
vn 0.8917 0.0308 -0.4515
vn 0.5661 -0.5879 0.5779
vn 0.3867 -0.8074 0.4456
vn -0.7297 -0.3043 -0.6123
vn 0.1690 -0.9481 0.2694
vn -0.0649 -0.9957 0.0668
vn 0.6419 0.5821 0.4991
vn 0.7463 -0.0034 0.6656
vn 0.1692 -0.9481 0.2693
vn -0.5716 -0.1610 0.8046
vn 0.5999 -0.4587 -0.6555
vn 0.4954 -0.5205 -0.6954
vn -0.6376 -0.4546 0.6220
vn 0.1241 -0.5184 -0.8461
vn -0.6940 0.0931 0.7139
vn 0.2703 -0.0125 -0.9627
vn 0.6676 -0.0824 -0.7400
vn 0.6031 -0.0633 -0.7951
vn -0.5112 0.1735 0.8418
vn -0.5019 0.5482 0.6690
vn 0.9205 -0.2484 -0.3016
vn 0.6110 -0.3219 0.7232
vn 0.5660 -0.5879 0.5780
vn -0.7463 0.0033 -0.6656
vn -0.6899 0.3107 -0.6538
vn -0.5660 0.5879 -0.5780
vn -0.3866 0.8075 -0.4454
vn 0.5464 0.2777 -0.7901
vn 0.8302 -0.3092 -0.4639
vn 0.7616 -0.3942 -0.5144
vn 0.6781 -0.4489 -0.5820
vn 0.5879 -0.4678 -0.6600
vn 0.5001 -0.4489 -0.7406
vn 0.4235 -0.3941 -0.8157
vn 0.3655 -0.3092 -0.8779
vn 0.3318 -0.2025 -0.9214
vn 0.3254 -0.0844 -0.9418
vn 0.3472 0.0339 -0.9372
vn 0.3951 0.1406 -0.9078
vn 0.4646 0.2250 -0.8565
vn 0.5486 0.2786 -0.7883
vn 0.6386 0.2961 -0.7103
vn 0.7256 0.2762 -0.6302
vn 0.8012 0.2212 -0.5560
vn 0.8583 0.1368 -0.4946
vn 0.8916 0.0312 -0.4516
vn 0.8982 -0.0856 -0.4313
vn 0.8771 -0.2029 -0.4354
vn -0.8946 -0.2129 0.3930
vn -0.9393 -0.0717 0.3354
vn -0.9474 0.0847 0.3087
vn -0.9181 0.2402 0.3154
vn -0.8546 0.3794 0.3545
vn -0.7638 0.4886 0.4218
vn -0.6546 0.5576 0.5105
vn -0.5378 0.5801 0.6118
vn -0.4245 0.5543 0.7159
vn -0.3256 0.4827 0.8130
vn -0.2505 0.3721 0.8937
vn -0.2067 0.2333 0.9502
vn -0.1982 0.0798 0.9769
vn -0.2260 -0.0736 0.9713
vn -0.2873 -0.2122 0.9340
vn -0.3763 -0.3225 0.8686
vn -0.4845 -0.3940 0.7810
vn -0.6017 -0.4194 0.6797
vn -0.7299 -0.3030 -0.6127
vn -0.7459 0.0089 -0.6660
vn -0.6871 0.3195 -0.6525
vn -0.5600 0.5975 -0.5739
vn 0.6430 0.5797 0.5005
vn 0.7295 0.3057 0.6119
vn 0.7468 0.0025 0.6651
vn 0.6927 -0.3017 0.6550
vn 0.5719 -0.5780 0.5821
vn 0.3951 -0.7997 0.4521
vn 0.1794 -0.9438 0.2777
vn -0.0553 -0.9956 0.0752
vn 0.7296 0.3055 0.6119
vn 0.7466 0.0024 0.6652
vn 0.3954 -0.7994 0.4523
vn 0.1791 -0.9437 0.2780
vn -0.0554 -0.9956 0.0753
vn -0.6873 0.3195 -0.6524
vn -0.5603 0.5975 -0.5737
vn -0.3866 0.8075 -0.4455
vn -0.3954 0.7994 -0.4523
vn -0.7467 -0.0025 -0.6651
vn 0.2946 -0.6967 -0.6540
vn -0.0746 -0.9955 0.0581
vn -0.0649 -0.9957 0.0667
vn 0.1589 -0.9522 0.2608
vn 0.3777 -0.8154 0.4387
vn 0.3865 -0.8075 0.4455
vn 0.5600 -0.5975 0.5739
vn 0.6900 -0.3107 0.6538
vn 0.7460 -0.0090 0.6659
vn 0.7463 -0.0033 0.6655
vn 0.5296 0.5964 -0.6032
vn -0.6625 0.0928 0.7433
vn -0.4454 0.7312 0.5167
vn 0.2813 -0.8888 0.3618
vn 0.0530 -0.9840 0.1702
vn -0.1805 -0.9828 -0.0380
vn -0.3964 -0.8855 -0.2425
vn -0.5734 -0.7014 -0.4233
vn -0.6943 -0.4488 -0.5626
vn -0.7473 -0.1521 -0.6469
vn -0.7270 0.1594 -0.6678
vn -0.6357 0.4553 -0.6234
vn -0.4821 0.7066 -0.5180
vn -0.2813 0.8888 -0.3618
vn -0.0530 0.9840 -0.1702
vn 0.1805 0.9828 0.0380
vn 0.3964 0.8855 0.2425
vn 0.5734 0.7014 0.4233
vn 0.6943 0.4488 0.5626
vn 0.7473 0.1521 0.6469
vn 0.7270 -0.1594 0.6678
vn 0.6357 -0.4553 0.6234
vn 0.4821 -0.7066 0.5180
vn 0.5721 -0.5780 0.5820
vn 0.3954 -0.7995 0.4523
vn -0.0552 -0.9956 0.0752
vn -0.2851 -0.9489 -0.1355
vn -0.6406 -0.5846 -0.4979
vn -0.7460 0.0089 -0.6659
vn -0.6873 0.3195 -0.6523
vn -0.3777 0.8154 -0.4386
vn -0.1589 0.9522 -0.2607
vn 0.6624 -0.0929 -0.7434
vn 0.6625 -0.0930 -0.7433
vn 0.6625 -0.0930 -0.7432
vn 0.6624 -0.0930 -0.7434
vn 0.6624 -0.0931 -0.7434
vn 0.6626 -0.0932 -0.7432
vn 0.6625 -0.0931 -0.7432
vn 0.6625 -0.0932 -0.7432
vn 0.6625 -0.0931 -0.7433
vn -0.0645 -0.9957 0.0669
vn 0.0659 -0.9093 -0.4109
vn 0.0649 -0.9110 -0.4072
vn -0.9746 0.0768 0.2102
vn -0.9735 0.0774 0.2151
vn 0.2230 -0.8876 0.4030
vn -0.8578 0.0896 0.5061
vn -0.6597 0.0930 0.7458
vn -0.3995 0.0875 0.9126
vn -0.1012 0.0733 0.9922
vn 0.2090 0.0521 0.9765
vn 0.2128 0.0517 0.9757
vn 0.5091 -0.6743 0.5349
vn 0.9940 -0.0582 0.0929
vn 0.9735 -0.0776 -0.2150
vn 0.8578 -0.0900 -0.5061
vn 0.6596 -0.0933 -0.7458
vn 0.4917 -0.6651 -0.5620
vn 0.3997 -0.0873 -0.9125
vn 0.3998 -0.0874 -0.9124
vn 0.1036 -0.0735 -0.9919
vn 0.1013 -0.0733 -0.9921
vn -0.2051 -0.0526 -0.9773
vn -0.2089 -0.0522 -0.9765
vn 0.0648 0.9956 -0.0671
vn 0.0649 0.9956 -0.0670
vn 0.0651 0.9956 -0.0671
vn 0.0650 0.9956 -0.0672
vn 0.7781 0.6274 0.0321
vn 0.0648 0.9956 -0.0670
vn 0.0652 0.9956 -0.0670
vn 0.0649 0.9956 -0.0669
vn 0.0644 0.9957 -0.0667
vn 0.0643 0.9957 -0.0665
vn 0.0645 0.9957 -0.0668
vn 0.0644 0.9957 -0.0666
vn 0.0645 0.9957 -0.0672
vn 0.0645 0.9957 -0.0671
vn 0.6335 0.0109 0.7736
vn 0.8407 -0.0183 0.5411
vn -0.2514 0.0811 0.9645
vn 0.0593 0.0631 0.9962
vn 0.0592 0.0631 0.9962
vn -0.7710 0.0925 0.6301
vn -0.9290 0.0846 0.3602
vn -0.9962 0.0683 0.0550
vn -0.9657 0.0455 -0.2556
vn 0.5375 -0.0913 -0.8383
vn 0.2514 -0.0812 -0.9645
vn 0.7710 -0.0924 -0.6301
vn 0.9290 -0.0845 -0.3602
vn 0.9961 -0.0684 -0.0550
vn 0.3994 -0.0873 -0.9126
vn 0.6610 -0.0930 -0.7446
vn 0.6596 -0.0930 -0.7459
vn 0.8596 -0.0899 -0.5029
vn 0.8577 -0.0898 -0.5062
vn 0.9746 -0.0774 -0.2103
vn 0.9735 -0.0777 -0.2151
vn 0.9935 -0.0575 0.0986
vn 0.4177 0.6710 0.6126
vn 0.5010 0.0258 0.8651
vn 0.2004 0.6622 0.7221
vn 0.2089 0.0520 0.9766
vn -0.3998 0.0873 0.9124
vn -0.6580 0.0929 0.7472
vn -0.6597 0.0929 0.7458
vn -0.8559 0.0897 0.5094
vn -0.4418 0.7439 0.5014
vn -0.5721 0.7576 0.3143
vn -0.6336 0.7673 0.0987
vn -0.6299 0.7673 -0.1201
vn -0.5687 0.7554 -0.3255
vn -0.0647 -0.9957 0.0670
vn -0.0648 -0.9956 0.0670
vn -0.0637 -0.9957 0.0667
vn -0.0630 -0.9957 0.0672
vn -0.0636 -0.9957 0.0671
vn -0.0646 -0.9956 0.0675
vn -0.0646 -0.9956 0.0672
vn -0.0653 -0.9956 0.0674
vn -0.0650 -0.9956 0.0672
vn -0.8408 0.0180 -0.5411
vn -0.9657 0.0454 -0.2556
vn -0.9657 0.0453 -0.2556
vn -0.7711 0.0922 0.6301
vn -0.2055 0.9139 0.3501
vn -0.5374 0.0911 0.8384
vn 0.3239 0.9088 0.2631
vn 0.6336 0.0112 0.7736
vn 0.3371 0.8987 0.2806
vn 0.9961 -0.0685 -0.0549
vn 0.9290 -0.0846 -0.3603
vn 0.7710 -0.0927 -0.6301
vn 0.7710 -0.0925 -0.6301
vn -0.0593 -0.0629 -0.9963
vn 0.5375 -0.0911 -0.8384
vn -0.3644 -0.0385 -0.9305
vn -0.7463 0.0037 -0.6655
vn -0.7464 0.0036 -0.6655
vn -0.3374 0.0338 -0.9408
vn -0.3563 0.0327 -0.9338
vn -0.6856 0.4488 -0.5731
vn -0.7030 0.3917 -0.5936
vn -0.7463 0.0036 -0.6655
vn -0.3400 0.8576 0.3860
vn -0.7369 0.6615 -0.1394
vn -0.4999 0.6568 0.5645
vn -0.6104 0.3940 0.6872
vn -0.6621 0.0925 0.7437
vn -0.6622 0.0946 0.7434
vn -0.0551 -0.9969 0.0565
vn 0.1538 -0.9720 -0.1775
vn -0.6990 -0.6716 -0.2457
vn 0.3402 -0.8575 -0.3860
vn 0.3462 -0.8521 -0.3925
vn 0.5001 -0.6567 -0.5644
vn 0.5033 -0.6512 -0.5680
vn 0.6106 -0.3939 -0.6870
vn 0.6113 -0.3913 -0.6879
vn 0.6623 -0.0945 -0.7433
vn 0.6621 -0.0965 -0.7431
vn 0.6513 0.2085 -0.7296
vn 0.6505 0.2149 -0.7285
vn 0.5756 0.5056 -0.6427
vn 0.7466 -0.0039 0.6652
vn 0.7465 -0.0043 0.6654
vn 0.7468 -0.0041 0.6650
vn 0.7465 -0.0041 0.6654
vn 0.7466 -0.0045 0.6653
vn 0.7464 -0.0041 0.6655
vn 0.7464 -0.0045 0.6654
vn 0.7463 -0.0038 0.6655
vn 0.7464 -0.0039 0.6655
vn 0.7465 -0.0033 0.6654
vn 0.7464 -0.0034 0.6655
vn 0.7465 -0.0031 0.6654
vn 0.7464 -0.0035 0.6655
vn 0.7463 -0.0037 0.6655
vn 0.7464 -0.0029 0.6654
vn 0.7464 -0.0032 0.6655
vn 0.7365 -0.6619 0.1392
vn 0.7463 -0.0036 0.6656
vn 0.7464 -0.0036 0.6655
vn 0.7462 -0.0035 0.6657
vn 0.7460 -0.0032 0.6659
vn 0.7462 -0.0034 0.6658
vn 0.7463 -0.0033 0.6657
vn 0.7461 -0.0045 0.6658
vn 0.7462 -0.0041 0.6657
vn 0.7462 -0.0046 0.6657
vn -0.1674 -0.9689 0.1824
vn 0.0398 -0.9979 -0.0502
vn 0.0399 -0.9979 -0.0501
vn -0.6195 -0.3692 0.6927
vn -0.5141 -0.6383 0.5730
vn -0.5140 -0.6383 0.5730
vn -0.6644 -0.0640 0.7446
vn -0.5609 0.5349 0.6319
vn -0.5609 0.5348 0.6319
vn -0.4228 0.7697 0.4783
vn 0.1674 0.9689 -0.1824
vn 0.1675 0.9689 -0.1823
vn -0.0398 0.9979 0.0501
vn 0.3583 0.8449 -0.3971
vn 0.5141 0.6383 -0.5730
vn 0.6442 -0.2475 -0.7237
vn 0.6644 0.0639 -0.7447
vn 0.5609 -0.5348 -0.6319
vn 0.5610 -0.5348 -0.6319
vn 0.4228 -0.7697 -0.4783
vn 0.6626 -0.0925 -0.7432
vn 0.6624 -0.0946 -0.7432
vn 0.6507 0.2148 -0.7284
vn 0.6498 0.2209 -0.7273
vn 0.6102 -0.3967 -0.6858
vn 0.6108 -0.3941 -0.6868
vn 0.4970 -0.6622 -0.5608
vn 0.5001 -0.6569 -0.5643
vn 0.3399 -0.8576 -0.3860
vn -0.2749 -0.9124 0.3034
vn -0.2670 -0.9176 0.2944
vn -0.4495 -0.7403 0.4999
vn -0.5788 -0.4971 0.6464
vn -0.6516 -0.2084 0.7293
vn -0.6507 -0.2148 0.7283
vn -0.6626 0.0969 0.7427
vn -0.6625 0.0947 0.7431
vn -0.6116 0.3915 0.6875
vn -0.6107 0.3941 0.6868
vn -0.5033 0.6513 0.5679
vn -0.5001 0.6568 0.5644
vn -0.3459 0.8521 0.3928
vn -0.3400 0.8575 0.3861
vn 0.2590 0.9226 -0.2858
vn 0.6623 -0.0946 -0.7432
vn 0.6506 0.2149 -0.7284
vn 0.6106 -0.3940 -0.6869
vn 0.5001 -0.6568 -0.5644
vn 0.3400 -0.8576 -0.3860
vn -0.2671 -0.9176 0.2944
vn -0.6623 0.0946 0.7432
vn -0.6106 0.3940 0.6869
vn 0.2671 0.9176 -0.2944
vn 0.5000 -0.6568 -0.5644
vn 0.1456 -0.9749 -0.1686
vn 0.7463 -0.0036 0.6655
vn -0.7465 0.0026 -0.6654
vn -0.7464 0.0032 -0.6655
vn -0.7463 0.0031 -0.6656
vn -0.7463 0.0026 -0.6657
vn -0.7465 0.0033 -0.6654
vn -0.7464 0.0035 -0.6655
vn -0.7465 0.0037 -0.6654
vn -0.7468 0.0036 -0.6650
vn -0.7466 0.0036 -0.6653
vn -0.7463 0.0030 -0.6656
vn -0.7462 0.0031 -0.6657
vn -0.7462 0.0039 -0.6657
vn -0.7468 0.0034 -0.6650
vn -0.7466 0.0035 -0.6653
vn -0.7464 0.0029 -0.6655
vn -0.7463 0.0032 -0.6655
vn -0.7461 0.0027 -0.6658
vn 0.6508 0.4405 0.6185
vn -0.0398 0.9979 0.0502
vn -0.2431 0.9293 0.2779
vn -0.2432 0.9293 0.2779
vn -0.4230 0.7697 0.4782
vn -0.4229 0.7697 0.4783
vn -0.6642 -0.0640 0.7448
vn -0.6643 -0.0640 0.7447
vn -0.5608 0.5349 0.6319
vn 0.2433 -0.9293 -0.2777
vn 0.2433 -0.9293 -0.2778
vn 0.2432 -0.9293 -0.2778
vn 0.1303 -0.3632 0.9225
vn -0.6195 -0.3691 0.6927
vn 0.3678 -0.1766 0.9130
vn 0.4228 -0.7698 -0.4783
vn 0.5612 -0.5349 -0.6316
vn 0.5611 -0.5348 -0.6318
vn 0.5610 -0.5348 -0.6318
vn 0.6440 -0.2474 -0.7239
vn 0.6441 -0.2475 -0.7238
vn 0.6642 0.0642 -0.7448
vn 0.6643 0.0640 -0.7447
vn 0.6643 0.0641 -0.7447
vn 0.6196 0.3693 -0.6926
vn 0.2457 -0.5195 0.8184
vn 0.3782 -0.6231 0.6846
vn 0.6242 -0.3767 0.6844
vn 0.9525 -0.2840 -0.1095
vn 0.4871 0.8073 0.3331
vn -0.2946 0.6968 0.6540
vn 0.6928 -0.3017 0.6550
vn 0.2925 0.9456 0.1422
vn 0.5720 -0.5780 0.5819
vn 0.3865 -0.8076 0.4454
vn 0.1691 -0.9481 0.2692
vn -0.2850 -0.9489 -0.1355
vn -0.4871 -0.8073 -0.3331
vn -0.6419 -0.5821 -0.4992
vn -0.7300 -0.3030 -0.6126
vn -0.5601 0.5976 -0.5737
vn -0.3779 0.8154 -0.4385
vn -0.1589 0.9523 -0.2606
vn 0.0747 0.9955 -0.0581
vn -0.3865 0.8076 -0.4455
vn -0.7464 0.0034 -0.6655
vn -0.9186 0.0416 0.3930
vn -0.8168 -0.0294 0.5761
vn 0.8649 -0.4833 -0.1356
vn 0.9207 -0.3879 -0.0425
vn -0.3855 -0.2741 0.8811
vn -0.5847 0.8109 0.0234
vn -0.6828 0.6728 -0.2848
vn -0.6684 0.0849 0.7389
vn -0.0432 0.9943 -0.0977
vn -0.5871 -0.3906 -0.7091
vn 0.9462 -0.0703 0.3158
vn -0.4624 0.3439 0.8173
vn 0.0302 -0.6734 0.7386
vn -0.2225 0.9256 -0.3063
vn -0.3131 0.8536 -0.4163
vn -0.2075 0.9336 -0.2921
vn -0.5316 0.4945 -0.6877
vn -0.5315 0.4946 -0.6877
vn -0.5315 0.4945 -0.6877
vn -0.5316 0.4945 -0.6876
vn -0.0785 0.5191 -0.8511
vn -0.1188 0.5218 -0.8447
vn -0.1394 0.7287 -0.6705
vn -0.1939 0.7061 -0.6810
vn -0.5316 0.4946 -0.6877
vn 0.5001 0.8385 0.2164
vn 0.5089 0.8355 0.2073
vn 0.2721 0.8685 0.4143
vn 0.2625 0.8681 0.4214
vn 0.0082 0.8147 0.5799
vn -0.0003 0.8117 0.5841
vn -0.2562 0.6798 0.6872
vn -0.2615 0.6763 0.6886
vn -0.4943 0.4782 0.7259
vn -0.4958 0.4766 0.7260
vn -0.6817 0.2318 0.6939
vn -0.6830 0.2294 0.6935
vn -0.8029 -0.0361 0.5950
vn -0.8047 -0.0423 0.5922
vn -0.8470 -0.3024 0.4372
vn -0.8471 -0.3106 0.4312
vn -0.8078 -0.5404 0.2356
vn -0.8047 -0.5486 0.2270
vn -0.6882 -0.7254 0.0102
vn -0.6817 -0.7316 0.0007
vn 0.4958 -0.4766 -0.7260
vn 0.4974 -0.4750 -0.7260
vn 0.6804 -0.2342 -0.6944
vn 0.6818 -0.2319 -0.6938
vn 0.8012 0.0298 -0.5977
vn 0.8031 0.0361 -0.5947
vn 0.8470 0.2939 -0.4429
vn 0.8471 0.3023 -0.4371
vn 0.8109 0.5318 -0.2440
vn 0.8078 0.5403 -0.2357
vn 0.6946 0.7191 -0.0197
vn 0.6882 0.7255 -0.0103
vn 0.5315 -0.4949 0.6874
vn 0.5314 -0.4949 0.6875
vn 0.5313 -0.4953 0.6874
vn 0.5315 -0.4952 0.6872
vn 0.5316 -0.4944 0.6877
vn 0.5316 -0.4943 0.6879
vn 0.5315 -0.4943 0.6879
vn 0.5315 -0.4942 0.6880
vn 0.5317 -0.4945 0.6876
vn 0.5318 -0.4946 0.6875
vn 0.5321 -0.4948 0.6871
vn 0.5319 -0.4946 0.6873
vn 0.5316 -0.4950 0.6873
vn 0.5315 -0.4948 0.6875
vn 0.5321 -0.4941 0.6876
vn 0.5318 -0.4943 0.6876
vn 0.5317 -0.4944 0.6876
vn 0.5313 -0.4949 0.6876
vn 0.5311 -0.4953 0.6874
vn 0.5314 -0.4950 0.6874
vn 0.5314 -0.4953 0.6872
vn 0.5313 -0.4948 0.6876
vn 0.5311 -0.4951 0.6876
vn 0.5313 -0.4944 0.6879
vn 0.5314 -0.4945 0.6878
vn 0.5319 -0.4944 0.6875
vn 0.5318 -0.4945 0.6875
vn 0.5324 -0.4941 0.6874
vn 0.5320 -0.4942 0.6875
vn 0.5328 -0.4934 0.6875
vn 0.5322 -0.4939 0.6876
vn 0.5323 -0.4938 0.6876
vn 0.5319 -0.4942 0.6876
vn -0.6018 -0.7918 -0.1043
vn -0.6018 -0.7918 -0.1044
vn -0.7565 -0.6423 0.1228
vn -0.7566 -0.6423 0.1228
vn -0.8372 -0.4300 0.3379
vn -0.8360 -0.1755 0.5200
vn -0.7529 0.0961 0.6511
vn -0.7528 0.0961 0.6512
vn -0.5961 0.3584 0.7185
vn -0.3810 0.5855 0.7156
vn -0.3810 0.5855 0.7155
vn -0.1285 0.7554 0.6426
vn 0.1365 0.8513 0.5066
vn 0.1365 0.8513 0.5067
vn 0.3881 0.8638 0.3212
vn 0.3881 0.8638 0.3213
vn 0.7529 -0.0962 -0.6511
vn 0.7565 0.6423 -0.1229
vn 0.8360 0.1754 -0.5199
vn 0.5961 -0.3584 -0.7185
vn 0.3809 -0.5856 -0.7155
vn 0.3810 -0.5856 -0.7155
vn 0.1286 -0.7554 -0.6425
vn -0.1365 -0.8512 -0.5067
vn 0.4946 -0.4784 -0.7257
vn 0.4959 -0.4767 -0.7258
vn 0.6831 -0.2296 -0.6932
vn 0.2617 -0.6764 -0.6884
vn 0.0004 -0.8119 -0.5839
vn -0.2719 -0.8687 -0.4140
vn -0.2624 -0.8682 -0.4212
vn -0.5087 -0.8356 -0.2072
vn -0.5000 -0.8386 -0.2163
vn -0.6943 -0.7194 0.0200
vn -0.6881 -0.7256 0.0104
vn -0.8105 -0.5323 0.2445
vn -0.8076 -0.5405 0.2359
vn -0.8466 -0.2942 0.4435
vn -0.8469 -0.3025 0.4374
vn -0.8011 -0.0298 0.5977
vn -0.8031 -0.0361 0.5948
vn -0.6804 0.2342 0.6944
vn -0.6818 0.2319 0.6938
vn -0.4971 0.4748 0.7263
vn -0.4957 0.4765 0.7261
vn -0.2668 0.6725 0.6903
vn -0.2615 0.6763 0.6887
vn -0.0086 0.8086 0.5883
vn -0.0003 0.8117 0.5840
vn 0.2527 0.8676 0.4282
vn 0.2625 0.8682 0.4212
vn 0.4911 0.8415 0.2252
vn 0.5000 0.8385 0.2164
vn 0.6818 0.7316 -0.0008
vn 0.8046 0.5486 -0.2273
vn 0.8471 0.3107 -0.4311
vn 0.8049 0.0422 -0.5919
vn 0.8030 0.0360 -0.5948
vn 0.2616 -0.6763 -0.6886
vn 0.0003 -0.8117 -0.5840
vn -0.2625 -0.8681 -0.4213
vn -0.6882 -0.7255 0.0103
vn -0.8077 -0.5404 0.2357
vn -0.8470 -0.3024 0.4373
vn -0.8030 -0.0361 0.5948
vn -0.2616 0.6763 0.6886
vn -0.0003 0.8118 0.5840
vn 0.2625 0.8681 0.4213
vn 0.8030 0.0361 -0.5948
vn 0.0003 -0.8118 -0.5840
vn -0.2625 -0.8681 -0.4214
vn -0.6882 -0.7255 0.0102
vn -0.8030 -0.0360 0.5948
vn 0.5316 -0.4946 0.6877
vn 0.5316 -0.4945 0.6876
vn -0.5312 0.4950 -0.6876
vn -0.5314 0.4949 -0.6875
vn -0.5306 0.4957 -0.6876
vn -0.5311 0.4952 -0.6876
vn -0.5309 0.4953 -0.6877
vn -0.5312 0.4949 -0.6877
vn -0.5308 0.4946 -0.6882
vn -0.5312 0.4946 -0.6879
vn -0.5307 0.4945 -0.6883
vn -0.5311 0.4945 -0.6880
vn -0.5316 0.4948 -0.6874
vn -0.5316 0.4947 -0.6875
vn -0.5319 0.4947 -0.6873
vn -0.5317 0.4946 -0.6875
vn -0.5317 0.4945 -0.6876
vn -0.5315 0.4948 -0.6875
vn -0.5315 0.4947 -0.6876
vn -0.5315 0.4945 -0.6878
vn -0.5316 0.4944 -0.6877
vn -0.5311 0.4951 -0.6876
vn -0.5307 0.4955 -0.6877
vn -0.5310 0.4951 -0.6877
vn -0.5321 0.4943 -0.6874
vn -0.5324 0.4943 -0.6872
vn -0.5315 0.4944 -0.6878
vn -0.5311 0.4940 -0.6884
vn -0.5313 0.4942 -0.6881
vn -0.5318 0.4942 -0.6878
vn -0.5317 0.4947 -0.6875
vn 0.7568 0.6421 -0.1226
vn 0.7566 0.6422 -0.1227
vn 0.7567 0.6422 -0.1227
vn 0.1363 0.8513 0.5067
vn 0.1364 0.8513 0.5067
vn 0.6019 0.7917 0.1044
vn 0.6020 0.7916 0.1046
vn -0.1286 0.7556 0.6423
vn -0.1285 0.7555 0.6425
vn -0.1285 0.7555 0.6424
vn -0.3812 0.5857 0.7153
vn -0.3811 0.5856 0.7154
vn -0.5962 0.3584 0.7184
vn -0.7531 0.0964 0.6508
vn -0.7530 0.0963 0.6510
vn -0.8360 -0.1754 0.5199
vn -0.8373 -0.4299 0.3378
vn -0.8373 -0.4299 0.3379
vn -0.7565 -0.6423 0.1230
vn -0.7565 -0.6423 0.1229
vn -0.1364 -0.8512 -0.5067
vn 0.2590 -0.7612 0.5946
vn -0.6017 -0.7919 -0.1042
vn 0.2107 -0.7937 0.5707
vn 0.1284 -0.7552 -0.6428
vn 0.1285 -0.7553 -0.6427
vn 0.3808 -0.5854 -0.7157
vn 0.3809 -0.5855 -0.7156
vn 0.5962 -0.3585 -0.7184
vn 0.7528 -0.0962 -0.6511
vn 0.7528 -0.0963 -0.6511
vn 0.5315 -0.4946 0.6876
vn 0.5315 -0.4946 0.6877
vn -0.0054 0.7311 -0.6822
vn 0.9599 0.1950 0.2013
vn 0.9650 0.1829 0.1882
vn 0.8354 0.3781 0.3989
vn 0.8250 0.3886 0.4102
vn 0.6221 0.5363 0.5704
vn 0.6084 0.5437 0.5781
vn 0.3460 0.6412 0.6850
vn 0.3322 0.6446 0.6885
vn 0.0349 0.6818 0.7307
vn 0.0247 0.6820 0.7309
vn -0.2795 0.6540 0.7030
vn -0.2834 0.6531 0.7022
vn -0.5655 0.5605 0.6050
vn -0.5633 0.5615 0.6062
vn -0.7895 0.4157 0.4515
vn -0.7950 0.4109 0.4462
vn -0.9403 0.2285 0.2522
vn -0.9450 0.2196 0.2425
vn -0.9995 0.0179 0.0272
vn -0.9999 0.0062 0.0148
vn -0.3322 -0.6448 -0.6884
vn -0.6084 -0.5440 -0.5779
vn -0.0249 -0.6821 -0.7309
vn -0.0144 -0.0538 -0.9984
vn 0.2833 -0.6531 -0.7023
vn 0.2873 -0.6523 -0.7014
vn 0.5633 -0.5614 -0.6063
vn 0.5610 -0.5624 -0.6075
vn 0.7838 -0.4206 -0.4569
vn 0.7895 -0.4156 -0.4516
vn 0.9354 -0.2378 -0.2618
vn 0.9403 -0.2286 -0.2522
vn 0.9988 -0.0297 -0.0397
vn 0.9995 -0.0179 -0.0272
vn 0.0050 -0.7312 0.6821
vn 0.6937 -0.3555 0.6264
vn 0.0045 -0.7317 0.6817
vn 0.0049 -0.7314 0.6819
vn 0.0050 -0.7315 0.6819
vn 0.0047 -0.7317 0.6816
vn 0.0053 -0.7314 0.6819
vn 0.0056 -0.7312 0.6821
vn 0.0054 -0.7310 0.6824
vn 0.0052 -0.7309 0.6825
vn 0.0054 -0.7312 0.6821
vn 0.0069 -0.7314 0.6819
vn 0.0063 -0.7313 0.6820
vn -0.6933 -0.6377 0.3357
vn 0.0053 -0.7310 0.6823
vn 0.0054 -0.7311 0.6823
vn 0.0052 -0.7313 0.6821
vn 0.0053 -0.7312 0.6822
vn -0.2570 -0.9641 -0.0673
vn 0.0055 -0.7314 0.6819
vn 0.0053 -0.7315 0.6819
vn 0.0051 -0.7317 0.6816
vn 0.0052 -0.7312 0.6821
vn 0.0050 -0.7313 0.6821
vn 0.0049 -0.7310 0.6823
vn 0.0051 -0.7311 0.6823
vn -0.9037 -0.2957 -0.3097
vn -0.9918 -0.0913 -0.0899
vn -0.9828 0.1221 0.1388
vn -0.9828 0.1221 0.1387
vn -0.8776 0.3236 0.3538
vn -0.8776 0.3236 0.3537
vn -0.6865 0.4933 0.5342
vn -0.6865 0.4934 0.5341
vn -0.4282 0.6148 0.6623
vn -0.4282 0.6148 0.6624
vn -0.1280 0.6761 0.7256
vn 0.1847 0.6712 0.7179
vn 0.4794 0.6006 0.6399
vn 0.4794 0.6005 0.6400
vn 0.7271 0.4712 0.4992
vn 0.7271 0.4713 0.4992
vn 0.7271 0.4712 0.4993
vn 0.9037 0.2957 0.3097
vn 0.9918 0.0914 0.0899
vn 0.9917 0.0915 0.0899
vn 0.9918 0.0913 0.0899
vn 0.9828 -0.1221 -0.1387
vn 0.8776 -0.3235 -0.3538
vn 0.8776 -0.3234 -0.3539
vn 0.6865 -0.4933 -0.5342
vn 0.4282 -0.6148 -0.6623
vn -0.1847 -0.6712 -0.7179
vn -0.7271 -0.4712 -0.4992
vn 0.2796 -0.6541 -0.7028
vn -0.0347 -0.6822 -0.7304
vn -0.0247 -0.6822 -0.7307
vn 0.2834 -0.6532 -0.7021
vn -0.9599 -0.1951 -0.2013
vn -0.9995 0.0178 0.0271
vn -0.9354 0.2375 0.2618
vn -0.9403 0.2284 0.2522
vn -0.7838 0.4208 0.4567
vn -0.7896 0.4156 0.4515
vn -0.5608 0.5628 0.6072
vn -0.5632 0.5616 0.6061
vn -0.2873 0.6523 0.7014
vn -0.2833 0.6531 0.7022
vn 0.5944 0.5507 0.5860
vn 0.8143 0.3991 0.4215
vn 0.8250 0.3887 0.4101
vn 0.9599 0.1951 0.2013
vn 0.9449 -0.2195 -0.2427
vn 0.9403 -0.2285 -0.2523
vn 0.7950 -0.4106 -0.4464
vn 0.7895 -0.4155 -0.4517
vn 0.5655 -0.5604 -0.6052
vn 0.5633 -0.5614 -0.6062
vn 0.2834 -0.6531 -0.7023
vn -0.0247 -0.6821 -0.7309
vn -0.6084 -0.5438 -0.5780
vn -0.8250 -0.3888 -0.4101
vn -0.9599 -0.1950 -0.2014
vn -0.9995 0.0179 0.0271
vn -0.9403 0.2284 0.2523
vn -0.7895 0.4155 0.4517
vn -0.5632 0.5615 0.6062
vn -0.2834 0.6531 0.7023
vn 0.0247 0.6821 0.7309
vn 0.3322 0.6448 0.6884
vn 0.6084 0.5438 0.5780
vn 0.9599 0.1950 0.2014
vn 0.9995 -0.0179 -0.0271
vn 0.9403 -0.2284 -0.2523
vn 0.5632 -0.5615 -0.6062
vn 0.2834 -0.6531 -0.7022
vn -0.8250 -0.3887 -0.4101
vn 0.0247 0.6821 0.7308
vn 0.0054 -0.7311 0.6822
vn 0.0055 -0.7312 0.6822
vn -0.0056 0.7311 -0.6822
vn -0.0056 0.7311 -0.6823
vn -0.0055 0.7311 -0.6822
vn -0.0054 0.7312 -0.6821
vn -0.0058 0.7315 -0.6818
vn -0.0056 0.7313 -0.6820
vn -0.0060 0.7315 -0.6819
vn -0.0058 0.7314 -0.6820
vn -0.0054 0.7309 -0.6825
vn -0.0054 0.7310 -0.6823
vn -0.0053 0.7307 -0.6826
vn -0.0054 0.7310 -0.6824
vn -0.0056 0.7312 -0.6821
vn -0.0055 0.7312 -0.6821
vn -0.0059 0.7309 -0.6824
vn -0.0057 0.7310 -0.6823
vn -0.0055 0.7310 -0.6823
vn -0.0047 0.7315 -0.6818
vn -0.0050 0.7314 -0.6820
vn -0.0046 0.7315 -0.6818
vn -0.0050 0.7313 -0.6820
vn -0.0044 0.7312 -0.6822
vn -0.0049 0.7312 -0.6821
vn -0.0046 0.7307 -0.6827
vn -0.0049 0.7309 -0.6824
vn -0.0051 0.7308 -0.6826
vn -0.0053 0.7310 -0.6824
vn -0.0057 0.7313 -0.6820
vn -0.0056 0.7313 -0.6821
vn 0.9828 -0.1220 -0.1385
vn 0.9828 -0.1221 -0.1386
vn 0.9828 -0.1220 -0.1386
vn 0.9918 0.0909 0.0901
vn 0.9918 0.0911 0.0900
vn 0.9918 0.0910 0.0901
vn 0.9036 0.2958 0.3097
vn 0.4794 0.6004 0.6401
vn 0.1846 0.6711 0.7180
vn -0.4282 0.6149 0.6623
vn -0.6865 0.4936 0.5340
vn -0.8775 0.3237 0.3537
vn -0.8776 0.3237 0.3537
vn -0.9828 0.1224 0.1384
vn -0.9828 0.1223 0.1385
vn -0.9918 -0.0912 -0.0899
vn -0.1847 -0.6714 -0.7178
vn -0.1847 -0.6713 -0.7178
vn -0.9037 -0.2956 -0.3097
vn 0.1280 -0.6762 -0.7255
vn 0.1280 -0.6762 -0.7256
vn 0.4284 -0.6149 -0.6621
vn 0.4283 -0.6149 -0.6622
vn 0.8776 -0.3239 -0.3536
vn 0.8776 -0.3237 -0.3537
vn -0.2622 -0.8532 0.4509
vn 0.0055 -0.7312 0.6821
vn 0.0054 -0.7313 0.6821
vn 0.3547 -0.2247 -0.9076
vn -0.1553 0.1845 -0.9705
vn 0.4228 0.6198 -0.6612
vn 0.1504 0.7691 -0.6211
vn -0.1176 0.8406 -0.5287
vn -0.3937 0.8373 -0.3793
vn -0.6322 0.7508 -0.1914
vn -0.6463 0.7421 -0.1777
vn -0.8160 0.5773 0.0287
vn -0.9052 0.3563 0.2316
vn -0.4228 -0.6198 0.6611
vn -0.6529 -0.4106 0.6365
vn -0.6475 -0.4167 0.6380
vn -0.4108 -0.6282 0.6607
vn -0.1504 -0.7691 0.6211
vn -0.1331 -0.7759 0.6167
vn 0.6602 -0.7330 0.1639
vn 0.3709 0.9263 0.0660
vn -0.3548 0.2247 0.9075
vn 0.3994 0.5274 0.7498
vn 0.3994 0.5275 0.7499
vn 0.3994 0.5273 0.7499
vn 0.3995 0.5274 0.7499
vn 0.2755 0.0859 0.9575
vn 0.4149 0.0501 0.9085
vn 0.1546 0.1741 0.9725
vn 0.1431 0.1580 0.9770
vn 0.0465 0.2725 0.9610
vn 0.0306 0.2596 0.9652
vn -0.0317 0.3894 0.9205
vn -0.0509 0.3807 0.9233
vn -0.0726 0.5137 0.8549
vn -0.0933 0.5098 0.8552
vn -0.0724 0.6335 0.7704
vn -0.0926 0.6340 0.7677
vn -0.0305 0.7371 0.6751
vn -0.0490 0.7414 0.6692
vn 0.0490 0.8142 0.5785
vn 0.0333 0.8215 0.5693
vn 0.1584 0.8571 0.4902
vn 0.1463 0.8664 0.4774
vn 0.2869 0.8616 0.4188
vn 0.2793 0.8717 0.4027
vn 0.4217 0.8272 0.3715
vn 0.4193 0.8366 0.3525
vn 0.5495 0.7574 0.3528
vn 0.5526 0.7646 0.3317
vn 0.6578 0.6591 0.3645
vn 0.6662 0.6623 0.3427
vn 0.7362 0.5421 0.4051
vn 0.7487 0.5399 0.3847
vn 0.7772 0.4177 0.4707
vn 0.7915 0.4097 0.4536
vn 0.7767 0.2977 0.5551
vn 0.7904 0.2847 0.5424
vn 0.7347 0.1940 0.6501
vn 0.7458 0.1773 0.6421
vn 0.6550 0.1168 0.7465
vn 0.6624 0.0979 0.7427
vn 0.5456 0.0739 0.8348
vn 0.5484 0.0541 0.8344
vn 0.5601 -0.7808 0.2767
vn -0.2175 0.8772 0.4281
vn -0.8297 -0.4596 -0.3169
vn 0.1481 0.9863 0.0729
vn 0.9071 0.2876 -0.3072
vn -0.1148 0.8651 -0.4884
vn -0.1176 0.8407 -0.5286
vn 0.3682 -0.9145 0.1675
vn -0.5364 -0.7886 0.3005
vn 0.0047 -0.9474 -0.3199
vn 0.0292 -0.1838 -0.9825
vn -0.1600 0.9605 -0.2279
vn 0.0469 0.7295 0.6824
vn 0.1129 0.9294 -0.3514
vn 0.3853 0.8214 -0.4206
vn 0.6306 0.6470 -0.4286
vn 0.8248 0.4233 -0.3747
vn 0.9490 0.1722 -0.2642
vn 0.9908 -0.0817 -0.1079
vn 0.9463 -0.3135 0.0789
vn 0.8197 -0.5008 0.2779
vn 0.6237 -0.6248 0.4697
vn 0.3771 -0.6738 0.6355
vn 0.1042 -0.6427 0.7590
vn -0.1682 -0.5347 0.8281
vn -0.4135 -0.3604 0.8362
vn -0.6077 -0.1367 0.7823
vn -0.7319 0.1144 0.6718
vn -0.7737 0.3683 0.5155
vn -0.7292 0.6002 0.3287
vn -0.6027 0.7874 0.1297
vn -0.4065 0.9115 -0.0621
vn -0.4350 -0.6110 0.6614
vn -0.6583 -0.4042 0.6350
vn -0.4109 -0.6282 0.6607
vn -0.8192 -0.1619 0.5502
vn -0.8187 -0.1629 0.5507
vn -0.9048 0.0951 0.4151
vn -0.9072 0.3452 0.2404
vn -0.9031 0.3669 0.2230
vn -0.8238 0.5653 0.0412
vn -0.6602 0.7330 -0.1638
vn -0.7532 0.3429 -0.5613
vn -0.4307 0.8300 -0.3544
vn -0.1572 0.8452 -0.5107
vn 0.1331 0.7759 -0.6166
vn 0.1681 0.7620 -0.6254
vn 0.4109 0.6282 -0.6607
vn 0.6476 0.4167 -0.6380
vn 0.6584 0.4042 -0.6349
vn 0.8187 0.1629 -0.5506
vn 0.8192 0.1619 -0.5502
vn 0.9069 -0.1075 -0.4075
vn 0.9048 -0.0951 -0.4151
vn 0.9031 -0.3669 -0.2230
vn 0.9072 -0.3452 -0.2404
vn 0.8081 -0.5888 -0.0164
vn 0.8238 -0.5653 -0.0412
vn 0.6321 -0.7508 0.1914
vn 0.3937 -0.8374 0.3792
vn 0.4307 -0.8300 0.3543
vn 0.1176 -0.8407 0.5286
vn 0.1572 -0.8453 0.5107
vn -0.1681 -0.7620 0.6254
vn -0.1331 -0.7760 0.6166
vn 0.0043 -0.0306 0.9995
vn -0.1516 0.1084 0.9825
vn -0.6830 -0.5494 -0.4813
vn -0.2648 0.2755 0.9241
vn -0.7165 -0.4474 -0.5352
vn -0.3230 0.4541 0.8303
vn -0.7150 -0.3446 -0.6083
vn -0.3208 0.6267 0.7102
vn -0.6813 -0.2646 -0.6825
vn -0.6783 -0.2602 -0.6872
vn -0.2595 0.7761 0.5748
vn -0.6160 -0.2018 -0.7615
vn -0.6120 -0.1993 -0.7653
vn -0.1451 0.8878 0.4368
vn 0.0116 0.9509 0.3091
vn 0.1958 0.9591 0.2042
vn 0.3901 0.9112 0.1324
vn -0.2071 -0.2490 -0.9461
vn -0.2095 -0.2473 -0.9460
vn 0.5759 0.8113 0.1009
vn -0.1187 -0.3292 -0.9368
vn 0.7349 0.6685 0.1140
vn -0.0547 -0.4247 -0.9037
vn 0.8506 0.4970 0.1717
vn -0.0213 -0.5263 -0.8500
vn -0.0210 -0.5279 -0.8490
vn 0.9103 0.3148 0.2688
vn -0.0217 -0.6241 -0.7810
vn -0.0221 -0.6264 -0.7792
vn 0.9079 0.1412 0.3946
vn -0.0559 -0.7087 -0.7033
vn -0.0569 -0.7101 -0.7018
vn 0.8447 -0.0066 0.5352
vn -0.1209 -0.7717 -0.6244
vn -0.1208 -0.7717 -0.6244
vn 0.7278 -0.1152 0.6761
vn 0.5688 -0.1745 0.8037
vn 0.3833 -0.1795 0.9060
vn -0.4252 -0.7826 -0.4546
vn -0.4188 -0.7852 -0.4562
vn 0.1892 -0.1300 0.9733
vn -0.0701 0.9842 0.1624
vn 0.1509 0.9876 0.0422
vn -0.2600 0.9133 0.3135
vn -0.3981 0.7822 0.4793
vn -0.4703 0.6058 0.6418
vn -0.4710 0.4034 0.7845
vn -0.4023 0.1949 0.8945
vn -0.2710 -0.0013 0.9626
vn -0.0879 -0.1675 0.9819
vn 0.1305 -0.2863 0.9492
vn 0.3621 -0.3440 0.8663
vn 0.5819 -0.3334 0.7418
vn 0.7661 -0.2563 0.5894
vn 0.8965 -0.1225 0.4259
vn 0.9620 0.0521 0.2682
vn 0.9596 0.2493 0.1309
vn 0.8922 0.4511 0.0249
vn 0.7660 0.6414 -0.0419
vn 0.5903 0.8047 -0.0632
vn 0.3788 0.9248 -0.0350
vn 0.2750 0.8795 0.3884
vn 0.6724 0.6632 0.3289
vn 0.7565 0.5377 0.3723
vn 0.8003 0.4043 0.4428
vn 0.7995 0.2760 0.5335
vn 0.7542 0.1652 0.6355
vn 0.6688 0.0830 0.7388
vn 0.5515 0.0374 0.8334
vn 0.1335 0.1449 0.9804
vn 0.0180 0.2498 0.9681
vn -0.0656 0.3746 0.9249
vn -0.1092 0.5073 0.8548
vn -0.1088 0.6352 0.7646
vn -0.0641 0.7459 0.6630
vn 0.0208 0.8284 0.5597
vn 0.1377 0.8745 0.4650
vn 0.3784 0.5682 0.7307
vn 0.3920 0.5687 0.7231
vn 0.3925 0.5686 0.7229
vn 0.4063 0.5651 0.7181
vn 0.4397 0.5348 0.7215
vn 0.4398 0.5348 0.7215
vn 0.4398 0.4984 0.7471
vn 0.4310 0.4898 0.7579
vn 0.4314 0.4900 0.7575
vn 0.4194 0.4852 0.7672
vn 0.4195 0.4853 0.7672
vn 0.3745 -0.1816 0.9093
vn 0.3665 0.5062 0.7806
vn 0.3662 0.5066 0.7805
vn 0.3582 0.5186 0.7763
vn 0.3582 0.5187 0.7763
vn -0.3265 0.9098 -0.2561
vn -0.5625 0.8239 -0.0698
vn -0.5762 0.8153 -0.0575
vn -0.0530 0.9131 -0.4042
vn 0.2297 0.8351 -0.4998
vn 0.4798 0.6953 -0.5351
vn 0.4936 0.6857 -0.5349
vn 0.7072 0.4887 -0.5110
vn 0.7137 0.4816 -0.5086
vn 0.8715 0.2434 -0.4257
vn 0.8718 0.2427 -0.4255
vn 0.9575 -0.0175 -0.2878
vn 0.9561 -0.0106 -0.2928
vn 0.9567 -0.2693 -0.1103
vn 0.9587 -0.2574 -0.1207
vn 0.8684 -0.4876 0.0903
vn 0.8768 -0.4749 0.0762
vn 0.7006 -0.6501 0.2940
vn 0.7151 -0.6408 0.2795
vn 0.4694 -0.7409 0.4804
vn 0.4877 -0.7370 0.4680
vn 0.2164 -0.7521 0.6225
vn -0.0710 -0.6826 0.7273
vn -0.3553 -0.5290 0.7707
vn -0.3449 -0.5360 0.7705
vn -0.5822 -0.3222 0.7465
vn -0.5776 -0.3273 0.7478
vn -0.7459 -0.0773 0.6615
vn -0.7457 -0.0777 0.6618
vn -0.8319 0.1828 0.5240
vn -0.8326 0.1879 0.5211
vn -0.8314 0.4341 0.3469
vn -0.8293 0.4435 0.3399
vn -0.7435 0.6525 0.1465
vn -0.7361 0.6631 0.1360
vn 0.9829 -0.0435 0.1789
vn 0.7644 0.6213 -0.1723
vn 0.6595 0.6546 0.3695
vn 0.5789 0.7921 -0.1937
vn 0.5648 0.8023 -0.1933
vn -0.1563 0.9858 0.0618
vn 0.1622 0.8617 0.4808
vn -0.3492 0.9117 0.2166
vn -0.3580 0.9062 0.2252
vn -0.5005 0.7690 0.3976
vn -0.5042 0.7636 0.4034
vn -0.3631 -0.0885 0.9275
vn -0.5062 0.1254 0.8533
vn -0.0773 0.3693 0.9261
vn -0.3616 -0.0902 0.9280
vn 0.5559 -0.4549 0.6957
vn 0.3187 -0.4625 0.8274
vn 0.7582 -0.3762 0.5326
vn 0.6622 0.1205 0.7395
vn 0.9053 -0.2343 0.3544
vn 0.9137 -0.2216 0.3408
vn -0.6528 -0.4106 0.6365
vn -0.3195 -0.8508 0.4172
vn 0.9128 0.2277 0.3390
vn -0.8189 -0.1624 0.5504
vn -0.3317 0.1339 0.9338
vn -0.9059 0.1015 0.4112
vn -0.7306 0.2990 0.6139
vn 0.2123 -0.0723 -0.9745
vn -0.8161 0.5773 0.0287
vn 0.4106 0.6337 0.6555
vn 0.6881 0.0200 -0.7253
vn 0.1621 0.3948 0.9044
vn 0.1149 0.8732 0.4736
vn 0.2904 0.9543 -0.0702
vn 0.8171 0.4417 0.3704
vn 0.3185 0.5861 -0.7450
vn 0.7412 -0.5102 0.4364
vn 0.9059 -0.1015 -0.4112
vn 0.3109 0.4872 0.8160
vn 0.8236 0.0605 0.5640
vn -0.6504 -0.7280 -0.2168
vn 0.3155 0.1002 0.9436
vn -0.4120 -0.1154 0.9039
vn 0.1375 -0.8432 0.5198
vn -0.1505 -0.7692 0.6211
vn -0.3654 -0.5215 0.7711
vn -0.5866 -0.3172 0.7452
vn -0.5821 -0.3223 0.7465
vn -0.3552 -0.5288 0.7709
vn -0.7461 -0.0770 0.6614
vn -0.8313 0.4343 0.3470
vn -0.7434 0.6526 0.1467
vn -0.0936 0.9178 -0.3860
vn -0.0737 0.9157 -0.3951
vn 0.7015 0.4956 -0.5122
vn 0.7073 0.4889 -0.5107
vn 0.8713 0.2439 -0.4258
vn 0.8716 0.2434 -0.4256
vn 0.9575 -0.0176 -0.2879
vn 0.9567 -0.2694 -0.1103
vn 0.8600 -0.4997 0.1032
vn 0.8684 -0.4876 0.0901
vn 0.6862 -0.6591 0.3078
vn 0.7006 -0.6502 0.2939
vn 0.4514 -0.7441 0.4926
vn 0.4694 -0.7407 0.4806
vn 0.1980 -0.7497 0.6315
vn -0.0864 -0.6764 0.7315
vn -0.3554 -0.5290 0.7706
vn -0.8314 0.4342 0.3468
vn -0.7436 0.6524 0.1464
vn -0.5762 0.8153 -0.0576
vn 0.4797 0.6953 -0.5352
vn 0.7071 0.4886 -0.5112
vn 0.9576 -0.0174 -0.2875
vn 0.9568 -0.2692 -0.1100
vn 0.8685 -0.4874 0.0903
vn 0.7006 -0.6502 0.2940
vn 0.4695 -0.7407 0.4805
vn -0.8312 0.4344 0.3471
vn -0.7433 0.6526 0.1467
vn -0.5758 0.8156 -0.0571
vn -0.3449 0.9064 -0.2440
vn 0.2107 0.8428 -0.4952
vn 0.7073 0.4888 -0.5107
vn 0.9567 -0.2694 -0.1104
vn 0.4695 -0.7407 0.4807
vn 0.1980 -0.7496 0.6315
vn -0.0863 -0.6764 0.7315
vn 0.0622 -0.3951 0.9165
vn -0.1689 -0.2662 0.9490
vn -0.3645 -0.0870 0.9271
vn -0.5062 0.1255 0.8532
vn -0.5810 0.3513 0.7342
vn -0.5815 0.5693 0.5812
vn -0.5076 0.7585 0.4087
vn -0.3660 0.9010 0.2331
vn -0.1697 0.9830 0.0708
vn 0.0636 0.9960 -0.0626
vn 0.3123 0.9374 -0.1539
vn 0.5523 0.8111 -0.1928
vn 0.7586 0.6280 -0.1739
vn 0.9084 0.4065 -0.0979
vn 0.9850 0.1705 0.0273
vn 0.9807 -0.0547 0.1879
vn 0.8974 -0.2457 0.3665
vn 0.7457 -0.3839 0.5445
vn 0.5421 -0.4576 0.7048
vn 0.3068 -0.4611 0.8326
vn 0.3668 0.5059 0.7807
vn 0.3665 0.5062 0.7807
vn 0.3780 0.4958 0.7819
vn 0.3538 0.5319 0.7694
vn 0.3540 0.5451 0.7600
vn 0.3586 0.5560 0.7499
vn 0.3584 0.5556 0.7503
vn 0.3671 0.5639 0.7398
vn 0.4056 0.5653 0.7182
vn 0.4193 0.5581 0.7161
vn 0.4198 0.5577 0.7160
vn 0.3916 0.4884 0.7798
vn -0.2101 -0.8068 -0.5521
vn -0.5299 -0.7257 -0.4389
vn -0.4214 -0.1636 -0.8920
vn -0.9052 0.3562 0.2316
vn -0.4918 -0.0120 -0.8706
vn -0.9052 0.3563 0.2317
vn -0.8160 0.5773 0.0288
vn -0.6463 0.7421 -0.1778
vn -0.1376 0.8432 -0.5197
vn 0.8189 0.1624 -0.5505
vn 0.9058 -0.1015 -0.4113
vn 0.8160 -0.5773 -0.0286
vn 0.6462 -0.7422 0.1777
vn 0.4122 -0.8340 0.3668
vn -0.1505 -0.7693 0.6209
vn -0.4229 -0.6200 0.6609
vn -0.6530 -0.4107 0.6363
vn -0.8190 -0.1625 0.5503
vn -0.2131 0.4172 0.8835
vn -0.4811 -0.4061 -0.7769
vn -0.1083 -0.5785 -0.8085
vn -0.2905 -0.4116 -0.8638
vn -0.1669 -0.7954 -0.5827
vn 0.7264 0.0414 0.6861
vn -0.1758 -0.7588 -0.6272
vn -0.1609 -0.6215 -0.7667
vn -0.3995 -0.5274 -0.7499
vn -0.9051 0.3564 0.2318
vn 0.1505 0.7692 -0.6211
vn 0.9052 -0.3562 -0.2316
vn 0.1376 -0.8431 0.5199
vn -0.4228 -0.6199 0.6610
vn -0.6832 -0.5491 -0.4814
vn -0.7160 -0.4510 -0.5330
vn -0.5299 -0.1677 -0.8313
vn -0.4219 -0.1635 -0.8918
vn -0.3092 -0.1928 -0.9313
vn -0.2042 -0.2511 -0.9462
vn -0.1170 -0.3312 -0.9363
vn -0.0546 -0.4249 -0.9036
vn -0.0216 -0.5243 -0.8513
vn -0.0211 -0.6214 -0.7832
vn -0.0548 -0.7070 -0.7051
vn -0.2131 -0.8074 -0.5501
vn -0.3213 -0.8099 -0.4907
vn -0.4329 -0.7796 -0.4526
vn -0.5362 -0.7211 -0.4387
vn -0.6218 -0.6417 -0.4490
vn 0.1332 0.8736 0.4680
vn 0.0198 0.8278 0.5607
vn 0.2672 0.8804 0.3918
vn 0.6690 0.6670 0.3279
vn 0.7563 0.5381 0.3721
vn 0.8009 0.4004 0.4452
vn 0.7983 0.2696 0.5386
vn 0.7500 0.1591 0.6420
vn 0.6629 0.0793 0.7445
vn 0.5466 0.0365 0.8366
vn 0.4120 0.0332 0.9106
vn 0.2710 0.0697 0.9601
vn 0.1357 0.1433 0.9803
vn 0.0194 0.2482 0.9685
vn -0.0655 0.3745 0.9249
vn -0.1095 0.5090 0.8538
vn -0.1084 0.6373 0.7629
vn -0.0635 0.7468 0.6620
vn 0.4109 0.6283 -0.6606
vn 0.9031 -0.3668 -0.2231
vn 0.8082 -0.5887 -0.0164
vn 0.6321 -0.7509 0.1914
vn -0.1681 -0.7619 0.6255
vn -0.9070 0.3455 0.2409
vn -0.8237 0.5655 0.0415
vn -0.6586 -0.4045 0.6345
vn -0.9071 0.3453 0.2406
vn -0.8237 0.5654 0.0415
vn -0.6603 0.7329 -0.1638
vn -0.4308 0.8299 -0.3544
vn -0.1571 0.8453 -0.5107
vn 0.8186 0.1628 -0.5508
vn 0.9068 -0.1076 -0.4076
vn 0.8082 -0.5887 -0.0163
vn 0.6321 -0.7509 0.1913
vn 0.3936 -0.8375 0.3791
vn 0.1174 -0.8408 0.5285
vn -0.8148 0.5792 0.0267
vn -0.8148 0.5791 0.0268
vn -0.5581 0.8143 0.1596
vn 0.5746 0.8129 -0.0952
vn 0.5221 0.7534 -0.3998
vn 0.5264 0.7589 -0.3834
vn 0.5760 0.8139 -0.0759
vn 0.5700 0.7919 0.2192
vn 0.5678 0.7880 0.2380
vn -0.1045 -0.1917 0.9759
vn -0.1026 -0.1888 0.9766
vn -0.2692 -0.4186 0.8674
vn -0.2743 -0.4257 0.8623
vn -0.4123 -0.6115 0.6753
vn -0.4184 -0.6195 0.6641
vn -0.5174 -0.7477 0.4162
vn -0.5221 -0.7534 0.3998
vn -0.5728 -0.8116 0.1145
vn -0.5745 -0.8129 0.0952
vn -0.5719 -0.7955 -0.2003
vn -0.5700 -0.7919 -0.2191
vn -0.3977 -0.5248 -0.7526
vn -0.2534 -0.3142 -0.9149
vn -0.2481 -0.3066 -0.9189
vn -0.0774 -0.0629 -0.9950
vn 0.1064 0.1944 -0.9751
vn 0.1044 0.1918 -0.9759
vn 0.2742 0.4257 -0.8623
vn 0.2792 0.4326 -0.8573
vn 0.4182 0.6196 -0.6642
vn 0.4239 0.6276 -0.6530
vn 0.8146 -0.5794 -0.0267
vn 0.8148 -0.5792 -0.0268
vn 0.8148 -0.5792 -0.0267
vn 0.8147 -0.5792 -0.0269
vn 0.8148 -0.5792 -0.0272
vn 0.8147 -0.5792 -0.0276
vn 0.8148 -0.5791 -0.0273
vn 0.8148 -0.5792 -0.0269
vn 0.2154 -0.8533 0.4748
vn 0.8147 -0.5792 -0.0266
vn 0.8147 -0.5793 -0.0264
vn 0.8148 -0.5792 -0.0266
vn 0.8145 -0.5796 -0.0267
vn 0.8144 -0.5797 -0.0267
vn 0.8146 -0.5793 -0.0268
vn 0.1897 -0.8955 -0.4027
vn 0.8147 -0.5793 -0.0269
vn 0.2500 -0.7700 -0.5870
vn 0.8148 -0.5791 -0.0264
vn 0.8149 -0.5791 -0.0261
vn 0.8149 -0.5791 -0.0260
vn 0.8149 -0.5791 -0.0254
vn 0.8148 -0.5791 -0.0266
vn 0.8148 -0.5791 -0.0265
vn -0.5558 -0.7933 0.2486
vn -0.4775 -0.6965 0.5356
vn -0.3525 -0.5315 0.7702
vn -0.1930 -0.3145 0.9294
vn -0.1930 -0.3146 0.9294
vn 0.3287 0.4237 0.8441
vn 0.3287 0.4237 0.8440
vn 0.1651 0.1877 0.9682
vn 0.1651 0.1877 0.9683
vn 0.5557 0.7934 -0.2485
vn 0.5556 0.7934 -0.2485
vn 0.5796 0.8125 0.0628
vn 0.5795 0.8125 0.0628
vn 0.4773 0.6966 -0.5356
vn 0.3525 0.5315 -0.7702
vn 0.1931 0.3145 -0.9294
vn 0.1931 0.3144 -0.9294
vn 0.0147 0.0667 -0.9977
vn 0.0146 0.0667 -0.9977
vn -0.1651 -0.1877 -0.9682
vn -0.3288 -0.4237 -0.8440
vn -0.5467 -0.7521 -0.3680
vn -0.5467 -0.7521 -0.3681
vn -0.5796 -0.8125 -0.0628
vn -0.5797 -0.8124 -0.0628
vn -0.5272 -0.7584 0.3833
vn -0.5226 -0.7531 0.3997
vn -0.2479 -0.3068 -0.9189
vn -0.2421 -0.2991 -0.9230
vn 0.0773 0.0630 0.9950
vn 0.0752 0.0600 0.9954
vn 0.2534 0.3142 0.9149
vn 0.2481 0.3067 0.9189
vn 0.4044 0.5338 0.7427
vn 0.3979 0.5247 0.7526
vn 0.5091 0.6922 0.5115
vn 0.5701 0.7918 0.2192
vn 0.4185 0.6195 -0.6642
vn 0.2692 0.4186 -0.8673
vn 0.2743 0.4257 -0.8623
vn 0.1026 0.1889 -0.9766
vn 0.1044 0.1917 -0.9759
vn -0.0725 -0.0572 -0.9957
vn -0.0750 -0.0602 -0.9954
vn -0.5700 -0.7919 -0.2192
vn -0.5746 -0.8129 0.0952
vn -0.5223 -0.7532 0.3998
vn 0.0753 0.0600 0.9954
vn 0.2481 0.3066 0.9189
vn 0.3977 0.5248 0.7526
vn 0.5089 0.6924 0.5115
vn 0.5223 0.7532 -0.3998
vn 0.1043 0.1918 -0.9759
vn -0.0752 -0.0600 -0.9954
vn -0.2481 -0.3067 -0.9189
vn -0.4185 -0.6195 0.6642
vn 0.4185 0.6195 -0.6641
vn -0.8141 0.5801 0.0266
vn -0.8146 0.5794 0.0265
vn -0.8144 0.5797 0.0267
vn -0.8145 0.5795 0.0264
vn -0.8147 0.5793 0.0266
vn -0.8146 0.5795 0.0260
vn -0.8147 0.5793 0.0263
vn -0.8147 0.5793 0.0261
vn -0.8148 0.5792 0.0263
vn -0.8148 0.5791 0.0263
vn -0.8146 0.5793 0.0269
vn -0.8151 0.5788 0.0265
vn -0.8158 0.5777 0.0263
vn -0.8153 0.5784 0.0265
vn -0.8149 0.5789 0.0266
vn -0.8149 0.5790 0.0267
vn -0.8142 0.5800 0.0263
vn -0.8149 0.5789 0.0272
vn -0.8149 0.5790 0.0269
vn -0.8149 0.5790 0.0255
vn -0.8149 0.5790 0.0260
vn -0.8152 0.5786 0.0253
vn -0.8150 0.5788 0.0260
vn -0.8137 0.5806 0.0271
vn -0.8142 0.5799 0.0269
vn 0.3524 0.5315 -0.7702
vn 0.8856 -0.2699 -0.3779
vn 0.5465 0.7523 0.3681
vn 0.5465 0.7522 0.3681
vn 0.5466 0.7522 0.3681
vn 0.4599 0.6184 0.6372
vn 0.4601 0.6183 0.6372
vn 0.3283 0.4240 0.8441
vn 0.3285 0.4238 0.8441
vn 0.3286 0.4238 0.8441
vn 0.1648 0.1878 0.9683
vn 0.1649 0.1878 0.9683
vn 0.1650 0.1878 0.9683
vn -0.0148 -0.0665 0.9977
vn -0.0147 -0.0666 0.9977
vn -0.1932 -0.3145 0.9294
vn -0.3526 -0.5315 0.7702
vn -0.4774 -0.6965 0.5357
vn -0.5557 -0.7934 0.2485
vn -0.5798 -0.8123 -0.0628
vn -0.4601 -0.6183 -0.6372
vn 0.1927 0.3147 -0.9294
vn 0.1929 0.3146 -0.9294
vn -0.9578 -0.0783 0.2766
vn -0.9618 0.2480 0.1159
vn -0.9734 0.1805 -0.1411
vn -0.9580 0.2651 -0.1093
vn -0.6640 0.6035 0.4416
vn -0.9427 0.2007 0.2665
vn 0.3978 0.5247 0.7526
vn 0.5090 0.6923 0.5115
vn 0.5041 0.6843 0.5269
vn -0.1576 0.9691 0.1898
vn -0.2744 -0.4257 0.8622
vn -0.7304 0.0526 0.6810
vn -0.4124 -0.6114 0.6753
vn -0.5927 0.2180 0.7754
vn -0.5177 -0.7475 0.4163
vn -0.5731 -0.8114 0.1146
vn -0.5747 -0.8128 0.0951
vn -0.5721 -0.7954 -0.2001
vn -0.5701 -0.7918 -0.2191
vn -0.5141 -0.6998 -0.4960
vn -0.5090 -0.6923 -0.5115
vn -0.4040 -0.5340 -0.7427
vn -0.2531 -0.3143 -0.9149
vn -0.2480 -0.3067 -0.9189
vn 0.1060 0.1947 -0.9751
vn 0.1042 0.1919 -0.9759
vn 0.4186 0.6194 -0.6642
vn 0.4246 0.6271 -0.6531
vn 0.8147 -0.5793 -0.0266
vn 0.9781 0.1820 -0.1009
vn 0.8145 -0.5795 -0.0266
vn 0.8149 -0.5790 -0.0272
vn 0.8149 -0.5789 -0.0276
vn 0.8150 -0.5787 -0.0281
vn 0.8149 -0.5789 -0.0274
vn 0.8148 -0.5791 -0.0269
vn 0.8145 -0.5795 -0.0267
vn 0.8147 -0.5792 -0.0279
vn 0.8146 -0.5793 -0.0271
vn 0.8145 -0.5795 -0.0276
vn 0.8146 -0.5792 -0.0289
vn 0.2502 -0.7701 -0.5868
vn 0.8149 -0.5790 -0.0268
vn -0.3526 -0.5314 0.7702
vn -0.1931 -0.3145 0.9294
vn 0.4603 0.6181 0.6373
vn 0.3288 0.4236 0.8441
vn 0.5467 0.7521 0.3680
vn 0.5795 0.8125 0.0629
vn 0.5557 0.7934 -0.2486
vn 0.5556 0.7934 -0.2486
vn 0.4775 0.6965 -0.5356
vn 0.0147 0.0666 -0.9977
vn -0.1651 -0.1877 -0.9683
vn -0.3287 -0.4237 -0.8440
vn -0.2422 -0.2992 -0.9229
vn -0.5466 -0.7522 -0.3680
vn 0.1899 -0.8954 -0.4027
vn -0.4244 -0.6272 0.6531
vn -0.2794 -0.4324 0.8573
vn -0.2744 -0.4257 0.8623
vn -0.1064 -0.1943 0.9752
vn -0.1044 -0.1918 0.9759
vn 0.0772 0.0632 0.9950
vn 0.0751 0.0601 0.9954
vn 0.2480 0.3068 0.9189
vn 0.5088 0.6924 0.5115
vn 0.5699 0.7919 0.2191
vn 0.2744 0.4256 -0.8623
vn 0.1027 0.1887 -0.9767
vn -0.0726 -0.0572 -0.9957
vn 0.5223 0.7533 -0.3998
vn -0.8152 0.5785 0.0266
vn -0.8148 0.5791 0.0264
vn -0.8148 0.5791 0.0265
vn -0.8150 0.5788 0.0266
vn -0.8144 0.5797 0.0263
vn -0.8146 0.5793 0.0267
vn -0.8148 0.5791 0.0270
vn -0.8147 0.5793 0.0271
vn -0.8154 0.5783 0.0257
vn -0.8151 0.5787 0.0262
vn -0.8152 0.5786 0.0266
vn -0.8152 0.5786 0.0267
vn -0.8148 0.5791 0.0266
vn -0.8146 0.5794 0.0264
vn -0.8147 0.5793 0.0265
vn -0.8148 0.5792 0.0266
vn -0.8147 0.5792 0.0269
vn -0.8148 0.5792 0.0268
vn -0.8150 0.5789 0.0263
vn -0.8149 0.5790 0.0265
vn -0.8147 0.5793 0.0268
vn -0.8147 0.5792 0.0267
vn 0.4774 0.6967 -0.5355
vn 0.5555 0.7935 -0.2485
vn 0.5797 0.8124 0.0627
vn 0.8782 -0.3602 0.3145
vn -0.0149 -0.0665 0.9977
vn -0.0148 -0.0666 0.9977
vn -0.4771 -0.6968 0.5356
vn -0.4773 -0.6966 0.5356
vn -0.4773 -0.6967 0.5356
vn -0.1928 -0.3146 0.9294
vn -0.5555 -0.7935 0.2486
vn -0.5556 -0.7934 0.2486
vn 0.6466 -0.6004 -0.4705
vn -0.1652 -0.1877 -0.9682
vn -0.5469 -0.7520 -0.3679
vn -0.5471 -0.7519 -0.3679
vn 0.0148 0.0665 -0.9977
vn 0.0148 0.0666 -0.9977
vn 0.5773 -0.7713 -0.2680
vn 0.8148 -0.5791 -0.0268
vn 0.4202 0.6217 -0.6611
vn 0.4202 0.6217 -0.6610
vn 0.4202 0.6216 -0.6610
vn 0.5997 -0.0805 -0.7962
vn 0.7541 -0.0200 -0.6564
vn 0.6666 0.3329 -0.6670
vn 0.4202 0.6216 -0.6611
vn 0.0876 0.7543 -0.6507
vn 0.8981 -0.3890 0.2049
vn 0.8951 -0.4037 0.1891
vn 0.8974 -0.1759 0.4047
vn 0.8940 -0.1586 0.4190
vn 0.8106 0.0705 0.5814
vn 0.8015 0.0875 0.5916
vn -0.6496 0.7147 0.2594
vn -0.4230 0.7786 0.4635
vn -0.4286 0.7779 0.4595
vn -0.6583 0.7101 0.2499
vn -0.8137 0.5806 0.0291
vn -0.8212 0.5705 0.0152
vn -0.8982 0.3890 -0.2049
vn -0.9008 0.3741 -0.2204
vn -0.6299 -0.3246 -0.7056
vn -0.6169 -0.3386 -0.7105
vn -0.3844 -0.5378 -0.7503
vn -0.1181 -0.6846 -0.7193
vn 0.1568 -0.7671 -0.6221
vn 0.7561 -0.1097 -0.6452
vn 0.8058 -0.5906 -0.0433
vn 0.8136 -0.5807 -0.0289
vn -0.4201 -0.6216 0.6612
vn -0.4195 -0.6218 0.6613
vn -0.4198 -0.6217 0.6612
vn -0.4200 -0.6217 0.6611
vn -0.4203 -0.6218 0.6609
vn -0.4201 -0.6220 0.6608
vn -0.4201 -0.6223 0.6606
vn -0.4199 -0.6224 0.6606
vn -0.4200 -0.6221 0.6608
vn -0.4197 -0.6225 0.6606
vn -0.4199 -0.6221 0.6608
vn -0.4199 -0.6222 0.6607
vn -0.4201 -0.6219 0.6609
vn -0.4206 -0.6219 0.6606
vn -0.4211 -0.6217 0.6604
vn -0.4217 -0.6218 0.6599
vn -0.4209 -0.6220 0.6602
vn -0.4204 -0.6219 0.6606
vn -0.4206 -0.6222 0.6603
vn -0.4203 -0.6219 0.6608
vn -0.4203 -0.6220 0.6606
vn -0.4202 -0.6217 0.6609
vn -0.4202 -0.6218 0.6609
vn -0.5447 0.7554 0.3643
vn -0.7423 0.6545 0.1437
vn -0.7423 0.6544 0.1438
vn -0.2937 0.7824 0.5492
vn -0.2937 0.7823 0.5492
vn -0.0140 0.7328 0.6803
vn 0.2670 0.6116 0.7448
vn 0.2670 0.6116 0.7447
vn 0.2670 0.6115 0.7448
vn 0.7258 0.2070 0.6560
vn 0.7259 0.2071 0.6559
vn 0.8586 -0.0366 0.5114
vn 0.9073 -0.2766 0.3166
vn 0.9073 -0.2765 0.3167
vn -0.5220 -0.4303 -0.7365
vn -0.5220 -0.4303 -0.7364
vn 0.2937 -0.7825 -0.5491
vn -0.2670 -0.6115 -0.7448
vn -0.7258 -0.2070 -0.6560
vn -0.7258 -0.2071 -0.6560
vn -0.8586 0.0365 -0.5113
vn -0.8586 0.0366 -0.5113
vn -0.4089 -0.5205 -0.7496
vn -0.6423 -0.3106 -0.7007
vn -0.6298 -0.3246 -0.7057
vn -0.8105 -0.0704 -0.5815
vn -0.8973 0.1762 -0.4048
vn -0.8951 0.4037 -0.1893
vn -0.8981 0.3891 -0.2050
vn -0.8059 0.5905 0.0432
vn -0.8136 0.5807 0.0290
vn -0.6404 0.7193 0.2693
vn -0.6495 0.7148 0.2593
vn -0.4169 0.7794 0.4678
vn -0.4229 0.7787 0.4634
vn -0.1566 0.7673 0.6218
vn -0.1559 0.7672 0.6222
vn 0.1261 0.6815 0.7209
vn 0.8901 -0.1415 0.4332
vn 0.4284 -0.7782 -0.4592
vn -0.6298 -0.3246 -0.7056
vn -0.8014 -0.0875 -0.5917
vn -0.8940 0.1587 -0.4191
vn -0.8136 0.5807 0.0289
vn -0.6495 0.7147 0.2593
vn -0.4229 0.7787 0.4635
vn -0.1560 0.7671 0.6223
vn 0.3969 0.5292 0.7500
vn 0.8940 -0.1587 0.4191
vn 0.6495 -0.7148 -0.2593
vn -0.7001 -0.4080 0.5860
vn 0.4188 0.6224 -0.6613
vn 0.4194 0.6220 -0.6612
vn 0.4197 0.6218 -0.6613
vn 0.4192 0.6224 -0.6610
vn 0.4196 0.6221 -0.6610
vn 0.4198 0.6221 -0.6609
vn 0.4200 0.6219 -0.6609
vn 0.4201 0.6219 -0.6609
vn 0.4201 0.6218 -0.6610
vn 0.4202 0.6219 -0.6608
vn 0.4202 0.6218 -0.6609
vn 0.4201 0.6216 -0.6611
vn 0.4208 0.6216 -0.6607
vn 0.4205 0.6216 -0.6609
vn 0.4210 0.6214 -0.6608
vn 0.4206 0.6215 -0.6609
vn 0.4205 0.6215 -0.6609
vn 0.4204 0.6216 -0.6610
vn 0.4203 0.6212 -0.6614
vn 0.4202 0.6214 -0.6613
vn 0.4204 0.6215 -0.6610
vn 0.4203 0.6216 -0.6610
vn 0.4208 0.6220 -0.6604
vn 0.4205 0.6218 -0.6607
vn -0.2588 -0.2872 0.9222
vn 0.2671 0.6115 0.7448
vn 0.8673 -0.4894 0.0907
vn 0.8674 -0.4893 0.0904
vn 0.7258 0.2068 0.6561
vn 0.7257 0.2067 0.6562
vn -0.0139 0.7329 0.6802
vn -0.0140 0.7329 0.6802
vn -0.2939 0.7823 0.5492
vn -0.2938 0.7824 0.5492
vn -0.2938 0.7824 0.5491
vn -0.5446 0.7555 0.3641
vn -0.5446 0.7555 0.3642
vn -0.7422 0.6546 0.1435
vn -0.8672 0.4896 -0.0911
vn -0.8672 0.4896 -0.0910
vn -0.9074 0.2764 -0.3165
vn -0.9074 0.2765 -0.3166
vn -0.8587 0.0365 -0.5112
vn -0.7208 -0.6921 0.0377
vn -0.7257 -0.2070 -0.6561
vn -0.3768 -0.8690 0.3207
vn 0.0140 -0.7329 -0.6802
vn 0.2936 -0.7827 -0.5488
vn 0.2937 -0.7826 -0.5490
vn 0.2936 -0.7826 -0.5490
vn 0.5446 -0.7555 -0.3641
vn 0.5446 -0.7556 -0.3640
vn 0.5447 -0.7554 -0.3642
vn -0.0835 -0.6788 0.7295
vn -0.4202 -0.6218 0.6610
vn -0.5725 -0.8199 -0.0063
vn 0.6583 0.4042 -0.6350
vn -0.6321 0.7509 -0.1914
vn -0.8081 0.5888 0.0164
vn -0.1331 -0.7759 0.6166
vn 0.3644 -0.2269 0.9032
vn 0.6321 -0.7509 0.1912
vn 0.3936 -0.8375 0.3790
vn 0.6463 -0.7421 0.1778
vn -0.6583 -0.4043 0.6349
vn -0.6529 -0.4106 0.6366
vn -0.8191 -0.1618 0.5503
vn -0.8189 -0.1623 0.5505
vn -0.8240 0.5651 0.0411
vn -0.8161 0.5772 0.0286
vn 0.4110 0.6283 -0.6605
vn 0.6476 0.4167 -0.6379
vn 0.9068 -0.1076 -0.4075
vn 0.9059 -0.1016 -0.4112
vn 0.9030 -0.3670 -0.2231
vn 0.8081 -0.5889 -0.0165
vn 0.8161 -0.5772 -0.0287
vn 0.4123 -0.8339 0.3668
vn -0.6529 -0.4107 0.6365
vn -0.8190 -0.1624 0.5504
vn -0.6462 0.7422 -0.1777
vn 0.8190 0.1624 -0.5504
vn 0.9059 -0.1014 -0.4111
vn 0.1375 -0.8431 0.5198
vn -0.4228 -0.6198 0.6612
vn -0.6528 -0.4106 0.6366
vn -0.9059 0.1014 0.4111
vn -0.1577 -0.8957 0.4158
vn 0.2675 0.7751 0.5724
vn 0.8777 0.2262 -0.4224
vn 0.9436 0.0460 -0.3279
vn 0.1862 0.7878 0.5872
vn 0.8263 -0.3310 -0.4557
vn 0.4945 -0.8240 0.2765
vn 0.3469 0.6202 0.7036
vn 0.0474 0.7286 -0.6833
vn -0.6955 -0.5694 0.4383
vn -0.7032 -0.1987 -0.6827
vn -0.5717 0.8202 -0.0232
vn -0.6830 0.7302 -0.0188
vn 0.1724 -0.8163 -0.5513
vn -0.3832 -0.8923 0.2386
vn -0.6876 -0.7260 0.0093
vn -0.4196 -0.8340 0.3582
vn -0.1408 -0.8696 0.4732
vn -0.7210 0.6813 -0.1268
vn -0.6584 0.6181 -0.4295
vn -0.6602 0.6200 -0.4239
vn -0.7119 0.6767 0.1879
vn -0.6326 0.6055 0.4829
vn -0.9217 0.0229 0.3872
vn -0.4925 0.4761 0.7286
vn -0.3062 0.3019 0.9028
vn 0.3497 -0.3197 0.8806
vn 0.6327 -0.6055 -0.4829
vn 0.0737 -0.9257 -0.3711
vn -0.1352 0.1154 -0.9841
vn 0.0905 -0.0988 -0.9910
vn 0.0887 -0.0973 -0.9913
vn -0.7162 -0.2288 -0.6594
vn -0.5302 0.4933 -0.6896
vn -0.5332 0.4962 -0.6852
vn 0.6878 0.7259 -0.0093
vn 0.6879 0.7257 -0.0092
vn 0.6876 0.7260 -0.0095
vn 0.6873 0.7263 -0.0092
vn 0.6870 0.7266 -0.0090
vn 0.6876 0.7260 -0.0096
vn 0.6877 0.7259 -0.0099
vn 0.6879 0.7258 -0.0103
vn 0.6877 0.7260 -0.0092
vn 0.8573 0.1228 0.4999
vn 0.6871 0.7265 -0.0097
vn 0.6873 0.7264 -0.0095
vn 0.6870 0.7266 -0.0096
vn 0.6877 0.7259 -0.0097
vn 0.6878 0.7258 -0.0098
vn 0.6879 0.7257 -0.0101
vn 0.6878 0.7259 -0.0099
vn 0.6875 0.7261 -0.0096
vn 0.6876 0.7261 -0.0096
vn 0.6874 0.7262 -0.0102
vn 0.6875 0.7261 -0.0099
vn 0.6874 0.7262 -0.0099
vn 0.2491 -0.2237 0.9423
vn 0.2491 -0.2236 0.9423
vn 0.4477 -0.4136 0.7928
vn 0.0262 -0.0118 0.9996
vn -0.1994 0.2013 0.9590
vn -0.1993 0.2013 0.9590
vn -0.4054 0.3946 0.8246
vn -0.5716 0.5494 0.6095
vn -0.5716 0.5494 0.6094
vn -0.6820 0.6503 0.3346
vn -0.7256 0.6876 0.0271
vn -0.7255 0.6876 0.0271
vn -0.6982 0.6576 -0.2832
vn -0.6981 0.6576 -0.2832
vn -0.6024 0.5632 -0.5656
vn -0.6023 0.5632 -0.5656
vn -0.4477 0.4136 -0.7928
vn -0.2492 0.2236 -0.9423
vn -0.0261 0.0118 -0.9996
vn 0.1994 -0.2013 -0.9590
vn 0.4053 -0.3946 -0.8246
vn 0.5716 -0.5493 -0.6095
vn 0.5716 -0.5494 -0.6095
vn 0.6820 -0.6503 -0.3346
vn 0.6819 -0.6504 -0.3346
vn 0.7257 -0.6875 -0.0271
vn 0.7257 -0.6874 -0.0271
vn 0.4912 -0.4751 -0.7301
vn 0.4925 -0.4761 -0.7285
vn 0.3061 -0.3019 -0.9028
vn 0.3061 -0.3022 -0.9028
vn 0.6326 -0.6055 -0.4829
vn 0.7119 -0.6766 -0.1881
vn 0.7217 -0.6815 0.1209
vn 0.7211 -0.6811 0.1267
vn 0.6604 -0.6198 0.4239
vn 0.6585 -0.6180 0.4296
vn 0.5302 -0.4933 0.6896
vn 0.1385 -0.1178 0.9833
vn 0.1355 -0.1152 0.9841
vn -0.0889 0.0973 0.9913
vn -0.3061 0.3018 0.9029
vn -0.3063 0.3018 0.9028
vn -0.4937 0.4771 0.7270
vn -0.4926 0.4760 0.7286
vn -0.6343 0.6066 0.4793
vn -0.6328 0.6053 0.4829
vn -0.7120 0.6766 0.1880
vn -0.7209 0.6813 -0.1268
vn -0.6565 0.6161 -0.4351
vn -0.6584 0.6180 -0.4296
vn -0.5271 0.4906 -0.6939
vn -0.3459 0.3167 -0.8832
vn -0.3495 0.3198 -0.8806
vn -0.1321 0.1126 -0.9848
vn 0.0923 -0.1005 -0.9907
vn 0.4926 -0.4760 -0.7286
vn 0.3063 -0.3018 -0.9028
vn 0.7119 -0.6767 -0.1880
vn 0.7210 -0.6812 0.1267
vn 0.6584 -0.6180 0.4295
vn 0.5303 -0.4933 0.6896
vn 0.3496 -0.3197 0.8807
vn 0.1353 -0.1154 0.9841
vn -0.0906 0.0987 0.9910
vn -0.6327 0.6055 0.4829
vn -0.7119 0.6767 0.1880
vn -0.7210 0.6812 -0.1268
vn -0.6584 0.6180 -0.4295
vn -0.5303 0.4933 -0.6896
vn -0.3496 0.3197 -0.8806
vn 0.6327 -0.6054 -0.4829
vn 0.7210 -0.6812 0.1268
vn 0.5303 -0.4932 0.6896
vn -0.6327 0.6054 0.4829
vn -0.7119 0.6766 0.1880
vn -0.6585 0.6180 -0.4295
vn 0.6159 0.6315 0.4711
vn 0.4036 0.5703 0.7155
vn -0.6876 -0.7261 0.0100
vn -0.6875 -0.7261 0.0096
vn -0.6872 -0.7264 0.0096
vn -0.6877 -0.7259 0.0091
vn -0.6872 -0.7264 0.0082
vn -0.6874 -0.7262 0.0087
vn -0.6873 -0.7264 0.0087
vn -0.6874 -0.7262 0.0091
vn -0.6878 -0.7258 0.0096
vn -0.6019 0.5638 -0.5656
vn -0.6021 0.5635 -0.5656
vn -0.6980 0.6578 -0.2831
vn -0.6981 0.6577 -0.2831
vn -0.4055 0.3945 0.8246
vn -0.4054 0.3945 0.8246
vn -0.0013 0.9918 0.1278
vn 0.2924 0.9563 0.0037
vn -0.1995 0.2012 0.9590
vn 0.0259 -0.0120 0.9996
vn 0.2490 -0.2238 0.9423
vn 0.2490 -0.2237 0.9423
vn 0.4475 -0.4139 0.7927
vn 0.4476 -0.4138 0.7927
vn 0.6028 -0.5628 0.5656
vn 0.6026 -0.5630 0.5656
vn 0.6986 -0.6571 0.2832
vn 0.6984 -0.6573 0.2832
vn 0.7255 -0.6877 -0.0271
vn 0.7256 -0.6876 -0.0271
vn 0.6821 -0.6502 -0.3347
vn 0.5717 -0.5493 -0.6095
vn 0.4055 -0.3944 -0.8246
vn 0.4055 -0.3945 -0.8246
vn 0.1993 -0.2013 -0.9590
vn -0.0265 0.0115 -0.9996
vn -0.0263 0.0116 -0.9996
vn -0.2493 0.2235 -0.9423
vn 0.3206 0.9371 0.1377
vn 0.6876 0.7261 -0.0095
vn 0.6876 0.7260 -0.0093
vn 0.6876 0.7261 -0.0093
vn 0.5864 0.5806 -0.5649
vn 0.3154 0.6875 -0.6541
vn 0.0131 0.7308 -0.6825
vn -0.0035 0.7311 -0.6822
vn -0.2930 0.7047 -0.6462
vn -0.3126 0.7005 -0.6415
vn -0.5732 0.6101 -0.5470
vn -0.5914 0.6010 -0.5377
vn -0.7988 0.4551 -0.3933
vn -0.8121 0.4422 -0.3807
vn -0.9463 0.2540 -0.1998
vn -0.9528 0.2398 -0.1864
vn -0.9995 0.0265 0.0145
vn -0.9996 0.0142 0.0260
vn -0.8076 -0.4150 0.4190
vn -0.8051 -0.4175 0.4213
vn -0.5810 -0.5835 0.5675
vn -0.3052 -0.6901 0.6561
vn -0.2954 -0.6926 0.6581
vn 0.0196 -0.7312 0.6819
vn 0.3126 -0.7005 0.6416
vn 0.3317 -0.6960 0.6368
vn 0.5914 -0.6009 0.5377
vn 0.6092 -0.5915 0.5282
vn 0.8121 -0.4422 0.3807
vn 0.8250 -0.4289 0.3679
vn 0.9528 -0.2398 0.1864
vn 0.9588 -0.2254 0.1727
vn 0.9996 -0.0143 -0.0259
vn 0.9993 -0.0016 -0.0377
vn 0.0288 0.6820 0.7308
vn 0.0288 0.6821 0.7307
vn 0.6105 0.7685 0.1915
vn 0.0288 0.6819 0.7308
vn 0.0286 0.6820 0.7308
vn 0.0285 0.6820 0.7308
vn 0.0285 0.6819 0.7309
vn 0.0287 0.6819 0.7308
vn 0.2244 0.0008 0.9745
vn 0.0285 0.6822 0.7306
vn 0.0286 0.6821 0.7307
vn -0.8882 -0.3180 0.3317
vn -0.9864 -0.0989 0.1311
vn -0.9881 0.1298 -0.0823
vn -0.8931 0.3459 -0.2877
vn -0.7106 0.5281 -0.4649
vn -0.4586 0.6586 -0.5966
vn -0.1617 0.7246 -0.6699
vn 0.1510 0.7197 -0.6776
vn 0.4490 0.6444 -0.6190
vn 0.7030 0.5059 -0.4998
vn 0.8882 0.3180 -0.3317
vn 0.9864 0.0989 -0.1311
vn 0.9881 -0.1298 0.0823
vn 0.8931 -0.3459 0.2877
vn 0.7106 -0.5281 0.4649
vn 0.4586 -0.6586 0.5966
vn 0.1617 -0.7246 0.6699
vn -0.1510 -0.7197 0.6776
vn -0.4490 -0.6444 0.6190
vn -0.7030 -0.5059 0.4998
vn -0.9447 -0.2203 0.2429
vn -0.9485 -0.2122 0.2354
vn -0.9993 0.0018 0.0378
vn -0.9589 0.2254 -0.1726
vn -0.8251 0.4289 -0.3678
vn -0.8121 0.4421 -0.3807
vn -0.0196 0.7313 -0.6818
vn 0.2954 0.6926 -0.6581
vn 0.3052 0.6901 -0.6562
vn 0.5810 0.5835 -0.5675
vn 0.8051 0.4176 -0.4213
vn 0.9463 -0.2539 0.1999
vn 0.7989 -0.4551 0.3933
vn 0.5732 -0.6102 0.5469
vn 0.0035 -0.7311 0.6822
vn -0.3052 -0.6902 0.6561
vn 0.9996 -0.0142 -0.0260
vn 0.9996 -0.0143 -0.0260
vn -0.0288 -0.6821 -0.7307
vn -0.0288 -0.6820 -0.7307
vn -0.0288 -0.6820 -0.7308
vn -0.0286 -0.6820 -0.7308
vn -0.0286 -0.6821 -0.7307
vn -0.0287 -0.6821 -0.7307
vn -0.0288 -0.6819 -0.7308
vn -0.0287 -0.6819 -0.7309
vn -0.0287 -0.6819 -0.7308
vn -0.0289 -0.6820 -0.7308
vn -0.0287 -0.6820 -0.7307
vn -0.0288 -0.6819 -0.7309
vn -0.0287 -0.6818 -0.7309
vn -0.0113 0.0282 -0.9995
vn -0.6822 -0.3100 -0.6622
vn -0.4450 -0.8918 -0.0821
vn 0.8051 0.4175 -0.4214
vn 0.9447 0.2203 -0.2428
vn 0.8024 0.4202 -0.4238
vn -0.2931 0.7047 -0.6462
vn -0.9995 0.0264 0.0145
vn 0.8121 -0.4421 0.3808
vn 0.6092 -0.5914 0.5282
vn 0.8251 -0.4288 0.3680
vn 0.9589 -0.2253 0.1727
vn 0.4166 0.0720 0.9062
vn 0.0287 0.6820 0.7307
vn 0.0288 0.6820 0.7307
vn 0.0287 0.6821 0.7307
vn 0.3031 0.3198 0.8977
vn 0.1720 0.2730 0.9465
vn 0.1765 0.2544 0.9509
vn 0.3120 0.3024 0.9007
vn 0.0271 0.2586 0.9656
vn 0.0264 0.2395 0.9705
vn -0.1179 0.2778 0.9534
vn -0.1236 0.2593 0.9578
vn -0.2487 0.3287 0.9111
vn -0.2592 0.3117 0.9142
vn -0.3528 0.4061 0.8430
vn -0.3670 0.3918 0.8437
vn -0.4202 0.5025 0.7556
vn -0.4368 0.4917 0.7533
vn -0.4442 0.6088 0.6573
vn -0.4618 0.6018 0.6516
vn -0.4223 0.7146 0.5577
vn -0.4393 0.7114 0.5486
vn -0.3564 0.8094 0.4667
vn -0.3716 0.8098 0.4540
vn -0.2531 0.8839 0.3933
vn -0.2649 0.8874 0.3774
vn -0.1225 0.9307 0.3447
vn -0.1298 0.9364 0.3260
vn 0.0224 0.9452 0.3257
vn 0.0209 0.9521 0.3052
vn 0.1674 0.9261 0.3381
vn 0.1723 0.9326 0.3171
vn 0.2984 0.8753 0.3804
vn 0.3094 0.8799 0.3607
vn 0.4026 0.7979 0.4486
vn 0.4184 0.7990 0.4319
vn 0.4701 0.7012 0.5360
vn 0.4885 0.6980 0.5236
vn 0.4940 0.5948 0.6342
vn 0.5127 0.5872 0.6264
vn 0.4719 0.4889 0.7337
vn 0.4890 0.4773 0.7301
vn 0.4060 0.3941 0.8245
vn 0.4197 0.3792 0.8246
vn -0.0465 -0.4367 -0.8984
vn 0.5274 0.1948 -0.8270
vn -0.4931 0.1290 0.8603
vn 0.5262 -0.2961 -0.7972
vn 0.0425 -0.4614 -0.8862
vn -0.1905 -0.5947 -0.7811
vn -0.7989 0.4551 -0.3933
vn 0.7267 0.2067 -0.6552
vn -0.5732 0.6102 -0.5469
vn -0.7236 0.2286 -0.6513
vn 0.1511 -0.9608 0.2325
vn 0.0131 0.7307 -0.6825
vn 0.5613 0.2004 -0.8030
vn 0.7732 -0.2453 -0.5847
vn -0.0991 -0.2422 -0.9651
vn 0.7318 -0.1316 -0.6687
vn -0.9032 0.3521 -0.2454
vn 0.8922 0.3016 -0.3363
vn 0.9589 -0.2254 0.1727
vn 0.8629 0.2809 -0.4202
vn -0.6761 0.6935 -0.2488
vn -0.4335 0.8192 -0.3756
vn -0.1478 0.8827 -0.4462
vn 0.1531 0.8780 -0.4536
vn 0.4399 0.8055 -0.3971
vn 0.6843 0.6723 -0.2824
vn 0.8626 0.4914 -0.1206
vn 0.9571 0.2805 0.0724
vn 0.9587 0.0604 0.2778
vn 0.8673 -0.1475 0.4755
vn 0.6917 -0.3229 0.6460
vn 0.4491 -0.4484 0.7728
vn 0.1634 -0.5120 0.8433
vn -0.1375 -0.5073 0.8507
vn -0.4243 -0.4348 0.7943
vn -0.6687 -0.3016 0.6796
vn -0.8469 -0.1207 0.5178
vn -0.9415 0.0902 0.3248
vn -0.9431 0.3103 0.1193
vn -0.8517 0.5182 -0.0783
vn -0.0131 -0.7307 0.6826
vn -0.3154 -0.6875 0.6541
vn -0.0053 -0.9822 0.1879
vn -0.5864 -0.5805 0.5649
vn -0.8024 -0.4202 0.4238
vn -0.8076 -0.4150 0.4191
vn -0.9447 -0.2204 0.2428
vn -0.9993 0.0016 0.0377
vn -0.9589 0.2253 -0.1727
vn -0.8250 0.4289 -0.3679
vn -0.6092 0.5916 -0.5281
vn -0.3316 0.6962 -0.6367
vn -0.0196 0.7313 -0.6817
vn 0.2954 0.6926 -0.6580
vn 0.3155 0.6875 -0.6541
vn 0.5864 0.5805 -0.5650
vn 0.8076 0.4149 -0.4191
vn 0.9519 0.2043 -0.2282
vn 0.9995 -0.0265 -0.0145
vn 0.9993 -0.0017 -0.0377
vn 0.9463 -0.2539 0.1998
vn 0.5732 -0.6101 0.5470
vn 0.2931 -0.7046 0.6462
vn 0.3316 -0.6961 0.6367
vn 0.0196 0.0104 0.9998
vn -0.1871 0.0372 0.9816
vn -0.2492 -0.8538 -0.4571
vn -0.3738 0.1091 0.9211
vn -0.3356 -0.7898 -0.5134
vn -0.3366 -0.7888 -0.5143
vn -0.5223 0.2193 0.8241
vn -0.3907 -0.7106 -0.5851
vn -0.6183 0.3574 0.6999
vn -0.4100 -0.6235 -0.6656
vn -0.6528 0.5099 0.5602
vn -0.3917 -0.5371 -0.7471
vn -0.3900 -0.5332 -0.7507
vn -0.6223 0.6618 0.4181
vn -0.3376 -0.4597 -0.8214
vn -0.3350 -0.4572 -0.8238
vn -0.5292 0.7985 0.2870
vn -0.2529 -0.3990 -0.8814
vn -0.2510 -0.3981 -0.8823
vn -0.3823 0.9064 0.1798
vn -0.1462 -0.3610 -0.9210
vn -0.1458 -0.3610 -0.9211
vn -0.1953 0.9749 0.1071
vn -0.0278 -0.3493 -0.9366
vn -0.0287 -0.3493 -0.9366
vn 0.0138 0.9970 0.0762
vn 0.0894 -0.3647 -0.9268
vn 0.0905 -0.3650 -0.9266
vn 0.2248 0.9701 0.0910
vn 0.1973 -0.4065 -0.8921
vn 0.1970 -0.4063 -0.8923
vn 0.4163 0.8966 0.1508
vn 0.2824 -0.4697 -0.8365
vn 0.2827 -0.4700 -0.8362
vn 0.5685 0.7837 0.2502
vn 0.6654 0.6432 0.3789
vn 0.6977 0.4895 0.5231
vn 0.6631 0.3378 0.6680
vn 0.3391 -0.7216 -0.6036
vn 0.2854 -0.7991 -0.5292
vn 0.2869 -0.7975 -0.5307
vn 0.5657 0.2027 0.7993
vn 0.2011 -0.8600 -0.4690
vn 0.2047 -0.8581 -0.4709
vn 0.4156 0.0971 0.9044
vn 0.0944 -0.8984 -0.4290
vn 0.0997 -0.8972 -0.4303
vn 0.2275 0.0310 0.9733
vn -0.6167 0.7747 0.1398
vn -0.4376 0.8990 0.0168
vn -0.7323 0.6140 0.2944
vn -0.7722 0.4337 0.4643
vn -0.7328 0.2525 0.6319
vn -0.6191 0.0887 0.7803
vn -0.4429 -0.0423 0.8956
vn -0.2209 -0.1280 0.9669
vn 0.0259 -0.1598 0.9868
vn 0.2731 -0.1336 0.9527
vn 0.4948 -0.0517 0.8675
vn 0.6678 0.0772 0.7403
vn 0.7750 0.2391 0.5850
vn 0.8073 0.4168 0.4179
vn 0.7639 0.5925 0.2557
vn 0.6515 0.7502 0.1129
vn 0.4811 0.8767 0.0016
vn 0.2674 0.9611 -0.0689
vn 0.0282 0.9954 -0.0915
vn -0.2149 0.9746 -0.0626
vn -0.1335 0.9412 0.3104
vn 0.0216 0.9569 0.2897
vn 0.5265 0.5817 0.6200
vn 0.5026 0.4685 0.7266
vn 0.4317 0.3672 0.8239
vn 0.3209 0.2878 0.9023
vn 0.1811 0.2382 0.9542
vn 0.0263 0.2230 0.9745
vn -0.1285 0.2435 0.9613
vn -0.2681 0.2978 0.9162
vn -0.3792 0.3803 0.8435
vn -0.4512 0.4833 0.7503
vn -0.4769 0.5968 0.6454
vn -0.4536 0.7098 0.5390
vn -0.0187 0.6932 0.7205
vn -0.0117 0.7032 0.7109
vn -0.0118 0.7031 0.7110
vn -0.0188 0.6929 0.7208
vn -0.0008 0.7111 0.7031
vn -0.0006 0.7112 0.7030
vn 0.0130 0.7160 0.6979
vn 0.0136 0.7162 0.6978
vn 0.0284 0.7176 0.6959
vn 0.0290 0.7176 0.6959
vn 0.0438 0.7156 0.6972
vn 0.0443 0.7155 0.6973
vn 0.0577 0.7102 0.7017
vn 0.4208 0.8964 0.1392
vn 0.0688 0.7019 0.7089
vn 0.5765 0.7804 0.2420
vn 0.0759 0.6917 0.7182
vn 0.0784 0.6804 0.7286
vn 0.0784 0.6808 0.7282
vn 0.0761 0.6692 0.7392
vn 0.0762 0.6695 0.7389
vn 0.0691 0.6591 0.7488
vn 0.0692 0.6593 0.7487
vn 0.0581 0.6513 0.7566
vn 0.4003 0.1104 0.9097
vn 0.0289 0.6448 0.7638
vn 0.0284 0.6448 0.7638
vn 0.0136 0.6468 0.7625
vn 0.0132 0.6469 0.7624
vn -0.0003 0.6522 0.7581
vn -0.0005 0.6523 0.7580
vn -0.0114 0.6604 0.7508
vn -0.0113 0.6603 0.7509
vn -0.0185 0.6707 0.7415
vn -0.0211 0.6819 0.7311
vn -0.7980 0.5434 -0.2606
vn -0.7850 0.5560 -0.2732
vn -0.9305 0.3571 -0.0815
vn -0.9366 0.3435 -0.0688
vn -0.5801 0.7006 -0.4155
vn -0.5619 0.7094 -0.4255
vn -0.3048 0.7990 -0.5183
vn -0.2847 0.8031 -0.5234
vn 0.0005 0.8292 -0.5589
vn 0.0179 0.8290 -0.5590
vn 0.3055 0.7890 -0.5330
vn 0.3164 0.7862 -0.5308
vn 0.5837 0.6806 -0.4428
vn 0.7968 0.5224 -0.3036
vn 0.9374 0.3252 -0.1250
vn 0.9913 0.1060 0.0774
vn 0.9453 -0.1300 0.2993
vn 0.9515 -0.1151 0.2854
vn 0.8061 -0.3298 0.4913
vn 0.8191 -0.3165 0.4783
vn 0.6054 -0.4777 0.6366
vn 0.3126 -0.5849 0.7485
vn 0.3308 -0.5809 0.7437
vn 0.0075 -0.6147 0.7887
vn 0.0224 -0.6151 0.7881
vn -0.2972 -0.5740 0.7631
vn -0.2883 -0.5765 0.7645
vn -0.5719 -0.4674 0.6741
vn -0.5696 -0.4688 0.6751
vn -0.7904 -0.3053 0.5311
vn -0.7927 -0.3028 0.5291
vn -0.9320 -0.1028 0.3475
vn -0.9351 -0.0953 0.3413
vn -0.9826 0.1209 0.1408
vn -0.9826 0.1323 0.1305
vn 0.7102 0.7040 0.0045
vn 0.8342 0.5261 0.1656
vn 0.8303 0.5344 0.1579
vn 0.7074 0.7068 0.0019
vn 0.5183 0.8466 -0.1211
vn 0.5212 0.8450 -0.1197
vn 0.2876 0.9373 -0.1967
vn 0.2770 0.9401 -0.1988
vn 0.0263 0.9748 -0.2215
vn 0.0098 0.9752 -0.2211
vn -0.2391 0.9522 -0.1900
vn -0.2574 0.9483 -0.1856
vn -0.8090 0.5497 0.2082
vn -0.4246 0.7187 0.5506
vn -0.8490 0.3621 0.3847
vn -0.8490 0.3549 0.3915
vn -0.8064 0.1637 0.5683
vn -0.8045 0.1596 0.5721
vn -0.6820 -0.0161 0.7312
vn -0.6807 -0.0173 0.7323
vn -0.4886 -0.1598 0.8577
vn -0.4899 -0.1591 0.8572
vn 0.5240 -0.1762 0.8333
vn 0.2830 -0.2618 0.9227
vn 0.7149 -0.0394 0.6981
vn 0.4049 0.4062 0.8192
vn 0.8369 0.1352 0.5304
vn 0.8426 0.1485 0.5176
vn 0.8779 0.3300 0.3469
vn 0.8777 0.3425 0.3352
vn 0.2288 -0.9229 0.3098
vn 0.9918 0.0421 0.1209
vn -0.4014 0.1745 0.8991
vn -0.7701 -0.2913 0.5675
vn -0.5542 0.5033 0.6630
vn -0.6792 -0.7072 0.1965
vn -0.7718 0.5389 0.3376
vn 0.5818 0.8117 -0.0527
vn 0.5781 -0.7285 0.3676
vn 0.4255 0.0804 0.9014
vn 0.8030 0.5959 0.0091
vn -0.1118 -0.1519 -0.9821
vn 0.9835 -0.1742 -0.0481
vn 0.2037 0.6900 0.6946
vn -0.0581 -0.9786 -0.1975
vn -0.5680 -0.6955 0.4400
vn -0.5689 -0.5065 0.6479
vn 0.5286 -0.8421 0.1072
vn -0.6042 0.1720 0.7780
vn -0.2101 0.0125 0.9776
vn -0.3063 -0.5719 0.7610
vn -0.2973 -0.5742 0.7628
vn -0.5743 -0.4661 0.6729
vn -0.5719 -0.4675 0.6741
vn -0.7881 -0.3075 0.5333
vn -0.7904 -0.3051 0.5312
vn -0.9422 0.3302 -0.0560
vn -0.9366 0.3436 -0.0687
vn -0.8102 0.5309 -0.2485
vn -0.7979 0.5435 -0.2607
vn -0.5975 0.6912 -0.4064
vn -0.5801 0.7005 -0.4157
vn -0.3240 0.7945 -0.5136
vn -0.3048 0.7990 -0.5184
vn -0.0161 0.8295 -0.5583
vn 0.0005 0.8293 -0.5588
vn 0.2953 0.7914 -0.5352
vn 0.9387 -0.1443 0.3130
vn 0.9452 -0.1300 0.2995
vn 0.7932 -0.3424 0.5036
vn 0.0075 -0.6146 0.7888
vn -0.2972 -0.5739 0.7631
vn -0.7905 -0.3053 0.5310
vn -0.9321 -0.1028 0.3474
vn -0.9826 0.1207 0.1408
vn -0.7979 0.5435 -0.2606
vn -0.5799 0.7008 -0.4154
vn -0.3047 0.7991 -0.5182
vn 0.0006 0.8292 -0.5589
vn 0.9452 -0.1302 0.2993
vn 0.3126 -0.5847 0.7486
vn 0.0074 -0.6147 0.7887
vn -0.5719 -0.4675 0.6740
vn -0.7904 -0.3052 0.5311
vn -0.9320 -0.1026 0.3477
vn -0.9366 0.3437 -0.0686
vn 0.7997 0.5195 -0.3010
vn 0.9413 0.3165 -0.1172
vn 0.9916 0.0927 0.0897
vn 0.2712 -0.2644 0.9255
vn 0.0074 -0.2878 0.9577
vn -0.2549 -0.2511 0.9338
vn -0.4911 -0.1584 0.8566
vn -0.6795 -0.0185 0.7334
vn -0.8028 0.1557 0.5756
vn -0.8489 0.3481 0.3978
vn -0.8128 0.5408 0.2166
vn -0.6972 0.7152 0.0492
vn -0.5120 0.8545 -0.0881
vn -0.2738 0.9445 -0.1815
vn -0.0050 0.9753 -0.2207
vn 0.2677 0.9424 -0.2007
vn 0.5158 0.8479 -0.1223
vn 0.7126 0.7015 0.0067
vn 0.8374 0.5186 0.1724
vn 0.8779 0.3189 0.3572
vn 0.8315 0.1231 0.5418
vn 0.7047 -0.0495 0.7078
vn 0.5114 -0.1827 0.8397
vn -0.0002 0.6521 0.7581
vn -0.0115 0.6605 0.7507
vn -0.0187 0.6709 0.7413
vn -0.0186 0.6707 0.7415
vn -0.0211 0.6823 0.7308
vn -0.0010 0.7110 0.7032
vn 0.0126 0.7159 0.6981
vn 0.0279 0.7176 0.6959
vn 0.0434 0.7156 0.6971
vn 0.0576 0.7102 0.7016
vn 0.0689 0.7018 0.7090
vn 0.0761 0.6914 0.7185
vn 0.0785 0.6800 0.7290
vn 0.0760 0.6689 0.7395
vn 0.0905 -0.3651 -0.9266
vn 0.3569 -0.6353 -0.6849
vn 0.2854 -0.7991 -0.5291
vn 0.0945 -0.8984 -0.4290
vn -0.0241 -0.9103 -0.4132
vn -0.3907 -0.7107 -0.5851
vn -0.4100 -0.6236 -0.6656
vn -0.0278 -0.3494 -0.9366
vn 0.5914 -0.6010 0.5377
vn -0.9485 -0.2121 0.2355
vn -0.9996 0.0144 0.0262
vn -0.5913 0.6011 -0.5376
vn -0.3125 0.7007 -0.6414
vn -0.0035 0.7312 -0.6822
vn 0.3053 0.6900 -0.6563
vn 0.5836 0.5818 -0.5665
vn 0.8051 0.4173 -0.4216
vn 0.0116 0.6261 0.7797
vn -0.4333 0.7388 0.5162
vn -0.3826 0.9087 0.1671
vn 0.9182 0.0836 -0.3871
vn 0.1145 -0.0273 -0.9931
vn 0.3407 -0.0814 -0.9366
vn 0.1304 -0.7937 -0.5942
vn 0.6811 0.4917 0.5425
vn 0.2500 -0.7245 -0.6423
vn 0.2115 -0.6696 -0.7120
vn 0.7843 0.4648 0.4109
vn -0.0161 -0.6758 -0.7369
vn -0.8051 -0.4175 0.4214
vn -0.0035 0.7310 -0.6823
vn 0.5836 0.5820 -0.5662
vn 0.9484 0.2122 -0.2354
vn 0.3125 -0.7005 0.6415
vn -0.1429 -0.8948 -0.4230
vn -0.0279 -0.3493 -0.9366
vn -0.0241 -0.9104 -0.4131
vn -0.3344 -0.7910 -0.5123
vn -0.3891 -0.7141 -0.5819
vn -0.4100 -0.6283 -0.6611
vn -0.3937 -0.5416 -0.7428
vn -0.3405 -0.4627 -0.8185
vn -0.2552 -0.4002 -0.8802
vn -0.1466 -0.3611 -0.9209
vn -0.0268 -0.3493 -0.9366
vn 0.0918 -0.3653 -0.9263
vn 0.1978 -0.4067 -0.8919
vn 0.2820 -0.4693 -0.8368
vn 0.3369 -0.5475 -0.7660
vn 0.3569 -0.6346 -0.6855
vn 0.3389 -0.7221 -0.6031
vn 0.2836 -0.8009 -0.5274
vn 0.1968 -0.8622 -0.4667
vn 0.0882 -0.8998 -0.4274
vn -0.1412 0.9394 0.3124
vn -0.4543 0.7081 0.5405
vn 0.0141 0.9570 0.2899
vn 0.5266 0.5760 0.6253
vn 0.5001 0.4629 0.7319
vn 0.4277 0.3632 0.8277
vn 0.3172 0.2859 0.9042
vn 0.1792 0.2377 0.9547
vn 0.0261 0.2230 0.9745
vn -0.1279 0.2434 0.9614
vn -0.2679 0.2976 0.9163
vn -0.3794 0.3805 0.8433
vn -0.4514 0.4836 0.7499
vn -0.4769 0.5965 0.6456
vn -0.6091 0.5917 -0.5280
vn -0.8251 0.4290 -0.3677
vn -0.0196 0.7312 -0.6819
vn 0.2954 0.6925 -0.6582
vn 0.5810 0.5834 -0.5675
vn 0.2930 -0.7047 0.6462
vn -0.9447 -0.2201 0.2432
vn -0.9993 0.0020 0.0381
vn -0.3315 0.6965 -0.6364
vn -0.0194 0.7315 -0.6816
vn 0.2954 0.6923 -0.6584
vn 0.5810 0.5829 -0.5680
vn 0.8076 0.4145 -0.4194
vn 0.9463 -0.2540 0.1998
vn -0.9996 0.0157 0.0247
vn -0.8971 -0.3536 -0.2649
vn -0.9251 -0.3049 -0.2265
vn -0.8996 -0.1135 -0.4217
vn -0.9221 0.3852 0.0357
vn -0.7275 0.6724 0.1368
vn 0.0265 0.1232 0.9920
vn -0.5997 0.1080 0.7929
vn -0.6169 -0.1283 0.7765
vn 0.0214 -0.1870 0.9821
vn 0.0146 -0.4688 0.8832
vn 0.0142 -0.4807 0.8768
vn -0.0258 -0.8725 -0.4879
vn -0.6770 -0.6519 -0.3417
vn -0.0214 0.1870 -0.9821
vn -0.0265 -0.1231 -0.9920
vn -0.6254 -0.0870 -0.7755
vn -0.0213 0.1953 -0.9805
vn -0.0144 0.4807 -0.8768
vn -0.0143 0.4923 -0.8703
vn 0.9996 -0.0164 -0.0245
vn 0.9996 -0.0171 -0.0243
vn 0.9996 -0.0169 -0.0247
vn 0.9996 -0.0163 -0.0247
vn 0.9996 -0.0157 -0.0248
vn 0.9996 -0.0156 -0.0249
vn 0.9996 -0.0152 -0.0246
vn 0.9996 -0.0147 -0.0244
vn 0.9996 -0.0153 -0.0244
vn 0.9996 -0.0152 -0.0241
vn 0.9996 -0.0158 -0.0245
vn 0.9996 -0.0159 -0.0244
vn 0.9996 -0.0156 -0.0250
vn 0.9996 -0.0150 -0.0249
vn 0.9996 -0.0153 -0.0248
vn 0.9996 -0.0155 -0.0242
vn 0.9996 -0.0156 -0.0244
vn 0.9996 -0.0159 -0.0247
vn 0.9996 -0.0162 -0.0246
vn 0.6817 -0.7293 0.0577
vn 0.9996 -0.0161 -0.0246
vn 0.9996 -0.0158 -0.0250
vn 0.6171 0.1279 -0.7764
vn 0.9996 -0.0152 -0.0254
vn 0.9996 -0.0154 -0.0250
vn 0.9996 -0.0159 -0.0246
vn -0.0082 -0.9611 0.2761
vn -0.0081 -0.9611 0.2761
vn 0.0008 -0.8289 0.5595
vn 0.0008 -0.8289 0.5594
vn 0.0098 -0.6154 0.7881
vn 0.0097 -0.6154 0.7882
vn 0.0178 -0.3419 0.9396
vn 0.0241 -0.0348 0.9991
vn 0.0281 0.2758 0.9608
vn 0.0293 0.5592 0.8285
vn -0.0009 0.8288 -0.5595
vn -0.0009 0.8289 -0.5595
vn 0.0081 0.9611 -0.2760
vn -0.0098 0.6154 -0.7881
vn -0.0097 0.6154 -0.7881
vn -0.0178 0.3418 -0.9396
vn -0.0232 -0.9396 -0.3414
vn -0.0281 -0.2758 -0.9608
vn -0.0275 -0.7880 -0.6150
vn -0.0165 -0.9993 -0.0343
vn -0.0287 -0.6790 -0.7336
vn -0.0261 -0.8653 -0.5006
vn -0.0211 -0.9775 -0.2098
vn -0.0204 -0.9810 -0.1931
vn -0.0127 -0.9925 0.1216
vn -0.0037 -0.9055 0.4243
vn 0.0049 -0.7399 0.6727
vn 0.0055 -0.7288 0.6847
vn 0.0139 -0.4923 0.8703
vn 0.0142 -0.4808 0.8767
vn 0.0214 -0.1954 0.9805
vn 0.0264 0.1208 0.9923
vn 0.0264 0.1231 0.9920
vn 0.0289 0.4247 0.9049
vn 0.0289 0.4208 0.9067
vn 0.0284 0.6863 0.7268
vn 0.0286 0.6790 0.7336
vn 0.0251 0.8794 0.4753
vn 0.0255 0.8725 0.4880
vn 0.0198 0.9841 0.1764
vn 0.0201 0.9810 0.1931
vn 0.0123 0.9901 -0.1395
vn 0.0127 0.9925 -0.1216
vn 0.0032 0.8977 -0.4405
vn -0.0063 0.7175 -0.6965
vn -0.0057 0.7288 -0.6847
vn -0.0147 0.4689 -0.8832
vn -0.0142 0.4807 -0.8768
vn -0.0290 -0.4208 -0.9067
vn -0.0257 -0.8725 -0.4880
vn -0.0037 -0.9055 0.4244
vn -0.0141 0.4807 -0.8768
vn -0.0213 0.1870 -0.9821
vn 0.0290 0.4208 0.9067
vn 0.0287 0.6790 0.7336
vn 0.0125 0.9925 -0.1216
vn -0.9996 0.0160 0.0246
vn -0.9996 0.0155 0.0249
vn -0.9996 0.0165 0.0247
vn -0.9996 0.0165 0.0246
vn -0.9996 0.0158 0.0247
vn -0.9996 0.0152 0.0250
vn -0.9996 0.0150 0.0250
vn -0.9996 0.0153 0.0249
vn -0.9996 0.0155 0.0251
vn -0.9996 0.0156 0.0251
vn -0.9995 0.0162 0.0255
vn -0.9996 0.0160 0.0251
vn -0.9996 0.0165 0.0250
vn -0.0095 0.6155 -0.7881
vn -0.0097 0.6155 -0.7881
vn -0.0008 0.8288 -0.5595
vn 0.0084 0.9611 -0.2760
vn 0.0083 0.9611 -0.2760
vn 0.0164 0.9993 0.0344
vn 0.0231 0.9396 0.3414
vn 0.0279 0.7880 0.6150
vn 0.0277 0.7880 0.6150
vn 0.0294 0.5594 0.8284
vn 0.0293 0.5593 0.8284
vn 0.0283 0.2757 0.9608
vn 0.0282 0.2757 0.9608
vn 0.0102 -0.6154 0.7881
vn 0.0100 -0.6154 0.7881
vn 0.0243 -0.0348 0.9991
vn -0.0166 -0.9993 -0.0343
vn -0.0231 -0.9396 -0.3414
vn -0.0280 -0.2758 -0.9608
vn -0.0273 -0.7880 -0.6150
vn -0.0272 -0.7880 -0.6150
vn -0.0237 0.0347 -0.9991
vn -0.0239 0.0348 -0.9991
vn -0.0173 0.3419 -0.9396
vn -0.0176 0.3418 -0.9396
vn 0.9996 -0.0156 -0.0248
vn -0.8960 -0.2491 -0.3676
vn -0.9141 -0.2274 -0.3356
vn -0.9996 0.0157 0.0248
vn -0.9996 0.0156 0.0248
vn 0.0200 0.9810 0.1932
vn 0.0125 0.9925 -0.1215
vn 0.0129 0.9945 -0.1037
vn 0.0203 0.9775 0.2100
vn 0.0262 0.1232 0.9920
vn 0.0289 0.4209 0.9067
vn 0.0288 0.4168 0.9085
vn 0.0261 0.1257 0.9917
vn 0.0215 -0.1785 0.9837
vn 0.0149 -0.4688 0.8832
vn 0.0144 -0.4807 0.8768
vn 0.0066 -0.7174 0.6966
vn 0.0058 -0.7288 0.6848
vn -0.0028 -0.8978 0.4404
vn -0.0035 -0.9055 0.4243
vn -0.0118 -0.9901 0.1396
vn -0.0124 -0.9925 0.1216
vn -0.0197 -0.9841 -0.1764
vn -0.0255 -0.8794 -0.4754
vn -0.0212 0.1870 -0.9821
vn -0.0265 -0.1232 -0.9920
vn -0.6255 -0.0869 -0.7753
vn -0.0209 0.1952 -0.9805
vn -0.0137 0.4807 -0.8768
vn -0.0130 0.4923 -0.8704
vn 0.9996 -0.0149 -0.0251
vn 0.9996 -0.0143 -0.0255
vn 0.9996 -0.0148 -0.0251
vn 0.9996 -0.0152 -0.0249
vn 0.9996 -0.0164 -0.0248
vn 0.9995 -0.0171 -0.0250
vn 0.9996 -0.0163 -0.0249
vn 0.9996 -0.0166 -0.0249
vn 0.9996 -0.0150 -0.0240
vn 0.9996 -0.0154 -0.0239
vn 0.9996 -0.0152 -0.0233
vn 0.9996 -0.0157 -0.0243
vn 0.9996 -0.0157 -0.0239
vn 0.9996 -0.0154 -0.0252
vn 0.9996 -0.0155 -0.0250
vn 0.9996 -0.0150 -0.0258
vn 0.9996 -0.0153 -0.0253
vn 0.9996 -0.0146 -0.0255
vn 0.9996 -0.0150 -0.0250
vn 0.9996 -0.0152 -0.0247
vn 0.9996 -0.0154 -0.0247
vn 0.9996 -0.0165 -0.0246
vn 0.9995 -0.0172 -0.0248
vn 0.9996 -0.0163 -0.0248
vn 0.9996 -0.0166 -0.0248
vn 0.9996 -0.0161 -0.0248
vn 0.9996 -0.0156 -0.0251
vn 0.6173 0.1280 -0.7762
vn 0.9996 -0.0157 -0.0241
vn 0.9996 -0.0154 -0.0243
vn 0.9996 -0.0154 -0.0246
vn 0.9996 -0.0149 -0.0253
vn 0.9996 -0.0153 -0.0250
vn 0.0009 -0.8288 0.5595
vn 0.0010 -0.8288 0.5595
vn 0.0099 -0.6155 0.7881
vn 0.0179 -0.3419 0.9396
vn 0.0241 -0.0347 0.9991
vn 0.0242 -0.0347 0.9991
vn 0.0281 0.2757 0.9608
vn 0.0165 0.9993 0.0344
vn -0.0008 0.8289 -0.5595
vn -0.0007 0.8289 -0.5594
vn -0.0008 0.8289 -0.5594
vn -0.0179 0.3419 -0.9396
vn -0.0180 0.3419 -0.9396
vn -0.0241 0.0347 -0.9991
vn -0.0242 0.0347 -0.9991
vn -0.0275 -0.7880 -0.6151
vn -0.0292 -0.5593 -0.8285
vn -0.0165 -0.9993 -0.0344
vn -0.0166 -0.9993 -0.0344
vn -0.0288 -0.6714 -0.7405
vn -0.0258 -0.8652 -0.5007
vn -0.0204 -0.9775 -0.2099
vn -0.0132 -0.9945 0.1036
vn -0.0047 -0.9129 0.4081
vn -0.0039 -0.9055 0.4243
vn 0.0049 -0.7398 0.6728
vn 0.0055 -0.7287 0.6848
vn 0.0138 -0.4922 0.8704
vn 0.0209 -0.1953 0.9805
vn 0.0259 0.1211 0.9923
vn 0.0286 0.4247 0.9049
vn 0.0288 0.4208 0.9067
vn 0.0284 0.6862 0.7268
vn 0.0286 0.6789 0.7337
vn 0.0252 0.8793 0.4756
vn 0.0255 0.8725 0.4879
vn 0.0200 0.9841 0.1765
vn 0.0202 0.9810 0.1931
vn 0.0033 0.8978 -0.4403
vn -0.0062 0.7174 -0.6967
vn -0.0149 0.4687 -0.8832
vn -0.0143 0.4806 -0.8768
vn -0.9996 0.0159 0.0246
vn -0.9996 0.0154 0.0246
vn -0.9996 0.0155 0.0247
vn -0.9996 0.0160 0.0240
vn -0.9996 0.0158 0.0243
vn -0.9996 0.0158 0.0239
vn -0.9996 0.0158 0.0242
vn -0.9996 0.0153 0.0241
vn -0.9996 0.0154 0.0244
vn -0.9996 0.0152 0.0242
vn -0.9996 0.0159 0.0248
vn -0.9996 0.0156 0.0245
vn -0.9996 0.0155 0.0245
vn -0.9996 0.0156 0.0246
vn -0.9996 0.0161 0.0240
vn -0.9996 0.0159 0.0243
vn -0.9996 0.0158 0.0252
vn -0.9996 0.0158 0.0249
vn -0.9996 0.0157 0.0253
vn -0.9996 0.0158 0.0254
vn -0.9996 0.0158 0.0251
vn -0.9996 0.0162 0.0252
vn -0.9996 0.0160 0.0249
vn -0.9996 0.0160 0.0248
vn -0.0010 0.8288 -0.5596
vn 0.0080 0.9611 -0.2761
vn 0.0081 0.9611 -0.2761
vn 0.0233 0.9396 0.3414
vn 0.0232 0.9396 0.3414
vn 0.0283 0.2758 0.9608
vn 0.0282 0.2758 0.9608
vn 0.9250 0.3049 0.2266
vn 0.0276 0.7880 0.6151
vn 0.8972 0.3534 0.2649
vn 0.0247 -0.0348 0.9991
vn 0.0244 -0.0347 0.9991
vn 0.0179 -0.3418 0.9396
vn -0.0232 -0.9396 -0.3415
vn -0.0083 -0.9611 0.2761
vn -0.0084 -0.9611 0.2762
vn -0.0276 -0.7880 -0.6150
vn -0.0276 -0.7880 -0.6151
vn -0.0292 -0.5591 -0.8286
vn -0.0288 -0.2756 -0.9608
vn -0.0284 -0.2757 -0.9608
vn -0.0246 0.0348 -0.9991
vn -0.0244 0.0348 -0.9991
vn -0.0243 0.0348 -0.9991
vn -0.0178 0.3419 -0.9396
vn 0.9447 0.2204 -0.2428
vn 0.8024 0.4202 -0.4237
vn -0.5810 -0.5835 0.5674
vn -0.2954 -0.6926 0.6580
vn 0.0196 -0.7313 0.6818
vn 0.3316 -0.6962 0.6367
vn 0.9589 -0.2254 0.1726
vn -0.2040 -0.0088 0.9789
vn 0.7989 -0.4553 0.3930
vn 0.5733 -0.6102 0.5468
vn 0.5914 -0.6011 0.5376
vn 0.2930 -0.7048 0.6461
vn 0.3126 -0.7006 0.6415
vn -0.0132 -0.7308 0.6824
vn -0.9447 -0.2203 0.2428
vn -0.9484 -0.2122 0.2354
vn -0.9993 0.0019 0.0378
vn -0.9996 0.0143 0.0261
vn -0.9588 0.2255 -0.1726
vn -0.8250 0.4288 -0.3680
vn -0.8122 0.4420 -0.3808
vn -0.6093 0.5912 -0.5284
vn -0.5914 0.6008 -0.5378
vn -0.3316 0.6961 -0.6367
vn -0.0195 0.7315 -0.6816
vn -0.0035 0.7312 -0.6821
vn 0.5809 0.5834 -0.5676
vn 0.8076 0.4150 -0.4190
vn 0.8050 0.4176 -0.4214
vn 0.9519 0.2046 -0.2279
vn 0.9484 0.2123 -0.2353
vn 0.9996 -0.0263 -0.0143
vn -0.9527 0.2399 -0.1864
vn -0.0035 0.7311 -0.6823
vn -0.9484 -0.2123 0.2354
vn -0.9528 0.2397 -0.1864
vn -0.8121 0.4421 -0.3808
vn -0.5914 0.6009 -0.5377
vn 0.0240 0.6778 0.7349
vn 0.4954 0.7624 0.4163
vn -0.2800 0.2458 0.9280
vn 0.6828 0.6455 -0.3423
vn 0.8664 -0.2800 0.4134
vn -0.5341 0.6158 0.5792
vn -0.3941 0.0785 -0.9157
vn 0.1084 0.5835 -0.8048
vn -0.5255 -0.6850 0.5046
vn 0.0297 0.6875 0.7255
vn -0.5137 -0.1110 0.8507
vn 0.7192 0.3029 -0.6253
vn 0.5036 -0.6978 -0.5094
vn -0.1249 -0.4797 0.8685
vn -0.2930 0.6947 -0.6569
vn -0.0260 0.8267 -0.5620
vn -0.0286 0.8258 -0.5632
vn -0.2916 0.6956 -0.6566
vn -0.5271 0.4992 -0.6877
vn -0.5313 0.4948 -0.6877
vn -0.7129 0.2546 -0.6534
vn -0.8310 -0.0154 -0.5561
vn -0.8341 -0.0263 -0.5510
vn -0.8690 -0.2850 -0.4046
vn -0.8222 -0.5279 -0.2128
vn -0.6942 -0.7197 0.0008
vn -0.4894 -0.8434 0.2218
vn -0.2493 -0.8782 0.4082
vn -0.2435 -0.8780 0.4121
vn 0.5354 -0.4905 0.6876
vn 0.7225 -0.2383 0.6491
vn 0.8341 0.0263 0.5510
vn 0.8371 0.0372 0.5458
vn 0.8687 0.2966 0.3967
vn 0.8683 0.3080 0.3888
vn 0.8139 0.5475 0.1942
vn 0.6804 0.7326 -0.0186
vn -0.4946 0.4779 0.7260
vn 0.1789 0.7080 0.6832
vn -0.4947 0.4778 0.7259
vn -0.4947 0.4779 0.7259
vn -0.4946 0.4779 0.7259
vn -0.4947 0.4778 0.7260
vn -0.4946 0.4778 0.7259
vn -0.0449 0.4342 0.8997
vn -0.0996 0.3059 0.9468
vn -0.0828 0.2970 0.9513
vn -0.0261 0.4294 0.9027
vn -0.1871 0.1893 0.9639
vn -0.1735 0.1764 0.9689
vn -0.2990 0.0954 0.9495
vn -0.2893 0.0793 0.9540
vn -0.4243 0.0334 0.9049
vn -0.4189 0.0150 0.9079
vn -0.5509 0.0094 0.8345
vn -0.5499 -0.0100 0.8352
vn -0.6663 0.0256 0.7452
vn -0.6694 0.0066 0.7428
vn -0.7593 0.0806 0.6457
vn -0.7660 0.0632 0.6398
vn -0.8207 0.1690 0.5458
vn -0.8299 0.1545 0.5361
vn -0.8445 0.2822 0.4552
vn -0.8551 0.2716 0.4417
vn -0.8283 0.4091 0.3828
vn -0.8387 0.4031 0.3662
vn -0.7738 0.5371 0.3358
vn -0.7824 0.5362 0.3168
vn -0.6863 0.6538 0.3187
vn -0.6916 0.6577 0.2986
vn -0.5743 0.7477 0.3332
vn -0.5751 0.7557 0.3134
vn -0.4489 0.8098 0.3778
vn -0.4446 0.8203 0.3598
vn -0.3223 0.8338 0.4482
vn -0.3128 0.8453 0.4332
vn -0.2068 0.8175 0.5375
vn -0.1929 0.8281 0.5263
vn -0.1138 0.7624 0.6370
vn -0.0966 0.7706 0.6299
vn -0.0525 0.6739 0.7369
vn -0.0332 0.6786 0.7338
vn -0.0288 0.5607 0.8275
vn -0.0090 0.5610 0.8278
vn 0.3306 -0.9040 -0.2710
vn 0.7261 0.4303 -0.5362
vn 0.7225 -0.2382 0.6491
vn -0.4029 -0.8861 0.2292
vn 0.3789 -0.9130 -0.1516
vn 0.8722 -0.3633 -0.3277
vn -0.0969 -0.8367 -0.5390
vn 0.5249 0.7651 -0.3729
vn -0.8310 -0.0153 -0.5561
vn 0.1522 -0.8383 -0.5236
vn -0.7130 0.2546 -0.6533
vn -0.3846 0.5534 -0.7388
vn 0.0430 -0.9380 0.3440
vn -0.2916 0.6956 -0.6565
vn -0.3993 -0.9147 -0.0625
vn 0.8140 0.5475 0.1942
vn -0.5830 -0.5865 -0.5623
vn -0.9640 -0.0277 -0.2643
vn -0.8906 0.2367 -0.3883
vn -0.7432 0.4906 -0.4550
vn -0.5362 0.7092 -0.4577
vn -0.2898 0.8711 -0.3964
vn -0.0283 0.9605 -0.2770
vn 0.2229 0.9685 -0.1112
vn 0.4391 0.8944 0.0848
vn 0.5992 0.7455 0.2919
vn 0.6875 0.5363 0.4896
vn 0.6952 0.2874 0.6588
vn 0.6218 0.0231 0.7829
vn 0.4743 -0.2309 0.8495
vn 0.2673 -0.4495 0.8524
vn 0.0209 -0.6113 0.7911
vn -0.2406 -0.7007 0.6717
vn -0.4918 -0.7087 0.5058
vn -0.7080 -0.6347 0.3098
vn -0.8680 -0.4858 0.1027
vn -0.9562 -0.2767 -0.0951
vn 0.5271 -0.4992 0.6877
vn 0.2916 -0.6956 0.6565
vn 0.0286 -0.8259 0.5631
vn 0.0236 -0.8276 0.5608
vn -0.2374 -0.8778 0.4160
vn -0.2493 -0.8782 0.4081
vn -0.4816 -0.8460 0.2287
vn -0.6804 -0.7326 0.0187
vn -0.8139 -0.5475 -0.1941
vn -0.8222 -0.5279 -0.2127
vn -0.8683 -0.3080 -0.3889
vn -0.8370 -0.0372 -0.5459
vn -0.7225 0.2382 -0.6491
vn -0.5354 0.4905 -0.6876
vn -0.2943 0.6939 -0.6572
vn 0.0589 0.2754 -0.9595
vn -0.0235 0.8276 -0.5608
vn -0.0286 0.8259 -0.5632
vn 0.2494 0.8782 -0.4082
vn 0.2375 0.8778 -0.4160
vn 0.4969 0.8408 -0.2150
vn 0.4816 0.8460 -0.2287
vn 0.6942 0.7198 -0.0008
vn 0.6804 0.7326 -0.0187
vn 0.8222 0.5279 0.2127
vn 0.8690 0.2850 0.4045
vn 0.8310 0.0153 0.5561
vn 0.8370 0.0372 0.5459
vn 0.7129 -0.2546 0.6534
vn 0.7224 -0.2383 0.6491
vn 0.6608 -0.6309 -0.4066
vn 0.5692 -0.7078 -0.4184
vn 0.7217 -0.6854 0.0970
vn -0.1697 -0.1126 0.9790
vn -0.0106 0.0207 0.9997
vn 0.4666 -0.7585 -0.4549
vn -0.3480 -0.2008 0.9157
vn 0.3630 -0.7781 -0.5126
vn 0.3615 -0.7782 -0.5136
vn -0.5282 -0.2355 0.8158
vn 0.2687 -0.7647 -0.5857
vn 0.2668 -0.7641 -0.5873
vn -0.6929 -0.2130 0.6888
vn 0.1927 -0.7196 -0.6671
vn 0.1913 -0.7182 -0.6690
vn -0.8262 -0.1355 0.5468
vn 0.1427 -0.6472 -0.7488
vn 0.1420 -0.6455 -0.7505
vn -0.9149 -0.0101 0.4034
vn 0.1235 -0.5546 -0.8229
vn 0.1234 -0.5531 -0.8240
vn -0.9502 0.1511 0.2727
vn 0.1369 -0.4511 -0.8819
vn 0.1372 -0.4499 -0.8825
vn -0.9281 0.3326 0.1674
vn 0.1818 -0.3460 -0.9205
vn -0.8505 0.5167 0.0983
vn 0.2530 -0.2514 -0.9342
vn 0.2532 -0.2512 -0.9342
vn -0.7249 0.6851 0.0723
vn 0.3444 -0.1747 -0.9224
vn 0.3445 -0.1747 -0.9224
vn -0.5635 0.8209 0.0925
vn 0.4467 -0.1241 -0.8860
vn 0.4466 -0.1242 -0.8861
vn -0.3825 0.9106 0.1568
vn -0.2000 0.9450 0.2589
vn -0.0343 0.9208 0.3884
vn 0.7203 -0.1625 -0.6744
vn 0.0982 0.8408 0.5323
vn 0.7705 -0.2346 -0.5927
vn 0.7699 -0.2332 -0.5941
vn 0.1849 0.7132 0.6761
vn 0.7900 -0.3270 -0.5186
vn 0.7900 -0.3249 -0.5200
vn 0.2174 0.5507 0.8059
vn 0.7769 -0.4307 -0.4593
vn 0.7776 -0.4283 -0.4604
vn 0.1932 0.3693 0.9090
vn 0.7324 -0.5354 -0.4207
vn 0.7335 -0.5334 -0.4212
vn 0.1145 0.1869 0.9757
vn -0.9898 0.0660 0.1264
vn -0.9601 0.2796 0.0061
vn -0.9521 -0.1261 0.2785
vn -0.8502 -0.2773 0.4475
vn -0.6938 -0.3722 0.6166
vn -0.4985 -0.4010 0.7686
vn -0.2837 -0.3608 0.8884
vn -0.0710 -0.2557 0.9642
vn 0.1187 -0.0960 0.9883
vn 0.2665 0.1024 0.9584
vn 0.3576 0.3196 0.8775
vn 0.3831 0.5340 0.7537
vn 0.3407 0.7240 0.5998
vn 0.2353 0.8710 0.4312
vn 0.0781 0.9611 0.2648
vn -0.1151 0.9865 0.1165
vn -0.3256 0.9455 0.0001
vn -0.5336 0.8425 -0.0739
vn -0.7199 0.6870 -0.0985
vn -0.8669 0.4934 -0.0711
vn -0.7884 0.5364 0.3012
vn -0.8466 0.3994 0.3517
vn -0.6948 0.6613 0.2828
vn -0.5749 0.7619 0.2982
vn -0.4407 0.8283 0.3459
vn -0.3051 0.8540 0.4214
vn -0.1817 0.8364 0.5171
vn -0.0823 0.7774 0.6236
vn -0.0169 0.6826 0.7306
vn 0.0083 0.5615 0.8274
vn -0.0093 0.4259 0.9047
vn -0.0678 0.2892 0.9549
vn -0.1613 0.1648 0.9731
vn -0.2808 0.0646 0.9576
vn -0.4146 -0.0016 0.9100
vn -0.5497 -0.0274 0.8349
vn -0.6730 -0.0102 0.7395
vn -0.7725 0.0484 0.6332
vn -0.8382 0.1428 0.5263
vn -0.8638 0.2638 0.4293
vn -0.5372 0.4625 0.7053
vn -0.5372 0.4626 0.7053
vn -0.5347 0.4505 0.7149
vn -0.5355 0.4759 0.6977
vn -0.5355 0.4761 0.6976
vn -0.5297 0.4895 0.6927
vn -0.5296 0.4896 0.6926
vn -0.5205 0.5019 0.6908
vn -0.5204 0.5020 0.6908
vn -0.5086 0.5118 0.6924
vn -0.5085 0.5118 0.6924
vn -0.4953 0.5184 0.6971
vn -0.4819 0.5210 0.7046
vn -0.2172 0.9316 0.2914
vn -0.4696 0.5192 0.7140
vn -0.4598 0.5134 0.7246
vn -0.4533 0.5040 0.7352
vn -0.4583 0.4650 0.7575
vn -0.4676 0.4526 0.7593
vn -0.4794 0.4427 0.7578
vn -0.4927 0.4361 0.7530
vn -0.4927 0.4361 0.7531
vn -0.5061 0.4335 0.7456
vn -0.5060 0.4336 0.7456
vn -0.5184 0.4353 0.7361
vn -0.5183 0.4352 0.7362
vn -0.5282 0.4411 0.7255
vn -0.9357 -0.2180 -0.2773
vn -0.9360 -0.2064 -0.2851
vn -0.8898 -0.4463 -0.0954
vn -0.8857 -0.4561 -0.0865
vn -0.9016 0.0488 -0.4298
vn -0.8984 0.0598 -0.4352
vn -0.7867 0.3181 -0.5290
vn -0.7817 0.3265 -0.5313
vn -0.6026 0.5636 -0.5650
vn -0.5983 0.5682 -0.5650
vn -0.3673 0.7612 -0.5345
vn -0.3657 0.7622 -0.5342
vn -0.1035 0.8916 -0.4408
vn -0.1059 0.8907 -0.4421
vn 0.1628 0.9423 -0.2926
vn 0.1567 0.9420 -0.2967
vn 0.4056 0.9081 -0.1045
vn 0.3977 0.9107 -0.1116
vn 0.6013 0.7921 0.1050
vn 0.5942 0.7986 0.0959
vn 0.7304 0.6059 0.3153
vn 0.7262 0.6156 0.3061
vn 0.7802 0.3677 0.5061
vn 0.7797 0.3791 0.4983
vn 0.7459 0.1008 0.6584
vn 0.7488 0.1115 0.6533
vn 0.6310 -0.1685 0.7573
vn 0.6356 -0.1607 0.7551
vn 0.4469 -0.4137 0.7932
vn 0.4508 -0.4096 0.7931
vn 0.2116 -0.6111 0.7628
vn 0.2130 -0.6103 0.7630
vn -0.0519 -0.7414 0.6690
vn -0.0542 -0.7424 0.6678
vn -0.3179 -0.7922 0.5209
vn -0.3237 -0.7922 0.5174
vn -0.5681 -0.7553 0.3268
vn -0.7632 -0.6358 0.1154
vn -0.0383 0.9992 0.0101
vn 0.1742 0.9691 0.1747
vn 0.1674 0.9714 0.1685
vn -0.0438 0.9990 0.0065
vn -0.2714 0.9550 -0.1196
vn -0.2738 0.9542 -0.1207
vn -0.5023 0.8408 -0.2017
vn -0.5011 0.8416 -0.2014
vn -0.7047 0.6718 -0.2283
vn -0.7085 0.6678 -0.2283
vn -0.8653 0.4602 -0.1985
vn -0.8697 0.4528 -0.1966
vn -0.9673 0.2266 -0.1143
vn -0.9700 0.2171 -0.1098
vn -0.6713 -0.4880 0.5579
vn -0.6663 0.0394 0.7446
vn -0.4632 -0.5178 0.7192
vn -0.4590 -0.5177 0.7220
vn -0.7550 0.0985 0.6483
vn -0.2282 -0.4739 0.8505
vn -0.2264 -0.4733 0.8513
vn 0.0047 -0.3589 0.9334
vn 0.0038 -0.3595 0.9332
vn 0.2094 -0.1870 0.9598
vn 0.2123 -0.1840 0.9597
vn 0.3705 0.0273 0.9284
vn 0.3740 0.0332 0.9269
vn 0.4711 0.2626 0.8421
vn 0.4734 0.2708 0.8382
vn 0.5013 0.4960 0.7090
vn 0.5010 0.5051 0.7028
vn 0.4579 0.7045 0.5423
vn 0.4544 0.7126 0.5345
vn 0.3452 0.8675 0.3581
vn 0.3392 0.8730 0.3504
vn 0.2930 -0.6947 0.6569
vn 0.7281 -0.3649 0.5803
vn 0.7101 -0.2009 0.6748
vn 0.0260 -0.8268 0.5619
vn -0.2105 -0.6357 0.7427
vn -0.2435 -0.8780 0.4120
vn 0.1742 0.6581 -0.7326
vn -0.4893 -0.8434 0.2218
vn -0.6435 0.7369 0.2071
vn 0.1303 -0.9902 -0.0511
vn -0.7647 0.2103 0.6091
vn -0.4319 0.8503 -0.3009
vn 0.9074 -0.0077 0.4202
vn 0.1546 0.2549 0.9545
vn 0.9348 0.3315 0.1277
vn -0.7031 0.7033 0.1052
vn 0.5065 0.1357 0.8515
vn 0.1738 0.6815 0.7109
vn -0.0300 0.3437 0.9386
vn 0.2628 -0.4827 0.8354
vn 0.0514 0.3847 0.9216
vn 0.1017 0.0995 0.9898
vn 0.2102 -0.6117 0.7626
vn 0.2115 -0.6109 0.7629
vn -0.0497 -0.7404 0.6703
vn -0.0520 -0.7412 0.6692
vn -0.3125 -0.7917 0.5250
vn -0.3181 -0.7919 0.5212
vn -0.5535 -0.7603 0.3399
vn -0.5608 -0.7579 0.3334
vn -0.9353 -0.2292 -0.2697
vn -0.9045 0.0381 -0.4248
vn -0.7914 0.3101 -0.5268
vn -0.7868 0.3182 -0.5289
vn -0.6067 0.5593 -0.5649
vn -0.6026 0.5637 -0.5649
vn -0.3685 0.7604 -0.5348
vn -0.3672 0.7612 -0.5345
vn -0.1010 0.8925 -0.4395
vn -0.1035 0.8917 -0.4407
vn 0.4469 -0.4136 0.7932
vn 0.2115 -0.6110 0.7629
vn -0.0520 -0.7413 0.6692
vn -0.3179 -0.7922 0.5210
vn -0.8857 -0.4562 -0.0866
vn -0.9357 -0.2181 -0.2774
vn -0.9017 0.0488 -0.4297
vn -0.6027 0.5636 -0.5650
vn -0.1036 0.8917 -0.4407
vn 0.1629 0.9423 -0.2925
vn 0.4057 0.9080 -0.1045
vn 0.7802 0.3676 0.5062
vn 0.7458 0.1008 0.6585
vn 0.6309 -0.1684 0.7574
vn 0.4468 -0.4136 0.7933
vn -0.7564 -0.6422 0.1240
vn -0.9016 0.0489 -0.4298
vn -0.7868 0.3182 -0.5288
vn 0.3673 0.0217 0.9299
vn 0.2067 -0.1899 0.9598
vn 0.0029 -0.3600 0.9329
vn -0.2248 -0.4728 0.8520
vn -0.4551 -0.5176 0.7246
vn -0.6660 -0.4898 0.5626
vn -0.8375 -0.3916 0.3811
vn -0.9525 -0.2318 0.1976
vn -0.9992 -0.0252 0.0297
vn -0.9723 0.2084 -0.1057
vn -0.8735 0.4461 -0.1948
vn -0.7119 0.6642 -0.2282
vn -0.5034 0.8401 -0.2020
vn -0.2693 0.9557 -0.1186
vn -0.0334 0.9994 0.0134
vn 0.1803 0.9669 0.1803
vn 0.3506 0.8624 0.3652
vn 0.4610 0.6969 0.5493
vn 0.5015 0.4875 0.7147
vn 0.4689 0.2549 0.8456
vn -0.4675 0.4526 0.7593
vn -0.4675 0.4527 0.7593
vn -0.5062 0.4335 0.7455
vn -0.5347 0.4505 0.7150
vn -0.5372 0.4624 0.7054
vn -0.5356 0.4758 0.6977
vn -0.5298 0.4893 0.6927
vn -0.5205 0.5018 0.6908
vn -0.4952 0.5184 0.6971
vn -0.4817 0.5209 0.7047
vn -0.4695 0.5192 0.7142
vn -0.4696 0.5192 0.7141
vn -0.4597 0.5133 0.7247
vn -0.4532 0.5040 0.7353
vn -0.4507 0.4920 0.7448
vn -0.4524 0.4787 0.7525
vn -0.4582 0.4651 0.7574
vn 0.5500 -0.1044 -0.8286
vn 0.3630 -0.7781 -0.5125
vn 0.1427 -0.6472 -0.7489
vn 0.1369 -0.4510 -0.8819
vn 0.1815 -0.3466 -0.9203
vn -0.0261 0.8268 -0.5619
vn -0.4893 -0.8434 0.2217
vn -0.6875 -0.7261 0.0097
vn -0.8342 -0.0263 -0.5509
vn -0.7177 0.2463 -0.6513
vn -0.2929 0.6946 -0.6571
vn 0.2434 0.8780 -0.4121
vn 0.4893 0.8435 -0.2217
vn 0.8182 0.5377 0.2034
vn 0.7177 -0.2463 0.6513
vn 0.5312 -0.4947 0.6878
vn 0.0259 -0.8267 0.5620
vn 0.1276 -0.8748 -0.4674
vn -0.7487 0.0531 0.6608
vn 0.0512 -0.7845 -0.6180
vn -0.5886 0.1880 0.7863
vn -0.1653 -0.6524 -0.7396
vn -0.4829 0.4765 0.7347
vn -0.6450 0.1339 0.7523
vn -0.2661 0.5610 -0.7839
vn 0.4825 -0.4257 -0.7655
vn -0.3665 0.4542 0.8120
vn 0.5879 -0.2062 -0.7822
vn -0.2564 0.8299 0.4954
vn 0.5170 -0.4868 -0.7041
vn -0.1932 0.5070 0.8400
vn 0.9214 -0.2984 -0.2489
vn 0.3485 -0.6715 -0.6540
vn -0.4034 0.7460 0.5298
vn 0.3627 0.7978 -0.4816
vn 0.7662 -0.3312 -0.5507
vn -0.4687 0.3984 0.7884
vn -0.8687 -0.2965 -0.3968
vn -0.0260 0.8268 -0.5620
vn 0.1368 -0.4510 -0.8819
vn 0.3444 -0.1748 -0.9224
vn 0.5500 -0.1045 -0.8286
vn 0.4674 -0.7582 -0.4545
vn 0.3649 -0.7781 -0.5113
vn 0.2708 -0.7654 -0.5837
vn 0.1945 -0.7212 -0.6649
vn 0.1436 -0.6493 -0.7469
vn 0.1235 -0.5565 -0.8216
vn 0.1365 -0.4524 -0.8813
vn 0.4469 -0.1241 -0.8860
vn 0.5504 -0.1045 -0.8283
vn 0.6450 -0.1179 -0.7550
vn 0.7212 -0.1633 -0.6732
vn 0.7712 -0.2364 -0.5910
vn 0.7901 -0.3296 -0.5168
vn 0.7761 -0.4335 -0.4579
vn 0.7310 -0.5378 -0.4201
vn 0.6595 -0.6322 -0.4066
vn 0.5688 -0.7081 -0.4185
vn -0.8637 0.2603 0.4316
vn -0.8372 0.1403 0.5286
vn -0.8477 0.3957 0.3534
vn -0.7901 0.5334 0.3020
vn -0.6963 0.6596 0.2828
vn -0.5755 0.7616 0.2981
vn -0.4397 0.8287 0.3464
vn -0.3029 0.8541 0.4228
vn -0.1789 0.8355 0.5195
vn -0.0801 0.7753 0.6265
vn -0.0157 0.6798 0.7332
vn 0.0084 0.5587 0.8294
vn -0.0099 0.4237 0.9057
vn -0.0686 0.2879 0.9552
vn -0.1619 0.1642 0.9731
vn -0.2810 0.0644 0.9576
vn -0.4143 -0.0015 0.9101
vn -0.5489 -0.0274 0.8355
vn -0.6717 -0.0107 0.7407
vn -0.7710 0.0470 0.6351
vn -0.8371 -0.0370 -0.5458
vn -0.8683 -0.3079 -0.3890
vn -0.7225 0.2384 -0.6490
vn -0.5354 0.4904 -0.6876
vn -0.2943 0.6938 -0.6573
vn 0.8690 0.2848 0.4045
vn 0.7130 -0.2546 0.6533
vn -0.2374 -0.8779 0.4159
vn -0.4816 -0.8460 0.2288
vn -0.6804 -0.7326 0.0186
vn -0.8139 -0.5475 -0.1943
vn 0.7128 -0.2545 0.6535
vn 0.5271 -0.4990 0.6879
vn 0.2917 -0.6955 0.6567
vn 0.0284 -0.8258 0.5632
vn -0.6805 -0.7325 0.0189
vn -0.8372 -0.0370 -0.5457
vn -0.7223 0.2381 -0.6493
vn -0.5351 0.4902 -0.6881
vn -0.2941 0.6936 -0.6576
vn -0.0236 0.8275 -0.5609
vn 0.2493 0.8782 -0.4081
vn 0.4968 0.8409 -0.2148
vn 0.6942 0.7197 -0.0008
vn 0.0158 -0.0219 -0.9996
vn -0.7130 0.2547 -0.6533
vn -0.8310 -0.0153 -0.5560
vn -0.6942 -0.7198 0.0007
vn -0.2494 -0.8781 0.4082
vn 0.0235 -0.8276 0.5608
vn 0.7178 -0.2463 0.6512
vn 0.8371 0.0372 0.5459
vn 0.8682 0.3081 0.3889
vn -0.4946 0.4778 0.7261
vn -0.4945 0.4777 0.7261
vn -0.4945 0.4778 0.7261
vn -0.4945 0.4779 0.7260
vn -0.6897 -0.2072 0.6938
vn -0.4947 0.4780 0.7258
vn -0.4948 0.4781 0.7256
vn -0.3713 -0.8714 0.3206
vn -0.5960 -0.7944 0.1169
vn -0.7623 -0.6397 -0.0983
vn -0.8540 -0.4224 -0.3038
vn -0.8621 -0.1637 -0.4796
vn -0.7858 0.1110 -0.6084
vn -0.6326 0.3749 -0.6777
vn -0.4175 0.6020 -0.6807
vn -0.1615 0.7702 -0.6170
vn 0.1103 0.8631 -0.4929
vn 0.3713 0.8714 -0.3206
vn 0.5960 0.7944 -0.1169
vn 0.7623 0.6397 0.0983
vn 0.8540 0.4224 0.3038
vn 0.8621 0.1637 0.4796
vn 0.7858 -0.1110 0.6084
vn 0.6326 -0.3749 0.6777
vn 0.4175 -0.6020 0.6807
vn 0.1615 -0.7702 0.6170
vn -0.1103 -0.8631 0.4929
vn 0.2916 -0.6956 0.6566
vn 0.0286 -0.8258 0.5632
vn -0.2374 -0.8778 0.4161
vn -0.8684 -0.3080 -0.3888
vn -0.8688 -0.2965 -0.3966
vn -0.8371 -0.0371 -0.5458
vn -0.8341 -0.0263 -0.5509
vn -0.5353 0.4904 -0.6877
vn -0.2942 0.6938 -0.6573
vn -0.0235 0.8276 -0.5609
vn 0.2494 0.8782 -0.4081
vn 0.4947 -0.4776 -0.7260
vn 0.4947 -0.4777 -0.7260
vn 0.4946 -0.4777 -0.7260
vn 0.4947 -0.4776 -0.7261
vn 0.4947 -0.4778 -0.7260
vn 0.4944 -0.4779 -0.7260
vn 0.4945 -0.4779 -0.7260
vn 0.4948 -0.4779 -0.7258
vn 0.4947 -0.4779 -0.7259
vn 0.4946 -0.4778 -0.7261
vn 0.4945 -0.4777 -0.7262
vn 0.4945 -0.4778 -0.7261
vn -0.7208 0.6815 -0.1268
vn -0.9964 0.0159 -0.0830
vn -0.4923 0.4763 0.7286
vn -0.3062 0.3021 0.9028
vn -0.0924 0.1005 0.9906
vn 0.1325 -0.1122 0.9848
vn 0.1354 -0.1152 0.9841
vn 0.3466 -0.3160 0.8832
vn 0.3498 -0.3195 0.8807
vn 0.5277 -0.4899 0.6939
vn 0.5305 -0.4930 0.6896
vn 0.4926 -0.4760 -0.7285
vn -0.0052 -0.8128 -0.5825
vn -0.1354 0.1153 -0.9841
vn -0.1385 0.1181 -0.9833
vn 0.6878 0.7258 -0.0095
vn 0.6880 0.7257 -0.0095
vn 0.6883 0.7253 -0.0097
vn 0.6879 0.7257 -0.0096
vn 0.6875 0.7261 -0.0093
vn 0.6875 0.7262 -0.0092
vn 0.6876 0.7260 -0.0097
vn 0.6878 0.7259 -0.0108
vn 0.6877 0.7259 -0.0102
vn 0.6875 0.7261 -0.0108
vn 0.6875 0.7261 -0.0101
vn 0.6877 0.7260 -0.0093
vn 0.6876 0.7260 -0.0090
vn 0.4838 0.3518 -0.8014
vn 0.6875 0.7261 -0.0095
vn 0.9875 -0.0399 -0.1528
vn 0.6496 0.1778 -0.7392
vn 0.6870 0.7266 -0.0108
vn 0.6872 0.7264 -0.0102
vn 0.6867 0.7269 -0.0106
vn 0.6871 0.7265 -0.0100
vn 0.6982 -0.6575 0.2831
vn 0.6983 -0.6574 0.2831
vn 0.6025 -0.5631 0.5656
vn 0.6025 -0.5630 0.5656
vn 0.4476 -0.4137 0.7928
vn -0.1994 0.2012 0.9590
vn -0.6821 0.6502 0.3346
vn -0.7256 0.6875 0.0271
vn -0.7257 0.6875 0.0271
vn -0.6982 0.6576 -0.2831
vn -0.4476 0.4138 -0.7928
vn -0.4475 0.4138 -0.7928
vn 0.1994 -0.2012 -0.9590
vn -0.0260 0.0120 -0.9996
vn -0.0261 0.0119 -0.9996
vn 0.4053 -0.3947 -0.8246
vn 0.6820 -0.6503 -0.3347
vn 0.6821 -0.6502 -0.3346
vn 0.4927 -0.4759 -0.7286
vn 0.3064 -0.3017 -0.9028
vn 0.6328 -0.6053 -0.4829
vn 0.7121 -0.6764 -0.1880
vn 0.7212 -0.6811 0.1266
vn 0.1382 -0.1181 0.9833
vn -0.0889 0.0971 0.9913
vn -0.3062 0.3018 0.9029
vn -0.3062 0.3018 0.9028
vn -0.4938 0.4770 0.7271
vn -0.4926 0.4760 0.7285
vn -0.6342 0.6067 0.4794
vn -0.6327 0.6054 0.4828
vn -0.7125 0.6774 0.1828
vn -0.7118 0.6767 0.1880
vn -0.7208 0.6814 -0.1267
vn -0.6582 0.6182 -0.4296
vn -0.5270 0.4906 -0.6940
vn -0.5302 0.4934 -0.6896
vn -0.3462 0.3163 -0.8832
vn -0.3496 0.3197 -0.8807
vn -0.1326 0.1122 -0.9848
vn -0.1354 0.1152 -0.9841
vn 0.6327 -0.6055 -0.4828
vn -0.7210 0.6812 -0.1267
vn -0.7119 0.6766 0.1881
vn 0.6158 0.6313 0.4715
vn -0.6879 -0.7257 0.0093
vn -0.6878 -0.7259 0.0094
vn -0.6882 -0.7255 0.0093
vn -0.6870 -0.7266 0.0104
vn -0.6873 -0.7263 0.0099
vn -0.6870 -0.7266 0.0110
vn -0.6873 -0.7263 0.0102
vn -0.6873 -0.7263 0.0109
vn -0.6874 -0.7262 0.0102
vn -0.6876 -0.7260 0.0103
vn -0.6876 -0.7260 0.0099
vn -0.6873 -0.7263 0.0093
vn -0.6875 -0.7262 0.0094
vn -0.6877 -0.7260 0.0093
vn -0.6878 -0.7259 0.0095
vn -0.6877 -0.7259 0.0094
vn -0.6878 -0.7258 0.0113
vn -0.6877 -0.7259 0.0104
vn -0.6880 -0.7257 0.0110
vn -0.6878 -0.7258 0.0103
vn -0.6876 -0.7261 0.0093
vn -0.6025 0.5631 -0.5657
vn -0.6024 0.5631 -0.5656
vn -0.6984 0.6573 -0.2831
vn -0.6983 0.6574 -0.2831
vn -0.6983 0.6575 -0.2831
vn 0.3224 0.9466 0.0027
vn -0.7257 0.6874 0.0271
vn -0.5719 0.5491 0.6095
vn -0.5718 0.5492 0.6095
vn -0.4054 0.3947 0.8246
vn 0.0260 -0.0119 0.9996
vn 0.4476 -0.4138 0.7928
vn 0.6027 -0.5629 0.5656
vn 0.6024 -0.5632 0.5656
vn 0.9237 0.3472 -0.1618
vn 0.6822 -0.6501 -0.3347
vn 0.4054 -0.3945 -0.8246
vn 0.1997 -0.2009 -0.9590
vn 0.1995 -0.2011 -0.9590
vn -0.2490 0.2239 -0.9423
vn -0.2490 0.2238 -0.9423
vn -0.0286 0.8259 -0.5631
vn -0.6942 -0.7198 0.0008
vn -0.2494 -0.8782 0.4081
vn -0.1952 0.9462 0.2580
vn 0.8222 0.5279 0.2128
vn 0.8692 0.2848 0.4043
vn 0.8312 0.0151 0.5558
vn 0.7129 -0.2545 0.6534
vn 0.5270 -0.4992 0.6878
vn 0.2916 -0.6957 0.6564
vn 0.2929 -0.6948 0.6569
vn -0.2375 -0.8778 0.4160
vn -0.2434 -0.8781 0.4120
vn -0.8139 -0.5475 -0.1942
vn -0.8681 -0.3082 -0.3891
vn -0.8687 -0.2966 -0.3968
vn -0.8368 -0.0374 -0.5462
vn -0.8340 -0.0264 -0.5511
vn -0.2944 0.6939 -0.6571
vn -0.0236 0.8276 -0.5608
vn -0.5313 0.4948 -0.6876
vn 0.4894 0.8434 -0.2218
vn 0.5313 -0.4947 0.6877
vn 0.2929 -0.6947 0.6570
vn 0.7833 -0.3159 0.5354
vn 0.6749 -0.7263 -0.1302
vn -0.7555 0.3715 0.5396
vn 0.5944 -0.8008 0.0743
vn -0.4916 0.4835 0.7243
vn -0.2544 -0.4441 0.8591
vn -0.8947 -0.3984 0.2019
vn 0.3410 -0.4683 -0.8151
vn 0.8147 0.5591 0.1540
vn -0.6003 -0.7625 0.2414
vn -0.5665 0.4457 0.6931
vn -0.5993 0.2529 -0.7595
vn 0.6975 -0.6067 0.3813
vn -0.5242 0.5412 0.6575
vn -0.5873 -0.5542 0.5899
vn -0.1277 0.6522 -0.7473
vn 0.4411 0.8015 -0.4037
vn -0.6647 -0.7323 0.1483
vn -0.4487 0.6314 0.6324
vn -0.4602 -0.7275 0.5089
vn 0.9048 -0.0951 -0.4150
vn 0.6583 0.4043 -0.6350
vn -0.5725 -0.8199 -0.0064
vn -0.3708 -0.9264 -0.0660
vn 0.1376 -0.8431 0.5198
vn 0.1573 -0.8452 0.5108
vn 0.3995 0.5273 0.7498
vn 0.3996 0.5273 0.7498
vn 0.5725 0.8199 0.0064
vn 0.3994 0.5273 0.7500
vn 0.3993 0.5276 0.7498
vn 0.3994 0.5275 0.7498
vn 0.3993 0.5275 0.7499
vn 0.3995 0.5274 0.7498
vn 0.3996 0.5275 0.7498
vn 0.3997 0.5275 0.7497
vn 0.3997 0.5276 0.7496
vn 0.3996 0.5275 0.7497
vn 0.3995 0.5275 0.7498
vn 0.3995 0.5273 0.7499
vn 0.3996 0.5273 0.7499
vn 0.3997 0.5272 0.7498
vn -0.9168 0.2338 0.3239
vn -0.8705 0.4748 0.1298
vn -0.7390 0.6692 -0.0770
vn -0.5352 0.7982 -0.2763
vn -0.2790 0.8491 -0.4485
vn 0.0045 0.8168 -0.5769
vn 0.2876 0.7046 -0.6487
vn 0.5425 0.5234 -0.6571
vn 0.7443 0.2910 -0.6011
vn 0.8733 0.0301 -0.4863
vn 0.9168 -0.2338 -0.3239
vn 0.8705 -0.4748 -0.1298
vn 0.7390 -0.6692 0.0770
vn 0.5352 -0.7982 0.2763
vn 0.2790 -0.8491 0.4485
vn -0.0045 -0.8168 0.5769
vn -0.2876 -0.7046 0.6487
vn -0.5425 -0.5234 0.6571
vn -0.7443 -0.2910 0.6011
vn -0.8733 -0.0301 0.4863
vn -0.8192 -0.1618 0.5503
vn -0.9048 0.0952 0.4151
vn -0.8239 0.5653 0.0412
vn -0.4307 0.8301 -0.3543
vn -0.1572 0.8453 -0.5107
vn 0.9069 -0.1075 -0.4074
vn 0.9059 -0.1015 -0.4111
vn 0.9032 -0.3668 -0.2230
vn 0.6322 -0.7508 0.1915
vn 0.3937 -0.8373 0.3793
vn -0.3995 -0.5273 -0.7499
vn -0.3996 -0.5274 -0.7498
vn -0.3996 -0.5273 -0.7498
vn -0.3995 -0.5272 -0.7500
vn -0.3994 -0.5273 -0.7499
vn -0.3993 -0.5274 -0.7499
vt 0.563205 0.110329
vt 0.545921 0.093044
vt 0.591841 0.029841
vt 0.500000 0.078124
vt 0.548284 0.007647
vt 0.524142 0.081947
vt 0.454079 0.093045
vt 0.451716 0.007647
vt 0.475858 0.081949
vt 0.421875 0.156249
vt 0.351398 0.204534
vt 0.425697 0.132109
vt 0.524142 0.230551
vt 0.500000 0.312500
vt 0.500000 0.234375
vt 0.563204 0.202170
vt 0.548284 0.304853
vt 0.545921 0.219454
vt 0.574301 0.180391
vt 0.656250 0.156250
vt 0.578125 0.156250
vt 0.574301 0.132109
vt 0.400000 0.312500
vt 0.412500 0.312500
vt 0.400000 0.313483
vt 0.462500 0.312500
vt 0.475000 0.312500
vt 0.462500 0.316499
vt 0.537500 0.312500
vt 0.525000 0.320244
vt 0.525000 0.312500
vt 0.612500 0.312500
vt 0.625000 0.312500
vt 0.612500 0.316499
vt 0.462500 0.684505
vt 0.475000 0.688440
vt 0.462500 0.688440
vt 0.600000 0.688440
vt 0.587500 0.688440
vt 0.587500 0.684505
vt 0.512500 0.584744
vt 0.512500 0.312500
vt 0.425000 0.312500
vt 0.437500 0.312500
vt 0.425000 0.688440
vt 0.387500 0.312499
vt 0.387500 0.688440
vt 0.537500 0.688439
vt 0.525000 0.688440
vt 0.500000 0.584744
vt 0.487500 0.688440
vt 0.487500 0.524764
vt 0.412500 0.688440
vt 0.400000 0.688440
vt 0.375000 0.524764
vt 0.375000 0.644723
vt 0.512500 0.688440
vt 0.475000 0.644723
vt 0.375000 0.688440
vt 0.600000 0.644723
vt 0.612500 0.688440
vt 0.500000 0.687500
vt 0.500000 0.765625
vt 0.475858 0.769449
vt 0.343750 0.843750
vt 0.421875 0.843750
vt 0.351397 0.892034
vt 0.451716 0.992353
vt 0.408159 0.970159
vt 0.475858 0.918050
vt 0.343750 0.156250
vt 0.351397 0.107966
vt 0.500000 -0.000000
vt 0.421875 0.833799
vt 0.425699 0.867892
vt 0.574301 0.810356
vt 0.563204 0.797829
vt 0.574301 0.819608
vt 0.436796 0.889671
vt 0.454079 0.906954
vt 0.548284 0.007647
vt 0.451716 0.007647
vt 0.351397 0.107966
vt 0.373591 0.064409
vt 0.488520 0.228733
vt 0.500000 0.312500
vt 0.451716 0.304853
vt 0.591842 0.282659
vt 0.656250 0.156250
vt 0.648603 0.204534
vt 0.626409 0.248091
vt 0.550000 0.312500
vt 0.562500 0.312500
vt 0.550000 0.348783
vt 0.500000 0.687500
vt 0.408159 0.717341
vt 0.451716 0.695147
vt 0.626409 0.064409
vt 0.648603 0.107966
vt 0.500000 0.150000
vt 0.591841 0.029841
vt 0.408159 0.029841
vt 0.351397 0.204534
vt 0.574301 0.867892
vt 0.563204 0.889671
vt 0.500000 0.837500
vt 0.545921 0.906954
vt 0.524142 0.918051
vt 0.500000 0.921875
vt 0.475858 0.918051
vt 0.454079 0.906954
vt 0.436796 0.889671
vt 0.425699 0.867892
vt 0.421875 0.843750
vt 0.425699 0.819608
vt 0.436796 0.797829
vt 0.454079 0.780546
vt 0.500000 0.765625
vt 0.524142 0.769449
vt 0.545921 0.780545
vt 0.563205 0.797829
vt 0.574301 0.819608
vt 0.578125 0.843750
vt 0.500000 0.980366
vt 0.457783 0.973680
vt 0.500000 0.980366
vt 0.542217 0.973680
vt 0.636616 0.843750
vt 0.629930 0.885967
vt 0.542217 0.713820
vt 0.580301 0.733225
vt 0.542217 0.713820
vt 0.605930 0.766787
vt 0.573305 0.742855
vt 0.576963 0.737820
vt 0.462597 0.958865
vt 0.500000 0.960446
vt 0.500000 0.964789
vt 0.571145 0.941673
vt 0.537403 0.958865
vt 0.571145 0.745827
vt 0.597923 0.772605
vt 0.475858 0.918051
vt 0.475858 0.918051
vt 0.436795 0.797829
vt 0.454079 0.780546
vt 0.524142 0.769449
vt 0.545921 0.780545
vt 0.370070 0.885967
vt 0.389475 0.924051
vt 0.580301 0.954275
vt 0.629930 0.801533
vt 0.636616 0.843750
vt 0.629930 0.801533
vt 0.580301 0.733225
vt 0.610525 0.763449
vt 0.370070 0.801533
vt 0.363384 0.843750
vt 0.419699 0.954275
vt 0.370070 0.885967
vt 0.428855 0.941673
vt 0.462597 0.958865
vt 0.462597 0.728635
vt 0.500000 0.722711
vt 0.462597 0.728635
vt 0.378961 0.843750
vt 0.384885 0.881153
vt 0.384885 0.881153
vt 0.402077 0.914895
vt 0.428855 0.941673
vt 0.428855 0.941673
vt 0.462597 0.958865
vt 0.500000 0.964789
vt 0.615115 0.806347
vt 0.428855 0.745827
vt 0.384885 0.806347
vt 0.378961 0.843750
vt 0.402077 0.914895
vt 0.615115 0.881153
vt 0.597923 0.914895
vt 0.615115 0.806347
vt 0.597923 0.772605
vt 0.448627 0.773041
vt 0.475858 0.769449
vt 0.416877 0.816742
vt 0.457783 0.713820
vt 0.500000 0.707134
vt 0.457783 0.713820
vt 0.389475 0.763449
vt 0.419699 0.733225
vt 0.419699 0.733225
vt 0.500000 0.707134
vt 0.419699 0.954275
vt 0.419699 0.954275
vt 0.580301 0.733225
vt 0.387500 0.597805
vt 0.400000 0.687595
vt 0.387500 0.688440
vt 0.600000 0.312501
vt 0.612500 0.688440
vt 0.500000 0.312500
vt 0.487500 0.597806
vt 0.487500 0.312499
vt 0.387500 0.312500
vt 0.400000 0.312499
vt 0.575000 0.312500
vt 0.587500 0.312500
vt 0.575000 0.597806
vt 0.537500 0.312499
vt 0.525000 0.527883
vt 0.525000 0.312499
vt 0.351397 0.892034
vt 0.373591 0.935591
vt 0.451716 0.992353
vt 0.591841 0.970159
vt 0.648603 0.892034
vt 0.610525 0.924051
vt 0.500000 0.707134
vt 0.419699 0.733225
vt 0.580301 0.954275
vt 0.370070 0.801533
vt 0.370070 0.885967
vt 0.580301 0.733225
vt 0.542217 0.713820
vt 0.624529 0.803288
vt 0.624713 0.843750
vt 0.618609 0.805212
vt 0.426099 0.742033
vt 0.461462 0.725141
vt 0.426695 0.742855
vt 0.621039 0.843750
vt 0.537403 0.728635
vt 0.537403 0.728635
vt 0.402077 0.772605
vt 0.550000 0.597806
vt 0.537500 0.667729
vt 0.412500 0.597806
vt 0.612500 0.312500
vt 0.625000 0.312501
vt 0.537500 0.688440
vt 0.525000 0.688440
vt 0.525000 0.687971
vt 0.412500 0.688440
vt 0.400000 0.688440
vt 0.545921 0.093046
vt 0.626409 0.064409
vt 0.563205 0.110329
vt 0.436796 0.110329
vt 0.425699 0.132108
vt 0.373591 0.064409
vt 0.425699 0.180392
vt 0.343750 0.156250
vt 0.421875 0.156250
vt 0.475858 0.230551
vt 0.500000 0.234375
vt 0.578125 0.156250
vt 0.611651 0.213139
vt 0.574301 0.180392
vt 0.450000 0.312500
vt 0.437500 0.316499
vt 0.437500 0.312500
vt 0.587500 0.312500
vt 0.575000 0.316499
vt 0.537500 0.688440
vt 0.525000 0.684505
vt 0.500000 0.312500
vt 0.487500 0.688440
vt 0.487500 0.312500
vt 0.437500 0.688440
vt 0.387500 0.312500
vt 0.400000 0.312500
vt 0.387500 0.688440
vt 0.462500 0.688440
vt 0.450000 0.688440
vt 0.412500 0.584744
vt 0.400000 0.688440
vt 0.575000 0.524764
vt 0.587500 0.584744
vt 0.575000 0.688440
vt 0.550000 0.644723
vt 0.562500 0.688440
vt 0.550000 0.688440
vt 0.525000 0.644723
vt 0.475000 0.688440
vt 0.475000 0.584744
vt 0.425000 0.688440
vt 0.425000 0.584744
vt 0.612500 0.584744
vt 0.625000 0.688440
vt 0.600000 0.688440
vt 0.351397 0.107966
vt 0.548284 0.007647
vt 0.591842 0.029841
vt 0.648603 0.107966
vt 0.648603 0.204534
vt 0.626409 0.248091
vt 0.524142 0.230551
vt 0.591842 0.282659
vt 0.548284 0.304853
vt 0.563205 0.110329
vt 0.574301 0.132109
vt 0.545921 0.093045
vt 0.524142 0.081949
vt 0.454079 0.093045
vt 0.408158 0.029841
vt 0.475858 0.081948
vt 0.436796 0.110328
vt 0.425698 0.132108
vt 0.421875 0.156249
vt 0.351397 0.204534
vt 0.436796 0.202170
vt 0.454079 0.219454
vt 0.373591 0.248092
vt 0.563204 0.202170
vt 0.626410 0.248092
vt 0.545921 0.219454
vt 0.574301 0.180391
vt 0.387500 0.684505
vt 0.400000 0.688439
vt 0.550000 0.312500
vt 0.537500 0.688439
vt 0.537500 0.312499
vt 0.487500 0.312500
vt 0.475000 0.524764
vt 0.475000 0.312500
vt 0.400000 0.312500
vt 0.412500 0.312500
vt 0.487500 0.644723
vt 0.425000 0.688439
vt 0.412500 0.688440
vt 0.600000 0.524764
vt 0.612500 0.584744
vt 0.600000 0.688440
vt 0.575000 0.584743
vt 0.562500 0.688440
vt 0.562500 0.312500
vt 0.512500 0.688440
vt 0.500000 0.688440
vt 0.387500 0.584744
vt 0.587500 0.688439
vt 0.351397 0.107966
vt 0.626409 0.064409
vt 0.578125 0.156250
vt 0.648602 0.107966
vt 0.656250 0.156250
vt 0.548284 0.304853
vt 0.500000 0.312500
vt 0.500000 0.234374
vt 0.563205 0.789207
vt 0.545920 0.780546
vt 0.563204 0.797830
vt 0.408158 0.970160
vt 0.425699 0.867891
vt 0.436796 0.889670
vt 0.475858 0.081949
vt 0.480397 0.032484
vt 0.500000 0.078125
vt 0.436796 0.110332
vt 0.379339 0.117045
vt 0.454079 0.093047
vt 0.475858 0.230551
vt 0.425427 0.258890
vt 0.454079 0.219454
vt 0.574301 0.180393
vt 0.563204 0.202172
vt 0.626409 0.935591
vt 0.647126 0.891554
vt 0.343750 0.843750
vt 0.352874 0.891554
vt 0.409071 0.718597
vt 0.587500 0.688440
vt 0.575000 0.688440
vt 0.575000 0.684505
vt 0.525000 0.312500
vt 0.537500 0.312500
vt 0.525000 0.688440
vt 0.475000 0.312500
vt 0.487500 0.312501
vt 0.475000 0.688440
vt 0.550000 0.312500
vt 0.562500 0.312500
vt 0.550000 0.688440
vt 0.500000 0.312500
vt 0.512500 0.688440
vt 0.500000 0.688441
vt 0.462500 0.584743
vt 0.575000 0.312500
vt 0.345320 0.156250
vt 0.590919 0.031111
vt 0.388349 0.213139
vt 0.373591 0.248091
vt 0.574573 0.053610
vt 0.648603 0.204534
vt 0.574573 0.258890
vt 0.591841 0.282659
vt 0.443151 0.765504
vt 0.475858 0.769448
vt 0.454079 0.780547
vt 0.518524 0.089475
vt 0.451716 0.007647
vt 0.408159 0.029841
vt 0.351397 0.107966
vt 0.373591 0.248092
vt 0.343750 0.156250
vt 0.450000 0.312500
vt 0.437500 0.504813
vt 0.562500 0.312500
vt 0.550000 0.504813
vt 0.587500 0.312500
vt 0.600000 0.312500
vt 0.587500 0.564175
vt 0.500000 1.000000
vt 0.524142 0.918051
vt 0.548284 0.992353
vt 0.500000 0.687500
vt 0.475858 0.769449
vt 0.648603 0.795466
vt 0.592186 0.796779
vt 0.626409 0.751908
vt 0.648603 0.107966
vt 0.500000 0.312500
vt 0.626409 0.248091
vt 0.574301 0.867892
vt 0.563205 0.889671
vt 0.545921 0.906955
vt 0.475858 0.918051
vt 0.436796 0.889671
vt 0.425699 0.867892
vt 0.421875 0.843750
vt 0.425699 0.819608
vt 0.454079 0.780546
vt 0.500000 0.765625
vt 0.545921 0.780546
vt 0.563204 0.797829
vt 0.574301 0.819608
vt 0.575000 0.680779
vt 0.587500 0.688440
vt 0.437500 0.688440
vt 0.425000 0.688440
vt 0.425000 0.675148
vt 0.575000 0.641846
vt 0.562500 0.660156
vt 0.462500 0.645537
vt 0.450000 0.667539
vt 0.450000 0.623537
vt 0.525000 0.688440
vt 0.512500 0.674922
vt 0.512500 0.660156
vt 0.412500 0.674922
vt 0.412500 0.660156
vt 0.575000 0.504813
vt 0.550000 0.623537
vt 0.562500 0.674922
vt 0.562500 0.688440
vt 0.512500 0.688440
vt 0.475000 0.688440
vt 0.462500 0.688440
vt 0.412500 0.688440
vt 0.375000 0.674922
vt 0.387500 0.688440
vt 0.375000 0.688440
vt 0.400375 0.876120
vt 0.591842 0.717341
vt 0.524142 0.081949
vt 0.591842 0.029840
vt 0.563204 0.202170
vt 0.574301 0.180392
vt 0.602640 0.230823
vt 0.578125 0.156250
vt 0.574303 0.132108
vt 0.626871 0.156250
vt 0.548284 0.992353
vt 0.590929 0.968903
vt 0.351397 0.795466
vt 0.373591 0.751909
vt 0.352874 0.795946
vt 0.648604 0.795466
vt 0.625153 0.752821
vt 0.648603 0.892034
vt 0.654697 0.843750
vt 0.656250 0.843750
vt 0.574301 0.205256
vt 0.436796 0.202170
vt 0.454079 0.241280
vt 0.454079 0.219454
vt 0.425699 0.132109
vt 0.421875 0.182992
vt 0.563204 0.110330
vt 0.545921 0.124705
vt 0.512500 0.684505
vt 0.525000 0.688440
vt 0.400000 0.688440
vt 0.545922 0.906956
vt 0.373592 0.248091
vt 0.352890 0.204049
vt 0.352890 0.108451
vt 0.343750 0.156250
vt 0.626409 0.064408
vt 0.647110 0.108451
vt 0.548284 0.304853
vt 0.500000 0.310930
vt 0.376234 0.175853
vt 0.388350 0.099361
vt 0.374861 0.065331
vt 0.451717 0.304851
vt 0.408158 0.282659
vt 0.485057 0.749400
vt 0.524142 0.769449
vt 0.421754 0.786901
vt 0.454079 0.780545
vt 0.421877 0.843750
vt 0.408017 0.873637
vt 0.578122 0.843750
vt 0.591983 0.813863
vt 0.475858 0.081949
vt 0.408159 0.029841
vt 0.425699 0.132108
vt 0.500000 0.234375
vt 0.563204 0.202171
vt 0.387500 0.312500
vt 0.400000 0.312503
vt 0.387500 0.363459
vt 0.487500 0.312500
vt 0.475000 0.348783
vt 0.550000 0.312500
vt 0.537500 0.348783
vt 0.644282 0.890630
vt 0.408159 0.970159
vt 0.453120 0.988032
vt 0.591842 0.717341
vt 0.546880 0.699468
vt 0.548284 0.695147
vt 0.574301 0.132108
vt 0.500000 0.078125
vt 0.436796 0.202171
vt 0.545921 0.219454
vt 0.457783 0.973680
vt 0.425699 0.867892
vt 0.428855 0.941673
vt 0.537403 0.728635
vt 0.500000 0.722711
vt 0.400000 0.687887
vt 0.387500 0.687971
vt 0.600000 0.667729
vt 0.612500 0.688440
vt 0.600000 0.688440
vt 0.612500 0.348783
vt 0.625000 0.352994
vt 0.612500 0.527883
vt 0.456982 0.976147
vt 0.543018 0.976147
vt 0.457783 0.713820
vt 0.418174 0.731126
vt 0.408158 0.282659
vt 0.425699 0.180391
vt 0.436796 0.202170
vt 0.370070 0.801533
vt 0.629930 0.801533
vt 0.381391 0.882288
vt 0.399105 0.917055
vt 0.398283 0.917651
vt 0.462597 0.958865
vt 0.571145 0.941673
vt 0.537403 0.958865
vt 0.575000 0.527883
vt 0.587500 0.597804
vt 0.575000 0.667729
vt 0.462500 0.597804
vt 0.450000 0.667729
vt 0.450000 0.527883
vt 0.375000 0.352994
vt 0.375000 0.667729
vt 0.475000 0.688440
vt 0.462500 0.687971
vt 0.425000 0.687971
vt 0.437500 0.688440
vt 0.587500 0.687971
vt 0.524142 0.230551
vt 0.545921 0.219454
vt 0.539205 0.276911
vt 0.412500 0.312500
vt 0.400000 0.316499
vt 0.462500 0.312500
vt 0.450000 0.316499
vt 0.450000 0.312500
vt 0.587500 0.312500
vt 0.548284 0.695148
vt 0.500000 0.689053
vt 0.562500 0.684505
vt 0.575000 0.688440
vt 0.562500 0.688440
vt 0.475000 0.322472
vt 0.462500 0.684763
vt 0.600000 0.312500
vt 0.587500 0.584744
vt 0.450000 0.644723
vt 0.450000 0.524764
vt 0.575000 0.644723
vt 0.450000 0.684505
vt 0.425701 0.180391
vt 0.351397 0.204534
vt 0.563204 0.202172
vt 0.574301 0.180392
vt 0.625000 0.312500
vt 0.408159 0.970158
vt 0.452196 0.990876
vt 0.648603 0.892034
vt 0.574301 0.132109
vt 0.563204 0.140644
vt 0.454079 0.093045
vt 0.436796 0.140644
vt 0.487500 0.684505
vt 0.500000 0.688440
vt 0.487500 0.688440
vt 0.387500 0.688439
vt 0.375000 0.684505
vt 0.500000 0.316499
vt 0.512500 0.316224
vt 0.500000 0.524764
vt 0.387500 0.317021
vt 0.375000 0.312500
vt 0.351398 0.107966
vt 0.500000 -0.000001
vt 0.547799 0.009140
vt 0.626409 0.064409
vt 0.625139 0.247169
vt 0.648602 0.204534
vt 0.451716 0.304852
vt 0.408159 0.282659
vt 0.409081 0.281389
vt 0.425699 0.867892
vt 0.421876 0.843750
vt 0.574301 0.857242
vt 0.578125 0.843748
vt 0.475858 0.918052
vt 0.454079 0.895174
vt 0.563205 0.797829
vt 0.556849 0.765504
vt 0.470113 0.935733
vt 0.529887 0.935733
vt 0.500000 0.921876
vt 0.425698 0.132108
vt 0.397360 0.081677
vt 0.450000 0.312500
vt 0.600000 0.312500
vt 0.587500 0.316499
vt 0.625000 0.312499
vt 0.574301 0.132109
vt 0.563205 0.202168
vt 0.425699 0.180389
vt 0.436796 0.225340
vt 0.475858 0.081950
vt 0.454079 0.124705
vt 0.454079 0.093046
vt 0.500000 0.688439
vt 0.625000 0.688440
vt 0.612500 0.688440
vt 0.612500 0.684534
vt 0.587500 0.688438
vt 0.487500 0.316499
vt 0.500000 0.317108
vt 0.462500 0.312500
vt 0.625000 0.584744
vt 0.612500 0.524764
vt 0.462500 0.683995
vt 0.600000 0.685259
vt 0.587500 0.644723
vt 0.452201 0.009140
vt 0.548284 0.007646
vt 0.647110 0.204049
vt 0.656250 0.156250
vt 0.547799 0.303360
vt 0.591841 0.282658
vt 0.425699 0.867891
vt 0.475858 0.769446
vt 0.500000 0.757935
vt 0.578125 0.843750
vt 0.436796 0.889672
vt 0.421754 0.900599
vt 0.454079 0.906956
vt 0.500000 -0.000000
vt 0.512500 0.504813
vt 0.373591 0.751908
vt 0.400375 0.811380
vt 0.436796 0.889671
vt 0.574301 0.819608
vt 0.575000 0.683511
vt 0.550000 0.688440
vt 0.550000 0.683511
vt 0.575000 0.623537
vt 0.587500 0.654141
vt 0.575000 0.660156
vt 0.500000 0.658870
vt 0.487500 0.681683
vt 0.487500 0.564175
vt 0.575000 0.674922
vt 0.512500 0.668553
vt 0.500000 0.674922
vt 0.462500 0.676601
vt 0.450000 0.674922
vt 0.450000 0.660156
vt 0.475000 0.623537
vt 0.475000 0.504813
vt 0.475000 0.683511
vt 0.475000 0.676699
vt 0.612500 0.674922
vt 0.625000 0.680872
vt 0.612500 0.683511
vt 0.449128 0.913769
vt 0.570019 0.792879
vt 0.500000 0.312500
vt 0.512500 0.312499
vt 0.537500 0.312501
vt 0.525000 0.316499
vt 0.451717 0.695149
vt 0.421875 0.156247
vt 0.425699 0.205256
vt 0.436796 0.110331
vt 0.425699 0.160728
vt 0.612500 0.683250
vt 0.600000 0.685005
vt 0.425699 0.819609
vt 0.436796 0.789207
vt 0.563204 0.878390
vt 0.574301 0.867891
vt 0.436796 0.889670
vt 0.425699 0.857242
vt 0.563204 0.797830
vt 0.454079 0.906955
vt 0.443151 0.921996
vt 0.475858 0.918053
vt 0.500000 0.940467
vt 0.421876 0.156250
vt 0.512500 0.312500
vt 0.343749 0.843750
vt 0.656248 0.843750
vt 0.647126 0.795946
vt 0.500000 0.078128
vt 0.475858 0.114471
vt 0.525000 0.688441
vt 0.425000 0.688439
vt 0.412500 0.688440
vt 0.412500 0.684505
vt 0.451716 0.304852
vt 0.524142 0.905949
vt 0.545921 0.906956
vt 0.574301 0.819608
vt 0.578246 0.786901
vt 0.563205 0.889670
vt 0.591983 0.873637
vt 0.500000 -0.000000
vt 0.373591 0.064409
vt 0.648603 0.107966
vt 0.375000 0.312500
vt 0.387500 0.312501
vt 0.375000 0.348783
vt 0.512500 0.348783
vt 0.587500 0.312501
vt 0.575000 0.348783
vt 0.546880 0.988032
vt 0.500000 0.687500
vt 0.453120 0.699468
vt 0.580301 0.733225
vt 0.370070 0.801533
vt 0.610525 0.763449
vt 0.540462 0.719221
vt 0.576963 0.737820
vt 0.538852 0.724175
vt 0.536061 0.954735
vt 0.597923 0.914895
vt 0.610985 0.879811
vt 0.500000 0.727054
vt 0.402077 0.772605
vt 0.389015 0.807689
vt 0.378961 0.843750
vt 0.389015 0.879811
vt 0.563205 0.889671
vt 0.545921 0.906955
vt 0.454079 0.906954
vt 0.462597 0.958865
vt 0.571145 0.745827
vt 0.537403 0.728635
vt 0.428855 0.745827
vt 0.402077 0.772605
vt 0.587401 0.843750
vt 0.574301 0.867892
vt 0.551373 0.773041
vt 0.377267 0.754579
vt 0.387376 0.761924
vt 0.387376 0.925576
vt 0.612624 0.925576
vt 0.456982 0.711353
vt 0.500000 0.707134
vt 0.542217 0.973680
vt 0.629930 0.801533
vt 0.363384 0.843750
vt 0.461462 0.962359
vt 0.500000 0.968463
vt 0.500000 0.969478
vt 0.428855 0.745827
vt 0.419699 0.733225
vt 0.412500 0.687971
vt 0.425000 0.312499
vt 0.412500 0.316499
vt 0.450000 0.312499
vt 0.548284 0.992353
vt 0.656250 0.843750
vt 0.545921 0.219454
vt 0.563204 0.225340
vt 0.475858 0.230551
vt 0.500000 0.255039
vt 0.525000 0.688439
vt 0.475000 0.688439
vt 0.387500 0.688439
vt 0.462500 0.644723
vt 0.500000 0.312499
vt 0.452201 0.303360
vt 0.623766 0.136647
vt 0.654680 0.156250
vt 0.425699 0.810356
vt 0.421875 0.843750
vt 0.425698 0.819608
vt 0.475858 0.918047
vt 0.574302 0.819608
vt 0.403283 0.843750
vt 0.556849 0.921996
vt 0.524142 0.918051
vt 0.574301 0.867892
vt 0.596717 0.843750
vt 0.425698 0.132108
vt 0.375000 0.316499
vt 0.450000 0.312500
vt 0.548284 0.992352
vt 0.451716 0.992353
vt 0.500000 0.998447
vt 0.408159 0.717342
vt 0.374847 0.752821
vt 0.373591 0.751909
vt 0.648603 0.795466
vt 0.545921 0.219454
vt 0.524142 0.081947
vt 0.500000 0.110945
vt 0.563205 0.110329
vt 0.500000 0.688440
vt 0.500000 0.681614
vt 0.612500 0.686015
vt 0.625000 0.688439
vt 0.550000 0.687175
vt 0.537500 0.684505
vt 0.537500 0.644723
vt 0.587500 0.684774
vt 0.451716 0.007647
vt 0.500000 0.001570
vt 0.500000 0.029379
vt 0.574301 0.819607
vt 0.578125 0.843750
vt 0.578125 0.833799
vt 0.500000 0.921873
vt 0.475858 0.905949
vt 0.470113 0.751767
vt 0.500000 0.765626
vt 0.425698 0.867892
vt 0.425000 0.312499
vt 0.450000 0.312500
vt 0.525000 0.312500
vt 0.512500 0.316499
vt 0.451716 0.992353
vt 0.373591 0.751909
vt 0.648602 0.795466
vt 0.574301 0.132108
vt 0.421875 0.156250
vt 0.475858 0.081947
vt 0.412500 0.688440
vt 0.400000 0.684519
vt 0.600000 0.684505
vt 0.562500 0.684505
vt 0.575000 0.688439
vt 0.600000 0.316009
vt 0.587500 0.524764
vt 0.562500 0.316499
vt 0.575000 0.319436
vt 0.562500 0.524764
vt 0.400000 0.524764
vt 0.550000 0.684505
vt 0.512500 0.644723
vt 0.525000 0.684020
vt 0.387500 0.686406
vt 0.375000 0.688440
vt 0.587500 0.683617
vt 0.585114 0.800382
vt 0.590919 0.281389
vt 0.626409 0.248091
vt 0.425699 0.867891
vt 0.436796 0.797829
vt 0.454079 0.772424
vt 0.475858 0.769448
vt 0.500000 0.921875
vt 0.475858 0.918051
vt 0.578246 0.900599
vt 0.545921 0.906955
vt 0.578124 0.843750
vt 0.451716 0.304852
vt 0.387500 0.312501
vt 0.375000 0.504813
vt 0.450000 0.312501
vt 0.600000 0.312501
vt 0.587500 0.504813
vt 0.373591 0.751909
vt 0.475858 0.769449
vt 0.563205 0.797829
vt 0.475000 0.688441
vt 0.462500 0.683511
vt 0.450000 0.688440
vt 0.437500 0.688440
vt 0.437500 0.681782
vt 0.562500 0.623537
vt 0.575000 0.663709
vt 0.462500 0.672749
vt 0.612500 0.660156
vt 0.625000 0.674191
vt 0.412500 0.681127
vt 0.400000 0.683511
vt 0.400000 0.674922
vt 0.449128 0.773731
vt 0.582312 0.870495
vt 0.550872 0.773731
vt 0.519603 0.032484
vt 0.421875 0.156250
vt 0.519602 0.280016
vt 0.620661 0.195455
vt 0.545921 0.219454
vt 0.462500 0.312500
vt 0.500000 0.312500
vt 0.525000 0.312500
vt 0.562500 0.312499
vt 0.550000 0.316499
vt 0.591844 0.970162
vt 0.625152 0.934679
vt 0.351399 0.892034
vt 0.374847 0.934679
vt 0.451717 0.695149
vt 0.574301 0.132107
vt 0.587500 0.683540
vt 0.373591 0.248091
vt 0.343751 0.156250
vt 0.451715 0.007646
vt 0.591842 0.029840
vt 0.626409 0.064408
vt 0.625139 0.065331
vt 0.626410 0.248092
vt 0.443111 0.044599
vt 0.409081 0.031111
vt 0.623766 0.136647
vt 0.425700 0.867891
vt 0.500000 0.747033
vt 0.524141 0.769450
vt 0.387500 0.312500
vt 0.550000 0.688440
vt 0.537500 0.688440
vt 0.450000 0.688440
vt 0.437500 0.684505
vt 0.612500 0.684505
vt 0.562500 0.644723
vt 0.575000 0.686721
vt 0.373591 0.064408
vt 0.500000 0.312500
vt 0.412500 0.312502
vt 0.400000 0.348783
vt 0.462500 0.312498
vt 0.450000 0.348783
vt 0.512500 0.312500
vt 0.500000 0.348783
vt 0.562500 0.312498
vt 0.500000 0.707134
vt 0.370070 0.801533
vt 0.436796 0.889671
vt 0.454079 0.906955
vt 0.615115 0.881153
vt 0.537403 0.728635
vt 0.597923 0.914895
vt 0.621039 0.843750
vt 0.615115 0.881153
vt 0.621039 0.843750
vt 0.537403 0.958865
vt 0.545921 0.780546
vt 0.527008 0.760627
vt 0.400000 0.527883
vt 0.360789 0.843750
vt 0.418174 0.956374
vt 0.389475 0.924051
vt 0.632397 0.886768
vt 0.370070 0.801533
vt 0.457783 0.713820
vt 0.426695 0.944645
vt 0.426099 0.945467
vt 0.538538 0.962359
vt 0.573305 0.944645
vt 0.573901 0.945467
vt 0.619575 0.882602
vt 0.600895 0.917054
vt 0.618609 0.882288
vt 0.571145 0.745827
vt 0.550000 0.687971
vt 0.512500 0.687971
vt 0.475000 0.688440
vt 0.400000 0.312500
vt 0.387500 0.312975
vt 0.425000 0.312499
vt 0.500000 0.312500
vt 0.525000 0.312501
vt 0.562500 0.312499
vt 0.625000 0.312499
vt 0.345303 0.843750
vt 0.548284 0.695147
vt 0.475858 0.230553
vt 0.454079 0.093045
vt 0.500000 0.078126
vt 0.575000 0.688439
vt 0.437500 0.315482
vt 0.425000 0.524764
vt 0.375000 0.312499
vt 0.408159 0.282659
vt 0.374861 0.247169
vt 0.563205 0.797828
vt 0.500000 0.921875
vt 0.425000 0.312499
vt 0.562500 0.312498
vt 0.625000 0.312502
vt 0.475858 0.230550
vt 0.425699 0.180391
vt 0.475858 0.081946
vt 0.575000 0.688439
vt 0.537500 0.684698
vt 0.475000 0.683616
vt 0.612500 0.644723
vt 0.625000 0.678487
vt 0.587500 0.683570
vt 0.626410 0.064408
vt 0.425698 0.867892
vt 0.524142 0.761648
vt 0.500000 0.765624
vt 0.563204 0.889669
vt 0.545921 0.895174
vt 0.351398 0.204534
vt 0.591841 0.282659
vt 0.626409 0.248091
vt 0.425699 0.867892
vt 0.524142 0.769449
vt 0.525000 0.688440
vt 0.512500 0.683511
vt 0.412500 0.673461
vt 0.400000 0.660156
vt 0.500000 0.757202
vt 0.429981 0.894621
vt 0.586548 0.843750
vt 0.351397 0.107966
vt 0.387500 0.312504
vt 0.537500 0.312504
vt 0.525000 0.348783
vt 0.597923 0.772605
vt 0.568592 0.749341
vt 0.425699 0.867892
vt 0.378961 0.843750
vt 0.615115 0.881153
vt 0.615115 0.806347
vt 0.537403 0.728635
vt 0.384885 0.806347
vt 0.378961 0.843750
vt 0.363384 0.843750
vt 0.370070 0.801533
vt 0.636616 0.843750
vt 0.500000 0.980366
vt 0.600000 0.527883
vt 0.612500 0.597806
vt 0.512500 0.688440
vt 0.500000 0.687971
vt 0.475000 0.688440
vt 0.575000 0.687971
vt 0.587500 0.688440
vt 0.500000 0.078125
vt 0.539205 0.035589
vt 0.412500 0.312500
vt 0.600000 0.312500
vt 0.612500 0.312500
vt 0.600000 0.316499
vt 0.475000 0.688440
vt 0.475000 0.684505
vt 0.612500 0.688440
vt 0.575000 0.678672
vt 0.587500 0.688440
vt 0.625000 0.312500
vt 0.626409 0.064408
vt 0.475858 0.081949
vt 0.443111 0.267901
vt 0.512500 0.312500
vt 0.537500 0.312500
vt 0.612500 0.312500
vt 0.626410 0.935592
vt 0.373592 0.751909
vt 0.500000 0.687503
vt 0.452196 0.696624
vt 0.436796 0.110329
vt 0.487500 0.688440
vt 0.500000 -0.000001
vt 0.648603 0.107966
vt 0.451716 0.304854
vt 0.574301 0.867892
vt 0.545920 0.780546
vt 0.514944 0.749400
vt 0.408017 0.813863
vt 0.436796 0.797829
vt 0.545922 0.906957
vt 0.656250 0.156250
vt 0.562500 0.312500
vt 0.575000 0.312502
vt 0.562500 0.504813
vt 0.604752 0.843750
vt 0.625000 0.688441
vt 0.475000 0.660609
vt 0.462500 0.660156
vt 0.462500 0.623537
vt 0.587500 0.660156
vt 0.600000 0.665647
vt 0.587500 0.685150
vt 0.462500 0.504813
vt 0.487500 0.679478
vt 0.475000 0.674922
vt 0.387500 0.674922
vt 0.400000 0.681399
vt 0.387500 0.683511
vt 0.437500 0.312500
vt 0.425000 0.316499
vt 0.425000 0.312500
vt 0.475000 0.312500
vt 0.537500 0.312500
vt 0.600000 0.312500
vt 0.412500 0.688440
vt 0.400000 0.684505
vt 0.351397 0.204534
vt 0.451716 0.304853
vt 0.436796 0.110329
vt 0.451716 0.304852
vt 0.454079 0.219454
vt 0.475858 0.230550
vt 0.550000 0.584744
vt 0.550000 0.312500
vt 0.562500 0.312500
vt 0.562500 0.584744
vt 0.450000 0.312500
vt 0.600000 0.312500
vt 0.450000 0.688440
vt 0.575000 0.688440
vt 0.487500 0.312499
vt 0.462500 0.524764
vt 0.375000 0.312500
vt 0.625000 0.524764
vt 0.587500 0.584744
vt 0.587500 0.312500
vt 0.575000 0.584744
vt 0.437500 0.688440
vt 0.625000 0.644723
vt 0.625000 0.688440
vt 0.454079 0.780545
vt 0.425697 0.819608
vt 0.373591 0.935592
vt 0.500000 0.921876
vt 0.500000 1.000000
vt 0.524142 0.918051
vt 0.548284 0.992352
vt 0.545921 0.906955
vt 0.591841 0.970159
vt 0.563204 0.889671
vt 0.626409 0.935592
vt 0.574301 0.867892
vt 0.648602 0.892034
vt 0.578125 0.843750
vt 0.648603 0.795466
vt 0.626409 0.751908
vt 0.545921 0.780546
vt 0.524142 0.769448
vt 0.548284 0.695147
vt 0.373591 0.064408
vt 0.373591 0.248092
vt 0.626409 0.064408
vt 0.408158 0.029841
vt 0.591841 0.282658
vt 0.648603 0.204534
vt 0.600895 0.770445
vt 0.538538 0.725141
vt 0.500000 0.719037
vt 0.399105 0.770445
vt 0.381391 0.805212
vt 0.375287 0.843750
vt 0.461462 0.962359
vt 0.600895 0.917055
vt 0.624713 0.843750
vt 0.500000 0.712813
vt 0.459538 0.719221
vt 0.423037 0.737820
vt 0.394070 0.766787
vt 0.375471 0.803288
vt 0.369063 0.843750
vt 0.375471 0.884212
vt 0.394070 0.920713
vt 0.423037 0.949680
vt 0.459538 0.968279
vt 0.500000 0.974687
vt 0.540462 0.968279
vt 0.576963 0.949680
vt 0.605930 0.920713
vt 0.624529 0.884212
vt 0.630937 0.843750
vt 0.500000 0.719037
vt 0.399105 0.917055
vt 0.500000 0.968463
vt 0.538538 0.962359
vt 0.363384 0.843750
vt 0.389475 0.924051
vt 0.610525 0.924051
vt 0.363384 0.843750
vt 0.419699 0.954275
vt 0.610525 0.763449
vt 0.537403 0.958865
vt 0.500000 0.722711
vt 0.384885 0.881153
vt 0.571145 0.941673
vt 0.621039 0.843750
vt 0.421875 0.843750
vt 0.425699 0.867892
vt 0.436796 0.889671
vt 0.574301 0.867892
vt 0.578125 0.843750
vt 0.542217 0.713820
vt 0.500000 0.688440
vt 0.500000 0.667729
vt 0.512500 0.667729
vt 0.512500 0.688440
vt 0.475000 0.597805
vt 0.462500 0.688440
vt 0.462500 0.597805
vt 0.450000 0.688440
vt 0.450000 0.597806
vt 0.437500 0.597807
vt 0.425000 0.597805
vt 0.375000 0.312501
vt 0.587500 0.688440
vt 0.562500 0.597806
vt 0.550000 0.688440
vt 0.525000 0.667729
vt 0.475000 0.312500
vt 0.512500 0.312500
vt 0.512500 0.527883
vt 0.462500 0.312501
vt 0.450000 0.312499
vt 0.425000 0.312501
vt 0.412500 0.312499
vt 0.364196 0.822241
vt 0.351397 0.795466
vt 0.373591 0.751909
vt 0.656250 0.843750
vt 0.626409 0.751908
vt 0.548284 0.695147
vt 0.580301 0.954275
vt 0.451716 0.007647
vt 0.454079 0.219454
vt 0.436796 0.202171
vt 0.425000 0.312500
vt 0.550000 0.524764
vt 0.550000 0.312500
vt 0.512500 0.688440
vt 0.475000 0.312500
vt 0.537500 0.312500
vt 0.462500 0.312500
vt 0.412500 0.312500
vt 0.375000 0.688440
vt 0.375000 0.312500
vt 0.612500 0.312500
vt 0.625000 0.312500
vt 0.600000 0.312500
vt 0.525000 0.312500
vt 0.512500 0.312500
vt 0.500000 0.644723
vt 0.500000 0.688440
vt 0.408158 0.717341
vt 0.373591 0.751908
vt 0.351397 0.795466
vt 0.343750 0.843750
vt 0.351397 0.892034
vt 0.373591 0.935591
vt 0.451716 0.992353
vt 0.548284 0.992353
vt 0.591841 0.970159
vt 0.626409 0.935591
vt 0.648603 0.892034
vt 0.656250 0.843750
vt 0.648603 0.795466
vt 0.626409 0.751909
vt 0.408159 0.282659
vt 0.425699 0.180392
vt 0.500000 0.078125
vt 0.524142 0.230551
vt 0.525000 0.688440
vt 0.525000 0.312500
vt 0.612500 0.688439
vt 0.625000 0.684505
vt 0.512500 0.312500
vt 0.500000 0.312500
vt 0.462500 0.312500
vt 0.437500 0.524764
vt 0.437500 0.312500
vt 0.425000 0.312500
vt 0.375000 0.584744
vt 0.375000 0.312500
vt 0.625000 0.584744
vt 0.612500 0.312500
vt 0.625000 0.312500
vt 0.587500 0.312500
vt 0.550000 0.688440
vt 0.462500 0.688440
vt 0.450000 0.688440
vt 0.437500 0.688440
vt 0.487500 0.688440
vt 0.475000 0.688440
vt 0.475858 0.769448
vt 0.451716 0.695147
vt 0.454079 0.780545
vt 0.408159 0.717341
vt 0.436796 0.797830
vt 0.373591 0.751909
vt 0.425698 0.819608
vt 0.351397 0.795466
vt 0.421876 0.843749
vt 0.343750 0.843750
vt 0.351397 0.892034
vt 0.373591 0.935591
vt 0.454079 0.906954
vt 0.475858 0.918052
vt 0.500000 0.921875
vt 0.500000 1.000000
vt 0.545921 0.906954
vt 0.591841 0.970159
vt 0.563204 0.889670
vt 0.626409 0.935592
vt 0.574301 0.867891
vt 0.648603 0.892034
vt 0.578124 0.843750
vt 0.656249 0.843750
vt 0.574301 0.819608
vt 0.648602 0.795466
vt 0.591841 0.717341
vt 0.524142 0.769449
vt 0.373591 0.064408
vt 0.451716 0.007647
vt 0.548284 0.007648
vt 0.451716 0.304853
vt 0.475858 0.230551
vt 0.408158 0.282659
vt 0.602641 0.081677
vt 0.648602 0.107966
vt 0.574301 0.132108
vt 0.563205 0.110329
vt 0.545921 0.093046
vt 0.524142 0.081948
vt 0.425427 0.053610
vt 0.373129 0.156250
vt 0.425699 0.132109
vt 0.421875 0.156251
vt 0.425699 0.180392
vt 0.500000 0.283121
vt 0.500000 0.234375
vt 0.524142 0.230552
vt 0.545921 0.219455
vt 0.578125 0.156250
vt 0.351398 0.795466
vt 0.648602 0.795466
vt 0.512500 0.312500
vt 0.450000 0.584743
vt 0.450000 0.312500
vt 0.437500 0.312500
vt 0.425000 0.688439
vt 0.412500 0.688441
vt 0.412500 0.312500
vt 0.387500 0.688440
vt 0.387500 0.312501
vt 0.375000 0.312501
vt 0.612500 0.312501
vt 0.625000 0.312501
vt 0.600000 0.688440
vt 0.600000 0.312500
vt 0.587500 0.312500
vt 0.537500 0.688440
vt 0.487500 0.688440
vt 0.450000 0.688440
vt 0.500000 0.765625
vt 0.425699 0.819608
vt 0.421875 0.843750
vt 0.425699 0.867892
vt 0.436795 0.889672
vt 0.454079 0.906954
vt 0.475858 0.918051
vt 0.451716 0.992353
vt 0.500000 0.921876
vt 0.500000 1.000001
vt 0.545921 0.906955
vt 0.563205 0.889670
vt 0.574301 0.867892
vt 0.578125 0.843750
vt 0.574301 0.819609
vt 0.563204 0.797830
vt 0.626409 0.751909
vt 0.591841 0.717342
vt 0.451716 0.007647
vt 0.500000 0.000000
vt 0.500000 0.312500
vt 0.408159 0.282659
vt 0.436796 0.797829
vt 0.425000 0.504813
vt 0.412500 0.312500
vt 0.537500 0.312500
vt 0.550000 0.660156
vt 0.537500 0.660156
vt 0.537500 0.623537
vt 0.525000 0.623537
vt 0.512500 0.623537
vt 0.500000 0.688440
vt 0.500000 0.623537
vt 0.437500 0.674637
vt 0.437500 0.623537
vt 0.487500 0.688440
vt 0.425000 0.623537
vt 0.412500 0.623537
vt 0.400000 0.623537
vt 0.387500 0.660156
vt 0.387500 0.623537
vt 0.375000 0.641846
vt 0.550000 0.674922
vt 0.537500 0.674922
vt 0.400000 0.688440
vt 0.612500 0.688440
vt 0.625000 0.641846
vt 0.625000 0.674922
vt 0.512500 0.312500
vt 0.487500 0.312500
vt 0.475000 0.312500
vt 0.400000 0.312500
vt 0.387500 0.312500
vt 0.375000 0.312500
vt 0.612500 0.312500
vt 0.625000 0.312500
vt 0.625000 0.688440
vt 0.460795 0.035589
vt 0.397360 0.230823
vt 0.387500 0.316499
vt 0.475000 0.316499
vt 0.537500 0.316499
vt 0.625000 0.316499
vt 0.409071 0.968903
vt 0.626409 0.935592
vt 0.451716 0.992352
vt 0.547804 0.696624
vt 0.590929 0.718597
vt 0.500000 0.687502
vt 0.578125 0.182992
vt 0.574301 0.160728
vt 0.524142 0.251513
vt 0.545921 0.241280
vt 0.475858 0.251513
vt 0.524142 0.114471
vt 0.500000 0.684505
vt 0.425000 0.684505
vt 0.412500 0.688440
vt 0.537500 0.524764
vt 0.525000 0.524764
vt 0.512500 0.524764
vt 0.412500 0.524764
vt 0.387500 0.524764
vt 0.437500 0.644723
vt 0.425000 0.644723
vt 0.412500 0.644723
vt 0.400000 0.644723
vt 0.387500 0.644723
vt 0.408158 0.717341
vt 0.451716 0.695147
vt 0.425699 0.819608
vt 0.475860 0.918053
vt 0.500000 1.000001
vt 0.563205 0.889671
vt 0.574301 0.867892
vt 0.500000 -0.000000
vt 0.591841 0.282659
vt 0.548284 0.007647
vt 0.475858 0.761648
vt 0.545921 0.772424
vt 0.500000 0.909662
vt 0.436796 0.878390
vt 0.437500 0.348783
vt 0.425000 0.312500
vt 0.462500 0.348783
vt 0.500000 0.312501
vt 0.589171 0.966483
vt 0.500000 0.995457
vt 0.377267 0.932921
vt 0.355718 0.890630
vt 0.348293 0.843750
vt 0.355718 0.796870
vt 0.410829 0.721017
vt 0.500000 0.692043
vt 0.622733 0.754579
vt 0.644282 0.796870
vt 0.651707 0.843750
vt 0.624529 0.803288
vt 0.605930 0.766787
vt 0.610525 0.924051
vt 0.461148 0.963325
vt 0.538852 0.963325
vt 0.601717 0.917651
vt 0.625728 0.843750
vt 0.619575 0.804898
vt 0.601717 0.769849
vt 0.573901 0.742033
vt 0.500000 0.718022
vt 0.461148 0.724175
vt 0.398283 0.769849
vt 0.380425 0.804898
vt 0.374271 0.843750
vt 0.405591 0.912342
vt 0.431408 0.938159
vt 0.463939 0.954735
vt 0.568592 0.938159
vt 0.594409 0.912342
vt 0.616696 0.843750
vt 0.610985 0.807689
vt 0.594409 0.775158
vt 0.536061 0.732765
vt 0.463939 0.732765
vt 0.431408 0.749341
vt 0.405591 0.775158
vt 0.383304 0.843750
vt 0.545921 0.780546
vt 0.574301 0.819608
vt 0.462597 0.728635
vt 0.378961 0.843750
vt 0.402077 0.914895
vt 0.597923 0.914895
vt 0.621039 0.843750
vt 0.472992 0.760627
vt 0.500000 0.756349
vt 0.429291 0.792377
vt 0.412599 0.843750
vt 0.416877 0.870758
vt 0.429291 0.895123
vt 0.448627 0.914459
vt 0.472992 0.926873
vt 0.500000 0.931151
vt 0.527008 0.926873
vt 0.551373 0.914459
vt 0.570709 0.895123
vt 0.583123 0.870758
vt 0.583123 0.816742
vt 0.570709 0.792377
vt 0.487500 0.687971
vt 0.487500 0.667729
vt 0.475000 0.597806
vt 0.437500 0.667729
vt 0.425000 0.667729
vt 0.412500 0.667729
vt 0.375000 0.687971
vt 0.625000 0.667729
vt 0.625000 0.687971
vt 0.562500 0.687971
vt 0.562500 0.667729
vt 0.550000 0.667729
vt 0.500000 0.527883
vt 0.487500 0.527883
vt 0.437500 0.527883
vt 0.425000 0.527883
vt 0.412500 0.527883
vt 0.412500 0.312498
vt 0.575000 0.312501
vt 0.562500 0.527883
vt 0.562500 0.312500
vt 0.550000 0.527883
vt 0.537500 0.527883
vt 0.367603 0.800732
vt 0.367603 0.886768
vt 0.581826 0.956374
vt 0.639211 0.843750
vt 0.632397 0.800732
vt 0.612624 0.761924
vt 0.581826 0.731126
vt 0.500000 0.704539
vt 0.620661 0.117045
vt 0.379339 0.195455
vt 0.460795 0.276911
vt 0.612500 0.312500
vt 0.547804 0.990876
vt 0.475000 0.684945
vt 0.587500 0.688440
vt 0.343752 0.843750
vt 0.500000 0.765626
vt 0.475858 0.769449
vt 0.454079 0.780546
vt 0.436796 0.797829
vt 0.425699 0.819608
vt 0.351397 0.892034
vt 0.529887 0.751767
vt 0.656251 0.156250
vt 0.500000 0.312500
vt 0.375000 0.312499
vt 0.475000 0.683489
vt 0.375000 0.688440
vt 0.375000 0.584744
vt 0.545921 0.780544
vt 0.563205 0.797830
vt 0.387500 0.504813
vt 0.400000 0.504813
vt 0.412500 0.504813
vt 0.450000 0.504813
vt 0.500000 0.504813
vt 0.537500 0.504813
vt 0.600000 0.504813
vt 0.612500 0.504813
vt 0.625000 0.504813
vt 0.584746 0.905322
vt 0.599625 0.876120
vt 0.561572 0.928496
vt 0.532370 0.943375
vt 0.500000 0.948502
vt 0.467630 0.943375
vt 0.438428 0.928496
vt 0.415254 0.905322
vt 0.395248 0.843750
vt 0.467630 0.744125
vt 0.438428 0.759004
vt 0.500000 0.738998
vt 0.532370 0.744125
vt 0.561572 0.759003
vt 0.584747 0.782178
vt 0.599626 0.811380
vt 0.537500 0.683511
vt 0.600000 0.683511
vt 0.525000 0.683511
vt 0.500000 0.683511
vt 0.450000 0.683511
vt 0.437500 0.683511
vt 0.425000 0.683511
vt 0.412500 0.683511
vt 0.387500 0.679588
vt 0.375000 0.680872
vt 0.525000 0.660156
vt 0.437500 0.660156
vt 0.425000 0.660156
vt 0.375000 0.660156
vt 0.375000 0.623537
vt 0.625000 0.660156
vt 0.612500 0.623537
vt 0.625000 0.623537
vt 0.600000 0.669180
vt 0.525000 0.674922
vt 0.437500 0.674922
vt 0.425000 0.674922
vt 0.526745 0.761438
vt 0.473255 0.761438
vt 0.429981 0.792879
vt 0.417688 0.817005
vt 0.413452 0.843750
vt 0.417688 0.870495
vt 0.473255 0.926062
vt 0.500000 0.930298
vt 0.526745 0.926062
vt 0.550872 0.913769
vt 0.570019 0.894621
vt 0.375000 0.686227
vt 0.625000 0.686227
vt 0.500000 0.312500
vt 0.425000 0.348783
vt 0.412500 0.312502
vt 0.487500 0.348783
vt 0.562500 0.348783
vt 0.600000 0.348783
vt 0.625000 0.348783
vt 0.622733 0.932921
vt 0.410829 0.966483
vt 0.373591 0.751908
vt 0.589171 0.721017
vt 0.363384 0.843750
vt 0.380425 0.882602
vt 0.402077 0.914895
vt 0.475000 0.687971
vt 0.475000 0.667729
vt 0.462500 0.667729
vt 0.450000 0.687971
vt 0.400000 0.687971
vt 0.400000 0.667729
vt 0.387500 0.667729
vt 0.612500 0.687971
vt 0.612500 0.667729
vt 0.600000 0.687971
vt 0.587500 0.667729
vt 0.537500 0.687971
vt 0.475000 0.527883
vt 0.462500 0.527883
vt 0.400000 0.312499
vt 0.387500 0.527883
vt 0.375000 0.527883
vt 0.625000 0.527883
vt 0.587500 0.527883
vt 0.454079 0.219455
vt 0.550000 0.688439
vt 0.487500 0.688440
vt 0.537500 0.688439
vt 0.500000 0.921874
vt 0.574301 0.132109
vt 0.400000 0.312499
vt 0.500000 0.687501
vt 0.600000 0.684964
vt 0.375000 0.688439
vt 0.451716 0.695148
vt 0.524142 0.918050
vt 0.436796 0.110330
vt 0.425699 0.132108
vt 0.578125 0.156249
vt 0.656249 0.843750
vt 0.425000 0.688440
vt 0.625000 0.688440
vt 0.574300 0.867892
vt 0.487500 0.504813
vt 0.525000 0.504813
vt 0.587500 0.683511
vt 0.487500 0.683511
vt 0.425000 0.680712
vt 0.375000 0.683511
vt 0.625000 0.683511
vt 0.600000 0.660156
vt 0.587500 0.623537
vt 0.600000 0.623537
vt 0.500000 0.660156
vt 0.487500 0.660156
vt 0.487500 0.623537
vt 0.475000 0.673986
vt 0.375000 0.674191
vt 0.600000 0.674922
vt 0.587500 0.674922
vt 0.487500 0.674922
vt 0.582312 0.817005
vt 0.578125 0.156250
vt 0.563204 0.797830
vt 0.545920 0.780546
vt 0.548284 0.007648
vt 0.408159 0.282659
vt 0.454079 0.780546
vt 0.375000 0.688440
vt 0.387500 0.348783
vt 0.587500 0.348783
vt 0.437500 0.687971
vt 0.500000 0.982961
vt 0.543018 0.711353
vt 0.436796 0.202170
vt 0.454079 0.219454
vt 0.408158 0.029841
vt 0.375000 0.312502
vt 0.375000 0.678487
vt 0.415254 0.782178
vt 0.562500 0.683511
vt 0.475000 0.660156
vt 0.462500 0.674922
vt 0.412500 0.348783
vt 0.421875 0.843750
vt 0.375000 0.597806
vt 0.625000 0.597806
vt 0.500000 0.688440
vt 0.375000 0.312500
vt 0.408159 0.717342
vt 0.548283 0.695149
vt 0.500000 0.688439
vt 0.625000 0.312500
vt 0.563204 0.797830
vt 0.591842 0.029840
vt 0.626409 0.064408
vt 0.375000 0.688441
vt 0.512500 0.656305
vt 0.500000 0.663485
vt 0.487500 0.665445
vt 0.487500 0.312500
vt 0.425000 0.688440
vt 0.500000 0.312500
s 1
usemtl aiWireframe1.001
f 106/1/1 1/2/2 18/3/3
f 3/4/4 19/5/5 2/6/6
f 5/7/7 81/8/8 4/9/9
f 6/10/10 25/11/11 98/12/12
f 12/13/13 28/14/14 11/15/15
f 14/16/16 29/17/17 13/18/18
f 15/19/19 33/20/20 14/16/16
f 16/21/21 100/22/22 33/20/20
f 18/23/3 19/24/5 82/25/23
f 22/26/24 23/27/25 72/28/26
f 27/29/27 76/30/28 26/31/29
f 33/32/20 73/33/30 74/34/31
f 70/35/32 40/36/33 39/37/34
f 49/38/35 48/39/36 71/40/37
f 76/30/28 87/41/38 97/42/39
f 20/43/40 81/44/8 37/45/41
f 17/46/42 82/25/23 34/47/43
f 45/48/44 44/49/45 76/30/28
f 88/50/46 41/51/47 77/52/48
f 82/25/23 36/53/49 35/54/50
f 83/55/51 34/47/43 92/56/51
f 44/49/45 43/57/52 87/41/38
f 41/51/47 40/36/33 89/58/53
f 92/56/51 34/47/43 96/59/54
f 93/60/55 50/61/56 49/38/35
f 46/62/57 64/63/58 63/64/59
f 41/65/47 59/66/60 40/67/33
f 38/68/61 108/69/62 56/70/63
f 98/12/12 25/11/11 24/71/64
f 98/12/12 24/71/64 23/72/25
f 81/8/8 20/73/40 3/4/4
f 1/2/2 19/5/5 18/3/3
f 102/74/65 101/75/66 59/66/60
f 104/76/67 67/77/68 107/78/69
f 108/69/62 58/79/70 57/80/71
f 110/81/72 111/82/73 118/73/74
f 114/71/75 119/83/76 113/84/77
f 115/85/78 122/86/79 543/87/80
f 115/85/78 123/17/81 122/86/79
f 115/85/78 116/88/82 123/17/81
f 117/89/83 542/90/84 468/91/85
f 122/92/79 123/93/81 474/94/86
f 133/95/87 480/96/88 132/97/89
f 109/98/90 467/99/91 137/100/78
f 547/101/92 109/98/90 137/100/78
f 110/81/72 547/101/92 137/100/78
f 111/82/73 110/81/72 137/100/78
f 112/102/93 111/82/73 137/100/78
f 113/84/77 112/102/93 137/100/78
f 114/71/75 113/84/77 137/100/78
f 546/103/94 114/71/75 137/100/78
f 115/85/78 546/103/94 137/100/78
f 116/88/82 115/85/78 137/100/78
f 117/89/83 116/88/82 137/100/78
f 467/99/91 117/89/83 137/100/78
f 308/104/95 309/105/96 310/106/97
f 309/105/96 311/107/98 310/106/97
f 311/107/98 312/108/99 310/106/97
f 312/108/99 313/109/100 310/106/97
f 313/109/100 314/110/101 310/106/97
f 314/110/101 315/111/102 310/106/97
f 315/111/102 316/112/103 310/106/97
f 316/112/103 317/113/104 310/106/97
f 317/113/104 318/114/105 310/106/97
f 318/114/105 319/115/106 310/106/97
f 319/115/106 320/116/107 310/106/97
f 320/116/107 321/117/108 310/106/97
f 321/117/108 322/64/109 310/106/97
f 322/64/109 323/118/110 310/106/97
f 323/118/110 390/119/111 310/106/97
f 390/119/111 324/120/112 310/106/97
f 324/120/112 325/121/113 310/106/97
f 325/121/113 326/122/114 310/106/97
f 326/122/114 327/123/115 310/106/97
f 327/123/115 308/104/95 310/106/97
f 201/124/116 495/125/117 496/126/118
f 496/126/118 417/127/119 201/124/116
f 500/128/120 203/129/121 418/129/122
f 204/130/123 502/131/124 517/132/125
f 524/133/126 140/134/127 273/135/128
f 406/136/129 407/137/130 307/138/131
f 284/139/132 374/140/133 530/139/134
f 286/141/135 375/142/136 388/141/137
f 293/111/138 394/143/139 292/144/140
f 298/145/141 299/146/142 393/116/143
f 301/147/144 302/148/145 390/119/111
f 443/149/146 444/150/147 333/150/148
f 337/151/149 447/127/150 448/151/151
f 338/152/152 451/153/153 351/154/154
f 339/155/155 452/156/156 352/155/157
f 430/157/158 431/158/159 345/158/159
f 356/150/147 432/159/160 346/159/160
f 349/151/151 359/127/161 360/151/151
f 351/154/154 363/153/162 425/154/154
f 352/155/157 364/156/163 365/131/157
f 200/160/164 485/150/147 356/150/147
f 432/159/160 433/125/165 357/125/165
f 364/156/163 425/154/154 540/156/163
f 405/161/166 406/136/129 368/162/167
f 370/163/168 369/164/169 534/165/170
f 379/166/171 380/167/172 283/168/173
f 537/169/174 526/170/175 372/171/176
f 527/172/177 528/173/178 373/138/179
f 375/142/136 532/174/180 387/142/181
f 399/163/182 400/175/183 377/175/184
f 402/176/185 403/177/186 379/166/171
f 404/178/187 405/161/166 526/170/175
f 385/179/188 410/180/189 411/179/190
f 387/142/181 413/181/191 414/182/192
f 390/119/111 323/118/110 391/118/193
f 397/183/194 300/184/195 299/146/142
f 398/185/196 298/145/141 297/115/197
f 500/128/120 418/129/122 499/129/122
f 419/186/198 198/187/199 518/188/200
f 491/189/201 482/190/202 490/191/203
f 426/192/86 204/130/123 488/192/86
f 485/150/147 494/193/204 432/159/160
f 436/125/205 334/194/206 335/125/207
f 452/156/156 339/155/155 138/195/208
f 345/158/159 200/160/164 443/149/146
f 348/126/209 359/127/161 447/127/150
f 452/156/156 351/154/154 364/156/163
f 453/132/210 352/155/157 353/132/210
f 466/196/211 550/197/212 124/198/213
f 542/199/84 479/200/214 136/38/215
f 546/201/94 459/202/159 114/203/75
f 109/204/90 547/205/92 466/196/211
f 116/206/82 468/207/85 469/208/157
f 543/209/80 544/210/216 121/211/217
f 128/212/218 333/150/148 127/213/219
f 476/214/220 336/126/221 477/215/222
f 478/216/223 449/217/224 450/129/225
f 480/96/88 438/218/226 440/219/227
f 482/190/202 491/189/201 483/189/228
f 200/160/164 538/150/229 485/150/147
f 495/125/117 201/124/116 486/126/209
f 487/151/151 417/127/119 497/220/230
f 488/192/86 204/130/123 198/187/199
f 504/158/231 492/221/232 213/221/233
f 493/150/234 505/222/235 506/150/234
f 502/131/124 516/156/236 241/223/237
f 198/187/199 517/132/125 205/187/238
f 213/221/233 503/189/239 211/189/240
f 517/132/125 241/223/237 243/224/241
f 518/188/200 205/187/238 521/188/200
f 211/189/240 519/191/203 209/191/242
f 520/126/118 223/125/243 225/126/244
f 521/188/200 205/187/238 206/188/245
f 523/225/246 156/226/247 157/227/248
f 525/228/249 143/229/250 144/230/251
f 526/170/175 381/162/252 527/172/177
f 532/174/180 386/231/253 413/181/191
f 533/232/254 388/141/137 389/233/255
f 378/234/256 402/176/185 536/176/257
f 380/167/172 404/178/187 537/169/174
f 539/154/258 500/128/120 501/152/259
f 543/209/80 471/235/86 472/236/260
f 547/205/92 465/237/161 550/197/212
f 117/238/83 467/239/91 479/200/214
f 132/240/89 480/241/88 549/242/261
f 550/197/212 125/243/262 477/244/222
f 553/245/78 569/246/90 552/247/78
f 558/248/263 559/249/264 573/250/77
f 561/251/265 575/252/75 560/253/266
f 562/254/267 563/255/268 576/14/79
f 568/256/269 646/257/78 567/258/78
f 630/259/93 621/260/165 572/261/73
f 578/206/82 579/262/270 623/263/157
f 594/264/271 593/241/272 620/265/273
f 629/266/94 590/267/274 575/268/75
f 630/259/93 586/269/220 621/260/165
f 569/270/90 631/271/92 582/272/213
f 588/273/275 587/274/276 630/259/93
f 631/271/92 640/275/161 583/276/277
f 632/277/157 642/278/163 596/279/278
f 634/280/86 633/281/279 595/282/87
f 594/264/271 620/265/273 635/283/216
f 590/267/274 589/284/218 638/285/280
f 586/269/220 585/286/281 639/287/209
f 641/288/162 643/289/223 599/200/214
f 642/278/163 598/290/215 597/39/282
f 575/252/75 574/291/76 559/249/264
f 570/292/72 631/293/92 569/246/90
f 569/246/90 622/294/91 581/89/83
f 646/257/78 580/295/283 579/296/270
f 564/297/284 578/298/82 577/299/81
f 740/300/285 665/293/286 737/301/22
f 647/302/2 648/303/6 665/293/286
f 651/304/7 668/305/287 650/306/9
f 652/307/288 668/305/287 651/304/7
f 736/308/12 668/305/287 652/307/288
f 653/309/289 671/310/11 736/308/12
f 655/311/290 656/312/291 735/313/39
f 661/314/16 676/315/292 660/316/293
f 662/317/19 676/315/292 661/314/16
f 714/318/294 680/319/50 679/47/295
f 717/320/14 690/321/296 673/322/27
f 718/323/297 719/324/298 670/325/25
f 665/326/286 723/327/5 680/319/50
f 727/50/46 728/328/48 718/323/297
f 723/327/5 682/329/41 681/330/49
f 724/331/299 732/332/300 694/333/35
f 733/334/301 726/335/302 674/336/303
f 688/337/304 687/338/305 727/50/46
f 730/339/306 680/319/50 714/318/294
f 693/340/307 692/279/308 733/334/301
f 736/308/12 671/310/11 718/71/297
f 736/308/12 718/71/297 670/341/25
f 737/301/22 665/293/286 664/342/42
f 663/343/21 716/344/30 678/345/309
f 674/346/303 717/347/14 658/348/15
f 739/349/310 711/350/311 712/351/312
f 742/352/62 738/353/66 703/354/70
f 747/355/313 836/356/314 746/357/315
f 748/358/316 833/359/314 834/360/317
f 754/361/318 844/362/314 753/363/319
f 757/364/320 771/89/321 839/365/322
f 773/366/323 823/367/324 772/216/325
f 781/368/326 821/369/327 780/212/328
f 784/96/329 785/97/330 819/370/331
f 788/371/332 787/372/333 810/373/334
f 767/374/335 813/375/336 784/376/329
f 766/377/337 815/378/338 780/379/328
f 812/380/339 768/381/340 786/382/341
f 814/383/342 783/384/343 782/385/344
f 816/386/345 780/379/328 779/37/346
f 788/371/332 810/373/334 818/387/347
f 826/388/348 814/103/342 815/71/338
f 761/5/349 760/293/350 829/389/351
f 831/390/314 825/391/352 814/103/342
f 761/5/349 829/389/351 837/392/314
f 839/365/322 771/89/321 770/393/353
f 840/394/314 769/91/354 818/395/347
f 848/396/355 803/397/356 802/398/357
f 850/399/78 860/73/358 859/5/72
f 850/399/78 861/400/78 860/73/358
f 850/399/78 851/401/359 861/400/78
f 851/401/359 852/402/76 862/250/77
f 854/403/360 863/103/94 853/404/75
f 851/405/359 933/406/165 861/261/361
f 855/92/79 910/407/81 932/408/86
f 867/409/270 868/410/84 909/411/163
f 871/412/281 888/413/362 870/414/262
f 881/415/363 898/416/364 880/97/89
f 908/417/215 949/418/365 883/419/282
f 850/399/78 935/420/91 904/100/78
f 851/401/359 850/399/78 904/100/78
f 852/402/76 851/401/359 904/100/78
f 853/404/75 852/402/76 904/100/78
f 854/403/360 853/404/75 904/100/78
f 855/421/79 854/403/360 904/100/78
f 866/395/82 855/421/79 904/100/78
f 867/422/270 866/395/82 904/100/78
f 868/90/84 867/422/270 904/100/78
f 856/89/83 868/90/84 904/100/78
f 935/420/91 856/89/83 904/100/78
f 885/423/366 886/424/367 905/106/368
f 886/424/367 887/425/369 905/106/368
f 887/425/369 888/413/362 905/106/368
f 888/413/362 889/109/370 905/106/368
f 889/109/370 890/426/371 905/106/368
f 890/426/371 891/111/372 905/106/368
f 891/111/372 892/427/373 905/106/368
f 892/427/373 893/428/374 905/106/368
f 893/428/374 894/429/375 905/106/368
f 894/429/375 895/430/376 905/106/368
f 895/430/376 896/116/377 905/106/368
f 896/116/377 897/431/378 905/106/368
f 897/431/378 898/416/364 905/106/368
f 898/416/364 899/432/379 905/106/368
f 899/432/379 900/147/380 905/106/368
f 900/147/380 945/433/381 905/106/368
f 945/433/381 901/434/382 905/106/368
f 901/434/382 902/435/383 905/106/368
f 902/435/383 903/123/384 905/106/368
f 903/123/384 885/423/366 905/106/368
f 906/436/385 883/437/282 950/372/278
f 872/438/220 871/439/281 907/440/209
f 909/411/163 908/290/215 883/437/282
f 910/407/81 922/441/386 923/442/210
f 940/443/147 941/444/160 916/445/160
f 922/441/386 883/437/282 906/436/385
f 879/446/272 939/447/228 926/448/228
f 907/440/209 943/449/161 927/450/161
f 931/451/157 909/411/163 922/441/386
f 932/408/86 910/407/81 911/452/86
f 936/453/210 906/436/385 882/454/387
f 879/446/272 878/455/388 939/447/228
f 875/456/218 874/457/275 940/443/147
f 907/440/209 870/458/262 943/449/161
f 944/459/389 947/460/213 948/461/390
f 897/431/378 896/116/377 895/430/376
f 946/462/365 894/429/375 893/428/374
f 946/462/365 893/428/374 892/427/373
f 947/366/213 888/413/362 887/425/369
f 949/418/365 903/123/384 902/435/383
f 950/463/278 899/432/379 898/416/364
f 952/464/391 971/465/392 951/245/393
f 966/466/394 967/467/395 1133/468/396
f 968/469/397 1131/470/398 1132/471/396
f 989/215/399 1184/472/400 1108/473/401
f 996/474/402 997/475/403 1103/476/404
f 1004/477/405 1111/478/406 1003/419/407
f 1109/479/408 1110/480/409 1005/481/410
f 967/467/395 966/466/394 1165/482/411
f 960/483/412 1160/484/412 961/485/413
f 957/486/414 1158/487/414 958/253/415
f 951/245/393 1168/488/416 1169/489/417
f 1029/490/418 998/491/419 997/337/403
f 989/492/399 988/47/420 1037/318/421
f 1108/473/401 1184/472/400 1008/493/422
f 1114/494/423 979/103/424 1115/495/425
f 1116/496/426 978/497/427 977/83/428
f 970/498/429 969/420/430 1120/499/396
f 983/500/431 982/86/432 1124/501/433
f 1126/502/391 1115/495/425 978/497/427
f 1127/503/396 1116/496/426 1117/504/434
f 971/465/392 970/498/429 1168/488/416
f 981/505/435 980/506/436 1137/362/396
f 1178/507/437 1021/508/437 1020/118/438
f 1178/507/437 1020/118/438 1019/64/439
f 1179/509/437 1018/510/440 1017/116/441
f 1015/511/442 1014/113/443 1180/512/437
f 1184/472/400 1010/109/444 1009/108/445
f 1025/513/446 1024/122/447 1175/514/437
f 1190/515/448 1191/516/449 1210/400/448
f 1193/517/448 1194/71/450 1211/83/451
f 1200/17/452 1216/86/453 1199/518/448
f 1202/519/448 1203/90/454 1218/91/455
f 1206/520/456 1207/521/457 1744/522/458
f 1194/523/450 1754/524/459 1211/377/451
f 1216/525/453 1759/526/460 1215/375/461
f 1220/216/462 1221/366/463 1770/527/464
f 1226/528/465 1766/529/466 1225/68/467
f 1236/530/468 1774/531/464 1235/532/464
f 1186/247/448 1185/533/448 1240/100/448
f 1187/245/448 1186/247/448 1240/100/448
f 1188/464/448 1187/245/448 1240/100/448
f 1189/534/448 1188/464/448 1240/100/448
f 1190/515/448 1189/534/448 1240/100/448
f 1191/516/449 1190/515/448 1240/100/448
f 1192/250/469 1191/516/449 1240/100/448
f 1193/517/448 1192/250/469 1240/100/448
f 1194/71/450 1193/517/448 1240/100/448
f 1195/251/448 1194/71/450 1240/100/448
f 1196/535/448 1195/251/448 1240/100/448
f 1197/485/448 1196/535/448 1240/100/448
f 1198/254/448 1197/485/448 1240/100/448
f 1199/518/448 1198/254/448 1240/100/448
f 1200/17/452 1199/518/448 1240/100/448
f 1201/536/448 1200/17/452 1240/100/448
f 1202/519/448 1201/536/448 1240/100/448
f 1203/90/454 1202/519/448 1240/100/448
f 1204/469/448 1203/90/454 1240/100/448
f 1185/533/448 1204/469/448 1240/100/448
f 1473/104/470 1474/105/471 1475/106/466
f 1474/105/471 1476/107/472 1475/106/466
f 1476/107/472 1477/108/473 1475/106/466
f 1477/108/473 1478/109/474 1475/106/466
f 1478/109/474 1479/110/475 1475/106/466
f 1479/110/475 1480/111/476 1475/106/466
f 1480/111/476 1481/112/477 1475/106/466
f 1481/112/477 1482/113/478 1475/106/466
f 1482/113/478 1483/114/479 1475/106/466
f 1483/114/479 1484/115/480 1475/106/466
f 1484/115/480 1485/116/481 1475/106/466
f 1485/116/481 1486/117/482 1475/106/466
f 1486/117/482 1487/64/483 1475/106/466
f 1487/64/483 1488/118/484 1475/106/466
f 1488/118/484 1489/119/485 1475/106/466
f 1489/119/485 1490/120/486 1475/106/466
f 1490/120/486 1491/121/487 1475/106/466
f 1491/121/487 1492/122/488 1475/106/466
f 1492/122/488 1493/123/489 1475/106/466
f 1493/123/489 1473/104/470 1475/106/466
f 1241/132/490 1512/131/491 1714/132/492
f 1705/159/493 1706/537/494 1249/125/495
f 1250/127/496 1707/126/497 1708/127/498
f 1330/156/499 1666/152/500 1667/156/501
f 1441/538/502 1609/112/503 1440/112/504
f 1523/126/505 1540/125/506 1541/126/505
f 1529/155/507 1548/156/508 1549/131/507
f 1472/166/509 1453/168/510 1556/168/511
f 1466/233/512 1467/164/513 1551/164/514
f 1905/169/515 1889/539/516 1575/171/517
f 1582/142/518 1896/174/519 1599/142/518
f 1897/540/520 1898/541/521 1569/164/521
f 1705/159/493 1501/150/522 1502/159/523
f 1510/152/524 1511/156/525 1713/156/526
f 1512/131/491 1513/132/527 1714/132/492
f 1520/222/528 1521/150/529 1720/150/529
f 1731/132/530 1529/155/507 1530/132/530
f 1744/522/458 1949/542/531 1950/543/532
f 1746/544/533 1239/545/534 1238/546/535
f 1758/547/536 1938/548/537 1939/549/536
f 1783/550/538 1705/159/493 1249/125/448
f 1707/126/497 1250/127/496 1784/551/539
f 1243/552/540 1244/191/541 1793/553/542
f 26/554/29 25/11/11 7/555/543 8/556/290
f 1921/557/544 1922/158/545 1795/158/545
f 1923/222/528 1906/150/546 1796/150/529
f 1804/156/508 1913/558/547 1914/156/548
f 1869/559/549 1265/560/550 1870/561/551
f 1889/539/516 1591/162/552 1890/562/553
f 1892/563/554 1593/564/555 1594/139/556
f 1897/540/520 1600/141/557 1601/233/558
f 1906/150/546 1322/159/559 1907/159/560
f 1913/558/547 1329/153/561 1666/152/500
f 1925/565/507 1747/566/508 1748/567/507
f 1739/568/529 1740/569/560 1933/570/560
f 1938/571/537 1744/522/458 1745/572/537
f 1233/240/562 1232/241/563 1942/242/564
f 1228/573/565 1227/37/566 1946/574/567
f 1947/575/568 1225/576/467 1224/439/569
f 1952/577/570 1238/546/535 1237/39/571
f 1969/578/572 1970/579/573 2154/580/448
f 1976/23/574 1977/581/575 2060/582/576
f 1981/583/577 2057/584/560 1980/585/578
f 1990/206/579 1991/586/455 2063/263/580
f 2007/415/581 2008/587/582 2100/588/583
f 2033/589/530 2009/590/584 2008/591/582
f 2071/592/528 2041/593/585 1981/583/577
f 1991/586/455 2080/594/586 2098/595/508
f 2041/593/585 2089/596/560 2072/597/560
f 2081/277/507 2098/595/508 2099/598/507
f 2041/593/585 2042/599/560 2089/596/560
f 2167/253/587 2168/600/588 2187/601/589
f 2175/602/394 2176/603/590 2342/468/396
f 2264/604/591 2265/34/592 2196/32/593
f 2202/605/594 2313/606/595 2201/68/596
f 2214/417/597 2318/478/598 2213/419/599
f 2316/607/600 2317/480/601 2215/481/602
f 2159/247/603 2158/608/604 2377/609/605
f 2176/603/590 2175/602/394 2375/482/606
f 2164/610/607 2382/611/607 2165/248/607
f 2240/612/608 2206/613/609 2205/614/610
f 2197/615/611 2316/59/600 2248/616/612
f 2214/38/597 2213/39/599 2249/40/613
f 2255/617/614 2273/618/615 2274/619/616
f 2283/620/617 2284/55/618 2264/621/591
f 2197/615/611 2248/616/612 2303/56/618
f 2322/504/619 2185/622/620 2184/250/621
f 2181/623/622 2180/5/623 2325/624/624
f 2178/625/625 2264/420/591 2327/499/626
f 2328/626/627 2195/627/628 2194/91/629
f 2190/628/630 2189/629/631 2331/630/632
f 2348/631/443 2224/632/633 2349/74/415
f 2359/633/634 2234/634/634 2216/104/635
f 2221/635/636 2222/111/637 2364/636/638
f 2232/637/639 2231/120/640 2384/638/641
f 2224/632/633 2348/631/443 2386/512/641
f 2222/111/637 2221/635/636 2388/639/437
f 2389/640/437 2220/641/642 2219/108/437
f 2401/248/643 2402/642/644 2577/643/645
f 2418/261/646 2419/644/647 2494/260/648
f 2430/645/649 2501/646/650 2429/409/651
f 2499/647/652 2500/34/653 2431/32/654
f 2395/247/655 2394/648/656 2616/609/657
f 2412/258/658 2411/649/659 2614/482/660
f 2404/650/661 2608/651/661 2405/535/662
f 2399/652/663 2620/653/663 2400/654/664
f 2476/612/665 2442/655/666 2441/614/667
f 2432/656/668 2451/657/669 2485/658/670
f 2449/659/671 2448/372/672 2487/373/673
f 2493/660/674 2508/661/675 2509/52/676
f 2419/644/647 2511/662/677 2512/597/678
f 2535/663/679 2485/658/670 2518/664/653
f 2529/596/678 2478/665/680 2479/599/678
f 2486/666/681 2449/659/671 2536/667/682
f 2563/668/683 2419/516/647 2418/400/646
f 2416/669/684 2415/293/685 2565/389/686
f 2568/670/687 2431/671/654 2430/90/649
f 2570/672/645 2428/673/688 2427/17/689
f 2593/674/690 2460/114/691 2594/74/692
f 2464/675/693 2465/118/694 2598/676/695
f 2600/633/696 2470/677/697 2452/104/698
f 2593/674/690 2459/678/699 2631/679/700
f 2458/680/701 2457/110/702 2632/639/703
f 2643/681/704 2662/5/496 2642/464/448
f 2670/31/541 2775/682/705 2669/42/706
f 2688/474/707 2689/683/708 2824/684/464
f 2640/247/448 2639/533/448 2718/100/448
f 2641/245/448 2640/247/448 2718/100/448
f 2642/464/448 2641/245/448 2718/100/448
f 2643/681/704 2642/464/448 2718/100/448
f 2644/515/709 2643/681/704 2718/100/448
f 2645/654/448 2644/515/709 2718/100/448
f 2646/248/448 2645/654/448 2718/100/448
f 2647/517/709 2646/248/448 2718/100/448
f 2648/253/448 2647/517/709 2718/100/448
f 2649/251/448 2648/253/448 2718/100/448
f 2650/535/448 2649/251/448 2718/100/448
f 2651/485/448 2650/535/448 2718/100/448
f 2652/254/709 2651/485/448 2718/100/448
f 2653/518/448 2652/254/709 2718/100/448
f 2654/578/448 2653/518/448 2718/100/448
f 2655/536/448 2654/578/448 2718/100/448
f 2656/519/448 2655/536/448 2718/100/448
f 2657/258/448 2656/519/448 2718/100/448
f 2658/469/709 2657/258/448 2718/100/448
f 2639/533/448 2658/469/709 2718/100/448
f 2698/104/710 2699/105/711 2719/106/712
f 2699/105/711 2700/107/713 2719/106/712
f 2700/107/713 2701/108/714 2719/106/712
f 2701/108/714 2702/109/715 2719/106/712
f 2702/109/715 2703/110/716 2719/106/712
f 2703/110/716 2704/111/717 2719/106/712
f 2704/111/717 2705/685/718 2719/106/712
f 2705/685/718 2706/113/719 2719/106/712
f 2706/113/719 2707/114/720 2719/106/712
f 2707/114/720 2708/115/721 2719/106/712
f 2708/115/721 2709/116/722 2719/106/712
f 2709/116/722 2710/117/723 2719/106/712
f 2710/117/723 2711/64/724 2719/106/712
f 2711/64/724 2712/118/725 2719/106/712
f 2712/118/725 2713/119/726 2719/106/712
f 2713/119/726 2714/120/727 2719/106/712
f 2714/120/727 2715/121/728 2719/106/712
f 2715/121/728 2716/686/729 2719/106/712
f 2716/686/729 2717/123/730 2719/106/712
f 2717/123/730 2698/104/710 2719/106/712
f 2721/687/580 2695/437/731 2694/372/732
f 2693/591/582 2692/688/733 2722/689/734
f 2739/690/507 2787/691/508 2756/692/580
f 2761/693/735 2727/694/545 2745/695/545
f 2756/692/580 2787/691/508 2788/696/507
f 2793/697/705 2794/698/735 2761/693/735
f 2796/699/529 2797/700/560 2762/701/560
f 2771/451/507 2787/691/508 2739/690/507
f 2745/695/545 2746/702/528 2777/703/528
f 2727/694/545 2728/704/528 2795/705/528
f 2802/706/536 2736/707/537 2737/708/736
f 2812/709/737 2705/685/718 2704/111/717
f 2820/710/738 2716/686/729 2715/121/728
f 2870/711/739 2871/712/740 2943/617/741
f 2872/31/742 2873/713/743 2942/714/744
f 2892/96/745 2893/715/746 2995/370/747
f 2849/716/748 3070/717/748 2850/251/749
f 2847/718/750 3069/719/751 2848/517/752
f 2936/720/753 2937/721/754 2974/331/754
f 2937/721/754 2938/40/755 2992/667/755
f 2910/722/756 2911/116/757 3055/723/758
f 3064/724/759 2900/725/760 2901/105/761
f 2907/726/762 2908/113/763 3053/727/764
f 2917/728/765 2916/120/766 3088/638/767
f 2907/726/762 2906/729/768 3097/730/767
f 2905/731/769 2904/109/770 3098/732/771
f 3112/517/772 3113/733/773 3298/359/774
f 3134/711/775 3135/734/776 3205/617/777
f 3153/735/778 3265/369/779 3152/212/780
f 3163/736/781 3274/737/782 3162/417/783
f 3109/515/784 3108/738/785 3349/739/786
f 3186/490/787 3156/740/788 3155/337/789
f 3148/741/790 3147/742/791 3193/743/792
f 3137/744/793 3136/629/794 3295/630/795
f 3328/745/796 3166/746/797 3167/108/798
f 3352/747/799 3181/121/800 3353/748/801
f 3165/749/802 3164/104/803 3369/750/801
f 3373/464/804 3374/751/805 3393/5/806
f 3376/654/804 3377/752/804 3395/516/804
f 3380/103/807 3397/71/808 3379/253/804
f 3390/753/809 3406/89/810 3389/469/804
f 3390/754/809 3391/755/811 3945/756/812
f 3399/31/813 3937/757/814 3398/42/815
f 3403/206/816 3404/758/817 3948/759/818
f 3411/412/819 3959/760/820 3410/414/821
f 3420/761/822 3968/762/820 3419/97/820
f 3420/761/822 3421/532/823 3967/531/820
f 3371/247/804 3390/753/809 3426/100/804
f 3372/245/804 3371/247/804 3426/100/804
f 3373/464/804 3372/245/804 3426/100/804
f 3374/751/805 3373/464/804 3426/100/804
f 3375/515/804 3374/751/805 3426/100/804
f 3376/654/804 3375/515/804 3426/100/804
f 3377/752/804 3376/654/804 3426/100/804
f 3378/517/804 3377/752/804 3426/100/804
f 3379/253/804 3378/517/804 3426/100/804
f 3380/103/807 3379/253/804 3426/100/804
f 3381/535/804 3380/103/807 3426/100/804
f 3382/485/804 3381/535/804 3426/100/804
f 3383/254/804 3382/485/804 3426/100/804
f 3384/518/804 3383/254/804 3426/100/804
f 3385/578/804 3384/518/804 3426/100/804
f 3386/536/804 3385/578/804 3426/100/804
f 3387/519/804 3386/536/804 3426/100/804
f 3388/258/804 3387/519/804 3426/100/804
f 3389/469/804 3388/258/804 3426/100/804
f 3390/753/809 3389/469/804 3426/100/804
f 3652/104/824 3653/105/825 3654/106/820
f 3653/105/825 3655/107/826 3654/106/820
f 3655/107/826 3656/108/827 3654/106/820
f 3656/108/827 3657/109/828 3654/106/820
f 3657/109/828 3658/110/829 3654/106/820
f 3658/110/829 3659/111/830 3654/106/820
f 3659/111/830 3660/112/831 3654/106/820
f 3660/112/831 3661/113/832 3654/106/820
f 3661/113/832 3662/114/833 3654/106/820
f 3662/114/833 3663/115/834 3654/106/820
f 3663/115/834 3664/116/835 3654/106/820
f 3664/116/835 3665/117/836 3654/106/820
f 3665/117/836 3666/64/837 3654/106/820
f 3666/64/837 3667/118/838 3654/106/820
f 3667/118/838 3668/119/839 3654/106/820
f 3668/119/839 3669/120/840 3654/106/820
f 3669/120/840 3670/121/841 3654/106/820
f 3670/121/841 3671/122/842 3654/106/820
f 3671/122/842 3672/123/843 3654/106/820
f 3672/123/843 3652/104/824 3654/106/820
f 3427/132/844 3691/763/845 3893/132/846
f 3429/191/847 3895/188/848 3896/191/849
f 3878/189/850 3879/157/851 3430/764/852
f 3886/127/853 3887/151/854 3437/220/855
f 3439/156/817 3891/152/856 3892/765/857
f 3501/188/858 3500/192/859 3848/188/860
f 3855/159/861 3507/150/862 3854/150/863
f 3508/125/864 3855/159/861 3856/125/865
f 3516/131/866 3845/156/867 3846/131/868
f 3588/766/869 4070/767/870 4071/768/871
f 3829/173/872 3830/769/873 3641/140/874
f 3643/179/875 3832/770/876 3833/771/877
f 3838/540/878 3819/772/879 3648/164/880
f 3651/176/881 3822/773/882 3823/774/883
f 3637/168/884 3824/775/885 3825/776/886
f 3618/777/887 3619/778/888 3797/105/889
f 3623/779/890 3794/143/891 3622/110/892
f 3628/116/893 3790/115/894 3627/115/895
f 3631/118/896 3632/147/897 3787/118/898
f 3637/168/884 3638/169/899 3739/169/900
f 3640/780/901 3829/173/872 3741/138/902
f 4078/171/903 4079/562/904 3758/172/905
f 3767/540/906 4088/781/907 4089/782/908
f 3735/783/909 3736/234/910 3770/784/911
f 3815/785/912 3617/786/913 3636/123/914
f 3634/434/915 3633/120/916 3817/787/917
f 3691/763/845 3692/132/918 3893/132/846
f 3952/788/820 3982/553/919 3970/789/920
f 3432/149/921 3433/150/922 3972/790/923
f 3437/220/855 3438/217/811 3975/791/924
f 3981/792/925 3428/793/926 3895/188/848
f 3510/794/927 3511/151/928 3991/151/929
f 3995/156/930 4104/795/931 4105/156/930
f 3528/796/932 4042/157/933 3526/157/934
f 3452/797/935 3453/798/936 4062/799/937
f 4091/800/909 3769/165/938 3735/783/909
f 4101/217/939 3511/151/928 3512/217/940
f 3502/801/941 3503/189/942 4109/189/943
f 3411/45/819 3410/742/821 4143/802/944
f 4174/24/945 4175/803/946 4254/804/947
f 4176/261/948 4177/805/949 4253/260/950
f 4193/215/951 4194/806/952 4312/473/953
f 4210/807/954 4315/737/955 4209/417/956
f 4168/519/957 4167/808/958 4380/809/959
f 4165/518/960 4164/810/961 4378/811/962
f 4203/812/963 4202/337/964 4231/490/965
f 4199/813/966 4198/37/967 4233/35/968
f 4239/616/969 4192/814/970 4191/59/971
f 4199/813/966 4233/35/968 4289/815/972
f 4185/816/973 4184/87/974 4336/817/975
f 4349/818/976 4330/499/977 4331/819/978
f 4358/820/979 4220/821/980 4221/822/981
f 4216/823/982 4217/111/983 4372/636/984
f 4391/824/985 4228/121/986 4392/748/987
f 4221/822/981 4220/821/980 4399/825/987
f 4405/826/987 4214/827/988 4213/107/989
f 4211/828/990 4229/123/991 4407/829/987
f 4414/248/992 4415/830/993 4592/643/976
f 4427/754/994 4428/520/995 4516/831/996
f 4432/261/997 4433/832/998 4513/260/999
f 4449/215/1000 4450/833/1001 4563/473/1002
f 4451/412/1003 4452/834/1004 4562/835/1005
f 4459/836/1006 4556/837/1007 4458/838/964
f 4465/839/1008 4567/478/1009 4464/419/1010
f 4424/519/1011 4423/840/1012 4631/809/1013
f 4410/841/1014 4636/842/1015 4411/534/1015
f 4634/843/1016 4635/489/1017 4409/245/1018
f 4458/337/964 4457/844/1019 4491/845/1020
f 4501/846/1021 4447/847/1022 4466/657/1023
f 4488/848/1024 4489/849/1025 4542/850/1026
f 4491/845/1020 4492/612/1027 4545/328/1028
f 4503/851/1029 4504/373/1030 4555/598/1031
f 4432/852/997 4431/73/1032 4576/853/1033
f 4432/852/997 4576/853/1033 4594/854/976
f 4485/855/1034 4486/856/1035 4617/857/1036
f 4471/858/1037 4472/110/1038 4621/859/1039
f 4644/860/987 4481/861/1040 4480/64/987
f 4475/862/1041 4474/112/1042 4649/679/987
f 4651/732/987 4472/110/1038 4471/858/1037
f 4486/856/1035 4485/855/1034 4640/514/987
f 4680/863/1043 4758/804/1044 4679/24/1045
f 4682/864/1046 4757/260/1047 4681/261/1048
f 4687/42/1049 4688/865/1050 4752/866/1051
f 4700/412/1052 4701/867/1053 4807/835/1054
f 4707/868/1055 4802/476/1056 4706/474/1057
f 4714/869/1058 4812/478/1059 4713/419/1060
f 4657/247/1061 4656/870/1062 4879/609/1063
f 4665/871/1064 4870/717/1064 4666/251/1064
f 4662/654/1065 4661/872/1066 4883/653/1067
f 4699/873/1068 4698/244/1069 4745/874/1070
f 4715/657/1071 4714/38/1058 4747/875/1072
f 4783/876/1073 4712/877/1074 4711/591/1075
f 4780/878/1076 4781/879/1077 4763/646/1077
f 4749/880/1078 4782/881/1079 4764/882/1080
f 4794/275/1081 4745/874/1070 4776/883/1082
f 4784/280/1083 4783/876/1073 4735/884/1084
f 4786/885/1051 4737/886/1085 4738/490/1086
f 4746/887/1087 4696/888/1088 4795/56/1089
f 4748/889/1090 4712/877/1074 4798/598/1091
f 4714/869/1058 4884/890/1055 4812/478/1059
f 4829/891/1092 4693/892/1093 4692/395/1094
f 4854/893/1095 4724/114/1096 4855/74/1097
f 4726/894/1098 4727/117/1099 4856/895/1100
f 4728/896/1101 4729/861/1102 4857/676/1103
f 4867/859/1104 4720/897/1105 4721/898/1106
f 4887/396/1107 4728/896/1101 4727/117/1099
f 4894/732/1055 4721/898/1108 4720/897/1109
f 4896/899/1055 4718/900/1110 4717/105/1111
f 4734/901/1112 4733/122/1113 4884/890/1055
f 4909/485/804 4910/902/1114 4929/629/804
f 4913/536/804 4914/91/1115 4932/395/804
f 4917/754/809 4918/903/811 5045/904/1116
f 4923/905/1117 5041/406/1118 4922/261/1119
f 4914/409/1115 4933/906/1120 5030/907/930
f 4945/474/1121 4946/908/1122 5084/684/820
f 4898/247/804 4897/533/804 4975/100/804
f 4899/245/804 4898/247/804 4975/100/804
f 4900/464/804 4899/245/804 4975/100/804
f 4901/534/804 4900/464/804 4975/100/804
f 4902/515/804 4901/534/804 4975/100/804
f 4903/654/804 4902/515/804 4975/100/804
f 4904/248/804 4903/654/804 4975/100/804
f 4905/517/804 4904/248/804 4975/100/804
f 4906/253/804 4905/517/804 4975/100/804
f 4907/251/804 4906/253/804 4975/100/804
f 4908/535/804 4907/251/804 4975/100/804
f 4909/485/804 4908/535/804 4975/100/804
f 4910/902/1114 4909/485/804 4975/100/804
f 4911/518/804 4910/902/1114 4975/100/804
f 4912/578/804 4911/518/804 4975/100/804
f 4913/536/804 4912/578/804 4975/100/804
f 4914/91/1115 4913/536/804 4975/100/804
f 4915/258/804 4914/91/1115 4975/100/804
f 4916/469/804 4915/258/804 4975/100/804
f 4897/533/804 4916/469/804 4975/100/804
f 4955/104/1123 4956/424/1124 4976/106/1125
f 4956/424/1124 4957/107/1126 4976/106/1125
f 4957/107/1126 4958/108/1127 4976/106/1125
f 4958/108/1127 4959/109/1128 4976/106/1125
f 4959/109/1128 4960/110/1129 4976/106/1125
f 4960/110/1129 4961/111/1130 4976/106/1125
f 4961/111/1130 4962/112/1131 4976/106/1125
f 4962/112/1131 4963/113/1132 4976/106/1125
f 4963/113/1132 4964/114/1133 4976/106/1125
f 4964/114/1133 4965/115/1134 4976/106/1125
f 4965/115/1134 4966/116/1135 4976/106/1125
f 4966/116/1135 4967/117/1136 4976/106/1125
f 4967/117/1136 4968/909/1137 4976/106/1125
f 4968/909/1137 4969/118/1138 4976/106/1125
f 4969/118/1138 4970/119/1139 4976/106/1125
f 4970/119/1139 4971/120/1140 4976/106/1125
f 4971/120/1140 4972/910/1141 4976/106/1125
f 4972/910/1141 4973/122/1142 4976/106/1125
f 4973/122/1142 4974/123/1143 4976/106/1125
f 4974/123/1143 4955/104/1123 4976/106/1125
f 4980/689/1144 4950/591/1145 4949/688/1146
f 4943/911/1147 4942/37/1148 4986/912/1149
f 4941/913/1150 4940/914/1151 4987/915/1152
f 4996/916/1153 5015/917/818 5016/442/1153
f 5058/918/1154 5059/700/1155 5023/701/1156
f 5029/919/1157 5062/920/1116 5063/706/1158
f 4989/921/1159 4990/922/1160 5060/923/929
f 5067/924/1161 4968/909/1137 4967/117/1136
f 4956/424/1124 4955/104/1123 5078/925/1162
f 5064/926/1163 4972/910/1141 4971/120/1140
f 5104/534/1164 5288/927/1164 5103/464/1164
f 5108/517/1165 5109/928/1166 5285/359/1164
f 5115/578/1164 5295/929/1164 5114/518/1164
f 5116/519/1167 5292/930/1164 5293/931/1168
f 5126/932/1169 5202/584/1170 5125/585/1171
f 5129/933/1172 5200/660/1173 5128/523/1174
f 5130/934/1175 5199/866/1176 5269/42/1177
f 5133/935/1178 5197/936/1179 5132/92/1180
f 5139/366/1181 5140/937/1182 5262/938/1183
f 5146/939/1184 5257/940/1185 5145/213/1186
f 5150/96/1187 5151/941/1188 5253/370/1189
f 5100/942/1190 5327/609/1191 5101/247/1192
f 5251/598/1193 5195/943/1194 5196/373/1195
f 5269/944/1177 5129/103/1172 5270/495/1196
f 5271/496/1197 5128/945/1174 5127/83/1198
f 5124/946/1199 5123/73/1200 5274/853/1201
f 5121/947/1202 5120/948/1203 5275/949/1204
f 5279/891/1205 5135/950/1206 5134/395/1207
f 5287/951/1164 5273/952/1208 5124/946/1199
f 5291/953/1164 5276/499/1209 5277/819/1210
f 5294/394/1164 5135/950/1206 5279/891/1205
f 5299/74/1211 5298/954/1212 5166/114/1213
f 5302/676/1214 5170/64/1214 5171/118/1215
f 5335/955/1216 5172/956/1217 5171/118/1216
f 5298/954/1218 5165/112/1219 5341/679/1216
f 5370/754/1220 5371/957/1221 5460/831/1222
f 5431/849/1223 5404/958/1224 5403/959/1225
f 5402/241/1226 5401/337/1227 5432/490/1228
f 5396/960/1229 5395/914/1230 5437/961/1231
f 5442/962/1232 5390/656/1233 5409/657/1234
f 5485/963/1235 5445/964/1236 5430/589/1235
f 5570/654/1237 5571/965/1238 5589/516/1237
f 5577/254/1237 5578/966/1239 5595/87/1237
f 6342/967/1240 6151/968/1241 5586/23/1242
f 5571/969/1238 6148/970/1243 5589/585/1244
f 5593/971/1245 6145/972/1246 5592/711/1247
f 5578/92/1239 5596/973/1248 6158/94/1249
f 5565/247/1237 5564/533/1237 5620/100/1237
f 5566/245/1237 5565/247/1237 5620/100/1237
f 5567/464/1237 5566/245/1237 5620/100/1237
f 5568/534/1237 5567/464/1237 5620/100/1237
f 5569/515/1237 5568/534/1237 5620/100/1237
f 5570/654/1237 5569/515/1237 5620/100/1237
f 5571/965/1238 5570/654/1237 5620/100/1237
f 5572/517/1237 5571/965/1238 5620/100/1237
f 5573/253/1237 5572/517/1237 5620/100/1237
f 5574/251/1237 5573/253/1237 5620/100/1237
f 5575/535/1237 5574/251/1237 5620/100/1237
f 5576/485/1237 5575/535/1237 5620/100/1237
f 5577/254/1237 5576/485/1237 5620/100/1237
f 5578/966/1239 5577/254/1237 5620/100/1237
f 5579/578/1237 5578/966/1239 5620/100/1237
f 5580/536/1237 5579/578/1237 5620/100/1237
f 5581/519/1237 5580/536/1237 5620/100/1237
f 5582/258/1237 5581/519/1237 5620/100/1237
f 5583/469/1237 5582/258/1237 5620/100/1237
f 5564/533/1237 5583/469/1237 5620/100/1237
f 5857/104/1250 5858/105/1251 5859/106/1252
f 5858/105/1251 5860/107/1253 5859/106/1252
f 5860/107/1253 5861/108/1254 5859/106/1252
f 5861/108/1254 5862/109/1255 5859/106/1252
f 5862/109/1255 5863/110/1256 5859/106/1252
f 5863/110/1256 5864/111/1257 5859/106/1252
f 5864/111/1257 5865/112/1258 5859/106/1252
f 5865/112/1258 5866/113/1259 5859/106/1252
f 5866/113/1259 5867/114/1260 5859/106/1252
f 5867/114/1260 5868/115/1261 5859/106/1252
f 5868/115/1261 5869/116/1262 5859/106/1252
f 5869/116/1262 5870/117/1263 5859/106/1252
f 5870/117/1263 5871/64/1264 5859/106/1252
f 5871/64/1264 5872/118/1265 5859/106/1252
f 5872/118/1265 5873/119/1266 5859/106/1252
f 5873/119/1266 5874/120/1267 5859/106/1252
f 5874/120/1267 5875/121/1268 5859/106/1252
f 5875/121/1268 5876/122/1269 5859/106/1252
f 5876/122/1269 5877/123/1270 5859/106/1252
f 5877/123/1270 5857/104/1250 5859/106/1252
f 5623/188/1271 6102/974/1272 6103/188/1273
f 6085/189/1274 6086/157/1275 5624/975/1276
f 5699/188/1277 5698/187/1278 6055/188/1279
f 6050/153/1280 5712/129/1281 6049/129/1282
f 5824/976/1283 5996/977/1284 5823/111/1285
f 5830/64/1286 5831/118/1287 5990/184/1288
f 5931/129/1289 6067/217/1290 6068/129/1289
f 5855/176/1291 5856/166/1292 5941/166/1293
f 5949/231/1294 5845/978/1295 5846/231/1296
f 5937/164/1297 5850/979/1298 5851/164/1299
f 5964/980/1300 6295/139/1301 6296/980/1302
f 5965/981/1303 6297/982/1304 6298/983/1294
f 5947/984/1305 5948/139/1306 5981/139/1301
f 5833/985/1307 5832/119/1308 6025/986/1309
f 6342/967/1240 6343/987/1241 6151/968/1241
f 5624/975/1276 5625/158/1310 6181/988/1311
f 6183/989/1312 5627/990/1313 5628/159/1237
f 5633/217/1314 5634/129/1315 6188/991/1316
f 6194/792/1317 6102/974/1272 5623/188/1271
f 5702/992/1318 6325/158/1319 6198/158/1320
f 6255/191/1321 5718/993/1322 5721/191/1323
f 5648/560/1324 5649/994/1325 6275/995/1326
f 5652/996/1327 5653/997/1328 6278/998/1329
f 6279/999/1330 5654/1000/1331 5655/1001/1332
f 6300/1002/1333 5986/142/1334 5987/141/1335
f 6319/156/1336 5713/152/1337 5714/156/1338
f 6323/191/1339 5699/188/1277 5700/191/1340
f 5702/992/1318 5703/158/1341 6325/158/1319
f 6348/1003/1342 6347/281/1343 5615/688/1344
f 5613/376/1226 5612/337/1345 6350/1004/1346
f 5609/1005/1347 5608/37/1348 6353/574/1349
f 6385/520/1350 6386/1006/1351 6490/1007/1352
f 6387/24/1353 6388/1008/1354 6470/804/1355
f 6394/1009/1356 6466/660/1357 6393/523/1358
f 6396/1010/1359 6465/866/1360 6395/42/1361
f 6399/1011/1362 6463/936/1363 6398/92/1364
f 6403/32/1365 6471/1012/1366 6472/34/1367
f 6414/474/1368 6520/1013/1369 6413/368/1370
f 6418/415/1371 6419/1014/1372 6516/588/1373
f 6379/518/1374 6378/1015/1375 6588/811/1376
f 6372/248/1377 6371/1016/1378 6599/611/1379
f 6369/1017/1380 6598/739/1380 6370/515/1381
f 6420/1018/1382 6419/591/1372 6444/589/1383
f 6388/1008/1354 6486/1019/1384 6487/1020/1385
f 6471/1021/1366 6490/1007/1352 6491/55/1386
f 6535/496/1387 6393/71/1358 6392/83/1388
f 6388/73/1354 6387/5/1353 6537/624/1389
f 6396/1022/1359 6395/391/1361 6533/1023/1390
f 6389/400/1391 6388/73/1354 6554/854/1392
f 6441/1024/1393 6442/122/1394 6576/76/1395
f 6428/1025/1396 6429/110/1397 6582/859/1398
f 6441/1024/1393 6440/120/1399 6601/638/1400
f 6641/24/1401 6642/1026/1402 6726/804/1403
f 6653/1027/1362 6716/936/1404 6652/92/1405
f 6657/32/1406 6729/1028/1407 6730/34/1408
f 6633/518/1374 6632/1029/1409 6851/811/1376
f 6630/535/1410 6629/1030/1411 6849/651/1412
f 6624/1031/1413 6862/653/1413 6625/654/1414
f 6674/1032/1415 6673/591/1416 6697/589/1417
f 6699/1033/1418 6700/265/1419 6756/283/1420
f 6704/1034/1421 6705/35/1422 6760/815/1423
f 6767/1035/1424 6712/1036/1425 6713/962/1426
f 6769/598/1427 6715/1037/1428 6674/1032/1415
f 6800/499/1429 6639/1038/1392 6729/420/1407
f 6830/74/1430 6829/1039/1431 6686/114/1432
f 6835/1040/1433 6691/1041/1434 6692/119/1435
f 6679/1042/1436 6680/107/1437 6841/1043/1438
f 6829/1039/1439 6685/112/1440 6874/679/1369
f 6893/1044/1441 6912/71/1310 6892/253/1237
f 6898/578/1237 6899/1045/1442 6917/17/1237
f 6884/247/1237 6883/533/1237 6960/100/1237
f 6885/245/1237 6884/247/1237 6960/100/1237
f 6886/464/1237 6885/245/1237 6960/100/1237
f 6887/534/1237 6886/464/1237 6960/100/1237
f 6888/515/1237 6887/534/1237 6960/100/1237
f 6889/654/1237 6888/515/1237 6960/100/1237
f 6890/248/1237 6889/654/1237 6960/100/1237
f 6891/517/1237 6890/248/1237 6960/100/1237
f 6892/253/1237 6891/517/1237 6960/100/1237
f 6893/1044/1441 6892/253/1237 6960/100/1237
f 6894/535/1237 6893/1044/1441 6960/100/1237
f 6895/485/1237 6894/535/1237 6960/100/1237
f 6896/254/1237 6895/485/1237 6960/100/1237
f 6897/518/1237 6896/254/1237 6960/100/1237
f 6898/578/1237 6897/518/1237 6960/100/1237
f 6899/1045/1442 6898/578/1237 6960/100/1237
f 6900/1046/1443 6899/1045/1442 6960/100/1237
f 6901/258/1237 6900/1046/1443 6960/100/1237
f 6902/469/1237 6901/258/1237 6960/100/1237
f 6883/533/1237 6902/469/1237 6960/100/1237
f 6940/828/1444 6941/105/1445 6961/106/1446
f 6941/105/1445 6942/107/1447 6961/106/1446
f 6942/107/1447 6943/108/1448 6961/106/1446
f 6943/108/1448 6944/109/1449 6961/106/1446
f 6944/109/1449 6945/110/1450 6961/106/1446
f 6945/110/1450 6946/111/1451 6961/106/1446
f 6946/111/1451 6947/112/1452 6961/106/1446
f 6947/112/1452 6948/1047/1453 6961/106/1446
f 6948/1047/1453 6949/114/1454 6961/106/1446
f 6949/114/1454 6950/115/1455 6961/106/1446
f 6950/115/1455 6951/116/1456 6961/106/1446
f 6951/116/1456 6952/117/1457 6961/106/1446
f 6952/117/1457 6953/64/1458 6961/106/1446
f 6953/64/1458 6954/118/1459 6961/106/1446
f 6954/118/1459 6955/1048/1460 6961/106/1446
f 6955/1048/1460 6956/120/1461 6961/106/1446
f 6956/120/1461 6957/121/1462 6961/106/1446
f 6957/121/1462 6958/122/1463 6961/106/1446
f 6958/122/1463 6959/123/1464 6961/106/1446
f 6959/123/1464 6940/828/1444 6961/106/1446
f 6932/1049/1465 6931/337/1227 6968/1050/1228
f 7055/1051/1466 7056/923/1241 7016/1052/1241
f 7061/1053/1467 6955/1048/1460 6954/118/1459
f 6948/1047/1453 6947/112/1452 7067/1054/1468
f 6940/828/1444 6959/123/1464 7074/1055/1469
f 7104/248/1470 7105/1056/1470 7124/250/1470
f 7117/754/1471 7118/1057/1472 7690/756/1473
f 7129/1058/1474 7697/1059/1475 7128/31/1476
f 7098/247/1470 7097/533/1470 7156/100/1470
f 7099/245/1470 7098/247/1470 7156/100/1470
f 7100/464/1470 7099/245/1470 7156/100/1470
f 7101/534/1470 7100/464/1470 7156/100/1470
f 7102/515/1470 7101/534/1470 7156/100/1470
f 7103/654/1470 7102/515/1470 7156/100/1470
f 7104/248/1470 7103/654/1470 7156/100/1470
f 7105/1056/1470 7104/248/1470 7156/100/1470
f 7106/253/1470 7105/1056/1470 7156/100/1470
f 7107/251/1470 7106/253/1470 7156/100/1470
f 7108/535/1470 7107/251/1470 7156/100/1470
f 7109/485/1470 7108/535/1470 7156/100/1470
f 7110/254/1470 7109/485/1470 7156/100/1470
f 7111/518/1470 7110/254/1470 7156/100/1470
f 7112/578/1470 7111/518/1470 7156/100/1470
f 7113/536/1470 7112/578/1470 7156/100/1470
f 7114/519/1470 7113/536/1470 7156/100/1470
f 7115/258/1470 7114/519/1470 7156/100/1470
f 7116/469/1470 7115/258/1470 7156/100/1470
f 7097/533/1470 7116/469/1470 7156/100/1470
f 7390/104/1477 7391/105/1478 7392/106/1479
f 7391/105/1478 7393/107/1480 7392/106/1479
f 7393/107/1480 7394/108/1481 7392/106/1479
f 7394/108/1481 7395/109/1482 7392/106/1479
f 7395/109/1482 7396/110/1483 7392/106/1479
f 7396/110/1483 7397/111/1484 7392/106/1479
f 7397/111/1484 7398/112/1485 7392/106/1479
f 7398/112/1485 7399/113/1486 7392/106/1479
f 7399/113/1486 7400/114/1487 7392/106/1479
f 7400/114/1487 7401/115/1488 7392/106/1479
f 7401/115/1488 7402/116/1489 7392/106/1479
f 7402/116/1489 7403/117/1490 7392/106/1479
f 7403/117/1490 7404/64/1491 7392/106/1479
f 7404/64/1491 7405/118/1492 7392/106/1479
f 7405/118/1492 7406/119/1493 7392/106/1479
f 7406/119/1493 7407/120/1494 7392/106/1479
f 7407/120/1494 7408/121/1495 7392/106/1479
f 7408/121/1495 7409/122/1496 7392/106/1479
f 7409/122/1496 7410/123/1497 7392/106/1479
f 7410/123/1497 7390/104/1477 7392/106/1479
f 7159/188/1498 7637/192/1499 7638/188/1500
f 7621/189/1501 7622/157/1502 7161/764/1503
f 7624/149/1504 7625/150/1505 7163/150/1506
f 7168/217/1472 7423/151/1507 7630/217/1508
f 7169/153/1509 7631/129/1510 7632/153/1511
f 7245/129/1512 7584/217/1513 7585/129/1514
f 7579/1060/1515 7580/1061/1516 7382/141/1517
f 7359/1062/1518 7530/112/1519 7358/112/1520
f 7445/153/1521 7463/129/1522 7464/153/1521
f 7463/129/1522 7604/217/1523 7605/129/1522
f 7389/1063/1524 7371/168/1525 7474/168/1526
f 7482/231/1527 7379/1064/1528 7380/231/1529
f 7483/142/1530 7381/1065/1531 7579/1060/1532
f 7469/164/1533 7383/1066/1534 7384/164/1535
f 7845/1067/1536 7846/1068/1537 7489/166/1538
f 7740/1069/1539 7741/222/1540 7616/222/1541
f 7423/151/1507 7424/217/1542 7630/217/1508
f 7864/1070/1543 7865/158/1539 7740/1069/1539
f 7850/159/1544 7851/125/1545 7743/125/1546
f 7748/154/1547 7246/1071/1548 7857/154/1549
f 7751/192/1550 7860/132/1551 7861/192/1550
f 7233/188/1552 7862/191/1553 7738/191/1554
f 7271/1072/1555 7799/537/1556 7269/125/1557
f 7837/174/1558 7519/983/1527 7520/174/1559
f 7857/154/1549 7246/1071/1548 7247/152/1560
f 7233/188/1552 7234/191/1561 7862/191/1553
f 7867/1073/1562 7672/1074/1521 7673/544/1562
f 7147/1075/1563 7146/844/1564 7889/1076/1565
f 7144/1077/1566 7143/37/1567 7891/574/1568
f 7901/1078/1569 7153/1079/1570 7152/372/1571
f 7905/464/1572 7906/1080/1573 8099/1081/1470
f 7923/23/1574 7924/1082/1575 8009/582/1576
f 7939/1083/1577 7940/1084/1509 8011/1085/1549
f 7950/614/1578 7949/1086/1579 7986/1087/1541
f 7995/875/1562 7960/1088/1580 7959/38/1581
f 7996/1089/1582 7958/1090/1583 7957/372/1584
f 7940/1084/1509 8029/1091/1471 8030/664/1521
f 8034/963/1551 7996/1089/1582 7981/589/1551
f 7922/1092/1472 8029/420/1471 8083/499/1470
f 8116/1093/1164 8300/854/1164 8115/534/1164
f 8124/254/1164 8311/1094/1164 8123/485/1164
f 8132/23/1585 8133/24/1586 8218/582/1587
f 8141/1095/1588 8211/617/1589 8140/711/1590
f 8143/1096/1591 8210/714/1592 8142/31/1593
f 8148/1083/1594 8149/1097/1595 8221/1085/1596
f 8150/216/1597 8151/1098/1598 8274/367/1599
f 8160/474/1600 8161/1099/1601 8265/476/1602
f 8163/97/1603 8164/1100/1604 8264/1101/1605
f 8119/517/1606 8118/1102/1607 8331/719/1608
f 8159/1103/1609 8158/1086/1610 8195/1087/1611
f 8134/1104/1612 8133/5/1586 8286/624/1613
f 8287/819/1614 8220/1105/1615 8149/89/1595
f 8143/1106/1591 8142/629/1593 8293/630/1616
f 8170/1107/1617 8171/105/1618 8324/724/1619
f 8186/1108/1620 8185/119/1621 8351/1109/1216
f 8351/1109/1216 8185/119/1621 8184/118/1622
f 8354/1110/1216 8181/1111/1623 8180/115/1216
f 8359/732/1216 8175/144/1216 8174/109/1216
f 8361/899/1622 8172/1112/1624 8171/105/1618
f 8383/1113/1625 8402/90/1577 8382/258/1470
f 8399/1114/1626 8400/1115/1627 8501/1116/1551
f 8421/481/1580 8567/216/1628 8568/1117/1479
f 8365/247/1470 8364/533/1470 8442/100/1470
f 8366/245/1470 8365/247/1470 8442/100/1470
f 8367/464/1470 8366/245/1470 8442/100/1470
f 8368/534/1470 8367/464/1470 8442/100/1470
f 8369/515/1470 8368/534/1470 8442/100/1470
f 8370/654/1470 8369/515/1470 8442/100/1470
f 8371/248/1470 8370/654/1470 8442/100/1470
f 8372/517/1470 8371/248/1470 8442/100/1470
f 8373/253/1470 8372/517/1470 8442/100/1470
f 8374/251/1470 8373/253/1470 8442/100/1470
f 8375/535/1470 8374/251/1470 8442/100/1470
f 8376/485/1470 8375/535/1470 8442/100/1470
f 8377/254/1470 8376/485/1470 8442/100/1470
f 8378/518/1470 8377/254/1470 8442/100/1470
f 8379/578/1470 8378/518/1470 8442/100/1470
f 8380/536/1470 8379/578/1470 8442/100/1470
f 8381/519/1629 8380/536/1470 8442/100/1470
f 8382/258/1470 8381/519/1629 8442/100/1470
f 8383/1113/1625 8382/258/1470 8442/100/1470
f 8364/533/1470 8383/1113/1625 8442/100/1470
f 8422/104/1630 8423/105/1631 8443/106/1632
f 8423/105/1631 8424/107/1633 8443/106/1632
f 8424/107/1633 8425/108/1634 8443/106/1632
f 8425/108/1634 8426/109/1635 8443/106/1632
f 8426/109/1635 8427/110/1636 8443/106/1632
f 8427/110/1636 8428/111/1637 8443/106/1632
f 8428/111/1637 8429/112/1638 8443/106/1632
f 8429/112/1638 8430/113/1639 8443/106/1632
f 8430/113/1639 8431/114/1640 8443/106/1632
f 8431/114/1640 8432/115/1641 8443/106/1632
f 8432/115/1641 8433/116/1642 8443/106/1632
f 8433/116/1642 8434/117/1643 8443/106/1632
f 8434/117/1643 8435/64/1644 8443/106/1632
f 8435/64/1644 8436/118/1645 8443/106/1632
f 8436/118/1645 8437/119/1646 8443/106/1632
f 8437/119/1646 8438/120/1647 8443/106/1632
f 8438/120/1647 8439/121/1648 8443/106/1632
f 8439/121/1648 8440/122/1649 8443/106/1632
f 8440/122/1649 8441/123/1650 8443/106/1632
f 8441/123/1650 8422/104/1630 8443/106/1632
f 8462/708/1651 8567/1118/1628 8421/657/1580
f 8489/1119/1652 8490/1120/1653 8470/1121/1654
f 8480/1122/1655 8479/1123/1562 8445/1124/1656
f 8489/1119/1652 8470/1121/1654 8508/1125/1654
f 8517/696/1657 8445/1124/1656 8446/687/1658
f 8453/1126/1659 8454/704/1660 8524/1127/1540
f 8530/1128/1523 8460/1129/1576 8461/1130/1661
f 8598/1131/1662 8678/1132/1663 8597/1133/1664
f 8601/1134/1665 8676/28/1149 8600/26/1666
f 8605/31/1667 8606/1135/1114 8673/714/1668
f 8610/409/1669 8611/1136/1120 8684/646/930
f 8616/1137/821 8615/244/1670 8664/1138/929
f 8603/1139/807 8602/71/1671 8747/388/804
f 8762/630/1672 8606/1140/1114 8605/629/1667
f 100/22/22 106/1/1 18/3/3
f 1/2/2 2/6/6 19/5/5
f 4/9/9 81/8/8 3/4/4
f 5/7/7 99/1141/288 81/8/8
f 6/10/10 7/555/543 25/11/11
f 27/1142/27 26/554/29 9/1143/291 10/1144/1673
f 8/556/290 9/1143/291 26/554/29
f 27/1142/27 10/1144/1673 11/15/15 28/14/14
f 86/1145/1674 28/1146/14 29/1147/17 75/1148/1675
f 13/18/18 29/17/17 12/13/13
f 14/16/16 33/20/20 29/17/17
f 15/19/19 16/21/21 33/20/20
f 17/46/42 18/23/3 82/25/23
f 21/1149/287 22/26/24 72/28/26
f 26/31/29 76/30/28 97/42/39
f 32/1150/1676 33/32/20 74/34/31
f 45/97/44 46/62/57 44/96/45
f 108/1151/62 70/35/32 39/37/34
f 71/40/37 48/39/36 47/1152/1677
f 45/48/44 27/29/27 28/1146/14 86/1145/1674
f 88/50/46 25/711/11 97/42/39 87/41/38
f 27/29/27 45/48/44 76/30/28
f 77/52/48 24/1153/64 25/711/11 88/50/46
f 78/324/298 23/27/25 24/1153/64 77/52/48
f 78/324/298 79/1154/1678 72/28/26 23/27/25
f 79/1154/1678 80/597/1679 21/1149/287 72/28/26
f 37/45/41 36/53/49 19/24/5 20/43/40
f 81/44/8 21/1149/287 80/597/1679
f 34/47/43 83/55/51 73/1155/30 17/46/42
f 82/25/23 19/24/5 36/53/49
f 83/1156/51 84/664/300 74/34/31 73/33/30
f 84/664/300 85/331/299 32/1150/1676 74/34/31
f 94/1157/1680 31/1158/292 32/1150/1676 85/331/299
f 95/1159/301 30/206/1681 31/1158/292 94/1157/1680
f 75/1148/1675 29/1147/17 30/206/1681 95/1159/301
f 89/58/53 78/324/298 77/52/48 41/51/47
f 76/30/28 44/49/45 87/41/38
f 89/58/53 90/815/1678 79/1154/1678 78/324/298
f 90/815/1678 91/596/1679 80/597/1679 79/1154/1678
f 91/596/1679 38/1160/61 81/44/8 80/597/1679
f 92/1161/51 50/61/56 84/664/300 83/1156/51
f 37/45/41 81/44/8 38/1160/61
f 34/47/43 82/25/23 35/54/50
f 50/61/56 93/60/55 85/331/299 84/664/300
f 46/688/57 86/1145/1674 75/1148/1675 69/591/302
f 85/331/299 93/60/55 94/1157/1680
f 42/844/305 88/50/46 87/41/38 43/57/52
f 86/1145/1674 46/688/57 45/48/44
f 40/36/33 70/35/32 90/815/1678 89/58/53
f 88/50/46 42/844/305 41/51/47
f 70/35/32 108/1151/62 91/596/1679 90/815/1678
f 71/40/37 94/1157/1680 93/60/55 49/38/35
f 38/1160/61 91/596/1679 108/1151/62
f 50/61/56 92/1161/51 96/1162/54
f 47/1152/1677 95/1159/301 94/1157/1680 71/40/37
f 69/591/302 75/1148/1675 95/1159/301 47/1152/1677
f 62/1163/1682 44/96/45 46/62/57 63/64/59
f 61/116/1683 43/838/52 44/96/45 62/1163/1682
f 60/1164/1684 42/474/305 43/838/52 61/116/1683
f 59/66/60 41/65/47 42/474/305 60/1164/1684
f 59/66/60 101/75/66 39/1165/34 40/67/33
f 56/70/63 55/1166/1685 37/1167/41 38/68/61
f 108/69/62 39/1165/34 101/75/66
f 55/1166/1685 54/1168/1686 36/1169/49 37/1167/41
f 53/1170/1687 35/1171/50 36/1169/49 54/1168/1686
f 52/1172/1688 34/1173/43 35/1171/50 53/1170/1687
f 51/1174/1689 96/1175/54 34/1173/43 52/1172/1688
f 68/1176/1690 50/807/56 96/1175/54 51/1174/1689
f 107/78/69 49/1177/35 50/807/56 68/1176/1690
f 107/78/69 67/77/68 48/1178/36 49/1177/35
f 67/77/68 66/1179/311 47/463/1677 48/1178/36
f 66/1179/311 65/1180/1691 69/1181/302 47/463/1677
f 65/1180/1691 64/63/58 46/62/57 69/1181/302
f 22/1182/24 99/1141/288 98/12/12 23/72/25
f 25/11/11 26/554/29 97/1183/39
f 17/1184/42 73/420/30 100/22/22 18/3/3
f 99/1141/288 22/1182/24 21/1185/287
f 99/1141/288 21/1185/287 81/8/8
f 3/4/4 20/73/40 19/5/5
f 30/1186/1681 29/17/17 33/20/20 31/91/292
f 33/20/20 100/22/22 73/420/30
f 33/20/20 32/1187/1676 31/91/292
f 59/66/60 60/1164/1684 103/820/1692 102/74/1693
f 12/13/13 29/17/17 28/14/14
f 68/1176/1690 105/857/1694 104/76/1694 107/78/69
f 61/116/1683 103/820/1695 60/1164/1684
f 101/75/66 102/74/65 6/10/10 98/12/12
f 105/857/1696 68/1176/1690 51/1174/1689
f 102/74/1693 103/820/1692 7/555/543 6/10/10
f 103/820/1695 61/116/1683 8/556/290 7/555/543
f 61/116/1683 62/1163/1682 9/1143/291 8/556/290
f 62/1163/1682 63/64/59 10/1144/1673 9/1143/291
f 63/64/59 64/63/58 11/15/15 10/1144/1673
f 64/63/58 65/1180/1691 12/13/13 11/15/15
f 65/1180/1691 66/1179/311 13/18/18 12/13/13
f 66/1179/311 67/77/68 14/16/16 13/18/18
f 67/77/68 104/76/67 15/19/19 14/16/16
f 105/857/1694 16/21/21 15/19/19 104/76/1694
f 51/1174/1689 100/22/22 16/21/21 105/857/1696
f 52/1172/1688 106/1/1 100/22/22 51/1174/1689
f 53/1170/1687 1/2/2 106/1/1 52/1172/1688
f 54/1168/1686 2/6/6 1/2/2 53/1170/1687
f 55/1166/1685 3/4/4 2/6/6 54/1168/1686
f 56/70/63 4/9/9 3/4/4 55/1166/1685
f 57/80/71 5/7/7 4/9/9 56/70/63
f 58/79/70 99/1141/288 5/7/7 57/80/71
f 101/75/66 98/12/12 99/1141/288 58/79/70
f 120/391/360 546/103/94 115/85/78 121/629/217
f 108/69/62 101/75/66 58/79/70
f 56/70/63 108/69/62 57/80/71
f 477/215/222 125/414/262 126/412/281 476/214/220
f 115/85/78 543/87/80 121/629/217
f 116/88/82 117/89/83 468/91/85
f 543/209/80 122/92/79 474/94/86
f 124/366/213 477/215/222 478/216/223
f 286/141/135 179/134/365 178/1188/365 375/142/136
f 287/540/1697 180/1189/1697 179/134/365 286/141/135
f 369/164/169 181/1190/365 180/1189/1697 287/540/1697
f 370/163/168 182/229/97 181/1190/365 369/164/169
f 370/163/168 371/175/1698 183/230/97 182/229/97
f 371/175/1698 378/234/256 184/1191/365 183/230/97
f 378/234/256 536/176/257 185/1192/97 184/1191/365
f 536/176/257 379/166/171 186/1193/97 185/1192/97
f 379/166/171 283/168/173 187/559/97 186/1193/97
f 537/169/174 188/560/1699 187/559/97 283/168/173
f 372/171/176 189/994/1697 188/560/1699 537/169/174
f 527/172/177 190/1194/365 189/994/1697 372/171/176
f 373/138/179 191/798/1697 190/1194/365 527/172/177
f 374/140/133 192/996/365 191/798/1697 373/138/179
f 374/140/133 284/139/132 193/997/365 192/996/365
f 284/139/132 285/980/365 194/1195/365 193/997/365
f 285/980/365 385/179/188 195/1001/365 194/1195/365
f 385/179/188 386/231/253 196/1196/97 195/1001/365
f 386/231/253 532/174/180 197/227/365 196/1196/97
f 375/142/136 178/1188/365 197/227/365 532/174/180
f 274/766/1700 159/132/1701 158/131/1702 273/135/128
f 275/1197/1703 160/192/1704 159/132/1701 274/766/1700
f 276/1198/1705 161/188/1706 160/192/1704 275/1197/1703
f 276/1198/1705 277/1199/1707 162/191/1708 161/188/1706
f 277/1199/1707 278/1200/1709 163/189/1710 162/191/1708
f 278/1200/1709 279/1201/1711 164/764/1712 163/189/1710
f 279/1201/1711 280/1202/1713 165/158/1714 164/764/1712
f 281/1203/1715 166/149/1716 165/158/1714 280/1202/1713
f 282/1204/1717 167/150/1718 166/149/1716 281/1203/1715
f 265/1205/1719 168/159/1720 167/150/1718 282/1204/1717
f 266/1206/1721 169/125/1722 168/159/1720 265/1205/1719
f 267/1207/1723 170/126/1724 169/125/1722 266/1206/1721
f 268/1208/1725 171/127/1726 170/126/1724 267/1207/1723
f 268/1208/1725 269/1209/1727 172/151/1728 171/127/1726
f 269/1209/1727 270/1210/1729 173/217/1730 172/151/1728
f 270/1210/1729 271/1211/1731 174/129/1732 173/217/1730
f 271/1211/1731 272/1212/1733 175/153/1734 174/129/1732
f 272/1212/1733 523/225/246 176/152/1735 175/153/1734
f 523/225/246 524/133/126 177/156/1736 176/152/1735
f 273/135/128 158/131/1702 177/156/1736 524/133/126
f 179/134/1737 140/134/1737 139/1188/1737 178/1188/1737
f 180/1189/1738 141/1189/1739 140/134/127 179/134/1738
f 181/1190/1740 142/1213/1741 141/1189/1739 180/1189/1740
f 182/229/1742 143/229/250 142/1213/1741 181/1190/1742
f 182/229/1743 183/230/1743 144/230/1743 143/229/1743
f 183/230/1744 184/1191/1744 145/1191/1745 144/230/251
f 184/1191/1746 185/1192/1746 146/1192/1747 145/1191/1745
f 185/1192/1748 186/1193/1748 147/1193/1749 146/1192/1747
f 186/1193/1750 187/559/1750 522/559/1751 147/1193/1749
f 187/559/1752 188/560/1752 148/1214/1753 522/559/1751
f 188/560/1754 189/994/1754 149/994/1755 148/1214/1753
f 189/994/1756 190/1194/1756 150/1194/1757 149/994/1755
f 190/1194/1758 191/798/1758 151/1215/1759 150/1194/1757
f 191/798/1760 192/996/1760 152/1216/1761 151/1215/1759
f 193/997/1762 153/997/1763 152/1216/1761 192/996/1762
f 194/1195/1764 154/1195/1765 153/997/1763 193/997/1764
f 195/1001/1766 155/1001/1767 154/1195/1765 194/1195/1766
f 196/1196/1768 156/226/247 155/1001/1767 195/1001/1768
f 197/227/1769 157/227/1769 156/226/1769 196/1196/1769
f 178/1188/1770 139/1188/1770 157/227/1770 197/227/1770
f 207/192/1771 208/188/1772 206/188/1773 205/187/238
f 210/191/1774 209/191/1775 206/188/1773 208/188/1772
f 212/189/1776 211/189/240 209/191/1775 210/191/1774
f 214/764/1777 213/221/233 211/189/240 212/189/1776
f 216/158/1778 215/1217/1779 213/221/233 214/764/1777
f 218/149/1780 217/160/1781 215/1217/1779 216/158/1778
f 220/150/1782 219/1218/1783 217/160/1781 218/149/1780
f 222/159/1784 221/159/1785 219/1218/1783 220/150/1782
f 224/125/1786 223/125/243 221/159/1785 222/159/1784
f 226/126/1787 225/126/244 223/125/243 224/125/1786
f 228/127/1788 227/127/1789 225/126/244 226/126/1787
f 228/127/1788 230/151/1790 229/151/1791 227/127/1789
f 230/151/1790 232/217/1792 231/1219/1793 229/151/1791
f 232/217/1792 234/129/1794 233/129/1795 231/1219/1793
f 234/129/1794 236/153/1796 235/153/1797 233/129/1795
f 236/153/1796 238/152/1798 237/152/1799 235/153/1797
f 238/152/1798 240/156/1800 239/156/1801 237/152/1799
f 240/156/1800 242/131/1802 241/223/237 239/156/1801
f 242/131/1802 244/132/1803 243/224/241 241/223/237
f 244/132/1803 207/192/1771 205/187/238 243/224/241
f 253/192/1804 160/192/1704 161/188/1706 252/188/1805
f 251/191/1806 252/188/1805 161/188/1706 162/191/1708
f 250/189/1807 251/191/1806 162/191/1708 163/189/1710
f 249/764/1808 250/189/1807 163/189/1710 164/764/1712
f 248/158/1809 249/764/1808 164/764/1712 165/158/1714
f 504/158/231 199/1220/1810 492/221/232
f 199/1220/1810 504/158/231 505/222/235 200/160/164
f 248/158/1809 165/158/1714 166/149/1716 247/149/1811
f 505/222/235 493/150/234 538/150/229 200/160/164
f 247/149/1811 166/149/1716 167/150/1718 246/150/1812
f 246/150/1812 167/150/1718 168/159/1720 245/1221/1813
f 494/193/204 538/150/229 493/150/234
f 245/1221/1813 168/159/1720 169/125/1722 264/537/1814
f 264/537/1814 169/125/1722 170/126/1724 263/126/1815
f 263/126/1815 170/126/1724 171/127/1726 262/127/1816
f 261/151/1817 262/127/1816 171/127/1726 172/151/1728
f 260/217/1818 261/151/1817 172/151/1728 173/217/1730
f 498/217/1819 202/217/1820 497/220/230
f 202/217/1820 498/217/1819 418/129/122 203/129/121
f 259/129/1821 260/217/1818 173/217/1730 174/129/1732
f 258/153/1822 259/129/1821 174/129/1732 175/153/1734
f 257/152/1823 258/153/1822 175/153/1734 176/152/1735
f 256/1222/1824 257/152/1823 176/152/1735 177/156/1736
f 256/1222/1824 177/156/1736 158/131/1702 255/131/1825
f 255/131/1825 158/131/1702 159/132/1701 254/132/1826
f 254/132/1826 159/132/1701 160/192/1704 253/192/1804
f 198/187/199 204/130/123 517/132/125
f 220/150/1827 246/150/1812 245/1221/1813 222/159/1828
f 218/149/1829 247/149/1811 246/150/1812 220/150/1827
f 216/158/1830 248/158/1809 247/149/1811 218/149/1829
f 214/764/1831 249/764/1808 248/158/1809 216/158/1830
f 214/764/1831 212/189/1832 250/189/1807 249/764/1808
f 212/189/1832 210/191/1833 251/191/1806 250/189/1807
f 210/191/1833 208/188/1834 252/188/1805 251/191/1806
f 207/192/1835 253/192/1804 252/188/1805 208/188/1834
f 244/132/1836 254/132/1826 253/192/1804 207/192/1835
f 242/131/1837 255/131/1825 254/132/1826 244/132/1836
f 242/131/1837 240/156/1838 256/1222/1824 255/131/1825
f 240/156/1838 238/152/1839 257/152/1823 256/1222/1824
f 238/152/1839 236/153/1840 258/153/1822 257/152/1823
f 236/153/1840 234/129/1841 259/129/1821 258/153/1822
f 234/129/1841 232/217/1842 260/217/1818 259/129/1821
f 232/217/1842 230/151/1843 261/151/1817 260/217/1818
f 230/151/1843 228/127/1844 262/127/1816 261/151/1817
f 226/126/1845 263/126/1815 262/127/1816 228/127/1844
f 224/125/1846 264/537/1814 263/126/1815 226/126/1845
f 222/159/1828 245/1221/1813 264/537/1814 224/125/1846
f 150/1194/1757 266/1206/1721 265/1205/1719 149/994/1755
f 151/1215/1759 267/1207/1723 266/1206/1721 150/1194/1757
f 152/1216/1761 268/1208/1725 267/1207/1723 151/1215/1759
f 152/1216/1761 153/997/1763 269/1209/1727 268/1208/1725
f 153/997/1763 154/1195/1765 270/1210/1729 269/1209/1727
f 154/1195/1765 155/1001/1767 271/1211/1731 270/1210/1729
f 155/1001/1767 156/226/247 272/1212/1733 271/1211/1731
f 141/1189/1739 274/766/1700 273/135/128 140/134/127
f 523/225/246 272/1212/1733 156/226/247
f 142/1213/1741 275/1197/1703 274/766/1700 141/1189/1739
f 143/229/250 276/1198/1705 275/1197/1703 142/1213/1741
f 143/229/250 525/228/249 277/1199/1707 276/1198/1705
f 525/228/249 145/1191/1745 278/1200/1709 277/1199/1707
f 145/1191/1745 146/1192/1747 279/1201/1711 278/1200/1709
f 146/1192/1747 147/1193/1749 280/1202/1713 279/1201/1711
f 522/559/1751 281/1203/1715 280/1202/1713 147/1193/1749
f 148/1214/1753 282/1204/1717 281/1203/1715 522/559/1751
f 149/994/1755 265/1205/1719 282/1204/1717 148/1214/1753
f 530/139/134 531/180/1847 285/980/1848 284/139/132
f 307/138/131 407/137/130 408/1223/1849
f 388/141/137 533/232/254 287/540/1850 286/141/135
f 385/179/188 285/980/1848 531/180/1847
f 392/184/1851 300/184/195 396/118/1852 391/118/193
f 369/164/169 287/540/1850 533/232/254
f 292/144/140 394/143/139 291/109/1853
f 298/145/141 393/116/143 297/115/197
f 299/146/142 300/184/195 392/184/1851
f 391/118/193 396/118/1852 301/147/144 390/119/111
f 454/192/86 455/188/260 329/188/1854 328/192/1855
f 456/191/216 330/191/1856 329/188/1854 455/188/260
f 441/189/228 435/189/1857 330/191/1856 456/191/216
f 442/157/158 331/764/1858 435/189/1857 441/189/228
f 345/158/159 332/158/1859 331/764/1858 442/157/158
f 445/159/160 334/194/206 333/150/148 444/150/147
f 332/158/1859 345/158/159 443/149/146
f 446/125/165 335/125/207 334/194/206 445/159/160
f 348/126/209 336/126/221 335/125/207 446/125/165
f 352/155/157 453/132/210 340/132/1860 339/155/155
f 336/126/221 348/126/209 447/127/150
f 449/217/224 337/151/149 448/151/151
f 452/156/156 338/152/152 351/154/154
f 453/132/210 454/192/86 328/192/1855 340/132/1860
f 354/192/86 355/188/260 342/188/260 341/192/86
f 428/191/216 343/191/216 342/188/260 355/188/260
f 429/189/228 344/189/228 343/191/216 428/191/216
f 357/125/165 347/125/165 346/159/160 432/159/160
f 344/189/228 429/189/228 430/157/158
f 345/158/159 431/158/159 200/160/164
f 358/126/209 348/126/209 347/125/165 357/125/165
f 360/151/151 361/217/211 350/217/211 349/151/151
f 348/126/209 358/126/209 359/127/161
f 365/131/157 366/132/1861 353/132/210 352/155/157
f 362/129/1862 350/217/211 361/217/211
f 364/156/163 351/154/154 425/154/154
f 366/132/1861 354/192/86 341/192/86 353/132/210
f 426/192/86 427/188/260 355/188/260 354/192/86
f 434/126/209 358/126/209 357/125/165 433/125/165
f 355/188/260 427/188/260 428/191/216
f 356/150/147 485/150/147 432/159/160
f 420/127/161 359/127/161 358/126/209 434/126/209
f 420/127/161 421/151/151 360/151/151 359/127/161
f 421/151/151 422/217/211 361/217/211 360/151/151
f 422/217/211 423/129/389 362/129/1862 361/217/211
f 423/129/389 424/153/162 363/153/162 362/129/1862
f 540/156/163 541/131/1863 365/131/157 364/156/163
f 425/154/154 363/153/162 424/153/162
f 541/131/1863 204/130/123 366/132/1861 365/131/157
f 204/130/123 426/192/86 354/192/86 366/132/1861
f 535/800/184 371/175/1698 370/163/168 534/165/170
f 368/162/167 406/136/129 307/138/131
f 529/564/1864 374/140/133 373/138/179 528/173/178
f 371/175/1698 535/800/184 378/234/256
f 283/168/173 380/167/172 537/169/174
f 372/171/176 526/170/175 527/172/177
f 401/234/1865 378/234/256 377/175/184 400/175/183
f 530/139/134 374/140/133 529/564/1864
f 388/141/137 375/142/136 387/142/181
f 399/163/182 376/164/1866 367/1224/1867
f 306/1225/1868 380/167/172 379/166/171 403/177/186
f 378/234/256 401/234/1865 402/176/185
f 368/162/167 381/162/252 526/170/175 405/161/166
f 380/167/172 306/1225/1868 404/178/187
f 307/138/131 382/138/178 381/162/252 368/162/167
f 408/1223/1849 383/984/1869 382/138/178 307/138/131
f 408/1223/1849 409/1226/1870 384/139/1871 383/984/1869
f 411/179/190 412/1227/1872 386/231/253 385/179/188
f 410/180/189 384/139/1871 409/1226/1870
f 414/182/192 415/141/1873 388/141/137 387/142/181
f 413/181/191 386/231/253 412/1227/1872
f 415/141/1873 416/782/1874 389/233/255 388/141/137
f 416/782/1874 367/1224/1867 376/164/1866 389/233/255
f 322/64/1875 392/184/1851 391/118/193 323/118/110
f 322/64/1875 321/117/1876 299/146/142 392/184/1851
f 321/117/1876 320/116/143 393/116/143 299/146/142
f 319/115/1877 297/115/197 393/116/143 320/116/143
f 318/114/1878 296/1228/1879 297/115/197 319/115/1877
f 317/113/1880 295/1229/1881 296/1228/1879 318/114/1878
f 316/112/1882 294/1230/1883 295/1229/1881 317/113/1880
f 315/111/1884 293/111/138 294/1230/1883 316/112/1882
f 314/110/1885 394/143/139 293/111/138 315/111/1884
f 313/109/1886 291/109/1853 394/143/139 314/110/1885
f 312/108/1887 290/108/1888 291/109/1853 313/109/1886
f 312/108/1887 311/107/1889 289/107/1890 290/108/1888
f 311/107/1889 309/105/1891 288/777/1892 289/107/1890
f 309/105/1891 308/104/1893 395/1231/1894 288/777/1892
f 308/104/1893 327/123/1895 305/1232/1896 395/1231/1894
f 327/123/1895 326/122/1897 304/686/1898 305/1232/1896
f 326/122/1897 325/121/1899 303/121/1900 304/686/1898
f 325/121/1899 324/120/112 302/148/145 303/121/1900
f 300/184/195 399/163/182 367/1224/1867 396/118/1852
f 390/119/111 302/148/145 324/120/112
f 298/145/141 397/183/194 299/146/142
f 296/1228/1879 398/185/196 297/115/197
f 300/184/195 397/183/194 400/175/183 399/163/182
f 397/183/194 298/145/141 401/234/1865 400/175/183
f 298/145/141 398/185/196 402/176/185 401/234/1865
f 398/185/196 296/1228/1879 403/177/186 402/176/185
f 296/1228/1879 295/1229/1881 306/1225/1868 403/177/186
f 294/1230/1883 404/178/187 306/1225/1868 295/1229/1881
f 293/111/138 405/161/166 404/178/187 294/1230/1883
f 292/144/140 406/136/129 405/161/166 293/111/138
f 291/109/1853 407/137/130 406/136/129 292/144/140
f 290/108/1888 408/1223/1849 407/137/130 291/109/1853
f 290/108/1888 289/107/1890 409/1226/1870 408/1223/1849
f 289/107/1890 288/777/1892 410/180/189 409/1226/1870
f 288/777/1892 395/1231/1894 411/179/190 410/180/189
f 395/1231/1894 305/1232/1896 412/1227/1872 411/179/190
f 305/1232/1896 304/686/1898 413/181/191 412/1227/1872
f 303/121/1900 414/182/192 413/181/191 304/686/1898
f 302/148/145 415/141/1873 414/182/192 303/121/1900
f 301/147/144 416/782/1874 415/141/1873 302/148/145
f 396/118/1852 367/1224/1867 416/782/1874 301/147/144
f 419/186/198 518/188/200 490/191/203 482/190/202
f 499/129/122 418/129/122 498/217/1819
f 417/127/119 487/151/151 421/151/151 420/127/161
f 487/151/151 202/217/1820 422/217/211 421/151/151
f 202/217/1820 203/129/121 423/129/389 422/217/211
f 203/129/121 500/128/120 424/153/162 423/129/389
f 500/128/120 539/154/258 425/154/154 424/153/162
f 488/192/86 489/188/260 427/188/260 426/192/86
f 540/156/163 425/154/154 539/154/258
f 482/190/202 428/191/216 427/188/260 489/188/260
f 483/189/228 429/189/228 428/191/216 482/190/202
f 484/157/158 430/157/158 429/189/228 483/189/228
f 199/1220/1810 431/158/159 430/157/158 484/157/158
f 495/125/117 433/125/165 432/159/160 494/193/204
f 431/158/159 199/1220/1810 200/160/164
f 486/126/209 434/126/209 433/125/165 495/125/117
f 417/127/119 420/127/161 434/126/209 486/126/209
f 340/132/1860 437/1233/1901 138/195/208 339/155/155
f 336/126/221 436/125/205 335/125/207
f 328/192/1855 438/218/226 437/1233/1901 340/132/1860
f 329/188/1854 439/188/1902 438/218/226 328/192/1855
f 329/188/1854 330/191/1856 440/219/227 439/188/1902
f 430/157/158 442/157/158 441/189/228 344/189/228
f 435/189/1857 440/219/227 330/191/1856
f 356/150/147 444/150/147 443/149/146 200/160/164
f 442/157/158 430/157/158 345/158/159
f 346/159/160 445/159/160 444/150/147 356/150/147
f 347/125/165 446/125/165 445/159/160 346/159/160
f 359/127/161 349/151/151 448/151/151 447/127/150
f 446/125/165 347/125/165 348/126/209
f 349/151/151 350/217/211 449/217/224 448/151/151
f 350/217/211 362/129/1862 450/129/225 449/217/224
f 362/129/1862 363/153/162 451/153/153 450/129/225
f 353/132/210 341/192/86 454/192/86 453/132/210
f 351/154/154 451/153/153 363/153/162
f 352/155/157 452/156/156 364/156/163
f 341/192/86 342/188/260 455/188/260 454/192/86
f 343/191/216 456/191/216 455/188/260 342/188/260
f 344/189/228 441/189/228 456/191/216 343/191/216
f 130/1234/1903 458/1235/1904 457/1236/228 131/1237/388
f 129/267/274 459/202/159 458/1235/1904 130/1234/1903
f 128/1005/218 460/1238/280 459/202/159 129/267/274
f 127/1239/219 461/1240/147 460/1238/280 128/1005/218
f 475/1241/276 462/1242/1905 461/1240/147 127/1239/219
f 476/914/220 463/1243/165 462/1242/1905 475/1241/276
f 126/439/281 464/1244/209 463/1243/165 476/914/220
f 125/243/262 465/237/161 464/1244/209 126/439/281
f 124/198/213 478/59/223 467/1245/91 466/196/211
f 550/197/212 465/237/161 125/243/262
f 136/38/215 135/1246/282 468/207/85 542/199/84
f 479/200/214 467/239/91 478/1162/223
f 135/1246/282 134/590/1906 469/208/157 468/207/85
f 134/590/1906 548/335/279 470/1247/210 469/208/157
f 548/335/279 133/1248/87 471/235/86 470/1247/210
f 133/1248/87 132/240/89 472/236/260 471/235/86
f 549/242/261 473/1249/216 472/236/260 132/240/89
f 131/1237/388 457/1236/228 473/1249/216 549/242/261
f 460/1238/280 119/1250/76 114/203/75 459/202/159
f 120/1251/360 545/1252/228 546/201/94
f 461/1240/147 113/1253/77 119/1250/76 460/1238/280
f 462/1242/1905 112/1254/93 113/1253/77 461/1240/147
f 463/1243/165 111/261/73 112/1254/93 462/1242/1905
f 464/1244/209 118/1255/74 111/261/73 463/1243/165
f 465/237/161 110/1256/72 118/1255/74 464/1244/209
f 469/208/157 470/1247/210 123/93/81 116/206/82
f 547/205/92 110/1256/72 465/237/161
f 467/1245/91 109/204/90 466/196/211
f 470/1247/210 471/235/86 474/94/86 123/93/81
f 545/1252/228 120/1251/360 121/211/217 544/210/216
f 543/209/80 474/94/86 471/235/86
f 440/219/227 481/1257/1907 130/1258/1903 131/1259/388
f 481/1257/1907 333/150/148 128/212/218 129/368/274
f 129/368/274 130/1258/1903 481/1257/1907
f 334/194/206 475/528/276 127/213/219 333/150/148
f 336/126/221 476/214/220 475/528/276 436/125/205
f 475/528/276 334/194/206 436/125/205
f 336/126/221 449/217/224 478/216/223 477/215/222
f 450/129/225 451/153/153 479/1260/214 478/216/223
f 338/152/152 135/1261/282 136/417/215 451/153/153
f 136/417/215 479/1260/214 451/153/153
f 138/195/208 134/463/1906 135/1261/282 338/152/152
f 437/1233/1901 548/1262/279 134/463/1906 138/195/208
f 438/218/226 480/96/88 133/95/87 437/1233/1901
f 437/1233/1901 133/95/87 548/1262/279
f 331/764/1858 481/1257/1907 440/219/227 435/189/1857
f 131/1259/388 480/96/88 440/219/227
f 443/149/146 333/150/148 481/1257/1907 332/158/1859
f 481/1257/1907 331/764/1858 332/158/1859
f 337/151/149 449/217/224 336/126/221 447/127/150
f 492/221/232 484/157/158 483/189/228 491/189/201
f 138/195/208 338/152/152 452/156/156
f 438/218/226 439/188/1902 440/219/227
f 198/187/199 419/186/198 489/188/260 488/192/86
f 484/157/158 492/221/232 199/1220/1810
f 485/150/147 538/150/229 494/193/204
f 486/126/209 201/124/116 417/127/119
f 202/217/1820 487/151/151 497/220/230
f 491/189/201 503/189/239 213/221/233 492/221/232
f 489/188/260 419/186/198 482/190/202
f 503/189/239 491/189/201 490/191/203
f 506/150/234 507/159/1908 494/193/204 493/150/234
f 507/159/1908 508/537/1909 495/125/117 494/193/204
f 508/537/1909 509/126/118 496/126/118 495/125/117
f 509/126/118 510/127/1910 417/127/119 496/126/118
f 417/127/119 510/127/1910 511/1263/1911 497/220/230
f 497/220/230 511/1263/1911 512/217/1819 498/217/1819
f 498/217/1819 512/217/1819 513/129/122 499/129/122
f 499/129/122 513/129/122 514/153/1912 500/128/120
f 514/153/1912 515/152/1913 501/152/259 500/128/120
f 490/191/203 519/191/203 211/189/240 503/189/239
f 516/156/236 501/152/259 515/152/1913
f 517/132/125 502/131/124 241/223/237
f 518/188/200 198/187/199 205/187/238
f 504/158/231 215/1217/1779 217/160/1781 505/222/235
f 215/1217/1779 504/158/231 213/221/233
f 217/160/1781 219/1218/1783 506/150/234 505/222/235
f 219/1218/1783 221/159/1785 507/159/1908 506/150/234
f 221/159/1785 223/125/243 508/537/1909 507/159/1908
f 223/125/243 520/126/118 509/126/118 508/537/1909
f 520/126/118 227/127/1789 510/127/1910 509/126/118
f 510/127/1910 227/127/1789 229/151/1791 511/1263/1911
f 511/1263/1911 229/151/1791 231/1219/1793 512/217/1819
f 512/217/1819 231/1219/1793 233/129/1795 513/129/122
f 513/129/122 233/129/1795 235/153/1797 514/153/1912
f 235/153/1797 237/152/1799 515/152/1913 514/153/1912
f 237/152/1799 239/156/1801 516/156/236 515/152/1913
f 518/188/200 521/188/200 519/191/203 490/191/203
f 241/223/237 516/156/236 239/156/1801
f 205/187/238 517/132/125 243/224/241
f 521/188/200 206/188/245 209/191/242 519/191/203
f 227/127/1789 520/126/118 225/126/244
f 157/227/248 139/1188/1914 524/133/126 523/225/246
f 382/138/178 528/173/178 527/172/177 381/162/252
f 524/133/126 139/1188/1914 140/134/127
f 145/1191/1745 525/228/249 144/230/251
f 383/984/1869 529/564/1864 528/173/178 382/138/178
f 383/984/1869 384/139/1871 530/139/134 529/564/1864
f 384/139/1871 410/180/189 531/180/1847 530/139/134
f 389/233/255 376/164/1866 369/164/169 533/232/254
f 385/179/188 531/180/1847 410/180/189
f 387/142/181 532/174/180 413/181/191
f 376/164/1866 399/163/182 534/165/170 369/164/169
f 377/175/184 535/800/184 534/165/170 399/163/182
f 501/152/259 516/156/236 540/156/163 539/154/258
f 535/800/184 377/175/184 378/234/256
f 536/176/257 402/176/185 379/166/171
f 537/169/174 404/178/187 526/170/175
f 516/156/236 502/131/124 541/131/1863 540/156/163
f 473/1249/216 544/210/216 543/209/80 472/236/260
f 204/130/123 541/131/1863 502/131/124
f 457/1236/228 545/1252/228 544/210/216 473/1249/216
f 458/1235/1904 546/201/94 545/1252/228 457/1236/228
f 581/89/83 551/533/1915 552/247/78 569/246/90
f 546/201/94 458/1235/1904 459/202/159
f 466/196/211 547/205/92 550/197/212
f 542/199/84 117/238/83 479/200/214
f 549/242/261 480/241/88 131/1237/388
f 124/198/213 550/197/212 477/244/222
f 569/246/90 553/245/78 554/464/78 570/292/72
f 572/1264/73 570/292/72 554/464/78 555/534/78
f 573/250/77 572/1264/73 556/515/78 557/654/78
f 555/534/78 556/515/78 572/1264/73
f 628/944/360 644/1265/1916 562/254/267 576/14/79
f 557/654/78 558/248/263 573/250/77
f 560/253/266 575/252/75 559/249/264
f 561/251/265 645/1266/1917 575/252/75
f 646/257/78 578/298/82 565/536/78 566/519/78
f 564/297/284 565/536/78 578/298/82
f 601/105/1918 552/247/1918 551/533/1918 600/104/1918
f 566/519/78 567/258/78 646/257/78
f 551/533/1915 581/89/83 568/256/269
f 572/261/73 621/260/165 571/1267/74
f 577/1114/81 578/206/82 623/263/157
f 600/104/1919 551/533/1915 568/256/269 619/123/1919
f 619/123/1920 568/256/1920 567/258/1920 618/122/1920
f 618/122/1921 567/258/1921 566/519/1921 617/121/1921
f 617/121/1922 566/519/1922 565/536/1922 616/120/1922
f 616/120/1923 565/536/1923 564/297/1923 615/119/1923
f 615/119/1924 564/297/284 563/255/268 614/118/1924
f 614/118/1925 563/255/268 562/254/267 613/64/1925
f 612/117/1926 613/64/1926 562/254/1926 644/1265/1926
f 611/116/1927 612/117/1927 644/1265/1916 645/1266/1917
f 610/115/1928 611/116/1928 645/1266/1917 561/251/265
f 609/114/1929 610/115/1929 561/251/1929 560/253/1929
f 608/113/1930 609/114/1930 560/253/266 559/249/264
f 607/112/1931 608/113/1931 559/249/264 558/248/263
f 606/111/1932 607/112/1932 558/248/1932 557/654/1932
f 605/110/1933 606/111/1933 557/654/1933 556/515/1933
f 604/109/1934 605/110/1934 556/515/1934 555/534/1934
f 603/108/1935 604/109/1935 555/534/1935 554/464/1935
f 603/108/1936 554/464/1936 553/245/1936 602/107/1936
f 602/107/1937 553/245/1937 552/247/1937 601/105/1937
f 624/882/210 625/1268/86 576/1269/79 577/1114/81
f 620/265/273 593/241/272 592/1270/388
f 638/285/280 574/1271/76 575/268/75 590/267/274
f 626/1272/80 576/1269/79 625/1268/86
f 588/273/275 573/1273/77 574/1271/76 638/285/280
f 639/287/209 571/1267/74 621/260/165 586/269/220
f 573/1273/77 588/273/275 630/259/93
f 640/275/161 570/1274/72 571/1267/74 639/287/209
f 582/272/213 643/1275/223 622/1276/91 569/270/90
f 631/271/92 570/1274/72 640/275/161
f 643/289/223 641/288/162 581/1277/83 622/1278/91
f 641/288/162 598/290/215 580/1279/283 581/1277/83
f 598/290/215 642/278/163 579/262/270 580/1279/283
f 642/278/163 632/277/157 623/263/157 579/262/270
f 632/277/157 624/882/210 577/1114/81 623/263/157
f 633/281/279 634/280/86 625/1268/86 624/882/210
f 634/280/86 594/264/271 626/1272/80 625/1268/86
f 635/283/216 627/1280/217 626/1272/80 594/264/271
f 636/885/228 628/1281/360 627/1280/217 635/283/216
f 637/1282/158 629/266/94 628/1281/360 636/885/228
f 596/279/278 633/281/279 624/882/210 632/277/157
f 629/266/94 637/1282/158 590/267/274
f 630/259/93 587/274/276 586/269/220
f 582/272/213 631/271/92 583/276/277
f 592/1270/388 636/885/228 635/283/216 620/265/273
f 594/264/271 634/280/86 595/282/87
f 591/1283/1903 637/1282/158 636/885/228 592/1270/388
f 584/742/262 640/275/161 639/287/209 585/286/281
f 637/1282/158 591/1283/1903 590/267/274
f 638/285/280 589/284/218 588/273/275
f 613/64/365 594/97/271 595/415/87 614/118/365
f 583/276/277 640/275/161 584/742/262
f 598/290/215 641/288/162 599/200/214
f 596/279/278 642/278/163 597/39/282
f 613/64/365 612/117/365 593/1284/272 594/97/271
f 612/117/365 611/116/365 592/1285/388 593/1284/272
f 611/116/365 610/115/365 591/1286/1903 592/1285/388
f 610/115/365 609/114/365 590/1287/274 591/1286/1903
f 609/114/365 608/113/365 589/1288/218 590/1287/274
f 607/112/365 588/1289/275 589/1288/218 608/113/365
f 606/111/365 587/528/276 588/1289/275 607/112/365
f 605/110/365 586/1290/220 587/528/276 606/111/365
f 604/109/365 585/412/281 586/1290/220 605/110/365
f 603/108/365 584/1291/262 585/412/281 604/109/365
f 603/108/365 602/107/365 583/1292/277 584/1291/262
f 602/107/365 601/105/365 582/1293/213 583/1292/277
f 601/105/365 600/104/365 643/1294/223 582/1293/213
f 600/104/365 619/123/365 599/1295/214 643/1294/223
f 619/123/365 618/122/365 598/1296/215 599/1295/214
f 617/121/365 597/1297/282 598/1296/215 618/122/365
f 616/120/365 596/463/278 597/1297/282 617/121/365
f 615/119/365 633/532/279 596/463/278 616/120/365
f 614/118/365 595/415/87 633/532/279 615/119/365
f 629/103/94 645/1266/1917 644/1265/1916 628/944/360
f 580/295/283 646/257/78 568/256/269 581/89/83
f 645/1266/1917 629/103/94 575/252/75
f 573/250/77 559/249/264 574/291/76
f 572/1264/73 573/250/77 630/516/93
f 570/292/72 572/1264/73 571/73/74
f 577/299/81 576/14/79 563/255/268 564/297/284
f 578/298/82 646/257/78 579/296/270
f 627/1298/217 628/944/360 576/14/79 626/87/80
f 735/313/39 671/310/11 654/1299/543 655/311/290
f 740/300/285 647/302/2 665/293/286
f 650/306/9 668/305/287 649/1300/1938
f 653/309/289 654/1299/543 671/310/11
f 674/346/303 659/1301/13 660/316/293 676/315/292
f 659/1301/13 674/346/303 658/348/15
f 679/47/295 734/59/1939 715/616/1940 714/318/294
f 663/343/21 737/301/22 716/344/30
f 689/1302/1941 672/1303/1942 673/322/27 690/321/296
f 695/1304/56 715/1305/1940 734/1162/1939
f 688/337/304 735/1306/39 672/1303/1942 689/1302/1941
f 727/50/46 671/1307/11 735/1306/39 688/337/304
f 719/324/298 720/1154/1678 669/1308/1943 670/325/25
f 671/1307/11 727/50/46 718/323/297
f 720/1154/1678 721/597/1679 668/585/287 669/1308/1943
f 721/597/1679 722/1309/1944 667/1310/8 668/585/287
f 722/1309/1944 682/329/41 666/1311/40 667/1310/8
f 680/319/50 730/339/306 664/520/42 665/326/286
f 723/327/5 666/1311/40 682/329/41
f 730/339/306 731/1312/51 716/1313/30 664/520/42
f 731/1314/51 732/332/300 678/1315/309 716/1316/30
f 732/332/300 724/331/299 677/1279/1676 678/1315/309
f 725/879/1680 676/1317/292 677/1279/1676 724/331/299
f 733/334/301 675/206/1681 676/1317/292 725/879/1680
f 691/1318/57 717/320/14 674/336/303 726/335/302
f 675/206/1681 733/334/301 674/336/303
f 729/58/298 719/324/298 718/323/297 728/328/48
f 717/320/14 691/1318/57 690/321/296
f 729/58/298 684/1319/1945 720/1154/1678 719/324/298
f 684/1319/1945 742/1320/62 721/597/1679 720/1154/1678
f 742/1320/62 683/1321/1946 722/1309/1944 721/597/1679
f 693/340/307 725/879/1680 724/331/299 694/333/35
f 682/329/41 722/1309/1944 683/1321/1946
f 680/319/50 723/327/5 681/330/49
f 686/1322/47 728/328/48 727/50/46 687/338/305
f 725/879/1680 693/340/307 733/334/301
f 685/1323/33 729/58/298 728/328/48 686/1322/47
f 714/318/294 715/616/1940 731/1312/51 730/339/306
f 684/1319/1945 729/58/298 685/1323/33
f 715/1305/1940 695/1304/56 732/332/300 731/1314/51
f 709/118/58 708/1324/59 690/1325/296 691/415/57
f 694/333/35 732/332/300 695/1304/56
f 733/334/301 692/279/308 726/335/302
f 707/1326/1682 689/1327/1941 690/1325/296 708/1324/59
f 706/1328/1683 688/1329/304 689/1327/1941 707/1326/1682
f 705/1330/1947 687/1331/305 688/1329/304 706/1328/1683
f 704/1332/1948 686/1333/47 687/1331/305 705/1330/1947
f 738/353/66 685/1334/33 686/1333/47 704/1332/1948
f 738/353/66 742/352/62 684/1335/1945 685/1334/33
f 702/1336/1949 701/1337/63 683/68/1946 742/352/62
f 701/1337/63 700/1338/1685 682/1339/41 683/68/1946
f 700/1338/1685 699/1168/1686 681/414/49 682/1339/41
f 698/1340/1687 680/1341/50 681/414/49 699/1168/1686
f 697/1342/1688 679/1343/295 680/1341/50 698/1340/1687
f 696/1344/1689 734/1345/1939 679/1343/295 697/1342/1688
f 713/1346/1690 695/1347/56 734/1345/1939 696/1344/1689
f 741/1348/1950 694/1349/35 695/1347/56 713/1346/1690
f 741/1348/1950 712/351/312 693/419/307 694/1349/35
f 712/351/312 711/350/311 692/1350/308 693/419/307
f 711/350/311 710/1351/1691 726/1181/302 692/1350/308
f 710/1351/1691 709/118/58 691/415/57 726/1181/302
f 669/1352/1943 668/305/287 736/308/12 670/341/25
f 666/73/40 649/1300/1938 668/305/287 667/1353/8
f 723/1354/5 648/303/6 649/1300/1938 666/73/40
f 678/345/309 677/393/1676 662/317/19 663/343/21
f 665/293/286 648/303/6 723/1354/5
f 716/344/30 737/301/22 664/342/42
f 673/1355/27 657/1356/1673 658/348/15 717/347/14
f 662/317/19 677/393/1676 676/315/292
f 676/315/292 675/395/1681 674/346/303
f 673/1355/27 672/1357/1942 656/312/291 657/1356/1673
f 738/353/66 704/1332/1948 653/309/289 736/308/12
f 735/313/39 656/312/291 672/1357/1942
f 741/1348/1950 739/349/67 712/351/312
f 704/1332/1948 705/1330/1947 654/1299/543 653/309/289
f 705/1330/1947 706/1328/1683 655/311/290 654/1299/543
f 706/1328/1683 707/1326/1682 656/312/291 655/311/290
f 707/1326/1682 708/1324/59 657/1356/1673 656/312/291
f 708/1324/59 709/118/58 658/348/15 657/1356/1673
f 709/118/58 710/1351/1691 659/1301/13 658/348/15
f 710/1351/1691 711/350/311 660/316/293 659/1301/13
f 711/350/311 739/349/310 661/314/16 660/316/293
f 739/349/67 741/1348/1950 662/317/19 661/314/16
f 713/1346/1690 663/343/21 662/317/19 741/1348/1950
f 696/1344/1689 737/301/22 663/343/21 713/1346/1690
f 697/1342/1688 740/300/285 737/301/22 696/1344/1689
f 698/1340/1687 647/302/2 740/300/285 697/1342/1688
f 699/1168/1686 648/303/6 647/302/2 698/1340/1687
f 700/1338/1685 649/1300/1938 648/303/6 699/1168/1686
f 701/1337/63 650/306/9 649/1300/1938 700/1338/1685
f 702/1336/1949 651/304/7 650/306/9 701/1337/63
f 703/354/70 652/307/288 651/304/7 702/1336/1949
f 738/353/66 736/308/12 652/307/288 703/354/70
f 838/1358/314 811/1359/1951 743/1360/1952 846/1361/1953
f 702/1336/1949 742/352/62 703/354/70
f 838/1358/314 846/1361/1953 744/1362/1954 837/392/314
f 837/392/314 744/1362/1954 745/1363/1955 761/5/349
f 761/5/349 745/1363/1955 746/357/315 836/356/314
f 836/356/314 747/355/313 834/360/317 835/1364/1956
f 832/1365/314 833/359/314 749/1366/1957 750/1367/1958
f 748/358/316 749/1366/1957 833/359/314
f 831/390/314 832/1365/314 750/1367/1958 751/1368/1959
f 831/390/314 752/535/1960 753/363/319 844/362/314
f 751/1368/1959 752/535/1960 831/390/314
f 842/1369/314 843/1370/1961 755/1371/1962 841/580/314
f 754/361/318 843/1370/1961 844/362/314
f 841/580/314 755/1371/1962 756/1372/1963 840/394/314
f 769/91/354 840/394/314 756/1372/1963 839/365/322
f 811/1359/1951 771/89/321 758/1373/1964 743/1360/1952
f 757/364/320 758/1373/1964 771/89/321
f 822/940/1965 779/213/346 780/212/328 821/369/327
f 779/213/346 822/940/1965 778/528/1966
f 819/370/331 820/837/331 783/838/343 784/96/329
f 783/838/343 820/837/331 782/1374/344
f 824/480/1967 790/481/1968 772/216/325 823/367/324
f 790/481/1968 824/480/1967 789/1375/1969
f 784/376/329 783/384/343 825/1376/352 767/374/335
f 809/281/1970 810/373/334 787/372/333
f 780/379/328 816/386/345 765/1273/1971 766/377/337
f 814/383/342 825/1376/352 783/384/343
f 816/386/345 817/1377/1972 764/1378/1973 765/1273/1971
f 777/914/1974 763/1379/1975 764/1378/1973 817/1377/1972
f 776/1380/1976 762/1267/1977 763/1379/1975 777/914/1974
f 775/1381/1978 761/1382/349 762/1267/1977 776/1380/1976
f 774/244/1979 760/23/350 761/1382/349 775/1381/1978
f 773/1383/323 759/1384/1980 760/23/350 774/244/1979
f 772/59/325 811/1385/1951 759/1384/1980 773/1383/323
f 790/657/1968 771/1386/321 811/1387/1951 772/1162/325
f 789/1388/1969 770/1389/353 771/1386/321 790/657/1968
f 788/371/332 769/1390/354 770/1389/353 789/1388/1969
f 786/382/341 785/1391/330 813/375/336 812/380/339
f 769/1390/354 788/371/332 818/387/347
f 782/385/344 781/1392/326 815/378/338 814/383/342
f 784/376/329 813/375/336 785/1391/330
f 779/37/346 778/1393/1966 817/1377/1972 816/386/345
f 780/379/328 815/378/338 781/1392/326
f 786/382/341 768/381/340 809/281/1970
f 810/373/334 809/281/1970 768/381/340 818/387/347
f 817/1377/1972 778/1393/1966 777/914/1974
f 804/1394/1981 803/397/356 785/97/330 786/415/341
f 803/397/356 848/396/355 819/370/331 785/97/330
f 848/396/355 849/509/355 820/837/331 819/370/331
f 800/1395/1982 782/1374/344 820/837/331 849/509/355
f 799/1396/1983 781/368/326 782/1374/344 800/1395/1982
f 845/1397/1984 821/369/327 781/368/326 799/1396/1983
f 798/1398/1985 822/940/1965 821/369/327 845/1397/1984
f 797/1399/1986 778/528/1966 822/940/1965 798/1398/1985
f 797/1399/1986 796/1400/1987 777/1401/1974 778/528/1966
f 796/1400/1987 795/1402/1988 776/1403/1976 777/1401/1974
f 795/1402/1988 794/108/1989 775/414/1978 776/1403/1976
f 794/108/1989 793/1404/1990 774/215/1979 775/414/1978
f 793/1404/1990 792/1405/1991 773/366/323 774/215/1979
f 791/1406/1992 823/367/324 773/366/323 792/1405/1991
f 808/1407/1993 824/480/1967 823/367/324 791/1406/1992
f 847/1408/1994 789/1375/1969 824/480/1967 808/1407/1993
f 807/1409/1995 788/1410/332 789/1375/1969 847/1408/1994
f 806/120/1996 787/1411/333 788/1410/332 807/1409/1995
f 806/120/1996 805/147/1997 809/532/1970 787/1411/333
f 805/147/1997 804/1394/1981 786/415/341 809/532/1970
f 815/71/338 766/83/337 827/496/1998 826/388/348
f 766/83/337 765/250/1971 828/504/314 827/496/1998
f 759/948/1980 830/949/351 829/389/351 760/293/350
f 764/516/1973 828/504/314 765/250/1971
f 814/103/342 826/388/348 832/1365/314 831/390/314
f 811/1359/1951 830/949/351 759/948/1980
f 826/388/348 827/496/1998 833/359/314 832/1365/314
f 827/496/1998 828/504/314 834/360/317 833/359/314
f 828/504/314 764/516/1973 835/1364/1956 834/360/317
f 763/1412/1975 836/356/314 835/1364/1956 764/516/1973
f 830/949/351 838/1358/314 837/392/314 829/389/351
f 836/356/314 763/1412/1975 762/1413/1977
f 836/356/314 762/1413/1977 761/5/349
f 768/17/340 841/580/314 840/394/314 818/395/347
f 811/1359/1951 838/1358/314 830/949/351
f 769/91/354 839/365/322 770/393/353
f 812/1414/339 842/1369/314 841/580/314 768/17/340
f 813/87/336 843/1370/1961 842/1369/314 812/1414/339
f 767/1415/335 844/362/314 843/1370/1961 813/87/336
f 825/391/352 831/390/314 844/362/314 767/1415/335
f 799/1396/1983 750/1367/1958 749/1366/1957 845/1397/1984
f 800/1395/1982 751/1368/1959 750/1367/1958 799/1396/1983
f 801/1416/1999 752/535/1960 751/1368/1959 800/1395/1982
f 802/398/357 753/363/319 752/535/1960 801/1416/1999
f 803/397/356 754/361/318 753/363/319 802/398/357
f 804/1394/1981 843/1370/1961 754/361/318 803/397/356
f 805/147/1997 755/1371/1962 843/1370/1961 804/1394/1981
f 806/120/1996 756/1372/1963 755/1371/1962 805/147/1997
f 806/120/1996 807/1409/1995 839/365/322 756/1372/1963
f 807/1409/1995 847/1408/1994 757/364/320 839/365/322
f 847/1408/1994 808/1407/1993 758/1373/1964 757/364/320
f 808/1407/1993 791/1406/1992 743/1360/1952 758/1373/1964
f 791/1406/1992 792/1405/1991 846/1361/1953 743/1360/1952
f 792/1405/1991 793/1404/1990 744/1362/1954 846/1361/1953
f 793/1404/1990 794/108/1989 745/1363/1955 744/1362/1954
f 794/108/1989 795/1402/1988 746/357/315 745/1363/1955
f 795/1402/1988 796/1400/1987 747/355/313 746/357/315
f 796/1400/1987 797/1399/1986 834/360/317 747/355/313
f 798/1398/1985 748/358/316 834/360/317 797/1399/1986
f 845/1397/1984 749/1366/1957 748/358/316 798/1398/1985
f 802/398/357 801/1416/1999 849/509/355 848/396/355
f 864/629/217 854/403/360 855/421/79 865/87/80
f 849/509/355 801/1416/1999 800/1395/1982
f 850/399/78 857/948/90 935/420/91
f 850/399/78 858/293/92 857/948/90
f 850/399/78 859/5/72 858/293/92
f 934/1417/209 860/1133/358 861/261/361 933/406/165
f 855/421/79 866/395/82 910/17/81
f 860/1133/358 934/1417/209 859/1418/72
f 909/411/163 931/451/157 866/206/82 867/409/270
f 865/1419/80 855/92/79 932/408/86
f 910/407/81 866/206/82 931/451/157
f 888/413/362 947/366/213 869/215/277 870/414/262
f 888/413/362 871/412/281 872/68/220 889/109/370
f 889/109/370 872/68/220 873/528/276 890/426/371
f 890/426/371 873/528/276 874/213/275 892/427/373
f 892/427/373 874/213/275 875/212/218 946/462/365
f 895/430/376 946/462/365 875/212/218 876/368/274
f 897/431/378 895/430/376 878/838/388 879/96/272
f 876/368/274 877/474/1903 895/430/376
f 877/474/1903 878/838/388 895/430/376
f 898/416/364 897/431/378 879/96/272 880/97/89
f 898/416/364 881/415/363 882/532/387 950/463/278
f 885/423/366 949/418/365 908/417/215 884/481/214
f 883/419/282 949/418/365 950/463/278
f 923/442/210 924/1420/86 911/452/86 910/407/81
f 884/481/214 948/1294/390 885/423/366
f 882/454/387 906/436/385 950/372/278
f 907/440/209 871/439/281 870/458/262
f 922/441/386 909/411/163 883/437/282
f 924/1420/86 925/1421/260 912/1422/260 911/452/86
f 879/446/272 913/1423/216 912/1422/260 925/1421/260
f 926/448/228 914/1424/228 913/1423/216 879/446/272
f 877/1425/1903 915/1426/1904 914/1424/228 926/448/228
f 942/1427/165 917/1428/165 916/445/160 941/444/160
f 915/1426/1904 877/1425/1903 876/1429/274
f 907/440/209 918/1430/209 917/1428/165 942/1427/165
f 927/450/161 919/1431/161 918/1430/209 907/440/209
f 927/450/161 928/1052/212 920/1432/151 919/1431/161
f 928/1052/212 929/1433/211 921/1434/211 920/1432/151
f 906/436/385 936/453/210 923/442/210 922/441/386
f 930/1435/1862 921/1434/211 929/1433/211
f 936/453/210 937/1436/86 924/1420/86 923/442/210
f 937/1436/86 938/1437/260 925/1421/260 924/1420/86
f 943/449/161 869/1438/277 928/1052/212 927/450/161
f 925/1421/260 938/1437/260 879/446/272
f 926/448/228 939/447/228 877/1425/1903
f 869/1438/277 947/460/213 929/1433/211 928/1052/212
f 947/460/213 944/459/389 930/1435/1862 929/1433/211
f 911/452/86 912/1422/260 865/1419/80 932/408/86
f 884/1439/214 930/1440/1862 944/1441/389
f 909/411/163 868/410/84 908/290/215
f 910/407/81 931/451/157 922/441/386
f 913/1423/216 864/1010/217 865/1419/80 912/1422/260
f 914/1424/228 854/1442/360 864/1010/217 913/1423/216
f 915/1426/1904 863/266/94 854/1442/360 914/1424/228
f 876/1429/274 853/1443/75 863/266/94 915/1426/1904
f 875/456/218 852/1444/76 853/1443/75 876/1429/274
f 940/443/147 862/26/77 852/1444/76 875/456/218
f 916/445/160 851/405/359 862/26/77 940/443/147
f 917/1428/165 933/406/165 851/405/359 916/445/160
f 918/1430/209 934/1417/209 933/406/165 917/1428/165
f 919/1431/161 859/1418/72 934/1417/209 918/1430/209
f 919/1431/161 920/1432/151 858/1445/92 859/1418/72
f 920/1432/151 921/1434/211 857/1446/90 858/1445/92
f 921/1434/211 930/1435/1862 935/1447/91 857/1446/90
f 930/1440/1862 884/1439/214 856/1448/83 935/1449/91
f 884/1439/214 908/290/215 868/410/84 856/1448/83
f 882/454/387 881/688/363 937/1436/86 936/453/210
f 881/688/363 880/959/89 938/1437/260 937/1436/86
f 873/1241/276 941/444/160 940/443/147 874/457/275
f 938/1437/260 880/959/89 879/446/272
f 939/447/228 878/455/388 877/1425/1903
f 872/438/220 942/1427/165 941/444/160 873/1241/276
f 887/425/369 886/424/367 948/1294/390 947/366/213
f 942/1427/165 872/438/220 907/440/209
f 869/1438/277 943/449/161 870/458/262
f 884/1439/214 944/1441/389 948/1450/390
f 890/426/371 892/427/373 891/111/372
f 946/462/365 895/430/376 894/429/375
f 945/433/381 950/463/278 949/418/365 901/434/382
f 885/423/366 948/1294/390 886/424/367
f 949/418/365 885/423/366 903/123/384
f 949/418/365 902/435/383 901/434/382
f 971/465/392 952/464/391 953/534/396 1130/854/396
f 950/463/278 945/433/381 900/147/380
f 950/463/278 900/147/380 899/432/379
f 951/245/393 971/465/392 1168/488/416
f 1130/854/396 953/534/396 954/515/396 1129/1451/391
f 1128/1364/396 1129/1451/391 954/515/396 955/654/391
f 1127/503/396 1128/1364/396 955/654/391 956/248/2000
f 1126/502/391 1127/503/396 957/486/2001 958/253/396
f 956/248/2000 957/486/2001 1127/503/396
f 1126/502/391 959/251/2002 960/483/2003 1125/1452/396
f 958/253/396 959/251/2002 1126/502/391
f 1125/1452/396 960/483/2003 961/485/396 1137/362/396
f 1137/362/396 961/485/396 962/254/396 981/505/435
f 981/505/435 962/254/396 963/518/396 1136/1369/396
f 1136/1369/396 963/518/396 964/578/396 1135/580/396
f 1134/394/396 1135/580/396 964/578/396 965/536/396
f 1133/468/396 1134/394/396 965/536/396 966/466/394
f 1058/831/2004 969/754/430 970/520/429 1057/1453/2005
f 967/467/395 968/469/397 1132/471/396
f 1057/1453/2005 970/520/429 971/23/392 1056/582/2006
f 1056/582/2006 971/23/392 972/24/2007 1055/804/2008
f 1055/804/2008 972/24/2007 973/1133/2009 1054/1132/2010
f 1054/1132/2010 973/1133/2009 974/261/2011 1053/260/2012
f 1052/584/2013 1053/260/2012 974/261/2011 975/585/2014
f 1051/28/2015 1052/584/2013 975/585/2014 976/26/2016
f 1050/1454/2017 1051/28/2015 976/26/2016 977/377/2018
f 1049/660/2019 1050/1454/2017 977/377/2018 978/523/427
f 1048/617/2020 1049/660/2019 978/523/427 979/711/424
f 1047/866/2021 1048/617/2020 979/711/424 1114/42/423
f 1046/714/2022 1047/866/2021 1114/42/423 980/31/436
f 1045/1455/2023 1046/714/2022 980/31/436 981/375/435
f 1044/936/2024 1045/1455/2023 981/375/435 982/92/432
f 1043/880/2025 1044/936/2024 982/92/432 983/1114/431
f 1043/880/2025 983/1114/431 984/206/2026 1062/263/2027
f 1062/263/2027 984/206/2026 985/409/2028 1061/646/2029
f 1061/646/2029 985/409/2028 986/1083/2030 1060/1085/2031
f 1060/1085/2031 986/1083/2030 987/32/2032 1059/34/2033
f 1059/34/2033 987/32/2032 969/1091/430 1058/1456/2004
f 1107/1457/2034 992/528/2035 993/213/2036 1106/940/2037
f 988/1458/420 989/215/399 1108/473/401
f 992/528/2035 1107/1457/2034 991/1459/2038
f 1106/940/2037 993/213/2036 994/212/2039 1105/369/2040
f 1105/369/2040 994/212/2039 995/368/2041 1104/1013/598
f 1104/1013/598 995/368/2041 996/474/402 1103/476/404
f 1113/1460/404 1001/532/2042 1002/463/404 1112/1461/2043
f 1000/1462/2044 1001/532/2042 1113/1460/404
f 1112/1461/2043 1002/463/404 1003/419/407 1111/478/406
f 1166/1463/634 1167/1464/634 1131/470/398 968/469/397
f 1005/481/410 1110/480/409 1004/477/405
f 1168/488/416 1131/470/398 1167/1464/2045
f 1165/482/2046 1166/1463/2047 968/469/2046 967/467/2046
f 1163/1465/2048 1164/1466/2048 965/536/2049 964/578/2049
f 966/466/2050 965/536/2051 1164/1466/2050
f 1163/1465/2052 964/578/2052 963/518/2052 1162/811/2052
f 1162/811/2053 963/518/2053 962/254/2053 1161/1467/2053
f 1161/1467/2054 962/254/2054 961/485/2054 1160/484/2054
f 1159/717/2055 959/251/2055 958/253/2055 1158/487/2055
f 959/251/2002 1159/717/2056 960/483/2003
f 1174/611/2057 956/248/2058 955/654/2058 1173/653/2057
f 956/248/2000 1174/611/2059 957/486/2001
f 1173/653/638 955/654/638 954/515/638 1172/739/638
f 1171/842/2060 1172/739/2060 954/515/2060 953/534/2060
f 1170/1468/2061 1171/842/2061 953/534/2061 952/464/2061
f 1169/489/2062 1170/1468/2063 952/464/2062 951/245/2062
f 1001/591/2064 1000/688/2044 1027/884/2065 1026/589/2066
f 1000/688/2044 999/959/2067 1028/849/2068 1027/884/2065
f 997/337/403 996/844/402 1030/1469/2069 1029/490/418
f 998/491/419 1028/849/2068 999/959/2067
f 996/844/402 995/614/2070 1031/612/2071 1030/1469/2069
f 995/614/2070 994/1086/2072 1032/1087/2073 1031/612/2071
f 994/1086/2072 993/37/2074 1033/35/2075 1032/1087/2073
f 993/37/2074 992/1241/2035 1034/599/2076 1033/35/2075
f 992/1241/2035 991/914/2038 1035/961/2077 1034/599/2076
f 990/439/2078 1036/1470/2079 1035/961/2077 991/914/2038
f 1109/59/408 1038/616/2080 1037/318/421 988/47/420
f 1036/1470/2079 990/439/2078 1184/1471/400
f 1005/657/410 1039/962/2081 1038/1305/2080 1109/1162/408
f 1004/38/405 1040/875/2082 1039/962/2081 1005/657/410
f 1003/39/2083 1041/40/2084 1040/875/2082 1004/38/405
f 1002/372/2085 1042/373/2086 1041/40/2084 1003/39/2083
f 1001/591/2064 1026/589/2066 1042/373/2086 1002/372/2085
f 1063/882/2025 1064/1268/2087 1044/936/2024 1043/880/2025
f 1064/1268/2087 1065/1472/2088 1045/1455/2023 1044/936/2024
f 1065/1472/2088 1066/1473/2089 1046/714/2022 1045/1455/2023
f 1066/1473/2089 1067/1474/615 1047/866/2021 1046/714/2022
f 1067/1474/615 1068/619/616 1048/617/2020 1047/866/2021
f 1068/619/616 1069/52/2090 1049/660/2019 1048/617/2020
f 1069/52/2090 1070/324/2017 1050/1454/2017 1049/660/2019
f 1070/324/2017 1071/1154/2091 1051/28/2015 1050/1454/2017
f 1071/1154/2091 1072/597/2013 1052/584/2013 1051/28/2015
f 1072/597/2013 1073/1309/2092 1053/260/2012 1052/584/2013
f 1074/1020/2093 1054/1132/2010 1053/260/2012 1073/1309/2092
f 1075/1475/2094 1055/804/2008 1054/1132/2010 1074/1020/2093
f 1076/883/2095 1056/582/2006 1055/804/2008 1075/1475/2094
f 1077/1476/2096 1057/1453/2005 1056/582/2006 1076/883/2095
f 1078/55/618 1058/831/2004 1057/1453/2005 1077/1476/2096
f 1079/664/2033 1059/34/2033 1058/1456/2004 1078/1156/618
f 1080/331/2082 1060/1085/2031 1059/34/2033 1079/664/2033
f 1081/879/2097 1061/646/2029 1060/1085/2031 1080/331/2082
f 1082/277/2027 1062/263/2027 1061/646/2029 1081/879/2097
f 1063/882/2025 1043/880/2025 1062/263/2027 1082/277/2027
f 1083/963/2025 1084/280/2087 1064/1268/2087 1063/882/2025
f 1084/280/2087 1085/850/2088 1065/1472/2088 1064/1268/2087
f 1085/850/2088 1086/283/2089 1066/1473/2089 1065/1472/2088
f 1086/283/2089 1087/885/615 1067/1474/615 1066/1473/2089
f 1087/885/615 1088/1282/616 1068/619/616 1067/1474/615
f 1088/1282/616 1089/328/2090 1069/52/2090 1068/619/616
f 1089/328/2090 1090/58/2017 1070/324/2017 1069/52/2090
f 1090/58/2017 1091/815/2091 1071/1154/2091 1070/324/2017
f 1091/815/2091 1092/596/2013 1072/597/2013 1071/1154/2091
f 1092/596/2013 1093/1477/2092 1073/1309/2092 1072/597/2013
f 1094/1478/2093 1074/1020/2093 1073/1309/2092 1093/1477/2092
f 1095/1479/2094 1075/1475/2094 1074/1020/2093 1094/1478/2093
f 1096/1480/2095 1076/883/2095 1075/1475/2094 1095/1479/2094
f 1097/1481/2096 1077/1476/2096 1076/883/2095 1096/1480/2095
f 1098/56/618 1078/55/618 1077/1476/2096 1097/1481/2096
f 1099/1035/2033 1079/664/2033 1078/1156/618 1098/1161/618
f 1100/60/2082 1080/331/2082 1079/664/2033 1099/1035/2033
f 1101/667/2097 1081/879/2097 1080/331/2082 1100/60/2082
f 1102/598/2027 1082/277/2027 1081/879/2097 1101/667/2097
f 1083/963/2025 1063/882/2025 1082/277/2027 1102/598/2027
f 1026/589/2066 1027/884/2065 1084/280/2087 1083/963/2025
f 1027/884/2065 1028/849/2068 1085/850/2088 1084/280/2087
f 1028/849/2068 998/491/419 1086/283/2089 1085/850/2088
f 998/491/419 1029/490/418 1087/885/615 1086/283/2089
f 1029/490/418 1030/1469/2069 1088/1282/616 1087/885/615
f 1030/1469/2069 1031/612/2071 1089/328/2090 1088/1282/616
f 1031/612/2071 1032/1087/2073 1090/58/2017 1089/328/2090
f 1032/1087/2073 1033/35/2075 1091/815/2091 1090/58/2017
f 1033/35/2075 1034/599/2076 1092/596/2013 1091/815/2091
f 1034/599/2076 1035/961/2077 1093/1477/2092 1092/596/2013
f 1036/1470/2079 1094/1478/2093 1093/1477/2092 1035/961/2077
f 1184/1471/400 1095/1479/2094 1094/1478/2093 1036/1470/2079
f 989/492/399 1096/1480/2095 1095/1479/2094 1184/1471/400
f 1037/318/421 1097/1481/2096 1096/1480/2095 989/492/399
f 1038/616/2080 1098/56/618 1097/1481/2096 1037/318/421
f 1039/962/2081 1099/1035/2033 1098/1161/618 1038/1305/2080
f 1040/875/2082 1100/60/2082 1099/1035/2033 1039/962/2081
f 1041/40/2084 1101/667/2097 1100/60/2082 1040/875/2082
f 1042/373/2086 1102/598/2027 1101/667/2097 1041/40/2084
f 1026/589/2066 1083/963/2025 1102/598/2027 1042/373/2086
f 1178/507/437 1018/510/440 998/1482/419 999/1483/2067
f 999/1483/2067 1000/1462/2044 1178/507/437
f 1018/510/440 1179/509/437 997/475/403 998/1482/419
f 1179/509/437 1016/1484/2098 1103/476/404 997/475/403
f 1015/511/442 1104/1013/598 1103/476/404 1016/1484/2098
f 1180/512/437 1105/369/2040 1104/1013/598 1015/511/442
f 1181/679/437 1106/940/2037 1105/369/2040 1180/512/437
f 1182/730/437 1107/1457/2034 1106/940/2037 1181/679/437
f 1183/639/437 991/1459/2038 1107/1457/2034 1182/730/437
f 1183/639/437 1011/1485/2099 990/1486/2078 991/1459/2038
f 1008/493/422 1007/1487/2100 988/1458/420 1108/473/401
f 1184/472/400 990/1486/2078 1011/1485/2099
f 1007/1487/2100 1006/1488/2101 1109/479/408 988/1458/420
f 1025/513/446 1110/480/409 1109/479/408 1006/1488/2101
f 1175/514/437 1004/477/405 1110/480/409 1025/513/446
f 1176/748/641 1111/478/406 1004/477/405 1175/514/437
f 1177/638/641 1112/1461/2043 1111/478/406 1176/748/641
f 1021/508/437 1113/1460/404 1112/1461/2043 1177/638/641
f 1021/508/437 1178/507/437 1000/1462/2044 1113/1460/404
f 977/83/428 976/250/2102 1117/504/434 1116/496/426
f 978/497/427 1115/495/425 979/103/424
f 976/250/2102 975/516/2103 1118/952/2104 1117/504/434
f 975/516/2103 974/400/2105 1119/668/2106 1118/952/2104
f 969/420/430 987/89/2107 1121/819/626 1120/499/396
f 1119/668/2106 974/400/2105 973/1489/2009
f 987/89/2107 986/90/2108 1122/670/2109 1121/819/626
f 986/90/2108 985/91/2028 1123/626/626 1122/670/2109
f 1115/495/425 1126/502/391 1125/1452/396 1114/494/423
f 984/1490/2026 1123/626/626 985/91/2028
f 1124/501/433 982/86/432 981/505/435
f 978/497/427 1116/496/426 1127/503/396 1126/502/391
f 1117/504/434 1118/952/2104 1128/1364/396 1127/503/396
f 1118/952/2104 1119/668/2106 1129/1451/391 1128/1364/396
f 973/1489/2009 1130/854/396 1129/1451/391 1119/668/2106
f 972/1491/2007 971/465/392 1130/854/396 973/1489/2009
f 1120/499/396 1131/470/398 1168/488/416 970/498/429
f 1120/499/396 1121/819/626 1132/471/396 1131/470/398
f 1121/819/626 1122/670/2109 967/467/395 1132/471/396
f 1122/670/2109 1123/626/626 1133/468/396 967/467/395
f 1123/626/626 984/1490/2026 1134/394/396 1133/468/396
f 984/1490/2026 983/500/431 1135/580/396 1134/394/396
f 1124/501/433 1136/1369/396 1135/580/396 983/500/431
f 1114/494/423 1125/1452/396 1137/362/396 980/506/436
f 1136/1369/396 1124/501/433 981/505/435
f 1015/511/442 1139/74/2110 1138/727/2110 1014/113/443
f 1016/1484/2098 1140/820/2055 1139/74/2055 1015/511/442
f 1017/116/441 1141/723/2111 1140/820/2111 1016/1484/2098
f 1018/510/2112 1142/895/2113 1141/723/2113 1017/116/2112
f 1019/64/439 1143/1492/2114 1142/895/2114 1018/510/440
f 1020/118/2115 1144/676/2116 1143/1492/2116 1019/64/2115
f 1021/508/2117 1145/1040/2118 1144/676/2118 1020/118/2117
f 1021/508/2119 1022/120/2119 1146/1493/2120 1145/1040/2120
f 1022/120/2121 1023/121/2121 1147/349/2051 1146/1493/2051
f 1023/121/2122 1024/122/2122 1148/76/606 1147/349/606
f 1024/122/447 1025/513/446 1149/857/2123 1148/76/2123
f 1025/513/446 1006/1488/2101 1150/633/634 1149/857/634
f 1006/1488/2101 1007/1487/2100 1151/724/2124 1150/633/2045
f 1007/1487/2100 1008/493/422 1152/1043/2125 1151/724/2125
f 1008/493/422 1009/108/445 1153/745/2126 1152/1043/2126
f 1009/108/2127 1010/109/2127 1154/1494/2061 1153/745/2061
f 1010/109/444 1011/1485/2099 1155/859/2128 1154/1494/2128
f 1012/111/2129 1156/636/2130 1155/859/2130 1011/1485/2129
f 1013/112/2131 1157/1495/607 1156/636/607 1012/111/2131
f 1014/113/2132 1138/727/2133 1157/1495/2133 1013/112/2132
f 1139/74/2110 1158/487/414 957/486/414 1138/727/2110
f 1140/820/2055 1159/717/2055 1158/487/2055 1139/74/2055
f 1141/723/2111 960/483/2003 1159/717/2056 1140/820/2111
f 1142/895/2113 1160/484/412 960/483/412 1141/723/2113
f 1143/1492/2114 1161/1467/2054 1160/484/2054 1142/895/2114
f 1144/676/2116 1162/811/2053 1161/1467/2053 1143/1492/2116
f 1145/1040/2118 1163/1465/2052 1162/811/2052 1144/676/2118
f 1145/1040/2120 1146/1493/2120 1164/1466/2048 1163/1465/2048
f 1146/1493/2051 1147/349/2051 966/466/2050 1164/1466/2050
f 1147/349/606 1148/76/606 1165/482/411 966/466/394
f 1148/76/2123 1149/857/2123 1166/1463/2047 1165/482/2046
f 1149/857/634 1150/633/634 1167/1464/634 1166/1463/634
f 1150/633/2045 1151/724/2124 1168/488/416 1167/1464/2045
f 1151/724/2125 1152/1043/2125 1169/489/417 1168/488/416
f 1152/1043/2126 1153/745/2126 1170/1468/2063 1169/489/2062
f 1153/745/2061 1154/1494/2061 1171/842/2061 1170/1468/2061
f 1154/1494/2128 1155/859/2128 1172/739/2060 1171/842/2060
f 1156/636/2130 1173/653/638 1172/739/638 1155/859/2130
f 1157/1495/607 1174/611/2057 1173/653/2057 1156/636/607
f 1138/727/2133 957/486/2001 1174/611/2059 1157/1495/2133
f 1023/121/2134 1176/748/641 1175/514/437 1024/122/447
f 1022/120/2134 1177/638/641 1176/748/641 1023/121/2134
f 1013/112/437 1181/679/437 1180/512/437 1014/113/443
f 1177/638/641 1022/120/2134 1021/508/437
f 1018/510/440 1178/507/437 1019/64/439
f 1016/1484/2098 1179/509/437 1017/116/441
f 1012/111/437 1182/730/437 1181/679/437 1013/112/437
f 1011/1485/2099 1183/639/437 1182/730/437 1012/111/437
f 1205/420/448 1185/533/448 1186/247/448 1206/948/456
f 1184/472/400 1011/1485/2099 1010/109/444
f 1008/493/422 1184/472/400 1009/108/445
f 1206/948/456 1186/247/448 1187/245/448 1207/293/457
f 1207/293/457 1187/245/448 1188/464/448 1208/5/496
f 1208/5/496 1188/464/448 1189/534/448 1209/73/704
f 1209/73/704 1189/534/448 1190/515/448 1210/400/448
f 1212/103/2135 1195/251/448 1196/535/448 1213/391/2136
f 1192/250/469 1193/517/448 1211/83/451
f 1194/71/450 1195/251/448 1212/103/2135
f 1213/391/2136 1196/535/448 1197/485/448 1214/629/448
f 1214/629/448 1197/485/448 1198/254/448 1215/87/448
f 1215/87/448 1198/254/448 1199/518/448 1216/86/453
f 1218/91/455 1217/395/579 1201/536/448 1202/519/448
f 1200/17/452 1201/536/448 1217/395/579
f 1205/420/448 1219/89/2137 1204/469/448 1185/533/448
f 1203/90/454 1204/469/448 1219/89/2137
f 1744/522/458 1938/571/537 1205/754/2138 1206/520/456
f 1757/1496/506 1210/261/2139 1191/585/449 1756/970/560
f 1209/1497/704 1210/261/2139 1757/1496/506
f 1756/970/560 1191/585/449 1192/26/469 1755/1498/585
f 1755/1498/585 1192/26/469 1211/377/451 1754/524/459
f 1753/757/2140 1213/42/2136 1214/31/2141 1760/1059/2142
f 1213/42/2136 1753/757/2140 1212/1499/2135
f 1760/1059/2142 1214/31/2141 1215/375/461 1759/526/460
f 1938/548/537 1758/547/536 1219/32/2137 1205/1091/2138
f 1203/1083/454 1219/32/2137 1758/547/536
f 1768/760/464 1769/1500/466 1222/215/466 1223/414/464
f 1221/366/463 1222/215/466 1769/1500/466
f 1767/1501/464 1768/760/464 1223/414/464 1224/412/464
f 1766/529/466 1767/1501/464 1224/412/464 1225/68/467
f 1765/1502/466 1227/213/566 1228/212/565 1764/1503/466
f 1227/213/566 1765/1502/466 1226/528/465
f 1764/1503/466 1228/212/565 1229/368/466 1763/1504/464
f 1763/1504/464 1229/368/466 1230/474/466 1762/1505/464
f 1761/788/464 1762/1505/464 1230/474/466 1231/838/464
f 1777/1506/464 1761/788/464 1231/838/464 1232/96/563
f 1776/762/464 1777/1506/464 1232/96/563 1233/97/562
f 1775/1507/464 1776/762/464 1233/97/562 1234/415/466
f 1774/531/464 1775/1507/464 1234/415/466 1235/532/464
f 1773/1508/464 1237/419/571 1238/417/535 1772/1509/464
f 1237/419/571 1773/1508/464 1236/530/468
f 1772/1509/464 1238/417/535 1239/481/534 1771/1510/464
f 1771/1510/464 1239/481/534 1220/216/462 1770/527/464
f 1425/141/2143 1296/134/2143 1295/1188/464 1424/142/464
f 1426/540/2143 1297/1189/2143 1296/134/2143 1425/141/2143
f 1426/540/2143 1427/164/2144 1298/1190/2144 1297/1189/2143
f 1427/164/2144 1428/163/2144 1299/229/2144 1298/1190/2144
f 1428/163/2144 1429/175/464 1300/230/464 1299/229/2144
f 1429/175/464 1430/234/466 1301/1191/466 1300/230/464
f 1430/234/466 1431/176/466 1302/1192/466 1301/1191/466
f 1432/166/466 1303/1193/466 1302/1192/466 1431/176/466
f 1413/168/466 1304/559/466 1303/1193/466 1432/166/466
f 1414/169/464 1305/560/464 1304/559/466 1413/168/466
f 1415/171/2145 1306/994/2145 1305/560/464 1414/169/464
f 1416/172/464 1307/1194/464 1306/994/2145 1415/171/2145
f 1416/172/464 1417/138/466 1308/798/466 1307/1194/464
f 1417/138/466 1418/140/583 1309/996/583 1308/798/466
f 1418/140/583 1419/139/464 1310/997/464 1309/996/583
f 1419/139/464 1420/980/2143 1311/1195/2143 1310/997/464
f 1420/980/2143 1421/179/2143 1312/1001/2143 1311/1195/2143
f 1422/231/466 1313/1196/466 1312/1001/2143 1421/179/2143
f 1423/174/466 1314/227/466 1313/1196/466 1422/231/466
f 1424/142/464 1295/1188/464 1314/227/466 1423/174/466
f 1403/135/2146 1404/766/2147 1276/132/2148 1275/131/2149
f 1405/1197/2150 1277/192/2151 1276/132/2148 1404/766/2147
f 1406/1198/2152 1278/188/2153 1277/192/2151 1405/1197/2150
f 1407/1199/2154 1279/191/2155 1278/188/2153 1406/1198/2152
f 1408/1200/2156 1280/189/2157 1279/191/2155 1407/1199/2154
f 1409/1201/2158 1281/764/2159 1280/189/2157 1408/1200/2156
f 1410/1202/2160 1282/158/2161 1281/764/2159 1409/1201/2158
f 1411/1203/2162 1283/149/2163 1282/158/2161 1410/1202/2160
f 1412/1204/2164 1284/150/2165 1283/149/2163 1411/1203/2162
f 1393/1205/2166 1285/159/2167 1284/150/2165 1412/1204/2164
f 1394/1206/2168 1286/125/2169 1285/159/2167 1393/1205/2166
f 1394/1206/2168 1395/1207/2170 1287/126/2171 1286/125/2169
f 1395/1207/2170 1396/1208/2172 1288/127/2173 1287/126/2171
f 1396/1208/2172 1397/1209/2174 1289/151/2175 1288/127/2173
f 1397/1209/2174 1398/1210/2176 1290/217/2177 1289/151/2175
f 1398/1210/2176 1399/1211/2178 1291/129/2179 1290/217/2177
f 1399/1211/2178 1400/1212/2180 1292/153/2181 1291/129/2179
f 1400/1212/2180 1401/1511/2182 1293/152/2183 1292/153/2181
f 1401/1511/2182 1402/1512/2184 1294/156/2185 1293/152/2183
f 1402/1512/2184 1403/135/2146 1275/131/2149 1294/156/2185
f 1715/192/2186 1242/192/453 1241/132/490 1714/132/492
f 1716/188/2187 1243/552/540 1242/192/453 1715/192/2186
f 1717/191/2188 1244/191/541 1243/552/540 1716/188/2187
f 1701/189/2189 1245/189/706 1244/191/541 1717/191/2188
f 1702/157/2190 1246/764/2191 1245/189/706 1701/189/2189
f 1703/158/2192 1247/158/2193 1246/764/2191 1702/157/2190
f 1704/222/2194 1248/149/451 1247/158/2193 1703/158/2192
f 1708/127/498 1709/151/2195 1251/151/2196 1250/127/496
f 1248/149/451 1704/222/2194 1501/150/522
f 1707/126/497 1249/125/495 1706/537/494
f 1709/151/2195 1710/217/2197 1252/217/2198 1251/151/2196
f 1710/217/2197 1711/129/2199 1253/129/2138 1252/217/2198
f 1711/129/2199 1712/153/2200 1254/153/2201 1253/129/2138
f 1712/153/2200 1510/152/524 1255/152/2202 1254/153/2201
f 1296/134/2203 1257/134/2203 1256/1188/2203 1295/1188/2203
f 1713/156/526 1255/152/2202 1510/152/524
f 1297/1189/2204 1258/1189/2204 1257/134/2204 1296/134/2204
f 1297/1189/2205 1298/1190/2205 1259/1190/2205 1258/1189/2205
f 1298/1190/2206 1299/229/2206 1260/229/2206 1259/1190/2206
f 1299/229/2207 1300/230/2207 1261/230/2207 1260/229/2207
f 1300/230/2208 1301/1191/2208 1262/1191/2208 1261/230/2208
f 1301/1191/2209 1302/1192/2209 1263/1192/2209 1262/1191/2209
f 1302/1192/2210 1303/1193/2210 1264/1193/2210 1263/1192/2210
f 1303/1193/2211 1304/559/2211 1869/559/2211 1264/1193/2211
f 1304/559/2212 1305/560/2212 1265/560/550 1869/559/549
f 1305/560/2213 1306/994/2213 1266/994/2213 1265/560/2213
f 1306/994/2214 1307/1194/2214 1267/1194/2214 1266/994/2214
f 1308/798/2215 1268/798/2215 1267/1194/2215 1307/1194/2215
f 1309/996/2216 1269/996/2216 1268/798/2216 1308/798/2216
f 1310/997/2217 1270/997/2217 1269/996/2217 1309/996/2217
f 1311/1195/2218 1271/1195/2218 1270/997/2218 1310/997/2218
f 1312/1001/2219 1272/1001/2219 1271/1195/2219 1311/1195/2219
f 1313/1196/2220 1273/1196/2220 1272/1001/2220 1312/1001/2220
f 1314/227/2221 1274/227/2221 1273/1196/2221 1313/1196/2221
f 1295/1188/2222 1256/1188/2222 1274/227/2222 1314/227/2222
f 1336/188/2223 1334/188/2224 1333/192/2225 1335/192/2226
f 1338/191/2227 1337/191/2228 1334/188/2224 1336/188/2223
f 1340/189/2229 1339/189/706 1337/191/2228 1338/191/2227
f 1342/764/2230 1341/157/2191 1339/189/706 1340/189/2229
f 1344/158/2231 1343/158/2193 1341/157/2191 1342/764/2230
f 1346/149/2232 1345/222/2233 1343/158/2193 1344/158/2231
f 1348/150/2234 1347/150/2235 1345/222/2233 1346/149/2232
f 1350/159/2236 1349/159/578 1347/150/2235 1348/150/2234
f 1352/125/2237 1351/125/495 1349/159/578 1350/159/2236
f 1352/125/2237 1354/126/2238 1353/126/2239 1351/125/495
f 1354/126/2238 1356/127/2240 1355/127/2241 1353/126/2239
f 1356/127/2240 1358/151/2242 1357/151/2196 1355/127/2241
f 1358/151/2242 1360/217/2243 1359/217/2244 1357/151/2196
f 1360/217/2243 1362/129/2245 1361/129/2138 1359/217/2244
f 1362/129/2245 1364/153/2246 1363/153/2247 1361/129/2138
f 1364/153/2246 1366/152/2248 1365/152/2202 1363/153/2247
f 1366/152/2248 1368/156/2249 1367/156/2250 1365/152/2202
f 1368/156/2249 1370/131/2251 1369/131/2252 1367/156/2250
f 1370/131/2251 1372/132/2253 1371/132/2254 1369/131/2252
f 1335/192/2226 1333/192/2225 1371/132/2254 1372/132/2253
f 1315/192/2255 1670/192/2256 1671/188/2257 1316/188/2258
f 1381/192/2259 1277/192/2151 1278/188/2153 1380/188/2260
f 1316/188/2258 1671/188/2257 1672/191/2261 1317/191/2262
f 1380/188/2260 1278/188/2153 1279/191/2155 1379/191/2263
f 1317/191/2262 1672/191/2261 1673/189/2264 1318/189/2265
f 1379/191/2263 1279/191/2155 1280/189/2157 1378/189/2266
f 1318/189/2265 1673/189/2264 1674/157/2267 1319/157/2268
f 1378/189/2266 1280/189/2157 1281/764/2159 1377/764/2269
f 1319/157/2268 1674/157/2267 1675/1069/2270 1320/158/2271
f 1377/764/2269 1281/764/2159 1282/158/2161 1376/158/2272
f 1320/158/2271 1675/1069/2270 1676/222/2273 1321/222/2274
f 1376/158/2272 1282/158/2161 1283/149/2163 1375/149/2275
f 1321/222/2274 1676/222/2273 1677/150/2276 1906/150/546
f 1375/149/2275 1283/149/2163 1284/150/2165 1374/150/2277
f 1906/150/546 1677/150/2276 1678/159/2278 1322/159/559
f 1374/150/2277 1284/150/2165 1285/159/2167 1373/1221/2279
f 1322/159/559 1678/159/2278 1679/125/2280 1323/125/2281
f 1373/1221/2279 1285/159/2167 1286/125/2169 1392/537/2282
f 1679/125/2280 1680/126/2283 1324/126/2284 1323/125/2281
f 1391/126/2285 1392/537/2282 1286/125/2169 1287/126/2171
f 1325/127/2286 1324/126/2284 1680/126/2283 1661/127/2287
f 1390/127/2288 1391/126/2285 1287/126/2171 1288/127/2173
f 1661/127/2287 1662/1263/2289 1326/151/2290 1325/127/2286
f 1389/151/2291 1390/127/2288 1288/127/2173 1289/151/2175
f 1662/1263/2289 1663/1513/2292 1327/217/2293 1326/151/2290
f 1388/217/2294 1389/151/2291 1289/151/2175 1290/217/2177
f 1663/1513/2292 1664/129/2295 1328/129/2296 1327/217/2293
f 1387/129/2297 1388/217/2294 1290/217/2177 1291/129/2179
f 1664/129/2295 1665/128/2298 1329/153/561 1328/129/2296
f 1386/153/2299 1387/129/2297 1291/129/2179 1292/153/2181
f 1385/152/2300 1386/153/2299 1292/153/2181 1293/152/2183
f 1666/152/500 1329/153/561 1665/128/2298
f 1384/1222/2301 1385/152/2300 1293/152/2183 1294/156/2185
f 1667/156/501 1668/131/2302 1331/131/2303 1330/156/499
f 1383/131/2304 1384/1222/2301 1294/156/2185 1275/131/2149
f 1668/131/2302 1669/132/2305 1332/132/2306 1331/131/2303
f 1382/132/2307 1383/131/2304 1275/131/2149 1276/132/2148
f 1332/132/2306 1669/132/2305 1670/192/2256 1315/192/2255
f 1382/132/2307 1276/132/2148 1277/192/2151 1381/192/2259
f 1348/150/2308 1374/150/2277 1373/1221/2279 1350/159/2309
f 1346/149/2310 1375/149/2275 1374/150/2277 1348/150/2308
f 1344/158/2311 1376/158/2272 1375/149/2275 1346/149/2310
f 1342/764/2312 1377/764/2269 1376/158/2272 1344/158/2311
f 1340/189/2313 1378/189/2266 1377/764/2269 1342/764/2312
f 1338/191/2314 1379/191/2263 1378/189/2266 1340/189/2313
f 1336/188/2315 1380/188/2260 1379/191/2263 1338/191/2314
f 1335/192/2316 1381/192/2259 1380/188/2260 1336/188/2315
f 1372/132/2317 1382/132/2307 1381/192/2259 1335/192/2316
f 1372/132/2317 1370/131/2318 1383/131/2304 1382/132/2307
f 1370/131/2318 1368/156/2319 1384/1222/2301 1383/131/2304
f 1368/156/2319 1366/152/2320 1385/152/2300 1384/1222/2301
f 1366/152/2320 1364/153/2321 1386/153/2299 1385/152/2300
f 1364/153/2321 1362/129/2322 1387/129/2297 1386/153/2299
f 1362/129/2322 1360/217/2323 1388/217/2294 1387/129/2297
f 1360/217/2323 1358/151/2324 1389/151/2291 1388/217/2294
f 1358/151/2324 1356/127/2325 1390/127/2288 1389/151/2291
f 1356/127/2325 1354/126/2326 1391/126/2285 1390/127/2288
f 1354/126/2326 1352/125/2327 1392/537/2282 1391/126/2285
f 1350/159/2309 1373/1221/2279 1392/537/2282 1352/125/2327
f 1872/1514/2328 1394/1206/2168 1393/1205/2166 1871/995/2329
f 1872/1514/2328 1873/799/2330 1395/1207/2170 1394/1206/2168
f 1873/799/2330 1874/1515/2331 1396/1208/2172 1395/1207/2170
f 1874/1515/2331 1875/998/2332 1397/1209/2174 1396/1208/2172
f 1875/998/2332 1876/1516/2333 1398/1210/2176 1397/1209/2174
f 1876/1516/2333 1877/999/2334 1399/1211/2178 1398/1210/2176
f 1877/999/2334 1878/1517/2335 1400/1212/2180 1399/1211/2178
f 1878/1517/2335 1879/1518/2336 1401/1511/2182 1400/1212/2180
f 1879/1518/2336 1880/1519/2337 1402/1512/2184 1401/1511/2182
f 1880/1519/2337 1881/1520/2338 1403/135/2146 1402/1512/2184
f 1881/1520/2338 1882/768/2339 1404/766/2147 1403/135/2146
f 1883/1521/2340 1405/1197/2150 1404/766/2147 1882/768/2339
f 1884/1522/2341 1406/1198/2152 1405/1197/2150 1883/1521/2340
f 1885/228/2342 1407/1199/2154 1406/1198/2152 1884/1522/2341
f 1886/1523/2343 1408/1200/2156 1407/1199/2154 1885/228/2342
f 1887/1524/2344 1409/1201/2158 1408/1200/2156 1886/1523/2343
f 1888/1525/2345 1410/1202/2160 1409/1201/2158 1887/1524/2344
f 1869/559/549 1411/1203/2162 1410/1202/2160 1888/1525/2345
f 1870/561/551 1412/1204/2164 1411/1203/2162 1869/559/549
f 1871/995/2329 1393/1205/2166 1412/1204/2164 1870/561/551
f 1648/1526/2346 1454/169/2347 1453/168/510 1647/776/2348
f 1649/1527/2349 1455/171/2350 1454/169/2347 1648/1526/2346
f 1650/1528/2351 1456/172/2352 1455/171/2350 1649/1527/2349
f 1650/1528/2351 1651/137/2353 1457/138/2354 1456/172/2352
f 1651/137/2353 1652/769/2355 1458/140/2356 1457/138/2354
f 1652/769/2355 1653/1529/2357 1459/139/2358 1458/140/2356
f 1653/1529/2357 1654/1530/2359 1460/980/2360 1459/139/2358
f 1654/1530/2359 1655/771/2361 1461/179/2361 1460/980/2360
f 1656/1531/2362 1462/231/2363 1461/179/2361 1655/771/2361
f 1657/1532/2364 1463/174/2365 1462/231/2363 1656/1531/2362
f 1658/1533/2366 1464/142/2367 1463/174/2365 1657/1532/2364
f 1659/1061/2368 1465/141/2369 1464/142/2367 1658/1533/2366
f 1660/1534/2370 1466/233/512 1465/141/2369 1659/1061/2368
f 1660/1534/2370 1641/772/2371 1467/164/513 1466/233/512
f 1641/772/2371 1642/1535/2372 1468/163/2373 1467/164/513
f 1642/1535/2372 1643/1536/2374 1469/175/2374 1468/163/2373
f 1643/1536/2374 1644/1537/2375 1470/234/2376 1469/175/2374
f 1645/774/2377 1471/176/2377 1470/234/2376 1644/1537/2375
f 1646/1538/2378 1472/166/509 1471/176/2377 1645/774/2377
f 1647/776/2348 1453/168/510 1472/166/509 1646/1538/2378
f 1905/169/515 1414/169/2379 1413/168/2380 1904/167/511
f 1575/171/517 1415/171/2381 1414/169/2379 1905/169/515
f 1576/172/2382 1416/172/2383 1415/171/2381 1575/171/517
f 1576/172/2382 1577/138/2384 1417/138/2385 1416/172/2383
f 1577/138/2384 1578/140/555 1418/140/2386 1417/138/2385
f 1578/140/555 1579/139/556 1419/139/2387 1418/140/2386
f 1579/139/556 1580/980/2388 1420/980/2389 1419/139/2387
f 1580/980/2388 1581/179/2390 1421/179/2391 1420/980/2389
f 1581/179/2390 1895/983/2392 1422/231/2393 1421/179/2391
f 1895/983/2392 1896/174/519 1423/174/2394 1422/231/2393
f 1896/174/519 1582/142/518 1424/142/2395 1423/174/2394
f 1582/142/518 1600/141/557 1425/141/2396 1424/142/2395
f 1600/141/557 1897/540/520 1426/540/2397 1425/141/2396
f 1569/164/521 1427/164/2398 1426/540/2397 1897/540/520
f 1570/163/2399 1428/163/2400 1427/164/2398 1569/164/521
f 1571/175/2401 1429/175/2402 1428/163/2400 1570/163/2399
f 1572/234/2403 1430/234/2404 1429/175/2402 1571/175/2401
f 1573/1067/2405 1431/176/2406 1430/234/2404 1572/234/2403
f 1574/166/2407 1432/166/2408 1431/176/2406 1573/1067/2405
f 1904/167/511 1413/168/2380 1432/166/2408 1574/166/2407
f 1615/105/2409 1616/1406/2410 1433/104/2411 1434/105/2412
f 1614/778/2413 1615/105/2409 1434/105/2412 1435/107/2414
f 1613/108/2415 1614/778/2413 1435/107/2414 1436/108/2416
f 1612/109/2417 1613/108/2415 1436/108/2416 1437/109/2418
f 1611/143/2419 1612/109/2417 1437/109/2418 1438/110/2420
f 1611/143/2419 1438/110/2420 1439/111/2421 1610/977/2422
f 1610/977/2422 1439/111/2421 1440/112/504 1609/112/503
f 1608/114/2423 1442/114/2424 1443/115/2425 1607/115/2426
f 1442/114/2424 1608/114/2423 1441/538/502
f 1607/115/2426 1443/115/2425 1444/116/2427 1606/116/2428
f 1606/116/2428 1444/116/2427 1445/117/2429 1605/146/2430
f 1605/146/2430 1445/117/2429 1446/64/2431 1604/184/2432
f 1604/184/2432 1446/64/2431 1447/118/2433 1603/118/2434
f 1603/118/2434 1447/118/2433 1448/119/2435 1602/119/2436
f 1620/1539/2437 1602/119/2436 1448/119/2435 1449/120/2438
f 1619/121/2439 1620/1539/2437 1449/120/2438 1450/121/2440
f 1618/1540/2441 1619/121/2439 1450/121/2440 1451/122/2442
f 1617/123/2443 1618/1540/2441 1451/122/2442 1452/123/2444
f 1616/1406/2410 1617/123/2443 1452/123/2444 1433/104/2411
f 1733/188/460 1495/188/2445 1494/192/2446 1732/192/734
f 1734/191/2142 1496/191/2447 1495/188/2445 1733/188/460
f 1718/189/2448 1497/189/2449 1496/191/2447 1734/191/2142
f 1719/157/735 1498/764/2450 1497/189/2449 1718/189/2448
f 1519/158/545 1499/158/2451 1498/764/2450 1719/157/735
f 1520/222/528 1500/149/2452 1499/158/2451 1519/158/545
f 1720/150/529 1501/150/522 1500/149/2452 1520/222/528
f 1721/159/560 1502/159/523 1501/150/522 1720/150/529
f 1722/125/506 1503/125/2453 1502/159/523 1721/159/560
f 1722/125/506 1723/126/505 1504/126/2454 1503/125/2453
f 1723/126/505 1724/127/2455 1505/127/2456 1504/126/2454
f 1724/127/2455 1725/151/2457 1506/151/2458 1505/127/2456
f 1725/151/2457 1726/217/2459 1507/217/2460 1506/151/2458
f 1726/217/2459 1727/129/537 1508/129/2461 1507/217/2460
f 1727/129/537 1728/153/536 1509/153/2462 1508/129/2461
f 1728/153/536 1729/152/533 1510/152/524 1509/153/2462
f 1729/152/533 1730/156/508 1511/156/525 1510/152/524
f 1730/156/508 1529/155/507 1512/131/491 1511/156/525
f 1529/155/507 1731/132/530 1513/132/527 1512/131/491
f 1732/192/734 1494/192/2446 1513/132/527 1731/132/530
f 1532/188/460 1515/188/460 1514/192/734 1531/192/734
f 1533/191/2142 1516/191/2142 1515/188/460 1532/188/460
f 1534/189/705 1517/189/2448 1516/191/2142 1533/191/2142
f 1535/157/735 1518/157/735 1517/189/2448 1534/189/705
f 1536/158/545 1519/158/545 1518/157/735 1535/157/735
f 1537/222/528 1520/222/528 1519/158/545 1536/158/545
f 1538/150/529 1521/150/529 1520/222/528 1537/222/528
f 1539/159/560 1522/159/560 1521/150/529 1538/150/529
f 1541/126/505 1542/127/2455 1524/127/2455 1523/126/505
f 1522/159/560 1539/159/560 1540/125/506
f 1542/127/2455 1543/151/2457 1525/151/2457 1524/127/2455
f 1543/151/2457 1544/217/2459 1526/217/2459 1525/151/2457
f 1544/217/2459 1545/129/537 1527/129/537 1526/217/2459
f 1545/129/537 1546/153/536 1528/153/536 1527/129/537
f 1549/131/507 1550/132/530 1530/132/530 1529/155/507
f 1547/154/533 1528/153/536 1546/153/536
f 1531/192/734 1514/192/734 1530/132/530 1550/132/530
f 1691/188/460 1532/188/460 1531/192/734 1690/192/734
f 1692/191/2142 1533/191/2142 1532/188/460 1691/188/460
f 1693/189/705 1534/189/705 1533/191/2142 1692/191/2142
f 1694/157/735 1535/157/735 1534/189/705 1693/189/705
f 1695/158/545 1536/158/545 1535/157/735 1694/157/735
f 1696/222/528 1537/222/528 1536/158/545 1695/158/545
f 1697/150/529 1538/150/529 1537/222/528 1696/222/528
f 1698/159/560 1539/159/560 1538/150/529 1697/150/529
f 1699/125/506 1540/125/506 1539/159/560 1698/159/560
f 1699/125/506 1700/126/505 1541/126/505 1540/125/506
f 1700/126/505 1681/127/2455 1542/127/2455 1541/126/505
f 1681/127/2455 1682/151/2457 1543/151/2457 1542/127/2455
f 1682/151/2457 1683/217/2459 1544/217/2459 1543/151/2457
f 1683/217/2459 1684/129/537 1545/129/537 1544/217/2459
f 1684/129/537 1685/153/536 1546/153/536 1545/129/537
f 1685/153/536 1686/154/533 1547/154/533 1546/153/536
f 1686/154/533 1687/156/508 1548/156/508 1547/154/533
f 1687/156/508 1688/131/507 1549/131/507 1548/156/508
f 1688/131/507 1689/132/530 1550/132/530 1549/131/507
f 1690/192/734 1531/192/734 1550/132/530 1689/132/530
f 1468/163/2463 1552/163/2464 1551/164/514 1467/164/513
f 1469/175/2465 1553/175/2466 1552/163/2464 1468/163/2463
f 1470/234/2467 1554/234/2468 1553/175/2466 1469/175/2465
f 1471/176/2469 1555/176/2470 1554/234/2468 1470/234/2467
f 1454/169/2471 1557/169/515 1556/168/511 1453/168/510
f 1555/176/2470 1471/176/2469 1472/166/509
f 1455/171/2472 1558/171/516 1557/169/515 1454/169/2471
f 1456/172/2473 1559/162/552 1558/171/516 1455/171/2472
f 1456/172/2473 1457/138/2474 1560/138/2475 1559/162/552
f 1457/138/2474 1458/140/2476 1561/984/2477 1560/138/2475
f 1458/140/2476 1459/139/2478 1562/139/556 1561/984/2477
f 1459/139/2478 1460/980/2479 1563/980/2388 1562/139/556
f 1460/980/2479 1461/179/2480 1564/179/2481 1563/980/2388
f 1461/179/2480 1462/231/2482 1565/231/2483 1564/179/2481
f 1462/231/2482 1463/174/2484 1566/174/2485 1565/231/2483
f 1463/174/2484 1464/142/2486 1567/142/2487 1566/174/2485
f 1464/142/2486 1465/141/2369 1568/141/2488 1567/142/2487
f 1899/165/2464 1570/163/2399 1569/164/521 1898/541/521
f 1466/233/512 1568/141/2488 1465/141/2369
f 1900/800/2489 1571/175/2401 1570/163/2399 1899/165/2464
f 1901/234/2490 1572/234/2403 1571/175/2401 1900/800/2489
f 1902/1067/2491 1573/1067/2405 1572/234/2403 1901/234/2490
f 1903/1068/2492 1574/166/2407 1573/1067/2405 1902/1067/2491
f 1890/562/553 1576/172/2382 1575/171/517 1889/539/516
f 1574/166/2407 1903/1068/2492 1904/167/511
f 1890/562/553 1891/173/2493 1577/138/2384 1576/172/2382
f 1891/173/2493 1593/564/555 1578/140/555 1577/138/2384
f 1593/564/555 1892/563/554 1579/139/556 1578/140/555
f 1892/563/554 1893/980/2494 1580/980/2388 1579/139/556
f 1893/980/2494 1894/179/2495 1581/179/2390 1580/980/2388
f 1552/163/2464 1584/1541/2464 1583/164/514 1551/164/514
f 1895/983/2392 1581/179/2390 1894/179/2495
f 1600/141/557 1582/142/518 1599/142/518
f 1553/175/2466 1585/175/2466 1584/1541/2464 1552/163/2464
f 1554/234/2468 1586/784/2496 1585/175/2466 1553/175/2466
f 1555/176/2470 1587/1067/2497 1586/784/2496 1554/234/2468
f 1472/166/509 1588/1542/2498 1587/1067/2497 1555/176/2470
f 1556/168/511 1589/167/511 1588/1542/2498 1472/166/509
f 1557/169/515 1590/1543/515 1589/167/511 1556/168/511
f 1558/171/516 1889/539/516 1590/1543/515 1557/169/515
f 1559/162/552 1591/162/552 1889/539/516 1558/171/516
f 1559/162/552 1560/138/2475 1592/138/2475 1591/162/552
f 1560/138/2475 1561/984/2477 1593/564/555 1592/138/2475
f 1561/984/2477 1562/139/556 1594/139/556 1593/564/555
f 1562/139/556 1563/980/2388 1595/1544/2388 1594/139/556
f 1563/980/2388 1564/179/2481 1596/978/2499 1595/1544/2388
f 1564/179/2481 1565/231/2483 1597/1545/2483 1596/978/2499
f 1565/231/2483 1566/174/2485 1598/174/2500 1597/1545/2483
f 1566/174/2485 1567/142/2487 1599/142/518 1598/174/2500
f 1567/142/2487 1568/141/2488 1600/141/557 1599/142/518
f 1568/141/2488 1466/233/512 1601/233/558 1600/141/557
f 1551/164/514 1583/164/514 1601/233/558 1466/233/512
f 1488/118/2501 1603/118/2434 1602/119/2436 1489/119/2502
f 1487/64/2503 1604/184/2432 1603/118/2434 1488/118/2501
f 1486/117/2504 1605/146/2430 1604/184/2432 1487/64/2503
f 1485/116/2505 1606/116/2428 1605/146/2430 1486/117/2504
f 1484/115/2506 1607/115/2426 1606/116/2428 1485/116/2505
f 1483/114/2507 1608/114/2423 1607/115/2426 1484/115/2506
f 1482/113/2508 1441/538/502 1608/114/2423 1483/114/2507
f 1481/112/2509 1609/112/503 1441/538/502 1482/113/2508
f 1480/111/2510 1610/977/2422 1609/112/503 1481/112/2509
f 1479/110/2511 1611/143/2419 1610/977/2422 1480/111/2510
f 1479/110/2511 1478/109/2512 1612/109/2417 1611/143/2419
f 1478/109/2512 1477/108/2513 1613/108/2415 1612/109/2417
f 1477/108/2513 1476/107/2514 1614/778/2413 1613/108/2415
f 1476/107/2514 1474/105/2515 1615/105/2409 1614/778/2413
f 1474/105/2515 1473/104/2516 1616/1406/2410 1615/105/2409
f 1473/104/2516 1493/123/2517 1617/123/2443 1616/1406/2410
f 1493/123/2517 1492/122/2518 1618/1540/2441 1617/123/2443
f 1492/122/2518 1491/121/2519 1619/121/2439 1618/1540/2441
f 1491/121/2519 1490/120/2520 1620/1539/2437 1619/121/2439
f 1490/120/2520 1489/119/2502 1602/119/2436 1620/1539/2437
f 1447/118/2371 1446/64/2521 1622/1546/2372 1621/1547/2522
f 1446/64/2521 1445/117/2523 1623/183/2374 1622/1546/2372
f 1445/117/2523 1444/116/2375 1624/1548/2375 1623/183/2374
f 1443/115/2524 1625/185/2377 1624/1548/2375 1444/116/2375
f 1442/114/2424 1626/1549/2378 1625/185/2377 1443/115/2524
f 1441/538/502 1627/1550/2525 1626/1549/2378 1442/114/2424
f 1440/112/2526 1628/1551/2346 1627/1550/2525 1441/538/502
f 1439/111/2527 1629/1552/2528 1628/1551/2346 1440/112/2526
f 1438/110/2351 1630/1553/2351 1629/1552/2528 1439/111/2527
f 1438/110/2351 1437/109/2529 1631/1554/2353 1630/1553/2351
f 1437/109/2529 1436/108/2530 1632/1555/2355 1631/1554/2353
f 1436/108/2530 1435/107/2531 1633/1556/2357 1632/1555/2355
f 1435/107/2531 1434/105/2532 1634/1557/2533 1633/1556/2357
f 1434/105/2532 1433/104/2361 1635/1558/2361 1634/1557/2533
f 1452/123/2362 1636/785/2362 1635/1558/2361 1433/104/2361
f 1451/122/2534 1637/1559/2364 1636/785/2362 1452/123/2362
f 1450/121/2535 1638/1560/2366 1637/1559/2364 1451/122/2534
f 1449/120/2368 1639/787/2368 1638/1560/2366 1450/121/2535
f 1448/119/2370 1640/986/2370 1639/787/2368 1449/120/2368
f 1448/119/2370 1447/118/2371 1621/1547/2522 1640/986/2370
f 1621/1547/2522 1622/1546/2372 1642/1535/2372 1641/772/2371
f 1622/1546/2372 1623/183/2374 1643/1536/2374 1642/1535/2372
f 1623/183/2374 1624/1548/2375 1644/1537/2375 1643/1536/2374
f 1625/185/2377 1645/774/2377 1644/1537/2375 1624/1548/2375
f 1626/1549/2378 1646/1538/2378 1645/774/2377 1625/185/2377
f 1627/1550/2525 1647/776/2348 1646/1538/2378 1626/1549/2378
f 1628/1551/2346 1648/1526/2346 1647/776/2348 1627/1550/2525
f 1629/1552/2528 1649/1527/2349 1648/1526/2346 1628/1551/2346
f 1630/1553/2351 1650/1528/2351 1649/1527/2349 1629/1552/2528
f 1630/1553/2351 1631/1554/2353 1651/137/2353 1650/1528/2351
f 1631/1554/2353 1632/1555/2355 1652/769/2355 1651/137/2353
f 1632/1555/2355 1633/1556/2357 1653/1529/2357 1652/769/2355
f 1633/1556/2357 1634/1557/2533 1654/1530/2359 1653/1529/2357
f 1634/1557/2533 1635/1558/2361 1655/771/2361 1654/1530/2359
f 1636/785/2362 1656/1531/2362 1655/771/2361 1635/1558/2361
f 1637/1559/2364 1657/1532/2364 1656/1531/2362 1636/785/2362
f 1638/1560/2366 1658/1533/2366 1657/1532/2364 1637/1559/2364
f 1639/787/2368 1659/1061/2368 1658/1533/2366 1638/1560/2366
f 1640/986/2370 1660/1534/2370 1659/1061/2368 1639/787/2368
f 1640/986/2370 1621/1547/2522 1641/772/2371 1660/1534/2370
f 1818/127/2287 1819/1263/2289 1662/1263/2289 1661/127/2287
f 1819/1263/2289 1820/217/2292 1663/1513/2292 1662/1263/2289
f 1820/217/2292 1821/129/2295 1664/129/2295 1663/1513/2292
f 1821/129/2295 1822/153/2298 1665/128/2298 1664/129/2295
f 1822/153/2298 1823/152/2536 1666/152/500 1665/128/2298
f 1823/152/2536 1824/1222/501 1667/156/501 1666/152/500
f 1824/1222/501 1825/131/2302 1668/131/2302 1667/156/501
f 1825/131/2302 1826/132/2537 1669/132/2305 1668/131/2302
f 1669/132/2305 1826/132/2537 1827/192/2256 1670/192/2256
f 1670/192/2256 1827/192/2256 1828/188/2257 1671/188/2257
f 1671/188/2257 1828/188/2257 1809/191/2261 1672/191/2261
f 1672/191/2261 1809/191/2261 1810/189/2264 1673/189/2264
f 1673/189/2264 1810/189/2264 1811/157/2267 1674/157/2267
f 1674/157/2267 1811/157/2267 1812/158/2270 1675/1069/2270
f 1675/1069/2270 1812/158/2270 1813/222/2273 1676/222/2273
f 1676/222/2273 1813/222/2273 1814/150/2276 1677/150/2276
f 1677/150/2276 1814/150/2276 1815/159/2278 1678/159/2278
f 1678/159/2278 1815/159/2278 1816/537/2280 1679/125/2280
f 1816/537/2280 1817/126/2283 1680/126/2283 1679/125/2280
f 1817/126/2283 1818/127/2287 1661/127/2287 1680/126/2283
f 1800/127/2455 1801/151/576 1682/151/2457 1681/127/2455
f 1801/151/576 1802/217/532 1683/217/2459 1682/151/2457
f 1802/217/532 1803/129/537 1684/129/537 1683/217/2459
f 1803/129/537 1329/153/561 1685/153/536 1684/129/537
f 1329/153/561 1913/558/547 1686/154/533 1685/153/536
f 1913/558/547 1804/156/508 1687/156/508 1686/154/533
f 1804/156/508 1805/131/580 1688/131/507 1687/156/508
f 1805/131/580 1806/132/530 1689/132/530 1688/131/507
f 1807/192/734 1690/192/734 1689/132/530 1806/132/530
f 1808/188/460 1691/188/460 1690/192/734 1807/192/734
f 1794/191/2538 1692/191/2142 1691/188/460 1808/188/460
f 1920/189/2539 1693/189/705 1692/191/2142 1794/191/2538
f 1921/557/544 1694/157/735 1693/189/705 1920/189/2539
f 1795/158/545 1695/158/545 1694/157/735 1921/557/544
f 1923/222/528 1696/222/528 1695/158/545 1795/158/545
f 1796/150/529 1697/150/529 1696/222/528 1923/222/528
f 1797/159/560 1698/159/560 1697/150/529 1796/150/529
f 1798/125/2540 1699/125/506 1698/159/560 1797/159/560
f 1798/125/2540 1799/126/505 1700/126/505 1699/125/506
f 1799/126/505 1800/127/2455 1681/127/2455 1700/126/505
f 1497/189/2449 1498/764/2450 1702/157/2190 1701/189/2189
f 1498/764/2450 1499/158/2451 1703/158/2192 1702/157/2190
f 1499/158/2451 1500/149/2452 1704/222/2194 1703/158/2192
f 1502/159/523 1503/125/2453 1706/537/494 1705/159/493
f 1501/150/522 1704/222/2194 1500/149/2452
f 1504/126/2454 1707/126/497 1706/537/494 1503/125/2453
f 1505/127/2456 1708/127/498 1707/126/497 1504/126/2454
f 1506/151/2458 1709/151/2195 1708/127/498 1505/127/2456
f 1507/217/2460 1710/217/2197 1709/151/2195 1506/151/2458
f 1508/129/2461 1711/129/2199 1710/217/2197 1507/217/2460
f 1509/153/2462 1712/153/2200 1711/129/2199 1508/129/2461
f 1513/132/527 1494/192/2446 1715/192/2186 1714/132/492
f 1712/153/2200 1509/153/2462 1510/152/524
f 1713/156/526 1511/156/525 1512/131/491
f 1494/192/2446 1495/188/2445 1716/188/2187 1715/192/2186
f 1495/188/2445 1496/191/2447 1717/191/2188 1716/188/2187
f 1496/191/2447 1497/189/2449 1701/189/2189 1717/191/2188
f 1518/157/735 1719/157/735 1718/189/2448 1517/189/2448
f 1522/159/560 1721/159/560 1720/150/529 1521/150/529
f 1719/157/735 1518/157/735 1519/158/545
f 1540/125/506 1722/125/506 1721/159/560 1522/159/560
f 1540/125/506 1523/126/505 1723/126/505 1722/125/506
f 1523/126/505 1524/127/2455 1724/127/2455 1723/126/505
f 1524/127/2455 1525/151/2457 1725/151/2457 1724/127/2455
f 1525/151/2457 1526/217/2459 1726/217/2459 1725/151/2457
f 1526/217/2459 1527/129/537 1727/129/537 1726/217/2459
f 1527/129/537 1528/153/536 1728/153/536 1727/129/537
f 1528/153/536 1547/154/533 1729/152/533 1728/153/536
f 1547/154/533 1548/156/508 1730/156/508 1729/152/533
f 1514/192/734 1732/192/734 1731/132/530 1530/132/530
f 1529/155/507 1730/156/508 1548/156/508
f 1515/188/460 1733/188/460 1732/192/734 1514/192/734
f 1516/191/2142 1734/191/2142 1733/188/460 1515/188/460
f 1517/189/2448 1718/189/2448 1734/191/2142 1516/191/2142
f 1944/1076/2541 1736/1235/735 1735/1236/705 1943/1004/705
f 1945/1561/2542 1737/1562/545 1736/1235/735 1944/1076/2541
f 1228/573/565 1738/1563/528 1737/1562/545 1945/1561/2542
f 1946/574/567 1739/568/529 1738/1563/528 1228/573/565
f 1226/1241/465 1740/569/560 1739/568/529 1946/574/567
f 1225/576/467 1741/1564/506 1740/569/560 1226/1241/465
f 1225/576/467 1947/575/568 1742/1565/505 1741/1564/506
f 1947/575/568 1948/802/2455 1743/1566/2455 1742/1565/505
f 1950/543/532 1951/1567/537 1745/572/537 1744/522/458
f 1949/542/531 1743/1566/2455 1948/802/2455
f 1238/546/535 1952/577/570 1747/566/508 1746/544/533
f 1239/545/534 1745/1568/537 1951/1569/537
f 1952/577/570 1953/1078/2543 1748/567/507 1747/566/508
f 1953/1078/2543 1940/1570/530 1749/1571/530 1748/567/507
f 1749/1571/530 1940/1570/530 1941/1003/2544 1750/1572/734
f 1233/240/562 1751/236/460 1750/1572/734 1941/1003/2544
f 1942/242/564 1752/1249/2142 1751/236/460 1233/240/562
f 1943/1004/705 1735/1236/705 1752/1249/2142 1942/242/564
f 1931/1573/2545 1212/1499/2135 1753/757/2140 1930/1252/705
f 1932/1574/545 1194/523/450 1212/1499/2135 1931/1573/2545
f 1738/1563/528 1754/524/459 1194/523/450 1932/1574/545
f 1739/568/529 1755/1498/585 1754/524/459 1738/1563/528
f 1933/570/560 1756/970/560 1755/1498/585 1739/568/529
f 1934/1575/506 1757/1496/506 1756/970/560 1933/570/560
f 1934/1575/506 1935/1576/505 1209/1497/704 1757/1496/506
f 1935/1576/505 1936/1577/2455 1208/1578/496 1209/1497/704
f 1936/1577/2455 1937/987/2457 1207/521/457 1208/1578/496
f 1939/549/536 1924/1073/533 1203/1083/454 1758/547/536
f 1744/522/458 1207/521/457 1937/987/2457
f 1924/1073/533 1747/566/508 1218/409/455 1203/1083/454
f 1747/566/508 1925/565/507 1217/1579/579 1218/409/455
f 1925/565/507 1926/1580/530 1200/1581/452 1217/1579/579
f 1200/1581/452 1926/1580/530 1927/1582/734 1216/525/453
f 1928/1583/460 1759/526/460 1216/525/453 1927/1582/734
f 1929/210/2142 1760/1059/2142 1759/526/460 1928/1583/460
f 1930/1252/705 1753/757/2140 1760/1059/2142 1929/210/2142
f 1778/789/2546 1779/1584/2547 1762/1505/464 1761/788/464
f 1780/988/2548 1763/1504/464 1762/1505/464 1779/1584/2547
f 1781/1585/2549 1764/1503/466 1763/1504/464 1780/988/2548
f 1782/790/2550 1765/1502/466 1764/1503/466 1781/1585/2549
f 1705/159/493 1226/528/465 1765/1502/466 1782/790/2550
f 1783/550/538 1766/529/466 1226/528/465 1705/159/493
f 1783/550/538 1707/126/497 1767/1501/464 1766/529/466
f 1707/126/497 1784/551/539 1768/760/464 1767/1501/464
f 1784/551/539 1785/1586/2551 1769/1500/466 1768/760/464
f 1785/1586/2551 1786/791/2552 1221/366/463 1769/1500/466
f 1786/791/2552 1787/991/2553 1770/527/464 1221/366/463
f 1788/1587/2554 1771/1510/464 1770/527/464 1787/991/2553
f 1789/1588/2555 1772/1509/464 1771/1510/464 1788/1587/2554
f 1790/1589/2556 1773/1508/464 1772/1509/464 1789/1588/2555
f 1791/1590/2557 1236/530/468 1773/1508/464 1790/1589/2556
f 1241/132/490 1774/531/464 1236/530/468 1791/1590/2557
f 1241/132/490 1792/1591/2558 1775/1507/464 1774/531/464
f 1792/1591/2558 1243/552/540 1776/762/464 1775/1507/464
f 1243/552/540 1793/553/542 1777/1506/464 1776/762/464
f 1793/553/542 1778/789/2546 1761/788/464 1777/1506/464
f 1246/764/709 1779/1584/2547 1778/789/2546 1245/189/448
f 1246/764/709 1247/158/709 1780/988/2548 1779/1584/2547
f 1247/158/709 1248/149/451 1781/1585/2549 1780/988/2548
f 1248/149/451 1501/150/522 1782/790/2550 1781/1585/2549
f 1251/151/448 1785/1586/2551 1784/551/539 1250/127/496
f 1705/159/493 1782/790/2550 1501/150/522
f 1783/550/538 1249/125/448 1707/126/497
f 1252/217/448 1786/791/2552 1785/1586/2551 1251/151/448
f 1253/129/448 1787/991/2553 1786/791/2552 1252/217/448
f 1253/129/448 1254/153/448 1788/1587/2554 1787/991/2553
f 1254/153/448 1255/152/448 1789/1588/2555 1788/1587/2554
f 1255/152/448 1713/156/526 1790/1589/2556 1789/1588/2555
f 1713/156/526 1512/131/491 1791/1590/2557 1790/1589/2556
f 1245/189/448 1778/789/2546 1793/553/542 1244/191/541
f 1241/132/490 1791/1590/2557 1512/131/491
f 1242/192/453 1792/1591/2558 1241/132/490
f 1792/1591/2558 1242/192/453 1243/552/540
f 1907/159/560 1797/159/560 1796/150/529 1906/150/546
f 1794/191/2538 1919/191/2559 1920/189/2539
f 1795/158/545 1922/158/545 1923/222/528
f 1908/125/2540 1798/125/2540 1797/159/560 1907/159/560
f 1908/125/2540 1909/126/2560 1799/126/505 1798/125/2540
f 1909/126/2560 1910/127/2561 1800/127/2455 1799/126/505
f 1910/127/2561 1911/151/2562 1801/151/576 1800/127/2455
f 1911/151/2562 1912/217/2563 1802/217/532 1801/151/576
f 1912/217/2563 1328/129/2296 1803/129/537 1802/217/532
f 1914/156/548 1915/131/507 1805/131/580 1804/156/508
f 1329/153/561 1803/129/537 1328/129/2296
f 1915/131/507 1916/132/530 1806/132/530 1805/131/580
f 1917/192/734 1807/192/734 1806/132/530 1916/132/530
f 1918/188/460 1808/188/460 1807/192/734 1917/192/734
f 1919/191/2559 1794/191/2538 1808/188/460 1918/188/460
f 1809/191/2261 1829/191/2261 1830/189/2264 1810/189/2264
f 1810/189/2264 1830/189/2264 1831/157/2267 1811/157/2267
f 1811/157/2267 1831/157/2267 1832/158/2270 1812/158/2270
f 1812/158/2270 1832/158/2270 1833/222/2273 1813/222/2273
f 1813/222/2273 1833/222/2273 1834/150/2276 1814/150/2276
f 1814/150/2276 1834/150/2276 1835/159/2278 1815/159/2278
f 1815/159/2278 1835/159/2278 1836/537/2280 1816/537/2280
f 1836/537/2280 1837/126/2283 1817/126/2283 1816/537/2280
f 1837/126/2283 1838/127/2287 1818/127/2287 1817/126/2283
f 1838/127/2287 1839/1263/2289 1819/1263/2289 1818/127/2287
f 1839/1263/2289 1840/217/2292 1820/217/2292 1819/1263/2289
f 1840/217/2292 1841/129/2564 1821/129/2295 1820/217/2292
f 1841/129/2564 1842/153/2298 1822/153/2298 1821/129/2295
f 1842/153/2298 1843/152/2536 1823/152/2536 1822/153/2298
f 1843/152/2536 1844/1222/501 1824/1222/501 1823/152/2536
f 1844/1222/501 1845/131/2302 1825/131/2302 1824/1222/501
f 1845/131/2302 1846/132/2305 1826/132/2537 1825/131/2302
f 1826/132/2537 1846/132/2305 1847/192/2256 1827/192/2256
f 1827/192/2256 1847/192/2256 1848/188/2257 1828/188/2257
f 1828/188/2257 1848/188/2257 1829/191/2261 1809/191/2261
f 1829/191/2261 1849/191/2261 1850/189/2264 1830/189/2264
f 1830/189/2264 1850/189/2264 1851/157/2267 1831/157/2267
f 1831/157/2267 1851/157/2267 1852/158/2270 1832/158/2270
f 1832/158/2270 1852/158/2270 1853/222/2273 1833/222/2273
f 1833/222/2273 1853/222/2273 1854/150/2276 1834/150/2276
f 1834/150/2276 1854/150/2276 1855/159/2278 1835/159/2278
f 1835/159/2278 1855/159/2278 1856/537/2280 1836/537/2280
f 1856/537/2280 1857/126/2283 1837/126/2283 1836/537/2280
f 1857/126/2283 1858/127/2287 1838/127/2287 1837/126/2283
f 1858/127/2287 1859/151/2289 1839/1263/2289 1838/127/2287
f 1859/151/2289 1860/217/2292 1840/217/2292 1839/1263/2289
f 1860/217/2292 1861/129/2295 1841/129/2564 1840/217/2292
f 1861/129/2295 1862/153/2298 1842/153/2298 1841/129/2564
f 1862/153/2298 1863/152/2536 1843/152/2536 1842/153/2298
f 1863/152/2536 1864/1222/501 1844/1222/501 1843/152/2536
f 1864/1222/501 1865/131/2302 1845/131/2302 1844/1222/501
f 1865/131/2302 1866/132/2537 1846/132/2305 1845/131/2302
f 1846/132/2305 1866/132/2537 1867/192/2256 1847/192/2256
f 1847/192/2256 1867/192/2256 1868/188/2257 1848/188/2257
f 1848/188/2257 1868/188/2257 1849/191/2261 1829/191/2261
f 1849/191/2261 1337/191/2565 1339/189/2566 1850/189/2264
f 1850/189/2264 1339/189/2566 1341/157/2567 1851/157/2267
f 1851/157/2267 1341/157/2567 1343/158/2568 1852/158/2270
f 1852/158/2270 1343/158/2568 1345/222/2569 1853/222/2273
f 1853/222/2273 1345/222/2569 1347/150/2570 1854/150/2276
f 1854/150/2276 1347/150/2570 1349/159/2571 1855/159/2278
f 1855/159/2278 1349/159/2571 1351/125/2572 1856/537/2280
f 1351/125/2572 1353/126/2573 1857/126/2283 1856/537/2280
f 1353/126/2573 1355/127/2574 1858/127/2287 1857/126/2283
f 1355/127/2574 1357/151/2575 1859/151/2289 1858/127/2287
f 1357/151/2575 1359/217/2576 1860/217/2292 1859/151/2289
f 1359/217/2576 1361/129/2577 1861/129/2295 1860/217/2292
f 1361/129/2577 1363/153/2578 1862/153/2298 1861/129/2295
f 1363/153/2578 1365/152/2579 1863/152/2536 1862/153/2298
f 1365/152/2579 1367/156/2580 1864/1222/501 1863/152/2536
f 1367/156/2580 1369/131/2581 1865/131/2302 1864/1222/501
f 1369/131/2581 1371/132/2582 1866/132/2537 1865/131/2302
f 1866/132/2537 1371/132/2582 1333/192/2583 1867/192/2256
f 1867/192/2256 1333/192/2583 1334/188/2584 1868/188/2257
f 1868/188/2257 1334/188/2584 1337/191/2565 1849/191/2261
f 1266/994/2585 1871/995/2329 1870/561/551 1265/560/550
f 1267/1194/2586 1872/1514/2328 1871/995/2329 1266/994/2585
f 1267/1194/2586 1268/798/2587 1873/799/2330 1872/1514/2328
f 1268/798/2587 1269/996/2588 1874/1515/2331 1873/799/2330
f 1269/996/2588 1270/997/2589 1875/998/2332 1874/1515/2331
f 1270/997/2589 1271/1195/2590 1876/1516/2333 1875/998/2332
f 1271/1195/2590 1272/1001/2591 1877/999/2334 1876/1516/2333
f 1272/1001/2591 1273/1196/2592 1878/1517/2335 1877/999/2334
f 1273/1196/2592 1274/227/2593 1879/1518/2336 1878/1517/2335
f 1274/227/2593 1256/1188/2594 1880/1519/2337 1879/1518/2336
f 1256/1188/2594 1257/134/2595 1881/1520/2338 1880/1519/2337
f 1257/134/2595 1258/1189/2596 1882/768/2339 1881/1520/2338
f 1259/1190/2597 1883/1521/2340 1882/768/2339 1258/1189/2596
f 1260/229/2598 1884/1522/2341 1883/1521/2340 1259/1190/2597
f 1261/230/2599 1885/228/2342 1884/1522/2341 1260/229/2598
f 1262/1191/2600 1886/1523/2343 1885/228/2342 1261/230/2599
f 1263/1192/2601 1887/1524/2344 1886/1523/2343 1262/1191/2600
f 1264/1193/2602 1888/1525/2345 1887/1524/2344 1263/1192/2601
f 1591/162/552 1592/138/2475 1891/173/2493 1890/562/553
f 1888/1525/2345 1264/1193/2602 1869/559/549
f 1594/139/556 1595/1544/2388 1893/980/2494 1892/563/554
f 1593/564/555 1891/173/2493 1592/138/2475
f 1595/1544/2388 1596/978/2499 1894/179/2495 1893/980/2494
f 1596/978/2499 1597/1545/2483 1895/983/2392 1894/179/2495
f 1597/1545/2483 1598/174/2500 1896/174/519 1895/983/2392
f 1583/164/514 1898/541/521 1897/540/520 1601/233/558
f 1599/142/518 1896/174/519 1598/174/2500
f 1584/1541/2464 1899/165/2464 1898/541/521 1583/164/514
f 1585/175/2466 1900/800/2489 1899/165/2464 1584/1541/2464
f 1586/784/2496 1901/234/2490 1900/800/2489 1585/175/2466
f 1587/1067/2497 1902/1067/2491 1901/234/2490 1586/784/2496
f 1588/1542/2498 1903/1068/2492 1902/1067/2491 1587/1067/2497
f 1589/167/511 1904/167/511 1903/1068/2492 1588/1542/2498
f 1590/1543/515 1905/169/515 1904/167/511 1589/167/511
f 1323/125/2603 1908/125/2540 1907/159/560 1322/159/559
f 1905/169/515 1590/1543/515 1889/539/516
f 1323/125/2603 1324/126/2604 1909/126/2560 1908/125/2540
f 1324/126/2604 1325/127/2605 1910/127/2561 1909/126/2560
f 1325/127/2605 1326/151/2606 1911/151/2562 1910/127/2561
f 1326/151/2606 1327/217/2293 1912/217/2563 1911/151/2562
f 1666/152/500 1330/156/499 1914/156/548 1913/558/547
f 1328/129/2296 1912/217/2563 1327/217/2293
f 1330/156/499 1331/131/2607 1915/131/507 1914/156/548
f 1331/131/2607 1332/132/2608 1916/132/530 1915/131/507
f 1315/192/2609 1917/192/734 1916/132/530 1332/132/2608
f 1316/188/2610 1918/188/460 1917/192/734 1315/192/2609
f 1317/191/2611 1919/191/2559 1918/188/460 1316/188/2610
f 1318/189/2612 1920/189/2539 1919/191/2559 1317/191/2611
f 1319/157/2613 1921/557/544 1920/189/2539 1318/189/2612
f 1320/158/2614 1922/158/545 1921/557/544 1319/157/2613
f 1321/222/2232 1923/222/528 1922/158/545 1320/158/2614
f 1748/567/507 1749/1571/530 1926/1580/530 1925/565/507
f 1923/222/528 1321/222/2232 1906/150/546
f 1747/566/508 1924/1073/533 1746/544/533
f 1926/1580/530 1749/1571/530 1750/1572/734 1927/1582/734
f 1751/236/460 1928/1583/460 1927/1582/734 1750/1572/734
f 1752/1249/2142 1929/210/2142 1928/1583/460 1751/236/460
f 1735/1236/705 1930/1252/705 1929/210/2142 1752/1249/2142
f 1736/1235/735 1931/1573/2545 1930/1252/705 1735/1236/705
f 1737/1562/545 1932/1574/545 1931/1573/2545 1736/1235/735
f 1741/1564/506 1934/1575/506 1933/570/560 1740/569/560
f 1932/1574/545 1737/1562/545 1738/1563/528
f 1741/1564/506 1742/1565/505 1935/1576/505 1934/1575/506
f 1742/1565/505 1743/1566/2455 1936/1577/2455 1935/1576/505
f 1743/1566/2455 1949/542/531 1937/987/2457 1936/1577/2455
f 1745/1568/537 1239/545/534 1939/549/536 1938/548/537
f 1744/522/458 1937/987/2457 1949/542/531
f 1239/545/534 1746/544/533 1924/1073/533 1939/549/536
f 1940/1570/530 1235/591/2615 1234/688/2616 1941/1003/2544
f 1231/337/2617 1943/1004/705 1942/242/564 1232/241/563
f 1941/1003/2544 1234/688/2616 1233/240/562
f 1230/844/2618 1944/1076/2541 1943/1004/705 1231/337/2617
f 1229/614/2619 1945/1561/2542 1944/1076/2541 1230/844/2618
f 1224/439/569 1223/742/2620 1948/802/2455 1947/575/568
f 1945/1561/2542 1229/614/2619 1228/573/565
f 1946/574/567 1227/37/566 1226/1241/465
f 1223/742/2620 1222/244/2621 1949/542/531 1948/802/2455
f 1222/244/2621 1221/47/463 1950/543/532 1949/542/531
f 1221/47/463 1220/59/462 1951/1567/537 1950/543/532
f 1237/39/571 1236/372/468 1953/1078/2543 1952/577/570
f 1239/545/534 1951/1569/537 1220/1162/462
f 1236/372/468 1235/591/2615 1940/1570/530 1953/1078/2543
f 2150/1592/448 1954/533/448 1955/247/448 2149/1358/448
f 2149/1358/448 1955/247/448 1956/245/448 2148/392/448
f 2148/392/448 1956/245/448 1957/464/448 2147/1081/448
f 2147/1081/448 1957/464/448 1958/534/448 2146/854/448
f 2146/854/448 1958/534/448 1959/515/448 2145/1451/448
f 2144/1364/448 2145/1451/448 1959/515/448 1960/654/448
f 2143/643/448 2144/1364/448 1960/654/448 1961/248/448
f 2142/359/448 2143/643/448 1961/248/448 1962/517/448
f 2141/1365/448 2142/359/448 1962/517/448 1963/253/448
f 2140/1593/448 2141/1365/448 1963/253/448 1964/251/448
f 2140/1593/448 1964/251/448 1965/535/448 2139/1452/448
f 2139/1452/448 1965/535/448 1966/485/709 2157/362/448
f 2157/362/448 1966/485/709 1967/254/448 2156/1594/709
f 2156/1594/709 1967/254/448 1968/518/448 2155/1369/448
f 2155/1369/448 1968/518/448 1969/578/572 2154/580/448
f 2152/930/448 2153/468/448 1971/519/709 1972/258/709
f 1970/579/573 1971/519/709 2153/468/448
f 2151/471/448 2152/930/448 1972/258/709 1973/469/448
f 2150/1592/448 2151/471/448 1973/469/448 1954/533/448
f 2061/1453/2622 2062/831/537 1974/754/2138 1975/520/2623
f 2060/582/576 2061/1453/2622 1975/520/2623 1976/23/574
f 2058/260/506 2059/1132/505 1978/1133/2624 1979/261/495
f 1977/581/575 1978/1133/2624 2059/1132/505
f 2058/260/506 1979/261/495 1980/585/578 2057/584/560
f 2071/592/528 1982/377/2625 1983/523/2626 2056/660/2627
f 1982/377/2625 2071/592/528 1981/583/577
f 2056/660/2627 1983/523/2626 1984/711/2628 2055/617/735
f 2055/617/735 1984/711/2628 1985/42/2629 2054/866/2630
f 2054/866/2630 1985/42/2629 1986/31/2631 2053/714/2559
f 2053/714/2559 1986/31/2631 1987/375/2224 2052/1455/2632
f 2052/1455/2632 1987/375/2224 1988/92/2633 2051/936/2634
f 2051/936/2634 1988/92/2633 1989/1114/2254 2050/880/530
f 2063/263/580 2050/880/530 1989/1114/2254 1990/206/579
f 2113/938/583 2114/367/466 1993/216/583 1994/366/583
f 1992/1595/2635 1974/1091/2138 2062/1456/537
f 2112/473/583 2113/938/583 1994/366/583 1995/215/583
f 2111/1596/2143 2112/473/583 1995/215/583 1996/414/2143
f 2110/835/464 2111/1596/2143 1996/414/2143 1997/412/464
f 2109/606/2145 2110/835/464 1997/412/464 1998/68/2145
f 2109/606/2145 1998/68/2145 1999/528/2145 2108/1457/2145
f 2108/1457/2145 1999/528/2145 2000/213/2636 2107/940/2145
f 2107/940/2145 2000/213/2636 2001/212/2636 2106/369/2145
f 2106/369/2145 2001/212/2636 2002/368/2636 2105/1013/2145
f 2105/1013/2145 2002/368/2636 2003/474/464 2104/476/464
f 2103/837/466 2104/476/464 2003/474/464 2004/838/583
f 2102/370/466 2103/837/466 2004/838/583 2005/96/583
f 2101/1101/466 2102/370/466 2005/96/583 2006/97/583
f 2100/588/583 2101/1101/466 2006/97/583 2007/415/581
f 2118/1461/466 2009/463/584 2010/419/731 2117/478/464
f 2009/463/584 2118/1461/466 2008/587/582
f 2117/478/464 2010/419/731 2011/417/535 2116/737/2145
f 2116/737/2145 2011/417/535 2012/481/2637 2115/480/466
f 2115/480/466 2012/481/2637 1993/216/583 2114/367/466
f 2014/105/2638 1955/247/2638 1954/533/2638 2013/104/2638
f 2013/104/2639 1954/533/2639 1973/469/2639 2032/123/2639
f 2032/123/2640 1973/469/2640 1972/258/2640 2031/122/2640
f 2031/122/2641 1972/258/2641 1971/519/2641 2030/121/2641
f 2030/121/2642 1971/519/2642 1970/579/2642 2029/120/2642
f 2029/120/2643 1970/579/573 1969/578/572 2028/119/2643
f 2027/118/2644 2028/119/2644 1969/578/2644 1968/518/2644
f 2026/64/2645 2027/118/2645 1968/518/2645 1967/254/2645
f 2025/117/2646 2026/64/2646 1967/254/2646 1966/485/2646
f 2024/116/2647 2025/117/2647 1966/485/2647 1965/535/2647
f 2023/115/2648 2024/116/2648 1965/535/2648 1964/251/2648
f 2022/114/2649 2023/115/2649 1964/251/2649 1963/253/2649
f 2021/113/2650 2022/114/2650 1963/253/2650 1962/517/2650
f 2020/112/2651 2021/113/2651 1962/517/2651 1961/248/2651
f 2019/111/2652 2020/112/2652 1961/248/2652 1960/654/2652
f 2018/110/2653 2019/111/2653 1960/654/2653 1959/515/2653
f 2018/110/2654 1959/515/2654 1958/534/2654 2017/109/2654
f 2017/109/2655 1958/534/2655 1957/464/2655 2016/108/2655
f 2016/108/2656 1957/464/2656 1956/245/2656 2015/107/2656
f 2015/107/2657 1956/245/2657 1955/247/2657 2014/105/2657
f 2007/688/581 2034/884/734 2033/589/530 2008/591/582
f 2006/959/2610 2035/849/460 2034/884/734 2007/688/581
f 2005/241/2658 2036/265/2538 2035/849/460 2006/959/2610
f 2004/337/2659 2037/490/705 2036/265/2538 2005/241/2658
f 2003/844/2230 2038/1469/735 2037/490/705 2004/337/2659
f 2002/614/2660 2039/612/545 2038/1469/735 2003/844/2230
f 2001/1086/2661 2040/1597/528 2039/612/545 2002/614/2660
f 2000/37/2234 2041/593/585 2040/1597/528 2001/1086/2661
f 1999/1241/2662 2042/599/560 2041/593/585 2000/37/2234
f 1998/914/2237 2043/961/2540 2042/599/560 1999/1241/2662
f 1998/914/2237 1997/439/2663 2044/1470/505 2043/961/2540
f 1997/439/2663 1996/742/2664 2045/743/2455 2044/1470/505
f 1996/742/2664 1995/244/2242 2046/1138/2457 2045/743/2455
f 1995/244/2242 1994/47/2665 2047/318/458 2046/1138/2457
f 1994/47/2665 1993/59/2666 2048/616/537 2047/318/458
f 1993/1162/2666 2012/657/2637 2049/962/536 2048/1305/537
f 2065/1268/734 2051/936/2634 2050/880/530 2064/882/530
f 2011/38/535 2049/962/536 2012/657/2637
f 2066/1472/460 2052/1455/2632 2051/936/2634 2065/1268/734
f 2067/1473/2142 2053/714/2559 2052/1455/2632 2066/1472/460
f 2068/1474/2448 2054/866/2630 2053/714/2559 2067/1473/2142
f 2069/619/735 2055/617/735 2054/866/2630 2068/1474/2448
f 2070/52/545 2056/660/2627 2055/617/735 2069/619/735
f 2072/597/560 2057/584/560 1981/583/577 2041/593/585
f 2056/660/2627 2070/52/545 2071/592/528
f 2073/1309/506 2058/260/506 2057/584/560 2072/597/560
f 2073/1309/506 2074/1020/505 2059/1132/505 2058/260/506
f 2074/1020/505 2075/1475/2455 1977/581/575 2059/1132/505
f 2075/1475/2455 2076/883/2457 2060/582/576 1977/581/575
f 2076/883/2457 2077/1476/2459 2061/1453/2622 2060/582/576
f 2077/1476/2459 2078/55/537 2062/831/537 2061/1453/2622
f 2078/1156/537 2079/664/536 1992/1595/2635 2062/1456/537
f 2098/595/508 2081/277/507 2063/263/580 1991/586/455
f 2080/594/586 1992/1595/2635 2079/664/536
f 2081/277/507 2064/882/530 2050/880/530 2063/263/580
f 2083/280/734 2065/1268/734 2064/882/530 2082/963/530
f 2084/850/460 2066/1472/460 2065/1268/734 2083/280/734
f 2085/283/2142 2067/1473/2142 2066/1472/460 2084/850/460
f 2086/885/2448 2068/1474/2448 2067/1473/2142 2085/283/2142
f 2087/1282/735 2069/619/735 2068/1474/2448 2086/885/2448
f 2088/328/545 2070/52/545 2069/619/735 2087/1282/735
f 2040/1597/528 2071/592/528 2070/52/545 2088/328/545
f 2090/1477/506 2073/1309/506 2072/597/560 2089/596/560
f 2071/592/528 2040/1597/528 2041/593/585
f 2090/1477/506 2091/1478/505 2074/1020/505 2073/1309/506
f 2091/1478/505 2092/1479/2455 2075/1475/2455 2074/1020/505
f 2092/1479/2455 2093/1480/2457 2076/883/2457 2075/1475/2455
f 2093/1480/2457 2094/1481/2459 2077/1476/2459 2076/883/2457
f 2094/1481/2459 2095/56/537 2078/55/537 2077/1476/2459
f 2095/1161/537 2096/1035/536 2079/664/536 2078/1156/537
f 2096/1035/536 2097/60/533 2080/594/586 2079/664/536
f 2099/598/507 2082/963/530 2064/882/530 2081/277/507
f 2098/595/508 2080/594/586 2097/60/533
f 2034/884/734 2083/280/734 2082/963/530 2033/589/530
f 2035/849/460 2084/850/460 2083/280/734 2034/884/734
f 2036/265/2538 2085/283/2142 2084/850/460 2035/849/460
f 2037/490/705 2086/885/2448 2085/283/2142 2036/265/2538
f 2038/1469/735 2087/1282/735 2086/885/2448 2037/490/705
f 2039/612/545 2088/328/545 2087/1282/735 2038/1469/735
f 2043/961/2540 2090/1477/506 2089/596/560 2042/599/560
f 2088/328/545 2039/612/545 2040/1597/528
f 2043/961/2540 2044/1470/505 2091/1478/505 2090/1477/506
f 2044/1470/505 2045/743/2455 2092/1479/2455 2091/1478/505
f 2045/743/2455 2046/1138/2457 2093/1480/2457 2092/1479/2455
f 2046/1138/2457 2047/318/458 2094/1481/2459 2093/1480/2457
f 2047/318/458 2048/616/537 2095/56/537 2094/1481/2459
f 2048/1305/537 2049/962/536 2096/1035/536 2095/1161/537
f 2049/962/536 2011/38/535 2097/60/533 2096/1035/536
f 2011/38/535 2010/1598/731 2098/595/508 2097/60/533
f 2010/1598/731 2009/590/584 2099/598/507 2098/595/508
f 2009/590/584 2033/589/530 2082/963/530 2099/598/507
f 2027/118/464 2026/64/464 2101/1101/466 2100/588/583
f 2026/64/464 2025/117/464 2102/370/466 2101/1101/466
f 2025/117/464 2024/116/464 2103/837/466 2102/370/466
f 2024/116/464 2023/115/464 2104/476/464 2103/837/466
f 2022/114/464 2105/1013/2145 2104/476/464 2023/115/464
f 2021/113/464 2106/369/2145 2105/1013/2145 2022/114/464
f 2020/112/464 2107/940/2145 2106/369/2145 2021/113/464
f 2019/111/464 2108/1457/2145 2107/940/2145 2020/112/464
f 2018/110/464 2109/606/2145 2108/1457/2145 2019/111/464
f 2018/110/464 2017/109/464 2110/835/464 2109/606/2145
f 2017/109/464 2016/108/464 2111/1596/2143 2110/835/464
f 2016/108/464 2015/107/464 2112/473/583 2111/1596/2143
f 2015/107/464 2014/105/464 2113/938/583 2112/473/583
f 2014/105/464 2013/104/464 2114/367/466 2113/938/583
f 2032/123/464 2115/480/466 2114/367/466 2013/104/464
f 2031/122/464 2116/737/2145 2115/480/466 2032/123/464
f 2030/121/464 2117/478/464 2116/737/2145 2031/122/464
f 2029/120/464 2118/1461/466 2117/478/464 2030/121/464
f 2028/119/464 2008/587/582 2118/1461/466 2029/120/464
f 2028/119/464 2027/118/464 2100/588/583 2008/587/582
f 1984/103/2667 2120/495/2667 2119/1023/2668 1985/391/2669
f 1984/103/2667 1983/71/2667 2121/388/2667 2120/495/2667
f 1983/71/2667 1982/83/2625 2122/496/2670 2121/388/2667
f 1982/83/2625 1981/250/577 2123/504/2670 2122/496/2670
f 1981/250/577 1980/516/2671 2124/952/2670 2123/504/2670
f 1980/516/2671 1979/400/2670 2125/668/2670 2124/952/2670
f 1978/73/2667 2126/853/2667 2125/668/2670 1979/400/2670
f 1977/5/575 2127/624/2669 2126/853/2667 1978/73/2667
f 1976/293/574 2128/389/2669 2127/624/2669 1977/5/575
f 1975/948/2672 2129/949/2673 2128/389/2669 1976/293/574
f 1974/420/2674 2130/499/2675 2129/949/2673 1975/948/2672
f 1974/420/2674 1992/89/2635 2131/819/2670 2130/499/2675
f 1992/89/2635 2080/90/586 2132/670/709 2131/819/2670
f 2080/90/586 1991/91/455 2133/626/2667 2132/670/709
f 1991/91/455 1990/395/579 2134/891/2667 2133/626/2667
f 1990/395/579 1989/17/2667 2135/672/448 2134/891/2667
f 1988/86/2667 2136/501/2667 2135/672/448 1989/17/2667
f 1987/87/2667 2137/817/709 2136/501/2667 1988/86/2667
f 1986/629/2668 2138/630/2668 2137/817/709 1987/87/2667
f 1985/391/2669 2119/1023/2668 2138/630/2668 1986/629/2668
f 2120/495/2667 2140/1593/448 2139/1452/448 2119/1023/2668
f 2120/495/2667 2121/388/2667 2141/1365/448 2140/1593/448
f 2121/388/2667 2122/496/2670 2142/359/448 2141/1365/448
f 2122/496/2670 2123/504/2670 2143/643/448 2142/359/448
f 2123/504/2670 2124/952/2670 2144/1364/448 2143/643/448
f 2124/952/2670 2125/668/2670 2145/1451/448 2144/1364/448
f 2126/853/2667 2146/854/448 2145/1451/448 2125/668/2670
f 2127/624/2669 2147/1081/448 2146/854/448 2126/853/2667
f 2128/389/2669 2148/392/448 2147/1081/448 2127/624/2669
f 2129/949/2673 2149/1358/448 2148/392/448 2128/389/2669
f 2130/499/2675 2150/1592/448 2149/1358/448 2129/949/2673
f 2130/499/2675 2131/819/2670 2151/471/448 2150/1592/448
f 2131/819/2670 2132/670/709 2152/930/448 2151/471/448
f 2132/670/709 2133/626/2667 2153/468/448 2152/930/448
f 2133/626/2667 2134/891/2667 1970/579/573 2153/468/448
f 2134/891/2667 2135/672/448 2154/580/448 1970/579/573
f 2136/501/2667 2155/1369/448 2154/580/448 2135/672/448
f 2137/817/709 2156/1594/709 2155/1369/448 2136/501/2667
f 2138/630/2668 2157/362/448 2156/1594/709 2137/817/709
f 2119/1023/2668 2139/1452/448 2157/362/448 2138/630/2668
f 2341/1592/396 2158/608/604 2159/247/603 2340/1358/396
f 2340/1358/396 2159/247/603 2160/245/2676 2339/392/396
f 2339/392/396 2160/245/2676 2161/464/396 2338/1081/396
f 2338/1081/396 2161/464/396 2162/534/396 2337/854/396
f 2337/854/396 2162/534/396 2163/515/2677 2336/1451/396
f 2335/1364/396 2336/1451/396 2163/515/2677 2164/610/2678
f 2334/643/396 2335/1364/396 2164/610/2678 2165/248/391
f 2333/359/391 2334/643/396 2165/248/391 2166/517/391
f 2187/601/589 2333/359/391 2166/517/391 2167/253/587
f 2332/1452/396 2169/535/2003 2170/485/396 2347/362/396
f 2169/535/2003 2332/1452/396 2168/600/588
f 2347/362/396 2170/485/396 2171/254/396 2346/1594/396
f 2346/1594/396 2171/254/396 2172/518/396 2345/1369/396
f 2345/1369/396 2172/518/396 2173/578/396 2344/580/396
f 2343/394/396 2344/580/396 2173/578/396 2174/536/396
f 2342/468/396 2343/394/396 2174/536/396 2175/602/394
f 2283/620/617 2178/520/625 2179/23/2679 2263/582/2680
f 2177/469/2681 2158/608/604 2341/1592/396
f 2178/520/625 2283/620/617 2264/621/591
f 2263/582/2680 2179/23/2679 2180/24/623 2262/804/2682
f 2262/804/2682 2180/24/623 2181/1133/622 2261/1132/2683
f 2261/1132/2683 2181/1133/622 2182/261/2684 2260/260/2011
f 2259/584/2685 2260/260/2011 2182/261/2684 2183/585/2014
f 2258/28/2686 2259/584/2685 2183/585/2014 2184/26/2687
f 2257/1454/2073 2258/28/2686 2184/26/2687 2185/377/620
f 2256/660/2071 2257/1454/2073 2185/377/620 2186/523/2688
f 2255/617/614 2256/660/2071 2186/523/2688 2187/711/589
f 2273/618/615 2255/617/614 2187/711/589 2188/42/2689
f 2254/714/2690 2273/618/615 2188/42/2689 2189/31/631
f 2253/1455/2691 2254/714/2690 2189/31/631 2190/375/630
f 2252/936/2692 2253/1455/2691 2190/375/630 2191/92/2693
f 2251/880/2694 2252/936/2692 2191/92/2693 2192/1114/2695
f 2251/880/2694 2192/1114/2695 2193/206/2696 2268/263/2697
f 2268/263/2697 2193/206/2696 2194/409/2698 2267/646/2699
f 2267/646/2699 2194/409/2698 2195/1083/628 2266/1085/2082
f 2266/1085/2082 2195/1083/628 2196/32/593 2265/34/592
f 2314/835/2700 2315/1596/2701 2199/414/2702 2200/412/2703
f 2198/215/399 2199/414/2702 2315/1596/2701
f 2313/606/595 2314/835/2700 2200/412/2703 2201/68/596
f 2311/837/2134 2312/476/598 2206/474/609 2207/838/2704
f 2206/474/609 2312/476/598 2205/1599/610
f 2310/370/2705 2311/837/2134 2207/838/2704 2208/96/2706
f 2309/1101/2707 2310/370/2705 2208/96/2706 2209/97/2707
f 2308/588/2708 2309/1101/2707 2209/97/2707 2210/415/2709
f 2320/1460/2710 2308/588/2708 2210/415/2709 2211/532/2711
f 2320/1460/2710 2211/532/2711 2212/463/2712 2319/1461/2713
f 2319/1461/2713 2212/463/2712 2213/419/599 2318/478/598
f 2375/482/2714 2376/1463/2714 2177/469/2681 2176/603/590
f 2215/481/602 2317/480/601 2214/417/597
f 2158/608/634 2177/469/2715 2376/1463/634
f 2373/1465/2048 2374/1466/2048 2174/536/2716 2173/578/2716
f 2175/602/2717 2174/536/2718 2374/1466/2717
f 2373/1465/2052 2173/578/2052 2172/518/2052 2372/811/2052
f 2372/811/2053 2172/518/2719 2171/254/2719 2371/1467/2053
f 2371/1467/2720 2171/254/2720 2170/485/2720 2370/484/2720
f 2370/484/412 2170/485/2721 2169/535/2721 2369/651/412
f 2369/651/2722 2169/535/2003 2168/600/588 2368/717/2722
f 2368/717/2055 2168/600/588 2167/253/587 2367/487/2055
f 2367/487/414 2167/253/414 2166/517/414 2366/719/414
f 2366/719/2059 2166/517/2059 2165/248/2059 2382/611/2059
f 2380/842/2723 2381/739/2723 2163/515/2723 2162/534/2723
f 2163/515/2677 2381/739/2724 2164/610/2678
f 2379/1468/2725 2380/842/2725 2162/534/2725 2161/464/2725
f 2378/489/2726 2379/1468/2726 2161/464/2726 2160/245/2726
f 2377/609/2727 2378/489/2727 2160/245/2125 2159/247/2125
f 2211/591/2728 2210/688/2729 2236/884/2730 2235/589/2025
f 2210/688/2729 2209/959/2731 2237/849/2732 2236/884/2730
f 2209/959/2731 2208/241/2733 2238/265/2734 2237/849/2732
f 2208/241/2733 2207/337/2704 2239/490/2735 2238/265/2734
f 2205/614/610 2204/1086/2736 2241/1087/2737 2240/612/608
f 2206/613/609 2239/490/2735 2207/337/2704
f 2204/1086/2736 2203/37/2738 2242/35/2739 2241/1087/2737
f 2203/37/2738 2202/1241/594 2243/599/2076 2242/35/2739
f 2202/1241/594 2201/914/2740 2244/961/2092 2243/599/2076
f 2200/439/2741 2245/1470/2742 2244/961/2092 2201/914/2740
f 2199/742/2743 2246/743/2682 2245/1470/2742 2200/439/2741
f 2198/244/399 2247/1138/2680 2246/743/2682 2199/742/2743
f 2212/372/2085 2250/373/2027 2249/40/613 2213/39/599
f 2247/1138/2680 2198/244/399 2197/615/611
f 2248/1305/612 2316/1162/600 2215/545/602
f 2211/591/2728 2235/589/2025 2250/373/2027 2212/372/2085
f 2269/882/2025 2270/1268/2087 2252/936/2692 2251/880/2694
f 2270/1268/2087 2271/1472/2088 2253/1455/2691 2252/936/2692
f 2271/1472/2088 2272/1473/2089 2254/714/2690 2253/1455/2691
f 2274/619/616 2275/52/2090 2256/660/2071 2255/617/614
f 2273/618/615 2254/714/2690 2272/1473/2089
f 2275/52/2090 2276/324/2017 2257/1454/2073 2256/660/2071
f 2276/324/2017 2277/1154/2091 2258/28/2686 2257/1454/2073
f 2277/1154/2091 2278/597/2013 2259/584/2685 2258/28/2686
f 2278/597/2013 2279/1309/2092 2260/260/2011 2259/584/2685
f 2280/1020/2093 2261/1132/2683 2260/260/2011 2279/1309/2092
f 2281/1475/2094 2262/804/2682 2261/1132/2683 2280/1020/2093
f 2282/883/2095 2263/582/2680 2262/804/2682 2281/1475/2094
f 2285/664/2033 2265/34/592 2264/604/591 2284/1156/618
f 2263/582/2680 2282/883/2095 2283/620/617
f 2286/331/2082 2266/1085/2082 2265/34/592 2285/664/2033
f 2287/879/2097 2267/646/2699 2266/1085/2082 2286/331/2082
f 2288/277/2027 2268/263/2697 2267/646/2699 2287/879/2097
f 2269/882/2025 2251/880/2694 2268/263/2697 2288/277/2027
f 2289/963/2025 2290/280/2087 2270/1268/2087 2269/882/2025
f 2290/280/2087 2291/850/2088 2271/1472/2088 2270/1268/2087
f 2291/850/2088 2292/283/2089 2272/1473/2089 2271/1472/2088
f 2292/283/2089 2293/885/615 2273/618/615 2272/1473/2089
f 2293/885/615 2294/1282/616 2274/619/616 2273/618/615
f 2294/1282/616 2295/328/2090 2275/52/2090 2274/619/616
f 2295/328/2090 2296/58/2017 2276/324/2017 2275/52/2090
f 2296/58/2017 2297/815/2091 2277/1154/2091 2276/324/2017
f 2297/815/2091 2298/596/2013 2278/597/2013 2277/1154/2091
f 2298/596/2013 2299/1477/2092 2279/1309/2092 2278/597/2013
f 2300/1478/2093 2280/1020/2093 2279/1309/2092 2299/1477/2092
f 2301/1479/2094 2281/1475/2094 2280/1020/2093 2300/1478/2093
f 2302/1480/2095 2282/883/2095 2281/1475/2094 2301/1479/2094
f 2197/615/611 2283/620/617 2282/883/2095 2302/1480/2095
f 2303/56/618 2284/55/618 2283/620/617 2197/615/611
f 2304/1035/2033 2285/664/2033 2284/1156/618 2303/1161/618
f 2305/60/2082 2286/331/2082 2285/664/2033 2304/1035/2033
f 2306/667/2097 2287/879/2097 2286/331/2082 2305/60/2082
f 2307/598/2027 2288/277/2027 2287/879/2097 2306/667/2097
f 2289/963/2025 2269/882/2025 2288/277/2027 2307/598/2027
f 2235/589/2025 2236/884/2730 2290/280/2087 2289/963/2025
f 2236/884/2730 2237/849/2732 2291/850/2088 2290/280/2087
f 2237/849/2732 2238/265/2734 2292/283/2089 2291/850/2088
f 2238/265/2734 2239/490/2735 2293/885/615 2292/283/2089
f 2239/490/2735 2206/613/609 2294/1282/616 2293/885/615
f 2206/613/609 2240/612/608 2295/328/2090 2294/1282/616
f 2240/612/608 2241/1087/2737 2296/58/2017 2295/328/2090
f 2241/1087/2737 2242/35/2739 2297/815/2091 2296/58/2017
f 2242/35/2739 2243/599/2076 2298/596/2013 2297/815/2091
f 2243/599/2076 2244/961/2092 2299/1477/2092 2298/596/2013
f 2245/1470/2742 2300/1478/2093 2299/1477/2092 2244/961/2092
f 2246/743/2682 2301/1479/2094 2300/1478/2093 2245/1470/2742
f 2247/1138/2680 2302/1480/2095 2301/1479/2094 2246/743/2682
f 2215/545/602 2304/1035/2033 2303/1161/618 2248/1305/612
f 2302/1480/2095 2247/1138/2680 2197/615/611
f 2214/38/597 2305/60/2082 2304/1035/2033 2215/545/602
f 2249/40/613 2306/667/2097 2305/60/2082 2214/38/597
f 2250/373/2027 2307/598/2027 2306/667/2097 2249/40/613
f 2235/589/2025 2289/963/2025 2307/598/2027 2250/373/2027
f 2229/1600/2744 2228/1601/2745 2309/1101/2707 2308/588/2708
f 2228/1601/2745 2227/1602/2746 2310/370/2705 2309/1101/2707
f 2227/1602/2746 2226/1603/2747 2311/837/2134 2310/370/2705
f 2226/1603/2747 2225/1604/2748 2312/476/598 2311/837/2134
f 2224/632/633 2205/1599/610 2312/476/598 2225/1604/2748
f 2386/512/641 2204/1605/2736 2205/1599/610 2224/632/633
f 2387/679/641 2203/213/2738 2204/1605/2736 2386/512/641
f 2222/111/637 2202/605/594 2203/213/2738 2387/679/641
f 2388/639/437 2313/606/595 2202/605/594 2222/111/637
f 2388/639/437 2220/641/642 2314/835/2700 2313/606/595
f 2220/641/642 2389/640/437 2315/1596/2701 2314/835/2700
f 2389/640/437 2390/826/437 2198/215/399 2315/1596/2701
f 2390/826/437 2391/899/437 2197/366/611 2198/215/399
f 2391/899/437 2392/750/437 2316/607/600 2197/366/611
f 2393/829/437 2317/480/601 2316/607/600 2392/750/437
f 2383/514/437 2214/417/597 2317/480/601 2393/829/437
f 2232/637/639 2318/478/598 2214/417/597 2383/514/437
f 2384/638/641 2319/1461/2713 2318/478/598 2232/637/639
f 2385/1606/641 2320/1460/2710 2319/1461/2713 2384/638/641
f 2385/1606/641 2229/1600/2744 2308/588/2708 2320/1460/2710
f 2184/250/621 2183/516/2105 2323/952/396 2322/504/619
f 2321/1023/2749 2188/391/2750 2187/601/589
f 2183/516/2105 2182/400/2751 2324/668/426 2323/952/396
f 2179/293/2752 2326/389/2753 2325/624/624 2180/5/623
f 2324/668/426 2182/400/2751 2181/623/622
f 2194/91/629 2193/395/2754 2329/891/2755 2328/626/627
f 2326/389/2753 2179/293/2752 2178/625/625
f 2196/1607/593 2327/499/626 2264/420/591
f 2193/395/2754 2192/17/2756 2330/672/2757 2329/891/2755
f 2188/391/2750 2321/1023/2749 2331/630/632 2189/629/631
f 2330/672/2757 2192/17/2756 2191/1608/2693
f 2187/601/589 2168/600/588 2332/1452/396 2321/1023/2749
f 2186/71/2688 2185/622/620 2333/359/391 2187/601/589
f 2185/622/620 2322/504/619 2334/643/396 2333/359/391
f 2322/504/619 2323/952/396 2335/1364/396 2334/643/396
f 2323/952/396 2324/668/426 2336/1451/396 2335/1364/396
f 2181/623/622 2337/854/396 2336/1451/396 2324/668/426
f 2325/624/624 2338/1081/396 2337/854/396 2181/623/622
f 2326/389/2753 2339/392/396 2338/1081/396 2325/624/624
f 2178/625/625 2340/1358/396 2339/392/396 2326/389/2753
f 2327/499/626 2341/1592/396 2340/1358/396 2178/625/625
f 2327/499/626 2196/1607/593 2177/469/2681 2341/1592/396
f 2196/1607/593 2195/627/628 2176/603/590 2177/469/2681
f 2195/627/628 2328/626/627 2342/468/396 2176/603/590
f 2328/626/627 2329/891/2755 2343/394/396 2342/468/396
f 2329/891/2755 2330/672/2757 2344/580/396 2343/394/396
f 2191/1608/2693 2345/1369/396 2344/580/396 2330/672/2757
f 2190/628/630 2346/1594/396 2345/1369/396 2191/1608/2693
f 2331/630/632 2347/362/396 2346/1594/396 2190/628/630
f 2321/1023/2749 2332/1452/396 2347/362/396 2331/630/632
f 2225/1604/2748 2350/820/2758 2349/74/2758 2224/632/633
f 2226/1603/2747 2351/723/2759 2350/820/2760 2225/1604/2748
f 2227/1602/2746 2352/895/412 2351/723/412 2226/1603/2747
f 2228/1601/2745 2353/1492/2054 2352/895/2054 2227/1602/2746
f 2229/1600/2744 2354/676/2761 2353/1492/2761 2228/1601/2745
f 2230/119/2762 2355/1040/2763 2354/676/2763 2229/1600/2744
f 2230/119/2048 2231/120/2048 2356/1493/2048 2355/1040/2048
f 2231/120/640 2232/637/639 2357/349/2051 2356/1493/2051
f 2232/637/411 2233/122/411 2358/76/411 2357/349/411
f 2216/104/2045 2217/105/2045 2360/724/2045 2359/633/2045
f 2234/634/2764 2358/76/2765 2233/122/2766
f 2217/105/2767 2218/107/2767 2361/1043/2727 2360/724/2727
f 2218/107/2768 2219/108/2768 2362/745/2726 2361/1043/2726
f 2219/108/2769 2220/641/2769 2363/1494/2770 2362/745/2770
f 2223/112/2771 2365/1495/2058 2364/636/2058 2222/111/2771
f 2221/635/636 2363/1494/2772 2220/641/642
f 2349/74/415 2367/487/414 2366/719/414 2348/631/443
f 2365/1495/2132 2223/112/2773 2348/631/2059
f 2350/820/2758 2368/717/2055 2367/487/2055 2349/74/2758
f 2351/723/2759 2369/651/2722 2368/717/2722 2350/820/2760
f 2352/895/412 2370/484/412 2369/651/412 2351/723/412
f 2353/1492/2054 2371/1467/2720 2370/484/2720 2352/895/2054
f 2354/676/2761 2372/811/2053 2371/1467/2053 2353/1492/2761
f 2355/1040/2763 2373/1465/2052 2372/811/2052 2354/676/2763
f 2355/1040/2048 2356/1493/2048 2374/1466/2048 2373/1465/2048
f 2356/1493/2051 2357/349/2051 2175/602/2717 2374/1466/2717
f 2357/349/411 2358/76/411 2375/482/606 2175/602/394
f 2358/76/2765 2234/634/2764 2376/1463/2714 2375/482/2714
f 2234/634/634 2359/633/634 2158/608/634 2376/1463/634
f 2359/633/2045 2360/724/2045 2377/609/605 2158/608/604
f 2360/724/2727 2361/1043/2727 2378/489/2727 2377/609/2727
f 2361/1043/2726 2362/745/2726 2379/1468/2726 2378/489/2726
f 2362/745/2770 2363/1494/2770 2380/842/2725 2379/1468/2725
f 2363/1494/2772 2221/635/636 2381/739/2723 2380/842/2723
f 2364/636/638 2164/610/2678 2381/739/2724 2221/635/636
f 2365/1495/2058 2382/611/607 2164/610/607 2364/636/2058
f 2348/631/2059 2366/719/2059 2382/611/2059 2365/1495/2132
f 2230/119/2762 2385/1606/641 2384/638/641 2231/120/640
f 2383/514/437 2233/122/2766 2232/637/639
f 2223/112/2134 2387/679/641 2386/512/641 2348/631/443
f 2229/1600/2744 2385/1606/641 2230/119/2762
f 2219/108/437 2218/107/641 2390/826/437 2389/640/437
f 2387/679/641 2223/112/2134 2222/111/637
f 2220/641/642 2388/639/437 2221/635/636
f 2218/107/641 2217/105/437 2391/899/437 2390/826/437
f 2217/105/437 2216/104/437 2392/750/437 2391/899/437
f 2234/634/2764 2393/829/437 2392/750/437 2216/104/437
f 2233/122/2766 2383/514/437 2393/829/437 2234/634/2764
f 2584/1592/645 2394/648/656 2395/247/655 2583/1358/645
f 2583/1358/645 2395/247/655 2396/245/645 2582/392/2774
f 2582/392/2774 2396/245/645 2397/464/2775 2581/1081/645
f 2581/1081/645 2397/464/2775 2398/534/2776 2580/854/645
f 2579/1451/645 2580/854/645 2398/534/2776 2399/652/2777
f 2578/1364/645 2579/1451/645 2399/652/2777 2400/654/645
f 2577/643/645 2578/1364/645 2400/654/645 2401/248/643
f 2576/1365/686 2403/253/2778 2404/650/2779 2575/1593/645
f 2402/642/644 2403/253/2778 2576/1365/686
f 2575/1593/645 2404/650/2779 2405/535/645 2574/1452/645
f 2574/1452/645 2405/535/645 2406/485/2774 2592/362/689
f 2592/362/689 2406/485/2774 2407/254/2774 2591/1594/645
f 2591/1594/645 2407/254/2774 2408/518/2780 2590/1369/645
f 2589/580/645 2590/1369/645 2408/518/2780 2409/578/2780
f 2588/394/645 2589/580/645 2409/578/2780 2410/536/2780
f 2587/468/645 2588/394/645 2410/536/2780 2411/649/659
f 2586/930/2774 2587/468/645 2411/649/659 2412/258/658
f 2585/471/2774 2586/930/2774 2412/258/658 2413/469/645
f 2585/471/2774 2413/469/645 2394/648/656 2584/1592/645
f 2498/1453/2781 2414/520/2782 2415/23/685 2497/582/2783
f 2414/520/2782 2498/1453/2781 2499/1609/652
f 2497/582/2783 2415/23/685 2416/24/684 2496/804/2784
f 2496/804/2784 2416/24/684 2417/1133/2785 2495/1132/2786
f 2494/260/648 2495/1132/2786 2417/1133/2785 2418/261/646
f 2508/661/675 2493/660/674 2421/523/2787 2422/711/2788
f 2420/377/2789 2421/523/2787 2493/660/674
f 2492/866/2790 2508/661/675 2422/711/2788 2423/42/2791
f 2491/714/2792 2492/866/2790 2423/42/2791 2424/31/2793
f 2490/1455/2794 2491/714/2792 2424/31/2793 2425/375/2795
f 2489/936/2796 2490/1455/2794 2425/375/2795 2426/92/2797
f 2489/936/2796 2426/92/2797 2427/1114/2798 2488/880/2799
f 2488/880/2799 2427/1114/2798 2428/206/688 2502/263/2800
f 2502/263/2800 2428/206/688 2429/409/651 2501/646/650
f 2551/938/2801 2552/367/2802 2432/216/668 2433/366/2803
f 2431/32/654 2500/34/653 2430/645/649
f 2550/473/2804 2551/938/2801 2433/366/2803 2434/215/2805
f 2549/1596/2806 2550/473/2804 2434/215/2805 2435/414/2807
f 2548/835/2808 2549/1596/2806 2435/414/2807 2436/412/2809
f 2548/835/2808 2436/412/2809 2437/68/2810 2547/606/2811
f 2547/606/2811 2437/68/2810 2438/528/2812 2546/1457/2813
f 2546/1457/2813 2438/528/2812 2439/213/700 2545/940/700
f 2545/940/700 2439/213/700 2440/212/700 2544/369/2814
f 2544/369/2814 2440/212/700 2441/368/2815 2543/1013/734
f 2542/476/2816 2543/1013/734 2441/368/2815 2442/474/666
f 2541/837/703 2542/476/2816 2442/474/666 2443/838/2817
f 2540/370/703 2541/837/703 2443/838/2817 2444/96/703
f 2539/1101/2818 2540/370/703 2444/96/703 2445/97/2819
f 2538/588/2818 2539/1101/2818 2445/97/2819 2446/415/2820
f 2538/588/2818 2446/415/2820 2447/532/2821 2557/1460/2822
f 2557/1460/2822 2447/532/2821 2448/463/672 2556/1461/2823
f 2556/1461/2823 2448/463/672 2449/419/671 2555/478/2818
f 2555/478/2818 2449/419/671 2450/417/2824 2554/737/2825
f 2554/737/2825 2450/417/2824 2451/481/669 2553/480/2826
f 2552/367/2802 2553/480/2826 2451/481/669 2432/216/668
f 2614/482/2827 2615/1463/2827 2413/469/2827 2412/258/2827
f 2394/648/2828 2413/469/2829 2615/1463/2829
f 2612/1465/2830 2613/1466/2830 2410/536/2830 2409/578/2830
f 2411/649/2831 2410/536/2832 2613/1466/2832
f 2611/811/2833 2612/1465/2833 2409/578/2833 2408/518/2833
f 2611/811/695 2408/518/695 2407/254/695 2610/1467/695
f 2610/1467/2834 2407/254/2835 2406/485/2835 2609/484/2834
f 2609/484/2836 2406/485/2836 2405/535/2836 2608/651/2836
f 2607/487/2837 2403/253/2838 2402/642/2838 2606/719/2837
f 2403/253/2778 2607/487/2839 2404/650/2779
f 2606/719/2840 2402/642/644 2401/248/643 2621/611/2840
f 2621/611/2841 2401/248/2841 2400/654/2841 2620/653/2841
f 2618/1468/2842 2619/842/2842 2398/534/2842 2397/464/2842
f 2398/534/2776 2619/842/2843 2399/652/2777
f 2617/489/2844 2618/1468/2844 2397/464/2845 2396/245/2845
f 2616/609/2846 2617/489/2846 2396/245/2846 2395/247/2846
f 2446/688/2847 2472/884/2848 2471/589/2849 2447/591/2850
f 2446/688/2847 2445/959/2851 2473/849/2852 2472/884/2848
f 2445/959/2851 2444/241/2853 2474/265/2854 2473/849/2852
f 2444/241/2853 2443/337/2817 2475/490/2855 2474/265/2854
f 2441/614/667 2440/1086/2856 2477/1610/2857 2476/612/665
f 2442/655/666 2475/490/2855 2443/337/2817
f 2440/1086/2856 2439/37/2858 2478/665/680 2477/1610/2857
f 2439/37/2858 2438/1241/2859 2479/599/678 2478/665/680
f 2438/1241/2859 2437/914/2860 2480/961/2861 2479/599/678
f 2437/914/2860 2436/439/2862 2481/1470/2863 2480/961/2861
f 2435/742/2864 2482/743/2865 2481/1470/2863 2436/439/2862
f 2434/244/2866 2483/1138/2867 2482/743/2865 2435/742/2864
f 2433/47/2868 2484/318/2869 2483/1138/2867 2434/244/2866
f 2450/38/2870 2486/666/681 2485/658/670 2451/657/669
f 2484/318/2869 2433/47/2868 2432/1611/668
f 2447/591/2850 2471/589/2849 2487/373/673 2448/372/672
f 2486/666/681 2450/38/2870 2449/659/671
f 2504/1268/2871 2489/936/2796 2488/880/2799 2503/882/2872
f 2504/1268/2871 2505/1472/2873 2490/1455/2794 2489/936/2796
f 2505/1472/2873 2506/1473/2874 2491/714/2792 2490/1455/2794
f 2506/1473/2874 2507/1474/2875 2492/866/2790 2491/714/2792
f 2509/52/676 2510/324/2876 2420/377/2789 2493/660/674
f 2508/661/675 2492/866/2790 2507/1474/2875
f 2512/597/678 2513/1309/648 2494/260/648 2419/644/647
f 2511/662/677 2420/377/2789 2510/324/2876
f 2513/1309/648 2514/1020/2877 2495/1132/2786 2494/260/648
f 2515/1475/2878 2496/804/2784 2495/1132/2786 2514/1020/2877
f 2516/883/2867 2497/582/2783 2496/804/2784 2515/1475/2878
f 2517/1476/2781 2498/1453/2781 2497/582/2783 2516/883/2867
f 2535/1612/679 2499/1609/652 2498/1453/2781 2517/1476/2781
f 2518/664/653 2500/34/653 2499/647/652 2535/663/679
f 2519/331/2879 2430/645/649 2500/34/653 2518/664/653
f 2520/879/682 2501/646/650 2430/645/649 2519/331/2879
f 2521/277/2800 2502/263/2800 2501/646/650 2520/879/682
f 2503/882/2872 2488/880/2799 2502/263/2800 2521/277/2800
f 2523/280/2871 2504/1268/2871 2503/882/2872 2522/963/2872
f 2523/280/2871 2524/850/2873 2505/1472/2873 2504/1268/2871
f 2524/850/2873 2525/283/2880 2506/1473/2874 2505/1472/2873
f 2525/283/2880 2526/885/2875 2507/1474/2875 2506/1473/2874
f 2526/885/2875 2527/1282/2881 2508/661/675 2507/1474/2875
f 2527/1282/2881 2528/328/676 2509/52/676 2508/661/675
f 2528/328/676 2477/1610/2857 2510/324/2876 2509/52/676
f 2477/1610/2857 2478/665/680 2511/662/677 2510/324/2876
f 2478/665/680 2529/596/678 2512/597/678 2511/662/677
f 2529/596/678 2530/1477/648 2513/1309/648 2512/597/678
f 2530/1477/648 2531/1478/2877 2514/1020/2877 2513/1309/648
f 2532/1479/2878 2515/1475/2878 2514/1020/2877 2531/1478/2877
f 2533/1480/2867 2516/883/2867 2515/1475/2878 2532/1479/2878
f 2534/1481/2781 2517/1476/2781 2516/883/2867 2533/1480/2867
f 2486/666/681 2519/331/2879 2518/664/653 2485/658/670
f 2517/1476/2781 2534/1481/2781 2535/1612/679
f 2536/667/682 2520/879/682 2519/331/2879 2486/666/681
f 2537/598/2800 2521/277/2800 2520/879/682 2536/667/682
f 2522/963/2872 2503/882/2872 2521/277/2800 2537/598/2800
f 2472/884/2848 2523/280/2871 2522/963/2872 2471/589/2849
f 2472/884/2848 2473/849/2852 2524/850/2873 2523/280/2871
f 2473/849/2852 2474/265/2854 2525/283/2880 2524/850/2873
f 2474/265/2854 2475/490/2855 2526/885/2875 2525/283/2880
f 2475/490/2855 2442/655/666 2527/1282/2881 2526/885/2875
f 2442/655/666 2476/612/665 2528/328/676 2527/1282/2881
f 2479/599/678 2480/961/2861 2530/1477/648 2529/596/678
f 2477/1610/2857 2528/328/676 2476/612/665
f 2480/961/2861 2481/1470/2863 2531/1478/2877 2530/1477/648
f 2482/743/2865 2532/1479/2878 2531/1478/2877 2481/1470/2863
f 2483/1138/2867 2533/1480/2867 2532/1479/2878 2482/743/2865
f 2484/318/2869 2534/1481/2781 2533/1480/2867 2483/1138/2867
f 2432/1611/668 2535/1612/679 2534/1481/2781 2484/318/2869
f 2487/373/673 2537/598/2800 2536/667/682 2449/659/671
f 2535/663/679 2432/656/668 2485/658/670
f 2471/589/2849 2522/963/2872 2537/598/2800 2487/373/673
f 2626/955/703 2627/860/703 2539/1101/2818 2538/588/2818
f 2627/860/703 2628/396/703 2540/370/703 2539/1101/2818
f 2628/396/703 2629/509/2814 2541/837/703 2540/370/703
f 2629/509/2814 2630/1110/703 2542/476/2816 2541/837/703
f 2630/1110/703 2460/114/691 2543/1013/734 2542/476/2816
f 2593/674/690 2544/369/2814 2543/1013/734 2460/114/691
f 2631/679/700 2545/940/700 2544/369/2814 2593/674/690
f 2458/680/701 2546/1457/2813 2545/940/700 2631/679/700
f 2632/639/703 2547/606/2811 2546/1457/2813 2458/680/701
f 2633/732/2882 2548/835/2808 2547/606/2811 2632/639/703
f 2633/732/2882 2634/640/700 2549/1596/2806 2548/835/2808
f 2634/640/700 2635/826/700 2550/473/2804 2549/1596/2806
f 2635/826/700 2636/899/700 2551/938/2801 2550/473/2804
f 2636/899/700 2637/750/703 2552/367/2802 2551/938/2801
f 2637/750/703 2638/829/703 2553/480/2826 2552/367/2802
f 2622/514/2819 2554/737/2825 2553/480/2826 2638/829/703
f 2623/748/2819 2555/478/2818 2554/737/2825 2622/514/2819
f 2624/638/2882 2556/1461/2823 2555/478/2818 2623/748/2819
f 2625/1606/703 2557/1460/2822 2556/1461/2823 2624/638/2882
f 2626/955/703 2538/588/2818 2557/1460/2822 2625/1606/703
f 2422/103/2883 2559/495/2884 2558/1023/2885 2423/391/2886
f 2421/71/2887 2560/388/2888 2559/495/2884 2422/103/2883
f 2421/71/2887 2420/83/2789 2561/496/2888 2560/388/2888
f 2420/83/2789 2511/250/677 2562/504/2889 2561/496/2888
f 2418/400/646 2417/73/2890 2564/853/2891 2563/668/683
f 2419/516/647 2562/504/2889 2511/250/677
f 2414/948/2782 2566/949/2892 2565/389/686 2415/293/685
f 2564/853/2891 2417/73/2890 2416/669/684
f 2499/420/652 2567/499/2893 2566/949/2892 2414/948/2782
f 2430/90/649 2429/91/651 2569/626/2894 2568/670/687
f 2567/499/2893 2499/420/652 2431/671/654
f 2427/17/689 2426/86/2895 2571/501/2896 2570/672/645
f 2428/673/688 2569/626/2894 2429/91/651
f 2425/87/2897 2572/817/2898 2571/501/2896 2426/86/2895
f 2424/629/2899 2573/630/2893 2572/817/2898 2425/87/2897
f 2423/391/2886 2558/1023/2885 2573/630/2893 2424/629/2899
f 2559/495/2884 2575/1593/645 2574/1452/645 2558/1023/2885
f 2560/388/2888 2576/1365/686 2575/1593/645 2559/495/2884
f 2560/388/2888 2561/496/2888 2402/642/644 2576/1365/686
f 2561/496/2888 2562/504/2889 2577/643/645 2402/642/644
f 2562/504/2889 2419/516/647 2578/1364/645 2577/643/645
f 2419/516/647 2563/668/683 2579/1451/645 2578/1364/645
f 2563/668/683 2564/853/2891 2580/854/645 2579/1451/645
f 2416/669/684 2581/1081/645 2580/854/645 2564/853/2891
f 2565/389/686 2582/392/2774 2581/1081/645 2416/669/684
f 2566/949/2892 2583/1358/645 2582/392/2774 2565/389/686
f 2567/499/2893 2584/1592/645 2583/1358/645 2566/949/2892
f 2431/671/654 2585/471/2774 2584/1592/645 2567/499/2893
f 2431/671/654 2568/670/687 2586/930/2774 2585/471/2774
f 2568/670/687 2569/626/2894 2587/468/645 2586/930/2774
f 2569/626/2894 2428/673/688 2588/394/645 2587/468/645
f 2428/673/688 2570/672/645 2589/580/645 2588/394/645
f 2570/672/645 2571/501/2896 2590/1369/645 2589/580/645
f 2572/817/2898 2591/1594/645 2590/1369/645 2571/501/2896
f 2573/630/2893 2592/362/689 2591/1594/645 2572/817/2898
f 2558/1023/2885 2574/1452/645 2592/362/689 2573/630/2893
f 2461/115/2900 2595/820/2901 2594/74/2901 2460/114/691
f 2462/116/2902 2596/723/661 2595/820/2903 2461/115/2902
f 2463/117/2904 2597/895/2905 2596/723/2905 2462/116/2904
f 2465/118/2906 2466/119/2906 2599/1040/2907 2598/676/2907
f 2597/895/2834 2463/117/2908 2464/675/2834
f 2452/104/2909 2453/105/2909 2601/724/2910 2600/633/2911
f 2467/1613/2912 2599/1040/2913 2466/119/2914
f 2453/105/2915 2454/107/2915 2602/1043/2915 2601/724/2915
f 2454/107/2916 2455/108/2916 2603/745/2917 2602/1043/2918
f 2455/108/2919 2456/109/2919 2604/1494/2920 2603/745/2920
f 2457/110/2921 2605/859/2922 2604/1494/2923 2456/109/2921
f 2594/74/692 2607/487/2837 2606/719/2837 2593/674/690
f 2605/859/2924 2457/110/702 2458/680/701
f 2595/820/2901 2404/650/2779 2607/487/2839 2594/74/2901
f 2596/723/661 2608/651/661 2404/650/661 2595/820/2903
f 2597/895/2905 2609/484/2836 2608/651/2836 2596/723/2905
f 2464/675/2834 2610/1467/2834 2609/484/2834 2597/895/2834
f 2598/676/695 2611/811/695 2610/1467/695 2464/675/693
f 2598/676/2907 2599/1040/2907 2612/1465/2833 2611/811/2833
f 2599/1040/2913 2467/1613/2912 2613/1466/2830 2612/1465/2830
f 2467/1613/2912 2468/1614/2925 2411/649/2831 2613/1466/2832
f 2468/1614/2925 2469/122/2926 2614/482/660 2411/649/659
f 2469/122/2926 2470/677/2927 2615/1463/2827 2614/482/2827
f 2470/677/697 2600/633/696 2394/648/2828 2615/1463/2829
f 2600/633/2911 2601/724/2910 2616/609/657 2394/648/656
f 2601/724/2915 2602/1043/2915 2617/489/2846 2616/609/2846
f 2602/1043/2918 2603/745/2917 2618/1468/2844 2617/489/2844
f 2603/745/2920 2604/1494/2920 2619/842/2842 2618/1468/2842
f 2605/859/2922 2399/652/2777 2619/842/2843 2604/1494/2923
f 2458/680/701 2620/653/663 2399/652/663 2605/859/2924
f 2459/678/699 2621/611/2841 2620/653/2841 2458/680/701
f 2593/674/690 2606/719/2840 2621/611/2840 2459/678/699
f 2468/1614/2925 2623/748/2819 2622/514/2819 2469/122/2926
f 2467/1613/2912 2624/638/2882 2623/748/2819 2468/1614/2925
f 2466/119/2914 2625/1606/703 2624/638/2882 2467/1613/2912
f 2465/118/694 2626/955/703 2625/1606/703 2466/119/2914
f 2465/118/694 2464/675/693 2627/860/703 2626/955/703
f 2464/675/693 2463/117/700 2628/396/703 2627/860/703
f 2463/117/700 2462/116/703 2629/509/2814 2628/396/703
f 2462/116/703 2461/115/2900 2630/1110/703 2629/509/2814
f 2456/109/2819 2633/732/2882 2632/639/703 2457/110/702
f 2460/114/691 2630/1110/703 2461/115/2900
f 2631/679/700 2459/678/699 2458/680/701
f 2456/109/2819 2455/108/700 2634/640/700 2633/732/2882
f 2455/108/700 2454/107/700 2635/826/700 2634/640/700
f 2454/107/700 2453/105/2814 2636/899/700 2635/826/700
f 2453/105/2814 2452/104/703 2637/750/703 2636/899/700
f 2452/104/703 2470/677/2927 2638/829/703 2637/750/703
f 2469/122/2926 2622/514/2819 2638/829/703 2470/677/2927
f 2659/420/709 2639/533/448 2640/247/448 2660/948/709
f 2660/948/709 2640/247/448 2641/245/448 2661/293/448
f 2661/293/448 2641/245/448 2642/464/448 2662/5/496
f 2664/516/448 2663/400/448 2644/515/709 2645/654/448
f 2644/515/709 2663/400/448 2643/681/704
f 2665/250/448 2664/516/448 2645/654/448 2646/248/448
f 2666/83/709 2665/250/448 2646/248/448 2647/517/709
f 2667/71/448 2666/83/709 2647/517/709 2648/253/448
f 2668/103/448 2667/71/448 2648/253/448 2649/251/448
f 2668/103/448 2649/251/448 2650/535/448 2669/391/448
f 2669/391/448 2650/535/448 2651/485/448 2670/629/541
f 2670/629/541 2651/485/448 2652/254/709 2671/87/2928
f 2671/87/2928 2652/254/709 2653/518/448 2672/86/448
f 2672/86/448 2653/518/448 2654/578/448 2673/17/448
f 2674/395/448 2673/17/448 2654/578/448 2655/536/448
f 2675/91/448 2674/395/448 2655/536/448 2656/519/448
f 2676/90/448 2675/91/448 2656/519/448 2657/258/448
f 2677/89/709 2676/90/448 2657/258/448 2658/469/709
f 2659/420/709 2677/89/709 2658/469/709 2639/533/448
f 2784/1615/2459 2785/904/537 2659/754/2138 2660/520/2198
f 2783/1616/2457 2784/1615/2459 2660/520/2198 2661/23/2196
f 2782/1617/2455 2783/1616/2457 2661/23/2196 2662/24/496
f 2781/1417/505 2782/1617/2455 2662/24/496 2643/1133/704
f 2780/406/506 2781/1417/505 2643/1133/704 2663/261/495
f 2780/406/506 2663/261/495 2664/585/578 2779/1618/560
f 2779/1618/560 2664/585/578 2665/26/2235 2778/1125/529
f 2778/1125/529 2665/26/2235 2666/377/2233 2777/703/528
f 2777/703/528 2666/377/2233 2667/523/2193 2745/695/545
f 2745/695/545 2667/523/2193 2668/711/2191 2776/1619/735
f 2776/1619/735 2668/711/2191 2669/42/706 2775/682/705
f 2774/1620/460 2671/375/2928 2672/92/2633 2773/408/734
f 2671/375/2928 2774/1620/460 2670/31/541
f 2773/408/734 2672/92/2633 2673/1114/2254 2772/1116/530
f 2771/451/507 2772/1116/530 2673/1114/2254 2674/206/2252
f 2787/691/508 2771/451/507 2674/206/2252 2675/409/2929
f 2770/1621/533 2787/691/508 2675/409/2929 2676/1083/2202
f 2786/1622/536 2770/1621/533 2676/1083/2202 2677/32/2201
f 2785/1623/537 2786/1622/536 2677/32/2201 2659/1091/2138
f 2833/1624/464 2834/1625/464 2678/216/464 2679/366/464
f 2832/1626/464 2833/1624/464 2679/366/464 2680/215/464
f 2831/1627/464 2832/1626/464 2680/215/464 2681/414/466
f 2830/1628/466 2831/1627/464 2681/414/466 2682/412/464
f 2829/1629/466 2830/1628/466 2682/412/464 2683/68/464
f 2829/1629/466 2683/68/464 2684/528/466 2828/1630/466
f 2828/1630/466 2684/528/466 2685/213/464 2827/1631/466
f 2827/1631/466 2685/213/464 2686/212/464 2826/462/464
f 2826/462/464 2686/212/464 2687/368/464 2825/1632/464
f 2825/1632/464 2687/368/464 2688/474/707 2824/684/464
f 2822/1633/464 2823/1634/464 2690/96/464 2691/97/464
f 2689/683/708 2690/96/464 2823/1634/464
f 2821/1635/464 2822/1633/464 2691/97/464 2692/415/733
f 2839/1636/464 2821/1635/464 2692/415/733 2693/532/582
f 2839/1636/464 2693/532/582 2694/463/732 2838/1637/464
f 2838/1637/464 2694/463/732 2695/419/731 2837/1638/464
f 2837/1638/464 2695/419/731 2696/417/2930 2836/1639/466
f 2836/1639/466 2696/417/2930 2697/481/464 2835/1117/464
f 2835/1117/464 2697/481/464 2678/216/464 2834/1625/464
f 2691/959/2931 2723/1640/460 2722/689/734 2692/688/733
f 2695/437/731 2720/1641/2932 2696/38/2930
f 2693/591/582 2721/687/580 2694/372/732
f 2690/241/2933 2724/1642/2142 2723/1640/460 2691/959/2931
f 2689/337/708 2725/1050/2934 2724/1642/2142 2690/241/2933
f 2688/844/707 2726/1643/2935 2725/1050/2934 2689/337/708
f 2687/614/2660 2727/694/545 2726/1643/2935 2688/844/707
f 2686/1086/2936 2728/704/528 2727/694/545 2687/614/2660
f 2685/37/2937 2729/912/567 2728/704/528 2686/1086/2936
f 2684/1241/2236 2730/1644/2938 2729/912/567 2685/37/2937
f 2683/914/2939 2731/1645/2540 2730/1644/2938 2684/1241/2236
f 2683/914/2939 2682/439/2663 2732/1646/505 2731/1645/2540
f 2682/439/2663 2681/742/2240 2733/1647/2455 2732/1646/505
f 2681/742/2240 2680/244/2940 2734/922/576 2733/1647/2455
f 2680/244/2940 2679/47/2941 2735/1648/532 2734/922/576
f 2679/47/2941 2678/59/2942 2736/1649/537 2735/1648/532
f 2678/1162/2942 2697/657/2943 2737/708/736 2736/707/537
f 2697/657/2943 2696/38/2930 2720/1641/2932 2737/708/736
f 2756/692/580 2757/442/530 2740/916/530 2739/690/507
f 2758/1420/734 2741/452/734 2740/916/530 2757/442/530
f 2759/1421/460 2742/1422/460 2741/452/734 2758/1420/734
f 2760/1650/2142 2743/1423/2142 2742/1422/460 2759/1421/460
f 2793/697/705 2744/1424/705 2743/1423/2142 2760/1650/2142
f 2795/705/528 2746/702/528 2745/695/545 2727/694/545
f 2744/1424/705 2793/697/705 2761/693/735
f 2796/699/529 2747/1121/529 2746/702/528 2795/705/528
f 2762/701/560 2748/445/560 2747/1121/529 2796/699/529
f 2763/1651/506 2749/1428/506 2748/445/560 2762/701/560
f 2763/1651/506 2764/1652/505 2750/1430/505 2749/1428/506
f 2764/1652/505 2765/450/2455 2751/1431/2455 2750/1430/505
f 2765/450/2455 2766/1052/2457 2752/1432/2457 2751/1431/2455
f 2766/1052/2457 2767/1433/2944 2753/1434/2459 2752/1432/2457
f 2767/1433/2944 2768/1653/537 2754/1654/537 2753/1434/2459
f 2768/1655/537 2769/919/536 2755/1656/536 2754/1657/537
f 2788/696/507 2789/453/530 2757/442/530 2756/692/580
f 2738/1658/533 2755/1656/536 2769/919/536
f 2790/1436/734 2758/1420/734 2757/442/530 2789/453/530
f 2791/1437/460 2759/1421/460 2758/1420/734 2790/1436/734
f 2792/1659/2559 2760/1650/2142 2759/1421/460 2791/1437/460
f 2798/1660/506 2763/1651/506 2762/701/560 2797/700/560
f 2760/1650/2142 2792/1659/2559 2793/697/705
f 2761/693/735 2794/698/735 2727/694/545
f 2798/1660/506 2799/1661/2945 2764/1652/505 2763/1651/506
f 2799/1661/2945 2800/449/2455 2765/450/2455 2764/1652/505
f 2800/449/2455 2801/923/2457 2766/1052/2457 2765/450/2455
f 2801/923/2457 2735/1648/532 2767/1433/2944 2766/1052/2457
f 2735/1648/532 2736/1649/537 2768/1653/537 2767/1433/2944
f 2736/707/537 2802/706/536 2769/919/536 2768/1655/537
f 2739/690/507 2740/916/530 2772/1116/530 2771/451/507
f 2738/1658/533 2769/919/536 2802/706/536
f 2787/691/508 2770/1621/533 2738/1658/533
f 2741/452/734 2773/408/734 2772/1116/530 2740/916/530
f 2742/1422/460 2774/1620/460 2773/408/734 2741/452/734
f 2743/1423/2142 2670/31/541 2774/1620/460 2742/1422/460
f 2744/1424/705 2775/682/705 2670/31/541 2743/1423/2142
f 2761/693/735 2776/1619/735 2775/682/705 2744/1424/705
f 2747/1121/529 2778/1125/529 2777/703/528 2746/702/528
f 2776/1619/735 2761/693/735 2745/695/545
f 2748/445/560 2779/1618/560 2778/1125/529 2747/1121/529
f 2749/1428/506 2780/406/506 2779/1618/560 2748/445/560
f 2749/1428/506 2750/1430/505 2781/1417/505 2780/406/506
f 2750/1430/505 2751/1431/2455 2782/1617/2455 2781/1417/505
f 2751/1431/2455 2752/1432/2457 2783/1616/2457 2782/1617/2455
f 2752/1432/2457 2753/1434/2459 2784/1615/2459 2783/1616/2457
f 2753/1434/2459 2754/1654/537 2785/904/537 2784/1615/2459
f 2754/1657/537 2755/1656/536 2786/1622/536 2785/1623/537
f 2755/1656/536 2738/1658/533 2770/1621/533 2786/1622/536
f 2720/1641/2932 2695/437/731 2787/691/508 2738/1658/533
f 2695/437/731 2721/687/580 2788/696/507 2787/691/508
f 2721/687/580 2693/591/582 2789/453/530 2788/696/507
f 2722/689/734 2790/1436/734 2789/453/530 2693/591/582
f 2723/1640/460 2791/1437/460 2790/1436/734 2722/689/734
f 2724/1642/2142 2792/1659/2559 2791/1437/460 2723/1640/460
f 2725/1050/2934 2793/697/705 2792/1659/2559 2724/1642/2142
f 2726/1643/2935 2794/698/735 2793/697/705 2725/1050/2934
f 2729/912/567 2796/699/529 2795/705/528 2728/704/528
f 2794/698/735 2726/1643/2935 2727/694/545
f 2730/1644/2938 2797/700/560 2796/699/529 2729/912/567
f 2731/1645/2540 2798/1660/506 2797/700/560 2730/1644/2938
f 2731/1645/2540 2732/1646/505 2799/1661/2945 2798/1660/506
f 2732/1646/505 2733/1647/2455 2800/449/2455 2799/1661/2945
f 2733/1647/2455 2734/922/576 2801/923/2457 2800/449/2455
f 2737/708/736 2720/1641/2932 2738/1658/533 2802/706/536
f 2735/1648/532 2801/923/2457 2734/922/576
f 2714/120/727 2713/119/726 2804/1662/2946 2803/926/2947
f 2712/118/725 2805/1053/2948 2804/1662/2946 2713/119/726
f 2711/64/724 2806/1663/2949 2805/1053/2948 2712/118/725
f 2710/117/723 2807/924/2950 2806/1663/2949 2711/64/724
f 2709/116/722 2808/1664/2951 2807/924/2950 2710/117/723
f 2708/115/721 2809/1665/2952 2808/1664/2951 2709/116/722
f 2708/115/721 2707/114/720 2810/1666/2953 2809/1665/2952
f 2707/114/720 2706/113/719 2811/1667/2954 2810/1666/2953
f 2704/111/717 2703/110/716 2813/1668/2955 2812/709/737
f 2705/685/718 2811/1667/2954 2706/113/719
f 2702/109/715 2814/1669/2956 2813/1668/2955 2703/110/716
f 2701/108/714 2815/1670/2957 2814/1669/2956 2702/109/715
f 2700/107/713 2816/1671/2958 2815/1670/2957 2701/108/714
f 2699/105/711 2817/1672/2959 2816/1671/2958 2700/107/713
f 2698/104/710 2818/925/2960 2817/1672/2959 2699/105/711
f 2698/104/710 2717/123/730 2819/1055/2961 2818/925/2960
f 2715/121/728 2714/120/727 2803/926/2947 2820/710/738
f 2716/686/729 2819/1055/2961 2717/123/730
f 2805/1053/2948 2806/1663/2949 2822/1633/464 2821/1635/464
f 2806/1663/2949 2807/924/2950 2823/1634/464 2822/1633/464
f 2807/924/2950 2808/1664/2951 2689/683/708 2823/1634/464
f 2808/1664/2951 2809/1665/2952 2824/684/464 2689/683/708
f 2810/1666/2953 2825/1632/464 2824/684/464 2809/1665/2952
f 2811/1667/2954 2826/462/464 2825/1632/464 2810/1666/2953
f 2705/685/718 2827/1631/466 2826/462/464 2811/1667/2954
f 2812/709/737 2828/1630/466 2827/1631/466 2705/685/718
f 2813/1668/2955 2829/1629/466 2828/1630/466 2812/709/737
f 2813/1668/2955 2814/1669/2956 2830/1628/466 2829/1629/466
f 2814/1669/2956 2815/1670/2957 2831/1627/464 2830/1628/466
f 2815/1670/2957 2816/1671/2958 2832/1626/464 2831/1627/464
f 2816/1671/2958 2817/1672/2959 2833/1624/464 2832/1626/464
f 2817/1672/2959 2818/925/2960 2834/1625/464 2833/1624/464
f 2819/1055/2961 2835/1117/464 2834/1625/464 2818/925/2960
f 2716/686/729 2836/1639/466 2835/1117/464 2819/1055/2961
f 2820/710/738 2837/1638/464 2836/1639/466 2716/686/729
f 2803/926/2947 2838/1637/464 2837/1638/464 2820/710/738
f 2804/1662/2946 2839/1636/464 2838/1637/464 2803/926/2947
f 2804/1662/2946 2805/1053/2948 2821/1635/464 2839/1636/464
f 3044/1592/2962 2840/533/2963 2841/247/2964 3043/1358/2962
f 3043/1358/2962 2841/247/2964 2842/245/2962 3042/392/2962
f 3042/392/2962 2842/245/2962 2843/464/2962 3041/1081/2962
f 3041/1081/2962 2843/464/2962 2844/534/2965 3040/854/2962
f 3039/1451/2962 3040/854/2962 2844/534/2965 2845/515/2962
f 3038/1364/2965 3039/1451/2962 2845/515/2962 2846/654/2966
f 3037/643/2965 3038/1364/2965 2846/654/2966 2847/718/2967
f 3036/359/2962 3037/643/2965 2847/718/2967 2848/517/2968
f 3035/1365/2962 3036/359/2962 2848/517/2968 2849/716/2969
f 3035/1365/2962 2849/716/2969 2850/251/2962 3034/1593/2962
f 3034/1593/2962 2850/251/2962 2851/535/2962 3033/1452/2962
f 3033/1452/2962 2851/535/2962 2852/485/2962 3052/362/2962
f 3052/362/2962 2852/485/2962 2853/254/2962 3051/1594/2962
f 3051/1594/2962 2853/254/2962 2854/518/2964 3050/1369/2962
f 3049/580/2962 3050/1369/2962 2854/518/2964 2855/578/2962
f 3048/394/2962 3049/580/2962 2855/578/2962 2856/536/2965
f 3047/468/2962 3048/394/2962 2856/536/2965 2857/519/2962
f 3046/930/2962 3047/468/2962 2857/519/2962 2858/258/2962
f 3045/471/2962 3046/930/2962 2858/258/2962 2859/469/2970
f 3045/471/2962 2859/469/2970 2840/533/2963 3044/1592/2962
f 2953/831/2971 2860/754/2972 2861/520/2973 2952/1453/2974
f 2952/1453/2974 2861/520/2973 2862/23/2975 2951/582/2976
f 2951/582/2976 2862/23/2975 2863/24/2977 2950/804/2978
f 2950/804/2978 2863/24/2977 2864/1133/2979 2949/1132/2980
f 2948/260/2981 2949/1132/2980 2864/1133/2979 2865/261/2982
f 2947/584/2983 2948/260/2981 2865/261/2982 2866/585/2984
f 2946/28/2985 2947/584/2983 2866/585/2984 2867/26/2986
f 2945/1454/2987 2946/28/2985 2867/26/2986 2868/377/2988
f 2944/660/2989 2945/1454/2987 2868/377/2988 2869/523/2990
f 2943/617/741 2944/660/2989 2869/523/2990 2870/711/739
f 2941/936/2991 2874/92/2992 2875/1114/2993 2940/880/2994
f 2871/712/740 2872/31/742 2942/714/744
f 2873/713/743 2874/92/2992 2941/936/2991
f 2940/880/2994 2875/1114/2993 2876/206/2995 2957/263/2996
f 2957/263/2996 2876/206/2995 2877/409/2997 2956/646/2998
f 2956/646/2998 2877/409/2997 2878/1083/2999 2955/1085/3000
f 2955/1085/3000 2878/1083/2999 2879/32/3001 2954/34/3002
f 2954/34/3002 2879/32/3001 2860/1091/2972 2953/1456/2971
f 3006/938/3003 3007/367/3004 2880/216/3005 2881/366/3006
f 3005/473/3007 3006/938/3003 2881/366/3006 2882/215/3008
f 3004/1596/3009 3005/473/3007 2882/215/3008 2883/414/3010
f 3003/835/3011 3004/1596/3009 2883/414/3010 2884/412/3012
f 3003/835/3011 2884/412/3012 2885/68/3013 3002/606/3014
f 3002/606/3014 2885/68/3013 2886/528/3015 3001/1457/3016
f 3001/1457/3016 2886/528/3015 2887/213/1550 3000/940/771
f 3000/940/771 2887/213/1550 2888/212/3017 2999/369/3018
f 2999/369/3018 2888/212/3017 2889/368/3019 2998/1013/767
f 2997/476/3020 2998/1013/767 2889/368/3019 2890/474/3021
f 2996/837/3022 2997/476/3020 2890/474/3021 2891/838/3023
f 2995/370/747 2996/837/3022 2891/838/3023 2892/96/745
f 2994/588/3024 2894/415/3025 2895/532/3026 3012/1460/3027
f 2893/715/746 2894/415/3025 2994/588/3024
f 3012/1460/3027 2895/532/3026 2896/463/3028 3011/1461/3029
f 3011/1461/3029 2896/463/3028 2897/419/3030 3010/478/3031
f 3010/478/3031 2897/419/3030 2898/417/3032 3009/737/3033
f 3009/737/3033 2898/417/3032 2899/481/3034 3008/480/3035
f 3007/367/3004 3008/480/3035 2899/481/3034 2880/216/3005
f 3080/1464/760 3081/609/760 2841/247/759 2840/533/759
f 3079/1463/3036 3080/1464/3036 2840/533/3037 2859/469/3037
f 3078/482/3038 3079/1463/3038 2859/469/3039 2858/258/3039
f 3077/809/3040 3078/482/3040 2858/258/3040 2857/519/3040
f 3076/1466/3041 3077/809/3041 2857/519/3041 2856/536/3041
f 3075/1465/3042 3076/1466/3042 2856/536/3043 2855/578/3043
f 3074/811/3044 3075/1465/3044 2855/578/3044 2854/518/3044
f 3074/811/3045 2854/518/3046 2853/254/3046 3073/1467/3045
f 3073/1467/3047 2853/254/3047 2852/485/3047 3072/484/3047
f 3072/484/3048 2852/485/3048 2851/535/3048 3071/651/3049
f 3071/651/3050 2851/535/3051 2850/251/3051 3070/717/3050
f 3086/653/3052 2846/654/3052 2845/515/3052 3085/739/3052
f 2848/517/2968 3069/719/3053 2849/716/2969
f 2846/654/2966 3086/653/3054 2847/718/2967
f 3085/739/3055 2845/515/3055 2844/534/3055 3084/842/3055
f 3083/1468/3056 3084/842/3056 2844/534/3057 2843/464/3057
f 3082/489/3058 3083/1468/3058 2843/464/3058 2842/245/3058
f 3081/609/3059 3082/489/3059 2842/245/3059 2841/247/3059
f 2894/688/3060 2921/884/3061 2920/589/2994 2895/591/3062
f 2894/688/3060 2893/959/746 2922/849/3063 2921/884/3061
f 2893/959/746 2892/241/745 2923/265/3064 2922/849/3063
f 2892/241/745 2891/337/3065 2924/490/3066 2923/265/3064
f 2891/337/3065 2890/844/3067 2925/1469/3068 2924/490/3066
f 2890/844/3067 2889/614/3069 2926/612/3070 2925/1469/3068
f 2889/614/3069 2888/1086/3071 2927/1087/3072 2926/612/3070
f 2888/1086/3071 2887/37/3073 2928/35/3074 2927/1087/3072
f 2887/37/3073 2886/1241/3075 2929/599/3076 2928/35/3074
f 2886/1241/3075 2885/914/3077 2930/961/3078 2929/599/3076
f 2885/914/3077 2884/439/3079 2931/1470/3080 2930/961/3078
f 2883/742/3081 2932/743/3082 2931/1470/3080 2884/439/3079
f 2882/244/3083 2933/1138/3084 2932/743/3082 2883/742/3081
f 2881/47/3085 2934/318/3086 2933/1138/3084 2882/244/3083
f 2880/59/3087 2935/1673/3088 2934/318/3086 2881/47/3085
f 2899/657/3089 2936/720/753 2935/1674/3088 2880/1162/3087
f 2898/38/3090 2937/721/754 2936/720/753 2899/657/3089
f 2897/39/3091 2938/40/755 2937/721/754 2898/38/3090
f 2896/372/3092 2939/373/3093 2938/40/755 2897/39/3091
f 2895/591/3062 2920/589/2994 2939/373/3093 2896/372/3092
f 2959/1268/2991 2941/936/2991 2940/880/2994 2958/882/2994
f 2959/1268/2991 2960/1472/3094 2873/713/743 2941/936/2991
f 2960/1472/3094 2961/1473/3095 2942/714/744 2873/713/743
f 2961/1473/3095 2962/1474/3096 2871/712/740 2942/714/744
f 2962/1474/3096 2963/619/741 2943/617/741 2871/712/740
f 2963/619/741 2964/52/3097 2944/660/2989 2943/617/741
f 2964/52/3097 2965/324/3098 2945/1454/2987 2944/660/2989
f 2965/324/3098 2966/1154/3099 2946/28/2985 2945/1454/2987
f 2966/1154/3099 2967/597/3100 2947/584/2983 2946/28/2985
f 2967/597/3100 2968/1309/3078 2948/260/2981 2947/584/2983
f 2968/1309/3078 2969/1020/2980 2949/1132/2980 2948/260/2981
f 2970/1475/3101 2950/804/2978 2949/1132/2980 2969/1020/2980
f 2971/883/3102 2951/582/2976 2950/804/2978 2970/1475/3101
f 2972/1476/3103 2952/1453/2974 2951/582/2976 2971/883/3102
f 2973/55/2971 2953/831/2971 2952/1453/2974 2972/1476/3103
f 2936/720/753 2954/34/3002 2953/1456/2971 2973/1156/2971
f 2974/331/754 2955/1085/3000 2954/34/3002 2936/720/753
f 2975/879/755 2956/646/2998 2955/1085/3000 2974/331/754
f 2976/277/3104 2957/263/2996 2956/646/2998 2975/879/755
f 2958/882/2994 2940/880/2994 2957/263/2996 2976/277/3104
f 2978/280/2991 2959/1268/2991 2958/882/2994 2977/963/2994
f 2978/280/2991 2979/850/3094 2960/1472/3094 2959/1268/2991
f 2979/850/3094 2980/283/3105 2961/1473/3095 2960/1472/3094
f 2980/283/3105 2981/885/3106 2962/1474/3096 2961/1473/3095
f 2981/885/3106 2982/1282/741 2963/619/741 2962/1474/3096
f 2982/1282/741 2983/328/3107 2964/52/3097 2963/619/741
f 2983/328/3107 2984/58/3098 2965/324/3098 2964/52/3097
f 2984/58/3098 2985/815/2985 2966/1154/3099 2965/324/3098
f 2985/815/2985 2986/596/3108 2967/597/3100 2966/1154/3099
f 2986/596/3108 2987/1477/3078 2968/1309/3078 2967/597/3100
f 2987/1477/3078 2988/1478/2980 2969/1020/2980 2968/1309/3078
f 2989/1479/3101 2970/1475/3101 2969/1020/2980 2988/1478/2980
f 2990/1480/3102 2971/883/3102 2970/1475/3101 2989/1479/3101
f 2991/1481/2974 2972/1476/3103 2971/883/3102 2990/1480/3102
f 2935/1673/3088 2973/55/2971 2972/1476/3103 2991/1481/2974
f 2992/667/755 2975/879/755 2974/331/754 2937/721/754
f 2973/1156/2971 2935/1674/3088 2936/720/753
f 2993/598/3104 2976/277/3104 2975/879/755 2992/667/755
f 2977/963/2994 2958/882/2994 2976/277/3104 2993/598/3104
f 2921/884/3061 2978/280/2991 2977/963/2994 2920/589/2994
f 2921/884/3061 2922/849/3063 2979/850/3094 2978/280/2991
f 2922/849/3063 2923/265/3064 2980/283/3105 2979/850/3094
f 2923/265/3064 2924/490/3066 2981/885/3106 2980/283/3105
f 2924/490/3066 2925/1469/3068 2982/1282/741 2981/885/3106
f 2925/1469/3068 2926/612/3070 2983/328/3107 2982/1282/741
f 2926/612/3070 2927/1087/3072 2984/58/3098 2983/328/3107
f 2927/1087/3072 2928/35/3074 2985/815/2985 2984/58/3098
f 2928/35/3074 2929/599/3076 2986/596/3108 2985/815/2985
f 2929/599/3076 2930/961/3078 2987/1477/3078 2986/596/3108
f 2930/961/3078 2931/1470/3080 2988/1478/2980 2987/1477/3078
f 2932/743/3082 2989/1479/3101 2988/1478/2980 2931/1470/3080
f 2933/1138/3084 2990/1480/3102 2989/1479/3101 2932/743/3082
f 2934/318/3086 2991/1481/2974 2990/1480/3102 2933/1138/3084
f 2939/373/3093 2993/598/3104 2992/667/755 2938/40/755
f 2991/1481/2974 2934/318/3086 2935/1673/3088
f 2920/589/2994 2977/963/2994 2993/598/3104 2939/373/3093
f 3090/955/767 3091/860/767 2893/715/746 2994/588/3024
f 3091/860/767 3092/396/3109 2995/370/747 2893/715/746
f 3092/396/3109 3093/509/767 2996/837/3022 2995/370/747
f 3093/509/767 3094/1110/767 2997/476/3020 2996/837/3022
f 3094/1110/767 3095/825/767 2998/1013/767 2997/476/3020
f 3096/512/3110 2999/369/3018 2998/1013/767 3095/825/767
f 2907/726/762 3000/940/771 2999/369/3018 3096/512/3110
f 3097/730/767 3001/1457/3016 3000/940/771 2907/726/762
f 2905/731/769 3002/606/3014 3001/1457/3016 3097/730/767
f 3098/732/771 3003/835/3011 3002/606/3014 2905/731/769
f 3098/732/771 3099/640/771 3004/1596/3009 3003/835/3011
f 3099/640/771 3100/826/767 3005/473/3007 3004/1596/3009
f 3100/826/767 3101/899/767 3006/938/3003 3005/473/3007
f 3101/899/767 3102/750/767 3007/367/3004 3006/938/3003
f 3102/750/767 3103/829/771 3008/480/3035 3007/367/3004
f 3087/514/3110 3009/737/3033 3008/480/3035 3103/829/771
f 2917/728/765 3010/478/3031 3009/737/3033 3087/514/3110
f 3088/638/767 3011/1461/3029 3010/478/3031 2917/728/765
f 3089/1606/767 3012/1460/3027 3011/1461/3029 3088/638/767
f 3090/955/767 2994/588/3024 3012/1460/3027 3089/1606/767
f 2870/103/739 3014/495/3111 3013/1023/3112 2871/391/740
f 2869/71/3113 3015/388/3114 3014/495/3111 2870/103/739
f 2869/71/3113 2868/83/3115 3016/496/3116 3015/388/3114
f 2868/83/3115 2867/250/3117 3017/504/3118 3016/496/3116
f 2867/250/3117 2866/516/3119 3018/952/3120 3017/504/3118
f 2866/516/3119 2865/400/3121 3019/668/3122 3018/952/3120
f 2865/400/3121 2864/73/3123 3020/853/3124 3019/668/3122
f 2863/5/3125 3021/624/2965 3020/853/3124 2864/73/3123
f 2862/293/3126 3022/389/3127 3021/624/2965 2863/5/3125
f 2861/948/3128 3023/949/3129 3022/389/3127 2862/293/3126
f 2860/420/2964 3024/499/2964 3023/949/3129 2861/948/3128
f 2879/89/3113 3025/819/3130 3024/499/2964 2860/420/2964
f 2879/89/3113 2878/90/3131 3026/670/3132 3025/819/3130
f 2878/90/3131 2877/91/3133 3027/626/3125 3026/670/3132
f 2877/91/3133 2876/395/3134 3028/891/3133 3027/626/3125
f 2876/395/3134 2875/17/3135 3029/672/2962 3028/891/3133
f 2875/17/3135 2874/86/3136 3030/501/3137 3029/672/2962
f 2873/87/743 3031/817/3138 3030/501/3137 2874/86/3136
f 2872/629/742 3032/630/3139 3031/817/3138 2873/87/743
f 2871/391/740 3013/1023/3112 3032/630/3139 2872/629/742
f 3014/495/3111 3034/1593/2962 3033/1452/2962 3013/1023/3112
f 3015/388/3114 3035/1365/2962 3034/1593/2962 3014/495/3111
f 3015/388/3114 3016/496/3116 3036/359/2962 3035/1365/2962
f 3016/496/3116 3017/504/3118 3037/643/2965 3036/359/2962
f 3017/504/3118 3018/952/3120 3038/1364/2965 3037/643/2965
f 3018/952/3120 3019/668/3122 3039/1451/2962 3038/1364/2965
f 3019/668/3122 3020/853/3124 3040/854/2962 3039/1451/2962
f 3021/624/2965 3041/1081/2962 3040/854/2962 3020/853/3124
f 3022/389/3127 3042/392/2962 3041/1081/2962 3021/624/2965
f 3023/949/3129 3043/1358/2962 3042/392/2962 3022/389/3127
f 3024/499/2964 3044/1592/2962 3043/1358/2962 3023/949/3129
f 3025/819/3130 3045/471/2962 3044/1592/2962 3024/499/2964
f 3025/819/3130 3026/670/3132 3046/930/2962 3045/471/2962
f 3026/670/3132 3027/626/3125 3047/468/2962 3046/930/2962
f 3027/626/3125 3028/891/3133 3048/394/2962 3047/468/2962
f 3028/891/3133 3029/672/2962 3049/580/2962 3048/394/2962
f 3029/672/2962 3030/501/3137 3050/1369/2962 3049/580/2962
f 3031/817/3138 3051/1594/2962 3050/1369/2962 3030/501/3137
f 3032/630/3139 3052/362/2962 3051/1594/2962 3031/817/3138
f 3013/1023/3112 3033/1452/2962 3052/362/2962 3032/630/3139
f 2909/114/3140 3054/74/3141 3053/727/3142 2908/113/3140
f 2912/117/3143 3056/895/3144 3055/723/3144 2911/116/3143
f 3054/74/3145 2909/114/3146 2910/722/748
f 2913/64/3147 3057/1492/3148 3056/895/3149 2912/117/3147
f 2914/118/3150 3058/676/3151 3057/1492/3151 2913/64/3150
f 2914/118/3152 2915/119/3152 3059/1040/3044 3058/676/3044
f 2915/119/3153 2916/120/3153 3060/1493/3154 3059/1040/3154
f 2916/120/766 2917/728/765 3061/349/3155 3060/1493/3155
f 2917/728/3156 2918/122/3156 3062/76/3157 3061/349/3157
f 2918/122/3158 2919/123/3158 3063/857/3159 3062/76/3159
f 2901/105/3160 2902/107/3160 3065/1043/3160 3064/724/3160
f 2900/725/3161 3063/857/3162 2919/123/3163
f 2902/107/3164 2903/108/3164 3066/745/3165 3065/1043/3165
f 2903/108/3166 2904/109/3166 3067/1494/3167 3066/745/3167
f 2905/731/769 3068/859/3168 3067/1494/3168 2904/109/770
f 3054/74/3141 2849/716/2969 3069/719/3053 3053/727/3142
f 3068/859/3169 2905/731/3170 2906/729/3052
f 2910/722/748 3070/717/748 2849/716/748 3054/74/3145
f 3055/723/758 3071/651/3050 3070/717/3050 2910/722/756
f 3056/895/3144 3072/484/3048 3071/651/3049 3055/723/3144
f 3057/1492/3148 3073/1467/3047 3072/484/3047 3056/895/3149
f 3058/676/3151 3074/811/3045 3073/1467/3045 3057/1492/3151
f 3058/676/3044 3059/1040/3044 3075/1465/3044 3074/811/3044
f 3059/1040/3154 3060/1493/3154 3076/1466/3042 3075/1465/3042
f 3060/1493/3155 3061/349/3155 3077/809/3041 3076/1466/3041
f 3061/349/3157 3062/76/3157 3078/482/3040 3077/809/3040
f 3062/76/3159 3063/857/3159 3079/1463/3038 3078/482/3038
f 3063/857/3162 2900/725/3161 3080/1464/3036 3079/1463/3036
f 2900/725/760 3064/724/759 3081/609/760 3080/1464/760
f 3064/724/3160 3065/1043/3160 3082/489/3059 3081/609/3059
f 3065/1043/3165 3066/745/3165 3083/1468/3058 3082/489/3058
f 3066/745/3167 3067/1494/3167 3084/842/3056 3083/1468/3056
f 3068/859/3168 3085/739/3055 3084/842/3055 3067/1494/3168
f 2906/729/3052 3086/653/3052 3085/739/3052 3068/859/3169
f 2907/726/762 2847/718/2967 3086/653/3054 2906/729/768
f 3053/727/764 3069/719/751 2847/718/750 2907/726/762
f 2915/119/767 3089/1606/767 3088/638/767 2916/120/766
f 3087/514/3110 2918/122/3110 2917/728/765
f 2914/118/767 3090/955/767 3089/1606/767 2915/119/767
f 2914/118/767 2913/64/767 3091/860/767 3090/955/767
f 2913/64/767 2912/117/3171 3092/396/3109 3091/860/767
f 2912/117/3171 2911/116/757 3093/509/767 3092/396/3109
f 2911/116/757 2910/722/756 3094/1110/767 3093/509/767
f 2910/722/756 2909/114/767 3095/825/767 3094/1110/767
f 2908/113/763 3096/512/3110 3095/825/767 2909/114/767
f 2904/109/770 2903/108/3172 3099/640/771 3098/732/771
f 3096/512/3110 2908/113/763 2907/726/762
f 3097/730/767 2906/729/768 2905/731/769
f 2903/108/3172 2902/107/771 3100/826/767 3099/640/771
f 2902/107/771 2901/105/767 3101/899/767 3100/826/767
f 2901/105/767 2900/725/3161 3102/750/767 3101/899/767
f 2900/725/3161 2919/123/3163 3103/829/771 3102/750/767
f 2918/122/3110 3087/514/3110 3103/829/771 2919/123/3163
f 3305/1358/774 3306/1592/774 3104/533/3173 3105/247/774
f 3305/1358/774 3105/247/774 3106/245/774 3304/392/774
f 3304/392/774 3106/245/774 3107/464/774 3303/1081/774
f 3303/1081/774 3107/464/774 3108/738/785 3302/854/774
f 3302/854/774 3108/738/785 3109/515/784 3301/1451/774
f 3301/1451/774 3109/515/784 3110/654/3173 3300/1364/774
f 3299/643/774 3300/1364/774 3110/654/3173 3111/248/3173
f 3298/359/774 3299/643/774 3111/248/3173 3112/517/772
f 3296/1452/774 3297/1593/774 3114/251/774 3115/535/774
f 3113/733/773 3114/251/774 3297/1593/774
f 3296/1452/774 3115/535/774 3116/485/774 3314/362/774
f 3314/362/774 3116/485/774 3117/254/774 3313/1594/774
f 3313/1594/774 3117/254/774 3118/518/774 3312/1369/774
f 3312/1369/774 3118/518/774 3119/578/774 3311/580/774
f 3311/580/774 3119/578/774 3120/536/774 3310/394/774
f 3309/468/774 3310/394/774 3120/536/774 3121/519/774
f 3308/930/774 3309/468/774 3121/519/774 3122/258/774
f 3307/471/774 3308/930/774 3122/258/774 3123/469/774
f 3306/1592/774 3307/471/774 3123/469/774 3104/533/3173
f 3215/831/3174 3124/754/3175 3125/520/3176 3214/1453/3177
f 3214/1453/3177 3125/520/3176 3126/23/3178 3213/582/3179
f 3213/582/3179 3126/23/3178 3127/24/3180 3212/804/3181
f 3212/804/3181 3127/24/3180 3128/1133/3182 3211/1132/3183
f 3211/1132/3183 3128/1133/3182 3129/261/3184 3210/260/3185
f 3210/260/3185 3129/261/3184 3130/585/3186 3209/584/3187
f 3208/28/3188 3209/584/3187 3130/585/3186 3131/26/3189
f 3207/1454/3190 3208/28/3188 3131/26/3189 3132/377/3191
f 3206/660/3192 3207/1454/3190 3132/377/3191 3133/523/3193
f 3205/617/777 3206/660/3192 3133/523/3193 3134/711/775
f 3203/1455/3194 3204/714/3195 3136/31/794 3137/375/793
f 3135/734/776 3136/31/794 3204/714/3195
f 3202/936/3196 3203/1455/3194 3137/375/793 3138/92/3197
f 3201/880/3198 3202/936/3196 3138/92/3197 3139/1114/3199
f 3219/263/3200 3201/880/3198 3139/1114/3199 3140/206/3201
f 3219/263/3200 3140/206/3201 3141/409/3202 3218/646/3203
f 3218/646/3203 3141/409/3202 3142/1083/3204 3217/1085/3205
f 3217/1085/3205 3142/1083/3204 3143/32/3206 3216/34/3207
f 3216/34/3207 3143/32/3206 3124/1091/3175 3215/1456/3174
f 3273/367/3208 3144/216/3209 3145/366/3210 3272/938/3211
f 3271/473/3212 3272/938/3211 3145/366/3210 3146/215/3213
f 3270/1596/3214 3271/473/3212 3146/215/3213 3147/414/791
f 3269/835/3215 3270/1596/3214 3147/414/791 3148/412/790
f 3268/606/3216 3269/835/3215 3148/412/790 3149/68/3217
f 3267/1457/3218 3268/606/3216 3149/68/3217 3150/528/3218
f 3267/1457/3218 3150/528/3218 3151/213/3219 3266/940/3220
f 3266/940/3220 3151/213/3219 3152/212/780 3265/369/779
f 3264/476/3208 3154/474/3221 3155/838/3222 3263/837/3223
f 3154/474/3221 3264/476/3208 3153/735/778
f 3262/370/3224 3263/837/3223 3155/838/3222 3156/96/788
f 3261/1101/3225 3262/370/3224 3156/96/788 3157/97/3226
f 3260/588/3218 3261/1101/3225 3157/97/3226 3158/415/3227
f 3277/1460/3228 3260/588/3218 3158/415/3227 3159/532/3229
f 3276/1461/3230 3277/1460/3228 3159/532/3229 3160/463/3231
f 3276/1461/3230 3160/463/3231 3161/419/3232 3275/478/3233
f 3275/478/3233 3161/419/3232 3162/417/783 3274/737/782
f 3345/1464/3234 3346/609/3234 3105/247/3234 3104/533/3234
f 3144/216/3209 3273/367/3208 3163/736/781
f 3344/1463/3235 3345/1464/3235 3104/533/3235 3123/469/3235
f 3343/482/3236 3344/1463/3237 3123/469/3236 3122/258/3236
f 3342/809/3238 3343/482/3238 3122/258/3239 3121/519/3239
f 3341/1466/3240 3342/809/3240 3121/519/3241 3120/536/3241
f 3341/1466/3242 3120/536/3243 3119/578/3243 3340/1465/3242
f 3340/1465/3244 3119/578/3244 3118/518/3244 3339/811/3244
f 3339/811/3245 3118/518/3245 3117/254/3245 3338/1467/3245
f 3338/1467/3246 3117/254/3247 3116/485/3247 3337/484/3246
f 3337/484/3248 3116/485/3249 3115/535/3249 3336/651/3250
f 3336/651/3251 3115/535/3251 3114/251/3251 3335/717/3251
f 3335/717/3252 3114/251/3253 3113/733/3253 3334/487/3254
f 3334/487/3255 3113/733/773 3112/517/772 3333/719/3255
f 3333/719/3256 3112/517/3257 3111/248/3257 3351/611/3256
f 3351/611/3258 3111/248/3258 3110/654/3258 3350/653/3258
f 3349/739/3259 3350/653/3259 3110/654/3259 3109/515/3259
f 3347/489/797 3348/1468/797 3107/464/797 3106/245/797
f 3108/738/3260 3107/464/3260 3348/1468/3260
f 3346/609/3261 3347/489/3261 3106/245/3261 3105/247/3261
f 3159/591/3262 3158/688/3263 3184/884/3264 3183/589/3265
f 3158/688/3263 3157/959/3226 3185/849/3194 3184/884/3264
f 3155/337/789 3154/844/3221 3187/1469/3266 3186/490/787
f 3156/740/788 3185/849/3194 3157/959/3226
f 3154/844/3221 3153/614/778 3188/612/3267 3187/1469/3266
f 3153/614/778 3152/1086/3268 3189/1087/3269 3188/612/3267
f 3152/1086/3268 3151/37/3270 3190/35/3271 3189/1087/3269
f 3151/37/3270 3150/1241/3272 3191/599/3273 3190/35/3271
f 3149/914/3274 3192/961/3275 3191/599/3273 3150/1241/3272
f 3146/244/3276 3194/1138/3179 3193/743/792 3147/742/791
f 3192/961/3275 3149/914/3274 3148/741/790
f 3145/47/3277 3195/318/3278 3194/1138/3179 3146/244/3276
f 3144/59/3209 3196/616/3279 3195/318/3278 3145/47/3277
f 3163/657/781 3197/962/3207 3196/1305/3279 3144/1162/3209
f 3162/38/3280 3198/875/3281 3197/962/3207 3163/657/781
f 3161/39/3282 3199/40/3283 3198/875/3281 3162/38/3280
f 3160/372/3284 3200/373/3285 3199/40/3283 3161/39/3282
f 3160/372/3284 3159/591/3262 3183/589/3265 3200/373/3285
f 3220/882/3286 3221/1268/3287 3202/936/3196 3201/880/3198
f 3221/1268/3287 3222/1472/3194 3203/1455/3194 3202/936/3196
f 3222/1472/3194 3223/1473/3288 3204/714/3195 3203/1455/3194
f 3223/1473/3288 3224/1474/3289 3135/734/776 3204/714/3195
f 3224/1474/3289 3225/619/3290 3205/617/777 3135/734/776
f 3225/619/3290 3226/52/3291 3206/660/3192 3205/617/777
f 3226/52/3291 3227/324/3292 3207/1454/3190 3206/660/3192
f 3227/324/3292 3228/1154/3293 3208/28/3188 3207/1454/3190
f 3228/1154/3293 3229/597/3294 3209/584/3187 3208/28/3188
f 3230/1309/3295 3210/260/3185 3209/584/3187 3229/597/3294
f 3231/1020/3296 3211/1132/3183 3210/260/3185 3230/1309/3295
f 3232/1475/3297 3212/804/3181 3211/1132/3183 3231/1020/3296
f 3233/883/3298 3213/582/3179 3212/804/3181 3232/1475/3297
f 3234/1476/3278 3214/1453/3177 3213/582/3179 3233/883/3298
f 3235/55/3299 3215/831/3174 3214/1453/3177 3234/1476/3278
f 3236/664/3300 3216/34/3207 3215/1456/3174 3235/1156/3299
f 3237/331/3301 3217/1085/3205 3216/34/3207 3236/664/3300
f 3238/879/3203 3218/646/3203 3217/1085/3205 3237/331/3301
f 3239/277/3302 3219/263/3200 3218/646/3203 3238/879/3203
f 3239/277/3302 3220/882/3286 3201/880/3198 3219/263/3200
f 3240/963/3303 3241/280/3287 3221/1268/3287 3220/882/3286
f 3241/280/3287 3242/850/3194 3222/1472/3194 3221/1268/3287
f 3242/850/3194 3243/283/3288 3223/1473/3288 3222/1472/3194
f 3243/283/3288 3244/885/3304 3224/1474/3289 3223/1473/3288
f 3244/885/3304 3245/1282/3290 3225/619/3290 3224/1474/3289
f 3245/1282/3290 3246/328/3291 3226/52/3291 3225/619/3290
f 3246/328/3291 3247/58/3292 3227/324/3292 3226/52/3291
f 3247/58/3292 3248/815/3293 3228/1154/3293 3227/324/3292
f 3248/815/3293 3249/596/3294 3229/597/3294 3228/1154/3293
f 3250/1477/3185 3230/1309/3295 3229/597/3294 3249/596/3294
f 3251/1478/3305 3231/1020/3296 3230/1309/3295 3250/1477/3185
f 3252/1479/3297 3232/1475/3297 3231/1020/3296 3251/1478/3305
f 3253/1480/3298 3233/883/3298 3232/1475/3297 3252/1479/3297
f 3254/1481/3278 3234/1476/3278 3233/883/3298 3253/1480/3298
f 3255/56/3299 3235/55/3299 3234/1476/3278 3254/1481/3278
f 3256/1035/3300 3236/664/3300 3235/1156/3299 3255/1161/3299
f 3257/60/3301 3237/331/3301 3236/664/3300 3256/1035/3300
f 3258/667/3283 3238/879/3203 3237/331/3301 3257/60/3301
f 3259/598/3302 3239/277/3302 3238/879/3203 3258/667/3283
f 3259/598/3302 3240/963/3303 3220/882/3286 3239/277/3302
f 3183/589/3265 3184/884/3264 3241/280/3287 3240/963/3303
f 3184/884/3264 3185/849/3194 3242/850/3194 3241/280/3287
f 3185/849/3194 3156/740/788 3243/283/3288 3242/850/3194
f 3156/740/788 3186/490/787 3244/885/3304 3243/283/3288
f 3186/490/787 3187/1469/3266 3245/1282/3290 3244/885/3304
f 3187/1469/3266 3188/612/3267 3246/328/3291 3245/1282/3290
f 3188/612/3267 3189/1087/3269 3247/58/3292 3246/328/3291
f 3189/1087/3269 3190/35/3271 3248/815/3293 3247/58/3292
f 3190/35/3271 3191/599/3273 3249/596/3294 3248/815/3293
f 3192/961/3275 3250/1477/3185 3249/596/3294 3191/599/3273
f 3148/741/790 3251/1478/3305 3250/1477/3185 3192/961/3275
f 3193/743/792 3252/1479/3297 3251/1478/3305 3148/741/790
f 3194/1138/3179 3253/1480/3298 3252/1479/3297 3193/743/792
f 3195/318/3278 3254/1481/3278 3253/1480/3298 3194/1138/3179
f 3196/616/3279 3255/56/3299 3254/1481/3278 3195/318/3278
f 3197/962/3207 3256/1035/3300 3255/1161/3299 3196/1305/3279
f 3198/875/3281 3257/60/3301 3256/1035/3300 3197/962/3207
f 3199/40/3283 3258/667/3283 3257/60/3301 3198/875/3281
f 3200/373/3285 3259/598/3302 3258/667/3283 3199/40/3283
f 3200/373/3285 3183/589/3265 3240/963/3303 3259/598/3302
f 3356/955/3306 3357/860/801 3261/1101/3225 3260/588/3218
f 3357/860/801 3358/396/801 3262/370/3224 3261/1101/3225
f 3358/396/801 3359/509/801 3263/837/3223 3262/370/3224
f 3360/1110/801 3264/476/3208 3263/837/3223 3359/509/801
f 3361/825/801 3153/735/778 3264/476/3208 3360/1110/801
f 3362/512/801 3265/369/779 3153/735/778 3361/825/801
f 3363/679/801 3266/940/3220 3265/369/779 3362/512/801
f 3364/730/3307 3267/1457/3218 3266/940/3220 3363/679/801
f 3364/730/3307 3365/639/3218 3268/606/3216 3267/1457/3218
f 3365/639/3218 3366/732/3218 3269/835/3215 3268/606/3216
f 3366/732/3218 3367/640/801 3270/1596/3214 3269/835/3215
f 3367/640/801 3368/826/801 3271/473/3212 3270/1596/3214
f 3368/826/801 3165/749/802 3272/938/3211 3271/473/3212
f 3369/750/801 3273/367/3208 3272/938/3211 3165/749/802
f 3370/829/801 3163/736/781 3273/367/3208 3369/750/801
f 3352/747/799 3274/737/782 3163/736/781 3370/829/801
f 3353/748/801 3275/478/3233 3274/737/782 3352/747/799
f 3354/638/801 3276/1461/3230 3275/478/3233 3353/748/801
f 3354/638/801 3355/1606/3306 3277/1460/3228 3276/1461/3230
f 3355/1606/3306 3356/955/3306 3260/588/3218 3277/1460/3228
f 3135/391/776 3134/103/775 3279/495/3308 3278/1023/3309
f 3134/103/775 3133/71/3308 3280/388/3310 3279/495/3308
f 3133/71/3308 3132/83/3311 3281/496/774 3280/388/3310
f 3132/83/3311 3131/250/3312 3282/504/3313 3281/496/774
f 3131/250/3312 3130/516/3314 3283/952/3315 3282/504/3313
f 3129/400/3316 3284/668/3317 3283/952/3315 3130/516/3314
f 3128/73/3318 3285/853/3319 3284/668/3317 3129/400/3316
f 3127/5/3320 3286/624/3321 3285/853/3319 3128/73/3318
f 3126/293/3322 3287/389/3323 3286/624/3321 3127/5/3320
f 3125/948/3324 3288/949/3173 3287/389/3323 3126/293/3322
f 3125/948/3324 3124/420/3325 3289/499/3326 3288/949/3173
f 3124/420/3325 3143/89/3327 3290/819/3328 3289/499/3326
f 3143/89/3327 3142/90/3329 3291/670/3330 3290/819/3328
f 3142/90/3329 3141/91/3331 3292/626/3332 3291/670/3330
f 3141/91/3331 3140/395/3333 3293/891/3334 3292/626/3332
f 3139/17/3335 3294/672/3336 3293/891/3334 3140/395/3333
f 3135/391/776 3278/1023/3309 3295/630/795 3136/629/794
f 3294/672/3336 3139/17/3335 3138/1675/3197
f 3278/1023/3309 3279/495/3308 3297/1593/774 3296/1452/774
f 3279/495/3308 3280/388/3310 3113/733/773 3297/1593/774
f 3280/388/3310 3281/496/774 3298/359/774 3113/733/773
f 3281/496/774 3282/504/3313 3299/643/774 3298/359/774
f 3282/504/3313 3283/952/3315 3300/1364/774 3299/643/774
f 3284/668/3317 3301/1451/774 3300/1364/774 3283/952/3315
f 3285/853/3319 3302/854/774 3301/1451/774 3284/668/3317
f 3286/624/3321 3303/1081/774 3302/854/774 3285/853/3319
f 3287/389/3323 3304/392/774 3303/1081/774 3286/624/3321
f 3288/949/3173 3305/1358/774 3304/392/774 3287/389/3323
f 3288/949/3173 3289/499/3326 3306/1592/774 3305/1358/774
f 3289/499/3326 3290/819/3328 3307/471/774 3306/1592/774
f 3290/819/3328 3291/670/3330 3308/930/774 3307/471/774
f 3291/670/3330 3292/626/3332 3309/468/774 3308/930/774
f 3292/626/3332 3293/891/3334 3310/394/774 3309/468/774
f 3294/672/3336 3311/580/774 3310/394/774 3293/891/3334
f 3138/1675/3197 3312/1369/774 3311/580/774 3294/672/3336
f 3137/744/793 3313/1594/774 3312/1369/774 3138/1675/3197
f 3295/630/795 3314/362/774 3313/1594/774 3137/744/793
f 3278/1023/3309 3296/1452/774 3314/362/774 3295/630/795
f 3173/114/3337 3316/74/3338 3315/727/3339 3172/113/3337
f 3174/115/3340 3317/820/3341 3316/74/3342 3173/114/3340
f 3175/116/3343 3318/723/3251 3317/820/3251 3174/115/3343
f 3176/117/3248 3319/895/3250 3318/723/3250 3175/116/3248
f 3177/64/3344 3320/1492/3247 3319/895/3247 3176/117/3344
f 3178/118/3345 3321/676/3245 3320/1492/3245 3177/64/3345
f 3179/119/3244 3322/1040/3244 3321/676/3244 3178/118/3244
f 3180/120/3346 3323/1493/3242 3322/1040/3242 3179/119/3346
f 3180/120/3347 3181/121/3347 3324/349/3241 3323/1493/3241
f 3181/121/800 3352/747/799 3325/76/3348 3324/349/3349
f 3352/747/3350 3182/123/3350 3326/857/3351 3325/76/3351
f 3182/123/3352 3164/104/3352 3327/633/3235 3326/857/3235
f 3167/108/3353 3168/109/3353 3329/1494/3354 3328/745/3354
f 3165/749/802 3327/633/3355 3164/104/803
f 3168/109/3356 3169/110/3356 3330/859/3356 3329/1494/3357
f 3169/110/3358 3170/111/3358 3331/636/3359 3330/859/3359
f 3171/112/3258 3332/1495/3258 3331/636/3258 3170/111/3258
f 3172/113/3360 3315/727/3361 3332/1495/3361 3171/112/3360
f 3316/74/3338 3334/487/3255 3333/719/3255 3315/727/3339
f 3317/820/3341 3335/717/3252 3334/487/3254 3316/74/3342
f 3318/723/3251 3336/651/3251 3335/717/3251 3317/820/3251
f 3319/895/3250 3337/484/3248 3336/651/3250 3318/723/3250
f 3320/1492/3247 3338/1467/3246 3337/484/3246 3319/895/3247
f 3321/676/3245 3339/811/3245 3338/1467/3245 3320/1492/3245
f 3322/1040/3244 3340/1465/3244 3339/811/3244 3321/676/3244
f 3323/1493/3242 3341/1466/3242 3340/1465/3242 3322/1040/3242
f 3323/1493/3241 3324/349/3241 3342/809/3240 3341/1466/3240
f 3324/349/3349 3325/76/3348 3343/482/3238 3342/809/3238
f 3325/76/3351 3326/857/3351 3344/1463/3237 3343/482/3236
f 3326/857/3235 3327/633/3235 3345/1464/3235 3344/1463/3235
f 3327/633/3355 3165/749/802 3346/609/3234 3345/1464/3234
f 3165/749/802 3166/746/3362 3347/489/3261 3346/609/3261
f 3166/746/797 3328/745/796 3348/1468/797 3347/489/797
f 3328/745/3354 3329/1494/3354 3108/738/3260 3348/1468/3260
f 3329/1494/3357 3330/859/3356 3349/739/786 3108/738/785
f 3330/859/3359 3331/636/3359 3350/653/3259 3349/739/3259
f 3332/1495/3258 3351/611/3258 3350/653/3258 3331/636/3258
f 3315/727/3361 3333/719/3256 3351/611/3256 3332/1495/3361
f 3180/120/3306 3354/638/801 3353/748/801 3181/121/800
f 3180/120/3306 3179/119/3223 3355/1606/3306 3354/638/801
f 3179/119/3223 3178/118/3306 3356/955/3306 3355/1606/3306
f 3178/118/3306 3177/64/3218 3357/860/801 3356/955/3306
f 3177/64/3218 3176/117/801 3358/396/801 3357/860/801
f 3176/117/801 3175/116/3307 3359/509/801 3358/396/801
f 3174/115/801 3360/1110/801 3359/509/801 3175/116/3307
f 3173/114/3225 3361/825/801 3360/1110/801 3174/115/801
f 3172/113/801 3362/512/801 3361/825/801 3173/114/3225
f 3171/112/3307 3363/679/801 3362/512/801 3172/113/801
f 3170/111/3363 3364/730/3307 3363/679/801 3171/112/3307
f 3170/111/3363 3169/110/3218 3365/639/3218 3364/730/3307
f 3169/110/3218 3168/109/3364 3366/732/3218 3365/639/3218
f 3168/109/3364 3167/108/3218 3367/640/801 3366/732/3218
f 3167/108/3218 3166/746/3362 3368/826/801 3367/640/801
f 3182/123/801 3370/829/801 3369/750/801 3164/104/803
f 3165/749/802 3368/826/801 3166/746/3362
f 3391/948/811 3371/247/804 3372/245/804 3392/293/3365
f 3370/829/801 3182/123/801 3352/747/799
f 3371/247/804 3391/948/811 3390/753/809
f 3393/5/806 3392/293/3365 3372/245/804 3373/464/804
f 3395/516/804 3394/400/3366 3375/515/804 3376/654/804
f 3374/751/805 3375/515/804 3394/400/3366
f 3396/83/804 3378/517/804 3379/253/804 3397/71/808
f 3378/517/804 3396/83/804 3377/752/804
f 3398/391/804 3381/535/804 3382/485/804 3399/629/804
f 3381/535/804 3398/391/804 3380/103/807
f 3400/87/804 3399/629/804 3382/485/804 3383/254/804
f 3401/86/804 3400/87/804 3383/254/804 3384/518/804
f 3402/17/804 3401/86/804 3384/518/804 3385/578/804
f 3403/395/816 3402/17/804 3385/578/804 3386/536/804
f 3404/91/817 3403/395/816 3386/536/804 3387/519/804
f 3404/91/817 3387/519/804 3388/258/804 3405/90/804
f 3405/90/804 3388/258/804 3389/469/804 3406/89/810
f 3944/1676/3367 3374/1133/805 3394/261/3366 3943/1496/3368
f 3374/1133/805 3944/1676/3367 3393/1677/806
f 3943/1496/3368 3394/261/3366 3395/585/3369 3942/970/1156
f 3942/970/1156 3395/585/3369 3377/26/3370 3941/1498/1149
f 3941/1498/1149 3377/26/3370 3396/377/3371 3940/524/3372
f 3940/524/3372 3396/377/3371 3397/523/808 3939/1678/3373
f 3939/1678/3373 3397/523/808 3380/711/807 3938/972/3374
f 3938/972/3374 3380/711/807 3398/42/815 3937/757/814
f 3950/94/3375 3951/526/3376 3400/375/3377 3401/92/3378
f 3399/31/813 3400/375/3377 3951/526/3376
f 3949/1679/3379 3950/94/3375 3401/92/3378 3402/1114/3380
f 3948/759/818 3949/1679/3379 3402/1114/3380 3403/206/816
f 3946/547/1158 3947/1680/931 3405/1083/3381 3406/32/810
f 3404/758/817 3405/1083/3381 3947/1680/931
f 3945/1681/812 3946/547/1158 3406/32/810 3390/1091/809
f 3961/1682/820 3962/527/820 3407/216/820 3408/366/820
f 3960/1500/820 3961/1682/820 3408/366/820 3409/215/820
f 3960/1500/820 3409/215/820 3410/414/821 3959/760/820
f 3958/529/820 3412/68/3382 3413/528/820 3957/1683/820
f 3412/68/3382 3958/529/820 3411/412/819
f 3957/1683/820 3413/528/820 3414/213/820 3956/1502/820
f 3955/1503/820 3956/1502/820 3414/213/820 3415/212/820
f 3954/1504/820 3955/1503/820 3415/212/820 3416/368/820
f 3953/1505/820 3954/1504/820 3416/368/820 3417/474/820
f 3952/788/820 3953/1505/820 3417/474/820 3969/1684/1122
f 3969/1684/1122 3418/96/3383 3419/97/820 3968/762/820
f 3967/531/820 3421/532/823 3422/463/820 3966/1685/820
f 3966/1685/820 3422/463/820 3423/419/820 3965/1508/820
f 3964/1509/820 3965/1508/820 3423/419/820 3424/417/820
f 3963/1510/820 3964/1509/820 3424/417/820 3425/481/820
f 3962/527/820 3963/1510/820 3425/481/820 3407/216/820
f 3609/141/820 3481/134/820 3480/1188/820 3608/142/820
f 3610/540/3384 3482/1189/3384 3481/134/820 3609/141/820
f 3611/164/820 3483/1190/820 3482/1189/3384 3610/540/3384
f 3612/163/820 3484/229/820 3483/1190/820 3611/164/820
f 3613/175/820 3485/230/820 3484/229/820 3612/163/820
f 3613/175/820 3614/234/820 3486/1191/820 3485/230/820
f 3614/234/820 3615/176/820 3487/1192/820 3486/1191/820
f 3615/176/820 3616/166/3385 3488/1193/820 3487/1192/820
f 3616/166/3385 3597/168/820 3489/559/820 3488/1193/820
f 3597/168/820 3598/169/820 3490/560/820 3489/559/820
f 3599/171/820 3491/994/820 3490/560/820 3598/169/820
f 3600/172/3386 3492/1194/820 3491/994/820 3599/171/820
f 3601/138/820 3493/798/820 3492/1194/820 3600/172/3386
f 3602/140/820 3494/996/820 3493/798/820 3601/138/820
f 3603/139/820 3495/997/820 3494/996/820 3602/140/820
f 3603/139/820 3604/980/3387 3496/1195/3387 3495/997/820
f 3604/980/3387 3605/179/3387 3497/1001/3387 3496/1195/3387
f 3605/179/3387 3606/231/3387 3498/1196/3387 3497/1001/3387
f 3606/231/3387 3607/174/3387 3499/227/3387 3498/1196/3387
f 3607/174/3387 3608/142/820 3480/1188/820 3499/227/3387
f 3588/766/869 3461/132/3388 3460/131/3389 4070/767/870
f 3589/1197/3390 3462/192/3391 3461/132/3388 3588/766/869
f 3590/1198/3392 3463/188/3393 3462/192/3391 3589/1197/3390
f 3591/1199/3394 3464/191/3395 3463/188/3393 3590/1198/3392
f 3591/1199/3394 3592/1200/3396 3465/189/3397 3464/191/3395
f 3592/1200/3396 3593/1201/3398 3466/764/3399 3465/189/3397
f 3593/1201/3398 3594/1202/3400 3467/158/3401 3466/764/3399
f 3594/1202/3400 3595/1203/3402 3468/149/3403 3467/158/3401
f 3596/1204/3404 3469/150/3405 3468/149/3403 3595/1203/3402
f 3578/1205/3406 3470/159/3407 3469/150/3405 3596/1204/3404
f 3579/1206/3408 3471/125/3409 3470/159/3407 3578/1205/3406
f 3580/1207/3410 3472/126/3411 3471/125/3409 3579/1206/3408
f 3581/1208/3412 3473/127/3413 3472/126/3411 3580/1207/3410
f 3582/1209/3414 3474/151/3415 3473/127/3413 3581/1208/3412
f 3582/1209/3414 3583/1210/3416 3475/217/3417 3474/151/3415
f 3583/1210/3416 3584/1211/3418 3476/129/3419 3475/217/3417
f 3584/1211/3418 3585/1212/3420 3477/153/3421 3476/129/3419
f 3585/1212/3420 3586/1511/3422 3478/152/3423 3477/153/3421
f 3586/1511/3422 3587/1512/3424 3479/156/3425 3478/152/3423
f 3587/1512/3424 4070/767/870 3460/131/3389 3479/156/3425
f 3893/132/846 3894/192/3426 3428/793/926 3427/132/844
f 3880/158/3427 3431/1686/3428 3430/764/852 3879/157/851
f 3895/188/848 3428/793/926 3894/192/3426
f 3429/191/847 3896/191/849 3878/189/850
f 3881/222/3429 3432/149/921 3431/1686/3428 3880/158/3427
f 3882/150/3430 3433/150/922 3432/149/921 3881/222/3429
f 3883/159/3431 3434/159/3432 3433/150/922 3882/150/3430
f 3884/537/3433 3435/125/1662 3434/159/3432 3883/159/3431
f 3885/126/3434 3436/126/3435 3435/125/1662 3884/537/3433
f 3887/151/854 3888/217/3436 3438/217/811 3437/220/855
f 3436/126/3435 3885/126/3434 3886/127/853
f 3481/134/3437 3441/134/3437 3440/1188/3437 3480/1188/3437
f 3889/129/3438 3438/217/811 3888/217/3436
f 3691/763/845 3439/156/817 3892/765/857
f 3482/1189/3439 3442/1189/3439 3441/134/3439 3481/134/3439
f 3483/1190/3440 3443/1190/3440 3442/1189/3440 3482/1189/3440
f 3484/229/3441 3444/229/3441 3443/1190/3441 3483/1190/3441
f 3485/230/3442 3445/230/3442 3444/229/3442 3484/229/3442
f 3485/230/3443 3486/1191/3443 3446/1191/3443 3445/230/3443
f 3486/1191/3444 3487/1192/3444 3447/1192/3444 3446/1191/3444
f 3487/1192/3445 3488/1193/3445 3448/1193/3445 3447/1192/3445
f 3488/1193/3446 3489/559/3446 3449/559/3446 3448/1193/3446
f 3489/559/3447 3490/560/3447 3450/560/3447 3449/559/3447
f 3490/560/3448 3491/994/3448 3451/994/3448 3450/560/3448
f 3491/994/3449 3492/1194/3449 3452/797/3449 3451/994/3449
f 3492/1194/3450 3493/798/3450 3453/798/936 3452/797/935
f 3493/798/3451 3494/996/3451 3454/996/3451 3453/798/3451
f 3494/996/3452 3495/997/3452 3455/997/3452 3454/996/3452
f 3496/1195/3453 3456/1195/3453 3455/997/3453 3495/997/3453
f 3497/1001/3454 3457/1001/3454 3456/1195/3454 3496/1195/3454
f 3498/1196/3455 3458/1196/3455 3457/1001/3455 3497/1001/3455
f 3499/227/3456 3459/227/3456 3458/1196/3456 3498/1196/3456
f 3480/1188/3457 3440/1188/3457 3459/227/3457 3499/227/3457
f 3520/192/3458 3521/188/3459 3519/188/3377 3518/192/3460
f 3521/188/3459 3523/191/3461 3522/191/3462 3519/188/3377
f 3525/189/3463 3524/189/815 3522/191/3462 3523/191/3461
f 3527/764/3464 3526/157/3465 3524/189/815 3525/189/3463
f 3529/158/3466 3528/796/932 3526/157/3465 3527/764/3464
f 3531/149/3467 3530/222/3468 3528/796/932 3529/158/3466
f 3533/150/3469 3532/150/1666 3530/222/3468 3531/149/3467
f 3535/159/3470 3534/159/3432 3532/150/1666 3533/150/3469
f 3537/125/3471 3536/125/3472 3534/159/3432 3535/159/3470
f 3539/126/3473 3538/126/1664 3536/125/3472 3537/125/3471
f 3541/127/3474 3540/127/3475 3538/126/1664 3539/126/3473
f 3543/151/3476 3542/151/3477 3540/127/3475 3541/127/3474
f 3543/151/3476 3545/217/3478 3544/217/3479 3542/151/3477
f 3545/217/3478 3547/129/3480 3546/129/3481 3544/217/3479
f 3547/129/3480 3549/153/3482 3548/153/3483 3546/129/3481
f 3549/153/3482 3551/152/3484 3550/152/3381 3548/153/3483
f 3551/152/3484 3553/156/3485 3552/156/3486 3550/152/3381
f 3553/156/3485 3555/131/3487 3554/131/3488 3552/156/3486
f 3555/131/3487 3557/132/3489 3556/132/3490 3554/131/3488
f 3557/132/3489 3520/192/3458 3518/192/3460 3556/132/3490
f 3566/192/3491 3462/192/3391 3463/188/3393 3565/188/3492
f 3848/188/860 3849/191/3493 3502/801/941 3501/188/858
f 3565/188/3492 3463/188/3393 3464/191/3395 3564/191/3494
f 3502/801/941 3849/191/3493 3850/189/3495 3503/189/942
f 3563/189/3496 3564/191/3494 3464/191/3395 3465/189/3397
f 3503/189/942 3850/189/3495 3851/157/933 3504/157/3497
f 3562/764/3498 3563/189/3496 3465/189/3397 3466/764/3399
f 3504/157/3497 3851/157/933 3852/1069/3499 3505/158/3500
f 3561/158/3501 3562/764/3498 3466/764/3399 3467/158/3401
f 3505/158/3500 3852/1069/3499 3853/222/3502 3506/222/3503
f 3561/158/3501 3467/158/3401 3468/149/3403 3560/149/3504
f 3506/222/3503 3853/222/3502 3854/150/863 3507/150/862
f 3560/149/3504 3468/149/3403 3469/150/3405 3559/150/3505
f 3559/150/3505 3469/150/3405 3470/159/3407 3558/1221/3506
f 3558/1221/3506 3470/159/3407 3471/125/3409 3577/537/3507
f 3856/125/865 3857/126/3508 3509/126/3509 3508/125/864
f 3577/537/3507 3471/125/3409 3472/126/3411 3576/126/3510
f 3510/794/927 3509/126/3509 3857/126/3508 3839/127/3511
f 3576/126/3510 3472/126/3411 3473/127/3413 3575/127/3512
f 3839/127/3511 3840/1263/3513 3511/151/928 3510/794/927
f 3575/127/3512 3473/127/3413 3474/151/3415 3574/151/3514
f 3511/151/928 3840/1263/3513 3841/1513/3515 3512/217/3516
f 3573/217/3517 3574/151/3514 3474/151/3415 3475/217/3417
f 3512/217/3516 3841/1513/3515 3842/129/3518 3513/129/3519
f 3572/129/3520 3573/217/3517 3475/217/3417 3476/129/3419
f 3513/129/3519 3842/129/3518 3843/128/3521 3514/153/3522
f 3571/153/3523 3572/129/3520 3476/129/3419 3477/153/3421
f 3514/153/3522 3843/128/3521 3844/152/3524 3515/152/3525
f 3570/152/3526 3571/153/3523 3477/153/3421 3478/152/3423
f 3569/1222/3527 3570/152/3526 3478/152/3423 3479/156/3425
f 3845/156/867 3515/152/3525 3844/152/3524
f 3568/131/3528 3569/1222/3527 3479/156/3425 3460/131/3389
f 3846/131/868 3847/132/3529 3517/132/3530 3516/131/866
f 3567/132/3531 3568/131/3528 3460/131/3389 3461/132/3388
f 3567/132/3531 3461/132/3388 3462/192/3391 3566/192/3491
f 3500/192/859 3517/132/3530 3847/132/3529
f 3533/150/3532 3559/150/3505 3558/1221/3506 3535/159/3533
f 3531/149/3534 3560/149/3504 3559/150/3505 3533/150/3532
f 3529/158/3535 3561/158/3501 3560/149/3504 3531/149/3534
f 3527/764/3536 3562/764/3498 3561/158/3501 3529/158/3535
f 3525/189/3537 3563/189/3496 3562/764/3498 3527/764/3536
f 3523/191/3538 3564/191/3494 3563/189/3496 3525/189/3537
f 3523/191/3538 3521/188/3539 3565/188/3492 3564/191/3494
f 3521/188/3539 3520/192/3540 3566/192/3491 3565/188/3492
f 3520/192/3540 3557/132/3541 3567/132/3531 3566/192/3491
f 3557/132/3541 3555/131/3542 3568/131/3528 3567/132/3531
f 3555/131/3542 3553/156/3543 3569/1222/3527 3568/131/3528
f 3553/156/3543 3551/152/3544 3570/152/3526 3569/1222/3527
f 3551/152/3544 3549/153/3545 3571/153/3523 3570/152/3526
f 3549/153/3545 3547/129/3546 3572/129/3520 3571/153/3523
f 3547/129/3546 3545/217/3547 3573/217/3517 3572/129/3520
f 3545/217/3547 3543/151/3548 3574/151/3514 3573/217/3517
f 3541/127/3549 3575/127/3512 3574/151/3514 3543/151/3548
f 3539/126/3550 3576/126/3510 3575/127/3512 3541/127/3549
f 3537/125/3551 3577/537/3507 3576/126/3510 3539/126/3550
f 3535/159/3533 3558/1221/3506 3577/537/3507 3537/125/3551
f 3452/797/935 3579/1206/3408 3578/1205/3406 4061/995/3552
f 4062/799/937 3580/1207/3410 3579/1206/3408 3452/797/935
f 4063/1515/3553 3581/1208/3412 3580/1207/3410 4062/799/937
f 4064/998/3554 3582/1209/3414 3581/1208/3412 4063/1515/3553
f 4064/998/3554 4065/1516/3555 3583/1210/3416 3582/1209/3414
f 4065/1516/3555 4066/999/3556 3584/1211/3418 3583/1210/3416
f 4066/999/3556 4067/1517/3557 3585/1212/3420 3584/1211/3418
f 4067/1517/3557 4068/1518/3558 3586/1511/3422 3585/1212/3420
f 4068/1518/3558 4069/1519/3559 3587/1512/3424 3586/1511/3422
f 4072/1521/3560 3589/1197/3390 3588/766/869 4071/768/871
f 4070/767/870 3587/1512/3424 4069/1519/3559
f 4073/1522/3561 3590/1198/3392 3589/1197/3390 4072/1521/3560
f 4074/228/3562 3591/1199/3394 3590/1198/3392 4073/1522/3561
f 4074/228/3562 4075/1523/3563 3592/1200/3396 3591/1199/3394
f 4075/1523/3563 4076/1524/3564 3593/1201/3398 3592/1200/3396
f 4076/1524/3564 4077/1525/3565 3594/1202/3400 3593/1201/3398
f 4077/1525/3565 4059/1687/3566 3595/1203/3402 3594/1202/3400
f 4060/561/3567 3596/1204/3404 3595/1203/3402 4059/1687/3566
f 4061/995/3552 3578/1205/3406 3596/1204/3404 4060/561/3567
f 3825/776/886 3826/1526/3568 3638/169/899 3637/168/884
f 3827/1527/3569 3639/171/3570 3638/169/899 3826/1526/3568
f 3828/1528/3571 3640/780/901 3639/171/3570 3827/1527/3569
f 3831/1529/3572 3642/139/3573 3641/140/874 3830/769/873
f 3640/780/901 3828/1528/3571 3829/173/872
f 3833/771/877 3834/1531/912 3644/231/3574 3643/179/875
f 3832/770/876 3642/139/3573 3831/1529/3572
f 3834/1531/912 3835/1532/3575 3645/174/3576 3644/231/3574
f 3835/1532/3575 3836/1533/3577 3646/142/3578 3645/174/3576
f 3837/1061/917 3647/141/3579 3646/142/3578 3836/1533/3577
f 3820/1535/3580 3649/163/3581 3648/164/880 3819/772/879
f 3647/141/3579 3837/1061/917 3838/540/878
f 3821/1536/3582 3650/175/3583 3649/163/3581 3820/1535/3580
f 4096/1688/900 3598/169/3584 3597/168/3585 3757/167/3586
f 3822/773/882 3650/175/3583 3821/1536/3582
f 3824/775/885 3651/176/881 3823/774/883
f 4078/171/903 3599/171/3587 3598/169/3584 4096/1688/900
f 3758/172/905 3600/172/3588 3599/171/3587 4078/171/903
f 3759/138/3589 3601/138/3590 3600/172/3588 3758/172/905
f 3760/140/3591 3602/140/3592 3601/138/3590 3759/138/3589
f 3761/139/3593 3603/139/3594 3602/140/3592 3760/140/3591
f 3761/139/3593 3762/980/3595 3604/980/3596 3603/139/3594
f 3762/980/3595 3763/179/3597 3605/179/3598 3604/980/3596
f 3763/179/3597 3764/981/3599 3606/231/3600 3605/179/3598
f 3764/981/3599 3765/174/3601 3607/174/3602 3606/231/3600
f 3765/174/3601 3766/142/3603 3608/142/3604 3607/174/3602
f 3766/142/3603 4088/781/907 3609/141/3605 3608/142/3604
f 4088/781/907 3767/540/906 3610/540/3606 3609/141/3605
f 3767/540/906 3751/164/3607 3611/164/3608 3610/540/3606
f 3751/164/3607 3752/163/3609 3612/163/3610 3611/164/3608
f 3752/163/3609 3753/175/3611 3613/175/3612 3612/163/3610
f 3754/234/3613 3614/234/3614 3613/175/3612 3753/175/3611
f 3755/1067/3615 3615/176/3616 3614/234/3614 3754/234/3613
f 3756/166/3617 3616/166/3618 3615/176/3616 3755/1067/3615
f 3757/167/3586 3597/168/3585 3616/166/3618 3756/166/3617
f 3797/105/889 3798/1406/3619 3617/786/913 3618/777/887
f 3796/108/3620 3620/108/3621 3621/109/3622 3795/109/3623
f 3620/108/3621 3796/108/3620 3619/778/888
f 3795/109/3623 3621/109/3622 3622/110/892 3794/143/891
f 3793/112/3624 3624/112/3625 3625/113/3626 3792/428/3627
f 3624/112/3625 3793/112/3624 3623/779/890
f 3792/428/3627 3625/113/3626 3626/114/3628 3791/114/3629
f 3791/114/3629 3626/114/3628 3627/115/895 3790/115/894
f 3788/184/3630 3789/146/3631 3629/117/3632 3630/64/3633
f 3629/117/3632 3789/146/3631 3628/116/893
f 3787/118/898 3788/184/3630 3630/64/3633 3631/118/896
f 3801/121/3634 3802/1539/3635 3633/120/916 3634/434/915
f 3632/147/897 3633/120/916 3802/1539/3635
f 3800/1540/3636 3801/121/3634 3634/434/915 3635/122/3637
f 3799/123/3638 3800/1540/3636 3635/122/3637 3636/123/3639
f 3798/1406/3619 3799/123/3638 3636/123/3639 3617/786/913
f 3914/192/3375 3915/188/3640 3674/188/3641 3673/192/3642
f 3915/188/3640 3916/191/3643 3675/191/3644 3674/188/3641
f 3897/189/3645 3676/189/3646 3675/191/3644 3916/191/3643
f 3898/157/3374 3677/764/3647 3676/189/3646 3897/189/3645
f 3899/158/3648 3678/158/3649 3677/764/3647 3898/157/3374
f 3900/222/3372 3679/149/3650 3678/158/3649 3899/158/3648
f 3901/150/1149 3680/150/3651 3679/149/3650 3900/222/3372
f 3902/159/1156 3681/159/3652 3680/150/3651 3901/150/1149
f 3903/125/1118 3682/125/3653 3681/159/3652 3902/159/1156
f 3904/126/1663 3683/126/3654 3682/125/3653 3903/125/1118
f 3905/127/944 3684/127/3655 3683/126/3654 3904/126/1663
f 3906/151/929 3685/151/3656 3684/127/3655 3905/127/944
f 3906/151/929 3907/217/3657 3686/217/3658 3685/151/3656
f 3907/217/3657 3908/129/1116 3687/129/3659 3686/217/3658
f 3908/129/1116 3909/153/1158 3688/153/3660 3687/129/3659
f 3909/153/1158 3910/152/931 3689/152/3661 3688/153/3660
f 3910/152/931 3911/156/930 3690/156/3662 3689/152/3661
f 3911/156/930 3912/155/3663 3691/763/845 3690/156/3662
f 3912/155/3663 3913/132/3664 3692/132/918 3691/763/845
f 3913/132/3664 3914/192/3375 3673/192/3642 3692/132/918
f 3713/192/3375 3714/188/3640 3694/188/3640 3693/192/3375
f 3714/188/3640 3715/191/3643 3695/191/3643 3694/188/3640
f 3716/189/3645 3696/189/3645 3695/191/3643 3715/191/3643
f 3717/157/3374 3697/157/3374 3696/189/3645 3716/189/3645
f 3718/158/3648 3698/158/3648 3697/157/3374 3717/157/3374
f 3719/222/3372 3699/222/3372 3698/158/3648 3718/158/3648
f 3720/150/1149 3700/150/1149 3699/222/3372 3719/222/3372
f 3721/159/1156 3701/159/1156 3700/150/1149 3720/150/1149
f 3722/125/1118 3702/125/1118 3701/159/1156 3721/159/1156
f 3723/126/1663 3703/126/1663 3702/125/1118 3722/125/1118
f 3724/127/944 3704/127/944 3703/126/1663 3723/126/1663
f 3725/151/929 3705/151/929 3704/127/944 3724/127/944
f 3725/151/929 3726/217/3657 3706/217/3657 3705/151/929
f 3726/217/3657 3727/129/1116 3707/129/1116 3706/217/3657
f 3727/129/1116 3728/153/1158 3708/153/1158 3707/129/1116
f 3728/153/1158 3729/154/931 3709/152/931 3708/153/1158
f 3729/154/931 3730/156/930 3710/156/930 3709/152/931
f 3730/156/930 3731/131/3663 3711/155/3663 3710/156/930
f 3731/131/3663 3732/132/3664 3712/132/3664 3711/155/3663
f 3732/132/3664 3713/192/3375 3693/192/3375 3712/132/3664
f 3867/192/3375 3868/188/3640 3714/188/3640 3713/192/3375
f 3868/188/3640 3869/191/3643 3715/191/3643 3714/188/3640
f 3870/189/3645 3716/189/3645 3715/191/3643 3869/191/3643
f 3871/157/3374 3717/157/3374 3716/189/3645 3870/189/3645
f 3872/158/3648 3718/158/3648 3717/157/3374 3871/157/3374
f 3873/222/3372 3719/222/3372 3718/158/3648 3872/158/3648
f 3874/150/1149 3720/150/1149 3719/222/3372 3873/222/3372
f 3875/159/1156 3721/159/1156 3720/150/1149 3874/150/1149
f 3876/125/1118 3722/125/1118 3721/159/1156 3875/159/1156
f 3877/126/1663 3723/126/1663 3722/125/1118 3876/125/1118
f 3858/127/944 3724/127/944 3723/126/1663 3877/126/1663
f 3859/151/929 3725/151/929 3724/127/944 3858/127/944
f 3859/151/929 3860/217/3657 3726/217/3657 3725/151/929
f 3860/217/3657 3861/129/1116 3727/129/1116 3726/217/3657
f 3861/129/1116 3862/153/1158 3728/153/1158 3727/129/1116
f 3862/153/1158 3863/154/931 3729/154/931 3728/153/1158
f 3863/154/931 3864/156/930 3730/156/930 3729/154/931
f 3864/156/930 3865/131/3663 3731/131/3663 3730/156/930
f 3865/131/3663 3866/132/3664 3732/132/3664 3731/131/3663
f 3866/132/3664 3867/192/3375 3713/192/3375 3732/132/3664
f 3648/164/3665 3649/163/3666 3734/163/3667 3733/164/3668
f 3649/163/3666 3650/175/3669 3735/783/909 3734/163/3667
f 3822/773/882 3736/234/910 3735/783/909 3650/175/3669
f 3651/176/881 3737/176/3670 3736/234/910 3822/773/882
f 3824/775/885 3738/166/3671 3737/176/3670 3651/176/881
f 3639/171/3672 3740/171/3673 3739/169/900 3638/169/899
f 3738/166/3671 3824/775/885 3637/168/884
f 3641/140/3674 3742/984/3675 3741/138/902 3829/173/872
f 3740/171/3673 3639/171/3672 3640/780/901
f 3642/139/3676 3743/139/3677 3742/984/3675 3641/140/3674
f 3642/139/3676 3832/770/876 3744/980/3678 3743/139/3677
f 3832/770/876 3643/179/875 3745/179/3679 3744/980/3678
f 3643/179/875 3644/231/3680 3746/231/3681 3745/179/3679
f 3644/231/3680 3645/174/3682 3747/174/3683 3746/231/3681
f 3645/174/3682 3646/142/3684 3748/142/3685 3747/174/3683
f 3646/142/3684 3647/141/3579 3749/141/3686 3748/142/3685
f 3647/141/3579 3838/540/878 3750/540/3687 3749/141/3686
f 3838/540/878 3648/164/3665 3733/164/3668 3750/540/3687
f 4090/541/3688 3769/165/938 3752/163/3609 3751/164/3607
f 3769/165/938 4091/800/909 3753/175/3611 3752/163/3609
f 4092/234/3613 3754/234/3613 3753/175/3611 4091/800/909
f 4093/1067/3689 3755/1067/3615 3754/234/3613 4092/234/3613
f 4094/1068/3690 3756/166/3617 3755/1067/3615 4093/1067/3689
f 4095/167/3691 3757/167/3586 3756/166/3617 4094/1068/3690
f 4080/173/3692 3759/138/3589 3758/172/905 4079/562/904
f 3757/167/3586 4095/167/3691 4096/1688/900
f 4081/564/3693 3760/140/3591 3759/138/3589 4080/173/3692
f 4082/563/3593 3761/139/3593 3760/140/3591 4081/564/3693
f 4082/563/3593 4083/980/3694 3762/980/3595 3761/139/3593
f 4083/980/3694 4084/179/3695 3763/179/3597 3762/980/3595
f 4084/179/3695 4085/983/3696 3764/981/3599 3763/179/3597
f 4085/983/3696 4086/174/3697 3765/174/3601 3764/981/3599
f 4086/174/3697 4087/142/3698 3766/142/3603 3765/174/3601
f 4089/782/908 4090/541/3688 3751/164/3607 3767/540/906
f 4088/781/907 3766/142/3603 4087/142/3698
f 3733/164/3668 3734/163/3667 3769/165/938 3768/164/3668
f 3737/176/3670 3771/1067/3699 3770/784/911 3736/234/910
f 3735/783/909 3769/165/938 3734/163/3667
f 3738/166/3671 3772/1542/3700 3771/1067/3699 3737/176/3670
f 3637/168/884 3773/167/3701 3772/1542/3700 3738/166/3671
f 3739/169/900 3774/1543/3702 3773/167/3701 3637/168/884
f 3740/171/3673 3775/171/903 3774/1543/3702 3739/169/900
f 3640/780/901 3776/162/3703 3775/171/903 3740/171/3673
f 3741/138/902 3777/138/902 3776/162/3703 3640/780/901
f 3742/984/3675 3778/984/3704 3777/138/902 3741/138/902
f 3743/139/3677 3779/139/3677 3778/984/3704 3742/984/3675
f 3743/139/3677 3744/980/3678 3780/1544/3678 3779/139/3677
f 3744/980/3678 3745/179/3679 3781/978/3705 3780/1544/3678
f 3745/179/3679 3746/231/3681 3782/1545/3681 3781/978/3705
f 3746/231/3681 3747/174/3683 3783/174/3683 3782/1545/3681
f 3747/174/3683 3748/142/3685 3784/182/3706 3783/174/3683
f 3748/142/3685 3749/141/3686 3785/141/3707 3784/182/3706
f 3749/141/3686 3750/540/3687 3786/233/3708 3785/141/3707
f 3750/540/3687 3733/164/3668 3768/164/3668 3786/233/3708
f 3668/119/3709 3667/118/3710 3787/118/898 3632/147/897
f 3667/118/3710 3666/64/3711 3788/184/3630 3787/118/898
f 3666/64/3711 3665/117/3712 3789/146/3631 3788/184/3630
f 3664/116/3713 3628/116/893 3789/146/3631 3665/117/3712
f 3663/115/3714 3790/115/894 3628/116/893 3664/116/3713
f 3662/114/3715 3791/114/3629 3790/115/894 3663/115/3714
f 3661/113/3716 3792/428/3627 3791/114/3629 3662/114/3715
f 3660/112/3717 3793/112/3624 3792/428/3627 3661/113/3716
f 3659/111/3718 3623/779/890 3793/112/3624 3660/112/3717
f 3658/110/3719 3794/143/891 3623/779/890 3659/111/3718
f 3657/109/3720 3795/109/3623 3794/143/891 3658/110/3719
f 3656/108/3721 3796/108/3620 3795/109/3623 3657/109/3720
f 3655/107/3722 3619/778/888 3796/108/3620 3656/108/3721
f 3655/107/3722 3653/105/3723 3797/105/889 3619/778/888
f 3653/105/3723 3652/104/3724 3798/1406/3619 3797/105/889
f 3652/104/3724 3672/123/3725 3799/123/3638 3798/1406/3619
f 3672/123/3725 3671/122/3726 3800/1540/3636 3799/123/3638
f 3671/122/3726 3670/121/3727 3801/121/3634 3800/1540/3636
f 3670/121/3727 3669/120/3728 3802/1539/3635 3801/121/3634
f 3669/120/3728 3668/119/3709 3632/147/897 3802/1539/3635
f 3630/64/3729 3804/1546/3730 3803/1547/3731 3631/118/896
f 3629/117/3632 3805/183/3582 3804/1546/3730 3630/64/3729
f 3629/117/3632 3628/116/893 3806/1548/3732 3805/183/3582
f 3628/116/893 3627/115/3733 3807/185/883 3806/1548/3732
f 3627/115/3733 3626/114/3734 3808/1549/3735 3807/185/883
f 3626/114/3734 3625/113/3736 3809/1550/886 3808/1549/3735
f 3625/113/3736 3624/112/3625 3810/1551/3568 3809/1550/886
f 3623/779/890 3811/1552/3569 3810/1551/3568 3624/112/3625
f 3622/110/3737 3812/1553/3571 3811/1552/3569 3623/779/890
f 3621/109/3738 3813/1554/3739 3812/1553/3571 3622/110/3737
f 3620/108/3621 3814/1555/873 3813/1554/3739 3621/109/3738
f 3636/123/914 3635/122/3637 3816/1559/3575 3815/785/912
f 3814/1555/873 3620/108/3621 3619/778/888
f 3632/147/897 3818/986/3740 3817/787/917 3633/120/916
f 3634/434/915 3816/1559/3575 3635/122/3637
f 3631/118/896 3803/1547/3731 3818/986/3740 3632/147/897
f 3804/1546/3730 3820/1535/3580 3819/772/879 3803/1547/3731
f 3805/183/3582 3821/1536/3582 3820/1535/3580 3804/1546/3730
f 3805/183/3582 3806/1548/3732 3822/773/882 3821/1536/3582
f 3806/1548/3732 3807/185/883 3823/774/883 3822/773/882
f 3807/185/883 3808/1549/3735 3824/775/885 3823/774/883
f 3808/1549/3735 3809/1550/886 3825/776/886 3824/775/885
f 3809/1550/886 3810/1551/3568 3826/1526/3568 3825/776/886
f 3811/1552/3569 3827/1527/3569 3826/1526/3568 3810/1551/3568
f 3812/1553/3571 3828/1528/3571 3827/1527/3569 3811/1552/3569
f 3813/1554/3739 3829/173/872 3828/1528/3571 3812/1553/3571
f 3814/1555/873 3830/769/873 3829/173/872 3813/1554/3739
f 3619/778/888 3831/1529/3572 3830/769/873 3814/1555/873
f 3619/778/888 3618/777/887 3832/770/876 3831/1529/3572
f 3618/777/887 3617/786/913 3833/771/877 3832/770/876
f 3617/786/913 3815/785/912 3834/1531/912 3833/771/877
f 3815/785/912 3816/1559/3575 3835/1532/3575 3834/1531/912
f 3816/1559/3575 3634/434/915 3836/1533/3577 3835/1532/3575
f 3817/787/917 3837/1061/917 3836/1533/3577 3634/434/915
f 3818/986/3740 3838/540/878 3837/1061/917 3817/787/917
f 3803/1547/3731 3819/772/879 3838/540/878 3818/986/3740
f 4009/127/3511 4010/1263/3513 3840/1263/3513 3839/127/3511
f 3840/1263/3513 4010/1263/3513 4011/217/3515 3841/1513/3515
f 3841/1513/3515 4011/217/3515 4012/129/3518 3842/129/3518
f 3842/129/3518 4012/129/3518 4013/153/3521 3843/128/3521
f 3843/128/3521 4013/153/3521 4014/152/3524 3844/152/3524
f 4014/152/3524 4015/1222/3741 3845/156/867 3844/152/3524
f 4015/1222/3741 4016/131/868 3846/131/868 3845/156/867
f 4016/131/868 4017/132/3529 3847/132/3529 3846/131/868
f 4017/132/3529 4018/192/3742 3500/192/859 3847/132/3529
f 4018/192/3742 4019/188/860 3848/188/860 3500/192/859
f 3849/191/3493 3848/188/860 4019/188/860 4000/191/3493
f 3849/191/3493 4000/191/3493 4001/189/3495 3850/189/3495
f 3850/189/3495 4001/189/3495 4002/157/933 3851/157/933
f 3851/157/933 4002/157/933 4003/158/3499 3852/1069/3499
f 3852/1069/3499 4003/158/3499 4004/222/3502 3853/222/3502
f 3853/222/3502 4004/222/3502 4005/150/863 3854/150/863
f 3854/150/863 4005/150/863 4006/159/3743 3855/159/861
f 4006/159/3743 4007/537/865 3856/125/865 3855/159/861
f 4007/537/865 4008/126/3508 3857/126/3508 3856/125/865
f 4008/126/3508 4009/127/3511 3839/127/3511 3857/126/3508
f 3991/151/929 3859/151/929 3858/127/944 3510/794/927
f 3991/151/929 3992/217/3657 3860/217/3657 3859/151/929
f 3992/217/3657 3993/129/1116 3861/129/1116 3860/217/3657
f 3993/129/1116 3994/153/1158 3862/153/1158 3861/129/1116
f 3994/153/1158 4104/795/931 3863/154/931 3862/153/1158
f 4104/795/931 3995/156/930 3864/156/930 3863/154/931
f 3995/156/930 3996/131/818 3865/131/3663 3864/156/930
f 3996/131/818 3997/132/3664 3866/132/3664 3865/131/3663
f 3997/132/3664 3998/192/3375 3867/192/3375 3866/132/3664
f 3998/192/3375 3999/188/3640 3868/188/3640 3867/192/3375
f 3999/188/3640 3983/191/3643 3869/191/3643 3868/188/3640
f 3984/189/814 3870/189/3645 3869/191/3643 3983/191/3643
f 3985/157/3744 3871/157/3374 3870/189/3645 3984/189/814
f 3986/158/3648 3872/158/3648 3871/157/3374 3985/157/3744
f 3987/222/3372 3873/222/3372 3872/158/3648 3986/158/3648
f 3988/150/1154 3874/150/1149 3873/222/3372 3987/222/3372
f 3989/159/1155 3875/159/1156 3874/150/1149 3988/150/1154
f 3990/125/1118 3876/125/1118 3875/159/1156 3989/159/1155
f 4100/126/1663 3877/126/1663 3876/125/1118 3990/125/1118
f 3510/794/927 3858/127/944 3877/126/1663 4100/126/1663
f 3676/189/3646 3677/764/3647 3879/157/851 3878/189/850
f 3677/764/3647 3678/158/3649 3880/158/3427 3879/157/851
f 3678/158/3649 3679/149/3650 3881/222/3429 3880/158/3427
f 3679/149/3650 3680/150/3651 3882/150/3430 3881/222/3429
f 3680/150/3651 3681/159/3652 3883/159/3431 3882/150/3430
f 3681/159/3652 3682/125/3653 3884/537/3433 3883/159/3431
f 3682/125/3653 3683/126/3654 3885/126/3434 3884/537/3433
f 3683/126/3654 3684/127/3655 3886/127/853 3885/126/3434
f 3684/127/3655 3685/151/3656 3887/151/854 3886/127/853
f 3686/217/3658 3888/217/3436 3887/151/854 3685/151/3656
f 3687/129/3659 3889/129/3438 3888/217/3436 3686/217/3658
f 3688/153/3660 3890/153/3745 3889/129/3438 3687/129/3659
f 3689/152/3661 3891/152/856 3890/153/3745 3688/153/3660
f 3690/156/3662 3892/765/857 3891/152/856 3689/152/3661
f 3673/192/3642 3894/192/3426 3893/132/846 3692/132/918
f 3892/765/857 3690/156/3662 3691/763/845
f 3674/188/3641 3895/188/848 3894/192/3426 3673/192/3642
f 3675/191/3644 3896/191/849 3895/188/848 3674/188/3641
f 3675/191/3644 3676/189/3646 3878/189/850 3896/191/849
f 3697/157/3374 3898/157/3374 3897/189/3645 3696/189/3645
f 3698/158/3648 3899/158/3648 3898/157/3374 3697/157/3374
f 3699/222/3372 3900/222/3372 3899/158/3648 3698/158/3648
f 3700/150/1149 3901/150/1149 3900/222/3372 3699/222/3372
f 3701/159/1156 3902/159/1156 3901/150/1149 3700/150/1149
f 3702/125/1118 3903/125/1118 3902/159/1156 3701/159/1156
f 3703/126/1663 3904/126/1663 3903/125/1118 3702/125/1118
f 3704/127/944 3905/127/944 3904/126/1663 3703/126/1663
f 3705/151/929 3906/151/929 3905/127/944 3704/127/944
f 3705/151/929 3706/217/3657 3907/217/3657 3906/151/929
f 3706/217/3657 3707/129/1116 3908/129/1116 3907/217/3657
f 3707/129/1116 3708/153/1158 3909/153/1158 3908/129/1116
f 3708/153/1158 3709/152/931 3910/152/931 3909/153/1158
f 3709/152/931 3710/156/930 3911/156/930 3910/152/931
f 3710/156/930 3711/155/3663 3912/155/3663 3911/156/930
f 3711/155/3663 3712/132/3664 3913/132/3664 3912/155/3663
f 3712/132/3664 3693/192/3375 3914/192/3375 3913/132/3664
f 3693/192/3375 3694/188/3640 3915/188/3640 3914/192/3375
f 3694/188/3640 3695/191/3643 3916/191/3643 3915/188/3640
f 3696/189/3645 3897/189/3645 3916/191/3643 3695/191/3643
f 4138/1076/3746 3918/1235/3374 3917/1236/3645 4137/1004/814
f 4139/1561/3747 3919/1562/3648 3918/1235/3374 4138/1076/3746
f 4140/1689/3748 3920/1690/3372 3919/1562/3648 4139/1561/3747
f 4141/574/1149 3921/1691/1149 3920/1690/3372 4140/1689/3748
f 4142/1692/3749 3922/569/1155 3921/1691/1149 4141/574/1149
f 3412/438/3382 3923/1564/1118 3922/569/1155 4142/1692/3749
f 3411/45/819 3924/1565/1663 3923/1564/1118 3412/438/3382
f 4143/802/944 3925/1566/944 3924/1565/1663 3411/45/819
f 4144/1693/3750 3926/1694/929 3925/1566/944 4143/802/944
f 4144/1693/3750 4145/543/3751 3927/1695/3657 3926/1694/929
f 4145/543/3751 4146/1567/1116 3928/572/1116 3927/1695/3657
f 4146/1569/1116 4147/1696/3752 3929/1697/1157 3928/1568/1116
f 4147/1696/3752 4148/1698/3753 3930/544/931 3929/1697/1157
f 4148/1698/3753 4149/577/3754 3931/1699/930 3930/544/931
f 4149/577/3754 4150/1078/818 3932/567/3663 3931/1699/930
f 4150/1078/818 4133/1570/3755 3933/1571/1153 3932/567/3663
f 4133/1570/3755 4134/1003/3756 3934/1572/3375 3933/1571/1153
f 4134/1003/3756 4135/1700/3757 3935/236/3640 3934/1572/3375
f 4135/1700/3757 4136/242/3758 3936/1249/3643 3935/236/3640
f 4137/1004/814 3917/1236/3645 3936/1249/3643 4136/242/3758
f 4121/1573/3374 3938/972/3374 3937/757/814 4120/1252/3645
f 4122/1574/3648 3939/1678/3373 3938/972/3374 4121/1573/3374
f 4123/1701/3372 3940/524/3372 3939/1678/3373 4122/1574/3648
f 4124/1702/1149 3941/1498/1149 3940/524/3372 4123/1701/3372
f 4125/570/1156 3942/970/1156 3941/1498/1149 4124/1702/1149
f 4126/1575/1118 3943/1496/3368 3942/970/1156 4125/570/1156
f 4127/1576/1663 3944/1676/3367 3943/1496/3368 4126/1575/1118
f 4128/1577/944 3393/1677/806 3944/1676/3367 4127/1576/1663
f 4129/987/929 3392/1703/3365 3393/1677/806 4128/1577/944
f 4129/987/929 4130/1704/3657 3391/755/811 3392/1703/3365
f 4130/1704/3657 4131/1705/1116 3945/756/812 3391/755/811
f 4131/1706/1116 4132/549/1157 3946/547/1158 3945/1681/812
f 4132/549/1157 4113/1073/931 3947/1680/931 3946/547/1158
f 4113/1073/931 4114/1707/930 3404/758/817 3947/1680/931
f 4114/1707/930 4115/565/3663 3948/759/818 3404/758/817
f 4115/565/3663 4116/1580/1153 3949/1679/3379 3948/759/818
f 4116/1580/1153 4117/1582/3375 3950/94/3375 3949/1679/3379
f 4117/1582/3375 4118/1583/3640 3951/526/3376 3950/94/3375
f 4118/1583/3640 4119/210/3643 3399/31/813 3951/526/3376
f 4120/1252/3645 3937/757/814 3399/31/813 4119/210/3643
f 3970/789/920 3971/1584/3759 3953/1505/820 3952/788/820
f 3971/1584/3759 3431/1686/3428 3954/1504/820 3953/1505/820
f 3431/1686/3428 3432/149/921 3955/1503/820 3954/1504/820
f 3432/149/921 3972/790/923 3956/1502/820 3955/1503/820
f 3973/989/3760 3957/1683/820 3956/1502/820 3972/790/923
f 3974/550/3761 3958/529/820 3957/1683/820 3973/989/3760
f 3436/126/3435 3411/412/819 3958/529/820 3974/550/3761
f 3886/127/853 3959/760/820 3411/412/819 3436/126/3435
f 3437/220/855 3960/1500/820 3959/760/820 3886/127/853
f 3437/220/855 3975/791/924 3961/1682/820 3960/1500/820
f 3975/791/924 3976/991/3762 3962/527/820 3961/1682/820
f 3976/991/3762 3977/1587/3763 3963/1510/820 3962/527/820
f 3977/1587/3763 3978/1588/3764 3964/1509/820 3963/1510/820
f 3978/1588/3764 3979/1589/3765 3965/1508/820 3964/1509/820
f 3980/1590/3766 3966/1685/820 3965/1508/820 3979/1589/3765
f 3427/132/844 3967/531/820 3966/1685/820 3980/1590/3766
f 3967/531/820 3427/132/844 3428/793/926 3420/761/822
f 3981/792/925 3968/762/820 3420/761/822 3428/793/926
f 3982/553/919 3969/1684/1122 3968/762/820 3981/792/925
f 3430/764/3767 3971/1584/3759 3970/789/920 3878/189/850
f 3952/788/820 3969/1684/1122 3982/553/919
f 3433/150/922 3434/159/804 3973/989/3760 3972/790/923
f 3971/1584/3759 3430/764/3767 3431/1686/3428
f 3434/159/804 3435/125/1662 3974/550/3761 3973/989/3760
f 3889/129/3438 3976/991/3762 3975/791/924 3438/217/811
f 3436/126/3435 3974/550/3761 3435/125/1662
f 3890/153/3745 3977/1587/3763 3976/991/3762 3889/129/3438
f 3891/152/856 3978/1588/3764 3977/1587/3763 3890/153/3745
f 3439/156/817 3979/1589/3765 3978/1588/3764 3891/152/856
f 3439/156/817 3691/763/845 3980/1590/3766 3979/1589/3765
f 3895/188/848 3429/191/847 3982/553/919 3981/792/925
f 3427/132/844 3980/1590/3766 3691/763/845
f 3878/189/850 3970/789/920 3982/553/919 3429/191/847
f 4109/189/943 3984/189/814 3983/191/3643 3502/801/941
f 4110/157/3768 3985/157/3744 3984/189/814 4109/189/943
f 4111/158/3747 3986/158/3648 3985/157/3744 4110/157/3768
f 4112/222/3372 3987/222/3372 3986/158/3648 4111/158/3747
f 4097/150/1149 3988/150/1154 3987/222/3372 4112/222/3372
f 4098/159/1156 3989/159/1155 3988/150/1154 4097/150/1149
f 4099/125/3769 3990/125/1118 3989/159/1155 4098/159/1156
f 3511/151/928 4101/217/939 3992/217/3657 3991/151/929
f 3990/125/1118 4099/125/3769 4100/126/1663
f 4101/217/939 4102/129/3770 3993/129/1116 3992/217/3657
f 4102/129/3770 4103/153/1158 3994/153/1158 3993/129/1116
f 4105/156/930 4106/131/3771 3996/131/818 3995/156/930
f 4104/795/931 3994/153/1158 4103/153/1158
f 4106/131/3771 4107/132/3379 3997/132/3664 3996/131/818
f 4107/132/3379 4108/192/3772 3998/192/3375 3997/132/3664
f 4108/192/3772 3501/188/858 3999/188/3640 3998/192/3375
f 3501/188/858 3502/801/941 3983/191/3643 3999/188/3640
f 4000/191/3493 4020/191/3493 4021/189/3495 4001/189/3495
f 4001/189/3495 4021/189/3495 4022/157/933 4002/157/933
f 4002/157/933 4022/157/933 4023/158/3499 4003/158/3499
f 4003/158/3499 4023/158/3499 4024/222/3502 4004/222/3502
f 4004/222/3502 4024/222/3502 4025/150/863 4005/150/863
f 4005/150/863 4025/150/863 4026/159/3743 4006/159/3743
f 4026/159/3743 4027/537/865 4007/537/865 4006/159/3743
f 4027/537/865 4028/126/3508 4008/126/3508 4007/537/865
f 4028/126/3508 4029/127/3511 4009/127/3511 4008/126/3508
f 4029/127/3511 4030/1263/3513 4010/1263/3513 4009/127/3511
f 4010/1263/3513 4030/1263/3513 4031/217/3515 4011/217/3515
f 4011/217/3515 4031/217/3515 4032/129/3518 4012/129/3518
f 4012/129/3518 4032/129/3518 4033/153/3521 4013/153/3521
f 4013/153/3521 4033/153/3521 4034/152/3524 4014/152/3524
f 4034/152/3524 4035/1222/3741 4015/1222/3741 4014/152/3524
f 4035/1222/3741 4036/131/868 4016/131/868 4015/1222/3741
f 4036/131/868 4037/132/3529 4017/132/3529 4016/131/868
f 4037/132/3529 4038/192/3742 4018/192/3742 4017/132/3529
f 4038/192/3742 4039/188/860 4019/188/860 4018/192/3742
f 4000/191/3493 4019/188/860 4039/188/860 4020/191/3493
f 4020/191/3493 4040/191/3493 4041/189/3495 4021/189/3495
f 4021/189/3495 4041/189/3495 4042/157/933 4022/157/933
f 4022/157/933 4042/157/933 3528/796/932 4023/158/3499
f 4023/158/3499 3528/796/932 4043/222/3502 4024/222/3502
f 4024/222/3502 4043/222/3502 4044/150/863 4025/150/863
f 4025/150/863 4044/150/863 4045/159/3743 4026/159/3743
f 4045/159/3743 4046/537/865 4027/537/865 4026/159/3743
f 4046/537/865 4047/126/3508 4028/126/3508 4027/537/865
f 4047/126/3508 4048/127/3511 4029/127/3511 4028/126/3508
f 4048/127/3511 4049/151/3513 4030/1263/3513 4029/127/3511
f 4030/1263/3513 4049/151/3513 4050/217/3515 4031/217/3515
f 4031/217/3515 4050/217/3515 4051/129/3518 4032/129/3518
f 4032/129/3518 4051/129/3518 4052/153/3521 4033/153/3521
f 4033/153/3521 4052/153/3521 4053/152/3524 4034/152/3524
f 4053/152/3524 4054/1222/3741 4035/1222/3741 4034/152/3524
f 4054/1222/3741 4055/131/868 4036/131/868 4035/1222/3741
f 4055/131/868 4056/132/3529 4037/132/3529 4036/131/868
f 4056/132/3529 4057/192/3742 4038/192/3742 4037/132/3529
f 4057/192/3742 4058/188/860 4039/188/860 4038/192/3742
f 4020/191/3493 4039/188/860 4058/188/860 4040/191/3493
f 4040/191/3493 3522/191/3773 3524/189/3774 4041/189/3495
f 4041/189/3495 3524/189/3774 3526/157/934 4042/157/933
f 4043/222/3502 3530/222/3468 3532/150/3775 4044/150/863
f 3530/222/3468 4043/222/3502 3528/796/932
f 4044/150/863 3532/150/3775 3534/159/3776 4045/159/3743
f 3534/159/3776 3536/125/3777 4046/537/865 4045/159/3743
f 3536/125/3777 3538/126/3778 4047/126/3508 4046/537/865
f 3538/126/3778 3540/127/3779 4048/127/3511 4047/126/3508
f 3540/127/3779 3542/151/3780 4049/151/3513 4048/127/3511
f 4049/151/3513 3542/151/3780 3544/217/3781 4050/217/3515
f 4050/217/3515 3544/217/3781 3546/129/3782 4051/129/3518
f 4051/129/3518 3546/129/3782 3548/153/3783 4052/153/3521
f 4052/153/3521 3548/153/3783 3550/152/3524 4053/152/3524
f 3550/152/3524 3552/156/3784 4054/1222/3741 4053/152/3524
f 3552/156/3784 3554/131/3785 4055/131/868 4054/1222/3741
f 3554/131/3785 3556/132/3786 4056/132/3529 4055/131/868
f 3556/132/3786 3518/192/3787 4057/192/3742 4056/132/3529
f 3518/192/3787 3519/188/3788 4058/188/860 4057/192/3742
f 3519/188/3788 3522/191/3773 4040/191/3493 4058/188/860
f 3450/560/3789 4060/561/3567 4059/1687/3566 3449/559/3790
f 3451/994/3791 4061/995/3552 4060/561/3567 3450/560/3789
f 3454/996/3792 4063/1515/3553 4062/799/937 3453/798/936
f 4061/995/3552 3451/994/3791 3452/797/935
f 3455/997/3793 4064/998/3554 4063/1515/3553 3454/996/3792
f 3455/997/3793 3456/1195/3794 4065/1516/3555 4064/998/3554
f 3456/1195/3794 3457/1001/3795 4066/999/3556 4065/1516/3555
f 3457/1001/3795 3458/1196/3796 4067/1517/3557 4066/999/3556
f 3458/1196/3796 3459/227/3797 4068/1518/3558 4067/1517/3557
f 3459/227/3797 3440/1188/3798 4069/1519/3559 4068/1518/3558
f 3440/1188/3798 3441/134/3799 4070/767/870 4069/1519/3559
f 3441/134/3799 3442/1189/3800 4071/768/871 4070/767/870
f 3443/1190/3801 4072/1521/3560 4071/768/871 3442/1189/3800
f 3444/229/3802 4073/1522/3561 4072/1521/3560 3443/1190/3801
f 3445/230/3803 4074/228/3562 4073/1522/3561 3444/229/3802
f 3445/230/3803 3446/1191/3804 4075/1523/3563 4074/228/3562
f 3446/1191/3804 3447/1192/3805 4076/1524/3564 4075/1523/3563
f 3447/1192/3805 3448/1193/3806 4077/1525/3565 4076/1524/3564
f 3448/1193/3806 3449/559/3790 4059/1687/3566 4077/1525/3565
f 3776/162/3703 4079/562/904 4078/171/903 3775/171/903
f 3777/138/902 4080/173/3692 4079/562/904 3776/162/3703
f 3778/984/3704 4081/564/3693 4080/173/3692 3777/138/902
f 3779/139/3677 4082/563/3593 4081/564/3693 3778/984/3704
f 3779/139/3677 3780/1544/3678 4083/980/3694 4082/563/3593
f 3780/1544/3678 3781/978/3705 4084/179/3695 4083/980/3694
f 3781/978/3705 3782/1545/3681 4085/983/3696 4084/179/3695
f 3782/1545/3681 3783/174/3683 4086/174/3697 4085/983/3696
f 3783/174/3683 3784/182/3706 4087/142/3698 4086/174/3697
f 3784/182/3706 3785/141/3707 4088/781/907 4087/142/3698
f 3785/141/3707 3786/233/3708 4089/782/908 4088/781/907
f 3786/233/3708 3768/164/3668 4090/541/3688 4089/782/908
f 3770/784/911 4092/234/3613 4091/800/909 3735/783/909
f 3769/165/938 4090/541/3688 3768/164/3668
f 3771/1067/3699 4093/1067/3689 4092/234/3613 3770/784/911
f 3772/1542/3700 4094/1068/3690 4093/1067/3689 3771/1067/3699
f 3773/167/3701 4095/167/3691 4094/1068/3690 3772/1542/3700
f 3774/1543/3702 4096/1688/900 4095/167/3691 3773/167/3701
f 3775/171/903 4078/171/903 4096/1688/900 3774/1543/3702
f 3855/159/861 4098/159/1156 4097/150/1149 3507/150/862
f 3508/125/864 4099/125/3769 4098/159/1156 3855/159/861
f 3509/126/3807 4100/126/1663 4099/125/3769 3508/125/864
f 3512/217/940 3513/129/3808 4102/129/3770 4101/217/939
f 4100/126/1663 3509/126/3807 3510/794/927
f 3513/129/3808 3514/153/3809 4103/153/1158 4102/129/3770
f 3514/153/3809 3515/152/3810 4104/795/931 4103/153/1158
f 3515/152/3810 3845/156/867 4105/156/930 4104/795/931
f 3845/156/867 3516/131/866 4106/131/3771 4105/156/930
f 3516/131/866 3517/132/3811 4107/132/3379 4106/131/3771
f 3517/132/3811 3500/192/859 4108/192/3772 4107/132/3379
f 3504/157/3812 4110/157/3768 4109/189/943 3503/189/942
f 3501/188/858 4108/192/3772 3500/192/859
f 3505/158/3813 4111/158/3747 4110/157/3768 3504/157/3812
f 3506/222/3467 4112/222/3372 4111/158/3747 3505/158/3813
f 3507/150/862 4097/150/1149 4112/222/3372 3506/222/3467
f 3930/544/931 3931/1699/930 4114/1707/930 4113/1073/931
f 3931/1699/930 3932/567/3663 4115/565/3663 4114/1707/930
f 3932/567/3663 3933/1571/1153 4116/1580/1153 4115/565/3663
f 3933/1571/1153 3934/1572/3375 4117/1582/3375 4116/1580/1153
f 3934/1572/3375 3935/236/3640 4118/1583/3640 4117/1582/3375
f 3935/236/3640 3936/1249/3643 4119/210/3643 4118/1583/3640
f 3917/1236/3645 4120/1252/3645 4119/210/3643 3936/1249/3643
f 3918/1235/3374 4121/1573/3374 4120/1252/3645 3917/1236/3645
f 3919/1562/3648 4122/1574/3648 4121/1573/3374 3918/1235/3374
f 3920/1690/3372 4123/1701/3372 4122/1574/3648 3919/1562/3648
f 3921/1691/1149 4124/1702/1149 4123/1701/3372 3920/1690/3372
f 3922/569/1155 4125/570/1156 4124/1702/1149 3921/1691/1149
f 3923/1564/1118 4126/1575/1118 4125/570/1156 3922/569/1155
f 3924/1565/1663 4127/1576/1663 4126/1575/1118 3923/1564/1118
f 3925/1566/944 4128/1577/944 4127/1576/1663 3924/1565/1663
f 3926/1694/929 4129/987/929 4128/1577/944 3925/1566/944
f 3926/1694/929 3927/1695/3657 4130/1704/3657 4129/987/929
f 3927/1695/3657 3928/572/1116 4131/1705/1116 4130/1704/3657
f 3928/1568/1116 3929/1697/1157 4132/549/1157 4131/1706/1116
f 3929/1697/1157 3930/544/931 4113/1073/931 4132/549/1157
f 3421/591/823 3420/688/822 4134/1003/3756 4133/1570/3755
f 3420/688/822 3419/959/3814 4135/1700/3757 4134/1003/3756
f 3419/959/3814 3418/241/3383 4136/242/3758 4135/1700/3757
f 3969/337/1122 4137/1004/814 4136/242/3758 3418/241/3383
f 3417/844/3815 4138/1076/3746 4137/1004/814 3969/337/1122
f 3416/614/3816 4139/1561/3747 4138/1076/3746 3417/844/3815
f 3415/1086/3817 4140/1689/3748 4139/1561/3747 3416/614/3816
f 3414/37/3818 4141/574/1149 4140/1689/3748 3415/1086/3817
f 3413/1241/3819 4142/1692/3749 4141/574/1149 3414/37/3818
f 3409/244/3820 4144/1693/3750 4143/802/944 3410/742/821
f 4142/1692/3749 3413/1241/3819 3412/438/3382
f 3409/244/3820 3408/47/3821 4145/543/3751 4144/1693/3750
f 3408/47/3821 3407/59/3480 4146/1567/1116 4145/543/3751
f 3407/1162/3480 3425/657/3822 4147/1696/3752 4146/1569/1116
f 3425/657/3822 3424/38/3823 4148/1698/3753 4147/1696/3752
f 3424/38/3823 3423/39/3824 4149/577/3754 4148/1698/3753
f 3423/39/3824 3422/372/3825 4150/1078/818 4149/577/3754
f 3422/372/3825 3421/591/823 4133/1570/3755 4150/1078/818
f 4348/1358/976 4349/818/976 4151/533/976 4152/247/976
f 4347/392/3826 4348/1358/976 4152/247/976 4153/245/976
f 4347/392/3826 4153/245/976 4154/464/976 4346/1081/976
f 4346/1081/976 4154/464/976 4155/534/3827 4345/854/976
f 4345/854/976 4155/534/3827 4156/515/3826 4344/1451/976
f 4344/1451/976 4156/515/3826 4157/654/976 4343/1364/976
f 4343/1364/976 4157/654/976 4158/248/976 4342/643/976
f 4341/359/976 4342/643/976 4158/248/976 4159/517/976
f 4340/1365/976 4341/359/976 4159/517/976 4160/253/976
f 4339/1593/976 4340/1365/976 4160/253/976 4161/251/976
f 4338/1452/976 4339/1593/976 4161/251/976 4162/535/3826
f 4356/362/976 4338/1452/976 4162/535/3826 4163/1708/3828
f 4356/362/976 4163/1708/3828 4164/810/961 4355/1594/976
f 4355/1594/976 4164/810/961 4165/518/960 4354/1369/976
f 4354/1369/976 4165/518/960 4166/578/976 4353/580/976
f 4353/580/976 4166/578/976 4167/808/958 4352/394/976
f 4352/394/976 4167/808/958 4168/519/957 4351/468/976
f 4350/930/976 4351/468/976 4168/519/957 4169/258/976
f 4349/818/976 4350/930/976 4169/258/976 4170/469/976
f 4256/1453/3829 4257/831/3830 4171/754/3831 4172/520/3832
f 4170/469/976 4151/533/976 4349/818/976
f 4255/582/3833 4256/1453/3829 4172/520/3832 4173/23/3834
f 4254/804/947 4255/582/3833 4173/23/3834 4174/24/945
f 4252/28/3835 4178/26/3836 4179/377/3837 4251/1454/3838
f 4175/803/946 4176/261/948 4253/260/950
f 4177/805/949 4178/26/3836 4252/28/3835
f 4251/1454/3838 4179/377/3837 4180/523/3839 4250/660/3840
f 4250/660/3840 4180/523/3839 4181/711/3841 4249/617/3842
f 4249/617/3842 4181/711/3841 4182/42/3843 4248/866/3844
f 4248/866/3844 4182/42/3843 4183/31/3845 4247/714/3846
f 4247/714/3846 4183/31/3845 4184/375/974 4246/1455/1026
f 4246/1455/1026 4184/375/974 4185/92/973 4245/936/3847
f 4245/936/3847 4185/92/973 4186/1114/3848 4244/880/3849
f 4244/880/3849 4186/1114/3848 4187/206/3850 4261/263/1031
f 4261/263/1031 4187/206/3850 4188/409/3851 4260/646/3852
f 4259/1085/3853 4260/646/3852 4188/409/3851 4189/1083/3854
f 4258/34/3855 4259/1085/3853 4189/1083/3854 4190/32/3856
f 4257/1456/3830 4258/34/3855 4190/32/3856 4171/1091/3831
f 4314/367/987 4191/216/971 4192/366/970 4313/938/3857
f 4313/938/3857 4192/366/970 4193/215/951 4312/473/953
f 4310/606/3858 4311/835/3859 4195/412/3859 4196/68/3860
f 4194/806/952 4195/412/3859 4311/835/3859
f 4309/1457/3861 4310/606/3858 4196/68/3860 4197/528/3862
f 4308/940/3863 4309/1457/3861 4197/528/3862 4198/213/967
f 4308/940/3863 4198/213/967 4199/212/966 4307/369/3864
f 4307/369/3864 4199/212/966 4200/368/3865 4306/1013/3866
f 4306/1013/3866 4200/368/3865 4201/474/3867 4305/476/3868
f 4305/476/3868 4201/474/3867 4202/838/964 4304/837/3869
f 4304/837/3869 4202/838/964 4203/96/963 4303/370/3870
f 4302/1101/3871 4303/370/3870 4203/96/963 4204/97/3872
f 4301/588/3873 4302/1101/3871 4204/97/3872 4205/415/3874
f 4318/1460/3875 4301/588/3873 4205/415/3874 4206/532/3876
f 4317/1461/3877 4318/1460/3875 4206/532/3876 4207/463/3878
f 4316/478/3879 4317/1461/3877 4207/463/3878 4208/419/3880
f 4316/478/3879 4208/419/3880 4209/417/956 4315/737/955
f 4384/609/3881 4152/247/3881 4151/533/3881 4383/1464/3881
f 4191/216/971 4314/367/987 4210/807/954
f 4383/1464/3882 4151/533/3882 4170/469/3882 4382/1463/3882
f 4382/1463/3883 4170/469/3883 4169/258/3883 4381/482/3883
f 4381/482/3884 4169/258/3885 4168/519/3885 4380/809/3884
f 4378/811/3886 4379/1465/3886 4166/578/3887 4165/518/3887
f 4167/808/3888 4166/578/3889 4379/1465/3889
f 4376/717/3890 4377/651/3890 4162/535/3891 4161/251/3891
f 4163/1708/3892 4162/535/3893 4377/651/3893
f 4375/487/979 4376/717/979 4161/251/3894 4160/253/3894
f 4374/719/3895 4375/487/3895 4160/253/3895 4159/517/3895
f 4390/611/3896 4374/719/3896 4159/517/3897 4158/248/3897
f 4390/611/3898 4158/248/3899 4157/654/3899 4389/653/3898
f 4389/653/3900 4157/654/3900 4156/515/3900 4388/739/3900
f 4388/739/3901 4156/515/1039 4155/534/1039 4387/842/3901
f 4387/842/1014 4155/534/1014 4154/464/1014 4386/1468/1014
f 4386/1468/3902 4154/464/3902 4153/245/3902 4385/489/3903
f 4385/489/3904 4153/245/3905 4152/247/3905 4384/609/3904
f 4201/844/3906 4232/1469/3907 4231/490/965 4202/337/964
f 4230/589/3908 4206/591/3909 4205/1709/3874
f 4198/37/967 4197/1241/3910 4234/599/3911 4233/35/968
f 4232/1469/3907 4201/844/3906 4200/1710/3865
f 4197/1241/3910 4196/914/3912 4235/961/3913 4234/599/3911
f 4196/914/3912 4195/439/3914 4236/1470/3915 4235/961/3913
f 4195/439/3914 4194/742/952 4237/743/3916 4236/1470/3915
f 4194/742/952 4193/244/951 4238/1138/3917 4237/743/3916
f 4191/1162/971 4210/657/954 4240/962/3918 4239/1305/969
f 4192/814/970 4238/1138/3917 4193/244/951
f 4210/657/954 4209/38/3919 4241/875/3920 4240/962/3918
f 4209/38/3919 4208/39/3921 4242/40/3922 4241/875/3920
f 4207/372/3923 4243/373/3924 4242/40/3922 4208/39/3921
f 4206/591/3909 4230/589/3908 4243/373/3924 4207/372/3923
f 4263/1268/3847 4245/936/3847 4244/880/3849 4262/882/3849
f 4264/1472/1026 4246/1455/1026 4245/936/3847 4263/1268/3847
f 4265/1473/3925 4247/714/3846 4246/1455/1026 4264/1472/1026
f 4266/1474/3926 4248/866/3844 4247/714/3846 4265/1473/3925
f 4267/619/3927 4249/617/3842 4248/866/3844 4266/1474/3926
f 4268/52/1028 4250/660/3840 4249/617/3842 4267/619/3927
f 4269/324/3838 4251/1454/3838 4250/660/3840 4268/52/1028
f 4270/1154/972 4252/28/3835 4251/1454/3838 4269/324/3838
f 4270/1154/972 4271/597/3928 4177/805/949 4252/28/3835
f 4271/597/3928 4272/1309/3929 4253/260/950 4177/805/949
f 4272/1309/3929 4273/1020/3930 4175/803/946 4253/260/950
f 4273/1020/3930 4274/1475/3931 4254/804/947 4175/803/946
f 4274/1475/3931 4275/883/3833 4255/582/3833 4254/804/947
f 4275/883/3833 4276/1476/3829 4256/1453/3829 4255/582/3833
f 4276/1476/3829 4277/55/3932 4257/831/3830 4256/1453/3829
f 4277/1156/3932 4278/664/3918 4258/34/3855 4257/1456/3830
f 4278/664/3918 4279/331/3920 4259/1085/3853 4258/34/3855
f 4279/331/3920 4280/879/3933 4260/646/3852 4259/1085/3853
f 4281/277/3934 4261/263/1031 4260/646/3852 4280/879/3933
f 4262/882/3849 4244/880/3849 4261/263/1031 4281/277/3934
f 4283/280/3847 4263/1268/3847 4262/882/3849 4282/963/3935
f 4284/850/1026 4264/1472/1026 4263/1268/3847 4283/280/3847
f 4285/283/3846 4265/1473/3925 4264/1472/1026 4284/850/1026
f 4286/885/3926 4266/1474/3926 4265/1473/3925 4285/283/3846
f 4287/1282/3927 4267/619/3927 4266/1474/3926 4286/885/3926
f 4288/328/3936 4268/52/1028 4267/619/3927 4287/1282/3927
f 4199/813/966 4269/324/3838 4268/52/1028 4288/328/3936
f 4289/815/972 4270/1154/972 4269/324/3838 4199/813/966
f 4289/815/972 4290/596/3911 4271/597/3928 4270/1154/972
f 4290/596/3911 4291/1477/3913 4272/1309/3929 4271/597/3928
f 4291/1477/3913 4292/1478/3930 4273/1020/3930 4272/1309/3929
f 4292/1478/3930 4293/1479/3931 4274/1475/3931 4273/1020/3930
f 4293/1479/3931 4294/1480/3833 4275/883/3833 4274/1475/3931
f 4294/1480/3833 4295/1481/3829 4276/1476/3829 4275/883/3833
f 4295/1481/3829 4296/56/3932 4277/55/3932 4276/1476/3829
f 4296/1161/3932 4297/1035/3937 4278/664/3918 4277/1156/3932
f 4297/1035/3937 4298/60/3920 4279/331/3920 4278/664/3918
f 4298/60/3920 4299/667/3933 4280/879/3933 4279/331/3920
f 4300/598/1031 4281/277/3934 4280/879/3933 4299/667/3933
f 4282/963/3935 4262/882/3849 4281/277/3934 4300/598/1031
f 4205/1709/3874 4283/280/3847 4282/963/3935 4230/589/3908
f 4204/1711/3872 4284/850/1026 4283/280/3847 4205/1709/3874
f 4203/812/963 4285/283/3846 4284/850/1026 4204/1711/3872
f 4231/490/965 4286/885/3926 4285/283/3846 4203/812/963
f 4232/1469/3907 4287/1282/3927 4286/885/3926 4231/490/965
f 4200/1710/3865 4288/328/3936 4287/1282/3927 4232/1469/3907
f 4233/35/968 4234/599/3911 4290/596/3911 4289/815/972
f 4288/328/3936 4200/1710/3865 4199/813/966
f 4234/599/3911 4235/961/3913 4291/1477/3913 4290/596/3911
f 4235/961/3913 4236/1470/3915 4292/1478/3930 4291/1477/3913
f 4236/1470/3915 4237/743/3916 4293/1479/3931 4292/1478/3930
f 4237/743/3916 4238/1138/3917 4294/1480/3833 4293/1479/3931
f 4238/1138/3917 4192/814/970 4295/1481/3829 4294/1480/3833
f 4192/814/970 4239/616/969 4296/56/3932 4295/1481/3829
f 4239/1305/969 4240/962/3918 4297/1035/3937 4296/1161/3932
f 4240/962/3918 4241/875/3920 4298/60/3920 4297/1035/3937
f 4241/875/3920 4242/40/3922 4299/667/3933 4298/60/3920
f 4243/373/3924 4300/598/1031 4299/667/3933 4242/40/3922
f 4230/589/3908 4282/963/3935 4300/598/1031 4243/373/3924
f 4395/955/987 4396/860/3859 4302/1101/3871 4301/588/3873
f 4396/860/3859 4397/396/3859 4303/370/3870 4302/1101/3871
f 4398/509/3859 4304/837/3869 4303/370/3870 4397/396/3859
f 4221/822/981 4305/476/3868 4304/837/3869 4398/509/3859
f 4399/825/987 4306/1013/3866 4305/476/3868 4221/822/981
f 4400/512/987 4307/369/3864 4306/1013/3866 4399/825/987
f 4401/679/987 4308/940/3863 4307/369/3864 4400/512/987
f 4401/679/987 4402/730/987 4309/1457/3861 4308/940/3863
f 4402/730/987 4403/639/987 4310/606/3858 4309/1457/3861
f 4403/639/987 4404/732/987 4311/835/3859 4310/606/3858
f 4404/732/987 4214/827/988 4194/806/952 4311/835/3859
f 4214/827/988 4405/826/987 4312/473/953 4194/806/952
f 4406/899/987 4313/938/3857 4312/473/953 4405/826/987
f 4211/828/990 4314/367/987 4313/938/3857 4406/899/987
f 4407/829/987 4210/807/954 4314/367/987 4211/828/990
f 4391/824/985 4315/737/955 4210/807/954 4407/829/987
f 4392/748/987 4316/478/3879 4315/737/955 4391/824/985
f 4392/748/987 4393/638/987 4317/1461/3877 4316/478/3879
f 4393/638/987 4394/1606/987 4318/1460/3875 4317/1461/3877
f 4394/1606/987 4395/955/987 4301/588/3873 4318/1460/3875
f 4182/391/3938 4181/103/977 4320/495/3939 4319/1023/3940
f 4181/103/977 4180/71/3941 4321/388/3942 4320/495/3939
f 4180/71/3941 4179/83/3943 4322/496/3944 4321/388/3942
f 4179/83/3943 4178/250/3945 4323/504/3946 4322/496/3944
f 4177/516/949 4324/952/3947 4323/504/3946 4178/250/3945
f 4176/400/948 4325/668/3826 4324/952/3947 4177/516/949
f 4175/73/946 4326/853/3948 4325/668/3826 4176/400/948
f 4174/5/945 4327/624/3949 4326/853/3948 4175/73/946
f 4173/293/3950 4328/389/3951 4327/624/3949 4174/5/945
f 4173/293/3950 4172/948/3952 4329/949/3953 4328/389/3951
f 4172/948/3952 4171/420/3954 4330/499/977 4329/949/3953
f 4171/420/3954 4190/89/977 4331/819/978 4330/499/977
f 4190/89/977 4189/90/3955 4332/670/3956 4331/819/978
f 4189/90/3955 4188/91/3953 4333/626/3953 4332/670/3956
f 4187/395/3957 4334/891/3958 4333/626/3953 4188/91/3953
f 4186/17/3959 4335/672/3960 4334/891/3958 4187/395/3957
f 4183/629/3961 4337/630/3962 4336/817/975 4184/87/974
f 4335/672/3960 4186/17/3959 4185/816/973
f 4183/629/3961 4182/391/3938 4319/1023/3940 4337/630/3962
f 4319/1023/3940 4320/495/3939 4339/1593/976 4338/1452/976
f 4320/495/3939 4321/388/3942 4340/1365/976 4339/1593/976
f 4321/388/3942 4322/496/3944 4341/359/976 4340/1365/976
f 4322/496/3944 4323/504/3946 4342/643/976 4341/359/976
f 4324/952/3947 4343/1364/976 4342/643/976 4323/504/3946
f 4325/668/3826 4344/1451/976 4343/1364/976 4324/952/3947
f 4326/853/3948 4345/854/976 4344/1451/976 4325/668/3826
f 4327/624/3949 4346/1081/976 4345/854/976 4326/853/3948
f 4328/389/3951 4347/392/3826 4346/1081/976 4327/624/3949
f 4328/389/3951 4329/949/3953 4348/1358/976 4347/392/3826
f 4329/949/3953 4330/499/977 4349/818/976 4348/1358/976
f 4331/819/978 4332/670/3956 4350/930/976 4349/818/976
f 4332/670/3956 4333/626/3953 4351/468/976 4350/930/976
f 4334/891/3958 4352/394/976 4351/468/976 4333/626/3953
f 4335/672/3960 4353/580/976 4352/394/976 4334/891/3958
f 4185/816/973 4354/1369/976 4353/580/976 4335/672/3960
f 4336/817/975 4355/1594/976 4354/1369/976 4185/816/973
f 4337/630/3962 4356/362/976 4355/1594/976 4336/817/975
f 4337/630/3962 4319/1023/3940 4338/1452/976 4356/362/976
f 4221/822/3891 4222/116/3891 4359/723/3890 4358/820/3890
f 4220/821/980 4357/727/3963 4219/113/3964
f 4222/116/3892 4223/117/3892 4360/895/3892 4359/723/3892
f 4223/117/3965 4224/64/3965 4361/1492/3966 4360/895/3967
f 4224/64/3968 4225/118/3968 4362/676/3969 4361/1492/3969
f 4225/118/3970 4226/119/3970 4363/1040/3971 4362/676/3972
f 4226/119/3973 4227/120/3973 4364/1493/3974 4363/1040/3975
f 4227/120/3976 4228/121/3976 4365/349/3977 4364/1493/3977
f 4391/824/985 4366/76/3978 4365/349/3978 4228/121/986
f 4229/123/3979 4367/857/3979 4366/76/3979 4391/824/3979
f 4211/828/990 4368/633/3980 4367/857/3980 4229/123/991
f 4212/105/3981 4369/724/3981 4368/633/3981 4211/828/3981
f 4213/107/3982 4370/1043/3905 4369/724/3905 4212/105/3982
f 4214/827/3902 4371/745/3902 4370/1043/3902 4213/107/3902
f 4218/112/3899 4373/1495/3898 4372/636/3898 4217/111/3899
f 4371/745/3983 4214/827/988 4215/1712/1037
f 4218/112/3984 4219/113/3984 4357/727/3985 4373/1495/3985
f 4357/727/3963 4220/821/980 4375/487/3895 4374/719/3895
f 4220/821/980 4358/820/979 4376/717/979 4375/487/979
f 4358/820/3890 4359/723/3890 4377/651/3890 4376/717/3890
f 4359/723/3892 4360/895/3892 4163/1708/3892 4377/651/3893
f 4360/895/3967 4361/1492/3966 4164/810/961 4163/1708/3828
f 4361/1492/3969 4362/676/3969 4378/811/962 4164/810/961
f 4362/676/3972 4363/1040/3971 4379/1465/3886 4378/811/3886
f 4363/1040/3975 4364/1493/3974 4167/808/3888 4379/1465/3889
f 4364/1493/3977 4365/349/3977 4380/809/959 4167/808/958
f 4366/76/3978 4381/482/3884 4380/809/3884 4365/349/3978
f 4367/857/3979 4382/1463/3883 4381/482/3883 4366/76/3979
f 4368/633/3980 4383/1464/3882 4382/1463/3882 4367/857/3980
f 4369/724/3981 4384/609/3881 4383/1464/3881 4368/633/3981
f 4370/1043/3905 4385/489/3904 4384/609/3904 4369/724/3905
f 4371/745/3902 4386/1468/3902 4385/489/3903 4370/1043/3902
f 4215/1712/1037 4387/842/1014 4386/1468/1014 4371/745/3983
f 4216/823/982 4388/739/3901 4387/842/3901 4215/1712/1037
f 4372/636/984 4389/653/3900 4388/739/3900 4216/823/982
f 4373/1495/3898 4390/611/3898 4389/653/3898 4372/636/3898
f 4373/1495/3985 4357/727/3985 4374/719/3896 4390/611/3896
f 4228/121/986 4227/120/987 4393/638/987 4392/748/987
f 4227/120/987 4226/119/987 4394/1606/987 4393/638/987
f 4226/119/987 4225/118/3859 4395/955/987 4394/1606/987
f 4225/118/3859 4224/64/989 4396/860/3859 4395/955/987
f 4224/64/989 4223/117/3859 4397/396/3859 4396/860/3859
f 4222/116/989 4398/509/3859 4397/396/3859 4223/117/3859
f 4219/113/3964 4400/512/987 4399/825/987 4220/821/980
f 4398/509/3859 4222/116/989 4221/822/981
f 4218/112/987 4401/679/987 4400/512/987 4219/113/3964
f 4218/112/987 4217/111/983 4402/730/987 4401/679/987
f 4217/111/983 4216/823/982 4403/639/987 4402/730/987
f 4216/823/982 4215/1712/1037 4404/732/987 4403/639/987
f 4212/105/3859 4406/899/987 4405/826/987 4213/107/989
f 4214/827/988 4404/732/987 4215/1712/1037
f 4597/1358/976 4598/1592/976 4408/1713/3986 4634/843/3987
f 4406/899/987 4212/105/3859 4211/828/990
f 4407/829/987 4229/123/991 4391/824/985
f 4596/392/3826 4597/1358/976 4634/843/3987 4409/245/3988
f 4596/392/3826 4409/245/3988 4410/841/3989 4595/1081/3826
f 4595/1081/3826 4410/841/3989 4411/534/976 4594/854/976
f 4594/854/976 4411/534/976 4412/515/976 4432/852/997
f 4432/852/997 4412/515/976 4413/654/976 4593/1364/976
f 4593/1364/976 4413/654/976 4414/248/992 4592/643/976
f 4590/1593/976 4591/1365/976 4416/253/976 4417/251/976
f 4415/830/993 4416/253/976 4591/1365/976
f 4589/1452/976 4590/1593/976 4417/251/976 4418/535/976
f 4606/362/976 4589/1452/976 4418/535/976 4419/485/976
f 4606/362/976 4419/485/976 4420/254/976 4605/1594/976
f 4605/1594/976 4420/254/976 4421/518/976 4604/1369/976
f 4604/1369/976 4421/518/976 4422/578/3990 4603/580/976
f 4603/580/976 4422/578/3990 4423/840/1012 4602/394/976
f 4602/394/976 4423/840/1012 4424/519/1011 4601/468/976
f 4600/930/976 4601/468/976 4424/519/1011 4425/258/976
f 4599/471/976 4600/930/976 4425/258/976 4426/469/3991
f 4598/1592/976 4599/471/976 4426/469/3991 4408/1713/3986
f 4514/1132/3992 4515/804/3993 4430/24/3994 4431/1133/1032
f 4429/1714/3995 4430/24/3994 4515/804/3993
f 4513/260/999 4514/1132/3992 4431/1133/1032 4432/261/997
f 4512/1454/3996 4435/377/3997 4436/523/3998 4511/660/3936
f 4435/377/3997 4512/1454/3996 4434/26/3999
f 4511/660/3936 4436/523/3998 4437/711/4000 4510/617/3927
f 4510/617/3927 4437/711/4000 4438/42/4001 4509/866/4002
f 4509/866/4002 4438/42/4001 4439/31/4003 4508/714/4004
f 4508/714/4004 4439/31/4003 4440/375/4005 4507/1455/4006
f 4507/1455/4006 4440/375/4005 4441/92/4007 4506/936/3847
f 4506/936/3847 4441/92/4007 4442/1114/4008 4505/880/4009
f 4505/880/4009 4442/1114/4008 4443/206/3850 4520/263/1031
f 4520/263/1031 4443/206/3850 4444/409/4010 4519/646/4011
f 4518/1085/3853 4519/646/4011 4444/409/4010 4445/1083/3854
f 4517/34/4012 4518/1085/3853 4445/1083/3854 4446/32/4013
f 4516/1456/996 4517/34/4012 4446/32/4013 4427/1091/994
f 4565/367/4014 4447/216/1022 4448/366/4015 4564/938/4016
f 4564/938/4016 4448/366/4015 4449/215/1000 4563/473/1002
f 4560/940/4017 4561/1457/3880 4453/528/3875 4454/213/4018
f 4450/833/1001 4451/412/1003 4562/835/1005
f 4452/834/1004 4453/528/3875 4561/1457/3880
f 4560/940/4017 4454/213/4018 4455/212/4019 4559/369/4020
f 4559/369/4020 4455/212/4019 4456/368/4017 4558/1013/4021
f 4558/1013/4021 4456/368/4017 4457/474/1019 4557/476/4022
f 4557/476/4022 4457/474/1019 4458/838/964 4556/837/1007
f 4568/1461/4023 4569/1460/4024 4462/532/4025 4463/463/4026
f 4461/1715/4027 4462/532/4025 4569/1460/4024
f 4567/478/1009 4568/1461/4023 4463/463/4026 4464/419/1010
f 4566/480/4028 4466/481/1023 4447/216/1022 4565/367/4014
f 4466/481/1023 4566/480/4028 4465/839/1008
f 4633/1463/3883 4426/469/4029 4425/258/4029 4632/482/3883
f 4426/469/3991 4633/1463/3882 4408/1713/3986
f 4632/482/4030 4425/258/4030 4424/519/4030 4631/809/4030
f 4629/1467/4031 4630/811/4031 4421/518/4031 4420/254/4031
f 4422/578/4032 4421/518/3886 4630/811/3886
f 4628/484/4033 4629/1467/4033 4420/254/4033 4419/485/4033
f 4627/651/3892 4628/484/3892 4419/485/4034 4418/535/4034
f 4626/717/4035 4627/651/4035 4418/535/4036 4417/251/4036
f 4625/487/4037 4626/717/4037 4417/251/979 4416/253/979
f 4624/719/3895 4625/487/3895 4416/253/3895 4415/830/3895
f 4639/611/3896 4624/719/3896 4415/830/993 4414/248/992
f 4639/611/4038 4414/248/4038 4413/654/4038 4638/653/4038
f 4638/653/4039 4413/654/984 4412/515/984 4637/739/4039
f 4637/739/4040 4412/515/4040 4411/534/4040 4636/842/3901
f 4461/688/4027 4488/848/1024 4487/589/3908 4462/591/4041
f 4409/245/3988 4635/489/4042 4410/841/3989
f 4460/959/4043 4489/849/1025 4488/848/1024 4461/688/4027
f 4459/241/1006 4490/265/4004 4489/849/1025 4460/959/4043
f 4456/614/4044 4492/612/1027 4491/845/1020 4457/844/1019
f 4490/265/4004 4459/241/1006 4458/337/964
f 4455/1086/4045 4493/1087/4046 4492/612/1027 4456/614/4044
f 4454/37/4047 4494/35/4048 4493/1087/4046 4455/1086/4045
f 4454/37/4047 4453/1241/4049 4495/599/4050 4494/35/4048
f 4453/1241/4049 4452/914/1004 4496/961/4051 4495/599/4050
f 4452/914/1004 4451/439/1003 4497/1470/3930 4496/961/4051
f 4451/439/1003 4450/742/1001 4498/743/4052 4497/1470/3930
f 4450/742/1001 4449/244/1000 4499/1138/4053 4498/743/4052
f 4449/244/1000 4448/47/4015 4500/318/3829 4499/1138/4053
f 4466/657/1023 4465/38/1008 4502/1716/4054 4501/846/1021
f 4447/1717/1022 4500/318/3829 4448/47/4015
f 4465/38/1008 4464/39/4055 4503/851/1029 4502/1716/4054
f 4463/372/4056 4504/373/1030 4503/851/1029 4464/39/4055
f 4462/591/4041 4487/589/3908 4504/373/1030 4463/372/4056
f 4522/1268/3847 4506/936/3847 4505/880/4009 4521/882/3935
f 4523/1472/1026 4507/1455/4006 4506/936/3847 4522/1268/3847
f 4524/1473/3846 4508/714/4004 4507/1455/4006 4523/1472/1026
f 4525/1474/3926 4509/866/4002 4508/714/4004 4524/1473/3846
f 4526/619/3927 4510/617/3927 4509/866/4002 4525/1474/3926
f 4527/52/1028 4511/660/3936 4510/617/3927 4526/619/3927
f 4528/324/3838 4512/1454/3996 4511/660/3936 4527/52/1028
f 4529/1154/972 4434/26/3999 4512/1454/3996 4528/324/3838
f 4529/1154/972 4530/597/3928 4433/832/998 4434/26/3999
f 4530/597/3928 4531/1309/3913 4513/260/999 4433/832/998
f 4531/1309/3913 4532/1020/3930 4514/1132/3992 4513/260/999
f 4532/1020/3930 4533/1475/3931 4515/804/3993 4514/1132/3992
f 4533/1475/3931 4534/883/3833 4429/1714/3995 4515/804/3993
f 4534/883/3833 4535/1476/3829 4428/520/995 4429/1714/3995
f 4535/1476/3829 4536/55/4057 4516/831/996 4428/520/995
f 4536/1156/4057 4537/664/3918 4517/34/4012 4516/1456/996
f 4537/664/3918 4538/331/3920 4518/1085/3853 4517/34/4012
f 4538/331/3920 4539/879/3933 4519/646/4011 4518/1085/3853
f 4540/277/1031 4520/263/1031 4519/646/4011 4539/879/3933
f 4521/882/3935 4505/880/4009 4520/263/1031 4540/277/1031
f 4488/848/1024 4522/1268/3847 4521/882/3935 4541/963/3849
f 4542/850/1026 4523/1472/1026 4522/1268/3847 4488/848/1024
f 4543/283/3846 4524/1473/3846 4523/1472/1026 4542/850/1026
f 4544/885/3926 4525/1474/3926 4524/1473/3846 4543/283/3846
f 4491/845/1020 4526/619/3927 4525/1474/3926 4544/885/3926
f 4545/328/1028 4527/52/1028 4526/619/3927 4491/845/1020
f 4546/58/3838 4528/324/3838 4527/52/1028 4545/328/1028
f 4547/815/972 4529/1154/972 4528/324/3838 4546/58/3838
f 4547/815/972 4548/596/3928 4530/597/3928 4529/1154/972
f 4548/596/3928 4549/1477/3913 4531/1309/3913 4530/597/3928
f 4549/1477/3913 4550/1478/3930 4532/1020/3930 4531/1309/3913
f 4550/1478/3930 4551/1479/3931 4533/1475/3931 4532/1020/3930
f 4551/1479/3931 4552/1480/3833 4534/883/3833 4533/1475/3931
f 4552/1480/3833 4553/1481/3829 4535/1476/3829 4534/883/3833
f 4553/1481/3829 4554/56/3932 4536/55/4057 4535/1476/3829
f 4554/1161/3932 4501/846/1021 4537/664/3918 4536/1156/4057
f 4501/846/1021 4502/1716/4054 4538/331/3920 4537/664/3918
f 4502/1716/4054 4503/851/1029 4539/879/3933 4538/331/3920
f 4555/598/1031 4540/277/1031 4539/879/3933 4503/851/1029
f 4541/963/3849 4521/882/3935 4540/277/1031 4555/598/1031
f 4490/265/4004 4543/283/3846 4542/850/1026 4489/849/1025
f 4541/963/3849 4487/589/3908 4488/848/1024
f 4458/337/964 4544/885/3926 4543/283/3846 4490/265/4004
f 4493/1087/4046 4546/58/3838 4545/328/1028 4492/612/1027
f 4544/885/3926 4458/337/964 4491/845/1020
f 4494/35/4048 4547/815/972 4546/58/3838 4493/1087/4046
f 4494/35/4048 4495/599/4050 4548/596/3928 4547/815/972
f 4495/599/4050 4496/961/4051 4549/1477/3913 4548/596/3928
f 4496/961/4051 4497/1470/3930 4550/1478/3930 4549/1477/3913
f 4497/1470/3930 4498/743/4052 4551/1479/3931 4550/1478/3930
f 4498/743/4052 4499/1138/4053 4552/1480/3833 4551/1479/3931
f 4499/1138/4053 4500/318/3829 4553/1481/3829 4552/1480/3833
f 4500/318/3829 4447/1717/1022 4554/56/3932 4553/1481/3829
f 4487/589/3908 4541/963/3849 4555/598/1031 4504/373/1030
f 4501/846/1021 4554/1161/3932 4447/847/1022
f 4481/861/1040 4644/860/987 4460/1718/4043 4461/1715/4027
f 4644/860/987 4645/396/987 4459/836/1006 4460/1718/4043
f 4646/509/987 4556/837/1007 4459/836/1006 4645/396/987
f 4647/1110/987 4557/476/4022 4556/837/1007 4646/509/987
f 4648/825/987 4558/1013/4021 4557/476/4022 4647/1110/987
f 4475/862/1041 4559/369/4020 4558/1013/4021 4648/825/987
f 4649/679/987 4560/940/4017 4559/369/4020 4475/862/1041
f 4649/679/987 4650/730/987 4561/1457/3880 4560/940/4017
f 4650/730/987 4472/110/1038 4452/834/1004 4561/1457/3880
f 4472/110/1038 4651/732/987 4562/835/1005 4452/834/1004
f 4651/732/987 4652/640/3859 4450/833/1001 4562/835/1005
f 4652/640/3859 4653/826/3859 4563/473/1002 4450/833/1001
f 4654/899/987 4564/938/4016 4563/473/1002 4653/826/3859
f 4655/750/987 4565/367/4014 4564/938/4016 4654/899/987
f 4486/856/1035 4566/480/4028 4565/367/4014 4655/750/987
f 4640/514/987 4465/839/1008 4566/480/4028 4486/856/1035
f 4641/748/987 4567/478/1009 4465/839/1008 4640/514/987
f 4641/748/987 4642/638/987 4568/1461/4023 4567/478/1009
f 4642/638/987 4643/1606/987 4569/1460/4024 4568/1461/4023
f 4643/1606/987 4481/861/1040 4461/1715/4027 4569/1460/4024
f 4438/391/4058 4437/103/4059 4571/495/4060 4570/1023/4061
f 4437/103/4059 4436/71/4062 4572/388/3939 4571/495/4060
f 4436/71/4062 4435/83/3997 4573/496/4063 4572/388/3939
f 4435/83/3997 4434/250/3999 4574/504/4064 4573/496/4063
f 4433/516/998 4575/952/4065 4574/504/4064 4434/250/3999
f 4430/5/4066 4577/624/4067 4576/853/1033 4431/73/1032
f 4575/952/4065 4433/516/998 4432/852/997
f 4429/293/3995 4578/389/4068 4577/624/4067 4430/5/4066
f 4429/293/3995 4428/948/995 4579/949/4069 4578/389/4068
f 4428/948/995 4427/420/994 4580/499/4070 4579/949/4069
f 4427/420/994 4446/89/4071 4581/819/4072 4580/499/4070
f 4446/89/4071 4445/90/4072 4582/670/4073 4581/819/4072
f 4445/90/4072 4444/91/4074 4583/626/4075 4582/670/4073
f 4443/395/3827 4584/891/976 4583/626/4075 4444/91/4074
f 4442/17/4076 4585/672/4077 4584/891/976 4443/395/3827
f 4441/86/3953 4586/501/3827 4585/672/4077 4442/17/4076
f 4440/87/4078 4587/817/4079 4586/501/3827 4441/86/3953
f 4439/629/3949 4588/630/3952 4587/817/4079 4440/87/4078
f 4439/629/3949 4438/391/4058 4570/1023/4061 4588/630/3952
f 4570/1023/4061 4571/495/4060 4590/1593/976 4589/1452/976
f 4571/495/4060 4572/388/3939 4591/1365/976 4590/1593/976
f 4572/388/3939 4573/496/4063 4415/830/993 4591/1365/976
f 4573/496/4063 4574/504/4064 4592/643/976 4415/830/993
f 4575/952/4065 4593/1364/976 4592/643/976 4574/504/4064
f 4577/624/4067 4595/1081/3826 4594/854/976 4576/853/1033
f 4593/1364/976 4575/952/4065 4432/852/997
f 4578/389/4068 4596/392/3826 4595/1081/3826 4577/624/4067
f 4578/389/4068 4579/949/4069 4597/1358/976 4596/392/3826
f 4579/949/4069 4580/499/4070 4598/1592/976 4597/1358/976
f 4580/499/4070 4581/819/4072 4599/471/976 4598/1592/976
f 4581/819/4072 4582/670/4073 4600/930/976 4599/471/976
f 4582/670/4073 4583/626/4075 4601/468/976 4600/930/976
f 4584/891/976 4602/394/976 4601/468/976 4583/626/4075
f 4585/672/4077 4603/580/976 4602/394/976 4584/891/976
f 4586/501/3827 4604/1369/976 4603/580/976 4585/672/4077
f 4587/817/4079 4605/1594/976 4604/1369/976 4586/501/3827
f 4588/630/3952 4606/362/976 4605/1594/976 4587/817/4079
f 4588/630/3952 4570/1023/4061 4589/1452/976 4606/362/976
f 4475/862/3895 4476/114/3895 4608/74/3895 4607/727/3895
f 4476/114/4080 4477/115/4080 4609/820/979 4608/74/979
f 4477/115/4081 4478/116/4081 4610/723/3891 4609/820/3890
f 4478/116/4082 4479/117/4082 4611/895/3892 4610/723/3892
f 4479/117/4033 4480/64/4033 4612/1492/4033 4611/895/4033
f 4480/64/3969 4481/861/3969 4613/676/962 4612/1492/962
f 4481/861/1040 4482/119/4083 4614/1040/3887 4613/676/3887
f 4482/119/3974 4483/120/3974 4615/1493/3975 4614/1040/3975
f 4483/120/4084 4484/121/4084 4616/349/4085 4615/1493/4085
f 4467/104/4086 4618/633/4087 4617/857/4088 4486/856/4086
f 4616/349/3885 4484/121/4089 4485/855/4030
f 4468/105/4090 4619/724/4091 4618/633/4091 4467/104/4090
f 4469/107/3982 4620/1043/3905 4619/724/3905 4468/105/3982
f 4473/111/4092 4622/636/4093 4621/859/4093 4472/110/1038
f 4620/1043/4094 4469/107/4095 4470/1719/3902
f 4474/112/4096 4623/1495/4097 4622/636/4097 4473/111/4096
f 4474/112/1042 4475/862/1041 4607/727/3896 4623/1495/3896
f 4607/727/3895 4608/74/3895 4625/487/3895 4624/719/3895
f 4608/74/979 4609/820/979 4626/717/4037 4625/487/4037
f 4609/820/3890 4610/723/3891 4627/651/4035 4626/717/4035
f 4610/723/3892 4611/895/3892 4628/484/3892 4627/651/3892
f 4611/895/4033 4612/1492/4033 4629/1467/4033 4628/484/4033
f 4612/1492/962 4613/676/962 4630/811/4031 4629/1467/4031
f 4613/676/3887 4614/1040/3887 4422/578/4032 4630/811/3886
f 4614/1040/3975 4615/1493/3975 4423/840/1012 4422/578/3990
f 4615/1493/4085 4616/349/4085 4631/809/1013 4423/840/1012
f 4485/855/4030 4632/482/4030 4631/809/4030 4616/349/3885
f 4617/857/1036 4633/1463/3883 4632/482/3883 4485/855/1034
f 4618/633/4087 4408/1713/3986 4633/1463/3882 4617/857/4088
f 4619/724/4091 4634/843/3987 4408/1713/3986 4618/633/4091
f 4620/1043/3905 4635/489/1017 4634/843/1016 4619/724/3905
f 4470/1719/3902 4410/841/3989 4635/489/4042 4620/1043/4094
f 4471/858/1037 4636/842/1015 4410/841/1014 4470/1719/4098
f 4621/859/1039 4637/739/4040 4636/842/3901 4471/858/1037
f 4622/636/4093 4638/653/4039 4637/739/4039 4621/859/4093
f 4623/1495/4097 4639/611/4038 4638/653/4038 4622/636/4097
f 4623/1495/3896 4607/727/3896 4624/719/3896 4639/611/3896
f 4484/121/4099 4641/748/987 4640/514/987 4485/855/1034
f 4484/121/4099 4483/120/987 4642/638/987 4641/748/987
f 4483/120/987 4482/119/4083 4643/1606/987 4642/638/987
f 4480/64/987 4479/117/987 4645/396/987 4644/860/987
f 4481/861/1040 4643/1606/987 4482/119/4083
f 4478/116/3859 4646/509/987 4645/396/987 4479/117/987
f 4477/115/987 4647/1110/987 4646/509/987 4478/116/3859
f 4476/114/987 4648/825/987 4647/1110/987 4477/115/987
f 4474/112/1042 4473/111/4092 4650/730/987 4649/679/987
f 4648/825/987 4476/114/987 4475/862/1041
f 4471/858/1037 4470/1719/4098 4652/640/3859 4651/732/987
f 4472/110/1038 4650/730/987 4473/111/4092
f 4470/1719/4098 4469/107/989 4653/826/3859 4652/640/3859
f 4468/105/3859 4654/899/987 4653/826/3859 4469/107/989
f 4467/104/987 4655/750/987 4654/899/987 4468/105/3859
f 4844/1358/4100 4845/1592/4101 4656/870/1062 4657/247/1061
f 4655/750/987 4467/104/987 4486/856/1035
f 4844/1358/4100 4657/247/1061 4658/245/4101 4843/392/4100
f 4843/392/4100 4658/245/4101 4659/464/4101 4842/1081/4101
f 4842/1081/4101 4659/464/4101 4660/534/4102 4841/854/4101
f 4841/854/4101 4660/534/4102 4661/872/1066 4840/1451/4101
f 4840/1451/4101 4661/872/1066 4662/654/1065 4839/1364/4101
f 4838/643/4101 4839/1364/4101 4662/654/1065 4663/1720/4103
f 4837/359/4101 4838/643/4101 4663/1720/4103 4664/1721/4104
f 4836/1365/4101 4837/359/4101 4664/1721/4104 4665/871/4105
f 4835/1593/4101 4836/1365/4101 4665/871/4105 4666/251/4101
f 4834/1452/4101 4835/1593/4101 4666/251/4101 4667/535/4101
f 4834/1452/4101 4667/535/4101 4668/485/4102 4853/362/4106
f 4853/362/4106 4668/485/4102 4669/254/4101 4852/1594/4106
f 4852/1594/4106 4669/254/4101 4670/518/4101 4851/1369/4106
f 4851/1369/4106 4670/518/4101 4671/578/4101 4850/580/4101
f 4850/580/4101 4671/578/4101 4672/536/4101 4849/394/4102
f 4848/468/4106 4849/394/4102 4672/536/4101 4673/519/4106
f 4847/930/4106 4848/468/4106 4673/519/4106 4674/258/4101
f 4846/471/4101 4847/930/4106 4674/258/4101 4675/1722/4107
f 4845/1592/4101 4846/471/4101 4675/1722/4107 4656/870/1062
f 4761/831/4108 4676/754/4109 4677/520/4110 4760/1453/4111
f 4760/1453/4111 4677/520/4110 4678/23/4112 4759/582/4113
f 4759/582/4113 4678/23/4112 4679/24/1045 4758/804/1044
f 4755/1454/4114 4756/28/4115 4683/26/4116 4684/377/4117
f 4681/261/1048 4757/260/1047 4680/863/1043
f 4682/864/1046 4683/26/4116 4756/28/4115
f 4754/660/4118 4755/1454/4114 4684/377/4117 4685/523/4119
f 4753/617/4120 4754/660/4118 4685/523/4119 4686/711/4121
f 4752/866/1051 4753/617/4120 4686/711/4121 4687/42/1049
f 4750/936/1084 4751/1455/4122 4689/375/4123 4690/92/4124
f 4688/865/1050 4689/375/4123 4751/1455/4122
f 4749/880/1078 4750/936/1084 4690/92/4124 4691/1114/4125
f 4782/881/1079 4749/880/1078 4691/1114/4125 4692/206/4126
f 4782/881/1079 4692/206/4126 4693/409/1093 4763/646/1077
f 4763/646/1077 4693/409/1093 4694/1083/4127 4780/878/1076
f 4780/878/1076 4694/1083/4127 4695/32/4128 4762/34/4129
f 4762/34/4129 4695/32/4128 4676/1091/4109 4761/1456/4108
f 4811/367/4130 4696/216/1088 4697/366/4131 4810/938/4132
f 4809/473/4133 4810/938/4132 4697/366/4131 4698/215/1069
f 4808/1596/4134 4809/473/4133 4698/215/1069 4699/414/1068
f 4807/835/1054 4808/1596/4134 4699/414/1068 4700/412/1052
f 4806/1457/4135 4702/528/4136 4703/213/4137 4805/940/4138
f 4701/867/1053 4702/528/4136 4806/1457/4135
f 4805/940/4138 4703/213/4137 4704/212/4139 4804/369/4140
f 4804/369/4140 4704/212/4139 4705/368/4141 4803/1013/4142
f 4803/1013/4142 4705/368/4141 4706/474/1057 4802/476/1056
f 4800/1101/4143 4801/370/4144 4708/96/4145 4709/97/4146
f 4707/868/1055 4708/96/4145 4801/370/4144
f 4799/588/4147 4800/1101/4143 4709/97/4146 4710/415/4148
f 4814/1460/4149 4799/588/4147 4710/415/4148 4711/532/4150
f 4813/1461/4151 4814/1460/4149 4711/532/4150 4712/463/4152
f 4813/1461/4151 4712/463/4152 4713/419/1060 4812/478/1059
f 4877/809/4153 4878/482/4153 4674/258/4153 4673/519/4153
f 4696/216/1088 4811/367/4130 4715/1723/1071
f 4675/1722/4154 4674/258/4155 4878/482/4154
f 4876/1466/4156 4877/809/4156 4673/519/4157 4672/536/4157
f 4876/1466/4158 4672/536/4158 4671/578/4158 4875/1465/4158
f 4875/1465/4159 4671/578/4160 4670/518/4160 4874/811/4161
f 4874/811/1103 4670/518/1103 4669/254/1103 4873/1467/1103
f 4873/1467/4162 4669/254/4163 4668/485/4163 4872/484/4162
f 4872/484/4164 4668/485/4164 4667/535/4164 4871/651/4164
f 4871/651/4165 4667/535/4166 4666/251/4166 4870/717/4165
f 4881/1468/4167 4882/842/4167 4660/534/4168 4659/464/4168
f 4662/654/1065 4883/653/4169 4663/1720/4103
f 4661/872/1105 4660/534/4170 4882/842/1105
f 4880/489/4171 4881/1468/4171 4659/464/4172 4658/245/4172
f 4879/609/4173 4880/489/4174 4658/245/4173 4657/247/4173
f 4711/591/1075 4710/688/4175 4735/884/1084 4783/876/1073
f 4710/688/4175 4709/959/4176 4736/849/4177 4735/884/1084
f 4709/959/4176 4708/241/4178 4737/886/1085 4736/849/4177
f 4708/241/4178 4707/337/4179 4738/490/1086 4737/886/1085
f 4707/337/4179 4706/844/4180 4739/1469/4181 4738/490/1086
f 4706/844/4180 4705/614/4182 4740/612/4183 4739/1469/4181
f 4705/614/4182 4704/1086/4184 4741/1087/4185 4740/612/4183
f 4704/1086/4184 4703/37/4186 4742/35/4187 4741/1087/4185
f 4703/37/4186 4702/1241/4188 4743/599/4189 4742/35/4187
f 4701/914/1053 4744/961/4190 4743/599/4189 4702/1241/4188
f 4697/47/4191 4746/887/1087 4745/874/1070 4698/244/1069
f 4744/961/4190 4701/914/1053 4700/1724/1052
f 4713/39/4192 4748/889/1090 4747/875/1072 4714/38/1058
f 4746/887/1087 4697/47/4191 4696/888/1088
f 4764/882/1080 4765/1268/1083 4750/936/1084 4749/880/1078
f 4748/889/1090 4713/39/4192 4712/877/1074
f 4765/1268/1083 4766/1472/4193 4751/1455/4122 4750/936/1084
f 4766/1472/4193 4767/1473/4194 4688/865/1050 4751/1455/4122
f 4767/1473/4194 4768/1474/4195 4752/866/1051 4688/865/1050
f 4768/1474/4195 4769/619/4181 4753/617/4120 4752/866/1051
f 4769/619/4181 4770/52/4196 4754/660/4118 4753/617/4120
f 4770/52/4196 4771/324/4197 4755/1454/4114 4754/660/4118
f 4771/324/4197 4772/1154/4198 4756/28/4115 4755/1454/4114
f 4772/1154/4198 4773/597/4199 4682/864/1046 4756/28/4115
f 4774/1309/1047 4757/260/1047 4682/864/1046 4773/597/4199
f 4775/1020/4200 4680/863/1043 4757/260/1047 4774/1309/1047
f 4794/275/1081 4758/804/1044 4680/863/1043 4775/1020/4200
f 4776/883/1082 4759/582/4113 4758/804/1044 4794/275/1081
f 4777/1476/4201 4760/1453/4111 4759/582/4113 4776/883/1082
f 4778/55/1089 4761/831/4108 4760/1453/4111 4777/1476/4201
f 4779/664/4129 4762/34/4129 4761/1456/4108 4778/1156/1089
f 4783/876/1073 4784/280/1083 4765/1268/1083 4764/882/1080
f 4762/34/4129 4779/664/4129 4780/878/1076
f 4763/646/1077 4781/879/1077 4782/881/1079
f 4784/280/1083 4785/850/4193 4766/1472/4193 4765/1268/1083
f 4785/850/4193 4737/886/1085 4767/1473/4194 4766/1472/4193
f 4737/886/1085 4786/885/1051 4768/1474/4195 4767/1473/4194
f 4786/885/1051 4787/1282/4181 4769/619/4181 4768/1474/4195
f 4787/1282/4181 4788/328/4196 4770/52/4196 4769/619/4181
f 4788/328/4196 4789/58/4185 4771/324/4197 4770/52/4196
f 4789/58/4185 4790/815/4198 4772/1154/4198 4771/324/4197
f 4790/815/4198 4791/596/4199 4773/597/4199 4772/1154/4198
f 4792/1477/1047 4774/1309/1047 4773/597/4199 4791/596/4199
f 4793/1478/4200 4775/1020/4200 4774/1309/1047 4792/1477/1047
f 4746/887/1087 4777/1476/4201 4776/883/1082 4745/874/1070
f 4775/1020/4200 4793/1478/4200 4794/275/1081
f 4795/56/1089 4778/55/1089 4777/1476/4201 4746/887/1087
f 4796/1035/4129 4779/664/4129 4778/1156/1089 4795/1161/1089
f 4797/60/4202 4780/878/1076 4779/664/4129 4796/1035/4129
f 4748/889/1090 4781/879/1077 4780/878/1076 4797/60/4202
f 4798/598/1091 4782/881/1079 4781/879/1077 4748/889/1090
f 4798/598/1091 4783/876/1073 4764/882/1080 4782/881/1079
f 4735/884/1084 4736/849/4177 4785/850/4193 4784/280/1083
f 4738/490/1086 4739/1469/4181 4787/1282/4181 4786/885/1051
f 4737/886/1085 4785/850/4193 4736/849/4177
f 4739/1469/4181 4740/612/4183 4788/328/4196 4787/1282/4181
f 4740/612/4183 4741/1087/4185 4789/58/4185 4788/328/4196
f 4741/1087/4185 4742/35/4187 4790/815/4198 4789/58/4185
f 4742/35/4187 4743/599/4189 4791/596/4199 4790/815/4198
f 4744/961/4190 4792/1477/1047 4791/596/4199 4743/599/4189
f 4700/1724/1052 4793/1478/4200 4792/1477/1047 4744/961/4190
f 4699/873/1068 4794/275/1081 4793/1478/4200 4700/1724/1052
f 4715/657/1071 4796/1035/4129 4795/1161/1089 4696/1725/1088
f 4794/275/1081 4699/873/1068 4745/874/1070
f 4747/875/1072 4797/60/4202 4796/1035/4129 4715/657/1071
f 4729/861/1102 4728/896/1101 4800/1101/4143 4799/588/4147
f 4797/60/4202 4747/875/1072 4748/889/1090
f 4783/876/1073 4798/598/1091 4712/877/1074
f 4728/896/1101 4887/396/1107 4801/370/4144 4800/1101/4143
f 4887/396/1107 4888/509/1107 4707/868/1055 4801/370/4144
f 4889/1110/1055 4802/476/1056 4707/868/1055 4888/509/1107
f 4890/825/1055 4803/1013/4142 4802/476/1056 4889/1110/1055
f 4891/512/1055 4804/369/4140 4803/1013/4142 4890/825/1055
f 4892/679/1055 4805/940/4138 4804/369/4140 4891/512/1055
f 4893/730/1055 4806/1457/4135 4805/940/4138 4892/679/1055
f 4893/730/1055 4721/898/1108 4701/867/1053 4806/1457/4135
f 4721/898/1108 4894/732/1055 4807/835/1054 4701/867/1053
f 4894/732/1055 4895/640/1055 4808/1596/4134 4807/835/1054
f 4895/640/1055 4718/900/1110 4809/473/4133 4808/1596/4134
f 4718/900/1110 4896/899/1055 4810/938/4132 4809/473/4133
f 4716/1726/4203 4811/367/4130 4810/938/4132 4896/899/1055
f 4734/901/1112 4715/1723/1071 4811/367/4130 4716/1726/4203
f 4884/890/1055 4714/869/1058 4715/1723/1071 4734/901/1112
f 4885/638/1055 4813/1461/4151 4812/478/1059 4884/890/1055
f 4885/638/1055 4886/1606/1055 4814/1460/4149 4813/1461/4151
f 4886/1606/1055 4729/861/1102 4799/588/4147 4814/1460/4149
f 4687/391/1049 4686/103/4204 4816/495/4205 4815/1023/4206
f 4686/103/4204 4685/71/4207 4817/388/4208 4816/495/4205
f 4685/71/4207 4684/83/4209 4818/496/4210 4817/388/4208
f 4684/83/4209 4683/250/4211 4819/504/4212 4818/496/4210
f 4683/250/4211 4682/516/4213 4820/952/4214 4819/504/4212
f 4681/400/1048 4821/668/4215 4820/952/4214 4682/516/4213
f 4680/73/1043 4822/853/4215 4821/668/4215 4681/400/1048
f 4679/5/4210 4823/624/4212 4822/853/4215 4680/73/1043
f 4678/293/4214 4824/389/4101 4823/624/4212 4679/5/4210
f 4677/948/4216 4825/949/4217 4824/389/4101 4678/293/4214
f 4677/948/4216 4676/420/4218 4826/499/4219 4825/949/4217
f 4676/420/4218 4695/89/4220 4827/819/4221 4826/499/4219
f 4695/89/4220 4694/90/4127 4828/670/4221 4827/819/4221
f 4691/17/4222 4830/672/4223 4829/891/1092 4692/395/1094
f 4693/892/1093 4828/670/4221 4694/90/4127
f 4690/86/4224 4831/501/4225 4830/672/4223 4691/17/4222
f 4689/87/4226 4832/817/4227 4831/501/4225 4690/86/4224
f 4688/629/1050 4833/630/4215 4832/817/4227 4689/87/4226
f 4687/391/1049 4815/1023/4206 4833/630/4215 4688/629/1050
f 4815/1023/4206 4816/495/4205 4835/1593/4101 4834/1452/4101
f 4816/495/4205 4817/388/4208 4836/1365/4101 4835/1593/4101
f 4817/388/4208 4818/496/4210 4837/359/4101 4836/1365/4101
f 4818/496/4210 4819/504/4212 4838/643/4101 4837/359/4101
f 4819/504/4212 4820/952/4214 4839/1364/4101 4838/643/4101
f 4821/668/4215 4840/1451/4101 4839/1364/4101 4820/952/4214
f 4822/853/4215 4841/854/4101 4840/1451/4101 4821/668/4215
f 4823/624/4212 4842/1081/4101 4841/854/4101 4822/853/4215
f 4824/389/4101 4843/392/4100 4842/1081/4101 4823/624/4212
f 4825/949/4217 4844/1358/4100 4843/392/4100 4824/389/4101
f 4825/949/4217 4826/499/4219 4845/1592/4101 4844/1358/4100
f 4826/499/4219 4827/819/4221 4846/471/4101 4845/1592/4101
f 4827/819/4221 4828/670/4221 4847/930/4106 4846/471/4101
f 4828/670/4221 4693/892/1093 4848/468/4106 4847/930/4106
f 4693/892/1093 4829/891/1092 4849/394/4102 4848/468/4106
f 4830/672/4223 4850/580/4101 4849/394/4102 4829/891/1092
f 4831/501/4225 4851/1369/4106 4850/580/4101 4830/672/4223
f 4832/817/4227 4852/1594/4106 4851/1369/4106 4831/501/4225
f 4833/630/4215 4853/362/4106 4852/1594/4106 4832/817/4227
f 4815/1023/4206 4834/1452/4101 4853/362/4106 4833/630/4215
f 4730/119/4228 4858/1040/4229 4857/676/4229 4729/861/1102
f 4855/74/4230 4724/114/4231 4725/115/1064
f 4856/895/4232 4727/117/4233 4728/896/4162
f 4731/120/4234 4859/1493/4235 4858/1040/4235 4730/119/4234
f 4731/120/4236 4732/121/4236 4860/349/4237 4859/1493/4238
f 4732/121/4239 4733/122/4239 4861/76/4240 4860/349/4240
f 4733/122/1113 4734/901/1112 4862/857/4241 4861/76/4241
f 4734/901/1112 4716/1726/4203 4863/633/4242 4862/857/4243
f 4716/1726/4244 4717/105/4244 4864/724/4245 4863/633/4245
f 4717/105/4246 4718/900/4246 4865/1043/4173 4864/724/4173
f 4718/900/1110 4719/108/4247 4866/745/4248 4865/1043/4248
f 4721/898/1108 4722/111/4249 4868/636/4250 4867/859/4250
f 4720/897/1109 4866/745/4167 4719/108/4247
f 4723/112/4251 4869/1495/4252 4868/636/4253 4722/111/4251
f 4855/74/1097 4665/871/4105 4664/1721/4104 4854/893/1095
f 4869/1495/4254 4723/112/4255 4854/893/4256
f 4725/115/1064 4870/717/1064 4665/871/1064 4855/74/4230
f 4726/894/1098 4871/651/4165 4870/717/4165 4725/115/4257
f 4856/895/1100 4872/484/4164 4871/651/4164 4726/894/1098
f 4728/896/4162 4873/1467/4162 4872/484/4162 4856/895/4232
f 4857/676/1103 4874/811/1103 4873/1467/1103 4728/896/1101
f 4858/1040/4229 4875/1465/4159 4874/811/4161 4857/676/4229
f 4859/1493/4235 4876/1466/4158 4875/1465/4158 4858/1040/4235
f 4859/1493/4238 4860/349/4237 4877/809/4156 4876/1466/4156
f 4860/349/4240 4861/76/4240 4878/482/4153 4877/809/4153
f 4861/76/4241 4862/857/4241 4675/1722/4154 4878/482/4154
f 4862/857/4243 4863/633/4242 4656/870/1062 4675/1722/4107
f 4863/633/4245 4864/724/4245 4879/609/1063 4656/870/1062
f 4864/724/4173 4865/1043/4173 4880/489/4174 4879/609/4173
f 4865/1043/4248 4866/745/4248 4881/1468/4171 4880/489/4171
f 4866/745/4167 4720/897/1109 4882/842/4167 4881/1468/4167
f 4720/897/1105 4867/859/1104 4661/872/1105 4882/842/1105
f 4867/859/4250 4868/636/4250 4883/653/1067 4661/872/1066
f 4869/1495/4252 4663/1720/4103 4883/653/4169 4868/636/4253
f 4854/893/4256 4664/1721/4104 4663/1720/4103 4869/1495/4254
f 4731/120/4258 4885/638/1055 4884/890/1055 4732/121/1054
f 4884/890/1055 4733/122/1113 4732/121/1054
f 4731/120/4258 4730/119/4228 4886/1606/1055 4885/638/1055
f 4727/117/1099 4726/894/1098 4888/509/1107 4887/396/1107
f 4729/861/1102 4886/1606/1055 4730/119/4228
f 4725/115/4257 4889/1110/1055 4888/509/1107 4726/894/1098
f 4724/114/1096 4890/825/1055 4889/1110/1055 4725/115/4257
f 4854/893/1095 4891/512/1055 4890/825/1055 4724/114/1096
f 4723/112/1055 4892/679/1055 4891/512/1055 4854/893/1095
f 4722/111/4249 4893/730/1055 4892/679/1055 4723/112/1055
f 4720/897/1109 4719/108/4247 4895/640/1055 4894/732/1055
f 4721/898/1108 4893/730/1055 4722/111/4249
f 4917/420/809 4897/533/804 4898/247/804 4918/948/811
f 4718/900/1110 4895/640/1055 4719/108/4247
f 4896/899/1055 4717/105/1111 4716/1726/4203
f 4918/948/811 4898/247/804 4899/245/804 4919/293/804
f 4920/5/804 4919/293/804 4899/245/804 4900/464/804
f 4921/73/804 4920/5/804 4900/464/804 4901/534/804
f 4922/400/804 4921/73/804 4901/534/804 4902/515/804
f 4923/516/1117 4922/400/804 4902/515/804 4903/654/804
f 4924/250/922 4923/516/1117 4903/654/804 4904/248/804
f 4924/250/922 4904/248/804 4905/517/804 4925/83/804
f 4925/83/804 4905/517/804 4906/253/804 4926/71/804
f 4926/71/804 4906/253/804 4907/251/804 4927/103/804
f 4927/103/804 4907/251/804 4908/535/804 4928/391/804
f 4928/391/804 4908/535/804 4909/485/804 4929/629/804
f 4931/17/804 4930/86/4259 4911/518/804 4912/578/804
f 4910/902/1114 4911/518/804 4930/86/4259
f 4932/395/804 4931/17/804 4912/578/804 4913/536/804
f 4933/90/1120 4915/258/804 4916/469/804 4934/89/804
f 4915/258/804 4933/90/1120 4914/91/1115
f 4934/89/804 4916/469/804 4897/533/804 4917/420/809
f 5044/1616/929 4919/23/3477 4920/24/4260 5043/1617/944
f 4918/903/811 4919/23/3477 5044/1616/929
f 5043/1617/944 4920/24/4260 4921/1133/1664 5042/1417/1663
f 5042/1417/1663 4921/1133/1664 4922/261/1119 5041/406/1118
f 5040/1125/1149 4924/26/922 4925/377/4261 5039/703/3372
f 4924/26/922 5040/1125/1149 4923/905/1117
f 5039/703/3372 4925/377/4261 4926/523/4262 5038/1727/3648
f 5038/1727/3648 4926/523/4262 4927/711/3465 5037/1619/3374
f 5037/1619/3374 4927/711/3465 4928/42/815 5036/682/3645
f 5036/682/3645 4928/42/815 4929/31/813 5035/1728/3643
f 5034/1620/3640 5035/1728/3643 4929/31/813 4910/375/1114
f 5033/408/3375 5034/1620/3640 4910/375/1114 4930/92/4259
f 5032/1116/1153 5033/408/3375 4930/92/4259 4931/1114/4263
f 5031/451/3663 5032/1116/1153 4931/1114/4263 4932/206/3488
f 5030/907/930 5031/451/3663 4932/206/3488 4914/409/1115
f 5045/1623/1116 5046/1622/1158 4934/32/3483 4917/1091/809
f 4933/906/1120 4934/32/3483 5046/1622/1158
f 5093/1624/820 5094/1625/820 4935/216/820 4936/366/820
f 5092/1626/820 5093/1624/820 4936/366/820 4937/215/820
f 5092/1626/820 4937/215/820 4938/414/820 5091/1627/820
f 5091/1627/820 4938/414/820 4939/412/820 5090/1628/820
f 5090/1628/820 4939/412/820 4940/68/1151 5089/1629/820
f 5089/1629/820 4940/68/1151 4941/528/1150 5088/1630/820
f 5088/1630/820 4941/528/1150 4942/213/1148 5087/1631/820
f 5086/462/820 5087/1631/820 4942/213/1148 4943/212/1147
f 5085/1632/820 5086/462/820 4943/212/1147 4944/368/820
f 5084/684/820 5085/1632/820 4944/368/820 4945/474/1121
f 5083/1634/820 4947/96/820 4948/97/820 5082/1633/820
f 4946/908/1122 4947/96/820 5083/1634/820
f 5082/1633/820 4948/97/820 4949/415/820 5081/1635/820
f 5081/1635/820 4949/415/820 4950/532/1145 5099/1636/820
f 5099/1636/820 4950/532/1145 4951/463/4264 5098/1637/820
f 5098/1637/820 4951/463/4264 4952/419/820 5097/1638/820
f 5096/1639/820 5097/1638/820 4952/419/820 4953/417/820
f 5095/1117/820 5096/1639/820 4953/417/820 4954/481/820
f 5094/1625/820 5095/1117/820 4954/481/820 4935/216/820
f 4953/38/4265 4952/39/4266 4978/1729/930 4977/1641/4267
f 4952/39/4266 4951/372/4264 4979/687/3663 4978/1729/930
f 4949/688/1146 4948/959/4268 4981/1640/4269 4980/689/1144
f 4950/591/1145 4979/687/3663 4951/372/4264
f 4948/959/4268 4947/241/4270 4982/1642/4271 4981/1640/4269
f 4946/337/1122 4983/1050/3645 4982/1642/4271 4947/241/4270
f 4945/844/1121 4984/1643/3374 4983/1050/3645 4946/337/1122
f 4944/614/4272 4985/1730/4273 4984/1643/3374 4945/844/1121
f 4939/439/4274 4988/1731/1663 4987/915/1152 4940/914/1151
f 4985/1730/4273 4944/614/4272 4943/911/1147
f 4986/912/1149 4942/37/1148 4941/913/1150
f 4938/742/4275 4989/921/1159 4988/1731/1663 4939/439/4274
f 4937/244/3476 4990/922/1160 4989/921/1159 4938/742/4275
f 4937/244/3476 4936/47/4276 4991/1130/4277 4990/922/1160
f 4936/47/4276 4935/59/4278 4992/1732/812 4991/1130/4277
f 4935/1162/4278 4954/657/4279 4993/708/4280 4992/1733/812
f 4954/657/4279 4953/38/4265 4977/1641/4267 4993/708/4280
f 5013/1734/3753 5014/1122/4281 4995/1735/930 4994/1736/931
f 5016/442/1153 5017/1420/3375 4997/452/3375 4996/916/1153
f 5015/917/818 4995/1735/930 5014/1122/4281
f 5017/1420/3375 5018/1421/4282 4998/1422/3640 4997/452/3375
f 5018/1421/4282 5019/1650/4283 4999/1423/3643 4998/1422/3640
f 5020/448/3645 5000/1424/3645 4999/1423/3643 5019/1650/4283
f 5021/1737/3746 5001/1426/3374 5000/1424/3645 5020/448/3645
f 5022/1738/3373 5002/1739/3648 5001/1426/3374 5021/1737/3746
f 5057/1740/4284 5003/702/3372 5002/1739/3648 5022/1738/3373
f 5058/918/1154 5004/1121/1149 5003/702/3372 5057/1740/4284
f 5023/701/1156 5005/445/1155 5004/1121/1149 5058/918/1154
f 5024/1651/1118 5006/1428/3769 5005/445/1155 5023/701/1156
f 5025/1652/1663 5007/1430/1663 5006/1428/3769 5024/1651/1118
f 5026/450/944 5008/1431/944 5007/1430/1663 5025/1652/1663
f 5027/1052/4285 5009/1432/929 5008/1431/944 5026/450/944
f 5027/1052/4285 5028/1433/4286 5010/1434/3657 5009/1432/929
f 5028/1433/4286 5062/1741/1116 5011/1654/1116 5010/1434/3657
f 5062/920/1116 5029/919/1157 5012/1656/1157 5011/1657/1116
f 5029/919/1157 5013/1734/3753 4994/1736/931 5012/1656/1157
f 5047/1742/931 5048/1743/930 5014/1122/4281 5013/1734/3753
f 5048/1743/930 5049/696/4287 5015/917/818 5014/1122/4281
f 5049/696/4287 5050/453/1153 5016/442/1153 5015/917/818
f 5050/453/1153 5051/1436/4288 5017/1420/3375 5016/442/1153
f 5051/1436/4288 5052/1437/4289 5018/1421/4282 5017/1420/3375
f 5052/1437/4289 5053/1659/4283 5019/1650/4283 5018/1421/4282
f 5054/447/4290 5020/448/3645 5019/1650/4283 5053/1659/4283
f 5055/698/3746 5021/1737/3746 5020/448/3645 5054/447/4290
f 5056/1744/3747 5022/1738/3373 5021/1737/3746 5055/698/3746
f 4987/915/1152 5024/1651/1118 5023/701/1156 5059/700/1155
f 5022/1738/3373 5056/1744/3747 5057/1740/4284
f 4988/1731/1663 5025/1652/1663 5024/1651/1118 4987/915/1152
f 4989/921/1159 5026/450/944 5025/1652/1663 4988/1731/1663
f 5060/923/929 5027/1052/4285 5026/450/944 4989/921/1159
f 5060/923/929 5061/1128/3657 5028/1433/4286 5027/1052/4285
f 5063/706/1158 5047/1742/931 5013/1734/3753 5029/919/1157
f 5062/1741/1116 5028/1433/4286 5061/1128/3657
f 4994/1736/931 4995/1735/930 5030/907/930 4933/906/1120
f 4995/1735/930 5015/917/818 5031/451/3663 5030/907/930
f 5015/917/818 4996/916/1153 5032/1116/1153 5031/451/3663
f 4996/916/1153 4997/452/3375 5033/408/3375 5032/1116/1153
f 4997/452/3375 4998/1422/3640 5034/1620/3640 5033/408/3375
f 4998/1422/3640 4999/1423/3643 5035/1728/3643 5034/1620/3640
f 5000/1424/3645 5036/682/3645 5035/1728/3643 4999/1423/3643
f 5001/1426/3374 5037/1619/3374 5036/682/3645 5000/1424/3645
f 5002/1739/3648 5038/1727/3648 5037/1619/3374 5001/1426/3374
f 5003/702/3372 5039/703/3372 5038/1727/3648 5002/1739/3648
f 5004/1121/1149 5040/1125/1149 5039/703/3372 5003/702/3372
f 5005/445/1155 4923/905/1117 5040/1125/1149 5004/1121/1149
f 5006/1428/3769 5041/406/1118 4923/905/1117 5005/445/1155
f 5007/1430/1663 5042/1417/1663 5041/406/1118 5006/1428/3769
f 5008/1431/944 5043/1617/944 5042/1417/1663 5007/1430/1663
f 5009/1432/929 5044/1616/929 5043/1617/944 5008/1431/944
f 5009/1432/929 5010/1434/3657 4918/903/811 5044/1616/929
f 5010/1434/3657 5011/1654/1116 5045/904/1116 4918/903/811
f 5011/1657/1116 5012/1656/1157 5046/1622/1158 5045/1623/1116
f 5012/1656/1157 4994/1736/931 4933/906/1120 5046/1622/1158
f 4977/1641/4267 4978/1729/930 5048/1743/930 5047/1742/931
f 4978/1729/930 4979/687/3663 5049/696/4287 5048/1743/930
f 4979/687/3663 4950/591/1145 5050/453/1153 5049/696/4287
f 4950/591/1145 4980/689/1144 5051/1436/4288 5050/453/1153
f 4980/689/1144 4981/1640/4269 5052/1437/4289 5051/1436/4288
f 4981/1640/4269 4982/1642/4271 5053/1659/4283 5052/1437/4289
f 4983/1050/3645 5054/447/4290 5053/1659/4283 4982/1642/4271
f 4984/1643/3374 5055/698/3746 5054/447/4290 4983/1050/3645
f 4985/1730/4273 5056/1744/3747 5055/698/3746 4984/1643/3374
f 4943/911/1147 5057/1740/4284 5056/1744/3747 4985/1730/4273
f 4986/912/1149 5058/918/1154 5057/1740/4284 4943/911/1147
f 4941/913/1150 5059/700/1155 5058/918/1154 4986/912/1149
f 4990/922/1160 4991/1130/4277 5061/1128/3657 5060/923/929
f 5059/700/1155 4941/913/1150 4987/915/1152
f 4991/1130/4277 4992/1732/812 5062/1741/1116 5061/1128/3657
f 4992/1733/812 4993/708/4280 5063/706/1158 5062/920/1116
f 4993/708/4280 4977/1641/4267 5047/1742/931 5063/706/1158
f 4971/120/1140 4970/119/1139 5065/1662/4291 5064/926/1163
f 4970/119/1139 4969/118/1138 5066/1053/4292 5065/1662/4291
f 4966/116/1135 5068/1664/4293 5067/924/1161 4967/117/1136
f 4968/909/1137 5066/1053/4292 4969/118/1138
f 4965/115/1134 5069/1665/4294 5068/1664/4293 4966/116/1135
f 4964/114/1133 5070/1666/4295 5069/1665/4294 4965/115/1134
f 4963/113/1132 5071/1667/4296 5070/1666/4295 4964/114/1133
f 4962/112/1131 5072/1054/4297 5071/1667/4296 4963/113/1132
f 4962/112/1131 4961/111/1130 5073/709/4298 5072/1054/4297
f 4961/111/1130 4960/110/1129 5074/1668/4299 5073/709/4298
f 4960/110/1129 4959/109/1128 5075/1669/4300 5074/1668/4299
f 4959/109/1128 4958/108/1127 5076/1670/4301 5075/1669/4300
f 4958/108/1127 4957/107/1126 5077/1671/4302 5076/1670/4301
f 4974/123/1143 5079/1055/4303 5078/925/1162 4955/104/1123
f 5077/1671/4302 4957/107/1126 4956/424/1124
f 4973/122/1142 5080/1745/4304 5079/1055/4303 4974/123/1143
f 4968/909/1137 5082/1633/820 5081/1635/820 5066/1053/4292
f 5080/1745/4304 4973/122/1142 4972/910/1141
f 5067/924/1161 5083/1634/820 5082/1633/820 4968/909/1137
f 5067/924/1161 5068/1664/4293 4946/908/1122 5083/1634/820
f 5068/1664/4293 5069/1665/4294 5084/684/820 4946/908/1122
f 5069/1665/4294 5070/1666/4295 5085/1632/820 5084/684/820
f 5070/1666/4295 5071/1667/4296 5086/462/820 5085/1632/820
f 5071/1667/4296 5072/1054/4297 5087/1631/820 5086/462/820
f 5073/709/4298 5088/1630/820 5087/1631/820 5072/1054/4297
f 5074/1668/4299 5089/1629/820 5088/1630/820 5073/709/4298
f 5075/1669/4300 5090/1628/820 5089/1629/820 5074/1668/4299
f 5076/1670/4301 5091/1627/820 5090/1628/820 5075/1669/4300
f 5077/1671/4302 5092/1626/820 5091/1627/820 5076/1670/4301
f 5077/1671/4302 4956/424/1124 5093/1624/820 5092/1626/820
f 4956/424/1124 5078/925/1162 5094/1625/820 5093/1624/820
f 5078/925/1162 5079/1055/4303 5095/1117/820 5094/1625/820
f 5079/1055/4303 5080/1745/4304 5096/1639/820 5095/1117/820
f 5080/1745/4304 4972/910/1141 5097/1638/820 5096/1639/820
f 5064/926/1163 5098/1637/820 5097/1638/820 4972/910/1141
f 5065/1662/4291 5099/1636/820 5098/1637/820 5064/926/1163
f 5066/1053/4292 5081/1635/820 5099/1636/820 5065/1662/4291
f 5291/953/1164 5100/942/4305 5101/247/1164 5290/1358/1164
f 5290/1358/1164 5101/247/1164 5102/245/1164 5289/392/1164
f 5289/392/1164 5102/245/1164 5103/464/1164 5288/927/1164
f 5288/927/1164 5104/534/1164 5105/515/1164 5287/951/1164
f 5286/643/1164 5287/951/1164 5106/654/1164 5107/248/4306
f 5105/515/1164 5106/654/1164 5287/951/1164
f 5285/359/1164 5286/643/1164 5107/248/4306 5108/517/1165
f 5284/1593/1164 5110/251/1164 5111/535/1164 5283/1452/1164
f 5109/928/1166 5110/251/1164 5284/1593/1164
f 5283/1452/1164 5111/535/1164 5112/485/1164 5297/362/1164
f 5297/362/1164 5112/485/1164 5113/254/1164 5296/1594/1164
f 5296/1594/1164 5113/254/1164 5114/518/1164 5295/929/1164
f 5294/394/1164 5295/929/1164 5115/578/1164 5293/931/1168
f 5291/953/1164 5292/930/1164 5117/258/4307 5118/1746/4308
f 5116/519/1167 5117/258/4307 5292/930/1164
f 5207/1453/4309 5208/831/4310 5119/754/4311 5120/520/1203
f 5118/1746/4308 5100/942/4305 5291/953/1164
f 5206/582/4312 5207/1453/4309 5120/520/1203 5121/23/1202
f 5205/804/4313 5206/582/4312 5121/23/1202 5122/24/4314
f 5204/1132/4315 5205/804/4313 5122/24/4314 5123/1133/1200
f 5203/260/4316 5204/1132/4315 5123/1133/1200 5124/261/1199
f 5203/260/4316 5124/261/1199 5125/585/1171 5202/584/1170
f 5201/1454/4317 5127/377/1198 5128/523/1174 5200/660/1173
f 5127/377/1198 5201/1454/4317 5126/932/1169
f 5198/1455/4318 5131/375/4319 5132/92/1180 5197/936/1179
f 5269/42/1177 5199/866/1176 5129/933/1172
f 5131/375/4319 5198/1455/4318 5130/934/1175
f 5211/646/4320 5212/263/4321 5134/206/4322 5135/409/1206
f 5133/935/1178 5134/206/4322 5212/263/4321
f 5210/1085/1596 5211/646/4320 5135/409/1206 5136/1083/4323
f 5209/34/4324 5210/1085/1596 5136/1083/4323 5137/32/4325
f 5208/1456/4310 5209/34/4324 5137/32/4325 5119/1091/4311
f 5262/938/1183 5263/367/4326 5138/216/4327 5139/366/1181
f 5260/835/4328 5261/1596/4329 5141/414/4330 5142/412/4331
f 5140/937/1182 5141/414/4330 5261/1596/4329
f 5259/606/4332 5260/835/4328 5142/412/4331 5143/68/4333
f 5259/606/4332 5143/68/4333 5144/528/4331 5258/1457/1216
f 5258/1457/1216 5144/528/4331 5145/213/1186 5257/940/1185
f 5256/1013/4334 5147/368/4335 5148/474/4336 5255/476/1651
f 5147/368/4335 5256/1013/4334 5146/939/1184
f 5254/837/4337 5255/476/1651 5148/474/4336 5149/838/4338
f 5253/370/1189 5254/837/4337 5149/838/4338 5150/96/1187
f 5268/1460/4339 5252/588/4340 5152/415/4341 5153/532/4342
f 5151/941/1188 5152/415/4341 5252/588/4340
f 5268/1460/4339 5153/532/4342 5154/463/4328 5267/1461/4328
f 5267/1461/4328 5154/463/4328 5155/419/4343 5266/478/4344
f 5266/478/4344 5155/419/4343 5156/417/4345 5265/737/4346
f 5265/737/4346 5156/417/4345 5157/481/4347 5264/480/4343
f 5264/480/4343 5157/481/4347 5138/216/4327 5263/367/4326
f 5326/482/4348 5117/258/4349 5116/519/4349 5325/809/4348
f 5117/258/4307 5326/482/4350 5118/1746/4308
f 5325/809/4351 5116/519/1167 5293/931/1168 5324/1466/4351
f 5324/1466/4352 5293/931/4353 5115/578/4353 5323/1465/4352
f 5322/811/4354 5323/1465/4354 5115/578/4354 5114/518/4354
f 5321/1467/4355 5322/811/4355 5114/518/4356 5113/254/4356
f 5320/484/4357 5321/1467/4357 5113/254/4357 5112/485/4357
f 5319/651/4358 5320/484/4358 5112/485/4359 5111/535/4359
f 5318/717/4360 5319/651/4360 5111/535/4361 5110/251/4361
f 5317/487/4362 5318/717/4362 5110/251/4363 5109/928/4363
f 5316/719/4364 5317/487/4364 5109/928/1166 5108/517/1165
f 5333/611/4365 5316/719/4365 5108/517/4365 5107/248/4365
f 5332/653/4366 5333/611/4366 5107/248/4366 5106/654/4366
f 5331/739/4367 5332/653/4367 5106/654/4367 5105/515/4367
f 5331/739/4368 5105/515/4368 5104/534/4368 5330/842/4368
f 5330/842/4369 5104/534/4370 5103/464/4370 5329/1468/4369
f 5329/1468/4371 5103/464/4372 5102/245/4372 5328/489/4371
f 5328/489/4373 5102/245/4374 5101/247/4374 5327/609/4373
f 5152/688/4375 5178/884/4376 5177/589/4377 5153/591/4378
f 5151/959/1188 5179/849/4379 5178/884/4376 5152/688/4375
f 5150/241/1187 5180/265/4380 5179/849/4379 5151/959/1188
f 5149/337/4381 5181/490/4382 5180/265/4380 5150/241/1187
f 5148/844/4383 5182/1469/4384 5181/490/4382 5149/337/4381
f 5147/614/4335 5183/612/4385 5182/1469/4384 5148/844/4383
f 5146/1086/1184 5184/1087/1611 5183/612/4385 5147/614/4335
f 5145/37/4386 5185/35/4387 5184/1087/1611 5146/1086/1184
f 5144/1241/4388 5186/599/1170 5185/35/4387 5145/37/4386
f 5143/914/4389 5187/961/4390 5186/599/1170 5144/1241/4388
f 5143/914/4389 5142/439/4391 5188/1470/4392 5187/961/4390
f 5142/439/4391 5141/742/4393 5189/743/4394 5188/1470/4392
f 5141/742/4393 5140/244/1182 5190/1138/4395 5189/743/4394
f 5140/244/1182 5139/47/1181 5191/318/4396 5190/1138/4395
f 5139/47/1181 5138/59/4397 5192/616/4398 5191/318/4396
f 5138/1162/4397 5157/657/4399 5193/962/4324 5192/1305/4398
f 5157/657/4399 5156/38/4400 5194/875/4401 5193/962/4324
f 5156/38/4400 5155/39/4402 5195/943/1194 5194/875/4401
f 5155/39/4402 5154/372/4403 5196/373/1195 5195/943/1194
f 5154/372/4403 5153/591/4378 5177/589/4377 5196/373/1195
f 5214/1268/4404 5197/936/1179 5133/935/1178 5213/882/4405
f 5215/1472/4318 5198/1455/4318 5197/936/1179 5214/1268/4404
f 5216/1473/4406 5130/934/1175 5198/1455/4318 5215/1472/4318
f 5217/1474/4407 5199/866/1176 5130/934/1175 5216/1473/4406
f 5218/619/4408 5129/933/1172 5199/866/1176 5217/1474/4407
f 5219/52/4409 5200/660/1173 5129/933/1172 5218/619/4408
f 5220/324/4410 5201/1454/4317 5200/660/1173 5219/52/4409
f 5221/1154/4411 5126/932/1169 5201/1454/4317 5220/324/4410
f 5222/597/4412 5202/584/1170 5126/932/1169 5221/1154/4411
f 5223/1309/4390 5203/260/4316 5202/584/1170 5222/597/4412
f 5223/1309/4390 5224/1020/4392 5204/1132/4315 5203/260/4316
f 5224/1020/4392 5225/1475/4413 5205/804/4313 5204/1132/4315
f 5225/1475/4413 5226/883/4414 5206/582/4312 5205/804/4313
f 5226/883/4414 5227/1476/4415 5207/1453/4309 5206/582/4312
f 5227/1476/4415 5228/55/4416 5208/831/4310 5207/1453/4309
f 5228/1156/4416 5229/664/4417 5209/34/4324 5208/1456/4310
f 5229/664/4417 5230/331/4418 5210/1085/1596 5209/34/4324
f 5230/331/4418 5231/879/1194 5211/646/4320 5210/1085/1596
f 5231/879/1194 5232/277/1193 5212/263/4321 5211/646/4320
f 5232/277/1193 5213/882/4405 5133/935/1178 5212/263/4321
f 5234/280/4404 5214/1268/4404 5213/882/4405 5233/963/4405
f 5235/850/4419 5215/1472/4318 5214/1268/4404 5234/280/4404
f 5236/283/1592 5216/1473/4406 5215/1472/4318 5235/850/4419
f 5237/885/4420 5217/1474/4407 5216/1473/4406 5236/283/1592
f 5238/1282/4408 5218/619/4408 5217/1474/4407 5237/885/4420
f 5239/328/4421 5219/52/4409 5218/619/4408 5238/1282/4408
f 5240/58/4410 5220/324/4410 5219/52/4409 5239/328/4421
f 5241/815/4411 5221/1154/4411 5220/324/4410 5240/58/4410
f 5242/596/4412 5222/597/4412 5221/1154/4411 5241/815/4411
f 5243/1477/4390 5223/1309/4390 5222/597/4412 5242/596/4412
f 5243/1477/4390 5244/1478/4392 5224/1020/4392 5223/1309/4390
f 5244/1478/4392 5245/1479/4422 5225/1475/4413 5224/1020/4392
f 5245/1479/4422 5246/1480/4423 5226/883/4414 5225/1475/4413
f 5246/1480/4423 5247/1481/4415 5227/1476/4415 5226/883/4414
f 5247/1481/4415 5248/56/4424 5228/55/4416 5227/1476/4415
f 5248/1161/4424 5249/1035/4417 5229/664/4417 5228/1156/4416
f 5249/1035/4417 5250/60/4418 5230/331/4418 5229/664/4417
f 5250/60/4418 5195/943/1194 5231/879/1194 5230/331/4418
f 5195/943/1194 5251/598/1193 5232/277/1193 5231/879/1194
f 5251/598/1193 5233/963/4405 5213/882/4405 5232/277/1193
f 5178/884/4376 5234/280/4404 5233/963/4405 5177/589/4377
f 5179/849/4379 5235/850/4419 5234/280/4404 5178/884/4376
f 5180/265/4380 5236/283/1592 5235/850/4419 5179/849/4379
f 5181/490/4382 5237/885/4420 5236/283/1592 5180/265/4380
f 5182/1469/4384 5238/1282/4408 5237/885/4420 5181/490/4382
f 5183/612/4385 5239/328/4421 5238/1282/4408 5182/1469/4384
f 5184/1087/1611 5240/58/4410 5239/328/4421 5183/612/4385
f 5185/35/4387 5241/815/4411 5240/58/4410 5184/1087/1611
f 5186/599/1170 5242/596/4412 5241/815/4411 5185/35/4387
f 5187/961/4390 5243/1477/4390 5242/596/4412 5186/599/1170
f 5187/961/4390 5188/1470/4392 5244/1478/4392 5243/1477/4390
f 5188/1470/4392 5189/743/4394 5245/1479/4422 5244/1478/4392
f 5189/743/4394 5190/1138/4395 5246/1480/4423 5245/1479/4422
f 5190/1138/4395 5191/318/4396 5247/1481/4415 5246/1480/4423
f 5191/318/4396 5192/616/4398 5248/56/4424 5247/1481/4415
f 5192/1305/4398 5193/962/4324 5249/1035/4417 5248/1161/4424
f 5193/962/4324 5194/875/4401 5250/60/4418 5249/1035/4417
f 5196/373/1195 5177/589/4377 5233/963/4405 5251/598/1193
f 5195/943/1194 5250/60/4418 5194/875/4401
f 5335/955/1216 5336/860/1216 5151/941/1188 5252/588/4340
f 5336/860/1216 5337/396/1216 5253/370/1189 5151/941/1188
f 5337/396/1216 5338/509/1216 5254/837/4337 5253/370/1189
f 5338/509/1216 5339/1110/1216 5255/476/1651 5254/837/4337
f 5340/825/1216 5256/1013/4334 5255/476/1651 5339/1110/1216
f 5298/954/1218 5146/939/1184 5256/1013/4334 5340/825/1216
f 5341/679/1216 5257/940/1185 5146/939/1184 5298/954/1218
f 5342/730/1216 5258/1457/1216 5257/940/1185 5341/679/1216
f 5343/639/1216 5259/606/4332 5258/1457/1216 5342/730/1216
f 5343/639/1216 5344/732/1216 5260/835/4328 5259/606/4332
f 5344/732/1216 5345/640/1216 5261/1596/4329 5260/835/4328
f 5345/640/1216 5346/826/1216 5140/937/1182 5261/1596/4329
f 5346/826/1216 5347/899/1622 5262/938/1183 5140/937/1182
f 5347/899/1622 5348/750/1216 5263/367/4326 5262/938/1183
f 5349/829/1216 5264/480/4343 5263/367/4326 5348/750/1216
f 5334/514/1216 5265/737/4346 5264/480/4343 5349/829/1216
f 5174/1747/4425 5266/478/4344 5265/737/4346 5334/514/1216
f 5173/1748/4426 5267/1461/4328 5266/478/4344 5174/1747/4425
f 5172/956/1217 5268/1460/4339 5267/1461/4328 5173/1748/4426
f 5172/956/1217 5335/955/1216 5252/588/4340 5268/1460/4339
f 5127/83/1198 5126/250/1169 5272/504/4427 5271/496/1197
f 5128/945/1174 5270/495/1196 5129/103/1172
f 5126/250/1169 5125/516/1171 5273/952/1208 5272/504/4427
f 5119/420/4428 5276/499/1209 5275/949/1204 5120/948/1203
f 5124/946/1199 5273/952/1208 5125/516/1171
f 5274/853/1201 5123/73/1200 5122/1749/4314
f 5119/420/4428 5137/89/4429 5277/819/1210 5276/499/1209
f 5137/89/4429 5136/90/4323 5278/670/4430 5277/819/1210
f 5134/395/1207 5133/17/4431 5280/672/4432 5279/891/1205
f 5135/950/1206 5278/670/4430 5136/90/4323
f 5132/86/4433 5281/501/4434 5280/672/4432 5133/17/4431
f 5131/87/4319 5282/817/4435 5281/501/4434 5132/86/4433
f 5270/495/1196 5284/1593/1164 5283/1452/1164 5269/944/1177
f 5282/817/4435 5131/87/4319 5130/1750/1175
f 5270/495/1196 5128/945/1174 5109/928/1166 5284/1593/1164
f 5128/945/1174 5271/496/1197 5285/359/1164 5109/928/1166
f 5271/496/1197 5272/504/4427 5286/643/1164 5285/359/1164
f 5272/504/4427 5273/952/1208 5287/951/1164 5286/643/1164
f 5274/853/1201 5288/927/1164 5287/951/1164 5124/946/1199
f 5121/947/1202 5289/392/1164 5288/927/1164 5122/1749/4314
f 5288/927/1164 5274/853/1201 5122/1749/4314
f 5275/949/1204 5290/1358/1164 5289/392/1164 5121/947/1202
f 5276/499/1209 5291/953/1164 5290/1358/1164 5275/949/1204
f 5277/819/1210 5278/670/4430 5292/930/1164 5291/953/1164
f 5278/670/4430 5135/950/1206 5293/931/1168 5292/930/1164
f 5279/891/1205 5280/672/4432 5295/929/1164 5294/394/1164
f 5294/394/1164 5293/931/1168 5135/950/1206
f 5282/817/4435 5296/1594/1164 5295/929/1164 5281/501/4434
f 5295/929/1164 5280/672/4432 5281/501/4434
f 5130/1750/1175 5297/362/1164 5296/1594/1164 5282/817/4435
f 5269/944/1177 5283/1452/1164 5297/362/1164 5130/1750/1175
f 5166/114/4436 5167/115/4436 5300/820/4437 5299/74/4437
f 5167/115/4438 5168/116/4438 5301/723/4439 5300/820/4439
f 5171/118/4440 5172/956/4440 5303/1040/4441 5302/676/4441
f 5169/1751/4442 5301/723/4358 5168/116/4443
f 5173/1748/4426 5304/1493/4444 5303/1040/4444 5172/956/1217
f 5174/1747/4425 5305/349/4445 5304/1493/4445 5173/1748/4426
f 5175/122/4446 5306/76/4447 5305/349/4447 5174/1747/4446
f 5176/123/4448 5307/857/4449 5306/76/4449 5175/122/4448
f 5158/104/4450 5308/633/4451 5307/857/4451 5176/123/4450
f 5159/105/4452 5309/724/4453 5308/633/4453 5158/104/4452
f 5160/107/4454 5310/1043/4455 5309/724/4455 5159/105/4454
f 5161/108/4456 5311/745/4456 5310/1043/4456 5160/107/4456
f 5162/109/4370 5312/1494/4457 5311/745/4457 5161/108/4370
f 5163/110/4458 5313/859/4459 5312/1494/4459 5162/109/4458
f 5163/110/4460 5164/111/4460 5314/636/4367 5313/859/4367
f 5164/111/4461 5165/112/4461 5315/1495/4462 5314/636/4462
f 5298/954/1212 5299/74/1211 5317/487/4364 5316/719/4364
f 5298/954/1218 5315/1495/4463 5165/112/1219
f 5299/74/4437 5300/820/4437 5318/717/4362 5317/487/4362
f 5300/820/4439 5301/723/4439 5319/651/4360 5318/717/4360
f 5301/723/4358 5169/1751/4442 5320/484/4358 5319/651/4358
f 5169/1751/4442 5170/64/4464 5321/1467/4357 5320/484/4357
f 5170/64/1214 5302/676/1214 5322/811/4355 5321/1467/4355
f 5302/676/4441 5303/1040/4441 5323/1465/4354 5322/811/4354
f 5304/1493/4444 5324/1466/4352 5323/1465/4352 5303/1040/4444
f 5305/349/4445 5325/809/4351 5324/1466/4351 5304/1493/4445
f 5306/76/4447 5326/482/4348 5325/809/4348 5305/349/4447
f 5307/857/4449 5118/1746/4308 5326/482/4350 5306/76/4449
f 5308/633/4451 5100/942/4305 5118/1746/4308 5307/857/4451
f 5309/724/4453 5327/609/1191 5100/942/1190 5308/633/4453
f 5310/1043/4455 5328/489/4373 5327/609/4373 5309/724/4455
f 5311/745/4456 5329/1468/4371 5328/489/4371 5310/1043/4456
f 5312/1494/4457 5330/842/4369 5329/1468/4369 5311/745/4457
f 5313/859/4459 5331/739/4368 5330/842/4368 5312/1494/4459
f 5313/859/4367 5314/636/4367 5332/653/4367 5331/739/4367
f 5314/636/4462 5315/1495/4462 5333/611/4366 5332/653/4366
f 5315/1495/4463 5298/954/1218 5316/719/4365 5333/611/4365
f 5171/118/1216 5170/64/4464 5336/860/1216 5335/955/1216
f 5334/514/1216 5175/122/1216 5174/1747/4425
f 5170/64/4464 5169/1751/4442 5337/396/1216 5336/860/1216
f 5169/1751/4442 5168/116/4443 5338/509/1216 5337/396/1216
f 5168/116/4443 5167/115/1622 5339/1110/1216 5338/509/1216
f 5166/114/4465 5340/825/1216 5339/1110/1216 5167/115/1622
f 5164/111/4466 5342/730/1216 5341/679/1216 5165/112/1219
f 5340/825/1216 5166/114/4465 5298/954/1218
f 5163/110/4467 5343/639/1216 5342/730/1216 5164/111/4466
f 5163/110/4467 5162/109/1216 5344/732/1216 5343/639/1216
f 5162/109/1216 5161/108/1216 5345/640/1216 5344/732/1216
f 5161/108/1216 5160/107/1622 5346/826/1216 5345/640/1216
f 5160/107/1622 5159/105/1602 5347/899/1622 5346/826/1216
f 5159/105/1602 5158/104/4465 5348/750/1216 5347/899/1622
f 5176/123/1622 5349/829/1216 5348/750/1216 5158/104/4465
f 5175/122/1216 5334/514/1216 5349/829/1216 5176/123/1622
f 5555/1592/1237 5350/533/1237 5351/247/1237 5554/1358/1237
f 5554/1358/1237 5351/247/1237 5352/245/1237 5553/392/1237
f 5552/1081/1237 5553/392/1237 5352/245/1237 5353/464/1237
f 5551/854/1237 5552/1081/1237 5353/464/1237 5354/534/1237
f 5550/1451/1237 5551/854/1237 5354/534/1237 5355/515/1237
f 5549/1364/1237 5550/1451/1237 5355/515/1237 5356/654/1237
f 5548/643/1237 5549/1364/1237 5356/654/1237 5357/248/1237
f 5548/643/1237 5357/248/1237 5358/517/1237 5547/359/1237
f 5547/359/1237 5358/517/1237 5359/253/1237 5546/1365/1237
f 5546/1365/1237 5359/253/1237 5360/251/1237 5545/1593/1237
f 5545/1593/1237 5360/251/1237 5361/535/1237 5544/1452/1237
f 5544/1452/1237 5361/535/1237 5362/485/1237 5563/362/1237
f 5562/1594/1237 5563/362/1237 5362/485/1237 5363/254/1237
f 5561/1369/1237 5562/1594/1237 5363/254/1237 5364/518/1237
f 5560/580/1237 5561/1369/1237 5364/518/1237 5365/578/1237
f 5559/394/1237 5560/580/1237 5365/578/1237 5366/536/1237
f 5558/468/1237 5559/394/1237 5366/536/1237 5367/519/1237
f 5558/468/1237 5367/519/1237 5368/258/1237 5557/930/1237
f 5557/930/1237 5368/258/1237 5369/469/1237 5556/471/1237
f 5556/471/1237 5369/469/1237 5350/533/1237 5555/1592/1237
f 5459/582/1241 5372/23/4468 5373/24/4469 5458/804/1466
f 5371/957/1221 5372/23/4468 5459/582/1241
f 5458/804/1466 5373/24/4469 5374/1133/4470 5457/1132/4471
f 5457/1132/4471 5374/1133/4470 5375/261/4472 5456/260/4473
f 5456/260/4473 5375/261/4472 5376/585/4474 5455/584/4475
f 5455/584/4475 5376/585/4474 5377/26/4476 5454/28/4477
f 5454/28/4477 5377/26/4476 5378/377/4478 5453/1454/4479
f 5453/1454/4479 5378/377/4478 5379/523/4480 5452/660/4481
f 5452/660/4481 5379/523/4480 5380/711/1247 5451/617/1246
f 5451/617/1246 5380/711/1247 5381/42/4482 5450/866/4483
f 5450/866/4483 5381/42/4482 5382/31/4484 5449/714/1339
f 5448/1455/4485 5449/714/1339 5382/31/4484 5383/375/4486
f 5447/936/1249 5448/1455/4485 5383/375/4486 5384/92/4487
f 5446/880/4488 5447/936/1249 5384/92/4487 5385/1114/4489
f 5464/263/4490 5446/880/4488 5385/1114/4489 5386/206/4491
f 5463/646/4492 5464/263/4490 5386/206/4491 5387/409/4493
f 5462/1085/4494 5463/646/4492 5387/409/4493 5388/1083/4495
f 5461/34/4496 5462/1085/4494 5388/1083/4495 5389/32/4497
f 5460/1456/1222 5461/34/4496 5389/32/4497 5370/1091/1220
f 5517/938/4498 5518/367/4499 5390/216/1233 5391/366/4500
f 5516/473/1252 5517/938/4498 5391/366/4500 5392/215/1252
f 5516/473/1252 5392/215/1252 5393/414/1252 5515/1596/1252
f 5515/1596/1252 5393/414/1252 5394/412/4498 5514/835/1252
f 5514/835/1252 5394/412/4498 5395/68/1230 5513/606/1252
f 5513/606/1252 5395/68/1230 5396/528/1229 5512/1457/1252
f 5512/1457/1252 5396/528/1229 5397/213/4501 5511/940/4498
f 5510/369/1252 5511/940/4498 5397/213/4501 5398/212/1252
f 5509/1013/4502 5510/369/1252 5398/212/1252 5399/368/4503
f 5508/476/4502 5509/1013/4502 5399/368/4503 5400/474/4504
f 5507/837/1252 5508/476/4502 5400/474/4504 5401/838/1227
f 5506/370/4499 5507/837/1252 5401/838/1227 5402/96/1226
f 5506/370/4499 5402/96/1226 5403/97/1225 5505/1101/1252
f 5505/1101/1252 5403/97/1225 5404/415/1224 5504/588/4505
f 5504/588/4505 5404/415/1224 5405/532/4506 5523/1460/4501
f 5523/1460/4501 5405/532/4506 5406/463/4498 5522/1461/1252
f 5522/1461/1252 5406/463/4498 5407/419/4507 5521/478/4508
f 5520/737/4508 5521/478/4508 5407/419/4507 5408/417/4508
f 5519/480/4499 5520/737/4508 5408/417/4508 5409/481/4499
f 5518/367/4499 5519/480/4499 5409/481/4499 5390/216/1233
f 5411/105/4509 5351/247/4509 5350/533/4509 5410/104/4509
f 5410/104/4510 5350/533/4510 5369/469/4510 5429/123/4510
f 5429/123/4511 5369/469/4511 5368/258/4511 5428/122/4511
f 5428/122/4512 5368/258/4512 5367/519/4512 5427/121/4512
f 5427/121/4513 5367/519/4513 5366/536/4513 5426/120/4513
f 5426/120/4514 5366/536/4514 5365/578/4514 5425/119/4514
f 5425/119/4515 5365/578/4515 5364/518/4515 5424/118/4515
f 5424/118/4516 5364/518/4516 5363/254/4516 5423/64/4516
f 5423/64/4517 5363/254/4517 5362/485/4517 5422/117/4517
f 5421/116/4518 5422/117/4518 5362/485/4518 5361/535/4518
f 5420/115/4519 5421/116/4519 5361/535/4519 5360/251/4519
f 5419/114/4520 5420/115/4520 5360/251/4520 5359/253/4520
f 5418/113/4521 5419/114/4521 5359/253/4521 5358/517/4521
f 5417/112/4522 5418/113/4522 5358/517/4522 5357/248/4522
f 5416/111/4523 5417/112/4523 5357/248/4523 5356/654/4523
f 5415/110/4524 5416/111/4524 5356/654/4524 5355/515/4524
f 5414/109/4525 5415/110/4525 5355/515/4525 5354/534/4525
f 5413/108/4526 5414/109/4526 5354/534/4526 5353/464/4526
f 5412/107/4527 5413/108/4527 5353/464/4527 5352/245/4527
f 5412/107/4528 5352/245/4528 5351/247/4528 5411/105/4528
f 5400/844/4529 5433/1469/4530 5432/490/1228 5401/337/1227
f 5404/958/1224 5430/589/1235 5405/591/4506
f 5402/241/1226 5431/849/1223 5403/959/1225
f 5399/614/4531 5434/612/1320 5433/1469/4530 5400/844/4529
f 5398/1086/4532 5435/1087/4479 5434/612/1320 5399/614/4531
f 5397/37/4533 5436/35/4534 5435/1087/4479 5398/1086/4532
f 5394/439/4535 5438/1470/4471 5437/961/1231 5395/914/1230
f 5436/35/4534 5397/37/4533 5396/960/1229
f 5393/742/4536 5439/743/4537 5438/1470/4471 5394/439/4535
f 5392/244/4538 5440/1138/1241 5439/743/4537 5393/742/4536
f 5392/244/4538 5391/47/4500 5441/318/4539 5440/1138/1241
f 5409/657/1234 5408/38/4540 5443/875/4494 5442/962/1232
f 5390/1752/1233 5441/318/4539 5391/47/4500
f 5408/38/4540 5407/39/4541 5444/40/1336 5443/875/4494
f 5407/39/4541 5406/372/4542 5445/964/1236 5444/40/1336
f 5406/372/4542 5405/591/4506 5430/589/1235 5445/964/1236
f 5465/882/1235 5466/1268/4543 5447/936/1249 5446/880/4488
f 5466/1268/4543 5467/1472/4544 5448/1455/4485 5447/936/1249
f 5467/1472/4544 5468/1473/1339 5449/714/1339 5448/1455/4485
f 5469/1474/4483 5450/866/4483 5449/714/1339 5468/1473/1339
f 5470/619/4530 5451/617/1246 5450/866/4483 5469/1474/4483
f 5471/52/4481 5452/660/4481 5451/617/1246 5470/619/4530
f 5472/324/4479 5453/1454/4479 5452/660/4481 5471/52/4481
f 5473/1154/4534 5454/28/4477 5453/1454/4479 5472/324/4479
f 5474/597/1243 5455/584/4475 5454/28/4477 5473/1154/4534
f 5475/1309/4473 5456/260/4473 5455/584/4475 5474/597/1243
f 5476/1020/4471 5457/1132/4471 5456/260/4473 5475/1309/4473
f 5477/1475/1466 5458/804/1466 5457/1132/4471 5476/1020/4471
f 5478/883/1241 5459/582/1241 5458/804/1466 5477/1475/1466
f 5478/883/1241 5479/1476/1290 5371/957/1221 5459/582/1241
f 5479/1476/1290 5480/55/1289 5460/831/1222 5371/957/1221
f 5480/1156/1289 5481/664/4545 5461/34/4496 5460/1456/1222
f 5481/664/4545 5482/331/4494 5462/1085/4494 5461/34/4496
f 5482/331/4494 5483/879/1336 5463/646/4492 5462/1085/4494
f 5483/879/1336 5484/277/1236 5464/263/4490 5463/646/4492
f 5484/277/1236 5465/882/1235 5446/880/4488 5464/263/4490
f 5485/963/1235 5486/280/4543 5466/1268/4543 5465/882/1235
f 5486/280/4543 5487/850/4544 5467/1472/4544 5466/1268/4543
f 5487/850/4544 5488/283/1339 5468/1473/1339 5467/1472/4544
f 5489/885/4483 5469/1474/4483 5468/1473/1339 5488/283/1339
f 5490/1282/1246 5470/619/4530 5469/1474/4483 5489/885/4483
f 5491/328/4481 5471/52/4481 5470/619/4530 5490/1282/1246
f 5492/58/4479 5472/324/4479 5471/52/4481 5491/328/4481
f 5493/815/4534 5473/1154/4534 5472/324/4479 5492/58/4479
f 5494/596/1243 5474/597/1243 5473/1154/4534 5493/815/4534
f 5495/1477/4473 5475/1309/4473 5474/597/1243 5494/596/1243
f 5496/1478/4471 5476/1020/4471 5475/1309/4473 5495/1477/4473
f 5497/1479/1466 5477/1475/1466 5476/1020/4471 5496/1478/4471
f 5498/1480/1241 5478/883/1241 5477/1475/1466 5497/1479/1466
f 5498/1480/1241 5499/1481/1290 5479/1476/1290 5478/883/1241
f 5499/1481/1290 5500/56/1289 5480/55/1289 5479/1476/1290
f 5500/1161/1289 5501/1035/4546 5481/664/4545 5480/1156/1289
f 5501/1035/4546 5502/60/4494 5482/331/4494 5481/664/4545
f 5502/60/4494 5503/667/1336 5483/879/1336 5482/331/4494
f 5503/667/1336 5445/964/1236 5484/277/1236 5483/879/1336
f 5445/964/1236 5485/963/1235 5465/882/1235 5484/277/1236
f 5430/589/1235 5404/958/1224 5486/280/4543 5485/963/1235
f 5404/958/1224 5431/849/1223 5487/850/4544 5486/280/4543
f 5431/849/1223 5402/241/1226 5488/283/1339 5487/850/4544
f 5432/490/1228 5489/885/4483 5488/283/1339 5402/241/1226
f 5433/1469/4530 5490/1282/1246 5489/885/4483 5432/490/1228
f 5434/612/1320 5491/328/4481 5490/1282/1246 5433/1469/4530
f 5435/1087/4479 5492/58/4479 5491/328/4481 5434/612/1320
f 5436/35/4534 5493/815/4534 5492/58/4479 5435/1087/4479
f 5396/960/1229 5494/596/1243 5493/815/4534 5436/35/4534
f 5437/961/1231 5495/1477/4473 5494/596/1243 5396/960/1229
f 5438/1470/4471 5496/1478/4471 5495/1477/4473 5437/961/1231
f 5439/743/4537 5497/1479/1466 5496/1478/4471 5438/1470/4471
f 5440/1138/1241 5498/1480/1241 5497/1479/1466 5439/743/4537
f 5440/1138/1241 5441/318/4539 5499/1481/1290 5498/1480/1241
f 5441/318/4539 5390/1752/1233 5500/56/1289 5499/1481/1290
f 5390/656/1233 5442/962/1232 5501/1035/4546 5500/1161/1289
f 5442/962/1232 5443/875/4494 5502/60/4494 5501/1035/4546
f 5443/875/4494 5444/40/1336 5503/667/1336 5502/60/4494
f 5423/64/1252 5505/1101/1252 5504/588/4505 5424/118/1252
f 5445/964/1236 5503/667/1336 5444/40/1336
f 5422/117/1252 5506/370/4499 5505/1101/1252 5423/64/1252
f 5422/117/1252 5421/116/1252 5507/837/1252 5506/370/4499
f 5421/116/1252 5420/115/1252 5508/476/4502 5507/837/1252
f 5420/115/1252 5419/114/1252 5509/1013/4502 5508/476/4502
f 5419/114/1252 5418/113/1252 5510/369/1252 5509/1013/4502
f 5418/113/1252 5417/112/1252 5511/940/4498 5510/369/1252
f 5416/111/1252 5512/1457/1252 5511/940/4498 5417/112/1252
f 5415/110/1252 5513/606/1252 5512/1457/1252 5416/111/1252
f 5414/109/1252 5514/835/1252 5513/606/1252 5415/110/1252
f 5413/108/1252 5515/1596/1252 5514/835/1252 5414/109/1252
f 5412/107/1252 5516/473/1252 5515/1596/1252 5413/108/1252
f 5412/107/1252 5411/105/1252 5517/938/4498 5516/473/1252
f 5411/105/1252 5410/104/1252 5518/367/4499 5517/938/4498
f 5410/104/1252 5429/123/1252 5519/480/4499 5518/367/4499
f 5429/123/1252 5428/122/1252 5520/737/4508 5519/480/4499
f 5428/122/1252 5427/121/1252 5521/478/4508 5520/737/4508
f 5426/120/1252 5522/1461/1252 5521/478/4508 5427/121/1252
f 5425/119/1252 5523/1460/4501 5522/1461/1252 5426/120/1252
f 5424/118/1252 5504/588/4505 5523/1460/4501 5425/119/1252
f 5380/103/4547 5525/495/4548 5524/1023/1237 5381/391/1237
f 5379/71/4549 5526/388/1237 5525/495/4548 5380/103/4547
f 5378/83/4550 5527/496/1237 5526/388/1237 5379/71/4549
f 5377/250/4551 5528/504/4552 5527/496/1237 5378/83/4550
f 5377/250/4551 5376/516/4552 5529/952/4552 5528/504/4552
f 5376/516/4552 5375/400/4553 5530/668/1237 5529/952/4552
f 5375/400/4553 5374/73/4554 5531/853/4555 5530/668/1237
f 5374/73/4554 5373/5/1237 5532/624/1237 5531/853/4555
f 5373/5/1237 5372/293/1237 5533/389/1237 5532/624/1237
f 5371/948/1221 5534/949/4549 5533/389/1237 5372/293/1237
f 5370/420/1220 5535/499/4556 5534/949/4549 5371/948/1221
f 5389/89/4549 5536/819/4549 5535/499/4556 5370/420/1220
f 5388/90/4557 5537/670/1237 5536/819/4549 5389/89/4549
f 5387/91/4549 5538/626/4549 5537/670/1237 5388/90/4557
f 5387/91/4549 5386/395/4558 5539/891/4549 5538/626/4549
f 5386/395/4558 5385/17/4558 5540/672/1237 5539/891/4549
f 5385/17/4558 5384/86/4559 5541/501/4555 5540/672/1237
f 5384/86/4559 5383/87/4559 5542/817/4554 5541/501/4555
f 5383/87/4559 5382/629/4554 5543/630/1237 5542/817/4554
f 5381/391/1237 5524/1023/1237 5543/630/1237 5382/629/4554
f 5525/495/4548 5545/1593/1237 5544/1452/1237 5524/1023/1237
f 5526/388/1237 5546/1365/1237 5545/1593/1237 5525/495/4548
f 5527/496/1237 5547/359/1237 5546/1365/1237 5526/388/1237
f 5528/504/4552 5548/643/1237 5547/359/1237 5527/496/1237
f 5528/504/4552 5529/952/4552 5549/1364/1237 5548/643/1237
f 5529/952/4552 5530/668/1237 5550/1451/1237 5549/1364/1237
f 5530/668/1237 5531/853/4555 5551/854/1237 5550/1451/1237
f 5531/853/4555 5532/624/1237 5552/1081/1237 5551/854/1237
f 5532/624/1237 5533/389/1237 5553/392/1237 5552/1081/1237
f 5534/949/4549 5554/1358/1237 5553/392/1237 5533/389/1237
f 5535/499/4556 5555/1592/1237 5554/1358/1237 5534/949/4549
f 5536/819/4549 5556/471/1237 5555/1592/1237 5535/499/4556
f 5537/670/1237 5557/930/1237 5556/471/1237 5536/819/4549
f 5538/626/4549 5558/468/1237 5557/930/1237 5537/670/1237
f 5538/626/4549 5539/891/4549 5559/394/1237 5558/468/1237
f 5539/891/4549 5540/672/1237 5560/580/1237 5559/394/1237
f 5540/672/1237 5541/501/4555 5561/1369/1237 5560/580/1237
f 5541/501/4555 5542/817/4554 5562/1594/1237 5561/1369/1237
f 5542/817/4554 5543/630/1237 5563/362/1237 5562/1594/1237
f 5524/1023/1237 5544/1452/1237 5563/362/1237 5543/630/1237
f 5584/420/1237 5564/533/1237 5565/247/1237 5585/948/1237
f 5585/948/1237 5565/247/1237 5566/245/1237 5586/293/1237
f 6342/5/1240 5586/293/1237 5566/245/1237 5567/464/1237
f 5587/73/4560 6342/5/1240 5567/464/1237 5568/534/1237
f 5588/400/1237 5587/73/4560 5568/534/1237 5569/515/1237
f 5589/516/1237 5588/400/1237 5569/515/1237 5570/654/1237
f 5590/83/4561 5572/517/1237 5573/253/1237 5591/71/1237
f 5572/517/1237 5590/83/4561 5571/965/1238
f 5591/71/1237 5573/253/1237 5574/251/1237 5592/103/1237
f 5592/103/1237 5574/251/1237 5575/535/1237 5593/391/1245
f 5593/391/1245 5575/535/1237 5576/485/1237 5594/629/4562
f 5595/87/1237 5594/629/4562 5576/485/1237 5577/254/1237
f 5597/395/1237 5596/17/1248 5579/578/1237 5580/536/1237
f 5578/966/1239 5579/578/1237 5596/17/1248
f 5598/91/1237 5597/395/1237 5580/536/1237 5581/519/1237
f 5598/91/1237 5581/519/1237 5582/258/1237 5599/90/1237
f 5599/90/1237 5582/258/1237 5583/469/1237 5600/89/1237
f 5600/89/1237 5583/469/1237 5564/533/1237 5584/420/1237
f 6152/1753/4563 6153/756/1289 5584/754/4564 5585/520/4565
f 6151/968/1241 6152/1753/4563 5585/520/4565 5586/23/1242
f 6150/1676/4471 5587/1133/4560 5588/261/4566 6149/1496/4473
f 5587/1133/4560 6150/1676/4471 6342/967/1240
f 6149/1496/4473 5588/261/4566 5589/585/1244 6148/970/1243
f 6147/524/4479 5590/377/4561 5591/523/4567 6146/1678/4481
f 5590/377/4561 6147/524/4479 5571/969/1238
f 6146/1678/4481 5591/523/4567 5592/711/1247 6145/972/1246
f 6158/94/1249 6159/526/1223 5595/375/4486 5578/92/1239
f 5594/31/4562 5595/375/4486 6159/526/1223
f 6156/1754/4568 6157/759/4490 5597/206/4569 5598/409/4570
f 5596/973/1248 5597/206/4569 6157/759/4490
f 6155/1680/4494 6156/1754/4568 5598/409/4570 5599/1083/4571
f 6154/547/4545 6155/1680/4494 5599/1083/4571 5600/32/4497
f 6153/1681/1289 6154/547/4545 5600/32/4497 5584/1091/4564
f 6170/1682/1252 6171/527/1252 5601/216/1252 5602/366/1252
f 6169/1500/1252 6170/1682/1252 5602/366/1252 5603/215/1252
f 6169/1500/1252 5603/215/1252 5604/414/1252 6168/760/1252
f 6168/760/1252 5604/414/1252 5605/412/1252 6167/1501/1252
f 6167/1501/1252 5605/412/1252 5606/68/1252 6166/529/1252
f 6166/529/1252 5606/68/1252 5607/528/1252 6165/1683/1252
f 6165/1683/1252 5607/528/1252 5608/213/1348 6164/1502/1252
f 6163/1503/1252 6164/1502/1252 5608/213/1348 5609/212/1347
f 6162/1504/1252 6163/1503/1252 5609/212/1347 5610/368/1252
f 6161/1505/1252 6162/1504/1252 5610/368/1252 5611/474/1252
f 6160/788/1252 6161/1505/1252 5611/474/1252 5612/838/1345
f 6179/1506/1252 6160/788/1252 5612/838/1345 5613/96/1226
f 6179/1506/1252 5613/96/1226 5614/97/1225 6178/762/1252
f 6178/762/1252 5614/97/1225 5615/415/1252 6177/1507/1252
f 6347/532/1343 6176/531/1252 6177/1507/1252 5615/415/1252
f 6176/531/1252 6347/532/1343 5616/463/4572 6175/1685/1252
f 6175/1685/1252 5616/463/4572 5617/419/1252 6174/1508/1252
f 6173/1509/1252 6174/1508/1252 5617/419/1252 5618/417/1252
f 6172/1510/1252 6173/1509/1252 5618/417/1252 5619/481/1252
f 6171/527/1252 6172/1510/1252 5619/481/1252 5601/216/1252
f 5809/141/1252 5679/134/1252 5678/1188/1252 5808/142/1252
f 5810/540/1252 5680/1189/1252 5679/134/1252 5809/141/1252
f 5811/164/4573 5681/1190/4573 5680/1189/1252 5810/540/1252
f 5812/163/4499 5682/229/4499 5681/1190/4573 5811/164/4573
f 5813/175/4574 5683/230/4574 5682/229/4499 5812/163/4499
f 5813/175/4574 5814/234/1252 5684/1191/1252 5683/230/4574
f 5814/234/1252 5815/176/1252 5685/1192/1252 5684/1191/1252
f 5815/176/1252 5816/166/1252 5686/1193/1252 5685/1192/1252
f 5816/166/1252 5797/168/4573 5687/559/1252 5686/1193/1252
f 5797/168/4573 5798/169/4575 5688/560/4575 5687/559/1252
f 5799/171/4575 5689/994/4575 5688/560/4575 5798/169/4575
f 5800/172/4575 5690/1194/4575 5689/994/4575 5799/171/4575
f 5801/138/4575 5691/798/4575 5690/1194/4575 5800/172/4575
f 5802/140/4575 5692/996/4575 5691/798/4575 5801/138/4575
f 5803/139/1252 5693/997/1252 5692/996/4575 5802/140/4575
f 5803/139/1252 5804/980/1252 5694/1195/1252 5693/997/1252
f 5804/980/1252 5805/179/1252 5695/1001/1252 5694/1195/1252
f 5805/179/1252 5806/231/1252 5696/1196/1252 5695/1001/1252
f 5806/231/1252 5807/174/1252 5697/227/1252 5696/1196/1252
f 5807/174/1252 5808/142/1252 5678/1188/1252 5697/227/1252
f 5787/135/4576 5788/766/4577 5659/132/4578 5658/131/4579
f 5788/766/4577 5789/1197/4580 5660/192/4581 5659/132/4578
f 5790/1198/4582 5661/188/4583 5660/192/4581 5789/1197/4580
f 5791/1199/4584 5662/191/4585 5661/188/4583 5790/1198/4582
f 5791/1199/4584 5792/1200/4586 5663/189/4587 5662/191/4585
f 5792/1200/4586 5793/1201/4588 5664/764/4589 5663/189/4587
f 5793/1201/4588 5794/1202/4590 5665/158/4591 5664/764/4589
f 5795/1203/4592 5666/149/4593 5665/158/4591 5794/1202/4590
f 5796/1204/4594 5667/150/4595 5666/149/4593 5795/1203/4592
f 5777/1205/4596 5668/159/4597 5667/150/4595 5796/1204/4594
f 5778/1206/4598 5669/125/4599 5668/159/4597 5777/1205/4596
f 5779/1207/4600 5670/126/4601 5669/125/4599 5778/1206/4598
f 5780/1208/4602 5671/127/4603 5670/126/4601 5779/1207/4600
f 5781/1209/4604 5672/151/4605 5671/127/4603 5780/1208/4602
f 5781/1209/4604 5782/1210/4606 5673/217/4607 5672/151/4605
f 5782/1210/4606 5783/1211/4608 5674/129/4609 5673/217/4607
f 5783/1211/4608 5784/1212/4610 5675/153/4611 5674/129/4609
f 5784/1212/4610 5785/1511/4612 5676/152/4613 5675/153/4611
f 5785/1511/4612 5786/1512/4614 5677/156/4615 5676/152/4613
f 5786/1512/4614 5787/135/4576 5658/131/4579 5677/156/4615
f 6100/155/4616 6101/132/4617 5622/132/1248 5621/131/4491
f 6087/158/4618 5625/158/1310 5624/975/1276 6086/157/1275
f 6102/974/1272 5622/132/1248 6101/132/4617
f 6104/191/4619 5623/188/1271 6103/188/1273
f 6088/222/4620 5626/149/4478 5625/158/1310 6087/158/4618
f 6089/150/4621 5627/990/4622 5626/149/4478 6088/222/4620
f 6090/159/4623 5628/159/4624 5627/990/4622 6089/150/4621
f 6091/537/4625 5629/125/4566 5628/159/4624 6090/159/4623
f 6092/126/4626 5630/126/4627 5629/125/4566 6091/537/4625
f 6093/127/4628 5631/127/4469 5630/126/4627 6092/126/4626
f 6094/151/4629 5632/151/4468 5631/127/4469 6093/127/4628
f 6094/151/4629 6095/217/4630 5633/217/1314 5632/151/4468
f 6095/217/4630 6096/129/4631 5634/129/1315 5633/217/1314
f 6096/129/4631 6097/153/4632 5635/153/4497 5634/129/1315
f 6097/153/4632 6098/152/4633 5636/152/4634 5635/153/4497
f 6098/152/4633 6099/765/4635 5637/156/4493 5636/152/4634
f 6099/765/4635 6100/155/4616 5621/131/4491 5637/156/4493
f 5679/134/4636 5639/134/4636 5638/1188/4636 5678/1188/4636
f 5680/1189/4637 5640/1189/4637 5639/134/4637 5679/134/4637
f 5681/1190/4638 5641/1190/4638 5640/1189/4638 5680/1189/4638
f 5682/229/4639 5642/229/4639 5641/1190/4639 5681/1190/4639
f 5683/230/4640 5643/230/4640 5642/229/4640 5682/229/4640
f 5683/230/4641 5684/1191/4641 5644/1191/4641 5643/230/4641
f 5684/1191/4642 5685/1192/4642 5645/1192/4642 5644/1191/4642
f 5685/1192/4643 5686/1193/4643 5646/1193/4643 5645/1192/4643
f 5686/1193/4644 5687/559/4644 5647/559/4644 5646/1193/4644
f 5687/559/4645 5688/560/4645 5648/560/4645 5647/559/4645
f 5688/560/4646 5689/994/4646 5649/994/1325 5648/560/1324
f 5689/994/4647 5690/1194/4647 5650/1194/4647 5649/994/4647
f 5690/1194/4648 5691/798/4648 5651/798/4648 5650/1194/4648
f 5691/798/4649 5692/996/4649 5652/996/4649 5651/798/4649
f 5692/996/4650 5693/997/4650 5653/997/1328 5652/996/1327
f 5694/1195/4651 5654/1000/1331 5653/997/1328 5693/997/4651
f 5695/1001/4652 5655/1001/4652 5654/1000/4652 5694/1195/4652
f 5696/1196/4653 5656/1196/4653 5655/1001/4653 5695/1001/4653
f 5697/227/4654 5657/227/4654 5656/1196/4654 5696/1196/4654
f 5678/1188/4655 5638/1188/4655 5657/227/4655 5697/227/4655
f 5719/192/4656 5720/188/4657 5718/993/1322 5717/192/4658
f 5720/188/4657 5722/191/4659 5721/191/4484 5718/993/1322
f 5724/189/4660 5723/189/4661 5721/191/4484 5722/191/4659
f 5726/764/4662 5725/157/1247 5723/189/4661 5724/189/4660
f 5728/158/4663 5727/158/4480 5725/157/1247 5726/764/4662
f 5730/149/4664 5729/222/4478 5727/158/4480 5728/158/4663
f 5732/150/4665 5731/150/4476 5729/222/4478 5730/149/4664
f 5734/159/4666 5733/159/4624 5731/150/4476 5732/150/4665
f 5736/125/4667 5735/125/4566 5733/159/4624 5734/159/4666
f 5738/126/4668 5737/126/4470 5735/125/4566 5736/125/4667
f 5740/127/4669 5739/127/4670 5737/126/4470 5738/126/4668
f 5742/151/4538 5741/151/4671 5739/127/4670 5740/127/4669
f 5742/151/4538 5744/217/4672 5743/217/4565 5741/151/4671
f 5744/217/4672 5746/129/4673 5745/129/4564 5743/217/4565
f 5746/129/4673 5748/153/4674 5747/153/4675 5745/129/4564
f 5748/153/4674 5750/152/4676 5749/152/4571 5747/153/4675
f 5750/152/4676 5752/156/4541 5751/156/4493 5749/152/4571
f 5752/156/4541 5754/131/4677 5753/131/4491 5751/156/4493
f 5754/131/4677 5756/132/4678 5755/132/4679 5753/131/4491
f 5756/132/4678 5719/192/4656 5717/192/4658 5755/132/4679
f 5765/192/4680 5660/192/4581 5661/188/4583 5764/188/4681
f 6055/188/1279 6056/191/1321 5700/191/4682 5699/188/1277
f 5764/188/4681 5661/188/4583 5662/191/4585 5763/191/4683
f 5700/191/4682 6056/191/1321 6057/189/4684 5701/189/4685
f 5762/189/4686 5763/191/4683 5662/191/4585 5663/189/4587
f 5701/189/4685 6057/189/4684 6058/157/4687 5702/992/1318
f 5761/764/4688 5762/189/4686 5663/189/4587 5664/764/4589
f 5702/992/1318 6058/157/4687 6059/1069/4689 5703/158/1341
f 5760/158/4690 5761/764/4688 5664/764/4589 5665/158/4591
f 5703/158/1341 6059/1069/4689 6060/222/4691 5704/222/4692
f 5760/158/4690 5665/158/4591 5666/149/4593 5759/149/4693
f 5704/222/4692 6060/222/4691 6061/150/4694 5705/150/4695
f 5759/149/4693 5666/149/4593 5667/150/4595 5758/150/4696
f 5705/150/4695 6061/150/4694 6062/159/4697 5706/159/4698
f 5758/150/4696 5667/150/4595 5668/159/4597 5757/1221/4699
f 5706/159/4698 6062/159/4697 6063/125/4700 5707/125/4701
f 5757/1221/4699 5668/159/4597 5669/125/4599 5776/537/4702
f 6063/125/4700 6064/126/4703 5708/126/4704 5707/125/4701
f 5776/537/4702 5669/125/4599 5670/126/4601 5775/126/4705
f 5709/127/4706 5708/126/4704 6064/126/4703 6046/127/4707
f 5775/126/4705 5670/126/4601 5671/127/4603 5774/127/4708
f 6046/127/4707 6047/1263/4709 5710/151/4710 5709/127/4706
f 5774/127/4708 5671/127/4603 5672/151/4605 5773/151/4711
f 5710/151/4710 6047/1263/4709 6048/1513/4712 5711/217/4713
f 5772/217/4714 5773/151/4711 5672/151/4605 5673/217/4607
f 5711/217/4713 6048/1513/4712 6049/129/1282 5712/129/1281
f 5771/129/4715 5772/217/4714 5673/217/4607 5674/129/4609
f 5770/153/4716 5771/129/4715 5674/129/4609 5675/153/4611
f 5769/152/4717 5770/153/4716 5675/153/4611 5676/152/4613
f 6051/152/4718 5713/152/1337 6050/153/1280
f 6051/152/4718 6052/156/4719 5714/156/4720 5713/152/1337
f 5768/1222/4721 5769/152/4717 5676/152/4613 5677/156/4615
f 6052/156/4719 6053/131/4722 5715/131/4723 5714/156/4720
f 5767/131/4724 5768/1222/4721 5677/156/4615 5658/131/4579
f 6053/131/4722 6054/132/4725 5716/132/4726 5715/131/4723
f 5766/132/4727 5767/131/4724 5658/131/4579 5659/132/4578
f 5765/192/4680 5766/132/4727 5659/132/4578 5660/192/4581
f 5698/187/1278 5716/132/4726 6054/132/4725
f 5732/150/4728 5758/150/4696 5757/1221/4699 5734/159/4729
f 5730/149/4730 5759/149/4693 5758/150/4696 5732/150/4728
f 5728/158/4731 5760/158/4690 5759/149/4693 5730/149/4730
f 5726/764/4732 5761/764/4688 5760/158/4690 5728/158/4731
f 5724/189/4733 5762/189/4686 5761/764/4688 5726/764/4732
f 5722/191/4734 5763/191/4683 5762/189/4686 5724/189/4733
f 5722/191/4734 5720/188/4735 5764/188/4681 5763/191/4683
f 5720/188/4735 5719/192/4736 5765/192/4680 5764/188/4681
f 5719/192/4736 5756/132/4737 5766/132/4727 5765/192/4680
f 5756/132/4737 5754/131/4738 5767/131/4724 5766/132/4727
f 5754/131/4738 5752/156/4739 5768/1222/4721 5767/131/4724
f 5752/156/4739 5750/152/4740 5769/152/4717 5768/1222/4721
f 5750/152/4740 5748/153/4741 5770/153/4716 5769/152/4717
f 5748/153/4741 5746/129/4742 5771/129/4715 5770/153/4716
f 5746/129/4742 5744/217/4743 5772/217/4714 5771/129/4715
f 5744/217/4743 5742/151/4744 5773/151/4711 5772/217/4714
f 5740/127/4745 5774/127/4708 5773/151/4711 5742/151/4744
f 5738/126/4746 5775/126/4705 5774/127/4708 5740/127/4745
f 5736/125/4747 5776/537/4702 5775/126/4705 5738/126/4746
f 5734/159/4729 5757/1221/4699 5776/537/4702 5736/125/4747
f 6276/1514/4748 5778/1206/4598 5777/1205/4596 6275/995/1326
f 6277/799/4749 5779/1207/4600 5778/1206/4598 6276/1514/4748
f 5652/996/1327 5780/1208/4602 5779/1207/4600 6277/799/4749
f 6278/998/1329 5781/1209/4604 5780/1208/4602 5652/996/1327
f 6278/998/1329 5654/1000/1331 5782/1210/4606 5781/1209/4604
f 5654/1000/1331 6279/999/1330 5783/1211/4608 5782/1210/4606
f 6279/999/1330 6280/1517/4750 5784/1212/4610 5783/1211/4608
f 6280/1517/4750 6281/1518/4751 5785/1511/4612 5784/1212/4610
f 6281/1518/4751 6282/1519/4752 5786/1512/4614 5785/1511/4612
f 6282/1519/4752 6283/1520/4753 5787/135/4576 5786/1512/4614
f 6283/1520/4753 6284/768/4754 5788/766/4577 5787/135/4576
f 6284/768/4754 6285/1521/4755 5789/1197/4580 5788/766/4577
f 6286/1522/4756 5790/1198/4582 5789/1197/4580 6285/1521/4755
f 6287/228/4757 5791/1199/4584 5790/1198/4582 6286/1522/4756
f 6287/228/4757 6288/1523/4758 5792/1200/4586 5791/1199/4584
f 6288/1523/4758 6289/1524/4759 5793/1201/4588 5792/1200/4586
f 6289/1524/4759 6290/1525/4760 5794/1202/4590 5793/1201/4588
f 6274/1687/4761 5795/1203/4592 5794/1202/4590 6290/1525/4760
f 5648/560/1324 5796/1204/4594 5795/1203/4592 6274/1687/4761
f 6275/995/1326 5777/1205/4596 5796/1204/4594 5648/560/1324
f 6032/776/4762 6033/1526/4763 5838/169/4764 5837/168/4765
f 6034/1527/4766 5839/171/4767 5838/169/4764 6033/1526/4763
f 6035/1528/4768 5840/172/4769 5839/171/4767 6034/1527/4766
f 6036/137/4770 5841/138/4771 5840/172/4769 6035/1528/4768
f 6037/769/4772 5842/140/4773 5841/138/4771 6036/137/4770
f 6038/1529/4774 5843/139/4775 5842/140/4773 6037/769/4772
f 6038/1529/4774 6039/1530/4776 5844/980/4777 5843/139/4775
f 6039/1530/4776 6040/771/4778 5845/978/1295 5844/980/4777
f 6040/771/4778 6041/1531/4779 5846/231/4780 5845/978/1295
f 6041/1531/4779 6042/1532/4781 5847/174/4782 5846/231/4780
f 6042/1532/4781 6043/1533/4783 5848/142/4784 5847/174/4782
f 6043/1533/4783 6044/1061/4785 5849/141/4786 5848/142/4784
f 6045/1534/1309 5850/979/1298 5849/141/4786 6044/1061/4785
f 6026/772/4787 5851/164/4788 5850/979/1298 6045/1534/1309
f 6027/1535/4789 5852/163/4790 5851/164/4788 6026/772/4787
f 6028/1536/4791 5853/175/4792 5852/163/4790 6027/1535/4789
f 6028/1536/4791 6029/1537/4793 5854/234/4794 5853/175/4792
f 6029/1537/4793 6030/774/4795 5855/176/1291 5854/234/4794
f 6030/774/4795 6031/1538/4796 5856/166/1292 5855/176/1291
f 6031/1538/4796 6032/776/4762 5837/168/4765 5856/166/1292
f 5960/169/4797 5798/169/4798 5797/168/4799 5959/167/4800
f 5961/171/4801 5799/171/4802 5798/169/4798 5960/169/4797
f 5962/172/4803 5800/172/4804 5799/171/4802 5961/171/4801
f 5963/138/4805 5801/138/4806 5800/172/4804 5962/172/4803
f 6294/564/4807 5802/140/4808 5801/138/4806 5963/138/4805
f 6295/139/1301 5803/139/4809 5802/140/4808 6294/564/4807
f 6295/139/1301 5964/980/1300 5804/980/4810 5803/139/4809
f 5964/980/1300 6297/982/1304 5805/179/4811 5804/980/4810
f 6297/982/1304 5965/981/1303 5806/231/4812 5805/179/4811
f 5965/981/1303 5966/174/4813 5807/174/4814 5806/231/4812
f 5966/174/4813 5967/142/4815 5808/142/4816 5807/174/4814
f 5967/142/4815 5968/141/1335 5809/141/4817 5808/142/4816
f 5968/141/1335 5969/540/4818 5810/540/4819 5809/141/4817
f 5969/540/4818 5953/164/4820 5811/164/4821 5810/540/4819
f 5953/164/4820 5954/163/4822 5812/163/4823 5811/164/4821
f 5954/163/4822 5955/175/4824 5813/175/4825 5812/163/4823
f 5956/234/4826 5814/234/4827 5813/175/4825 5955/175/4824
f 5957/1067/4828 5815/176/4829 5814/234/4827 5956/234/4826
f 5958/166/4830 5816/166/4831 5815/176/4829 5957/1067/4828
f 5959/167/4800 5797/168/4799 5816/166/4831 5958/166/4830
f 6001/105/4832 6002/1406/4833 5817/104/4834 5818/105/4835
f 6000/778/4836 6001/105/4832 5818/105/4835 5819/107/4837
f 6000/778/4836 5819/107/4837 5820/108/4838 5999/108/4839
f 5999/108/4839 5820/108/4838 5821/109/4840 5998/109/4841
f 5998/109/4841 5821/109/4840 5822/110/4842 5997/143/4843
f 5997/143/4843 5822/110/4842 5823/111/1285 5996/977/1284
f 5995/428/4844 5825/113/4845 5826/114/4846 5994/114/4847
f 5825/113/4845 5995/428/4844 5824/976/1283
f 5994/114/4847 5826/114/4846 5827/115/4848 5993/115/4849
f 5993/115/4849 5827/115/4848 5828/116/4850 5992/116/4851
f 5992/116/4851 5828/116/4850 5829/117/4852 5991/146/4853
f 5990/184/1288 5991/146/4853 5829/117/4852 5830/64/1286
f 6006/1539/4854 5989/119/4855 5832/119/1308 5833/985/1307
f 5831/118/1287 5832/119/1308 5989/119/4855
f 6005/121/4856 6006/1539/4854 5833/985/1307 5834/121/4857
f 6004/1540/4858 6005/121/4856 5834/121/4857 5835/122/4859
f 6003/123/4860 6004/1540/4858 5835/122/4859 5836/123/4861
f 6002/1406/4833 6003/123/4860 5836/123/4861 5817/104/4834
f 6122/192/4543 6123/188/4544 5879/188/4862 5878/192/4863
f 6123/188/4544 6124/191/1339 5880/191/4864 5879/188/4862
f 6105/189/4483 5881/189/4865 5880/191/4864 6124/191/1339
f 6106/157/4530 5882/764/4866 5881/189/4865 6105/189/4483
f 6107/158/4481 5883/158/4867 5882/764/4866 6106/157/4530
f 6108/222/4479 5884/149/4868 5883/158/4867 6107/158/4481
f 6109/150/4534 5885/150/4869 5884/149/4868 6108/222/4479
f 6110/159/1243 5886/159/4870 5885/150/4869 6109/150/4534
f 6111/125/4473 5887/125/4871 5886/159/4870 6110/159/1243
f 6112/126/4471 5888/126/4872 5887/125/4871 6111/125/4473
f 6113/127/1466 5889/127/4873 5888/126/4872 6112/126/4471
f 6114/151/1241 5890/151/4874 5889/127/4873 6113/127/1466
f 6114/151/1241 6115/217/1290 5891/217/4875 5890/151/4874
f 6115/217/1290 6116/129/1289 5892/129/4876 5891/217/4875
f 6116/129/1289 6117/153/4545 5893/153/4877 5892/129/4876
f 6117/153/4545 6118/152/4494 5894/152/4878 5893/153/4877
f 6118/152/4494 6119/156/1336 5895/156/4879 5894/152/4878
f 6119/156/1336 6120/155/1236 5896/155/4880 5895/156/4879
f 6120/155/1236 6121/132/1235 5897/132/4881 5896/155/4880
f 6121/132/1235 6122/192/4543 5878/192/4863 5897/132/4881
f 5918/192/4543 5919/188/4544 5899/188/4544 5898/192/4543
f 5919/188/4544 5920/191/1339 5900/191/1339 5899/188/4544
f 5921/189/4483 5901/189/4483 5900/191/1339 5920/191/1339
f 5922/157/4530 5902/157/4530 5901/189/4483 5921/189/4483
f 5923/158/4481 5903/158/1320 5902/157/4530 5922/157/4530
f 5924/222/4479 5904/222/4479 5903/158/1320 5923/158/4481
f 5925/150/4534 5905/150/4534 5904/222/4479 5924/222/4479
f 5926/159/1243 5906/159/1243 5905/150/4534 5925/150/4534
f 5927/125/4473 5907/125/4473 5906/159/1243 5926/159/1243
f 5928/126/4471 5908/126/4471 5907/125/4473 5927/125/4473
f 5929/127/1466 5909/127/1466 5908/126/4471 5928/126/4471
f 5930/151/1241 5910/151/1241 5909/127/1466 5929/127/1466
f 5930/151/1241 6067/217/1290 5911/217/1290 5910/151/1241
f 6067/217/1290 5931/129/1289 5912/129/1289 5911/217/1290
f 5931/129/1289 5932/153/4545 5913/153/4545 5912/129/1289
f 5932/153/4545 5933/154/4494 5914/152/4494 5913/153/4545
f 5933/154/4494 5934/156/1336 5915/156/1336 5914/152/4494
f 5934/156/1336 5935/131/1236 5916/155/1236 5915/156/1336
f 5935/131/1236 5936/132/1235 5917/132/1235 5916/155/1236
f 5936/132/1235 5918/192/4543 5898/192/4543 5917/132/1235
f 6074/192/4543 6075/188/4544 5919/188/4544 5918/192/4543
f 6075/188/4544 6076/191/1339 5920/191/1339 5919/188/4544
f 6077/189/4483 5921/189/4483 5920/191/1339 6076/191/1339
f 6078/157/4530 5922/157/4530 5921/189/4483 6077/189/4483
f 6079/158/4481 5923/158/4481 5922/157/4530 6078/157/4530
f 6080/222/4479 5924/222/4479 5923/158/4481 6079/158/4481
f 6081/150/4534 5925/150/4534 5924/222/4479 6080/222/4479
f 6082/159/1243 5926/159/1243 5925/150/4534 6081/150/4534
f 6083/125/4473 5927/125/4473 5926/159/1243 6082/159/1243
f 6084/126/4471 5928/126/4471 5927/125/4473 6083/125/4473
f 6065/127/1466 5929/127/1466 5928/126/4471 6084/126/4471
f 6066/151/1241 5930/151/1241 5929/127/1466 6065/127/1466
f 6068/129/1289 6069/153/4545 5932/153/4545 5931/129/1289
f 6067/217/1290 5930/151/1241 6066/151/1241
f 6069/153/4545 6070/154/4494 5933/154/4494 5932/153/4545
f 6070/154/4494 6071/156/1336 5934/156/1336 5933/154/4494
f 6071/156/1336 6072/131/1236 5935/131/1236 5934/156/1336
f 6072/131/1236 6073/132/1235 5936/132/1235 5935/131/1236
f 6073/132/1235 6074/192/4543 5918/192/4543 5936/132/1235
f 5851/164/1299 5852/163/4882 5938/163/4883 5937/164/1297
f 5852/163/4882 5853/175/4884 5939/175/4885 5938/163/4883
f 5854/234/4886 5940/234/4887 5939/175/4885 5853/175/4884
f 5837/168/4888 5942/168/4889 5941/166/1293 5856/166/1292
f 5940/234/4887 5854/234/4886 5855/176/1291
f 5838/169/4890 5943/169/4891 5942/168/4889 5837/168/4888
f 5839/171/4892 5944/171/4893 5943/169/4891 5838/169/4890
f 5840/172/4894 5945/162/4895 5944/171/4893 5839/171/4892
f 5841/138/4896 5946/138/4897 5945/162/4895 5840/172/4894
f 5842/140/4898 5947/984/1305 5946/138/4897 5841/138/4896
f 5843/139/4775 5948/139/1306 5947/984/1305 5842/140/4898
f 5846/231/1296 5847/174/4899 5950/174/4900 5949/231/1294
f 5844/980/4777 5948/139/1306 5843/139/4775
f 5847/174/4899 5848/142/4901 5951/142/4815 5950/174/4900
f 5848/142/4901 5849/141/4786 5952/141/1335 5951/142/4815
f 6302/541/4902 6303/165/4903 5954/163/4822 5953/164/4820
f 5850/979/1298 5952/141/1335 5849/141/4786
f 6303/165/4903 6304/800/4824 5955/175/4824 5954/163/4822
f 6305/234/4904 5956/234/4826 5955/175/4824 6304/800/4824
f 6306/1067/4905 5957/1067/4828 5956/234/4826 6305/234/4904
f 6307/1068/4906 5958/166/4830 5957/1067/4828 6306/1067/4905
f 6308/167/4889 5959/167/4800 5958/166/4830 6307/1068/4906
f 6309/169/4907 5960/169/4797 5959/167/4800 6308/167/4889
f 6291/170/4908 5961/171/4801 5960/169/4797 6309/169/4907
f 6292/562/4909 5962/172/4803 5961/171/4801 6291/170/4908
f 6293/173/4910 5963/138/4805 5962/172/4803 6292/562/4909
f 6298/983/1294 6299/174/4911 5966/174/4813 5965/981/1303
f 5963/138/4805 6293/173/4910 6294/564/4807
f 6297/982/1304 5964/980/1300 6296/980/1302
f 6299/174/4911 5986/142/1334 5967/142/4815 5966/174/4813
f 5986/142/1334 6300/1002/1333 5968/141/1335 5967/142/4815
f 6300/1002/1333 6301/782/4912 5969/540/4818 5968/141/1335
f 6301/782/4912 6302/541/4902 5953/164/4820 5969/540/4818
f 5937/164/1297 5938/163/4883 5971/1541/4883 5970/164/4913
f 5938/163/4883 5939/175/4885 5972/175/4914 5971/1541/4883
f 5940/234/4887 5973/784/4915 5972/175/4914 5939/175/4885
f 5855/176/1291 5974/1067/4916 5973/784/4915 5940/234/4887
f 5941/166/1293 5975/1542/1293 5974/1067/4916 5855/176/1291
f 5942/168/4889 5976/167/4917 5975/1542/1293 5941/166/1293
f 5943/169/4891 5977/1543/4907 5976/167/4917 5942/168/4889
f 5944/171/4893 5978/171/4893 5977/1543/4907 5943/169/4891
f 5945/162/4895 5979/162/4895 5978/171/4893 5944/171/4893
f 5946/138/4897 5980/138/4897 5979/162/4895 5945/162/4895
f 5948/139/1306 5844/980/4777 5982/1544/4918 5981/139/1301
f 5980/138/4897 5946/138/4897 5947/984/1305
f 5844/980/4777 5845/978/1295 5983/978/4919 5982/1544/4918
f 5845/978/1295 5949/231/1294 5984/1545/4920 5983/978/4919
f 5949/231/1294 5950/174/4900 5985/174/4900 5984/1545/4920
f 5950/174/4900 5951/142/4815 5986/142/1334 5985/174/4900
f 5951/142/4815 5952/141/1335 5987/141/1335 5986/142/1334
f 5952/141/1335 5850/979/1298 5988/233/4912 5987/141/1335
f 5850/979/1298 5937/164/1297 5970/164/4913 5988/233/4912
f 5873/119/4921 5872/118/4922 5831/118/1287 5989/119/4855
f 5872/118/4922 5871/64/4923 5990/184/1288 5831/118/1287
f 5871/64/4923 5870/117/4924 5991/146/4853 5990/184/1288
f 5869/116/4925 5992/116/4851 5991/146/4853 5870/117/4924
f 5868/115/4926 5993/115/4849 5992/116/4851 5869/116/4925
f 5867/114/4927 5994/114/4847 5993/115/4849 5868/115/4926
f 5866/113/4928 5995/428/4844 5994/114/4847 5867/114/4927
f 5865/112/4929 5824/976/1283 5995/428/4844 5866/113/4928
f 5864/111/4930 5996/977/1284 5824/976/1283 5865/112/4929
f 5863/110/4931 5997/143/4843 5996/977/1284 5864/111/4930
f 5862/109/4932 5998/109/4841 5997/143/4843 5863/110/4931
f 5861/108/4933 5999/108/4839 5998/109/4841 5862/109/4932
f 5860/107/4934 6000/778/4836 5999/108/4839 5861/108/4933
f 5860/107/4934 5858/105/4935 6001/105/4832 6000/778/4836
f 5858/105/4935 5857/104/4936 6002/1406/4833 6001/105/4832
f 5857/104/4936 5877/123/4937 6003/123/4860 6002/1406/4833
f 5877/123/4937 5876/122/4938 6004/1540/4858 6003/123/4860
f 5876/122/4938 5875/121/4939 6005/121/4856 6004/1540/4858
f 5875/121/4939 5874/120/4940 6006/1539/4854 6005/121/4856
f 5874/120/4940 5873/119/4921 5989/119/4855 6006/1539/4854
f 5830/64/1286 6008/1546/4789 6007/1547/4787 5831/118/1287
f 5829/117/4941 6009/183/4791 6008/1546/4789 5830/64/1286
f 5829/117/4941 5828/116/4942 6010/1548/4793 6009/183/4791
f 5828/116/4942 5827/115/4943 6011/185/4944 6010/1548/4793
f 5827/115/4943 5826/114/4945 6012/1549/4796 6011/185/4944
f 5826/114/4945 5825/113/4845 6013/1550/4762 6012/1549/4796
f 5825/113/4845 5824/976/1283 6014/1551/4763 6013/1550/4762
f 5823/111/4946 6015/1552/4766 6014/1551/4763 5824/976/1283
f 5822/110/4947 6016/1553/4768 6015/1552/4766 5823/111/4946
f 5821/109/4948 6017/1554/4770 6016/1553/4768 5822/110/4947
f 5820/108/4949 6018/1555/4772 6017/1554/4770 5821/109/4948
f 5819/107/4950 6019/1556/4774 6018/1555/4772 5820/108/4949
f 5819/107/4950 5818/105/4951 6020/1557/4776 6019/1556/4774
f 5818/105/4951 5817/104/4952 6021/1558/4778 6020/1557/4776
f 5817/104/4952 5836/123/4953 6022/785/4779 6021/1558/4778
f 5836/123/4953 5835/122/4954 6023/1559/4781 6022/785/4779
f 5835/122/4954 5834/121/4857 6024/1560/4783 6023/1559/4781
f 5831/118/1287 6007/1547/4787 6025/986/1309 5832/119/1308
f 5833/985/1307 6024/1560/4783 5834/121/4857
f 6008/1546/4789 6027/1535/4789 6026/772/4787 6007/1547/4787
f 6009/183/4791 6028/1536/4791 6027/1535/4789 6008/1546/4789
f 6009/183/4791 6010/1548/4793 6029/1537/4793 6028/1536/4791
f 6010/1548/4793 6011/185/4944 6030/774/4795 6029/1537/4793
f 6011/185/4944 6012/1549/4796 6031/1538/4796 6030/774/4795
f 6012/1549/4796 6013/1550/4762 6032/776/4762 6031/1538/4796
f 6013/1550/4762 6014/1551/4763 6033/1526/4763 6032/776/4762
f 6015/1552/4766 6034/1527/4766 6033/1526/4763 6014/1551/4763
f 6016/1553/4768 6035/1528/4768 6034/1527/4766 6015/1552/4766
f 6017/1554/4770 6036/137/4770 6035/1528/4768 6016/1553/4768
f 6018/1555/4772 6037/769/4772 6036/137/4770 6017/1554/4770
f 6019/1556/4774 6038/1529/4774 6037/769/4772 6018/1555/4772
f 6019/1556/4774 6020/1557/4776 6039/1530/4776 6038/1529/4774
f 6020/1557/4776 6021/1558/4778 6040/771/4778 6039/1530/4776
f 6021/1558/4778 6022/785/4779 6041/1531/4779 6040/771/4778
f 6022/785/4779 6023/1559/4781 6042/1532/4781 6041/1531/4779
f 6023/1559/4781 6024/1560/4783 6043/1533/4783 6042/1532/4781
f 6024/1560/4783 5833/985/1307 6044/1061/4785 6043/1533/4783
f 6025/986/1309 6045/1534/1309 6044/1061/4785 5833/985/1307
f 6007/1547/4787 6026/772/4787 6045/1534/1309 6025/986/1309
f 6224/127/4955 6225/1263/4709 6047/1263/4709 6046/127/4707
f 6047/1263/4709 6225/1263/4709 6226/217/4712 6048/1513/4712
f 6048/1513/4712 6226/217/4712 6227/129/1282 6049/129/1282
f 6049/129/1282 6227/129/1282 6228/153/4956 6050/153/1280
f 6050/153/1280 6228/153/4956 6229/152/4718 6051/152/4718
f 6229/152/4718 6230/1222/4957 6052/156/4719 6051/152/4718
f 6230/1222/4957 6231/131/4722 6053/131/4722 6052/156/4719
f 6231/131/4722 6232/132/4958 6054/132/4725 6053/131/4722
f 6232/132/4958 6233/192/4959 5698/187/1278 6054/132/4725
f 6233/192/4959 6234/188/1279 6055/188/1279 5698/187/1278
f 6056/191/1321 6055/188/1279 6234/188/1279 6215/191/1321
f 6056/191/1321 6215/191/1321 6216/189/4684 6057/189/4684
f 6057/189/4684 6216/189/4684 6217/157/4960 6058/157/4687
f 6058/157/4687 6217/157/4960 6218/158/4961 6059/1069/4689
f 6059/1069/4689 6218/158/4961 6219/222/4691 6060/222/4691
f 6060/222/4691 6219/222/4691 6220/150/4694 6061/150/4694
f 6061/150/4694 6220/150/4694 6221/159/4697 6062/159/4697
f 6062/159/4697 6221/159/4697 6222/537/4700 6063/125/4700
f 6222/537/4700 6223/126/4962 6064/126/4703 6063/125/4700
f 6223/126/4962 6224/127/4955 6046/127/4707 6064/126/4703
f 6205/151/1241 6066/151/1241 6065/127/1466 6204/127/1466
f 6205/151/1241 6206/217/1290 6067/217/1290 6066/151/1241
f 6206/217/1290 6207/129/1289 6068/129/1289 6067/217/1290
f 6207/129/1289 6208/153/4546 6069/153/4545 6068/129/1289
f 6208/153/4546 6209/154/4494 6070/154/4494 6069/153/4545
f 6209/154/4494 6210/156/1336 6071/156/1336 6070/154/4494
f 6210/156/1336 6211/131/4963 6072/131/1236 6071/156/1336
f 6211/131/4963 6212/132/1235 6073/132/1235 6072/131/1236
f 6212/132/1235 6213/192/4543 6074/192/4543 6073/132/1235
f 6213/192/4543 6214/188/4544 6075/188/4544 6074/192/4543
f 6214/188/4544 6196/191/1339 6076/191/1339 6075/188/4544
f 6197/189/1228 6077/189/4483 6076/191/1339 6196/191/1339
f 5702/992/1318 6078/157/4530 6077/189/4483 6197/189/1228
f 6198/158/1320 6079/158/4481 6078/157/4530 5702/992/1318
f 6199/222/4479 6080/222/4479 6079/158/4481 6198/158/1320
f 6200/150/4534 6081/150/4534 6080/222/4479 6199/222/4479
f 6201/159/1243 6082/159/1243 6081/150/4534 6200/150/4534
f 6202/125/4473 6083/125/4473 6082/159/1243 6201/159/1243
f 6203/126/4471 6084/126/4471 6083/125/4473 6202/125/4473
f 6204/127/1466 6065/127/1466 6084/126/4471 6203/126/4471
f 5881/189/4865 5882/764/4866 6086/157/1275 6085/189/1274
f 5882/764/4866 5883/158/4867 6087/158/4618 6086/157/1275
f 5883/158/4867 5884/149/4868 6088/222/4620 6087/158/4618
f 5884/149/4868 5885/150/4869 6089/150/4621 6088/222/4620
f 5885/150/4869 5886/159/4870 6090/159/4623 6089/150/4621
f 5886/159/4870 5887/125/4871 6091/537/4625 6090/159/4623
f 5887/125/4871 5888/126/4872 6092/126/4626 6091/537/4625
f 5888/126/4872 5889/127/4873 6093/127/4628 6092/126/4626
f 5889/127/4873 5890/151/4874 6094/151/4629 6093/127/4628
f 5891/217/4875 6095/217/4630 6094/151/4629 5890/151/4874
f 5892/129/4876 6096/129/4631 6095/217/4630 5891/217/4875
f 5893/153/4877 6097/153/4632 6096/129/4631 5892/129/4876
f 5894/152/4878 6098/152/4633 6097/153/4632 5893/153/4877
f 5895/156/4879 6099/765/4635 6098/152/4633 5894/152/4878
f 5896/155/4880 6100/155/4616 6099/765/4635 5895/156/4879
f 5897/132/4881 6101/132/4617 6100/155/4616 5896/155/4880
f 5878/192/4863 6102/974/1272 6101/132/4617 5897/132/4881
f 5879/188/4862 6103/188/1273 6102/974/1272 5878/192/4863
f 5880/191/4864 6104/191/4619 6103/188/1273 5879/188/4862
f 5880/191/4864 5881/189/4865 6085/189/1274 6104/191/4619
f 5902/157/4530 6106/157/4530 6105/189/4483 5901/189/4483
f 5903/158/1320 6107/158/4481 6106/157/4530 5902/157/4530
f 5904/222/4479 6108/222/4479 6107/158/4481 5903/158/1320
f 5905/150/4534 6109/150/4534 6108/222/4479 5904/222/4479
f 5906/159/1243 6110/159/1243 6109/150/4534 5905/150/4534
f 5907/125/4473 6111/125/4473 6110/159/1243 5906/159/1243
f 5908/126/4471 6112/126/4471 6111/125/4473 5907/125/4473
f 5909/127/1466 6113/127/1466 6112/126/4471 5908/126/4471
f 5910/151/1241 6114/151/1241 6113/127/1466 5909/127/1466
f 5910/151/1241 5911/217/1290 6115/217/1290 6114/151/1241
f 5911/217/1290 5912/129/1289 6116/129/1289 6115/217/1290
f 5912/129/1289 5913/153/4545 6117/153/4545 6116/129/1289
f 5913/153/4545 5914/152/4494 6118/152/4494 6117/153/4545
f 5914/152/4494 5915/156/1336 6119/156/1336 6118/152/4494
f 5915/156/1336 5916/155/1236 6120/155/1236 6119/156/1336
f 5916/155/1236 5917/132/1235 6121/132/1235 6120/155/1236
f 5917/132/1235 5898/192/4543 6122/192/4543 6121/132/1235
f 5898/192/4543 5899/188/4544 6123/188/4544 6122/192/4543
f 5899/188/4544 5900/191/1339 6124/191/1339 6123/188/4544
f 5901/189/4483 6105/189/4483 6124/191/1339 5900/191/1339
f 6351/1076/4964 6126/1235/4530 6125/1236/1228 6350/1004/1346
f 6352/1561/4965 6127/1562/4481 6126/1235/4530 6351/1076/4964
f 5609/1005/1347 6128/1690/4479 6127/1562/4481 6352/1561/4965
f 6353/574/1349 6129/1691/4534 6128/1690/4479 5609/1005/1347
f 6354/1692/4966 6130/569/4475 6129/1691/4534 6353/574/1349
f 6355/1755/4967 6131/1564/4473 6130/569/4475 6354/1692/4966
f 6356/575/4968 6132/1565/4471 6131/1564/4473 6355/1755/4967
f 6357/802/4969 6133/1566/1466 6132/1565/4471 6356/575/4968
f 6358/1693/4970 6134/1694/1241 6133/1566/1466 6357/802/4969
f 6358/1693/4970 6359/543/4971 6135/1695/4539 6134/1694/1241
f 6359/543/4971 6360/1567/1289 6136/572/1289 6135/1695/4539
f 6360/1569/1289 6361/1696/4545 6137/1697/4545 6136/1568/1289
f 6361/1696/4545 6362/1698/4494 6138/544/4494 6137/1697/4545
f 6362/1698/4494 6363/577/1336 6139/1699/1336 6138/544/4494
f 6363/577/1336 6364/1078/1236 6140/567/1236 6139/1699/1336
f 6364/1078/1236 6347/281/1343 6141/1571/1235 6140/567/1236
f 6347/281/1343 6348/1003/1342 6142/1572/4543 6141/1571/1235
f 6348/1003/1342 6349/1700/1223 6143/236/4544 6142/1572/4543
f 6349/1700/1223 5613/376/1226 6144/1249/1339 6143/236/4544
f 6350/1004/1346 6125/1236/1228 6144/1249/1339 5613/376/1226
f 6335/1573/4530 6145/972/1246 5593/971/1245 6334/1252/4483
f 6336/1574/4481 6146/1678/4481 6145/972/1246 6335/1573/4530
f 6337/1701/4479 6147/524/4479 6146/1678/4481 6336/1574/4481
f 6338/1702/4534 5571/969/1238 6147/524/4479 6337/1701/4479
f 6339/570/4475 6148/970/1243 5571/969/1238 6338/1702/4534
f 6340/1575/4473 6149/1496/4473 6148/970/1243 6339/570/4475
f 6341/1576/4471 6150/1676/4471 6149/1496/4473 6340/1575/4473
f 6343/987/1241 6344/1704/4539 6152/1753/4563 6151/968/1241
f 6150/1676/4471 6341/1576/4471 6342/967/1240
f 6344/1704/4539 6345/1705/1289 6153/756/1289 6152/1753/4563
f 6345/1706/1289 6346/549/4546 6154/547/4545 6153/1681/1289
f 6346/549/4546 6327/1073/4494 6155/1680/4494 6154/547/4545
f 6327/1073/4494 6328/1707/1336 6156/1754/4568 6155/1680/4494
f 6328/1707/1336 6329/565/1236 6157/759/4490 6156/1754/4568
f 6329/565/1236 6330/1580/1235 5596/973/1248 6157/759/4490
f 6330/1580/1235 6331/1582/4543 6158/94/1249 5596/973/1248
f 6331/1582/4543 6332/1583/4544 6159/526/1223 6158/94/1249
f 6332/1583/4544 6333/210/1339 5594/31/4562 6159/526/1223
f 6334/1252/4483 5593/971/1245 5594/31/4562 6333/210/1339
f 6180/789/4972 5624/975/1276 6161/1505/1252 6160/788/1252
f 5624/975/1276 6181/988/1311 6162/1504/1252 6161/1505/1252
f 6181/988/1311 6182/1585/4973 6163/1503/1252 6162/1504/1252
f 6182/1585/4973 5627/990/1313 6164/1502/1252 6163/1503/1252
f 6183/989/1312 6165/1683/1252 6164/1502/1252 5627/990/1313
f 6184/550/4974 6166/529/1252 6165/1683/1252 6183/989/1312
f 6185/1756/4975 6167/1501/1252 6166/529/1252 6184/550/4974
f 6186/551/4976 6168/760/1252 6167/1501/1252 6185/1756/4975
f 6187/1586/4977 6169/1500/1252 6168/760/1252 6186/551/4976
f 6187/1586/4977 5633/217/1314 6170/1682/1252 6169/1500/1252
f 5633/217/1314 6188/991/1316 6171/527/1252 6170/1682/1252
f 6188/991/1316 6189/1587/4978 6172/1510/1252 6171/527/1252
f 6189/1587/4978 6190/1588/4979 6173/1509/1252 6172/1510/1252
f 6190/1588/4979 6191/1589/4980 6174/1508/1252 6173/1509/1252
f 6192/1590/4981 6175/1685/1252 6174/1508/1252 6191/1589/4980
f 6193/1757/4982 6176/531/1252 6175/1685/1252 6192/1590/4981
f 6176/531/1252 6193/1757/4982 6102/974/1272 6177/1507/1252
f 6194/792/1317 6178/762/1252 6177/1507/1252 6102/974/1272
f 6195/553/4983 6179/1506/1252 6178/762/1252 6194/792/1317
f 6195/553/4983 6180/789/4972 6160/788/1252 6179/1506/1252
f 5626/149/1237 6182/1585/4973 6181/988/1311 5625/158/1310
f 6180/789/4972 6085/189/1274 5624/975/1276
f 5628/159/1237 5629/125/1237 6184/550/4974 6183/989/1312
f 6182/1585/4973 5626/149/1237 5627/990/1313
f 5629/125/1237 5630/126/1237 6185/1756/4975 6184/550/4974
f 5630/126/1237 5631/127/1237 6186/551/4976 6185/1756/4975
f 5631/127/1237 5632/151/1237 6187/1586/4977 6186/551/4976
f 5635/153/1237 6189/1587/4978 6188/991/1316 5634/129/1315
f 6187/1586/4977 5632/151/1237 5633/217/1314
f 5636/152/1237 6190/1588/4979 6189/1587/4978 5635/153/1237
f 5637/156/1237 6191/1589/4980 6190/1588/4979 5636/152/1237
f 5637/156/1237 5621/131/1237 6192/1590/4981 6191/1589/4980
f 5621/131/1237 5622/132/1248 6193/1757/4982 6192/1590/4981
f 5623/188/1271 6104/191/4619 6195/553/4983 6194/792/1317
f 6102/974/1272 6193/1757/4982 5622/132/1248
f 6085/189/1274 6180/789/4972 6195/553/4983 6104/191/4619
f 6324/189/4984 6197/189/1228 6196/191/1339 6323/191/1339
f 6326/222/4479 6199/222/4479 6198/158/1320 6325/158/1319
f 6197/189/1228 6324/189/4984 5702/992/1318
f 6310/150/4477 6200/150/4534 6199/222/4479 6326/222/4479
f 6311/159/4966 6201/159/1243 6200/150/4534 6310/150/4477
f 6312/125/4473 6202/125/4473 6201/159/1243 6311/159/4966
f 6313/126/4985 6203/126/4471 6202/125/4473 6312/125/4473
f 6314/127/4537 6204/127/1466 6203/126/4471 6313/126/4985
f 6315/151/4986 6205/151/1241 6204/127/1466 6314/127/4537
f 6315/151/4986 6316/217/4563 6206/217/1290 6205/151/1241
f 6316/217/4563 6317/129/4987 6207/129/1289 6206/217/1290
f 6317/129/4987 6318/153/4545 6208/153/4546 6207/129/1289
f 6318/153/4545 5713/152/1337 6209/154/4494 6208/153/4546
f 5713/152/1337 6319/156/1336 6210/156/1336 6209/154/4494
f 6319/156/1336 6320/131/1236 6211/131/4963 6210/156/1336
f 6320/131/1236 6321/132/4988 6212/132/1235 6211/131/4963
f 6321/132/4988 6322/192/1249 6213/192/4543 6212/132/1235
f 6322/192/1249 5699/188/1277 6214/188/4544 6213/192/4543
f 5699/188/1277 6323/191/1339 6196/191/1339 6214/188/4544
f 6215/191/1321 6235/191/1321 6236/189/4684 6216/189/4684
f 6216/189/4684 6236/189/4684 6237/157/4960 6217/157/4960
f 6217/157/4960 6237/157/4960 6238/158/4961 6218/158/4961
f 6218/158/4961 6238/158/4961 6239/222/4691 6219/222/4691
f 6219/222/4691 6239/222/4691 6240/150/4694 6220/150/4694
f 6220/150/4694 6240/150/4694 6241/159/4697 6221/159/4697
f 6221/159/4697 6241/159/4697 6242/537/4700 6222/537/4700
f 6242/537/4700 6243/126/4962 6223/126/4962 6222/537/4700
f 6243/126/4962 6244/127/4955 6224/127/4955 6223/126/4962
f 6244/127/4955 6245/1263/4709 6225/1263/4709 6224/127/4955
f 6225/1263/4709 6245/1263/4709 6246/217/4712 6226/217/4712
f 6226/217/4712 6246/217/4712 6247/129/1282 6227/129/1282
f 6227/129/1282 6247/129/1282 6248/153/4956 6228/153/4956
f 6228/153/4956 6248/153/4956 6249/152/4718 6229/152/4718
f 6249/152/4718 6250/1222/4719 6230/1222/4957 6229/152/4718
f 6250/1222/4719 6251/131/4722 6231/131/4722 6230/1222/4957
f 6251/131/4722 6252/132/4725 6232/132/4958 6231/131/4722
f 6252/132/4725 6253/192/4959 6233/192/4959 6232/132/4958
f 6253/192/4959 6254/188/4989 6234/188/1279 6233/192/4959
f 6215/191/1321 6234/188/1279 6254/188/4989 6235/191/1321
f 6235/191/1321 6255/191/1321 6256/189/4684 6236/189/4684
f 6236/189/4684 6256/189/4684 6257/157/4687 6237/157/4960
f 6237/157/4960 6257/157/4687 6258/158/4961 6238/158/4961
f 6238/158/4961 6258/158/4961 6259/222/4691 6239/222/4691
f 6239/222/4691 6259/222/4691 6260/150/4694 6240/150/4694
f 6240/150/4694 6260/150/4694 6261/159/4697 6241/159/4697
f 6241/159/4697 6261/159/4697 6262/537/4700 6242/537/4700
f 6262/537/4700 6263/126/4990 6243/126/4962 6242/537/4700
f 6263/126/4990 6264/127/4707 6244/127/4955 6243/126/4962
f 6264/127/4707 6265/151/4709 6245/1263/4709 6244/127/4955
f 6245/1263/4709 6265/151/4709 6266/217/4712 6246/217/4712
f 6246/217/4712 6266/217/4712 6267/129/1282 6247/129/1282
f 6247/129/1282 6267/129/1282 6268/153/4956 6248/153/4956
f 6248/153/4956 6268/153/4956 6269/152/4718 6249/152/4718
f 6269/152/4718 6270/1222/4957 6250/1222/4719 6249/152/4718
f 6270/1222/4957 6271/131/4722 6251/131/4722 6250/1222/4719
f 6271/131/4722 6272/132/4958 6252/132/4725 6251/131/4722
f 6272/132/4958 6273/192/4991 6253/192/4959 6252/132/4725
f 6273/192/4991 5718/993/1322 6254/188/4989 6253/192/4959
f 6235/191/1321 6254/188/4989 5718/993/1322 6255/191/1321
f 6255/191/1321 5721/191/1323 5723/189/4992 6256/189/4684
f 6256/189/4684 5723/189/4992 5725/157/4993 6257/157/4687
f 6257/157/4687 5725/157/4993 5727/158/4994 6258/158/4961
f 6258/158/4961 5727/158/4994 5729/222/4995 6259/222/4691
f 6259/222/4691 5729/222/4995 5731/150/4996 6260/150/4694
f 6260/150/4694 5731/150/4996 5733/159/4997 6261/159/4697
f 6261/159/4697 5733/159/4997 5735/125/4998 6262/537/4700
f 5735/125/4998 5737/126/4999 6263/126/4990 6262/537/4700
f 5737/126/4999 5739/127/5000 6264/127/4707 6263/126/4990
f 5739/127/5000 5741/151/5001 6265/151/4709 6264/127/4707
f 6265/151/4709 5741/151/5001 5743/217/5002 6266/217/4712
f 6266/217/4712 5743/217/5002 5745/129/5003 6267/129/1282
f 6267/129/1282 5745/129/5003 5747/153/5004 6268/153/4956
f 6268/153/4956 5747/153/5004 5749/152/5005 6269/152/4718
f 5749/152/5005 5751/156/5006 6270/1222/4957 6269/152/4718
f 5751/156/5006 5753/131/5007 6271/131/4722 6270/1222/4957
f 5753/131/5007 5755/132/5008 6272/132/4958 6271/131/4722
f 5755/132/5008 5717/192/4658 6273/192/4991 6272/132/4958
f 5650/1194/5009 6276/1514/4748 6275/995/1326 5649/994/1325
f 5718/993/1322 6273/192/4991 5717/192/4658
f 6274/1687/4761 5647/559/5010 5648/560/1324
f 5651/798/5011 6277/799/4749 6276/1514/4748 5650/1194/5009
f 5655/1001/1332 5656/1196/5012 6280/1517/4750 6279/999/1330
f 6277/799/4749 5651/798/5011 5652/996/1327
f 5654/1000/1331 6278/998/1329 5653/997/1328
f 5656/1196/5012 5657/227/5013 6281/1518/4751 6280/1517/4750
f 5657/227/5013 5638/1188/5014 6282/1519/4752 6281/1518/4751
f 5638/1188/5014 5639/134/5015 6283/1520/4753 6282/1519/4752
f 5639/134/5015 5640/1189/5016 6284/768/4754 6283/1520/4753
f 5640/1189/5016 5641/1190/5017 6285/1521/4755 6284/768/4754
f 5642/229/5018 6286/1522/4756 6285/1521/4755 5641/1190/5017
f 5643/230/5019 6287/228/4757 6286/1522/4756 5642/229/5018
f 5643/230/5019 5644/1191/5020 6288/1523/4758 6287/228/4757
f 5644/1191/5020 5645/1192/5021 6289/1524/4759 6288/1523/4758
f 5645/1192/5021 5646/1193/5022 6290/1525/4760 6289/1524/4759
f 5647/559/5010 6274/1687/4761 6290/1525/4760 5646/1193/5022
f 5979/162/4895 6292/562/4909 6291/170/4908 5978/171/4893
f 5980/138/4897 6293/173/4910 6292/562/4909 5979/162/4895
f 5947/984/1305 6294/564/4807 6293/173/4910 5980/138/4897
f 5981/139/1301 6295/139/1301 6294/564/4807 5947/984/1305
f 5981/139/1301 5982/1544/4918 6296/980/1302 6295/139/1301
f 5982/1544/4918 5983/978/4919 6297/982/1304 6296/980/1302
f 5983/978/4919 5984/1545/4920 6298/983/1294 6297/982/1304
f 5984/1545/4920 5985/174/4900 6299/174/4911 6298/983/1294
f 5987/141/1335 5988/233/4912 6301/782/4912 6300/1002/1333
f 5986/142/1334 6299/174/4911 5985/174/4900
f 5988/233/4912 5970/164/4913 6302/541/4902 6301/782/4912
f 5970/164/4913 5971/1541/4883 6303/165/4903 6302/541/4902
f 5971/1541/4883 5972/175/4914 6304/800/4824 6303/165/4903
f 5973/784/4915 6305/234/4904 6304/800/4824 5972/175/4914
f 5974/1067/4916 6306/1067/4905 6305/234/4904 5973/784/4915
f 5975/1542/1293 6307/1068/4906 6306/1067/4905 5974/1067/4916
f 5976/167/4917 6308/167/4889 6307/1068/4906 5975/1542/1293
f 5977/1543/4907 6309/169/4907 6308/167/4889 5976/167/4917
f 5978/171/4893 6291/170/4908 6309/169/4907 5977/1543/4907
f 5706/159/5023 6311/159/4966 6310/150/4477 5705/150/5024
f 5707/125/4667 6312/125/4473 6311/159/4966 5706/159/5023
f 5708/126/5025 6313/126/4985 6312/125/4473 5707/125/4667
f 5709/127/5026 6314/127/4537 6313/126/4985 5708/126/5025
f 5710/151/5027 6315/151/4986 6314/127/4537 5709/127/5026
f 5710/151/5027 5711/217/4672 6316/217/4563 6315/151/4986
f 5711/217/4672 5712/129/1281 6317/129/4987 6316/217/4563
f 5712/129/1281 6050/153/1280 6318/153/4545 6317/129/4987
f 5714/156/1338 5715/131/4542 6320/131/1236 6319/156/1336
f 5713/152/1337 6318/153/4545 6050/153/1280
f 5715/131/4542 5716/132/5028 6321/132/4988 6320/131/1236
f 5716/132/5028 5698/187/1278 6322/192/1249 6321/132/4988
f 5701/189/4660 6324/189/4984 6323/191/1339 5700/191/1340
f 5699/188/1277 6322/192/1249 5698/187/1278
f 5704/222/4664 6326/222/4479 6325/158/1319 5703/158/1341
f 6324/189/4984 5701/189/4660 5702/992/1318
f 5705/150/5024 6310/150/4477 6326/222/4479 5704/222/4664
f 6138/544/4494 6139/1699/1336 6328/1707/1336 6327/1073/4494
f 6139/1699/1336 6140/567/1236 6329/565/1236 6328/1707/1336
f 6140/567/1236 6141/1571/1235 6330/1580/1235 6329/565/1236
f 6141/1571/1235 6142/1572/4543 6331/1582/4543 6330/1580/1235
f 6142/1572/4543 6143/236/4544 6332/1583/4544 6331/1582/4543
f 6143/236/4544 6144/1249/1339 6333/210/1339 6332/1583/4544
f 6125/1236/1228 6334/1252/4483 6333/210/1339 6144/1249/1339
f 6126/1235/4530 6335/1573/4530 6334/1252/4483 6125/1236/1228
f 6127/1562/4481 6336/1574/4481 6335/1573/4530 6126/1235/4530
f 6128/1690/4479 6337/1701/4479 6336/1574/4481 6127/1562/4481
f 6129/1691/4534 6338/1702/4534 6337/1701/4479 6128/1690/4479
f 6130/569/4475 6339/570/4475 6338/1702/4534 6129/1691/4534
f 6131/1564/4473 6340/1575/4473 6339/570/4475 6130/569/4475
f 6132/1565/4471 6341/1576/4471 6340/1575/4473 6131/1564/4473
f 6133/1566/1466 6342/967/1240 6341/1576/4471 6132/1565/4471
f 6134/1694/1241 6343/987/1241 6342/967/1240 6133/1566/1466
f 6134/1694/1241 6135/1695/4539 6344/1704/4539 6343/987/1241
f 6135/1695/4539 6136/572/1289 6345/1705/1289 6344/1704/4539
f 6136/1568/1289 6137/1697/4545 6346/549/4546 6345/1706/1289
f 6137/1697/4545 6138/544/4494 6327/1073/4494 6346/549/4546
f 5615/688/1344 5614/959/1225 6349/1700/1223 6348/1003/1342
f 5611/844/5029 6351/1076/4964 6350/1004/1346 5612/337/1345
f 5613/376/1226 6349/1700/1223 5614/959/1225
f 5610/614/5030 6352/1561/4965 6351/1076/4964 5611/844/5029
f 5607/1241/4666 6354/1692/4966 6353/574/1349 5608/37/1348
f 6352/1561/4965 5610/614/5030 5609/1005/1347
f 5606/914/5031 6355/1755/4967 6354/1692/4966 5607/1241/4666
f 5605/439/5032 6356/575/4968 6355/1755/4967 5606/914/5031
f 5604/742/5033 6357/802/4969 6356/575/4968 5605/439/5032
f 5603/244/5034 6358/1693/4970 6357/802/4969 5604/742/5033
f 5603/244/5034 5602/47/5035 6359/543/4971 6358/1693/4970
f 5602/47/5035 5601/59/4673 6360/1567/1289 6359/543/4971
f 5601/1162/4673 5619/657/4674 6361/1696/4545 6360/1569/1289
f 5619/657/4674 5618/38/5036 6362/1698/4494 6361/1696/4545
f 5618/38/5036 5617/39/4541 6363/577/1336 6362/1698/4494
f 5617/39/4541 5616/372/4572 6364/1078/1236 6363/577/1336
f 6557/1358/1392 6558/1592/1392 6365/533/5037 6366/247/1392
f 6347/281/1343 6364/1078/1236 5616/372/4572
f 6557/1358/1392 6366/247/1392 6367/245/1392 6556/392/1392
f 6556/392/1392 6367/245/1392 6368/464/5038 6555/1081/1392
f 6555/1081/1392 6368/464/5038 6369/1017/5039 6554/854/1392
f 6554/854/1392 6369/1017/5039 6370/515/5040 6389/400/1391
f 6389/400/1391 6370/515/5040 6371/1016/1378 6553/1364/1392
f 6552/643/5037 6553/1364/1392 6371/1016/1378 6372/248/1377
f 6551/359/1392 6552/643/5037 6372/248/1377 6373/517/1392
f 6550/1365/1392 6551/359/1392 6373/517/1392 6374/253/1392
f 6549/1593/1392 6550/1365/1392 6374/253/1392 6375/251/1392
f 6548/1452/1392 6549/1593/1392 6375/251/1392 6376/1758/5041
f 6548/1452/1392 6376/1758/5041 6377/1759/5042 6566/362/1392
f 6566/362/1392 6377/1759/5042 6378/1015/1375 6565/1594/1392
f 6565/1594/1392 6378/1015/1375 6379/518/1374 6564/1369/1392
f 6564/1369/1392 6379/518/1374 6380/578/5037 6563/580/5037
f 6563/580/5037 6380/578/5037 6381/536/1392 6562/394/1392
f 6561/468/1392 6562/394/1392 6381/536/1392 6382/519/1392
f 6560/930/1392 6561/468/1392 6382/519/1392 6383/258/1392
f 6559/471/5037 6560/930/1392 6383/258/1392 6384/469/1392
f 6558/1592/1392 6559/471/5037 6384/469/1392 6365/533/5037
f 6469/584/5043 6486/1019/1384 6389/261/1391 6390/585/5044
f 6471/1021/1366 6385/520/1350 6490/1007/1352
f 6386/1006/1351 6387/24/1353 6470/804/1355
f 6388/1008/1354 6389/261/1391 6486/1019/1384
f 6469/584/5043 6390/585/5044 6391/26/5045 6468/28/5046
f 6468/28/5046 6391/26/5045 6392/377/5047 6467/1454/5048
f 6467/1454/5048 6392/377/5047 6393/523/1358 6466/660/1357
f 6464/1455/5049 6397/375/5050 6398/92/1364 6463/936/1363
f 6395/42/1361 6465/866/1360 6394/1009/1356
f 6397/375/5050 6464/1455/5049 6396/1010/1359
f 6474/646/5051 6475/263/5052 6400/206/5053 6401/409/5054
f 6400/206/5053 6475/263/5052 6399/1011/1362
f 6473/1085/5055 6474/646/5051 6401/409/5054 6402/1083/5056
f 6472/34/1367 6473/1085/5055 6402/1083/5056 6403/32/1365
f 6529/367/5057 6404/216/5058 6405/366/5059 6528/938/5060
f 6527/473/5061 6528/938/5060 6405/366/5059 6406/215/5062
f 6526/1596/5063 6527/473/5061 6406/215/5062 6407/414/5064
f 6525/835/5065 6526/1596/5063 6407/414/5064 6408/412/5066
f 6524/606/5067 6525/835/5065 6408/412/5066 6409/68/5068
f 6523/1457/5062 6524/606/5067 6409/68/5068 6410/528/5069
f 6523/1457/5062 6410/528/5069 6411/213/5070 6522/940/5071
f 6522/940/5071 6411/213/5070 6412/212/5072 6521/369/5073
f 6521/369/5073 6412/212/5072 6413/368/1370 6520/1013/1369
f 6518/370/5074 6519/837/5075 6415/838/5076 6416/96/5077
f 6415/838/5076 6519/837/5075 6414/474/1368
f 6517/1101/5061 6518/370/5074 6416/96/5077 6417/97/5078
f 6516/588/1373 6517/1101/5061 6417/97/5078 6418/415/1371
f 6532/478/1400 6421/419/5079 6422/417/5080 6531/737/5081
f 6421/419/5079 6532/478/1400 6420/463/1382
f 6531/737/5081 6422/417/5080 6423/481/5074 6530/480/5082
f 6530/480/5082 6423/481/5074 6404/216/5058 6529/367/5057
f 6595/609/5083 6366/247/5084 6365/533/5084 6594/1464/5083
f 6594/1464/5085 6365/533/5086 6384/469/5086 6593/1463/5085
f 6593/1463/5087 6384/469/5088 6383/258/5088 6592/482/5087
f 6592/482/5089 6383/258/5089 6382/519/5089 6591/809/5089
f 6591/809/5090 6382/519/5090 6381/536/5090 6590/1466/5090
f 6589/1465/5091 6590/1466/5091 6381/536/5091 6380/578/5091
f 6588/811/5092 6589/1465/5092 6380/578/5092 6379/518/5092
f 6586/487/5093 6587/717/5094 6375/251/5093 6374/253/5093
f 6376/1758/1412 6375/251/5095 6587/717/1412
f 6585/719/5096 6586/487/1431 6374/253/5097 6373/517/5097
f 6599/611/5098 6585/719/5098 6373/517/5098 6372/248/5098
f 6597/1468/5099 6368/464/5099 6367/245/5099 6596/489/5099
f 6370/515/5040 6598/739/5100 6371/1016/1378
f 6368/464/5038 6597/1468/5101 6369/1017/5039
f 6596/489/5102 6367/245/5102 6366/247/5102 6595/609/5102
f 6418/688/1371 6445/884/5103 6444/589/1383 6419/591/1372
f 6417/959/5104 6446/849/5049 6445/884/5103 6418/688/1371
f 6416/241/5105 6447/265/5106 6446/849/5049 6417/959/5104
f 6415/337/5076 6448/490/5107 6447/265/5106 6416/241/5105
f 6414/844/1368 6449/1469/5108 6448/490/5107 6415/337/5076
f 6413/614/5109 6450/612/5110 6449/1469/5108 6414/844/1368
f 6412/1086/5111 6451/1087/5112 6450/612/5110 6413/614/5109
f 6411/37/5113 6452/35/5046 6451/1087/5112 6412/1086/5111
f 6410/1241/5114 6453/599/5115 6452/35/5046 6411/37/5113
f 6410/1241/5114 6409/914/5116 6454/961/5117 6453/599/5115
f 6409/914/5116 6408/439/5118 6455/1470/5119 6454/961/5117
f 6408/439/5118 6407/742/5120 6456/743/5121 6455/1470/5119
f 6407/742/5120 6406/244/5122 6457/1138/5123 6456/743/5121
f 6406/244/5122 6405/47/5124 6458/318/5125 6457/1138/5123
f 6405/47/5124 6404/59/5126 6459/616/1425 6458/318/5125
f 6404/1162/5126 6423/657/5127 6460/962/5128 6459/1305/1425
f 6423/657/5127 6422/38/5129 6461/875/5130 6460/962/5128
f 6422/38/5129 6421/39/5079 6462/40/5051 6461/875/5130
f 6477/1268/5103 6463/936/1363 6399/1011/1362 6476/882/5131
f 6420/1018/1382 6462/40/5051 6421/39/5079
f 6478/1472/5132 6464/1455/5049 6463/936/1363 6477/1268/5103
f 6479/1473/1420 6396/1010/1359 6464/1455/5049 6478/1472/5132
f 6480/1474/1360 6465/866/1360 6396/1010/1359 6479/1473/1420
f 6481/619/5133 6394/1009/1356 6465/866/1360 6480/1474/1360
f 6482/52/5110 6466/660/1357 6394/1009/1356 6481/619/5133
f 6483/324/1421 6467/1454/5048 6466/660/1357 6482/52/5110
f 6484/1154/1423 6468/28/5046 6467/1454/5048 6483/324/1421
f 6485/597/5115 6469/584/5043 6468/28/5046 6484/1154/1423
f 6487/1020/1385 6488/1475/1403 6470/804/1355 6388/1008/1354
f 6486/1019/1384 6469/584/5043 6485/597/5115
f 6488/1475/1403 6489/883/5123 6386/1006/1351 6470/804/1355
f 6491/1156/1386 6492/664/1424 6472/34/1367 6471/1012/1366
f 6490/1007/1352 6386/1006/1351 6489/883/5123
f 6492/664/1424 6493/331/5134 6473/1085/5055 6472/34/1367
f 6493/331/5134 6494/879/5135 6474/646/5051 6473/1085/5055
f 6494/879/5135 6495/277/1427 6475/263/5052 6474/646/5051
f 6476/882/5131 6399/1011/1362 6475/263/5052 6495/277/1427
f 6497/280/5103 6477/1268/5103 6476/882/5131 6496/963/5131
f 6498/850/5132 6478/1472/5132 6477/1268/5103 6497/280/5103
f 6499/283/1420 6479/1473/1420 6478/1472/5132 6498/850/5132
f 6500/885/1360 6480/1474/1360 6479/1473/1420 6499/283/1420
f 6501/1282/5133 6481/619/5133 6480/1474/1360 6500/885/1360
f 6502/328/5110 6482/52/5110 6481/619/5133 6501/1282/5133
f 6503/58/1421 6483/324/1421 6482/52/5110 6502/328/5110
f 6504/815/1423 6484/1154/1423 6483/324/1421 6503/58/1421
f 6505/596/5115 6485/597/5115 6484/1154/1423 6504/815/1423
f 6505/596/5115 6506/1477/5136 6486/1019/1384 6485/597/5115
f 6506/1477/5136 6507/1478/5137 6487/1020/1385 6486/1019/1384
f 6507/1478/5137 6508/1479/1403 6488/1475/1403 6487/1020/1385
f 6508/1479/1403 6509/1480/5123 6489/883/5123 6488/1475/1403
f 6509/1480/5123 6510/1481/5138 6490/1007/1352 6489/883/5123
f 6510/1481/5138 6511/56/1386 6491/55/1386 6490/1007/1352
f 6511/1161/1386 6512/1035/1424 6492/664/1424 6491/1156/1386
f 6512/1035/1424 6513/60/5134 6493/331/5134 6492/664/1424
f 6513/60/5134 6514/667/5135 6494/879/5135 6493/331/5134
f 6514/667/5135 6515/598/1427 6495/277/1427 6494/879/5135
f 6496/963/5131 6476/882/5131 6495/277/1427 6515/598/1427
f 6445/884/5103 6497/280/5103 6496/963/5131 6444/589/1383
f 6446/849/5049 6498/850/5132 6497/280/5103 6445/884/5103
f 6447/265/5106 6499/283/1420 6498/850/5132 6446/849/5049
f 6448/490/5107 6500/885/1360 6499/283/1420 6447/265/5106
f 6449/1469/5108 6501/1282/5133 6500/885/1360 6448/490/5107
f 6450/612/5110 6502/328/5110 6501/1282/5133 6449/1469/5108
f 6451/1087/5112 6503/58/1421 6502/328/5110 6450/612/5110
f 6452/35/5046 6504/815/1423 6503/58/1421 6451/1087/5112
f 6453/599/5115 6505/596/5115 6504/815/1423 6452/35/5046
f 6453/599/5115 6454/961/5117 6506/1477/5136 6505/596/5115
f 6454/961/5117 6455/1470/5119 6507/1478/5137 6506/1477/5136
f 6455/1470/5119 6456/743/5121 6508/1479/1403 6507/1478/5137
f 6456/743/5121 6457/1138/5123 6509/1480/5123 6508/1479/1403
f 6457/1138/5123 6458/318/5125 6510/1481/5138 6509/1480/5123
f 6458/318/5125 6459/616/1425 6511/56/1386 6510/1481/5138
f 6459/1305/1425 6460/962/5128 6512/1035/1424 6511/1161/1386
f 6460/962/5128 6461/875/5130 6513/60/5134 6512/1035/1424
f 6461/875/5130 6462/40/5051 6514/667/5135 6513/60/5134
f 6462/40/5051 6420/1018/1382 6515/598/1427 6514/667/5135
f 6444/589/1383 6496/963/5131 6515/598/1427 6420/1018/1382
f 6603/955/1369 6604/860/1369 6517/1101/5061 6516/588/1373
f 6604/860/1369 6605/396/1369 6518/370/5074 6517/1101/5061
f 6605/396/1369 6606/509/1369 6519/837/5075 6518/370/5074
f 6607/1110/1369 6414/474/1368 6519/837/5075 6606/509/1369
f 6608/825/1369 6520/1013/1369 6414/474/1368 6607/1110/1369
f 6609/512/1369 6521/369/5073 6520/1013/1369 6608/825/1369
f 6610/679/1369 6522/940/5071 6521/369/5073 6609/512/1369
f 6611/730/1369 6523/1457/5062 6522/940/5071 6610/679/1369
f 6611/730/1369 6612/639/1400 6524/606/5067 6523/1457/5062
f 6612/639/1400 6613/732/1400 6525/835/5065 6524/606/5067
f 6613/732/1400 6614/640/1400 6526/1596/5063 6525/835/5065
f 6614/640/1400 6615/826/1369 6527/473/5061 6526/1596/5063
f 6615/826/1369 6616/899/1369 6528/938/5060 6527/473/5061
f 6617/750/1369 6529/367/5057 6528/938/5060 6616/899/1369
f 6618/829/1369 6530/480/5082 6529/367/5057 6617/750/1369
f 6600/514/1369 6531/737/5081 6530/480/5082 6618/829/1369
f 6441/1024/1393 6532/478/1400 6531/737/5081 6600/514/1369
f 6601/638/1400 6420/463/1382 6532/478/1400 6441/1024/1393
f 6601/638/1400 6602/1606/1369 6419/1014/1372 6420/463/1382
f 6602/1606/1369 6603/955/1369 6516/588/1373 6419/1014/1372
f 6395/391/1361 6394/103/1356 6534/495/5139 6533/1023/1390
f 6392/83/1388 6391/250/5045 6536/504/5140 6535/496/1387
f 6393/71/1358 6534/495/5139 6394/103/1356
f 6386/293/1351 6538/389/5141 6537/624/1389 6387/5/1353
f 6390/1760/5044 6536/504/5140 6391/250/5045
f 6385/948/1350 6539/949/5142 6538/389/5141 6386/293/1351
f 6385/948/1350 6471/420/1366 6540/499/5143 6539/949/5142
f 6471/420/1366 6403/89/1365 6541/819/5140 6540/499/5143
f 6403/89/1365 6402/90/5144 6542/670/5140 6541/819/5140
f 6402/90/5144 6401/91/5145 6543/626/5146 6542/670/5140
f 6401/91/5145 6400/395/5053 6544/891/5147 6543/626/5146
f 6399/17/1362 6545/672/5148 6544/891/5147 6400/395/5053
f 6398/86/5149 6546/501/5150 6545/672/5148 6399/17/1362
f 6397/87/5050 6547/817/5151 6546/501/5150 6398/86/5149
f 6533/1023/1390 6534/495/5139 6549/1593/1392 6548/1452/1392
f 6547/817/5151 6397/87/5050 6396/1022/1359
f 6534/495/5139 6393/71/1358 6550/1365/1392 6549/1593/1392
f 6393/71/1358 6535/496/1387 6551/359/1392 6550/1365/1392
f 6535/496/1387 6536/504/5140 6552/643/5037 6551/359/1392
f 6536/504/5140 6390/1760/5044 6553/1364/1392 6552/643/5037
f 6537/624/1389 6555/1081/1392 6554/854/1392 6388/73/1354
f 6553/1364/1392 6390/1760/5044 6389/400/1391
f 6538/389/5141 6556/392/1392 6555/1081/1392 6537/624/1389
f 6539/949/5142 6557/1358/1392 6556/392/1392 6538/389/5141
f 6539/949/5142 6540/499/5143 6558/1592/1392 6557/1358/1392
f 6540/499/5143 6541/819/5140 6559/471/5037 6558/1592/1392
f 6541/819/5140 6542/670/5140 6560/930/1392 6559/471/5037
f 6542/670/5140 6543/626/5146 6561/468/1392 6560/930/1392
f 6543/626/5146 6544/891/5147 6562/394/1392 6561/468/1392
f 6545/672/5148 6563/580/5037 6562/394/1392 6544/891/5147
f 6546/501/5150 6564/1369/1392 6563/580/5037 6545/672/5148
f 6547/817/5151 6565/1594/1392 6564/1369/1392 6546/501/5150
f 6396/1022/1359 6566/362/1392 6565/1594/1392 6547/817/5151
f 6533/1023/1390 6548/1452/1392 6566/362/1392 6396/1022/1359
f 6432/113/5152 6433/114/5152 6568/74/5153 6567/727/5153
f 6433/114/5154 6434/115/5154 6569/820/5154 6568/74/5154
f 6434/115/5155 6435/116/5155 6570/723/5156 6569/820/5156
f 6435/116/5157 6436/117/5157 6571/895/5157 6570/723/5157
f 6436/117/5158 6437/64/5158 6572/1492/5158 6571/895/5158
f 6437/64/5159 6438/118/5159 6573/676/5160 6572/1492/5160
f 6438/118/5161 6439/119/5161 6574/1040/5162 6573/676/5162
f 6439/119/5163 6440/120/5163 6575/1493/5164 6574/1040/5164
f 6443/123/5165 6577/857/5166 6576/76/5166 6442/122/5165
f 6575/1493/5167 6440/120/1399 6441/1024/1393
f 6424/104/5086 6578/633/5085 6577/857/5085 6443/123/5086
f 6425/105/5083 6579/724/5083 6578/633/5083 6424/104/5083
f 6426/107/5168 6580/1043/5168 6579/724/5168 6425/105/5168
f 6427/108/5169 6581/745/5169 6580/1043/5169 6426/107/5169
f 6430/111/5170 6583/636/5170 6582/859/5170 6429/110/5170
f 6581/745/5171 6427/108/5172 6428/1025/5101
f 6430/111/5173 6431/112/5173 6584/1495/5174 6583/636/5174
f 6431/112/5175 6432/113/5175 6567/727/5176 6584/1495/5176
f 6567/727/5153 6568/74/5153 6586/487/1431 6585/719/5096
f 6568/74/5154 6569/820/5154 6587/717/5094 6586/487/5093
f 6569/820/5156 6570/723/5156 6376/1758/1412 6587/717/1412
f 6570/723/5157 6571/895/5157 6377/1759/5042 6376/1758/5041
f 6571/895/5158 6572/1492/5158 6378/1015/1375 6377/1759/5042
f 6572/1492/5160 6573/676/5160 6588/811/1376 6378/1015/1375
f 6573/676/5162 6574/1040/5162 6589/1465/5092 6588/811/5092
f 6574/1040/5164 6575/1493/5164 6590/1466/5091 6589/1465/5091
f 6441/1024/1393 6591/809/5090 6590/1466/5090 6575/1493/5167
f 6576/76/1395 6592/482/5089 6591/809/5089 6441/1024/1393
f 6577/857/5166 6593/1463/5087 6592/482/5087 6576/76/5166
f 6578/633/5085 6594/1464/5085 6593/1463/5085 6577/857/5085
f 6579/724/5083 6595/609/5083 6594/1464/5083 6578/633/5083
f 6580/1043/5168 6596/489/5102 6595/609/5102 6579/724/5168
f 6581/745/5169 6597/1468/5099 6596/489/5099 6580/1043/5169
f 6428/1025/5101 6369/1017/5039 6597/1468/5101 6581/745/5171
f 6582/859/1398 6598/739/1380 6369/1017/1380 6428/1025/1396
f 6583/636/5170 6371/1016/1378 6598/739/5100 6582/859/5170
f 6583/636/5174 6584/1495/5174 6599/611/1379 6371/1016/1378
f 6584/1495/5176 6567/727/5176 6585/719/5098 6599/611/5098
f 6440/120/1399 6439/119/1369 6602/1606/1369 6601/638/1400
f 6600/514/1369 6442/122/1394 6441/1024/1393
f 6439/119/1369 6438/118/1373 6603/955/1369 6602/1606/1369
f 6438/118/1373 6437/64/1369 6604/860/1369 6603/955/1369
f 6437/64/1369 6436/117/1369 6605/396/1369 6604/860/1369
f 6436/117/1369 6435/116/1369 6606/509/1369 6605/396/1369
f 6434/115/1369 6607/1110/1369 6606/509/1369 6435/116/1369
f 6433/114/5177 6608/825/1369 6607/1110/1369 6434/115/1369
f 6432/113/1369 6609/512/1369 6608/825/1369 6433/114/5177
f 6431/112/1369 6610/679/1369 6609/512/1369 6432/113/1369
f 6430/111/1400 6611/730/1369 6610/679/1369 6431/112/1369
f 6430/111/1400 6429/110/1397 6612/639/1400 6611/730/1369
f 6429/110/1397 6428/1025/1396 6613/732/1400 6612/639/1400
f 6428/1025/1396 6427/108/1400 6614/640/1400 6613/732/1400
f 6427/108/1400 6426/107/1369 6615/826/1369 6614/640/1400
f 6426/107/1369 6425/105/1369 6616/899/1369 6615/826/1369
f 6424/104/1369 6617/750/1369 6616/899/1369 6425/105/1369
f 6443/123/1369 6618/829/1369 6617/750/1369 6424/104/1369
f 6442/122/1394 6600/514/1369 6618/829/1369 6443/123/1369
f 6819/1358/1392 6820/1592/5037 6619/533/1392 6620/247/1392
f 6819/1358/1392 6620/247/1392 6621/245/1392 6818/392/1392
f 6818/392/1392 6621/245/1392 6622/464/1392 6817/1081/1392
f 6817/1081/1392 6622/464/1392 6623/534/5178 6816/854/5037
f 6816/854/5037 6623/534/5178 6624/1031/5179 6815/1451/5037
f 6815/1451/5037 6624/1031/5179 6625/654/5180 6814/1364/1392
f 6813/643/1392 6814/1364/1392 6625/654/5180 6626/248/5181
f 6812/359/1392 6813/643/1392 6626/248/5181 6627/517/1392
f 6811/1365/5037 6812/359/1392 6627/517/1392 6628/253/1392
f 6810/1593/5037 6811/1365/5037 6628/253/1392 6629/1030/1411
f 6809/1452/1392 6810/1593/5037 6629/1030/1411 6630/535/1410
f 6809/1452/1392 6630/535/1410 6631/485/5037 6828/362/1392
f 6828/362/1392 6631/485/5037 6632/1029/1409 6827/1594/1392
f 6827/1594/1392 6632/1029/1409 6633/518/1374 6826/1369/1392
f 6826/1369/1392 6633/518/1374 6634/578/1392 6825/580/1392
f 6825/580/1392 6634/578/1392 6635/536/1392 6824/394/1392
f 6823/468/1392 6824/394/1392 6635/536/1392 6636/519/1392
f 6822/930/1392 6823/468/1392 6636/519/1392 6637/258/5037
f 6821/471/1392 6822/930/1392 6637/258/5037 6638/469/1392
f 6820/1592/5037 6821/471/1392 6638/469/1392 6619/533/1392
f 6727/582/5182 6728/1453/5183 6639/520/5184 6640/23/5185
f 6729/1761/1407 6639/520/5184 6728/1453/5183
f 6726/804/1403 6727/582/5182 6640/23/5185 6641/24/1401
f 6724/584/5186 6725/260/5187 6643/261/5188 6644/585/5189
f 6642/1026/1402 6643/261/5188 6725/260/5187
f 6724/584/5186 6644/585/5189 6645/26/5190 6723/28/1423
f 6723/28/1423 6645/26/5190 6646/377/5191 6722/1454/5192
f 6722/1454/5192 6646/377/5191 6647/523/5193 6721/660/5194
f 6721/660/5194 6647/523/5193 6648/711/5195 6720/617/5196
f 6720/617/5196 6648/711/5195 6649/42/5197 6719/866/5198
f 6719/866/5198 6649/42/5197 6650/31/5199 6718/714/1420
f 6718/714/1420 6650/31/5199 6651/375/5200 6717/1455/5132
f 6717/1455/5132 6651/375/5200 6652/92/1405 6716/936/1404
f 6732/646/5201 6733/263/5202 6654/206/5203 6655/409/5204
f 6654/206/5203 6733/263/5202 6653/1027/1362
f 6731/1085/5205 6732/646/5201 6655/409/5204 6656/1083/5206
f 6730/34/1408 6731/1085/5205 6656/1083/5206 6657/32/1406
f 6784/367/5207 6658/216/5208 6659/366/5209 6783/938/5210
f 6782/473/5211 6783/938/5210 6659/366/5209 6660/215/5212
f 6781/1596/5213 6782/473/5211 6660/215/5212 6661/414/5214
f 6780/835/5065 6781/1596/5213 6661/414/5214 6662/412/5215
f 6779/606/5216 6780/835/5065 6662/412/5215 6663/68/5217
f 6778/1457/5218 6779/606/5216 6663/68/5217 6664/528/5219
f 6778/1457/5218 6664/528/5219 6665/213/5220 6777/940/5221
f 6777/940/5221 6665/213/5220 6666/212/5222 6776/369/5223
f 6776/369/5223 6666/212/5222 6667/368/5224 6775/1013/5225
f 6775/1013/5225 6667/368/5224 6668/474/5226 6774/476/5227
f 6774/476/5227 6668/474/5226 6669/838/5228 6773/837/5077
f 6772/370/5211 6773/837/5077 6669/838/5228 6670/96/5229
f 6771/1101/5230 6772/370/5211 6670/96/5229 6671/97/5231
f 6770/588/5074 6771/1101/5230 6671/97/5231 6672/415/5232
f 6789/1460/5233 6770/588/5074 6672/415/5232 6673/532/1416
f 6788/1461/5227 6789/1460/5233 6673/532/1416 6674/463/1415
f 6788/1461/5227 6674/463/1415 6675/419/5234 6787/478/5235
f 6787/478/5235 6675/419/5234 6676/417/5236 6786/737/5237
f 6786/737/5237 6676/417/5236 6677/481/5238 6785/480/5239
f 6785/480/5239 6677/481/5238 6658/216/5208 6784/367/5207
f 6858/609/5083 6620/247/5084 6619/533/5084 6857/1464/5083
f 6857/1464/5240 6619/533/5241 6638/469/5241 6856/1463/5240
f 6856/1463/5242 6638/469/5242 6637/258/5242 6855/482/5242
f 6855/482/5243 6637/258/1395 6636/519/1395 6854/809/5243
f 6854/809/5244 6636/519/5245 6635/536/5245 6853/1466/5244
f 6852/1465/5246 6853/1466/5246 6635/536/5091 6634/578/5091
f 6851/811/5092 6852/1465/5092 6634/578/5092 6633/518/5092
f 6849/651/5247 6850/484/5247 6631/485/5247 6630/535/5247
f 6632/1029/5158 6631/485/5158 6850/484/5158
f 6847/719/1431 6848/487/1431 6628/253/1431 6627/517/1431
f 6629/1030/5248 6628/253/5249 6848/487/5250
f 6863/611/5251 6847/719/5251 6627/517/5252 6626/248/5252
f 6862/653/5253 6863/611/5253 6626/248/5254 6625/654/5254
f 6861/842/5255 6623/534/5101 6622/464/5101 6860/1468/5255
f 6623/534/5178 6861/842/5256 6624/1031/5179
f 6860/1468/5099 6622/464/5099 6621/245/5099 6859/489/5099
f 6859/489/5257 6621/245/5258 6620/247/5258 6858/609/5257
f 6672/688/5259 6698/884/5103 6697/589/1417 6673/591/1416
f 6671/959/5260 6699/1033/1418 6698/884/5103 6672/688/5259
f 6670/241/5261 6700/265/1419 6699/1033/1418 6671/959/5260
f 6669/337/5262 6701/490/5107 6700/265/1419 6670/241/5261
f 6668/844/5263 6702/1469/5264 6701/490/5107 6669/337/5262
f 6667/614/5265 6703/612/5266 6702/1469/5264 6668/844/5263
f 6666/1086/5267 6704/1034/1421 6703/612/5266 6667/614/5265
f 6665/37/5268 6705/35/1422 6704/1034/1421 6666/1086/5267
f 6664/1241/5269 6706/599/5186 6705/35/1422 6665/37/5268
f 6664/1241/5269 6663/914/5270 6707/961/5271 6706/599/5186
f 6663/914/5270 6662/439/5272 6708/1470/5273 6707/961/5271
f 6662/439/5272 6661/742/5274 6709/743/5275 6708/1470/5273
f 6661/742/5274 6660/244/5276 6710/1138/5277 6709/743/5275
f 6660/244/5276 6659/47/5124 6711/318/5125 6710/1138/5277
f 6659/47/5124 6658/59/5278 6712/1762/1425 6711/318/5125
f 6658/1162/5278 6677/657/5279 6713/962/1426 6712/1036/1425
f 6677/657/5279 6676/38/5280 6714/875/5281 6713/962/1426
f 6676/38/5280 6675/39/5234 6715/1037/1428 6714/875/5281
f 6735/1268/5103 6716/936/1404 6653/1027/1362 6734/882/5131
f 6674/1032/1415 6715/1037/1428 6675/39/5234
f 6736/1472/5132 6717/1455/5132 6716/936/1404 6735/1268/5103
f 6737/1473/1420 6718/714/1420 6717/1455/5132 6736/1472/5132
f 6738/1474/1360 6719/866/5198 6718/714/1420 6737/1473/1420
f 6739/619/5133 6720/617/5196 6719/866/5198 6738/1474/1360
f 6740/52/5110 6721/660/5194 6720/617/5196 6739/619/5133
f 6741/324/1421 6722/1454/5192 6721/660/5194 6740/52/5110
f 6742/1154/1423 6723/28/1423 6722/1454/5192 6741/324/1421
f 6743/597/5115 6724/584/5186 6723/28/1423 6742/1154/1423
f 6743/597/5115 6744/1309/5136 6725/260/5187 6724/584/5186
f 6744/1309/5136 6745/1020/1385 6642/1026/1402 6725/260/5187
f 6745/1020/1385 6746/1475/1403 6726/804/1403 6642/1026/1402
f 6746/1475/1403 6747/883/5123 6727/582/5182 6726/804/1403
f 6747/883/5123 6748/1476/5138 6728/1453/5183 6727/582/5182
f 6748/1476/5138 6749/55/1386 6729/1761/1407 6728/1453/5183
f 6749/1156/1386 6750/664/1424 6730/34/1408 6729/1028/1407
f 6750/664/1424 6751/331/5134 6731/1085/5205 6730/34/1408
f 6751/331/5134 6752/879/5135 6732/646/5201 6731/1085/5205
f 6752/879/5135 6753/277/1427 6733/263/5202 6732/646/5201
f 6734/882/5131 6653/1027/1362 6733/263/5202 6753/277/1427
f 6755/280/5103 6735/1268/5103 6734/882/5131 6754/963/5131
f 6699/1033/1418 6736/1472/5132 6735/1268/5103 6755/280/5103
f 6756/283/1420 6737/1473/1420 6736/1472/5132 6699/1033/1418
f 6757/885/1360 6738/1474/1360 6737/1473/1420 6756/283/1420
f 6758/1282/5133 6739/619/5133 6738/1474/1360 6757/885/1360
f 6759/328/5110 6740/52/5110 6739/619/5133 6758/1282/5133
f 6704/1034/1421 6741/324/1421 6740/52/5110 6759/328/5110
f 6760/815/1423 6742/1154/1423 6741/324/1421 6704/1034/1421
f 6761/596/5115 6743/597/5115 6742/1154/1423 6760/815/1423
f 6761/596/5115 6762/1477/5136 6744/1309/5136 6743/597/5115
f 6762/1477/5136 6763/1478/5137 6745/1020/1385 6744/1309/5136
f 6763/1478/5137 6764/1479/1403 6746/1475/1403 6745/1020/1385
f 6764/1479/1403 6765/1480/5123 6747/883/5123 6746/1475/1403
f 6765/1480/5123 6766/1481/5138 6748/1476/5138 6747/883/5123
f 6766/1481/5138 6712/1762/1425 6749/55/1386 6748/1476/5138
f 6712/1036/1425 6767/1035/1424 6750/664/1424 6749/1156/1386
f 6767/1035/1424 6768/60/5134 6751/331/5134 6750/664/1424
f 6768/60/5134 6715/1037/1428 6752/879/5135 6751/331/5134
f 6715/1037/1428 6769/598/1427 6753/277/1427 6752/879/5135
f 6754/963/5131 6734/882/5131 6753/277/1427 6769/598/1427
f 6698/884/5103 6755/280/5103 6754/963/5131 6697/589/1417
f 6701/490/5107 6757/885/1360 6756/283/1420 6700/265/1419
f 6755/280/5103 6698/884/5103 6699/1033/1418
f 6702/1469/5264 6758/1282/5133 6757/885/1360 6701/490/5107
f 6703/612/5266 6759/328/5110 6758/1282/5133 6702/1469/5264
f 6706/599/5186 6761/596/5115 6760/815/1423 6705/35/1422
f 6759/328/5110 6703/612/5266 6704/1034/1421
f 6706/599/5186 6707/961/5271 6762/1477/5136 6761/596/5115
f 6707/961/5271 6708/1470/5273 6763/1478/5137 6762/1477/5136
f 6708/1470/5273 6709/743/5275 6764/1479/1403 6763/1478/5137
f 6709/743/5275 6710/1138/5277 6765/1480/5123 6764/1479/1403
f 6710/1138/5277 6711/318/5125 6766/1481/5138 6765/1480/5123
f 6713/962/1426 6714/875/5281 6768/60/5134 6767/1035/1424
f 6712/1762/1425 6766/1481/5138 6711/318/5125
f 6697/589/1417 6754/963/5131 6769/598/1427 6674/1032/1415
f 6715/1037/1428 6768/60/5134 6714/875/5281
f 6868/955/1369 6869/860/1400 6771/1101/5230 6770/588/5074
f 6869/860/1400 6870/396/1369 6772/370/5211 6771/1101/5230
f 6870/396/1369 6871/509/1369 6773/837/5077 6772/370/5211
f 6872/1110/1369 6774/476/5227 6773/837/5077 6871/509/1369
f 6873/825/1369 6775/1013/5225 6774/476/5227 6872/1110/1369
f 6829/1039/1439 6776/369/5223 6775/1013/5225 6873/825/1369
f 6874/679/1369 6777/940/5221 6776/369/5223 6829/1039/1439
f 6875/730/1369 6778/1457/5218 6777/940/5221 6874/679/1369
f 6875/730/1369 6876/639/1400 6779/606/5216 6778/1457/5218
f 6876/639/1400 6877/732/1400 6780/835/5065 6779/606/5216
f 6877/732/1400 6878/640/1369 6781/1596/5213 6780/835/5065
f 6878/640/1369 6879/826/1400 6782/473/5211 6781/1596/5213
f 6879/826/1400 6880/899/1369 6783/938/5210 6782/473/5211
f 6881/750/1369 6784/367/5207 6783/938/5210 6880/899/1369
f 6882/829/1369 6785/480/5239 6784/367/5207 6881/750/1369
f 6864/514/1369 6786/737/5237 6785/480/5239 6882/829/1369
f 6865/748/1369 6787/478/5235 6786/737/5237 6864/514/1369
f 6866/638/1369 6788/1461/5227 6787/478/5235 6865/748/1369
f 6866/638/1369 6867/1606/1369 6789/1460/5233 6788/1461/5227
f 6867/1606/1369 6868/955/1369 6770/588/5074 6789/1460/5233
f 6649/391/5282 6648/103/5140 6791/495/5181 6790/1023/1390
f 6648/103/5140 6647/71/5283 6792/388/5284 6791/495/5181
f 6647/71/5283 6646/83/5285 6793/496/5286 6792/388/5284
f 6646/83/5285 6645/250/5287 6794/504/5288 6793/496/5286
f 6645/250/5287 6644/516/5289 6795/952/5290 6794/504/5288
f 6643/400/5291 6796/668/5290 6795/952/5290 6644/516/5289
f 6642/73/1402 6797/853/1389 6796/668/5290 6643/400/5291
f 6641/5/1401 6798/624/5292 6797/853/1389 6642/73/1402
f 6640/293/5293 6799/389/5294 6798/624/5292 6641/5/1401
f 6729/420/1407 6657/89/1406 6801/819/5295 6800/499/1429
f 6799/389/5294 6640/293/5293 6639/1038/1392
f 6657/89/1406 6656/90/5296 6802/670/5297 6801/819/5295
f 6656/90/5296 6655/91/5298 6803/626/5299 6802/670/5297
f 6655/91/5298 6654/395/5203 6804/891/5300 6803/626/5299
f 6653/17/1362 6805/672/5148 6804/891/5300 6654/395/5203
f 6652/86/5301 6806/501/5302 6805/672/5148 6653/17/1362
f 6651/87/5303 6807/817/5304 6806/501/5302 6652/86/5301
f 6650/629/5305 6808/630/5143 6807/817/5304 6651/87/5303
f 6649/391/5282 6790/1023/1390 6808/630/5143 6650/629/5305
f 6790/1023/1390 6791/495/5181 6810/1593/5037 6809/1452/1392
f 6791/495/5181 6792/388/5284 6811/1365/5037 6810/1593/5037
f 6792/388/5284 6793/496/5286 6812/359/1392 6811/1365/5037
f 6793/496/5286 6794/504/5288 6813/643/1392 6812/359/1392
f 6794/504/5288 6795/952/5290 6814/1364/1392 6813/643/1392
f 6796/668/5290 6815/1451/5037 6814/1364/1392 6795/952/5290
f 6797/853/1389 6816/854/5037 6815/1451/5037 6796/668/5290
f 6798/624/5292 6817/1081/1392 6816/854/5037 6797/853/1389
f 6799/389/5294 6818/392/1392 6817/1081/1392 6798/624/5292
f 6639/1038/1392 6819/1358/1392 6818/392/1392 6799/389/5294
f 6639/1038/1392 6800/499/1429 6820/1592/5037 6819/1358/1392
f 6800/499/1429 6801/819/5295 6821/471/1392 6820/1592/5037
f 6801/819/5295 6802/670/5297 6822/930/1392 6821/471/1392
f 6802/670/5297 6803/626/5299 6823/468/1392 6822/930/1392
f 6803/626/5299 6804/891/5300 6824/394/1392 6823/468/1392
f 6805/672/5148 6825/580/1392 6824/394/1392 6804/891/5300
f 6806/501/5302 6826/1369/1392 6825/580/1392 6805/672/5148
f 6807/817/5304 6827/1594/1392 6826/1369/1392 6806/501/5302
f 6808/630/5143 6828/362/1392 6827/1594/1392 6807/817/5304
f 6790/1023/1390 6809/1452/1392 6828/362/1392 6808/630/5143
f 6686/114/5306 6687/115/5306 6831/820/5093 6830/74/5093
f 6687/115/5307 6688/116/5307 6832/723/5308 6831/820/5308
f 6688/116/5157 6689/117/5157 6833/895/5157 6832/723/5247
f 6689/117/5309 6690/64/5309 6834/1492/5310 6833/895/5310
f 6692/119/5311 6693/120/5311 6836/1493/5312 6835/1040/5312
f 6691/1041/5313 6834/1492/5314 6690/64/5315
f 6694/121/5316 6837/349/5317 6836/1493/5317 6693/120/5316
f 6695/122/1395 6838/76/5318 6837/349/1395 6694/121/1395
f 6696/123/5242 6839/857/5242 6838/76/5242 6695/122/5242
f 6678/104/5240 6840/633/5240 6839/857/5240 6696/123/5240
f 6681/108/5319 6842/745/5169 6841/1043/5099 6680/107/5319
f 6840/633/5320 6678/104/5321 6679/1042/5083
f 6682/109/5322 6843/1494/5323 6842/745/5323 6681/108/5322
f 6683/110/5324 6844/859/1380 6843/1494/1380 6682/109/5324
f 6684/111/5325 6845/636/5326 6844/859/5326 6683/110/5325
f 6684/111/5327 6685/112/5327 6846/1495/5328 6845/636/5329
f 6829/1039/1431 6830/74/1430 6848/487/1431 6847/719/1431
f 6829/1039/1439 6846/1495/5330 6685/112/1440
f 6830/74/5093 6831/820/5093 6629/1030/5248 6848/487/5250
f 6831/820/5308 6832/723/5308 6849/651/1412 6629/1030/1411
f 6832/723/5247 6833/895/5157 6850/484/5247 6849/651/5247
f 6833/895/5310 6834/1492/5310 6632/1029/5158 6850/484/5158
f 6834/1492/5314 6691/1041/5313 6851/811/1376 6632/1029/1409
f 6691/1041/1434 6835/1040/1433 6852/1465/5092 6851/811/5092
f 6835/1040/5312 6836/1493/5312 6853/1466/5246 6852/1465/5246
f 6837/349/5317 6854/809/5244 6853/1466/5244 6836/1493/5317
f 6838/76/5318 6855/482/5243 6854/809/5243 6837/349/1395
f 6839/857/5242 6856/1463/5242 6855/482/5242 6838/76/5242
f 6840/633/5240 6857/1464/5240 6856/1463/5240 6839/857/5240
f 6679/1042/5083 6858/609/5083 6857/1464/5083 6840/633/5320
f 6841/1043/1438 6859/489/5257 6858/609/5257 6679/1042/1436
f 6842/745/5169 6860/1468/5099 6859/489/5099 6841/1043/5099
f 6843/1494/5323 6861/842/5255 6860/1468/5255 6842/745/5323
f 6844/859/1380 6624/1031/5179 6861/842/5256 6843/1494/1380
f 6845/636/5326 6862/653/1413 6624/1031/1413 6844/859/5326
f 6845/636/5329 6846/1495/5328 6863/611/5253 6862/653/5253
f 6846/1495/5330 6829/1039/1439 6847/719/5251 6863/611/5251
f 6694/121/1400 6865/748/1369 6864/514/1369 6695/122/1369
f 6693/120/1369 6866/638/1369 6865/748/1369 6694/121/1400
f 6693/120/1369 6692/119/1369 6867/1606/1369 6866/638/1369
f 6692/119/1369 6691/1041/5313 6868/955/1369 6867/1606/1369
f 6691/1041/5313 6690/64/5315 6869/860/1400 6868/955/1369
f 6690/64/5315 6689/117/1400 6870/396/1369 6869/860/1400
f 6689/117/1400 6688/116/1400 6871/509/1369 6870/396/1369
f 6687/115/1400 6872/1110/1369 6871/509/1369 6688/116/1400
f 6686/114/1369 6873/825/1369 6872/1110/1369 6687/115/1400
f 6684/111/1369 6875/730/1369 6874/679/1369 6685/112/1440
f 6873/825/1369 6686/114/1369 6829/1039/1439
f 6684/111/1369 6683/110/1400 6876/639/1400 6875/730/1369
f 6683/110/1400 6682/109/1400 6877/732/1400 6876/639/1400
f 6682/109/1400 6681/108/1369 6878/640/1369 6877/732/1400
f 6681/108/1369 6680/107/1437 6879/826/1400 6878/640/1369
f 6680/107/1437 6679/1042/1436 6880/899/1369 6879/826/1400
f 6678/104/1369 6881/750/1369 6880/899/1369 6679/1042/1436
f 6696/123/1369 6882/829/1369 6881/750/1369 6678/104/1369
f 6695/122/1369 6864/514/1369 6882/829/1369 6696/123/1369
f 6903/420/1237 6883/533/1237 6884/247/1237 6904/948/1237
f 6904/948/1237 6884/247/1237 6885/245/1237 6905/293/1237
f 6906/5/1237 6905/293/1237 6885/245/1237 6886/464/1237
f 6907/73/1237 6906/5/1237 6886/464/1237 6887/534/1237
f 6908/400/1237 6907/73/1237 6887/534/1237 6888/515/1237
f 6909/516/1237 6908/400/1237 6888/515/1237 6889/654/1237
f 6910/250/1237 6909/516/1237 6889/654/1237 6890/248/1237
f 6910/250/1237 6890/248/1237 6891/517/1237 6911/83/1237
f 6911/83/1237 6891/517/1237 6892/253/1237 6912/71/1310
f 6913/391/1237 6894/535/1237 6895/485/1237 6914/629/1237
f 6894/535/1237 6913/391/1237 6893/1044/1441
f 6915/87/1237 6914/629/1237 6895/485/1237 6896/254/1237
f 6916/86/1237 6915/87/1237 6896/254/1237 6897/518/1237
f 6917/17/1237 6916/86/1237 6897/518/1237 6898/578/1237
f 6918/90/1237 6901/258/1237 6902/469/1237 6919/89/1237
f 6901/258/1237 6918/90/1237 6900/1046/1443
f 6919/89/1237 6902/469/1237 6883/533/1237 6903/420/1237
f 7037/1615/1290 7038/904/1289 6903/754/5331 6904/520/5332
f 7036/1616/1241 7037/1615/1290 6904/520/5332 6905/23/4468
f 7036/1616/1241 6905/23/4468 6906/24/4469 7035/1617/1466
f 7035/1617/1466 6906/24/4469 6907/1133/4627 7034/1417/4471
f 7034/1417/4471 6907/1133/4627 6908/261/4566 7033/406/4473
f 7033/406/4473 6908/261/4566 6909/585/4624 7032/1618/4475
f 7032/1618/4475 6909/585/4624 6910/26/4622 7031/1125/4534
f 7031/1125/4534 6910/26/4622 6911/377/4478 7030/703/4479
f 7030/703/4479 6911/377/4478 6912/523/1310 7029/1727/1320
f 7029/1727/1320 6912/523/1310 6893/711/1441 7028/1619/4530
f 7028/1619/4530 6893/711/1441 6913/42/4482 7027/682/4483
f 7027/682/4483 6913/42/4482 6914/31/5333 7026/1728/1339
f 7025/1620/4544 7026/1728/1339 6914/31/5333 6915/375/5334
f 7024/408/4543 7025/1620/4544 6915/375/5334 6916/92/5335
f 7023/1116/1235 7024/408/4543 6916/92/5335 6917/1114/5336
f 7022/451/1236 7023/1116/1235 6917/1114/5336 6899/206/1442
f 7021/907/1336 7022/451/1236 6899/206/1442 6900/409/1443
f 7020/1621/4494 7021/907/1336 6900/409/1443 6918/1083/5337
f 7039/1622/4545 7020/1621/4494 6918/1083/5337 6919/32/4675
f 7038/1623/1289 7039/1622/4545 6919/32/4675 6903/1091/5331
f 7090/1624/1252 7091/1625/1252 6920/216/1252 6921/366/1252
f 7089/1626/1252 7090/1624/1252 6921/366/1252 6922/215/1252
f 7089/1626/1252 6922/215/1252 6923/414/1252 7088/1627/1252
f 7088/1627/1252 6923/414/1252 6924/412/1252 7087/1628/1252
f 7087/1628/1252 6924/412/1252 6925/68/1252 7086/1629/1252
f 7086/1629/1252 6925/68/1252 6926/528/1252 7085/1630/1252
f 7085/1630/1252 6926/528/1252 6927/213/1252 7084/1631/1252
f 7083/462/1252 7084/1631/1252 6927/213/1252 6928/212/1252
f 7082/1632/1252 7083/462/1252 6928/212/1252 6929/368/1252
f 7081/684/1252 7082/1632/1252 6929/368/1252 6930/474/1252
f 7080/1763/1252 7081/684/1252 6930/474/1252 6931/838/1227
f 7079/1634/1252 7080/1763/1252 6931/838/1227 6932/96/1465
f 7079/1634/1252 6932/96/1465 6933/97/5338 7078/1633/1252
f 7078/1633/1252 6933/97/5338 6934/415/1252 7077/1635/1252
f 7077/1635/1252 6934/415/1252 6935/532/1252 7096/1636/1252
f 7096/1636/1252 6935/532/1252 6936/463/1252 7095/1637/1252
f 7095/1637/1252 6936/463/1252 6937/419/1252 7094/1638/1252
f 7093/1639/1252 7094/1638/1252 6937/419/1252 6938/417/1252
f 7092/1117/1252 7093/1639/1252 6938/417/1252 6939/481/1252
f 7091/1625/1252 7092/1117/1252 6939/481/1252 6920/216/1252
f 6938/38/5036 6937/39/5339 6963/1729/4492 6962/1641/4494
f 6937/39/5339 6936/372/5340 6964/687/5341 6963/1729/4492
f 6936/372/5340 6935/591/5342 6965/1764/5343 6964/687/5341
f 6935/591/5342 6934/688/5344 6966/689/4543 6965/1764/5343
f 6934/688/5344 6933/959/5338 6967/1640/4544 6966/689/4543
f 6930/844/5345 6969/1643/5346 6968/1050/1228 6931/337/1227
f 6932/1049/1465 6967/1640/4544 6933/959/5338
f 6929/614/5347 6970/1730/5348 6969/1643/5346 6930/844/5345
f 6928/1086/5349 6971/704/4479 6970/1730/5348 6929/614/5347
f 6927/37/5350 6972/912/5351 6971/704/4479 6928/1086/5349
f 6926/1241/5352 6973/1644/5353 6972/912/5351 6927/37/5350
f 6925/914/5354 6974/1645/4473 6973/1644/5353 6926/1241/5352
f 6924/439/5355 6975/1646/5356 6974/1645/4473 6925/914/5354
f 6923/742/4536 6976/1647/1466 6975/1646/5356 6924/439/5355
f 6922/244/5357 6977/922/4986 6976/1647/1466 6923/742/4536
f 6922/244/5357 6921/47/5358 6978/1130/5359 6977/922/4986
f 6921/47/5358 6920/59/5360 6979/1732/5361 6978/1130/5359
f 6920/1162/5360 6939/657/5362 6980/708/1232 6979/1733/5361
f 6939/657/5362 6938/38/5036 6962/1641/4494 6980/708/1232
f 7001/1734/4494 7002/1122/1336 6982/1735/1336 6981/1736/4494
f 7002/1122/1336 7003/692/1236 6983/690/1236 6982/1735/1336
f 7003/692/1236 7004/442/1235 6984/916/1235 6983/690/1236
f 7004/442/1235 7005/1420/4543 6985/452/4543 6984/916/1235
f 7005/1420/4543 7006/1421/4544 6986/1422/4544 6985/452/4543
f 7006/1421/4544 7007/1650/1339 6987/1423/1339 6986/1422/4544
f 7008/448/4984 6988/1424/4483 6987/1423/1339 7007/1650/1339
f 7009/1737/4530 6989/1426/4530 6988/1424/4483 7008/448/4984
f 7010/1738/4481 6990/1739/1320 6989/1426/4530 7009/1737/4530
f 7011/1765/5363 6991/702/4479 6990/1739/1320 7010/1738/4481
f 7012/1120/4534 6992/1121/4477 6991/702/4479 7011/1765/5363
f 7013/701/4475 6993/445/1243 6992/1121/4477 7012/1120/4534
f 7014/1651/4473 6994/1428/4473 6993/445/1243 7013/701/4475
f 7015/1652/5364 6995/1430/4471 6994/1428/4473 7014/1651/4473
f 7055/1051/1466 6996/1431/1466 6995/1430/4471 7015/1652/5364
f 7016/1052/1241 6997/1432/1241 6996/1431/1466 7055/1051/1466
f 7016/1052/1241 7017/1433/1290 6998/1434/4539 6997/1432/1241
f 7017/1433/1290 7018/1653/1222 6999/1654/1222 6998/1434/4539
f 7018/1655/1222 7019/919/4545 7000/1656/4545 6999/1657/1222
f 7019/919/4545 7001/1734/4494 6981/1736/4494 7000/1656/4545
f 7040/1742/4494 7041/1743/4568 7002/1122/1336 7001/1734/4494
f 7041/1743/4568 7042/696/4963 7003/692/1236 7002/1122/1336
f 7042/696/4963 7043/453/1235 7004/442/1235 7003/692/1236
f 7043/453/1235 7044/1436/1249 7005/1420/4543 7004/442/1235
f 7044/1436/1249 7045/1437/4544 7006/1421/4544 7005/1420/4543
f 7045/1437/4544 7046/1659/1339 7007/1650/1339 7006/1421/4544
f 7047/447/4984 7008/448/4984 7007/1650/1339 7046/1659/1339
f 7048/698/5365 7009/1737/4530 7008/448/4984 7047/447/4984
f 7049/1744/4481 7010/1738/4481 7009/1737/4530 7048/698/5365
f 7050/1127/5366 7011/1765/5363 7010/1738/4481 7049/1744/4481
f 7051/1766/5367 7012/1120/4534 7011/1765/5363 7050/1127/5366
f 7052/700/5368 7013/701/4475 7012/1120/4534 7051/1766/5367
f 7053/1660/4473 7014/1651/4473 7013/701/4475 7052/700/5368
f 7054/1661/4471 7015/1652/5364 7014/1651/4473 7053/1660/4473
f 7056/923/1241 7057/1128/1290 7017/1433/1290 7016/1052/1241
f 7015/1652/5364 7054/1661/4471 7055/1051/1466
f 7057/1128/1290 7058/459/4987 7018/1653/1222 7017/1433/1290
f 7058/1441/4987 7059/706/4546 7019/919/4545 7018/1655/1222
f 7059/706/4546 7040/1742/4494 7001/1734/4494 7019/919/4545
f 6981/1736/4494 6982/1735/1336 7021/907/1336 7020/1621/4494
f 6982/1735/1336 6983/690/1236 7022/451/1236 7021/907/1336
f 6983/690/1236 6984/916/1235 7023/1116/1235 7022/451/1236
f 6984/916/1235 6985/452/4543 7024/408/4543 7023/1116/1235
f 6985/452/4543 6986/1422/4544 7025/1620/4544 7024/408/4543
f 6986/1422/4544 6987/1423/1339 7026/1728/1339 7025/1620/4544
f 6988/1424/4483 7027/682/4483 7026/1728/1339 6987/1423/1339
f 6989/1426/4530 7028/1619/4530 7027/682/4483 6988/1424/4483
f 6990/1739/1320 7029/1727/1320 7028/1619/4530 6989/1426/4530
f 6991/702/4479 7030/703/4479 7029/1727/1320 6990/1739/1320
f 6992/1121/4477 7031/1125/4534 7030/703/4479 6991/702/4479
f 6993/445/1243 7032/1618/4475 7031/1125/4534 6992/1121/4477
f 6994/1428/4473 7033/406/4473 7032/1618/4475 6993/445/1243
f 6995/1430/4471 7034/1417/4471 7033/406/4473 6994/1428/4473
f 6996/1431/1466 7035/1617/1466 7034/1417/4471 6995/1430/4471
f 6997/1432/1241 7036/1616/1241 7035/1617/1466 6996/1431/1466
f 6997/1432/1241 6998/1434/4539 7037/1615/1290 7036/1616/1241
f 6998/1434/4539 6999/1654/1222 7038/904/1289 7037/1615/1290
f 6999/1657/1222 7000/1656/4545 7039/1622/4545 7038/1623/1289
f 7000/1656/4545 6981/1736/4494 7020/1621/4494 7039/1622/4545
f 6962/1641/4494 6963/1729/4492 7041/1743/4568 7040/1742/4494
f 6963/1729/4492 6964/687/5341 7042/696/4963 7041/1743/4568
f 6964/687/5341 6965/1764/5343 7043/453/1235 7042/696/4963
f 6965/1764/5343 6966/689/4543 7044/1436/1249 7043/453/1235
f 6966/689/4543 6967/1640/4544 7045/1437/4544 7044/1436/1249
f 6967/1640/4544 6932/1049/1465 7046/1659/1339 7045/1437/4544
f 6968/1050/1228 7047/447/4984 7046/1659/1339 6932/1049/1465
f 6969/1643/5346 7048/698/5365 7047/447/4984 6968/1050/1228
f 6970/1730/5348 7049/1744/4481 7048/698/5365 6969/1643/5346
f 6971/704/4479 7050/1127/5366 7049/1744/4481 6970/1730/5348
f 6972/912/5351 7051/1766/5367 7050/1127/5366 6971/704/4479
f 6973/1644/5353 7052/700/5368 7051/1766/5367 6972/912/5351
f 6974/1645/4473 7053/1660/4473 7052/700/5368 6973/1644/5353
f 6975/1646/5356 7054/1661/4471 7053/1660/4473 6974/1645/4473
f 6976/1647/1466 7055/1051/1466 7054/1661/4471 6975/1646/5356
f 6977/922/4986 7056/923/1241 7055/1051/1466 6976/1647/1466
f 6977/922/4986 6978/1130/5359 7057/1128/1290 7056/923/1241
f 6978/1130/5359 6979/1732/5361 7058/459/4987 7057/1128/1290
f 6979/1733/5361 6980/708/1232 7059/706/4546 7058/1441/4987
f 6980/708/1232 6962/1641/4494 7040/1742/4494 7059/706/4546
f 6954/118/1459 6953/64/1458 7062/1663/5369 7061/1053/1467
f 6955/1048/1460 7060/926/5370 6956/120/1461
f 6953/64/1458 6952/117/1457 7063/924/5371 7062/1663/5369
f 6951/116/1456 7064/1664/5372 7063/924/5371 6952/117/1457
f 6950/115/1455 7065/1665/5373 7064/1664/5372 6951/116/1456
f 6949/114/1454 7066/1666/5374 7065/1665/5373 6950/115/1455
f 6947/112/1452 6946/111/1451 7068/709/5375 7067/1054/1468
f 7066/1666/5374 6949/114/1454 6948/1047/1453
f 6946/111/1451 6945/110/1450 7069/1668/5376 7068/709/5375
f 6945/110/1450 6944/109/1449 7070/1669/5377 7069/1668/5376
f 6944/109/1449 6943/108/1448 7071/1670/5378 7070/1669/5377
f 6943/108/1448 6942/107/1447 7072/1671/5379 7071/1670/5378
f 6941/105/1445 7073/1672/5380 7072/1671/5379 6942/107/1447
f 6958/122/1463 7075/1745/5381 7074/1055/1469 6959/123/1464
f 7073/1672/5380 6941/105/1445 6940/828/1444
f 6957/121/1462 7076/710/5382 7075/1745/5381 6958/122/1463
f 6957/121/1462 6956/120/1461 7060/926/5370 7076/710/5382
f 7062/1663/5369 7078/1633/1252 7077/1635/1252 7061/1053/1467
f 7063/924/5371 7079/1634/1252 7078/1633/1252 7062/1663/5369
f 7063/924/5371 7064/1664/5372 7080/1763/1252 7079/1634/1252
f 7064/1664/5372 7065/1665/5373 7081/684/1252 7080/1763/1252
f 7065/1665/5373 7066/1666/5374 7082/1632/1252 7081/684/1252
f 7066/1666/5374 6948/1047/1453 7083/462/1252 7082/1632/1252
f 6948/1047/1453 7067/1054/1468 7084/1631/1252 7083/462/1252
f 7068/709/5375 7085/1630/1252 7084/1631/1252 7067/1054/1468
f 7069/1668/5376 7086/1629/1252 7085/1630/1252 7068/709/5375
f 7070/1669/5377 7087/1628/1252 7086/1629/1252 7069/1668/5376
f 7071/1670/5378 7088/1627/1252 7087/1628/1252 7070/1669/5377
f 7072/1671/5379 7089/1626/1252 7088/1627/1252 7071/1670/5378
f 7072/1671/5379 7073/1672/5380 7090/1624/1252 7089/1626/1252
f 7073/1672/5380 6940/828/1444 7091/1625/1252 7090/1624/1252
f 6940/828/1444 7074/1055/1469 7092/1117/1252 7091/1625/1252
f 7074/1055/1469 7075/1745/5381 7093/1639/1252 7092/1117/1252
f 7075/1745/5381 7076/710/5382 7094/1638/1252 7093/1639/1252
f 7060/926/5370 7095/1637/1252 7094/1638/1252 7076/710/5382
f 6955/1048/1460 7096/1636/1252 7095/1637/1252 7060/926/5370
f 7061/1053/1467 7077/1635/1252 7096/1636/1252 6955/1048/1460
f 7117/420/1471 7097/533/1470 7098/247/1470 7118/948/1472
f 7118/948/1472 7098/247/1470 7099/245/1470 7119/293/1470
f 7119/293/1470 7099/245/1470 7100/464/1470 7120/5/1470
f 7121/73/1470 7120/5/1470 7100/464/1470 7101/534/1470
f 7122/400/1470 7121/73/1470 7101/534/1470 7102/515/1470
f 7123/516/1470 7122/400/1470 7102/515/1470 7103/654/1470
f 7124/250/1470 7123/516/1470 7103/654/1470 7104/248/1470
f 7125/71/1470 7106/253/1470 7107/251/1470 7126/103/1470
f 7106/253/1470 7125/71/1470 7105/1056/1470
f 7126/103/1470 7107/251/1470 7108/535/1470 7127/391/1470
f 7127/391/1470 7108/535/1470 7109/485/1470 7128/629/1470
f 7128/629/1470 7109/485/1470 7110/254/1470 7129/87/1470
f 7130/86/1470 7129/87/1470 7110/254/1470 7111/518/1470
f 7131/17/1470 7130/86/1470 7111/518/1470 7112/578/1470
f 7132/395/1470 7131/17/1470 7112/578/1470 7113/536/1470
f 7133/91/1470 7132/395/1470 7113/536/1470 7114/519/1470
f 7134/90/1470 7133/91/1470 7114/519/1470 7115/258/1470
f 7134/90/1470 7115/258/1470 7116/469/1470 7135/89/1470
f 7135/89/1470 7116/469/1470 7097/533/1470 7117/420/1471
f 7688/1767/5383 7689/968/5384 7119/23/5385 7120/24/5386
f 7118/1057/1472 7119/23/5385 7689/968/5384
f 7688/1767/5383 7120/24/5386 7121/1133/5387 7687/1676/5388
f 7687/1676/5388 7121/1133/5387 7122/261/5389 7686/1496/1545
f 7686/1496/1545 7122/261/5389 7123/585/5390 7685/970/5391
f 7685/970/5391 7123/585/5390 7124/26/5392 7684/1498/1653
f 7684/1498/1653 7124/26/5392 7105/377/5393 7683/524/1541
f 7683/524/1541 7105/377/5393 7125/523/5394 7682/1678/1659
f 7682/1678/1659 7125/523/5394 7126/711/1503 7681/972/5395
f 7681/972/5395 7126/711/1503 7127/42/5396 7680/757/5397
f 7680/757/5397 7127/42/5396 7128/31/1476 7697/1059/1475
f 7695/1679/1551 7696/94/1550 7130/92/5398 7131/1114/5399
f 7129/1058/1474 7130/92/5398 7696/94/1550
f 7694/759/5400 7695/1679/1551 7131/1114/5399 7132/206/5401
f 7693/1754/5402 7694/759/5400 7132/206/5401 7133/409/5403
f 7692/1680/1547 7693/1754/5402 7133/409/5403 7134/1083/5404
f 7691/547/1651 7692/1680/1547 7134/1083/5404 7135/32/5405
f 7690/1681/1473 7691/547/1651 7135/32/5405 7117/1091/1471
f 7708/1682/1479 7709/527/1479 7136/216/1479 7137/366/1479
f 7707/1500/1479 7708/1682/1479 7137/366/1479 7138/215/1479
f 7706/760/1479 7707/1500/1479 7138/215/1479 7139/414/1479
f 7706/760/1479 7139/414/1479 7140/412/1479 7705/1501/1479
f 7705/1501/1479 7140/412/1479 7141/68/1479 7704/529/1479
f 7704/529/1479 7141/68/1479 7142/528/1479 7703/1683/1479
f 7703/1683/1479 7142/528/1479 7143/213/1567 7702/1502/1479
f 7702/1502/1479 7143/213/1567 7144/212/1566 7701/1503/1479
f 7700/1504/5406 7701/1503/1479 7144/212/1566 7145/368/5406
f 7699/1505/1479 7700/1504/5406 7145/368/5406 7146/474/1564
f 7698/788/1479 7699/1505/1479 7146/474/1564 7147/838/1563
f 7717/1506/1479 7698/788/1479 7147/838/1563 7148/96/1479
f 7716/762/1479 7717/1506/1479 7148/96/1479 7149/97/1479
f 7716/762/1479 7149/97/1479 7150/415/1479 7715/1507/1479
f 7151/532/1479 7714/531/1479 7715/1507/1479 7150/415/1479
f 7714/531/1479 7151/532/1479 7152/463/1479 7713/1685/1479
f 7713/1685/1479 7152/463/1479 7153/419/1570 7712/1508/1479
f 7712/1508/1479 7153/419/1570 7154/417/5407 7711/1509/1479
f 7710/1510/1479 7711/1509/1479 7154/417/5407 7155/481/1479
f 7709/527/1479 7710/1510/1479 7155/481/1479 7136/216/1479
f 7343/141/5408 7213/134/5408 7212/1188/1479 7342/142/1479
f 7344/540/5409 7214/1189/5409 7213/134/5408 7343/141/5408
f 7345/164/5410 7215/1190/5410 7214/1189/5409 7344/540/5409
f 7346/163/5410 7216/229/5410 7215/1190/5410 7345/164/5410
f 7346/163/5410 7347/175/5410 7217/230/5410 7216/229/5410
f 7347/175/5410 7348/234/5406 7218/1191/5406 7217/230/5410
f 7348/234/5406 7349/176/1479 7219/1192/1479 7218/1191/5406
f 7349/176/1479 7350/166/5411 7220/1193/5411 7219/1192/1479
f 7350/166/5411 7331/168/5408 7221/559/5408 7220/1193/5411
f 7332/169/5408 7222/560/5411 7221/559/5408 7331/168/5408
f 7333/171/1479 7223/994/1479 7222/560/5411 7332/169/5408
f 7334/172/5412 7224/1194/5412 7223/994/1479 7333/171/1479
f 7335/138/5409 7225/798/5409 7224/1194/5412 7334/172/5412
f 7336/140/1479 7226/996/1479 7225/798/5409 7335/138/5409
f 7336/140/1479 7337/139/1479 7227/997/1479 7226/996/1479
f 7337/139/1479 7338/980/1479 7228/1195/1479 7227/997/1479
f 7338/980/1479 7339/179/1479 7229/1001/1479 7228/1195/1479
f 7339/179/1479 7340/231/5406 7230/1196/5406 7229/1001/1479
f 7340/231/5406 7341/174/1479 7231/227/1479 7230/1196/5406
f 7342/142/1479 7212/1188/1479 7231/227/1479 7341/174/1479
f 7321/135/5413 7322/766/5414 7193/132/5415 7192/131/5416
f 7322/766/5414 7323/1197/5417 7194/192/5418 7193/132/5415
f 7323/1197/5417 7324/1198/5419 7195/188/5420 7194/192/5418
f 7325/1199/5421 7196/191/5422 7195/188/5420 7324/1198/5419
f 7326/1200/5423 7197/189/5424 7196/191/5422 7325/1199/5421
f 7327/1201/5425 7198/764/5426 7197/189/5424 7326/1200/5423
f 7328/1202/5427 7199/158/5428 7198/764/5426 7327/1201/5425
f 7329/1203/5429 7200/149/5430 7199/158/5428 7328/1202/5427
f 7330/1204/5431 7201/150/5432 7200/149/5430 7329/1203/5429
f 7311/1205/5433 7202/159/5434 7201/150/5432 7330/1204/5431
f 7312/1206/5435 7203/125/5436 7202/159/5434 7311/1205/5433
f 7313/1207/5437 7204/126/5438 7203/125/5436 7312/1206/5435
f 7314/1208/5439 7205/127/5440 7204/126/5438 7313/1207/5437
f 7314/1208/5439 7315/1209/5441 7206/151/5442 7205/127/5440
f 7315/1209/5441 7316/1210/5443 7207/217/5444 7206/151/5442
f 7316/1210/5443 7317/1211/5445 7208/129/5446 7207/217/5444
f 7317/1211/5445 7318/1212/5447 7209/153/5448 7208/129/5446
f 7318/1212/5447 7319/1511/5449 7210/152/5450 7209/153/5448
f 7319/1511/5449 7320/1512/5451 7211/156/5452 7210/152/5450
f 7320/1512/5451 7321/135/5413 7192/131/5416 7211/156/5452
f 7635/155/5453 7636/132/5454 7158/132/5455 7157/131/5401
f 7639/191/5456 7160/191/5457 7159/188/1498 7638/188/1500
f 7637/192/1499 7158/132/5455 7636/132/5454
f 7623/158/5458 7162/158/5459 7161/764/1503 7622/157/1502
f 7160/191/5457 7639/191/5456 7621/189/1501
f 7626/159/5460 7164/159/5461 7163/150/1506 7625/150/1505
f 7162/158/5459 7623/158/5458 7624/149/1504
f 7627/537/5462 7165/125/5463 7164/159/5461 7626/159/5460
f 7628/126/5464 7166/126/5387 7165/125/5463 7627/537/5462
f 7629/127/5465 7167/127/5466 7166/126/5387 7628/126/5464
f 7632/153/1511 7633/152/5467 7170/152/5468 7169/153/1509
f 7423/151/1507 7167/127/5466 7629/127/5465
f 7631/129/1510 7168/217/1472 7630/217/1508
f 7633/152/5467 7634/765/5469 7171/156/5403 7170/152/5468
f 7634/765/5469 7635/155/5453 7157/131/5401 7171/156/5403
f 7213/134/5470 7173/134/5470 7172/1188/5470 7212/1188/5470
f 7214/1189/5471 7174/1189/5471 7173/134/5471 7213/134/5471
f 7215/1190/5472 7175/1190/5472 7174/1189/5472 7214/1189/5472
f 7216/229/5473 7176/229/5473 7175/1190/5473 7215/1190/5473
f 7216/229/5474 7217/230/5474 7177/230/5474 7176/229/5474
f 7217/230/5475 7218/1191/5475 7178/1191/5475 7177/230/5475
f 7218/1191/5476 7219/1192/5476 7179/1192/5476 7178/1191/5476
f 7219/1192/5477 7220/1193/5477 7180/1193/5477 7179/1192/5477
f 7220/1193/5478 7221/559/5478 7181/559/5478 7180/1193/5478
f 7221/559/5479 7222/560/5479 7182/560/5479 7181/559/5479
f 7222/560/5480 7223/994/5480 7183/994/5480 7182/560/5480
f 7223/994/5481 7224/1194/5481 7184/1194/5481 7183/994/5481
f 7224/1194/5482 7225/798/5482 7185/798/5482 7184/1194/5482
f 7225/798/5483 7226/996/5483 7186/996/5483 7185/798/5483
f 7227/997/5484 7187/997/5484 7186/996/5484 7226/996/5484
f 7228/1195/5485 7188/1195/5485 7187/997/5485 7227/997/5485
f 7229/1001/5486 7189/1001/5486 7188/1195/5486 7228/1195/5486
f 7230/1196/5487 7190/1196/5487 7189/1001/5487 7229/1001/5487
f 7231/227/5488 7191/227/5488 7190/1196/5488 7230/1196/5488
f 7212/1188/5489 7172/1188/5489 7191/227/5489 7231/227/5489
f 7253/192/5490 7254/188/5491 7252/188/1474 7251/192/5398
f 7256/191/5492 7255/191/5493 7252/188/1474 7254/188/5491
f 7258/189/5494 7257/189/5495 7255/191/5493 7256/191/5492
f 7260/764/5496 7259/157/1503 7257/189/5495 7258/189/5494
f 7262/158/5497 7261/158/5394 7259/157/1503 7260/764/5496
f 7264/149/5498 7263/222/5499 7261/158/5394 7262/158/5497
f 7266/150/5500 7265/150/1506 7263/222/5499 7264/149/5498
f 7268/159/5501 7267/159/5390 7265/150/1506 7266/150/5500
f 7270/125/5502 7269/125/5389 7267/159/5390 7268/159/5501
f 7272/126/5503 7271/1072/1555 7269/125/5389 7270/125/5502
f 7274/127/5504 7273/127/5505 7271/1072/1555 7272/126/5503
f 7274/127/5504 7276/151/5506 7275/151/5507 7273/127/5505
f 7276/151/5506 7278/217/5508 7277/217/5509 7275/151/5507
f 7278/217/5508 7280/129/5510 7279/129/5511 7277/217/5509
f 7280/129/5510 7282/153/5512 7281/153/5513 7279/129/5511
f 7282/153/5512 7284/152/5514 7283/152/5468 7281/153/5513
f 7284/152/5514 7286/156/5515 7285/156/5403 7283/152/5468
f 7286/156/5515 7288/131/5516 7287/131/5517 7285/156/5403
f 7288/131/5516 7290/132/5518 7289/132/5519 7287/131/5517
f 7290/132/5518 7253/192/5490 7251/192/5398 7289/132/5519
f 7591/192/5520 7592/188/5521 7233/188/1552 7232/192/5522
f 7298/188/5523 7299/192/5524 7194/192/5418 7195/188/5420
f 7233/188/1552 7592/188/5521 7593/191/5525 7234/191/1561
f 7298/188/5523 7195/188/5420 7196/191/5422 7297/191/5526
f 7234/191/1561 7593/191/5525 7594/189/5527 7235/189/5528
f 7297/191/5526 7196/191/5422 7197/189/5424 7296/189/5529
f 7235/189/5528 7594/189/5527 7595/157/5530 7236/157/5531
f 7296/189/5529 7197/189/5424 7198/764/5426 7295/764/5532
f 7236/157/5531 7595/157/5530 7596/1069/5533 7237/158/5534
f 7295/764/5532 7198/764/5426 7199/158/5428 7294/158/5535
f 7237/158/5534 7596/1069/5533 7597/222/5536 7238/222/5537
f 7294/158/5535 7199/158/5428 7200/149/5430 7293/149/5538
f 7238/222/5537 7597/222/5536 7598/150/5539 7239/150/5540
f 7293/149/5538 7200/149/5430 7201/150/5432 7292/150/5541
f 7239/150/5540 7598/150/5539 7599/159/5542 7240/159/5543
f 7292/150/5541 7201/150/5432 7202/159/5434 7291/1221/5544
f 7240/159/5543 7599/159/5542 7600/125/1556 7241/125/5545
f 7291/1221/5544 7202/159/5434 7203/125/5436 7310/537/5546
f 7241/125/5545 7600/125/1556 7601/126/5547 7242/126/5548
f 7310/537/5546 7203/125/5436 7204/126/5438 7309/126/5549
f 7242/126/5548 7601/126/5547 7582/127/5550 7243/127/5551
f 7309/126/5549 7204/126/5438 7205/127/5440 7308/127/5552
f 7582/127/5550 7583/1263/5553 7244/151/5554 7243/127/5551
f 7307/151/5555 7308/127/5552 7205/127/5440 7206/151/5442
f 7306/217/5556 7307/151/5555 7206/151/5442 7207/217/5444
f 7584/217/1513 7244/151/5554 7583/1263/5553
f 7305/129/5557 7306/217/5556 7207/217/5444 7208/129/5446
f 7585/129/1514 7586/128/5558 7246/1071/1548 7245/129/1512
f 7304/153/5559 7305/129/5557 7208/129/5446 7209/153/5448
f 7586/128/5558 7587/152/5560 7247/152/5561 7246/1071/1548
f 7303/152/5562 7304/153/5559 7209/153/5448 7210/152/5450
f 7587/152/5560 7588/156/5563 7248/156/5564 7247/152/5561
f 7302/1222/5565 7303/152/5562 7210/152/5450 7211/156/5452
f 7588/156/5563 7589/131/5566 7249/131/5567 7248/156/5564
f 7301/131/5568 7302/1222/5565 7211/156/5452 7192/131/5416
f 7589/131/5566 7590/132/5569 7250/132/5570 7249/131/5567
f 7300/132/5571 7301/131/5568 7192/131/5416 7193/132/5415
f 7590/132/5569 7591/192/5520 7232/192/5522 7250/132/5570
f 7299/192/5524 7300/132/5571 7193/132/5415 7194/192/5418
f 7266/150/5572 7292/150/5541 7291/1221/5544 7268/159/5573
f 7264/149/5574 7293/149/5538 7292/150/5541 7266/150/5572
f 7262/158/5575 7294/158/5535 7293/149/5538 7264/149/5574
f 7260/764/5576 7295/764/5532 7294/158/5535 7262/158/5575
f 7258/189/5577 7296/189/5529 7295/764/5532 7260/764/5576
f 7256/191/5578 7297/191/5526 7296/189/5529 7258/189/5577
f 7254/188/5579 7298/188/5523 7297/191/5526 7256/191/5578
f 7254/188/5579 7253/192/5580 7299/192/5524 7298/188/5523
f 7253/192/5580 7290/132/5581 7300/132/5571 7299/192/5524
f 7290/132/5581 7288/131/5582 7301/131/5568 7300/132/5571
f 7288/131/5582 7286/156/5583 7302/1222/5565 7301/131/5568
f 7286/156/5583 7284/152/5584 7303/152/5562 7302/1222/5565
f 7284/152/5584 7282/153/5585 7304/153/5559 7303/152/5562
f 7282/153/5585 7280/129/5586 7305/129/5557 7304/153/5559
f 7280/129/5586 7278/217/5587 7306/217/5556 7305/129/5557
f 7278/217/5587 7276/151/5588 7307/151/5555 7306/217/5556
f 7276/151/5588 7274/127/5589 7308/127/5552 7307/151/5555
f 7272/126/5590 7309/126/5549 7308/127/5552 7274/127/5589
f 7270/125/5591 7310/537/5546 7309/126/5549 7272/126/5590
f 7268/159/5573 7291/1221/5544 7310/537/5546 7270/125/5591
f 7814/1514/5592 7312/1206/5435 7311/1205/5433 7813/995/5593
f 7815/799/5594 7313/1207/5437 7312/1206/5435 7814/1514/5592
f 7816/1515/5595 7314/1208/5439 7313/1207/5437 7815/799/5594
f 7816/1515/5595 7817/998/5596 7315/1209/5441 7314/1208/5439
f 7817/998/5596 7818/1516/5597 7316/1210/5443 7315/1209/5441
f 7818/1516/5597 7819/999/5598 7317/1211/5445 7316/1210/5443
f 7819/999/5598 7820/1517/5599 7318/1212/5447 7317/1211/5445
f 7820/1517/5599 7821/1518/5600 7319/1511/5449 7318/1212/5447
f 7821/1518/5600 7822/1519/5601 7320/1512/5451 7319/1511/5449
f 7822/1519/5601 7823/1520/5602 7321/135/5413 7320/1512/5451
f 7823/1520/5602 7824/768/5603 7322/766/5414 7321/135/5413
f 7824/768/5603 7825/1521/5604 7323/1197/5417 7322/766/5414
f 7825/1521/5604 7826/1522/5605 7324/1198/5419 7323/1197/5417
f 7827/228/5606 7325/1199/5421 7324/1198/5419 7826/1522/5605
f 7828/1523/5607 7326/1200/5423 7325/1199/5421 7827/228/5606
f 7829/1524/5608 7327/1201/5425 7326/1200/5423 7828/1523/5607
f 7830/1525/5609 7328/1202/5427 7327/1201/5425 7829/1524/5608
f 7811/1687/5610 7329/1203/5429 7328/1202/5427 7830/1525/5609
f 7812/561/5611 7330/1204/5431 7329/1203/5429 7811/1687/5610
f 7813/995/5593 7311/1205/5433 7330/1204/5431 7812/561/5611
f 7569/1526/5612 7372/169/5613 7371/168/1525 7568/776/5614
f 7570/1527/5615 7373/171/5616 7372/169/5613 7569/1526/5612
f 7571/1528/5617 7374/172/5618 7373/171/5616 7570/1527/5615
f 7572/137/5619 7375/138/5620 7374/172/5618 7571/1528/5617
f 7573/769/5621 7376/140/5622 7375/138/5620 7572/137/5619
f 7573/769/5621 7574/1529/5623 7377/139/5623 7376/140/5622
f 7574/1529/5623 7575/1530/5624 7378/980/5625 7377/139/5623
f 7575/1530/5624 7576/771/5626 7379/1064/1528 7378/980/5625
f 7576/771/5626 7577/1531/5627 7380/231/1529 7379/1064/1528
f 7577/1531/5627 7578/1532/5628 7381/1065/1531 7380/231/1529
f 7581/1534/5629 7383/1066/1534 7382/141/1517 7580/1061/1516
f 7579/1060/1515 7381/1065/1531 7578/1532/5628
f 7562/772/5630 7384/164/5630 7383/1066/1534 7581/1534/5629
f 7563/1535/5631 7385/163/5631 7384/164/5630 7562/772/5630
f 7563/1535/5631 7564/1536/5632 7386/175/5633 7385/163/5631
f 7564/1536/5632 7565/1537/5634 7387/234/5635 7386/175/5633
f 7565/1537/5634 7566/774/5636 7388/176/5637 7387/234/5635
f 7566/774/5636 7567/1538/5638 7389/1063/1524 7388/176/5637
f 7567/1538/5638 7568/776/5614 7371/168/1525 7389/1063/1524
f 7491/169/5639 7332/169/5640 7331/168/5641 7490/167/5642
f 7492/171/5643 7333/171/5644 7332/169/5640 7491/169/5639
f 7493/172/5645 7334/172/5646 7333/171/5644 7492/171/5643
f 7494/138/5647 7335/138/5648 7334/172/5646 7493/172/5645
f 7495/140/5649 7336/140/5650 7335/138/5648 7494/138/5647
f 7495/140/5649 7496/139/5651 7337/139/5652 7336/140/5650
f 7496/139/5651 7497/980/5653 7338/980/5654 7337/139/5652
f 7497/980/5653 7498/179/5655 7339/179/5656 7338/980/5654
f 7498/179/5655 7499/981/5657 7340/231/5658 7339/179/5656
f 7499/981/5657 7500/174/5659 7341/174/5660 7340/231/5658
f 7500/174/5659 7501/142/5661 7342/142/5662 7341/174/5660
f 7501/142/5661 7502/141/5663 7343/141/5664 7342/142/5662
f 7502/141/5663 7503/540/5665 7344/540/5666 7343/141/5664
f 7503/540/5665 7485/164/5667 7345/164/5668 7344/540/5666
f 7485/164/5667 7486/163/5669 7346/163/5670 7345/164/5668
f 7487/175/5671 7347/175/5672 7346/163/5670 7486/163/5669
f 7488/234/5673 7348/234/5674 7347/175/5672 7487/175/5671
f 7845/1067/1536 7349/176/5675 7348/234/5674 7488/234/5673
f 7489/166/1538 7350/166/5676 7349/176/5675 7845/1067/1536
f 7490/167/5642 7331/168/5641 7350/166/5676 7489/166/1538
f 7536/105/5677 7537/1406/5678 7351/104/5679 7352/105/5680
f 7535/778/5681 7536/105/5677 7352/105/5680 7353/107/5682
f 7534/108/5683 7535/778/5681 7353/107/5682 7354/108/5684
f 7534/108/5683 7354/108/5684 7355/109/5685 7533/109/5686
f 7533/109/5686 7355/109/5685 7356/110/5687 7532/143/5688
f 7532/143/5688 7356/110/5687 7357/111/5689 7531/977/5690
f 7531/977/5690 7357/111/5689 7358/112/1520 7530/112/1519
f 7529/115/5691 7361/115/5692 7362/116/5693 7528/116/5694
f 7361/115/5692 7529/115/5691 7360/1768/5695
f 7528/116/5694 7362/116/5693 7363/117/5696 7527/146/5697
f 7527/146/5697 7363/117/5696 7364/64/5698 7526/184/5699
f 7525/118/5700 7526/184/5699 7364/64/5698 7365/118/5701
f 7524/119/5702 7525/118/5700 7365/118/5701 7366/119/5703
f 7541/1539/5704 7524/119/5702 7366/119/5703 7367/120/5705
f 7540/121/5706 7541/1539/5704 7367/120/5705 7368/121/5707
f 7539/1540/5708 7540/121/5706 7368/121/5707 7369/122/5709
f 7538/123/5710 7539/1540/5708 7369/122/5709 7370/123/5711
f 7537/1406/5678 7538/123/5710 7370/123/5711 7351/104/5679
f 7657/192/1550 7658/188/5712 7412/188/5713 7411/192/5714
f 7659/191/5715 7413/191/5716 7412/188/5713 7658/188/5712
f 7640/189/5717 7414/189/5718 7413/191/5716 7659/191/5715
f 7641/157/5719 7415/764/5720 7414/189/5718 7640/189/5717
f 7642/158/1659 7416/158/5721 7415/764/5720 7641/157/5719
f 7643/222/1541 7417/149/5722 7416/158/5721 7642/158/1659
f 7644/150/1654 7418/150/5723 7417/149/5722 7643/222/1541
f 7645/159/5391 7419/159/5724 7418/150/5723 7644/150/1654
f 7646/125/1545 7420/125/5725 7419/159/5724 7645/159/5391
f 7647/126/5388 7421/126/5726 7420/125/5725 7646/125/1545
f 7648/127/5383 7422/127/5727 7421/126/5726 7647/126/5388
f 7648/127/5383 7649/151/1576 7423/151/1507 7422/127/5727
f 7649/151/1576 7650/217/1523 7424/217/1542 7423/151/1507
f 7650/217/1523 7651/129/1522 7425/129/5728 7424/217/1542
f 7651/129/1522 7652/153/1521 7426/153/5729 7425/129/5728
f 7652/153/1521 7653/152/1562 7427/152/5730 7426/153/5729
f 7653/152/1562 7654/156/1655 7428/156/5731 7427/152/5730
f 7654/156/1655 7655/155/5400 7429/155/5732 7428/156/5731
f 7655/155/5400 7656/132/1551 7430/132/5733 7429/155/5732
f 7656/132/1551 7657/192/1550 7411/192/5714 7430/132/5733
f 7450/192/1550 7451/188/5712 7432/188/5712 7431/192/1550
f 7452/191/5715 7433/191/5715 7432/188/5712 7451/188/5712
f 7453/189/5717 7434/189/5717 7433/191/5715 7452/191/5715
f 7454/157/5719 7435/157/5719 7434/189/5717 7453/189/5717
f 7455/158/1659 7436/158/1659 7435/157/5719 7454/157/5719
f 7456/222/1541 7437/222/1541 7436/158/1659 7455/158/1659
f 7457/150/1654 7438/150/1654 7437/222/1541 7456/222/1541
f 7458/159/5391 7439/159/5391 7438/150/1654 7457/150/1654
f 7459/125/1545 7440/125/1545 7439/159/5391 7458/159/5391
f 7460/126/5388 7441/126/5388 7440/125/1545 7459/125/1545
f 7461/127/5383 7442/127/5383 7441/126/5388 7460/126/5388
f 7461/127/5383 7462/151/1576 7443/151/1576 7442/127/5383
f 7462/151/1576 7604/217/1523 7444/217/1523 7443/151/1576
f 7464/153/1521 7465/154/1562 7446/152/1562 7445/153/1521
f 7463/129/1522 7444/217/1523 7604/217/1523
f 7465/154/1562 7466/156/1655 7447/156/1655 7446/152/1562
f 7466/156/1655 7467/131/5400 7448/155/5400 7447/156/1655
f 7467/131/5400 7468/132/1551 7449/132/1551 7448/155/5400
f 7468/132/1551 7450/192/1550 7431/192/1550 7449/132/1551
f 7611/192/1550 7612/188/5712 7451/188/5712 7450/192/1550
f 7613/191/5715 7452/191/5715 7451/188/5712 7612/188/5712
f 7614/189/5717 7453/189/5717 7452/191/5715 7613/191/5715
f 7615/157/5719 7454/157/5719 7453/189/5717 7614/189/5717
f 7740/1069/1539 7455/158/1659 7454/157/5719 7615/157/5719
f 7616/222/1541 7456/222/1541 7455/158/1659 7740/1069/1539
f 7617/150/1654 7457/150/1654 7456/222/1541 7616/222/1541
f 7618/159/5391 7458/159/5391 7457/150/1654 7617/150/1654
f 7619/125/1545 7459/125/1545 7458/159/5391 7618/159/5391
f 7620/126/5388 7460/126/5388 7459/125/1545 7619/125/1545
f 7602/127/5383 7461/127/5383 7460/126/5388 7620/126/5388
f 7602/127/5383 7603/151/1576 7462/151/1576 7461/127/5383
f 7605/129/1522 7606/153/1521 7464/153/1521 7463/129/1522
f 7604/217/1523 7462/151/1576 7603/151/1576
f 7606/153/1521 7607/154/1562 7465/154/1562 7464/153/1521
f 7607/154/1562 7608/156/1655 7466/156/1655 7465/154/1562
f 7608/156/1655 7609/131/5400 7467/131/5400 7466/156/1655
f 7609/131/5400 7610/132/1551 7468/132/1551 7467/131/5400
f 7610/132/1551 7611/192/1550 7450/192/1550 7468/132/1551
f 7384/164/1535 7385/163/5734 7470/163/5735 7469/164/1533
f 7386/175/5736 7471/175/5737 7470/163/5735 7385/163/5734
f 7387/234/5738 7472/234/5739 7471/175/5737 7386/175/5736
f 7388/176/5740 7473/176/5741 7472/234/5739 7387/234/5738
f 7372/169/5742 7475/169/5639 7474/168/1526 7371/168/1525
f 7473/176/5741 7388/176/5740 7389/1063/1524
f 7373/171/5743 7476/171/5643 7475/169/5639 7372/169/5742
f 7374/172/5744 7477/162/5745 7476/171/5643 7373/171/5743
f 7375/138/5746 7478/138/5747 7477/162/5745 7374/172/5744
f 7376/140/5748 7479/984/5749 7478/138/5747 7375/138/5746
f 7376/140/5748 7377/139/5750 7480/139/5751 7479/984/5749
f 7377/139/5750 7378/980/5625 7481/980/5653 7480/139/5751
f 7579/1060/1532 7382/141/1517 7484/141/5663 7483/142/1530
f 7379/1064/1528 7481/980/5653 7378/980/5625
f 7381/1065/1531 7482/231/1527 7380/231/1529
f 7841/541/5752 7842/165/5753 7486/163/5669 7485/164/5667
f 7383/1066/1534 7484/141/5663 7382/141/1517
f 7843/800/5754 7487/175/5671 7486/163/5669 7842/165/5753
f 7844/234/5755 7488/234/5673 7487/175/5671 7843/800/5754
f 7847/167/5756 7490/167/5642 7489/166/1538 7846/1068/1537
f 7488/234/5673 7844/234/5755 7845/1067/1536
f 7848/169/5757 7491/169/5639 7490/167/5642 7847/167/5756
f 7831/170/5758 7492/171/5643 7491/169/5639 7848/169/5757
f 7832/562/5745 7493/172/5645 7492/171/5643 7831/170/5758
f 7833/173/5759 7494/138/5647 7493/172/5645 7832/562/5745
f 7834/564/5649 7495/140/5649 7494/138/5647 7833/173/5759
f 7834/564/5649 7835/563/5760 7496/139/5651 7495/140/5649
f 7835/563/5760 7836/980/5761 7497/980/5653 7496/139/5651
f 7836/980/5761 7518/179/5762 7498/179/5655 7497/980/5653
f 7518/179/5762 7519/983/1527 7499/981/5657 7498/179/5655
f 7519/983/1527 7837/174/1558 7500/174/5659 7499/981/5657
f 7837/174/1558 7838/142/5763 7501/142/5661 7500/174/5659
f 7838/142/5763 7839/1002/5764 7502/141/5663 7501/142/5661
f 7839/1002/5764 7840/782/5765 7503/540/5665 7502/141/5663
f 7840/782/5765 7841/541/5752 7485/164/5667 7503/540/5665
f 7469/164/1533 7470/163/5735 7505/1541/5735 7504/164/5766
f 7471/175/5737 7506/175/5754 7505/1541/5735 7470/163/5735
f 7472/234/5739 7507/784/5739 7506/175/5754 7471/175/5737
f 7473/176/5741 7508/1067/1536 7507/784/5739 7472/234/5739
f 7389/1063/1524 7509/1542/5767 7508/1067/1536 7473/176/5741
f 7474/168/1526 7510/167/1526 7509/1542/5767 7389/1063/1524
f 7475/169/5639 7511/1543/5639 7510/167/1526 7474/168/1526
f 7476/171/5643 7512/171/5768 7511/1543/5639 7475/169/5639
f 7477/162/5745 7513/162/5769 7512/171/5768 7476/171/5643
f 7478/138/5747 7514/138/5747 7513/162/5769 7477/162/5745
f 7479/984/5749 7515/984/5749 7514/138/5747 7478/138/5747
f 7479/984/5749 7480/139/5751 7516/139/5751 7515/984/5749
f 7480/139/5751 7481/980/5653 7517/1544/5653 7516/139/5751
f 7481/980/5653 7379/1064/1528 7518/179/5762 7517/1544/5653
f 7379/1064/1528 7482/231/1527 7519/983/1527 7518/179/5762
f 7482/231/1527 7381/1065/1531 7520/174/1559 7519/983/1527
f 7381/1065/1531 7483/142/1530 7521/182/1530 7520/174/1559
f 7483/142/1530 7484/141/5663 7522/141/5764 7521/182/1530
f 7484/141/5663 7383/1066/1534 7523/233/5765 7522/141/5764
f 7383/1066/1534 7469/164/1533 7504/164/5766 7523/233/5765
f 7406/119/5770 7405/118/5771 7525/118/5700 7524/119/5702
f 7405/118/5771 7404/64/5772 7526/184/5699 7525/118/5700
f 7403/117/5773 7527/146/5697 7526/184/5699 7404/64/5772
f 7402/116/5774 7528/116/5694 7527/146/5697 7403/117/5773
f 7401/115/5775 7529/115/5691 7528/116/5694 7402/116/5774
f 7400/114/5776 7360/1768/5695 7529/115/5691 7401/115/5775
f 7399/113/5777 7359/1062/1518 7360/1768/5695 7400/114/5776
f 7398/112/5778 7530/112/1519 7359/1062/1518 7399/113/5777
f 7397/111/5779 7531/977/5690 7530/112/1519 7398/112/5778
f 7396/110/5780 7532/143/5688 7531/977/5690 7397/111/5779
f 7395/109/5781 7533/109/5686 7532/143/5688 7396/110/5780
f 7394/108/5782 7534/108/5683 7533/109/5686 7395/109/5781
f 7394/108/5782 7393/107/5783 7535/778/5681 7534/108/5683
f 7393/107/5783 7391/105/5784 7536/105/5677 7535/778/5681
f 7391/105/5784 7390/104/5785 7537/1406/5678 7536/105/5677
f 7390/104/5785 7410/123/5786 7538/123/5710 7537/1406/5678
f 7410/123/5786 7409/122/5787 7539/1540/5708 7538/123/5710
f 7409/122/5787 7408/121/5788 7540/121/5706 7539/1540/5708
f 7408/121/5788 7407/120/5789 7541/1539/5704 7540/121/5706
f 7407/120/5789 7406/119/5770 7524/119/5702 7541/1539/5704
f 7364/64/5631 7543/1546/5631 7542/1547/5790 7365/118/5791
f 7364/64/5631 7363/117/5632 7544/183/5632 7543/1546/5631
f 7363/117/5632 7362/116/5792 7545/1548/5634 7544/183/5632
f 7362/116/5792 7361/115/5692 7546/185/5636 7545/1548/5634
f 7361/115/5692 7360/1768/5695 7547/1549/5638 7546/185/5636
f 7360/1768/5695 7359/1062/1518 7548/1550/5793 7547/1549/5638
f 7358/112/5794 7549/1551/5612 7548/1550/5793 7359/1062/1518
f 7357/111/5795 7550/1552/5615 7549/1551/5612 7358/112/5794
f 7356/110/5796 7551/1553/5617 7550/1552/5615 7357/111/5795
f 7355/109/5797 7552/1554/5619 7551/1553/5617 7356/110/5796
f 7354/108/5621 7553/1555/5621 7552/1554/5619 7355/109/5797
f 7354/108/5621 7353/107/5798 7554/1556/5623 7553/1555/5621
f 7353/107/5798 7352/105/5799 7555/1557/5624 7554/1556/5623
f 7352/105/5799 7351/104/5800 7556/1558/5801 7555/1557/5624
f 7351/104/5800 7370/123/5802 7557/785/5627 7556/1558/5801
f 7370/123/5802 7369/122/5803 7558/1559/5628 7557/785/5627
f 7369/122/5803 7368/121/5804 7559/1560/5804 7558/1559/5628
f 7367/120/5805 7560/787/1516 7559/1560/5804 7368/121/5804
f 7366/119/5806 7561/986/5629 7560/787/1516 7367/120/5805
f 7365/118/5791 7542/1547/5790 7561/986/5629 7366/119/5806
f 7543/1546/5631 7563/1535/5631 7562/772/5630 7542/1547/5790
f 7543/1546/5631 7544/183/5632 7564/1536/5632 7563/1535/5631
f 7544/183/5632 7545/1548/5634 7565/1537/5634 7564/1536/5632
f 7545/1548/5634 7546/185/5636 7566/774/5636 7565/1537/5634
f 7546/185/5636 7547/1549/5638 7567/1538/5638 7566/774/5636
f 7547/1549/5638 7548/1550/5793 7568/776/5614 7567/1538/5638
f 7549/1551/5612 7569/1526/5612 7568/776/5614 7548/1550/5793
f 7550/1552/5615 7570/1527/5615 7569/1526/5612 7549/1551/5612
f 7551/1553/5617 7571/1528/5617 7570/1527/5615 7550/1552/5615
f 7552/1554/5619 7572/137/5619 7571/1528/5617 7551/1553/5617
f 7553/1555/5621 7573/769/5621 7572/137/5619 7552/1554/5619
f 7553/1555/5621 7554/1556/5623 7574/1529/5623 7573/769/5621
f 7554/1556/5623 7555/1557/5624 7575/1530/5624 7574/1529/5623
f 7555/1557/5624 7556/1558/5801 7576/771/5626 7575/1530/5624
f 7556/1558/5801 7557/785/5627 7577/1531/5627 7576/771/5626
f 7557/785/5627 7558/1559/5628 7578/1532/5628 7577/1531/5627
f 7558/1559/5628 7559/1560/5804 7579/1060/1515 7578/1532/5628
f 7560/787/1516 7580/1061/1516 7579/1060/1515 7559/1560/5804
f 7561/986/5629 7581/1534/5629 7580/1061/1516 7560/787/1516
f 7542/1547/5790 7562/772/5630 7581/1534/5629 7561/986/5629
f 7761/127/5550 7762/1263/5553 7583/1263/5553 7582/127/5550
f 7762/1263/5553 7763/217/5807 7584/217/1513 7583/1263/5553
f 7763/217/5807 7764/129/1514 7585/129/1514 7584/217/1513
f 7764/129/1514 7765/153/5558 7586/128/5558 7585/129/1514
f 7765/153/5558 7766/152/5560 7587/152/5560 7586/128/5558
f 7766/152/5560 7767/1222/5563 7588/156/5563 7587/152/5560
f 7767/1222/5563 7768/131/5566 7589/131/5566 7588/156/5563
f 7768/131/5566 7769/132/5569 7590/132/5569 7589/131/5566
f 7769/132/5569 7770/192/5520 7591/192/5520 7590/132/5569
f 7770/192/5520 7771/188/5521 7592/188/5521 7591/192/5520
f 7592/188/5521 7771/188/5521 7752/191/5525 7593/191/5525
f 7593/191/5525 7752/191/5525 7753/189/5808 7594/189/5527
f 7594/189/5527 7753/189/5808 7754/157/5530 7595/157/5530
f 7595/157/5530 7754/157/5530 7755/158/5533 7596/1069/5533
f 7596/1069/5533 7755/158/5533 7756/222/5809 7597/222/5536
f 7597/222/5536 7756/222/5809 7757/150/5539 7598/150/5539
f 7598/150/5539 7757/150/5539 7758/159/5810 7599/159/5542
f 7599/159/5542 7758/159/5810 7759/537/5811 7600/125/1556
f 7600/125/1556 7759/537/5811 7760/126/5547 7601/126/5547
f 7601/126/5547 7760/126/5547 7761/127/5550 7582/127/5550
f 7745/127/5383 7746/151/5812 7603/151/1576 7602/127/5383
f 7746/151/5812 7747/217/1523 7604/217/1523 7603/151/1576
f 7747/217/1523 7856/129/1522 7605/129/1522 7604/217/1523
f 7856/129/1522 7246/1071/1548 7606/153/1521 7605/129/1522
f 7246/1071/1548 7748/154/1547 7607/154/1562 7606/153/1521
f 7748/154/1547 7749/156/5402 7608/156/1655 7607/154/1562
f 7749/156/5402 7750/131/5400 7609/131/5400 7608/156/1655
f 7750/131/5400 7860/132/1551 7610/132/1551 7609/131/5400
f 7860/132/1551 7751/192/1550 7611/192/1550 7610/132/1551
f 7751/192/1550 7233/188/1552 7612/188/5712 7611/192/1550
f 7738/191/1554 7613/191/5715 7612/188/5712 7233/188/1552
f 7739/189/5397 7614/189/5717 7613/191/5715 7738/191/1554
f 7864/1070/1543 7615/157/5719 7614/189/5717 7739/189/5397
f 7742/150/1654 7617/150/1654 7616/222/1541 7741/222/1540
f 7615/157/5719 7864/1070/1543 7740/1069/1539
f 7850/159/1544 7618/159/5391 7617/150/1654 7742/150/1654
f 7743/125/1546 7619/125/1545 7618/159/5391 7850/159/1544
f 7744/126/5388 7620/126/5388 7619/125/1545 7743/125/1546
f 7745/127/5383 7602/127/5383 7620/126/5388 7744/126/5388
f 7414/189/5718 7415/764/5720 7622/157/1502 7621/189/1501
f 7415/764/5720 7416/158/5721 7623/158/5458 7622/157/1502
f 7416/158/5721 7417/149/5722 7624/149/1504 7623/158/5458
f 7417/149/5722 7418/150/5723 7625/150/1505 7624/149/1504
f 7418/150/5723 7419/159/5724 7626/159/5460 7625/150/1505
f 7419/159/5724 7420/125/5725 7627/537/5462 7626/159/5460
f 7420/125/5725 7421/126/5726 7628/126/5464 7627/537/5462
f 7421/126/5726 7422/127/5727 7629/127/5465 7628/126/5464
f 7425/129/5728 7631/129/1510 7630/217/1508 7424/217/1542
f 7629/127/5465 7422/127/5727 7423/151/1507
f 7426/153/5729 7632/153/1511 7631/129/1510 7425/129/5728
f 7427/152/5730 7633/152/5467 7632/153/1511 7426/153/5729
f 7428/156/5731 7634/765/5469 7633/152/5467 7427/152/5730
f 7429/155/5732 7635/155/5453 7634/765/5469 7428/156/5731
f 7430/132/5733 7636/132/5454 7635/155/5453 7429/155/5732
f 7411/192/5714 7637/192/1499 7636/132/5454 7430/132/5733
f 7412/188/5713 7638/188/1500 7637/192/1499 7411/192/5714
f 7412/188/5713 7413/191/5716 7639/191/5456 7638/188/1500
f 7413/191/5716 7414/189/5718 7621/189/1501 7639/191/5456
f 7435/157/5719 7641/157/5719 7640/189/5717 7434/189/5717
f 7436/158/1659 7642/158/1659 7641/157/5719 7435/157/5719
f 7437/222/1541 7643/222/1541 7642/158/1659 7436/158/1659
f 7438/150/1654 7644/150/1654 7643/222/1541 7437/222/1541
f 7439/159/5391 7645/159/5391 7644/150/1654 7438/150/1654
f 7440/125/1545 7646/125/1545 7645/159/5391 7439/159/5391
f 7441/126/5388 7647/126/5388 7646/125/1545 7440/125/1545
f 7442/127/5383 7648/127/5383 7647/126/5388 7441/126/5388
f 7442/127/5383 7443/151/1576 7649/151/1576 7648/127/5383
f 7443/151/1576 7444/217/1523 7650/217/1523 7649/151/1576
f 7444/217/1523 7463/129/1522 7651/129/1522 7650/217/1523
f 7463/129/1522 7445/153/1521 7652/153/1521 7651/129/1522
f 7445/153/1521 7446/152/1562 7653/152/1562 7652/153/1521
f 7446/152/1562 7447/156/1655 7654/156/1655 7653/152/1562
f 7447/156/1655 7448/155/5400 7655/155/5400 7654/156/1655
f 7448/155/5400 7449/132/1551 7656/132/1551 7655/155/5400
f 7449/132/1551 7431/192/1550 7657/192/1550 7656/132/1551
f 7431/192/1550 7432/188/5712 7658/188/5712 7657/192/1550
f 7433/191/5715 7659/191/5715 7658/188/5712 7432/188/5712
f 7434/189/5717 7640/189/5717 7659/191/5715 7433/191/5715
f 7889/1076/1565 7661/1235/5813 7660/1236/5717 7147/1075/1563
f 7890/1561/5814 7662/1562/1539 7661/1235/5813 7889/1076/1565
f 7144/1077/1566 7663/1690/1540 7662/1562/1539 7890/1561/5814
f 7891/574/1568 7664/1691/1654 7663/1690/1540 7144/1077/1566
f 7892/1692/5815 7665/569/5391 7664/1691/1654 7891/574/1568
f 7893/1755/5816 7666/1564/1545 7665/569/5391 7892/1692/5815
f 7894/575/3118 7667/1565/5388 7666/1564/1545 7893/1755/5816
f 7895/802/5817 7668/1566/5383 7667/1565/5388 7894/575/3118
f 7895/802/5817 7896/1693/5384 7669/1694/1576 7668/1566/5383
f 7896/1693/5384 7897/543/5818 7670/1695/1523 7669/1694/1576
f 7897/543/5818 7898/1567/5819 7671/1769/1522 7670/1695/1523
f 7898/1569/5819 7899/1696/1521 7672/1074/1521 7671/1770/1522
f 7899/1696/1521 7900/1698/5820 7673/544/1562 7672/1074/1521
f 7900/1698/5820 7153/1079/1570 7674/1699/1655 7673/544/1562
f 7153/1079/1570 7901/1078/1569 7675/567/5400 7674/1699/1655
f 7901/1078/1569 7885/1570/5821 7676/1571/1551 7675/567/5400
f 7885/1570/5821 7886/1003/5822 7677/1572/1550 7676/1571/1551
f 7886/1003/5822 7887/1700/5712 7678/236/5712 7677/1572/1550
f 7888/242/5823 7679/1249/5715 7678/236/5712 7887/1700/5712
f 7147/1075/1563 7660/1236/5717 7679/1249/5715 7888/242/5823
f 7875/1573/5719 7681/972/5395 7680/757/5397 7874/1252/5717
f 7876/1574/1659 7682/1678/1659 7681/972/5395 7875/1573/5719
f 7877/1701/1541 7683/524/1541 7682/1678/1659 7876/1574/1659
f 7878/1702/1654 7684/1498/1653 7683/524/1541 7877/1701/1541
f 7879/570/5391 7685/970/5391 7684/1498/1653 7878/1702/1654
f 7880/1575/1545 7686/1496/1545 7685/970/5391 7879/570/5391
f 7881/1576/5388 7687/1676/5388 7686/1496/1545 7880/1575/1545
f 7882/1577/5383 7688/1767/5383 7687/1676/5388 7881/1576/5388
f 7882/1577/5383 7883/987/1576 7689/968/5384 7688/1767/5383
f 7883/987/1576 7884/1704/1523 7118/1057/1472 7689/968/5384
f 7884/1704/1523 7671/1769/1522 7690/756/1473 7118/1057/1472
f 7671/1770/1522 7672/1074/1521 7691/547/1651 7690/1681/1473
f 7672/1074/1521 7867/1073/1562 7692/1680/1547 7691/547/1651
f 7867/1073/1562 7868/1707/1655 7693/1754/5402 7692/1680/1547
f 7868/1707/1655 7869/565/5400 7694/759/5400 7693/1754/5402
f 7869/565/5400 7870/1580/1551 7695/1679/1551 7694/759/5400
f 7870/1580/1551 7871/1582/1550 7696/94/1550 7695/1679/1551
f 7871/1582/1550 7872/1583/5712 7129/1058/1474 7696/94/1550
f 7873/210/5715 7697/1059/1475 7129/1058/1474 7872/1583/5712
f 7874/1252/5717 7680/757/5397 7697/1059/1475 7873/210/5715
f 7718/789/5824 7719/1584/5825 7699/1505/1479 7698/788/1479
f 7719/1584/5825 7720/988/5826 7700/1504/5406 7699/1505/1479
f 7720/988/5826 7721/1585/5827 7701/1503/1479 7700/1504/5406
f 7722/790/5828 7702/1502/1479 7701/1503/1479 7721/1585/5827
f 7723/989/5829 7703/1683/1479 7702/1502/1479 7722/790/5828
f 7724/550/5830 7704/529/1479 7703/1683/1479 7723/989/5829
f 7725/1756/5831 7705/1501/1479 7704/529/1479 7724/550/5830
f 7726/551/5832 7706/760/1479 7705/1501/1479 7725/1756/5831
f 7726/551/5832 7727/1586/5833 7707/1500/1479 7706/760/1479
f 7727/1586/5833 7728/791/5834 7708/1682/1479 7707/1500/1479
f 7728/791/5834 7729/991/5835 7709/527/1479 7708/1682/1479
f 7729/991/5835 7730/1587/5836 7710/1510/1479 7709/527/1479
f 7730/1587/5836 7731/1588/5837 7711/1509/1479 7710/1510/1479
f 7732/1589/5838 7712/1508/1479 7711/1509/1479 7731/1588/5837
f 7733/1590/5839 7713/1685/1479 7712/1508/1479 7732/1589/5838
f 7734/1757/5840 7714/531/1479 7713/1685/1479 7733/1590/5839
f 7714/531/1479 7734/1757/5840 7735/1591/5841 7715/1507/1479
f 7736/792/5842 7716/762/1479 7715/1507/1479 7735/1591/5841
f 7736/792/5842 7737/553/5843 7717/1506/1479 7716/762/1479
f 7737/553/5843 7718/789/5824 7698/788/1479 7717/1506/1479
f 7161/764/1629 7719/1584/5825 7718/789/5824 7621/189/1501
f 7162/158/5459 7720/988/5826 7719/1584/5825 7161/764/1629
f 7624/149/1504 7721/1585/5827 7720/988/5826 7162/158/5459
f 7624/149/1504 7163/150/1470 7722/790/5828 7721/1585/5827
f 7163/150/1470 7164/159/1470 7723/989/5829 7722/790/5828
f 7164/159/1470 7165/125/1470 7724/550/5830 7723/989/5829
f 7165/125/1470 7166/126/1629 7725/1756/5831 7724/550/5830
f 7166/126/1629 7167/127/1629 7726/551/5832 7725/1756/5831
f 7423/151/1507 7727/1586/5833 7726/551/5832 7167/127/1629
f 7168/217/1472 7728/791/5834 7727/1586/5833 7423/151/1507
f 7631/129/1510 7729/991/5835 7728/791/5834 7168/217/1472
f 7169/153/1509 7730/1587/5836 7729/991/5835 7631/129/1510
f 7170/152/1470 7731/1588/5837 7730/1587/5836 7169/153/1509
f 7170/152/1470 7171/156/1470 7732/1589/5838 7731/1588/5837
f 7171/156/1470 7157/131/1470 7733/1590/5839 7732/1589/5838
f 7157/131/1470 7158/132/1629 7734/1757/5840 7733/1590/5839
f 7158/132/1629 7637/192/1499 7735/1591/5841 7734/1757/5840
f 7637/192/1499 7159/188/1498 7736/792/5842 7735/1591/5841
f 7160/191/5457 7737/553/5843 7736/792/5842 7159/188/1498
f 7621/189/1501 7718/789/5824 7737/553/5843 7160/191/5457
f 7863/189/5717 7739/189/5397 7738/191/1554 7862/191/1553
f 7866/222/1540 7741/222/1540 7740/1069/1539 7865/158/1539
f 7739/189/5397 7863/189/5717 7864/1070/1543
f 7849/150/5844 7742/150/1654 7741/222/1540 7866/222/1540
f 7852/126/5388 7744/126/5388 7743/125/1546 7851/125/1545
f 7742/150/1654 7849/150/5844 7850/159/1544
f 7853/127/5383 7745/127/5383 7744/126/5388 7852/126/5388
f 7853/127/5383 7854/151/5845 7746/151/5812 7745/127/5383
f 7854/151/5845 7855/217/1523 7747/217/1523 7746/151/5812
f 7857/154/1549 7858/156/1655 7749/156/5402 7748/154/1547
f 7856/129/1522 7747/217/1523 7855/217/1523
f 7858/156/1655 7859/131/1569 7750/131/5400 7749/156/5402
f 7752/191/5525 7772/191/5525 7773/189/5527 7753/189/5808
f 7860/132/1551 7750/131/5400 7859/131/1569
f 7233/188/1552 7751/192/1550 7861/192/1550
f 7753/189/5808 7773/189/5527 7774/157/5530 7754/157/5530
f 7754/157/5530 7774/157/5530 7775/158/5533 7755/158/5533
f 7755/158/5533 7775/158/5533 7776/222/5809 7756/222/5809
f 7756/222/5809 7776/222/5809 7777/150/5539 7757/150/5539
f 7757/150/5539 7777/150/5539 7778/159/5810 7758/159/5810
f 7758/159/5810 7778/159/5810 7779/537/1556 7759/537/5811
f 7759/537/5811 7779/537/1556 7780/126/5547 7760/126/5547
f 7760/126/5547 7780/126/5547 7781/127/5550 7761/127/5550
f 7781/127/5550 7782/1263/5553 7762/1263/5553 7761/127/5550
f 7782/1263/5553 7783/217/5807 7763/217/5807 7762/1263/5553
f 7783/217/5807 7784/129/1514 7764/129/1514 7763/217/5807
f 7784/129/1514 7785/153/5558 7765/153/5558 7764/129/1514
f 7785/153/5558 7786/152/5560 7766/152/5560 7765/153/5558
f 7786/152/5560 7787/1222/5563 7767/1222/5563 7766/152/5560
f 7787/1222/5563 7788/131/5566 7768/131/5566 7767/1222/5563
f 7788/131/5566 7789/132/5569 7769/132/5569 7768/131/5566
f 7789/132/5569 7790/192/5520 7770/192/5520 7769/132/5569
f 7790/192/5520 7791/188/5521 7771/188/5521 7770/192/5520
f 7771/188/5521 7791/188/5521 7772/191/5525 7752/191/5525
f 7772/191/5525 7792/191/5525 7793/189/5527 7773/189/5527
f 7773/189/5527 7793/189/5527 7794/157/5530 7774/157/5530
f 7774/157/5530 7794/157/5530 7795/158/5533 7775/158/5533
f 7775/158/5533 7795/158/5533 7796/222/5809 7776/222/5809
f 7776/222/5809 7796/222/5809 7797/150/5539 7777/150/5539
f 7777/150/5539 7797/150/5539 7798/159/5846 7778/159/5810
f 7778/159/5810 7798/159/5846 7799/537/1556 7779/537/1556
f 7779/537/1556 7799/537/1556 7271/1072/1555 7780/126/5547
f 7780/126/5547 7271/1072/1555 7800/127/5847 7781/127/5550
f 7800/127/5847 7801/151/5553 7782/1263/5553 7781/127/5550
f 7801/151/5553 7802/217/5848 7783/217/5807 7782/1263/5553
f 7802/217/5848 7803/129/1514 7784/129/1514 7783/217/5807
f 7803/129/1514 7804/153/5558 7785/153/5558 7784/129/1514
f 7804/153/5558 7805/152/5560 7786/152/5560 7785/153/5558
f 7805/152/5560 7806/1222/5563 7787/1222/5563 7786/152/5560
f 7806/1222/5563 7807/131/5566 7788/131/5566 7787/1222/5563
f 7807/131/5566 7808/132/5569 7789/132/5569 7788/131/5566
f 7808/132/5569 7809/192/5520 7790/192/5520 7789/132/5569
f 7809/192/5520 7810/188/5521 7791/188/5521 7790/192/5520
f 7791/188/5521 7810/188/5521 7792/191/5525 7772/191/5525
f 7792/191/5525 7255/191/5849 7257/189/5850 7793/189/5527
f 7793/189/5527 7257/189/5850 7259/157/5851 7794/157/5530
f 7794/157/5530 7259/157/5851 7261/158/5852 7795/158/5533
f 7795/158/5533 7261/158/5852 7263/222/5853 7796/222/5809
f 7796/222/5809 7263/222/5853 7265/150/5854 7797/150/5539
f 7797/150/5539 7265/150/5854 7267/159/5855 7798/159/5846
f 7798/159/5846 7267/159/5855 7269/125/1557 7799/537/1556
f 7273/127/5505 7275/151/5856 7801/151/5553 7800/127/5847
f 7273/127/5505 7800/127/5847 7271/1072/1555
f 7275/151/5856 7277/217/5857 7802/217/5848 7801/151/5553
f 7277/217/5857 7279/129/5858 7803/129/1514 7802/217/5848
f 7279/129/5858 7281/153/5859 7804/153/5558 7803/129/1514
f 7281/153/5859 7283/152/5860 7805/152/5560 7804/153/5558
f 7283/152/5860 7285/156/5861 7806/1222/5563 7805/152/5560
f 7285/156/5861 7287/131/5862 7807/131/5566 7806/1222/5563
f 7287/131/5862 7289/132/5863 7808/132/5569 7807/131/5566
f 7289/132/5863 7251/192/5864 7809/192/5520 7808/132/5569
f 7251/192/5864 7252/188/5865 7810/188/5521 7809/192/5520
f 7810/188/5521 7252/188/5865 7255/191/5849 7792/191/5525
f 7182/560/5866 7812/561/5611 7811/1687/5610 7181/559/5867
f 7183/994/5868 7813/995/5593 7812/561/5611 7182/560/5866
f 7184/1194/5869 7814/1514/5592 7813/995/5593 7183/994/5868
f 7185/798/5870 7815/799/5594 7814/1514/5592 7184/1194/5869
f 7186/996/5871 7816/1515/5595 7815/799/5594 7185/798/5870
f 7186/996/5871 7187/997/5872 7817/998/5596 7816/1515/5595
f 7187/997/5872 7188/1195/5873 7818/1516/5597 7817/998/5596
f 7188/1195/5873 7189/1001/5874 7819/999/5598 7818/1516/5597
f 7189/1001/5874 7190/1196/5875 7820/1517/5599 7819/999/5598
f 7190/1196/5875 7191/227/5876 7821/1518/5600 7820/1517/5599
f 7191/227/5876 7172/1188/5877 7822/1519/5601 7821/1518/5600
f 7172/1188/5877 7173/134/5878 7823/1520/5602 7822/1519/5601
f 7173/134/5878 7174/1189/5879 7824/768/5603 7823/1520/5602
f 7174/1189/5879 7175/1190/5880 7825/1521/5604 7824/768/5603
f 7175/1190/5880 7176/229/5881 7826/1522/5605 7825/1521/5604
f 7177/230/5882 7827/228/5606 7826/1522/5605 7176/229/5881
f 7178/1191/5883 7828/1523/5607 7827/228/5606 7177/230/5882
f 7179/1192/5884 7829/1524/5608 7828/1523/5607 7178/1191/5883
f 7180/1193/5885 7830/1525/5609 7829/1524/5608 7179/1192/5884
f 7181/559/5867 7811/1687/5610 7830/1525/5609 7180/1193/5885
f 7513/162/5769 7832/562/5745 7831/170/5758 7512/171/5768
f 7514/138/5747 7833/173/5759 7832/562/5745 7513/162/5769
f 7515/984/5749 7834/564/5649 7833/173/5759 7514/138/5747
f 7515/984/5749 7516/139/5751 7835/563/5760 7834/564/5649
f 7516/139/5751 7517/1544/5653 7836/980/5761 7835/563/5760
f 7520/174/1559 7521/182/1530 7838/142/5763 7837/174/1558
f 7518/179/5762 7836/980/5761 7517/1544/5653
f 7521/182/1530 7522/141/5764 7839/1002/5764 7838/142/5763
f 7522/141/5764 7523/233/5765 7840/782/5765 7839/1002/5764
f 7523/233/5765 7504/164/5766 7841/541/5752 7840/782/5765
f 7504/164/5766 7505/1541/5735 7842/165/5753 7841/541/5752
f 7506/175/5754 7843/800/5754 7842/165/5753 7505/1541/5735
f 7507/784/5739 7844/234/5755 7843/800/5754 7506/175/5754
f 7508/1067/1536 7845/1067/1536 7844/234/5755 7507/784/5739
f 7509/1542/5767 7846/1068/1537 7845/1067/1536 7508/1067/1536
f 7510/167/1526 7847/167/5756 7846/1068/1537 7509/1542/5767
f 7511/1543/5639 7848/169/5757 7847/167/5756 7510/167/1526
f 7512/171/5768 7831/170/5758 7848/169/5757 7511/1543/5639
f 7240/159/5886 7850/159/1544 7849/150/5844 7239/150/5887
f 7241/125/5888 7851/125/1545 7850/159/1544 7240/159/5886
f 7242/126/5889 7852/126/5388 7851/125/1545 7241/125/5888
f 7243/127/5890 7853/127/5383 7852/126/5388 7242/126/5889
f 7243/127/5890 7244/151/5506 7854/151/5845 7853/127/5383
f 7244/151/5506 7584/217/1513 7855/217/1523 7854/151/5845
f 7584/217/1513 7245/129/1512 7856/129/1522 7855/217/1523
f 7247/152/1560 7248/156/5891 7858/156/1655 7857/154/1549
f 7246/1071/1548 7856/129/1522 7245/129/1512
f 7248/156/5891 7249/131/1584 7859/131/1569 7858/156/1655
f 7249/131/1584 7250/132/5892 7860/132/1551 7859/131/1569
f 7250/132/5892 7232/192/5522 7861/192/1550 7860/132/1551
f 7235/189/5893 7863/189/5717 7862/191/1553 7234/191/1561
f 7233/188/1552 7861/192/1550 7232/192/5522
f 7236/157/5894 7864/1070/1543 7863/189/5717 7235/189/5893
f 7237/158/5895 7865/158/1539 7864/1070/1543 7236/157/5894
f 7238/222/5896 7866/222/1540 7865/158/1539 7237/158/5895
f 7239/150/5887 7849/150/5844 7866/222/1540 7238/222/5896
f 7673/544/1562 7674/1699/1655 7868/1707/1655 7867/1073/1562
f 7674/1699/1655 7675/567/5400 7869/565/5400 7868/1707/1655
f 7675/567/5400 7676/1571/1551 7870/1580/1551 7869/565/5400
f 7676/1571/1551 7677/1572/1550 7871/1582/1550 7870/1580/1551
f 7677/1572/1550 7678/236/5712 7872/1583/5712 7871/1582/1550
f 7679/1249/5715 7873/210/5715 7872/1583/5712 7678/236/5712
f 7660/1236/5717 7874/1252/5717 7873/210/5715 7679/1249/5715
f 7661/1235/5813 7875/1573/5719 7874/1252/5717 7660/1236/5717
f 7662/1562/1539 7876/1574/1659 7875/1573/5719 7661/1235/5813
f 7663/1690/1540 7877/1701/1541 7876/1574/1659 7662/1562/1539
f 7664/1691/1654 7878/1702/1654 7877/1701/1541 7663/1690/1540
f 7665/569/5391 7879/570/5391 7878/1702/1654 7664/1691/1654
f 7666/1564/1545 7880/1575/1545 7879/570/5391 7665/569/5391
f 7667/1565/5388 7881/1576/5388 7880/1575/1545 7666/1564/1545
f 7668/1566/5383 7882/1577/5383 7881/1576/5388 7667/1565/5388
f 7668/1566/5383 7669/1694/1576 7883/987/1576 7882/1577/5383
f 7669/1694/1576 7670/1695/1523 7884/1704/1523 7883/987/1576
f 7151/591/5897 7150/688/5898 7886/1003/5822 7885/1570/5821
f 7671/1769/1522 7884/1704/1523 7670/1695/1523
f 7150/688/5898 7149/959/5899 7887/1700/5712 7886/1003/5822
f 7148/241/5900 7888/242/5823 7887/1700/5712 7149/959/5899
f 7145/614/5901 7890/1561/5814 7889/1076/1565 7146/844/1564
f 7888/242/5823 7148/241/5900 7147/1075/1563
f 7142/1241/5902 7892/1692/5815 7891/574/1568 7143/37/1567
f 7890/1561/5814 7145/614/5901 7144/1077/1566
f 7141/914/5903 7893/1755/5816 7892/1692/5815 7142/1241/5902
f 7140/439/5904 7894/575/3118 7893/1755/5816 7141/914/5903
f 7139/742/5905 7895/802/5817 7894/575/3118 7140/439/5904
f 7139/742/5905 7138/244/5906 7896/1693/5384 7895/802/5817
f 7138/244/5906 7137/47/5907 7897/543/5818 7896/1693/5384
f 7137/47/5907 7136/59/5908 7898/1567/5819 7897/543/5818
f 7136/1162/5908 7155/657/5909 7899/1696/1521 7898/1569/5819
f 7155/657/5909 7154/38/5407 7900/1698/5820 7899/1696/1521
f 7152/372/1571 7151/591/5897 7885/1570/5821 7901/1078/1569
f 7153/1079/1570 7900/1698/5820 7154/38/5407
f 8102/1592/1470 7902/533/1470 7903/247/1629 8101/1358/1470
f 8101/1358/1470 7903/247/1629 7904/245/1629 8100/392/1470
f 8100/392/1470 7904/245/1629 7905/464/1572 8099/1081/1470
f 8097/1364/1470 8098/1451/1470 7907/515/1470 7908/654/1470
f 7906/1080/1573 7907/515/1470 8098/1451/1470
f 8096/643/1470 8097/1364/1470 7908/654/1470 7909/248/1470
f 8095/359/1470 8096/643/1470 7909/248/1470 7910/517/1470
f 8095/359/1470 7910/517/1470 7911/253/1470 8094/1365/1629
f 8094/1365/1629 7911/253/1470 7912/251/1470 8093/1593/1629
f 8093/1593/1629 7912/251/1470 7913/535/1470 8092/1452/1470
f 8092/1452/1470 7913/535/1470 7914/485/1470 8110/362/1470
f 8110/362/1470 7914/485/1470 7915/254/1470 8109/1594/1470
f 8108/1369/1470 8109/1594/1470 7915/254/1470 7916/518/1470
f 8107/580/1470 8108/1369/1470 7916/518/1470 7917/578/1470
f 8106/394/1470 8107/580/1470 7917/578/1470 7918/536/1470
f 8105/468/1470 8106/394/1470 7918/536/1470 7919/519/1470
f 8104/930/1470 8105/468/1470 7919/519/1470 7920/258/1470
f 8104/930/1470 7920/258/1470 7921/469/1470 8103/471/1470
f 8103/471/1470 7921/469/1470 7902/533/1470 8102/1592/1470
f 8009/582/1576 8010/1453/1523 7922/520/1472 7923/23/1574
f 8029/754/1471 7922/520/1472 8010/1453/1523
f 8008/1132/5388 7925/1133/5910 7926/261/5911 8007/260/1545
f 7925/1133/5910 8008/1132/5388 7924/1082/1575
f 8007/260/1545 7926/261/5911 7927/585/5912 8006/584/5391
f 8006/584/5391 7927/585/5912 7928/26/1506 8005/28/1654
f 8005/28/1654 7928/26/1506 7929/377/5499 8004/1454/1540
f 8004/1454/1540 7929/377/5499 7930/523/5913 8003/660/1539
f 8003/660/1539 7930/523/5913 7931/711/1503 8002/617/5719
f 8002/617/5719 7931/711/1503 7932/42/5914 8001/866/5397
f 8001/866/5397 7932/42/5914 7933/31/5915 8000/714/1554
f 8000/714/1554 7933/31/5915 7934/375/1474 7999/1455/5712
f 7998/936/1550 7999/1455/5712 7934/375/1474 7935/92/5398
f 7997/880/5916 7998/936/1550 7935/92/5398 7936/1114/5455
f 8013/263/5400 7997/880/5916 7936/1114/5455 7937/206/5917
f 8012/646/5402 8013/263/5400 7937/206/5917 7938/409/5918
f 8011/1085/1549 8012/646/5402 7938/409/5918 7939/1083/1577
f 8066/938/5406 8067/367/5406 7941/216/1628 7942/366/5410
f 8065/473/1479 8066/938/5406 7942/366/5410 7943/215/1479
f 8064/1596/5919 8065/473/1479 7943/215/1479 7944/414/5920
f 8064/1596/5919 7944/414/5920 7945/412/5920 8063/835/5921
f 8063/835/5921 7945/412/5920 7946/68/5409 8062/606/5410
f 8062/606/5410 7946/68/5409 7947/528/5409 8061/1457/5410
f 8061/1457/5410 7947/528/5409 7948/213/1479 8060/940/1479
f 8060/940/1479 7948/213/1479 7949/212/1579 8059/369/5406
f 8058/1013/5922 8059/369/5406 7949/212/1579 7950/368/1578
f 8057/476/5406 8058/1013/5922 7950/368/1578 7951/474/5923
f 8056/837/5409 8057/476/5406 7951/474/5923 7952/838/5409
f 8055/370/5410 8056/837/5409 7952/838/5409 7953/96/5409
f 8054/1101/5409 8055/370/5410 7953/96/5409 7954/97/5924
f 8054/1101/5409 7954/97/5924 7955/415/5925 8053/588/5924
f 8053/588/5924 7955/415/5925 7956/532/5409 8072/1460/5409
f 8072/1460/5409 7956/532/5409 7957/463/1479 8071/1461/1479
f 8071/1461/1479 7957/463/1479 7958/419/1583 8070/478/5408
f 8070/478/5408 7958/419/1583 7959/417/1581 8069/737/5408
f 8068/480/1479 8069/737/5408 7959/417/1581 7960/481/1580
f 8067/367/5406 8068/480/1479 7960/481/1580 7941/216/1628
f 7962/105/5926 7903/247/5926 7902/533/5926 7961/104/5926
f 7961/104/5927 7902/533/5927 7921/469/5927 7980/123/5927
f 7980/123/5928 7921/469/5928 7920/258/5928 7979/122/5928
f 7979/122/5929 7920/258/5929 7919/519/5929 7978/121/5929
f 7978/121/5930 7919/519/5930 7918/536/5930 7977/120/5930
f 7977/120/5931 7918/536/5931 7917/578/5931 7976/119/5931
f 7976/119/5932 7917/578/5932 7916/518/5932 7975/118/5932
f 7975/118/5933 7916/518/5933 7915/254/5933 7974/64/5933
f 7973/117/5934 7974/64/5934 7915/254/5934 7914/485/5934
f 7972/116/5935 7973/117/5935 7914/485/5935 7913/535/5935
f 7971/115/5936 7972/116/5936 7913/535/5936 7912/251/5936
f 7970/114/5937 7971/115/5937 7912/251/5937 7911/253/5937
f 7969/113/5938 7970/114/5938 7911/253/5938 7910/517/5938
f 7968/112/5939 7969/113/5939 7910/517/5939 7909/248/5939
f 7967/111/5940 7968/112/5940 7909/248/5940 7908/654/5940
f 7966/110/5941 7967/111/5941 7908/654/5941 7907/515/5941
f 7965/109/5942 7966/110/5942 7907/515/5942 7906/1080/5942
f 7964/108/5943 7965/109/5943 7906/1080/1573 7905/464/1572
f 7964/108/5944 7905/464/5944 7904/245/5944 7963/107/5944
f 7963/107/5945 7904/245/5945 7903/247/5945 7962/105/5945
f 7956/591/5892 7955/688/5490 7982/884/1550 7981/589/1551
f 7955/688/5490 7954/959/5946 7983/849/5712 7982/884/1550
f 7953/241/5947 7984/265/1554 7983/849/5712 7954/959/5946
f 7952/337/5948 7985/490/5397 7984/265/1554 7953/241/5947
f 7948/37/5949 7987/35/5950 7986/1087/1541 7949/1086/1579
f 7985/490/5397 7952/337/5948 7951/1771/5923
f 7947/1241/5951 7988/599/5952 7987/35/5950 7948/37/5949
f 7946/914/5502 7989/961/1545 7988/599/5952 7947/1241/5951
f 7945/439/5953 7990/1470/5388 7989/961/1545 7946/914/5502
f 7944/742/5954 7991/743/5383 7990/1470/5388 7945/439/5953
f 7944/742/5954 7943/244/5955 7992/1138/5384 7991/743/5383
f 7943/244/5955 7942/47/5956 7993/318/1523 7992/1138/5384
f 7942/47/5956 7941/59/1628 7994/616/1522 7993/318/1523
f 7957/372/1584 7956/591/5892 7981/589/1551 7996/1089/1582
f 7960/1088/1580 7994/1305/1522 7941/1162/1628
f 7958/1090/1583 7995/875/1562 7959/38/1581
f 8014/882/1551 8015/1268/1550 7998/936/1550 7997/880/5916
f 8015/1268/1550 8016/1472/5712 7999/1455/5712 7998/936/1550
f 8017/1473/5715 8000/714/1554 7999/1455/5712 8016/1472/5712
f 8018/1474/5717 8001/866/5397 8000/714/1554 8017/1473/5715
f 8019/619/5719 8002/617/5719 8001/866/5397 8018/1474/5717
f 8020/52/1659 8003/660/1539 8002/617/5719 8019/619/5719
f 8021/324/1541 8004/1454/1540 8003/660/1539 8020/52/1659
f 8022/1154/1654 8005/28/1654 8004/1454/1540 8021/324/1541
f 8023/597/5391 8006/584/5391 8005/28/1654 8022/1154/1654
f 8024/1309/1545 8007/260/1545 8006/584/5391 8023/597/5391
f 8025/1020/5388 8008/1132/5388 8007/260/1545 8024/1309/1545
f 8026/1475/5383 7924/1082/1575 8008/1132/5388 8025/1020/5388
f 8026/1475/5383 8027/883/1576 8009/582/1576 7924/1082/1575
f 8027/883/1576 8028/1476/1523 8010/1453/1523 8009/582/1576
f 8030/664/1521 8031/331/1562 8011/1085/1549 7940/1084/1509
f 8029/754/1471 8010/1453/1523 8028/1476/1523
f 8031/331/1562 8032/879/1655 8012/646/5402 8011/1085/1549
f 8032/879/1655 8033/277/5400 8013/263/5400 8012/646/5402
f 8033/277/5400 8014/882/1551 7997/880/5916 8013/263/5400
f 8034/963/1551 8035/280/1550 8015/1268/1550 8014/882/1551
f 8035/280/1550 8036/850/5712 8016/1472/5712 8015/1268/1550
f 8037/283/5715 8017/1473/5715 8016/1472/5712 8036/850/5712
f 8038/885/5717 8018/1474/5717 8017/1473/5715 8037/283/5715
f 8039/1282/5719 8019/619/5719 8018/1474/5717 8038/885/5717
f 8040/328/1659 8020/52/1659 8019/619/5719 8039/1282/5719
f 8041/58/1541 8021/324/1541 8020/52/1659 8040/328/1659
f 8042/815/1654 8022/1154/1654 8021/324/1541 8041/58/1541
f 8043/596/5391 8023/597/5391 8022/1154/1654 8042/815/1654
f 8044/1477/1545 8024/1309/1545 8023/597/5391 8043/596/5391
f 8045/1478/5388 8025/1020/5388 8024/1309/1545 8044/1477/1545
f 8046/1479/5383 8026/1475/5383 8025/1020/5388 8045/1478/5388
f 8046/1479/5383 8047/1480/5812 8027/883/1576 8026/1475/5383
f 8047/1480/5812 8048/1481/1523 8028/1476/1523 8027/883/1576
f 8048/1481/1523 8049/56/1522 8029/754/1471 8028/1476/1523
f 8049/1161/1522 8050/1035/1521 8030/664/1521 8029/1091/1471
f 8050/1035/1521 8051/60/1562 8031/331/1562 8030/664/1521
f 8051/60/1562 8052/667/1655 8032/879/1655 8031/331/1562
f 8052/667/1655 7996/1089/1582 8033/277/5400 8032/879/1655
f 7996/1089/1582 8034/963/1551 8014/882/1551 8033/277/5400
f 7981/589/1551 7982/884/1550 8035/280/1550 8034/963/1551
f 7982/884/1550 7983/849/5712 8036/850/5712 8035/280/1550
f 7984/265/1554 8037/283/5715 8036/850/5712 7983/849/5712
f 7985/490/5397 8038/885/5717 8037/283/5715 7984/265/1554
f 7951/1771/5923 8039/1282/5719 8038/885/5717 7985/490/5397
f 7950/614/1578 8040/328/1659 8039/1282/5719 7951/1771/5923
f 7986/1087/1541 8041/58/1541 8040/328/1659 7950/614/1578
f 7987/35/5950 8042/815/1654 8041/58/1541 7986/1087/1541
f 7988/599/5952 8043/596/5391 8042/815/1654 7987/35/5950
f 7989/961/1545 8044/1477/1545 8043/596/5391 7988/599/5952
f 7990/1470/5388 8045/1478/5388 8044/1477/1545 7989/961/1545
f 7991/743/5383 8046/1479/5383 8045/1478/5388 7990/1470/5388
f 7991/743/5383 7992/1138/5384 8047/1480/5812 8046/1479/5383
f 7992/1138/5384 7993/318/1523 8048/1481/1523 8047/1480/5812
f 7993/318/1523 7994/616/1522 8049/56/1522 8048/1481/1523
f 7994/1305/1522 7960/1088/1580 8050/1035/1521 8049/1161/1522
f 7960/1088/1580 7995/875/1562 8051/60/1562 8050/1035/1521
f 7995/875/1562 7958/1090/1583 8052/667/1655 8051/60/1562
f 7974/64/1479 8054/1101/5409 8053/588/5924 7975/118/1479
f 7996/1089/1582 8052/667/1655 7958/1090/1583
f 7974/64/1479 7973/117/1479 8055/370/5410 8054/1101/5409
f 7973/117/1479 7972/116/1479 8056/837/5409 8055/370/5410
f 7972/116/1479 7971/115/1479 8057/476/5406 8056/837/5409
f 7971/115/1479 7970/114/1479 8058/1013/5922 8057/476/5406
f 7970/114/1479 7969/113/1479 8059/369/5406 8058/1013/5922
f 7968/112/1479 8060/940/1479 8059/369/5406 7969/113/1479
f 7967/111/1479 8061/1457/5410 8060/940/1479 7968/112/1479
f 7966/110/1479 8062/606/5410 8061/1457/5410 7967/111/1479
f 7965/109/1479 8063/835/5921 8062/606/5410 7966/110/1479
f 7964/108/1479 8064/1596/5919 8063/835/5921 7965/109/1479
f 7964/108/1479 7963/107/1479 8065/473/1479 8064/1596/5919
f 7963/107/1479 7962/105/1479 8066/938/5406 8065/473/1479
f 7962/105/1479 7961/104/1479 8067/367/5406 8066/938/5406
f 7961/104/1479 7980/123/1479 8068/480/1479 8067/367/5406
f 7980/123/1479 7979/122/1479 8069/737/5408 8068/480/1479
f 7978/121/1479 8070/478/5408 8069/737/5408 7979/122/1479
f 7977/120/1479 8071/1461/1479 8070/478/5408 7978/121/1479
f 7976/119/1479 8072/1460/5409 8071/1461/1479 7977/120/1479
f 7975/118/1479 8053/588/5924 8072/1460/5409 7976/119/1479
f 7931/103/5957 8074/495/5958 8073/1023/5959 7932/391/5960
f 7930/71/5958 8075/388/5961 8074/495/5958 7931/103/5957
f 7929/83/1470 8076/496/1470 8075/388/5961 7930/71/5958
f 7929/83/1470 7928/250/5962 8077/504/5963 8076/496/1470
f 7928/250/5962 7927/516/1629 8078/952/1629 8077/504/5963
f 7927/516/1629 7926/400/5964 8079/668/5965 8078/952/1629
f 7926/400/5964 7925/73/5910 8080/853/5965 8079/668/5965
f 7925/73/5910 7924/5/1575 8081/624/1470 8080/853/5965
f 7923/293/1574 8082/389/5966 8081/624/1470 7924/5/1575
f 7940/89/1509 8084/819/1629 8083/499/1470 8029/420/1471
f 8082/389/5966 7923/293/1574 7922/1092/1472
f 7939/90/1577 8085/670/5963 8084/819/1629 7940/89/1509
f 7939/90/1577 7938/91/5963 8086/626/1629 8085/670/5963
f 7938/91/5963 7937/395/5965 8087/891/5965 8086/626/1629
f 7937/395/5965 7936/17/1470 8088/672/1470 8087/891/5965
f 7936/17/1470 7935/86/5967 8089/501/5968 8088/672/1470
f 7935/86/5967 7934/87/1470 8090/817/1470 8089/501/5968
f 7933/629/1470 8091/630/1470 8090/817/1470 7934/87/1470
f 7932/391/5960 8073/1023/5959 8091/630/1470 7933/629/1470
f 8074/495/5958 8093/1593/1629 8092/1452/1470 8073/1023/5959
f 8075/388/5961 8094/1365/1629 8093/1593/1629 8074/495/5958
f 8076/496/1470 8095/359/1470 8094/1365/1629 8075/388/5961
f 8076/496/1470 8077/504/5963 8096/643/1470 8095/359/1470
f 8077/504/5963 8078/952/1629 8097/1364/1470 8096/643/1470
f 8078/952/1629 8079/668/5965 8098/1451/1470 8097/1364/1470
f 8079/668/5965 8080/853/5965 7906/1080/1573 8098/1451/1470
f 8080/853/5965 8081/624/1470 8099/1081/1470 7906/1080/1573
f 8082/389/5966 8100/392/1470 8099/1081/1470 8081/624/1470
f 7922/1092/1472 8101/1358/1470 8100/392/1470 8082/389/5966
f 8083/499/1470 8102/1592/1470 8101/1358/1470 7922/1092/1472
f 8084/819/1629 8103/471/1470 8102/1592/1470 8083/499/1470
f 8085/670/5963 8104/930/1470 8103/471/1470 8084/819/1629
f 8085/670/5963 8086/626/1629 8105/468/1470 8104/930/1470
f 8086/626/1629 8087/891/5965 8106/394/1470 8105/468/1470
f 8087/891/5965 8088/672/1470 8107/580/1470 8106/394/1470
f 8088/672/1470 8089/501/5968 8108/1369/1470 8107/580/1470
f 8089/501/5968 8090/817/1470 8109/1594/1470 8108/1369/1470
f 8091/630/1470 8110/362/1470 8109/1594/1470 8090/817/1470
f 8073/1023/5959 8092/1452/1470 8110/362/1470 8091/630/1470
f 8304/1592/1164 8111/533/1164 8112/247/1164 8303/1358/1164
f 8303/1358/1164 8112/247/1164 8113/245/1164 8302/392/1164
f 8302/392/1164 8113/245/1164 8114/464/1164 8301/1081/1164
f 8301/1081/1164 8114/464/1164 8115/534/1164 8300/854/1164
f 8298/643/1164 8299/1364/1164 8117/654/1164 8118/1102/1607
f 8116/1093/1164 8117/654/1164 8299/1364/1164
f 8297/359/1164 8298/643/1164 8118/1102/1607 8119/517/1606
f 8296/1365/1164 8297/359/1164 8119/517/1606 8120/253/1164
f 8295/1593/1164 8296/1365/1164 8120/253/1164 8121/251/1164
f 8295/1593/1164 8121/251/1164 8122/535/1164 8294/1452/1164
f 8294/1452/1164 8122/535/1164 8123/485/1164 8311/1094/1164
f 8311/1094/1164 8124/254/1164 8125/518/1164 8310/1369/1164
f 8310/1369/1164 8125/518/1164 8126/578/1164 8309/580/1164
f 8308/394/1164 8309/580/1164 8126/578/1164 8127/536/1164
f 8307/468/1164 8308/394/1164 8127/536/1164 8128/519/1164
f 8306/930/1164 8307/468/1164 8128/519/1164 8129/258/1164
f 8305/471/1164 8306/930/1164 8129/258/1164 8130/469/1164
f 8304/1592/1164 8305/471/1164 8130/469/1164 8111/533/1164
f 8218/582/1587 8219/1453/5969 8131/520/5970 8132/23/1585
f 8220/1772/1615 8131/520/5970 8219/1453/5969
f 8216/260/4316 8217/1132/5971 8134/1133/1612 8135/261/5972
f 8133/24/1586 8134/1133/1612 8217/1132/5971
f 8216/260/4316 8135/261/5972 8136/585/5973 8215/584/4412
f 8215/584/4412 8136/585/5973 8137/26/5974 8214/28/5975
f 8214/28/5975 8137/26/5974 8138/377/5976 8213/1454/5977
f 8213/1454/5977 8138/377/5976 8139/523/5978 8212/660/5979
f 8212/660/5979 8139/523/5978 8140/711/1590 8211/617/1589
f 8209/936/5980 8144/92/5981 8145/1114/1178 8208/880/4405
f 8142/31/1593 8210/714/1592 8141/1095/1588
f 8144/92/5981 8209/936/5980 8143/1096/1591
f 8223/263/4321 8208/880/4405 8145/1114/1178 8146/206/4322
f 8222/646/5982 8223/263/4321 8146/206/4322 8147/409/5983
f 8221/1085/1596 8222/646/5982 8147/409/5983 8148/1083/1594
f 8272/1596/5984 8273/473/5985 8152/215/5986 8153/414/5987
f 8151/1098/1598 8152/215/5986 8273/473/5985
f 8271/835/5988 8272/1596/5984 8153/414/5987 8154/412/5989
f 8270/606/4331 8271/835/5988 8154/412/5989 8155/68/5990
f 8270/606/4331 8155/68/5990 8156/528/5991 8269/1457/5992
f 8269/1457/5992 8156/528/5991 8157/213/5993 8268/940/5994
f 8268/940/5994 8157/213/5993 8158/212/1610 8267/369/4328
f 8267/369/4328 8158/212/1610 8159/368/1609 8266/1013/5995
f 8266/1013/5995 8159/368/1609 8160/474/1600 8265/476/1602
f 8278/1461/5996 8166/463/5997 8167/419/5988 8277/478/5998
f 8162/1773/5999 8163/97/1603 8264/1101/1605
f 8166/463/5997 8278/1461/5996 8165/1774/6000
f 8277/478/5998 8167/419/5988 8168/417/6001 8276/737/6002
f 8276/737/6002 8168/417/6001 8169/481/6003 8275/480/6004
f 8275/480/6004 8169/481/6003 8150/216/1597 8274/367/1599
f 8344/609/6005 8112/247/6006 8111/533/6006 8343/1464/6005
f 8343/1464/6007 8111/533/6008 8130/469/6008 8342/1463/6007
f 8342/1463/6009 8130/469/6009 8129/258/6009 8341/482/6009
f 8341/482/4348 8129/258/4348 8128/519/4348 8340/809/4348
f 8340/809/4351 8128/519/4351 8127/536/4351 8339/1466/4351
f 8339/1466/6010 8127/536/6010 8126/578/6010 8338/1465/6010
f 8337/811/4354 8338/1465/4354 8126/578/4354 8125/518/4354
f 8336/1467/1214 8337/811/1214 8125/518/1214 8124/254/1214
f 8335/484/6011 8336/1467/6011 8124/254/6011 8123/485/6011
f 8334/651/6012 8335/484/6012 8123/485/6013 8122/535/6013
f 8333/717/6014 8334/651/6014 8122/535/6014 8121/251/6014
f 8332/487/4362 8333/717/4362 8121/251/4362 8120/253/4362
f 8331/719/6015 8332/487/1212 8120/253/6016 8119/517/6016
f 8348/739/6017 8349/653/6017 8117/654/6017 8116/1093/6017
f 8118/1102/4366 8117/654/6018 8349/653/6019
f 8348/739/4368 8116/1093/6020 8115/534/6020 8347/842/4368
f 8347/842/4370 8115/534/4370 8114/464/4370 8346/1468/4370
f 8346/1468/6021 8114/464/6022 8113/245/6022 8345/489/6021
f 8345/489/4455 8113/245/4454 8112/247/4454 8344/609/4455
f 8164/688/1604 8191/884/6023 8190/589/6024 8165/591/6000
f 8163/959/1603 8192/849/6025 8191/884/6023 8164/688/1604
f 8162/241/5999 8193/265/6026 8192/849/6025 8163/959/1603
f 8161/337/1601 8194/490/6027 8193/265/6026 8162/241/5999
f 8157/37/6028 8196/35/4411 8195/1087/1611 8158/1086/1610
f 8194/490/6027 8161/337/1601 8160/1775/1600
f 8156/1241/6029 8197/599/4412 8196/35/4411 8157/37/6028
f 8155/914/6030 8198/961/6031 8197/599/4412 8156/1241/6029
f 8155/914/6030 8154/439/6032 8199/1470/6033 8198/961/6031
f 8154/439/6032 8153/742/6034 8200/743/6035 8199/1470/6033
f 8153/742/6034 8152/244/6036 8201/1138/6037 8200/743/6035
f 8152/244/6036 8151/47/1598 8202/318/6038 8201/1138/6037
f 8151/47/1598 8150/59/1597 8203/616/6039 8202/318/6038
f 8150/1162/1597 8169/657/6040 8204/962/6041 8203/1305/6039
f 8169/657/6040 8168/38/6042 8205/875/6043 8204/962/6041
f 8168/38/6042 8167/39/6044 8206/40/6045 8205/875/6043
f 8167/39/6044 8166/372/5997 8207/373/1193 8206/40/6045
f 8166/372/5997 8165/591/6000 8190/589/6024 8207/373/1193
f 8225/1268/4404 8209/936/5980 8208/880/4405 8224/882/4405
f 8226/1472/6046 8143/1096/1591 8209/936/5980 8225/1268/4404
f 8227/1473/1592 8210/714/1592 8143/1096/1591 8226/1472/6046
f 8228/1474/4407 8141/1095/1588 8210/714/1592 8227/1473/1592
f 8229/619/4408 8211/617/1589 8141/1095/1588 8228/1474/4407
f 8230/52/4409 8212/660/5979 8211/617/1589 8229/619/4408
f 8231/324/1611 8213/1454/5977 8212/660/5979 8230/52/4409
f 8232/1154/4411 8214/28/5975 8213/1454/5977 8231/324/1611
f 8233/597/4412 8215/584/4412 8214/28/5975 8232/1154/4411
f 8234/1309/4390 8216/260/4316 8215/584/4412 8233/597/4412
f 8234/1309/4390 8235/1020/4392 8217/1132/5971 8216/260/4316
f 8235/1020/4392 8236/1475/4422 8133/24/1586 8217/1132/5971
f 8236/1475/4422 8237/883/4414 8218/582/1587 8133/24/1586
f 8237/883/4414 8238/1476/6047 8219/1453/5969 8218/582/1587
f 8238/1476/6047 8239/55/4416 8220/1772/1615 8219/1453/5969
f 8239/1156/4416 8240/664/4417 8149/1097/1595 8220/1776/1615
f 8240/664/4417 8241/331/6043 8221/1085/1596 8149/1097/1595
f 8241/331/6043 8242/879/1194 8222/646/5982 8221/1085/1596
f 8242/879/1194 8243/277/1193 8223/263/4321 8222/646/5982
f 8243/277/1193 8224/882/4405 8208/880/4405 8223/263/4321
f 8245/280/5980 8225/1268/4404 8224/882/4405 8244/963/4405
f 8246/850/6046 8226/1472/6046 8225/1268/4404 8245/280/5980
f 8247/283/4406 8227/1473/1592 8226/1472/6046 8246/850/6046
f 8248/885/4407 8228/1474/4407 8227/1473/1592 8247/283/4406
f 8249/1282/4408 8229/619/4408 8228/1474/4407 8248/885/4407
f 8250/328/4409 8230/52/4409 8229/619/4408 8249/1282/4408
f 8251/58/4410 8231/324/1611 8230/52/4409 8250/328/4409
f 8252/815/4411 8232/1154/4411 8231/324/1611 8251/58/4410
f 8253/596/4412 8233/597/4412 8232/1154/4411 8252/815/4411
f 8254/1477/4390 8234/1309/4390 8233/597/4412 8253/596/4412
f 8254/1477/4390 8255/1478/4392 8235/1020/4392 8234/1309/4390
f 8255/1478/4392 8256/1479/4422 8236/1475/4422 8235/1020/4392
f 8256/1479/4422 8257/1480/6048 8237/883/4414 8236/1475/4422
f 8257/1480/6048 8258/1481/6047 8238/1476/6047 8237/883/4414
f 8258/1481/6047 8259/56/4416 8239/55/4416 8238/1476/6047
f 8259/1161/4416 8260/1035/4417 8240/664/4417 8239/1156/4416
f 8260/1035/4417 8261/60/6043 8241/331/6043 8240/664/4417
f 8261/60/6043 8262/667/1194 8242/879/1194 8241/331/6043
f 8262/667/1194 8263/598/1193 8243/277/1193 8242/879/1194
f 8263/598/1193 8244/963/4405 8224/882/4405 8243/277/1193
f 8191/884/6023 8245/280/5980 8244/963/4405 8190/589/6024
f 8192/849/6025 8246/850/6046 8245/280/5980 8191/884/6023
f 8193/265/6026 8247/283/4406 8246/850/6046 8192/849/6025
f 8194/490/6027 8248/885/4407 8247/283/4406 8193/265/6026
f 8160/1775/1600 8249/1282/4408 8248/885/4407 8194/490/6027
f 8159/1103/1609 8250/328/4409 8249/1282/4408 8160/1775/1600
f 8195/1087/1611 8251/58/4410 8250/328/4409 8159/1103/1609
f 8196/35/4411 8252/815/4411 8251/58/4410 8195/1087/1611
f 8197/599/4412 8253/596/4412 8252/815/4411 8196/35/4411
f 8198/961/6031 8254/1477/4390 8253/596/4412 8197/599/4412
f 8198/961/6031 8199/1470/6033 8255/1478/4392 8254/1477/4390
f 8199/1470/6033 8200/743/6035 8256/1479/4422 8255/1478/4392
f 8200/743/6035 8201/1138/6037 8257/1480/6048 8256/1479/4422
f 8201/1138/6037 8202/318/6038 8258/1481/6047 8257/1480/6048
f 8202/318/6038 8203/616/6039 8259/56/4416 8258/1481/6047
f 8203/1305/6039 8204/962/6041 8260/1035/4417 8259/1161/4416
f 8204/962/6041 8205/875/6043 8261/60/6043 8260/1035/4417
f 8205/875/6043 8206/40/6045 8262/667/1194 8261/60/6043
f 8206/40/6045 8207/373/1193 8263/598/1193 8262/667/1194
f 8207/373/1193 8190/589/6024 8244/963/4405 8263/598/1193
f 8351/1109/1216 8352/860/1216 8264/1101/1605 8164/1100/1604
f 8352/860/1216 8353/396/1216 8162/1773/5999 8264/1101/1605
f 8353/396/1216 8181/1111/1623 8161/1099/1601 8162/1773/5999
f 8181/1111/1623 8354/1110/1216 8265/476/1602 8161/1099/1601
f 8355/825/1216 8266/1013/5995 8265/476/1602 8354/1110/1216
f 8356/512/1216 8267/369/4328 8266/1013/5995 8355/825/1216
f 8357/679/1216 8268/940/5994 8267/369/4328 8356/512/1216
f 8358/730/4328 8269/1457/5992 8268/940/5994 8357/679/1216
f 8175/144/1216 8270/606/4331 8269/1457/5992 8358/730/4328
f 8175/144/1216 8359/732/1216 8271/835/5988 8270/606/4331
f 8359/732/1216 8360/640/1216 8272/1596/5984 8271/835/5988
f 8360/640/1216 8172/1112/1624 8273/473/5985 8272/1596/5984
f 8172/1112/1624 8361/899/1622 8151/1098/1598 8273/473/5985
f 8361/899/1622 8362/750/1622 8274/367/1599 8151/1098/1598
f 8363/829/1216 8275/480/6004 8274/367/1599 8362/750/1622
f 8350/514/1216 8276/737/6002 8275/480/6004 8363/829/1216
f 8187/1777/6049 8277/478/5998 8276/737/6002 8350/514/1216
f 8186/1108/1620 8278/1461/5996 8277/478/5998 8187/1777/6049
f 8351/1109/1216 8165/1774/6000 8278/1461/5996 8186/1108/1620
f 8140/103/6050 8280/495/6051 8279/1023/6052 8141/391/1588
f 8164/1100/1604 8165/1774/6000 8351/1109/1216
f 8140/103/6050 8139/71/6053 8281/388/6054 8280/495/6051
f 8139/71/6053 8138/83/6055 8282/496/6056 8281/388/6054
f 8138/83/6055 8137/250/6057 8283/504/6058 8282/496/6056
f 8137/250/6057 8136/516/6059 8284/952/6060 8283/504/6058
f 8136/516/6059 8135/400/6061 8285/668/6062 8284/952/6060
f 8149/89/1595 8148/90/1594 8288/670/6063 8287/819/1614
f 8285/668/6062 8135/400/6061 8134/1104/1612
f 8286/624/1613 8133/5/1586 8132/1778/1585
f 8148/90/1594 8147/91/6064 8289/626/6065 8288/670/6063
f 8147/91/6064 8146/395/6066 8290/891/6067 8289/626/6065
f 8146/395/6066 8145/17/6068 8291/672/6069 8290/891/6067
f 8144/86/5981 8292/501/6070 8291/672/6069 8145/17/6068
f 8141/391/1588 8279/1023/6052 8293/630/1616 8142/629/1593
f 8292/501/6070 8144/86/5981 8143/1106/1591
f 8280/495/6051 8295/1593/1164 8294/1452/1164 8279/1023/6052
f 8280/495/6051 8281/388/6054 8296/1365/1164 8295/1593/1164
f 8281/388/6054 8282/496/6056 8297/359/1164 8296/1365/1164
f 8282/496/6056 8283/504/6058 8298/643/1164 8297/359/1164
f 8283/504/6058 8284/952/6060 8299/1364/1164 8298/643/1164
f 8284/952/6060 8285/668/6062 8116/1093/1164 8299/1364/1164
f 8134/1104/1612 8300/854/1164 8116/1093/1164 8285/668/6062
f 8286/624/1613 8301/1081/1164 8300/854/1164 8134/1104/1612
f 8132/1778/1585 8302/392/1164 8301/1081/1164 8286/624/1613
f 8131/1779/5970 8303/1358/1164 8302/392/1164 8132/1778/1585
f 8220/1105/1615 8304/1592/1164 8303/1358/1164 8131/1779/5970
f 8220/1105/1615 8287/819/1614 8305/471/1164 8304/1592/1164
f 8287/819/1614 8288/670/6063 8306/930/1164 8305/471/1164
f 8288/670/6063 8289/626/6065 8307/468/1164 8306/930/1164
f 8289/626/6065 8290/891/6067 8308/394/1164 8307/468/1164
f 8290/891/6067 8291/672/6069 8309/580/1164 8308/394/1164
f 8292/501/6070 8310/1369/1164 8309/580/1164 8291/672/6069
f 8143/1106/1591 8311/1094/1164 8310/1369/1164 8292/501/6070
f 8279/1023/6052 8294/1452/1164 8311/1094/1164 8293/630/1616
f 8311/1094/1164 8143/1106/1591 8293/630/1616
f 8178/113/6016 8179/114/6016 8313/74/6015 8312/727/6015
f 8179/114/6071 8180/115/6071 8314/820/6072 8313/74/6072
f 8180/115/6073 8181/1111/6073 8315/723/6074 8314/820/6075
f 8181/1111/1623 8182/117/6076 8316/895/6077 8315/723/6013
f 8182/117/6011 8183/64/6011 8317/1492/6011 8316/895/6011
f 8183/64/6078 8184/118/6078 8318/676/6079 8317/1492/6079
f 8184/118/6080 8185/119/6080 8319/1040/4354 8318/676/4354
f 8186/1108/1620 8320/1493/6010 8319/1040/6010 8185/119/1621
f 8187/1777/6049 8321/349/6081 8320/1493/6081 8186/1108/1620
f 8188/122/4447 8322/76/4447 8321/349/4447 8187/1777/4447
f 8189/123/4448 8323/857/6082 8322/76/6082 8188/122/4448
f 8172/1112/4455 8325/1043/4455 8324/724/4455 8171/105/4455
f 8323/857/6008 8189/123/6083 8170/1107/6084
f 8173/108/6085 8326/745/6086 8325/1043/6086 8172/1112/1624
f 8174/109/4369 8327/1494/4457 8326/745/4457 8173/108/4369
f 8175/144/4459 8328/859/6087 8327/1494/6087 8174/109/4459
f 8175/144/6088 8176/111/6088 8329/636/6089 8328/859/6089
f 8176/111/6018 8177/112/6018 8330/1495/6019 8329/636/6019
f 8177/112/6090 8178/113/6090 8312/727/6091 8330/1495/6091
f 8312/727/6015 8313/74/6015 8332/487/1212 8331/719/6015
f 8313/74/6072 8314/820/6072 8333/717/4362 8332/487/4362
f 8314/820/6075 8315/723/6074 8334/651/6014 8333/717/6014
f 8315/723/6013 8316/895/6077 8335/484/6012 8334/651/6012
f 8316/895/6011 8317/1492/6011 8336/1467/6011 8335/484/6011
f 8317/1492/6079 8318/676/6079 8337/811/1214 8336/1467/1214
f 8318/676/4354 8319/1040/4354 8338/1465/4354 8337/811/4354
f 8320/1493/6010 8339/1466/6010 8338/1465/6010 8319/1040/6010
f 8321/349/6081 8340/809/4351 8339/1466/4351 8320/1493/6081
f 8322/76/4447 8341/482/4348 8340/809/4348 8321/349/4447
f 8323/857/6082 8342/1463/6009 8341/482/6009 8322/76/6082
f 8170/1107/6084 8343/1464/6007 8342/1463/6007 8323/857/6008
f 8324/724/1619 8344/609/6005 8343/1464/6005 8170/1107/1617
f 8325/1043/4455 8345/489/4455 8344/609/4455 8324/724/4455
f 8326/745/6086 8346/1468/6021 8345/489/6021 8325/1043/6086
f 8327/1494/4457 8347/842/4370 8346/1468/4370 8326/745/4457
f 8328/859/6087 8348/739/4368 8347/842/4368 8327/1494/6087
f 8328/859/6089 8329/636/6089 8349/653/6017 8348/739/6017
f 8329/636/6019 8330/1495/6019 8118/1102/4366 8349/653/6019
f 8330/1495/6091 8312/727/6091 8331/719/1608 8118/1102/1607
f 8184/118/1622 8183/64/1216 8352/860/1216 8351/1109/1216
f 8350/514/1216 8188/122/1216 8187/1777/6049
f 8183/64/1216 8182/117/6076 8353/396/1216 8352/860/1216
f 8179/114/1216 8355/825/1216 8354/1110/1216 8180/115/1216
f 8181/1111/1623 8353/396/1216 8182/117/6076
f 8178/113/1216 8356/512/1216 8355/825/1216 8179/114/1216
f 8177/112/4328 8357/679/1216 8356/512/1216 8178/113/1216
f 8176/111/4328 8358/730/4328 8357/679/1216 8177/112/4328
f 8174/109/1216 8173/108/6085 8360/640/1216 8359/732/1216
f 8358/730/4328 8176/111/4328 8175/144/1216
f 8171/105/1618 8170/1107/1617 8362/750/1622 8361/899/1622
f 8172/1112/1624 8360/640/1216 8173/108/6085
f 8189/123/5998 8363/829/1216 8362/750/1622 8170/1107/1617
f 8188/122/1216 8350/514/1216 8363/829/1216 8189/123/5998
f 8384/420/1470 8364/533/1470 8365/247/1470 8385/948/1470
f 8385/948/1470 8365/247/1470 8366/245/1470 8386/293/1470
f 8386/293/1470 8366/245/1470 8367/464/1470 8387/5/1470
f 8388/73/1470 8387/5/1470 8367/464/1470 8368/534/1470
f 8389/400/1470 8388/73/1470 8368/534/1470 8369/515/1470
f 8390/516/1470 8389/400/1470 8369/515/1470 8370/654/1470
f 8391/250/1470 8390/516/1470 8370/654/1470 8371/248/1470
f 8392/83/1470 8391/250/1470 8371/248/1470 8372/517/1470
f 8392/83/1470 8372/517/1470 8373/253/1470 8393/71/1470
f 8393/71/1470 8373/253/1470 8374/251/1470 8394/103/1470
f 8394/103/1470 8374/251/1470 8375/535/1470 8395/391/1470
f 8395/391/1470 8375/535/1470 8376/485/1470 8396/629/1470
f 8396/629/1470 8376/485/1470 8377/254/1470 8397/87/1470
f 8398/86/1470 8397/87/1470 8377/254/1470 8378/518/1470
f 8399/17/1626 8398/86/1470 8378/518/1470 8379/578/1470
f 8400/395/1627 8399/17/1626 8379/578/1470 8380/536/1470
f 8401/91/1470 8400/395/1627 8380/536/1470 8381/519/1629
f 8402/90/1577 8401/91/1470 8381/519/1629 8382/258/1470
f 8514/1615/1523 8515/904/1522 8384/754/5511 8385/520/5509
f 8364/533/1470 8384/420/1470 8383/1113/1625
f 8513/1616/1576 8514/1615/1523 8385/520/5509 8386/23/6092
f 8512/1617/5383 8513/1616/1576 8386/23/6092 8387/24/5386
f 8512/1617/5383 8387/24/5386 8388/1133/5387 8511/1417/5388
f 8511/1417/5388 8388/1133/5387 8389/261/5463 8510/406/1545
f 8510/406/1545 8389/261/5463 8390/585/5461 8509/1618/5391
f 8509/1618/5391 8390/585/5461 8391/26/1506 8508/1125/1654
f 8508/1125/1654 8391/26/1506 8392/377/5499 8489/1119/1652
f 8489/1119/1652 8392/377/5499 8393/523/6093 8507/1727/1659
f 8507/1727/1659 8393/523/6093 8394/711/1503 8506/1619/5719
f 8506/1619/5719 8394/711/1503 8395/42/6094 8505/682/5717
f 8505/682/5717 8395/42/6094 8396/31/5493 8504/1728/5715
f 8504/1728/5715 8396/31/5493 8397/375/1474 8503/1620/5712
f 8502/408/1550 8503/1620/5712 8397/375/1474 8398/92/5398
f 8501/1116/1551 8502/408/1550 8398/92/5398 8399/1114/1626
f 8499/1621/1562 8500/907/1655 8401/409/5403 8402/1083/1577
f 8400/1115/1627 8401/409/5403 8500/907/1655
f 8516/1622/1651 8499/1621/1562 8402/1083/1577 8383/32/1625
f 8515/1623/1522 8516/1622/1651 8383/32/1625 8384/1091/5511
f 8565/1626/1479 8566/1624/1479 8403/366/6095 8404/215/1479
f 8567/216/1628 8403/366/6095 8566/1624/1479
f 8564/1627/1479 8565/1626/1479 8404/215/1479 8405/414/1479
f 8564/1627/1479 8405/414/1479 8406/412/1479 8563/1628/1479
f 8563/1628/1479 8406/412/1479 8407/68/1479 8562/1629/1479
f 8562/1629/1479 8407/68/1479 8408/528/1479 8561/1630/1479
f 8561/1630/1479 8408/528/1479 8409/213/1479 8560/1631/1479
f 8560/1631/1479 8409/213/1479 8410/212/1479 8559/462/1479
f 8558/1632/1479 8559/462/1479 8410/212/1479 8411/368/1479
f 8557/684/1479 8558/1632/1479 8411/368/1479 8412/474/1479
f 8556/1763/1479 8557/684/1479 8412/474/1479 8413/838/1479
f 8555/1634/1479 8556/1763/1479 8413/838/1479 8414/96/1479
f 8554/1633/1479 8555/1634/1479 8414/96/1479 8415/97/1479
f 8554/1633/1479 8415/97/1479 8416/415/5406 8553/1635/1479
f 8553/1635/1479 8416/415/5406 8417/532/1479 8572/1636/1479
f 8572/1636/1479 8417/532/1479 8418/463/1479 8571/1637/1479
f 8571/1637/1479 8418/463/1479 8419/419/1479 8570/1638/1479
f 8570/1638/1479 8419/419/1479 8420/417/1479 8569/1639/1479
f 8568/1117/1479 8569/1639/1479 8420/417/1479 8421/481/1580
f 8420/38/6096 8419/39/6097 8445/1124/1656 8444/1641/1547
f 8419/39/6097 8418/372/6098 8446/687/1658 8445/1124/1656
f 8418/372/6098 8417/591/6099 8447/1764/1551 8446/687/1658
f 8417/591/6099 8416/688/6100 8448/689/5822 8447/1764/1551
f 8416/688/6100 8415/959/6101 8449/1640/6102 8448/689/5822
f 8414/241/5492 8450/1642/5715 8449/1640/6102 8415/959/6101
f 8413/337/6103 8451/1050/6104 8450/1642/5715 8414/241/5492
f 8412/844/5496 8452/1643/5813 8451/1050/6104 8413/337/6103
f 8411/614/5497 8453/1126/1659 8452/1643/5813 8412/844/5496
f 8410/1086/6105 8454/704/1660 8453/1126/1659 8411/614/5497
f 8409/37/6106 8455/912/6107 8454/704/1660 8410/1086/6105
f 8408/1241/6108 8456/1644/6109 8455/912/6107 8409/37/6106
f 8407/914/5903 8457/1645/5816 8456/1644/6109 8408/1241/6108
f 8406/439/5503 8458/1646/5388 8457/1645/5816 8407/914/5903
f 8405/742/6110 8459/1647/5383 8458/1646/5388 8406/439/5503
f 8405/742/6110 8404/244/6111 8460/1129/1576 8459/1647/5383
f 8404/244/6111 8403/47/6095 8461/1130/1661 8460/1129/1576
f 8421/657/1580 8420/38/6096 8444/1641/1547 8462/708/1651
f 8567/1780/1628 8461/1130/1661 8403/47/6095
f 8479/1123/1562 8480/1122/1655 8464/1735/1655 8463/1736/1562
f 8480/1122/1655 8481/692/5400 8465/690/5400 8464/1735/1655
f 8481/692/5400 8482/442/1551 8466/916/1551 8465/690/5400
f 8482/442/1551 8483/1420/3024 8467/452/1550 8466/916/1551
f 8483/1420/3024 8484/1421/5712 8468/1422/5712 8467/452/1550
f 8485/1650/1554 8469/1423/5715 8468/1422/5712 8484/1421/5712
f 8491/701/5391 8471/445/5391 8470/1121/1654 8490/1120/1653
f 8469/1423/5715 8485/1650/1554 8486/1781/5397
f 8492/1651/1545 8472/1428/1545 8471/445/5391 8491/701/5391
f 8493/1652/6112 8473/1430/5388 8472/1428/1545 8492/1651/1545
f 8494/450/5383 8474/1431/5383 8473/1430/5388 8493/1652/6112
f 8494/450/5383 8495/1052/5812 8475/1432/5812 8474/1431/5383
f 8495/1052/5812 8496/1433/1523 8476/1434/1523 8475/1432/5812
f 8496/1433/1523 8497/1653/1473 8477/1654/6113 8476/1434/1523
f 8497/1655/1473 8498/919/1651 8478/1656/1521 8477/1657/6113
f 8498/919/1651 8479/1123/1562 8463/1736/1562 8478/1656/1521
f 8445/1124/1656 8517/696/1657 8481/692/5400 8480/1122/1655
f 8517/696/1657 8518/453/1551 8482/442/1551 8481/692/5400
f 8518/453/1551 8519/1436/6114 8483/1420/3024 8482/442/1551
f 8519/1436/6114 8520/1437/6115 8484/1421/5712 8483/1420/3024
f 8521/1659/5715 8485/1650/1554 8484/1421/5712 8520/1437/6115
f 8522/447/5717 8486/1781/5397 8485/1650/1554 8521/1659/5715
f 8523/698/5719 8487/1782/5395 8486/1781/5397 8522/447/5717
f 8453/1126/1659 8488/1783/1539 8487/1782/5395 8523/698/5719
f 8524/1127/1540 8489/1119/1652 8488/1783/1539 8453/1126/1659
f 8525/1766/1654 8490/1120/1653 8489/1119/1652 8524/1127/1540
f 8526/700/5952 8491/701/5391 8490/1120/1653 8525/1766/1654
f 8527/1660/1545 8492/1651/1545 8491/701/5391 8526/700/5952
f 8528/1661/5388 8493/1652/6112 8492/1651/1545 8527/1660/1545
f 8529/449/5383 8494/450/5383 8493/1652/6112 8528/1661/5388
f 8529/449/5383 8460/1129/1576 8495/1052/5812 8494/450/5383
f 8460/1129/1576 8530/1128/1523 8496/1433/1523 8495/1052/5812
f 8530/1128/1523 8531/459/1473 8497/1653/1473 8496/1433/1523
f 8531/1441/1473 8532/706/1521 8498/919/1651 8497/1655/1473
f 8463/1736/1562 8464/1735/1655 8500/907/1655 8499/1621/1562
f 8479/1123/1562 8498/919/1651 8532/706/1521
f 8464/1735/1655 8465/690/5400 8400/1115/1627 8500/907/1655
f 8465/690/5400 8466/916/1551 8501/1116/1551 8400/1115/1627
f 8466/916/1551 8467/452/1550 8502/408/1550 8501/1116/1551
f 8467/452/1550 8468/1422/5712 8503/1620/5712 8502/408/1550
f 8469/1423/5715 8504/1728/5715 8503/1620/5712 8468/1422/5712
f 8486/1781/5397 8505/682/5717 8504/1728/5715 8469/1423/5715
f 8487/1782/5395 8506/1619/5719 8505/682/5717 8486/1781/5397
f 8488/1783/1539 8507/1727/1659 8506/1619/5719 8487/1782/5395
f 8471/445/5391 8509/1618/5391 8508/1125/1654 8470/1121/1654
f 8507/1727/1659 8488/1783/1539 8489/1119/1652
f 8472/1428/1545 8510/406/1545 8509/1618/5391 8471/445/5391
f 8473/1430/5388 8511/1417/5388 8510/406/1545 8472/1428/1545
f 8474/1431/5383 8512/1617/5383 8511/1417/5388 8473/1430/5388
f 8474/1431/5383 8475/1432/5812 8513/1616/1576 8512/1617/5383
f 8475/1432/5812 8476/1434/1523 8514/1615/1523 8513/1616/1576
f 8476/1434/1523 8477/1654/6113 8515/904/1522 8514/1615/1523
f 8477/1657/6113 8478/1656/1521 8516/1622/1651 8515/1623/1522
f 8478/1656/1521 8463/1736/1562 8499/1621/1562 8516/1622/1651
f 8446/687/1658 8447/1764/1551 8518/453/1551 8517/696/1657
f 8445/1124/1656 8479/1123/1562 8444/1641/1547
f 8447/1764/1551 8448/689/5822 8519/1436/6114 8518/453/1551
f 8448/689/5822 8449/1640/6102 8520/1437/6115 8519/1436/6114
f 8450/1642/5715 8521/1659/5715 8520/1437/6115 8449/1640/6102
f 8451/1050/6104 8522/447/5717 8521/1659/5715 8450/1642/5715
f 8452/1643/5813 8523/698/5719 8522/447/5717 8451/1050/6104
f 8455/912/6107 8525/1766/1654 8524/1127/1540 8454/704/1660
f 8523/698/5719 8452/1643/5813 8453/1126/1659
f 8456/1644/6109 8526/700/5952 8525/1766/1654 8455/912/6107
f 8457/1645/5816 8527/1660/1545 8526/700/5952 8456/1644/6109
f 8458/1646/5388 8528/1661/5388 8527/1660/1545 8457/1645/5816
f 8459/1647/5383 8529/449/5383 8528/1661/5388 8458/1646/5388
f 8461/1130/1661 8567/1780/1628 8531/459/1473 8530/1128/1523
f 8460/1129/1576 8529/449/5383 8459/1647/5383
f 8567/1118/1628 8462/708/1651 8532/706/1521 8531/1441/1473
f 8462/708/1651 8444/1641/1547 8479/1123/1562 8532/706/1521
f 8438/120/1647 8437/119/1646 8534/1662/6116 8533/926/6117
f 8437/119/1646 8436/118/1645 8535/1053/6118 8534/1662/6116
f 8436/118/1645 8435/64/1644 8536/1663/6119 8535/1053/6118
f 8434/117/1643 8537/924/6120 8536/1663/6119 8435/64/1644
f 8433/116/1642 8538/1664/6121 8537/924/6120 8434/117/1643
f 8432/115/1641 8539/1665/6122 8538/1664/6121 8433/116/1642
f 8431/114/1640 8540/1666/6123 8539/1665/6122 8432/115/1641
f 8430/113/1639 8541/1667/6124 8540/1666/6123 8431/114/1640
f 8430/113/1639 8429/112/1638 8542/1054/6125 8541/1667/6124
f 8429/112/1638 8428/111/1637 8543/709/6126 8542/1054/6125
f 8428/111/1637 8427/110/1636 8544/1668/6127 8543/709/6126
f 8427/110/1636 8426/109/1635 8545/1669/6128 8544/1668/6127
f 8426/109/1635 8425/108/1634 8546/1670/6129 8545/1669/6128
f 8424/107/1633 8547/1671/6130 8546/1670/6129 8425/108/1634
f 8423/105/1631 8548/1672/6131 8547/1671/6130 8424/107/1633
f 8422/104/1630 8549/925/6132 8548/1672/6131 8423/105/1631
f 8441/123/1650 8550/1055/6133 8549/925/6132 8422/104/1630
f 8440/122/1649 8551/1745/6134 8550/1055/6133 8441/123/1650
f 8440/122/1649 8439/121/1648 8552/710/6135 8551/1745/6134
f 8439/121/1648 8438/120/1647 8533/926/6117 8552/710/6135
f 8536/1663/6119 8554/1633/1479 8553/1635/1479 8535/1053/6118
f 8536/1663/6119 8537/924/6120 8555/1634/1479 8554/1633/1479
f 8537/924/6120 8538/1664/6121 8556/1763/1479 8555/1634/1479
f 8538/1664/6121 8539/1665/6122 8557/684/1479 8556/1763/1479
f 8539/1665/6122 8540/1666/6123 8558/1632/1479 8557/684/1479
f 8540/1666/6123 8541/1667/6124 8559/462/1479 8558/1632/1479
f 8542/1054/6125 8560/1631/1479 8559/462/1479 8541/1667/6124
f 8543/709/6126 8561/1630/1479 8560/1631/1479 8542/1054/6125
f 8544/1668/6127 8562/1629/1479 8561/1630/1479 8543/709/6126
f 8545/1669/6128 8563/1628/1479 8562/1629/1479 8544/1668/6127
f 8546/1670/6129 8564/1627/1479 8563/1628/1479 8545/1669/6128
f 8546/1670/6129 8547/1671/6130 8565/1626/1479 8564/1627/1479
f 8547/1671/6130 8548/1672/6131 8566/1624/1479 8565/1626/1479
f 8548/1672/6131 8549/925/6132 8567/216/1628 8566/1624/1479
f 8549/925/6132 8550/1055/6133 8568/1117/1479 8567/216/1628
f 8550/1055/6133 8551/1745/6134 8569/1639/1479 8568/1117/1479
f 8552/710/6135 8570/1638/1479 8569/1639/1479 8551/1745/6134
f 8533/926/6117 8571/1637/1479 8570/1638/1479 8552/710/6135
f 8534/1662/6116 8572/1636/1479 8571/1637/1479 8533/926/6117
f 8535/1053/6118 8553/1635/1479 8572/1636/1479 8534/1662/6116
f 8774/1592/804 8573/533/804 8574/247/804 8773/1358/804
f 8773/1358/804 8574/247/804 8575/245/804 8772/392/804
f 8771/1081/804 8772/392/804 8575/245/804 8576/464/804
f 8770/854/804 8771/1081/804 8576/464/804 8577/534/804
f 8769/1451/804 8770/854/804 8577/534/804 8578/515/804
f 8768/1364/804 8769/1451/804 8578/515/804 8579/654/804
f 8767/643/804 8768/1364/804 8579/654/804 8580/248/804
f 8767/643/804 8580/248/804 8581/517/804 8766/359/804
f 8766/359/804 8581/517/804 8582/253/804 8765/1365/804
f 8765/1365/804 8582/253/804 8583/251/804 8764/1593/804
f 8764/1593/804 8583/251/804 8584/535/804 8763/1452/804
f 8763/1452/804 8584/535/804 8585/485/804 8782/362/804
f 8781/1594/804 8782/362/804 8585/485/804 8586/254/804
f 8780/1369/804 8781/1594/804 8586/254/804 8587/518/804
f 8779/580/804 8780/1369/804 8587/518/804 8588/578/804
f 8778/394/804 8779/580/804 8588/578/804 8589/536/804
f 8777/468/804 8778/394/804 8589/536/804 8590/519/804
f 8777/468/804 8590/519/804 8591/258/804 8776/930/804
f 8776/930/804 8591/258/804 8592/469/804 8775/471/804
f 8775/471/804 8592/469/804 8573/533/804 8774/1592/804
f 8681/1453/3657 8682/831/1116 8593/754/3481 8594/520/6136
f 8680/582/929 8681/1453/3657 8594/520/6136 8595/23/3477
f 8680/582/929 8595/23/3477 8596/24/6137 8679/804/1159
f 8679/804/1159 8596/24/6137 8597/1133/1664 8678/1132/1663
f 8677/584/1156 8599/585/1117 8600/26/1666 8676/28/1149
f 8599/585/1117 8677/584/1156 8598/1131/1662
f 8675/617/3374 8603/711/807 8604/42/815 8674/866/3645
f 8603/711/807 8675/617/3374 8602/1784/1671
f 8674/866/3645 8604/42/815 8605/31/1667 8673/714/1668
f 8671/880/3664 8672/936/3375 8607/92/6138 8608/1114/6139
f 8606/1135/1114 8607/92/6138 8672/936/3375
f 8685/263/6140 8671/880/3664 8608/1114/6139 8609/206/6141
f 8684/646/930 8685/263/6140 8609/206/6141 8610/409/1669
f 8682/1456/1116 8683/34/1158 8612/32/3483 8593/1091/3481
f 8611/1136/1120 8612/32/3483 8683/34/1158
f 8739/938/3387 8740/367/6142 8613/216/6143 8614/366/3387
f 8738/473/820 8739/938/3387 8614/366/3387 8615/215/1670
f 8738/473/820 8615/215/1670 8616/414/821 8737/1596/820
f 8737/1596/820 8616/414/821 8617/412/6144 8736/835/820
f 8736/835/820 8617/412/6144 8618/68/6145 8735/606/3386
f 8735/606/3386 8618/68/6145 8619/528/820 8734/1457/820
f 8734/1457/820 8619/528/820 8620/213/6146 8733/940/6147
f 8732/369/6148 8733/940/6147 8620/213/6146 8621/212/6146
f 8731/1013/820 8732/369/6148 8621/212/6146 8622/368/820
f 8730/476/3387 8731/1013/820 8622/368/820 8623/474/3387
f 8729/837/3387 8730/476/3387 8623/474/3387 8624/838/6149
f 8728/370/6150 8729/837/3387 8624/838/6149 8625/96/6151
f 8728/370/6150 8625/96/6151 8626/97/6152 8727/1101/6153
f 8727/1101/6153 8626/97/6152 8627/415/6154 8726/588/6149
f 8726/588/6149 8627/415/6154 8628/532/6145 8745/1460/3386
f 8745/1460/3386 8628/532/6145 8629/463/820 8744/1461/820
f 8744/1461/820 8629/463/820 8630/419/3385 8743/478/820
f 8742/737/3387 8743/478/820 8630/419/3385 8631/417/6155
f 8741/480/6156 8742/737/3387 8631/417/6155 8632/481/6157
f 8740/367/6142 8741/480/6156 8632/481/6157 8613/216/6143
f 8634/105/6158 8574/247/6158 8573/533/6158 8633/104/6158
f 8633/104/6159 8573/533/6159 8592/469/6159 8652/123/6159
f 8652/123/6160 8592/469/6160 8591/258/6160 8651/122/6160
f 8651/122/6161 8591/258/6161 8590/519/6161 8650/121/6161
f 8650/121/6162 8590/519/6162 8589/536/6162 8649/120/6162
f 8649/120/6163 8589/536/6163 8588/578/6163 8648/119/6163
f 8648/119/6164 8588/578/6164 8587/518/6164 8647/118/6164
f 8647/118/6165 8587/518/6165 8586/254/6165 8646/64/6165
f 8646/64/6166 8586/254/6166 8585/485/6166 8645/117/6166
f 8644/116/6167 8645/117/6167 8585/485/6167 8584/535/6167
f 8643/115/6168 8644/116/6168 8584/535/6168 8583/251/6168
f 8642/114/6169 8643/115/6169 8583/251/6169 8582/253/6169
f 8641/113/6170 8642/114/6170 8582/253/6170 8581/517/6170
f 8640/112/6171 8641/113/6171 8581/517/6171 8580/248/6171
f 8639/111/6172 8640/112/6172 8580/248/6172 8579/654/6172
f 8638/110/6173 8639/111/6173 8579/654/6173 8578/515/6173
f 8637/109/6174 8638/110/6174 8578/515/6174 8577/534/6174
f 8636/108/6175 8637/109/6175 8577/534/6175 8576/464/6175
f 8635/107/6176 8636/108/6176 8576/464/6176 8575/245/6176
f 8635/107/6177 8575/245/6177 8574/247/6177 8634/105/6177
f 8628/591/3489 8627/688/3458 8654/884/3375 8653/589/1153
f 8627/688/3458 8626/959/3459 8655/849/3640 8654/884/3375
f 8626/959/3459 8625/241/6178 8656/265/1668 8655/849/3640
f 8624/337/6179 8657/490/3645 8656/265/1668 8625/241/6178
f 8623/844/3464 8658/1469/3744 8657/490/3645 8624/337/6179
f 8622/614/6180 8659/612/3648 8658/1469/3744 8623/844/3464
f 8621/1086/3467 8660/1087/4284 8659/612/3648 8622/614/6180
f 8620/37/6181 8661/35/1149 8660/1087/4284 8621/1086/3467
f 8619/1241/6182 8662/599/1156 8661/35/1149 8620/37/6181
f 8618/914/3471 8663/961/3368 8662/599/1156 8619/1241/6182
f 8615/244/1670 8614/47/6183 8665/318/6184 8664/1138/929
f 8663/961/3368 8618/914/3471 8617/1785/6144
f 8614/47/6183 8613/59/6185 8666/616/1116 8665/318/6184
f 8613/1162/6185 8632/657/3822 8667/962/4280 8666/1305/1116
f 8632/657/3822 8631/38/6186 8668/875/4267 8667/962/4280
f 8631/38/6186 8630/39/6187 8669/40/930 8668/875/4267
f 8630/39/6187 8629/372/3487 8670/373/3663 8669/40/930
f 8629/372/3487 8628/591/3489 8653/589/1153 8670/373/3663
f 8686/882/1153 8687/1268/3375 8672/936/3375 8671/880/3664
f 8687/1268/3375 8688/1472/3640 8606/1135/1114 8672/936/3375
f 8688/1472/3640 8689/1473/3643 8673/714/1668 8606/1135/1114
f 8690/1474/3645 8674/866/3645 8673/714/1668 8689/1473/3643
f 8691/619/3374 8675/617/3374 8674/866/3645 8690/1474/3645
f 8692/52/3648 8602/1784/1671 8675/617/3374 8691/619/3374
f 8693/324/3372 8601/1134/1665 8602/1784/1671 8692/52/3648
f 8694/1154/1149 8676/28/1149 8601/1134/1665 8693/324/3372
f 8695/597/1156 8677/584/1156 8676/28/1149 8694/1154/1149
f 8696/1309/1118 8598/1131/1662 8677/584/1156 8695/597/1156
f 8697/1020/1663 8678/1132/1663 8598/1131/1662 8696/1309/1118
f 8698/1475/944 8679/804/1159 8678/1132/1663 8697/1020/1663
f 8699/883/929 8680/582/929 8679/804/1159 8698/1475/944
f 8699/883/929 8700/1476/3657 8681/1453/3657 8680/582/929
f 8700/1476/3657 8701/55/1116 8682/831/1116 8681/1453/3657
f 8701/1156/1116 8702/664/1158 8683/34/1158 8682/1456/1116
f 8702/664/1158 8703/331/931 8611/1136/1120 8683/34/1158
f 8703/331/931 8704/879/930 8684/646/930 8611/1136/1120
f 8704/879/930 8705/277/3663 8685/263/6140 8684/646/930
f 8705/277/3663 8686/882/1153 8671/880/3664 8685/263/6140
f 8706/963/1153 8707/280/3375 8687/1268/3375 8686/882/1153
f 8707/280/3375 8708/850/3640 8688/1472/3640 8687/1268/3375
f 8708/850/3640 8709/283/3643 8689/1473/3643 8688/1472/3640
f 8710/885/3645 8690/1474/3645 8689/1473/3643 8709/283/3643
f 8711/1282/3374 8691/619/3374 8690/1474/3645 8710/885/3645
f 8712/328/3648 8692/52/3648 8691/619/3374 8711/1282/3374
f 8713/58/3372 8693/324/3372 8692/52/3648 8712/328/3648
f 8714/815/1149 8694/1154/1149 8693/324/3372 8713/58/3372
f 8715/596/1156 8695/597/1156 8694/1154/1149 8714/815/1149
f 8716/1477/1118 8696/1309/1118 8695/597/1156 8715/596/1156
f 8717/1478/1663 8697/1020/1663 8696/1309/1118 8716/1477/1118
f 8718/1479/944 8698/1475/944 8697/1020/1663 8717/1478/1663
f 8719/1480/929 8699/883/929 8698/1475/944 8718/1479/944
f 8719/1480/929 8720/1481/3657 8700/1476/3657 8699/883/929
f 8720/1481/3657 8721/56/1116 8701/55/1116 8700/1476/3657
f 8721/1161/1116 8722/1035/1158 8702/664/1158 8701/1156/1116
f 8722/1035/1158 8723/60/931 8703/331/931 8702/664/1158
f 8723/60/931 8724/667/930 8704/879/930 8703/331/931
f 8724/667/930 8725/598/818 8705/277/3663 8704/879/930
f 8725/598/818 8706/963/1153 8686/882/1153 8705/277/3663
f 8653/589/1153 8654/884/3375 8707/280/3375 8706/963/1153
f 8654/884/3375 8655/849/3640 8708/850/3640 8707/280/3375
f 8655/849/3640 8656/265/1668 8709/283/3643 8708/850/3640
f 8657/490/3645 8710/885/3645 8709/283/3643 8656/265/1668
f 8658/1469/3744 8711/1282/3374 8710/885/3645 8657/490/3645
f 8659/612/3648 8712/328/3648 8711/1282/3374 8658/1469/3744
f 8660/1087/4284 8713/58/3372 8712/328/3648 8659/612/3648
f 8661/35/1149 8714/815/1149 8713/58/3372 8660/1087/4284
f 8662/599/1156 8715/596/1156 8714/815/1149 8661/35/1149
f 8663/961/3368 8716/1477/1118 8715/596/1156 8662/599/1156
f 8617/1785/6144 8717/1478/1663 8716/1477/1118 8663/961/3368
f 8616/1137/821 8718/1479/944 8717/1478/1663 8617/1785/6144
f 8664/1138/929 8719/1480/929 8718/1479/944 8616/1137/821
f 8664/1138/929 8665/318/6184 8720/1481/3657 8719/1480/929
f 8665/318/6184 8666/616/1116 8721/56/1116 8720/1481/3657
f 8666/1305/1116 8667/962/4280 8722/1035/1158 8721/1161/1116
f 8667/962/4280 8668/875/4267 8723/60/931 8722/1035/1158
f 8668/875/4267 8669/40/930 8724/667/930 8723/60/931
f 8669/40/930 8670/373/3663 8725/598/818 8724/667/930
f 8670/373/3663 8653/589/1153 8706/963/1153 8725/598/818
f 8646/64/820 8727/1101/6153 8726/588/6149 8647/118/820
f 8645/117/820 8728/370/6150 8727/1101/6153 8646/64/820
f 8645/117/820 8644/116/820 8729/837/3387 8728/370/6150
f 8644/116/820 8643/115/820 8730/476/3387 8729/837/3387
f 8643/115/820 8642/114/820 8731/1013/820 8730/476/3387
f 8642/114/820 8641/113/820 8732/369/6148 8731/1013/820
f 8641/113/820 8640/112/820 8733/940/6147 8732/369/6148
f 8639/111/820 8734/1457/820 8733/940/6147 8640/112/820
f 8638/110/820 8735/606/3386 8734/1457/820 8639/111/820
f 8637/109/820 8736/835/820 8735/606/3386 8638/110/820
f 8636/108/820 8737/1596/820 8736/835/820 8637/109/820
f 8635/107/820 8738/473/820 8737/1596/820 8636/108/820
f 8635/107/820 8634/105/820 8739/938/3387 8738/473/820
f 8634/105/820 8633/104/820 8740/367/6142 8739/938/3387
f 8633/104/820 8652/123/820 8741/480/6156 8740/367/6142
f 8652/123/820 8651/122/820 8742/737/3387 8741/480/6156
f 8651/122/820 8650/121/820 8743/478/820 8742/737/3387
f 8649/120/820 8744/1461/820 8743/478/820 8650/121/820
f 8648/119/820 8745/1460/3386 8744/1461/820 8649/120/820
f 8647/118/820 8726/588/6149 8745/1460/3386 8648/119/820
f 8601/83/1665 8748/496/6188 8747/388/804 8602/71/1671
f 8746/1023/6189 8604/391/6190 8603/1139/807
f 8600/250/6191 8749/504/6188 8748/496/6188 8601/83/1665
f 8600/250/6191 8599/516/1117 8750/952/6188 8749/504/6188
f 8599/516/1117 8598/400/1662 8751/668/6192 8750/952/6188
f 8598/400/1662 8597/73/3767 8752/853/804 8751/668/6192
f 8597/73/3767 8596/5/3767 8753/624/804 8752/853/804
f 8596/5/3767 8595/293/6193 8754/389/804 8753/624/804
f 8594/948/6193 8755/949/804 8754/389/804 8595/293/6193
f 8593/420/804 8756/499/804 8755/949/804 8594/948/6193
f 8612/89/6188 8757/819/3767 8756/499/804 8593/420/804
f 8611/90/1120 8758/670/804 8757/819/3767 8612/89/6188
f 8610/91/1669 8759/626/3767 8758/670/804 8611/90/1120
f 8610/91/1669 8609/395/1672 8760/891/804 8759/626/3767
f 8609/395/1672 8608/17/6139 8761/672/804 8760/891/804
f 8604/391/6190 8746/1023/6189 8762/630/1672 8605/629/1667
f 8607/1786/6138 8761/672/804 8608/17/6139
f 8603/1139/807 8764/1593/804 8763/1452/804 8746/1023/6189
f 8747/388/804 8765/1365/804 8764/1593/804 8603/1139/807
f 8748/496/6188 8766/359/804 8765/1365/804 8747/388/804
f 8749/504/6188 8767/643/804 8766/359/804 8748/496/6188
f 8749/504/6188 8750/952/6188 8768/1364/804 8767/643/804
f 8750/952/6188 8751/668/6192 8769/1451/804 8768/1364/804
f 8751/668/6192 8752/853/804 8770/854/804 8769/1451/804
f 8752/853/804 8753/624/804 8771/1081/804 8770/854/804
f 8753/624/804 8754/389/804 8772/392/804 8771/1081/804
f 8755/949/804 8773/1358/804 8772/392/804 8754/389/804
f 8756/499/804 8774/1592/804 8773/1358/804 8755/949/804
f 8757/819/3767 8775/471/804 8774/1592/804 8756/499/804
f 8758/670/804 8776/930/804 8775/471/804 8757/819/3767
f 8759/626/3767 8777/468/804 8776/930/804 8758/670/804
f 8759/626/3767 8760/891/804 8778/394/804 8777/468/804
f 8760/891/804 8761/672/804 8779/580/804 8778/394/804
f 8761/672/804 8607/1786/6138 8780/1369/804 8779/580/804
f 8607/1786/6138 8606/1140/1114 8781/1594/804 8780/1369/804
f 8606/1140/1114 8762/630/1672 8782/362/804 8781/1594/804
f 8746/1023/6189 8763/1452/804 8782/362/804 8762/630/1672
