# Blender 4.4.1
# www.blender.org
mtllib center back.mtl
o Gru_Forearm.001
v -0.387298 -0.204246 0.272556
v -0.156632 -0.204246 0.272556
v -0.387298 0.214634 0.268323
v -0.156632 0.214634 0.268323
v -0.387298 0.680921 -4.354891
v -0.156632 0.680921 -4.354891
v -0.387298 -0.016532 -4.198607
v -0.156632 -0.016532 -4.198607
v -0.387298 0.005195 0.270439
v -0.156632 0.005195 0.270439
v -0.156632 0.202386 -4.247662
v -0.387298 0.202386 -4.247662
v -0.387298 0.293106 -1.112566
v -0.156632 0.293106 -1.112566
v -0.156632 -0.319943 -1.256871
v -0.387298 -0.319943 -1.256871
v -0.387298 0.585214 -4.333445
v -0.156632 0.585214 -4.333445
v -0.156632 0.202925 -1.133794
v -0.156632 0.172746 0.268746
v -0.387298 0.172746 0.268746
v -0.387298 0.202925 -1.133794
v -0.387298 -0.162358 0.272132
v -0.156632 -0.162358 0.272132
v -0.156632 -0.229762 -1.235643
v -0.156632 0.079175 -4.220053
v -0.387298 0.079175 -4.220053
v -0.387298 -0.239490 -1.237933
v -0.387298 0.014385 -4.060636
v -0.156632 0.014385 -4.060636
v -0.156632 0.110091 -4.082082
v -0.156632 0.233302 -4.109691
v -0.156632 0.616130 -4.195474
v -0.156632 0.711837 -4.216920
v -0.387298 0.711837 -4.216920
v -0.387298 0.616130 -4.195474
v -0.387298 0.233302 -4.109691
v -0.387298 0.110091 -4.082082
v -0.387298 0.216069 0.126973
v -0.156632 0.216069 0.126973
v -0.156632 0.174181 0.127396
v -0.156632 0.006629 0.129090
v -0.156632 -0.160923 0.130783
v -0.156632 -0.202811 0.131206
v -0.387298 -0.202811 0.131206
v -0.387298 -0.160923 0.130783
v -0.387298 0.006629 0.129090
v -0.387298 0.174181 0.127396
v -0.225671 0.233302 -4.109691
v -0.225671 0.616130 -4.195474
v -0.225671 0.202925 -1.133794
v -0.225671 -0.112479 -1.208036
v -0.225671 -0.229762 -1.235643
v -0.225671 0.110091 -4.082082
v -0.225671 0.174181 0.127396
v -0.225671 0.006629 0.129090
v -0.225671 -0.160923 0.130783
v -0.318259 0.616130 -4.195474
v -0.318259 0.233302 -4.109691
v -0.318259 -0.112479 -1.208036
v -0.318259 0.202925 -1.133794
v -0.318259 0.110091 -4.082082
v -0.318259 -0.229762 -1.235643
v -0.318259 -0.160923 0.130783
v -0.318259 0.006629 0.129090
v -0.318259 0.174181 0.127396
v -0.387298 1.092911 -3.308088
v -0.156632 1.092911 -3.308088
v -0.156632 0.670229 -3.127148
v -0.225671 0.670229 -3.127148
v -0.225671 0.239622 -3.228508
v -0.225671 0.077397 -3.266694
v -0.156632 0.077397 -3.266694
v -0.156632 -0.048615 -3.296355
v -0.387298 -0.048615 -3.296355
v -0.387298 0.077397 -3.266694
v -0.318259 0.077397 -3.266694
v -0.318259 0.239622 -3.228508
v -0.318259 0.670229 -3.127148
v -0.387298 0.670229 -3.127148
v -0.387298 0.346597 -1.910930
v -0.156632 0.346597 -1.910930
v -0.156632 0.242084 -1.935531
v -0.225671 0.242084 -1.935531
v -0.225671 -0.128499 -2.053148
v -0.225671 -0.332087 -2.101070
v -0.156632 -0.332087 -2.101070
v -0.156632 -0.436601 -2.125671
v -0.387298 -0.436601 -2.125671
v -0.387298 -0.351286 -2.119824
v -0.318259 -0.269595 -2.086360
v -0.318259 -0.128499 -2.053148
v -0.318259 0.242084 -1.935531
v -0.387298 0.242084 -1.935531
v -0.159208 0.214634 0.268323
v -0.159208 0.216069 0.126973
v -0.159208 0.293106 -1.112566
v -0.159208 0.346597 -1.910930
v -0.159208 1.092911 -3.308088
v -0.159208 0.711837 -4.216920
v -0.159208 0.680921 -4.354891
v -0.159208 0.585214 -4.333445
v -0.159208 0.202386 -4.247662
v -0.159208 0.079175 -4.220053
v -0.159208 -0.016532 -4.198607
v -0.159208 0.014385 -4.060636
v -0.159208 -0.048615 -3.296355
v -0.159208 -0.436601 -2.125671
v -0.159208 -0.319943 -1.256871
v -0.159208 -0.202811 0.131206
v -0.159208 -0.204246 0.272556
v -0.159208 -0.162358 0.272132
v -0.159208 0.005195 0.270439
v -0.159208 0.172746 0.268746
v -0.383342 0.214635 0.268323
v -0.383342 0.216069 0.126973
v -0.383342 0.293106 -1.112566
v -0.383342 0.346597 -1.910930
v -0.383342 1.092911 -3.308088
v -0.383342 0.711837 -4.216920
v -0.383342 0.680921 -4.354891
v -0.383342 0.585214 -4.333445
v -0.383342 0.202386 -4.247662
v -0.383342 0.079175 -4.220053
v -0.383342 -0.016532 -4.198607
v -0.383342 0.014385 -4.060636
v -0.383342 -0.048615 -3.296355
v -0.383342 -0.436601 -2.125671
v -0.383342 -0.319943 -1.256871
v -0.383342 -0.202811 0.131206
v -0.383342 -0.204246 0.272556
v -0.383342 -0.162358 0.272132
v -0.383342 0.005195 0.270439
v -0.383342 0.172746 0.268746
v -0.156632 0.214716 0.260286
v -0.159208 0.214716 0.260286
v -0.383342 0.214716 0.260286
v -0.387298 0.214716 0.260286
v -0.387298 0.172828 0.260709
v -0.387298 0.005276 0.262402
v -0.387298 -0.162276 0.264095
v -0.387298 -0.204164 0.264518
v -0.383342 -0.204164 0.264518
v -0.159208 -0.204164 0.264518
v -0.156632 -0.204164 0.264518
v -0.156632 -0.162276 0.264095
v -0.156632 0.005276 0.262402
v -0.156632 0.172828 0.260709
v -0.224386 0.242084 -1.935531
v -0.224386 0.670229 -3.127148
v -0.224386 0.616130 -4.195474
v -0.224386 0.233302 -4.109691
v -0.224386 0.110091 -4.082082
v -0.224386 0.077397 -3.266694
v -0.224386 -0.332087 -2.101070
v -0.224386 -0.229762 -1.235643
v -0.224386 -0.160923 0.130783
v -0.224386 0.006629 0.129090
v -0.224386 0.174181 0.127396
v -0.224386 0.202925 -1.133794
v -0.167289 0.242084 -1.935531
v -0.167289 0.670229 -3.127148
v -0.167289 0.616130 -4.195474
v -0.167289 0.233302 -4.109691
v -0.167289 0.110091 -4.082082
v -0.167289 0.077397 -3.266694
v -0.167289 -0.332087 -2.101070
v -0.167289 -0.229762 -1.235643
v -0.167289 -0.160923 0.130783
v -0.167289 0.006629 0.129089
v -0.167289 0.174181 0.127396
v -0.167289 0.202925 -1.133794
v -0.326951 0.242084 -1.935531
v -0.326951 0.670229 -3.127148
v -0.326951 0.616130 -4.195474
v -0.326951 0.233302 -4.109691
v -0.326951 0.110091 -4.082082
v -0.326951 0.077397 -3.266694
v -0.326951 -0.351286 -2.119824
v -0.326951 -0.230987 -1.235931
v -0.326951 -0.160923 0.130783
v -0.326951 0.006629 0.129090
v -0.326951 0.174181 0.127396
v -0.326951 0.202925 -1.133794
v -0.384860 0.242084 -1.935531
v -0.384860 0.670229 -3.127148
v -0.384860 0.616130 -4.195474
v -0.384860 0.233302 -4.109691
v -0.384860 0.110091 -4.082082
v -0.384860 0.077397 -3.266694
v -0.384860 -0.351286 -2.119824
v -0.384860 -0.239146 -1.237852
v -0.384860 -0.160923 0.130783
v -0.384860 0.006629 0.129090
v -0.384860 0.174181 0.127396
v -0.384860 0.202925 -1.133794
v -0.387298 1.079850 -3.311162
v -0.387298 0.701918 -4.214697
v -0.387298 0.671001 -4.352668
v -0.383342 0.671001 -4.352668
v -0.159208 0.671001 -4.352668
v -0.156632 0.671001 -4.352668
v -0.156632 0.701918 -4.214697
v -0.156632 1.079850 -3.311162
v -0.156632 0.335766 -1.913480
v -0.156632 0.283759 -1.114766
v -0.156632 0.211728 0.127017
v -0.156632 0.210375 0.260329
v -0.156632 0.210293 0.268367
v -0.159208 0.210293 0.268367
v -0.383342 0.210293 0.268367
v -0.387298 0.210293 0.268367
v -0.387298 0.210375 0.260329
v -0.387298 0.211728 0.127017
v -0.387298 0.283759 -1.114766
v -0.387298 0.335766 -1.913480
v -0.387298 0.688260 -3.122904
v -0.387298 0.629824 -4.198543
v -0.387298 0.598908 -4.336514
v -0.383342 0.598908 -4.336514
v -0.159208 0.598908 -4.336514
v -0.156632 0.598908 -4.336514
v -0.156632 0.629824 -4.198543
v -0.156632 0.688260 -3.122904
v -0.156632 0.257038 -1.932011
v -0.156632 0.215828 -1.130756
v -0.156632 0.180175 0.127336
v -0.156632 0.178822 0.260648
v -0.156632 0.178740 0.268685
v -0.159208 0.178740 0.268685
v -0.383342 0.178740 0.268685
v -0.387298 0.178740 0.268685
v -0.387298 0.178822 0.260648
v -0.387298 0.180175 0.127336
v -0.387298 0.215828 -1.130756
v -0.387298 0.257038 -1.932011
v -0.387298 0.780177 -3.092248
v -0.387298 0.685371 -3.114565
v -0.387298 0.667362 -3.118804
v -0.384860 0.667362 -3.118804
v -0.326951 0.667362 -3.118804
v -0.318259 0.667362 -3.118804
v -0.318259 0.238073 -3.219853
v -0.318259 0.075999 -3.258004
v -0.326951 0.075999 -3.258004
v -0.384860 0.075999 -3.258004
v -0.387298 0.075999 -3.258004
v -0.387298 -0.050307 -3.287735
v -0.383342 -0.050307 -3.287735
v -0.159208 -0.050307 -3.287735
v -0.156632 -0.050307 -3.287735
v -0.156632 0.075552 -3.258109
v -0.167289 0.075552 -3.258109
v -0.224386 0.075552 -3.258109
v -0.225671 0.075552 -3.258109
v -0.225671 0.238073 -3.219853
v -0.225671 0.667362 -3.118804
v -0.224386 0.667362 -3.118804
v -0.167289 0.667362 -3.118804
v -0.156632 0.667362 -3.118804
v -0.156632 0.685371 -3.114565
v -0.156632 0.780177 -3.092248
v -0.156632 0.793221 -3.089178
v -0.159208 0.793221 -3.089178
v -0.383342 0.793221 -3.089178
v -0.387298 0.793221 -3.089178
v -0.387298 0.780430 -3.132204
v -0.387298 0.685509 -3.154548
v -0.387298 0.667478 -3.158792
v -0.384860 0.667478 -3.158792
v -0.326951 0.667478 -3.158792
v -0.318259 0.667478 -3.158792
v -0.318259 0.246535 -3.257876
v -0.318259 0.084310 -3.296062
v -0.326951 0.084310 -3.296062
v -0.384860 0.084310 -3.296062
v -0.387298 0.084310 -3.296062
v -0.387298 -0.041702 -3.325724
v -0.383342 -0.041702 -3.325724
v -0.159208 -0.041702 -3.325724
v -0.156632 -0.041702 -3.325724
v -0.156632 0.084310 -3.296062
v -0.167289 0.084310 -3.296062
v -0.224386 0.084310 -3.296062
v -0.225671 0.084310 -3.296062
v -0.225671 0.246535 -3.257876
v -0.225671 0.667478 -3.158792
v -0.224386 0.667478 -3.158792
v -0.167289 0.667478 -3.158792
v -0.156632 0.667478 -3.158792
v -0.156632 0.685509 -3.154548
v -0.156632 0.780430 -3.132204
v -0.156632 0.962565 -3.275279
v -0.159208 0.962565 -3.275279
v -0.383342 0.962565 -3.275279
v -0.387298 0.962565 -3.275279
v -0.387298 0.337306 -1.866181
v -0.387298 0.326557 -1.868711
v -0.387298 0.248432 -1.887101
v -0.387298 0.233592 -1.890594
v -0.384860 0.233592 -1.890594
v -0.326951 0.233592 -1.890594
v -0.318259 0.233592 -1.890594
v -0.318259 -0.127605 -2.006001
v -0.318259 -0.267373 -2.038901
v -0.326951 -0.349133 -2.072381
v -0.384860 -0.349588 -2.072488
v -0.387298 -0.349607 -2.072493
v -0.387298 -0.430093 -2.077203
v -0.383342 -0.430093 -2.077203
v -0.159208 -0.430093 -2.077203
v -0.156632 -0.430093 -2.077203
v -0.156632 -0.326379 -2.052790
v -0.167289 -0.326379 -2.052790
v -0.224386 -0.326379 -2.052790
v -0.225671 -0.326379 -2.052790
v -0.225671 -0.127605 -2.006001
v -0.225671 0.233592 -1.890594
v -0.224386 0.233592 -1.890594
v -0.167289 0.233592 -1.890594
v -0.156632 0.233592 -1.890594
v -0.156632 0.248432 -1.887101
v -0.156632 0.326557 -1.868711
v -0.156632 0.337306 -1.866181
v -0.159208 0.337306 -1.866181
v -0.383342 0.337306 -1.866181
v -0.387298 0.387015 -2.252387
v -0.387298 0.307899 -2.271010
v -0.387298 0.292870 -2.274548
v -0.384860 0.292870 -2.274548
v -0.326951 0.292870 -2.274548
v -0.318259 0.251725 -1.963587
v -0.318259 -0.123288 -2.082246
v -0.318259 -0.264892 -2.115578
v -0.326951 -0.346583 -2.149042
v -0.384860 -0.346583 -2.149042
v -0.387298 -0.346583 -2.149042
v -0.387298 -0.430913 -2.154657
v -0.383342 -0.430913 -2.154657
v -0.159208 -0.430913 -2.154657
v -0.156632 -0.430913 -2.154657
v -0.156632 -0.325882 -2.129935
v -0.167289 -0.325882 -2.129935
v -0.224386 -0.325882 -2.129935
v -0.225671 -0.325882 -2.129935
v -0.225671 -0.123288 -2.082246
v -0.225671 0.292870 -2.274548
v -0.224386 0.292870 -2.274548
v -0.167289 0.292870 -2.274548
v -0.156632 0.292870 -2.274548
v -0.156632 0.307899 -2.271010
v -0.156632 0.387015 -2.252387
v -0.156632 0.397901 -2.249825
v -0.159208 0.397901 -2.249825
v -0.383342 0.397901 -2.249825
v -0.387298 0.397901 -2.249825
v -0.387298 0.181025 0.097327
v -0.387298 0.174867 0.097313
v -0.384860 0.174867 0.097313
v -0.326951 0.174867 0.097313
v -0.318259 0.174867 0.097313
v -0.318259 0.003788 0.097195
v -0.318259 -0.162565 0.098189
v -0.326951 -0.162594 0.098182
v -0.384860 -0.162789 0.098137
v -0.387298 -0.162797 0.098135
v -0.387298 -0.205605 0.098096
v -0.383342 -0.205605 0.098096
v -0.159208 -0.205605 0.098096
v -0.156632 -0.205605 0.098096
v -0.156632 -0.162565 0.098189
v -0.167289 -0.162565 0.098189
v -0.224386 -0.162565 0.098189
v -0.225671 -0.162565 0.098189
v -0.225671 0.003788 0.097195
v -0.225671 0.174867 0.097313
v -0.224386 0.174867 0.097313
v -0.167289 0.174867 0.097313
v -0.156632 0.174867 0.097313
v -0.156632 0.181025 0.097327
v -0.156632 0.213446 0.097397
v -0.156632 0.217907 0.097406
v -0.159208 0.217907 0.097406
v -0.383342 0.217907 0.097406
v -0.387298 0.217907 0.097406
v -0.387298 0.213446 0.097397
v -0.156632 0.109448 -4.062479
v -0.167289 0.109448 -4.062479
v -0.224386 0.109448 -4.062479
v -0.225671 0.109448 -4.062479
v -0.225671 0.233632 -4.088447
v -0.225671 0.617410 -4.169619
v -0.224386 0.617410 -4.169619
v -0.167289 0.617410 -4.169619
v -0.156632 0.617410 -4.169619
v -0.156632 0.631213 -4.172505
v -0.156632 0.703876 -4.187700
v -0.156632 0.713873 -4.189790
v -0.159208 0.713873 -4.189790
v -0.383342 0.713873 -4.189790
v -0.387298 0.713873 -4.189790
v -0.387298 0.703876 -4.187700
v -0.387298 0.631213 -4.172505
v -0.387298 0.617410 -4.169619
v -0.384860 0.617410 -4.169619
v -0.326951 0.617410 -4.169619
v -0.318259 0.617410 -4.169619
v -0.318259 0.233632 -4.088447
v -0.318259 0.109448 -4.062479
v -0.326951 0.109448 -4.062479
v -0.384860 0.109448 -4.062479
v -0.387298 0.109448 -4.062479
v -0.387298 0.012986 -4.042307
v -0.383342 0.012986 -4.042307
v -0.159208 0.012986 -4.042307
v -0.156632 0.012986 -4.042307
v 0.176382 -0.204246 0.272556
v 0.407048 -0.204246 0.272556
v 0.176382 0.214634 0.268323
v 0.407048 0.214634 0.268323
v 0.176382 0.680921 -4.354891
v 0.407048 0.680921 -4.354891
v 0.176382 -0.016532 -4.198607
v 0.407048 -0.016532 -4.198607
v 0.176382 0.005195 0.270439
v 0.407048 0.005195 0.270439
v 0.407048 0.202386 -4.247662
v 0.176382 0.202386 -4.247662
v 0.176382 0.293106 -1.112566
v 0.407048 0.293106 -1.112566
v 0.407048 -0.319943 -1.256871
v 0.176382 -0.319943 -1.256871
v 0.176382 0.585214 -4.333445
v 0.407048 0.585214 -4.333445
v 0.407048 0.202925 -1.133794
v 0.407048 0.172746 0.268746
v 0.176382 0.172746 0.268746
v 0.176382 0.202925 -1.133794
v 0.176382 -0.162358 0.272132
v 0.407048 -0.162358 0.272132
v 0.407048 -0.229762 -1.235643
v 0.407048 0.079175 -4.220053
v 0.176382 0.079175 -4.220053
v 0.176382 -0.239490 -1.237933
v 0.176382 0.014385 -4.060636
v 0.407048 0.014385 -4.060636
v 0.407048 0.110091 -4.082082
v 0.407048 0.233302 -4.109691
v 0.407048 0.616130 -4.195474
v 0.407048 0.711837 -4.216920
v 0.176382 0.711837 -4.216920
v 0.176382 0.616130 -4.195474
v 0.176382 0.233302 -4.109691
v 0.176382 0.110091 -4.082082
v 0.176382 0.216069 0.126973
v 0.407048 0.216069 0.126973
v 0.407048 0.174181 0.127396
v 0.407048 0.006629 0.129090
v 0.407048 -0.160923 0.130783
v 0.407048 -0.202811 0.131206
v 0.176382 -0.202811 0.131206
v 0.176382 -0.160923 0.130783
v 0.176382 0.006629 0.129090
v 0.176382 0.174181 0.127396
v 0.338009 0.233302 -4.109691
v 0.338009 0.616130 -4.195474
v 0.338009 0.202925 -1.133794
v 0.338009 -0.112479 -1.208036
v 0.338009 -0.229762 -1.235643
v 0.338009 0.110091 -4.082082
v 0.338009 0.174181 0.127396
v 0.338009 0.006629 0.129090
v 0.338009 -0.160923 0.130783
v 0.245421 0.616130 -4.195474
v 0.245421 0.233302 -4.109691
v 0.245421 -0.112479 -1.208036
v 0.245421 0.202925 -1.133794
v 0.245421 0.110091 -4.082082
v 0.245421 -0.229762 -1.235643
v 0.245421 -0.160923 0.130783
v 0.245421 0.006629 0.129090
v 0.245421 0.174181 0.127396
v 0.176382 1.092910 -3.308088
v 0.407048 1.092910 -3.308088
v 0.407048 0.670229 -3.127148
v 0.338009 0.670229 -3.127148
v 0.338009 0.239622 -3.228508
v 0.338009 0.077397 -3.266694
v 0.407048 0.077397 -3.266694
v 0.407048 -0.048615 -3.296355
v 0.176382 -0.048615 -3.296355
v 0.176382 0.077397 -3.266694
v 0.245421 0.077397 -3.266694
v 0.245421 0.239622 -3.228508
v 0.245421 0.670229 -3.127148
v 0.176382 0.670229 -3.127148
v 0.176382 0.346597 -1.910930
v 0.407048 0.346597 -1.910930
v 0.407048 0.242084 -1.935531
v 0.338009 0.242084 -1.935531
v 0.338009 -0.128499 -2.053148
v 0.338009 -0.332087 -2.101070
v 0.407048 -0.332087 -2.101070
v 0.407048 -0.436601 -2.125671
v 0.176382 -0.436601 -2.125671
v 0.176382 -0.351286 -2.119824
v 0.245421 -0.269595 -2.086360
v 0.245421 -0.128499 -2.053148
v 0.245421 0.242084 -1.935531
v 0.176382 0.242084 -1.935531
v 0.404473 0.214634 0.268323
v 0.404473 0.216069 0.126973
v 0.404473 0.293106 -1.112566
v 0.404473 0.346597 -1.910930
v 0.404473 1.092910 -3.308088
v 0.404473 0.711837 -4.216920
v 0.404473 0.680921 -4.354891
v 0.404473 0.585214 -4.333445
v 0.404473 0.202386 -4.247662
v 0.404473 0.079175 -4.220053
v 0.404473 -0.016532 -4.198607
v 0.404473 0.014385 -4.060636
v 0.404473 -0.048615 -3.296355
v 0.404473 -0.436601 -2.125671
v 0.404473 -0.319943 -1.256871
v 0.404473 -0.202811 0.131206
v 0.404473 -0.204246 0.272556
v 0.404473 -0.162358 0.272132
v 0.404473 0.005195 0.270439
v 0.404473 0.172746 0.268746
v 0.180339 0.214634 0.268323
v 0.180339 0.216069 0.126973
v 0.180339 0.293106 -1.112566
v 0.180339 0.346597 -1.910930
v 0.180339 1.092910 -3.308088
v 0.180339 0.711837 -4.216920
v 0.180339 0.680921 -4.354891
v 0.180339 0.585214 -4.333445
v 0.180339 0.202386 -4.247662
v 0.180339 0.079175 -4.220053
v 0.180339 -0.016532 -4.198607
v 0.180339 0.014385 -4.060636
v 0.180339 -0.048615 -3.296355
v 0.180339 -0.436601 -2.125671
v 0.180339 -0.319943 -1.256871
v 0.180339 -0.202811 0.131206
v 0.180339 -0.204246 0.272556
v 0.180339 -0.162358 0.272132
v 0.180339 0.005195 0.270439
v 0.180339 0.172746 0.268746
v 0.407048 0.214716 0.260286
v 0.404473 0.214716 0.260286
v 0.180339 0.214716 0.260286
v 0.176382 0.214716 0.260286
v 0.176382 0.172828 0.260709
v 0.176382 0.005276 0.262402
v 0.176382 -0.162276 0.264095
v 0.176382 -0.204164 0.264518
v 0.180339 -0.204164 0.264518
v 0.404473 -0.204164 0.264518
v 0.407048 -0.204164 0.264518
v 0.407048 -0.162276 0.264095
v 0.407048 0.005276 0.262402
v 0.407048 0.172828 0.260709
v 0.339294 0.242084 -1.935531
v 0.339294 0.670229 -3.127148
v 0.339294 0.616130 -4.195474
v 0.339294 0.233302 -4.109691
v 0.339294 0.110091 -4.082082
v 0.339294 0.077397 -3.266694
v 0.339294 -0.332087 -2.101070
v 0.339294 -0.229762 -1.235643
v 0.339294 -0.160923 0.130783
v 0.339294 0.006629 0.129090
v 0.339294 0.174181 0.127396
v 0.339294 0.202925 -1.133794
v 0.396392 0.242084 -1.935531
v 0.396392 0.670229 -3.127148
v 0.396392 0.616130 -4.195474
v 0.396392 0.233302 -4.109691
v 0.396392 0.110091 -4.082082
v 0.396392 0.077397 -3.266694
v 0.396392 -0.332087 -2.101070
v 0.396392 -0.229762 -1.235643
v 0.396392 -0.160923 0.130783
v 0.396392 0.006629 0.129089
v 0.396392 0.174181 0.127396
v 0.396392 0.202925 -1.133794
v 0.236729 0.242084 -1.935531
v 0.236729 0.670229 -3.127148
v 0.236729 0.616130 -4.195474
v 0.236729 0.233302 -4.109691
v 0.236729 0.110091 -4.082082
v 0.236729 0.077397 -3.266694
v 0.236729 -0.351286 -2.119824
v 0.236729 -0.230987 -1.235931
v 0.236729 -0.160923 0.130783
v 0.236729 0.006629 0.129090
v 0.236729 0.174181 0.127396
v 0.236729 0.202925 -1.133794
v 0.178821 0.242084 -1.935531
v 0.178821 0.670229 -3.127148
v 0.178821 0.616130 -4.195474
v 0.178821 0.233302 -4.109691
v 0.178821 0.110091 -4.082082
v 0.178821 0.077397 -3.266694
v 0.178821 -0.351286 -2.119824
v 0.178821 -0.239146 -1.237852
v 0.178821 -0.160923 0.130783
v 0.178821 0.006629 0.129090
v 0.178821 0.174181 0.127396
v 0.178821 0.202925 -1.133794
v 0.176382 1.079850 -3.311162
v 0.176382 0.701918 -4.214697
v 0.176382 0.671001 -4.352668
v 0.180339 0.671001 -4.352668
v 0.404473 0.671001 -4.352668
v 0.407048 0.671001 -4.352668
v 0.407048 0.701918 -4.214697
v 0.407048 1.079850 -3.311162
v 0.407048 0.335766 -1.913480
v 0.407048 0.283759 -1.114766
v 0.407048 0.211728 0.127017
v 0.407048 0.210375 0.260329
v 0.407048 0.210293 0.268367
v 0.404473 0.210293 0.268367
v 0.180339 0.210293 0.268367
v 0.176382 0.210293 0.268367
v 0.176382 0.210375 0.260329
v 0.176382 0.211728 0.127017
v 0.176382 0.283759 -1.114766
v 0.176382 0.335766 -1.913480
v 0.176382 0.688260 -3.122904
v 0.176382 0.629824 -4.198543
v 0.176382 0.598908 -4.336514
v 0.180339 0.598908 -4.336514
v 0.404473 0.598908 -4.336514
v 0.407048 0.598908 -4.336514
v 0.407048 0.629824 -4.198543
v 0.407048 0.688260 -3.122904
v 0.407048 0.257038 -1.932011
v 0.407048 0.215828 -1.130756
v 0.407048 0.180175 0.127336
v 0.407048 0.178822 0.260648
v 0.407048 0.178740 0.268685
v 0.404473 0.178740 0.268685
v 0.180339 0.178740 0.268685
v 0.176382 0.178740 0.268685
v 0.176382 0.178822 0.260648
v 0.176382 0.180175 0.127336
v 0.176382 0.215828 -1.130756
v 0.176382 0.257038 -1.932011
v 0.176382 0.780177 -3.092248
v 0.176382 0.685371 -3.114565
v 0.176382 0.667362 -3.118804
v 0.178821 0.667362 -3.118804
v 0.236729 0.667362 -3.118804
v 0.245421 0.667362 -3.118804
v 0.245421 0.238073 -3.219853
v 0.245421 0.075999 -3.258004
v 0.236729 0.075999 -3.258004
v 0.178821 0.075999 -3.258004
v 0.176382 0.075999 -3.258004
v 0.176382 -0.050307 -3.287735
v 0.180339 -0.050307 -3.287735
v 0.404473 -0.050307 -3.287735
v 0.407048 -0.050307 -3.287735
v 0.407048 0.075552 -3.258109
v 0.396392 0.075552 -3.258109
v 0.339294 0.075552 -3.258109
v 0.338009 0.075552 -3.258109
v 0.338009 0.238073 -3.219853
v 0.338009 0.667362 -3.118804
v 0.339294 0.667362 -3.118804
v 0.396392 0.667362 -3.118804
v 0.407048 0.667362 -3.118804
v 0.407048 0.685371 -3.114565
v 0.407048 0.780177 -3.092248
v 0.407048 0.793221 -3.089178
v 0.404473 0.793221 -3.089178
v 0.180339 0.793221 -3.089178
v 0.176382 0.793221 -3.089178
v 0.176382 0.780430 -3.132204
v 0.176382 0.685508 -3.154548
v 0.176382 0.667478 -3.158792
v 0.178821 0.667478 -3.158792
v 0.236729 0.667478 -3.158792
v 0.245421 0.667478 -3.158792
v 0.245421 0.246535 -3.257876
v 0.245421 0.084310 -3.296062
v 0.236729 0.084310 -3.296062
v 0.178821 0.084310 -3.296062
v 0.176382 0.084310 -3.296062
v 0.176382 -0.041702 -3.325724
v 0.180339 -0.041702 -3.325724
v 0.404473 -0.041702 -3.325724
v 0.407048 -0.041702 -3.325724
v 0.407048 0.084310 -3.296062
v 0.396392 0.084310 -3.296062
v 0.339294 0.084310 -3.296062
v 0.338009 0.084310 -3.296062
v 0.338009 0.246535 -3.257876
v 0.338009 0.667478 -3.158792
v 0.339294 0.667478 -3.158792
v 0.396392 0.667478 -3.158792
v 0.407048 0.667478 -3.158792
v 0.407048 0.685508 -3.154548
v 0.407048 0.780430 -3.132204
v 0.407048 0.962565 -3.275279
v 0.404473 0.962565 -3.275279
v 0.180339 0.962565 -3.275279
v 0.176382 0.962565 -3.275279
v 0.176382 0.337306 -1.866181
v 0.176382 0.326557 -1.868711
v 0.176382 0.248432 -1.887101
v 0.176382 0.233592 -1.890594
v 0.178821 0.233592 -1.890594
v 0.236729 0.233592 -1.890594
v 0.245421 0.233592 -1.890594
v 0.245421 -0.127605 -2.006001
v 0.245421 -0.267373 -2.038901
v 0.236729 -0.349133 -2.072381
v 0.178821 -0.349588 -2.072488
v 0.176382 -0.349607 -2.072493
v 0.176382 -0.430093 -2.077203
v 0.180339 -0.430093 -2.077203
v 0.404473 -0.430093 -2.077203
v 0.407048 -0.430093 -2.077203
v 0.407048 -0.326378 -2.052790
v 0.396392 -0.326378 -2.052790
v 0.339294 -0.326378 -2.052790
v 0.338009 -0.326378 -2.052790
v 0.338009 -0.127605 -2.006001
v 0.338009 0.233592 -1.890594
v 0.339294 0.233592 -1.890594
v 0.396392 0.233592 -1.890594
v 0.407048 0.233592 -1.890594
v 0.407048 0.248432 -1.887101
v 0.407048 0.326557 -1.868711
v 0.407048 0.337306 -1.866181
v 0.404473 0.337306 -1.866181
v 0.180339 0.337306 -1.866181
v 0.176382 0.387015 -2.252387
v 0.176382 0.307899 -2.271010
v 0.176382 0.292870 -2.274548
v 0.178821 0.292870 -2.274548
v 0.236729 0.292870 -2.274548
v 0.245421 0.251725 -1.963587
v 0.245421 -0.123288 -2.082246
v 0.245421 -0.264892 -2.115578
v 0.236729 -0.346583 -2.149042
v 0.178821 -0.346583 -2.149042
v 0.176382 -0.346583 -2.149042
v 0.176382 -0.430913 -2.154657
v 0.180339 -0.430913 -2.154657
v 0.404473 -0.430913 -2.154657
v 0.407048 -0.430913 -2.154657
v 0.407048 -0.325882 -2.129935
v 0.396392 -0.325882 -2.129935
v 0.339294 -0.325882 -2.129935
v 0.338009 -0.325882 -2.129935
v 0.338009 -0.123288 -2.082246
v 0.338009 0.292870 -2.274548
v 0.339294 0.292870 -2.274548
v 0.396392 0.292870 -2.274548
v 0.407048 0.292870 -2.274548
v 0.407048 0.307899 -2.271010
v 0.407048 0.387015 -2.252387
v 0.407048 0.397901 -2.249825
v 0.404473 0.397901 -2.249825
v 0.180339 0.397901 -2.249825
v 0.176382 0.397901 -2.249825
v 0.176382 0.181025 0.097326
v 0.176382 0.174867 0.097313
v 0.178821 0.174867 0.097313
v 0.236729 0.174867 0.097313
v 0.245421 0.174867 0.097313
v 0.245421 0.003788 0.097195
v 0.245421 -0.162565 0.098189
v 0.236729 -0.162594 0.098182
v 0.178821 -0.162789 0.098137
v 0.176382 -0.162797 0.098135
v 0.176382 -0.205605 0.098096
v 0.180339 -0.205605 0.098096
v 0.404473 -0.205605 0.098096
v 0.407048 -0.205605 0.098096
v 0.407048 -0.162565 0.098189
v 0.396392 -0.162565 0.098189
v 0.339294 -0.162565 0.098189
v 0.338009 -0.162565 0.098189
v 0.338009 0.003788 0.097195
v 0.338009 0.174867 0.097313
v 0.339294 0.174867 0.097313
v 0.396392 0.174867 0.097313
v 0.407048 0.174867 0.097313
v 0.407048 0.181025 0.097326
v 0.407048 0.213446 0.097397
v 0.407048 0.217907 0.097406
v 0.404473 0.217907 0.097406
v 0.180339 0.217907 0.097406
v 0.176382 0.217907 0.097406
v 0.176382 0.213446 0.097397
v 0.407048 0.109449 -4.062479
v 0.396392 0.109449 -4.062479
v 0.339294 0.109449 -4.062479
v 0.338009 0.109449 -4.062479
v 0.338009 0.233632 -4.088447
v 0.338009 0.617410 -4.169619
v 0.339294 0.617410 -4.169619
v 0.396392 0.617410 -4.169619
v 0.407048 0.617410 -4.169619
v 0.407048 0.631213 -4.172505
v 0.407048 0.703876 -4.187700
v 0.407048 0.713873 -4.189790
v 0.404473 0.713873 -4.189790
v 0.180339 0.713873 -4.189790
v 0.176382 0.713873 -4.189790
v 0.176382 0.703876 -4.187700
v 0.176382 0.631213 -4.172505
v 0.176382 0.617410 -4.169619
v 0.178821 0.617410 -4.169619
v 0.236729 0.617410 -4.169619
v 0.245421 0.617410 -4.169619
v 0.245421 0.233632 -4.088447
v 0.245421 0.109449 -4.062479
v 0.236729 0.109449 -4.062479
v 0.178821 0.109449 -4.062479
v 0.176382 0.109449 -4.062479
v 0.176382 0.012986 -4.042307
v 0.180339 0.012986 -4.042307
v 0.404473 0.012986 -4.042307
v 0.407048 0.012986 -4.042307
v 0.027273 0.370973 -3.895924
v -0.731337 0.454097 -3.795675
v -0.732472 0.428880 -3.801054
v -0.734086 0.406560 -3.813959
v -0.736018 0.389324 -3.833124
v -0.738117 0.378862 -3.856681
v -0.740097 0.376199 -3.882309
v -0.741830 0.381591 -3.907516
v -0.743146 0.394512 -3.929830
v -0.743887 0.413702 -3.947063
v -0.743990 0.437274 -3.957530
v -0.743450 0.462921 -3.960210
v -0.742317 0.488144 -3.954831
v -0.740709 0.510458 -3.941929
v -0.738774 0.527697 -3.922764
v -0.736699 0.538155 -3.899211
v -0.734694 0.540820 -3.873572
v -0.732961 0.535430 -3.848368
v -0.731652 0.522503 -3.826048
v -0.730887 0.503323 -3.808822
v -0.730802 0.479749 -3.798351
v 0.036085 0.448873 -3.809294
v 0.034892 0.423656 -3.814672
v 0.033317 0.401332 -3.827579
v 0.031364 0.384099 -3.846743
v 0.029268 0.373637 -3.870295
v 0.025475 0.376366 -3.921134
v 0.024261 0.389290 -3.943451
v 0.023520 0.408473 -3.960684
v 0.023400 0.432043 -3.971150
v 0.023928 0.457698 -3.973827
v 0.025090 0.482911 -3.968451
v 0.026664 0.505236 -3.955544
v 0.028639 0.522469 -3.936382
v 0.030686 0.532927 -3.912827
v 0.032662 0.535594 -3.887190
v 0.034426 0.530204 -3.861990
v 0.035709 0.517276 -3.839667
v 0.036424 0.498095 -3.822437
v 0.036599 0.474522 -3.811974
v 0.901676 0.537486 -3.899400
v 0.901404 0.538681 -3.899804
v 0.900567 0.539692 -3.898903
v 0.899046 0.540449 -3.899737
v 0.899192 0.539577 -3.901656
v 0.899442 0.525161 -3.821336
v 0.898535 0.526162 -3.820516
v 0.896957 0.525709 -3.819289
v 0.897003 0.527160 -3.820814
v 0.899909 0.450821 -3.794445
v 0.899605 0.450568 -3.793224
v 0.898805 0.450315 -3.792215
v 0.897336 0.448932 -3.792036
v 0.897235 0.450989 -3.791534
v 0.902326 0.390007 -3.844491
v 0.902058 0.388826 -3.844056
v 0.901289 0.387785 -3.843753
v 0.899850 0.386861 -3.844844
v 0.899723 0.387451 -3.842811
v 0.904418 0.402993 -3.922102
v 0.904170 0.402001 -3.922918
v 0.903399 0.401882 -3.924125
v 0.901922 0.401584 -3.924931
v 0.901907 0.400108 -3.923380
v 0.903404 0.400673 -3.922293
v 0.904091 0.476878 -3.949518
v 0.903855 0.477056 -3.950761
v 0.903113 0.477150 -3.951849
v 0.901561 0.478035 -3.952372
v 0.901674 0.475931 -3.952572
v 0.829389 0.534885 -3.902334
v 0.829667 0.536030 -3.902826
v 0.830425 0.537067 -3.903100
v 0.831998 0.537395 -3.904055
v 0.831851 0.537991 -3.902029
v 0.827296 0.521753 -3.824688
v 0.827537 0.522839 -3.823951
v 0.828335 0.524036 -3.824044
v 0.829824 0.524866 -3.823865
v 0.829773 0.523618 -3.822131
v 0.828277 0.522474 -3.822504
v 0.827624 0.447983 -3.797357
v 0.827862 0.447791 -3.796102
v 0.828606 0.447683 -3.795019
v 0.830048 0.448918 -3.794298
v 0.830137 0.446802 -3.794498
v 0.830039 0.387330 -3.847515
v 0.830314 0.386168 -3.847059
v 0.831072 0.385725 -3.845899
v 0.832533 0.385276 -3.845211
v 0.832651 0.384399 -3.847128
v 0.831144 0.385156 -3.847984
v 0.832272 0.399703 -3.925542
v 0.833179 0.398700 -3.926363
v 0.834725 0.397565 -3.925676
v 0.834734 0.398796 -3.927384
v 0.831805 0.474061 -3.952424
v 0.832106 0.474294 -3.953634
v 0.832908 0.474545 -3.954647
v 0.834491 0.473867 -3.955328
v 0.834364 0.475922 -3.954832
v 0.901980 0.464839 -3.871830
v 0.829722 0.461377 -3.875335
v 0.900647 0.539128 -3.900968
v -0.880224 0.540450 -3.899733
v -0.882584 0.538681 -3.899796
v -0.882856 0.537480 -3.899407
v -0.878138 0.525714 -3.819288
v -0.880622 0.525157 -3.821329
v -0.878517 0.448930 -3.792032
v -0.880784 0.450567 -3.793220
v -0.881088 0.450822 -3.794444
v -0.881028 0.386861 -3.844840
v -0.883237 0.388827 -3.844048
v -0.883504 0.390016 -3.844482
v -0.883102 0.401581 -3.924926
v -0.885350 0.402004 -3.922915
v -0.885597 0.402996 -3.922100
v -0.882736 0.478037 -3.952367
v -0.885033 0.477056 -3.950757
v -0.885269 0.476888 -3.949514
v -0.813174 0.537395 -3.904050
v -0.810846 0.536032 -3.902819
v -0.810568 0.534885 -3.902323
v -0.811003 0.524866 -3.823861
v -0.808716 0.522839 -3.823946
v -0.808475 0.521760 -3.824692
v -0.811229 0.448914 -3.794291
v -0.809042 0.447795 -3.796095
v -0.808802 0.447988 -3.797349
v -0.813712 0.385277 -3.845206
v -0.811497 0.386163 -3.847048
v -0.811219 0.387331 -3.847516
v -0.815903 0.397565 -3.925671
v -0.813451 0.399699 -3.925532
v -0.815666 0.473864 -3.955323
v -0.813287 0.474297 -3.953631
v -0.812984 0.474060 -3.952414
v -0.881747 0.539691 -3.898902
v -0.880371 0.539576 -3.901653
v -0.881825 0.539127 -3.900967
v -0.878184 0.527160 -3.820811
v -0.879715 0.526163 -3.820513
v -0.878418 0.450996 -3.791532
v -0.879987 0.450315 -3.792214
v -0.880903 0.387452 -3.842807
v -0.882471 0.387788 -3.843748
v -0.883090 0.400109 -3.923374
v -0.884583 0.400675 -3.922293
v -0.884580 0.401887 -3.924122
v -0.882854 0.475933 -3.952569
v -0.884293 0.477152 -3.951843
v -0.813028 0.537991 -3.902023
v -0.811603 0.537067 -3.903098
v -0.810953 0.523617 -3.822125
v -0.809457 0.522478 -3.822501
v -0.809515 0.524037 -3.824039
v -0.811320 0.446806 -3.794492
v -0.809787 0.447684 -3.795012
v -0.813833 0.384399 -3.847125
v -0.812323 0.385156 -3.847976
v -0.812251 0.385725 -3.845891
v -0.815913 0.398795 -3.927379
v -0.814359 0.398699 -3.926358
v -0.814119 0.473185 -3.954438
v -0.815546 0.475923 -3.954826
v -0.814067 0.475337 -3.954276
v -0.883179 0.464446 -3.872303
v -0.810901 0.461024 -3.875144
v 1.087459 0.495027 -3.903603
v 1.086943 0.495527 -3.904173
v 1.086060 0.496061 -3.904087
v 1.086141 0.495186 -3.904878
v 1.086281 0.505621 -3.860471
v 1.085774 0.506316 -3.860273
v 1.084890 0.506358 -3.859546
v 1.084918 0.506762 -3.860650
v 1.086461 0.473567 -3.829661
v 1.085924 0.473688 -3.828918
v 1.085104 0.473017 -3.828519
v 1.085048 0.474186 -3.828719
v 1.087827 0.430775 -3.841974
v 1.087313 0.430168 -3.841478
v 1.086508 0.429452 -3.841831
v 1.086438 0.430206 -3.840920
v 1.089009 0.420068 -3.885193
v 1.088483 0.419288 -3.885429
v 1.087686 0.419256 -3.886212
v 1.087637 0.418806 -3.885096
v 1.088827 0.452274 -3.916022
v 1.088334 0.452020 -3.916770
v 1.087465 0.452358 -3.917234
v 1.087529 0.451232 -3.916870
v 1.047188 0.492967 -3.904571
v 1.047701 0.493579 -3.905063
v 1.048579 0.493536 -3.905622
v 1.048497 0.494290 -3.904717
v 1.046005 0.503673 -3.861343
v 1.046531 0.504454 -3.861113
v 1.047364 0.504908 -3.861706
v 1.047337 0.504653 -3.860538
v 1.046188 0.471470 -3.830521
v 1.046684 0.471718 -3.829772
v 1.047489 0.472508 -3.829675
v 1.047539 0.471380 -3.829310
v 1.047555 0.428717 -3.842943
v 1.048077 0.428210 -3.842372
v 1.048879 0.428558 -3.841667
v 1.048946 0.427682 -3.842456
v 1.048733 0.418126 -3.886080
v 1.049240 0.417429 -3.886281
v 1.050104 0.417000 -3.885676
v 1.050111 0.417252 -3.886827
v 1.048552 0.450179 -3.916882
v 1.049088 0.450062 -3.917627
v 1.049974 0.449562 -3.917827
v 1.049903 0.450726 -3.918027
v 1.087699 0.463459 -3.873000
v 1.047311 0.460722 -3.873960
v -1.068447 0.496063 -3.904086
v -1.069846 0.495029 -3.903602
v -1.067281 0.506359 -3.859542
v -1.067491 0.473018 -3.828517
v -1.068848 0.473571 -3.829659
v -1.068895 0.429454 -3.841830
v -1.070214 0.430780 -3.841973
v -1.070055 0.419229 -3.886184
v -1.071397 0.420072 -3.885193
v -1.069849 0.452361 -3.917233
v -1.071214 0.452275 -3.916021
v -1.030965 0.493537 -3.905622
v -1.029575 0.492970 -3.904568
v -1.029752 0.504911 -3.861702
v -1.028392 0.503676 -3.861341
v -1.029878 0.472511 -3.829674
v -1.028576 0.471475 -3.830518
v -1.031266 0.428560 -3.841666
v -1.029943 0.428720 -3.842940
v -1.032491 0.417002 -3.885675
v -1.031120 0.418128 -3.886077
v -1.032359 0.449564 -3.917824
v -1.030940 0.450183 -3.916881
v -1.068728 0.505511 -3.860501
v -1.029696 0.460767 -3.873863
v -1.068528 0.495188 -3.904878
v -1.069330 0.495530 -3.904172
v -1.067305 0.506765 -3.860647
v -1.068161 0.506319 -3.860273
v -1.067437 0.474190 -3.828719
v -1.068314 0.473689 -3.828918
v -1.068823 0.430208 -3.840919
v -1.069702 0.430172 -3.841476
v -1.070047 0.418817 -3.885060
v -1.070871 0.419291 -3.885427
v -1.069916 0.451236 -3.916869
v -1.070720 0.452022 -3.916768
v -1.030885 0.494293 -3.904715
v -1.030088 0.493581 -3.905062
v -1.029724 0.504655 -3.860534
v -1.028919 0.504457 -3.861109
v -1.029929 0.471385 -3.829307
v -1.029072 0.471718 -3.829769
v -1.031334 0.427684 -3.842456
v -1.030463 0.428215 -3.842368
v -1.032497 0.417254 -3.886824
v -1.031628 0.417431 -3.886279
v -1.032291 0.450732 -3.918025
v -1.031476 0.450063 -3.917624
v 0.730917 0.357121 -3.851704
v 0.726743 0.452612 -3.774278
v 0.726492 0.515100 -3.790966
v 0.726939 0.539450 -3.812836
v 0.852125 0.355420 -3.879864
v 0.850896 0.358802 -3.847323
v 0.849611 0.372082 -3.817428
v 0.848418 0.393955 -3.793103
v 0.847424 0.422289 -3.776721
v 0.846393 0.486859 -3.773293
v 0.846453 0.516779 -3.786582
v 0.846918 0.541130 -3.808456
v 0.847722 0.557534 -3.836779
v 0.848794 0.564375 -3.868772
v 0.850029 0.560993 -3.901316
v 0.851309 0.547719 -3.931209
v 0.852503 0.525839 -3.955542
v 0.853496 0.497513 -3.971917
v 0.854194 0.465502 -3.978742
v 0.854528 0.432941 -3.975343
v 0.854461 0.403022 -3.962058
v 0.854006 0.378667 -3.940183
v 0.853198 0.362264 -3.911860
v 0.734033 0.376985 -3.944565
v 0.846724 0.454292 -3.769897
v 0.727451 0.420606 -3.781106
v 0.728438 0.392274 -3.797484
v 0.729637 0.370400 -3.821813
v 0.732152 0.353739 -3.884245
v 0.733235 0.360582 -3.916244
v 0.734481 0.401341 -3.966444
v 0.734551 0.431259 -3.979725
v 0.734220 0.463822 -3.983124
v 0.733517 0.495823 -3.976301
v 0.732527 0.524157 -3.959925
v 0.731327 0.546036 -3.935593
v 0.730051 0.559312 -3.905697
v 0.728822 0.562697 -3.873153
v 0.727743 0.555852 -3.841159
v 0.726414 0.485176 -3.777681
v -0.713332 0.353742 -3.884245
v -0.827904 0.454299 -3.769893
v -0.834378 0.362268 -3.911860
v -0.828603 0.422293 -3.776719
v -0.829599 0.393960 -3.793100
v -0.830791 0.372086 -3.817424
v -0.832076 0.358806 -3.847323
v -0.833305 0.355423 -3.879861
v -0.835185 0.378669 -3.940179
v -0.835642 0.403023 -3.962054
v -0.835707 0.432947 -3.975342
v -0.835373 0.465503 -3.978738
v -0.834676 0.497515 -3.971914
v -0.833683 0.525845 -3.955536
v -0.832489 0.547720 -3.931212
v -0.831208 0.560997 -3.901310
v -0.829974 0.564379 -3.868771
v -0.828902 0.557536 -3.836774
v -0.828098 0.541133 -3.808451
v -0.827633 0.516783 -3.786579
v -0.827573 0.486857 -3.773289
v -0.707923 0.452613 -3.774275
v -0.708631 0.420610 -3.781103
v -0.709618 0.392276 -3.797483
v -0.710815 0.370404 -3.821807
v -0.712097 0.357125 -3.851700
v -0.714414 0.360584 -3.916234
v -0.715205 0.376991 -3.944564
v -0.715662 0.401346 -3.966441
v -0.715730 0.431263 -3.979724
v -0.715399 0.463822 -3.983122
v -0.714697 0.495831 -3.976297
v -0.713707 0.524160 -3.959921
v -0.712507 0.546040 -3.935589
v -0.711231 0.559316 -3.905693
v -0.710002 0.562700 -3.873152
v -0.708924 0.555855 -3.841154
v -0.708124 0.539454 -3.812833
v -0.707671 0.515104 -3.790962
v -0.707594 0.485182 -3.777679
v 0.992078 0.412672 -3.838750
v 0.989745 0.478848 -3.820226
v 0.989604 0.507202 -3.842659
v 0.989854 0.514838 -3.859283
v 1.059832 0.405548 -3.852818
v 1.059145 0.414507 -3.836875
v 1.058427 0.427956 -3.824487
v 1.057760 0.444576 -3.816863
v 1.057203 0.462749 -3.814748
v 1.056628 0.496636 -3.827322
v 1.056661 0.509036 -3.840783
v 1.056921 0.516672 -3.857408
v 1.057369 0.518801 -3.875579
v 1.057970 0.515208 -3.893511
v 1.058661 0.506249 -3.909458
v 1.059376 0.492805 -3.921846
v 1.060043 0.476177 -3.929472
v 1.060599 0.458008 -3.931586
v 1.060988 0.440074 -3.927982
v 1.061175 0.424123 -3.919009
v 1.061138 0.411722 -3.905552
v 1.060883 0.404085 -3.888926
v 1.060431 0.401956 -3.870753
v 0.993819 0.402249 -3.890798
v 1.056812 0.480681 -3.818350
v 0.990141 0.460913 -3.816625
v 0.990693 0.442741 -3.818737
v 0.991362 0.426119 -3.826363
v 0.992768 0.403713 -3.854693
v 0.993374 0.400121 -3.872627
v 0.994071 0.409888 -3.907428
v 0.994109 0.422288 -3.920886
v 0.993924 0.438239 -3.929857
v 0.993531 0.456171 -3.933461
v 0.992978 0.474341 -3.931349
v 0.992307 0.490967 -3.923722
v 0.991594 0.504415 -3.911332
v 0.990907 0.513376 -3.895388
v 0.990304 0.516965 -3.877455
v 0.989561 0.494798 -3.829199
v -0.975155 0.403716 -3.854694
v -1.039199 0.480688 -3.818350
v -1.039756 0.518805 -3.875578
v -1.039590 0.462753 -3.814747
v -1.040147 0.444580 -3.816863
v -1.040814 0.427961 -3.824485
v -1.041532 0.414510 -3.836876
v -1.042219 0.405552 -3.852818
v -1.042818 0.401960 -3.870754
v -1.043269 0.404088 -3.888922
v -1.043525 0.411726 -3.905552
v -1.043561 0.424128 -3.919011
v -1.043375 0.440076 -3.927980
v -1.042985 0.458014 -3.931585
v -1.042430 0.476183 -3.929472
v -1.041762 0.492805 -3.921850
v -1.041047 0.506254 -3.909456
v -1.040357 0.515212 -3.893514
v -1.039308 0.516677 -3.857407
v -1.039048 0.509039 -3.840780
v -1.039014 0.496639 -3.827322
v -0.972131 0.478851 -3.820225
v -0.972527 0.460915 -3.816623
v -0.973079 0.442745 -3.818737
v -0.973748 0.426125 -3.826360
v -0.974465 0.412675 -3.838749
v -0.975760 0.400125 -3.872623
v -0.976202 0.402254 -3.890800
v -0.976457 0.409892 -3.907430
v -0.976495 0.422292 -3.920886
v -0.976310 0.438241 -3.929856
v -0.975918 0.456177 -3.933460
v -0.975365 0.474345 -3.931348
v -0.974694 0.490973 -3.923721
v -0.973981 0.504417 -3.911333
v -0.973293 0.513380 -3.895384
v -0.972691 0.516970 -3.877455
v -0.972244 0.514843 -3.859282
v -0.971991 0.507204 -3.842653
v -0.971948 0.494807 -3.829203
v -0.010447 0.373639 -3.870297
v -0.012542 0.384098 -3.846751
v -0.017263 0.448868 -3.809301
v -0.015604 0.530204 -3.861996
v -0.009817 0.522468 -3.936387
v -0.007841 0.505236 -3.955550
v -0.006653 0.376366 -3.921142
v 0.758917 0.376200 -3.882319
v 0.756939 0.378863 -3.856687
v 0.754840 0.389325 -3.833127
v 0.752907 0.406559 -3.813965
v 0.751294 0.428882 -3.801058
v 0.749623 0.479749 -3.798357
v 0.749709 0.503323 -3.808829
v 0.750475 0.522503 -3.826055
v 0.751783 0.535430 -3.848374
v 0.753513 0.540819 -3.873579
v 0.755520 0.538155 -3.899217
v 0.757595 0.527698 -3.922768
v 0.759532 0.510458 -3.941936
v 0.761139 0.488144 -3.954836
v 0.762273 0.462921 -3.960216
v 0.762811 0.437280 -3.957536
v 0.762710 0.413697 -3.947066
v 0.761968 0.394513 -3.929837
v 0.760651 0.381591 -3.907522
v -0.016887 0.517275 -3.839673
v 0.750158 0.454095 -3.795682
v -0.016070 0.423656 -3.814679
v -0.014496 0.401335 -3.827584
v -0.008450 0.370972 -3.895934
v -0.005439 0.389286 -3.943453
v -0.004697 0.408475 -3.960690
v -0.004578 0.432043 -3.971156
v -0.005106 0.457696 -3.973832
v -0.006268 0.482911 -3.968457
v -0.011864 0.532927 -3.912832
v -0.013840 0.535594 -3.887197
v -0.017603 0.498095 -3.822443
v -0.017777 0.474527 -3.811981
v 0.795153 0.417015 -3.851953
v 0.793302 0.469150 -3.837361
v 0.793752 0.499179 -3.882448
v 0.794767 0.489291 -3.909134
v 1.004141 0.415661 -3.858687
v 1.003603 0.422718 -3.846128
v 1.003034 0.433313 -3.836368
v 1.002509 0.446408 -3.830362
v 1.002071 0.460726 -3.828696
v 1.001617 0.487421 -3.838601
v 1.001640 0.497191 -3.849207
v 1.001848 0.503206 -3.862303
v 1.002202 0.504883 -3.876619
v 1.002674 0.502053 -3.890748
v 1.003218 0.494995 -3.903309
v 1.003782 0.484403 -3.913070
v 1.004308 0.471301 -3.919080
v 1.004745 0.456993 -3.920743
v 1.005052 0.442861 -3.917903
v 1.005199 0.430295 -3.910834
v 1.005170 0.420524 -3.900230
v 1.004969 0.414508 -3.887133
v 1.004614 0.412831 -3.872818
v 0.793405 0.497503 -3.868130
v 1.001762 0.474853 -3.831534
v 0.793626 0.455021 -3.834521
v 0.794053 0.440703 -3.836188
v 0.794583 0.427608 -3.842195
v 0.795695 0.409956 -3.864515
v 0.796184 0.407127 -3.878643
v 0.796513 0.408804 -3.892960
v 0.796714 0.414823 -3.906064
v 0.796748 0.424589 -3.916661
v 0.796604 0.437155 -3.923728
v 0.796288 0.451285 -3.926567
v 0.795860 0.465599 -3.924903
v 0.795325 0.478695 -3.918898
v 0.794231 0.496351 -3.896573
v 0.793209 0.491487 -3.855031
v 0.793162 0.481716 -3.844431
v -0.778083 0.409962 -3.864514
v -0.984151 0.474862 -3.831533
v -0.987002 0.412837 -3.872816
v -0.984458 0.460731 -3.828695
v -0.984897 0.446416 -3.830360
v -0.985422 0.433320 -3.836366
v -0.985991 0.422723 -3.846128
v -0.986529 0.415667 -3.858688
v -0.987357 0.414514 -3.887130
v -0.987559 0.420532 -3.900229
v -0.987587 0.430304 -3.910835
v -0.987440 0.442866 -3.917902
v -0.987133 0.456996 -3.920741
v -0.986696 0.471312 -3.919075
v -0.986170 0.484408 -3.913069
v -0.985606 0.495001 -3.903309
v -0.985062 0.502060 -3.890746
v -0.984590 0.504890 -3.876619
v -0.984236 0.503213 -3.862304
v -0.984028 0.497197 -3.849205
v -0.984005 0.487427 -3.838599
v -0.775690 0.469156 -3.837359
v -0.776014 0.455026 -3.834521
v -0.776441 0.440710 -3.836188
v -0.776971 0.427615 -3.842192
v -0.777541 0.417021 -3.851952
v -0.778572 0.407134 -3.878638
v -0.778901 0.408811 -3.892958
v -0.779102 0.414829 -3.906062
v -0.779136 0.424597 -3.916662
v -0.778992 0.437156 -3.923725
v -0.778676 0.451297 -3.926566
v -0.778248 0.465608 -3.924902
v -0.777713 0.478702 -3.918897
v -0.777155 0.489298 -3.909132
v -0.776619 0.496357 -3.896572
v -0.776140 0.499186 -3.882446
v -0.775792 0.497509 -3.868126
v -0.775598 0.491494 -3.855031
v -0.775550 0.481721 -3.844428
v 0.812256 0.414626 -3.845608
v 0.812256 0.698744 -4.337716
v 0.757314 0.982861 -3.899854
v 0.812256 0.982861 -3.899854
v 0.757314 0.745723 -3.434875
v 0.757314 0.224469 -3.407751
v 0.757314 -0.059649 -3.845608
v 0.757314 0.177485 -4.310590
v 0.812256 0.177485 -4.310590
v 0.757314 0.461606 -3.818485
v 0.757314 0.177488 -3.434875
v 0.812256 0.745723 -3.434875
v 0.757314 0.698743 -3.407750
v 0.757314 0.508586 -3.899857
v 0.812256 0.982861 -3.845606
v 0.757314 0.982861 -3.845606
v 0.757314 0.745724 -4.310593
v 0.757314 0.414626 -3.899855
v 0.757314 0.224465 -4.337714
v 0.757314 0.414626 -3.845608
v 0.757314 -0.059649 -3.899855
v 0.757314 0.698744 -4.337716
v 0.812256 0.745723 -4.310593
v 0.812256 0.508586 -3.899857
v 0.812256 0.698743 -3.407749
v 0.812256 0.177489 -3.434875
v 0.812256 -0.059649 -3.899855
v 0.812256 0.461606 -3.926980
v 0.812256 0.508586 -3.845609
v 0.812256 0.461606 -3.818485
v 0.757314 0.461606 -3.926980
v 0.757314 0.508586 -3.845609
v 0.812256 0.224469 -3.407750
v 0.812256 -0.059649 -3.845608
v 0.812256 0.414626 -3.899855
v 0.812256 0.224465 -4.337714
v -0.738493 0.698748 -4.337715
v -0.793435 0.698748 -4.337715
v -0.738494 0.982866 -3.899854
v -0.738493 0.745727 -3.434875
v -0.738493 0.224472 -3.407750
v -0.738494 -0.059645 -3.845608
v -0.738493 0.177490 -4.310591
v -0.793435 0.177490 -4.310591
v -0.738493 0.177493 -3.434875
v -0.793435 0.745727 -3.434875
v -0.738493 0.698746 -3.407749
v -0.738493 0.508590 -3.845609
v -0.738493 0.508590 -3.899857
v -0.793435 0.982866 -3.845605
v -0.793435 0.508591 -3.899857
v -0.738493 0.745728 -4.310590
v -0.793435 0.461610 -3.926980
v -0.738493 0.414631 -3.899856
v -0.738493 0.224470 -4.337712
v -0.793435 0.414631 -3.899856
v -0.738493 0.414630 -3.845610
v -0.738494 -0.059645 -3.899856
v -0.793435 0.745728 -4.310590
v -0.793435 0.224472 -3.407751
v -0.793435 0.177493 -3.434875
v -0.793435 0.414630 -3.845610
v -0.793435 -0.059645 -3.845608
v -0.793435 -0.059645 -3.899856
v -0.793435 0.224470 -4.337712
v -0.738494 0.982866 -3.845605
v -0.738493 0.461610 -3.818484
v -0.738493 0.461610 -3.926980
v -0.793435 0.982866 -3.899854
v -0.793435 0.508590 -3.845609
v -0.793435 0.461610 -3.818485
v -0.793435 0.698746 -3.407749
v 1.006832 0.723001 -4.002355
v 1.037544 0.723001 -4.002356
v 1.006832 0.704561 -3.711170
v 1.006832 0.200212 -3.743107
v 1.006832 0.188170 -3.770939
v 1.006832 0.218650 -4.034293
v 1.037544 0.218650 -4.034293
v 1.037544 0.443168 -3.581547
v 1.006832 0.413045 -3.585033
v 1.037544 0.704561 -3.711170
v 1.006832 0.686480 -3.686826
v 1.006832 0.735043 -3.974525
v 1.006832 0.479687 -3.897076
v 1.006832 0.449564 -3.900563
v 1.006832 0.510168 -4.160434
v 1.006832 0.431484 -3.876219
v 1.006832 0.236731 -4.058638
v 1.006832 0.480045 -4.163919
v 1.037544 0.479687 -3.897076
v 1.037544 0.735043 -3.974526
v 1.037544 0.473648 -3.844903
v 1.006832 0.443168 -3.581547
v 1.037544 0.413045 -3.585033
v 1.037544 0.188170 -3.770938
v 1.037544 0.236731 -4.058638
v 1.006832 0.491729 -3.869247
v 1.006832 0.443525 -3.848388
v 1.037544 0.449564 -3.900564
v 1.037544 0.480045 -4.163919
v 1.037544 0.510168 -4.160434
v 1.037544 0.491729 -3.869247
v 1.037544 0.686480 -3.686827
v 1.006832 0.473648 -3.844903
v 1.037544 0.443525 -3.848388
v 1.037544 0.200212 -3.743107
v 1.037544 0.431483 -3.876219
v -0.989220 0.480049 -4.163919
v -1.019932 0.480049 -4.163919
v -0.989220 0.723004 -4.002356
v -1.019932 0.723005 -4.002356
v -0.989220 0.704566 -3.711169
v -0.989220 0.443171 -3.581547
v -0.989220 0.200216 -3.743107
v -0.989220 0.218654 -4.034293
v -0.989220 0.413049 -3.585033
v -1.019932 0.704566 -3.711170
v -0.989220 0.686485 -3.686828
v -1.019932 0.491733 -3.869246
v -0.989220 0.479691 -3.897077
v -0.989220 0.735047 -3.974525
v -1.019932 0.510172 -4.160433
v -0.989220 0.510172 -4.160433
v -0.989220 0.431487 -3.876220
v -1.019932 0.236735 -4.058636
v -0.989220 0.236735 -4.058637
v -0.989220 0.443529 -3.848388
v -0.989220 0.188174 -3.770938
v -1.019932 0.449568 -3.900563
v -1.019932 0.479692 -3.897078
v -1.019932 0.735047 -3.974525
v -1.019932 0.686485 -3.686828
v -1.019932 0.443172 -3.581547
v -1.019932 0.413049 -3.585033
v -1.019932 0.443530 -3.848388
v -1.019932 0.200216 -3.743107
v -1.019932 0.188175 -3.770938
v -1.019932 0.431487 -3.876220
v -1.019932 0.218654 -4.034293
v -0.989220 0.491733 -3.869246
v -0.989220 0.473653 -3.844903
v -0.989220 0.449568 -3.900563
v -1.019932 0.473653 -3.844903
v 0.653229 0.016208 -4.079972
v 0.916333 -0.008060 -4.016753
v 0.916334 0.705504 -4.295177
v 0.916334 0.873042 -4.145261
v 0.916334 0.952789 -3.880895
v 0.916333 0.360188 -3.395596
v 0.916333 0.179500 -3.470559
v 0.916333 -0.014442 -3.745177
v 0.916333 0.166292 -4.265310
v 0.916334 0.394860 -4.507776
v 0.916334 0.936134 -4.299999
v 0.916334 1.096649 -3.939479
v 0.916333 0.888874 -3.398204
v 0.916333 0.621153 -3.408112
v 0.916333 0.328846 -3.248145
v 0.653229 0.034338 -4.347260
v 0.653230 0.201888 -4.456069
v 0.653230 0.936134 -4.299999
v 0.653230 1.014599 -3.553462
v 0.653229 0.328846 -3.248145
v 0.653229 0.142335 -3.319739
v 0.653229 -0.012923 -3.445465
v 0.653229 -0.162982 -4.005493
v 0.850557 -0.040655 -4.162713
v 0.850557 -0.068215 -3.636841
v 0.850557 0.171625 -3.370472
v 0.850557 0.341025 -3.305445
v 0.850558 0.963867 -3.582752
v 0.850558 1.038389 -3.933355
v 0.850558 0.991426 -4.108624
v 0.850558 0.892601 -4.260802
v 0.850558 0.751586 -4.374994
v 0.850558 0.582187 -4.440019
v 0.850558 0.225714 -4.402554
v 0.850557 0.073536 -4.303728
v 0.850557 -0.115178 -3.812110
v 0.850557 0.030611 -3.484663
v 0.719005 -0.040655 -4.162713
v 0.719005 0.073536 -4.303728
v 0.719006 0.225714 -4.402554
v 0.719006 0.400984 -4.449516
v 0.719006 0.582186 -4.440019
v 0.719006 0.751586 -4.374994
v 0.719006 0.892601 -4.260802
v 0.719006 0.991427 -4.108624
v 0.719006 1.038390 -3.933355
v 0.719006 1.028893 -3.752152
v 0.719006 0.963867 -3.582752
v 0.719005 0.697497 -3.342912
v 0.719005 0.522228 -3.295948
v 0.719005 0.341025 -3.305445
v 0.719005 0.171626 -3.370472
v 0.719005 0.030611 -3.484663
v 0.719005 -0.068215 -3.636841
v 0.719005 -0.119904 -3.843894
v 0.916333 -0.162982 -4.005493
v 0.850557 -0.162982 -4.005493
v 0.883446 -0.091386 -4.192003
v 0.850557 -0.121730 -3.613015
v 0.890023 -0.012923 -3.445465
v 0.850557 0.142335 -3.319739
v 0.850557 0.328846 -3.248145
v 0.850557 0.528352 -3.237690
v 0.916333 0.721324 -3.289397
v 0.850557 0.721324 -3.289397
v 0.850558 1.014599 -3.553462
v 0.850558 1.086194 -3.739973
v 0.850558 1.096649 -3.939479
v 0.916334 1.044942 -4.132451
v 0.850558 1.044942 -4.132451
v 0.850558 0.936134 -4.299999
v 0.876868 0.780876 -4.425725
v 0.916334 0.594366 -4.497320
v 0.850558 0.594366 -4.497320
v 0.850558 0.394860 -4.507776
v 0.916334 0.201888 -4.456069
v 0.850558 0.201888 -4.456069
v 0.916333 0.034338 -4.347260
v 0.850557 0.034338 -4.347260
v 0.719005 -0.091387 -4.192003
v 0.653229 -0.091387 -4.192003
v 0.653230 0.394860 -4.507776
v 0.653230 0.594366 -4.497320
v 0.679540 0.780876 -4.425725
v 0.692695 1.044942 -4.132451
v 0.653230 1.096649 -3.939479
v 0.653230 1.086194 -3.739973
v 0.653229 0.721324 -3.289397
v 0.653229 0.528352 -3.237690
v 0.653229 -0.121730 -3.613015
v 0.850557 -0.173437 -3.805987
v 0.850557 -0.105682 -3.993313
v 0.719005 -0.173437 -3.805987
v 0.719005 -0.162982 -4.005493
v 0.719006 0.201888 -4.456069
v 0.719006 0.394860 -4.507776
v 0.719005 0.328846 -3.248145
v 0.719005 0.142335 -3.319739
v 0.719005 -0.012923 -3.445465
v 0.719005 -0.121730 -3.613015
v 0.653229 -0.173437 -3.805987
v 0.916334 0.482961 -4.365780
v 0.839156 0.938743 -3.771314
v 0.838580 0.556318 -3.390682
v 0.838812 0.057138 -3.592368
v 0.839155 0.039162 -4.116631
v 0.838580 0.222568 -4.301921
v 0.653230 0.796338 -4.232291
v 0.653230 0.939439 -3.996132
v 0.653229 0.920713 -3.691701
v 0.653229 0.726624 -3.456419
v 0.653229 0.431307 -3.380154
v 0.653229 0.126874 -3.513174
v 0.653229 -0.016227 -3.749334
v 0.653230 0.224959 -4.302422
v 0.653230 0.491905 -4.365311
v 0.839116 0.782477 -4.247076
v 0.838990 0.941198 -3.987124
v 0.839116 0.835949 -3.551862
v 0.839116 0.272117 -3.417557
v 0.839116 -0.029847 -3.912289
v 0.719355 0.512027 -4.289530
v 0.829621 0.609203 -4.267817
v 0.829685 0.813254 -4.105585
v 0.829704 0.882837 -3.862451
v 0.829737 0.822629 -3.664297
v 0.829685 0.694458 -3.521085
v 0.829775 0.443328 -3.451375
v 0.829737 0.253169 -3.511710
v 0.829775 0.109977 -3.639852
v 0.829620 0.040248 -3.891018
v 0.829775 0.131464 -4.135188
v 0.829670 0.358002 -4.281502
v 0.839052 0.501237 -4.364178
v 0.719015 0.876196 -3.916308
v 0.719015 0.869370 -3.786059
v 0.719015 0.047016 -3.829158
v 0.718977 0.069242 -4.027417
v 0.719132 0.235092 -4.228497
v 0.719015 0.670042 -4.233756
v 0.718977 0.817374 -4.099240
v 0.719500 0.769239 -3.587028
v 0.719015 0.631164 -3.491899
v 0.718977 0.435740 -3.451772
v 0.718977 0.105838 -3.646224
v 0.719015 0.253169 -3.511710
v 0.709816 0.449497 -3.379838
v 0.710163 0.179009 -3.470883
v 0.709635 -0.010884 -3.731861
v 0.710172 -0.007903 -4.017315
v 0.709596 0.135207 -4.235236
v 0.709959 0.334649 -4.347147
v 0.709636 0.651239 -4.327848
v 0.709491 0.877032 -4.142514
v 0.709959 0.952033 -3.846874
v 0.709597 0.884050 -3.628835
v 0.709700 0.741650 -3.466945
v 0.850558 0.849676 -3.441738
v 0.850557 0.697497 -3.342912
v 0.850557 0.522228 -3.295948
v 0.850558 0.400983 -4.449515
v 0.850558 1.028893 -3.752152
v 0.719006 0.849676 -3.441738
v 0.719005 0.888874 -3.398204
v 0.719005 0.721324 -3.289397
v 0.719005 0.528352 -3.237690
v 0.719005 0.034338 -4.347260
v 0.719006 0.594366 -4.497320
v 0.719006 0.936134 -4.299999
v 0.719006 1.096649 -3.939479
v 0.719006 1.086194 -3.739973
v 0.719006 1.014599 -3.553462
v 0.916333 0.528352 -3.237690
v 0.916333 0.142335 -3.319739
v 0.916333 -0.121730 -3.613015
v 0.916334 1.086194 -3.739973
v 0.916334 1.014599 -3.553462
v 0.850557 0.888874 -3.398204
v 0.916333 -0.173437 -3.805987
v 0.653230 0.888874 -3.398204
v 0.916334 0.847938 -3.565650
v -0.634409 0.017594 -4.081261
v -0.634409 0.788009 -3.510229
v -0.897512 0.189080 -4.284166
v -0.897513 0.410622 -4.357855
v -0.897512 0.594371 -4.497320
v -0.897513 0.873046 -4.145260
v -0.897513 0.954657 -3.851376
v -0.897513 0.660015 -3.427108
v -0.897513 0.431309 -3.380153
v -0.897513 0.328850 -3.248145
v -0.897513 0.147567 -3.492037
v -0.897513 -0.173433 -3.805986
v -0.897513 0.039167 -4.116630
v -0.634409 0.034343 -4.347260
v -0.634409 0.394865 -4.507774
v -0.634409 1.086198 -3.739972
v -0.634409 0.528356 -3.237689
v -0.634409 0.328850 -3.248146
v -0.634409 0.142340 -3.319740
v -0.831736 0.030615 -3.484662
v -0.831737 0.341029 -3.305445
v -0.831737 0.522233 -3.295947
v -0.831737 0.892605 -4.260801
v -0.831736 0.582192 -4.440020
v -0.831736 -0.068210 -3.636841
v -0.831737 0.171630 -3.370471
v -0.831737 0.697501 -3.342911
v -0.831737 1.028898 -3.752151
v -0.831737 1.038394 -3.933354
v -0.831736 0.225719 -4.402552
v -0.700185 -0.040650 -4.162713
v -0.700185 0.073541 -4.303727
v -0.700185 0.225719 -4.402552
v -0.700185 0.400988 -4.449515
v -0.700185 0.582190 -4.440020
v -0.700185 0.751589 -4.374992
v -0.700185 0.991431 -4.108622
v -0.700185 1.038394 -3.933354
v -0.700185 1.028898 -3.752151
v -0.700185 0.849679 -3.441737
v -0.700185 0.697502 -3.342911
v -0.700185 0.522233 -3.295947
v -0.700185 0.341029 -3.305445
v -0.700185 0.171629 -3.370472
v -0.700185 0.030614 -3.484662
v -0.700185 -0.068210 -3.636840
v -0.700185 -0.115174 -3.812109
v -0.700184 -0.105677 -3.993312
v -0.897513 -0.162977 -4.005494
v -0.831737 -0.162977 -4.005494
v -0.897513 -0.121726 -3.613014
v -0.831736 -0.121726 -3.613013
v -0.897513 -0.012918 -3.445464
v -0.831736 -0.012919 -3.445466
v -0.897513 0.142340 -3.319740
v -0.831737 0.142340 -3.319740
v -0.831737 0.328850 -3.248145
v -0.897513 0.584841 -3.241587
v -0.831737 0.528356 -3.237689
v -0.831737 0.721328 -3.289396
v -0.858047 0.888877 -3.398203
v -0.897512 1.086198 -3.739971
v -0.831736 1.086198 -3.739970
v -0.897513 1.096653 -3.939478
v -0.831737 1.096653 -3.939478
v -0.831737 1.044947 -4.132451
v -0.897512 0.936139 -4.299999
v -0.831737 0.936139 -4.299999
v -0.897512 0.780881 -4.425724
v -0.831737 0.780881 -4.425724
v -0.831736 0.594371 -4.497320
v -0.897513 0.394865 -4.507774
v -0.831737 0.394865 -4.507774
v -0.897513 0.201893 -4.456069
v -0.831736 0.201893 -4.456069
v -0.831737 -0.051375 -4.264393
v -0.634409 -0.091382 -4.192003
v -0.634408 0.201893 -4.456069
v -0.667296 0.594372 -4.497318
v -0.634409 0.780881 -4.425724
v -0.673874 1.044947 -4.132451
v -0.634409 1.096653 -3.939477
v -0.700185 0.888877 -3.398203
v -0.667297 0.721328 -3.289396
v -0.634409 -0.012918 -3.445464
v -0.634408 -0.121726 -3.613014
v -0.673874 -0.162977 -4.005494
v -0.831736 -0.173433 -3.805986
v -0.897513 -0.091382 -4.192003
v -0.897512 0.034343 -4.347260
v -0.831737 -0.115174 -3.812109
v -0.831737 -0.105677 -3.993313
v -0.831737 -0.040650 -4.162713
v -0.831737 0.400988 -4.449515
v -0.831737 0.751591 -4.374992
v -0.831737 0.991431 -4.108624
v -0.831737 0.849680 -3.441739
v -0.831737 0.073541 -4.303728
v -0.700185 -0.173433 -3.805986
v -0.634409 -0.173433 -3.805986
v -0.634409 0.888878 -3.398204
v -0.700185 -0.012918 -3.445464
v -0.634408 0.521069 -4.360372
v -0.634410 0.771767 -4.255740
v -0.634409 0.907234 -4.071136
v -0.634409 0.954189 -3.842433
v -0.634412 0.589167 -3.396684
v -0.634409 0.360192 -3.395595
v -0.634409 0.217712 -3.450288
v -0.634409 0.032151 -3.634209
v -0.634408 -0.023514 -3.821743
v -0.634409 0.196591 -4.289044
v -0.820295 0.782481 -4.247075
v -0.819886 0.935984 -3.999839
v -0.820622 0.924049 -3.695216
v -0.820066 0.588718 -3.398357
v -0.820335 0.360192 -3.395595
v -0.820231 0.162221 -3.480998
v -0.820231 -0.010856 -3.731789
v -0.820334 -0.015526 -3.974150
v -0.820169 0.087168 -4.193492
v -0.820334 0.263206 -4.318356
v -0.690815 0.625366 -4.337785
v -0.700194 0.548283 -4.280495
v -0.810863 0.616264 -4.265108
v -0.810916 0.771408 -4.151675
v -0.810954 0.869960 -3.978214
v -0.810609 0.691765 -3.518592
v -0.810727 0.451517 -3.451496
v -0.810881 0.202092 -3.539951
v -0.810881 0.053253 -3.767276
v -0.810916 0.053847 -3.959405
v -0.700335 0.072564 -4.034556
v -0.810916 0.100587 -4.081170
v -0.810954 0.235102 -4.228500
v -0.810916 0.418035 -4.287322
v -0.820334 0.788009 -3.510228
v -0.820231 0.501240 -4.364177
v -0.700194 0.182668 -4.182530
v -0.700156 0.348788 -4.279117
v -0.700228 0.715334 -4.209707
v -0.700194 0.842443 -4.042289
v -0.700156 0.882968 -3.854455
v -0.700282 0.697108 -3.522318
v -0.700686 0.411289 -3.455920
v -0.700559 0.177939 -3.563721
v -0.700229 0.055234 -3.759882
v -0.690776 0.512598 -3.387607
v -0.691044 0.285614 -3.414241
v -0.690775 0.099107 -3.546332
v -0.690583 -0.016871 -3.744608
v -0.690775 -0.015526 -3.974151
v -0.691044 0.079948 -4.181797
v -0.690996 0.347480 -4.352384
v -0.690776 0.824113 -4.199131
v -0.691138 0.936025 -3.999686
v -0.690289 0.920822 -3.678404
v -0.691196 0.741741 -3.467008
v -0.897512 0.884054 -3.628834
v -0.810842 0.852495 -3.711494
v -0.700194 0.822634 -3.664296
v -0.634409 0.884054 -3.628834
v -0.634408 1.014603 -3.553460
v -0.700185 0.963871 -3.582752
v -0.831737 0.963871 -3.582752
v -0.831737 1.014603 -3.553461
v -0.897512 1.014602 -3.553461
v -0.897512 0.788009 -3.510229
v -0.897513 0.015986 -3.674327
v -0.897513 -0.030555 -3.898523
v -0.897513 0.634281 -4.335048
v -0.897513 1.044947 -4.132451
v -0.700185 0.892606 -4.260798
v -0.634409 0.936139 -4.299999
v -0.700185 0.394865 -4.507774
v -0.700185 0.936139 -4.299999
v -0.700185 1.096653 -3.939478
v -0.700185 1.086198 -3.739972
v -0.700185 1.014603 -3.553461
v -0.700184 0.528356 -3.237689
v -0.700185 0.328850 -3.248145
v -0.700185 0.142340 -3.319740
v -0.700184 -0.121726 -3.613014
v -0.700185 -0.091382 -4.192003
v -0.700185 0.034343 -4.347259
v -0.700185 0.201893 -4.456069
v -0.700185 0.780881 -4.425725
v 1.072497 0.193440 -3.928817
v 1.072497 0.729985 -3.815714
v 1.072497 0.230291 -3.718834
v 0.976069 0.198875 -4.114344
v 0.976069 0.502644 -4.227301
v 0.975158 0.811503 -3.943272
v 0.978165 0.636817 -3.561758
v 0.975158 0.420568 -3.518162
v 0.978165 0.219995 -3.610001
v 0.978165 0.111709 -3.802194
v 1.025780 0.139565 -3.910006
v 0.997032 0.181554 -4.042172
v 1.017156 0.302470 -4.155179
v 1.022187 0.397539 -4.190529
v 1.025780 0.498879 -4.194774
v 1.022187 0.596571 -4.167493
v 1.017156 0.681052 -4.111361
v 0.997032 0.744052 -4.031869
v 0.997032 0.779404 -3.936800
v 1.022187 0.783647 -3.835460
v 1.027218 0.756368 -3.737767
v 1.022187 0.620742 -3.590287
v 0.997032 0.475322 -3.545194
v 1.022187 0.326641 -3.577971
v 1.017156 0.242161 -3.634104
v 1.022187 0.143809 -3.808666
v 1.059920 0.111709 -3.802194
v 1.059920 0.107037 -3.913771
v 1.059920 0.219995 -3.610001
v 1.066208 0.313009 -3.548198
v 1.067923 0.420568 -3.518162
v 1.065636 0.532145 -3.522834
v 1.059920 0.636816 -3.561758
v 1.066208 0.786141 -3.724135
v 1.057404 0.816176 -3.831695
v 1.066208 0.811503 -3.943272
v 1.066692 0.772580 -4.047942
v 1.067201 0.703217 -4.135463
v 1.066208 0.610204 -4.197267
v 1.059919 0.502644 -4.227301
v 1.066208 0.391068 -4.222630
v 1.059919 0.286396 -4.183707
v 1.069353 0.198875 -4.114344
v 1.066692 0.137072 -4.021330
v 0.978165 0.107037 -3.913771
v 0.984454 0.137072 -4.021330
v 0.982657 0.286396 -4.183707
v 0.984454 0.391068 -4.222630
v 0.984454 0.610204 -4.197266
v 0.978737 0.703217 -4.135463
v 0.984454 0.772580 -4.047942
v 0.977682 0.816176 -3.831695
v 0.979617 0.786141 -3.724135
v 0.981939 0.532145 -3.522834
v 0.984454 0.313009 -3.548198
v 1.059920 0.150631 -3.697521
v 1.022187 0.179161 -3.713596
v 0.978165 0.150632 -3.697521
v 1.042998 0.678111 -4.044331
v 1.042981 0.709526 -3.759216
v 1.042828 0.617033 -3.646345
v 1.042425 0.429851 -3.598364
v 1.042768 0.189220 -3.843329
v 1.042981 0.213687 -3.986249
v 0.987766 0.450055 -4.148563
v 0.971877 0.720372 -3.780824
v 1.042886 0.473965 -4.153231
v 1.043055 0.738253 -3.884338
v 1.042966 0.250540 -3.695507
v 1.043055 0.289641 -4.089748
v 0.997035 0.415555 -4.101164
v 1.039394 0.381438 -4.094440
v 1.039307 0.524928 -4.099494
v 1.039379 0.619343 -4.044257
v 1.039394 0.681827 -3.956897
v 1.039379 0.693088 -3.845941
v 1.039303 0.661353 -3.748351
v 1.039394 0.545771 -3.652512
v 1.039379 0.434815 -3.641251
v 1.039425 0.330946 -3.676088
v 1.039307 0.240933 -3.790673
v 1.039379 0.230124 -3.899525
v 1.039366 0.266437 -4.004982
v 0.997035 0.233175 -3.826681
v 0.997049 0.234845 -3.936054
v 0.997049 0.313503 -4.056162
v 0.997021 0.525098 -4.100130
v 0.997080 0.646116 -4.018974
v 0.997334 0.699469 -3.865327
v 0.997035 0.633131 -3.714995
v 0.997021 0.541775 -3.651026
v 0.997080 0.398293 -3.645968
v 0.997066 0.278185 -3.724621
v 0.988431 0.595542 -3.635014
v 0.987378 0.473081 -3.596875
v 0.986229 0.308981 -3.642705
v 0.987766 0.202845 -3.776511
v 0.988268 0.195702 -3.946984
v 0.985231 0.290153 -4.089232
v 0.987242 0.575216 -4.120855
v 0.984784 0.678121 -4.044190
v 0.990198 0.736715 -3.888937
v 0.990398 0.684709 -3.710571
v 1.047342 0.193981 -4.061807
v 1.022187 0.700234 -3.653286
v 1.047342 0.475342 -3.544729
v 1.047342 0.771689 -3.977686
v 1.066692 0.724337 -3.631121
v 0.984454 0.724338 -3.631122
v 1.072497 0.646595 -3.669788
v 1.072497 0.515492 -3.605438
v 1.072497 0.377989 -3.609805
v 1.072497 0.260900 -4.057305
v 1.072497 0.356299 -4.127748
v 1.072497 0.535908 -4.138815
v 1.072497 0.717190 -3.990221
v -1.054884 0.190747 -3.904083
v -1.047144 0.502649 -4.227302
v -1.054885 0.612189 -4.103878
v -1.048596 0.150636 -3.697521
v -1.054885 0.202180 -3.778936
v -0.958457 0.198879 -4.114343
v -0.960553 0.286401 -4.183707
v -0.961451 0.502649 -4.227301
v -0.960553 0.816181 -3.831691
v -0.960553 0.786147 -3.724138
v -0.961124 0.724342 -3.631121
v -0.959055 0.636818 -3.561756
v -0.961451 0.313012 -3.548197
v -1.009605 0.139570 -3.910006
v -1.029729 0.151575 -3.765124
v -1.029729 0.472359 -3.544920
v -1.009606 0.744056 -4.031868
v -1.004574 0.166849 -4.007698
v -1.008168 0.222983 -4.092179
v -1.004574 0.302478 -4.155182
v -1.000981 0.397538 -4.190530
v -1.004574 0.498884 -4.194773
v -1.004574 0.596575 -4.167493
v -0.999543 0.681057 -4.111359
v -1.004574 0.779408 -3.936801
v -1.004574 0.783652 -3.835458
v -0.999543 0.756372 -3.737766
v -1.004574 0.700239 -3.653287
v -1.009605 0.620746 -3.590287
v -0.979419 0.525677 -3.554934
v -0.979419 0.424337 -3.550691
v -1.004574 0.326646 -3.577971
v -1.004574 0.242165 -3.634105
v -0.979420 0.160029 -3.746499
v -1.042307 0.111713 -3.802195
v -1.029729 0.107041 -3.913770
v -1.048024 0.219999 -3.610001
v -1.047697 0.313013 -3.548197
v -1.051111 0.435791 -3.515779
v -1.029729 0.532148 -3.522835
v -1.044104 0.636820 -3.561758
v -1.048596 0.724341 -3.631121
v -1.040510 0.786144 -3.724134
v -1.042307 0.816179 -3.831695
v -1.051925 0.811507 -3.943273
v -1.042307 0.703221 -4.135463
v -1.042307 0.610208 -4.197267
v -1.049079 0.391070 -4.222628
v -1.048596 0.286401 -4.183708
v -1.050311 0.198879 -4.114344
v -1.051291 0.130107 -4.007593
v -0.966841 0.107041 -3.913771
v -0.966841 0.137076 -4.021330
v -0.964326 0.391070 -4.222628
v -0.966842 0.610210 -4.197266
v -0.965045 0.703221 -4.135463
v -0.966841 0.811508 -3.943268
v -0.966841 0.532151 -3.522835
v -0.966842 0.420572 -3.518162
v -0.966841 0.220000 -3.610000
v -0.966841 0.111713 -3.802196
v -0.958703 0.150636 -3.697521
v -0.954264 0.469057 -4.147234
v -0.954264 0.616359 -4.101107
v -0.954264 0.721040 -3.966531
v -0.954266 0.726951 -3.798637
v -0.954264 0.387517 -3.607392
v -0.954264 0.203925 -3.774244
v -0.954263 0.195248 -3.944515
v -1.025280 0.505129 -4.150234
v -1.025329 0.682374 -4.037720
v -1.025327 0.739118 -3.829246
v -1.025055 0.598552 -3.629678
v -1.025353 0.395026 -3.605292
v -1.025329 0.250559 -3.695489
v -1.025281 0.181504 -3.893750
v -1.025410 0.289629 -4.089736
v -0.979578 0.438920 -4.106416
v -1.021680 0.379838 -4.092632
v -1.021558 0.504967 -4.102799
v -0.979551 0.581184 -4.075092
v -1.021754 0.645591 -4.020175
v -0.979541 0.681523 -3.954468
v -1.021767 0.690041 -3.918783
v -1.021722 0.689243 -3.811378
v -1.021767 0.633135 -3.714995
v -1.021753 0.543670 -3.652059
v -1.021695 0.404756 -3.644164
v -1.021712 0.226653 -3.856257
v -1.021677 0.272983 -4.012969
v -1.021746 0.278171 -3.724640
v -0.979435 0.225993 -3.864147
v -0.979423 0.249737 -3.969745
v -0.979648 0.333592 -4.068641
v -0.979436 0.688094 -3.807267
v -0.979731 0.560260 -3.656266
v -0.979559 0.383162 -3.651553
v -0.979435 0.275524 -3.727981
v -0.971879 0.595598 -3.635104
v -0.972975 0.485479 -3.598393
v -0.972053 0.292493 -3.656784
v -0.975862 0.184246 -3.828336
v -0.972963 0.245641 -4.041755
v -0.972940 0.361189 -4.129373
v -0.975747 0.536103 -4.139414
v -0.975923 0.676761 -4.043246
v -0.975747 0.738257 -3.884337
v -0.972106 0.677710 -3.703798
v -1.048596 0.772585 -4.047943
v -0.968639 0.772585 -4.047942
v -1.054884 0.662317 -3.688160
v -1.054884 0.557897 -3.613792
v -1.054884 0.385008 -3.607715
v -1.054884 0.277037 -3.672025
v -1.054885 0.232152 -4.025193
v -1.054885 0.327763 -4.110293
v -1.054885 0.447566 -4.148240
v -1.054885 0.719295 -3.971224
v -1.054885 0.727974 -3.800952
v 0.464622 1.054913 -3.923471
v 0.464622 1.046625 -3.939738
v 0.464622 1.033716 -3.952647
v 0.464622 1.017449 -3.960936
v 0.464622 0.999417 -3.963791
v 0.464622 0.981385 -3.960936
v 0.464622 0.965118 -3.952647
v 0.464622 0.952209 -3.939738
v 0.464622 0.943920 -3.923471
v 0.464622 0.941064 -3.905439
v 0.464622 0.943920 -3.887407
v 0.464622 0.952209 -3.871140
v 0.464622 0.965118 -3.858231
v 0.464622 0.981385 -3.849943
v 0.464622 0.999417 -3.847087
v 0.464622 1.017449 -3.849943
v 0.464622 1.033715 -3.858231
v 0.464622 1.046625 -3.871140
v 0.464622 1.054913 -3.887407
v 0.464622 1.057769 -3.905439
v 0.464622 1.110410 -3.941503
v 0.464622 1.093833 -3.974037
v 0.464622 1.068014 -3.999856
v 0.464622 1.035481 -4.016432
v 0.464622 0.999417 -4.022144
v 0.464622 0.963353 -4.016432
v 0.464622 0.930819 -3.999856
v 0.464622 0.905001 -3.974037
v 0.464622 0.888424 -3.941503
v 0.464622 0.882712 -3.905439
v 0.464622 0.888424 -3.869375
v 0.464622 0.905001 -3.836842
v 0.464622 0.930819 -3.811023
v 0.464622 0.963353 -3.794446
v 0.464622 0.999417 -3.788734
v 0.464622 1.035480 -3.794446
v 0.464622 1.068014 -3.811023
v 0.464622 1.093833 -3.836842
v 0.464622 1.110410 -3.869375
v 0.464622 1.116122 -3.905439
v -0.464622 1.110410 -3.941503
v -0.464622 1.093833 -3.974036
v -0.464622 1.068015 -3.999856
v -0.464622 1.035481 -4.016432
v -0.464622 0.999417 -4.022144
v -0.464622 0.963353 -4.016432
v -0.464622 0.930820 -3.999856
v -0.464622 0.905001 -3.974037
v -0.464622 0.888424 -3.941503
v -0.464622 0.882712 -3.905439
v -0.464622 0.888424 -3.869375
v -0.464622 0.905001 -3.836842
v -0.464622 0.930820 -3.811023
v -0.464622 0.963353 -3.794446
v -0.464622 0.999417 -3.788734
v -0.464622 1.035481 -3.794446
v -0.464622 1.068015 -3.811023
v -0.464622 1.093833 -3.836842
v -0.464622 1.110410 -3.869375
v -0.464622 1.116122 -3.905439
v -0.464622 1.054914 -3.923471
v -0.464622 1.046625 -3.939738
v -0.464622 1.033716 -3.952647
v -0.464622 1.017449 -3.960936
v -0.464622 0.999417 -3.963791
v -0.464622 0.981385 -3.960936
v -0.464622 0.965118 -3.952647
v -0.464622 0.952209 -3.939738
v -0.464622 0.943921 -3.923471
v -0.464622 0.941065 -3.905439
v -0.464622 0.943921 -3.887407
v -0.464622 0.952209 -3.871140
v -0.464622 0.965118 -3.858231
v -0.464622 0.981385 -3.849943
v -0.464622 0.999417 -3.847087
v -0.464622 1.017449 -3.849942
v -0.464622 1.033716 -3.858231
v -0.464622 1.046625 -3.871140
v -0.464622 1.054914 -3.887407
v -0.464622 1.057770 -3.905439
v 0.464622 0.999417 -3.905439
v -0.464622 0.999417 -3.905439
v 0.461177 1.110410 -3.869375
v 0.461177 1.093833 -3.836842
v 0.461177 1.068014 -3.811023
v 0.461177 1.035481 -3.794446
v 0.461177 0.999417 -3.788734
v 0.461177 0.963353 -3.794446
v 0.461177 0.930819 -3.811023
v 0.461177 0.905001 -3.836842
v 0.461177 0.888424 -3.869375
v 0.461177 0.882712 -3.905439
v 0.461177 0.888424 -3.941503
v 0.461177 0.905001 -3.974037
v 0.461177 0.930819 -3.999856
v 0.461177 0.963353 -4.016432
v 0.461177 0.999417 -4.022144
v 0.461177 1.035481 -4.016432
v 0.461177 1.068014 -3.999856
v 0.461177 1.093833 -3.974037
v 0.461177 1.110410 -3.941503
v 0.461177 1.116122 -3.905439
v -0.462458 1.110410 -3.869375
v -0.462458 1.093833 -3.836842
v -0.462459 1.068015 -3.811023
v -0.462459 1.035481 -3.794446
v -0.462459 0.999417 -3.788734
v -0.462459 0.963353 -3.794446
v -0.462459 0.930820 -3.811023
v -0.462459 0.905001 -3.836842
v -0.462459 0.888424 -3.869375
v -0.462459 0.882712 -3.905439
v -0.462459 0.888424 -3.941503
v -0.462459 0.905001 -3.974037
v -0.462459 0.930820 -3.999856
v -0.462459 0.963353 -4.016432
v -0.462459 0.999417 -4.022144
v -0.462459 1.035481 -4.016432
v -0.462459 1.068015 -3.999856
v -0.462458 1.093833 -3.974036
v -0.462458 1.110410 -3.941503
v -0.462458 1.116122 -3.905439
v -0.457435 1.110410 -3.869375
v -0.457435 1.093833 -3.836842
v -0.457435 1.068015 -3.811023
v -0.457435 1.035481 -3.794446
v -0.457435 0.999417 -3.788734
v -0.457435 0.963353 -3.794446
v -0.457435 0.930820 -3.811023
v -0.457435 0.905001 -3.836842
v -0.457435 0.888424 -3.869375
v -0.457435 0.882712 -3.905439
v -0.457435 0.888424 -3.941503
v -0.457435 0.905001 -3.974037
v -0.457435 0.930820 -3.999856
v -0.457435 0.963353 -4.016432
v -0.457435 0.999417 -4.022144
v -0.457435 1.035481 -4.016432
v -0.457435 1.068015 -3.999856
v -0.457435 1.093833 -3.974036
v -0.457435 1.110410 -3.941503
v -0.457435 1.116122 -3.905439
v 0.456512 1.116122 -3.905439
v 0.456512 1.110410 -3.869375
v 0.456512 1.093833 -3.836842
v 0.456512 1.068014 -3.811023
v 0.456512 1.035481 -3.794446
v 0.456512 0.999417 -3.788734
v 0.456512 0.963353 -3.794446
v 0.456512 0.930819 -3.811023
v 0.456512 0.905001 -3.836842
v 0.456512 0.888424 -3.869375
v 0.456512 0.882712 -3.905439
v 0.456512 0.888424 -3.941503
v 0.456512 0.905001 -3.974037
v 0.456512 0.930819 -3.999856
v 0.456512 0.963353 -4.016432
v 0.456512 0.999417 -4.022144
v 0.456512 1.035481 -4.016432
v 0.456512 1.068014 -3.999856
v 0.456512 1.093833 -3.974037
v 0.456512 1.110410 -3.941503
v 0.061035 1.126209 -3.887406
v 0.061035 1.120751 -3.921860
v 0.061035 1.104915 -3.952941
v 0.061035 1.080248 -3.977608
v 0.061035 1.049166 -3.993445
v 0.061035 1.014712 -3.998902
v 0.061035 0.980258 -3.993445
v 0.061035 0.949176 -3.977608
v 0.061035 0.924509 -3.952941
v 0.061035 0.908673 -3.921860
v 0.061035 0.903215 -3.887405
v 0.061035 0.908673 -3.852952
v 0.061035 0.924509 -3.821869
v 0.061035 0.949176 -3.797203
v 0.061035 0.980258 -3.781366
v 0.061035 1.014712 -3.775909
v 0.061035 1.049166 -3.781366
v 0.061035 1.080248 -3.797203
v 0.061035 1.104915 -3.821870
v 0.061035 1.120752 -3.852952
v 0.007035 1.126209 -3.887406
v 0.007035 1.120752 -3.921860
v 0.007035 1.104915 -3.952941
v 0.007035 1.080248 -3.977608
v 0.007035 1.049166 -3.993445
v 0.007035 1.014712 -3.998902
v 0.007035 0.980258 -3.993445
v 0.007035 0.949176 -3.977608
v 0.007035 0.924509 -3.952941
v 0.007035 0.908673 -3.921860
v 0.007035 0.903215 -3.887405
v 0.007035 0.908673 -3.852952
v 0.007035 0.924509 -3.821869
v 0.007035 0.949176 -3.797203
v 0.007035 0.980258 -3.781366
v 0.007035 1.014712 -3.775909
v 0.007035 1.049166 -3.781366
v 0.007035 1.080248 -3.797203
v 0.007035 1.104915 -3.821870
v 0.007035 1.120752 -3.852952
v 0.007035 1.237705 -3.887405
v 0.007035 1.226791 -3.956315
v 0.007035 1.195117 -4.018477
v 0.007035 1.145784 -4.067811
v 0.007035 1.083621 -4.099485
v 0.007035 1.014712 -4.110399
v 0.007035 0.945803 -4.099484
v 0.007035 0.883640 -4.067811
v 0.007035 0.834307 -4.018478
v 0.007035 0.802633 -3.956314
v 0.007035 0.791719 -3.887406
v 0.007035 0.802633 -3.818497
v 0.007035 0.834307 -3.756334
v 0.007035 0.883640 -3.707000
v 0.007035 0.945803 -3.675326
v 0.007035 1.014712 -3.664412
v 0.007035 1.083621 -3.675327
v 0.007035 1.145784 -3.707000
v 0.007035 1.195117 -3.756334
v 0.007035 1.226791 -3.818497
v 0.061035 1.237705 -3.887406
v 0.061035 1.226791 -3.956315
v 0.061035 1.195117 -4.018477
v 0.061035 1.145784 -4.067811
v 0.061035 1.083621 -4.099485
v 0.061035 1.014712 -4.110399
v 0.061035 0.945803 -4.099484
v 0.061035 0.883640 -4.067811
v 0.061035 0.834307 -4.018478
v 0.061035 0.802633 -3.956314
v 0.061035 0.791719 -3.887406
v 0.061035 0.802633 -3.818497
v 0.061035 0.834307 -3.756334
v 0.061035 0.883640 -3.707000
v 0.061035 0.945803 -3.675326
v 0.061035 1.014712 -3.664412
v 0.061035 1.083621 -3.675327
v 0.061035 1.145784 -3.707000
v 0.061035 1.195117 -3.756334
v 0.061035 1.226791 -3.818497
v 0.061035 1.191303 -3.759105
v 0.061035 1.222308 -3.819954
v 0.061035 1.232991 -3.887405
v 0.061035 1.222307 -3.954858
v 0.061035 1.191303 -4.015707
v 0.061035 1.143013 -4.063997
v 0.061035 1.082164 -4.095001
v 0.061035 1.014712 -4.105684
v 0.061035 0.947260 -4.095001
v 0.061035 0.886411 -4.063997
v 0.061035 0.838121 -4.015707
v 0.061035 0.807116 -3.954857
v 0.061035 0.796433 -3.887406
v 0.061035 0.807116 -3.819953
v 0.061035 0.838121 -3.759104
v 0.061035 0.886411 -3.710814
v 0.061035 0.947260 -3.679810
v 0.061035 1.014712 -3.669127
v 0.061035 1.082164 -3.679810
v 0.061035 1.143013 -3.710814
v 0.061035 1.106291 -3.820870
v 0.061035 1.122369 -3.852426
v 0.061035 1.127909 -3.887406
v 0.061035 1.122369 -3.922386
v 0.061035 1.106291 -3.953941
v 0.061035 1.081248 -3.978984
v 0.061035 1.049692 -3.995063
v 0.061035 1.014712 -4.000603
v 0.061035 0.979732 -3.995063
v 0.061035 0.948176 -3.978984
v 0.061035 0.923133 -3.953941
v 0.061035 0.907055 -3.922386
v 0.061035 0.901514 -3.887405
v 0.061035 0.907055 -3.852426
v 0.061035 0.923133 -3.820870
v 0.061035 0.948176 -3.795827
v 0.061035 0.979732 -3.779748
v 0.061035 1.014712 -3.774209
v 0.061035 1.049692 -3.779748
v 0.061035 1.081248 -3.795827
v 0.061035 1.172461 -3.772794
v 0.061035 1.200157 -3.827151
v 0.061035 1.209700 -3.887406
v 0.061035 1.200157 -3.947660
v 0.061035 1.172461 -4.002017
v 0.061035 1.129323 -4.045155
v 0.061035 1.074967 -4.072851
v 0.061035 1.014712 -4.082394
v 0.061035 0.954457 -4.072851
v 0.061035 0.900101 -4.045155
v 0.061035 0.856963 -4.002017
v 0.061035 0.829267 -3.947660
v 0.061035 0.819724 -3.887405
v 0.061035 0.829267 -3.827151
v 0.061035 0.856963 -3.772794
v 0.061035 0.900101 -3.729657
v 0.061035 0.954457 -3.701961
v 0.061035 1.014712 -3.692417
v 0.061035 1.074967 -3.701961
v 0.061035 1.129323 -3.729657
v 0.007598 1.195117 -3.756334
v 0.007598 1.226791 -3.818497
v 0.007598 1.237705 -3.887405
v 0.007598 1.226791 -3.956315
v 0.007598 1.195117 -4.018477
v 0.007598 1.145784 -4.067811
v 0.007598 1.083621 -4.099485
v 0.007598 1.014712 -4.110399
v 0.007598 0.945803 -4.099484
v 0.007598 0.883640 -4.067811
v 0.007598 0.834307 -4.018477
v 0.007598 0.802633 -3.956314
v 0.007598 0.791719 -3.887406
v 0.007598 0.802633 -3.818497
v 0.007598 0.834307 -3.756334
v 0.007598 0.883640 -3.707000
v 0.007598 0.945803 -3.675326
v 0.007598 1.014712 -3.664412
v 0.007598 1.083621 -3.675327
v 0.007598 1.145784 -3.707000
v 0.060640 1.195117 -3.756334
v 0.060640 1.226791 -3.818497
v 0.060640 1.237705 -3.887406
v 0.060640 1.226791 -3.956315
v 0.060640 1.195117 -4.018477
v 0.060640 1.145784 -4.067811
v 0.060640 1.083621 -4.099485
v 0.060640 1.014712 -4.110399
v 0.060640 0.945803 -4.099484
v 0.060640 0.883640 -4.067811
v 0.060640 0.834307 -4.018478
v 0.060640 0.802633 -3.956314
v 0.060640 0.791719 -3.887406
v 0.060640 0.802633 -3.818497
v 0.060640 0.834307 -3.756334
v 0.060640 0.883640 -3.707000
v 0.060640 0.945803 -3.675326
v 0.060640 1.014712 -3.664412
v 0.060640 1.083621 -3.675327
v 0.060640 1.145784 -3.707000
v 0.007035 1.189111 -3.760697
v 0.007035 1.219731 -3.820791
v 0.007035 1.230281 -3.887406
v 0.007035 1.219731 -3.954021
v 0.007035 1.189111 -4.014114
v 0.007035 1.141421 -4.061805
v 0.007035 1.081327 -4.092424
v 0.007035 1.014712 -4.102975
v 0.007035 0.948097 -4.092424
v 0.007035 0.888004 -4.061805
v 0.007035 0.840313 -4.014114
v 0.007035 0.809693 -3.954021
v 0.007035 0.799143 -3.887405
v 0.007035 0.809693 -3.820791
v 0.007035 0.840313 -3.760697
v 0.007035 0.888003 -3.713006
v 0.007035 0.948097 -3.682387
v 0.007035 1.014712 -3.671836
v 0.007035 1.081327 -3.682387
v 0.007035 1.141421 -3.713006
v 0.007035 1.106726 -3.820553
v 0.007035 1.122881 -3.852259
v 0.007035 1.128448 -3.887406
v 0.007035 1.122881 -3.922552
v 0.007035 1.106726 -3.954258
v 0.007035 1.081564 -3.979420
v 0.007035 1.049858 -3.995575
v 0.007035 1.014712 -4.001142
v 0.007035 0.979566 -3.995574
v 0.007035 0.947860 -3.979420
v 0.007035 0.922698 -3.954258
v 0.007035 0.906543 -3.922552
v 0.007035 0.900976 -3.887405
v 0.007035 0.906543 -3.852260
v 0.007035 0.922698 -3.820553
v 0.007035 0.947860 -3.795392
v 0.007035 0.979566 -3.779236
v 0.007035 1.014712 -3.773670
v 0.007035 1.049858 -3.779236
v 0.007035 1.081564 -3.795392
v 0.007035 1.117033 -3.813065
v 0.007035 1.134997 -3.848322
v 0.007035 1.141187 -3.887406
v 0.007035 1.134997 -3.926489
v 0.007035 1.117033 -3.961746
v 0.007035 1.089052 -3.989727
v 0.007035 1.053795 -4.007691
v 0.007035 1.014712 -4.013881
v 0.007035 0.975629 -4.007691
v 0.007035 0.940371 -3.989727
v 0.007035 0.912391 -3.961746
v 0.007035 0.894427 -3.926489
v 0.007035 0.888236 -3.887406
v 0.007035 0.894427 -3.848322
v 0.007035 0.912391 -3.813065
v 0.007035 0.940372 -3.785085
v 0.007035 0.975629 -3.767120
v 0.007035 1.014712 -3.760930
v 0.007035 1.053795 -3.767120
v 0.007035 1.089052 -3.785085
v -0.001961 1.126209 -3.887406
v -0.001961 1.120751 -3.921860
v -0.001961 1.104915 -3.952941
v -0.001961 1.080248 -3.977608
v -0.001961 1.049166 -3.993445
v -0.001961 1.014712 -3.998902
v -0.001961 0.980258 -3.993445
v -0.001961 0.949176 -3.977608
v -0.001961 0.924509 -3.952941
v -0.001961 0.908673 -3.921860
v -0.001961 0.903215 -3.887405
v -0.001961 0.908673 -3.852952
v -0.001961 0.924509 -3.821869
v -0.001961 0.949176 -3.797203
v -0.001961 0.980258 -3.781366
v -0.001961 1.014712 -3.775909
v -0.001961 1.049166 -3.781366
v -0.001961 1.080248 -3.797203
v -0.001961 1.104915 -3.821870
v -0.001961 1.120752 -3.852952
v -0.055961 1.126209 -3.887406
v -0.055961 1.120752 -3.921860
v -0.055961 1.104915 -3.952941
v -0.055961 1.080248 -3.977608
v -0.055961 1.049166 -3.993445
v -0.055962 1.014712 -3.998902
v -0.055962 0.980258 -3.993445
v -0.055962 0.949176 -3.977608
v -0.055962 0.924509 -3.952941
v -0.055962 0.908673 -3.921860
v -0.055962 0.903215 -3.887405
v -0.055962 0.908673 -3.852952
v -0.055962 0.924509 -3.821869
v -0.055961 0.949176 -3.797203
v -0.055961 0.980258 -3.781366
v -0.055961 1.014712 -3.775909
v -0.055961 1.049166 -3.781366
v -0.055961 1.080248 -3.797203
v -0.055961 1.104915 -3.821870
v -0.055961 1.120752 -3.852952
v -0.055961 1.237705 -3.887405
v -0.055961 1.226791 -3.956315
v -0.055961 1.195117 -4.018477
v -0.055961 1.145784 -4.067811
v -0.055962 1.083621 -4.099485
v -0.055962 1.014712 -4.110399
v -0.055962 0.945803 -4.099484
v -0.055962 0.883640 -4.067811
v -0.055962 0.834307 -4.018477
v -0.055962 0.802633 -3.956314
v -0.055962 0.791719 -3.887406
v -0.055962 0.802633 -3.818497
v -0.055962 0.834307 -3.756334
v -0.055961 0.883640 -3.707000
v -0.055961 0.945803 -3.675326
v -0.055961 1.014712 -3.664412
v -0.055961 1.083621 -3.675327
v -0.055961 1.145784 -3.707000
v -0.055961 1.195117 -3.756334
v -0.055961 1.226791 -3.818497
v -0.001961 1.237705 -3.887406
v -0.001961 1.226791 -3.956315
v -0.001961 1.195117 -4.018477
v -0.001961 1.145784 -4.067811
v -0.001961 1.083621 -4.099485
v -0.001961 1.014712 -4.110399
v -0.001961 0.945803 -4.099484
v -0.001961 0.883640 -4.067811
v -0.001961 0.834307 -4.018477
v -0.001961 0.802633 -3.956314
v -0.001961 0.791719 -3.887406
v -0.001961 0.802633 -3.818497
v -0.001961 0.834307 -3.756334
v -0.001961 0.883640 -3.707000
v -0.001961 0.945803 -3.675326
v -0.001961 1.014712 -3.664412
v -0.001961 1.083621 -3.675327
v -0.001961 1.145784 -3.707000
v -0.001961 1.195117 -3.756334
v -0.001961 1.226791 -3.818497
v -0.001961 1.191303 -3.759105
v -0.001961 1.222308 -3.819954
v -0.001961 1.232991 -3.887405
v -0.001961 1.222307 -3.954858
v -0.001961 1.191303 -4.015707
v -0.001961 1.143013 -4.063997
v -0.001961 1.082164 -4.095001
v -0.001961 1.014712 -4.105684
v -0.001961 0.947260 -4.095001
v -0.001961 0.886411 -4.063997
v -0.001961 0.838121 -4.015707
v -0.001961 0.807116 -3.954858
v -0.001961 0.796433 -3.887406
v -0.001961 0.807116 -3.819953
v -0.001961 0.838121 -3.759104
v -0.001961 0.886411 -3.710814
v -0.001961 0.947260 -3.679810
v -0.001961 1.014712 -3.669127
v -0.001961 1.082164 -3.679810
v -0.001961 1.143013 -3.710814
v -0.001961 1.106291 -3.820870
v -0.001961 1.122369 -3.852426
v -0.001961 1.127909 -3.887406
v -0.001961 1.122369 -3.922386
v -0.001961 1.106291 -3.953941
v -0.001961 1.081248 -3.978984
v -0.001961 1.049692 -3.995063
v -0.001961 1.014712 -4.000603
v -0.001961 0.979732 -3.995063
v -0.001961 0.948176 -3.978984
v -0.001961 0.923133 -3.953941
v -0.001961 0.907055 -3.922386
v -0.001961 0.901515 -3.887405
v -0.001961 0.907055 -3.852426
v -0.001961 0.923133 -3.820870
v -0.001961 0.948176 -3.795827
v -0.001961 0.979732 -3.779748
v -0.001961 1.014712 -3.774208
v -0.001961 1.049692 -3.779748
v -0.001961 1.081248 -3.795827
v -0.001961 1.172461 -3.772794
v -0.001961 1.200157 -3.827151
v -0.001961 1.209700 -3.887406
v -0.001961 1.200157 -3.947660
v -0.001961 1.172461 -4.002017
v -0.001961 1.129323 -4.045155
v -0.001961 1.074967 -4.072851
v -0.001961 1.014712 -4.082394
v -0.001961 0.954457 -4.072851
v -0.001961 0.900101 -4.045155
v -0.001961 0.856963 -4.002017
v -0.001961 0.829267 -3.947660
v -0.001961 0.819724 -3.887406
v -0.001961 0.829267 -3.827151
v -0.001961 0.856963 -3.772794
v -0.001961 0.900101 -3.729657
v -0.001961 0.954457 -3.701961
v -0.001961 1.014712 -3.692417
v -0.001961 1.074967 -3.701961
v -0.001961 1.129323 -3.729657
v -0.055399 1.195117 -3.756334
v -0.055399 1.226791 -3.818497
v -0.055399 1.237705 -3.887405
v -0.055399 1.226791 -3.956315
v -0.055399 1.195117 -4.018477
v -0.055399 1.145784 -4.067811
v -0.055399 1.083621 -4.099485
v -0.055399 1.014712 -4.110399
v -0.055399 0.945803 -4.099484
v -0.055399 0.883640 -4.067811
v -0.055399 0.834307 -4.018477
v -0.055399 0.802633 -3.956314
v -0.055399 0.791719 -3.887406
v -0.055399 0.802633 -3.818497
v -0.055399 0.834307 -3.756334
v -0.055399 0.883640 -3.707000
v -0.055399 0.945803 -3.675326
v -0.055399 1.014712 -3.664412
v -0.055399 1.083621 -3.675327
v -0.055399 1.145784 -3.707000
v -0.002357 1.195117 -3.756334
v -0.002357 1.226791 -3.818497
v -0.002357 1.237705 -3.887406
v -0.002357 1.226791 -3.956315
v -0.002357 1.195117 -4.018477
v -0.002357 1.145784 -4.067811
v -0.002357 1.083621 -4.099485
v -0.002357 1.014712 -4.110399
v -0.002357 0.945803 -4.099484
v -0.002357 0.883640 -4.067811
v -0.002357 0.834307 -4.018477
v -0.002357 0.802633 -3.956314
v -0.002357 0.791719 -3.887406
v -0.002357 0.802633 -3.818497
v -0.002357 0.834307 -3.756334
v -0.002357 0.883640 -3.707000
v -0.002357 0.945803 -3.675326
v -0.002357 1.014712 -3.664412
v -0.002357 1.083621 -3.675327
v -0.002357 1.145784 -3.707000
v -0.055961 1.189111 -3.760697
v -0.055961 1.219731 -3.820791
v -0.055961 1.230281 -3.887406
v -0.055961 1.219731 -3.954021
v -0.055961 1.189111 -4.014114
v -0.055961 1.141420 -4.061805
v -0.055962 1.081327 -4.092424
v -0.055962 1.014712 -4.102975
v -0.055962 0.948097 -4.092424
v -0.055962 0.888004 -4.061805
v -0.055962 0.840313 -4.014114
v -0.055962 0.809693 -3.954021
v -0.055962 0.799143 -3.887405
v -0.055962 0.809693 -3.820791
v -0.055962 0.840313 -3.760697
v -0.055962 0.888003 -3.713006
v -0.055961 0.948097 -3.682387
v -0.055961 1.014712 -3.671836
v -0.055961 1.081327 -3.682387
v -0.055961 1.141421 -3.713006
v -0.055961 1.106726 -3.820553
v -0.055961 1.122881 -3.852259
v -0.055961 1.128448 -3.887406
v -0.055961 1.122881 -3.922552
v -0.055961 1.106726 -3.954258
v -0.055961 1.081564 -3.979420
v -0.055961 1.049858 -3.995575
v -0.055962 1.014712 -4.001142
v -0.055962 0.979566 -3.995574
v -0.055962 0.947860 -3.979420
v -0.055962 0.922698 -3.954258
v -0.055962 0.906543 -3.922552
v -0.055962 0.900976 -3.887405
v -0.055962 0.906543 -3.852260
v -0.055962 0.922698 -3.820553
v -0.055961 0.947860 -3.795392
v -0.055961 0.979566 -3.779236
v -0.055961 1.014712 -3.773670
v -0.055961 1.049858 -3.779236
v -0.055961 1.081564 -3.795392
v -0.055961 1.117033 -3.813065
v -0.055961 1.134997 -3.848322
v -0.055961 1.141187 -3.887406
v -0.055961 1.134997 -3.926489
v -0.055961 1.117033 -3.961746
v -0.055961 1.089052 -3.989727
v -0.055961 1.053795 -4.007691
v -0.055962 1.014712 -4.013881
v -0.055962 0.975629 -4.007691
v -0.055962 0.940371 -3.989727
v -0.055962 0.912391 -3.961746
v -0.055962 0.894427 -3.926489
v -0.055962 0.888236 -3.887406
v -0.055962 0.894427 -3.848322
v -0.055962 0.912391 -3.813065
v -0.055961 0.940372 -3.785085
v -0.055961 0.975629 -3.767120
v -0.055961 1.014712 -3.760930
v -0.055961 1.053795 -3.767120
v -0.055961 1.089052 -3.785085
v 0.182635 0.896529 -3.860160
v 0.182635 0.893894 -3.898014
v 0.182635 0.903085 -3.934830
v 0.182635 0.923203 -3.967003
v 0.182635 0.952279 -3.991385
v 0.182635 0.987466 -4.005589
v 0.182635 1.025320 -4.008224
v 0.182635 1.062136 -3.999032
v 0.182635 1.094309 -3.978914
v 0.182635 1.118691 -3.949839
v 0.182635 1.132895 -3.914651
v 0.182635 1.135530 -3.876798
v 0.182635 1.126339 -3.839982
v 0.182635 1.106221 -3.807808
v 0.182635 1.077145 -3.783426
v 0.182635 1.041958 -3.769223
v 0.182635 1.004104 -3.766588
v 0.182635 0.967288 -3.775779
v 0.182635 0.935115 -3.795897
v 0.182635 0.910733 -3.824973
v 0.402039 0.896529 -3.860160
v 0.402039 0.893894 -3.898014
v 0.402039 0.903085 -3.934830
v 0.402039 0.923203 -3.967003
v 0.402039 0.952279 -3.991385
v 0.402039 0.987466 -4.005589
v 0.402039 1.025320 -4.008224
v 0.402039 1.062136 -3.999032
v 0.402039 1.094309 -3.978914
v 0.402039 1.118691 -3.949839
v 0.402039 1.132895 -3.914651
v 0.402039 1.135530 -3.876798
v 0.402039 1.126339 -3.839982
v 0.402039 1.106221 -3.807808
v 0.402039 1.077145 -3.783426
v 0.402039 1.041958 -3.769223
v 0.402039 1.004104 -3.766588
v 0.402039 0.967288 -3.775779
v 0.402039 0.935115 -3.795897
v 0.402039 0.910733 -3.824973
v 0.402039 0.759092 -3.869543
v 0.402039 0.733697 -3.979700
v 0.402039 0.710787 -4.079074
v 0.402039 0.738694 -4.127496
v 0.402039 0.826395 -4.201039
v 0.402039 0.932530 -4.243882
v 0.402039 1.046709 -4.251831
v 0.402039 1.157757 -4.224107
v 0.402039 1.254802 -4.163424
v 0.402039 1.328346 -4.075723
v 0.402039 1.371188 -3.969588
v 0.402039 1.379137 -3.855408
v 0.402039 1.351413 -3.744361
v 0.402039 1.198385 -3.731259
v 0.402039 1.120997 -3.655228
v 0.402039 1.030761 -3.562725
v 0.402039 0.894708 -3.281971
v 0.402039 0.825579 -3.581147
v 0.402039 0.807398 -3.660011
v 0.402039 0.784488 -3.759385
v 0.182635 0.759092 -3.869543
v 0.182635 0.733697 -3.979700
v 0.182635 0.710787 -4.079074
v 0.182635 0.738694 -4.127495
v 0.182635 0.826395 -4.201039
v 0.182635 0.932530 -4.243882
v 0.182635 1.046709 -4.251831
v 0.182635 1.157757 -4.224107
v 0.182635 1.254802 -4.163424
v 0.182635 1.328346 -4.075723
v 0.182635 1.371188 -3.969588
v 0.182635 1.379137 -3.855408
v 0.182635 1.351413 -3.744361
v 0.182635 1.198385 -3.731258
v 0.182635 1.120997 -3.655228
v 0.182635 1.030761 -3.562725
v 0.182635 0.894708 -3.281971
v 0.182635 0.825579 -3.581147
v 0.182635 0.807398 -3.660011
v 0.182635 0.784488 -3.759385
v 0.401690 1.379137 -3.855408
v 0.401690 1.351413 -3.744361
v 0.401690 1.198385 -3.731259
v 0.401690 1.120997 -3.655228
v 0.401689 1.030761 -3.562725
v 0.401689 0.894708 -3.281971
v 0.401689 0.825579 -3.581147
v 0.401689 0.807398 -3.660011
v 0.401690 0.784488 -3.759385
v 0.401689 0.759092 -3.869543
v 0.401689 0.733697 -3.979700
v 0.401689 0.710787 -4.079074
v 0.401689 0.738694 -4.127496
v 0.401689 0.826395 -4.201039
v 0.401689 0.932530 -4.243882
v 0.401689 1.046709 -4.251831
v 0.401689 1.157757 -4.224107
v 0.401689 1.254802 -4.163424
v 0.401689 1.328346 -4.075723
v 0.401690 1.371188 -3.969588
v 0.183961 1.379137 -3.855408
v 0.183961 1.351413 -3.744361
v 0.183961 1.198385 -3.731258
v 0.183961 1.120997 -3.655228
v 0.183961 1.030761 -3.562725
v 0.183961 0.894708 -3.281971
v 0.183961 0.825579 -3.581147
v 0.183961 0.807398 -3.660011
v 0.183961 0.784488 -3.759385
v 0.183961 0.759092 -3.869543
v 0.183961 0.733697 -3.979700
v 0.183961 0.710787 -4.079074
v 0.183961 0.738694 -4.127495
v 0.183961 0.826395 -4.201039
v 0.183961 0.932530 -4.243882
v 0.183961 1.046709 -4.251831
v 0.183961 1.157757 -4.224107
v 0.183961 1.254802 -4.163424
v 0.183961 1.328346 -4.075723
v 0.183961 1.371188 -3.969588
v 0.188172 1.351413 -3.744361
v 0.188172 1.198385 -3.731258
v 0.188172 1.120997 -3.655228
v 0.188172 1.030761 -3.562725
v 0.188172 0.894708 -3.281971
v 0.188172 0.825579 -3.581147
v 0.188172 0.807398 -3.660011
v 0.188172 0.784488 -3.759385
v 0.188172 0.759092 -3.869543
v 0.188172 0.733697 -3.979700
v 0.188172 0.710787 -4.079074
v 0.188172 0.738694 -4.127496
v 0.188172 0.826395 -4.201039
v 0.188172 0.932530 -4.243882
v 0.188172 1.046709 -4.251831
v 0.188172 1.157757 -4.224107
v 0.188172 1.254802 -4.163424
v 0.188172 1.328346 -4.075723
v 0.188172 1.371188 -3.969588
v 0.188172 1.379137 -3.855408
v 0.396611 1.351413 -3.744361
v 0.396611 1.198385 -3.731259
v 0.396611 1.120997 -3.655228
v 0.396611 1.030761 -3.562725
v 0.396611 0.894708 -3.281971
v 0.396611 0.825579 -3.581147
v 0.396611 0.807398 -3.660011
v 0.396611 0.784488 -3.759385
v 0.396611 0.759092 -3.869543
v 0.396611 0.733697 -3.979700
v 0.396611 0.710787 -4.079074
v 0.396611 0.738694 -4.127496
v 0.396611 0.826395 -4.201039
v 0.396611 0.932530 -4.243882
v 0.396611 1.046709 -4.251831
v 0.396611 1.157757 -4.224107
v 0.396611 1.254802 -4.163424
v 0.396611 1.328346 -4.075723
v 0.396611 1.371188 -3.969588
v 0.396611 1.379137 -3.855408
v 0.182635 1.128515 -3.839057
v 0.182635 1.107111 -3.807068
v 0.182635 1.077569 -3.782187
v 0.182635 1.041850 -3.767227
v 0.182635 1.003047 -3.761903
v 0.182635 0.965918 -3.773897
v 0.182635 0.933880 -3.794584
v 0.182635 0.909512 -3.824339
v 0.182635 0.895201 -3.860250
v 0.182635 0.892345 -3.898804
v 0.182635 0.901226 -3.936224
v 0.182635 0.921420 -3.968554
v 0.182635 0.951062 -3.993412
v 0.182635 0.986935 -4.007892
v 0.182635 1.025527 -4.010579
v 0.182635 1.063060 -4.001208
v 0.182635 1.095861 -3.980698
v 0.182635 1.120718 -3.951056
v 0.182635 1.135198 -3.915183
v 0.182635 1.137885 -3.876591
v 0.394067 1.062136 -3.999032
v 0.394067 1.094309 -3.978914
v 0.394067 1.118691 -3.949839
v 0.394067 1.132895 -3.914651
v 0.394067 1.135530 -3.876798
v 0.394067 1.126339 -3.839982
v 0.394067 1.106221 -3.807808
v 0.394067 1.077145 -3.783426
v 0.394067 1.041958 -3.769223
v 0.394067 1.004104 -3.766588
v 0.394067 0.967288 -3.775779
v 0.394067 0.935115 -3.795897
v 0.394067 0.910733 -3.824973
v 0.394067 0.896529 -3.860160
v 0.394067 0.893894 -3.898014
v 0.394067 0.903085 -3.934830
v 0.394067 0.923203 -3.967003
v 0.394067 0.952279 -3.991385
v 0.394067 0.987466 -4.005589
v 0.394067 1.025320 -4.008224
v 0.192682 1.025320 -4.008224
v 0.192682 1.062136 -3.999032
v 0.192682 1.094309 -3.978914
v 0.192682 1.118691 -3.949839
v 0.192682 1.132895 -3.914651
v 0.192682 1.135530 -3.876798
v 0.192682 1.126339 -3.839982
v 0.192682 1.106221 -3.807808
v 0.192682 1.077145 -3.783426
v 0.192682 1.041958 -3.769223
v 0.192682 1.004104 -3.766588
v 0.192682 0.967288 -3.775779
v 0.192682 0.935115 -3.795897
v 0.192682 0.910733 -3.824973
v 0.192682 0.896529 -3.860160
v 0.192682 0.893894 -3.898014
v 0.192682 0.903085 -3.934830
v 0.192682 0.923203 -3.967003
v 0.192682 0.952279 -3.991385
v 0.192682 0.987466 -4.005589
v 0.402039 1.322166 -3.741857
v 0.402039 1.122494 -3.833833
v 0.394067 1.122494 -3.833833
v 0.192682 1.122494 -3.833833
v 0.182635 1.122494 -3.833833
v 0.182635 1.124424 -3.832944
v 0.182635 1.322166 -3.741857
v 0.183961 1.322166 -3.741857
v 0.188172 1.322166 -3.741857
v 0.396611 1.322166 -3.741857
v 0.401690 1.322166 -3.741857
v 0.394075 1.062136 -3.999032
v 0.394075 1.094309 -3.978914
v 0.394075 1.118691 -3.949839
v 0.394075 1.132895 -3.914651
v 0.394075 1.135530 -3.876798
v 0.394075 1.126339 -3.839982
v 0.394075 1.122494 -3.833833
v 0.394075 1.106221 -3.807808
v 0.394075 1.077145 -3.783426
v 0.394075 1.041958 -3.769223
v 0.394075 1.004104 -3.766588
v 0.394075 0.967288 -3.775779
v 0.394075 0.935115 -3.795897
v 0.394075 0.910733 -3.824973
v 0.394075 0.896529 -3.860160
v 0.394075 0.893894 -3.898014
v 0.394075 0.903085 -3.934830
v 0.394075 0.923203 -3.967003
v 0.394075 0.952279 -3.991385
v 0.394075 0.987466 -4.005589
v 0.394075 1.025320 -4.008224
v 0.182635 1.128079 -3.839242
v 0.182635 1.124038 -3.833121
v 0.182635 1.106933 -3.807217
v 0.182635 1.077484 -3.782435
v 0.182635 1.041871 -3.767626
v 0.182635 1.003258 -3.762840
v 0.182635 0.966192 -3.774274
v 0.182635 0.934127 -3.794846
v 0.182635 0.909756 -3.824465
v 0.182635 0.895466 -3.860232
v 0.182635 0.892655 -3.898645
v 0.182635 0.901598 -3.935945
v 0.182635 0.921776 -3.968244
v 0.182635 0.951306 -3.993006
v 0.182635 0.987041 -4.007432
v 0.182635 1.025486 -4.010108
v 0.182635 1.062875 -4.000773
v 0.182635 1.095550 -3.980341
v 0.182635 1.120313 -3.950812
v 0.182635 1.134738 -3.915076
v 0.182635 1.137414 -3.876632
v -0.385306 0.896529 -3.860160
v -0.385306 0.893894 -3.898014
v -0.385306 0.903086 -3.934829
v -0.385306 0.923204 -3.967003
v -0.385306 0.952279 -3.991385
v -0.385306 0.987466 -4.005589
v -0.385306 1.025320 -4.008224
v -0.385306 1.062136 -3.999032
v -0.385306 1.094310 -3.978914
v -0.385306 1.118691 -3.949839
v -0.385306 1.132895 -3.914651
v -0.385306 1.135530 -3.876798
v -0.385306 1.126339 -3.839982
v -0.385306 1.106221 -3.807808
v -0.385306 1.077145 -3.783426
v -0.385306 1.041958 -3.769223
v -0.385306 1.004104 -3.766588
v -0.385306 0.967288 -3.775779
v -0.385306 0.935115 -3.795897
v -0.385306 0.910733 -3.824973
v -0.165902 0.896529 -3.860160
v -0.165902 0.893894 -3.898014
v -0.165902 0.903086 -3.934829
v -0.165902 0.923204 -3.967003
v -0.165902 0.952279 -3.991385
v -0.165902 0.987466 -4.005589
v -0.165902 1.025320 -4.008224
v -0.165902 1.062136 -3.999032
v -0.165902 1.094310 -3.978914
v -0.165902 1.118691 -3.949839
v -0.165902 1.132895 -3.914651
v -0.165902 1.135530 -3.876798
v -0.165902 1.126339 -3.839982
v -0.165902 1.106221 -3.807808
v -0.165902 1.077145 -3.783426
v -0.165902 1.041958 -3.769223
v -0.165902 1.004104 -3.766588
v -0.165902 0.967288 -3.775779
v -0.165902 0.935115 -3.795897
v -0.165902 0.910733 -3.824973
v -0.165902 0.759093 -3.869543
v -0.165902 0.733697 -3.979700
v -0.165902 0.710787 -4.079074
v -0.165902 0.738694 -4.127496
v -0.165902 0.826395 -4.201039
v -0.165902 0.932530 -4.243882
v -0.165902 1.046710 -4.251831
v -0.165902 1.157757 -4.224107
v -0.165902 1.254802 -4.163424
v -0.165902 1.328346 -4.075723
v -0.165902 1.371189 -3.969588
v -0.165902 1.379137 -3.855408
v -0.165902 1.351413 -3.744361
v -0.165902 1.198386 -3.731259
v -0.165902 1.120997 -3.655228
v -0.165902 1.030761 -3.562725
v -0.165902 0.894708 -3.281971
v -0.165902 0.825579 -3.581147
v -0.165902 0.807398 -3.660011
v -0.165902 0.784488 -3.759385
v -0.385306 0.759093 -3.869543
v -0.385306 0.733697 -3.979700
v -0.385307 0.710787 -4.079074
v -0.385306 0.738694 -4.127496
v -0.385306 0.826395 -4.201039
v -0.385306 0.932530 -4.243882
v -0.385306 1.046710 -4.251831
v -0.385306 1.157757 -4.224107
v -0.385306 1.254802 -4.163424
v -0.385306 1.328346 -4.075723
v -0.385306 1.371189 -3.969588
v -0.385306 1.379137 -3.855408
v -0.385306 1.351413 -3.744361
v -0.385306 1.198386 -3.731259
v -0.385306 1.120997 -3.655228
v -0.385306 1.030761 -3.562725
v -0.385306 0.894708 -3.281971
v -0.385306 0.825579 -3.581147
v -0.385306 0.807398 -3.660011
v -0.385306 0.784488 -3.759385
v -0.166252 1.379137 -3.855409
v -0.166252 1.351413 -3.744361
v -0.166252 1.198386 -3.731259
v -0.166252 1.120997 -3.655228
v -0.166252 1.030761 -3.562725
v -0.166252 0.894708 -3.281971
v -0.166252 0.825579 -3.581147
v -0.166252 0.807398 -3.660011
v -0.166252 0.784488 -3.759385
v -0.166252 0.759093 -3.869543
v -0.166252 0.733697 -3.979700
v -0.166252 0.710787 -4.079074
v -0.166252 0.738694 -4.127496
v -0.166252 0.826395 -4.201039
v -0.166252 0.932530 -4.243882
v -0.166252 1.046710 -4.251831
v -0.166252 1.157757 -4.224107
v -0.166252 1.254802 -4.163424
v -0.166252 1.328346 -4.075723
v -0.166252 1.371189 -3.969588
v -0.383981 1.379137 -3.855408
v -0.383981 1.351413 -3.744361
v -0.383981 1.198386 -3.731259
v -0.383981 1.120997 -3.655228
v -0.383981 1.030761 -3.562725
v -0.383981 0.894708 -3.281971
v -0.383981 0.825579 -3.581147
v -0.383981 0.807398 -3.660011
v -0.383981 0.784488 -3.759385
v -0.383981 0.759093 -3.869543
v -0.383981 0.733697 -3.979700
v -0.383981 0.710787 -4.079074
v -0.383981 0.738694 -4.127496
v -0.383981 0.826395 -4.201039
v -0.383981 0.932530 -4.243882
v -0.383981 1.046710 -4.251831
v -0.383981 1.157757 -4.224107
v -0.383981 1.254802 -4.163424
v -0.383981 1.328346 -4.075723
v -0.383981 1.371189 -3.969588
v -0.379770 1.351413 -3.744361
v -0.379770 1.198386 -3.731259
v -0.379770 1.120997 -3.655228
v -0.379770 1.030761 -3.562725
v -0.379770 0.894708 -3.281971
v -0.379770 0.825579 -3.581147
v -0.379770 0.807398 -3.660011
v -0.379770 0.784488 -3.759385
v -0.379770 0.759093 -3.869543
v -0.379770 0.733697 -3.979700
v -0.379770 0.710787 -4.079074
v -0.379770 0.738694 -4.127496
v -0.379770 0.826395 -4.201039
v -0.379770 0.932530 -4.243882
v -0.379770 1.046710 -4.251831
v -0.379770 1.157757 -4.224107
v -0.379770 1.254802 -4.163424
v -0.379770 1.328346 -4.075723
v -0.379770 1.371189 -3.969588
v -0.379770 1.379137 -3.855408
v -0.171330 1.351413 -3.744361
v -0.171330 1.198386 -3.731259
v -0.171330 1.120997 -3.655228
v -0.171330 1.030761 -3.562725
v -0.171330 0.894708 -3.281971
v -0.171330 0.825579 -3.581147
v -0.171330 0.807398 -3.660011
v -0.171330 0.784488 -3.759385
v -0.171330 0.759093 -3.869543
v -0.171330 0.733697 -3.979700
v -0.171330 0.710787 -4.079074
v -0.171330 0.738694 -4.127496
v -0.171330 0.826395 -4.201039
v -0.171330 0.932530 -4.243882
v -0.171330 1.046710 -4.251831
v -0.171330 1.157757 -4.224107
v -0.171330 1.254802 -4.163424
v -0.171330 1.328346 -4.075723
v -0.171330 1.371189 -3.969588
v -0.171330 1.379137 -3.855409
v -0.385306 1.128515 -3.839057
v -0.385306 1.107112 -3.807068
v -0.385306 1.077569 -3.782187
v -0.385306 1.041850 -3.767227
v -0.385306 1.003047 -3.761903
v -0.385306 0.965918 -3.773897
v -0.385306 0.933881 -3.794584
v -0.385306 0.909513 -3.824339
v -0.385306 0.895201 -3.860250
v -0.385306 0.892346 -3.898803
v -0.385306 0.901227 -3.936224
v -0.385306 0.921420 -3.968554
v -0.385306 0.951062 -3.993412
v -0.385306 0.986935 -4.007892
v -0.385306 1.025527 -4.010579
v -0.385306 1.063060 -4.001208
v -0.385306 1.095861 -3.980698
v -0.385306 1.120718 -3.951056
v -0.385306 1.135199 -3.915183
v -0.385306 1.137885 -3.876591
v -0.173874 1.062136 -3.999032
v -0.173874 1.094310 -3.978914
v -0.173874 1.118691 -3.949839
v -0.173874 1.132895 -3.914651
v -0.173874 1.135530 -3.876798
v -0.173874 1.126339 -3.839982
v -0.173874 1.106221 -3.807808
v -0.173874 1.077145 -3.783426
v -0.173874 1.041958 -3.769223
v -0.173874 1.004104 -3.766588
v -0.173874 0.967288 -3.775779
v -0.173874 0.935115 -3.795897
v -0.173874 0.910733 -3.824973
v -0.173874 0.896529 -3.860160
v -0.173874 0.893894 -3.898014
v -0.173874 0.903086 -3.934829
v -0.173874 0.923204 -3.967003
v -0.173874 0.952279 -3.991385
v -0.173874 0.987466 -4.005589
v -0.173874 1.025320 -4.008224
v -0.375259 1.025320 -4.008224
v -0.375259 1.062136 -3.999032
v -0.375259 1.094310 -3.978914
v -0.375259 1.118691 -3.949839
v -0.375259 1.132895 -3.914651
v -0.375259 1.135530 -3.876798
v -0.375259 1.126339 -3.839982
v -0.375259 1.106221 -3.807808
v -0.375259 1.077145 -3.783426
v -0.375259 1.041958 -3.769223
v -0.375259 1.004104 -3.766588
v -0.375259 0.967288 -3.775779
v -0.375259 0.935115 -3.795897
v -0.375259 0.910733 -3.824973
v -0.375259 0.896529 -3.860160
v -0.375259 0.893894 -3.898014
v -0.375259 0.903086 -3.934829
v -0.375259 0.923204 -3.967003
v -0.375259 0.952279 -3.991385
v -0.375259 0.987466 -4.005589
v -0.165902 1.322166 -3.741857
v -0.165902 1.122494 -3.833833
v -0.173874 1.122494 -3.833833
v -0.375259 1.122494 -3.833833
v -0.385306 1.122494 -3.833833
v -0.385306 1.124424 -3.832944
v -0.385306 1.322166 -3.741857
v -0.383981 1.322166 -3.741857
v -0.379770 1.322166 -3.741857
v -0.171330 1.322166 -3.741857
v -0.166252 1.322166 -3.741857
v -0.173866 1.062136 -3.999032
v -0.173866 1.094310 -3.978914
v -0.173866 1.118691 -3.949839
v -0.173866 1.132895 -3.914651
v -0.173866 1.135530 -3.876798
v -0.173866 1.126339 -3.839982
v -0.173866 1.122494 -3.833833
v -0.173866 1.106221 -3.807808
v -0.173866 1.077145 -3.783426
v -0.173866 1.041958 -3.769223
v -0.173866 1.004104 -3.766588
v -0.173866 0.967288 -3.775779
v -0.173866 0.935115 -3.795897
v -0.173866 0.910733 -3.824973
v -0.173866 0.896529 -3.860160
v -0.173866 0.893894 -3.898014
v -0.173866 0.903086 -3.934829
v -0.173866 0.923204 -3.967003
v -0.173866 0.952279 -3.991385
v -0.173866 0.987466 -4.005589
v -0.173866 1.025320 -4.008224
vn -0.0000 0.0101 0.9999
vn -0.0000 0.7397 0.6729
vn 0.0003 0.7397 0.6730
vn -0.0000 0.9187 -0.3950
vn -0.0000 -0.2187 -0.9758
vn 0.0002 -0.9966 -0.0823
vn -0.0000 -0.9966 -0.0823
vn -0.0000 -0.9753 -0.2209
vn 1.0000 -0.0000 -0.0000
vn -1.0000 -0.0000 -0.0000
vn -0.0000 0.9998 0.0196
vn -0.0000 0.9981 0.0620
vn -0.0000 -0.9965 0.0841
vn -0.0000 -1.0000 0.0087
vn -0.0000 -0.9758 0.2187
vn -0.0000 -0.9826 0.1855
vn -0.0000 0.9807 -0.1957
vn -0.0000 0.9758 -0.2187
vn -0.0000 0.9999 0.0102
vn -0.0000 -0.9999 -0.0101
vn -0.0000 0.2187 0.9758
vn -0.0000 -0.9987 0.0506
vn -0.0000 -1.0000 -0.0029
vn -0.0001 -1.0000 -0.0030
vn -0.0000 0.9744 0.2248
vn -0.0000 0.9744 0.2249
vn -0.0000 0.9992 0.0403
vn -0.0000 -0.0101 -0.9999
vn -0.0000 -0.9997 -0.0228
vn -0.0000 0.9987 -0.0503
vn -0.0001 0.9992 0.0403
vn -0.0000 0.9770 0.2134
vn -0.0692 0.9962 -0.0536
vn -0.0017 0.9986 -0.0537
vn -0.0017 0.9987 -0.0508
vn -0.0693 0.9963 -0.0506
vn -0.0000 0.9878 0.1560
vn -0.0000 0.9351 0.3544
vn -0.0000 -0.9411 -0.3382
vn 0.0001 -0.9411 -0.3382
vn -0.0000 -0.9883 -0.1526
vn -0.0000 1.0000 0.0065
vn -0.0000 0.9432 0.3323
vn -0.0000 -0.9490 -0.3154
vn -0.0000 -0.9999 0.0105
vn 0.0001 -0.9999 0.0106
vn -0.9820 0.1791 0.0598
vn -0.5139 0.8044 0.2981
vn -0.7247 0.6885 0.0271
vn -0.9944 0.1053 0.0012
vn 0.4161 -0.8966 -0.1519
vn 0.0376 -0.9874 -0.1537
vn 0.5988 -0.7523 -0.2747
vn 0.9288 -0.3570 -0.0992
vn -0.0000 0.9982 0.0607
vn -0.0000 0.9982 0.0605
vn -0.0000 0.9978 0.0669
vn -0.0000 -0.9992 -0.0405
vn -0.0000 -0.9988 -0.0488
vn -0.0000 0.9931 -0.1174
vn -0.0000 -0.9911 0.1331
vn -0.0000 -0.9947 0.1027
vn -0.9780 0.2079 -0.0195
vn -0.4183 0.9009 -0.1156
vn -0.5594 0.8219 -0.1078
vn -0.9769 0.2129 -0.0202
vn -0.0000 0.9999 0.0101
vn -0.0000 0.9982 0.0606
vn -0.0001 0.7397 0.6730
vn -0.0001 -0.9826 0.1855
vn -0.0000 -0.9999 0.0106
vn -0.0000 -1.0000 -0.0030
vn -0.0002 -1.0000 -0.0030
vn 0.0001 1.0000 0.0065
vn -0.0001 -0.9988 -0.0488
vn -0.0000 0.9362 0.3514
vn -0.0024 0.9993 0.0364
vn -0.0676 0.9892 -0.1300
vn -0.0711 0.9883 -0.1350
vn -0.0693 0.9961 -0.0541
vn -0.0017 0.9985 -0.0543
vn 0.0004 -1.0000 -0.0029
vn -0.0024 0.9992 0.0394
vn -0.0677 0.9898 -0.1256
vn -0.0713 0.9889 -0.1307
vn -0.0692 0.9960 -0.0570
vn -0.0017 0.9984 -0.0572
vn -0.0000 -0.9144 -0.4047
vn 0.5416 -0.7707 -0.3355
vn 0.9744 -0.2090 -0.0825
vn -0.5495 0.7826 0.2925
vn -0.9808 0.1847 0.0624
vn -0.0000 0.9350 0.3547
vn -0.0000 0.9350 0.3546
vn -0.0000 -0.9483 -0.3175
vn -0.0000 0.9425 0.3343
vn 0.0001 0.9425 0.3343
vn -0.0000 0.8359 0.5489
vn -0.0000 0.8358 0.5490
vn -0.0001 0.8358 0.5490
vn -0.0000 -0.9988 0.0495
vn -0.0000 0.9995 0.0328
vn -0.0000 -0.9971 -0.0761
vn -0.0000 0.9664 -0.2572
vn -0.0709 0.9960 -0.0536
vn -0.0710 0.9962 -0.0506
vn -0.0709 0.9960 -0.0542
vn -0.0709 0.9959 -0.0570
vn 0.0001 0.9432 0.3323
vn 0.0006 -1.0000 -0.0029
vn -1.0000 0.0019 0.0004
vn 0.9980 0.0617 0.0145
vn -0.9267 0.3748 -0.0264
vn -0.9472 -0.2721 -0.1694
vn -0.8692 0.4875 0.0826
vn -0.9605 0.2653 -0.0840
vn -0.9767 0.1796 -0.1171
vn -0.9842 0.1072 -0.1410
vn -0.9875 0.0392 -0.1525
vn -0.9848 -0.0405 -0.1688
vn -0.9725 -0.1431 -0.1835
vn -0.8866 -0.4622 0.0194
vn -0.9023 -0.4167 -0.1107
vn -0.9228 -0.3540 0.1522
vn -0.9478 -0.2265 0.2244
vn -0.9554 -0.1352 0.2627
vn -0.9572 -0.0562 0.2838
vn -0.9533 0.0148 0.3017
vn -0.9445 0.0942 0.3148
vn -0.9259 0.1978 0.3219
vn -0.8882 0.3437 0.3050
vn -0.8394 0.4945 0.2255
vn 0.9251 0.3489 -0.1501
vn 0.8869 0.4616 -0.0194
vn 0.9461 0.2325 -0.2255
vn 0.9552 0.1363 -0.2626
vn 0.9566 0.0587 -0.2854
vn 0.9533 -0.0139 -0.3019
vn 0.9447 -0.0949 -0.3138
vn 0.9250 -0.1989 -0.3237
vn 0.8859 -0.3462 -0.3089
vn 0.8404 -0.4931 -0.2248
vn 0.8679 -0.4899 -0.0818
vn 0.9263 -0.3759 0.0265
vn 0.9601 -0.2663 0.0850
vn 0.9765 -0.1804 0.1182
vn 0.9842 -0.1079 0.1401
vn 0.9870 -0.0381 0.1561
vn 0.9849 0.0395 0.1688
vn 0.9746 0.1375 0.1767
vn 0.9474 0.2718 0.1693
vn 0.9003 0.4203 0.1130
vn -0.2579 -0.9658 0.0262
vn 0.3129 -0.9488 0.0440
vn 0.1272 -0.8127 0.5686
vn -0.9571 -0.2363 -0.1677
vn -0.9888 0.0305 -0.1459
vn -0.8996 0.0773 -0.4298
vn -0.2238 -0.4998 -0.8367
vn 0.2186 -0.6762 -0.7036
vn -0.2971 -0.8763 -0.3793
vn -0.2600 0.5483 -0.7948
vn 0.0530 0.3475 -0.9362
vn -0.4522 -0.1023 -0.8860
vn -0.2732 0.9619 0.0119
vn 0.1677 0.9831 -0.0739
vn -0.4273 0.7698 -0.4741
vn -0.1292 0.5773 0.8063
vn 0.0296 0.6773 0.7351
vn -0.3968 0.8450 0.3584
vn -0.3657 -0.4876 0.7928
vn 0.4646 -0.4000 0.7900
vn 0.0072 0.1821 0.9832
vn -0.9871 -0.1541 0.0428
vn -0.9994 -0.0158 -0.0298
vn -0.9915 0.0842 -0.0990
vn -0.9917 0.1168 0.0546
vn -0.9981 -0.0197 0.0586
vn 0.9854 -0.1494 0.0817
vn 0.9966 -0.0511 -0.0653
vn 0.9994 0.0158 0.0298
vn 0.9969 0.0564 -0.0543
vn 0.9945 0.1035 -0.0178
vn 0.9581 0.2280 0.1735
vn 0.9918 0.0362 0.1222
vn -0.8988 -0.4337 0.0634
vn -0.6292 -0.7772 -0.0117
vn -0.6380 -0.6861 0.3495
vn -0.4007 -0.7207 0.5657
vn -0.7204 0.6559 0.2255
vn -0.9272 0.3144 0.2036
vn -0.6816 0.4987 0.5354
vn -0.4370 0.2177 0.8727
vn -0.7198 -0.1953 0.6662
vn 0.6554 -0.7415 0.1438
vn 0.6392 -0.4286 -0.6385
vn 0.9104 -0.3570 -0.2089
vn 0.7142 -0.6451 -0.2716
vn 0.6203 0.7842 0.0189
vn 0.8963 0.4393 -0.0596
vn 0.6643 0.6646 -0.3420
vn 0.6492 -0.0114 0.7605
vn 0.8995 -0.4332 0.0562
vn 0.9581 -0.2301 -0.1705
vn 0.9936 -0.1023 0.0470
vn 0.1424 -0.7770 0.6132
vn -0.3601 -0.8210 0.4430
vn 0.3209 -0.9449 0.0643
vn -0.1795 -0.6657 -0.7243
vn 0.1855 -0.6142 -0.7670
vn 0.2222 -0.9056 -0.3612
vn -0.0963 0.3262 -0.9404
vn 0.2196 0.3550 -0.9087
vn 0.2895 -0.2092 -0.9340
vn -0.1319 0.9894 -0.0603
vn 0.2505 0.9672 -0.0424
vn 0.3165 0.7725 -0.5506
vn -0.0461 0.6862 0.7259
vn 0.2922 0.6073 0.7388
vn 0.3508 0.8678 0.3519
vn 0.3790 0.2412 0.8934
vn -0.1128 -0.0049 0.9936
vn 0.3636 -0.2871 0.8862
vn -0.9930 0.1177 -0.0100
vn -0.9534 0.2536 0.1634
vn -0.9270 0.3706 -0.0573
vn 0.9994 -0.0160 -0.0298
vn 0.9943 0.0253 -0.1033
vn 0.9951 0.0723 -0.0674
vn 0.9966 0.0527 0.0636
vn 0.9976 -0.0005 0.0699
vn -0.9868 -0.1332 0.0919
vn -0.9994 0.0158 0.0297
vn -0.9917 -0.1155 -0.0562
vn -0.9958 -0.0045 -0.0917
vn -0.9940 0.0140 0.1089
vn 0.6089 -0.6941 0.3841
vn 0.6845 -0.7289 -0.0103
vn 0.6605 -0.0910 0.7453
vn -0.7078 -0.6972 0.1136
vn -0.3082 -0.9503 0.0442
vn -0.5981 -0.3397 0.7259
vn -0.5717 0.1754 0.8015
vn 0.0065 -0.4666 0.8845
vn -0.3411 -0.8667 0.3641
vn 0.3692 -0.8245 0.4288
vn 0.1073 -0.4581 0.8824
vn -0.2027 -0.8209 -0.5339
vn 0.1877 -0.8892 -0.4172
vn -0.3029 -0.9484 -0.0935
vn -0.2632 0.1751 -0.9487
vn 0.0630 -0.0854 -0.9944
vn -0.4164 -0.4768 -0.7741
vn -0.3056 0.8909 -0.3360
vn 0.0980 0.8773 -0.4697
vn -0.4794 0.4749 -0.7380
vn -0.3847 -0.1024 0.9173
vn 0.4583 -0.0331 0.8882
vn 0.0545 0.5596 0.8270
vn -0.9169 -0.3875 -0.0956
vn -0.9792 -0.1500 0.1364
vn -0.9994 -0.0259 -0.0211
vn -0.9650 -0.1098 -0.2380
vn -0.9739 0.1379 -0.1804
vn -0.9419 0.3286 0.0696
vn -0.9825 0.0671 0.1736
vn 0.9720 -0.1767 0.1548
vn 0.9610 -0.2680 -0.0679
vn 0.9994 0.0259 0.0210
vn 0.9886 0.0016 -0.1507
vn 0.9833 0.1413 -0.1147
vn 0.9425 0.3206 0.0941
vn 0.9810 0.0410 0.1898
vn -0.4520 -0.3927 0.8009
vn -0.6285 -0.6457 0.4337
vn -0.4311 0.5395 0.7233
vn -0.7374 0.1756 0.6522
vn 0.6538 -0.6071 0.4517
vn 0.6555 0.3362 0.6763
vn 0.1047 -0.4050 0.9083
vn -0.4238 -0.5514 0.7186
vn 0.4137 -0.8147 0.4063
vn -0.2085 -0.8878 -0.4103
vn 0.1857 -0.8561 -0.4823
vn 0.1058 -0.9914 -0.0773
vn -0.1031 -0.1056 -0.9891
vn 0.2005 -0.0553 -0.9781
vn 0.2774 -0.5575 -0.7825
vn -0.1326 0.8679 -0.4787
vn 0.2894 0.8498 -0.4405
vn 0.3379 0.4195 -0.8425
vn -0.1034 0.9021 0.4190
vn 0.2744 0.8381 0.4714
vn 0.3196 0.9458 0.0580
vn 0.3803 0.5621 0.7345
vn -0.2270 0.4334 0.8722
vn 0.3573 0.1152 0.9269
vn 0.9843 0.1177 -0.1316
vn 0.9272 -0.3587 -0.1081
vn 0.9652 -0.1099 -0.2372
vn 0.9529 0.2901 0.0885
vn 0.9890 -0.0007 0.1478
vn 0.9687 -0.2102 0.1317
vn -0.9742 -0.1350 0.1808
vn -0.9994 0.0258 0.0209
vn -0.9568 -0.2844 -0.0599
vn -0.9836 -0.0647 -0.1681
vn -0.9818 0.1405 -0.1281
vn -0.9379 0.3364 0.0849
vn -0.9759 0.1031 0.1925
vn 0.7362 -0.5320 0.4182
vn 0.6744 0.2785 0.6839
vn -0.7297 -0.5735 0.3722
vn -0.3645 -0.8260 0.4299
vn -0.6103 0.2711 0.7443
vn 0.0140 -0.0762 0.9970
vn 0.9311 0.3605 -0.0556
vn 0.8788 0.4738 0.0565
vn 0.9084 0.3202 0.2689
vn 0.9616 0.2489 -0.1153
vn 0.9755 0.1630 -0.1480
vn 0.9812 0.0923 -0.1692
vn 0.9825 0.0241 -0.1846
vn 0.9791 -0.0512 -0.1969
vn 0.9677 -0.1465 -0.2049
vn 0.9400 -0.2789 -0.1966
vn 0.8951 -0.4244 -0.1366
vn 0.8899 -0.4562 -0.0055
vn 0.9298 -0.3487 0.1178
vn 0.9552 -0.2312 0.1849
vn 0.9651 -0.1414 0.2204
vn 0.9679 -0.0677 0.2420
vn 0.9659 0.0020 0.2588
vn 0.9593 0.0790 0.2713
vn 0.9438 0.1782 0.2784
vn 0.8617 0.4683 0.1955
vn -0.8897 0.4565 0.0057
vn -0.9300 0.3482 -0.1180
vn -0.8950 0.4245 0.1367
vn -0.9552 0.2312 -0.1849
vn -0.9651 0.1414 -0.2202
vn -0.9678 0.0677 -0.2423
vn -0.9660 -0.0019 -0.2587
vn -0.9592 -0.0792 -0.2714
vn -0.9432 -0.1789 -0.2798
vn -0.9085 -0.3200 -0.2688
vn -0.8625 -0.4669 -0.1949
vn -0.8788 -0.4739 -0.0564
vn -0.9311 -0.3604 0.0556
vn -0.9617 -0.2488 0.1153
vn -0.9754 -0.1632 0.1481
vn -0.9813 -0.0921 0.1692
vn -0.9825 -0.0241 0.1847
vn -0.9791 0.0509 0.1969
vn -0.9678 0.1466 0.2047
vn -0.9401 0.2787 0.1963
vn -0.9311 0.3604 -0.0556
vn -0.9399 -0.2791 -0.1967
vn -0.8789 0.4737 0.0566
vn -0.9617 0.2488 -0.1152
vn -0.9754 0.1632 -0.1480
vn -0.9812 0.0920 -0.1694
vn -0.9826 0.0243 -0.1842
vn -0.9791 -0.0510 -0.1970
vn -0.9675 -0.1473 -0.2057
vn -0.8898 -0.4563 -0.0056
vn -0.8955 -0.4237 -0.1364
vn -0.9297 -0.3488 0.1179
vn -0.9552 -0.2310 0.1849
vn -0.9651 -0.1415 0.2203
vn -0.9679 -0.0677 0.2422
vn -0.9660 0.0019 0.2586
vn -0.9592 0.0790 0.2715
vn -0.9433 0.1789 0.2795
vn -0.9086 0.3200 0.2684
vn -0.8623 0.4673 0.1951
vn 0.8897 0.4565 0.0057
vn 0.8950 0.4245 0.1367
vn 0.9299 0.3483 -0.1179
vn 0.9551 0.2313 -0.1850
vn 0.9652 0.1414 -0.2202
vn 0.9678 0.0677 -0.2423
vn 0.9660 -0.0018 -0.2587
vn 0.9592 -0.0792 -0.2714
vn 0.9432 -0.1789 -0.2798
vn 0.9085 -0.3200 -0.2688
vn 0.8626 -0.4669 -0.1949
vn 0.8788 -0.4739 -0.0564
vn 0.9311 -0.3604 0.0556
vn 0.9617 -0.2488 0.1153
vn 0.9754 -0.1632 0.1481
vn 0.9813 -0.0921 0.1692
vn 0.9825 -0.0241 0.1848
vn 0.9791 0.0509 0.1970
vn 0.9678 0.1465 0.2046
vn 0.9400 0.2789 0.1965
vn 0.9629 0.2334 -0.1351
vn 0.9376 0.3369 -0.0856
vn 0.8533 0.4990 0.1512
vn 0.9746 0.1534 -0.1631
vn 0.9797 0.0841 -0.1818
vn 0.9803 0.0156 -0.1967
vn 0.9761 -0.0644 -0.2076
vn 0.9622 -0.1704 -0.2122
vn 0.9293 -0.3149 -0.1930
vn 0.8923 -0.4385 -0.1076
vn 0.9091 -0.4155 0.0308
vn 0.9460 -0.2948 0.1347
vn 0.9642 -0.1869 0.1879
vn 0.9704 -0.1043 0.2178
vn 0.9707 -0.0338 0.2378
vn 0.9670 0.0359 0.2524
vn 0.9572 0.1171 0.2646
vn 0.9362 0.2256 0.2696
vn 0.8930 0.3761 0.2472
vn 0.8874 0.4609 0.0104
vn -0.9461 0.2946 -0.1345
vn -0.9642 0.1869 -0.1879
vn -0.8882 -0.4594 -0.0104
vn -0.9703 0.1042 -0.2182
vn -0.9708 0.0339 -0.2376
vn -0.9669 -0.0360 -0.2527
vn -0.9572 -0.1170 -0.2646
vn -0.9361 -0.2257 -0.2697
vn -0.8923 -0.3773 -0.2480
vn -0.8538 -0.4983 -0.1511
vn -0.9377 -0.3368 0.0856
vn -0.9630 -0.2334 0.1350
vn -0.9746 -0.1533 0.1630
vn -0.9797 -0.0842 0.1820
vn -0.9804 -0.0153 0.1964
vn -0.9761 0.0644 0.2078
vn -0.9622 0.1702 0.2124
vn -0.9294 0.3147 0.1928
vn -0.8922 0.4386 0.1075
vn -0.9090 0.4157 -0.0308
vn -0.9630 0.2333 -0.1351
vn -0.8921 -0.4388 -0.1076
vn -0.9377 0.3369 -0.0854
vn -0.9746 0.1534 -0.1630
vn -0.9797 0.0843 -0.1819
vn -0.9803 0.0153 -0.1967
vn -0.9762 -0.0641 -0.2073
vn -0.9622 -0.1703 -0.2124
vn -0.9289 -0.3158 -0.1934
vn -0.9460 -0.2950 0.1346
vn -0.9094 -0.4147 0.0308
vn -0.9642 -0.1870 0.1881
vn -0.9704 -0.1042 0.2177
vn -0.9708 -0.0340 0.2377
vn -0.9669 0.0361 0.2525
vn -0.9573 0.1170 0.2645
vn -0.9361 0.2257 0.2698
vn -0.8925 0.3768 0.2477
vn -0.8535 0.4987 0.1510
vn -0.8880 0.4597 0.0103
vn 0.9461 0.2946 -0.1345
vn 0.8882 -0.4594 -0.0104
vn 0.9642 0.1869 -0.1879
vn 0.9703 0.1044 -0.2182
vn 0.9708 0.0339 -0.2376
vn 0.9669 -0.0360 -0.2527
vn 0.9572 -0.1170 -0.2646
vn 0.9361 -0.2257 -0.2697
vn 0.8922 -0.3774 -0.2480
vn 0.8539 -0.4980 -0.1511
vn 0.9377 -0.3367 0.0856
vn 0.9629 -0.2334 0.1351
vn 0.9746 -0.1533 0.1631
vn 0.9797 -0.0842 0.1820
vn 0.9804 -0.0154 0.1965
vn 0.9761 0.0644 0.2078
vn 0.9622 0.1702 0.2125
vn 0.9294 0.3147 0.1928
vn 0.8922 0.4387 0.1075
vn 0.9090 0.4156 -0.0308
vn 0.9262 0.3761 -0.0266
vn 0.8684 0.4887 0.0836
vn 0.9472 -0.2721 -0.1694
vn 0.9602 0.2663 -0.0843
vn 0.9766 0.1803 -0.1175
vn 0.9841 0.1075 -0.1413
vn 0.9875 0.0396 -0.1525
vn 0.9848 -0.0405 -0.1688
vn 0.9727 -0.1426 -0.1833
vn 0.8856 -0.4641 0.0185
vn 0.9031 -0.4150 -0.1108
vn 0.9218 -0.3569 0.1516
vn 0.9471 -0.2295 0.2244
vn 0.9549 -0.1377 0.2632
vn 0.9569 -0.0578 0.2845
vn 0.9531 0.0140 0.3022
vn 0.9445 0.0942 0.3149
vn 0.9257 0.1982 0.3221
vn 0.8875 0.3451 0.3054
vn 0.8382 0.4965 0.2258
vn -0.8862 0.4628 -0.0192
vn -0.9225 0.3545 -0.1527
vn -0.8681 -0.4895 -0.0822
vn -0.9460 0.2310 -0.2273
vn -0.9552 0.1351 -0.2633
vn -0.9565 0.0577 -0.2861
vn -0.9531 -0.0144 -0.3024
vn -0.9445 -0.0946 -0.3146
vn -0.9249 -0.1997 -0.3234
vn -0.8874 -0.3438 -0.3072
vn -0.8427 -0.4897 -0.2237
vn -0.9270 -0.3741 0.0259
vn -0.9600 -0.2671 0.0839
vn -0.9764 -0.1813 0.1171
vn -0.9842 -0.1091 0.1393
vn -0.9870 -0.0379 0.1560
vn -0.9848 0.0394 0.1689
vn -0.9746 0.1378 0.1767
vn -0.9474 0.2719 0.1686
vn -0.9007 0.4197 0.1119
vn 0.9630 0.2334 -0.1351
vn 0.9378 0.3367 -0.0848
vn 0.8920 -0.4390 -0.1077
vn 0.9747 0.1534 -0.1626
vn 0.9798 0.0843 -0.1815
vn 0.9802 0.0149 -0.1972
vn 0.9765 -0.0631 -0.2060
vn 0.9623 -0.1705 -0.2121
vn 0.9276 -0.3187 -0.1950
vn 0.9457 -0.2957 0.1347
vn 0.9103 -0.4129 0.0307
vn 0.9642 -0.1873 0.1880
vn 0.9706 -0.1035 0.2172
vn 0.9706 -0.0344 0.2381
vn 0.9670 0.0363 0.2520
vn 0.9572 0.1170 0.2646
vn 0.9360 0.2256 0.2700
vn 0.8926 0.3767 0.2477
vn 0.8541 0.4979 0.1504
vn 0.8875 0.4608 0.0098
vn -0.9457 0.2959 -0.1349
vn -0.9645 0.1859 -0.1875
vn -0.9703 0.1044 -0.2180
vn -0.9708 0.0339 -0.2377
vn -0.9669 -0.0361 -0.2526
vn -0.9362 -0.2258 -0.2694
vn -0.8922 -0.3773 -0.2482
vn -0.8535 -0.4986 -0.1513
vn -0.8882 -0.4593 -0.0104
vn -0.9376 -0.3370 0.0857
vn -0.9630 -0.2333 0.1350
vn -0.9746 -0.1534 0.1630
vn -0.9797 -0.0842 0.1821
vn -0.9804 -0.0153 0.1966
vn -0.9761 0.0644 0.2077
vn -0.9294 0.3146 0.1928
vn -0.9630 0.2334 -0.1351
vn -0.8920 -0.4390 -0.1077
vn -0.9378 0.3367 -0.0848
vn -0.9747 0.1534 -0.1626
vn -0.9798 0.0843 -0.1816
vn -0.9802 0.0149 -0.1972
vn -0.9765 -0.0631 -0.2060
vn -0.9622 -0.1706 -0.2122
vn -0.9276 -0.3187 -0.1951
vn -0.9457 -0.2958 0.1347
vn -0.9102 -0.4130 0.0307
vn -0.9641 -0.1873 0.1880
vn -0.9706 -0.1035 0.2172
vn -0.9706 -0.0344 0.2381
vn -0.9670 0.0363 0.2520
vn -0.9572 0.1170 0.2646
vn -0.9360 0.2256 0.2700
vn -0.8926 0.3767 0.2476
vn -0.8541 0.4979 0.1504
vn -0.8875 0.4607 0.0098
vn 0.9456 0.2959 -0.1349
vn 0.9090 0.4157 -0.0308
vn 0.9645 0.1859 -0.1875
vn 0.9703 0.1044 -0.2180
vn 0.9708 0.0338 -0.2376
vn 0.9669 -0.0360 -0.2526
vn 0.9362 -0.2258 -0.2694
vn 0.8922 -0.3773 -0.2482
vn 0.8535 -0.4986 -0.1513
vn 0.8882 -0.4593 -0.0104
vn 0.9376 -0.3370 0.0857
vn 0.9630 -0.2333 0.1351
vn 0.9746 -0.1534 0.1630
vn 0.9797 -0.0843 0.1820
vn 0.9804 -0.0153 0.1965
vn 0.9761 0.0644 0.2077
vn 0.9622 0.1702 0.2124
vn 0.9295 0.3146 0.1927
vn 0.8922 0.4386 0.1075
vn -0.9949 0.1013 -0.0042
vn -0.9925 -0.0371 -0.1161
vn -0.9976 0.0660 0.0212
vn -0.9949 -0.1013 0.0042
vn -0.9925 0.0371 0.1161
vn -0.9976 -0.0660 -0.0212
vn 0.9925 -0.0371 -0.1161
vn 0.9949 0.1013 -0.0042
vn 0.9949 -0.1013 0.0042
vn 0.9976 0.0660 0.0212
vn 0.9925 0.0371 0.1161
vn 0.9976 -0.0660 -0.0212
vn -0.8417 0.5398 0.0142
vn 0.9414 -0.1763 -0.2876
vn -0.9414 -0.1763 -0.2876
vn 0.8497 0.4694 0.2403
vn 0.9332 0.3200 -0.1638
vn -0.9332 0.3200 -0.1638
vn -0.9665 -0.0714 0.2466
vn 0.8497 -0.4694 -0.2402
vn -0.8497 -0.4694 -0.2403
vn -0.9414 0.1763 0.2876
vn 0.9414 0.1763 0.2876
vn -0.9332 -0.3200 0.1638
vn 0.9332 -0.3200 0.1638
vn 0.9665 0.0714 -0.2466
vn -0.9665 0.0714 -0.2466
vn 0.8172 -0.5595 -0.1380
vn -0.8172 -0.5595 -0.1380
vn 0.8417 -0.5398 -0.0142
vn 0.9665 -0.0714 0.2466
vn 0.8172 0.5595 0.1380
vn -0.8172 0.5595 0.1380
vn 0.8497 -0.4694 -0.2403
vn -0.8497 -0.4694 -0.2402
vn 0.8417 0.5398 0.0142
vn -0.9918 0.1137 -0.0578
vn -0.9930 -0.0949 -0.0707
vn -0.9979 -0.0638 -0.0130
vn -0.9979 0.0638 0.0130
vn -0.9930 0.0949 0.0707
vn -0.9918 -0.1137 0.0578
vn 0.9930 -0.0949 -0.0707
vn 0.9918 0.1137 -0.0578
vn 0.9979 -0.0638 -0.0130
vn 0.9979 0.0638 0.0130
vn 0.9930 0.0949 0.0707
vn 0.9918 -0.1137 0.0578
vn -0.8189 0.5512 0.1600
vn -0.9648 0.1195 -0.2344
vn -0.9648 -0.1195 0.2344
vn 0.9648 -0.1195 0.2344
vn 0.8189 -0.5512 -0.1600
vn 0.9648 0.1195 -0.2344
vn -0.9530 0.1120 0.2814
vn 0.8304 0.5551 0.0477
vn -0.8304 0.5551 0.0477
vn 0.9530 0.1120 0.2814
vn -0.8304 -0.5551 -0.0477
vn 0.8304 -0.5551 -0.0477
vn 0.9139 -0.3847 0.1298
vn -0.8189 -0.5512 -0.1600
vn 0.9530 -0.1120 -0.2814
vn -0.9530 -0.1120 -0.2814
vn -0.9648 0.1195 -0.2343
vn -0.8189 0.5511 0.1600
vn -0.6603 -0.6358 -0.3997
vn -0.9487 -0.0110 0.3159
vn -0.6606 0.1855 -0.7275
vn -0.6926 0.7116 -0.1176
vn 0.2098 -0.9164 -0.3408
vn -0.9305 0.3570 -0.0825
vn 0.0629 -0.1814 -0.9814
vn 0.0663 0.8116 -0.5805
vn 0.0749 0.9337 0.3501
vn 0.9326 -0.3391 0.1233
vn 0.9199 0.0236 0.3914
vn 0.9604 0.0382 -0.2760
vn 0.8023 0.0589 -0.5941
vn 0.7102 0.6118 0.3483
vn 0.7149 -0.5964 -0.3650
vn 0.9487 -0.1163 0.2940
vn 0.7759 0.0989 -0.6230
vn 0.9402 0.0724 -0.3330
vn 0.7571 0.6416 -0.1228
vn -0.3250 -0.8769 -0.3542
vn 0.9287 0.3617 -0.0814
vn 0.7250 0.6531 0.2185
vn -0.0617 -0.1781 -0.9821
vn 0.9357 0.2993 0.1869
vn 0.6582 0.5095 0.5543
vn -0.0673 0.8098 -0.5828
vn -0.1839 0.9104 0.3707
vn -0.9221 -0.3785 0.0811
vn -0.9261 -0.0889 0.3667
vn -0.9284 -0.3274 -0.1757
vn -0.7133 -0.6505 -0.2610
vn -0.9565 0.0201 -0.2910
vn -0.7839 0.0428 -0.6194
vn -0.7029 -0.4125 -0.5794
vn -0.6997 0.6178 -0.3587
vn -0.7060 0.6168 0.3481
vn -0.6698 0.7425 0.0061
vn -0.6597 -0.7214 -0.2107
vn -0.6864 -0.2078 -0.6969
vn -0.6986 0.6001 -0.3898
vn 0.1716 -0.9852 -0.0047
vn -0.7277 0.6607 0.1843
vn -0.1629 0.9816 0.0995
vn 0.1495 -0.5603 -0.8147
vn -0.4064 0.7764 0.4817
vn 0.0146 0.4724 -0.8812
vn 0.2526 0.8779 0.4068
vn 0.0780 0.9969 0.0143
vn 0.7607 -0.6307 -0.1534
vn 0.7966 -0.2299 -0.5590
vn 0.7680 0.5099 -0.3876
vn 0.7016 0.6905 0.1760
vn 0.7044 -0.6826 -0.1946
vn 0.7767 -0.2202 -0.5902
vn 0.7898 0.4937 -0.3638
vn -0.2893 -0.9566 -0.0337
vn 0.7643 0.6225 0.1683
vn -0.1485 -0.5589 -0.8158
vn -0.0146 0.4727 -0.8811
vn -0.1865 0.9815 0.0443
vn -0.7612 -0.6301 -0.1536
vn -0.7715 -0.2618 -0.5799
vn -0.7674 0.5100 -0.3886
vn -0.7066 0.6851 0.1771
vn -0.8417 -0.5398 -0.0142
vn -0.8497 0.4694 0.2403
vn 0.8497 0.4694 0.2402
vn 0.8685 0.4211 0.2617
vn -0.8685 0.4211 0.2617
vn -0.9139 -0.3847 0.1298
vn 0.8189 0.5512 0.1600
vn -0.9139 0.3847 -0.1299
vn -0.8685 -0.4211 -0.2617
vn 0.9139 0.3847 -0.1299
vn 0.8685 -0.4211 -0.2617
vn 0.9139 0.3847 -0.1298
vn -0.9138 0.3847 -0.1299
vn -0.9138 -0.3848 0.1298
vn -0.8684 0.4212 0.2617
vn 0.8684 0.4211 0.2617
vn 0.1551 0.9154 0.3716
vn -0.8800 0.3444 0.3271
vn -0.9720 0.1251 0.1990
vn -0.9853 -0.0000 0.1710
vn -0.9258 -0.1490 0.3474
vn -0.9782 -0.1408 0.1528
vn -0.9819 0.0098 -0.1890
vn -0.9260 0.2275 -0.3014
vn -0.9776 0.1522 -0.1451
vn -0.9659 0.2549 -0.0443
vn -0.7970 0.5829 0.1583
vn 0.9817 -0.0033 0.1905
vn 0.9747 0.1366 0.1771
vn 0.9739 -0.0253 -0.2258
vn 0.9798 -0.0948 0.1761
vn 0.9677 0.1864 -0.1697
vn 0.9722 -0.2019 0.1186
vn 0.9100 0.4131 -0.0352
vn 0.9569 -0.2898 -0.0165
vn 0.9032 0.3756 0.2077
vn 0.9766 -0.0817 -0.1992
vn 0.9742 -0.0516 0.2196
vn 0.9806 0.0318 -0.1933
vn 0.9785 0.1293 -0.1606
vn 0.9551 -0.2723 0.1168
vn 0.9644 0.2582 -0.0579
vn 0.9785 -0.0229 -0.2050
vn 0.9334 0.1249 -0.3363
vn -0.9489 0.1054 -0.2975
vn 0.9406 0.3320 0.0712
vn 0.9469 0.2815 0.1556
vn -0.9469 0.2815 0.1556
vn 0.9785 0.0229 0.2050
vn 0.9802 -0.0411 0.1939
vn -0.9802 -0.0411 0.1939
vn 0.9742 -0.1697 0.1491
vn 0.9640 -0.2460 0.1009
vn -0.8631 -0.4301 0.2646
vn -0.8862 -0.4399 -0.1453
vn 0.9502 -0.2811 -0.1342
vn -0.8029 -0.5225 -0.2871
vn -0.9450 -0.2235 -0.2387
vn -0.9655 -0.1091 -0.2364
vn -0.9659 0.2188 -0.1387
vn -0.9834 -0.1810 0.0116
vn -0.9602 -0.2621 -0.0968
vn -0.9032 0.3756 0.2077
vn 0.9655 0.1090 0.2364
vn 0.9739 0.0253 0.2258
vn 0.9450 0.2235 0.2387
vn 0.8744 0.4745 0.1018
vn 0.9490 0.2903 -0.1228
vn 0.9763 0.0494 -0.2108
vn -0.7421 0.3331 -0.5816
vn -0.9512 0.0887 -0.2955
vn -0.9739 -0.0253 -0.2258
vn -0.9234 0.3785 -0.0641
vn 0.1718 0.8902 -0.4220
vn -0.9763 -0.0449 0.2118
vn -0.9739 0.0253 0.2258
vn 0.9100 -0.4131 0.0352
vn -0.8528 -0.5024 -0.1422
vn 0.9025 -0.4209 -0.0912
vn 0.1110 -0.8664 -0.4869
vn -0.8878 -0.3598 -0.2870
vn 0.9151 -0.2943 -0.2755
vn -0.9564 0.2078 -0.2052
vn -0.9655 0.1090 0.2364
vn -0.9497 -0.1893 0.2493
vn -0.7915 -0.4623 0.3998
vn 0.9450 -0.2235 -0.2387
vn 0.9655 -0.1090 -0.2364
vn 0.9763 -0.0449 0.2118
vn -0.8968 -0.3889 0.2110
vn -0.8232 -0.5661 -0.0430
vn -0.9313 0.0941 0.3519
vn 0.9289 -0.2440 0.2786
vn 0.8704 -0.4825 0.0975
vn 0.8002 -0.5831 -0.1403
vn 0.9647 -0.2182 -0.1477
vn 0.8711 -0.3898 -0.2987
vn 0.9307 -0.0914 -0.3541
vn 0.9356 0.1345 -0.3264
vn 0.9013 0.3769 -0.2136
vn 0.8240 0.5645 0.0495
vn 0.8462 0.4662 0.2582
vn 0.9171 0.2062 0.3412
vn 0.9379 -0.0250 0.3461
vn -0.8995 -0.4226 -0.1113
vn 0.9044 -0.3776 -0.1987
vn -0.9053 -0.3290 -0.2686
vn -0.9166 0.2248 0.3306
vn 0.9192 0.1020 0.3804
vn -0.9097 -0.0284 0.4142
vn 0.9372 0.1863 -0.2949
vn 0.9229 0.0172 -0.3847
vn 0.9016 -0.2358 -0.3627
vn 0.9113 -0.4111 -0.0218
vn 0.9104 -0.3543 0.2136
vn 0.9153 -0.1533 0.3725
vn 0.9067 0.3402 0.2492
vn -0.8977 -0.4364 0.0611
vn -0.9064 0.4212 -0.0321
vn 0.9140 0.4052 0.0184
vn -0.9103 0.3856 0.1504
vn -0.9348 -0.1969 0.2955
vn -0.9240 -0.1391 -0.3561
vn -0.9355 0.1643 -0.3127
vn -0.9027 0.3679 -0.2230
vn -0.8763 0.4699 -0.1063
vn 0.9535 -0.3014 -0.0068
vn -0.9488 -0.3146 0.0288
vn -0.9731 -0.0965 -0.2091
vn -0.9785 -0.0229 -0.2050
vn -0.9488 0.3147 -0.0268
vn -0.9406 0.3320 0.0712
vn 0.9621 0.1863 0.1989
vn -0.9621 0.1863 0.1989
vn -0.9032 -0.3756 -0.2077
vn 0.9406 0.1133 -0.3200
vn -0.6841 0.3635 -0.6324
vn 0.8918 0.3666 -0.2650
vn 0.8991 0.4343 -0.0553
vn -0.9144 -0.2592 0.3109
vn 0.8933 -0.2721 0.3578
vn 0.4429 -0.6656 0.6007
vn -0.9361 -0.3158 0.1546
vn -0.9100 0.4131 -0.0352
vn -0.8744 0.4745 0.1018
vn -0.9100 -0.4131 0.0352
vn -0.9736 -0.1288 -0.1884
vn -0.9095 -0.1161 -0.3993
vn -0.9813 0.0167 -0.1916
vn -0.9788 -0.1122 0.1715
vn -0.9178 -0.3045 0.2550
vn -0.9700 -0.2126 0.1182
vn -0.9479 -0.3184 0.0110
vn -0.8101 -0.5739 -0.1200
vn -0.9538 -0.2771 -0.1164
vn 0.9179 -0.0186 0.3964
vn 0.8382 -0.1129 0.5335
vn -0.9742 -0.1697 0.1491
vn 0.9211 -0.1417 0.3626
vn 0.9573 -0.2328 0.1713
vn 0.8587 -0.4736 0.1956
vn 0.8888 -0.4490 0.0921
vn -0.9488 -0.3147 0.0268
vn 0.8310 -0.2374 -0.5030
vn 0.9547 -0.0655 -0.2903
vn -0.9742 0.1697 -0.1491
vn 0.9789 0.1032 -0.1763
vn 0.9742 0.1697 -0.1491
vn -0.9766 0.0222 0.2139
vn -0.9341 0.3378 -0.1156
vn -0.5547 -0.5396 -0.6334
vn -0.9061 -0.2407 -0.3478
vn 0.9700 -0.0602 -0.2354
vn 0.9504 -0.2731 -0.1488
vn 0.9763 0.0432 -0.2119
vn 0.9745 0.1134 -0.1938
vn 0.9789 -0.1351 0.1536
vn 0.9726 0.2002 -0.1179
vn 0.9672 -0.1909 0.1677
vn 0.9490 -0.2904 0.1228
vn 0.9745 -0.1134 0.1938
vn -0.9602 -0.2438 0.1363
vn -0.9469 -0.1396 0.2895
vn -0.9829 0.1353 -0.1245
vn -0.9565 0.2831 0.0701
vn -0.8744 -0.4745 -0.1018
vn -0.9178 -0.3925 0.0607
vn 0.9633 0.1189 0.2407
vn 0.8744 -0.4745 -0.1018
vn -0.9747 -0.0186 -0.2229
vn -0.8738 0.4743 0.1075
vn -0.9132 0.3324 0.2358
vn 0.9039 0.3774 0.2014
vn 0.9472 0.2126 0.2399
vn -0.9490 -0.2904 0.1228
vn 0.8323 0.5419 0.1163
vn -0.9622 0.1862 0.1989
vn 0.9731 0.0964 0.2091
vn -0.9731 0.0965 0.2091
vn -0.9789 -0.1032 0.1763
vn -0.9641 -0.2447 0.1035
vn 0.9406 -0.3320 -0.0712
vn -0.9406 -0.3320 -0.0712
vn 0.9171 0.3635 0.1636
vn 0.9621 0.1863 0.1990
vn 0.9641 0.2447 -0.1035
vn 0.9208 0.3900 -0.0016
vn 0.9490 0.2904 -0.1228
vn -0.7851 0.6194 0.0031
vn 0.8779 0.4787 0.0040
vn -0.9745 0.1134 -0.1938
vn -0.9672 0.1909 -0.1677
vn 0.9672 0.1909 -0.1677
vn -0.9325 0.1241 -0.3391
vn -0.9871 0.1277 -0.0962
vn -0.8696 0.4839 -0.0980
vn -0.8099 0.5513 0.2003
vn -0.9483 0.2776 0.1538
vn -0.9625 0.1824 0.2008
vn -0.9029 0.2638 0.3394
vn -0.9789 0.0539 0.1973
vn -0.9801 -0.0307 0.1963
vn -0.9374 -0.1266 0.3245
vn -0.8722 -0.4805 0.0916
vn -0.8655 -0.4005 -0.3007
vn 0.9352 0.0207 -0.3536
vn 0.9815 0.0723 -0.1775
vn 0.9250 0.2562 -0.2805
vn 0.8706 0.4836 -0.0904
vn 0.8125 0.5510 0.1904
vn 0.9490 0.2783 0.1481
vn 0.8911 0.3233 0.3183
vn 0.9277 0.1090 0.3571
vn 0.9738 0.0934 0.2075
vn 0.9814 -0.0152 0.1915
vn 0.8756 -0.4691 0.1152
vn 0.9664 -0.2354 0.1027
vn 0.9575 -0.2864 -0.0328
vn 0.8606 -0.4180 -0.2910
vn 0.9717 -0.1328 -0.1956
vn 0.9135 -0.1590 -0.3744
vn -0.9338 0.1881 0.3044
vn 0.9283 -0.0036 0.3718
vn -0.9270 -0.0371 0.3733
vn 0.9410 -0.2120 0.2639
vn -0.9260 -0.2550 0.2784
vn -0.9211 -0.3791 0.0890
vn 0.8905 -0.4470 -0.0846
vn -0.9104 -0.3904 -0.1368
vn 0.9326 -0.0940 0.3485
vn 0.9196 0.2226 0.3237
vn 0.9295 0.2853 -0.2339
vn 0.9143 0.1446 -0.3785
vn 0.9352 -0.0486 -0.3509
vn 0.9170 -0.2203 -0.3325
vn -0.9052 -0.2794 -0.3202
vn 0.8996 -0.3772 -0.2201
vn -0.9301 -0.0938 -0.3552
vn -0.9186 0.3581 -0.1673
vn 0.9092 0.4067 -0.0887
vn -0.8965 0.4420 0.0310
vn 0.9157 0.3760 0.1419
vn -0.9353 0.0453 0.3509
vn -0.9034 0.3704 0.2161
vn -0.8817 -0.3857 -0.2717
vn 0.8712 -0.2719 -0.4087
vn -0.8508 -0.3569 -0.3857
vn 0.9570 0.2895 0.0175
vn 0.9062 -0.3637 -0.2158
vn 0.9628 0.1786 0.2029
vn 0.9785 -0.0285 -0.2045
vn -0.9802 0.0411 -0.1939
vn -0.9789 0.1032 -0.1763
vn -0.9641 0.2447 -0.1035
vn 0.9567 0.0074 0.2909
vn 0.8991 -0.4343 0.0553
vn -0.0683 -0.9083 0.4128
vn 0.5601 -0.3355 -0.7575
vn -0.9735 -0.0304 -0.2265
vn 0.9219 -0.1040 -0.3732
vn 0.8738 0.4444 0.1973
vn 0.2256 0.9527 0.2038
vn -0.9204 0.3466 0.1809
vn -0.4335 -0.1876 0.8814
vn 0.9561 -0.1245 0.2654
vn -0.9317 -0.2643 -0.2491
vn -0.9878 0.1478 0.0487
vn -0.9927 0.0879 0.0820
vn -0.9793 0.0373 0.1989
vn -0.9898 0.0145 -0.1414
vn -0.9162 0.3810 -0.1245
vn -0.9747 -0.2218 -0.0277
vn -0.7426 0.6600 0.1137
vn -0.9869 0.0002 0.1612
vn -0.9856 -0.0057 -0.1690
vn -0.9859 0.0829 -0.1453
vn 0.9934 0.1028 -0.0512
vn 0.8283 -0.5027 0.2475
vn 0.7642 -0.6372 0.1001
vn 0.8476 -0.3849 0.3652
vn 0.9362 -0.1477 0.3188
vn 0.9816 -0.1555 -0.1106
vn 0.8638 0.3841 0.3260
vn 0.8101 0.2808 0.5146
vn 0.9764 -0.2090 -0.0536
vn 0.8181 0.5702 -0.0747
vn 0.4327 0.8969 0.0915
vn 0.9380 0.1416 -0.3164
vn 0.9294 -0.0659 -0.3632
vn 0.5770 0.0908 -0.8117
vn -0.6029 -0.6649 -0.4410
vn 0.8593 -0.4001 -0.3185
vn 0.7394 -0.6210 -0.2601
vn -0.9757 0.0922 0.1985
vn -0.5330 0.6374 0.5564
vn -0.7603 0.5681 0.3149
vn -0.9786 -0.1439 0.1471
vn -0.3874 -0.3718 0.8436
vn 0.1352 0.7110 -0.6901
vn 0.6472 0.6744 -0.3553
vn -0.5978 0.7559 -0.2671
vn 0.9306 -0.2803 0.2355
vn 0.9919 -0.0630 0.1100
vn 0.9845 -0.1654 0.0583
vn 0.9894 -0.0323 -0.1415
vn 0.9909 0.0545 -0.1230
vn 0.9507 0.0339 -0.3081
vn 0.9559 0.2805 0.0867
vn -0.9638 -0.2651 -0.0304
vn -0.9849 -0.1543 -0.0787
vn 0.8451 -0.5347 0.0004
vn 0.8417 -0.4921 -0.2223
vn 0.9250 -0.2251 -0.3061
vn 0.9133 0.2666 0.3078
vn 0.8392 0.5034 0.2057
vn 0.9649 0.2080 0.1605
vn 0.9439 0.2499 -0.2158
vn 0.9280 0.3548 -0.1136
vn 0.9323 0.2008 -0.3009
vn 0.9621 0.0255 -0.2716
vn 0.9362 -0.1283 -0.3274
vn 0.9155 -0.3988 -0.0533
vn 0.9277 -0.3533 0.1208
vn 0.9477 -0.0052 0.3192
vn 0.9419 -0.1141 0.3160
vn 0.9364 0.1241 0.3283
vn 0.8470 0.5305 -0.0347
vn -0.8497 0.5072 0.1442
vn 0.9152 0.3991 0.0551
vn 0.9259 0.3194 0.2018
vn -0.8262 0.3617 0.4319
vn -0.8207 0.4450 -0.3582
vn -0.9856 -0.0745 -0.1521
vn -0.8675 -0.1729 -0.4665
vn -0.8208 0.1519 -0.5507
vn -0.9888 0.1412 -0.0478
vn -0.8565 0.5085 -0.0890
vn -0.5794 0.0269 0.8146
vn -0.0076 0.4388 0.8986
vn 0.5923 0.0221 0.8054
vn -0.1187 -0.9777 -0.1731
vn 0.6518 -0.6377 -0.4105
vn 0.6353 0.7544 -0.1649
vn 0.8741 0.4365 -0.2130
vn 0.9177 0.0943 0.3859
vn 0.9794 0.1909 0.0664
vn 0.9882 0.0680 0.1373
vn 0.9278 0.2758 -0.2514
vn -0.9881 0.1512 -0.0273
vn -0.9752 0.2189 0.0313
vn -0.7594 -0.6457 -0.0794
vn -0.7924 -0.5438 -0.2765
vn -0.9133 0.3688 -0.1727
vn -0.9888 -0.0804 0.1256
vn -0.9813 -0.1879 0.0406
vn 0.6511 0.7426 -0.1571
vn -0.4767 0.8749 0.0860
vn 0.8079 0.5555 0.1968
vn 0.7767 -0.2978 -0.5550
vn -0.6018 -0.1722 -0.7799
vn 0.9464 0.0404 -0.3205
vn 0.9851 -0.1624 0.0562
vn 0.8769 0.4414 -0.1902
vn -0.6850 0.0712 -0.7251
vn 0.8624 -0.3982 -0.3126
vn 0.9957 0.0548 -0.0749
vn 0.9301 -0.0555 0.3631
vn 0.8671 -0.2248 0.4445
vn -0.9932 0.0127 -0.1157
vn -0.9329 -0.0366 0.3584
vn -0.8844 0.0872 0.4585
vn -0.9955 0.0569 -0.0759
vn -0.8889 -0.3289 0.3189
vn -0.8591 -0.2358 0.4542
vn -0.6824 -0.7169 0.1427
vn -0.9945 -0.0563 0.0887
vn -0.9743 0.0906 -0.2062
vn -0.7860 0.0255 -0.6177
vn 0.6276 0.7200 -0.2961
vn -0.7287 0.6720 -0.1321
vn -0.2811 -0.4428 -0.8515
vn 0.7144 -0.1190 -0.6896
vn -0.9758 -0.0246 -0.2175
vn -0.9466 0.0853 -0.3110
vn -0.9296 0.2959 -0.2198
vn -0.8265 0.5626 0.0174
vn -0.9850 0.1506 0.0840
vn -0.9528 -0.0290 0.3022
vn -0.8233 -0.5671 0.0234
vn -0.9856 -0.1663 -0.0300
vn -0.9756 -0.2013 -0.0874
vn 0.9443 0.0495 -0.3254
vn 0.9188 0.3359 -0.2071
vn 0.9790 0.1995 -0.0413
vn 0.8141 0.5699 0.1119
vn 0.9289 -0.3004 0.2168
vn 0.9890 -0.0999 0.1087
vn 0.8195 -0.5680 -0.0754
vn 0.9551 -0.2919 -0.0507
vn 0.9726 -0.2066 -0.1068
vn -0.9445 0.1759 -0.2773
vn 0.9465 0.2453 -0.2095
vn -0.9268 0.3580 -0.1135
vn -0.9089 0.3945 0.1351
vn 0.9236 0.2984 0.2405
vn -0.8907 0.2087 0.4037
vn 0.9571 -0.0650 0.2825
vn -0.8472 -0.1698 0.5033
vn -0.8939 -0.4098 -0.1818
vn 0.9206 -0.3352 -0.2001
vn -0.8977 -0.2592 -0.3563
vn 0.9221 0.3698 0.1137
vn 0.9164 0.3934 -0.0734
vn 0.9580 0.0711 -0.2780
vn 0.9196 -0.1372 -0.3682
vn 0.9072 -0.2863 -0.3084
vn 0.9473 -0.2535 0.1961
vn 0.9344 -0.3559 0.0168
vn -0.9252 -0.3790 -0.0198
vn -0.9135 -0.0448 -0.4044
vn 0.9474 0.0897 0.3073
vn -0.8896 -0.3693 0.2686
vn -0.6813 0.6813 -0.2678
vn 0.0196 0.7204 -0.6933
vn 0.9789 0.1717 0.1109
vn 0.9856 0.1629 0.0447
vn 0.9904 -0.0306 0.1348
vn 0.9105 0.3080 -0.2758
vn 0.9908 -0.0395 -0.1294
vn 0.9346 0.0812 0.3463
vn 0.8910 -0.3931 0.2272
vn 0.8712 -0.4877 0.0558
vn 0.9621 -0.1863 -0.1989
vn -0.9368 -0.2611 -0.2327
vn 0.9731 -0.0965 -0.2091
vn 0.7956 0.3084 -0.5215
vn -0.8764 0.2457 -0.4141
vn 0.8336 0.3836 -0.3974
vn -0.9164 0.2580 -0.3059
vn 0.8587 0.4736 -0.1956
vn 0.8888 0.4490 -0.0921
vn 0.9789 -0.1032 0.1763
vn -0.9722 -0.1338 -0.1922
vn -0.9450 0.2235 0.2387
vn -0.9745 -0.1134 0.1938
vn -0.9672 -0.1909 0.1677
vn -0.9785 0.0229 0.2050
vn -0.9490 0.2903 -0.1228
vn -0.9511 0.0987 -0.2926
vn -0.9655 -0.1090 -0.2364
vn 0.9655 -0.1091 -0.2364
vn 0.9032 -0.3756 -0.2077
vn 0.9731 0.0965 0.2091
vn 0.9490 -0.2903 0.1228
vn -0.9490 -0.2903 0.1228
vn -0.8911 -0.2749 -0.3610
vn -0.8437 -0.4712 -0.2572
vn -0.9238 -0.0165 -0.3824
vn 0.9233 0.3260 -0.2030
vn -0.9239 -0.3209 0.2085
vn -0.9361 0.0233 -0.3509
vn 0.9802 0.0411 -0.1939
vn -0.9036 -0.3735 -0.2099
vn -0.9464 -0.2200 -0.2363
vn -0.9763 0.0449 -0.2118
vn -0.9761 0.0435 -0.2131
vn -0.9563 -0.1446 -0.2542
vn -0.8908 -0.3864 -0.2391
vn -0.9647 0.1166 0.2361
vn 0.9213 -0.3275 0.2096
vn 0.8991 -0.3835 -0.2111
vn 0.9474 -0.2773 -0.1598
vn 0.9326 -0.2377 -0.2714
vn 0.9763 0.0449 -0.2118
vn -0.9187 0.3096 -0.2453
vn 0.9266 -0.2462 0.2843
vn 0.8107 -0.5726 -0.1217
vn 0.9171 -0.3859 0.1005
vn -0.9194 0.2435 -0.3089
vn -0.9366 0.0550 -0.3460
vn -0.9836 -0.0836 0.1599
vn -0.9634 0.1938 -0.1854
vn -0.8548 -0.5106 -0.0923
vn -0.9931 -0.0992 0.0618
vn -0.9654 -0.2310 0.1207
vn -0.9244 -0.3747 0.0710
vn 0.5748 -0.8076 -0.1321
vn -0.0394 -0.9801 0.1946
vn -0.0675 -0.8687 0.4907
vn 0.0796 -0.6740 0.7345
vn 0.0109 -0.3528 0.9356
vn 0.9397 -0.0251 0.3410
vn 0.0390 0.7396 0.6719
vn 0.7849 0.5805 0.2167
vn -0.1395 0.8989 0.4154
vn -0.0108 0.9967 0.0807
vn 0.0113 0.4191 -0.9079
vn -0.0836 0.1157 -0.9898
vn 0.0044 -0.1883 -0.9821
vn 0.2909 -0.5302 -0.7964
vn 0.1265 -0.5498 -0.8257
vn -0.1648 -0.8890 -0.4272
vn -0.9167 -0.2230 -0.3315
vn -0.9379 -0.1103 -0.3288
vn -0.5140 0.3771 -0.7704
vn -0.7876 0.5619 -0.2530
vn -0.5912 0.1668 0.7891
vn 0.9297 -0.3147 -0.1912
vn -0.8883 -0.3467 -0.3012
vn -0.8774 -0.4791 -0.0231
vn 0.9335 -0.2223 0.2813
vn -0.8548 -0.1450 0.4983
vn -0.8590 0.1252 0.4963
vn -0.8623 -0.3959 0.3157
vn -0.9745 0.1128 0.1941
vn -0.9362 0.2452 0.2519
vn -0.9101 -0.2747 -0.3102
vn -0.9852 0.0885 0.1469
vn -0.9779 -0.1021 -0.1824
vn -0.2366 0.9692 0.0691
vn 0.9303 0.1452 -0.3370
vn 0.0292 0.3643 -0.9308
vn -0.0341 -0.7322 -0.6802
vn 0.5933 -0.7439 -0.3075
vn 0.1012 -0.9047 -0.4137
vn 0.6040 -0.7868 -0.1269
vn -0.0539 -0.9923 -0.1116
vn 0.0725 -0.9788 0.1916
vn -0.0752 -0.8730 0.4819
vn 0.8292 -0.3703 0.4188
vn 0.1260 -0.6690 0.7325
vn -0.0071 -0.4068 0.9135
vn 0.0036 -0.1070 0.9943
vn 0.0880 0.1961 0.9766
vn 0.9076 0.2208 0.3571
vn 0.0135 0.4950 0.8688
vn 0.8621 0.3826 0.3322
vn -0.0679 0.7360 0.6735
vn 0.0628 0.8969 0.4378
vn -0.6715 0.7384 0.0615
vn -0.6321 0.7191 0.2886
vn -0.8041 -0.5254 0.2782
vn -0.7805 -0.0662 -0.6217
vn 0.6956 0.0702 -0.7150
vn -0.4178 0.6551 -0.6295
vn 0.9199 0.2292 0.3181
vn 0.9905 0.0253 0.1355
vn 0.9482 -0.0657 0.3108
vn 0.9860 -0.0771 -0.1481
vn -0.0000 0.9571 -0.2897
vn -0.0000 0.8175 -0.5759
vn -0.0000 0.5942 -0.8043
vn -0.0000 0.3106 -0.9505
vn -0.0000 -0.0046 -1.0000
vn -0.0000 -0.3195 -0.9476
vn -0.0000 -0.6020 -0.7985
vn -0.0000 -0.8209 -0.5710
vn -0.0000 -0.9531 -0.3025
vn -0.0000 -0.9999 -0.0162
vn -0.0000 -0.9571 0.2897
vn -0.0000 -0.8175 0.5759
vn -0.0000 -0.5942 0.8043
vn -0.0000 -0.3106 0.9506
vn -0.0000 -0.3106 0.9505
vn -0.0000 0.0046 1.0000
vn -0.0000 0.3195 0.9476
vn -0.0000 0.6020 0.7985
vn -0.0000 0.8209 0.5710
vn -0.0000 0.9531 0.3025
vn -0.0000 0.9999 0.0162
vn 0.0002 -0.6020 -0.7985
vn 0.0001 -0.6020 -0.7985
vn 0.0002 -0.8209 -0.5710
vn 0.0001 -0.8209 -0.5710
vn 0.0001 -0.9531 -0.3025
vn -0.0001 -0.8175 0.5759
vn -0.0002 -0.5942 0.8043
vn -0.0001 -0.5942 0.8043
vn -0.0000 -0.6019 -0.7985
vn -0.0000 0.3106 -0.9506
vn 0.0001 -0.9999 -0.0162
vn 0.0001 -0.9571 0.2897
vn -0.0000 0.9951 0.0987
vn -0.0000 0.9789 -0.2044
vn -0.0000 0.9254 0.3790
vn -0.0000 0.7679 0.6406
vn -0.0000 0.5283 0.8490
vn -0.0000 0.2336 0.9723
vn -0.0000 -0.0846 0.9964
vn -0.0000 -0.3941 0.9191
vn -0.0000 -0.6637 0.7480
vn -0.0000 -0.8657 0.5006
vn -0.0000 -0.9789 0.2044
vn -0.0000 -0.9951 -0.0987
vn -0.0001 -0.9428 -0.3334
vn -0.0000 -0.9431 -0.3326
vn -0.0000 -0.8479 -0.5302
vn -0.0000 -0.5283 -0.8490
vn -0.0000 -0.7593 -0.6508
vn -0.0000 -0.7592 -0.6508
vn -0.0000 -0.2336 -0.9723
vn -0.0000 0.0846 -0.9964
vn -0.0000 0.3941 -0.9191
vn -0.0000 0.6636 -0.7480
vn -0.0000 0.8657 -0.5006
vn -0.0000 -0.9744 0.2247
vn -0.0000 -0.9744 0.2246
vn -0.0000 -0.9933 -0.1152
vn -0.0000 -0.9932 -0.1166
vn -0.0000 -0.7504 -0.6610
vn -0.0000 -0.7505 -0.6608
vn -0.0000 -0.5283 -0.8491
vn -0.0000 -0.2337 -0.9723
vn -0.0000 0.6636 -0.7481
vn -0.0000 0.9288 0.3705
vn -0.0000 0.9284 0.3715
vn -0.0000 0.0853 0.9964
vn -0.0000 0.7090 0.7052
vn -0.0000 0.4446 0.8957
vn -0.0000 0.4451 0.8955
vn -0.0000 0.8532 0.5216
vn -0.0000 0.8534 0.5213
vn -0.0000 0.1935 0.9811
vn -0.0000 0.1941 0.9810
vn -0.0000 -0.9744 0.2249
vn -0.0000 -0.7506 -0.6608
vn -0.0000 0.6637 -0.7480
vn -0.0000 0.7089 0.7053
vn -0.0000 0.7091 0.7052
vn -0.0001 0.8532 0.5216
vn -0.0001 -0.7506 -0.6608
vn -0.0000 -0.3940 0.9191
vn -0.0000 -0.8659 0.5003
vn -0.0000 -0.9790 0.2039
vn -0.0000 -0.9951 -0.0989
vn -0.0000 -0.9431 -0.3325
vn -0.0000 -0.8477 -0.5305
vn -0.0000 -0.5285 -0.8489
vn -0.0001 -0.7589 -0.6512
vn -0.0000 -0.2343 -0.9722
vn -0.0000 0.0843 -0.9964
vn -0.0000 0.6639 -0.7478
vn -0.0000 0.8659 -0.5002
vn -0.0000 0.9790 -0.2036
vn -0.0000 0.9951 0.0991
vn -0.0000 0.9256 0.3786
vn -0.0008 0.9255 0.3787
vn -0.0000 0.7686 0.6397
vn -0.0000 0.5292 0.8485
vn -0.0000 0.2341 0.9722
vn -0.0000 -0.0847 0.9964
vn -0.0000 -0.9428 -0.3334
vn -0.0001 -0.7504 -0.6610
vn 0.0004 0.9288 0.3705
vn -0.0002 -0.7592 -0.6509
vn -0.0001 -0.7592 -0.6509
vn -0.0000 0.0847 -0.9964
vn -0.0000 0.9254 0.3791
vn -0.0000 0.5283 0.8491
vt 0.375000 0.125000
vt 0.379289 0.125000
vt 0.379289 0.225000
vt 0.375000 0.225000
vt 0.375000 0.465000
vt 0.379289 0.465000
vt 0.379288 0.466326
vt 0.375000 0.466326
vt 0.375000 0.525000
vt 0.379289 0.525000
vt 0.379289 0.625000
vt 0.375000 0.625000
vt 0.375000 0.783674
vt 0.379288 0.783674
vt 0.379289 0.785000
vt 0.375000 0.785000
vt 0.841326 0.125000
vt 0.841326 0.225000
vt 0.840000 0.225000
vt 0.840000 0.125000
vt 0.158674 0.225000
vt 0.158674 0.125000
vt 0.160000 0.125000
vt 0.160000 0.225000
vt 0.375000 0.025000
vt 0.379289 0.025000
vt 0.840000 0.025000
vt 0.841326 0.025000
vt 0.379289 0.725000
vt 0.375000 0.725000
vt 0.158674 0.025000
vt 0.160000 0.025000
vt 0.375000 0.262500
vt 0.379288 0.262500
vt 0.379288 0.265183
vt 0.375000 0.265183
vt 0.637500 0.225000
vt 0.637500 0.125000
vt 0.640184 0.125000
vt 0.640184 0.225000
vt 0.637500 0.025000
vt 0.640184 0.025000
vt 0.375000 0.984816
vt 0.379289 0.984816
vt 0.379289 0.987500
vt 0.375000 0.987500
vt 0.359816 0.125000
vt 0.359816 0.025000
vt 0.362500 0.025000
vt 0.362500 0.125000
vt 0.362500 0.225000
vt 0.359817 0.225000
vt 0.375000 0.521423
vt 0.379289 0.521423
vt 0.840000 0.228577
vt 0.841326 0.228577
vt 0.637500 0.228577
vt 0.640184 0.228577
vt 0.379289 0.228577
vt 0.375000 0.228577
vt 0.359817 0.228577
vt 0.362500 0.228577
vt 0.158674 0.228577
vt 0.160000 0.228577
vt 0.375000 0.000000
vt 0.379289 0.000000
vt 0.637500 0.000000
vt 0.640184 0.000000
vt 0.841326 0.000000
vt 0.840000 0.000000
vt 0.379289 0.750000
vt 0.375000 0.750000
vt 0.158674 0.000000
vt 0.160000 0.000000
vt 0.362500 0.000000
vt 0.359816 0.000000
vt 0.379288 0.762500
vt 0.375000 0.762500
vt 0.875000 0.025000
vt 0.862500 0.025000
vt 0.862500 0.000000
vt 0.875000 0.000000
vt 0.862500 0.125000
vt 0.875000 0.125000
vt 0.875000 0.225000
vt 0.862500 0.225000
vt 0.862500 0.228577
vt 0.875000 0.228577
vt 0.375000 0.487500
vt 0.379289 0.487500
vt 0.379289 0.500000
vt 0.375000 0.500000
vt 0.125000 0.225000
vt 0.137500 0.225000
vt 0.137500 0.228577
vt 0.125000 0.228577
vt 0.125000 0.125000
vt 0.137500 0.125000
vt 0.125000 0.025000
vt 0.137500 0.025000
vt 0.125000 0.000000
vt 0.137500 0.000000
vt 0.375000 0.250000
vt 0.379289 0.250000
vt 0.379289 0.250711
vt 0.375000 0.250711
vt 0.625000 0.225000
vt 0.625711 0.225000
vt 0.625711 0.228577
vt 0.625000 0.228577
vt 0.625000 0.125000
vt 0.625711 0.125000
vt 0.625000 0.025000
vt 0.625711 0.025000
vt 0.625000 0.000000
vt 0.625711 0.000000
vt 0.375000 0.999289
vt 0.379289 0.999289
vt 0.379289 1.000000
vt 0.375000 1.000000
vt 0.374289 0.025000
vt 0.374289 0.000000
vt 0.374289 0.125000
vt 0.374289 0.225000
vt 0.374289 0.228577
vt 0.137500 0.145000
vt 0.137500 0.143821
vt 0.250000 0.225000
vt 0.750000 0.025000
vt 0.862500 0.122615
vt 0.137500 0.025000
vt 0.140183 0.025000
vt 0.140183 0.025000
vt 0.660000 0.225000
vt 0.658674 0.225000
vt 0.658674 0.025000
vt 0.660000 0.025000
vt 0.375000 0.411000
vt 0.379289 0.411000
vt 0.379289 0.412298
vt 0.375000 0.412298
vt 0.786000 0.228577
vt 0.786000 0.225000
vt 0.787298 0.225000
vt 0.787298 0.228577
vt 0.787298 0.225000
vt 0.787298 0.125000
vt 0.786000 0.125000
vt 0.786000 0.025000
vt 0.787298 0.025000
vt 0.137500 0.193000
vt 0.137500 0.191847
vt 0.787298 0.000000
vt 0.786000 0.000000
vt 0.375000 0.837702
vt 0.379289 0.837702
vt 0.379289 0.839000
vt 0.375000 0.839000
vt 0.212702 0.025000
vt 0.212702 0.000000
vt 0.214000 0.000000
vt 0.214000 0.025000
vt 0.712702 0.025000
vt 0.714000 0.025000
vt 0.212702 0.125000
vt 0.214000 0.125000
vt 0.212702 0.225000
vt 0.214000 0.225000
vt 0.714000 0.225000
vt 0.712703 0.225000
vt 0.214000 0.228577
vt 0.212702 0.228577
vt 0.375000 0.375000
vt 0.379289 0.375000
vt 0.379289 0.408992
vt 0.375000 0.408992
vt 0.750000 0.228577
vt 0.750000 0.225000
vt 0.783992 0.225000
vt 0.783992 0.228577
vt 0.783992 0.125000
vt 0.750000 0.125000
vt 0.783992 0.025000
vt 0.137500 0.194785
vt 0.783992 0.000000
vt 0.750000 0.000000
vt 0.375000 0.841008
vt 0.379289 0.841008
vt 0.379289 0.875000
vt 0.375000 0.875000
vt 0.216008 0.025000
vt 0.216008 0.000000
vt 0.250000 0.000000
vt 0.250000 0.025000
vt 0.716008 0.025000
vt 0.216008 0.125000
vt 0.250000 0.125000
vt 0.216008 0.225000
vt 0.716008 0.225000
vt 0.216008 0.228577
vt 0.250000 0.228577
vt 0.622209 0.250000
vt 0.625000 0.250000
vt 0.625000 0.250711
vt 0.622209 0.250711
vt 0.622209 0.265183
vt 0.622209 0.262500
vt 0.625000 0.262500
vt 0.625000 0.265183
vt 0.622209 0.408992
vt 0.622209 0.375000
vt 0.625000 0.375000
vt 0.625000 0.408992
vt 0.622209 0.412298
vt 0.622209 0.411000
vt 0.625000 0.411000
vt 0.625000 0.412298
vt 0.622209 0.466326
vt 0.622209 0.465000
vt 0.625000 0.465000
vt 0.625000 0.466326
vt 0.622209 0.500000
vt 0.622209 0.487500
vt 0.625000 0.487500
vt 0.625000 0.500000
vt 0.622209 0.525000
vt 0.622209 0.521423
vt 0.625000 0.521423
vt 0.625000 0.525000
vt 0.622209 0.625000
vt 0.625000 0.625000
vt 0.622209 0.725000
vt 0.625000 0.725000
vt 0.622209 0.750000
vt 0.625000 0.750000
vt 0.622209 0.762500
vt 0.625000 0.762500
vt 0.622209 0.785000
vt 0.622209 0.783674
vt 0.625000 0.783674
vt 0.625000 0.785000
vt 0.622209 0.839000
vt 0.622209 0.837702
vt 0.625000 0.837702
vt 0.625000 0.839000
vt 0.622209 0.875000
vt 0.622209 0.841008
vt 0.625000 0.841008
vt 0.625000 0.875000
vt 0.622209 0.987500
vt 0.622209 0.984816
vt 0.625000 0.984816
vt 0.625000 0.987500
vt 0.622209 1.000000
vt 0.622209 0.999289
vt 0.625000 0.999289
vt 0.625000 1.000000
vt 0.622209 0.025000
vt 0.622209 0.000000
vt 0.622209 0.125000
vt 0.622209 0.225000
vt 0.622209 0.228577
vt 0.158674 0.250000
vt 0.158674 0.247409
vt 0.160000 0.247409
vt 0.160000 0.250000
vt 0.125000 0.247409
vt 0.137500 0.247409
vt 0.137500 0.250000
vt 0.125000 0.250000
vt 0.379289 0.502591
vt 0.375000 0.502591
vt 0.622209 0.502591
vt 0.625000 0.502591
vt 0.862500 0.250000
vt 0.862500 0.247409
vt 0.875000 0.247409
vt 0.875000 0.250000
vt 0.840000 0.250000
vt 0.840000 0.247409
vt 0.841326 0.247409
vt 0.841326 0.250000
vt 0.786000 0.250000
vt 0.786000 0.247409
vt 0.787298 0.247409
vt 0.787298 0.250000
vt 0.750000 0.250000
vt 0.750000 0.247409
vt 0.783992 0.247409
vt 0.783992 0.250000
vt 0.637500 0.250000
vt 0.637500 0.247409
vt 0.640184 0.247409
vt 0.640184 0.250000
vt 0.625711 0.250000
vt 0.625711 0.247409
vt 0.625000 0.247409
vt 0.622209 0.247409
vt 0.379289 0.247409
vt 0.375000 0.247409
vt 0.374289 0.250000
vt 0.374289 0.247409
vt 0.362500 0.250000
vt 0.362500 0.247409
vt 0.359817 0.250000
vt 0.359817 0.247409
vt 0.216008 0.250000
vt 0.216008 0.247409
vt 0.250000 0.247409
vt 0.250000 0.250000
vt 0.212702 0.250000
vt 0.212702 0.247409
vt 0.214000 0.247409
vt 0.214000 0.250000
vt 0.160386 0.247409
vt 0.160386 0.228577
vt 0.160386 0.225000
vt 0.660386 0.225000
vt 0.160386 0.125000
vt 0.160386 0.025000
vt 0.660386 0.025000
vt 0.160386 0.000000
vt 0.379289 0.785386
vt 0.375000 0.785386
vt 0.622209 0.785386
vt 0.625000 0.785386
vt 0.839614 0.025000
vt 0.839614 0.000000
vt 0.137500 0.145343
vt 0.839614 0.125000
vt 0.839614 0.225000
vt 0.839614 0.228577
vt 0.839614 0.247409
vt 0.839614 0.250000
vt 0.622209 0.464614
vt 0.625000 0.464614
vt 0.379289 0.464614
vt 0.375000 0.464614
vt 0.160386 0.250000
vt 0.138028 0.247409
vt 0.138028 0.228577
vt 0.138028 0.225000
vt 0.638028 0.225000
vt 0.138028 0.125000
vt 0.138028 0.025000
vt 0.638028 0.025000
vt 0.138028 0.000000
vt 0.375000 0.763028
vt 0.379288 0.763028
vt 0.622209 0.763028
vt 0.625000 0.763028
vt 0.861972 0.000000
vt 0.861972 0.025000
vt 0.137500 0.125469
vt 0.861972 0.125000
vt 0.861972 0.225000
vt 0.861972 0.228577
vt 0.861972 0.247409
vt 0.861972 0.250000
vt 0.622209 0.486972
vt 0.625000 0.486972
vt 0.379289 0.486972
vt 0.375000 0.486972
vt 0.138028 0.250000
vt 0.626409 0.064408
vt 0.351400 0.107967
vt 0.648603 0.107966
vt 0.591842 0.029841
vt 0.548284 0.007647
vt 0.500000 -0.000000
vt 0.451716 0.007647
vt 0.408159 0.029841
vt 0.373591 0.064409
vt 0.351397 0.204534
vt 0.343750 0.156250
vt 0.373591 0.248091
vt 0.408159 0.282659
vt 0.451716 0.304853
vt 0.500000 0.312500
vt 0.548284 0.304853
vt 0.591841 0.282659
vt 0.626409 0.248091
vt 0.648603 0.204534
vt 0.656250 0.156250
vt 0.626409 0.935591
vt 0.648602 0.892034
vt 0.591841 0.970159
vt 0.548284 0.992353
vt 0.500000 1.000000
vt 0.451716 0.992353
vt 0.408159 0.970159
vt 0.373591 0.935591
vt 0.351397 0.892034
vt 0.343750 0.843750
vt 0.351397 0.795466
vt 0.373591 0.751909
vt 0.408159 0.717341
vt 0.451716 0.695147
vt 0.500000 0.687500
vt 0.548284 0.695147
vt 0.591842 0.717341
vt 0.626409 0.751908
vt 0.648603 0.795466
vt 0.656250 0.843750
vt 0.375427 0.321977
vt 0.375671 0.678234
vt 0.375000 0.679863
vt 0.424849 0.025798
vt 0.351554 0.155836
vt 0.348918 0.155998
vt 0.417344 0.323931
vt 0.417092 0.677113
vt 0.416241 0.323796
vt 0.458995 0.323744
vt 0.458763 0.677146
vt 0.457907 0.323813
vt 0.500674 0.323952
vt 0.500426 0.677170
vt 0.499575 0.323865
vt 0.542342 0.324007
vt 0.542096 0.677172
vt 0.541241 0.323883
vt 0.583756 0.323895
vt 0.584007 0.677075
vt 0.582907 0.677084
vt 0.574153 0.027388
vt 0.499841 0.148230
vt 0.425709 0.284545
vt 0.574231 0.284541
vt 0.648455 0.155879
vt 0.574268 0.972013
vt 0.425632 0.972004
vt 0.501321 0.838004
vt 0.351543 0.843400
vt 0.425882 0.714894
vt 0.575219 0.713303
vt 0.648471 0.843399
vt 0.575452 0.025221
vt 0.575545 0.020934
vt 0.578901 0.022277
vt 0.375000 0.312500
vt 0.375688 0.312500
vt 0.624330 0.322682
vt 0.624586 0.312500
vt 0.625000 0.321041
vt 0.575495 0.291566
vt 0.575545 0.286938
vt 0.578916 0.290197
vt 0.582660 0.323919
vt 0.583336 0.312500
vt 0.375415 0.688440
vt 0.420573 0.976811
vt 0.424510 0.974465
vt 0.423488 0.979066
vt 0.424501 0.708434
vt 0.424555 0.712730
vt 0.421101 0.709775
vt 0.437500 0.688440
vt 0.437500 0.312500
vt 0.425000 0.312500
vt 0.425000 0.688440
vt 0.583328 0.688440
vt 0.575447 0.025218
vt 0.424841 0.025801
vt 0.574176 0.027398
vt 0.624330 0.322681
vt 0.624573 0.678946
vt 0.625000 0.321045
vt 0.417093 0.677111
vt 0.417341 0.323913
vt 0.416240 0.323788
vt 0.458763 0.677127
vt 0.458994 0.323736
vt 0.457904 0.323801
vt 0.500426 0.677158
vt 0.500674 0.323961
vt 0.499575 0.323860
vt 0.542096 0.677159
vt 0.542341 0.324001
vt 0.541241 0.323871
vt 0.582661 0.323895
vt 0.582908 0.677096
vt 0.583761 0.323897
vt 0.425892 0.714900
vt 0.575219 0.713311
vt 0.424549 0.712732
vt 0.500664 0.148822
vt 0.351555 0.155836
vt 0.425697 0.284539
vt 0.574239 0.284548
vt 0.648463 0.155863
vt 0.574256 0.972022
vt 0.500212 0.837605
vt 0.425648 0.972014
vt 0.351550 0.843411
vt 0.648469 0.843399
vt 0.375428 0.321982
vt 0.375686 0.312500
vt 0.624584 0.312500
vt 0.583337 0.312500
vt 0.375414 0.688440
vt 0.375673 0.678228
vt 0.375000 0.679875
vt 0.583748 0.688440
vt 0.582638 0.688440
vt 0.584010 0.677050
vt 0.375427 0.321976
vt 0.375670 0.678247
vt 0.375000 0.679888
vt 0.417341 0.323946
vt 0.417092 0.677108
vt 0.416239 0.323801
vt 0.458995 0.323726
vt 0.458762 0.677159
vt 0.457906 0.323806
vt 0.500673 0.323950
vt 0.500426 0.677161
vt 0.499575 0.323869
vt 0.583759 0.323886
vt 0.584006 0.677065
vt 0.582907 0.677074
vt 0.424847 0.025798
vt 0.575131 0.025765
vt 0.499956 0.148397
vt 0.349612 0.155962
vt 0.424731 0.286276
vt 0.575186 0.286282
vt 0.650392 0.155981
vt 0.575255 0.973743
vt 0.424808 0.973828
vt 0.500632 0.837343
vt 0.349612 0.843485
vt 0.424899 0.713292
vt 0.575227 0.713312
vt 0.650399 0.843488
vt 0.624329 0.322685
vt 0.624586 0.312500
vt 0.625000 0.321033
vt 0.582659 0.323908
vt 0.583337 0.312500
vt 0.375414 0.688440
vt 0.583329 0.688440
vt 0.624329 0.322686
vt 0.624573 0.678941
vt 0.625000 0.321040
vt 0.417093 0.677110
vt 0.417343 0.323903
vt 0.416240 0.323793
vt 0.458761 0.677115
vt 0.458996 0.323748
vt 0.457904 0.323800
vt 0.500427 0.677161
vt 0.500674 0.323961
vt 0.499576 0.323879
vt 0.542097 0.677156
vt 0.542342 0.324009
vt 0.541241 0.323873
vt 0.582662 0.323902
vt 0.582909 0.677093
vt 0.583762 0.323900
vt 0.424727 0.286272
vt 0.425043 0.026127
vt 0.349605 0.155958
vt 0.575191 0.286281
vt 0.650388 0.155979
vt 0.575134 0.025762
vt 0.575250 0.973739
vt 0.500709 0.837552
vt 0.424802 0.973828
vt 0.349616 0.843488
vt 0.424900 0.713301
vt 0.575222 0.713311
vt 0.650394 0.843491
vt 0.624586 0.312500
vt 0.583337 0.312500
vt 0.375413 0.688440
vt 0.375673 0.678227
vt 0.375000 0.679861
vt 0.583327 0.688440
vt 0.584012 0.677058
vt 0.648603 0.204534
vt 0.351397 0.107966
vt 0.648603 0.892034
vt 0.656250 0.843750
vt 0.351398 0.107966
vt 0.656250 0.843750
vt 0.648602 0.204534
vt 0.343750 0.843750
vt 0.351397 0.107966
vt 0.343750 0.843750
vt 0.351400 0.107967
vt 0.351397 0.795466
vt 0.351398 0.107966
vt 0.656250 0.843750
vt 0.351398 0.107966
vt 0.421875 0.020934
vt 0.578125 0.020934
vt 0.343749 0.156250
vt 0.578125 0.291566
vt 0.421875 0.291566
vt 0.578125 0.979066
vt 0.421875 0.979066
vt 0.578125 0.708433
vt 0.343750 0.843750
vt 0.421875 0.708434
vt 0.416667 0.312500
vt 0.375000 0.688440
vt 0.375000 0.312500
vt 0.458333 0.688440
vt 0.416667 0.688440
vt 0.500000 0.688440
vt 0.500000 0.312500
vt 0.500000 0.312500
vt 0.583333 0.312500
vt 0.583333 0.688440
vt 0.541667 0.312500
vt 0.541667 0.688440
vt 0.625000 0.688440
vt 0.625000 0.312500
vt 0.541667 0.688440
vt 0.458333 0.312500
vt 0.578125 0.291567
vt 0.343750 0.156250
vt 0.578125 0.708434
vt 0.458333 0.688438
vt 0.625000 0.312500
vt 0.583333 0.688440
vt 0.583333 0.688439
vt 0.500000 0.688440
vt 0.458333 0.688439
vt 0.656249 0.843750
vt 0.416667 0.312503
vt 0.416667 0.312500
vt 0.583333 0.312501
vt 0.541667 0.312500
vt 0.458333 0.688440
vt 0.458333 0.312499
vt 0.500000 0.688440
vt 0.500000 0.688442
vt 0.583333 0.312502
vt 0.625000 0.688440
vt 0.625000 0.688440
vt 0.625000 0.312502
vt 0.458333 0.312498
vt 0.458333 0.688441
vt 0.458333 0.312501
vt 0.458333 0.688438
vt 0.541667 0.688440
vt 0.541667 0.688439
vt 0.412500 0.312500
vt 0.412500 0.688440
vt 0.400000 0.312500
vt 0.400000 0.688440
vt 0.387500 0.312500
vt 0.387500 0.688440
vt 0.375000 0.312500
vt 0.375000 0.688440
vt 0.625000 0.688440
vt 0.625000 0.312500
vt 0.612500 0.312500
vt 0.612500 0.688440
vt 0.600000 0.312500
vt 0.600000 0.688440
vt 0.587500 0.312500
vt 0.587500 0.688440
vt 0.575000 0.312500
vt 0.575000 0.688440
vt 0.562500 0.312500
vt 0.562500 0.688440
vt 0.550000 0.312500
vt 0.550000 0.688440
vt 0.537500 0.312500
vt 0.537500 0.688440
vt 0.525000 0.312500
vt 0.525000 0.688440
vt 0.512500 0.312500
vt 0.512500 0.688440
vt 0.500000 0.312500
vt 0.500000 0.688440
vt 0.487500 0.312500
vt 0.487500 0.688440
vt 0.475000 0.312500
vt 0.475000 0.688440
vt 0.462500 0.312500
vt 0.462500 0.688440
vt 0.450000 0.312500
vt 0.450000 0.688440
vt 0.416666 0.312500
vt 0.422360 0.021769
vt 0.651092 0.156019
vt 0.624571 0.678933
vt 0.655279 0.156240
vt 0.458319 0.312500
vt 0.344726 0.156205
vt 0.499989 0.312500
vt 0.415995 0.676951
vt 0.424379 0.286906
vt 0.422333 0.290702
vt 0.540965 0.312500
vt 0.457671 0.677184
vt 0.542088 0.312500
vt 0.499341 0.677199
vt 0.624739 0.688440
vt 0.540992 0.677015
vt 0.655274 0.843731
vt 0.577645 0.978219
vt 0.575639 0.974405
vt 0.651084 0.843527
vt 0.416237 0.688440
vt 0.348922 0.843511
vt 0.344726 0.843704
vt 0.458347 0.688440
vt 0.417361 0.688440
vt 0.499587 0.688440
vt 0.577643 0.709272
vt 0.541667 0.688440
vt 0.500700 0.688440
vt 0.416665 0.312500
vt 0.575551 0.020934
vt 0.422362 0.021766
vt 0.651086 0.156020
vt 0.578905 0.022284
vt 0.655281 0.156237
vt 0.458320 0.312500
vt 0.348916 0.156000
vt 0.344726 0.156207
vt 0.499988 0.312500
vt 0.415994 0.676947
vt 0.424373 0.286906
vt 0.422331 0.290702
vt 0.540967 0.312500
vt 0.457673 0.677165
vt 0.575551 0.286937
vt 0.575503 0.291566
vt 0.542091 0.312500
vt 0.499341 0.677197
vt 0.578921 0.290188
vt 0.624739 0.688440
vt 0.540992 0.677021
vt 0.575635 0.974405
vt 0.577648 0.978218
vt 0.655473 0.845095
vt 0.651085 0.843531
vt 0.424509 0.974464
vt 0.423488 0.979066
vt 0.416237 0.688440
vt 0.348923 0.843518
vt 0.344729 0.843705
vt 0.420577 0.976817
vt 0.417359 0.688440
vt 0.458347 0.688440
vt 0.421098 0.709779
vt 0.499586 0.688440
vt 0.577640 0.709271
vt 0.424494 0.708434
vt 0.500698 0.688440
vt 0.541666 0.688440
vt 0.654947 0.841493
vt 0.375263 0.312500
vt 0.416666 0.312500
vt 0.422360 0.021768
vt 0.577620 0.021765
vt 0.655276 0.156237
vt 0.624572 0.678947
vt 0.458319 0.312500
vt 0.344724 0.156204
vt 0.499990 0.312500
vt 0.415994 0.676951
vt 0.422335 0.290702
vt 0.541676 0.312500
vt 0.541256 0.324039
vt 0.457672 0.677194
vt 0.577660 0.290700
vt 0.542339 0.323748
vt 0.499341 0.677217
vt 0.624739 0.688440
vt 0.542136 0.677153
vt 0.540992 0.677015
vt 0.655273 0.843735
vt 0.577647 0.978218
vt 0.422400 0.978224
vt 0.416656 0.688440
vt 0.344725 0.843713
vt 0.458345 0.688440
vt 0.422401 0.709262
vt 0.500013 0.688440
vt 0.577642 0.709270
vt 0.541667 0.688440
vt 0.375263 0.312500
vt 0.375428 0.321973
vt 0.416665 0.312500
vt 0.577619 0.021764
vt 0.422362 0.021766
vt 0.655280 0.156238
vt 0.458320 0.312500
vt 0.344725 0.156208
vt 0.499989 0.312500
vt 0.415995 0.676947
vt 0.422332 0.290702
vt 0.541676 0.312500
vt 0.457671 0.677166
vt 0.577659 0.290697
vt 0.499342 0.677208
vt 0.624738 0.688440
vt 0.540992 0.677022
vt 0.577651 0.978216
vt 0.655275 0.843729
vt 0.422396 0.978222
vt 0.416658 0.688440
vt 0.344728 0.843705
vt 0.458347 0.688440
vt 0.422393 0.709266
vt 0.500010 0.688440
vt 0.577641 0.709270
vt 0.541666 0.688440
vt 0.425000 0.312501
vt 0.437500 0.312500
vt 0.437500 0.688440
vt 0.412500 0.688439
vt 0.412500 0.312500
vt 0.400000 0.312501
vt 0.387500 0.688440
vt 0.387500 0.312501
vt 0.375000 0.688440
vt 0.375000 0.312501
vt 0.625000 0.688440
vt 0.612500 0.688440
vt 0.612500 0.312500
vt 0.625000 0.312501
vt 0.600000 0.688440
vt 0.600000 0.312500
vt 0.587500 0.688439
vt 0.587500 0.312500
vt 0.575000 0.688440
vt 0.575000 0.312500
vt 0.562500 0.688440
vt 0.562500 0.312500
vt 0.550000 0.688440
vt 0.550000 0.312501
vt 0.537500 0.688440
vt 0.537500 0.312501
vt 0.525000 0.688440
vt 0.525000 0.312501
vt 0.512500 0.688440
vt 0.512500 0.312500
vt 0.500000 0.688440
vt 0.500000 0.312500
vt 0.487500 0.688440
vt 0.487500 0.312500
vt 0.475000 0.688440
vt 0.475000 0.312501
vt 0.462500 0.688440
vt 0.462500 0.312501
vt 0.450000 0.688440
vt 0.450000 0.312500
vt 0.437500 0.312500
vt 0.425000 0.312500
vt 0.437500 0.688440
vt 0.412500 0.312500
vt 0.412500 0.688440
vt 0.400000 0.312500
vt 0.400000 0.688440
vt 0.387500 0.312500
vt 0.387500 0.688440
vt 0.375000 0.312500
vt 0.625000 0.312500
vt 0.612500 0.312500
vt 0.612500 0.688440
vt 0.600000 0.312500
vt 0.600000 0.688440
vt 0.587500 0.312500
vt 0.587500 0.688439
vt 0.575000 0.312500
vt 0.575000 0.688440
vt 0.562500 0.688440
vt 0.550000 0.688440
vt 0.537500 0.312500
vt 0.537500 0.688440
vt 0.525000 0.312500
vt 0.525000 0.688440
vt 0.512500 0.312500
vt 0.512500 0.688439
vt 0.500000 0.312500
vt 0.500000 0.688440
vt 0.487500 0.312500
vt 0.475000 0.312500
vt 0.475000 0.688440
vt 0.462500 0.312500
vt 0.462500 0.688440
vt 0.450000 0.688440
vt 0.425000 0.688440
vt 0.425000 0.312500
vt 0.437500 0.312500
vt 0.412500 0.688441
vt 0.412500 0.312500
vt 0.400000 0.688440
vt 0.400000 0.312500
vt 0.387500 0.688441
vt 0.387500 0.312500
vt 0.375000 0.688441
vt 0.375000 0.312500
vt 0.625000 0.688441
vt 0.612500 0.688441
vt 0.612500 0.312501
vt 0.625000 0.312500
vt 0.600000 0.688441
vt 0.600000 0.312500
vt 0.587500 0.688440
vt 0.587500 0.312501
vt 0.575000 0.688440
vt 0.562500 0.688440
vt 0.562500 0.312500
vt 0.550000 0.688441
vt 0.550000 0.312501
vt 0.537500 0.312501
vt 0.525000 0.688439
vt 0.525000 0.312501
vt 0.512500 0.688440
vt 0.512500 0.312501
vt 0.500000 0.688441
vt 0.500000 0.312500
vt 0.487500 0.688440
vt 0.487500 0.312500
vt 0.475000 0.688439
vt 0.475000 0.312501
vt 0.462500 0.688440
vt 0.462500 0.312501
vt 0.450000 0.688440
vt 0.450000 0.312500
vt 0.425000 0.312500
vt 0.425000 0.688439
vt 0.437500 0.688439
vt 0.412500 0.312500
vt 0.412500 0.688439
vt 0.400000 0.312500
vt 0.400000 0.688440
vt 0.387500 0.312500
vt 0.375000 0.312500
vt 0.375000 0.688440
vt 0.625000 0.688440
vt 0.625000 0.312500
vt 0.612500 0.688439
vt 0.600000 0.688439
vt 0.587500 0.312500
vt 0.575000 0.312500
vt 0.575000 0.688439
vt 0.562500 0.312500
vt 0.562500 0.688439
vt 0.550000 0.312500
vt 0.550000 0.688439
vt 0.537500 0.312500
vt 0.537500 0.688439
vt 0.525000 0.312500
vt 0.512500 0.312500
vt 0.512500 0.688439
vt 0.500000 0.312500
vt 0.500000 0.688439
vt 0.487500 0.312500
vt 0.487500 0.688440
vt 0.475000 0.312500
vt 0.475000 0.688439
vt 0.462500 0.312500
vt 0.462500 0.688439
vt 0.450000 0.312500
vt 0.450000 0.688439
vt 0.437500 0.688440
vt 0.425000 0.688440
vt 0.425000 0.312500
vt 0.437500 0.312500
vt 0.412500 0.688440
vt 0.412500 0.312500
vt 0.400000 0.312500
vt 0.387500 0.312500
vt 0.375000 0.688440
vt 0.625000 0.688440
vt 0.612500 0.688440
vt 0.612500 0.312500
vt 0.625000 0.312500
vt 0.600000 0.688440
vt 0.600000 0.312500
vt 0.587500 0.688440
vt 0.587500 0.312500
vt 0.575000 0.688440
vt 0.562500 0.688440
vt 0.562500 0.312500
vt 0.550000 0.688440
vt 0.550000 0.312500
vt 0.537500 0.688440
vt 0.537500 0.312500
vt 0.512500 0.688440
vt 0.487500 0.688440
vt 0.487500 0.312500
vt 0.475000 0.312500
vt 0.462500 0.688440
vt 0.462500 0.312500
vt 0.450000 0.312500
vt 0.425000 0.688440
vt 0.425000 0.312500
vt 0.437500 0.312500
vt 0.437500 0.688440
vt 0.412500 0.688440
vt 0.412500 0.312500
vt 0.400000 0.688440
vt 0.400000 0.312500
vt 0.375000 0.688440
vt 0.375000 0.312500
vt 0.625000 0.688440
vt 0.612500 0.688440
vt 0.612500 0.312500
vt 0.625000 0.312500
vt 0.600000 0.688440
vt 0.600000 0.312500
vt 0.587500 0.688440
vt 0.575000 0.312500
vt 0.562500 0.688440
vt 0.562500 0.312500
vt 0.550000 0.312500
vt 0.537500 0.688440
vt 0.537500 0.312500
vt 0.525000 0.688440
vt 0.525000 0.312500
vt 0.512500 0.688440
vt 0.512500 0.312500
vt 0.487500 0.312500
vt 0.475000 0.312500
vt 0.462500 0.688440
vt 0.462500 0.312500
vt 0.450000 0.688440
vt 0.450000 0.312500
vt 0.425000 0.312500
vt 0.437500 0.688440
vt 0.412500 0.312500
vt 0.400000 0.312500
vt 0.400000 0.688440
vt 0.375000 0.312500
vt 0.625000 0.312500
vt 0.612500 0.312500
vt 0.612500 0.688440
vt 0.600000 0.312500
vt 0.600000 0.688440
vt 0.587500 0.312500
vt 0.575000 0.312500
vt 0.562500 0.312500
vt 0.562500 0.688440
vt 0.550000 0.688440
vt 0.537500 0.312500
vt 0.537500 0.688440
vt 0.525000 0.312500
vt 0.512500 0.312500
vt 0.512500 0.688440
vt 0.500000 0.312500
vt 0.487500 0.312500
vt 0.487500 0.688440
vt 0.475000 0.312500
vt 0.475000 0.688440
vt 0.462500 0.312500
vt 0.462500 0.688440
vt 0.541667 0.312500
vt 0.458333 0.688440
vt 0.416667 0.688440
vt 0.416667 0.688440
vt 0.416667 0.688440
vt 0.416667 0.312499
vt 0.375000 0.312500
vt 0.416667 0.688439
vt 0.625000 0.312498
vt 0.625000 0.688440
vt 0.500000 0.312502
vt 0.375000 0.312502
vt 0.375000 0.312502
vt 0.375000 0.688442
vt 0.625000 0.312502
vt 0.500000 0.688440
vt 0.500000 0.312500
vt 0.416667 0.312500
vt 0.416667 0.688440
vt 0.416667 0.688441
vt 0.625000 0.312500
vt 0.583333 0.312501
vt 0.625000 0.312500
vt 0.625000 0.688439
vt 0.625000 0.688437
vt 0.583333 0.688441
vt 0.583333 0.688441
vt 0.000000 1.000000
vt 0.050000 0.946440
vt 0.086649 1.000000
vt 0.176467 1.000000
vt 0.229567 0.946440
vt 0.286092 1.000000
vt 0.676467 1.000000
vt 0.764099 0.946440
vt 0.786093 1.000000
vt 0.876467 1.000000
vt 0.964097 0.946440
vt 0.986093 1.000000
vt 0.173533 0.750000
vt 0.063907 0.750000
vt 0.150000 0.500000
vt 0.250000 0.750000
vt 0.300000 0.500000
vt 0.323533 0.750000
vt 0.400000 0.500000
vt 0.413907 0.750000
vt 0.500000 0.500000
vt 0.613907 0.750000
vt 0.700000 0.500000
vt 0.700000 0.750000
vt 0.763907 0.750000
vt 0.850000 0.500000
vt 0.875000 0.750000
vt 0.150000 0.312500
vt 0.200000 0.312500
vt 0.200000 0.437500
vt 0.450000 0.312500
vt 0.500000 0.312500
vt 0.500000 0.437500
vt 0.650000 0.312500
vt 0.700000 0.312500
vt 0.700000 0.437500
vt 0.800000 0.312500
vt 0.850000 0.312500
vt 0.850000 0.437500
vt 0.950000 0.437500
vt 1.000000 0.312500
vt 1.000000 0.437500
vt 0.050000 0.250000
vt 0.000000 0.000000
vt 0.086649 0.000000
vt 0.100000 0.250000
vt 0.176467 0.000000
vt 0.286092 0.000000
vt 0.300000 0.250000
vt 0.376467 0.000000
vt 0.476467 0.000000
vt 0.500000 0.250000
vt 0.600000 0.500000
vt 0.650000 0.500000
vt 0.550000 0.500000
vt 0.450000 0.500000
vt 0.350000 0.500000
vt 0.200000 0.500000
vt 0.250000 0.462500
vt 0.200000 0.250000
vt 0.150000 0.250000
vt 0.400000 0.250000
vt 0.350000 0.287500
vt 0.700000 0.250000
vt 0.650000 0.250000
vt 0.676467 0.000000
vt 0.900000 0.500000
vt 0.950000 0.437500
vt 0.950000 0.500000
vt 0.000000 0.468750
vt 0.050000 0.437500
vt 0.050000 0.500000
vt 0.300000 0.437500
vt 0.600000 0.437500
vt 0.750000 0.437500
vt 0.800000 0.437500
vt 0.050000 0.312500
vt 0.100000 0.312500
vt 0.325000 0.946440
vt 0.376467 1.000000
vt 0.425051 0.946440
vt 0.476467 1.000000
vt 0.125051 0.946440
vt 0.279515 0.823334
vt 0.379466 0.823334
vt 0.450000 0.823334
vt 0.523533 0.750000
vt 0.529515 0.823334
vt 0.635903 0.823334
vt 0.729516 0.823334
vt 0.820137 0.823334
vt 0.929515 0.823334
vt 0.000000 0.823334
vt 0.085903 0.823334
vt 0.179540 0.823334
vt 0.450000 0.946440
vt 0.500000 0.823334
vt 0.535901 0.946440
vt 0.076454 0.946440
vt 0.127194 0.823334
vt 0.185941 0.946440
vt 0.750000 0.823334
vt 0.673544 0.823334
vt 0.573557 0.823334
vt 0.420485 0.823334
vt 0.323557 0.823334
vt 0.223546 0.823334
vt 0.023544 0.823334
vt 0.400000 0.946440
vt 0.900000 0.946440
vt 0.923546 0.823334
vt 0.976457 0.946440
vt 0.000000 0.946440
vt 0.250000 0.946440
vt 0.600000 0.946440
vt 0.750000 0.946440
vt 0.826457 0.946440
vt 0.870485 0.946440
vt 0.908678 0.312500
vt 0.900000 0.437500
vt 0.100000 0.437500
vt 0.150000 0.437500
vt 0.400000 0.437500
vt 0.450000 0.437500
vt 0.550000 0.312500
vt 0.550000 0.437500
vt 0.000000 0.250000
vt 0.250000 0.275000
vt 0.300000 0.312500
vt 0.400000 0.312500
vt 0.650000 0.437500
vt 0.750000 0.437500
vt 0.750000 0.500000
vt 0.800000 0.475000
vt 0.850000 0.437500
vt 0.900000 0.437500
vt 0.076466 1.000000
vt 0.129554 0.946440
vt 0.186092 1.000000
vt 0.750000 1.000000
vt 0.800000 0.946440
vt 0.836093 1.000000
vt 0.900000 1.000000
vt 0.950000 0.946440
vt 0.986649 1.000000
vt 0.150000 0.312500
vt 0.250000 0.312500
vt 0.350000 0.312500
vt 0.400000 0.312500
vt 0.600000 0.312500
vt 0.650000 0.437500
vt 0.800000 0.437500
vt 0.750000 0.312500
vt 0.076466 0.000000
vt 0.186092 0.000000
vt 0.836093 0.000000
vt 0.900000 0.000000
vt 0.850000 0.250000
vt 0.550000 0.462500
vt 0.600000 0.437500
vt 0.636092 0.500000
vt 1.000000 0.750000
vt 0.900000 0.500000
vt 0.950000 0.500000
vt 0.750000 0.500000
vt 0.776467 0.750000
vt 0.323533 0.750000
vt 0.300000 0.500000
vt 0.250000 0.500000
vt 0.275001 0.000000
vt 0.426467 0.000000
vt 0.450000 0.250000
vt 0.100000 0.500000
vt 0.150000 0.500000
vt 0.450000 0.437500
vt 0.650000 0.437500
vt 0.950000 0.437500
vt 1.000000 0.437500
vt 1.000000 0.500000
vt 0.000000 0.500000
vt 0.020381 0.437500
vt 0.050000 0.500000
vt 0.350000 0.437500
vt 0.950000 0.312500
vt 0.950000 0.437500
vt 0.100000 0.312500
vt 0.250000 0.437500
vt 0.450000 0.312500
vt 0.000000 0.312500
vt 0.900000 0.312500
vt 0.900000 0.250000
vt 0.750000 0.250000
vt 0.800000 0.250000
vt 0.220485 0.946440
vt 0.275001 1.000000
vt 0.350000 1.000000
vt 0.375052 0.946440
vt 0.426467 1.000000
vt 0.480522 0.946440
vt 0.500000 1.000000
vt 0.550000 1.000000
vt 0.570425 0.946440
vt 0.625000 1.000000
vt 0.700000 1.000000
vt 0.724999 0.946440
vt 0.875027 0.946440
vt 1.000000 0.946440
vt 0.025000 0.946440
vt 0.179539 0.823334
vt 0.223533 0.750000
vt 0.279515 0.823334
vt 0.375000 0.823334
vt 0.475001 0.823334
vt 0.500000 0.750000
vt 0.550000 0.823334
vt 0.625000 0.823334
vt 0.600000 0.750000
vt 0.676468 0.750000
vt 0.870460 0.823334
vt 0.850000 0.750000
vt 0.925000 0.750000
vt 0.029467 0.823334
vt 0.073532 0.750000
vt 0.100000 0.823334
vt 0.572448 0.946440
vt 0.670413 0.823334
vt 0.685902 0.946440
vt 0.772032 0.823334
vt 0.784962 0.946440
vt 0.873533 0.946440
vt 0.950000 0.823334
vt 0.979467 0.946440
vt 0.700000 0.823334
vt 0.574944 0.823334
vt 0.300000 0.823334
vt 0.226444 0.823334
vt 0.150000 0.823334
vt 0.076457 0.823334
vt 0.000000 0.823334
vt 0.123544 0.946440
vt 0.350000 0.946440
vt 0.376457 0.823334
vt 0.423543 0.946440
vt 0.479005 0.823334
vt 0.650000 0.946440
vt 0.500000 0.946440
vt 0.500000 0.437500
vt 0.550000 0.312500
vt 0.550000 0.437500
vt 0.423533 0.750000
vt 0.500000 0.500000
vt 0.550000 0.750000
vt 0.150000 0.750000
vt 0.200000 0.500000
vt 0.700000 0.437500
vt 0.750000 0.437500
vt 0.850000 0.437500
vt 0.350000 0.287500
vt 0.600000 0.281250
vt 0.950000 0.287500
vt 1.000000 0.250000
vt 0.200000 0.281250
vt 0.100000 0.260417
vt 0.025000 0.000000
vt 0.125000 0.000000
vt 0.225000 0.000000
vt 0.250000 0.260417
vt 0.450000 0.258152
vt 0.536093 0.000000
vt 0.500000 0.264423
vt 0.750000 0.258152
vt 0.726467 0.000000
vt 0.826467 0.000000
vt 0.888304 0.750000
vt 0.900000 0.468750
vt 0.950000 0.468750
vt 0.850000 0.468750
vt 0.800000 0.484375
vt 0.613908 0.750000
vt 0.600000 0.485577
vt 0.650000 0.468750
vt 0.514881 0.750000
vt 0.450000 0.484375
vt 0.500000 0.462500
vt 0.300000 0.484375
vt 0.200000 0.484375
vt 0.250000 0.468750
vt 0.079619 0.437500
vt 0.100000 0.492188
vt 0.050000 0.485577
vt 0.650000 0.265625
vt 0.600000 0.281250
vt 0.550000 0.269231
vt 0.850000 0.265625
vt 0.800000 0.281250
vt 0.350000 0.362500
vt 0.400000 0.312500
vt 0.429783 0.437500
vt 0.374995 0.823334
vt 0.275000 0.750000
vt 0.413107 0.750000
vt 0.780756 0.750000
vt 0.750139 0.823334
vt 0.963908 0.750000
vt 0.472259 0.954583
vt 0.581078 0.965740
vt 0.536093 1.000000
vt 0.474988 0.823334
vt 0.550000 0.823334
vt 0.636021 0.823334
vt 0.125013 0.823334
vt 0.050000 0.823334
vt 0.100000 0.750000
vt 0.870430 0.823334
vt 0.925000 0.823334
vt 0.825000 0.823334
vt 0.673538 0.823334
vt 0.500000 0.823334
vt 0.423538 0.823334
vt 0.238706 0.823334
vt 0.275000 0.823334
vt 0.176462 0.823334
vt 0.964462 0.823334
vt 0.025000 0.946440
vt 0.076467 0.823334
vt 0.123533 0.946440
vt 0.873525 0.946440
vt 0.650000 0.958869
vt 0.676462 0.946440
vt 0.723097 0.969985
vt 0.774994 0.946440
vt 0.823241 0.971605
vt 0.925000 0.960475
vt 0.725000 0.437500
vt 0.650000 0.375000
vt 0.725000 0.312500
vt 0.000000 0.383929
vt 0.068168 0.312500
vt 0.400000 0.485577
vt 0.700000 0.482955
vt 0.014388 0.750000
vt 0.169244 0.750000
vt 0.350000 0.486842
vt 0.426468 -0.000000
vt 0.525000 0.000000
vt 0.500000 0.265625
vt 0.550000 0.265625
vt 0.900000 0.261029
vt 0.850000 0.000000
vt 0.923535 0.000000
vt 0.950000 0.468750
vt 0.650000 0.473214
vt 0.741929 0.462252
vt 0.926469 0.750000
vt 0.900000 0.484375
vt 0.726467 0.437500
vt 0.600000 0.484375
vt 0.323532 0.750000
vt 0.250000 0.480769
vt 0.300000 0.468750
vt 0.236092 0.000000
vt 0.250000 0.267857
vt 0.200000 0.275000
vt 0.326467 0.000000
vt 0.350000 0.276786
vt 0.300000 0.281250
vt 0.450000 0.281250
vt 0.774999 0.000000
vt 0.800000 0.267857
vt 0.750000 0.281250
vt 0.918491 0.312500
vt 0.950000 0.281250
vt 0.650000 0.387500
vt 0.700000 0.312500
vt 0.172304 0.953896
vt 0.275013 0.946440
vt 0.236092 1.000000
vt 0.326467 1.000000
vt 0.375000 0.946440
vt 0.426468 1.000000
vt 0.474988 0.946440
vt 0.525000 1.000000
vt 0.586430 0.970956
vt 0.774999 1.000000
vt 0.718496 0.966484
vt 0.836838 0.965471
vt 0.923535 1.000000
vt 0.956181 0.946440
vt 0.023534 1.000000
vt 0.086404 0.970902
vt 0.256200 0.823334
vt 0.379581 0.823334
vt 0.423533 0.750000
vt 0.506954 0.823334
vt 0.870417 0.823334
vt 0.850000 0.750000
vt 0.981094 0.823334
vt 1.000000 0.750000
vt 0.020431 0.823334
vt 0.000000 0.750000
vt 0.074999 0.750000
vt 0.316498 0.946440
vt 0.374122 0.823334
vt 0.425025 0.946440
vt 0.526467 0.946440
vt 0.600000 0.823334
vt 0.663557 0.946440
vt 0.770395 0.823334
vt 0.786021 0.946440
vt 0.083513 0.823334
vt 0.139644 0.946440
vt 0.523539 0.823334
vt 0.450000 0.823334
vt 0.261202 0.823334
vt 0.174999 0.823334
vt 0.125001 0.823334
vt 0.873543 0.823334
vt 0.970453 0.823334
vt 0.975878 0.946440
vt 0.216158 0.946440
vt 0.674999 0.823334
vt 0.876467 0.946440
vt 0.928549 0.437500
vt 0.850000 0.375000
vt 0.600000 0.750000
vt 0.523532 0.750000
vt 0.776466 0.750000
vt 0.850000 0.482954
vt 0.041911 0.462306
vt 0.223532 0.750000
vt 0.200000 0.485577
vt 0.400000 0.484375
vt 0.450000 0.492647
vt 0.000000 0.615269
vt 0.000000 0.437500
vt 0.576467 0.000000
vt 0.550000 0.250000
vt 0.786093 0.000000
vt 0.876467 0.000000
vt 0.900000 0.250000
vt 0.986093 0.000000
vt 0.950000 0.250000
vt 1.000000 0.468750
vt 0.600000 0.250000
vt 0.900000 0.312500
vt 0.570460 0.946440
vt 0.576467 1.000000
vt 0.500000 0.946440
vt 0.670510 0.946440
vt 0.823544 0.823334
vt 1.000000 0.823334
vt 1.000000 0.823334
vt 0.326457 0.946440
vt 0.676457 0.946440
vt 0.050000 0.250000
vt 0.500000 0.000000
vt 0.500000 0.250000
vt 0.350000 -0.000000
vt 0.625000 0.000000
vt 0.550000 0.000000
vt 0.700000 0.000000
vt 0.750000 0.000000
vt 0.986649 0.000000
vt 1.000000 0.437500
vt 0.850000 0.437500
vt 0.850000 0.500000
vt 0.800000 0.437500
vt 0.800000 0.500000
vt 0.700000 0.437500
vt 0.600000 0.437500
vt 0.500000 0.437500
vt 0.150000 0.437500
vt 0.000000 0.437500
vt 0.100000 0.312500
vt 0.500000 0.312500
vt 0.300000 0.946440
vt 0.770460 0.823334
vt 0.950000 0.823334
vt 0.000000 0.750000
vt 0.876468 0.823334
vt 0.269294 0.946440
vt 0.200000 0.946440
vt 0.300000 0.000000
vt 0.350000 0.267045
vt 0.000000 0.265625
vt 0.600000 0.000000
vt 0.375000 0.000000
vt 0.450000 0.000000
vt 0.650000 0.000000
vt 0.925000 0.000000
vt 0.900000 0.265625
vt 1.000000 0.000000
vt 1.000000 0.265625
vt 0.950000 0.265625
vt 0.950000 0.375000
vt 1.000000 0.383929
vt 0.900000 0.375000
vt 0.850000 0.362500
vt 0.800000 0.375000
vt 0.750000 0.488636
vt 0.600000 0.375000
vt 0.550000 0.484375
vt 0.550000 0.387500
vt 0.500000 0.375000
vt 0.300000 0.375000
vt 0.250000 0.383929
vt 0.200000 0.375000
vt 0.150000 0.468750
vt 0.150000 0.362500
vt 0.050000 0.281250
vt 0.150000 0.276786
vt 0.200000 0.281250
vt 0.300000 0.281250
vt 0.400000 0.281250
vt 0.700000 0.275000
vt 0.570236 0.823334
vt 0.600000 0.946440
vt 0.486629 0.946440
vt 0.350000 0.823334
vt 1.000000 0.946440
vt 0.274995 0.946440
vt 0.200000 0.946440
vt 0.374994 0.946440
vt 1.000000 0.960060
vt 0.125008 0.966772
vt 0.025000 0.960060
vt 0.225000 0.961160
vt 0.375015 0.968530
vt 0.300000 0.961822
vt 0.150000 0.000000
vt 0.150000 0.265625
vt 0.100000 0.260417
vt 0.100000 0.000000
vt 0.023534 0.000000
vt 0.600000 0.267046
vt 0.650000 0.261905
vt 1.000000 0.387500
vt 0.800000 0.482143
vt 0.800000 0.375000
vt 0.600000 0.375000
vt 0.550000 0.464286
vt 0.550000 0.362500
vt 0.500000 0.468750
vt 0.500000 0.375000
vt 0.450000 0.375000
vt 0.400000 0.387500
vt 0.350000 0.468750
vt 0.350000 0.362500
vt 0.300000 0.375000
vt 0.250000 0.375000
vt 0.200000 0.366072
vt 0.150000 0.484375
vt 0.150000 0.375000
vt 0.100000 0.488636
vt 0.100000 0.383929
vt 0.050000 0.375000
vt 0.000000 0.437500
vt 0.000000 0.387500
vt 0.000000 0.281250
vt 0.050000 0.281250
vt 0.400000 0.285714
vt 0.700000 0.281250
vt 0.750000 0.312500
vt 0.850000 0.281250
vt 1.000000 0.281250
vt 0.649679 0.823334
vt 1.000000 1.000000
vt 0.675001 0.750000
vt 0.770430 0.823334
vt 0.150000 0.750000
vt 0.000000 0.946440
vt 0.650000 0.956234
vt 0.574301 0.132108
vt 0.563205 0.110329
vt 0.545921 0.093046
vt 0.524142 0.081949
vt 0.500000 0.078125
vt 0.475858 0.081949
vt 0.454079 0.093046
vt 0.436796 0.110329
vt 0.425699 0.132108
vt 0.421875 0.156250
vt 0.425699 0.180392
vt 0.436796 0.202171
vt 0.454079 0.219454
vt 0.475858 0.230551
vt 0.500000 0.234375
vt 0.524142 0.230551
vt 0.545921 0.219454
vt 0.563204 0.202171
vt 0.574301 0.180392
vt 0.578125 0.156250
vt 0.387500 0.313893
vt 0.375000 0.313893
vt 0.400000 0.312500
vt 0.400000 0.313893
vt 0.412500 0.312500
vt 0.412500 0.313893
vt 0.425000 0.312500
vt 0.425000 0.313893
vt 0.437500 0.313893
vt 0.450000 0.312500
vt 0.450000 0.313893
vt 0.462500 0.312500
vt 0.462500 0.313893
vt 0.475000 0.312500
vt 0.475000 0.313893
vt 0.487500 0.312500
vt 0.487500 0.313893
vt 0.500000 0.313893
vt 0.512500 0.313893
vt 0.525000 0.313893
vt 0.537500 0.312500
vt 0.537500 0.313893
vt 0.550000 0.312500
vt 0.550000 0.313893
vt 0.562500 0.313893
vt 0.575000 0.312500
vt 0.575000 0.313893
vt 0.587500 0.312500
vt 0.587500 0.313893
vt 0.600000 0.312500
vt 0.600000 0.313893
vt 0.612500 0.312500
vt 0.612500 0.313893
vt 0.625000 0.312500
vt 0.625000 0.313893
vt 0.563204 0.889671
vt 0.574301 0.867892
vt 0.545921 0.906954
vt 0.524142 0.918051
vt 0.500000 0.921875
vt 0.475858 0.918051
vt 0.454079 0.906954
vt 0.436796 0.889671
vt 0.425699 0.867892
vt 0.421875 0.843750
vt 0.425699 0.819608
vt 0.436796 0.797829
vt 0.454079 0.780546
vt 0.475858 0.769449
vt 0.500000 0.765625
vt 0.524142 0.769449
vt 0.545921 0.780545
vt 0.563205 0.797829
vt 0.574301 0.819608
vt 0.578125 0.843750
vt 0.500000 0.150000
vt 0.500000 0.837500
vt 0.600000 0.315781
vt 0.587500 0.315781
vt 0.575000 0.315781
vt 0.562500 0.315781
vt 0.550000 0.315781
vt 0.537500 0.315781
vt 0.525000 0.315781
vt 0.512500 0.315781
vt 0.500000 0.315781
vt 0.487500 0.315781
vt 0.475000 0.315781
vt 0.462500 0.315781
vt 0.450000 0.315781
vt 0.437500 0.315781
vt 0.425000 0.315781
vt 0.412500 0.315781
vt 0.400000 0.315781
vt 0.387500 0.315781
vt 0.375000 0.315781
vt 0.625000 0.315781
vt 0.612500 0.315781
vt 0.587500 0.687565
vt 0.600000 0.687565
vt 0.587500 0.688440
vt 0.575000 0.687565
vt 0.575000 0.688440
vt 0.562500 0.687565
vt 0.562500 0.688440
vt 0.550000 0.687565
vt 0.537500 0.687565
vt 0.537500 0.688440
vt 0.525000 0.687565
vt 0.525000 0.688440
vt 0.512500 0.687565
vt 0.500000 0.687565
vt 0.487500 0.687565
vt 0.475000 0.687565
vt 0.462500 0.687565
vt 0.450000 0.687565
vt 0.450000 0.688440
vt 0.437500 0.687565
vt 0.425000 0.687565
vt 0.425000 0.688440
vt 0.412500 0.687565
vt 0.400000 0.687565
vt 0.387500 0.687565
vt 0.387500 0.688440
vt 0.375000 0.687565
vt 0.612500 0.687565
vt 0.625000 0.687565
vt 0.612500 0.688440
vt 0.587500 0.685532
vt 0.600000 0.685532
vt 0.575000 0.685532
vt 0.562500 0.685532
vt 0.550000 0.685532
vt 0.537500 0.685532
vt 0.525000 0.685532
vt 0.512500 0.685532
vt 0.500000 0.685532
vt 0.487500 0.685532
vt 0.475000 0.685532
vt 0.462500 0.685532
vt 0.450000 0.685532
vt 0.437500 0.685532
vt 0.425000 0.685532
vt 0.412500 0.685532
vt 0.400000 0.685532
vt 0.387500 0.685532
vt 0.375000 0.685532
vt 0.612500 0.685532
vt 0.625000 0.685532
vt 0.050000 1.000000
vt 0.050000 0.750000
vt 0.100000 1.000000
vt 0.150000 1.000000
vt 0.150000 0.750000
vt 0.200000 1.000000
vt 0.200000 0.750000
vt 0.250000 1.000000
vt 0.300000 1.000000
vt 0.300000 0.750000
vt 0.350000 0.750000
vt 0.400000 1.000000
vt 0.400000 0.750000
vt 0.450000 1.000000
vt 0.450000 0.750000
vt 0.500000 1.000000
vt 0.500000 0.750000
vt 0.600000 1.000000
vt 0.650000 1.000000
vt 0.650000 0.750000
vt 0.700000 1.000000
vt 0.750000 0.750000
vt 0.800000 1.000000
vt 0.800000 0.750000
vt 0.850000 1.000000
vt 0.900000 0.750000
vt 0.950000 1.000000
vt 0.950000 0.750000
vt 1.000000 1.000000
vt 0.000000 0.744979
vt 0.050000 0.744979
vt 0.100000 0.744979
vt 0.150000 0.744979
vt 0.200000 0.744979
vt 0.250000 0.744979
vt 0.300000 0.744979
vt 0.350000 0.744979
vt 0.400000 0.744979
vt 0.450000 0.744979
vt 0.500000 0.744979
vt 0.550000 0.744979
vt 0.600000 0.744979
vt 0.650000 0.744979
vt 0.700000 0.744979
vt 0.750000 0.744979
vt 0.800000 0.744979
vt 0.850000 0.744979
vt 0.900000 0.744979
vt 0.950000 0.744979
vt 1.000000 0.744979
vt 0.000000 0.497395
vt 0.050000 0.497395
vt 0.100000 0.497395
vt 0.150000 0.497395
vt 0.200000 0.497395
vt 0.250000 0.497395
vt 0.300000 0.497395
vt 0.350000 0.497395
vt 0.400000 0.497395
vt 0.450000 0.497395
vt 0.500000 0.497395
vt 0.550000 0.497395
vt 0.600000 0.497395
vt 0.650000 0.497395
vt 0.700000 0.497395
vt 0.750000 0.497395
vt 0.800000 0.500000
vt 0.800000 0.497395
vt 0.850000 0.497395
vt 0.900000 0.497395
vt 0.950000 0.500000
vt 0.950000 0.497395
vt 1.000000 0.497395
vt 0.000000 0.239430
vt 0.050000 0.239430
vt 0.100000 0.239430
vt 0.150000 0.239430
vt 0.200000 0.239430
vt 0.250000 0.239430
vt 0.300000 0.239430
vt 0.350000 0.250000
vt 0.350000 0.239430
vt 0.400000 0.239430
vt 0.450000 0.239430
vt 0.500000 0.239430
vt 0.550000 0.239430
vt 0.600000 0.239430
vt 0.650000 0.239430
vt 0.700000 0.239430
vt 0.750000 0.239430
vt 0.800000 0.239430
vt 0.850000 0.239430
vt 0.900000 0.239430
vt 0.950000 0.239430
vt 1.000000 0.239430
vt 0.900000 0.187207
vt 0.950000 0.187207
vt 1.000000 0.187207
vt 0.000000 0.187207
vt 0.050000 0.187207
vt 0.100000 0.187207
vt 0.150000 0.187207
vt 0.200000 0.187207
vt 0.250000 0.187207
vt 0.300000 0.187207
vt 0.350000 0.187207
vt 0.400000 0.187207
vt 0.450000 0.187207
vt 0.500000 0.187207
vt 0.550000 0.187207
vt 0.600000 0.187207
vt 0.650000 0.187207
vt 0.700000 0.187207
vt 0.750000 0.187207
vt 0.800000 0.187207
vt 0.850000 0.187207
vt 0.950000 0.003814
vt 0.900000 0.003814
vt 0.950000 0.000000
vt 1.000000 0.003814
vt 0.050000 0.003814
vt 0.000000 0.003814
vt 0.050000 0.000000
vt 0.100000 0.003814
vt 0.150000 0.003814
vt 0.200000 0.003814
vt 0.200000 0.000000
vt 0.250000 0.003814
vt 0.300000 0.003814
vt 0.350000 0.003814
vt 0.350000 0.000000
vt 0.400000 0.003814
vt 0.400000 0.000000
vt 0.450000 0.003814
vt 0.500000 0.003814
vt 0.500000 0.000000
vt 0.550000 0.003814
vt 0.550000 0.000000
vt 0.600000 0.003814
vt 0.650000 0.003814
vt 0.700000 0.003814
vt 0.750000 0.003814
vt 0.800000 0.003814
vt 0.800000 0.000000
vt 0.850000 0.003814
vt 0.900000 0.251830
vt 0.950000 0.251830
vt 1.000000 0.251830
vt 0.000000 0.251830
vt 0.050000 0.251830
vt 0.100000 0.251830
vt 0.150000 0.251830
vt 0.200000 0.251830
vt 0.250000 0.251830
vt 0.300000 0.251830
vt 0.350000 0.251830
vt 0.400000 0.251830
vt 0.450000 0.251830
vt 0.500000 0.251830
vt 0.550000 0.251830
vt 0.600000 0.251830
vt 0.650000 0.251830
vt 0.700000 0.251830
vt 0.750000 0.251830
vt 0.800000 0.251830
vt 0.850000 0.251830
vt 0.950000 0.516645
vt 0.900000 0.516645
vt 1.000000 0.516645
vt 0.050000 0.516645
vt 0.000000 0.516645
vt 0.100000 0.516645
vt 0.150000 0.516645
vt 0.200000 0.516645
vt 0.250000 0.516645
vt 0.300000 0.516645
vt 0.350000 0.516645
vt 0.400000 0.516645
vt 0.450000 0.516645
vt 0.500000 0.516645
vt 0.550000 0.516645
vt 0.600000 0.516645
vt 0.650000 0.516645
vt 0.700000 0.516645
vt 0.750000 0.516645
vt 0.800000 0.516645
vt 0.850000 0.516645
vt 0.900000 0.716414
vt 0.950000 0.716414
vt 1.000000 0.716414
vt 0.000000 0.716414
vt 0.050000 0.716414
vt 0.100000 0.716414
vt 0.150000 0.716414
vt 0.200000 0.716414
vt 0.250000 0.716414
vt 0.300000 0.716414
vt 0.350000 0.716414
vt 0.400000 0.716414
vt 0.450000 0.716414
vt 0.500000 0.716414
vt 0.550000 0.716414
vt 0.600000 0.716414
vt 0.650000 0.716414
vt 0.700000 0.716414
vt 0.750000 0.716414
vt 0.800000 0.716414
vt 0.850000 0.716414
vt 0.000000 0.988551
vt 0.050000 0.988551
vt 0.100000 0.988551
vt 0.150000 0.988551
vt 0.200000 0.988551
vt 0.250000 0.988551
vt 0.300000 0.988551
vt 0.350000 0.988551
vt 0.400000 0.988551
vt 0.450000 0.988551
vt 0.500000 0.988551
vt 0.550000 0.988551
vt 0.600000 0.988551
vt 0.609556 1.000000
vt 0.609556 0.988551
vt 0.650000 0.988551
vt 0.700000 0.988551
vt 0.750000 0.988551
vt 0.800000 0.988551
vt 0.850000 0.988551
vt 0.900000 0.988551
vt 0.950000 0.988551
vt 1.000000 0.988551
vt 0.609556 0.750000
vt 0.609556 0.500000
vt 0.000000 0.499602
vt 0.050000 0.499602
vt 0.100000 0.499602
vt 0.150000 0.499602
vt 0.200000 0.499602
vt 0.250000 0.499602
vt 0.300000 0.499602
vt 0.350000 0.499602
vt 0.400000 0.499602
vt 0.450000 0.499602
vt 0.500000 0.499602
vt 0.550000 0.499602
vt 0.600000 0.499602
vt 0.609556 0.499602
vt 0.650000 0.499602
vt 0.700000 0.499602
vt 0.750000 0.499602
vt 0.800000 0.499602
vt 0.850000 0.499602
vt 0.900000 0.499602
vt 0.950000 0.499602
vt 1.000000 0.499602
vt 0.000000 0.002417
vt 0.050000 0.002417
vt 0.100000 0.002417
vt 0.150000 0.002417
vt 0.200000 0.002417
vt 0.250000 0.002417
vt 0.300000 0.002417
vt 0.350000 0.002417
vt 0.400000 0.002417
vt 0.450000 0.002417
vt 0.500000 0.002417
vt 0.550000 0.002417
vt 0.600000 0.002417
vt 0.609556 0.250000
vt 0.609556 0.002417
vt 0.650000 0.002417
vt 0.700000 0.002417
vt 0.750000 0.002417
vt 0.800000 0.002417
vt 0.850000 0.002417
vt 0.900000 0.002417
vt 0.950000 0.002417
vt 1.000000 0.002417
vt 0.550000 0.493815
vt 0.600000 0.493815
vt 0.609556 0.493815
vt 0.650000 0.493815
vt 0.700000 0.493815
vt 0.750000 0.493815
vt 0.800000 0.493815
vt 0.850000 0.493815
vt 0.900000 0.493815
vt 0.950000 0.493815
vt 1.000000 0.493815
vt 0.000000 0.493815
vt 0.050000 0.493815
vt 0.100000 0.493815
vt 0.150000 0.493815
vt 0.200000 0.493815
vt 0.250000 0.493815
vt 0.300000 0.493815
vt 0.350000 0.493815
vt 0.400000 0.493815
vt 0.450000 0.493815
vt 0.500000 0.493815
vt 0.600000 0.251511
vt 0.550000 0.251511
vt 0.609556 0.251511
vt 0.700000 0.251511
vt 0.650000 0.251511
vt 0.750000 0.251511
vt 0.800000 0.251511
vt 0.850000 0.251511
vt 0.900000 0.251511
vt 0.950000 0.251511
vt 1.000000 0.251511
vt 0.050000 0.251511
vt 0.000000 0.251511
vt 0.100000 0.251511
vt 0.150000 0.251511
vt 0.200000 0.251511
vt 0.250000 0.251511
vt 0.300000 0.251511
vt 0.350000 0.251511
vt 0.400000 0.251511
vt 0.450000 0.251511
vt 0.500000 0.251511
vt 0.609556 0.256309
vt 0.600000 0.256309
vt 0.700000 0.256309
vt 0.650000 0.256309
vt 0.750000 0.256309
vt 0.800000 0.256309
vt 0.850000 0.256309
vt 0.900000 0.256309
vt 0.950000 0.256309
vt 1.000000 0.256309
vt 0.050000 0.256309
vt 0.000000 0.256309
vt 0.100000 0.256309
vt 0.150000 0.256309
vt 0.200000 0.256309
vt 0.250000 0.256309
vt 0.300000 0.256309
vt 0.350000 0.256309
vt 0.400000 0.256309
vt 0.450000 0.256309
vt 0.500000 0.256309
vt 0.550000 0.256309
vt 0.600000 0.001933
vt 0.609556 0.001933
vt 0.650000 0.001933
vt 0.700000 0.001933
vt 0.750000 0.001933
vt 0.800000 0.001933
vt 0.850000 0.001933
vt 0.900000 0.001933
vt 0.950000 0.001933
vt 1.000000 0.001933
vt 0.000000 0.001933
vt 0.050000 0.001933
vt 0.100000 0.001933
vt 0.150000 0.001933
vt 0.200000 0.001933
vt 0.250000 0.001933
vt 0.300000 0.001933
vt 0.350000 0.001933
vt 0.400000 0.001933
vt 0.450000 0.001933
vt 0.500000 0.001933
vt 0.550000 0.001933
vt 0.400000 0.759084
vt 0.350000 0.759084
vt 0.350000 0.759075
vt 0.400000 0.759075
vt 0.450000 0.759084
vt 0.450000 0.759075
vt 0.500000 0.759084
vt 0.500000 0.759075
vt 0.550000 0.759084
vt 0.550000 0.759075
vt 0.600000 0.759084
vt 0.600000 0.759075
vt 0.609556 0.759084
vt 0.609556 0.759075
vt 0.700000 0.759084
vt 0.650000 0.759084
vt 0.650000 0.759075
vt 0.700000 0.759075
vt 0.750000 0.759084
vt 0.750000 0.759075
vt 0.800000 0.759084
vt 0.800000 0.759075
vt 0.850000 0.759084
vt 0.850000 0.759075
vt 0.900000 0.759084
vt 0.900000 0.759075
vt 0.950000 0.759084
vt 0.950000 0.759075
vt 1.000000 0.759084
vt 1.000000 0.759075
vt 0.050000 0.759084
vt 0.000000 0.759084
vt 0.000000 0.759075
vt 0.050000 0.759075
vt 0.100000 0.759084
vt 0.100000 0.759075
vt 0.150000 0.759084
vt 0.150000 0.759075
vt 0.200000 0.759084
vt 0.200000 0.759075
vt 0.250000 0.759084
vt 0.250000 0.759075
vt 0.300000 0.759084
vt 0.300000 0.759075
vt 0.609556 0.000000
s 1
usemtl aiWireframe1.027
f 9/1/1 133/2/1 134/3/1 21/4/1
f 67/5/2 119/6/3 295/7/4 296/8/4
f 17/9/5 122/10/5 123/11/5 12/12/5
f 278/13/6 279/14/7 127/15/8 75/16/8
f 286/17/9 287/18/9 70/19/9 71/20/9
f 272/21/10 273/22/10 78/23/10 79/24/10
f 23/25/1 132/26/1 133/2/1 9/1/1
f 71/20/9 72/27/9 285/28/9 286/17/9
f 12/12/5 123/11/5 124/29/5 27/30/5
f 273/22/10 274/31/10 77/32/10 78/23/10
f 39/33/11 116/34/11 384/35/12 385/36/12
f 55/37/9 56/38/9 375/39/9 376/40/9
f 56/38/9 57/41/9 374/42/9 375/39/9
f 367/43/13 368/44/13 130/45/14 45/46/14
f 362/47/10 363/48/10 64/49/10 65/50/10
f 65/50/10 66/51/10 361/52/10 362/47/10
f 219/53/5 220/54/5 122/10/5 17/9/5
f 224/55/9 69/19/9 290/18/9 291/56/9
f 227/57/9 41/37/9 379/40/9 380/58/9
f 21/4/1 134/3/1 231/59/1 232/60/1
f 357/61/10 358/52/10 48/51/10 234/62/10
f 268/63/10 269/21/10 80/24/10 217/64/10
f 1/65/1 131/66/1 132/26/1 23/25/1
f 43/41/9 44/67/9 370/68/9 371/42/9
f 281/69/9 282/28/9 73/27/9 74/70/9
f 27/30/5 124/29/5 125/71/5 7/72/5
f 277/31/10 278/73/10 75/74/10 76/32/10
f 45/75/10 46/49/10 366/48/10 367/76/10
f 7/72/15 125/71/15 126/77/16 29/78/16
f 26/79/9 31/80/9 30/81/9 8/82/9
f 32/83/9 31/80/9 26/79/9 11/84/9
f 18/85/9 33/86/9 32/83/9 11/84/9
f 223/87/9 33/86/9 18/85/9 222/88/9
f 35/89/17 120/90/17 121/91/18 5/92/18
f 17/93/10 36/94/10 218/95/10 219/96/10
f 12/97/10 37/98/10 36/94/10 17/93/10
f 27/99/10 38/100/10 37/98/10 12/97/10
f 7/101/10 29/102/10 38/100/10 27/99/10
f 3/103/19 115/104/19 137/105/19 138/106/19
f 20/107/9 148/108/9 228/109/9 229/110/9
f 10/111/9 147/112/9 148/108/9 20/107/9
f 24/113/9 146/114/9 147/112/9 10/111/9
f 2/115/9 145/116/9 146/114/9 24/113/9
f 142/117/20 143/118/20 131/119/20 1/120/20
f 23/25/10 141/121/10 142/122/10 1/65/10
f 140/123/10 141/121/10 23/25/10 9/1/10
f 21/4/10 139/124/10 140/123/10 9/1/10
f 233/125/10 139/124/10 21/4/10 232/60/10
f 32/83/21 33/86/21 163/86/21 164/83/21
f 290/18/22 69/19/23 162/19/24 289/18/22
f 166/126/25 73/126/26 282/127/27 283/127/27
f 31/128/21 32/94/21 164/94/21 165/128/21
f 41/129/28 42/80/28 170/80/28 171/129/28
f 379/130/29 41/83/29 171/83/29 378/130/29
f 42/98/28 43/100/28 169/131/28 170/98/28
f 43/100/30 371/132/30 372/133/30 169/131/30
f 175/37/21 176/38/21 59/38/21 58/37/21
f 79/134/23 174/134/24 271/135/22 272/135/22
f 176/38/21 177/41/21 62/41/21 59/38/21
f 275/136/31 178/137/32 77/137/32 274/136/27
f 364/48/33 181/49/34 64/49/35 363/48/36
f 181/49/28 182/50/28 65/50/28 64/49/28
f 182/50/28 183/51/28 66/51/28 65/50/28
f 183/51/29 360/52/29 361/52/29 66/51/29
f 81/138/37 118/139/37 355/140/38 356/141/38
f 225/142/9 83/143/9 350/144/9 351/145/9
f 349/146/39 350/144/40 83/143/41 161/143/41
f 346/147/9 347/144/9 84/143/9 85/148/9
f 85/148/9 86/149/9 345/150/9 346/147/9
f 167/151/42 87/151/42 342/152/43 343/152/43
f 341/153/9 342/150/9 87/149/9 88/154/9
f 338/155/44 339/156/44 128/157/45 89/158/46
f 337/159/10 338/160/10 89/161/10 90/162/10
f 334/163/47 335/163/48 179/164/49 91/164/50
f 333/165/10 334/159/10 91/162/10 92/166/10
f 332/167/10 333/165/10 92/166/10 93/168/10
f 93/169/51 173/169/52 331/170/53 332/170/54
f 236/171/10 328/172/10 329/167/10 94/168/10
f 13/173/55 117/174/56 326/175/57 297/176/57
f 226/177/9 19/178/9 321/179/9 322/180/9
f 172/178/58 320/179/59 321/179/59 19/178/58
f 317/181/9 318/179/9 51/178/9 52/182/9
f 52/182/9 53/129/9 316/183/9 317/181/9
f 25/94/60 313/184/60 314/184/60 168/94/60
f 312/185/9 313/183/9 25/129/9 15/186/9
f 309/187/61 310/188/61 129/189/62 16/190/62
f 308/191/10 309/192/10 16/193/10 28/194/10
f 305/195/63 306/195/64 180/129/65 63/129/66
f 304/196/10 305/191/10 63/194/10 60/197/10
f 303/198/10 304/196/10 60/197/10 61/128/10
f 184/178/58 302/199/59 303/199/59 61/178/58
f 299/200/10 300/198/10 22/128/10 235/201/10
f 95/202/19 4/203/67 135/204/67 136/205/67
f 383/206/12 96/207/11 40/208/11 382/209/12
f 325/210/57 97/211/68 14/212/56 324/213/57
f 354/214/38 98/215/37 82/216/37 353/217/38
f 294/218/4 99/219/69 68/220/2 293/221/4
f 101/222/18 100/223/17 34/224/17 6/225/18
f 102/226/5 221/227/5 222/228/5 18/229/5
f 103/230/5 102/226/5 18/229/5 11/231/5
f 104/232/5 103/230/5 11/231/5 26/233/5
f 105/234/5 104/232/5 26/233/5 8/235/5
f 106/236/70 105/234/15 8/235/15 30/237/16
f 107/238/8 280/239/7 281/240/7 74/241/8
f 108/242/45 340/243/44 341/244/44 88/245/71
f 109/246/62 311/247/61 312/248/61 15/249/62
f 110/250/14 369/251/13 370/252/13 44/253/14
f 111/254/20 144/255/20 145/256/20 2/257/20
f 112/258/1 111/259/1 2/115/1 24/113/1
f 113/260/1 112/258/1 24/113/1 10/111/1
f 114/261/1 113/260/1 10/111/1 20/107/1
f 230/262/1 114/261/1 20/107/1 229/110/1
f 115/104/19 95/202/19 136/205/67 137/105/19
f 384/35/12 116/34/11 96/207/11 383/206/12
f 326/175/57 117/174/56 97/211/68 325/210/57
f 355/140/38 118/139/37 98/215/37 354/214/38
f 295/7/4 119/6/3 99/219/69 294/218/4
f 121/91/18 120/90/17 100/223/17 101/222/18
f 122/10/5 220/54/5 221/227/5 102/226/5
f 123/11/5 122/10/5 102/226/5 103/230/5
f 124/29/5 123/11/5 103/230/5 104/232/5
f 125/71/5 124/29/5 104/232/5 105/234/5
f 126/77/16 125/71/15 105/234/15 106/236/70
f 127/15/8 279/14/7 280/239/7 107/238/8
f 128/157/45 339/156/44 340/243/44 108/242/45
f 129/189/62 310/188/61 311/247/61 109/246/62
f 130/45/14 368/44/13 369/251/13 110/250/14
f 131/119/20 143/118/20 144/255/20 111/254/20
f 132/26/1 131/66/1 111/259/1 112/258/1
f 133/2/1 132/26/1 112/258/1 113/260/1
f 134/3/1 133/2/1 113/260/1 114/261/1
f 231/59/1 134/3/1 114/261/1 230/262/1
f 136/205/67 135/204/67 40/208/11 96/207/11
f 137/105/19 136/205/67 96/207/11 116/34/11
f 138/106/19 137/105/19 116/34/11 39/33/11
f 234/62/10 48/51/10 139/124/10 233/125/10
f 140/123/10 139/124/10 48/51/10 47/50/10
f 47/50/10 46/49/10 141/121/10 140/123/10
f 142/122/10 141/121/10 46/49/10 45/75/10
f 45/46/14 130/45/14 143/118/20 142/117/20
f 144/255/20 143/118/20 130/45/14 110/250/14
f 145/256/20 144/255/20 110/250/14 44/253/14
f 146/114/9 145/116/9 44/67/9 43/41/9
f 147/112/9 146/114/9 43/41/9 42/38/9
f 148/108/9 147/112/9 42/38/9 41/37/9
f 228/109/9 148/108/9 41/37/9 227/57/9
f 347/144/39 348/146/39 149/143/41 84/143/41
f 288/18/22 150/19/72 70/19/73 287/18/22
f 152/83/21 151/86/21 50/86/21 49/83/21
f 153/128/21 152/94/21 49/94/21 54/128/21
f 72/126/26 154/126/25 284/127/27 285/127/27
f 86/151/74 155/151/42 344/152/43 345/152/43
f 156/94/60 315/184/60 316/184/60 53/94/60
f 157/100/30 373/132/30 374/132/30 57/100/30
f 158/98/28 157/100/28 57/100/28 56/98/28
f 159/129/28 158/80/28 56/80/28 55/129/28
f 377/130/29 159/83/29 55/83/29 376/130/29
f 318/179/75 319/179/59 160/178/58 51/178/58
f 348/146/39 349/146/39 161/143/41 149/143/41
f 289/18/22 162/19/24 150/19/72 288/18/22
f 164/83/21 163/86/21 151/86/21 152/83/21
f 165/128/21 164/94/21 152/94/21 153/128/21
f 154/126/25 166/126/25 283/127/27 284/127/27
f 155/151/42 167/151/42 343/152/43 344/152/43
f 168/94/60 314/184/60 315/184/60 156/94/60
f 169/131/30 372/133/30 373/132/30 157/100/30
f 170/98/28 169/131/28 157/100/28 158/98/28
f 171/129/28 170/80/28 158/80/28 159/129/28
f 378/130/29 171/83/29 159/83/29 377/130/29
f 160/178/58 319/179/59 320/179/59 172/178/58
f 173/169/52 185/169/41 330/170/39 331/170/53
f 271/135/22 174/134/24 186/134/73 270/135/22
f 187/37/21 188/38/21 176/38/21 175/37/21
f 188/38/21 189/41/21 177/41/21 176/38/21
f 276/136/27 190/137/32 178/137/32 275/136/31
f 179/164/49 335/163/48 336/163/76 191/164/77
f 180/129/65 306/195/64 307/195/78 192/129/79
f 365/48/80 193/49/81 181/49/34 364/48/33
f 193/49/28 194/50/28 182/50/28 181/49/28
f 194/50/28 195/51/28 183/51/28 182/50/28
f 195/51/29 359/52/29 360/52/29 183/51/29
f 196/178/58 301/199/59 302/199/59 184/178/58
f 185/169/41 94/169/41 329/170/39 330/170/39
f 270/135/22 186/134/73 80/134/82 269/135/22
f 36/37/21 37/38/21 188/38/21 187/37/21
f 37/38/21 38/41/21 189/41/21 188/38/21
f 277/136/27 76/137/32 190/137/32 276/136/27
f 191/164/77 336/163/76 337/163/76 90/164/83
f 192/129/79 307/195/78 308/195/84 28/129/85
f 366/48/86 46/49/87 193/49/81 365/48/80
f 46/49/28 47/50/28 194/50/28 193/49/28
f 47/50/28 48/51/28 195/51/28 194/50/28
f 48/51/29 358/52/29 359/52/29 195/51/29
f 22/178/58 300/199/59 301/199/59 196/178/58
f 296/263/10 267/264/10 197/265/10 67/266/10
f 199/267/10 198/268/10 35/269/10 5/270/10
f 5/92/5 121/91/5 200/271/5 199/272/5
f 201/273/5 200/271/5 121/91/5 101/222/5
f 202/274/5 201/273/5 101/222/5 6/225/5
f 34/275/9 203/276/9 202/277/9 6/278/9
f 68/279/9 204/280/9 292/281/9 293/282/9
f 82/283/9 205/284/9 352/285/9 353/286/9
f 14/287/9 206/288/9 323/289/9 324/290/9
f 40/291/9 207/292/9 381/293/9 382/294/9
f 135/295/9 208/296/9 207/292/9 40/291/9
f 209/297/9 208/296/9 135/295/9 4/203/9
f 95/202/1 210/298/1 209/297/1 4/203/1
f 115/104/1 211/299/1 210/298/1 95/202/1
f 212/300/1 211/299/1 115/104/1 3/103/1
f 138/301/10 213/302/10 212/300/10 3/103/10
f 39/303/10 214/304/10 213/302/10 138/301/10
f 385/305/10 386/306/10 214/304/10 39/303/10
f 297/307/10 298/308/10 215/309/10 13/310/10
f 356/311/10 327/312/10 216/313/10 81/314/10
f 267/264/10 268/63/10 217/64/10 197/265/10
f 219/96/10 218/95/10 198/268/10 199/267/10
f 199/272/5 200/271/5 220/54/5 219/53/5
f 221/227/5 220/54/5 200/271/5 201/273/5
f 222/228/5 221/227/5 201/273/5 202/274/5
f 203/276/9 223/87/9 222/88/9 202/277/9
f 204/280/9 224/55/9 291/56/9 292/281/9
f 205/284/9 225/142/9 351/145/9 352/285/9
f 206/288/9 226/177/9 322/180/9 323/289/9
f 207/292/9 227/57/9 380/58/9 381/293/9
f 208/296/9 228/109/9 227/57/9 207/292/9
f 229/110/9 228/109/9 208/296/9 209/297/9
f 210/298/1 230/262/1 229/110/1 209/297/1
f 211/299/1 231/59/1 230/262/1 210/298/1
f 232/60/1 231/59/1 211/299/1 212/300/1
f 213/302/10 233/125/10 232/60/10 212/300/10
f 214/304/10 234/62/10 233/125/10 213/302/10
f 386/306/10 357/61/10 234/62/10 214/304/10
f 298/308/10 299/200/10 235/201/10 215/309/10
f 216/313/10 327/312/10 328/172/10 236/171/10
f 237/315/10 197/265/10 217/64/10 238/316/10
f 239/317/10 238/316/10 217/64/10 80/24/10
f 240/318/88 239/318/88 80/134/82 186/134/73
f 241/318/89 240/318/88 186/134/73 174/134/24
f 242/318/90 241/318/89 174/134/24 79/134/23
f 79/24/10 78/23/10 243/319/10 242/317/10
f 78/23/10 77/32/10 244/320/10 243/319/10
f 77/137/32 178/137/32 245/321/91 244/321/92
f 246/321/93 245/321/91 178/137/32 190/137/32
f 247/321/94 246/321/93 190/137/32 76/137/32
f 76/32/10 75/74/10 248/322/10 247/320/10
f 75/16/8 127/15/8 249/323/95 248/324/95
f 250/325/95 249/323/95 127/15/8 107/238/8
f 251/326/95 250/325/95 107/238/8 74/241/8
f 74/70/9 73/27/9 252/327/9 251/328/9
f 253/329/96 252/329/97 73/126/26 166/126/25
f 254/329/96 253/329/96 166/126/25 154/126/25
f 255/329/96 254/329/96 154/126/25 72/126/26
f 256/330/9 255/327/9 72/27/9 71/20/9
f 71/20/9 70/19/9 257/331/9 256/330/9
f 70/19/73 150/19/72 258/331/88 257/331/88
f 150/19/72 162/19/24 259/331/88 258/331/88
f 162/19/24 69/19/23 260/331/88 259/331/88
f 261/332/9 260/331/9 69/19/9 224/55/9
f 262/333/9 261/332/9 224/55/9 204/280/9
f 263/334/9 262/333/9 204/280/9 68/279/9
f 99/219/69 264/335/98 263/336/99 68/220/2
f 119/6/3 265/337/99 264/335/98 99/219/69
f 266/338/100 265/337/99 119/6/3 67/5/2
f 67/266/10 197/265/10 237/315/10 266/339/10
f 402/340/10 403/341/10 268/63/10 267/264/10
f 403/341/10 404/342/10 269/21/10 268/63/10
f 405/343/101 270/135/22 269/135/22 404/343/101
f 406/343/101 271/135/22 270/135/22 405/343/101
f 272/135/22 271/135/22 406/343/101 407/343/101
f 407/342/10 408/344/10 273/22/10 272/21/10
f 408/344/10 409/345/10 274/31/10 273/22/10
f 410/346/102 275/136/31 274/136/27 409/346/102
f 411/346/102 276/136/27 275/136/31 410/346/102
f 412/346/102 277/136/27 276/136/27 411/346/102
f 412/345/10 413/347/10 278/73/10 277/31/10
f 413/348/103 414/349/103 279/14/7 278/13/6
f 280/239/7 279/14/7 414/349/103 415/350/103
f 281/240/7 280/239/7 415/350/103 416/351/103
f 416/352/9 387/353/9 282/28/9 281/69/9
f 283/127/27 282/127/27 387/354/102 388/354/102
f 284/127/27 283/127/27 388/354/102 389/354/102
f 285/127/27 284/127/27 389/354/102 390/354/102
f 286/17/9 285/28/9 390/353/9 391/355/9
f 391/355/9 392/356/9 287/18/9 286/17/9
f 393/356/101 288/18/22 287/18/22 392/356/101
f 394/356/101 289/18/22 288/18/22 393/356/101
f 395/356/101 290/18/22 289/18/22 394/356/101
f 291/56/9 290/18/9 395/356/9 396/357/9
f 292/281/9 291/56/9 396/357/9 397/358/9
f 293/282/9 292/281/9 397/358/9 398/359/9
f 399/360/104 294/218/4 293/221/4 398/361/104
f 400/362/104 295/7/4 294/218/4 399/360/104
f 296/8/4 295/7/4 400/362/104 401/363/104
f 401/364/10 402/340/10 267/264/10 296/263/10
f 81/314/10 216/313/10 298/308/10 297/307/10
f 216/313/10 236/171/10 299/200/10 298/308/10
f 236/171/10 94/168/10 300/198/10 299/200/10
f 301/199/59 300/199/59 94/169/41 185/169/41
f 302/199/59 301/199/59 185/169/41 173/169/52
f 303/199/59 302/199/59 173/169/52 93/169/51
f 93/168/10 92/166/10 304/196/10 303/198/10
f 92/166/10 91/162/10 305/191/10 304/196/10
f 91/164/50 179/164/49 306/195/64 305/195/63
f 307/195/78 306/195/64 179/164/49 191/164/77
f 308/195/84 307/195/78 191/164/77 90/164/83
f 90/162/10 89/161/10 309/192/10 308/191/10
f 89/158/46 128/157/45 310/188/61 309/187/61
f 311/247/61 310/188/61 128/157/45 108/242/45
f 312/248/61 311/247/61 108/242/45 88/245/71
f 88/154/9 87/149/9 313/183/9 312/185/9
f 314/184/60 313/184/60 87/151/42 167/151/42
f 315/184/60 314/184/60 167/151/42 155/151/42
f 316/184/60 315/184/60 155/151/42 86/151/74
f 317/181/9 316/183/9 86/149/9 85/148/9
f 85/148/9 84/143/9 318/179/9 317/181/9
f 84/143/41 149/143/41 319/179/59 318/179/75
f 320/179/59 319/179/59 149/143/41 161/143/41
f 321/179/59 320/179/59 161/143/41 83/143/41
f 322/180/9 321/179/9 83/143/9 225/142/9
f 323/289/9 322/180/9 225/142/9 205/284/9
f 324/290/9 323/289/9 205/284/9 82/283/9
f 98/215/37 325/210/57 324/213/57 82/216/37
f 118/139/37 326/175/57 325/210/57 98/215/37
f 297/176/57 326/175/57 118/139/37 81/138/37
f 327/312/10 237/315/10 238/316/10 328/172/10
f 329/167/10 328/172/10 238/316/10 239/317/10
f 330/170/39 329/170/39 239/318/88 240/318/88
f 331/170/53 330/170/39 240/318/88 241/318/89
f 332/170/54 331/170/53 241/318/89 242/318/90
f 242/317/10 243/319/10 333/165/10 332/167/10
f 243/319/10 244/320/10 334/159/10 333/165/10
f 244/321/92 245/321/91 335/163/48 334/163/47
f 336/163/76 335/163/48 245/321/91 246/321/93
f 337/163/76 336/163/76 246/321/93 247/321/94
f 247/320/10 248/322/10 338/160/10 337/159/10
f 248/324/95 249/323/95 339/156/44 338/155/44
f 340/243/44 339/156/44 249/323/95 250/325/95
f 341/244/44 340/243/44 250/325/95 251/326/95
f 251/328/9 252/327/9 342/150/9 341/153/9
f 343/152/43 342/152/43 252/329/97 253/329/96
f 344/152/43 343/152/43 253/329/96 254/329/96
f 345/152/43 344/152/43 254/329/96 255/329/96
f 346/147/9 345/150/9 255/327/9 256/330/9
f 256/330/9 257/331/9 347/144/9 346/147/9
f 257/331/88 258/331/88 348/146/39 347/144/39
f 258/331/88 259/331/88 349/146/39 348/146/39
f 259/331/88 260/331/88 350/144/40 349/146/39
f 351/145/9 350/144/9 260/331/9 261/332/9
f 352/285/9 351/145/9 261/332/9 262/333/9
f 353/286/9 352/285/9 262/333/9 263/334/9
f 264/335/98 354/214/38 353/217/38 263/336/99
f 265/337/99 355/140/38 354/214/38 264/335/98
f 356/141/38 355/140/38 265/337/99 266/338/100
f 266/339/10 237/315/10 327/312/10 356/311/10
f 235/201/10 22/128/10 358/52/10 357/61/10
f 359/52/29 358/52/29 22/128/29 196/128/29
f 360/52/29 359/52/29 196/128/29 184/128/29
f 361/52/29 360/52/29 184/128/29 61/128/29
f 362/47/10 361/52/10 61/128/10 60/197/10
f 60/197/10 63/194/10 363/48/10 362/47/10
f 180/194/105 364/48/33 363/48/36 63/194/106
f 192/194/107 365/48/80 364/48/33 180/194/105
f 28/194/108 366/48/86 365/48/80 192/194/107
f 367/76/10 366/48/10 28/194/10 16/193/10
f 16/190/62 129/189/62 368/44/13 367/43/13
f 369/251/13 368/44/13 129/189/62 109/246/62
f 370/252/13 369/251/13 109/246/62 15/249/62
f 371/42/9 370/68/9 15/186/9 25/129/9
f 372/133/30 371/132/30 25/194/30 168/194/30
f 373/132/30 372/133/30 168/194/30 156/194/30
f 374/132/30 373/132/30 156/194/30 53/194/30
f 375/39/9 374/42/9 53/129/9 52/182/9
f 376/40/9 375/39/9 52/182/9 51/178/9
f 160/80/29 377/130/29 376/130/29 51/80/29
f 172/80/29 378/130/29 377/130/29 160/80/29
f 19/80/29 379/130/29 378/130/29 172/80/29
f 380/58/9 379/40/9 19/178/9 226/177/9
f 381/293/9 380/58/9 226/177/9 206/288/9
f 382/294/9 381/293/9 206/288/9 14/287/9
f 97/211/68 383/206/12 382/209/12 14/212/56
f 117/174/56 384/35/12 383/206/12 97/211/68
f 385/36/12 384/35/12 117/174/56 13/173/55
f 13/310/10 215/309/10 386/306/10 385/305/10
f 215/309/10 235/201/10 357/61/10 386/306/10
f 388/354/102 387/354/102 31/98/102 165/98/102
f 389/354/102 388/354/102 165/98/102 153/98/102
f 390/354/102 389/354/102 153/98/102 54/98/102
f 391/355/9 390/353/9 54/80/9 49/83/9
f 49/83/9 50/86/9 392/356/9 391/355/9
f 151/86/101 393/356/101 392/356/101 50/86/101
f 163/86/101 394/356/101 393/356/101 151/86/101
f 33/86/101 395/356/101 394/356/101 163/86/101
f 396/357/9 395/356/9 33/86/9 223/87/9
f 397/358/9 396/357/9 223/87/9 203/276/9
f 398/359/9 397/358/9 203/276/9 34/275/9
f 100/223/17 399/360/104 398/361/104 34/224/17
f 120/90/17 400/362/104 399/360/104 100/223/17
f 401/363/104 400/362/104 120/90/17 35/89/17
f 35/269/10 198/268/10 402/340/10 401/364/10
f 198/268/10 218/95/10 403/341/10 402/340/10
f 218/95/10 36/94/10 404/342/10 403/341/10
f 187/37/101 405/343/101 404/343/101 36/37/101
f 175/37/101 406/343/101 405/343/101 187/37/101
f 407/343/101 406/343/101 175/37/101 58/37/101
f 58/94/10 59/98/10 408/344/10 407/342/10
f 59/98/10 62/100/10 409/345/10 408/344/10
f 177/41/102 410/346/102 409/346/102 62/41/102
f 189/41/102 411/346/102 410/346/102 177/41/102
f 38/41/102 412/346/102 411/346/102 189/41/102
f 38/100/10 29/102/10 413/347/10 412/345/10
f 29/78/16 126/77/16 414/349/103 413/348/103
f 415/350/103 414/349/103 126/77/16 106/236/70
f 416/351/103 415/350/103 106/236/70 30/237/16
f 30/81/9 31/80/9 387/353/9 416/352/9
f 425/1/1 549/2/1 550/3/1 437/4/1
f 483/5/2 535/6/3 711/7/4 712/8/4
f 433/9/5 538/10/5 539/11/5 428/12/5
f 694/13/6 695/14/7 543/15/8 491/16/8
f 702/17/9 703/18/9 486/19/9 487/20/9
f 688/21/10 689/22/10 494/23/10 495/24/10
f 439/25/1 548/26/1 549/2/1 425/1/1
f 487/20/9 488/27/9 701/28/9 702/17/9
f 428/12/5 539/11/5 540/29/5 443/30/5
f 689/22/10 690/31/10 493/32/10 494/23/10
f 455/33/11 532/34/11 800/35/12 801/36/12
f 471/37/9 472/38/9 791/39/9 792/40/9
f 472/38/9 473/41/9 790/42/9 791/39/9
f 783/43/13 784/44/13 546/45/14 461/46/14
f 778/47/10 779/48/10 480/49/10 481/50/10
f 481/50/10 482/51/10 777/52/10 778/47/10
f 635/53/5 636/54/5 538/10/5 433/9/5
f 640/55/9 485/19/9 706/18/9 707/56/9
f 643/57/9 457/37/9 795/40/9 796/58/9
f 437/4/1 550/3/1 647/59/1 648/60/1
f 773/61/10 774/52/10 464/51/10 650/62/10
f 684/63/10 685/21/10 496/24/10 633/64/10
f 417/65/1 547/66/1 548/26/1 439/25/1
f 459/41/9 460/67/9 786/68/9 787/42/9
f 697/69/9 698/28/9 489/27/9 490/70/9
f 443/30/5 540/29/5 541/71/5 423/72/5
f 693/31/10 694/73/10 491/74/10 492/32/10
f 461/75/10 462/49/10 782/48/10 783/76/10
f 423/72/15 541/71/15 542/77/16 445/78/16
f 442/79/9 447/80/9 446/81/9 424/82/9
f 448/83/9 447/80/9 442/79/9 427/84/9
f 434/85/9 449/86/9 448/83/9 427/84/9
f 639/87/9 449/86/9 434/85/9 638/88/9
f 451/89/17 536/90/17 537/91/18 421/92/18
f 433/93/10 452/94/10 634/95/10 635/96/10
f 428/97/10 453/98/10 452/94/10 433/93/10
f 443/99/10 454/100/10 453/98/10 428/97/10
f 423/101/10 445/102/10 454/100/10 443/99/10
f 419/103/67 531/104/67 553/105/67 554/106/67
f 436/107/9 564/108/9 644/109/9 645/110/9
f 426/111/9 563/112/9 564/108/9 436/107/9
f 440/113/9 562/114/9 563/112/9 426/111/9
f 418/115/9 561/116/9 562/114/9 440/113/9
f 558/117/20 559/118/20 547/119/20 417/120/20
f 439/25/10 557/121/10 558/122/10 417/65/10
f 556/123/10 557/121/10 439/25/10 425/1/10
f 437/4/10 555/124/10 556/123/10 425/1/10
f 649/125/10 555/124/10 437/4/10 648/60/10
f 448/83/21 449/86/21 579/86/21 580/83/21
f 706/18/22 485/19/23 578/19/24 705/18/22
f 582/126/25 489/126/26 698/127/27 699/127/27
f 447/128/21 448/94/21 580/94/21 581/128/21
f 457/129/28 458/80/28 586/80/28 587/129/28
f 795/130/29 457/83/29 587/83/29 794/130/29
f 458/98/28 459/100/28 585/131/28 586/98/28
f 459/100/30 787/132/30 788/133/30 585/131/30
f 591/37/21 592/38/21 475/38/21 474/37/21
f 495/134/23 590/134/24 687/135/22 688/135/22
f 592/38/21 593/41/21 478/41/21 475/38/21
f 691/136/31 594/137/32 493/137/32 690/136/27
f 780/48/33 597/49/34 480/49/35 779/48/36
f 597/49/28 598/50/28 481/50/28 480/49/28
f 598/50/28 599/51/28 482/51/28 481/50/28
f 599/51/29 776/52/29 777/52/29 482/51/29
f 497/138/37 534/139/37 771/140/38 772/141/38
f 641/142/9 499/143/9 766/144/9 767/145/9
f 765/146/39 766/144/40 499/143/41 577/143/41
f 762/147/9 763/144/9 500/143/9 501/148/9
f 501/148/9 502/149/9 761/150/9 762/147/9
f 583/151/42 503/151/42 758/152/109 759/152/43
f 757/153/9 758/150/9 503/149/9 504/154/9
f 754/155/44 755/156/44 544/157/45 505/158/71
f 753/159/10 754/160/10 505/161/10 506/162/10
f 750/163/47 751/163/48 595/164/49 507/164/50
f 749/165/10 750/159/10 507/162/10 508/166/10
f 748/167/10 749/165/10 508/166/10 509/168/10
f 509/169/51 589/169/52 747/170/53 748/170/54
f 652/171/10 744/172/10 745/167/10 510/168/10
f 429/173/55 533/174/56 742/175/57 713/176/57
f 642/177/9 435/178/9 737/179/9 738/180/9
f 588/178/58 736/179/59 737/179/59 435/178/58
f 733/181/9 734/179/9 467/178/9 468/182/9
f 468/182/9 469/129/9 732/183/9 733/181/9
f 441/94/60 729/184/60 730/184/60 584/94/60
f 728/185/9 729/183/9 441/129/9 431/186/9
f 725/187/61 726/188/61 545/189/62 432/190/62
f 724/191/10 725/192/10 432/193/10 444/194/10
f 721/195/63 722/195/64 596/129/65 479/129/66
f 720/196/10 721/191/10 479/194/10 476/197/10
f 719/198/10 720/196/10 476/197/10 477/128/10
f 600/178/58 718/199/59 719/199/59 477/178/58
f 715/200/10 716/198/10 438/128/10 651/201/10
f 511/202/67 420/203/19 551/204/67 552/205/67
f 799/206/12 512/207/11 456/208/11 798/209/12
f 741/210/57 513/211/68 430/212/56 740/213/57
f 770/214/38 514/215/37 498/216/37 769/217/38
f 710/218/4 515/219/69 484/220/2 709/221/4
f 517/222/18 516/223/17 450/224/17 422/225/18
f 518/226/5 637/227/5 638/228/5 434/229/5
f 519/230/5 518/226/5 434/229/5 427/231/5
f 520/232/5 519/230/5 427/231/5 442/233/5
f 521/234/5 520/232/5 442/233/5 424/235/5
f 522/236/70 521/234/15 424/235/15 446/237/16
f 523/238/8 696/239/7 697/240/7 490/241/8
f 524/242/45 756/243/44 757/244/44 504/245/71
f 525/246/62 727/247/61 728/248/61 431/249/62
f 526/250/14 785/251/13 786/252/13 460/253/14
f 527/254/20 560/255/20 561/256/20 418/257/20
f 528/258/1 527/259/1 418/115/1 440/113/1
f 529/260/1 528/258/1 440/113/1 426/111/1
f 530/261/1 529/260/1 426/111/1 436/107/1
f 646/262/1 530/261/1 436/107/1 645/110/1
f 531/104/67 511/202/67 552/205/67 553/105/67
f 800/35/12 532/34/11 512/207/11 799/206/12
f 742/175/57 533/174/56 513/211/68 741/210/57
f 771/140/38 534/139/37 514/215/37 770/214/38
f 711/7/4 535/6/3 515/219/69 710/218/4
f 537/91/18 536/90/17 516/223/17 517/222/18
f 538/10/5 636/54/5 637/227/5 518/226/5
f 539/11/5 538/10/5 518/226/5 519/230/5
f 540/29/5 539/11/5 519/230/5 520/232/5
f 541/71/5 540/29/5 520/232/5 521/234/5
f 542/77/16 541/71/15 521/234/15 522/236/70
f 543/15/8 695/14/7 696/239/7 523/238/8
f 544/157/45 755/156/44 756/243/44 524/242/45
f 545/189/62 726/188/61 727/247/61 525/246/62
f 546/45/14 784/44/13 785/251/13 526/250/14
f 547/119/20 559/118/20 560/255/20 527/254/20
f 548/26/1 547/66/1 527/259/1 528/258/1
f 549/2/1 548/26/1 528/258/1 529/260/1
f 550/3/1 549/2/1 529/260/1 530/261/1
f 647/59/1 550/3/1 530/261/1 646/262/1
f 552/205/67 551/204/67 456/208/11 512/207/11
f 553/105/67 552/205/67 512/207/11 532/34/11
f 554/106/67 553/105/67 532/34/11 455/33/11
f 650/62/10 464/51/10 555/124/10 649/125/10
f 556/123/10 555/124/10 464/51/10 463/50/10
f 463/50/10 462/49/10 557/121/10 556/123/10
f 558/122/10 557/121/10 462/49/10 461/75/10
f 461/46/14 546/45/14 559/118/20 558/117/20
f 560/255/20 559/118/20 546/45/14 526/250/14
f 561/256/20 560/255/20 526/250/14 460/253/14
f 562/114/9 561/116/9 460/67/9 459/41/9
f 563/112/9 562/114/9 459/41/9 458/38/9
f 564/108/9 563/112/9 458/38/9 457/37/9
f 644/109/9 564/108/9 457/37/9 643/57/9
f 763/144/39 764/146/39 565/143/41 500/143/41
f 704/18/22 566/19/72 486/19/72 703/18/22
f 568/83/21 567/86/21 466/86/21 465/83/21
f 569/128/21 568/94/21 465/94/21 470/128/21
f 488/126/26 570/126/25 700/127/27 701/127/27
f 502/151/42 571/151/42 760/152/43 761/152/43
f 572/94/60 731/184/60 732/184/60 469/94/60
f 573/100/30 789/132/30 790/132/30 473/100/30
f 574/98/28 573/100/28 473/100/28 472/98/28
f 575/129/28 574/80/28 472/80/28 471/129/28
f 793/130/29 575/83/29 471/83/29 792/130/29
f 734/179/75 735/179/59 576/178/58 467/178/58
f 764/146/39 765/146/39 577/143/41 565/143/41
f 705/18/22 578/19/24 566/19/72 704/18/22
f 580/83/21 579/86/21 567/86/21 568/83/21
f 581/128/21 580/94/21 568/94/21 569/128/21
f 570/126/25 582/126/25 699/127/27 700/127/27
f 571/151/42 583/151/42 759/152/43 760/152/43
f 584/94/60 730/184/60 731/184/60 572/94/60
f 585/131/30 788/133/30 789/132/30 573/100/30
f 586/98/28 585/131/28 573/100/28 574/98/28
f 587/129/28 586/80/28 574/80/28 575/129/28
f 794/130/29 587/83/29 575/83/29 793/130/29
f 576/178/58 735/179/59 736/179/59 588/178/58
f 589/169/52 601/169/41 746/170/39 747/170/53
f 687/135/22 590/134/24 602/134/73 686/135/22
f 603/37/21 604/38/21 592/38/21 591/37/21
f 604/38/21 605/41/21 593/41/21 592/38/21
f 692/136/27 606/137/32 594/137/32 691/136/31
f 595/164/49 751/163/48 752/163/76 607/164/77
f 596/129/65 722/195/64 723/195/78 608/129/79
f 781/48/80 609/49/81 597/49/34 780/48/33
f 609/49/28 610/50/28 598/50/28 597/49/28
f 610/50/28 611/51/28 599/51/28 598/50/28
f 611/51/29 775/52/29 776/52/29 599/51/29
f 612/178/58 717/199/59 718/199/59 600/178/58
f 601/169/41 510/169/41 745/170/39 746/170/39
f 686/135/22 602/134/73 496/134/110 685/135/22
f 452/37/21 453/38/21 604/38/21 603/37/21
f 453/38/21 454/41/21 605/41/21 604/38/21
f 693/136/27 492/137/32 606/137/32 692/136/27
f 607/164/77 752/163/76 753/163/76 506/164/83
f 608/129/79 723/195/78 724/195/84 444/129/85
f 782/48/86 462/49/87 609/49/81 781/48/80
f 462/49/28 463/50/28 610/50/28 609/49/28
f 463/50/28 464/51/28 611/51/28 610/50/28
f 464/51/29 774/52/29 775/52/29 611/51/29
f 438/178/58 716/199/59 717/199/59 612/178/58
f 712/263/10 683/264/111 613/265/10 483/266/10
f 615/267/10 614/268/10 451/269/10 421/270/10
f 421/92/5 537/91/5 616/271/5 615/272/5
f 617/273/5 616/271/5 537/91/5 517/222/5
f 618/274/5 617/273/5 517/222/5 422/225/5
f 450/275/9 619/276/9 618/277/9 422/278/9
f 484/279/9 620/280/9 708/281/112 709/282/9
f 498/283/9 621/284/9 768/285/9 769/286/9
f 430/287/9 622/288/9 739/289/9 740/290/9
f 456/291/9 623/292/9 797/293/9 798/294/9
f 551/295/9 624/296/9 623/292/9 456/291/9
f 625/297/9 624/296/9 551/295/9 420/203/9
f 511/202/1 626/298/1 625/297/1 420/203/1
f 531/104/1 627/299/1 626/298/1 511/202/1
f 628/300/1 627/299/1 531/104/1 419/103/1
f 554/301/10 629/302/10 628/300/10 419/103/10
f 455/303/10 630/304/10 629/302/10 554/301/10
f 801/305/10 802/306/10 630/304/10 455/303/10
f 713/307/10 714/308/10 631/309/10 429/310/10
f 772/311/10 743/312/10 632/313/10 497/314/10
f 683/264/111 684/63/10 633/64/10 613/265/10
f 635/96/10 634/95/10 614/268/10 615/267/10
f 615/272/5 616/271/5 636/54/5 635/53/5
f 637/227/5 636/54/5 616/271/5 617/273/5
f 638/228/5 637/227/5 617/273/5 618/274/5
f 619/276/9 639/87/9 638/88/9 618/277/9
f 620/280/9 640/55/9 707/56/9 708/281/112
f 621/284/9 641/142/9 767/145/9 768/285/9
f 622/288/9 642/177/9 738/180/9 739/289/9
f 623/292/9 643/57/9 796/58/9 797/293/9
f 624/296/9 644/109/9 643/57/9 623/292/9
f 645/110/9 644/109/9 624/296/9 625/297/9
f 626/298/1 646/262/1 645/110/1 625/297/1
f 627/299/1 647/59/1 646/262/1 626/298/1
f 648/60/1 647/59/1 627/299/1 628/300/1
f 629/302/10 649/125/10 648/60/10 628/300/10
f 630/304/10 650/62/10 649/125/10 629/302/10
f 802/306/10 773/61/10 650/62/10 630/304/10
f 714/308/10 715/200/10 651/201/10 631/309/10
f 632/313/10 743/312/10 744/172/10 652/171/10
f 653/315/10 613/265/10 633/64/10 654/316/10
f 655/317/10 654/316/10 633/64/10 496/24/10
f 656/318/88 655/318/88 496/134/110 602/134/73
f 657/318/89 656/318/88 602/134/73 590/134/24
f 658/318/90 657/318/89 590/134/24 495/134/23
f 495/24/10 494/23/10 659/319/10 658/317/10
f 494/23/10 493/32/10 660/320/10 659/319/10
f 493/137/32 594/137/32 661/321/91 660/321/92
f 662/321/93 661/321/91 594/137/32 606/137/32
f 663/321/94 662/321/93 606/137/32 492/137/32
f 492/32/10 491/74/10 664/322/10 663/320/10
f 491/16/8 543/15/8 665/323/95 664/324/95
f 666/325/95 665/323/95 543/15/8 523/238/8
f 667/326/95 666/325/95 523/238/8 490/241/8
f 490/70/9 489/27/9 668/327/9 667/328/9
f 669/329/96 668/329/97 489/126/26 582/126/25
f 670/329/96 669/329/96 582/126/25 570/126/25
f 671/329/96 670/329/96 570/126/25 488/126/26
f 672/330/9 671/327/9 488/27/9 487/20/9
f 487/20/9 486/19/9 673/331/9 672/330/9
f 486/19/72 566/19/72 674/331/88 673/331/88
f 566/19/72 578/19/24 675/331/88 674/331/88
f 578/19/24 485/19/23 676/331/88 675/331/88
f 677/332/9 676/331/9 485/19/9 640/55/9
f 678/333/9 677/332/9 640/55/9 620/280/9
f 679/334/9 678/333/9 620/280/9 484/279/9
f 515/219/69 680/335/98 679/336/99 484/220/2
f 535/6/3 681/337/99 680/335/98 515/219/69
f 682/338/100 681/337/99 535/6/3 483/5/2
f 483/266/10 613/265/10 653/315/10 682/339/10
f 818/340/10 819/341/10 684/63/10 683/264/111
f 819/341/10 820/342/10 685/21/10 684/63/10
f 821/343/101 686/135/22 685/135/22 820/343/101
f 822/343/101 687/135/22 686/135/22 821/343/101
f 688/135/22 687/135/22 822/343/101 823/343/101
f 823/342/10 824/344/10 689/22/10 688/21/10
f 824/344/10 825/345/10 690/31/10 689/22/10
f 826/346/102 691/136/31 690/136/27 825/346/102
f 827/346/102 692/136/27 691/136/31 826/346/102
f 828/346/102 693/136/27 692/136/27 827/346/102
f 828/345/10 829/347/10 694/73/10 693/31/10
f 829/348/103 830/349/103 695/14/7 694/13/6
f 696/239/7 695/14/7 830/349/103 831/350/103
f 697/240/7 696/239/7 831/350/103 832/351/103
f 832/352/9 803/353/9 698/28/9 697/69/9
f 699/127/27 698/127/27 803/354/102 804/354/102
f 700/127/27 699/127/27 804/354/102 805/354/102
f 701/127/27 700/127/27 805/354/102 806/354/102
f 702/17/9 701/28/9 806/353/9 807/355/9
f 807/355/9 808/356/9 703/18/9 702/17/9
f 809/356/101 704/18/22 703/18/22 808/356/101
f 810/356/101 705/18/22 704/18/22 809/356/101
f 811/356/101 706/18/22 705/18/22 810/356/101
f 707/56/9 706/18/9 811/356/9 812/357/9
f 708/281/112 707/56/9 812/357/9 813/358/9
f 709/282/9 708/281/112 813/358/9 814/359/9
f 815/360/104 710/218/4 709/221/4 814/361/104
f 816/362/104 711/7/4 710/218/4 815/360/104
f 712/8/4 711/7/4 816/362/104 817/363/104
f 817/364/10 818/340/10 683/264/111 712/263/10
f 497/314/10 632/313/10 714/308/10 713/307/10
f 632/313/10 652/171/10 715/200/10 714/308/10
f 652/171/10 510/168/10 716/198/10 715/200/10
f 717/199/59 716/199/59 510/169/41 601/169/41
f 718/199/59 717/199/59 601/169/41 589/169/52
f 719/199/59 718/199/59 589/169/52 509/169/51
f 509/168/10 508/166/10 720/196/10 719/198/10
f 508/166/10 507/162/10 721/191/10 720/196/10
f 507/164/50 595/164/49 722/195/64 721/195/63
f 723/195/78 722/195/64 595/164/49 607/164/77
f 724/195/84 723/195/78 607/164/77 506/164/83
f 506/162/10 505/161/10 725/192/10 724/191/10
f 505/158/71 544/157/45 726/188/61 725/187/61
f 727/247/61 726/188/61 544/157/45 524/242/45
f 728/248/61 727/247/61 524/242/45 504/245/71
f 504/154/9 503/149/9 729/183/9 728/185/9
f 730/184/60 729/184/60 503/151/42 583/151/42
f 731/184/60 730/184/60 583/151/42 571/151/42
f 732/184/60 731/184/60 571/151/42 502/151/42
f 733/181/9 732/183/9 502/149/9 501/148/9
f 501/148/9 500/143/9 734/179/9 733/181/9
f 500/143/41 565/143/41 735/179/59 734/179/75
f 736/179/59 735/179/59 565/143/41 577/143/41
f 737/179/59 736/179/59 577/143/41 499/143/41
f 738/180/9 737/179/9 499/143/9 641/142/9
f 739/289/9 738/180/9 641/142/9 621/284/9
f 740/290/9 739/289/9 621/284/9 498/283/9
f 514/215/37 741/210/57 740/213/57 498/216/37
f 534/139/37 742/175/57 741/210/57 514/215/37
f 713/176/57 742/175/57 534/139/37 497/138/37
f 743/312/10 653/315/10 654/316/10 744/172/10
f 745/167/10 744/172/10 654/316/10 655/317/10
f 746/170/39 745/170/39 655/318/88 656/318/88
f 747/170/53 746/170/39 656/318/88 657/318/89
f 748/170/54 747/170/53 657/318/89 658/318/90
f 658/317/10 659/319/10 749/165/10 748/167/10
f 659/319/10 660/320/10 750/159/10 749/165/10
f 660/321/92 661/321/91 751/163/48 750/163/47
f 752/163/76 751/163/48 661/321/91 662/321/93
f 753/163/76 752/163/76 662/321/93 663/321/94
f 663/320/10 664/322/10 754/160/10 753/159/10
f 664/324/95 665/323/95 755/156/44 754/155/44
f 756/243/44 755/156/44 665/323/95 666/325/95
f 757/244/44 756/243/44 666/325/95 667/326/95
f 667/328/9 668/327/9 758/150/9 757/153/9
f 759/152/43 758/152/109 668/329/97 669/329/96
f 760/152/43 759/152/43 669/329/96 670/329/96
f 761/152/43 760/152/43 670/329/96 671/329/96
f 762/147/9 761/150/9 671/327/9 672/330/9
f 672/330/9 673/331/9 763/144/9 762/147/9
f 673/331/88 674/331/88 764/146/39 763/144/39
f 674/331/88 675/331/88 765/146/39 764/146/39
f 675/331/88 676/331/88 766/144/40 765/146/39
f 767/145/9 766/144/9 676/331/9 677/332/9
f 768/285/9 767/145/9 677/332/9 678/333/9
f 769/286/9 768/285/9 678/333/9 679/334/9
f 680/335/98 770/214/38 769/217/38 679/336/99
f 681/337/99 771/140/38 770/214/38 680/335/98
f 772/141/38 771/140/38 681/337/99 682/338/100
f 682/339/10 653/315/10 743/312/10 772/311/10
f 651/201/10 438/128/10 774/52/10 773/61/10
f 775/52/29 774/52/29 438/128/29 612/128/29
f 776/52/29 775/52/29 612/128/29 600/128/29
f 777/52/29 776/52/29 600/128/29 477/128/29
f 778/47/10 777/52/10 477/128/10 476/197/10
f 476/197/10 479/194/10 779/48/10 778/47/10
f 596/194/105 780/48/33 779/48/36 479/194/106
f 608/194/107 781/48/80 780/48/33 596/194/105
f 444/194/108 782/48/86 781/48/80 608/194/107
f 783/76/10 782/48/10 444/194/10 432/193/10
f 432/190/62 545/189/62 784/44/13 783/43/13
f 785/251/13 784/44/13 545/189/62 525/246/62
f 786/252/13 785/251/13 525/246/62 431/249/62
f 787/42/9 786/68/9 431/186/9 441/129/9
f 788/133/30 787/132/30 441/194/30 584/194/30
f 789/132/30 788/133/30 584/194/30 572/194/30
f 790/132/30 789/132/30 572/194/30 469/194/30
f 791/39/9 790/42/9 469/129/9 468/182/9
f 792/40/9 791/39/9 468/182/9 467/178/9
f 576/80/29 793/130/29 792/130/29 467/80/29
f 588/80/29 794/130/29 793/130/29 576/80/29
f 435/80/29 795/130/29 794/130/29 588/80/29
f 796/58/9 795/40/9 435/178/9 642/177/9
f 797/293/9 796/58/9 642/177/9 622/288/9
f 798/294/9 797/293/9 622/288/9 430/287/9
f 513/211/68 799/206/12 798/209/12 430/212/56
f 533/174/56 800/35/12 799/206/12 513/211/68
f 801/36/12 800/35/12 533/174/56 429/173/55
f 429/310/10 631/309/10 802/306/10 801/305/10
f 631/309/10 651/201/10 773/61/10 802/306/10
f 804/354/102 803/354/102 447/98/102 581/98/102
f 805/354/102 804/354/102 581/98/102 569/98/102
f 806/354/102 805/354/102 569/98/102 470/98/102
f 807/355/9 806/353/9 470/80/9 465/83/9
f 465/83/9 466/86/9 808/356/9 807/355/9
f 567/86/101 809/356/101 808/356/101 466/86/101
f 579/86/101 810/356/101 809/356/101 567/86/101
f 449/86/101 811/356/101 810/356/101 579/86/101
f 812/357/9 811/356/9 449/86/9 639/87/9
f 813/358/9 812/357/9 639/87/9 619/276/9
f 814/359/9 813/358/9 619/276/9 450/275/9
f 516/223/17 815/360/104 814/361/104 450/224/17
f 536/90/17 816/362/104 815/360/104 516/223/17
f 817/363/104 816/362/104 536/90/17 451/89/17
f 451/269/10 614/268/10 818/340/10 817/364/10
f 614/268/10 634/95/10 819/341/10 818/340/10
f 634/95/10 452/94/10 820/342/10 819/341/10
f 603/37/101 821/343/101 820/343/101 452/37/101
f 591/37/101 822/343/101 821/343/101 603/37/101
f 823/343/101 822/343/101 591/37/101 474/37/101
f 474/94/10 475/98/10 824/344/10 823/342/10
f 475/98/10 478/100/10 825/345/10 824/344/10
f 593/41/102 826/346/102 825/346/102 478/41/102
f 605/41/102 827/346/102 826/346/102 593/41/102
f 454/41/102 828/346/102 827/346/102 605/41/102
f 454/100/10 445/102/10 829/347/10 828/345/10
f 445/78/16 542/77/16 830/349/103 829/348/103
f 831/350/103 830/349/103 542/77/16 522/236/70
f 832/351/103 831/350/103 522/236/70 446/237/16
f 446/81/9 447/80/9 803/353/9 832/352/9
f 858/365/113 870/366/114 833/367/115
f 857/368/116 870/366/114 858/365/113
f 856/369/117 870/366/114 857/368/116
f 855/370/118 870/366/114 856/369/117
f 854/371/119 870/366/114 855/370/118
f 872/372/120 870/366/114 854/371/119
f 871/373/121 870/366/114 872/372/120
f 868/374/122 870/366/114 869/375/123
f 867/376/124 870/366/114 868/374/122
f 866/377/125 870/366/114 867/376/124
f 865/378/126 870/366/114 866/377/125
f 864/379/127 870/366/114 865/378/126
f 863/380/128 870/366/114 864/379/127
f 862/381/129 870/366/114 863/380/128
f 861/382/130 870/366/114 862/381/129
f 860/383/131 870/366/114 861/382/130
f 859/384/132 870/366/114 860/383/131
f 833/367/115 870/366/114 859/384/132
f 838/385/133 839/386/134 837/387/135
f 837/387/135 839/386/134 836/388/136
f 836/388/136 839/386/134 835/389/137
f 835/389/137 839/386/134 834/390/138
f 834/390/138 839/386/134 853/391/139
f 853/391/139 839/386/134 852/392/140
f 852/392/140 839/386/134 851/393/141
f 851/393/141 839/386/134 850/394/142
f 850/394/142 839/386/134 849/395/143
f 849/395/143 839/386/134 848/396/144
f 848/396/144 839/386/134 847/397/145
f 847/397/145 839/386/134 846/398/146
f 846/398/146 839/386/134 845/399/147
f 845/399/147 839/386/134 844/400/148
f 844/400/148 839/386/134 843/401/149
f 843/401/149 839/386/134 842/402/150
f 842/402/150 839/386/134 841/403/151
f 841/403/151 839/386/134 840/404/152
f 876/405/153 907/406/154 906/407/155
f 878/408/156 882/409/157 883/410/158
f 880/411/159 912/412/160 881/413/161
f 885/414/162 918/415/163 886/416/164
f 890/417/165 923/418/166 891/419/167
f 895/420/168 928/421/169 896/422/170
f 901/423/171 933/424/172 932/425/173
f 878/408/156 873/426/174 934/427/175
f 882/409/157 878/408/156 934/427/175
f 887/428/176 882/409/157 934/427/175
f 892/429/177 887/428/176 934/427/175
f 898/430/178 892/429/177 934/427/175
f 873/426/174 898/430/178 934/427/175
f 903/431/179 908/432/180 935/433/181
f 908/432/180 914/434/182 935/433/181
f 914/434/182 919/435/183 935/433/181
f 919/435/183 925/436/184 935/433/181
f 925/436/184 929/437/185 935/433/181
f 929/437/185 903/431/179 935/433/181
f 874/438/186 875/439/187 936/440/188
f 876/405/153 936/441/188 875/442/187
f 877/443/189 936/444/188 876/445/153
f 897/446/190 893/447/191 894/448/192
f 902/449/193 900/450/194 901/423/171
f 907/406/154 905/451/195 906/407/155
f 913/452/196 909/453/197 910/454/198
f 924/455/199 920/456/200 921/457/201
f 834/458/138 854/459/119 855/460/118 835/461/137
f 933/424/172 931/462/202 932/425/173
f 938/463/203 941/464/204 939/465/205
f 972/466/206 954/467/207 937/468/208
f 987/469/209 940/470/210 974/471/211
f 990/472/212 942/473/213 976/474/214
f 992/475/215 945/476/216 978/477/217
f 995/478/218 948/479/219 980/480/220
f 983/481/221 968/482/222 951/483/223
f 965/484/224 967/485/225 964/486/226
f 941/464/204 1000/487/227 939/465/205
f 944/488/228 1000/487/227 941/464/204
f 947/489/229 1000/487/227 944/488/228
f 950/490/230 1000/487/227 947/489/229
f 953/491/231 1000/487/227 950/490/230
f 939/465/205 1000/487/227 953/491/231
f 956/492/232 1001/493/233 959/494/234
f 959/494/234 1001/493/233 962/495/235
f 962/495/235 1001/493/233 965/484/224
f 965/484/224 1001/493/233 967/485/225
f 967/485/225 1001/493/233 970/496/236
f 970/496/236 1001/493/233 956/492/232
f 973/441/237 937/497/208 971/498/238
f 973/499/237 972/466/206 937/468/208
f 984/500/239 983/481/221 951/483/223
f 986/501/240 985/502/241 954/503/207
f 999/504/242 968/482/222 997/505/243
f 999/504/242 998/506/244 968/482/222
f 1004/507/245 1029/508/246 1028/509/247
f 1008/510/248 1033/511/249 1009/512/250
f 1012/513/251 1037/514/252 1013/515/253
f 1016/516/254 1041/517/255 1017/518/256
f 1024/519/257 1049/520/258 1048/521/259
f 1006/522/260 1002/523/261 1050/524/262
f 1010/525/263 1006/522/260 1050/524/262
f 1014/526/264 1010/525/263 1050/524/262
f 1018/527/265 1014/526/264 1050/524/262
f 1022/528/266 1018/527/265 1050/524/262
f 1002/523/261 1022/528/266 1050/524/262
f 1026/529/267 1030/530/268 1051/531/269
f 1030/530/268 1034/532/270 1051/531/269
f 1034/532/270 1038/533/271 1051/531/269
f 1038/533/271 1042/534/272 1051/531/269
f 1042/534/272 1046/535/273 1051/531/269
f 1046/535/273 1026/529/267 1051/531/269
f 1005/536/274 1003/537/275 1004/538/245
f 1025/539/276 1023/540/277 1024/519/257
f 1029/508/246 1027/541/278 1028/509/247
f 1049/520/258 1047/542/279 1048/521/259
f 1077/543/280 1063/544/281 1052/545/282
f 1091/546/283 1054/547/284 1079/548/285
f 1093/549/286 1055/550/287 1081/551/288
f 1095/552/289 1057/553/290 1083/554/291
f 1097/555/292 1059/556/293 1085/557/294
f 1087/558/295 1073/559/296 1061/560/297
f 1058/561/298 1075/562/299 1056/563/300
f 1060/564/301 1075/562/299 1058/561/298
f 1062/565/302 1075/562/299 1060/564/301
f 1053/566/303 1075/562/299 1062/565/302
f 1064/567/304 1076/568/305 1066/569/306
f 1066/569/306 1076/568/305 1068/570/307
f 1068/570/307 1076/568/305 1070/571/308
f 1070/571/308 1076/568/305 1072/572/309
f 1072/572/309 1076/568/305 1074/573/310
f 1074/573/310 1076/568/305 1064/567/304
f 1078/574/311 1077/543/280 1052/545/282
f 1088/575/312 1087/558/295 1061/560/297
f 1090/576/313 1089/577/314 1063/578/281
f 1100/579/315 1099/580/316 1073/559/296
f 1101/365/317 1129/367/318 1124/581/319
f 1128/368/320 1101/365/317 1124/581/319
f 1127/369/321 1128/368/320 1124/581/319
f 1126/370/322 1127/369/321 1124/581/319
f 1102/371/323 1126/370/322 1124/581/319
f 1140/372/324 1102/371/323 1124/581/319
f 1103/373/325 1140/372/324 1124/581/319
f 1104/582/326 1103/373/325 1124/581/319
f 1139/375/327 1104/582/326 1124/581/319
f 1138/374/328 1139/375/327 1124/581/319
f 1137/376/329 1138/374/328 1124/581/319
f 1136/377/330 1137/376/329 1124/581/319
f 1135/378/331 1136/377/330 1124/581/319
f 1134/379/332 1135/378/331 1124/581/319
f 1133/380/333 1134/379/332 1124/581/319
f 1132/381/334 1133/380/333 1124/581/319
f 1131/382/335 1132/381/334 1124/581/319
f 1129/367/318 1130/384/336 1124/581/319
f 1105/583/337 1106/385/338 1123/584/339
f 1106/385/338 1107/387/340 1123/584/339
f 1107/387/340 1108/388/341 1123/584/339
f 1108/388/341 1109/389/342 1123/584/339
f 1109/389/342 1125/390/343 1123/584/339
f 1125/390/343 1110/391/344 1123/584/339
f 1110/391/344 1111/392/345 1123/584/339
f 1111/392/345 1112/393/346 1123/584/339
f 1112/393/346 1113/394/347 1123/584/339
f 1113/394/347 1114/395/348 1123/584/339
f 1114/395/348 1115/396/349 1123/584/339
f 1115/396/349 1116/397/350 1123/584/339
f 1116/397/350 1117/398/351 1123/584/339
f 1117/398/351 1118/399/352 1123/584/339
f 1118/399/352 1119/400/353 1123/584/339
f 1119/400/353 1120/401/354 1123/584/339
f 1120/401/354 1121/402/355 1123/584/339
f 1121/402/355 1122/403/356 1123/584/339
f 1166/365/357 1178/585/358 1141/367/359
f 1165/368/360 1178/585/358 1166/365/357
f 1164/369/361 1178/585/358 1165/368/360
f 1163/370/362 1178/585/358 1164/369/361
f 1162/371/363 1178/585/358 1163/370/362
f 1180/372/364 1178/585/358 1162/371/363
f 1179/373/365 1178/585/358 1180/372/364
f 1176/374/366 1178/585/358 1177/375/367
f 1175/376/368 1178/585/358 1176/374/366
f 1174/377/369 1178/585/358 1175/376/368
f 1173/378/370 1178/585/358 1174/377/369
f 1172/379/371 1178/585/358 1173/378/370
f 1171/380/372 1178/585/358 1172/379/371
f 1170/381/373 1178/585/358 1171/380/372
f 1169/382/374 1178/585/358 1170/381/373
f 1168/383/375 1178/585/358 1169/382/374
f 1167/384/376 1178/585/358 1168/383/375
f 1141/367/359 1178/585/358 1167/384/376
f 1148/583/377 1143/586/378 1147/385/379
f 1147/385/379 1143/586/378 1146/387/380
f 1146/387/380 1143/586/378 1145/388/381
f 1145/388/381 1143/586/378 1144/389/382
f 1144/389/382 1143/586/378 1142/390/383
f 1142/390/383 1143/586/378 1161/391/384
f 1161/391/384 1143/586/378 1160/392/385
f 1160/392/385 1143/586/378 1159/393/386
f 1159/393/386 1143/586/378 1158/394/387
f 1158/394/387 1143/586/378 1157/395/388
f 1157/395/388 1143/586/378 1156/396/389
f 1156/396/389 1143/586/378 1155/397/390
f 1155/397/390 1143/586/378 1154/398/391
f 1154/398/391 1143/586/378 1153/399/392
f 1153/399/392 1143/586/378 1152/400/393
f 1152/400/393 1143/586/378 1151/401/394
f 1151/401/394 1143/586/378 1150/402/395
f 1150/402/395 1143/586/378 1149/403/396
f 1181/365/397 1209/367/398 1204/587/399
f 1208/368/400 1181/365/397 1204/587/399
f 1207/369/401 1208/368/400 1204/587/399
f 1206/370/402 1207/369/401 1204/587/399
f 1182/371/403 1206/370/402 1204/587/399
f 1220/372/404 1182/371/403 1204/587/399
f 1183/373/405 1220/372/404 1204/587/399
f 1184/582/406 1183/373/405 1204/587/399
f 1219/375/407 1184/582/406 1204/587/399
f 1218/374/408 1219/375/407 1204/587/399
f 1217/376/409 1218/374/408 1204/587/399
f 1216/377/410 1217/376/409 1204/587/399
f 1215/378/411 1216/377/410 1204/587/399
f 1214/379/412 1215/378/411 1204/587/399
f 1213/380/413 1214/379/412 1204/587/399
f 1212/381/414 1213/380/413 1204/587/399
f 1211/382/415 1212/381/414 1204/587/399
f 1209/367/398 1210/384/416 1204/587/399
f 1185/583/417 1186/385/418 1193/588/419
f 1186/385/418 1187/387/420 1193/588/419
f 1187/387/420 1188/388/421 1193/588/419
f 1188/388/421 1189/389/422 1193/588/419
f 1189/389/422 1205/390/423 1193/588/419
f 1205/390/423 1190/391/424 1193/588/419
f 1190/391/424 1191/392/425 1193/588/419
f 1191/392/425 1192/393/426 1193/588/419
f 1194/395/427 1195/396/428 1193/588/419
f 1195/396/428 1196/397/429 1193/588/419
f 1196/397/429 1197/398/430 1193/588/419
f 1197/398/430 1198/399/431 1193/588/419
f 1198/399/431 1199/400/432 1193/588/419
f 1199/400/432 1200/401/433 1193/588/419
f 1200/401/433 1201/402/434 1193/588/419
f 1201/402/434 1202/403/435 1193/588/419
f 1202/403/435 1203/404/436 1193/588/419
f 1203/404/436 1185/583/417 1193/588/419
f 1246/365/437 1258/589/438 1221/367/439
f 1245/368/440 1258/589/438 1246/365/437
f 1244/369/441 1258/589/438 1245/368/440
f 1243/370/442 1258/589/438 1244/369/441
f 1242/371/443 1258/589/438 1243/370/442
f 1260/372/444 1258/589/438 1242/371/443
f 1259/373/445 1258/589/438 1260/372/444
f 1256/374/446 1258/589/438 1257/375/447
f 1255/376/448 1258/589/438 1256/374/446
f 1254/377/449 1258/589/438 1255/376/448
f 1253/378/450 1258/589/438 1254/377/449
f 1252/379/451 1258/589/438 1253/378/450
f 1251/380/452 1258/589/438 1252/379/451
f 1250/381/453 1258/589/438 1251/380/452
f 1249/382/454 1258/589/438 1250/381/453
f 1248/383/455 1258/589/438 1249/382/454
f 1247/384/456 1258/589/438 1248/383/455
f 1221/367/439 1258/589/438 1247/384/456
f 1228/583/457 1223/590/458 1227/385/459
f 1227/385/459 1223/590/458 1226/387/460
f 1226/387/460 1223/590/458 1225/388/461
f 1225/388/461 1223/590/458 1224/389/462
f 1224/389/462 1223/590/458 1222/390/463
f 1222/390/463 1223/590/458 1241/391/464
f 1241/391/464 1223/590/458 1240/392/465
f 1240/392/465 1223/590/458 1239/393/466
f 1238/395/467 1223/590/458 1237/396/468
f 1237/396/468 1223/590/458 1236/397/469
f 1236/397/469 1223/590/458 1235/398/470
f 1235/398/470 1223/590/458 1234/399/471
f 1234/399/471 1223/590/458 1233/400/472
f 1233/400/472 1223/590/458 1232/401/473
f 1232/401/473 1223/590/458 1231/402/474
f 1231/402/474 1223/590/458 1230/403/475
f 1230/403/475 1223/590/458 1229/404/476
f 1229/404/476 1223/590/458 1228/583/457
f 1261/365/477 1291/367/478 1287/591/479
f 1262/368/480 1261/365/477 1287/591/479
f 1290/369/481 1262/368/480 1287/591/479
f 1289/370/482 1290/369/481 1287/591/479
f 1263/371/483 1289/370/482 1287/591/479
f 1300/372/484 1263/371/483 1287/591/479
f 1299/373/485 1300/372/484 1287/591/479
f 1298/374/486 1264/375/487 1287/591/479
f 1297/376/488 1298/374/486 1287/591/479
f 1265/377/489 1297/376/488 1287/591/479
f 1266/378/490 1265/377/489 1287/591/479
f 1296/379/491 1266/378/490 1287/591/479
f 1295/380/492 1296/379/491 1287/591/479
f 1294/381/493 1295/380/492 1287/591/479
f 1293/382/494 1294/381/493 1287/591/479
f 1292/383/495 1293/382/494 1287/591/479
f 1267/384/496 1292/383/495 1287/591/479
f 1291/367/478 1267/384/496 1287/591/479
f 1268/583/497 1269/385/498 1277/592/499
f 1269/385/498 1270/387/500 1277/592/499
f 1270/387/500 1271/388/501 1277/592/499
f 1271/388/501 1272/389/502 1277/592/499
f 1272/389/502 1288/390/503 1277/592/499
f 1288/390/503 1273/391/504 1277/592/499
f 1273/391/504 1274/392/505 1277/592/499
f 1274/392/505 1275/393/506 1277/592/499
f 1275/393/506 1276/394/507 1277/592/499
f 1278/396/508 1279/397/509 1277/592/499
f 1279/397/509 1280/398/510 1277/592/499
f 1280/398/510 1281/399/511 1277/592/499
f 1281/399/511 1282/400/512 1277/592/499
f 1282/400/512 1283/401/513 1277/592/499
f 1283/401/513 1284/402/514 1277/592/499
f 1284/402/514 1285/403/515 1277/592/499
f 1285/403/515 1286/404/516 1277/592/499
f 1286/404/516 1268/583/497 1277/592/499
f 1301/365/517 1329/367/518 1324/593/519
f 1328/368/520 1301/365/517 1324/593/519
f 1327/369/521 1328/368/520 1324/593/519
f 1326/370/522 1327/369/521 1324/593/519
f 1302/371/523 1326/370/522 1324/593/519
f 1340/372/524 1302/371/523 1324/593/519
f 1339/373/525 1340/372/524 1324/593/519
f 1338/374/526 1303/375/527 1324/593/519
f 1304/376/528 1338/374/526 1324/593/519
f 1337/377/529 1304/376/528 1324/593/519
f 1336/378/530 1337/377/529 1324/593/519
f 1335/379/531 1336/378/530 1324/593/519
f 1334/380/532 1335/379/531 1324/593/519
f 1333/381/533 1334/380/532 1324/593/519
f 1332/382/534 1333/381/533 1324/593/519
f 1331/383/535 1332/382/534 1324/593/519
f 1330/384/536 1331/383/535 1324/593/519
f 1329/367/518 1330/384/536 1324/593/519
f 1305/583/537 1306/385/538 1323/594/436
f 1306/385/538 1307/387/539 1323/594/436
f 1307/387/539 1308/388/540 1323/594/436
f 1308/388/540 1309/389/541 1323/594/436
f 1309/389/541 1325/390/423 1323/594/436
f 1325/390/423 1310/391/542 1323/594/436
f 1310/391/542 1311/392/543 1323/594/436
f 1311/392/543 1312/393/544 1323/594/436
f 1312/393/544 1313/394/545 1323/594/436
f 1313/394/545 1314/395/546 1323/594/436
f 1314/395/546 1315/396/547 1323/594/436
f 1315/396/547 1316/397/548 1323/594/436
f 1316/397/548 1317/398/549 1323/594/436
f 1317/398/549 1318/399/550 1323/594/436
f 1318/399/550 1319/400/551 1323/594/436
f 1319/400/551 1320/401/433 1323/594/436
f 1320/401/433 1321/402/552 1323/594/436
f 1321/402/552 1322/403/435 1323/594/436
f 1366/365/553 1378/595/554 1341/367/555
f 1365/368/556 1378/595/554 1366/365/553
f 1364/369/557 1378/595/554 1365/368/556
f 1363/370/558 1378/595/554 1364/369/557
f 1362/371/559 1378/595/554 1363/370/558
f 1380/372/560 1378/595/554 1362/371/559
f 1379/373/561 1378/595/554 1380/372/560
f 1376/374/562 1378/595/554 1377/375/563
f 1375/376/564 1378/595/554 1376/374/562
f 1374/377/565 1378/595/554 1375/376/564
f 1373/378/566 1378/595/554 1374/377/565
f 1372/379/567 1378/595/554 1373/378/566
f 1371/380/568 1378/595/554 1372/379/567
f 1370/381/569 1378/595/554 1371/380/568
f 1369/382/570 1378/595/554 1370/381/569
f 1368/383/571 1378/595/554 1369/382/570
f 1367/384/572 1378/595/554 1368/383/571
f 1341/367/555 1378/595/554 1367/384/572
f 1348/583/573 1343/586/574 1347/385/575
f 1347/385/575 1343/586/574 1346/387/576
f 1346/387/576 1343/586/574 1345/388/577
f 1345/388/577 1343/586/574 1344/389/578
f 1344/389/578 1343/586/574 1342/390/463
f 1342/390/463 1343/586/574 1361/391/579
f 1361/391/579 1343/586/574 1360/392/580
f 1360/392/580 1343/586/574 1359/393/581
f 1359/393/581 1343/586/574 1358/394/582
f 1358/394/582 1343/586/574 1357/395/583
f 1357/395/583 1343/586/574 1356/396/584
f 1356/396/584 1343/586/574 1355/397/585
f 1355/397/585 1343/586/574 1354/398/586
f 1354/398/586 1343/586/574 1353/399/587
f 1353/399/587 1343/586/574 1352/400/588
f 1352/400/588 1343/586/574 1351/401/589
f 1351/401/589 1343/586/574 1350/402/590
f 1350/402/590 1343/586/574 1349/403/591
f 1394/596/592 1411/597/593 1412/598/594
f 1400/599/595 1390/600/596 1412/598/594
f 1398/384/597 1400/599/595 1412/598/594
f 1411/597/593 1398/384/597 1412/598/594
f 1408/601/598 1404/602/599 1381/603/600
f 1404/602/599 1409/604/601 1381/603/600
f 1409/604/601 1410/605/602 1381/603/600
f 1415/404/603 1408/601/598 1381/603/600
f 1397/606/604 1382/607/605 1402/608/606
f 1395/609/607 1384/610/608 1383/606/609
f 1410/611/602 1393/612/610 1390/613/596
f 1398/614/597 1407/615/611 1401/614/612
f 1390/613/596 1386/612/613 1413/611/614
f 1400/616/595 1387/616/615 1414/617/616
f 1401/614/612 1414/617/616 1387/616/615
f 1415/615/603 1407/615/611 1398/614/597
f 1408/618/598 1416/618/617 1399/619/618
f 1416/618/617 1389/615/619 1388/614/620
f 1406/620/621 1413/611/614 1386/612/613
f 1410/611/602 1405/611/622 1393/612/610
f 1405/611/622 1392/609/623 1385/621/624
f 1429/596/595 1448/597/596 1437/622/592
f 1428/623/597 1429/596/595 1437/622/592
f 1447/600/593 1428/623/597 1437/622/592
f 1448/597/596 1434/384/594 1437/622/592
f 1433/601/602 1431/602/600 1450/604/603
f 1451/605/598 1442/624/599 1450/604/603
f 1442/624/599 1436/404/601 1450/604/603
f 1436/404/601 1433/601/602 1450/604/603
f 1450/609/603 1430/625/625 1446/621/626
f 1423/614/624 1435/626/610 1424/627/623
f 1429/606/595 1419/606/615 1449/610/616
f 1450/609/603 1446/621/626 1428/621/597
f 1436/628/601 1423/614/624 1424/627/623
f 1442/617/599 1422/616/609 1443/617/608
f 1441/617/627 1440/629/605 1421/612/606
f 1450/609/603 1420/621/620 1426/630/619
f 1465/596/628 1466/597/629 1468/384/630
f 1478/623/631 1465/596/628 1468/384/630
f 1485/600/632 1478/623/631 1468/384/630
f 1479/599/633 1485/600/632 1468/384/630
f 1480/601/634 1471/602/635 1488/631/636
f 1471/602/635 1483/604/637 1488/631/636
f 1483/604/637 1473/605/638 1488/631/636
f 1473/605/638 1486/624/639 1488/631/636
f 1464/621/640 1453/632/641 1465/633/628
f 1479/616/633 1468/634/630 1456/635/642
f 1487/617/643 1476/615/644 1488/628/636
f 1465/633/628 1453/632/641 1454/610/645
f 1463/612/646 1462/636/647 1455/637/648
f 1473/638/638 1484/639/649 1485/613/632
f 1486/617/639 1456/635/642 1487/617/643
f 1468/634/630 1458/640/650 1459/615/651
f 1483/609/637 1464/621/640 1478/621/631
f 1486/617/639 1475/617/652 1479/616/633
f 1486/617/639 1479/616/633 1456/635/642
f 1457/614/653 1487/617/643 1456/635/642
f 1480/641/634 1477/642/654 1469/643/655
f 1477/642/654 1459/615/651 1458/640/650
f 1488/628/636 1476/615/644 1457/614/653
f 1483/609/637 1455/637/648 1462/636/647
f 1522/600/629 1521/623/630 1501/596/633
f 1508/599/628 1522/600/629 1501/596/633
f 1505/384/631 1508/599/628 1501/596/633
f 1523/597/632 1505/384/631 1501/596/633
f 1510/601/638 1511/602/639 1516/624/635
f 1511/602/639 1500/604/636 1516/624/635
f 1500/604/636 1524/605/634 1516/624/635
f 1519/404/637 1510/601/638 1516/624/635
f 1521/644/630 1500/645/636 1502/621/653
f 1493/646/650 1499/612/655 1498/647/651
f 1516/648/635 1495/616/656 1517/649/645
f 1509/614/657 1517/649/645 1495/616/656
f 835/461/137 855/460/118 856/650/117 836/651/136
f 836/651/136 856/650/117 857/652/116 837/653/135
f 837/653/135 857/652/116 858/654/113 838/655/133
f 838/655/133 858/654/113 833/656/115 839/657/134
f 839/658/134 833/659/115 859/660/132 840/661/152
f 840/661/152 859/660/132 860/662/131 841/663/151
f 841/663/151 860/662/131 861/664/130 842/665/150
f 842/665/150 861/664/130 862/666/129 843/667/149
f 862/666/129 863/668/128 844/669/148 843/667/149
f 863/668/128 864/670/127 845/671/147 844/669/148
f 864/670/127 865/672/126 846/673/146 845/671/147
f 865/672/126 866/674/125 847/675/145 846/673/146
f 866/674/125 867/676/124 848/677/144 847/675/145
f 867/676/124 868/678/122 849/679/143 848/677/144
f 868/678/122 869/680/123 850/681/142 849/679/143
f 869/680/123 870/682/114 851/683/141 850/681/142
f 870/682/114 871/684/121 852/685/140 851/683/141
f 871/684/121 872/686/120 853/687/139 852/685/140
f 853/687/139 872/686/120 854/459/119 834/458/138
f 881/413/161 876/405/153 875/442/187 879/688/658
f 879/689/658 875/439/187 874/438/186 878/408/156
f 898/430/178 873/426/174 874/438/186 899/690/659
f 874/438/186 873/426/174 878/408/156
f 877/443/189 876/445/153 906/691/155
f 899/690/659 874/438/186 936/440/188 900/692/194
f 900/450/194 936/444/188 877/443/189 901/423/171
f 884/693/660 886/416/164 880/411/159 879/688/658
f 883/410/158 884/694/660 879/689/658 878/408/156
f 889/695/661 891/419/167 885/414/162 884/693/660
f 881/413/161 912/412/160 911/696/662
f 888/697/663 889/698/661 884/694/660 883/410/158
f 887/428/176 888/697/663 883/410/158 882/409/157
f 897/699/190 896/422/170 890/417/165 889/695/661
f 886/416/164 918/415/163 917/700/664
f 893/447/191 897/446/190 889/698/661 888/697/663
f 892/429/177 893/447/191 888/697/663 887/428/176
f 902/449/193 895/420/168 894/701/192 900/450/194
f 891/419/167 923/418/166 922/702/665
f 900/692/194 894/448/192 893/447/191 899/690/659
f 899/690/659 893/447/191 892/429/177 898/430/178
f 933/424/172 906/691/155 905/703/195 931/462/202
f 896/422/170 928/421/169 927/704/666
f 902/449/193 901/423/171 932/425/173
f 931/705/202 905/706/195 904/707/667 930/708/668
f 930/708/668 904/707/667 903/431/179 929/437/185
f 909/453/197 908/432/180 903/431/179 904/707/667
f 909/453/197 904/707/667 905/706/195 910/454/198
f 910/709/198 905/451/195 907/406/154 911/696/662
f 915/710/669 914/434/182 908/432/180 909/453/197
f 916/711/670 915/710/669 909/453/197 913/452/196
f 917/700/664 916/712/670 913/713/196 912/412/160
f 920/456/200 919/435/183 914/434/182 915/710/669
f 921/457/201 920/456/200 915/710/669 916/711/670
f 922/702/665 921/714/201 916/712/670 918/415/163
f 926/715/671 925/436/184 920/456/200 924/455/199
f 919/435/183 920/456/200 925/436/184
f 927/704/666 926/716/671 924/717/199 923/418/166
f 930/708/668 925/436/184 926/715/671 931/705/202
f 925/436/184 930/708/668 929/437/185
f 931/462/202 926/716/671 928/421/169 932/425/173
f 911/696/662 907/406/154 876/405/153 881/413/161
f 912/412/160 880/411/159 886/416/164 917/700/664
f 918/415/163 885/414/162 891/419/167 922/702/665
f 923/418/166 890/417/165 896/422/170 927/704/666
f 932/425/173 928/421/169 895/420/168 902/449/193
f 906/691/155 933/424/172 901/423/171 877/443/189
f 971/498/238 937/497/208 974/471/211 975/718/672
f 880/411/159 881/413/161 879/688/658
f 885/414/162 886/416/164 884/693/660
f 890/417/165 891/419/167 889/695/661
f 895/420/168 896/422/170 894/701/192
f 896/422/170 897/699/190 894/701/192
f 911/696/662 912/412/160 910/709/198
f 912/412/160 913/713/196 910/709/198
f 917/700/664 918/415/163 916/712/670
f 922/702/665 923/418/166 921/714/201
f 923/418/166 924/717/199 921/714/201
f 927/704/666 928/421/169 926/716/671
f 938/463/203 971/719/238 975/720/672 941/464/204
f 938/463/203 939/465/205 953/491/231 952/721/673
f 937/497/208 954/503/207 985/502/241
f 973/722/237 938/463/203 952/721/673 984/723/239
f 972/466/206 973/499/237 984/500/239 951/483/223
f 977/724/674 975/718/672 940/470/210 976/474/214
f 943/725/675 941/464/204 975/720/672 977/726/674
f 979/727/676 977/724/674 942/473/213 978/477/217
f 941/464/204 943/725/675 944/488/228
f 957/728/677 987/469/209 974/471/211
f 946/729/678 943/725/675 977/726/674 979/730/676
f 947/489/229 944/488/228 943/725/675 946/729/678
f 981/731/679 979/727/676 945/476/216 980/480/220
f 960/732/680 990/472/212 976/474/214
f 949/733/681 946/729/678 979/730/676 981/734/679
f 950/490/230 947/489/229 946/729/678 949/733/681
f 982/735/682 948/479/219 983/481/221 984/500/239
f 963/736/683 992/475/215 978/477/217
f 949/733/681 982/737/682 984/723/239 952/721/673
f 950/490/230 949/733/681 952/721/673 953/491/231
f 986/738/240 954/467/207 998/506/244 999/504/242
f 966/739/684 995/478/218 980/480/220
f 951/483/223 968/482/222 998/506/244
f 955/740/685 986/741/240 999/742/242 969/743/686
f 956/492/232 955/740/685 969/743/686 970/496/236
f 958/744/687 955/740/685 956/492/232 959/494/234
f 986/741/240 955/740/685 958/744/687 989/745/688
f 985/502/241 986/501/240 989/746/688 957/728/677
f 961/747/689 958/744/687 959/494/234 962/495/235
f 991/748/690 988/749/691 958/744/687 961/747/689
f 960/732/680 987/469/209 988/750/691 991/751/690
f 964/486/226 961/747/689 962/495/235 965/484/224
f 994/752/692 991/748/690 961/747/689 964/486/226
f 963/736/683 990/472/212 991/751/690 994/753/692
f 996/754/693 993/755/694 964/486/226 967/485/225
f 966/739/684 992/475/215 993/756/694 996/757/693
f 996/754/693 967/485/225 969/743/686 997/758/243
f 970/496/236 969/743/686 967/485/225
f 995/478/218 996/757/693 997/505/243 968/482/222
f 957/728/677 974/471/211 937/497/208 985/502/241
f 976/474/214 940/470/210 987/469/209 960/732/680
f 978/477/217 942/473/213 990/472/212 963/736/683
f 980/480/220 945/476/216 992/475/215 966/739/684
f 968/482/222 983/481/221 948/479/219 995/478/218
f 954/467/207 972/466/206 951/483/223 998/506/244
f 1009/512/250 1004/507/245 1003/759/275 1007/760/695
f 938/463/203 973/722/237 971/719/238
f 975/718/672 974/471/211 940/470/210
f 977/724/674 976/474/214 942/473/213
f 979/727/676 978/477/217 945/476/216
f 981/734/679 982/737/682 949/733/681
f 982/735/682 980/480/220 948/479/219
f 982/735/682 981/731/679 980/480/220
f 988/749/691 989/745/688 958/744/687
f 989/746/688 987/469/209 957/728/677
f 989/746/688 988/750/691 987/469/209
f 991/751/690 990/472/212 960/732/680
f 993/755/694 994/752/692 964/486/226
f 994/753/692 992/475/215 963/736/683
f 994/753/692 993/756/694 992/475/215
f 996/757/693 995/478/218 966/739/684
f 969/743/686 999/742/242 997/758/243
f 1007/761/695 1003/762/275 1002/523/261 1006/522/260
f 1022/528/266 1002/523/261 1003/762/275 1023/763/277
f 1005/536/274 1004/538/245 1028/764/247
f 1023/540/277 1003/537/275 1005/536/274 1024/519/257
f 1011/765/696 1013/515/253 1008/510/248 1007/760/695
f 1010/525/263 1011/766/696 1007/761/695 1006/522/260
f 1015/767/697 1017/518/256 1012/513/251 1011/765/696
f 1009/512/250 1033/511/249 1032/768/698
f 1014/526/264 1015/769/697 1011/766/696 1010/525/263
f 1019/770/699 1021/771/700 1016/516/254 1015/767/697
f 1013/515/253 1037/514/252 1036/772/701
f 1018/527/265 1019/773/699 1015/769/697 1014/526/264
f 1025/539/276 1020/774/702 1019/770/699 1023/540/277
f 1017/518/256 1041/517/255 1040/775/703
f 1023/763/277 1019/773/699 1018/527/265 1022/528/266
f 1049/520/258 1028/764/247 1027/776/278 1047/542/279
f 1021/771/700 1045/777/704 1044/778/705
f 1021/771/700 1020/774/702 1045/777/704
f 1025/539/276 1024/519/257 1048/521/259
f 1047/779/279 1027/780/278 1026/529/267 1046/535/273
f 1030/530/268 1026/529/267 1027/780/278 1031/781/706
f 1031/782/706 1027/541/278 1029/508/246 1032/768/698
f 1035/783/707 1034/532/270 1030/530/268 1031/781/706
f 1036/772/701 1035/784/707 1031/782/706 1033/511/249
f 1039/785/708 1038/533/271 1034/532/270 1035/783/707
f 1040/775/703 1039/786/708 1035/784/707 1037/514/252
f 1043/787/709 1042/534/272 1038/533/271 1039/785/708
f 1044/778/705 1043/788/709 1039/786/708 1041/517/255
f 1046/535/273 1042/534/272 1043/787/709 1047/779/279
f 1047/542/279 1043/788/709 1045/777/704 1048/521/259
f 1032/768/698 1029/508/246 1004/507/245 1009/512/250
f 1033/511/249 1008/510/248 1013/515/253 1036/772/701
f 1037/514/252 1012/513/251 1017/518/256 1040/775/703
f 1041/517/255 1016/516/254 1021/771/700 1044/778/705
f 1048/521/259 1045/777/704 1020/774/702 1025/539/276
f 1028/764/247 1049/520/258 1024/519/257 1005/536/274
f 1078/789/311 1052/790/282 1079/548/285 1080/791/710
f 1008/510/248 1009/512/250 1007/760/695
f 1012/513/251 1013/515/253 1011/765/696
f 1016/516/254 1017/518/256 1015/767/697
f 1020/774/702 1021/771/700 1019/770/699
f 1032/768/698 1033/511/249 1031/782/706
f 1036/772/701 1037/514/252 1035/784/707
f 1040/775/703 1041/517/255 1039/786/708
f 1044/778/705 1045/777/704 1043/788/709
f 1053/566/303 1078/792/311 1080/793/710 1075/562/299
f 1078/792/311 1053/566/303 1062/565/302 1088/794/312
f 1052/790/282 1063/578/281 1089/577/314
f 1077/543/280 1078/574/311 1088/575/312 1061/560/297
f 1082/795/711 1080/791/710 1054/547/284 1081/551/288
f 1056/563/300 1075/562/299 1080/793/710 1082/796/711
f 1084/797/712 1082/795/711 1055/550/287 1083/554/291
f 1065/798/713 1091/546/283 1079/548/285
f 1058/561/298 1056/563/300 1082/796/711 1084/799/712
f 1086/800/714 1084/797/712 1057/553/290 1085/557/294
f 1067/801/715 1093/549/286 1081/551/288
f 1060/564/301 1058/561/298 1084/799/712 1086/802/714
f 1086/800/714 1059/556/293 1087/558/295 1088/575/312
f 1069/803/716 1095/552/289 1083/554/291
f 1060/564/301 1086/802/714 1088/794/312 1062/565/302
f 1090/804/313 1063/544/281 1099/580/316 1100/579/315
f 1071/805/717 1097/555/292 1085/557/294
f 1061/560/297 1073/559/296 1099/580/316
f 1064/567/304 1090/806/313 1100/807/315 1074/573/310
f 1090/806/313 1064/567/304 1066/569/306 1092/808/718
f 1089/577/314 1090/576/313 1092/809/718 1065/798/713
f 1094/810/719 1092/808/718 1066/569/306 1068/570/307
f 1067/801/715 1091/546/283 1092/809/718 1094/811/719
f 1096/812/720 1094/810/719 1068/570/307 1070/571/308
f 1069/803/716 1093/549/286 1094/811/719 1096/813/720
f 1098/814/721 1096/812/720 1070/571/308 1072/572/309
f 1071/805/717 1095/552/289 1096/813/720 1098/815/721
f 1098/814/721 1072/572/309 1074/573/310 1100/807/315
f 1097/555/292 1098/815/721 1100/579/315 1073/559/296
f 1065/798/713 1079/548/285 1052/790/282 1089/577/314
f 1081/551/288 1054/547/284 1091/546/283 1067/801/715
f 1083/554/291 1055/550/287 1093/549/286 1069/803/716
f 1085/557/294 1057/553/290 1095/552/289 1071/805/717
f 1073/559/296 1087/558/295 1059/556/293 1097/555/292
f 1063/544/281 1077/543/280 1061/560/297 1099/580/316
f 1109/461/342 1126/816/322 1102/817/323 1125/818/343
f 1080/791/710 1079/548/285 1054/547/284
f 1082/795/711 1081/551/288 1055/550/287
f 1084/797/712 1083/554/291 1057/553/290
f 1086/800/714 1085/557/294 1059/556/293
f 1092/809/718 1091/546/283 1065/798/713
f 1094/811/719 1093/549/286 1067/801/715
f 1096/813/720 1095/552/289 1069/803/716
f 1098/815/721 1097/555/292 1071/805/717
f 1108/819/341 1127/820/321 1126/816/322 1109/461/342
f 1108/819/341 1107/653/340 1128/821/320 1127/820/321
f 1106/822/338 1101/823/317 1128/821/320 1107/653/340
f 1105/824/337 1129/825/318 1101/823/317 1106/822/338
f 1105/826/337 1123/827/339 1130/828/336 1129/829/318
f 1122/830/356 1124/831/319 1130/828/336 1123/827/339
f 1121/832/355 1131/833/335 1124/831/319 1122/830/356
f 1121/832/355 1120/834/354 1132/835/334 1131/833/335
f 1120/834/354 1119/836/353 1133/837/333 1132/835/334
f 1118/838/352 1134/839/332 1133/837/333 1119/836/353
f 1118/838/352 1117/840/351 1135/841/331 1134/839/332
f 1117/840/351 1116/842/350 1136/843/330 1135/841/331
f 1115/844/349 1137/845/329 1136/843/330 1116/842/350
f 1115/844/349 1114/846/348 1138/847/328 1137/845/329
f 1114/846/348 1113/848/347 1139/849/327 1138/847/328
f 1113/848/347 1112/850/346 1104/851/326 1139/849/327
f 1112/850/346 1111/852/345 1103/853/325 1104/851/326
f 1110/854/344 1140/855/324 1103/853/325 1111/852/345
f 1110/854/344 1125/818/343 1102/817/323 1140/855/324
f 1162/856/363 1163/857/362 1144/461/382 1142/858/383
f 1163/857/362 1164/859/361 1145/860/381 1144/461/382
f 1164/859/361 1165/861/360 1146/862/380 1145/860/381
f 1165/861/360 1166/863/357 1147/864/379 1146/862/380
f 1166/863/357 1141/865/359 1148/824/377 1147/864/379
f 1148/826/377 1141/866/359 1167/867/376 1143/868/378
f 1167/867/376 1168/869/375 1149/870/396 1143/868/378
f 1168/869/375 1169/871/374 1150/872/395 1149/870/396
f 1150/872/395 1169/871/374 1170/873/373 1151/874/394
f 1151/874/394 1170/873/373 1171/837/372 1152/875/393
f 1171/837/372 1172/670/371 1153/876/392 1152/875/393
f 1153/876/392 1172/670/371 1173/877/370 1154/878/391
f 1154/878/391 1173/877/370 1174/879/369 1155/880/390
f 1174/879/369 1175/881/368 1156/882/389 1155/880/390
f 1156/882/389 1175/881/368 1176/883/366 1157/884/388
f 1157/884/388 1176/883/366 1177/885/367 1158/681/387
f 1158/681/387 1177/885/367 1178/886/358 1159/887/386
f 1159/887/386 1178/886/358 1179/888/365 1160/889/385
f 1179/888/365 1180/686/364 1161/890/384 1160/889/385
f 1161/890/384 1180/686/364 1162/856/363 1142/858/383
f 1189/891/422 1206/892/402 1182/893/403 1205/858/423
f 1188/894/421 1207/895/401 1206/892/402 1189/891/422
f 1188/894/421 1187/896/420 1208/897/400 1207/895/401
f 1186/898/418 1181/899/397 1208/897/400 1187/896/420
f 1185/900/417 1209/901/398 1181/899/397 1186/898/418
f 1185/902/417 1203/903/436 1210/904/416 1209/905/398
f 1202/906/435 1204/907/399 1210/904/416 1203/903/436
f 1201/908/434 1211/909/415 1204/907/399 1202/906/435
f 1201/908/434 1200/910/433 1212/835/414 1211/909/415
f 1200/910/433 1199/911/432 1213/912/413 1212/835/414
f 1198/913/431 1214/914/412 1213/912/413 1199/911/432
f 1198/913/431 1197/840/430 1215/915/411 1214/914/412
f 1197/840/430 1196/916/429 1216/917/410 1215/915/411
f 1195/918/428 1217/919/409 1216/917/410 1196/916/429
f 1195/918/428 1194/920/427 1218/921/408 1217/919/409
f 1194/920/427 1193/922/419 1219/923/407 1218/921/408
f 1193/922/419 1192/924/426 1184/925/406 1219/923/407
f 1192/924/426 1191/926/425 1183/927/405 1184/925/406
f 1190/928/424 1220/929/404 1183/927/405 1191/926/425
f 1190/928/424 1205/858/423 1182/893/403 1220/929/404
f 1242/856/443 1243/930/442 1224/931/462 1222/932/463
f 1243/930/442 1244/933/441 1225/934/461 1224/931/462
f 1244/933/441 1245/935/440 1226/936/460 1225/934/461
f 1245/935/440 1246/937/437 1227/864/459 1226/936/460
f 1246/937/437 1221/938/439 1228/939/457 1227/864/459
f 1228/940/457 1221/941/439 1247/660/456 1229/942/476
f 1247/660/456 1248/869/455 1230/943/475 1229/942/476
f 1248/869/455 1249/944/454 1231/832/474 1230/943/475
f 1231/832/474 1249/944/454 1250/945/453 1232/946/473
f 1232/946/473 1250/945/453 1251/947/452 1233/948/472
f 1251/947/452 1252/949/451 1234/950/471 1233/948/472
f 1234/950/471 1252/949/451 1253/951/450 1235/952/470
f 1235/952/470 1253/951/450 1254/953/449 1236/880/469
f 1254/953/449 1255/954/448 1237/955/468 1236/880/469
f 1237/955/468 1255/954/448 1256/956/446 1238/957/467
f 1238/957/467 1256/956/446 1257/958/447 1223/959/458
f 1223/959/458 1257/958/447 1258/960/438 1239/961/466
f 1239/961/466 1258/960/438 1259/962/445 1240/963/465
f 1259/962/445 1260/964/444 1241/965/464 1240/963/465
f 1241/965/464 1260/964/444 1242/856/443 1222/932/463
f 1288/966/503 1272/967/502 1289/968/482 1263/969/483
f 1272/967/502 1271/970/501 1290/971/481 1289/968/482
f 1271/970/501 1270/653/500 1262/972/480 1290/971/481
f 1270/653/500 1269/822/498 1261/973/477 1262/972/480
f 1269/822/498 1268/974/497 1291/608/478 1261/973/477
f 1268/975/497 1286/976/516 1267/977/496 1291/978/478
f 1286/976/516 1285/979/515 1292/980/495 1267/977/496
f 1285/979/515 1284/981/514 1293/982/494 1292/980/495
f 1284/981/514 1283/983/513 1294/945/493 1293/982/494
f 1282/984/512 1295/985/492 1294/945/493 1283/983/513
f 1281/986/511 1296/987/491 1295/985/492 1282/984/512
f 1280/988/510 1266/989/490 1296/987/491 1281/986/511
f 1279/675/509 1265/953/489 1266/989/490 1280/988/510
f 1278/990/508 1297/881/488 1265/953/489 1279/675/509
f 1277/638/499 1298/956/486 1297/881/488 1278/990/508
f 1276/991/507 1264/992/487 1298/956/486 1277/638/499
f 1275/683/506 1287/993/479 1264/992/487 1276/991/507
f 1274/994/505 1299/995/485 1287/993/479 1275/683/506
f 1273/687/504 1300/996/484 1299/995/485 1274/994/505
f 1273/687/504 1288/966/503 1263/969/483 1300/996/484
f 1309/997/541 1326/998/522 1302/999/523 1325/1000/423
f 1308/1001/540 1327/1002/521 1326/998/522 1309/997/541
f 1308/1001/540 1307/1003/539 1328/1004/520 1327/1002/521
f 1306/655/538 1301/863/517 1328/1004/520 1307/1003/539
f 1306/655/538 1305/1005/537 1329/1006/518 1301/863/517
f 1305/1007/537 1323/1008/436 1330/1009/536 1329/1010/518
f 1322/1011/435 1331/1012/535 1330/1009/536 1323/1008/436
f 1321/1013/552 1332/944/534 1331/1012/535 1322/1011/435
f 1321/1013/552 1320/910/433 1333/1014/533 1332/944/534
f 1320/910/433 1319/1015/551 1334/1016/532 1333/1014/533
f 1318/986/550 1335/1017/531 1334/1016/532 1319/1015/551
f 1318/986/550 1317/1018/549 1336/1019/530 1335/1017/531
f 1317/1018/549 1316/1020/548 1337/1021/529 1336/1019/530
f 1315/1022/547 1304/1023/528 1337/1021/529 1316/1020/548
f 1314/679/546 1338/956/526 1304/1023/528 1315/1022/547
f 1314/679/546 1313/848/545 1303/1024/527 1338/956/526
f 1313/848/545 1312/887/544 1324/1025/519 1303/1024/527
f 1312/887/544 1311/1026/543 1339/1027/525 1324/1025/519
f 1310/1028/542 1340/1029/524 1339/1027/525 1311/1026/543
f 1310/1028/542 1325/1000/423 1302/999/523 1340/1029/524
f 1362/893/559 1363/1030/558 1344/967/578 1342/1031/463
f 1363/1030/558 1364/1032/557 1345/651/577 1344/967/578
f 1345/651/577 1364/1032/557 1365/1033/556 1346/1034/576
f 1346/1034/576 1365/1033/556 1366/937/553 1347/864/575
f 1347/864/575 1366/937/553 1341/1035/555 1348/824/573
f 1348/826/573 1341/1036/555 1367/1037/572 1343/1038/574
f 1367/1037/572 1368/1039/571 1349/1040/591 1343/1038/574
f 1368/1039/571 1369/1041/570 1350/665/590 1349/1040/591
f 1350/665/590 1369/1041/570 1370/1042/569 1351/667/589
f 1351/667/589 1370/1042/569 1371/1043/568 1352/1044/588
f 1371/1043/568 1372/670/567 1353/1045/587 1352/1044/588
f 1353/1045/587 1372/670/567 1373/1046/566 1354/1047/586
f 1354/1047/586 1373/1046/566 1374/1048/565 1355/880/585
f 1374/1048/565 1375/1049/564 1356/1050/584 1355/880/585
f 1375/1049/564 1376/1051/562 1357/679/583 1356/1050/584
f 1357/679/583 1376/1051/562 1377/1052/563 1358/1053/582
f 1358/1053/582 1377/1052/563 1378/1054/554 1359/1055/581
f 1359/1055/581 1378/1054/554 1379/1056/561 1360/1057/580
f 1379/1056/561 1380/686/560 1361/890/579 1360/1057/580
f 1361/890/579 1380/686/560 1362/893/559 1342/1031/463
f 1413/611/614 1406/620/621 1381/617/600 1410/611/602
f 1386/612/613 1390/613/596 1400/616/595 1391/1058/722
f 1392/609/623 1405/611/622 1410/611/602 1409/1059/601
f 1385/621/624 1412/621/594 1390/613/596 1393/612/610
f 1383/606/609 1394/606/592 1412/621/594 1396/621/723
f 1384/610/608 1395/609/607 1409/1059/601 1404/1060/599
f 1404/1060/599 1383/606/609 1384/610/608
f 1402/608/606 1411/441/593 1394/606/592 1397/606/604
f 1382/607/605 1403/1061/627 1404/1060/599 1408/1005/598
f 1408/1005/598 1402/608/606 1382/607/605
f 1399/619/618 1388/614/620 1398/614/597 1411/626/593
f 1416/618/617 1408/618/598 1415/615/603 1389/615/619
f 1415/615/603 1388/614/620 1389/615/619
f 1407/615/611 1415/615/603 1381/617/600 1414/617/616
f 1387/616/615 1400/616/595 1398/614/597 1401/614/612
f 1396/621/723 1412/621/594 1409/1059/601 1395/609/607
f 1397/606/604 1394/606/592 1404/1060/599 1403/1061/627
f 1393/612/610 1405/611/622 1385/621/624
f 1410/611/602 1390/613/596 1413/611/614
f 1391/1058/722 1406/620/621 1386/612/613
f 1401/614/612 1407/615/611 1414/617/616
f 1415/615/603 1398/614/597 1388/614/620
f 1411/626/593 1408/618/598 1399/619/618
f 1408/1005/598 1411/441/593 1402/608/606
f 1385/621/624 1392/609/623 1409/1059/601 1412/621/594
f 1406/620/621 1391/1058/722 1400/616/595 1381/617/600
f 1396/621/723 1395/609/607 1383/606/609
f 1399/619/618 1416/618/617 1388/614/620
f 1381/617/600 1400/616/595 1414/617/616
f 1441/617/627 1442/617/599 1451/629/598 1440/629/605
f 1404/1060/599 1394/606/592 1383/606/609
f 1397/606/604 1403/1061/627 1382/607/605
f 1421/612/606 1447/612/593 1437/616/592 1425/616/604
f 1426/630/619 1452/629/617 1451/629/598 1450/609/603
f 1420/621/620 1428/621/597 1447/612/593 1427/612/618
f 1419/606/615 1429/606/595 1428/621/597 1446/621/626
f 1449/610/616 1430/625/625 1450/609/603 1431/1062/600
f 1432/1063/722 1417/1064/613 1448/441/596 1429/606/595
f 1418/1005/614 1439/1065/621 1431/1062/600 1433/1005/602
f 1435/626/610 1423/614/624 1434/614/594 1448/1066/596
f 1445/618/622 1433/1067/602 1436/628/601 1424/627/623
f 1444/615/724 1436/628/601 1442/617/599 1443/617/608
f 1438/614/723 1422/616/609 1437/616/592 1434/614/594
f 1448/441/596 1417/1064/613 1418/1005/614 1433/1005/602
f 1439/1065/621 1418/1005/614 1417/1064/613 1432/1063/722
f 1439/1065/621 1432/1063/722 1429/606/595 1431/1062/600
f 1449/610/616 1419/606/615 1446/621/626 1430/625/625
f 1449/610/616 1431/1062/600 1429/606/595
f 1426/630/619 1420/621/620 1427/612/618 1452/629/617
f 1450/609/603 1428/621/597 1420/621/620
f 1452/629/617 1427/612/618 1447/612/593 1451/629/598
f 1421/612/606 1440/629/605 1451/629/598 1447/612/593
f 1425/616/604 1437/616/592 1442/617/599 1441/617/627
f 1425/616/604 1441/617/627 1421/612/606
f 1443/617/608 1422/616/609 1438/614/723 1444/615/724
f 1442/617/599 1437/616/592 1422/616/609
f 1433/1067/602 1445/618/622 1435/626/610 1448/1066/596
f 1434/614/594 1444/615/724 1438/614/723
f 1423/614/624 1436/628/601 1434/614/594
f 1460/629/725 1475/617/652 1486/617/639 1473/638/638
f 1435/626/610 1445/618/622 1424/627/623
f 1444/615/724 1434/614/594 1436/628/601
f 1474/1068/726 1485/613/632 1479/616/633 1461/616/727
f 1462/636/647 1484/639/649 1473/638/638 1483/609/637
f 1473/638/638 1474/1068/726 1460/629/725
f 1455/637/648 1478/621/631 1485/613/632 1463/612/646
f 1454/610/645 1472/609/728 1483/609/637 1471/610/635
f 1478/621/631 1464/621/640 1465/633/628
f 1467/606/729 1470/1069/730 1466/1070/629 1465/633/628
f 1482/610/731 1471/610/635 1480/1005/634 1481/1071/732
f 1480/1005/634 1470/1069/730 1481/1071/732
f 1469/643/655 1458/640/650 1468/634/630 1466/1072/629
f 1477/642/654 1480/641/634 1488/628/636 1459/615/651
f 1472/609/728 1454/610/645 1453/632/641 1464/621/640
f 1486/617/639 1487/617/643 1488/628/636
f 1456/635/642 1468/634/630 1457/614/653
f 1460/629/725 1474/1068/726 1461/616/727 1475/617/652
f 1483/609/637 1472/609/728 1464/621/640
f 1481/1071/732 1470/1069/730 1467/606/729 1482/610/731
f 1469/643/655 1477/642/654 1458/640/650
f 1465/633/628 1471/610/635 1467/606/729
f 1483/609/637 1478/621/631 1455/637/648
f 1473/638/638 1485/613/632 1474/1068/726
f 1479/616/633 1475/617/652 1461/616/727
f 1488/628/636 1457/614/653 1468/634/630
f 1480/1005/634 1466/1070/629 1470/1069/730
f 1515/617/733 1516/648/635 1524/1073/634 1514/629/732
f 1471/610/635 1482/610/731 1467/606/729
f 1485/613/632 1484/639/649 1463/612/646
f 1459/615/651 1488/628/636 1468/634/630
f 1466/1072/629 1480/641/634 1469/643/655
f 1457/614/653 1476/615/644 1487/617/643
f 1463/612/646 1484/639/649 1462/636/647
f 1471/610/635 1465/633/628 1454/610/645
f 1494/1074/730 1522/613/629 1508/616/628 1497/616/734
f 1498/647/651 1513/629/654 1524/1073/634 1500/645/636
f 1493/646/650 1521/644/630 1522/613/629 1499/612/655
f 1491/1075/642 1501/606/633 1521/644/630 1502/621/653
f 1492/1076/643 1512/609/644 1500/645/636 1511/610/639
f 1504/606/735 1489/441/736 1523/441/632 1501/606/633
f 1503/1077/652 1511/610/639 1510/1005/638 1490/1005/737
f 1507/1078/646 1496/614/648 1505/1079/631 1523/1080/632
f 1506/1081/649 1510/1082/638 1519/1083/637 1520/615/647
f 1518/1084/728 1519/1083/637 1516/648/635 1517/649/645
f 1495/616/656 1508/616/628 1505/1079/631 1509/614/657
f 1489/441/736 1490/1005/737 1510/1005/638 1523/441/632
f 1503/1077/652 1490/1005/737 1489/441/736 1504/606/735
f 1503/1077/652 1504/606/735 1501/606/633 1511/610/639
f 1501/606/633 1491/1075/642 1492/1076/643 1511/610/639
f 1492/1076/643 1491/1075/642 1502/621/653 1512/609/644
f 1521/644/630 1493/646/650 1498/647/651 1500/645/636
f 1502/621/653 1500/645/636 1512/609/644
f 1513/629/654 1499/612/655 1522/613/629 1524/1073/634
f 1494/1074/730 1514/629/732 1524/1073/634 1522/613/629
f 1497/616/734 1508/616/628 1516/648/635 1515/617/733
f 1509/614/657 1505/1079/631 1519/1083/637 1518/1084/728
f 1516/648/635 1508/616/628 1495/616/656
f 1496/614/648 1520/615/647 1519/1083/637 1505/1079/631
f 1506/1081/649 1520/615/647 1496/614/648 1507/1078/646
f 1510/1082/638 1506/1081/649 1507/1078/646 1523/1080/632
f 1514/629/732 1494/1074/730 1497/616/734 1515/617/733
f 1509/614/657 1518/1084/728 1517/649/645
f 1498/647/651 1499/612/655 1513/629/654
f 1525/1085/738 1675/1086/739 1639/1087/740
f 1640/1088/741 1677/1089/742 1632/1090/743
f 1636/1091/744 1672/1092/745 1637/1093/746
f 1638/1094/747 1674/1095/748 1525/1096/738
f 1626/1097/749 1533/1098/750 1534/1099/751
f 1527/1100/752 1626/1097/749 1535/1101/753
f 1528/1102/754 1536/1103/755 1529/1104/756
f 1529/1104/756 1536/1103/755 1701/1105/757
f 1538/1106/758 1539/1107/759 1530/1108/760
f 1531/1109/761 1539/1107/759 1699/1110/762
f 1531/1109/761 1699/1110/762 1532/1111/763
f 1565/1112/764 1566/1113/765 1557/1114/766
f 1571/1115/767 1572/1116/768 1552/1117/769
f 1574/1118/770 1575/1119/771 1551/1120/772
f 1577/1121/773 1578/1122/774 1549/1123/775
f 1616/1124/776 1562/1125/777 1548/1126/778
f 1540/1127/779 1525/1128/10 1639/1129/740
f 1540/1127/779 1639/1129/740 1541/1130/780
f 1640/1131/741 1632/1132/743 1542/1133/781
f 1633/1134/782 1634/1135/783 1543/1136/784
f 1538/1106/758 1588/1137/785 1697/1138/786
f 1538/1106/758 1537/1139/787 1588/1137/785
f 1701/1105/757 1536/1103/755 1700/1140/788
f 1535/1101/753 1593/1141/789 1536/1103/755
f 1535/1101/753 1597/1142/790 1596/1143/791
f 1534/1099/751 1597/1142/790 1535/1101/753
f 1640/1131/741 1607/1144/792 1606/1145/793
f 1633/1134/782 1610/1146/794 1609/1147/795
f 1544/1148/796 1613/1149/797 1636/1150/744
f 1703/1151/798 1581/1152/799 1580/1153/800
f 1582/1154/801 1603/1155/802 1602/1156/803
f 1596/1143/791 1595/1157/804 1535/1101/753
f 1537/1139/787 1589/1158/805 1588/1137/785
f 1697/1138/786 1586/1120/796 1539/1107/759
f 1550/1159/806 1577/1121/773 1561/1160/807
f 1691/1161/808 1541/1130/780 1619/1162/809
f 1621/1119/810 1690/1118/786 1544/1148/796
f 1677/1089/742 1678/1163/811 1632/1090/743
f 1632/1090/743 1678/1163/811 1633/1164/782
f 1633/1164/782 1678/1163/811 1679/1165/812
f 1633/1164/782 1679/1165/812 1634/1166/783
f 1639/1087/740 1675/1086/739 1676/1167/813
f 1639/1087/740 1676/1167/813 1640/1088/741
f 1641/1168/814 1528/1102/754 1642/1169/815
f 1627/1170/816 1705/1171/817 1643/1172/818
f 1628/1173/819 1530/1108/760 1644/1174/820
f 1629/1175/821 1532/1111/763 1645/1176/822
f 1630/1177/823 1533/1098/750 1631/1178/824
f 1631/1178/824 1626/1097/749 1658/1179/825
f 1660/1180/826 1650/1181/827 1666/1182/828
f 1663/1183/829 1657/1184/830 1646/1185/831
f 1644/1174/820 1653/1186/832 1652/1187/833
f 1628/1173/819 1651/1188/834 1643/1172/818
f 1627/1170/816 1649/1189/835 1642/1169/815
f 1642/1169/815 1648/1190/836 1641/1168/814
f 1658/1179/825 1647/1191/837 1657/1184/830
f 1631/1178/824 1657/1184/830 1656/1192/838
f 1631/1178/824 1656/1192/838 1630/1177/823
f 1648/1190/836 1649/1189/835 1659/1193/839
f 1659/1193/839 1649/1189/835 1660/1180/826
f 1661/1194/840 1655/1195/841 1662/1196/842
f 1662/1197/842 1656/1192/838 1663/1183/829
f 1657/1184/830 1647/1191/837 1646/1185/831
f 1646/1185/831 1647/1191/837 1664/1198/843
f 1650/1181/827 1651/1188/834 1666/1182/828
f 1666/1182/828 1651/1188/834 1667/1199/844
f 1672/1092/745 1670/1200/845 1669/1201/846
f 1672/1092/745 1669/1201/846 1673/1202/847
f 1675/1086/739 1663/1183/829 1676/1167/813
f 1676/1167/813 1663/1183/829 1646/1185/831
f 1676/1167/813 1646/1185/831 1677/1089/742
f 1679/1165/812 1659/1193/839 1660/1180/826
f 1549/1123/775 1579/1203/848 1560/1204/849
f 1558/1205/850 1565/1112/764 1685/1206/851
f 1553/1207/852 1571/1115/767 1686/1208/853
f 1552/1117/769 1687/1209/854 1682/1210/855
f 1605/1211/856 1540/1127/779 1691/1161/808
f 1606/1145/793 1607/1144/792 1692/1113/857
f 1608/1212/858 1542/1133/781 1693/1213/859
f 1609/1147/795 1610/1146/794 1694/1214/860
f 1589/1158/805 1587/1215/797 1697/1138/786
f 1586/1120/796 1585/1216/861 1698/1217/862
f 1584/1218/863 1583/1219/864 1699/1110/762
f 1700/1140/788 1592/1207/865 1591/1208/866
f 1583/1219/864 1615/1220/867 1703/1151/798
f 1626/1097/749 1534/1099/751 1535/1101/753
f 1817/1221/868 1859/1222/869 1808/1223/870
f 1814/1224/871 1855/1225/872 1815/1226/873
f 1816/1227/874 1857/1228/875 1706/1229/876
f 1729/1114/772 1739/1230/877 1740/1113/878
f 1728/1157/879 1741/1231/880 1878/1213/881
f 1742/1232/882 1743/1233/883 1734/1207/884
f 1746/1234/885 1747/1118/886 1727/1235/851
f 1725/1236/887 1749/1237/888 1750/1121/889
f 1817/1238/868 1808/1239/870 1720/1145/890
f 1815/1240/873 1816/1241/874 1791/1242/891
f 1766/1243/892 1765/1244/893 1763/1245/894
f 1718/1246/895 1717/1247/755 1754/1248/788
f 1715/1107/896 1760/1249/897 1716/1250/898
f 1711/1251/899 1772/1252/900 1877/1141/901
f 1711/1251/899 1774/1253/902 1772/1252/900
f 1817/1238/868 1720/1145/890 1783/1130/805
f 1879/1133/903 1785/310/904 1809/1254/905
f 1811/1255/906 1721/1256/907 1787/1146/908
f 1779/1257/909 1778/1206/797 1777/1258/786
f 1769/1103/798 1768/1259/907 1767/1140/910
f 1765/1244/893 1764/1260/911 1763/1245/894
f 1755/1261/912 1781/1262/913 1794/1263/914
f 1794/1264/914 1781/1265/913 1795/1266/915
f 1771/1267/916 1770/1207/867 1769/1103/798
f 1796/1204/852 1753/1268/917 1797/1269/853
f 1803/1155/918 1738/1270/919 1735/1205/920
f 1729/1114/772 1741/1231/880 1800/1271/921
f 1801/1267/922 1728/1157/879 1742/1232/882
f 1734/1207/884 1744/1272/923 1733/1208/924
f 1736/1273/925 1737/1161/926 1803/1155/918
f 1751/1122/927 1752/1274/928 1796/1204/852
f 1888/1122/929 1805/1275/930 1804/1274/931
f 1724/1276/932 1790/1277/933 1807/1121/934
f 1808/1223/870 1828/1278/935 1809/1279/905
f 1810/1280/936 1861/1281/937 1811/1282/906
f 1811/1282/906 1862/1283/938 1867/1284/939
f 1707/1285/940 1863/1286/941 1812/1287/942
f 1813/1288/943 1854/1289/944 1814/1224/871
f 1855/1225/872 1856/1290/945 1815/1226/873
f 1815/1226/873 1856/1290/945 1816/1227/874
f 1706/1229/876 1857/1228/875 1858/1291/946
f 1706/1085/876 1858/1292/946 1817/1221/868
f 1859/1222/869 1828/1278/935 1808/1223/870
f 1843/1293/947 1876/1294/948 1818/1295/949
f 1818/1295/949 1711/1251/899 1819/1296/950
f 1820/1297/951 1864/1298/952 1842/1299/953
f 1821/1300/954 1713/1301/955 1714/1302/956
f 1824/1303/957 1874/1304/958 1875/1305/959
f 1826/1306/960 1708/1307/961 1827/1308/962
f 1849/1309/963 1834/1310/964 1850/1311/965
f 1850/1311/965 1835/1312/966 1851/1313/967
f 1852/1314/968 1837/1315/969 1838/1316/970
f 1822/1317/971 1834/1310/964 1821/1300/954
f 1821/1300/954 1834/1310/964 1833/1318/972
f 1818/1295/949 1831/1319/973 1830/1320/974
f 1843/1293/947 1830/1320/974 1841/1321/975
f 1827/1308/962 1840/1322/976 1826/1306/960
f 1844/1086/977 1839/1323/978 1840/1322/976
f 1845/1324/979 1840/1322/976 1841/1321/975
f 1847/1325/980 1831/1319/973 1832/1326/981
f 1848/1327/982 1832/1326/981 1865/1328/983
f 1853/1329/984 1850/1311/965 1854/1289/944
f 1854/1289/944 1850/1311/965 1851/1313/967
f 1857/1228/875 1838/1316/970 1858/1291/946
f 1861/1281/937 1847/1325/980 1848/1327/982
f 1861/1281/937 1848/1327/982 1862/1283/938
f 1866/1330/985 1833/1318/972 1849/1309/963
f 1862/1283/938 1863/1286/941 1707/1285/940
f 1870/1331/986 1745/1332/987 1802/1333/988
f 1712/1334/989 1872/1335/990 1864/1298/952
f 1864/1298/952 1872/1335/990 1873/1336/991
f 1874/1304/958 1717/1247/755 1875/1305/959
f 1875/1305/959 1717/1247/755 1718/1246/895
f 1876/1294/948 1709/1337/992 1710/1338/810
f 1763/1245/894 1872/1335/990 1766/1243/892
f 1754/1248/788 1794/1263/914 1795/1263/915
f 1726/1339/993 1749/1237/888 1731/1340/994
f 1725/1236/887 1751/1122/927 1730/1341/995
f 1783/1130/805 1720/1145/890 1880/1112/996
f 1882/1214/997 1786/1342/998 1787/1146/908
f 1789/1343/999 1722/1149/1000 1885/1118/1001
f 1807/1121/934 1791/1242/891 1888/1122/929
f 1889/1125/1002 1792/1344/1003 1782/1345/1004
f 1784/1346/1005 1785/310/904 1892/1231/1006
f 1896/1347/1007 1990/1348/1008 1991/1349/1009
f 1991/1349/1009 1957/1350/1010 1897/1351/1011
f 1898/1352/1012 1958/1353/1013 1944/1354/1014
f 1900/1355/1015 1987/1356/1016 1988/1357/1017
f 1895/1358/1018 1948/1359/1019 1919/1360/1020
f 1895/1358/1018 1921/1361/1021 1948/1359/1019
f 1922/1362/1022 1921/1361/1021 1895/1358/1018
f 2002/1363/1023 2000/1364/1024 1925/1365/1025
f 1894/1366/1026 1928/1367/1027 1927/1368/1028
f 1931/1369/1029 1933/1370/1030 1932/1371/1031
f 1996/1372/1032 1935/1373/1033 1936/1374/1034
f 1899/1375/1035 2001/1376/1036 1945/1377/1037
f 1900/1355/1015 1901/1378/1038 1947/1379/1039
f 1909/1380/1040 1910/1381/1041 1999/1382/1042
f 1951/1383/1043 2007/1384/1044 2008/1385/1045
f 2003/1108/1046 2004/1386/1047 1954/1387/1048
f 1699/1110/762 1580/1153/800 1526/1388/1049 1532/1111/763
f 1994/1389/1050 1995/1390/1051 1958/1391/1013
f 1960/1392/1052 1951/1383/1043 2008/1385/1045
f 1960/1392/1052 2008/1385/1045 1894/1366/1026
f 1952/1393/1053 2002/1363/1023 1953/1394/1054
f 1953/1394/1054 2003/1108/1046 1954/1387/1048
f 1962/1395/1055 1956/1396/1056 2005/1397/1057
f 1961/1398/1058 1973/1399/1059 1972/1400/1060
f 1954/1387/1048 1971/1186/1061 1970/1401/1062
f 1954/1387/1048 1970/1401/1062 1953/1394/1054
f 1960/1392/1052 1968/1402/1063 1967/1403/1064
f 1960/1392/1052 1967/1403/1064 1951/1383/1043
f 1959/1404/1065 1965/1405/1066 1964/1406/1067
f 1955/1407/1068 1973/1399/1059 1961/1398/1058
f 1977/1408/1069 1974/1323/1070 1975/1409/1071
f 1978/1410/1072 1975/1409/1071 1964/1406/1067
f 1985/1411/1073 1972/1400/1060 1973/1399/1059
f 1986/1412/1074 1983/1413/1075 1987/1414/1016
f 1987/1414/1016 1984/1415/1076 1988/1416/1017
f 1989/1417/1077 1985/1411/1073 1976/1228/1078
f 1998/1418/1079 1914/1419/1080 1915/1420/1081
f 1903/1421/1082 1904/1422/1083 1996/1372/1032
f 1999/1382/1042 1910/1381/1041 1911/1115/1084
f 2008/1385/1045 1929/1423/1085 1928/1367/1027
f 2003/1108/1046 2002/1363/1023 1924/1424/1086
f 1895/1358/1018 1936/1263/1034 1893/1246/1087
f 1893/1425/1087 1935/1373/1033 2005/1397/1057
f 2005/1397/1057 1935/1373/1033 2006/1426/1088
f 2006/1426/1088 1935/1373/1033 1933/1370/1030
f 2007/1384/1044 1930/1427/1089 2008/1385/1045
f 2073/1428/1090 2074/1429/1091 2017/1430/1092
f 2017/1430/1092 2074/1429/1091 2018/1431/1093
f 2070/1432/1094 2109/1433/1095 2076/1434/1096
f 2043/1435/1097 2044/1262/1098 2059/1263/1099
f 2049/1436/1100 2048/1120/1101 2047/1437/1102
f 2013/1438/1103 2012/1439/1104 2043/1435/1097
f 2024/1440/1105 2047/1437/1102 2048/1120/1101
f 2050/1441/1106 2049/1436/1100 2047/1437/1102
f 2011/1442/1107 2010/1443/1108 2055/1444/1109
f 2071/1445/1110 2016/1446/1111 2062/1447/1112
f 2072/1448/1113 2064/1449/1114 2063/1450/1115
f 2073/1428/1090 2017/1430/1092 2065/1451/1116
f 2075/1452/1117 2021/1453/1118 2067/1454/1119
f 2042/1455/1120 2070/1432/1094 2069/1456/1121
f 2037/1457/1122 2038/1458/1123 2024/1440/1105
f 2112/1459/1124 2113/1460/1125 2071/1461/1110
f 2071/1461/1110 2113/1460/1125 2072/1462/1113
f 2072/1462/1113 2113/1460/1125 2114/1463/1126
f 2072/1462/1113 2114/1463/1126 2073/1464/1090
f 2073/1464/1090 2115/1465/1127 2074/1466/1091
f 2074/1466/1091 2115/1465/1127 2116/1467/1128
f 2075/1468/1117 2108/1469/1129 2109/1470/1095
f 2076/1471/1096 2109/1470/1095 2110/1472/1130
f 2077/1473/1131 2110/1197/1130 2111/1474/1132
f 2078/1475/1133 2011/1442/1107 2079/1476/1134
f 2079/1476/1134 2126/1477/1135 2080/1478/1136
f 2083/1479/1137 2122/1480/1138 2013/1438/1103
f 2084/1481/1139 2013/1438/1103 2009/1482/1140
f 2084/1483/1139 2009/1484/1140 2123/1485/1141
f 2089/1486/1142 2090/1487/1143 2091/1488/1144
f 2103/1489/1145 2094/1490/1146 2104/1491/1147
f 2104/1491/1147 2096/1492/1148 2105/1493/1149
f 2101/1086/1150 2098/1494/1151 2102/1495/1152
f 2080/1478/1136 2093/1496/1153 2092/1497/1154
f 2078/1475/1133 2088/1498/1155 2087/1499/1156
f 2085/1500/1157 2098/1494/1151 2084/1483/1139
f 2099/1501/1158 2097/1502/1159 2100/1503/1160
f 2102/1495/1152 2098/1494/1151 2087/1499/1156
f 2102/1495/1152 2087/1499/1156 2086/1504/1161
f 2092/1497/1154 2093/1496/1153 2103/1489/1145
f 2104/1491/1147 2094/1490/1146 2095/1505/1162
f 2108/1469/1129 2104/1491/1147 2105/1493/1149
f 2108/1469/1129 2105/1493/1149 2109/1470/1095
f 2109/1470/1095 2105/1493/1149 2106/1506/1163
f 2109/1470/1095 2106/1506/1163 2110/1472/1130
f 2110/1472/1130 2106/1506/1163 2100/1503/1160
f 2111/1474/1132 2101/1086/1150 2102/1495/1152
f 2112/1459/1124 2102/1495/1152 2086/1504/1161
f 2112/1459/1124 2086/1504/1161 2113/1460/1125
f 2113/1460/1125 2086/1504/1161 2089/1486/1142
f 2113/1460/1125 2089/1486/1142 2114/1463/1126
f 2114/1463/1126 2089/1486/1142 2091/1488/1144
f 2115/1465/1127 2091/1488/1144 2103/1489/1145
f 2116/1467/1128 2103/1489/1145 2104/1491/1147
f 2023/1507/1164 2041/1508/1165 2042/1455/1120
f 2119/1509/1166 2127/1510/1167 2050/1441/1106
f 2122/1480/1138 2121/1511/1168 2045/1512/1169
f 2013/1438/1103 2059/1263/1099 2009/1482/1140
f 2009/1484/1140 2059/1513/1099 2123/1485/1141
f 2125/1514/1170 2056/1515/1171 2010/1443/1108
f 2126/1477/1135 2011/1442/1107 2117/1516/1172
f 2126/1477/1135 2117/1516/1172 2053/1517/1173
f 1533/1098/750 1526/1484/1049 1580/1518/800
f 1527/1100/752 1535/1101/753 1528/1102/754
f 1529/1104/756 1701/1105/757 1705/1171/817
f 1531/1109/761 1530/1108/760 1539/1107/759
f 1563/1161/1174 1559/1155/1175 1548/1519/778 1562/1273/777
f 1564/1162/1176 1558/1205/850 1559/1155/1175 1563/1161/1174
f 1567/1231/1177 1556/1271/1178 1557/1114/766 1566/1113/765
f 1558/1205/850 1564/1162/1176 1565/1112/764
f 1567/1231/1177 1568/1213/1179 1555/1157/1180 1556/1271/1178
f 1568/1213/1179 1569/1232/1181 1554/1267/995 1555/1157/1180
f 1570/1214/1182 1553/1207/852 1554/1267/995 1569/1232/1181
f 1576/1237/1183 1550/1159/806 1551/1120/772 1575/1119/771
f 1553/1207/852 1570/1214/1182 1571/1115/767
f 1552/1117/769 1572/1116/768 1687/1209/854
f 1634/1135/783 1635/1520/1184 1704/1521/1185 1543/1136/784
f 1550/1159/806 1576/1237/1183 1577/1121/773
f 1549/1123/775 1578/1122/774 1579/1203/848
f 1541/1130/780 1639/1129/740 1640/1131/741
f 1633/1134/782 1542/1133/781 1632/1132/743
f 1637/1522/746 1545/1276/1186 1544/1148/796 1636/1150/744
f 1704/1521/1185 1635/1520/1184 1636/1150/744
f 1637/1522/746 1638/1523/747 1625/1524/867 1546/1277/1187
f 1546/1277/1187 1545/1276/1186 1637/1522/746
f 1638/1523/747 1525/1525/10 1547/1526/907 1625/1524/867
f 1581/1152/799 1616/1124/776 1548/1126/778 1582/1527/801
f 1540/1345/779 1547/1526/907 1525/1525/10
f 1615/1220/867 1560/1204/849 1616/1124/776 1581/1152/799
f 1580/1153/800 1699/1110/762 1703/1151/798
f 1583/1219/864 1549/1123/775 1560/1204/849 1615/1220/867
f 1583/1219/864 1584/1218/863 1561/1160/807 1549/1123/775
f 1584/1218/863 1699/1110/762 1539/1107/759 1698/1217/862
f 1585/1216/861 1550/1159/806 1561/1160/807 1584/1218/863
f 1586/1120/796 1551/1120/772 1550/1159/806 1585/1216/861
f 1587/1215/797 1684/1215/1188 1551/1120/772 1586/1120/796
f 1539/1107/759 1538/1106/758 1697/1138/786
f 1589/1158/805 1683/1158/920 1684/1215/1188 1587/1215/797
f 1702/1210/1185 1682/1210/855 1683/1158/920 1589/1158/805
f 1590/1117/784 1552/1117/769 1682/1210/855 1702/1210/1185
f 1591/1208/866 1686/1208/853 1552/1117/769 1590/1117/784
f 1592/1207/865 1553/1207/852 1686/1208/853 1591/1208/866
f 1594/1267/1189 1554/1267/995 1553/1207/852 1592/1207/865
f 1594/1267/1189 1595/1157/804 1555/1157/1180 1554/1267/995
f 1596/1143/791 1556/1271/1178 1555/1157/1180 1595/1157/804
f 1598/1114/1190 1557/1114/766 1556/1271/1178 1596/1143/791
f 1599/1206/793 1685/1206/851 1557/1114/766 1598/1114/1190
f 1601/1205/1191 1558/1205/850 1685/1206/851 1599/1206/793
f 1533/1098/750 1600/1257/1192 1534/1099/751
f 1601/1205/1191 1603/1155/802 1559/1155/1175 1558/1205/850
f 1533/1098/750 1602/1156/803 1600/1257/1192
f 1602/1156/803 1533/1098/750 1580/1518/800 1582/1154/801
f 1603/1155/802 1582/1154/801 1548/1519/778 1559/1155/1175
f 1691/1161/808 1563/1161/1174 1562/1273/777 1604/1273/1193
f 1619/1162/809 1564/1162/1176 1563/1161/1174 1691/1161/808
f 1620/1112/751 1565/1112/764 1564/1162/1176 1619/1162/809
f 1692/1113/857 1566/1113/765 1565/1112/764 1620/1112/751
f 1541/1130/780 1640/1131/741 1606/1145/793
f 1692/1113/857 1608/1212/858 1567/1231/1177 1566/1113/765
f 1607/1144/792 1640/1131/741 1542/1133/781 1608/1212/858
f 1693/1213/859 1568/1213/1179 1567/1231/1177 1608/1212/858
f 1609/1147/795 1569/1232/1181 1568/1213/1179 1693/1213/859
f 1694/1214/860 1570/1214/1182 1569/1232/1181 1609/1147/795
f 1633/1134/782 1609/1147/795 1542/1133/781
f 1695/1115/788 1571/1115/767 1570/1214/1182 1694/1214/860
f 1611/1256/866 1610/1146/794 1633/1134/782 1543/1136/784
f 1696/1116/757 1572/1116/768 1571/1115/767 1695/1115/788
f 1696/1116/757 1688/1209/787 1687/1209/854 1572/1116/768
f 1688/1209/787 1689/1234/785 1573/1234/1194 1687/1209/854
f 1689/1234/785 1690/1118/786 1574/1118/770 1573/1234/1194
f 1612/1528/805 1704/1521/1185 1636/1150/744 1613/1149/797
f 1690/1118/786 1621/1119/810 1575/1119/771 1574/1118/770
f 1622/1237/902 1576/1237/1183 1575/1119/771 1621/1119/810
f 1623/1121/900 1577/1121/773 1576/1237/1183 1622/1237/902
f 1624/1122/1195 1578/1122/774 1577/1121/773 1623/1121/900
f 1617/1529/798 1579/1203/848 1578/1122/774 1624/1122/1195
f 1546/1277/1187 1625/1524/867 1614/1242/1196
f 1604/1125/1193 1562/1125/777 1579/1203/848 1618/1268/910
f 1579/1203/848 1617/1529/798 1618/1268/910
f 1601/1205/1191 1600/1257/1192 1602/1156/803 1603/1155/802
f 1547/1526/907 1540/1345/779 1605/1345/856
f 1580/1153/800 1581/1152/799 1582/1527/801
f 1599/1206/793 1534/1099/751 1600/1257/1192 1601/1205/1191
f 1598/1114/1190 1597/1142/790 1534/1099/751 1599/1206/793
f 1594/1267/1189 1593/1141/789 1535/1101/753 1595/1157/804
f 1597/1142/790 1598/1114/1190 1596/1143/791
f 1592/1207/865 1536/1103/755 1593/1141/789 1594/1267/1189
f 1625/1524/867 1547/1526/907 1618/1268/910 1617/1529/798
f 1536/1103/755 1592/1207/865 1700/1140/788
f 1588/1137/785 1589/1158/805 1697/1138/786
f 1539/1107/759 1586/1120/796 1698/1217/862
f 1561/1160/807 1577/1121/773 1549/1123/775
f 1616/1124/776 1579/1203/848 1562/1125/777
f 1547/1526/907 1605/1345/856 1604/1125/1193 1618/1268/910
f 1606/1145/793 1620/1112/751 1619/1162/809 1541/1130/780
f 1604/1273/1193 1605/1211/856 1691/1161/808
f 1544/1148/796 1545/1276/1186 1622/1237/902 1621/1119/810
f 1620/1112/751 1606/1145/793 1692/1113/857
f 1546/1277/1187 1623/1121/900 1622/1237/902 1545/1276/1186
f 1614/1242/1196 1624/1122/1195 1623/1121/900 1546/1277/1187
f 1625/1524/867 1617/1529/798 1624/1122/1195 1614/1242/1196
f 1681/1530/1197 1635/1531/1184 1634/1166/783 1680/1532/1198
f 1627/1170/816 1529/1104/756 1705/1171/817
f 1628/1173/819 1538/1106/758 1530/1108/760
f 1629/1175/821 1531/1109/761 1532/1111/763
f 1630/1177/823 1526/1484/1049 1533/1098/750
f 1631/1178/824 1533/1098/750 1626/1097/749
f 1634/1166/783 1679/1165/812 1680/1532/1198
f 1671/1533/1199 1636/1091/744 1635/1531/1184 1681/1530/1197
f 1673/1202/847 1638/1094/747 1637/1093/746 1672/1092/745
f 1636/1091/744 1671/1533/1199 1672/1092/745
f 1527/1100/752 1641/1168/814 1658/1179/825 1626/1097/749
f 1638/1094/747 1673/1202/847 1674/1095/748
f 1525/1085/738 1674/1197/748 1675/1086/739
f 1640/1088/741 1676/1167/813 1677/1089/742
f 1538/1106/758 1628/1173/819 1643/1172/818 1705/1171/817
f 1641/1168/814 1527/1100/752 1528/1102/754
f 1642/1169/815 1528/1102/754 1529/1104/756
f 1642/1169/815 1529/1104/756 1627/1170/816
f 1655/1195/841 1654/1534/1200 1629/1175/821 1645/1176/822
f 1644/1174/820 1530/1108/760 1531/1109/761
f 1644/1174/820 1531/1109/761 1629/1175/821
f 1645/1176/822 1532/1111/763 1526/1388/1049
f 1645/1176/822 1526/1388/1049 1630/1535/823
f 1653/1186/832 1644/1174/820 1629/1175/821 1654/1534/1200
f 1650/1181/827 1649/1189/835 1627/1170/816 1643/1172/818
f 1628/1173/819 1644/1174/820 1652/1187/833
f 1628/1173/819 1652/1187/833 1651/1188/834
f 1643/1172/818 1651/1188/834 1650/1181/827
f 1655/1195/841 1645/1176/822 1630/1535/823 1656/1536/838
f 1642/1169/815 1649/1189/835 1648/1190/836
f 1641/1168/814 1648/1190/836 1647/1191/837
f 1658/1179/825 1641/1168/814 1647/1191/837
f 1631/1178/824 1658/1179/825 1657/1184/830
f 1648/1190/836 1665/1537/1201 1664/1198/843 1647/1191/837
f 1660/1180/826 1649/1189/835 1650/1181/827
f 1662/1196/842 1655/1195/841 1656/1536/838
f 1663/1183/829 1656/1192/838 1657/1184/830
f 1652/1187/833 1668/1538/1202 1667/1199/844 1651/1188/834
f 1665/1537/1201 1648/1190/836 1659/1193/839
f 1653/1186/832 1670/1200/845 1668/1538/1202 1652/1187/833
f 1654/1534/1200 1669/1201/846 1670/1200/845 1653/1186/832
f 1655/1195/841 1661/1194/840 1669/1201/846 1654/1534/1200
f 1670/1200/845 1672/1092/745 1671/1533/1199 1668/1538/1202
f 1661/1194/840 1662/1196/842 1674/1095/748 1673/1202/847
f 1673/1202/847 1669/1201/846 1661/1194/840
f 1663/1183/829 1675/1086/739 1674/1197/748 1662/1197/842
f 1664/1198/843 1665/1537/1201 1678/1163/811 1677/1089/742
f 1677/1089/742 1646/1185/831 1664/1198/843
f 1659/1193/839 1679/1165/812 1678/1163/811 1665/1537/1201
f 1666/1182/828 1680/1532/1198 1679/1165/812 1660/1180/826
f 1667/1199/844 1668/1538/1202 1671/1533/1199 1681/1530/1197
f 1681/1530/1197 1680/1532/1198 1666/1182/828
f 1681/1530/1197 1666/1182/828 1667/1199/844
f 1573/1234/1194 1683/1158/920 1682/1210/855 1687/1209/854
f 1574/1118/770 1684/1215/1188 1683/1158/920 1573/1234/1194
f 1612/1528/805 1689/1234/785 1688/1209/787 1704/1521/1185
f 1684/1215/1188 1574/1118/770 1551/1120/772
f 1560/1204/849 1579/1203/848 1616/1124/776
f 1685/1206/851 1565/1112/764 1557/1114/766
f 1686/1208/853 1571/1115/767 1552/1117/769
f 1613/1149/797 1690/1118/786 1689/1234/785 1612/1528/805
f 1611/1256/866 1695/1115/788 1694/1214/860 1610/1146/794
f 1690/1118/786 1613/1149/797 1544/1148/796
f 1691/1161/808 1540/1127/779 1541/1130/780
f 1692/1113/857 1607/1144/792 1608/1212/858
f 1693/1213/859 1542/1133/781 1609/1147/795
f 1543/1136/784 1696/1116/757 1695/1115/788 1611/1256/866
f 1704/1521/1185 1688/1209/787 1696/1116/757 1543/1136/784
f 1591/1208/866 1590/1117/784 1701/1105/757 1700/1140/788
f 1537/1139/787 1702/1210/1185 1589/1158/805
f 1697/1138/786 1587/1215/797 1586/1120/796
f 1698/1217/862 1585/1216/861 1584/1218/863
f 1699/1110/762 1583/1219/864 1703/1151/798
f 1702/1210/1185 1537/1139/787 1701/1105/757 1590/1117/784
f 1748/1119/1203 1726/1339/993 1727/1235/851 1747/1118/886
f 1703/1151/798 1615/1220/867 1581/1152/799
f 1705/1171/817 1701/1105/757 1537/1139/787
f 1538/1106/758 1705/1171/817 1537/1139/787
f 1528/1102/754 1535/1101/753 1536/1103/755
f 1741/1231/880 1729/1114/772 1740/1113/878
f 1742/1232/882 1728/1157/879 1878/1213/881
f 1734/1207/884 1743/1233/883 1744/1272/923
f 1817/1238/868 1719/1539/1185 1782/1211/1004 1706/1128/876
f 1726/1339/993 1748/1119/1203 1749/1237/888
f 1725/1236/887 1750/1121/889 1751/1122/927
f 1811/1255/906 1867/1540/939 1868/1541/1204 1721/1256/907
f 1720/1145/890 1808/1239/870 1809/1254/905
f 1810/1542/936 1879/1133/903 1809/1254/905
f 1812/1543/942 1722/1149/1000 1806/1521/1205 1707/1544/940
f 1707/1544/940 1868/1541/1204 1867/1540/939
f 1813/1545/943 1723/1148/1206 1722/1149/1000 1812/1543/942
f 1813/1545/943 1814/1546/871 1724/1276/932 1723/1148/1206
f 1706/1547/876 1782/1345/1004 1791/1242/891 1816/1241/874
f 1815/1240/873 1724/1276/932 1814/1546/871
f 1754/1248/788 1795/1263/915 1708/1263/961 1718/1246/895
f 1781/1262/913 1755/1261/912 1797/1269/853 1798/1548/769
f 1793/1204/865 1796/1204/852 1797/1269/853 1755/1261/912
f 1793/1204/865 1757/1549/1189 1730/1341/995 1796/1204/852
f 1717/1247/755 1716/1250/898 1756/1550/929
f 1759/1551/933 1725/1236/887 1730/1341/995 1757/1549/1189
f 1716/1250/898 1758/1552/934 1756/1550/929
f 1761/1159/932 1731/1340/994 1725/1236/887 1759/1551/933
f 1716/1250/898 1760/1249/897 1758/1552/934
f 1761/1159/932 1762/1553/1207 1726/1339/993 1731/1340/994
f 1762/1553/1207 1764/1260/911 1727/1235/851 1726/1339/993
f 1764/1260/911 1765/1244/893 1732/1554/1208 1727/1235/851
f 1714/1302/956 1713/1301/955 1763/1245/894
f 1766/1243/892 1802/1333/988 1732/1554/1208 1765/1244/893
f 1713/1301/955 1872/1335/990 1763/1245/894
f 1768/1259/907 1733/1208/924 1870/1331/986 1871/1555/1209
f 1712/1334/989 1767/1140/910 1872/1335/990
f 1770/1207/867 1734/1207/884 1733/1208/924 1768/1259/907
f 1712/1334/989 1769/1103/798 1767/1140/910
f 1877/1141/901 1769/1103/798 1712/1334/989 1711/1251/899
f 1770/1207/867 1771/1267/916 1801/1267/922 1734/1207/884
f 1773/1157/1187 1728/1157/879 1801/1267/922 1771/1267/916
f 1775/1271/1186 1800/1271/921 1728/1157/879 1773/1157/1187
f 1775/1271/1186 1776/1114/796 1729/1114/772 1800/1271/921
f 1778/1206/797 1799/1556/1188 1729/1114/772 1776/1114/796
f 1709/1337/992 1777/1258/786 1710/1338/810
f 1777/1258/786 1709/1337/992 1708/1307/961 1779/1257/909
f 1778/1206/797 1780/1205/1210 1735/1205/920 1799/1556/1188
f 1780/1205/1210 1781/1265/913 1803/1155/918 1735/1205/920
f 1708/1307/961 1795/1266/915 1779/1257/909
f 1890/1161/787 1737/1161/926 1736/1273/925 1889/1273/1002
f 1798/1557/769 1803/1155/918 1781/1265/913
f 1891/1558/785 1738/1270/919 1737/1161/926 1890/1161/787
f 1880/1112/996 1739/1230/877 1738/1270/919 1891/1558/785
f 1719/1539/1185 1817/1238/868 1783/1130/805
f 1880/1112/996 1784/1346/1005 1740/1113/878 1739/1230/877
f 1892/1231/1006 1741/1231/880 1740/1113/878 1784/1346/1005
f 1785/310/904 1784/1346/1005 1720/1145/890 1809/1254/905
f 1892/1231/1006 1881/1213/1211 1878/1213/881 1741/1231/880
f 1786/1342/998 1742/1232/882 1878/1213/881 1881/1213/1211
f 1882/1214/997 1743/1233/883 1742/1232/882 1786/1342/998
f 1810/1542/936 1786/1342/998 1879/1133/903
f 1787/1146/908 1786/1342/998 1810/1542/936 1811/1255/906
f 1883/1272/910 1744/1272/923 1743/1233/883 1882/1214/997
f 1884/1559/1212 1869/379/1213 1744/1272/923 1883/1272/910
f 1788/1209/1214 1789/1343/999 1746/1234/885 1745/1332/987
f 1885/1118/1001 1747/1118/886 1746/1234/885 1789/1343/999
f 1722/1149/1000 1789/1343/999 1806/1521/1205
f 1886/1119/1215 1748/1119/1203 1747/1118/886 1885/1118/1001
f 1887/1237/897 1749/1237/888 1748/1119/1203 1886/1119/1215
f 1887/1237/897 1807/1121/934 1750/1121/889 1749/1237/888
f 1807/1121/934 1888/1122/929 1751/1122/927 1750/1121/889
f 1815/1240/873 1790/1277/933 1724/1276/932
f 1888/1122/929 1804/1274/931 1752/1274/928 1751/1122/927
f 1815/1240/873 1791/1242/891 1790/1277/933
f 1804/1274/931 1792/1344/1003 1753/1268/917 1752/1274/928
f 1805/1275/930 1791/1242/891 1782/1345/1004 1792/1344/1003
f 1792/1344/1003 1889/1125/1002 1736/1125/925 1753/1268/917
f 1755/1261/912 1754/1248/788 1717/1247/755 1793/1204/865
f 1776/1114/796 1710/1338/810 1777/1258/786 1778/1206/797
f 1754/1248/788 1755/1261/912 1794/1263/914
f 1775/1271/1186 1774/1253/902 1710/1338/810 1776/1114/796
f 1773/1157/1187 1772/1252/900 1774/1253/902 1775/1271/1186
f 1771/1267/916 1877/1141/901 1772/1252/900 1773/1157/1187
f 1871/1555/1209 1872/1335/990 1767/1140/910 1768/1259/907
f 1877/1141/901 1771/1267/916 1769/1103/798
f 1762/1553/1207 1715/1107/896 1763/1245/894 1764/1260/911
f 1761/1159/932 1760/1249/897 1715/1107/896 1762/1553/1207
f 1761/1159/932 1759/1551/933 1758/1552/934 1760/1249/897
f 1759/1551/933 1757/1549/1189 1756/1550/929 1758/1552/934
f 1757/1549/1189 1793/1204/865 1717/1247/755 1756/1550/929
f 1780/1205/1210 1779/1257/909 1795/1266/915 1781/1265/913
f 1736/1125/925 1798/1548/769 1797/1269/853 1753/1268/917
f 1778/1206/797 1779/1257/909 1780/1205/1210
f 1768/1259/907 1769/1103/798 1770/1207/867
f 1739/1230/877 1799/1556/1188 1735/1205/920 1738/1270/919
f 1798/1557/769 1736/1273/925 1803/1155/918
f 1869/379/1213 1870/1331/986 1733/1208/924 1744/1272/923
f 1799/1556/1188 1739/1230/877 1729/1114/772
f 1800/1271/921 1741/1231/880 1728/1157/879
f 1734/1207/884 1801/1267/922 1742/1232/882
f 1746/1234/885 1732/1554/1208 1802/1333/988 1745/1332/987
f 1860/1560/1216 1861/1281/937 1810/1280/936 1809/1279/905
f 1732/1554/1208 1746/1234/885 1727/1235/851
f 1796/1204/852 1752/1274/928 1753/1268/917
f 1803/1155/918 1737/1161/926 1738/1270/919
f 1804/1274/931 1805/1275/930 1792/1344/1003
f 1791/1242/891 1807/1121/934 1790/1277/933
f 1809/1279/905 1828/1278/935 1860/1560/1216
f 1853/1329/984 1854/1289/944 1813/1288/943 1812/1287/942
f 1811/1282/906 1861/1281/937 1862/1283/938
f 1812/1287/942 1863/1286/941 1853/1329/984
f 1713/1301/955 1821/1300/954 1842/1299/953 1873/1336/991
f 1814/1224/871 1854/1289/944 1855/1225/872
f 1857/1228/875 1816/1227/874 1856/1290/945
f 1817/1221/868 1858/1292/946 1859/1222/869
f 1818/1295/949 1876/1294/948 1711/1251/899
f 1819/1296/950 1711/1251/899 1712/1334/989
f 1820/1297/951 1819/1296/950 1712/1334/989
f 1820/1297/951 1712/1334/989 1864/1298/952
f 1714/1302/956 1716/1250/898 1823/1561/1217 1822/1317/971
f 1822/1317/971 1821/1300/954 1714/1302/956
f 1716/1250/898 1874/1304/958 1824/1303/957 1823/1561/1217
f 1718/1246/895 1826/1536/960 1825/1562/1218 1875/1305/959
f 1825/1562/1218 1824/1303/957 1875/1305/959
f 1709/1337/992 1843/1293/947 1827/1308/962 1708/1307/961
f 1826/1306/960 1718/1563/895 1708/1307/961
f 1835/1312/966 1823/1561/1217 1824/1303/957 1836/1564/1219
f 1843/1293/947 1709/1337/992 1876/1294/948
f 1846/1565/1220 1831/1319/973 1847/1325/980
f 1838/1316/970 1837/1315/969 1839/1536/978
f 1838/1197/970 1839/1323/978 1844/1086/977
f 1834/1310/964 1822/1317/971 1823/1561/1217 1835/1312/966
f 1865/1328/983 1820/1297/951 1842/1299/953 1833/1318/972
f 1842/1299/953 1821/1300/954 1833/1318/972
f 1865/1328/983 1832/1326/981 1819/1296/950 1820/1297/951
f 1831/1319/973 1818/1295/949 1819/1296/950 1832/1326/981
f 1841/1321/975 1840/1322/976 1827/1308/962 1843/1293/947
f 1843/1293/947 1818/1295/949 1830/1320/974
f 1837/1315/969 1825/1562/1218 1826/1536/960 1839/1536/978
f 1826/1306/960 1840/1322/976 1839/1323/978
f 1836/1564/1219 1824/1303/957 1825/1562/1218 1837/1315/969
f 1841/1321/975 1830/1320/974 1829/1566/1221 1845/1324/979
f 1837/1315/969 1852/1314/968 1836/1564/1219
f 1845/1324/979 1844/1086/977 1840/1322/976
f 1835/1312/966 1836/1564/1219 1852/1314/968 1851/1313/967
f 1846/1565/1220 1829/1566/1221 1830/1320/974
f 1831/1319/973 1846/1565/1220 1830/1320/974
f 1848/1327/982 1847/1325/980 1832/1326/981
f 1866/1330/985 1848/1327/982 1865/1328/983
f 1834/1310/964 1849/1309/963 1833/1318/972
f 1850/1311/965 1834/1310/964 1835/1312/966
f 1852/1314/968 1856/1290/945 1855/1225/872 1851/1313/967
f 1855/1225/872 1854/1289/944 1851/1313/967
f 1838/1316/970 1857/1228/875 1856/1290/945 1852/1314/968
f 1844/1086/977 1845/1324/979 1859/1222/869 1858/1292/946
f 1858/1292/946 1838/1197/970 1844/1086/977
f 1829/1566/1221 1828/1278/935 1859/1222/869 1845/1324/979
f 1847/1325/980 1861/1281/937 1860/1560/1216 1846/1565/1220
f 1828/1278/935 1829/1566/1221 1846/1565/1220
f 1860/1560/1216 1828/1278/935 1846/1565/1220
f 1850/1311/965 1853/1329/984 1863/1286/941 1849/1309/963
f 1862/1283/938 1848/1327/982 1866/1330/985
f 1863/1286/941 1862/1283/938 1866/1330/985
f 1884/1559/1212 1788/1209/1214 1745/1332/987 1869/379/1213
f 1842/1299/953 1864/1298/952 1873/1336/991
f 1866/1330/985 1865/1328/983 1833/1318/972
f 1863/1286/941 1866/1330/985 1849/1309/963
f 1867/1284/939 1862/1283/938 1707/1285/940
f 1868/1541/1204 1707/1544/940 1806/1521/1205
f 1802/1333/988 1766/1243/892 1871/1555/1209 1870/1331/986
f 1870/1331/986 1869/379/1213 1745/1332/987
f 1721/1256/907 1883/1272/910 1882/1214/997 1787/1146/908
f 1872/1335/990 1871/1555/1209 1766/1243/892
f 1873/1336/991 1872/1335/990 1713/1301/955
f 1714/1302/956 1715/1107/896 1716/1250/898
f 1874/1304/958 1716/1250/898 1717/1247/755
f 1876/1294/948 1710/1338/810 1774/1253/902
f 1711/1251/899 1876/1294/948 1774/1253/902
f 1714/1302/956 1763/1245/894 1715/1107/896
f 1731/1340/994 1749/1237/888 1725/1236/887
f 1730/1341/995 1751/1122/927 1796/1204/852
f 1880/1112/996 1720/1145/890 1784/1346/1005
f 1786/1342/998 1881/1213/1211 1879/1133/903
f 1868/1541/1204 1884/1559/1212 1883/1272/910 1721/1256/907
f 1806/1521/1205 1788/1209/1214 1884/1559/1212 1868/1541/1204
f 1723/1148/1206 1886/1119/1215 1885/1118/1001 1722/1149/1000
f 1788/1209/1214 1806/1521/1205 1789/1343/999
f 1723/1148/1206 1724/1276/932 1887/1237/897 1886/1119/1215
f 1782/1211/1004 1719/1539/1185 1890/1161/787 1889/1273/1002
f 1807/1121/934 1887/1237/897 1724/1276/932
f 1888/1122/929 1791/1242/891 1805/1275/930
f 1719/1539/1185 1783/1130/805 1891/1558/785 1890/1161/787
f 1785/310/904 1879/1133/903 1881/1213/1211 1892/1231/1006
f 1880/1112/996 1891/1558/785 1783/1130/805
f 1992/1567/1222 1942/1568/1223 1897/1351/1011 1957/1350/1010
f 1896/1347/1007 1937/1569/1224 1990/1348/1008
f 1995/1570/1051 1945/1377/1037 1944/1354/1014 1958/1353/1013
f 1993/1571/1225 1942/1568/1223 1992/1567/1222
f 1898/1352/1012 1993/1571/1225 1994/1572/1050
f 1898/1352/1012 1994/1572/1050 1958/1353/1013
f 1986/1573/1074 1899/1375/1035 1945/1377/1037 1995/1570/1051
f 1987/1356/1016 1900/1355/1015 1899/1375/1035 1986/1573/1074
f 1988/1357/1017 1989/1574/1077 1950/1575/1226 1901/1378/1038
f 1901/1378/1038 1900/1355/1015 1988/1357/1017
f 1989/1574/1077 1990/1576/1008 1937/1577/1224 1902/1578/1227
f 1902/1578/1227 1950/1575/1226 1989/1574/1077
f 1919/1360/1020 1920/1527/1228 1936/1263/1034 1895/1358/1018
f 1919/1360/1020 1918/1579/1229 1903/1580/1082 1920/1527/1228
f 1948/1359/1019 1949/1581/1230 1918/1579/1229 1919/1360/1020
f 1921/1361/1021 1917/1582/1231 1949/1581/1230 1948/1359/1019
f 1921/1361/1021 1922/1362/1022 1916/1583/1232 1917/1582/1231
f 1922/1362/1022 1923/1584/1233 1998/1418/1079 1916/1583/1232
f 1925/1365/1025 1914/1419/1080 1998/1418/1079 1924/1424/1086
f 1998/1418/1079 1923/1584/1233 1924/1424/1086
f 1924/1424/1086 2002/1363/1023 1925/1365/1025
f 2000/1364/1024 1997/1585/1234 1914/1419/1080 1925/1365/1025
f 1926/1586/1235 1913/1587/1236 1997/1585/1234 2000/1364/1024
f 1927/1368/1028 1912/1588/1237 1913/1587/1236 1926/1586/1235
f 1894/1366/1026 1927/1368/1028 1926/1586/1235
f 1928/1367/1027 1999/1382/1042 1912/1588/1237 1927/1368/1028
f 1930/1427/1089 1909/1380/1040 1999/1382/1042 1929/1423/1085
f 1999/1382/1042 1928/1367/1027 1929/1423/1085
f 1930/1427/1089 1931/1369/1029 1908/1589/1238 1909/1380/1040
f 1931/1369/1029 1932/1371/1031 1907/1590/1239 1908/1589/1238
f 1933/1370/1030 1906/1591/1240 1907/1590/1239 1932/1371/1031
f 1934/1592/1241 1905/1593/1242 1906/1591/1240 1933/1370/1030
f 1933/1370/1030 1935/1373/1033 1934/1592/1241
f 1934/1592/1241 1935/1373/1033 1996/1372/1032 1905/1593/1242
f 1936/1374/1034 1920/1154/1228 1903/1421/1082 1996/1372/1032
f 1938/1594/1243 1904/1422/1083 1903/1421/1082 1937/1569/1224
f 1939/1595/1244 1905/1593/1242 1904/1422/1083 1896/1347/1007
f 1937/1569/1224 1896/1347/1007 1938/1594/1243
f 1904/1422/1083 1938/1594/1243 1896/1347/1007
f 1940/1596/1245 1906/1591/1240 1905/1593/1242 1939/1595/1244
f 1896/1347/1007 1991/1349/1009 1939/1595/1244
f 1939/1595/1244 1991/1349/1009 1897/1351/1011 1940/1596/1245
f 1897/1351/1011 1907/1590/1239 1906/1591/1240 1940/1596/1245
f 1941/1597/1246 1908/1589/1238 1907/1590/1239 1897/1351/1011
f 1942/1568/1223 1909/1380/1040 1908/1589/1238 1941/1597/1246
f 1897/1351/1011 1942/1568/1223 1941/1597/1246
f 1943/1598/1247 1910/1381/1041 1909/1380/1040 1942/1568/1223
f 1943/1598/1247 1942/1568/1223 1993/1571/1225 1898/1352/1012
f 1898/1352/1012 1911/1115/1084 1910/1381/1041 1943/1598/1247
f 1944/1354/1014 1912/1588/1237 1911/1115/1084 1898/1352/1012
f 1945/1377/1037 1913/1587/1236 1912/1588/1237 1944/1354/1014
f 1945/1377/1037 2001/1376/1036 1997/1585/1234 1913/1587/1236
f 2001/1376/1036 1899/1375/1035 1914/1419/1080 1997/1585/1234
f 1899/1375/1035 1946/1599/1248 1915/1420/1081 1914/1419/1080
f 1947/1379/1039 1916/1583/1232 1915/1420/1081 1900/1355/1015
f 1900/1355/1015 1946/1599/1248 1899/1375/1035
f 1915/1420/1081 1946/1599/1248 1900/1355/1015
f 1901/1378/1038 1917/1582/1231 1916/1583/1232 1947/1379/1039
f 1950/1575/1226 1949/1581/1230 1917/1582/1231 1901/1378/1038
f 1902/1578/1227 1918/1579/1229 1949/1581/1230 1950/1575/1226
f 1937/1577/1224 1903/1580/1082 1918/1579/1229 1902/1578/1227
f 2004/1386/1047 1895/1358/1018 1961/1398/1058 1954/1387/1048
f 2007/1384/1044 1959/1404/1065 2006/1426/1088
f 1952/1393/1053 1894/1366/1026 2002/1363/1023
f 1953/1394/1054 2002/1363/1023 2003/1108/1046
f 1955/1407/1068 1895/1358/1018 1893/1246/1087
f 1956/1396/1056 1893/1425/1087 2005/1397/1057
f 1951/1383/1043 1959/1404/1065 2007/1384/1044
f 1960/1392/1052 1894/1366/1026 1952/1393/1053
f 1968/1402/1063 1960/1392/1052 1952/1393/1053 1969/1600/1249
f 1955/1407/1068 1961/1398/1058 1895/1358/1018
f 1956/1396/1056 1955/1323/1068 1893/1425/1087
f 1962/1395/1055 2005/1397/1057 2006/1426/1088
f 1962/1395/1055 2006/1426/1088 1959/1404/1065
f 1982/1601/1250 1981/1602/1251 1969/1600/1249
f 1988/1416/1017 1985/1411/1073 1989/1417/1077
f 1954/1387/1048 1961/1398/1058 1972/1400/1060
f 1954/1387/1048 1972/1400/1060 1971/1186/1061
f 1953/1394/1054 1970/1401/1062 1969/1600/1249
f 1952/1393/1053 1953/1394/1054 1969/1600/1249
f 1965/1405/1066 1959/1404/1065 1951/1383/1043 1966/1603/1252
f 1951/1383/1043 1967/1403/1064 1966/1603/1252
f 1974/1323/1070 1955/1323/1068 1956/1396/1056 1975/1409/1071
f 1962/1395/1055 1959/1404/1065 1964/1406/1067
f 1962/1395/1055 1964/1406/1067 1975/1409/1071
f 1956/1396/1056 1962/1395/1055 1975/1409/1071
f 1974/1536/1070 1977/1604/1069 1976/1228/1078 1973/1399/1059
f 1955/1407/1068 1974/1536/1070 1973/1399/1059
f 1976/1228/1078 1985/1411/1073 1973/1399/1059
f 1964/1406/1067 1965/1405/1066 1979/1605/1253 1963/1606/1254
f 1978/1410/1072 1977/1408/1069 1975/1409/1071
f 1963/1606/1254 1978/1410/1072 1964/1406/1067
f 1966/1603/1252 1980/1607/1255 1979/1605/1253 1965/1405/1066
f 1970/1401/1062 1983/1413/1075 1982/1601/1250 1969/1600/1249
f 1980/1607/1255 1966/1603/1252 1967/1403/1064
f 1981/1602/1251 1980/1607/1255 1967/1403/1064
f 1981/1602/1251 1967/1403/1064 1968/1402/1063
f 1969/1600/1249 1981/1602/1251 1968/1402/1063
f 1971/1186/1061 1984/1415/1076 1983/1413/1075 1970/1401/1062
f 1976/1228/1078 1977/1604/1069 1990/1608/1008 1989/1417/1077
f 1984/1415/1076 1971/1186/1061 1972/1400/1060
f 1985/1411/1073 1984/1415/1076 1972/1400/1060
f 1987/1414/1016 1983/1413/1075 1984/1415/1076
f 1988/1416/1017 1984/1415/1076 1985/1411/1073
f 1978/1410/1072 1991/1609/1009 1990/1610/1008 1977/1408/1069
f 1963/1606/1254 1957/1611/1010 1991/1609/1009 1978/1410/1072
f 1980/1607/1255 1993/1612/1225 1992/1613/1222 1979/1605/1253
f 1957/1611/1010 1963/1606/1254 1979/1605/1253
f 1992/1613/1222 1957/1611/1010 1979/1605/1253
f 1981/1602/1251 1994/1389/1050 1993/1612/1225 1980/1607/1255
f 1982/1601/1250 1983/1413/1075 1986/1412/1074 1995/1390/1051
f 1995/1390/1051 1994/1389/1050 1981/1602/1251
f 1995/1390/1051 1981/1602/1251 1982/1601/1250
f 2000/1364/1024 2002/1363/1023 1894/1366/1026 1926/1586/1235
f 1996/1372/1032 1904/1422/1083 1905/1593/1242
f 1998/1418/1079 1915/1420/1081 1916/1583/1232
f 1999/1382/1042 1911/1115/1084 1912/1588/1237
f 1894/1366/1026 2008/1385/1045 1928/1367/1027
f 1923/1584/1233 2004/1386/1047 2003/1108/1046 1924/1424/1086
f 1933/1370/1030 1931/1369/1029 2007/1384/1044 2006/1426/1088
f 2004/1386/1047 1923/1584/1233 1922/1362/1022
f 2004/1386/1047 1922/1362/1022 1895/1358/1018
f 1893/1425/1087 1936/1374/1034 1935/1373/1033
f 2112/1614/1124 2015/1615/1256 2014/1616/1257 2111/1617/1132
f 2007/1384/1044 1931/1369/1029 1930/1427/1089
f 2008/1385/1045 1930/1427/1089 1929/1423/1085
f 2014/1616/1257 2077/1618/1131 2111/1617/1132
f 2116/1570/1128 2019/1619/1258 2018/1431/1093 2074/1429/1091
f 2015/1615/1256 2112/1614/1124 2071/1445/1110
f 2016/1446/1111 2071/1445/1110 2072/1448/1113
f 2116/1570/1128 2107/1573/1259 2020/1620/1260 2019/1619/1258
f 2109/1433/1095 2070/1432/1094 2021/1453/1118 2075/1452/1117
f 2020/1620/1260 2107/1573/1259 2108/1545/1129
f 2020/1620/1260 2108/1545/1129 2075/1452/1117
f 2043/1435/1097 2023/1507/1164 2022/1621/1261 2044/1262/1098
f 2059/1263/1099 2013/1438/1103 2043/1435/1097
f 2045/1512/1169 2041/1508/1165 2023/1507/1164 2012/1439/1104
f 2023/1507/1164 2043/1435/1097 2012/1439/1104
f 2046/1622/1262 2040/1623/1263 2041/1508/1165 2045/1512/1169
f 2045/1512/1169 2121/1511/1168 2046/1622/1262
f 2046/1622/1262 2047/1437/1102 2024/1440/1105 2040/1623/1263
f 2049/1436/1100 2037/1457/1122 2024/1440/1105 2048/1120/1101
f 2050/1441/1106 2036/1624/1264 2037/1457/1122 2049/1436/1100
f 2051/1625/1265 2035/1626/1266 2036/1624/1264 2050/1441/1106
f 2127/1510/1167 2051/1625/1265 2050/1441/1106
f 2051/1625/1265 2127/1510/1167 2053/1517/1173 2052/1627/1267
f 2051/1625/1265 2052/1627/1267 2034/1628/1268 2035/1626/1266
f 2052/1627/1267 2053/1517/1173 2033/1629/1269 2034/1628/1268
f 2117/1516/1172 2025/1630/1270 2033/1629/1269 2053/1517/1173
f 2054/1631/1271 2032/1632/1272 2025/1630/1270 2117/1516/1172
f 2117/1516/1172 2011/1442/1107 2054/1631/1271
f 2054/1631/1271 2055/1444/1109 2031/1633/1273 2032/1632/1272
f 2011/1442/1107 2055/1444/1109 2054/1631/1271
f 2010/1443/1108 2030/1634/1274 2031/1633/1273 2055/1444/1109
f 2010/1443/1108 2056/1515/1171 2029/1635/1275 2030/1634/1274
f 2056/1515/1171 2057/1636/1276 2028/1637/1277 2029/1635/1275
f 2057/1636/1276 2058/1638/1278 2027/1639/1279 2028/1637/1277
f 2059/1513/1099 2026/1640/1280 2027/1639/1279 2058/1638/1278
f 2044/1641/1098 2022/1642/1261 2026/1640/1280 2059/1513/1099
f 2060/1643/1281 2061/1644/1282 2026/1640/1280 2022/1642/1261
f 2060/1643/1281 2077/1618/1131 2014/1616/1257 2061/1644/1282
f 2061/1644/1282 2014/1616/1257 2027/1639/1279 2026/1640/1280
f 2014/1616/1257 2015/1615/1256 2028/1637/1277 2027/1639/1279
f 2015/1615/1256 2062/1447/1112 2029/1635/1275 2028/1637/1277
f 2016/1446/1111 2030/1634/1274 2029/1635/1275 2062/1447/1112
f 2015/1615/1256 2071/1445/1110 2062/1447/1112
f 2016/1446/1111 2063/1450/1115 2031/1633/1273 2030/1634/1274
f 2064/1449/1114 2032/1632/1272 2031/1633/1273 2063/1450/1115
f 2072/1448/1113 2063/1450/1115 2016/1446/1111
f 2118/1645/1283 2025/1630/1270 2032/1632/1272 2064/1449/1114
f 2064/1449/1114 2072/1448/1113 2073/1428/1090 2118/1645/1283
f 2118/1645/1283 2065/1451/1116 2033/1629/1269 2025/1630/1270
f 2017/1430/1092 2034/1628/1268 2033/1629/1269 2065/1451/1116
f 2073/1428/1090 2065/1451/1116 2118/1645/1283
f 2018/1431/1093 2035/1626/1266 2034/1628/1268 2017/1430/1092
f 2019/1619/1258 2036/1624/1264 2035/1626/1266 2018/1431/1093
f 2020/1620/1260 2037/1457/1122 2036/1624/1264 2019/1619/1258
f 2020/1620/1260 2066/1646/1284 2038/1458/1123 2037/1457/1122
f 2067/1454/1119 2039/1647/1285 2038/1458/1123 2066/1646/1284
f 2067/1454/1119 2066/1646/1284 2020/1620/1260 2075/1452/1117
f 2021/1453/1118 2040/1623/1263 2039/1647/1285 2067/1454/1119
f 2021/1453/1118 2068/1648/1286 2041/1508/1165 2040/1623/1263
f 2068/1648/1286 2070/1432/1094 2042/1455/1120 2041/1508/1165
f 2070/1432/1094 2068/1648/1286 2021/1453/1118
f 2060/1649/1281 2022/1621/1261 2042/1455/1120 2069/1456/1121
f 2076/1434/1096 2069/1456/1121 2070/1432/1094
f 2060/1649/1281 2069/1456/1121 2076/1434/1096 2077/1576/1131
f 2119/1509/1166 2081/1650/1287 2080/1478/1136 2127/1510/1167
f 2024/1440/1105 2038/1458/1123 2039/1647/1285
f 2024/1440/1105 2039/1647/1285 2040/1623/1263
f 2073/1464/1090 2114/1463/1126 2115/1465/1127
f 2077/1651/1131 2076/1471/1096 2110/1472/1130
f 2078/1475/1133 2125/1514/1170 2011/1442/1107
f 2079/1476/1134 2011/1442/1107 2126/1477/1135
f 2080/1478/1136 2126/1477/1135 2127/1510/1167
f 2120/1652/1288 2121/1511/1168 2082/1653/1289 2081/1650/1287
f 2081/1650/1287 2119/1509/1166 2120/1652/1288
f 2121/1511/1168 2122/1480/1138 2083/1479/1137 2082/1653/1289
f 2125/1514/1170 2078/1475/1133 2085/1500/1157 2124/1654/1290
f 2084/1481/1139 2083/1479/1137 2013/1438/1103
f 2085/1500/1157 2084/1483/1139 2123/1485/1141
f 2085/1500/1157 2123/1485/1141 2124/1654/1290
f 2096/1492/1148 2082/1653/1289 2083/1479/1137 2099/1501/1158
f 2086/1504/1161 2088/1498/1155 2089/1486/1142
f 2091/1488/1144 2090/1487/1143 2092/1497/1154
f 2103/1489/1145 2091/1488/1144 2092/1497/1154
f 2096/1492/1148 2095/1505/1162 2081/1650/1287 2082/1653/1289
f 2093/1496/1153 2080/1478/1136 2081/1650/1287 2094/1490/1146
f 2081/1650/1287 2095/1505/1162 2094/1490/1146
f 2092/1497/1154 2090/1487/1143 2079/1476/1134 2080/1478/1136
f 2090/1487/1143 2088/1498/1155 2078/1475/1133 2079/1476/1134
f 2099/1501/1158 2083/1479/1137 2084/1481/1139 2097/1502/1159
f 2085/1500/1157 2078/1475/1133 2087/1499/1156
f 2085/1500/1157 2087/1499/1156 2098/1494/1151
f 2084/1483/1139 2098/1494/1151 2097/1323/1159
f 2098/1494/1151 2101/1086/1150 2100/1655/1160 2097/1323/1159
f 2099/1501/1158 2106/1506/1163 2105/1493/1149 2096/1492/1148
f 2086/1504/1161 2087/1499/1156 2088/1498/1155
f 2089/1486/1142 2088/1498/1155 2090/1487/1143
f 2106/1506/1163 2099/1501/1158 2100/1503/1160
f 2103/1489/1145 2093/1496/1153 2094/1490/1146
f 2104/1491/1147 2095/1505/1162 2096/1492/1148
f 2100/1655/1160 2101/1086/1150 2111/1474/1132 2110/1197/1130
f 2108/1469/1129 2107/1656/1259 2104/1491/1147
f 2050/1441/1106 2047/1437/1102 2120/1652/1288 2119/1509/1166
f 2112/1459/1124 2111/1474/1132 2102/1495/1152
f 2115/1465/1127 2114/1463/1126 2091/1488/1144
f 2116/1467/1128 2115/1465/1127 2103/1489/1145
f 2107/1656/1259 2116/1467/1128 2104/1491/1147
f 2023/1507/1164 2042/1455/1120 2022/1621/1261
f 2047/1437/1102 2046/1622/1262 2121/1511/1168 2120/1652/1288
f 2012/1439/1104 2013/1438/1103 2122/1480/1138 2045/1512/1169
f 2057/1636/1276 2124/1654/1290 2123/1485/1141 2058/1638/1278
f 2123/1485/1141 2059/1513/1099 2058/1638/1278
f 2056/1515/1171 2125/1514/1170 2124/1654/1290 2057/1636/1276
f 2011/1442/1107 2125/1514/1170 2010/1443/1108
f 2127/1510/1167 2126/1477/1135 2053/1517/1173
f 2128/1657/9 2129/1658/9 2149/365/9 2148/367/9
f 2129/1658/9 2130/1659/9 2150/368/9 2149/365/9
f 2130/1659/9 2131/1660/9 2151/369/9 2150/368/9
f 2131/1660/9 2132/1661/9 2152/370/9 2151/369/9
f 2132/1661/9 2133/1662/9 2153/371/9 2152/370/9
f 2133/1662/9 2134/1663/9 2154/372/9 2153/371/9
f 2134/1663/9 2135/1664/9 2155/373/9 2154/372/9
f 2135/1664/9 2136/1665/9 2156/582/9 2155/373/9
f 2136/1665/9 2137/1666/9 2157/375/9 2156/582/9
f 2137/1666/9 2138/1667/9 2158/374/9 2157/375/9
f 2138/1667/9 2139/1668/9 2159/376/9 2158/374/9
f 2139/1668/9 2140/1669/9 2160/377/9 2159/376/9
f 2140/1669/9 2141/1670/9 2161/378/9 2160/377/9
f 2141/1670/9 2142/1671/9 2162/379/9 2161/378/9
f 2142/1671/9 2143/1672/9 2163/380/9 2162/379/9
f 2143/1672/9 2144/1673/9 2164/381/9 2163/380/9
f 2144/1673/9 2145/1674/9 2165/382/9 2164/381/9
f 2145/1674/9 2146/1675/9 2166/383/9 2165/382/9
f 2146/1675/9 2147/1676/9 2167/384/9 2166/383/9
f 2147/1676/9 2128/1657/9 2148/367/9 2167/384/9
f 2148/441/1291 2149/654/1292 2227/1677/1292 2228/1678/1291
f 2149/654/1292 2150/1679/1293 2226/1680/1293 2227/1677/1292
f 2150/1679/1293 2151/1681/1294 2225/1682/1294 2226/1680/1293
f 2151/1681/1294 2152/1683/1295 2224/1684/1295 2225/1682/1294
f 2152/1683/1295 2153/459/1296 2223/1685/1296 2224/1684/1295
f 2153/459/1296 2154/1686/1297 2222/1687/1297 2223/1685/1296
f 2154/1686/1297 2155/1688/1298 2221/1689/1298 2222/1687/1297
f 2155/1688/1298 2156/1690/1299 2220/1691/1299 2221/1689/1298
f 2156/1690/1299 2157/1692/1300 2219/1693/1300 2220/1691/1299
f 2157/1692/1300 2158/956/1301 2218/1694/1301 2219/1693/1300
f 2158/956/1301 2159/845/1302 2217/1695/1302 2218/1694/1301
f 2159/845/1302 2160/953/1303 2216/1696/1303 2217/1695/1302
f 2160/953/1303 2161/1697/1304 2215/1698/1305 2216/1696/1303
f 2161/1697/1304 2162/1699/1306 2214/1700/1306 2215/1698/1305
f 2162/1699/1306 2163/947/1307 2213/1701/1307 2214/1700/1306
f 2163/947/1307 2164/1702/1308 2212/1703/1308 2213/1701/1307
f 2164/1702/1308 2165/1704/1309 2211/1705/1309 2212/1703/1308
f 2165/1704/1309 2166/1706/1310 2210/1707/1310 2211/1705/1309
f 2166/1706/1310 2167/1708/1311 2229/1709/1311 2210/1707/1310
f 2167/1708/1311 2148/1710/1291 2228/1711/1291 2229/1709/1311
f 2168/583/10 2169/385/10 2189/1712/10 2188/1713/10
f 2169/385/10 2170/387/10 2190/1714/10 2189/1712/10
f 2170/387/10 2171/388/10 2191/1715/10 2190/1714/10
f 2171/388/10 2172/389/10 2192/1716/10 2191/1715/10
f 2172/389/10 2173/390/10 2193/1717/10 2192/1716/10
f 2173/390/10 2174/391/10 2194/1718/10 2193/1717/10
f 2174/391/10 2175/392/10 2195/1719/10 2194/1718/10
f 2175/392/10 2176/393/10 2196/1720/10 2195/1719/10
f 2176/393/10 2177/394/10 2197/1721/10 2196/1720/10
f 2177/394/10 2178/395/10 2198/1722/10 2197/1721/10
f 2178/395/10 2179/396/10 2199/1723/10 2198/1722/10
f 2179/396/10 2180/397/10 2200/1724/10 2199/1723/10
f 2180/397/10 2181/398/10 2201/1725/10 2200/1724/10
f 2181/398/10 2182/399/10 2202/1726/10 2201/1725/10
f 2182/399/10 2183/400/10 2203/1727/10 2202/1726/10
f 2183/400/10 2184/401/10 2204/1728/10 2203/1727/10
f 2184/401/10 2185/402/10 2205/1729/10 2204/1728/10
f 2185/402/10 2186/403/10 2206/1730/10 2205/1729/10
f 2186/403/10 2187/404/10 2207/1731/10 2206/1730/10
f 2187/404/10 2168/583/10 2188/1713/10 2207/1731/10
f 2129/1658/9 2128/1657/9 2208/1732/9
f 2130/1659/9 2129/1658/9 2208/1732/9
f 2131/1660/9 2130/1659/9 2208/1732/9
f 2132/1661/9 2131/1660/9 2208/1732/9
f 2133/1662/9 2132/1661/9 2208/1732/9
f 2134/1663/9 2133/1662/9 2208/1732/9
f 2135/1664/9 2134/1663/9 2208/1732/9
f 2136/1665/9 2135/1664/9 2208/1732/9
f 2137/1666/9 2136/1665/9 2208/1732/9
f 2138/1667/9 2137/1666/9 2208/1732/9
f 2139/1668/9 2138/1667/9 2208/1732/9
f 2140/1669/9 2139/1668/9 2208/1732/9
f 2141/1670/9 2140/1669/9 2208/1732/9
f 2142/1671/9 2141/1670/9 2208/1732/9
f 2143/1672/9 2142/1671/9 2208/1732/9
f 2144/1673/9 2143/1672/9 2208/1732/9
f 2145/1674/9 2144/1673/9 2208/1732/9
f 2146/1675/9 2145/1674/9 2208/1732/9
f 2147/1676/9 2146/1675/9 2208/1732/9
f 2128/1657/9 2147/1676/9 2208/1732/9
f 2188/1713/10 2189/1712/10 2209/1733/10
f 2189/1712/10 2190/1714/10 2209/1733/10
f 2190/1714/10 2191/1715/10 2209/1733/10
f 2191/1715/10 2192/1716/10 2209/1733/10
f 2192/1716/10 2193/1717/10 2209/1733/10
f 2193/1717/10 2194/1718/10 2209/1733/10
f 2194/1718/10 2195/1719/10 2209/1733/10
f 2195/1719/10 2196/1720/10 2209/1733/10
f 2196/1720/10 2197/1721/10 2209/1733/10
f 2197/1721/10 2198/1722/10 2209/1733/10
f 2198/1722/10 2199/1723/10 2209/1733/10
f 2199/1723/10 2200/1724/10 2209/1733/10
f 2200/1724/10 2201/1725/10 2209/1733/10
f 2201/1725/10 2202/1726/10 2209/1733/10
f 2202/1726/10 2203/1727/10 2209/1733/10
f 2203/1727/10 2204/1728/10 2209/1733/10
f 2204/1728/10 2205/1729/10 2209/1733/10
f 2205/1729/10 2206/1730/10 2209/1733/10
f 2206/1730/10 2207/1731/10 2209/1733/10
f 2207/1731/10 2188/1713/10 2209/1733/10
f 2211/1705/1309 2210/1707/1310 2271/1734/1310 2272/1735/1309
f 2212/1703/1308 2211/1705/1309 2272/1735/1309 2273/1736/1308
f 2213/1701/1307 2212/1703/1308 2273/1736/1308 2274/1737/1307
f 2214/1700/1306 2213/1701/1307 2274/1737/1307 2275/1738/1306
f 2215/1698/1305 2214/1700/1306 2275/1738/1306 2276/1739/1305
f 2216/1696/1303 2215/1698/1305 2276/1739/1305 2277/1740/1303
f 2217/1695/1302 2216/1696/1303 2277/1740/1303 2278/1741/1302
f 2218/1694/1301 2217/1695/1302 2278/1741/1302 2279/1742/1301
f 2219/1693/1300 2218/1694/1301 2279/1742/1301 2280/1743/1300
f 2220/1691/1299 2219/1693/1300 2280/1743/1300 2281/1744/1299
f 2221/1689/1298 2220/1691/1299 2281/1744/1299 2282/1745/1298
f 2222/1687/1297 2221/1689/1298 2282/1745/1298 2283/1746/1297
f 2223/1685/1296 2222/1687/1297 2283/1746/1297 2284/1747/1296
f 2224/1684/1295 2223/1685/1296 2284/1747/1296 2285/1748/1295
f 2225/1682/1294 2224/1684/1295 2285/1748/1295 2286/1749/1294
f 2226/1680/1293 2225/1682/1294 2286/1749/1294 2287/1750/1293
f 2227/1677/1292 2226/1680/1293 2287/1750/1293 2288/1751/1292
f 2228/1678/1291 2227/1677/1292 2288/1751/1292 2289/1752/1291
f 2229/1709/1311 2228/1711/1291 2289/1753/1291 2270/1754/1311
f 2210/1707/1310 2229/1709/1311 2270/1754/1311 2271/1734/1310
f 2231/1755/1309 2230/1756/1310 2186/1040/1310 2185/1757/1309
f 2232/1758/1308 2231/1755/1309 2185/1757/1309 2184/1759/1308
f 2233/1760/1307 2232/1758/1308 2184/1759/1308 2183/1761/1307
f 2234/1762/1306 2233/1760/1307 2183/1761/1307 2182/671/1306
f 2235/1763/1305 2234/1762/1306 2182/671/1306 2181/1764/1305
f 2236/1765/1303 2235/1763/1305 2181/1764/1305 2180/1766/1303
f 2237/1767/1302 2236/1765/1303 2180/1766/1303 2179/677/1302
f 2238/1768/1301 2237/1767/1302 2179/677/1302 2178/679/1301
f 2239/1769/1300 2238/1768/1301 2178/679/1301 2177/922/1300
f 2240/1770/1299 2239/1769/1300 2177/922/1300 2176/887/1299
f 2241/1771/1298 2240/1770/1299 2176/887/1299 2175/685/1298
f 2242/1772/1297 2241/1771/1298 2175/685/1298 2174/1773/1297
f 2243/1774/1296 2242/1772/1297 2174/1773/1297 2173/1031/1296
f 2244/1775/1295 2243/1774/1296 2173/1031/1296 2172/1776/1295
f 2245/1777/1294 2244/1775/1295 2172/1776/1295 2171/651/1294
f 2246/1778/1293 2245/1777/1294 2171/651/1294 2170/653/1293
f 2247/1779/1292 2246/1778/1293 2170/653/1293 2169/1780/1292
f 2248/1781/1291 2247/1779/1292 2169/1780/1292 2168/1005/1291
f 2249/1782/1311 2248/1783/1291 2168/1007/1291 2187/1784/1311
f 2230/1756/1310 2249/1782/1311 2187/1784/1311 2186/1040/1310
f 2251/1785/1309 2250/1786/1310 2230/1756/1310 2231/1755/1309
f 2252/1787/1308 2251/1785/1309 2231/1755/1309 2232/1758/1308
f 2253/1788/1307 2252/1787/1308 2232/1758/1308 2233/1760/1307
f 2254/1789/1306 2253/1788/1307 2233/1760/1307 2234/1762/1306
f 2255/1790/1305 2254/1789/1306 2234/1762/1306 2235/1763/1305
f 2256/1791/1303 2255/1790/1305 2235/1763/1305 2236/1765/1303
f 2257/1792/1302 2256/1791/1303 2236/1765/1303 2237/1767/1302
f 2258/1793/1301 2257/1792/1302 2237/1767/1302 2238/1768/1301
f 2259/1794/1300 2258/1793/1301 2238/1768/1301 2239/1769/1300
f 2260/1795/1299 2259/1794/1300 2239/1769/1300 2240/1770/1299
f 2261/1796/1298 2260/1795/1299 2240/1770/1299 2241/1771/1298
f 2262/1797/1297 2261/1796/1298 2241/1771/1298 2242/1772/1297
f 2263/1798/1296 2262/1797/1297 2242/1772/1297 2243/1774/1296
f 2264/1799/1295 2263/1798/1296 2243/1774/1296 2244/1775/1295
f 2265/1800/1294 2264/1799/1295 2244/1775/1295 2245/1777/1294
f 2266/1801/1293 2265/1800/1294 2245/1777/1294 2246/1778/1293
f 2267/1802/1292 2266/1801/1293 2246/1778/1293 2247/1779/1292
f 2268/1803/1291 2267/1802/1292 2247/1779/1292 2248/1781/1291
f 2269/1804/1311 2268/1805/1291 2248/1783/1291 2249/1782/1311
f 2250/1786/1310 2269/1804/1311 2249/1782/1311 2230/1756/1310
f 2271/1734/1310 2270/1754/1311 2269/1804/1311 2250/1786/1310
f 2272/1735/1309 2271/1734/1310 2250/1786/1310 2251/1785/1309
f 2273/1736/1308 2272/1735/1309 2251/1785/1309 2252/1787/1308
f 2274/1737/1307 2273/1736/1308 2252/1787/1308 2253/1788/1307
f 2275/1738/1306 2274/1737/1307 2253/1788/1307 2254/1789/1306
f 2276/1739/1305 2275/1738/1306 2254/1789/1306 2255/1790/1305
f 2277/1740/1303 2276/1739/1305 2255/1790/1305 2256/1791/1303
f 2278/1741/1302 2277/1740/1303 2256/1791/1303 2257/1792/1302
f 2279/1742/1301 2278/1741/1302 2257/1792/1302 2258/1793/1301
f 2280/1743/1300 2279/1742/1301 2258/1793/1301 2259/1794/1300
f 2281/1744/1299 2280/1743/1300 2259/1794/1300 2260/1795/1299
f 2282/1745/1298 2281/1744/1299 2260/1795/1299 2261/1796/1298
f 2283/1746/1297 2282/1745/1298 2261/1796/1298 2262/1797/1297
f 2284/1747/1296 2283/1746/1297 2262/1797/1297 2263/1798/1296
f 2285/1748/1295 2284/1747/1296 2263/1798/1296 2264/1799/1295
f 2286/1749/1294 2285/1748/1295 2264/1799/1295 2265/1800/1294
f 2287/1750/1293 2286/1749/1294 2265/1800/1294 2266/1801/1293
f 2288/1751/1292 2287/1750/1293 2266/1801/1293 2267/1802/1292
f 2289/1752/1291 2288/1751/1292 2267/1802/1292 2268/1803/1291
f 2270/1754/1311 2289/1753/1291 2268/1805/1291 2269/1804/1311
f 2291/1806/1301 2290/1085/1300 2310/1484/1300 2311/1807/1301
f 2292/1808/1302 2291/1806/1301 2311/1807/1301 2312/1397/1302
f 2293/1809/1303 2292/1808/1302 2312/1397/1302 2313/1810/1303
f 2294/1811/1305 2293/1809/1303 2313/1810/1303 2314/1812/1305
f 2295/1813/1306 2294/1811/1305 2314/1812/1305 2315/1100/1306
f 2296/1814/1307 2295/1813/1306 2315/1100/1306 2316/1815/1307
f 2297/1280/1308 2296/1814/1307 2316/1815/1307 2317/1816/1308
f 2298/1817/1309 2297/1280/1308 2317/1816/1308 2318/1818/1309
f 2299/1819/1310 2298/1817/1309 2318/1818/1309 2319/1820/1310
f 2300/1821/1311 2299/1819/1310 2319/1820/1310 2320/1822/1311
f 2301/1285/1291 2300/1821/1311 2320/1822/1311 2321/1336/1291
f 2302/1823/1292 2301/1285/1291 2321/1336/1291 2322/1509/1292
f 2303/1824/1293 2302/1823/1292 2322/1509/1292 2323/1825/1293
f 2304/1826/1294 2303/1824/1293 2323/1825/1293 2324/1108/1294
f 2305/1224/1295 2304/1826/1294 2324/1108/1294 2325/1827/1295
f 2306/1828/1296 2305/1224/1295 2325/1827/1295 2326/1829/1296
f 2307/1830/1297 2306/1828/1296 2326/1829/1296 2327/1480/1297
f 2308/1227/1298 2307/1830/1297 2327/1480/1297 2328/1831/1298
f 2309/1832/1299 2308/1227/1298 2328/1831/1298 2329/1833/1299
f 2290/1834/1300 2309/1832/1299 2329/1833/1299 2310/1482/1300
f 2311/1807/10 2310/1484/10 2492/1835/10 2493/1836/10
f 2312/1397/10 2311/1807/10 2493/1836/10 2494/1837/10
f 2313/1810/10 2312/1397/10 2494/1837/10 2495/1838/10
f 2314/1812/10 2313/1810/10 2495/1838/10 2496/1839/10
f 2315/1100/10 2314/1812/10 2496/1839/10 2497/1840/10
f 2316/1815/10 2315/1100/10 2497/1840/10 2498/1841/10
f 2317/1816/10 2316/1815/10 2498/1841/10 2499/1842/10
f 2318/1818/10 2317/1816/10 2499/1842/10 2500/1843/10
f 2319/1820/10 2318/1818/10 2500/1843/10 2501/1844/10
f 2320/1822/10 2319/1820/10 2501/1844/10 2502/1845/10
f 2321/1336/10 2320/1822/10 2502/1845/10 2503/1846/10
f 2322/1509/10 2321/1336/10 2503/1846/10 2504/1847/10
f 2323/1825/10 2322/1509/10 2504/1847/10 2505/1848/10
f 2324/1108/10 2323/1825/10 2505/1848/10 2506/1849/10
f 2325/1827/10 2324/1108/10 2506/1849/10 2507/1850/10
f 2326/1829/10 2325/1827/10 2507/1850/10 2508/1851/10
f 2327/1480/10 2326/1829/10 2508/1851/10 2509/1852/10
f 2328/1831/10 2327/1480/10 2509/1852/10 2490/1853/10
f 2329/1833/10 2328/1831/10 2490/1853/10 2491/1854/10
f 2310/1482/10 2329/1833/10 2491/1854/10 2492/1855/10
f 2331/1156/1291 2330/1264/1311 2432/1856/1311 2433/1857/1291
f 2332/1257/1292 2331/1156/1291 2433/1857/1291 2434/1858/1292
f 2333/1258/1293 2332/1257/1292 2434/1858/1292 2435/1859/1293
f 2334/1142/1294 2333/1258/1293 2435/1859/1293 2436/1860/1294
f 2335/1253/1295 2334/1142/1294 2436/1860/1294 2437/1861/1295
f 2336/1252/1296 2335/1253/1295 2437/1861/1295 2438/1862/1296
f 2337/1141/1312 2336/1252/1296 2438/1862/1296 2439/1863/1313
f 2338/1103/1314 2337/1141/1312 2439/1863/1313 2440/1864/1315
f 2339/1140/1316 2338/1103/1314 2440/1864/1315 2441/1865/1299
f 2340/1105/1300 2339/1140/1316 2441/1865/1299 2442/1866/1300
f 2341/1139/1301 2340/1105/1300 2442/1866/1300 2443/1867/1301
f 2342/1137/1317 2341/1139/1301 2443/1867/1301 2444/1868/1317
f 2343/1138/1318 2342/1137/1317 2444/1868/1317 2445/1869/1319
f 2344/1107/1305 2343/1138/1318 2445/1869/1319 2446/1870/1305
f 2345/1217/1306 2344/1107/1305 2446/1870/1305 2447/1871/1306
f 2346/1872/1307 2345/1217/1306 2447/1871/1306 2448/1873/1307
f 2347/1110/1308 2346/1872/1307 2448/1873/1307 2449/1874/1308
f 2348/1151/1309 2347/1110/1308 2449/1874/1308 2430/1875/1309
f 2349/1876/1310 2348/1151/1309 2430/1875/1309 2431/1877/1310
f 2330/1263/1311 2349/1876/1310 2431/1877/1310 2432/1878/1311
f 2351/1539/9 2350/1211/9 2372/1879/9 2373/1880/9
f 2352/1130/9 2351/1539/9 2373/1880/9 2374/1881/9
f 2353/1145/9 2352/1130/9 2374/1881/9 2375/1882/9
f 2354/1144/9 2353/1145/9 2375/1882/9 2376/1883/9
f 2355/310/9 2354/1144/9 2376/1883/9 2377/1884/9
f 2356/1133/9 2355/310/9 2377/1884/9 2378/1885/9
f 2357/1886/9 2356/1133/9 2378/1885/9 2379/1887/9
f 2358/1146/9 2357/1886/9 2379/1887/9 2380/1888/9
f 2359/1256/9 2358/1146/9 2380/1888/9 2381/1889/9
f 2360/1136/9 2359/1256/9 2381/1889/9 2382/1890/9
f 2361/1521/9 2360/1136/9 2382/1890/9 2383/1891/9
f 2362/1528/9 2361/1521/9 2383/1891/9 2384/1892/9
f 2363/1149/9 2362/1528/9 2384/1892/9 2385/1893/9
f 2364/1148/9 2363/1149/9 2385/1893/9 2386/1894/9
f 2365/1276/9 2364/1148/9 2386/1894/9 2387/1895/9
f 2366/1277/9 2365/1276/9 2387/1895/9 2388/1896/9
f 2367/1242/9 2366/1277/9 2388/1896/9 2389/1897/9
f 2368/1524/9 2367/1242/9 2389/1897/9 2370/1898/9
f 2369/1526/9 2368/1524/9 2370/1898/9 2371/1899/9
f 2350/1345/9 2369/1526/9 2371/1899/9 2372/1900/9
f 2371/1899/9 2370/1898/9 2410/1901/9 2411/1902/9
f 2372/1900/9 2371/1899/9 2411/1902/9 2412/1903/9
f 2373/1880/9 2372/1879/9 2412/1904/9 2413/1905/9
f 2374/1881/9 2373/1880/9 2413/1905/9 2414/1906/9
f 2375/1882/9 2374/1881/9 2414/1906/9 2415/1907/9
f 2376/1883/9 2375/1882/9 2415/1907/9 2416/1908/9
f 2377/1884/9 2376/1883/9 2416/1908/9 2417/1909/9
f 2378/1885/9 2377/1884/9 2417/1909/9 2418/1910/9
f 2379/1887/9 2378/1885/9 2418/1910/9 2419/1911/9
f 2380/1888/9 2379/1887/9 2419/1911/9 2420/1912/9
f 2381/1889/9 2380/1888/9 2420/1912/9 2421/1913/9
f 2382/1890/9 2381/1889/9 2421/1913/9 2422/1914/9
f 2383/1891/9 2382/1890/9 2422/1914/9 2423/1915/9
f 2384/1892/9 2383/1891/9 2423/1915/9 2424/1916/9
f 2385/1893/9 2384/1892/9 2424/1916/9 2425/1917/9
f 2386/1894/9 2385/1893/9 2425/1917/9 2426/1918/9
f 2387/1895/9 2386/1894/9 2426/1918/9 2427/1919/9
f 2388/1896/9 2387/1895/9 2427/1919/9 2428/1920/9
f 2389/1897/9 2388/1896/9 2428/1920/9 2429/1921/9
f 2370/1898/9 2389/1897/9 2429/1921/9 2410/1901/9
f 2391/1922/9 2390/1923/9 2308/1241/9 2309/1924/9
f 2392/1925/9 2391/1922/9 2309/1924/9 2290/1576/9
f 2393/1926/9 2392/1927/9 2290/1128/9 2291/1928/9
f 2394/1929/9 2393/1926/9 2291/1928/9 2292/1617/9
f 2395/1930/9 2394/1929/9 2292/1617/9 2293/1614/9
f 2396/1931/9 2395/1930/9 2293/1614/9 2294/1932/9
f 2397/1933/9 2396/1931/9 2294/1932/9 2295/193/9
f 2398/1934/9 2397/1933/9 2295/193/9 2296/1567/9
f 2399/1935/9 2398/1934/9 2296/1567/9 2297/1936/9
f 2400/1937/9 2399/1935/9 2297/1936/9 2298/1938/9
f 2401/1939/9 2400/1937/9 2298/1938/9 2299/1572/9
f 2402/1940/9 2401/1939/9 2299/1572/9 2300/1941/9
f 2403/1942/9 2402/1940/9 2300/1941/9 2301/1943/9
f 2404/1944/9 2403/1942/9 2301/1943/9 2302/1570/9
f 2405/1945/9 2404/1944/9 2302/1570/9 2303/1573/9
f 2406/1946/9 2405/1945/9 2303/1573/9 2304/1545/9
f 2407/1947/9 2406/1946/9 2304/1545/9 2305/1546/9
f 2408/1948/9 2407/1947/9 2305/1546/9 2306/1949/9
f 2409/1950/9 2408/1948/9 2306/1949/9 2307/1433/9
f 2390/1923/9 2409/1950/9 2307/1433/9 2308/1241/9
f 2411/1902/9 2410/1901/9 2390/1923/9 2391/1922/9
f 2412/1903/9 2411/1902/9 2391/1922/9 2392/1925/9
f 2413/1905/9 2412/1904/9 2392/1927/9 2393/1926/9
f 2414/1906/9 2413/1905/9 2393/1926/9 2394/1929/9
f 2415/1907/9 2414/1906/9 2394/1929/9 2395/1930/9
f 2416/1908/9 2415/1907/9 2395/1930/9 2396/1931/9
f 2417/1909/9 2416/1908/9 2396/1931/9 2397/1933/9
f 2418/1910/9 2417/1909/9 2397/1933/9 2398/1934/9
f 2419/1911/9 2418/1910/9 2398/1934/9 2399/1935/9
f 2420/1912/9 2419/1911/9 2399/1935/9 2400/1937/9
f 2421/1913/9 2420/1912/9 2400/1937/9 2401/1939/9
f 2422/1914/9 2421/1913/9 2401/1939/9 2402/1940/9
f 2423/1915/9 2422/1914/9 2402/1940/9 2403/1942/9
f 2424/1916/9 2423/1915/9 2403/1942/9 2404/1944/9
f 2425/1917/9 2424/1916/9 2404/1944/9 2405/1945/9
f 2426/1918/9 2425/1917/9 2405/1945/9 2406/1946/9
f 2427/1919/9 2426/1918/9 2406/1946/9 2407/1947/9
f 2428/1920/9 2427/1919/9 2407/1947/9 2408/1948/9
f 2429/1921/9 2428/1920/9 2408/1948/9 2409/1950/9
f 2410/1901/9 2429/1921/9 2409/1950/9 2390/1923/9
f 2431/1877/1310 2430/1875/1309 2450/1951/1309 2451/1952/1310
f 2432/1878/1311 2431/1877/1310 2451/1952/1310 2452/1953/1311
f 2433/1857/1291 2432/1856/1311 2452/1954/1311 2453/1955/1291
f 2434/1858/1292 2433/1857/1291 2453/1955/1291 2454/1956/1292
f 2435/1859/1293 2434/1858/1292 2454/1956/1292 2455/1957/1293
f 2436/1860/1294 2435/1859/1293 2455/1957/1293 2456/1958/1294
f 2437/1861/1295 2436/1860/1294 2456/1958/1294 2457/1959/1295
f 2438/1862/1296 2437/1861/1295 2457/1959/1295 2458/1960/1296
f 2439/1863/1313 2438/1862/1296 2458/1960/1296 2459/1961/1320
f 2440/1864/1315 2439/1863/1313 2459/1961/1320 2460/1962/1298
f 2441/1865/1299 2440/1864/1315 2460/1962/1298 2461/1963/1299
f 2442/1866/1300 2441/1865/1299 2461/1963/1299 2462/1964/1300
f 2443/1867/1301 2442/1866/1300 2462/1964/1300 2463/1965/1301
f 2444/1868/1317 2443/1867/1301 2463/1965/1301 2464/1966/1302
f 2445/1869/1319 2444/1868/1317 2464/1966/1302 2465/1967/1303
f 2446/1870/1305 2445/1869/1319 2465/1967/1303 2466/1968/1305
f 2447/1871/1306 2446/1870/1305 2466/1968/1305 2467/1969/1306
f 2448/1873/1307 2447/1871/1306 2467/1969/1306 2468/1970/1307
f 2449/1874/1308 2448/1873/1307 2468/1970/1307 2469/1971/1308
f 2430/1875/1309 2449/1874/1308 2469/1971/1308 2450/1951/1309
f 2451/1952/1310 2450/1951/1309 2368/1524/1309 2369/1526/1310
f 2452/1953/1311 2451/1952/1310 2369/1526/1310 2350/1345/1311
f 2453/1955/1291 2452/1954/1311 2350/1211/1311 2351/1539/1291
f 2454/1956/1292 2453/1955/1291 2351/1539/1291 2352/1130/1292
f 2455/1957/1293 2454/1956/1292 2352/1130/1292 2353/1145/1293
f 2456/1958/1294 2455/1957/1293 2353/1145/1293 2354/1144/1294
f 2457/1959/1295 2456/1958/1294 2354/1144/1294 2355/310/1295
f 2458/1960/1296 2457/1959/1295 2355/310/1295 2356/1133/1296
f 2459/1961/1320 2458/1960/1296 2356/1133/1296 2357/1886/1320
f 2460/1962/1298 2459/1961/1320 2357/1886/1320 2358/1146/1298
f 2461/1963/1299 2460/1962/1298 2358/1146/1298 2359/1256/1299
f 2462/1964/1300 2461/1963/1299 2359/1256/1299 2360/1136/1300
f 2463/1965/1301 2462/1964/1300 2360/1136/1300 2361/1521/1301
f 2464/1966/1302 2463/1965/1301 2361/1521/1301 2362/1528/1302
f 2465/1967/1303 2464/1966/1302 2362/1528/1302 2363/1149/1303
f 2466/1968/1305 2465/1967/1303 2363/1149/1303 2364/1148/1305
f 2467/1969/1306 2466/1968/1305 2364/1148/1305 2365/1276/1306
f 2468/1970/1307 2467/1969/1306 2365/1276/1306 2366/1277/1307
f 2469/1971/1308 2468/1970/1307 2366/1277/1307 2367/1242/1308
f 2450/1951/1309 2469/1971/1308 2367/1242/1308 2368/1524/1309
f 2471/1972/10 2470/1973/10 2348/1151/10 2349/1876/10
f 2472/1974/10 2471/1972/10 2349/1876/10 2330/1263/10
f 2473/1975/10 2472/1976/10 2330/1264/10 2331/1156/10
f 2474/1977/10 2473/1975/10 2331/1156/10 2332/1257/10
f 2475/1978/10 2474/1977/10 2332/1257/10 2333/1258/10
f 2476/1979/10 2475/1978/10 2333/1258/10 2334/1142/10
f 2477/1980/10 2476/1979/10 2334/1142/10 2335/1253/10
f 2478/1981/10 2477/1980/10 2335/1253/10 2336/1252/10
f 2479/1982/10 2478/1981/10 2336/1252/10 2337/1141/10
f 2480/1983/10 2479/1982/10 2337/1141/10 2338/1103/10
f 2481/1984/10 2480/1983/10 2338/1103/10 2339/1140/10
f 2482/1985/10 2481/1984/10 2339/1140/10 2340/1105/10
f 2483/1986/10 2482/1985/10 2340/1105/10 2341/1139/10
f 2484/1987/10 2483/1986/10 2341/1139/10 2342/1137/10
f 2485/1988/10 2484/1987/10 2342/1137/10 2343/1138/10
f 2486/1989/10 2485/1988/10 2343/1138/10 2344/1107/10
f 2487/1990/10 2486/1989/10 2344/1107/10 2345/1217/10
f 2488/1991/10 2487/1990/10 2345/1217/10 2346/1872/10
f 2489/1992/10 2488/1991/10 2346/1872/10 2347/1110/10
f 2470/1973/10 2489/1992/10 2347/1110/10 2348/1151/10
f 2491/1854/10 2490/1853/10 2510/1993/10 2511/1994/10
f 2492/1855/10 2491/1854/10 2511/1994/10 2512/1995/10
f 2493/1836/10 2492/1835/10 2512/1996/10 2513/1997/10
f 2494/1837/10 2493/1836/10 2513/1997/10 2514/1998/10
f 2495/1838/10 2494/1837/10 2514/1998/10 2515/1999/10
f 2496/1839/10 2495/1838/10 2515/1999/10 2516/2000/10
f 2497/1840/10 2496/1839/10 2516/2000/10 2517/2001/10
f 2498/1841/10 2497/1840/10 2517/2001/10 2518/2002/10
f 2499/1842/10 2498/1841/10 2518/2002/10 2519/2003/10
f 2500/1843/10 2499/1842/10 2519/2003/10 2520/2004/10
f 2501/1844/10 2500/1843/10 2520/2004/10 2521/2005/10
f 2502/1845/10 2501/1844/10 2521/2005/10 2522/2006/10
f 2503/1846/10 2502/1845/10 2522/2006/10 2523/2007/10
f 2504/1847/10 2503/1846/10 2523/2007/10 2524/2008/10
f 2505/1848/10 2504/1847/10 2524/2008/10 2525/2009/10
f 2506/1849/10 2505/1848/10 2525/2009/10 2526/2010/10
f 2507/1850/10 2506/1849/10 2526/2010/10 2527/2011/10
f 2508/1851/10 2507/1850/10 2527/2011/10 2528/2012/10
f 2509/1852/10 2508/1851/10 2528/2012/10 2529/2013/10
f 2490/1853/10 2509/1852/10 2529/2013/10 2510/1993/10
f 2511/1994/10 2510/1993/10 2470/1973/10 2471/1972/10
f 2512/1995/10 2511/1994/10 2471/1972/10 2472/1974/10
f 2513/1997/10 2512/1996/10 2472/1976/10 2473/1975/10
f 2514/1998/10 2513/1997/10 2473/1975/10 2474/1977/10
f 2515/1999/10 2514/1998/10 2474/1977/10 2475/1978/10
f 2516/2000/10 2515/1999/10 2475/1978/10 2476/1979/10
f 2517/2001/10 2516/2000/10 2476/1979/10 2477/1980/10
f 2518/2002/10 2517/2001/10 2477/1980/10 2478/1981/10
f 2519/2003/10 2518/2002/10 2478/1981/10 2479/1982/10
f 2520/2004/10 2519/2003/10 2479/1982/10 2480/1983/10
f 2521/2005/10 2520/2004/10 2480/1983/10 2481/1984/10
f 2522/2006/10 2521/2005/10 2481/1984/10 2482/1985/10
f 2523/2007/10 2522/2006/10 2482/1985/10 2483/1986/10
f 2524/2008/10 2523/2007/10 2483/1986/10 2484/1987/10
f 2525/2009/10 2524/2008/10 2484/1987/10 2485/1988/10
f 2526/2010/10 2525/2009/10 2485/1988/10 2486/1989/10
f 2527/2011/10 2526/2010/10 2486/1989/10 2487/1990/10
f 2528/2012/10 2527/2011/10 2487/1990/10 2488/1991/10
f 2529/2013/10 2528/2012/10 2488/1991/10 2489/1992/10
f 2510/1993/10 2529/2013/10 2489/1992/10 2470/1973/10
f 2531/1806/1301 2530/1085/1300 2550/1484/1300 2551/1807/1301
f 2532/1808/1302 2531/1806/1301 2551/1807/1301 2552/1397/1302
f 2533/1809/1303 2532/1808/1302 2552/1397/1302 2553/1810/1303
f 2534/1811/1305 2533/1809/1303 2553/1810/1303 2554/1812/1305
f 2535/1813/1306 2534/1811/1305 2554/1812/1305 2555/1100/1306
f 2536/1814/1307 2535/1813/1306 2555/1100/1306 2556/1815/1307
f 2537/1280/1308 2536/1814/1307 2556/1815/1307 2557/1816/1308
f 2538/1817/1309 2537/1280/1308 2557/1816/1308 2558/1818/1309
f 2539/1819/1310 2538/1817/1309 2558/1818/1309 2559/1820/1310
f 2540/1821/1311 2539/1819/1310 2559/1820/1310 2560/1822/1311
f 2541/1285/1291 2540/1821/1311 2560/1822/1311 2561/1336/1291
f 2542/1823/1292 2541/1285/1291 2561/1336/1291 2562/1509/1292
f 2543/1824/1293 2542/1823/1292 2562/1509/1292 2563/1825/1293
f 2544/1826/1294 2543/1824/1293 2563/1825/1293 2564/1108/1294
f 2545/1224/1295 2544/1826/1294 2564/1108/1294 2565/1827/1295
f 2546/1828/1296 2545/1224/1295 2565/1827/1295 2566/1829/1296
f 2547/1830/1297 2546/1828/1296 2566/1829/1296 2567/1480/1297
f 2548/1227/1298 2547/1830/1297 2567/1480/1297 2568/1831/1298
f 2549/1832/1299 2548/1227/1298 2568/1831/1298 2569/1833/1299
f 2530/1834/1300 2549/1832/1299 2569/1833/1299 2550/1482/1300
f 2551/1807/10 2550/1484/10 2732/1835/10 2733/1836/10
f 2552/1397/10 2551/1807/10 2733/1836/10 2734/1837/10
f 2553/1810/10 2552/1397/10 2734/1837/10 2735/1838/10
f 2554/1812/10 2553/1810/10 2735/1838/10 2736/1839/10
f 2555/1100/10 2554/1812/10 2736/1839/10 2737/1840/10
f 2556/1815/10 2555/1100/10 2737/1840/10 2738/1841/10
f 2557/1816/10 2556/1815/10 2738/1841/10 2739/1842/10
f 2558/1818/10 2557/1816/10 2739/1842/10 2740/1843/10
f 2559/1820/10 2558/1818/10 2740/1843/10 2741/1844/10
f 2560/1822/10 2559/1820/10 2741/1844/10 2742/1845/10
f 2561/1336/10 2560/1822/10 2742/1845/10 2743/1846/10
f 2562/1509/10 2561/1336/10 2743/1846/10 2744/1847/10
f 2563/1825/10 2562/1509/10 2744/1847/10 2745/1848/10
f 2564/1108/10 2563/1825/10 2745/1848/10 2746/1849/10
f 2565/1827/10 2564/1108/10 2746/1849/10 2747/1850/10
f 2566/1829/10 2565/1827/10 2747/1850/10 2748/1851/10
f 2567/1480/10 2566/1829/10 2748/1851/10 2749/1852/10
f 2568/1831/10 2567/1480/10 2749/1852/10 2730/1853/10
f 2569/1833/10 2568/1831/10 2730/1853/10 2731/1854/10
f 2550/1482/10 2569/1833/10 2731/1854/10 2732/1855/10
f 2571/1156/1291 2570/1264/1311 2672/1856/1311 2673/1857/1291
f 2572/1257/1292 2571/1156/1291 2673/1857/1291 2674/1858/1292
f 2573/1258/1293 2572/1257/1292 2674/1858/1292 2675/1859/1293
f 2574/1142/1321 2573/1258/1293 2675/1859/1293 2676/1860/1321
f 2575/1253/1295 2574/1142/1321 2676/1860/1321 2677/1861/1295
f 2576/1252/1296 2575/1253/1295 2677/1861/1295 2678/1862/1296
f 2577/1141/1297 2576/1252/1296 2678/1862/1296 2679/1863/1297
f 2578/1103/1298 2577/1141/1297 2679/1863/1297 2680/1864/1298
f 2579/1140/1299 2578/1103/1298 2680/1864/1298 2681/1865/1299
f 2580/1105/1322 2579/1140/1299 2681/1865/1299 2682/1866/1300
f 2581/1139/1323 2580/1105/1322 2682/1866/1300 2683/1867/1301
f 2582/1137/1317 2581/1139/1323 2683/1867/1301 2684/1868/1317
f 2583/1138/1318 2582/1137/1317 2684/1868/1317 2685/1869/1319
f 2584/1107/1304 2583/1138/1318 2685/1869/1319 2686/1870/1305
f 2585/1217/1306 2584/1107/1304 2686/1870/1305 2687/1871/1306
f 2586/1872/1307 2585/1217/1306 2687/1871/1306 2688/1873/1307
f 2587/1110/1308 2586/1872/1307 2688/1873/1307 2689/1874/1308
f 2588/1151/1309 2587/1110/1308 2689/1874/1308 2670/1875/1309
f 2589/1876/1310 2588/1151/1309 2670/1875/1309 2671/1877/1310
f 2570/1263/1311 2589/1876/1310 2671/1877/1310 2672/1878/1311
f 2591/1539/9 2590/1211/9 2612/1879/9 2613/1880/9
f 2592/1130/9 2591/1539/9 2613/1880/9 2614/1881/9
f 2593/1145/9 2592/1130/9 2614/1881/9 2615/1882/9
f 2594/1144/9 2593/1145/9 2615/1882/9 2616/1883/9
f 2595/310/9 2594/1144/9 2616/1883/9 2617/1884/9
f 2596/1133/9 2595/310/9 2617/1884/9 2618/1885/9
f 2597/1886/9 2596/1133/9 2618/1885/9 2619/1887/9
f 2598/1146/9 2597/1886/9 2619/1887/9 2620/1888/9
f 2599/1256/9 2598/1146/9 2620/1888/9 2621/1889/9
f 2600/1136/9 2599/1256/9 2621/1889/9 2622/1890/9
f 2601/1521/9 2600/1136/9 2622/1890/9 2623/1891/9
f 2602/1528/9 2601/1521/9 2623/1891/9 2624/1892/9
f 2603/1149/9 2602/1528/9 2624/1892/9 2625/1893/9
f 2604/1148/9 2603/1149/9 2625/1893/9 2626/1894/9
f 2605/1276/9 2604/1148/9 2626/1894/9 2627/1895/9
f 2606/1277/9 2605/1276/9 2627/1895/9 2628/1896/9
f 2607/1242/9 2606/1277/9 2628/1896/9 2629/1897/9
f 2608/1524/9 2607/1242/9 2629/1897/9 2610/1898/9
f 2609/1526/9 2608/1524/9 2610/1898/9 2611/1899/9
f 2590/1345/9 2609/1526/9 2611/1899/9 2612/1900/9
f 2611/1899/9 2610/1898/9 2650/1901/9 2651/1902/9
f 2612/1900/9 2611/1899/9 2651/1902/9 2652/1903/9
f 2613/1880/9 2612/1879/9 2652/1904/9 2653/1905/9
f 2614/1881/9 2613/1880/9 2653/1905/9 2654/1906/9
f 2615/1882/9 2614/1881/9 2654/1906/9 2655/1907/9
f 2616/1883/9 2615/1882/9 2655/1907/9 2656/1908/9
f 2617/1884/9 2616/1883/9 2656/1908/9 2657/1909/9
f 2618/1885/9 2617/1884/9 2657/1909/9 2658/1910/9
f 2619/1887/9 2618/1885/9 2658/1910/9 2659/1911/9
f 2620/1888/9 2619/1887/9 2659/1911/9 2660/1912/9
f 2621/1889/9 2620/1888/9 2660/1912/9 2661/1913/9
f 2622/1890/9 2621/1889/9 2661/1913/9 2662/1914/9
f 2623/1891/9 2622/1890/9 2662/1914/9 2663/1915/9
f 2624/1892/9 2623/1891/9 2663/1915/9 2664/1916/9
f 2625/1893/9 2624/1892/9 2664/1916/9 2665/1917/9
f 2626/1894/9 2625/1893/9 2665/1917/9 2666/1918/9
f 2627/1895/9 2626/1894/9 2666/1918/9 2667/1919/9
f 2628/1896/9 2627/1895/9 2667/1919/9 2668/1920/9
f 2629/1897/9 2628/1896/9 2668/1920/9 2669/1921/9
f 2610/1898/9 2629/1897/9 2669/1921/9 2650/1901/9
f 2631/1922/9 2630/1923/9 2548/1241/9 2549/1924/9
f 2632/1925/9 2631/1922/9 2549/1924/9 2530/1576/9
f 2633/1926/9 2632/1927/9 2530/1128/9 2531/1928/9
f 2634/1929/9 2633/1926/9 2531/1928/9 2532/1617/9
f 2635/1930/9 2634/1929/9 2532/1617/9 2533/1614/9
f 2636/1931/9 2635/1930/9 2533/1614/9 2534/1932/9
f 2637/1933/9 2636/1931/9 2534/1932/9 2535/193/9
f 2638/1934/9 2637/1933/9 2535/193/9 2536/1567/9
f 2639/1935/9 2638/1934/9 2536/1567/9 2537/1936/9
f 2640/1937/9 2639/1935/9 2537/1936/9 2538/1938/9
f 2641/1939/9 2640/1937/9 2538/1938/9 2539/1572/9
f 2642/1940/9 2641/1939/9 2539/1572/9 2540/1941/9
f 2643/1942/9 2642/1940/9 2540/1941/9 2541/1943/9
f 2644/1944/9 2643/1942/9 2541/1943/9 2542/1570/9
f 2645/1945/9 2644/1944/9 2542/1570/9 2543/1573/9
f 2646/1946/9 2645/1945/9 2543/1573/9 2544/1545/9
f 2647/1947/9 2646/1946/9 2544/1545/9 2545/1546/9
f 2648/1948/9 2647/1947/9 2545/1546/9 2546/1949/9
f 2649/1950/9 2648/1948/9 2546/1949/9 2547/1433/9
f 2630/1923/9 2649/1950/9 2547/1433/9 2548/1241/9
f 2651/1902/9 2650/1901/9 2630/1923/9 2631/1922/9
f 2652/1903/9 2651/1902/9 2631/1922/9 2632/1925/9
f 2653/1905/9 2652/1904/9 2632/1927/9 2633/1926/9
f 2654/1906/9 2653/1905/9 2633/1926/9 2634/1929/9
f 2655/1907/9 2654/1906/9 2634/1929/9 2635/1930/9
f 2656/1908/9 2655/1907/9 2635/1930/9 2636/1931/9
f 2657/1909/9 2656/1908/9 2636/1931/9 2637/1933/9
f 2658/1910/9 2657/1909/9 2637/1933/9 2638/1934/9
f 2659/1911/9 2658/1910/9 2638/1934/9 2639/1935/9
f 2660/1912/9 2659/1911/9 2639/1935/9 2640/1937/9
f 2661/1913/9 2660/1912/9 2640/1937/9 2641/1939/9
f 2662/1914/9 2661/1913/9 2641/1939/9 2642/1940/9
f 2663/1915/9 2662/1914/9 2642/1940/9 2643/1942/9
f 2664/1916/9 2663/1915/9 2643/1942/9 2644/1944/9
f 2665/1917/9 2664/1916/9 2644/1944/9 2645/1945/9
f 2666/1918/9 2665/1917/9 2645/1945/9 2646/1946/9
f 2667/1919/9 2666/1918/9 2646/1946/9 2647/1947/9
f 2668/1920/9 2667/1919/9 2647/1947/9 2648/1948/9
f 2669/1921/9 2668/1920/9 2648/1948/9 2649/1950/9
f 2650/1901/9 2669/1921/9 2649/1950/9 2630/1923/9
f 2671/1877/1310 2670/1875/1309 2690/1951/1309 2691/1952/1310
f 2672/1878/1311 2671/1877/1310 2691/1952/1310 2692/1953/1311
f 2673/1857/1291 2672/1856/1311 2692/1954/1311 2693/1955/1291
f 2674/1858/1292 2673/1857/1291 2693/1955/1291 2694/1956/1292
f 2675/1859/1293 2674/1858/1292 2694/1956/1292 2695/1957/1293
f 2676/1860/1321 2675/1859/1293 2695/1957/1293 2696/1958/1294
f 2677/1861/1295 2676/1860/1321 2696/1958/1294 2697/1959/1295
f 2678/1862/1296 2677/1861/1295 2697/1959/1295 2698/1960/1296
f 2679/1863/1297 2678/1862/1296 2698/1960/1296 2699/1961/1297
f 2680/1864/1298 2679/1863/1297 2699/1961/1297 2700/1962/1298
f 2681/1865/1299 2680/1864/1298 2700/1962/1298 2701/1963/1299
f 2682/1866/1300 2681/1865/1299 2701/1963/1299 2702/1964/1300
f 2683/1867/1301 2682/1866/1300 2702/1964/1300 2703/1965/1301
f 2684/1868/1317 2683/1867/1301 2703/1965/1301 2704/1966/1302
f 2685/1869/1319 2684/1868/1317 2704/1966/1302 2705/1967/1303
f 2686/1870/1305 2685/1869/1319 2705/1967/1303 2706/1968/1304
f 2687/1871/1306 2686/1870/1305 2706/1968/1304 2707/1969/1306
f 2688/1873/1307 2687/1871/1306 2707/1969/1306 2708/1970/1307
f 2689/1874/1308 2688/1873/1307 2708/1970/1307 2709/1971/1308
f 2670/1875/1309 2689/1874/1308 2709/1971/1308 2690/1951/1309
f 2691/1952/1310 2690/1951/1309 2608/1524/1309 2609/1526/1310
f 2692/1953/1311 2691/1952/1310 2609/1526/1310 2590/1345/1311
f 2693/1955/1291 2692/1954/1311 2590/1211/1311 2591/1539/1291
f 2694/1956/1292 2693/1955/1291 2591/1539/1291 2592/1130/1292
f 2695/1957/1293 2694/1956/1292 2592/1130/1292 2593/1145/1293
f 2696/1958/1294 2695/1957/1293 2593/1145/1293 2594/1144/1294
f 2697/1959/1295 2696/1958/1294 2594/1144/1294 2595/310/1295
f 2698/1960/1296 2697/1959/1295 2595/310/1295 2596/1133/1296
f 2699/1961/1297 2698/1960/1296 2596/1133/1296 2597/1886/1297
f 2700/1962/1298 2699/1961/1297 2597/1886/1297 2598/1146/1298
f 2701/1963/1299 2700/1962/1298 2598/1146/1298 2599/1256/1299
f 2702/1964/1300 2701/1963/1299 2599/1256/1299 2600/1136/1300
f 2703/1965/1301 2702/1964/1300 2600/1136/1300 2601/1521/1301
f 2704/1966/1302 2703/1965/1301 2601/1521/1301 2602/1528/1302
f 2705/1967/1303 2704/1966/1302 2602/1528/1302 2603/1149/1303
f 2706/1968/1304 2705/1967/1303 2603/1149/1303 2604/1148/1304
f 2707/1969/1306 2706/1968/1304 2604/1148/1304 2605/1276/1306
f 2708/1970/1307 2707/1969/1306 2605/1276/1306 2606/1277/1307
f 2709/1971/1308 2708/1970/1307 2606/1277/1307 2607/1242/1308
f 2690/1951/1309 2709/1971/1308 2607/1242/1308 2608/1524/1309
f 2711/1972/10 2710/1973/10 2588/1151/10 2589/1876/10
f 2712/1974/10 2711/1972/10 2589/1876/10 2570/1263/10
f 2713/1975/10 2712/1976/10 2570/1264/10 2571/1156/10
f 2714/1977/10 2713/1975/10 2571/1156/10 2572/1257/10
f 2715/1978/10 2714/1977/10 2572/1257/10 2573/1258/10
f 2716/1979/10 2715/1978/10 2573/1258/10 2574/1142/10
f 2717/1980/10 2716/1979/10 2574/1142/10 2575/1253/10
f 2718/1981/10 2717/1980/10 2575/1253/10 2576/1252/10
f 2719/1982/10 2718/1981/10 2576/1252/10 2577/1141/10
f 2720/1983/10 2719/1982/10 2577/1141/10 2578/1103/10
f 2721/1984/10 2720/1983/10 2578/1103/10 2579/1140/10
f 2722/1985/10 2721/1984/10 2579/1140/10 2580/1105/10
f 2723/1986/10 2722/1985/10 2580/1105/10 2581/1139/10
f 2724/1987/10 2723/1986/10 2581/1139/10 2582/1137/10
f 2725/1988/10 2724/1987/10 2582/1137/10 2583/1138/10
f 2726/1989/10 2725/1988/10 2583/1138/10 2584/1107/10
f 2727/1990/10 2726/1989/10 2584/1107/10 2585/1217/10
f 2728/1991/10 2727/1990/10 2585/1217/10 2586/1872/10
f 2729/1992/10 2728/1991/10 2586/1872/10 2587/1110/10
f 2710/1973/10 2729/1992/10 2587/1110/10 2588/1151/10
f 2731/1854/10 2730/1853/10 2750/1993/10 2751/1994/10
f 2732/1855/10 2731/1854/10 2751/1994/10 2752/1995/10
f 2733/1836/10 2732/1835/10 2752/1996/10 2753/1997/10
f 2734/1837/10 2733/1836/10 2753/1997/10 2754/1998/10
f 2735/1838/10 2734/1837/10 2754/1998/10 2755/1999/10
f 2736/1839/10 2735/1838/10 2755/1999/10 2756/2000/10
f 2737/1840/10 2736/1839/10 2756/2000/10 2757/2001/10
f 2738/1841/10 2737/1840/10 2757/2001/10 2758/2002/10
f 2739/1842/10 2738/1841/10 2758/2002/10 2759/2003/10
f 2740/1843/10 2739/1842/10 2759/2003/10 2760/2004/10
f 2741/1844/10 2740/1843/10 2760/2004/10 2761/2005/10
f 2742/1845/10 2741/1844/10 2761/2005/10 2762/2006/10
f 2743/1846/10 2742/1845/10 2762/2006/10 2763/2007/10
f 2744/1847/10 2743/1846/10 2763/2007/10 2764/2008/10
f 2745/1848/10 2744/1847/10 2764/2008/10 2765/2009/10
f 2746/1849/10 2745/1848/10 2765/2009/10 2766/2010/10
f 2747/1850/10 2746/1849/10 2766/2010/10 2767/2011/10
f 2748/1851/10 2747/1850/10 2767/2011/10 2768/2012/10
f 2749/1852/10 2748/1851/10 2768/2012/10 2769/2013/10
f 2730/1853/10 2749/1852/10 2769/2013/10 2750/1993/10
f 2751/1994/10 2750/1993/10 2710/1973/10 2711/1972/10
f 2752/1995/10 2751/1994/10 2711/1972/10 2712/1974/10
f 2753/1997/10 2752/1996/10 2712/1976/10 2713/1975/10
f 2754/1998/10 2753/1997/10 2713/1975/10 2714/1977/10
f 2755/1999/10 2754/1998/10 2714/1977/10 2715/1978/10
f 2756/2000/10 2755/1999/10 2715/1978/10 2716/1979/10
f 2757/2001/10 2756/2000/10 2716/1979/10 2717/1980/10
f 2758/2002/10 2757/2001/10 2717/1980/10 2718/1981/10
f 2759/2003/10 2758/2002/10 2718/1981/10 2719/1982/10
f 2760/2004/10 2759/2003/10 2719/1982/10 2720/1983/10
f 2761/2005/10 2760/2004/10 2720/1983/10 2721/1984/10
f 2762/2006/10 2761/2005/10 2721/1984/10 2722/1985/10
f 2763/2007/10 2762/2006/10 2722/1985/10 2723/1986/10
f 2764/2008/10 2763/2007/10 2723/1986/10 2724/1987/10
f 2765/2009/10 2764/2008/10 2724/1987/10 2725/1988/10
f 2766/2010/10 2765/2009/10 2725/1988/10 2726/1989/10
f 2767/2011/10 2766/2010/10 2726/1989/10 2727/1990/10
f 2768/2012/10 2767/2011/10 2727/1990/10 2728/1991/10
f 2769/2013/10 2768/2012/10 2728/1991/10 2729/1992/10
f 2750/1993/10 2769/2013/10 2729/1992/10 2710/1973/10
f 2771/1806/1324 2770/1085/1325 2984/2014/1325 2985/2015/1324
f 2772/1808/1326 2771/1806/1324 2985/2015/1324 2986/2016/1326
f 2773/1809/1327 2772/1808/1326 2986/2016/1326 2987/2017/1327
f 2774/1811/1328 2773/1809/1327 2987/2017/1327 2988/2018/1328
f 2775/1813/1329 2774/1811/1328 2988/2018/1328 2989/2019/1329
f 2776/1814/1330 2775/1813/1329 2989/2019/1329 2970/2020/1330
f 2777/1280/1331 2776/1814/1330 2970/2020/1330 2971/2021/1331
f 2778/1817/1332 2777/1280/1331 2971/2021/1331 2972/2022/1332
f 2779/1819/1333 2778/1817/1332 2972/2022/1332 2973/2023/1333
f 2780/1821/1334 2779/1819/1333 2973/2023/1333 2974/2024/1334
f 2781/1285/1335 2780/1821/1334 2974/2024/1334 2975/2025/1335
f 2782/1823/1336 2781/1285/1335 2975/2025/1335 2976/2026/1337
f 2994/2027/1338 2782/1823/1336 2976/2026/1337 2993/2028/1338
f 2784/1826/1339 2783/1824/1340 2977/2029/1341 2978/2030/1339
f 2785/1224/1342 2784/1826/1339 2978/2030/1339 2979/2031/1342
f 2786/1828/1343 2785/1224/1342 2979/2031/1342 2980/2032/1343
f 2787/1830/1344 2786/1828/1343 2980/2032/1343 2981/2033/1344
f 2788/1227/1345 2787/1830/1344 2981/2033/1344 2982/2034/1345
f 2789/1832/1346 2788/1227/1345 2982/2034/1345 2983/2035/1346
f 2770/1834/1325 2789/1832/1346 2983/2035/1346 2984/2036/1325
f 2791/1807/9 2790/1484/9 2810/1264/9 2811/1156/9
f 2792/1397/9 2791/1807/9 2811/1156/9 2812/1257/9
f 2793/1810/9 2792/1397/9 2812/1257/9 2813/1258/9
f 2794/1812/9 2793/1810/9 2813/1258/9 2814/1142/9
f 2795/1100/9 2794/1812/9 2814/1142/9 2815/1253/9
f 2796/1815/9 2795/1100/9 2815/1253/9 2816/1252/9
f 2797/1816/9 2796/1815/9 2816/1252/9 2817/1141/9
f 2798/1818/9 2797/1816/9 2817/1141/9 2818/1103/9
f 2799/1820/9 2798/1818/9 2818/1103/9 2819/1140/9
f 2800/1822/9 2799/1820/9 2819/1140/9 2820/1105/9
f 2801/1336/9 2800/1822/9 2820/1105/9 2821/1139/9
f 2802/1509/9 2801/1336/9 2821/1139/9 2822/1137/9
f 2991/2037/9 2802/1509/9 2822/1137/9 2990/2038/9
f 2804/1108/9 2803/1825/9 2823/1138/9 2824/1107/9
f 2805/1827/9 2804/1108/9 2824/1107/9 2825/1217/9
f 2806/1829/9 2805/1827/9 2825/1217/9 2826/1872/9
f 2807/1480/9 2806/1829/9 2826/1872/9 2827/1110/9
f 2808/1831/9 2807/1480/9 2827/1110/9 2828/1151/9
f 2809/1833/9 2808/1831/9 2828/1151/9 2829/1876/9
f 2790/1482/9 2809/1833/9 2829/1876/9 2810/1263/9
f 2811/1156/1347 2810/1264/1348 2859/2039/1348 2860/2040/1347
f 2812/1257/1349 2811/1156/1347 2860/2040/1347 2861/2041/1350
f 2813/1258/1351 2812/1257/1349 2861/2041/1350 2862/2042/1352
f 2814/1142/1353 2813/1258/1351 2862/2042/1352 2863/2043/1353
f 2815/1253/1354 2814/1142/1353 2863/2043/1353 2864/2044/1354
f 2816/1252/1343 2815/1253/1354 2864/2044/1354 2865/2045/1343
f 2817/1141/1344 2816/1252/1343 2865/2045/1343 2866/2046/1344
f 2818/1103/1355 2817/1141/1344 2866/2046/1344 2867/2047/1355
f 2819/1140/1346 2818/1103/1355 2867/2047/1355 2868/2048/1346
f 2820/1105/1325 2819/1140/1346 2868/2048/1346 2869/2049/1325
f 2821/1139/1324 2820/1105/1325 2869/2049/1325 2850/2050/1324
f 2822/1137/1356 2821/1139/1324 2850/2050/1324 2851/2051/1357
f 3000/2052/1358 2990/2038/1358 2822/1137/1356 2851/2051/1357
f 2824/1107/1359 2823/1138/1360 2852/2053/1361 2853/2054/1359
f 2825/1217/1362 2824/1107/1359 2853/2054/1359 2854/2055/1363
f 2826/1872/1364 2825/1217/1362 2854/2055/1363 2855/2056/1365
f 2827/1110/1366 2826/1872/1364 2855/2056/1365 2856/2057/1366
f 2828/1151/1347 2827/1110/1366 2856/2057/1366 2857/2058/1347
f 2829/1876/1348 2828/1151/1347 2857/2058/1347 2858/2059/1348
f 2810/1263/1348 2829/1876/1348 2858/2059/1348 2859/2060/1348
f 2831/1539/10 2830/1211/10 2938/2061/10 2939/2062/10
f 2832/1130/10 2831/1539/10 2939/2062/10 2940/2063/10
f 2833/1145/10 2832/1130/10 2940/2063/10 2941/2064/10
f 2834/1144/10 2833/1145/10 2941/2064/10 2942/2065/10
f 2835/310/10 2834/1144/10 2942/2065/10 2943/2066/10
f 2836/1133/10 2835/310/10 2943/2066/10 2944/2067/10
f 2837/1886/10 2836/1133/10 2944/2067/10 2945/2068/10
f 2838/1146/10 2837/1886/10 2945/2068/10 2946/2069/10
f 2839/1256/10 2838/1146/10 2946/2069/10 2947/2070/10
f 2840/1136/10 2839/1256/10 2947/2070/10 2948/2071/10
f 2841/1521/10 2840/1136/10 2948/2071/10 2949/2072/10
f 2842/1528/10 2841/1521/10 2949/2072/10 2930/2073/10
f 2996/2074/10 2842/1528/10 2930/2073/10 2995/2075/10
f 2844/1148/10 2843/1149/10 2931/2076/10 2932/2077/10
f 2845/1276/10 2844/1148/10 2932/2077/10 2933/2078/10
f 2846/1277/10 2845/1276/10 2933/2078/10 2934/2079/10
f 2847/1242/10 2846/1277/10 2934/2079/10 2935/2080/10
f 2848/1524/10 2847/1242/10 2935/2080/10 2936/2081/10
f 2849/1526/10 2848/1524/10 2936/2081/10 2937/2082/10
f 2830/1345/10 2849/1526/10 2937/2082/10 2938/2083/10
f 2851/2051/1357 2850/2050/1324 2929/2084/1324 2910/2085/1357
f 3000/2052/1358 2851/2051/1357 2910/2085/1357 2999/2086/1358
f 2853/2054/1359 2852/2053/1361 2911/2087/1361 2912/2088/1359
f 2854/2055/1363 2853/2054/1359 2912/2088/1359 2913/2089/1363
f 2855/2056/1365 2854/2055/1363 2913/2089/1363 2914/2090/1365
f 2856/2057/1366 2855/2056/1365 2914/2090/1365 2915/2091/1366
f 2857/2058/1347 2856/2057/1366 2915/2091/1366 2916/2092/1348
f 2858/2059/1348 2857/2058/1347 2916/2092/1348 2917/2093/1347
f 2859/2060/1348 2858/2059/1348 2917/2093/1347 2918/2094/1348
f 2860/2040/1347 2859/2039/1348 2918/2095/1348 2919/2096/1348
f 2861/2041/1350 2860/2040/1347 2919/2096/1348 2920/2097/1350
f 2862/2042/1352 2861/2041/1350 2920/2097/1350 2921/2098/1367
f 2863/2043/1353 2862/2042/1352 2921/2098/1367 2922/2099/1339
f 2864/2044/1354 2863/2043/1353 2922/2099/1339 2923/2100/1342
f 2865/2045/1343 2864/2044/1354 2923/2100/1342 2924/2101/1343
f 2866/2046/1344 2865/2045/1343 2924/2101/1343 2925/2102/1344
f 2867/2047/1355 2866/2046/1344 2925/2102/1344 2926/2103/1368
f 2868/2048/1346 2867/2047/1355 2926/2103/1368 2927/2104/1346
f 2869/2049/1325 2868/2048/1346 2927/2104/1346 2928/2105/1325
f 2850/2050/1324 2869/2049/1325 2928/2105/1325 2929/2084/1324
f 2871/2106/1357 2870/2107/1324 2841/1521/1324 2842/1528/1356
f 2997/2108/1358 2871/2106/1357 2842/1528/1356 2996/2074/1358
f 2873/2109/1369 2872/2110/1361 2843/1149/1360 2844/1148/1370
f 2874/2111/1363 2873/2109/1369 2844/1148/1370 2845/1276/1371
f 2875/2112/1365 2874/2111/1363 2845/1276/1371 2846/1277/1364
f 2876/2113/1366 2875/2112/1365 2846/1277/1364 2847/1242/1366
f 2877/2114/1348 2876/2113/1366 2847/1242/1366 2848/1524/1348
f 2878/2115/1348 2877/2114/1348 2848/1524/1348 2849/1526/1348
f 2879/2116/1348 2878/2115/1348 2849/1526/1348 2830/1345/1348
f 2880/2117/1348 2879/2118/1348 2830/1211/1348 2831/1539/1348
f 2881/2119/1350 2880/2117/1348 2831/1539/1348 2832/1130/1349
f 2882/2120/1372 2881/2119/1350 2832/1130/1349 2833/1145/1351
f 2883/2121/1339 2882/2120/1372 2833/1145/1351 2834/1144/1339
f 2884/2122/1342 2883/2121/1339 2834/1144/1339 2835/310/1342
f 2885/2123/1343 2884/2122/1342 2835/310/1342 2836/1133/1343
f 2886/2124/1344 2885/2123/1343 2836/1133/1343 2837/1886/1344
f 2887/2125/1368 2886/2124/1344 2837/1886/1344 2838/1146/1368
f 2888/2126/1346 2887/2125/1368 2838/1146/1368 2839/1256/1346
f 2889/2127/1325 2888/2126/1346 2839/1256/1346 2840/1136/1325
f 2870/2107/1324 2889/2127/1325 2840/1136/1325 2841/1521/1324
f 2998/2128/1358 2890/2129/1357 2871/2106/1357 2997/2108/1358
f 2892/2130/1369 2891/2131/1361 2872/2110/1361 2873/2109/1369
f 2893/2132/1363 2892/2130/1369 2873/2109/1369 2874/2111/1363
f 2894/2133/1365 2893/2132/1363 2874/2111/1363 2875/2112/1365
f 2895/2134/1366 2894/2133/1365 2875/2112/1365 2876/2113/1366
f 2896/2135/1348 2895/2134/1366 2876/2113/1366 2877/2114/1348
f 2897/2136/1348 2896/2135/1348 2877/2114/1348 2878/2115/1348
f 2898/2137/1347 2897/2136/1348 2878/2115/1348 2879/2116/1348
f 2899/2138/1348 2898/2139/1347 2879/2118/1348 2880/2117/1348
f 2900/2140/1350 2899/2138/1348 2880/2117/1348 2881/2119/1350
f 2901/2141/1367 2900/2140/1350 2881/2119/1350 2882/2120/1372
f 2902/2142/1339 2901/2141/1367 2882/2120/1372 2883/2121/1339
f 2903/2143/1342 2902/2142/1339 2883/2121/1339 2884/2122/1342
f 2904/2144/1343 2903/2143/1342 2884/2122/1342 2885/2123/1343
f 2905/2145/1344 2904/2144/1343 2885/2123/1343 2886/2124/1344
f 2906/2146/1345 2905/2145/1344 2886/2124/1344 2887/2125/1368
f 2907/2147/1346 2906/2146/1345 2887/2125/1368 2888/2126/1346
f 2908/2148/1325 2907/2147/1346 2888/2126/1346 2889/2127/1325
f 2909/2149/1324 2908/2148/1325 2889/2127/1325 2870/2107/1324
f 2890/2129/1357 2909/2149/1324 2870/2107/1324 2871/2106/1357
f 2999/2086/1358 2910/2085/1357 2890/2129/1357 2998/2128/1358
f 2912/2088/1359 2911/2087/1361 2891/2131/1361 2892/2130/1369
f 2913/2089/1363 2912/2088/1359 2892/2130/1369 2893/2132/1363
f 2914/2090/1365 2913/2089/1363 2893/2132/1363 2894/2133/1365
f 2915/2091/1366 2914/2090/1365 2894/2133/1365 2895/2134/1366
f 2916/2092/1348 2915/2091/1366 2895/2134/1366 2896/2135/1348
f 2917/2093/1347 2916/2092/1348 2896/2135/1348 2897/2136/1348
f 2918/2094/1348 2917/2093/1347 2897/2136/1348 2898/2137/1347
f 2919/2096/1348 2918/2095/1348 2898/2139/1347 2899/2138/1348
f 2920/2097/1350 2919/2096/1348 2899/2138/1348 2900/2140/1350
f 2921/2098/1367 2920/2097/1350 2900/2140/1350 2901/2141/1367
f 2922/2099/1339 2921/2098/1367 2901/2141/1367 2902/2142/1339
f 2923/2100/1342 2922/2099/1339 2902/2142/1339 2903/2143/1342
f 2924/2101/1343 2923/2100/1342 2903/2143/1342 2904/2144/1343
f 2925/2102/1344 2924/2101/1343 2904/2144/1343 2905/2145/1344
f 2926/2103/1368 2925/2102/1344 2905/2145/1344 2906/2146/1345
f 2927/2104/1346 2926/2103/1368 2906/2146/1345 2907/2147/1346
f 2928/2105/1325 2927/2104/1346 2907/2147/1346 2908/2148/1325
f 2929/2084/1324 2928/2105/1325 2908/2148/1325 2909/2149/1324
f 2910/2085/1357 2929/2084/1324 2909/2149/1324 2890/2129/1357
f 2995/2075/10 2930/2073/10 3022/2150/10 3023/2151/10
f 2932/2077/10 2931/2076/10 3024/2152/10 3025/2153/10
f 2933/2078/10 2932/2077/10 3025/2153/10 3026/2154/10
f 2934/2079/10 2933/2078/10 3026/2154/10 3027/2155/10
f 2935/2080/10 2934/2079/10 3027/2155/10 3028/2156/10
f 2936/2081/10 2935/2080/10 3028/2156/10 3029/2157/10
f 2937/2082/10 2936/2081/10 3029/2157/10 3030/2158/10
f 2938/2083/10 2937/2082/10 3030/2158/10 3031/2159/10
f 2939/2062/10 2938/2061/10 3031/2160/10 3032/2161/10
f 2940/2063/10 2939/2062/10 3032/2161/10 3033/2162/10
f 2941/2064/10 2940/2063/10 3033/2162/10 3034/2163/10
f 2942/2065/10 2941/2064/10 3034/2163/10 3035/2164/10
f 2943/2066/10 2942/2065/10 3035/2164/10 3036/2165/10
f 2944/2067/10 2943/2066/10 3036/2165/10 3037/2166/10
f 2945/2068/10 2944/2067/10 3037/2166/10 3038/2167/10
f 2946/2069/10 2945/2068/10 3038/2167/10 3039/2168/10
f 2947/2070/10 2946/2069/10 3039/2168/10 3040/2169/10
f 2948/2071/10 2947/2070/10 3040/2169/10 3041/2170/10
f 2949/2072/10 2948/2071/10 3041/2170/10 3042/2171/10
f 2930/2073/10 2949/2072/10 3042/2171/10 3022/2150/10
f 2951/2172/1332 2950/2173/1373 3001/2174/1373 3002/2175/1332
f 2952/2176/1374 2951/2172/1332 3002/2175/1332 3003/2177/1374
f 2953/2178/1375 2952/2176/1374 3003/2177/1374 3004/2179/1375
f 2954/2180/1376 2953/2178/1375 3004/2179/1375 3005/2181/1376
f 2955/2182/1377 2954/2180/1376 3005/2181/1376 3006/2183/1377
f 2992/2184/1378 2955/2182/1377 3006/2183/1377 3007/2185/1378
f 2957/2186/1379 2956/2187/1380 3008/2188/1380 3009/2189/1379
f 2958/2190/1381 2957/2186/1379 3009/2189/1379 3010/2191/1381
f 2959/2192/1382 2958/2190/1381 3010/2191/1381 3011/2193/1382
f 2960/2194/1344 2959/2192/1382 3011/2193/1382 3012/2195/1344
f 2961/2196/1383 2960/2194/1344 3012/2195/1344 3013/2197/1383
f 2962/2198/1384 2961/2196/1383 3013/2197/1383 3014/2199/1384
f 2963/2200/1385 2962/2198/1384 3014/2199/1384 3015/2201/1385
f 2964/2202/1386 2963/2203/1385 3015/2204/1385 3016/2205/1386
f 2965/2206/1387 2964/2202/1386 3016/2205/1386 3017/2207/1388
f 2966/2208/1389 2965/2206/1387 3017/2207/1388 3018/2209/1389
f 2967/2210/1390 2966/2208/1389 3018/2209/1389 3019/2211/1390
f 2968/2212/1391 2967/2210/1390 3019/2211/1390 3020/2213/1391
f 2969/2214/1392 2968/2212/1391 3020/2213/1391 3021/2215/1392
f 2950/2173/1373 2969/2214/1392 3021/2215/1392 3001/2174/1373
f 2971/2021/1331 2970/2020/1330 2969/2214/1392 2950/2173/1373
f 2972/2022/1332 2971/2021/1331 2950/2173/1373 2951/2172/1332
f 2973/2023/1333 2972/2022/1332 2951/2172/1332 2952/2176/1374
f 2974/2024/1334 2973/2023/1333 2952/2176/1374 2953/2178/1375
f 2975/2025/1335 2974/2024/1334 2953/2178/1375 2954/2180/1376
f 2976/2026/1337 2975/2025/1335 2954/2180/1376 2955/2182/1377
f 2993/2028/1338 2976/2026/1337 2955/2182/1377 2992/2184/1378
f 2978/2030/1339 2977/2029/1341 2956/2187/1380 2957/2186/1379
f 2979/2031/1342 2978/2030/1339 2957/2186/1379 2958/2190/1381
f 2980/2032/1343 2979/2031/1342 2958/2190/1381 2959/2192/1382
f 2981/2033/1344 2980/2032/1343 2959/2192/1382 2960/2194/1344
f 2982/2034/1345 2981/2033/1344 2960/2194/1344 2961/2196/1383
f 2983/2035/1346 2982/2034/1345 2961/2196/1383 2962/2198/1384
f 2984/2036/1325 2983/2035/1346 2962/2198/1384 2963/2200/1385
f 2985/2015/1324 2984/2014/1325 2963/2203/1385 2964/2202/1386
f 2986/2016/1326 2985/2015/1324 2964/2202/1386 2965/2206/1387
f 2987/2017/1327 2986/2016/1326 2965/2206/1387 2966/2208/1389
f 2988/2018/1328 2987/2017/1327 2966/2208/1389 2967/2210/1390
f 2989/2019/1329 2988/2018/1328 2967/2210/1390 2968/2212/1391
f 2970/2020/1330 2989/2019/1329 2968/2212/1391 2969/2214/1392
f 2803/1825/9 2991/2037/9 2990/2038/9 2823/1138/9
f 2956/2187/1380 2992/2184/1378 3007/2185/1378 3008/2188/1380
f 2977/2029/1341 2993/2028/1338 2992/2184/1378 2956/2187/1380
f 2783/1824/1340 2994/2027/1338 2993/2028/1338 2977/2029/1341
f 2931/2076/10 2995/2075/10 3023/2151/10 3024/2152/10
f 2843/1149/10 2996/2074/10 2995/2075/10 2931/2076/10
f 2872/2110/1361 2997/2108/1358 2996/2074/1358 2843/1149/1360
f 2891/2131/1361 2998/2128/1358 2997/2108/1358 2872/2110/1361
f 2911/2087/1361 2999/2086/1358 2998/2128/1358 2891/2131/1361
f 2852/2053/1361 3000/2052/1358 2999/2086/1358 2911/2087/1361
f 2823/1138/1360 2990/2038/1358 3000/2052/1358 2852/2053/1361
f 3002/2175/1332 3001/2174/1373 2797/1816/1331 2798/1818/1332
f 3003/2177/1374 3002/2175/1332 2798/1818/1332 2799/1820/1333
f 3004/2179/1375 3003/2177/1374 2799/1820/1333 2800/1822/1334
f 3005/2181/1376 3004/2179/1375 2800/1822/1334 2801/1336/1335
f 3006/2183/1377 3005/2181/1376 2801/1336/1335 2802/1509/1393
f 3007/2185/1378 3006/2183/1377 2802/1509/1393 2991/2037/1338
f 3008/2188/1380 3007/2185/1378 2991/2037/1338 2803/1825/1340
f 3009/2189/1379 3008/2188/1380 2803/1825/1340 2804/1108/1339
f 3010/2191/1381 3009/2189/1379 2804/1108/1339 2805/1827/1342
f 3011/2193/1382 3010/2191/1381 2805/1827/1342 2806/1829/1343
f 3012/2195/1344 3011/2193/1382 2806/1829/1343 2807/1480/1344
f 3013/2197/1383 3012/2195/1344 2807/1480/1344 2808/1831/1368
f 3014/2199/1384 3013/2197/1383 2808/1831/1368 2809/1833/1346
f 3015/2201/1385 3014/2199/1384 2809/1833/1346 2790/1482/1325
f 3016/2205/1386 3015/2204/1385 2790/1484/1325 2791/1807/1324
f 3017/2207/1388 3016/2205/1386 2791/1807/1324 2792/1397/1326
f 3018/2209/1389 3017/2207/1388 2792/1397/1326 2793/1810/1327
f 3019/2211/1390 3018/2209/1389 2793/1810/1327 2794/1812/1328
f 3020/2213/1391 3019/2211/1390 2794/1812/1328 2795/1100/1329
f 3021/2215/1392 3020/2213/1391 2795/1100/1329 2796/1815/1330
f 3001/2174/1373 3021/2215/1392 2796/1815/1330 2797/1816/1331
f 3023/2151/10 3022/2150/10 2782/1570/10 2994/2216/10
f 3024/2152/10 3023/2151/10 2994/2216/10 2783/1573/10
f 3025/2153/10 3024/2152/10 2783/1573/10 2784/1545/10
f 3026/2154/10 3025/2153/10 2784/1545/10 2785/1546/10
f 3027/2155/10 3026/2154/10 2785/1546/10 2786/1949/10
f 3028/2156/10 3027/2155/10 2786/1949/10 2787/1433/10
f 3029/2157/10 3028/2156/10 2787/1433/10 2788/1241/10
f 3030/2158/10 3029/2157/10 2788/1241/10 2789/1924/10
f 3031/2159/10 3030/2158/10 2789/1924/10 2770/1576/10
f 3032/2161/10 3031/2160/10 2770/1128/10 2771/1928/10
f 3033/2162/10 3032/2161/10 2771/1928/10 2772/1617/10
f 3034/2163/10 3033/2162/10 2772/1617/10 2773/1614/10
f 3035/2164/10 3034/2163/10 2773/1614/10 2774/1932/10
f 3036/2165/10 3035/2164/10 2774/1932/10 2775/193/10
f 3037/2166/10 3036/2165/10 2775/193/10 2776/1567/10
f 3038/2167/10 3037/2166/10 2776/1567/10 2777/1936/10
f 3039/2168/10 3038/2167/10 2777/1936/10 2778/1938/10
f 3040/2169/10 3039/2168/10 2778/1938/10 2779/1572/10
f 3041/2170/10 3040/2169/10 2779/1572/10 2780/1941/10
f 3042/2171/10 3041/2170/10 2780/1941/10 2781/1943/10
f 3022/2150/10 3042/2171/10 2781/1943/10 2782/1570/10
f 3044/1806/1324 3043/1085/1325 3257/2014/1325 3258/2015/1324
f 3045/1808/1326 3044/1806/1324 3258/2015/1324 3259/2016/1326
f 3046/1809/1327 3045/1808/1326 3259/2016/1326 3260/2017/1327
f 3047/1811/1328 3046/1809/1327 3260/2017/1327 3261/2018/1328
f 3048/1813/1329 3047/1811/1328 3261/2018/1328 3262/2019/1329
f 3049/1814/1330 3048/1813/1329 3262/2019/1329 3243/2020/1330
f 3050/1280/1331 3049/1814/1330 3243/2020/1330 3244/2021/1331
f 3051/1817/1332 3050/1280/1331 3244/2021/1331 3245/2022/1332
f 3052/1819/1333 3051/1817/1332 3245/2022/1332 3246/2023/1333
f 3053/1821/1334 3052/1819/1333 3246/2023/1333 3247/2024/1334
f 3054/1285/1335 3053/1821/1334 3247/2024/1334 3248/2025/1335
f 3055/1823/1336 3054/1285/1335 3248/2025/1335 3249/2026/1337
f 3267/2027/1338 3055/1823/1336 3249/2026/1337 3266/2028/1338
f 3057/1826/1339 3056/1824/1340 3250/2029/1341 3251/2030/1339
f 3058/1224/1342 3057/1826/1339 3251/2030/1339 3252/2031/1342
f 3059/1828/1343 3058/1224/1342 3252/2031/1342 3253/2032/1343
f 3060/1830/1344 3059/1828/1343 3253/2032/1343 3254/2033/1344
f 3061/1227/1368 3060/1830/1344 3254/2033/1344 3255/2034/1368
f 3062/1832/1346 3061/1227/1368 3255/2034/1368 3256/2035/1346
f 3043/1834/1325 3062/1832/1346 3256/2035/1346 3257/2036/1325
f 3064/1807/9 3063/1484/9 3083/1264/9 3084/1156/9
f 3065/1397/9 3064/1807/9 3084/1156/9 3085/1257/9
f 3066/1810/9 3065/1397/9 3085/1257/9 3086/1258/9
f 3067/1812/9 3066/1810/9 3086/1258/9 3087/1142/9
f 3068/1100/9 3067/1812/9 3087/1142/9 3088/1253/9
f 3069/1815/9 3068/1100/9 3088/1253/9 3089/1252/9
f 3070/1816/9 3069/1815/9 3089/1252/9 3090/1141/9
f 3071/1818/9 3070/1816/9 3090/1141/9 3091/1103/9
f 3072/1820/9 3071/1818/9 3091/1103/9 3092/1140/9
f 3073/1822/9 3072/1820/9 3092/1140/9 3093/1105/9
f 3074/1336/9 3073/1822/9 3093/1105/9 3094/1139/9
f 3075/1509/9 3074/1336/9 3094/1139/9 3095/1137/9
f 3264/2037/9 3075/1509/9 3095/1137/9 3263/2038/9
f 3077/1108/9 3076/1825/9 3096/1138/9 3097/1107/9
f 3078/1827/9 3077/1108/9 3097/1107/9 3098/1217/9
f 3079/1829/9 3078/1827/9 3098/1217/9 3099/1872/9
f 3080/1480/9 3079/1829/9 3099/1872/9 3100/1110/9
f 3081/1831/9 3080/1480/9 3100/1110/9 3101/1151/9
f 3082/1833/9 3081/1831/9 3101/1151/9 3102/1876/9
f 3063/1482/9 3082/1833/9 3102/1876/9 3083/1263/9
f 3084/1156/1347 3083/1264/1348 3132/2039/1348 3133/2040/1348
f 3085/1257/1349 3084/1156/1347 3133/2040/1348 3134/2041/1350
f 3086/1258/1394 3085/1257/1349 3134/2041/1350 3135/2042/1367
f 3087/1142/1339 3086/1258/1394 3135/2042/1367 3136/2043/1339
f 3088/1253/1342 3087/1142/1339 3136/2043/1339 3137/2044/1342
f 3089/1252/1343 3088/1253/1342 3137/2044/1342 3138/2045/1343
f 3090/1141/1344 3089/1252/1343 3138/2045/1343 3139/2046/1344
f 3091/1103/1345 3090/1141/1344 3139/2046/1344 3140/2047/1368
f 3092/1140/1346 3091/1103/1345 3140/2047/1368 3141/2048/1346
f 3093/1105/1325 3092/1140/1346 3141/2048/1346 3142/2049/1325
f 3094/1139/1324 3093/1105/1325 3142/2049/1325 3123/2050/1324
f 3095/1137/1356 3094/1139/1324 3123/2050/1324 3124/2051/1357
f 3273/2052/1358 3263/2038/1358 3095/1137/1356 3124/2051/1357
f 3097/1107/1359 3096/1138/1360 3125/2053/1361 3126/2054/1359
f 3098/1217/1362 3097/1107/1359 3126/2054/1359 3127/2055/1363
f 3099/1872/1364 3098/1217/1362 3127/2055/1363 3128/2056/1365
f 3100/1110/1366 3099/1872/1364 3128/2056/1365 3129/2057/1366
f 3101/1151/1348 3100/1110/1366 3129/2057/1366 3130/2058/1348
f 3102/1876/1348 3101/1151/1348 3130/2058/1348 3131/2059/1348
f 3083/1263/1348 3102/1876/1348 3131/2059/1348 3132/2060/1348
f 3104/1539/10 3103/1211/10 3211/2061/10 3212/2062/10
f 3105/1130/10 3104/1539/10 3212/2062/10 3213/2063/10
f 3106/1145/10 3105/1130/10 3213/2063/10 3214/2064/10
f 3107/1144/10 3106/1145/10 3214/2064/10 3215/2065/10
f 3108/310/10 3107/1144/10 3215/2065/10 3216/2066/10
f 3109/1133/10 3108/310/10 3216/2066/10 3217/2067/10
f 3110/1886/10 3109/1133/10 3217/2067/10 3218/2068/10
f 3111/1146/10 3110/1886/10 3218/2068/10 3219/2069/10
f 3112/1256/10 3111/1146/10 3219/2069/10 3220/2070/10
f 3113/1136/10 3112/1256/10 3220/2070/10 3221/2071/10
f 3114/1521/10 3113/1136/10 3221/2071/10 3222/2072/10
f 3115/1528/10 3114/1521/10 3222/2072/10 3203/2073/10
f 3269/2074/10 3115/1528/10 3203/2073/10 3268/2075/10
f 3117/1148/10 3116/1149/10 3204/2076/10 3205/2077/10
f 3118/1276/10 3117/1148/10 3205/2077/10 3206/2078/10
f 3119/1277/10 3118/1276/10 3206/2078/10 3207/2079/10
f 3120/1242/10 3119/1277/10 3207/2079/10 3208/2080/10
f 3121/1524/10 3120/1242/10 3208/2080/10 3209/2081/10
f 3122/1526/10 3121/1524/10 3209/2081/10 3210/2082/10
f 3103/1345/10 3122/1526/10 3210/2082/10 3211/2083/10
f 3124/2051/1357 3123/2050/1324 3202/2084/1324 3183/2085/1357
f 3273/2052/1358 3124/2051/1357 3183/2085/1357 3272/2086/1358
f 3126/2054/1359 3125/2053/1361 3184/2087/1361 3185/2088/1359
f 3127/2055/1363 3126/2054/1359 3185/2088/1359 3186/2089/1363
f 3128/2056/1365 3127/2055/1363 3186/2089/1363 3187/2090/1365
f 3129/2057/1366 3128/2056/1365 3187/2090/1365 3188/2091/1366
f 3130/2058/1348 3129/2057/1366 3188/2091/1366 3189/2092/1348
f 3131/2059/1348 3130/2058/1348 3189/2092/1348 3190/2093/1348
f 3132/2060/1348 3131/2059/1348 3190/2093/1348 3191/2094/1348
f 3133/2040/1348 3132/2039/1348 3191/2095/1348 3192/2096/1348
f 3134/2041/1350 3133/2040/1348 3192/2096/1348 3193/2097/1350
f 3135/2042/1367 3134/2041/1350 3193/2097/1350 3194/2098/1367
f 3136/2043/1339 3135/2042/1367 3194/2098/1367 3195/2099/1339
f 3137/2044/1342 3136/2043/1339 3195/2099/1339 3196/2100/1342
f 3138/2045/1343 3137/2044/1342 3196/2100/1342 3197/2101/1343
f 3139/2046/1344 3138/2045/1343 3197/2101/1343 3198/2102/1344
f 3140/2047/1368 3139/2046/1344 3198/2102/1344 3199/2103/1368
f 3141/2048/1346 3140/2047/1368 3199/2103/1368 3200/2104/1346
f 3142/2049/1325 3141/2048/1346 3200/2104/1346 3201/2105/1325
f 3123/2050/1324 3142/2049/1325 3201/2105/1325 3202/2084/1324
f 3144/2106/1357 3143/2107/1324 3114/1521/1324 3115/1528/1395
f 3270/2108/1358 3144/2106/1357 3115/1528/1395 3269/2074/1358
f 3146/2109/1369 3145/2110/1361 3116/1149/1360 3117/1148/1370
f 3147/2111/1363 3146/2109/1369 3117/1148/1370 3118/1276/1371
f 3148/2112/1365 3147/2111/1363 3118/1276/1371 3119/1277/1364
f 3149/2113/1366 3148/2112/1365 3119/1277/1364 3120/1242/1366
f 3150/2114/1348 3149/2113/1366 3120/1242/1366 3121/1524/1348
f 3151/2115/1348 3150/2114/1348 3121/1524/1348 3122/1526/1348
f 3152/2116/1348 3151/2115/1348 3122/1526/1348 3103/1345/1348
f 3153/2117/1348 3152/2118/1348 3103/1211/1348 3104/1539/1348
f 3154/2119/1350 3153/2117/1348 3104/1539/1348 3105/1130/1349
f 3155/2120/1372 3154/2119/1350 3105/1130/1349 3106/1145/1351
f 3156/2121/1339 3155/2120/1372 3106/1145/1351 3107/1144/1339
f 3157/2122/1342 3156/2121/1339 3107/1144/1339 3108/310/1342
f 3158/2123/1343 3157/2122/1342 3108/310/1342 3109/1133/1343
f 3159/2124/1344 3158/2123/1343 3109/1133/1343 3110/1886/1344
f 3160/2125/1368 3159/2124/1344 3110/1886/1344 3111/1146/1368
f 3161/2126/1346 3160/2125/1368 3111/1146/1368 3112/1256/1346
f 3162/2127/1325 3161/2126/1346 3112/1256/1346 3113/1136/1325
f 3143/2107/1324 3162/2127/1325 3113/1136/1325 3114/1521/1324
f 3271/2128/1358 3163/2129/1357 3144/2106/1357 3270/2108/1358
f 3165/2130/1369 3164/2131/1361 3145/2110/1361 3146/2109/1369
f 3166/2132/1363 3165/2130/1369 3146/2109/1369 3147/2111/1363
f 3167/2133/1365 3166/2132/1363 3147/2111/1363 3148/2112/1365
f 3168/2134/1366 3167/2133/1365 3148/2112/1365 3149/2113/1366
f 3169/2135/1348 3168/2134/1366 3149/2113/1366 3150/2114/1348
f 3170/2136/1348 3169/2135/1348 3150/2114/1348 3151/2115/1348
f 3171/2137/1348 3170/2136/1348 3151/2115/1348 3152/2116/1348
f 3172/2138/1348 3171/2139/1348 3152/2118/1348 3153/2117/1348
f 3173/2140/1350 3172/2138/1348 3153/2117/1348 3154/2119/1350
f 3174/2141/1367 3173/2140/1350 3154/2119/1350 3155/2120/1372
f 3175/2142/1339 3174/2141/1367 3155/2120/1372 3156/2121/1339
f 3176/2143/1342 3175/2142/1339 3156/2121/1339 3157/2122/1342
f 3177/2144/1343 3176/2143/1342 3157/2122/1342 3158/2123/1343
f 3178/2145/1344 3177/2144/1343 3158/2123/1343 3159/2124/1344
f 3179/2146/1368 3178/2145/1344 3159/2124/1344 3160/2125/1368
f 3180/2147/1346 3179/2146/1368 3160/2125/1368 3161/2126/1346
f 3181/2148/1325 3180/2147/1346 3161/2126/1346 3162/2127/1325
f 3182/2149/1324 3181/2148/1325 3162/2127/1325 3143/2107/1324
f 3163/2129/1357 3182/2149/1324 3143/2107/1324 3144/2106/1357
f 3272/2086/1358 3183/2085/1357 3163/2129/1357 3271/2128/1358
f 3185/2088/1359 3184/2087/1361 3164/2131/1361 3165/2130/1369
f 3186/2089/1363 3185/2088/1359 3165/2130/1369 3166/2132/1363
f 3187/2090/1365 3186/2089/1363 3166/2132/1363 3167/2133/1365
f 3188/2091/1366 3187/2090/1365 3167/2133/1365 3168/2134/1366
f 3189/2092/1348 3188/2091/1366 3168/2134/1366 3169/2135/1348
f 3190/2093/1348 3189/2092/1348 3169/2135/1348 3170/2136/1348
f 3191/2094/1348 3190/2093/1348 3170/2136/1348 3171/2137/1348
f 3192/2096/1348 3191/2095/1348 3171/2139/1348 3172/2138/1348
f 3193/2097/1350 3192/2096/1348 3172/2138/1348 3173/2140/1350
f 3194/2098/1367 3193/2097/1350 3173/2140/1350 3174/2141/1367
f 3195/2099/1339 3194/2098/1367 3174/2141/1367 3175/2142/1339
f 3196/2100/1342 3195/2099/1339 3175/2142/1339 3176/2143/1342
f 3197/2101/1343 3196/2100/1342 3176/2143/1342 3177/2144/1343
f 3198/2102/1344 3197/2101/1343 3177/2144/1343 3178/2145/1344
f 3199/2103/1368 3198/2102/1344 3178/2145/1344 3179/2146/1368
f 3200/2104/1346 3199/2103/1368 3179/2146/1368 3180/2147/1346
f 3201/2105/1325 3200/2104/1346 3180/2147/1346 3181/2148/1325
f 3202/2084/1324 3201/2105/1325 3181/2148/1325 3182/2149/1324
f 3183/2085/1357 3202/2084/1324 3182/2149/1324 3163/2129/1357
f 3268/2075/10 3203/2073/10 3055/1570/10 3267/2216/10
f 3205/2077/10 3204/2076/10 3056/1573/10 3057/1545/10
f 3206/2078/10 3205/2077/10 3057/1545/10 3058/1546/10
f 3207/2079/10 3206/2078/10 3058/1546/10 3059/1949/10
f 3208/2080/10 3207/2079/10 3059/1949/10 3060/1433/10
f 3209/2081/10 3208/2080/10 3060/1433/10 3061/1241/10
f 3210/2082/10 3209/2081/10 3061/1241/10 3062/1924/10
f 3211/2083/10 3210/2082/10 3062/1924/10 3043/1576/10
f 3212/2062/10 3211/2061/10 3043/1128/10 3044/1928/10
f 3213/2063/10 3212/2062/10 3044/1928/10 3045/1617/10
f 3214/2064/10 3213/2063/10 3045/1617/10 3046/1614/10
f 3215/2065/10 3214/2064/10 3046/1614/10 3047/1932/10
f 3216/2066/10 3215/2065/10 3047/1932/10 3048/193/10
f 3217/2067/10 3216/2066/10 3048/193/10 3049/1567/10
f 3218/2068/10 3217/2067/10 3049/1567/10 3050/1936/10
f 3219/2069/10 3218/2068/10 3050/1936/10 3051/1938/10
f 3220/2070/10 3219/2069/10 3051/1938/10 3052/1572/10
f 3221/2071/10 3220/2070/10 3052/1572/10 3053/1941/10
f 3222/2072/10 3221/2071/10 3053/1941/10 3054/1943/10
f 3203/2073/10 3222/2072/10 3054/1943/10 3055/1570/10
f 3224/2172/1332 3223/2173/1331 3274/2174/1331 3275/2175/1332
f 3225/2176/1333 3224/2172/1332 3275/2175/1332 3276/2177/1333
f 3226/2178/1334 3225/2176/1333 3276/2177/1333 3277/2179/1334
f 3227/2180/1335 3226/2178/1334 3277/2179/1334 3278/2181/1335
f 3228/2182/1377 3227/2180/1335 3278/2181/1335 3279/2183/1377
f 3265/2184/1338 3228/2182/1377 3279/2183/1377 3280/2185/1338
f 3230/2186/1353 3229/2187/1396 3281/2188/1397 3282/2189/1353
f 3231/2190/1342 3230/2186/1353 3282/2189/1353 3283/2191/1342
f 3232/2192/1398 3231/2190/1342 3283/2191/1342 3284/2193/1398
f 3233/2194/1344 3232/2192/1398 3284/2193/1398 3285/2195/1344
f 3234/2196/1368 3233/2194/1344 3285/2195/1344 3286/2197/1368
f 3235/2198/1346 3234/2196/1368 3286/2197/1368 3287/2199/1346
f 3236/2200/1325 3235/2198/1346 3287/2199/1346 3288/2201/1325
f 3237/2202/1324 3236/2203/1325 3288/2204/1325 3289/2205/1324
f 3238/2206/1399 3237/2202/1324 3289/2205/1324 3290/2207/1399
f 3239/2208/1327 3238/2206/1399 3290/2207/1399 3291/2209/1327
f 3240/2210/1400 3239/2208/1327 3291/2209/1327 3292/2211/1400
f 3241/2212/1329 3240/2210/1400 3292/2211/1400 3293/2213/1329
f 3242/2214/1392 3241/2212/1329 3293/2213/1329 3294/2215/1392
f 3223/2173/1331 3242/2214/1392 3294/2215/1392 3274/2174/1331
f 3244/2021/1331 3243/2020/1330 3242/2214/1392 3223/2173/1331
f 3245/2022/1332 3244/2021/1331 3223/2173/1331 3224/2172/1332
f 3246/2023/1333 3245/2022/1332 3224/2172/1332 3225/2176/1333
f 3247/2024/1334 3246/2023/1333 3225/2176/1333 3226/2178/1334
f 3248/2025/1335 3247/2024/1334 3226/2178/1334 3227/2180/1335
f 3249/2026/1337 3248/2025/1335 3227/2180/1335 3228/2182/1377
f 3266/2028/1338 3249/2026/1337 3228/2182/1377 3265/2184/1338
f 3251/2030/1339 3250/2029/1341 3229/2187/1396 3230/2186/1353
f 3252/2031/1342 3251/2030/1339 3230/2186/1353 3231/2190/1342
f 3253/2032/1343 3252/2031/1342 3231/2190/1342 3232/2192/1398
f 3254/2033/1344 3253/2032/1343 3232/2192/1398 3233/2194/1344
f 3255/2034/1368 3254/2033/1344 3233/2194/1344 3234/2196/1368
f 3256/2035/1346 3255/2034/1368 3234/2196/1368 3235/2198/1346
f 3257/2036/1325 3256/2035/1346 3235/2198/1346 3236/2200/1325
f 3258/2015/1324 3257/2014/1325 3236/2203/1325 3237/2202/1324
f 3259/2016/1326 3258/2015/1324 3237/2202/1324 3238/2206/1399
f 3260/2017/1327 3259/2016/1326 3238/2206/1399 3239/2208/1327
f 3261/2018/1328 3260/2017/1327 3239/2208/1327 3240/2210/1400
f 3262/2019/1329 3261/2018/1328 3240/2210/1400 3241/2212/1329
f 3243/2020/1330 3262/2019/1329 3241/2212/1329 3242/2214/1392
f 3076/1825/9 3264/2037/9 3263/2038/9 3096/1138/9
f 3229/2187/1396 3265/2184/1338 3280/2185/1338 3281/2188/1397
f 3250/2029/1341 3266/2028/1338 3265/2184/1338 3229/2187/1396
f 3056/1824/1340 3267/2027/1338 3266/2028/1338 3250/2029/1341
f 3204/2076/10 3268/2075/10 3267/2216/10 3056/1573/10
f 3116/1149/10 3269/2074/10 3268/2075/10 3204/2076/10
f 3145/2110/1361 3270/2108/1358 3269/2074/1358 3116/1149/1360
f 3164/2131/1361 3271/2128/1358 3270/2108/1358 3145/2110/1361
f 3184/2087/1361 3272/2086/1358 3271/2128/1358 3164/2131/1361
f 3125/2053/1361 3273/2052/1358 3272/2086/1358 3184/2087/1361
f 3096/1138/1360 3263/2038/1358 3273/2052/1358 3125/2053/1361
f 3275/2175/1332 3274/2174/1331 3070/1816/1331 3071/1818/1332
f 3276/2177/1333 3275/2175/1332 3071/1818/1332 3072/1820/1333
f 3277/2179/1334 3276/2177/1333 3072/1820/1333 3073/1822/1334
f 3278/2181/1335 3277/2179/1334 3073/1822/1334 3074/1336/1335
f 3279/2183/1377 3278/2181/1335 3074/1336/1335 3075/1509/1393
f 3280/2185/1338 3279/2183/1377 3075/1509/1393 3264/2037/1338
f 3281/2188/1397 3280/2185/1338 3264/2037/1338 3076/1825/1340
f 3282/2189/1353 3281/2188/1397 3076/1825/1340 3077/1108/1339
f 3283/2191/1342 3282/2189/1353 3077/1108/1339 3078/1827/1342
f 3284/2193/1398 3283/2191/1342 3078/1827/1342 3079/1829/1343
f 3285/2195/1344 3284/2193/1398 3079/1829/1343 3080/1480/1344
f 3286/2197/1368 3285/2195/1344 3080/1480/1344 3081/1831/1368
f 3287/2199/1346 3286/2197/1368 3081/1831/1368 3082/1833/1346
f 3288/2201/1325 3287/2199/1346 3082/1833/1346 3063/1482/1325
f 3289/2205/1324 3288/2204/1325 3063/1484/1325 3064/1807/1324
f 3290/2207/1399 3289/2205/1324 3064/1807/1324 3065/1397/1326
f 3291/2209/1327 3290/2207/1399 3065/1397/1326 3066/1810/1327
f 3292/2211/1400 3291/2209/1327 3066/1810/1327 3067/1812/1328
f 3293/2213/1329 3292/2211/1400 3067/1812/1328 3068/1100/1329
f 3294/2215/1392 3293/2213/1329 3068/1100/1329 3069/1815/1330
f 3274/2174/1331 3294/2215/1392 3069/1815/1330 3070/1816/1331
