# Blender 4.4.1
# www.blender.org
mtllib arm.mtl
o Forearm.019
v -0.041240 -0.075282 1.578080
v -0.041058 -0.075449 1.627231
v -0.041305 -0.061454 1.674198
v -0.041747 -0.044144 1.694563
v -0.042352 -0.022159 1.708034
v -0.043062 0.002348 1.713292
v -0.043807 0.026980 1.709822
v -0.044515 0.049324 1.697965
v -0.045115 0.067194 1.678881
v -0.045736 0.082507 1.632980
v -0.046538 0.099999 1.554738
v -0.041061 -0.081320 1.577860
v -0.040849 -0.081556 1.634732
v -0.041122 -0.066476 1.683716
v -0.041585 -0.047895 1.708659
v -0.042240 -0.024228 1.722248
v -0.043000 0.002128 1.728796
v -0.043805 0.028643 1.724172
v -0.044563 0.052671 1.712319
v -0.045221 0.071941 1.688755
v -0.045882 0.088395 1.640917
v -0.046716 0.106037 1.554957
v 0.061112 -0.081580 1.576768
v 0.061323 -0.081816 1.633639
v 0.061051 -0.066736 1.682624
v 0.060589 -0.048155 1.707566
v 0.059933 -0.024488 1.721156
v 0.059173 0.001868 1.727704
v 0.058368 0.028382 1.723080
v 0.057610 0.052411 1.711227
v 0.056952 0.071680 1.687662
v 0.056291 0.088135 1.639825
v 0.055456 0.105776 1.553865
v 0.060933 -0.075542 1.576988
v 0.061115 -0.075709 1.626139
v 0.060868 -0.061714 1.673106
v 0.060426 -0.044404 1.693470
v 0.059821 -0.022420 1.706941
v 0.059111 0.002088 1.712199
v 0.058365 0.026720 1.708730
v 0.057658 0.049064 1.696872
v 0.057058 0.066934 1.677788
v 0.056437 0.082247 1.631888
v 0.055635 0.099739 1.553645
v -0.117162 -0.094090 0.318144
v 0.128915 -0.094728 0.315513
v 0.128664 -0.087569 0.305113
v 0.125160 0.012942 0.162588
v -0.120916 0.013579 0.165219
v -0.117412 -0.086932 0.307745
v 0.111909 0.159735 -0.146934
v 0.111669 0.167834 -0.146660
v -0.118870 0.168432 -0.144195
v -0.118629 0.160332 -0.144468
v -0.057985 -0.059251 0.806104
v 0.071168 -0.059581 0.804724
v 0.071013 -0.054325 0.804915
v 0.066914 0.084115 0.809954
v 0.066759 0.089370 0.810145
v -0.062396 0.089702 0.811526
v -0.062240 0.084445 0.811335
v -0.058141 -0.053995 0.806296
v -0.043406 -0.061495 1.231124
v 0.059836 -0.061758 1.230021
v 0.059685 -0.056656 1.230212
v 0.055709 0.077707 1.235243
v 0.055558 0.082808 1.235435
v -0.047684 0.083071 1.236538
v -0.047533 0.077969 1.236347
v -0.043557 -0.056393 1.231316
v 0.128178 -0.095761 0.324274
v -0.116300 -0.095128 0.326889
v -0.116555 -0.086538 0.327178
v -0.120010 0.013118 0.191186
v -0.117944 0.158485 -0.107152
v -0.118183 0.166549 -0.106881
v 0.111363 0.165955 -0.109335
v 0.111602 0.157890 -0.109607
v 0.124468 0.012485 0.188572
v 0.127924 -0.087172 0.324564
v 0.010025 -0.081450 1.577314
v 0.010237 -0.081686 1.634185
v 0.009965 -0.066606 1.683170
v 0.009502 -0.048025 1.708112
v 0.008847 -0.024358 1.721702
v 0.008087 0.001998 1.728250
v 0.007281 0.028513 1.723626
v 0.006524 0.052541 1.711773
v 0.005866 0.071811 1.688208
v 0.005204 0.088265 1.640371
v 0.004370 0.105906 1.554411
v 0.003937 0.082940 1.235986
v 0.002181 0.089536 0.810836
v -0.003209 0.166252 -0.108110
v -0.003399 0.168133 -0.145430
v -0.003159 0.160034 -0.145702
v 0.005827 -0.087251 0.306427
v 0.006078 -0.094410 0.316826
v 0.006141 -0.095445 0.325579
v 0.006592 -0.059416 0.805414
v 0.008215 -0.061626 1.230573
v -0.022864 -0.081366 1.577666
v -0.022653 -0.081602 1.634537
v -0.022925 -0.066523 1.683522
v -0.023388 -0.047941 1.708464
v -0.024043 -0.024274 1.722054
v -0.024803 0.002082 1.728602
v -0.025609 0.028596 1.723978
v -0.026366 0.052624 1.712124
v -0.027024 0.071895 1.688560
v -0.027686 0.088349 1.640723
v -0.028520 0.105990 1.554763
v -0.028491 0.083022 1.236333
v -0.039764 0.089643 0.811285
v -0.083285 0.166459 -0.107254
v -0.083821 0.168342 -0.144569
v -0.083582 0.160242 -0.144843
v -0.015424 0.013306 0.164092
v -0.080015 -0.087029 0.307345
v -0.079764 -0.094187 0.317744
v -0.079145 -0.095224 0.326491
v -0.035355 -0.059309 0.805863
v -0.024213 -0.061544 1.230919
v 0.017195 0.013222 0.163743
v 0.075290 0.159830 -0.146542
v 0.075050 0.167930 -0.146268
v 0.074952 0.166049 -0.108946
v 0.046133 0.089424 0.810366
v 0.037907 0.082853 1.235623
v 0.037589 0.105822 1.554056
v 0.038423 0.088180 1.640016
v 0.039085 0.071726 1.687853
v 0.039743 0.052456 1.711418
v 0.040500 0.028428 1.723271
v 0.041306 0.001914 1.727895
v 0.042066 -0.024443 1.721347
v 0.042721 -0.048109 1.707757
v 0.043184 -0.066691 1.682815
v 0.043456 -0.081771 1.633831
v 0.043245 -0.081535 1.576959
v 0.042185 -0.061713 1.230209
v 0.050543 -0.059529 0.804944
v 0.088642 -0.095659 0.324697
v 0.089044 -0.094624 0.315939
v 0.088793 -0.087466 0.305540
v -0.117932 -0.046860 0.272795
v -0.118812 -0.046840 0.250207
v -0.013320 -0.047113 0.249079
v 0.003267 -0.047156 0.248901
v 0.019298 -0.047198 0.248730
v 0.127264 -0.047477 0.247575
v 0.126547 -0.047493 0.270180
v -0.118753 0.074804 0.059003
v -0.119554 0.075928 0.027612
v -0.017274 0.075663 0.026518
v -0.001188 0.075622 0.026346
v 0.014427 0.075581 0.026178
v 0.119095 0.075310 0.025059
v 0.118588 0.074189 0.056465
v 0.017152 -0.015019 -0.080232
v 0.001120 -0.014978 -0.080060
v 0.003064 -0.069307 0.012175
v 0.019096 -0.069348 0.012005
v -0.015467 -0.014934 -0.079884
v -0.013523 -0.069264 0.012351
v -0.001032 0.060111 -0.055357
v -0.017119 0.060152 -0.055186
v 0.014582 0.060070 -0.055522
v 0.018171 -0.044975 -0.044780
v 0.002140 -0.044933 -0.044610
v -0.014448 -0.044890 -0.044434
v -0.014183 -0.022330 0.214218
v -0.119675 -0.022057 0.215346
v -0.118784 -0.022258 0.239320
v -0.041165 -0.075351 1.598241
v -0.040974 -0.081417 1.601188
v -0.022777 -0.081463 1.600993
v 0.010112 -0.081547 1.600642
v 0.043332 -0.081631 1.600287
v 0.061199 -0.081677 1.600096
v 0.061008 -0.075611 1.597149
v 0.125694 -0.022891 0.236705
v 0.126401 -0.022694 0.212715
v 0.018435 -0.022415 0.213870
v 0.015531 0.033661 -0.075141
v -0.000311 0.033703 -0.074973
v -0.016672 0.033745 -0.074799
v -0.016265 0.041659 0.101541
v -0.120297 0.041928 0.102653
v -0.119439 0.041165 0.131086
v -0.046008 0.088458 1.606620
v -0.046169 0.094414 1.611048
v -0.027972 0.094367 1.610854
v 0.004918 0.094283 1.610502
v 0.038137 0.094199 1.610147
v 0.056004 0.094154 1.609956
v 0.056165 0.088198 1.605528
v 0.121795 0.040540 0.128506
v 0.122403 0.041299 0.100058
v 0.015936 0.041575 0.101195
v -0.006165 -0.075372 1.577705
v -0.006090 -0.075440 1.597866
v -0.007302 -0.036981 1.579103
v -0.007801 -0.020115 1.579716
v -0.005983 -0.075538 1.626856
v -0.006230 -0.061543 1.673823
v -0.008519 0.004137 1.580599
v -0.006672 -0.044233 1.694188
v -0.007277 -0.022249 1.707659
v -0.007987 0.002259 1.712917
v -0.008732 0.026890 1.709447
v -0.009440 0.049235 1.697590
v -0.010040 0.067105 1.678506
v -0.010661 0.082418 1.632605
v -0.010933 0.088369 1.606245
v -0.009031 0.021418 1.581228
v -0.002244 -0.006035 0.807434
v -0.001809 -0.020719 0.806899
v -0.070979 -0.046981 0.272293
v -0.071831 -0.022379 0.238818
v -0.004919 0.084298 0.810722
v -0.003849 0.048166 0.809407
v -0.071218 0.074681 0.058495
v -0.069775 0.158359 -0.107667
v -0.004413 0.077860 1.235886
v -0.003376 0.042792 1.234573
v -0.001819 -0.009814 1.232603
v -0.001397 -0.024065 1.232069
v -0.011463 0.099909 1.554363
v -0.009645 0.042144 1.581983
v -0.000437 -0.056503 1.230855
v -0.000820 -0.054141 0.805683
v -0.069602 -0.086660 0.326675
v -0.002425 0.010678 1.233370
v -0.002858 0.025279 1.233917
v -0.003315 0.030123 0.808750
v -0.002869 0.015078 0.808202
v -0.072221 0.041042 0.130581
v -0.073057 0.012996 0.190684
v 0.025858 -0.075453 1.577363
v 0.025933 -0.075522 1.597523
v 0.024222 -0.020196 1.579374
v 0.024721 -0.037062 1.578760
v 0.026040 -0.075620 1.626513
v 0.025793 -0.061625 1.673481
v 0.023504 0.004056 1.580257
v 0.025351 -0.044315 1.693845
v 0.024746 -0.022330 1.707316
v 0.024036 0.002177 1.712574
v 0.023290 0.026809 1.709105
v 0.022583 0.049153 1.697248
v 0.021983 0.067023 1.678164
v 0.021362 0.082336 1.632263
v 0.021090 0.088287 1.605903
v 0.022992 0.021336 1.580886
v 0.012702 -0.020756 0.806744
v 0.012267 -0.006072 0.807279
v 0.079144 -0.022770 0.237204
v 0.079996 -0.047372 0.270679
v 0.010662 0.048130 0.809252
v 0.009592 0.084261 0.810566
v 0.063836 0.158014 -0.109097
v 0.071456 0.074311 0.056969
v 0.015606 -0.024108 1.231888
v 0.015184 -0.009857 1.232421
v 0.013627 0.042749 1.234391
v 0.012589 0.077816 1.235704
v 0.022378 0.042062 1.581640
v 0.020560 0.099828 1.554020
v 0.013691 -0.054178 0.805528
v 0.081373 -0.087051 0.325061
v 0.016566 -0.056546 1.230673
v 0.011642 0.015041 0.808047
v 0.011197 0.030086 0.808595
v 0.074980 0.040661 0.129007
v 0.077918 0.012605 0.189070
v 0.014578 0.010635 1.233188
v 0.014145 0.025236 1.233736
v 0.058231 -0.056652 1.230227
v 0.069080 -0.054320 0.804936
v 0.125991 -0.087167 0.324584
v 0.124614 -0.047487 0.270201
v 0.123762 -0.022886 0.236726
v 0.122536 0.012489 0.188593
v 0.119862 0.040545 0.128527
v 0.116655 0.074195 0.056486
v 0.109669 0.157895 -0.109586
v 0.064981 0.084119 0.809975
v 0.054255 0.077711 1.235259
v 0.054452 0.099742 1.553658
v 0.054983 0.088201 1.605540
v 0.055255 0.082250 1.631901
v 0.055875 0.066937 1.677801
v 0.056475 0.049067 1.696885
v 0.057183 0.026723 1.708742
v 0.057928 0.002091 1.712212
v 0.058638 -0.022417 1.706954
v 0.059244 -0.044401 1.693483
v 0.059685 -0.061711 1.673119
v 0.059932 -0.075706 1.626151
v 0.059825 -0.075608 1.597161
v 0.059750 -0.075539 1.577000
v -0.042103 -0.056397 1.231300
v -0.040057 -0.075285 1.578068
v -0.039983 -0.075354 1.598228
v -0.039875 -0.075452 1.627218
v -0.040123 -0.061457 1.674185
v -0.040564 -0.044147 1.694550
v -0.041170 -0.022162 1.708021
v -0.041880 0.002345 1.713279
v -0.042625 0.026977 1.709809
v -0.043332 0.049321 1.697952
v -0.043932 0.067191 1.678868
v -0.044553 0.082504 1.632967
v -0.044825 0.088455 1.606607
v -0.045355 0.099996 1.554725
v -0.046079 0.077965 1.236332
v -0.060307 0.084440 0.811315
v -0.116011 0.158480 -0.107172
v -0.116820 0.074799 0.058982
v -0.117506 0.041160 0.131065
v -0.118077 0.013113 0.191166
v -0.116852 -0.022263 0.239299
v -0.115999 -0.046864 0.272774
v -0.114622 -0.086543 0.327157
v -0.056209 -0.054000 0.806275
v 0.020017 -0.056555 1.230636
v 0.018279 -0.054190 0.805479
v 0.086708 -0.087065 0.325005
v 0.085331 -0.047386 0.270621
v 0.084479 -0.022784 0.237146
v 0.083253 0.012591 0.189013
v 0.080315 0.040647 0.128950
v 0.076791 0.074298 0.056912
v 0.069171 0.158000 -0.109153
v 0.014181 0.084249 0.810518
v 0.016041 0.077807 1.235668
v 0.023367 0.099820 1.553990
v 0.023898 0.088280 1.605873
v 0.024170 0.082329 1.632232
v 0.024790 0.067016 1.678133
v 0.025390 0.049146 1.697217
v 0.026098 0.026802 1.709074
v 0.026843 0.002170 1.712544
v 0.027553 -0.022337 1.707286
v 0.028158 -0.044322 1.693815
v 0.028600 -0.061632 1.673451
v 0.028847 -0.075627 1.626483
v 0.028740 -0.075529 1.597494
v 0.028665 -0.075460 1.577333
v -0.003888 -0.056494 1.230891
v -0.008972 -0.075364 1.577735
v -0.008897 -0.075433 1.597896
v -0.008790 -0.075531 1.626886
v -0.009037 -0.061536 1.673853
v -0.009479 -0.044226 1.694218
v -0.010085 -0.022242 1.707689
v -0.010795 0.002266 1.712946
v -0.011540 0.026897 1.709477
v -0.012247 0.049242 1.697620
v -0.012847 0.067112 1.678536
v -0.013468 0.082425 1.632635
v -0.013740 0.088376 1.606275
v -0.014270 0.099917 1.554393
v -0.007864 0.077869 1.235923
v -0.009507 0.084310 0.810771
v -0.075110 0.158374 -0.107611
v -0.076553 0.074694 0.058551
v -0.077555 0.041057 0.130638
v -0.078392 0.013010 0.190741
v -0.077166 -0.022366 0.238875
v -0.076313 -0.046967 0.272349
v -0.074936 -0.086646 0.326733
v -0.005408 -0.054129 0.805732
v -0.045752 0.083166 1.633868
v -0.045127 0.067725 1.679986
v -0.044520 0.049699 1.699571
v -0.043807 0.027166 1.711428
v -0.043056 0.002324 1.715027
v -0.042340 -0.022391 1.709624
v -0.041729 -0.044564 1.696140
v -0.041285 -0.062016 1.675263
v -0.041035 -0.076132 1.628070
v -0.041144 -0.076030 1.598571
v -0.041220 -0.075958 1.578056
v -0.043540 -0.056965 1.231294
v -0.058124 -0.054582 0.806275
v -0.116526 -0.087500 0.327146
v -0.117384 -0.087900 0.307712
v -0.079986 -0.087996 0.307312
v 0.005856 -0.088219 0.306394
v 0.088822 -0.088434 0.305507
v 0.128693 -0.088537 0.305080
v 0.127952 -0.088133 0.324531
v 0.071030 -0.054913 0.804894
v 0.059702 -0.057227 1.230190
v 0.060953 -0.076218 1.576963
v 0.061029 -0.076290 1.597478
v 0.061138 -0.076393 1.626978
v 0.060888 -0.062276 1.674171
v 0.060444 -0.044824 1.695048
v 0.059833 -0.022651 1.708532
v 0.059118 0.002063 1.713934
v 0.058366 0.026906 1.710336
v 0.057653 0.049439 1.698479
v 0.057046 0.067465 1.678893
v 0.056421 0.082906 1.632776
v 0.056147 0.088864 1.606023
v 0.055615 0.100414 1.553669
v 0.055692 0.078278 1.235265
v 0.066897 0.084702 0.809975
v 0.111575 0.158793 -0.109576
v 0.111882 0.160641 -0.146903
v 0.075263 0.160736 -0.146512
v -0.003186 0.160940 -0.145672
v -0.083608 0.161148 -0.144813
v -0.118656 0.161239 -0.144437
v -0.117971 0.159387 -0.107122
v -0.062258 0.085033 0.811356
v -0.047550 0.078540 1.236369
v -0.046558 0.100674 1.554762
v -0.046026 0.089125 1.607116
v -0.013015 -0.044894 -0.044449
v -0.012091 -0.069268 0.012336
v -0.011888 -0.047117 0.249063
v -0.072601 -0.087048 0.307265
v -0.072572 -0.088016 0.307232
v -0.072350 -0.094206 0.317665
v -0.071779 -0.095243 0.326412
v -0.031732 -0.059318 0.805824
v -0.021412 -0.061551 1.230890
v -0.020024 -0.081373 1.577635
v -0.019937 -0.081470 1.600963
v -0.019812 -0.081610 1.634507
v -0.020084 -0.066530 1.683491
v -0.020547 -0.047948 1.708434
v -0.021202 -0.024282 1.722023
v -0.021963 0.002075 1.728571
v -0.022768 0.028589 1.723948
v -0.023525 0.052617 1.712094
v -0.024183 0.071887 1.688529
v -0.024845 0.088342 1.640692
v -0.025131 0.094360 1.610823
v -0.025679 0.105983 1.554732
v -0.025690 0.083015 1.236303
v -0.036142 0.089634 0.811246
v -0.076368 0.166441 -0.107328
v -0.076875 0.168324 -0.144644
v -0.076661 0.161131 -0.144886
v -0.076635 0.160223 -0.144917
v -0.015885 0.075660 0.026503
v -0.015730 0.060149 -0.055201
v -0.015258 0.033741 -0.074814
v -0.014034 -0.014938 -0.079899
v 0.017149 -0.044972 -0.044769
v 0.018074 -0.069346 0.012015
v 0.018276 -0.047195 0.248741
v 0.083504 -0.087452 0.305596
v 0.083532 -0.088420 0.305563
v 0.083754 -0.094611 0.315996
v 0.083382 -0.095645 0.324753
v 0.047740 -0.059521 0.804974
v 0.040019 -0.061707 1.230233
v 0.041127 -0.081529 1.576982
v 0.041214 -0.081626 1.600309
v 0.041339 -0.081765 1.633853
v 0.041066 -0.066685 1.682838
v 0.040603 -0.048104 1.707780
v 0.039948 -0.024437 1.721369
v 0.039188 0.001919 1.727918
v 0.038382 0.028433 1.723294
v 0.037625 0.052462 1.711441
v 0.036967 0.071732 1.687876
v 0.036306 0.088186 1.640039
v 0.036019 0.094204 1.610170
v 0.035471 0.105827 1.554079
v 0.035741 0.082859 1.235646
v 0.043331 0.089431 0.810396
v 0.069969 0.166062 -0.108892
v 0.070048 0.167943 -0.146215
v 0.070261 0.160749 -0.146458
v 0.070288 0.159843 -0.146488
v 0.013431 0.075584 0.026190
v 0.013586 0.060073 -0.055511
v 0.014520 0.033664 -0.075130
v 0.016130 -0.015016 -0.080221
v -0.004865 -0.044915 -0.044536
v -0.003941 -0.069289 0.012249
v -0.003738 -0.047138 0.248976
v -0.030425 -0.087157 0.306814
v -0.030396 -0.088125 0.306782
v -0.030174 -0.094316 0.317214
v -0.029877 -0.095352 0.325964
v -0.011123 -0.059371 0.805604
v -0.005480 -0.061592 1.230719
v -0.003864 -0.081415 1.577463
v -0.003778 -0.081511 1.600791
v -0.003653 -0.081651 1.634334
v -0.003925 -0.066571 1.683319
v -0.004388 -0.047989 1.708261
v -0.005043 -0.024323 1.721850
v -0.005803 0.002034 1.728399
v -0.006608 0.028548 1.723775
v -0.007366 0.052576 1.711922
v -0.008024 0.071846 1.688357
v -0.008685 0.088300 1.640520
v -0.008972 0.094319 1.610651
v -0.009520 0.105942 1.554560
v -0.009758 0.082974 1.236133
v -0.015533 0.089581 0.811025
v -0.037025 0.166339 -0.107748
v -0.037362 0.168221 -0.145066
v -0.037149 0.161027 -0.145308
v -0.037122 0.160121 -0.145339
v -0.007981 0.075639 0.026418
v -0.007826 0.060128 -0.055285
v -0.007220 0.033721 -0.074900
v -0.005885 -0.014959 -0.079986
v 0.007704 -0.044947 -0.044669
v 0.008629 -0.069322 0.012115
v 0.008831 -0.047170 0.248842
v 0.034624 -0.087326 0.306119
v 0.034653 -0.088293 0.306086
v 0.034874 -0.094484 0.316518
v 0.034775 -0.095519 0.325273
v 0.021846 -0.059455 0.805251
v 0.020006 -0.061656 1.230446
v 0.021555 -0.081479 1.577191
v 0.021642 -0.081576 1.600518
v 0.021767 -0.081715 1.634062
v 0.021495 -0.066636 1.683047
v 0.021032 -0.048054 1.707989
v 0.020377 -0.024387 1.721579
v 0.019616 0.001969 1.728127
v 0.018811 0.028483 1.723503
v 0.018054 0.052512 1.711650
v 0.017396 0.071781 1.688085
v 0.016734 0.088236 1.640248
v 0.016448 0.094255 1.610379
v 0.015900 0.105877 1.554288
v 0.015728 0.082909 1.235860
v 0.017436 0.089497 0.810672
v 0.023920 0.166181 -0.108400
v 0.023830 0.168062 -0.145720
v 0.024043 0.160869 -0.145963
v 0.024070 0.159962 -0.145994
v 0.004232 0.075608 0.026287
v 0.004387 0.060096 -0.055415
v 0.005187 0.033689 -0.075031
v 0.006685 -0.014992 -0.080120
v 0.021771 0.067380 1.622326
v 0.021595 0.071133 1.604383
v 0.020795 0.091898 1.553731
v 0.012788 0.071116 1.235454
v 0.009797 0.077357 0.810315
v 0.065292 0.142021 -0.077367
v 0.070626 0.142007 -0.077424
v 0.111004 0.141903 -0.077856
v 0.112937 0.141898 -0.077877
v 0.113282 0.143605 -0.114071
v 0.076339 0.143700 -0.113676
v 0.071309 0.143713 -0.113623
v 0.024824 0.143834 -0.113126
v -0.002561 0.143904 -0.112833
v -0.036752 0.143993 -0.112467
v -0.076530 0.144096 -0.112042
v -0.083523 0.144115 -0.111967
v -0.118806 0.144206 -0.111589
v -0.118098 0.142496 -0.075406
v -0.116166 0.142491 -0.075427
v -0.075386 0.142386 -0.075862
v -0.070051 0.142372 -0.075920
v -0.004714 0.077395 0.810471
v -0.004215 0.071159 1.235635
v -0.011228 0.091980 1.554074
v -0.010428 0.071215 1.604725
v -0.010251 0.067462 1.622669
v -0.117305 0.157480 -0.096698
v -0.117331 0.158378 -0.096668
v -0.117542 0.165499 -0.096428
v -0.082859 0.165409 -0.096799
v -0.075974 0.165391 -0.096872
v -0.036806 0.165289 -0.097291
v -0.003140 0.165202 -0.097651
v 0.023882 0.165132 -0.097940
v 0.069749 0.165013 -0.098431
v 0.074713 0.165001 -0.098483
v 0.110860 0.164907 -0.098870
v 0.111071 0.157786 -0.099110
v 0.111098 0.156889 -0.099140
v 0.109165 0.156894 -0.099120
v 0.068573 0.156999 -0.098685
v 0.063238 0.157012 -0.098629
v 0.064680 0.141143 -0.067263
v 0.070781 0.073952 0.065535
v 0.074269 0.040530 0.136747
v 0.077178 0.012664 0.196121
v 0.078395 -0.022491 0.243700
v 0.079242 -0.046938 0.276790
v 0.080611 -0.086453 0.330544
v 0.085946 -0.086467 0.330487
v 0.125336 -0.086569 0.330066
v 0.127269 -0.086574 0.330045
v 0.127297 -0.087530 0.330013
v 0.127522 -0.095111 0.329757
v 0.088284 -0.095010 0.330176
v 0.083047 -0.094996 0.330232
v 0.034652 -0.094871 0.330750
v 0.006141 -0.094797 0.331055
v -0.029701 -0.094704 0.331439
v -0.071398 -0.094596 0.331883
v -0.078728 -0.094577 0.331963
v -0.115643 -0.094481 0.332357
v -0.115868 -0.086900 0.332613
v -0.115896 -0.085944 0.332645
v -0.113963 -0.085949 0.332624
v -0.074171 -0.086052 0.332199
v -0.068835 -0.086066 0.332142
v -0.070205 -0.046551 0.278388
v -0.071052 -0.022103 0.245298
v -0.072269 0.013051 0.197720
v -0.071447 0.040907 0.138305
v -0.070461 0.074318 0.067045
v -0.069313 0.141490 -0.065831
v -0.069043 0.157355 -0.097214
v -0.074378 0.157369 -0.097157
v -0.115372 0.157475 -0.096719
v 0.014433 0.074927 0.022566
v 0.015937 0.040743 0.094520
v 0.017190 0.012345 0.155187
v 0.018426 -0.023123 0.205195
v 0.019284 -0.047647 0.240900
v 0.018262 -0.047644 0.240911
v 0.008817 -0.047619 0.241011
v 0.003252 -0.047605 0.241071
v -0.003753 -0.047587 0.241146
v -0.011903 -0.047566 0.241233
v -0.013335 -0.047562 0.241248
v -0.014193 -0.023039 0.205544
v -0.015429 0.012431 0.155536
v -0.016265 0.040826 0.094864
v -0.017268 0.075008 0.022904
v -0.015879 0.075005 0.022890
v -0.007975 0.074984 0.022805
v -0.001181 0.074967 0.022733
v 0.004238 0.074953 0.022675
v 0.013438 0.074929 0.022577
v 0.014489 0.069123 -0.005936
v 0.015941 0.032836 0.034164
v 0.017142 0.003161 0.069782
v 0.018327 -0.031858 0.109488
v 0.019138 -0.055414 0.140102
v 0.018116 -0.055412 0.140113
v 0.008671 -0.055387 0.140213
v 0.003107 -0.055373 0.140272
v -0.003898 -0.055355 0.140347
v -0.012048 -0.055334 0.140433
v -0.013481 -0.055330 0.140448
v -0.014292 -0.031774 0.109835
v -0.015477 0.003245 0.070129
v -0.016261 0.032919 0.034506
v -0.017213 0.069205 -0.005599
v -0.015823 0.069202 -0.005614
v -0.007919 0.069181 -0.005698
v -0.001125 0.069164 -0.005770
v 0.004294 0.069150 -0.005827
v 0.013494 0.069126 -0.005926
v -0.042233 -0.071407 1.404492
v -0.023538 -0.071455 1.404293
v -0.020718 -0.071462 1.404262
v -0.004672 -0.071503 1.404091
v 0.009120 -0.071538 1.403943
v 0.020781 -0.071568 1.403819
v 0.040573 -0.071618 1.403607
v 0.042715 -0.071624 1.403584
v 0.060474 -0.071669 1.403394
v 0.060327 -0.066722 1.403577
v 0.060309 -0.066099 1.403600
v 0.058991 -0.066096 1.403614
v 0.024341 -0.066008 1.403984
v 0.021212 -0.066000 1.404018
v 0.020163 -0.030585 1.405324
v 0.019703 -0.015027 1.405898
v 0.019040 0.007345 1.406723
v 0.018569 0.023286 1.407310
v 0.018003 0.042405 1.408016
v 0.015605 0.128748 1.455602
v 0.015388 0.136063 1.455872
v 0.018518 0.136055 1.455838
v 0.053167 0.135966 1.455468
v 0.054486 0.135963 1.455454
v 0.054467 0.136586 1.455477
v 0.054321 0.141533 1.455659
v 0.036562 0.141578 1.455849
v 0.034420 0.141583 1.455872
v 0.014627 0.141634 1.456084
v 0.002967 0.141663 1.456208
v -0.010825 0.141698 1.456356
v -0.026871 0.141739 1.456527
v -0.029692 0.141747 1.456557
v -0.048387 0.141794 1.456757
v -0.048240 0.136848 1.456575
v -0.048222 0.136224 1.456552
v -0.046903 0.136221 1.456538
v -0.012254 0.136133 1.456167
v -0.009125 0.136125 1.456134
v -0.008908 0.128810 1.455864
v -0.006510 0.042468 1.408278
v -0.005944 0.023349 1.407573
v -0.005472 0.007407 1.406985
v -0.004810 -0.014964 1.406160
v -0.004350 -0.030523 1.405586
v -0.003301 -0.065937 1.404280
v -0.006430 -0.065929 1.404314
v -0.041080 -0.065841 1.404684
v -0.042398 -0.065838 1.404698
v -0.042380 -0.066461 1.404675
v 0.060346 -0.069676 1.368541
v 0.042608 -0.069631 1.368730
v 0.040462 -0.069626 1.368753
v 0.020625 -0.069575 1.368965
v 0.008938 -0.069546 1.369090
v -0.004834 -0.069510 1.369238
v -0.020857 -0.069470 1.369409
v -0.023674 -0.069463 1.369439
v -0.042469 -0.069415 1.369640
v -0.042613 -0.064552 1.369820
v -0.042631 -0.063939 1.369843
v -0.041286 -0.063943 1.369828
v -0.005919 -0.064033 1.369450
v -0.002725 -0.064041 1.369416
v -0.003756 -0.029225 1.370703
v -0.004209 -0.013929 1.371269
v -0.004860 0.008065 1.372083
v -0.005324 0.023737 1.372662
v -0.005880 0.042533 1.373357
v -0.007965 0.117220 1.411591
v -0.008177 0.124412 1.411857
v -0.011371 0.124420 1.411891
v -0.046738 0.124510 1.412269
v -0.048083 0.124513 1.412283
v -0.048101 0.125126 1.412306
v -0.048245 0.129989 1.412486
v -0.029450 0.129941 1.412285
v -0.026634 0.129934 1.412255
v -0.010610 0.129893 1.412084
v 0.003162 0.129858 1.411936
v 0.014849 0.129828 1.411811
v 0.034685 0.129778 1.411600
v 0.036832 0.129772 1.411577
v 0.054570 0.129727 1.411386
v 0.054713 0.124865 1.411207
v 0.054731 0.124251 1.411184
v 0.053386 0.124255 1.411199
v 0.018019 0.124345 1.411577
v 0.014826 0.124353 1.411611
v 0.015039 0.117162 1.411345
v 0.017123 0.042474 1.373112
v 0.017679 0.023678 1.372416
v 0.018143 0.008007 1.371837
v 0.018794 -0.013987 1.371023
v 0.019247 -0.029283 1.370458
v 0.020278 -0.064099 1.369170
v 0.023472 -0.064108 1.369135
v 0.058838 -0.064198 1.368757
v 0.060184 -0.064201 1.368743
v 0.060202 -0.064814 1.368720
v 0.060625 -0.074013 1.444398
v 0.042840 -0.073968 1.444588
v 0.040704 -0.073962 1.444611
v 0.020964 -0.073912 1.444822
v 0.009334 -0.073882 1.444946
v -0.004481 -0.073847 1.445094
v -0.020554 -0.073806 1.445266
v -0.023379 -0.073799 1.445296
v -0.041956 -0.073752 1.445495
v -0.042105 -0.068707 1.445680
v -0.042124 -0.068071 1.445704
v -0.040838 -0.068075 1.445690
v -0.007031 -0.068161 1.445328
v -0.003978 -0.068169 1.445296
v -0.005048 -0.032050 1.446623
v -0.005517 -0.016182 1.447207
v -0.006193 0.006634 1.448045
v -0.006674 0.022892 1.448643
v -0.007252 0.042391 1.449359
v -0.009317 0.116253 1.485981
v -0.009538 0.123713 1.486255
v -0.012591 0.123721 1.486287
v -0.046398 0.123807 1.486649
v -0.047684 0.123811 1.486663
v -0.047703 0.124446 1.486686
v -0.047853 0.129491 1.486871
v -0.029275 0.129444 1.486673
v -0.026450 0.129436 1.486642
v -0.010377 0.129395 1.486471
v 0.003438 0.129360 1.486323
v 0.015068 0.129331 1.486199
v 0.034808 0.129281 1.485988
v 0.036944 0.129275 1.485965
v 0.054729 0.129230 1.485775
v 0.054878 0.124185 1.485589
v 0.054897 0.123549 1.485566
v 0.053611 0.123553 1.485579
v 0.019804 0.123639 1.485941
v 0.016751 0.123646 1.485974
v 0.016972 0.116186 1.485700
v 0.019037 0.042324 1.449079
v 0.019615 0.022825 1.448362
v 0.020096 0.006567 1.447764
v 0.020772 -0.016249 1.446926
v 0.021241 -0.032117 1.446342
v 0.022311 -0.068236 1.445015
v 0.025364 -0.068243 1.444982
v 0.059171 -0.068329 1.444620
v 0.060457 -0.068332 1.444607
v 0.060476 -0.068968 1.444583
v 0.036676 0.136573 1.437080
v 0.034532 0.136578 1.437103
v 0.014721 0.136629 1.437315
v 0.003050 0.136658 1.437439
v -0.010734 0.136694 1.437587
v -0.026770 0.136734 1.437758
v -0.029589 0.136741 1.437788
v -0.048327 0.136790 1.437989
v -0.048181 0.131878 1.437808
v -0.048163 0.131260 1.437785
v -0.046833 0.131256 1.437771
v -0.011880 0.131167 1.437397
v -0.008723 0.131159 1.437363
v -0.008508 0.123897 1.437095
v -0.006243 0.042495 1.393474
v -0.005681 0.023513 1.392773
v -0.005213 0.007686 1.392188
v -0.004555 -0.014525 1.391368
v -0.004098 -0.029972 1.390798
v -0.003057 -0.065133 1.389500
v -0.006213 -0.065125 1.389534
v -0.041167 -0.065036 1.389907
v -0.042497 -0.065033 1.389921
v -0.042479 -0.065652 1.389898
v -0.042333 -0.070563 1.389717
v -0.023596 -0.070610 1.389517
v -0.020777 -0.070618 1.389487
v -0.004741 -0.070658 1.389315
v 0.009043 -0.070694 1.389168
v 0.020715 -0.070723 1.389043
v 0.040526 -0.070773 1.388831
v 0.042670 -0.070779 1.388808
v 0.060420 -0.070824 1.388618
v 0.060274 -0.065913 1.388800
v 0.060256 -0.065294 1.388823
v 0.058926 -0.065291 1.388837
v 0.023972 -0.065202 1.389211
v 0.020816 -0.065194 1.389244
v 0.019775 -0.030033 1.390543
v 0.019318 -0.014586 1.391113
v 0.018660 0.007626 1.391933
v 0.018192 0.023452 1.392517
v 0.017630 0.042435 1.393218
v 0.015365 0.123836 1.436840
v 0.015150 0.131098 1.437108
v 0.018306 0.131090 1.437074
v 0.053260 0.131002 1.436701
v 0.054590 0.130998 1.436686
v 0.054572 0.131617 1.436709
v 0.054426 0.136528 1.436890
v 0.054330 0.141241 1.456372
v 0.054477 0.136293 1.456189
v 0.054495 0.135670 1.456167
v 0.053178 0.135673 1.456181
v 0.018548 0.135761 1.456551
v 0.015421 0.135769 1.456584
v 0.015637 0.128450 1.456315
v 0.018027 0.042403 1.408988
v 0.018593 0.023275 1.408282
v 0.019066 0.007327 1.407694
v 0.019728 -0.015056 1.406868
v 0.020189 -0.030621 1.406295
v 0.021238 -0.066053 1.404988
v 0.024365 -0.066061 1.404955
v 0.058995 -0.066149 1.404585
v 0.060313 -0.066152 1.404570
v 0.060331 -0.066776 1.404547
v 0.060478 -0.071724 1.404365
v 0.042718 -0.071679 1.404555
v 0.040576 -0.071674 1.404578
v 0.020785 -0.071623 1.404789
v 0.009125 -0.071594 1.404914
v -0.004667 -0.071558 1.405061
v -0.020714 -0.071518 1.405233
v -0.023535 -0.071510 1.405263
v -0.042227 -0.071463 1.405463
v -0.042373 -0.066514 1.405645
v -0.042392 -0.065891 1.405668
v -0.041074 -0.065894 1.405654
v -0.006444 -0.065982 1.405284
v -0.003317 -0.065990 1.405251
v -0.004366 -0.030559 1.406557
v -0.004827 -0.014993 1.407131
v -0.005489 0.007390 1.407957
v -0.005962 0.023338 1.408545
v -0.006528 0.042466 1.409250
v -0.008918 0.128513 1.456577
v -0.009134 0.135831 1.456847
v -0.012262 0.135839 1.456880
v -0.046892 0.135927 1.457250
v -0.048209 0.135931 1.457265
v -0.048228 0.136554 1.457288
v -0.048374 0.141503 1.457470
v -0.029682 0.141455 1.457270
v -0.026861 0.141448 1.457240
v -0.010814 0.141407 1.457068
v 0.002978 0.141372 1.456921
v 0.014638 0.141343 1.456796
v 0.034429 0.141292 1.456585
v 0.036571 0.141287 1.456562
v 0.065586 -0.060654 1.014244
v 0.046425 -0.060605 1.014449
v 0.043937 -0.060598 1.014475
v 0.020940 -0.060540 1.014721
v 0.007391 -0.060505 1.014866
v -0.008343 -0.060465 1.015035
v -0.026648 -0.060418 1.015230
v -0.029866 -0.060410 1.015265
v -0.050803 -0.060357 1.015488
v -0.050939 -0.055756 1.015658
v -0.050956 -0.055176 1.015679
v -0.049259 -0.055181 1.015661
v -0.004659 -0.055294 1.015185
v -0.000632 -0.055305 1.015141
v -0.001606 -0.022367 1.016357
v -0.002035 -0.007897 1.016891
v -0.002650 0.012911 1.017659
v -0.003089 0.027736 1.018206
v -0.003616 0.045519 1.018862
v -0.004468 0.074323 1.019925
v -0.004670 0.081126 1.020176
v -0.008698 0.081137 1.020220
v -0.053298 0.081251 1.020697
v -0.054995 0.081255 1.020715
v -0.055012 0.081834 1.020736
v -0.055148 0.086435 1.020906
v -0.034210 0.086382 1.020682
v -0.030993 0.086373 1.020648
v -0.012688 0.086326 1.020452
v 0.003046 0.086286 1.020284
v 0.016595 0.086252 1.020139
v 0.039592 0.086193 1.019893
v 0.042080 0.086186 1.019866
v 0.061241 0.086138 1.019661
v 0.061377 0.081538 1.019492
v 0.061394 0.080958 1.019470
v 0.059697 0.080962 1.019489
v 0.015097 0.081076 1.019965
v 0.011069 0.081086 1.020008
v 0.011270 0.074283 1.019758
v 0.012123 0.045479 1.018694
v 0.012649 0.027697 1.018038
v 0.013088 0.012871 1.017491
v 0.013704 -0.007937 1.016723
v 0.014133 -0.022407 1.016189
v 0.015107 -0.055345 1.014973
v 0.019135 -0.055355 1.014930
v 0.063735 -0.055469 1.014453
v 0.065432 -0.055473 1.014435
v 0.065450 -0.056053 1.014414
v 0.089521 -0.071152 0.650040
v 0.062834 -0.071084 0.650325
v 0.059239 -0.071075 0.650363
v 0.026017 -0.070989 0.650718
v 0.006445 -0.070939 0.650928
v -0.017173 -0.070878 0.651181
v -0.044650 -0.070807 0.651474
v -0.049480 -0.070795 0.651526
v -0.076763 -0.070725 0.651818
v -0.076930 -0.065107 0.652016
v -0.076950 -0.064399 0.652040
v -0.075018 -0.064405 0.652020
v -0.027802 -0.064526 0.651515
v -0.022971 -0.064538 0.651463
v -0.024084 -0.029132 0.634777
v -0.024653 -0.011268 0.624361
v -0.025471 0.014418 0.609385
v -0.025503 0.033635 0.590404
v -0.025543 0.056684 0.567639
v -0.025753 0.098269 0.525083
v -0.025802 0.108091 0.515031
v -0.030633 0.108104 0.515083
v -0.078241 0.108226 0.515592
v -0.080173 0.108231 0.515613
v -0.080193 0.108920 0.515637
v -0.080356 0.114387 0.515830
v -0.053799 0.114318 0.515546
v -0.049114 0.114306 0.515496
v -0.022461 0.114238 0.515211
v 0.000449 0.114178 0.514966
v 0.019536 0.114130 0.514762
v 0.051934 0.114046 0.514416
v 0.055440 0.114037 0.514378
v 0.081121 0.113971 0.514103
v 0.081283 0.108504 0.513910
v 0.081304 0.107815 0.513886
v 0.079371 0.107820 0.513906
v 0.031895 0.107942 0.514415
v 0.027064 0.107954 0.514466
v 0.027671 0.098131 0.524512
v 0.030241 0.056539 0.567043
v 0.031738 0.033487 0.589792
v 0.032985 0.014267 0.608759
v 0.033803 -0.011419 0.623736
v 0.034372 -0.029283 0.634152
v 0.035485 -0.064690 0.650838
v 0.040316 -0.064702 0.650786
v 0.087401 -0.064823 0.650283
v 0.089334 -0.064828 0.650263
v 0.089355 -0.065536 0.650238
v 0.117519 -0.088804 0.414064
v 0.081585 -0.088712 0.414449
v 0.076781 -0.088700 0.414500
v 0.032379 -0.088584 0.414975
v 0.006221 -0.088517 0.415255
v -0.026403 -0.088432 0.415604
v -0.064357 -0.088334 0.416009
v -0.071029 -0.088317 0.416080
v -0.105409 -0.088228 0.416449
v -0.105618 -0.081164 0.416688
v -0.105645 -0.080273 0.416719
v -0.103712 -0.080278 0.416698
v -0.061965 -0.080386 0.416252
v -0.056763 -0.080400 0.416196
v -0.058064 -0.041966 0.372200
v -0.058838 -0.019251 0.345078
v -0.059951 0.013410 0.306081
v -0.059353 0.038993 0.257310
v -0.058637 0.069676 0.198815
v -0.057847 0.130113 0.089715
v -0.057661 0.144388 0.063946
v -0.062863 0.144401 0.064002
v -0.105598 0.144512 0.064459
v -0.107531 0.144516 0.064479
v -0.107555 0.145359 0.064508
v -0.107754 0.152045 0.064736
v -0.075210 0.151960 0.064387
v -0.068903 0.151944 0.064320
v -0.033030 0.151851 0.063936
v -0.002195 0.151772 0.063607
v 0.022738 0.151707 0.063340
v 0.065060 0.151597 0.062887
v 0.069640 0.151586 0.062839
v 0.103032 0.151499 0.062481
v 0.103230 0.144814 0.062254
v 0.103255 0.143971 0.062225
v 0.101322 0.143976 0.062246
v 0.058919 0.144086 0.062699
v 0.053716 0.144099 0.062755
v 0.054938 0.129821 0.088509
v 0.060110 0.069369 0.197545
v 0.063074 0.038676 0.256001
v 0.065545 0.013086 0.304739
v 0.066658 -0.019576 0.343737
v 0.067431 -0.042291 0.370857
v 0.068733 -0.080725 0.414854
v 0.073935 -0.080738 0.414798
v 0.115351 -0.080845 0.414356
v 0.117283 -0.080850 0.414335
v 0.117310 -0.081740 0.414305
v 0.075643 -0.083125 0.489202
v 0.071221 -0.083113 0.489249
v 0.030362 -0.083008 0.489686
v 0.006292 -0.082946 0.489943
v -0.023478 -0.082869 0.490262
v -0.058112 -0.082780 0.490632
v -0.064200 -0.082764 0.490697
v -0.096330 -0.082681 0.491041
v -0.096526 -0.076075 0.491267
v -0.096551 -0.075243 0.491296
v -0.094618 -0.075248 0.491275
v -0.051139 -0.075360 0.490810
v -0.046054 -0.075372 0.490756
v -0.047296 -0.037898 0.455415
v -0.048004 -0.016721 0.433588
v -0.049023 0.013730 0.402203
v -0.048625 0.037295 0.362873
v -0.048149 0.065559 0.315701
v -0.047676 0.120021 0.227690
v -0.047564 0.132885 0.206903
v -0.052649 0.132898 0.206957
v -0.096928 0.133012 0.207430
v -0.098861 0.133017 0.207451
v -0.098884 0.133811 0.207478
v -0.099071 0.140110 0.207695
v -0.068424 0.140031 0.207366
v -0.062632 0.140016 0.207304
v -0.029680 0.139931 0.206952
v -0.001358 0.139858 0.206650
v 0.021723 0.139798 0.206403
v 0.060900 0.139696 0.205984
v 0.065140 0.139686 0.205939
v 0.096088 0.139606 0.205607
v 0.096275 0.133307 0.205391
v 0.096298 0.132513 0.205364
v 0.094366 0.132518 0.205385
v 0.050354 0.132631 0.205855
v 0.045269 0.132644 0.205909
v 0.046297 0.119778 0.226685
v 0.050644 0.065303 0.314645
v 0.053143 0.037032 0.361784
v 0.055226 0.013460 0.401088
v 0.056245 -0.016991 0.432473
v 0.056954 -0.038168 0.454299
v 0.058196 -0.075643 0.489641
v 0.063281 -0.075656 0.489587
v 0.106493 -0.075767 0.489125
v 0.108425 -0.075772 0.489104
v 0.108450 -0.076604 0.489076
v 0.108646 -0.083210 0.488849
v -0.047099 -0.016510 0.440986
v -0.046396 -0.037558 0.462370
v -0.045158 -0.074953 0.496988
v -0.050234 -0.074940 0.497042
v -0.093858 -0.074827 0.497509
v -0.095791 -0.074822 0.497529
v -0.095766 -0.075650 0.497501
v -0.095572 -0.082217 0.497275
v -0.063629 -0.082300 0.496934
v -0.057589 -0.082315 0.496869
v -0.023233 -0.082404 0.496502
v 0.006298 -0.082480 0.496186
v 0.030194 -0.082542 0.495931
v 0.070757 -0.082647 0.495497
v 0.075146 -0.082658 0.495450
v 0.107904 -0.082743 0.495100
v 0.107710 -0.076176 0.495326
v 0.107685 -0.075348 0.495354
v 0.105753 -0.075343 0.495375
v 0.062390 -0.075231 0.495838
v 0.057315 -0.075218 0.495893
v 0.056078 -0.037824 0.461274
v 0.055375 -0.016775 0.439890
v 0.054364 0.013492 0.409142
v 0.052313 0.036894 0.370626
v 0.049853 0.064963 0.324432
v 0.045574 0.118938 0.238235
v 0.044564 0.131687 0.217875
v 0.049639 0.131674 0.217821
v 0.093784 0.131560 0.217349
v 0.095717 0.131555 0.217328
v 0.095693 0.132345 0.217355
v 0.095508 0.138612 0.217571
v 0.064764 0.138691 0.217900
v 0.060552 0.138702 0.217945
v 0.021638 0.138803 0.218361
v -0.001287 0.138862 0.218606
v -0.029401 0.138934 0.218906
v -0.062108 0.139019 0.219256
v -0.067857 0.139034 0.219318
v -0.098345 0.139112 0.219644
v -0.098159 0.132845 0.219428
v -0.098136 0.132056 0.219401
v -0.096203 0.132050 0.219380
v -0.051795 0.131936 0.218905
v -0.046720 0.131923 0.218851
v -0.046826 0.119177 0.239222
v -0.047272 0.065214 0.325471
v -0.047729 0.037153 0.371696
v -0.048110 0.013757 0.410237
v 0.077025 -0.080746 0.414766
v 0.066504 -0.075664 0.489552
v 0.065625 -0.075239 0.495804
v 0.043829 -0.064711 0.650749
v 0.022069 -0.054200 0.805439
v 0.022462 -0.055364 1.014895
v 0.022867 -0.056562 1.230605
v 0.026110 -0.064114 1.369107
v 0.026580 -0.065209 1.389183
v 0.026926 -0.066014 1.403957
v 0.026948 -0.066067 1.404927
v 0.027885 -0.068250 1.444955
v 0.030984 -0.075466 1.577308
v 0.031059 -0.075535 1.597469
v 0.031166 -0.075633 1.626459
v 0.030919 -0.061638 1.673426
v 0.030477 -0.044328 1.693790
v 0.029872 -0.022343 1.707261
v 0.029162 0.002164 1.712519
v 0.028416 0.026796 1.709050
v 0.027709 0.049140 1.697193
v 0.027109 0.067010 1.678109
v 0.026488 0.082323 1.632208
v 0.026216 0.088274 1.605848
v 0.025686 0.099815 1.553965
v 0.022326 0.123632 1.485914
v 0.021131 0.135754 1.456523
v 0.021102 0.136048 1.455811
v 0.020914 0.131084 1.437046
v 0.020658 0.124338 1.411549
v 0.018891 0.077800 1.235637
v 0.018424 0.081068 1.019930
v 0.017970 0.084240 0.810477
v 0.035436 0.107932 0.514377
v 0.052931 0.131665 0.217786
v 0.053637 0.132623 0.205820
v 0.062081 0.144077 0.062665
v 0.071601 0.156991 -0.098718
v 0.072192 0.157992 -0.109186
v 0.073638 0.142000 -0.077456
v 0.079764 0.074289 0.056880
v 0.083265 0.040640 0.128919
v 0.086183 0.012584 0.188982
v 0.087409 -0.022792 0.237115
v 0.088261 -0.047393 0.270590
v 0.089638 -0.087072 0.324973
v 0.088884 -0.086475 0.330456
v 0.074818 -0.021602 0.274189
v 0.075642 -0.045522 0.305460
v 0.076991 -0.084707 0.356240
v 0.082285 -0.084721 0.356184
v 0.085269 -0.084729 0.356152
v 0.122292 -0.084824 0.355756
v 0.124225 -0.084830 0.355735
v 0.124253 -0.085765 0.355703
v 0.124473 -0.093189 0.355453
v 0.086242 -0.093090 0.355861
v 0.081137 -0.093077 0.355916
v 0.033959 -0.092955 0.356421
v 0.006165 -0.092883 0.356717
v -0.028696 -0.092793 0.357090
v -0.069253 -0.092688 0.357524
v -0.076382 -0.092669 0.357600
v -0.112524 -0.092576 0.357986
v -0.112744 -0.085152 0.358238
v -0.112772 -0.084216 0.358269
v -0.110839 -0.084221 0.358249
v -0.070451 -0.084326 0.357817
v -0.065156 -0.084339 0.357760
v -0.066505 -0.045154 0.306980
v -0.067329 -0.021234 0.275710
v -0.068515 0.013160 0.230746
v -0.067761 0.040324 0.174576
v -0.066857 0.072903 0.107206
v -0.065819 0.138022 -0.018423
v -0.065574 0.153403 -0.048095
v -0.070868 0.153417 -0.048038
v -0.112393 0.153524 -0.047595
v -0.114326 0.153529 -0.047574
v -0.114352 0.154410 -0.047544
v -0.114559 0.161398 -0.047307
v -0.080527 0.161310 -0.047672
v -0.073819 0.161293 -0.047744
v -0.035655 0.161194 -0.048152
v -0.002852 0.161109 -0.048502
v 0.023533 0.161041 -0.048784
v 0.068320 0.160925 -0.049263
v 0.073167 0.160912 -0.049315
v 0.108474 0.160821 -0.049693
v 0.108681 0.153832 -0.049929
v 0.108707 0.152951 -0.049959
v 0.106775 0.152957 -0.049938
v 0.068700 0.153055 -0.049531
v 0.065631 0.153063 -0.049498
v 0.060336 0.153077 -0.049442
v 0.061711 0.137692 -0.019787
v 0.067528 0.072555 0.105769
v 0.070857 0.039965 0.173094
v 0.073632 0.012792 0.229226
v -0.076133 -0.086047 0.332220
v -0.072442 -0.084320 0.357838
v -0.064023 -0.080381 0.416274
v -0.053282 -0.075354 0.490833
v -0.052384 -0.074934 0.497065
v -0.030130 -0.064520 0.651540
v -0.007912 -0.054123 0.805759
v -0.006858 -0.055289 1.015208
v -0.005772 -0.056490 1.230912
v -0.007663 -0.064028 1.369469
v -0.007937 -0.065121 1.389552
v -0.008138 -0.065925 1.404332
v -0.008151 -0.065978 1.405303
v -0.008698 -0.068157 1.445346
v -0.010504 -0.075360 1.577752
v -0.010430 -0.075429 1.597912
v -0.010323 -0.075527 1.626902
v -0.010570 -0.061532 1.673870
v -0.011011 -0.044222 1.694234
v -0.011617 -0.022238 1.707705
v -0.012327 0.002270 1.712963
v -0.013072 0.026901 1.709493
v -0.013779 0.049246 1.697636
v -0.014380 0.067116 1.678552
v -0.015000 0.082429 1.632652
v -0.015272 0.088380 1.606292
v -0.015802 0.099920 1.554409
v -0.014258 0.123726 1.486305
v -0.013969 0.135843 1.456898
v -0.013962 0.136137 1.456186
v -0.013603 0.131172 1.437415
v -0.013115 0.124424 1.411910
v -0.009748 0.077873 1.235943
v -0.010896 0.081142 1.020243
v -0.012011 0.084316 0.810798
v -0.032980 0.108109 0.515109
v -0.053984 0.131942 0.218929
v -0.054832 0.132903 0.206980
v -0.064969 0.144407 0.064024
v -0.072915 0.153422 -0.048017
v -0.076398 0.157374 -0.097136
v -0.077126 0.158379 -0.107589
v -0.077396 0.142391 -0.075841
v -0.078538 0.074700 0.058573
v -0.079525 0.041061 0.130659
v -0.080348 0.013015 0.190762
v -0.079122 -0.022360 0.238896
v -0.078269 -0.046962 0.272371
v -0.076893 -0.086641 0.326754
vn -0.4827 0.8746 0.0449
vn -0.4848 0.8746 0.0048
vn -0.9996 -0.0297 0.0036
vn -0.9995 -0.0298 0.0046
vn -0.5386 0.8285 -0.1534
vn -0.7247 0.6212 -0.2983
vn -0.7955 0.3816 -0.4706
vn -0.8400 0.1803 -0.5117
vn -0.8498 -0.0079 -0.5270
vn -0.8374 -0.1944 -0.5109
vn -0.7909 -0.3902 -0.4715
vn -0.7150 -0.6284 -0.3065
vn -0.5403 -0.8090 -0.2313
vn -0.5555 -0.8126 -0.1760
vn -0.0031 -0.9988 -0.0492
vn -0.0026 -1.0000 -0.0041
vn -0.0031 -0.9988 -0.0491
vn -0.0006 -0.9842 0.1773
vn 0.0021 -0.9108 0.4129
vn 0.0021 -0.9094 0.4160
vn -0.0006 -0.9839 0.1790
vn 0.0062 -0.6760 0.7369
vn 0.0062 -0.6716 0.7409
vn 0.0089 -0.3754 0.9268
vn 0.0090 -0.3711 0.9286
vn 0.0106 -0.0395 0.9992
vn 0.0106 -0.0327 0.9994
vn 0.0110 0.3083 0.9512
vn 0.0109 0.3122 0.9500
vn 0.0099 0.6316 0.7752
vn 0.0099 0.6350 0.7724
vn 0.0071 0.8940 0.4480
vn 0.0071 0.8947 0.4466
vn 0.0054 0.9606 0.2778
vn 0.0055 0.9607 0.2777
vn 0.0046 0.9796 0.2009
vn 0.0046 0.9796 0.2010
vn 0.9996 0.0297 -0.0024
vn 0.9996 0.0298 -0.0036
vn 0.4768 0.8790 0.0012
vn 0.4731 0.8801 0.0405
vn 0.9995 0.0298 -0.0036
vn 0.9996 0.0297 -0.0036
vn 0.7024 0.6489 -0.2925
vn 0.5286 0.8353 -0.1509
vn 0.7764 0.4243 -0.4661
vn 0.8260 0.2324 -0.5136
vn 0.8427 0.0465 -0.5363
vn 0.8374 -0.1443 -0.5272
vn 0.7967 -0.3510 -0.4920
vn 0.7266 -0.6058 -0.3240
vn 0.5464 -0.8016 -0.2427
vn 0.5647 -0.8042 -0.1855
vn -0.9994 0.0350 0.0039
vn -0.9985 0.0538 -0.0116
vn -0.9995 -0.0290 -0.0152
vn -0.9995 -0.0292 -0.0109
vn -0.9991 0.0338 -0.0258
vn -0.9995 0.0317 -0.0076
vn -0.9995 -0.0292 -0.0100
vn -0.9993 0.0046 -0.0361
vn -0.9991 -0.0113 -0.0418
vn -0.9986 -0.0278 -0.0440
vn -0.9981 -0.0447 -0.0426
vn -0.9974 -0.0611 -0.0375
vn -0.9955 -0.0911 -0.0279
vn -0.9948 -0.1002 -0.0171
vn -0.9995 -0.0291 -0.0123
vn 0.9935 0.1123 -0.0189
vn 0.9955 0.0942 -0.0034
vn 0.9994 0.0303 -0.0180
vn 0.9993 0.0304 -0.0222
vn 0.9957 0.0913 -0.0149
vn 0.9952 0.0926 -0.0331
vn 0.9994 0.0302 -0.0171
vn 0.9970 0.0639 -0.0435
vn 0.9976 0.0479 -0.0491
vn 0.9982 0.0313 -0.0512
vn 0.9987 0.0145 -0.0496
vn 0.9990 -0.0019 -0.0444
vn 0.9989 -0.0318 -0.0349
vn 0.9989 -0.0410 -0.0244
vn 0.9994 0.0303 -0.0194
vn -0.0085 -0.8023 -0.5969
vn -0.0082 -0.8246 -0.5657
vn -0.0082 -0.8230 -0.5679
vn -0.0082 -0.8179 -0.5753
vn -0.0107 0.0333 -0.9994
vn -0.0072 -0.8880 -0.4598
vn -0.0072 -0.8875 -0.4607
vn -0.0106 0.0333 -0.9994
vn -0.0018 -0.9972 0.0744
vn -0.0022 -0.9994 0.0336
vn -0.0022 -0.9995 0.0310
vn 0.9975 0.0272 0.0655
vn 0.2993 0.9541 -0.0076
vn 0.3405 0.9400 -0.0235
vn 0.9929 0.0253 0.1159
vn 0.9976 0.0446 0.0537
vn 0.9974 0.0476 0.0537
vn 0.9891 0.0951 0.1121
vn 0.9879 0.0951 0.1224
vn -0.9981 -0.0118 0.0608
vn -0.9980 -0.0148 0.0607
vn -0.9909 0.0362 0.1295
vn -0.9922 0.0362 0.1191
vn -0.3004 0.9538 -0.0051
vn -0.9968 -0.0321 0.0729
vn -0.9918 -0.0338 0.1232
vn -0.3433 0.9390 -0.0215
vn 0.9967 0.0674 0.0442
vn 0.9969 0.0671 0.0421
vn 0.9853 0.1524 0.0769
vn 0.9870 0.1387 0.0815
vn 0.3012 -0.9527 -0.0405
vn 0.9988 0.0281 0.0413
vn 0.9983 0.0279 0.0507
vn 0.3358 -0.9401 -0.0589
vn 0.0035 0.9965 0.0830
vn 0.0032 0.9984 0.0570
vn 0.0032 0.9983 0.0584
vn 0.0034 0.9965 0.0830
vn -0.9983 -0.0313 0.0485
vn -0.3010 -0.9529 -0.0374
vn -0.3349 -0.9406 -0.0554
vn -0.9978 -0.0316 0.0579
vn -0.9988 0.0078 0.0492
vn -0.9987 0.0080 0.0512
vn -0.9928 0.0801 0.0888
vn -0.9920 0.0942 0.0842
vn -0.0026 -1.0000 -0.0052
vn -0.0028 -0.9997 -0.0243
vn -0.0028 -0.9997 -0.0252
vn 0.9995 0.0290 0.0152
vn 0.3499 0.9364 0.0266
vn 0.3229 0.9463 0.0138
vn 0.9992 0.0286 0.0267
vn 0.9994 0.0301 -0.0139
vn 0.9995 0.0301 -0.0139
vn 0.9995 0.0298 -0.0066
vn 0.9993 0.0327 -0.0154
vn 0.9993 0.0337 -0.0162
vn 0.3344 -0.9371 0.0998
vn 0.9995 0.0290 0.0148
vn 0.9992 0.0285 0.0268
vn 0.3243 -0.9460 -0.0057
vn 0.0027 0.9999 0.0155
vn 0.0014 0.9940 -0.1092
vn 0.0014 0.9946 -0.1038
vn -0.9993 -0.0304 0.0220
vn -0.3293 -0.9387 0.1020
vn -0.3229 -0.9464 -0.0033
vn -0.9989 -0.0308 0.0341
vn -0.9996 -0.0257 -0.0090
vn -0.9996 -0.0268 -0.0082
vn -0.9996 -0.0296 0.0007
vn -0.9995 -0.0293 -0.0067
vn -0.9995 -0.0293 -0.0068
vn -0.3533 0.9350 0.0299
vn -0.9993 -0.0304 0.0225
vn -0.9989 -0.0309 0.0341
vn -0.3243 0.9458 0.0164
vn -0.0032 -0.9984 -0.0571
vn -0.0032 -0.9984 -0.0570
vn 0.3931 0.9182 0.0486
vn 0.9996 0.0297 -0.0020
vn 0.9996 0.0296 -0.0020
vn 0.4192 0.9067 0.0479
vn 0.9992 0.0305 -0.0251
vn 0.9990 0.0369 -0.0232
vn 0.9991 0.0362 -0.0240
vn 0.9990 0.0387 -0.0243
vn 0.9989 0.0397 -0.0238
vn 0.9996 0.0296 -0.0023
vn 0.4247 -0.8746 0.2338
vn 0.4197 -0.8769 0.2343
vn -0.0003 0.9662 -0.2577
vn -0.4197 -0.8778 0.2310
vn -0.9995 -0.0299 0.0048
vn -0.4110 -0.8816 0.2319
vn -0.9996 -0.0232 -0.0170
vn -0.9996 -0.0224 -0.0162
vn -0.9997 -0.0197 -0.0168
vn -0.9996 -0.0206 -0.0173
vn -0.9994 -0.0289 -0.0181
vn -0.9995 -0.0297 0.0050
vn -0.3986 0.9156 0.0525
vn -0.4245 0.9039 0.0521
vn -0.9995 -0.0297 0.0051
vn -0.0062 -0.9349 -0.3548
vn -0.0029 -0.9995 -0.0311
vn -0.0028 -0.9997 -0.0240
vn -0.0062 -0.9365 -0.3507
vn -0.9248 0.3046 0.2280
vn -0.9969 -0.0069 0.0784
vn -0.1185 -0.8200 -0.5599
vn -0.2722 -0.7895 -0.5501
vn -0.9819 0.1401 0.1275
vn -0.9849 0.1272 0.1171
vn -0.1384 -0.8116 -0.5676
vn -0.1546 -0.8071 -0.5699
vn -0.9874 0.1435 0.0668
vn -0.9616 0.2502 0.1126
vn -0.2075 -0.8838 -0.4194
vn -0.1294 -0.8900 -0.4372
vn -0.9992 -0.0305 0.0261
vn -0.9943 0.0931 0.0518
vn -0.1379 -0.8793 -0.4559
vn -0.7356 0.0011 -0.6774
vn 0.0011 0.9906 -0.1364
vn 0.0033 0.9981 0.0614
vn 0.0034 0.9981 0.0610
vn 0.0010 0.9895 -0.1446
vn 0.9874 0.1518 0.0446
vn 0.9994 0.0290 0.0189
vn 0.7212 0.0447 -0.6912
vn 0.1181 -0.8801 -0.4599
vn 0.9479 0.3012 0.1034
vn 0.9779 0.2005 0.0592
vn 0.1119 -0.8902 -0.4416
vn 0.1914 -0.8840 -0.4265
vn 0.9768 0.1842 0.1092
vn 0.9734 0.1959 0.1186
vn 0.1364 -0.8059 -0.5762
vn 0.1193 -0.8108 -0.5731
vn 0.9961 0.0523 0.0711
vn 0.9132 0.3472 0.2133
vn 0.2555 -0.7869 -0.5617
vn 0.0951 -0.8216 -0.5621
vn -0.0006 -0.9840 0.1781
vn 0.0021 -0.9102 0.4143
vn 0.0021 -0.9102 0.4142
vn 0.0062 -0.6740 0.7387
vn 0.0090 -0.3734 0.9276
vn 0.0106 -0.0364 0.9993
vn 0.0109 0.3101 0.9507
vn 0.0110 0.3102 0.9506
vn 0.0099 0.6332 0.7740
vn 0.0099 0.6331 0.7740
vn 0.0071 0.8943 0.4474
vn 0.0054 0.9606 0.2777
vn 0.0055 0.9606 0.2777
vn 0.0046 0.9796 0.2008
vn 0.0014 0.9944 -0.1056
vn 0.0014 0.9944 -0.1058
vn 0.0032 0.9983 0.0581
vn 0.0032 0.9983 0.0582
vn -0.0033 0.9900 -0.1408
vn 0.0032 0.9981 0.0612
vn 0.0033 0.9981 0.0612
vn 0.0010 0.9900 -0.1407
vn -0.0106 0.0335 -0.9994
vn -0.0072 -0.8878 -0.4603
vn -0.0072 -0.8878 -0.4602
vn -0.0084 -0.8096 -0.5869
vn -0.0082 -0.8239 -0.5667
vn -0.0083 -0.8094 -0.5872
vn -0.0062 -0.9358 -0.3525
vn -0.0029 -0.9996 -0.0274
vn -0.0028 -0.9996 -0.0276
vn -0.0062 -0.9357 -0.3526
vn -0.0022 -0.9995 0.0329
vn -0.0022 -0.9995 0.0328
vn -0.0028 -0.9997 -0.0247
vn -0.0028 -0.9997 -0.0246
vn -0.0031 -0.9984 -0.0571
vn -0.2691 -0.9620 -0.0457
vn -0.2806 -0.9598 -0.0075
vn -0.0031 -0.9988 -0.0493
vn -0.3361 -0.9267 0.1682
vn -0.3334 -0.8584 0.3898
vn 0.0021 -0.9107 0.4130
vn -0.0006 -0.9841 0.1774
vn -0.4494 -0.6041 0.6581
vn 0.0062 -0.6758 0.7371
vn -0.5192 -0.3295 0.7886
vn 0.0090 -0.3751 0.9269
vn -0.5187 -0.0428 0.8539
vn 0.0106 -0.0392 0.9992
vn -0.5276 0.2506 0.8117
vn 0.0110 0.3085 0.9512
vn -0.4605 0.5549 0.6928
vn 0.0099 0.6317 0.7751
vn -0.3393 0.8392 0.4251
vn -0.3651 0.8932 0.2627
vn 0.0055 0.9606 0.2778
vn -0.2741 0.9418 0.1948
vn 0.0046 0.9796 0.2011
vn -0.2034 0.9459 -0.2529
vn -0.2386 0.9381 -0.2509
vn 0.0014 0.9943 -0.1067
vn -0.2422 0.9651 -0.0993
vn -0.2136 0.9767 0.0226
vn 0.0032 0.9984 0.0568
vn -0.2043 0.9766 0.0670
vn -0.1991 0.9755 0.0936
vn 0.0041 0.9898 -0.1427
vn 0.0032 0.9981 0.0613
vn -0.1995 0.9777 0.0651
vn -0.1973 0.9714 -0.1322
vn -0.0072 -0.8879 -0.4601
vn -0.0106 0.0336 -0.9994
vn -0.0283 -0.9040 -0.4266
vn -0.0071 -0.8978 -0.4404
vn -0.0211 -0.8179 -0.5750
vn -0.0538 -0.8144 -0.5777
vn -0.0082 -0.8245 -0.5659
vn -0.0083 -0.8177 -0.5755
vn -0.2360 -0.9716 -0.0148
vn -0.0029 -0.9997 -0.0246
vn -0.0062 -0.9368 -0.3498
vn -0.2227 -0.9140 -0.3391
vn -0.2045 -0.9777 0.0476
vn -0.0022 -0.9995 0.0307
vn -0.2002 -0.9750 0.0968
vn -0.2313 -0.9727 -0.0183
vn -0.0028 -0.9997 -0.0249
vn -0.2157 -0.9765 0.0022
vn -0.2411 -0.9690 -0.0538
vn -0.2539 -0.9656 -0.0561
vn 0.0143 -0.9041 -0.4272
vn 0.1946 0.9789 0.0628
vn 0.1902 0.9715 -0.1413
vn 0.2221 0.9728 0.0657
vn 0.2097 0.9735 0.0910
vn 0.2608 0.9609 -0.0930
vn 0.2347 0.9718 0.0212
vn 0.2466 0.9368 -0.2484
vn 0.2113 0.9447 -0.2508
vn 0.2828 0.9401 0.1902
vn 0.3716 0.8930 0.2538
vn 0.3497 0.8400 0.4149
vn 0.4727 0.5653 0.6760
vn 0.5437 0.2732 0.7935
vn 0.5401 -0.0182 0.8414
vn 0.5443 -0.3023 0.7826
vn 0.4739 -0.5890 0.6546
vn 0.3483 -0.8526 0.3895
vn 0.3499 -0.9219 0.1665
vn 0.2857 -0.9583 -0.0050
vn 0.2740 -0.9605 -0.0483
vn 0.2537 -0.9659 -0.0510
vn 0.2650 -0.9626 -0.0560
vn 0.2473 -0.9687 -0.0202
vn 0.2327 -0.9725 0.0013
vn 0.2182 -0.9747 0.0487
vn 0.2034 -0.9743 0.0970
vn 0.2211 -0.9751 -0.0190
vn 0.2020 -0.9163 -0.3459
vn 0.0361 -0.8141 -0.5797
vn 0.0044 -0.8175 -0.5759
vn 0.9998 0.0200 -0.0093
vn -0.0076 -0.8621 -0.5067
vn -0.0032 -0.9984 -0.0567
vn 1.0000 0.0016 -0.0051
vn -0.0071 -0.8960 -0.4440
vn -0.0071 -0.8957 -0.4447
vn -0.0070 -0.8978 -0.4404
vn -0.0071 -0.8957 -0.4446
vn -0.0032 -0.9984 -0.0564
vn -0.0076 -0.8617 -0.5073
vn -0.0075 -0.8617 -0.5073
vn -0.9974 0.0704 -0.0126
vn -0.9980 0.0611 -0.0131
vn -0.9971 0.0765 -0.0042
vn -0.9958 0.0920 0.0014
vn -0.9926 0.1051 0.0609
vn -0.9811 0.1484 0.1238
vn -0.0081 -0.8328 -0.5535
vn -0.0081 -0.8330 -0.5532
vn -0.0081 -0.8296 -0.5583
vn 0.9853 0.1624 0.0537
vn 0.9719 0.2047 0.1159
vn 0.9908 0.1345 -0.0114
vn 0.9887 0.1500 -0.0059
vn 0.9915 0.1285 -0.0196
vn 0.9926 0.1197 -0.0201
vn -0.9995 -0.0293 -0.0069
vn -0.9902 0.0960 0.1013
vn -0.9984 0.0086 0.0554
vn -0.9983 -0.0027 0.0586
vn -0.9920 0.0585 0.1123
vn -0.1238 -0.9034 -0.4105
vn -0.9612 0.2536 0.1083
vn -0.9821 0.1525 0.1102
vn -0.1264 -0.8619 -0.4911
vn -0.0530 -0.8684 -0.4930
vn -0.0400 -0.9103 -0.4120
vn -0.0108 -0.3630 -0.9317
vn -0.0093 0.3099 -0.9507
vn -0.0093 0.3101 -0.9507
vn -0.0108 -0.3627 -0.9318
vn 0.9992 0.0385 -0.0146
vn -0.0093 0.3060 -0.9520
vn -0.0109 -0.3686 -0.9295
vn 0.9995 0.0284 -0.0145
vn 0.1085 -0.9036 -0.4145
vn 0.0258 -0.9103 -0.4132
vn 0.0372 -0.8688 -0.4938
vn 0.1091 -0.8610 -0.4967
vn 0.9726 0.2087 0.1022
vn 0.9472 0.3050 0.0994
vn 0.9971 0.0568 0.0516
vn 0.9965 0.0680 0.0483
vn 0.9836 0.1542 0.0938
vn 0.9875 0.1174 0.1050
vn 0.9990 -0.0450 0.0020
vn -0.0018 -0.9971 0.0755
vn -0.9912 -0.1321 0.0113
vn -0.9996 -0.0297 0.0037
vn -0.0018 -0.9972 0.0754
vn 0.0005 0.9804 -0.1971
vn 0.0004 0.9804 -0.1971
vn -0.9996 -0.0284 0.0036
vn -0.9997 -0.0233 0.0029
vn 0.0004 0.9804 -0.1972
vn 0.9990 0.0445 -0.0066
vn 0.9994 0.0349 -0.0044
vn 0.9995 0.0307 -0.0039
vn 0.9984 0.0548 -0.0133
vn -0.0026 0.8871 -0.4615
vn -0.0026 0.8890 -0.4579
vn -0.0026 0.8890 -0.4578
vn -1.0000 -0.0093 0.0001
vn -0.9994 -0.0280 -0.0220
vn -0.9995 -0.0285 -0.0164
vn -0.4597 -0.8532 -0.2464
vn -0.9995 -0.0298 0.0050
vn -0.2830 0.9232 0.2600
vn 0.0054 0.9623 0.2720
vn 0.0054 0.9624 0.2717
vn 0.0054 0.9623 0.2718
vn 0.0054 0.9623 0.2719
vn 0.2954 0.9202 0.2569
vn 0.4634 -0.8483 -0.2562
vn 0.9991 0.0315 -0.0290
vn 0.9992 0.0309 -0.0235
vn 0.0029 0.9988 0.0479
vn 0.0025 1.0000 0.0034
vn 0.0006 0.9835 -0.1808
vn -0.0022 0.9058 -0.4238
vn -0.0065 0.6502 -0.7597
vn -0.0090 0.3704 -0.9288
vn -0.0106 0.0327 -0.9994
vn -0.0110 -0.3132 -0.9496
vn -0.0100 -0.6116 -0.7911
vn -0.0071 -0.8912 -0.4536
vn -0.0055 -0.9593 -0.2822
vn -0.0048 -0.9759 -0.2183
vn 0.0083 0.8059 0.5920
vn 0.0084 0.8069 0.5906
vn 0.0072 0.8931 0.4498
vn 0.0070 0.8977 0.4405
vn -0.0034 -0.9968 -0.0800
vn -0.0031 -0.9985 -0.0544
vn -0.0014 -0.9948 0.1015
vn -0.0027 -0.9999 -0.0152
vn 0.0003 -0.9667 0.2558
vn 0.0003 -0.9667 0.2557
vn 0.0031 0.9985 0.0543
vn 0.0030 0.9985 0.0544
vn 0.0026 1.0000 0.0055
vn 0.0028 0.9997 0.0232
vn 0.0018 0.9977 -0.0675
vn 0.0023 0.9996 -0.0274
vn 0.0080 0.8356 0.5493
vn 0.0070 0.9061 0.4229
vn 0.0076 0.8628 0.5055
vn -0.0055 -0.9588 -0.2839
vn 0.0026 1.0000 0.0034
vn 0.0031 0.9988 0.0479
vn -0.0022 0.9078 -0.4195
vn 0.0006 0.9838 -0.1791
vn -0.0064 0.6544 -0.7562
vn -0.0089 0.3764 -0.9264
vn -0.0106 0.0394 -0.9992
vn -0.0110 -0.3076 -0.9514
vn -0.0100 -0.6083 -0.7936
vn -0.0071 -0.8901 -0.4557
vn -0.0055 -0.9593 -0.2823
vn -0.0048 -0.9758 -0.2186
vn 0.0084 0.8071 0.5904
vn 0.0084 0.8059 0.5921
vn -0.0031 -0.9985 -0.0545
vn 0.0070 0.8978 0.4404
vn -0.0027 -0.9999 -0.0151
vn -0.0015 -0.9950 0.0998
vn 0.0080 0.8357 0.5492
vn 0.0023 0.9996 -0.0277
vn 0.0028 0.9997 0.0230
vn 0.0025 1.0000 0.0056
vn 0.0031 0.9985 0.0544
vn 0.0076 0.8622 0.5065
vn 0.0068 0.9061 0.4229
vn -0.0055 -0.9589 -0.2837
vn 0.0026 1.0000 0.0056
vn 0.0028 0.9997 0.0233
vn 0.0029 0.9997 0.0233
vn 0.0019 0.9977 -0.0675
vn 0.0023 0.9997 -0.0244
vn 0.0023 0.9996 -0.0269
vn 0.0080 0.8394 0.5435
vn 0.0080 0.8368 0.5475
vn 0.0084 0.8069 0.5907
vn 0.0084 0.8059 0.5920
vn 0.0076 0.8635 0.5042
vn 0.0076 0.8626 0.5059
vn 0.0069 0.9061 0.4229
vn 0.0070 0.8976 0.4408
vn 0.0071 0.8977 0.4405
vn 0.0071 0.8931 0.4498
vn -0.0031 -0.9986 -0.0529
vn -0.0035 -0.9968 -0.0800
vn -0.0031 -0.9985 -0.0542
vn -0.0013 -0.9948 0.1022
vn -0.0014 -0.9948 0.1018
vn -0.0048 -0.9759 -0.2182
vn -0.0055 -0.9587 -0.2843
vn -0.0071 -0.8911 -0.4537
vn -0.0071 -0.8906 -0.4548
vn -0.0100 -0.6115 -0.7912
vn -0.0100 -0.6098 -0.7925
vn -0.0109 -0.3130 -0.9497
vn -0.0109 -0.3100 -0.9507
vn -0.0106 0.0330 -0.9994
vn -0.0106 0.0364 -0.9993
vn -0.0090 0.3706 -0.9288
vn -0.0090 0.3737 -0.9275
vn -0.0065 0.6506 -0.7594
vn -0.0064 0.6526 -0.7577
vn -0.0022 0.9058 -0.4236
vn -0.0022 0.9069 -0.4214
vn 0.0006 0.9837 -0.1799
vn 0.0029 0.9988 0.0480
vn -0.0022 0.9077 -0.4195
vn -0.0064 0.6544 -0.7561
vn -0.0089 0.3763 -0.9264
vn -0.0106 0.0393 -0.9992
vn -0.0110 -0.3081 -0.9513
vn -0.0100 -0.6085 -0.7935
vn -0.0048 -0.9759 -0.2181
vn -0.0013 -0.9949 0.1005
vn -0.0031 -0.9986 -0.0532
vn 0.0076 0.8630 0.5052
vn 0.0085 0.8059 0.5921
vn 0.0080 0.8396 0.5432
vn 0.0023 0.9997 -0.0246
vn 0.0028 0.9997 0.0231
vn 0.6401 0.6477 0.4131
vn 0.4979 0.7057 0.5040
vn 0.5888 0.6583 0.4690
vn 0.4911 0.7658 0.4152
vn 0.4723 0.8072 0.3540
vn 0.5578 0.7542 0.3465
vn 0.3313 0.8486 0.4126
vn 0.9424 -0.3331 0.0301
vn 0.8882 -0.4594 0.0071
vn 0.8718 -0.4897 -0.0136
vn 0.9102 -0.4128 0.0327
vn 0.9173 -0.3875 0.0915
vn 0.8800 -0.4619 0.1110
vn 0.9625 -0.2492 -0.1070
vn 0.9835 -0.1741 -0.0490
vn 0.0031 0.9989 0.0478
vn 0.0009 0.9836 -0.1802
vn -0.0022 0.9064 -0.4223
vn -0.0065 0.6517 -0.7584
vn -0.0090 0.3725 -0.9280
vn -0.0106 0.0350 -0.9993
vn -0.0109 -0.3113 -0.9503
vn -0.0100 -0.6104 -0.7920
vn -0.0071 -0.8908 -0.4543
vn -0.0054 -0.9593 -0.2822
vn -0.9724 -0.2296 -0.0416
vn -0.0055 -0.9589 -0.2836
vn -0.9487 -0.3006 -0.0982
vn -0.8962 -0.4332 0.0954
vn -0.8545 -0.5065 0.1157
vn -0.0014 -0.9948 0.1023
vn -0.8900 -0.4544 0.0373
vn -0.8501 -0.5267 -0.0038
vn -0.8669 -0.4982 0.0129
vn -0.9237 -0.3813 0.0356
vn -0.3216 0.8468 0.4237
vn -0.5647 0.7423 0.3606
vn -0.4736 0.8006 0.3671
vn 0.0076 0.8627 0.5056
vn -0.4903 0.7573 0.4313
vn -0.5935 0.6411 0.4865
vn -0.4946 0.6953 0.5215
vn 0.0080 0.8363 0.5482
vn -0.6539 0.6242 0.4276
vn 0.0023 0.9996 -0.0272
vn 0.0029 0.9997 0.0234
vn -0.0031 -0.9984 -0.0562
vn -0.0076 -0.8613 -0.5080
vn -0.9990 -0.0435 -0.0046
vn -0.9976 -0.0696 0.0013
vn -0.0052 -0.8299 -0.5579
vn -0.0085 -0.8044 -0.5940
vn -0.0082 -0.8231 -0.5678
vn -0.0066 -0.9347 -0.3555
vn -0.0029 -0.9995 -0.0303
vn -0.0022 -0.9994 0.0337
vn -0.0026 -1.0000 -0.0042
vn -0.0006 -0.9839 0.1789
vn 0.0021 -0.9095 0.4158
vn 0.0062 -0.6718 0.7407
vn 0.0090 -0.3714 0.9284
vn 0.0106 -0.0332 0.9994
vn 0.0109 0.3119 0.9500
vn 0.0099 0.6348 0.7726
vn 0.0071 0.8947 0.4467
vn 0.0053 0.9624 0.2717
vn 0.0014 0.9944 -0.1059
vn 0.0032 0.9983 0.0585
vn 0.0035 0.9904 -0.1380
vn 0.0032 0.9981 0.0611
vn -0.0106 0.0331 -0.9994
vn -0.0072 -0.8876 -0.4605
vn -0.9998 -0.0185 -0.0117
vn -0.0093 0.3133 -0.9496
vn -0.0025 0.8906 -0.4549
vn -0.9999 0.0036 -0.0097
vn -0.0109 -0.3574 -0.9339
vn -0.9994 -0.0321 -0.0120
vn -0.0075 -0.8616 -0.5076
vn -0.0032 -0.9984 -0.0563
vn -0.0081 -0.8335 -0.5525
vn -0.0019 -0.9971 0.0754
vn -0.0084 -0.8101 -0.5863
vn -0.0082 -0.8235 -0.5672
vn -0.0029 -0.9996 -0.0270
vn -0.0022 -0.9995 0.0322
vn -0.0006 -0.9840 0.1784
vn 0.0021 -0.9099 0.4149
vn 0.0062 -0.6731 0.7396
vn 0.0090 -0.3724 0.9280
vn 0.0106 -0.0351 0.9993
vn 0.0110 0.3109 0.9504
vn 0.0099 0.6339 0.7734
vn 0.0071 0.8945 0.4471
vn 0.0014 0.9944 -0.1057
vn 0.0032 0.9983 0.0578
vn 0.0034 0.9981 0.0612
vn 0.0010 0.9903 -0.1391
vn -0.0106 0.0334 -0.9994
vn -0.0072 -0.8877 -0.4605
vn -0.0071 -0.8956 -0.4447
vn -0.0025 0.8900 -0.4560
vn -0.0093 0.3120 -0.9500
vn -0.0109 -0.3599 -0.9329
vn 0.0081 0.8195 0.5730
vn 0.2336 0.7982 0.5552
vn 0.0083 0.8108 0.5852
vn 0.0083 0.8229 0.5681
vn 0.0083 0.8214 0.5702
vn 0.0084 0.8122 0.5834
vn 0.0083 0.8200 0.5723
vn -0.2142 0.7983 0.5629
vn -0.9978 -0.0316 0.0580
vn -0.4297 -0.9016 -0.0491
vn -0.1988 0.9753 0.0966
vn 0.0035 0.9963 0.0859
vn 0.0035 0.9963 0.0861
vn 0.0035 0.9963 0.0860
vn 0.1969 0.9759 0.0938
vn 0.9983 0.0280 0.0508
vn 0.4360 -0.8984 -0.0535
vn -0.0035 -0.9966 -0.0828
vn -0.0034 -0.9966 -0.0827
vn -0.0035 -0.9966 -0.0825
vn 0.8694 -0.4940 0.0116
vn 0.9661 0.2451 0.0806
vn 0.9637 0.2537 0.0833
vn 0.9523 0.2911 0.0915
vn 0.9605 0.2597 0.0998
vn 0.9784 0.1770 0.1071
vn 0.9763 0.1847 0.1129
vn 0.9553 0.2749 0.1090
vn 0.0018 0.9972 -0.0750
vn 0.0018 0.9973 -0.0738
vn 0.4693 0.8829 -0.0115
vn 0.0018 0.9971 -0.0756
vn 0.9929 0.0256 0.1159
vn 0.1903 -0.9762 0.1043
vn -0.0017 -0.9967 0.0817
vn -0.0017 -0.9966 0.0826
vn -0.0017 -0.9966 0.0820
vn -0.0017 -0.9966 0.0821
vn -0.0017 -0.9966 0.0825
vn -0.2011 -0.9739 0.1053
vn -0.9918 -0.0335 0.1231
vn -0.4737 0.8806 -0.0089
vn 0.0018 0.9972 -0.0754
vn -0.9684 0.2202 0.1172
vn 0.0018 0.9972 -0.0752
vn -0.9845 0.1274 0.1207
vn -0.9861 0.1197 0.1149
vn -0.9727 0.2053 0.1079
vn -0.9662 0.2377 0.0996
vn -0.9758 0.1985 0.0912
vn -0.9778 0.1900 0.0882
vn -0.8471 -0.5311 0.0172
vn -0.0035 -0.9966 -0.0826
vn 0.9994 0.0347 -0.0039
vn 0.9986 0.0526 -0.0072
vn 0.9995 0.0317 -0.0038
vn 1.0000 -0.0095 0.0001
vn -0.0016 -0.9955 0.0945
vn -0.0016 -0.9955 0.0944
vn -0.9964 -0.0841 0.0088
vn -0.9996 -0.0273 0.0034
vn -0.9997 -0.0233 0.0030
vn -1.0000 0.0009 -0.0013
vn 0.0006 0.9824 -0.1869
vn 0.0005 0.9824 -0.1868
vn 0.0005 0.9824 -0.1869
vn -0.2715 -0.9610 -0.0531
vn 0.2800 -0.9586 -0.0510
vn 0.9996 0.0298 -0.0020
vn 0.4567 0.8884 0.0467
vn 0.9938 0.1091 -0.0206
vn 0.9990 0.0347 -0.0281
vn 0.9989 0.0344 -0.0311
vn 0.9199 -0.3498 -0.1771
vn -0.0061 -0.9381 -0.3463
vn -0.0061 -0.9379 -0.3468
vn 0.4656 -0.8284 -0.3113
vn 0.9996 0.0296 -0.0009
vn 0.2523 0.9103 0.3281
vn 0.0061 0.9398 0.3418
vn 0.0060 0.9397 0.3418
vn 0.0060 0.9397 0.3419
vn 0.0060 0.9398 0.3417
vn 0.0060 0.9398 0.3418
vn -0.2363 0.9118 0.3360
vn -0.9995 -0.0298 0.0064
vn -0.4644 -0.8333 -0.2998
vn -0.0061 -0.9380 -0.3465
vn -0.0061 -0.9380 -0.3467
vn -0.9034 -0.3950 -0.1666
vn -0.9994 -0.0250 -0.0241
vn -0.9995 -0.0248 -0.0211
vn -0.9987 0.0500 -0.0138
vn 0.0032 0.9985 0.0544
vn -0.4621 0.8854 0.0495
vn 0.2742 -0.9603 -0.0510
vn -0.0032 -0.9984 -0.0569
vn -0.0031 -0.9984 -0.0569
vn -0.0031 -0.9984 -0.0570
vn -0.2623 -0.9635 -0.0533
vn -0.4337 0.8996 0.0519
vn 0.0031 0.9985 0.0545
vn -0.9984 0.0549 -0.0135
vn -0.9996 -0.0208 -0.0190
vn -0.9996 -0.0186 -0.0198
vn -0.8597 -0.4681 -0.2047
vn -0.0065 -0.9245 -0.3811
vn -0.0064 -0.9245 -0.3810
vn -0.4837 -0.8122 -0.3261
vn -0.9995 -0.0295 0.0057
vn -0.1900 0.9077 0.3742
vn 0.0064 0.9257 0.3782
vn 0.0064 0.9258 0.3781
vn 0.0064 0.9258 0.3780
vn 0.0064 0.9257 0.3781
vn 0.2079 0.9065 0.3675
vn 0.9996 0.0296 -0.0014
vn 0.4831 -0.8071 -0.3394
vn -0.0064 -0.9246 -0.3810
vn -0.0064 -0.9245 -0.3811
vn -0.0064 -0.9245 -0.3812
vn 0.8781 -0.4270 -0.2159
vn 0.9988 0.0408 -0.0268
vn 0.9989 0.0387 -0.0260
vn 0.9992 0.0305 -0.0252
vn 0.9933 0.1141 -0.0204
vn 0.4305 0.9013 0.0475
vn -0.0001 0.9720 -0.2349
vn -0.0001 0.9719 -0.2352
vn -0.0000 0.9720 -0.2351
vn -0.2042 0.9514 -0.2307
vn -0.9995 -0.0298 0.0051
vn -0.4711 -0.8580 0.2047
vn -0.0000 -0.9725 0.2331
vn 0.0001 -0.9723 0.2338
vn 0.0001 -0.9725 0.2330
vn -0.8621 -0.4965 0.1012
vn -0.9997 -0.0203 -0.0168
vn -0.9997 -0.0199 -0.0174
vn -0.9980 0.0619 -0.0132
vn -0.4320 0.9004 0.0519
vn -0.2536 -0.9658 -0.0535
vn 0.2630 -0.9632 -0.0560
vn 0.4247 0.9041 0.0477
vn 0.9926 0.1201 -0.0201
vn 0.9989 0.0395 -0.0244
vn 0.9989 0.0391 -0.0238
vn 0.8881 -0.4496 0.0958
vn 0.0001 -0.9724 0.2332
vn -0.0000 -0.9724 0.2335
vn -0.0000 -0.9724 0.2333
vn 0.4758 -0.8547 0.2075
vn 0.9996 0.0297 -0.0023
vn 0.2083 0.9508 -0.2293
vn 0.1911 -0.9769 0.0958
vn 0.2008 -0.9748 0.0968
vn -0.2008 -0.9748 0.0970
vn -0.1994 -0.9751 0.0968
vn -0.9918 -0.0335 0.1232
vn -0.9918 -0.0337 0.1232
vn -0.4133 0.9105 -0.0110
vn -0.3711 0.9284 -0.0174
vn -0.9803 0.1540 0.1236
vn -0.9571 0.2669 0.1132
vn -0.9868 0.1004 0.1268
vn -0.9899 0.0658 0.1258
vn -0.9910 0.0641 0.1171
vn -0.9882 0.0977 0.1184
vn -0.9859 0.1267 0.1093
vn -0.9866 0.1178 0.1133
vn -0.9734 0.2043 0.1038
vn -0.9847 0.1433 0.0991
vn -0.9787 0.1823 0.0947
vn -0.9885 0.1227 0.0880
vn -0.9895 0.1176 0.0834
vn -0.9828 0.1620 0.0884
vn -0.6166 -0.7870 -0.0191
vn -0.9915 -0.1148 0.0617
vn -0.3709 -0.9272 -0.0521
vn -0.3753 -0.9254 -0.0517
vn -0.1990 0.9755 0.0935
vn -0.1989 0.9756 0.0935
vn 0.2067 0.9742 0.0910
vn 0.1987 0.9758 0.0907
vn 0.9983 0.0278 0.0507
vn 0.3790 -0.9237 -0.0555
vn 0.3723 -0.9264 -0.0560
vn 0.6337 -0.7732 -0.0238
vn 0.9970 -0.0542 0.0554
vn 0.9725 0.2185 0.0807
vn 0.9816 0.1755 0.0760
vn 0.9803 0.1803 0.0805
vn 0.9674 0.2380 0.0869
vn 0.9611 0.2592 0.0958
vn 0.9755 0.2003 0.0914
vn 0.9777 0.1839 0.1017
vn 0.9788 0.1757 0.1056
vn 0.9816 0.1558 0.1108
vn 0.9863 0.1228 0.1098
vn 0.9851 0.1244 0.1184
vn 0.9802 0.1584 0.1192
vn 0.9705 0.2114 0.1157
vn 0.9431 0.3156 0.1052
vn 0.3631 0.9315 -0.0203
vn 0.4130 0.9106 -0.0128
vn 0.9929 0.0255 0.1158
vn 0.9929 0.0255 0.1159
vn 0.1914 -0.9768 0.0958
vn 0.1901 -0.9771 0.0957
vn -0.2000 -0.9750 0.0969
vn -0.4239 0.9057 -0.0094
vn -0.4525 0.8917 -0.0050
vn -0.9693 0.2156 0.1184
vn -0.9683 0.2200 0.1181
vn -0.9847 0.1230 0.1230
vn -0.9860 0.1108 0.1243
vn -0.9878 0.1032 0.1168
vn -0.9867 0.1140 0.1161
vn -0.9812 0.1579 0.1106
vn -0.9766 0.1850 0.1094
vn -0.9683 0.2288 0.1005
vn -0.9721 0.2118 0.1012
vn -0.9770 0.1927 0.0914
vn -0.9793 0.1806 0.0917
vn -0.9809 0.1735 0.0880
vn -0.9790 0.1841 0.0881
vn -0.9589 -0.2801 0.0460
vn -0.9277 -0.3715 0.0364
vn -0.4166 -0.9078 -0.0478
vn -0.3982 -0.9160 -0.0495
vn -0.9978 -0.0315 0.0580
vn -0.1987 0.9756 0.0936
vn -0.1986 0.9756 0.0935
vn 0.1987 0.9758 0.0908
vn 0.1972 0.9762 0.0907
vn 0.9983 0.0279 0.0508
vn 0.4021 -0.9140 -0.0536
vn 0.4218 -0.9052 -0.0520
vn -0.0034 -0.9968 -0.0799
vn 0.9733 -0.2258 0.0403
vn 0.9462 -0.3222 0.0309
vn 0.9675 0.2399 0.0804
vn 0.9700 0.2296 0.0803
vn 0.9680 0.2365 0.0839
vn 0.9651 0.2482 0.0837
vn 0.9547 0.2827 0.0925
vn 0.9593 0.2664 0.0932
vn 0.9713 0.2145 0.1027
vn 0.9653 0.2405 0.1015
vn 0.9792 0.1718 0.1085
vn 0.9808 0.1612 0.1093
vn 0.9787 0.1686 0.1167
vn 0.9768 0.1804 0.1153
vn 0.9566 0.2698 0.1103
vn 0.9553 0.2744 0.1100
vn 0.4476 0.8942 -0.0077
vn 0.4186 0.9081 -0.0121
vn 0.0019 0.9977 -0.0676
vn 0.0018 0.9977 -0.0676
vt 0.500000 0.078125
vt 0.490097 0.079693
vt 0.488989 0.071125
vt 0.500000 0.069381
vt 0.475858 0.081949
vt 0.454079 0.093046
vt 0.448940 0.085972
vt 0.473156 0.073633
vt 0.436796 0.110329
vt 0.429722 0.105190
vt 0.425699 0.132108
vt 0.417383 0.129406
vt 0.421875 0.156250
vt 0.413131 0.156250
vt 0.425699 0.180392
vt 0.417383 0.183094
vt 0.436796 0.202171
vt 0.429722 0.207310
vt 0.454079 0.219454
vt 0.448940 0.226528
vt 0.475858 0.230551
vt 0.473156 0.238867
vt 0.486835 0.232290
vt 0.485361 0.240800
vt 0.425000 0.588463
vt 0.430127 0.588463
vt 0.430127 0.594455
vt 0.425000 0.594455
vt 0.437500 0.588463
vt 0.450000 0.588463
vt 0.450000 0.594455
vt 0.437500 0.594455
vt 0.462500 0.588463
vt 0.462500 0.594455
vt 0.475000 0.588463
vt 0.475000 0.594455
vt 0.487500 0.588463
vt 0.487500 0.594455
vt 0.500000 0.588463
vt 0.500000 0.594455
vt 0.512500 0.588463
vt 0.512500 0.594455
vt 0.525000 0.588463
vt 0.525000 0.594455
vt 0.537500 0.588463
vt 0.537500 0.594455
vt 0.543183 0.588463
vt 0.543183 0.594455
vt 0.500000 0.930619
vt 0.488989 0.928875
vt 0.490097 0.920307
vt 0.500000 0.921875
vt 0.473156 0.926367
vt 0.448940 0.914028
vt 0.454079 0.906954
vt 0.475858 0.918051
vt 0.429722 0.894810
vt 0.436796 0.889671
vt 0.417383 0.870594
vt 0.425699 0.867892
vt 0.413131 0.843750
vt 0.421875 0.843750
vt 0.417383 0.816906
vt 0.425699 0.819608
vt 0.429722 0.792690
vt 0.436796 0.797829
vt 0.448940 0.773472
vt 0.454079 0.780546
vt 0.473156 0.761133
vt 0.475858 0.769449
vt 0.485361 0.759200
vt 0.486835 0.767710
vt 0.500000 0.112830
vt 0.500000 0.128076
vt 0.500000 0.150000
vt 0.480471 0.215161
vt 0.489350 0.220071
vt 0.500000 0.168338
vt 0.500000 0.863236
vt 0.500000 0.881135
vt 0.500000 0.837500
vt 0.480471 0.782451
vt 0.489350 0.778060
vt 0.500000 0.821879
vt 0.500000 0.697488
vt 0.497768 0.710883
vt 0.497901 0.724053
vt 0.500000 0.710938
vt 0.504108 0.620329
vt 0.500000 0.624345
vt 0.500000 0.632812
vt 0.504197 0.628520
vt 0.480054 0.817167
vt 0.481250 0.828125
vt 0.491606 0.104356
vt 0.500000 0.803143
vt 0.500000 0.772793
vt 0.500000 0.765625
vt 0.505596 0.756986
vt 0.537500 0.594455
vt 0.536703 0.588463
vt 0.500000 0.243119
vt 0.500000 0.234375
vt 0.500000 0.225960
vt 0.500000 0.190332
vt 0.500000 0.190332
vt 0.480055 0.817167
vt 0.480054 0.817167
vt 0.491606 0.104356
vt 0.480055 0.817167
vt 0.500000 0.243119
vt 0.425000 0.452841
vt 0.430127 0.452841
vt 0.430127 0.500470
vt 0.425000 0.500470
vt 0.437500 0.452841
vt 0.450000 0.452841
vt 0.450000 0.500470
vt 0.437500 0.500470
vt 0.462500 0.452841
vt 0.462500 0.500470
vt 0.475000 0.452841
vt 0.475000 0.500470
vt 0.487500 0.452841
vt 0.487500 0.500470
vt 0.500000 0.452841
vt 0.500000 0.500470
vt 0.512500 0.452841
vt 0.512500 0.500470
vt 0.525000 0.452841
vt 0.525000 0.500470
vt 0.537500 0.452841
vt 0.537500 0.500470
vt 0.543183 0.452841
vt 0.543183 0.500470
vt 0.518665 0.452841
vt 0.525000 0.500470
vt 0.518665 0.452841
vt 0.502089 0.434949
vt 0.500000 0.432694
vt 0.500000 0.500000
vt 0.502798 0.500053
vt 0.500000 0.393102
vt 0.494740 0.412805
vt 0.495803 0.517487
vt 0.452998 0.569148
vt 0.452998 0.569148
vt 0.462500 0.656250
vt 0.452998 0.569148
vt 0.462500 0.656250
vt 0.425000 0.312500
vt 0.430127 0.312500
vt 0.430127 0.387688
vt 0.425000 0.387688
vt 0.437500 0.312500
vt 0.450000 0.312500
vt 0.450000 0.387688
vt 0.437500 0.387688
vt 0.462500 0.312500
vt 0.462500 0.387688
vt 0.475000 0.312500
vt 0.475000 0.387688
vt 0.487500 0.312500
vt 0.487500 0.387688
vt 0.500000 0.312500
vt 0.500000 0.387688
vt 0.512500 0.312500
vt 0.512500 0.387688
vt 0.525000 0.312500
vt 0.525000 0.387688
vt 0.537500 0.312500
vt 0.537500 0.387688
vt 0.543183 0.312500
vt 0.543183 0.387688
vt 0.500000 0.312500
vt 0.510000 0.387688
vt 0.510000 0.387688
vt 0.500000 0.340625
vt 0.501119 0.345892
vt 0.500000 0.312894
vt 0.500000 0.335327
vt 0.500000 0.266491
vt 0.500000 0.275108
vt 0.493285 0.269609
vt 0.500000 0.246875
vt 0.440000 0.450000
vt 0.440000 0.450000
vt 0.425000 0.312500
vt 0.425000 0.312500
vt 0.440000 0.450000
vt 0.500000 0.636085
vt 0.500000 0.649940
vt 0.550000 0.688440
vt 0.543183 0.688440
vt 0.537500 0.688440
vt 0.525000 0.688440
vt 0.512500 0.688440
vt 0.500000 0.688440
vt 0.487500 0.688440
vt 0.475000 0.688440
vt 0.462500 0.688440
vt 0.450000 0.688440
vt 0.437500 0.688440
vt 0.430127 0.688440
vt 0.425000 0.688440
vt 0.500000 1.000000
vt 0.500000 0.679446
vt 0.500000 0.689058
vt 0.500000 0.667728
vt 0.500000 0.676812
vt 0.500000 0.627369
vt 0.500000 0.640172
vt 0.500000 0.496738
vt 0.500000 0.499377
vt 0.500000 0.430096
vt 0.500000 0.419098
vt 0.500000 0.496982
vt 0.500000 0.495656
vt 0.500000 0.402516
vt 0.500000 0.399643
vt 0.500000 0.287500
vt 0.500000 0.299046
vt 0.500000 0.493750
vt 0.500000 0.495108
vt 0.500000 0.412309
vt 0.500000 0.406648
vt 0.500000 0.658494
vt 0.500000 0.648076
vt 0.500000 0.654667
vt 0.500000 0.665625
vt 0.500000 0.821879
vt 0.500000 0.679446
vt 0.500000 0.496982
vt 0.500000 0.496738
vt 0.500000 0.658493
vt 0.550000 0.312500
vt 0.550000 0.387688
vt 0.550000 0.452841
vt 0.550000 0.500470
vt 0.550000 0.588463
vt 0.550000 0.594455
vt 0.500000 0.756881
vt 0.475858 0.081949
vt 0.454079 0.093046
vt 0.421875 0.156250
vt 0.500000 0.921875
vt 0.458240 0.909075
vt 0.458240 0.909075
vt 0.475858 0.918051
vt 0.442360 0.895235
vt 0.431329 0.878942
vt 0.424171 0.858248
vt 0.423950 0.856850
vt 0.423950 0.830650
vt 0.424171 0.829252
vt 0.424171 0.829252
vt 0.431329 0.808558
vt 0.442360 0.792265
vt 0.475858 0.769449
vt 0.500000 0.765625
vt 0.500000 0.159950
vt 0.500000 0.161012
vt 0.500000 0.837500
vt 0.500000 0.142941
vt 0.482873 0.080838
vt 0.482873 0.080838
vt 0.484409 0.919406
vt 0.483584 0.919275
vt 0.484409 0.919406
vt 0.486835 0.232290
vt 0.500000 0.159950
vt 0.484409 0.919406
vt 0.408159 0.282659
vt 0.451716 0.304853
vt 0.373591 0.248091
vt 0.351397 0.204534
vt 0.343750 0.156250
vt 0.351397 0.107966
vt 0.373591 0.064409
vt 0.408159 0.029841
vt 0.451716 0.007647
vt 0.480195 0.003137
vt 0.500000 -0.000000
vt 0.480195 0.996863
vt 0.451716 0.992353
vt 0.408159 0.970159
vt 0.373591 0.935591
vt 0.351397 0.892034
vt 0.343750 0.843750
vt 0.351397 0.795466
vt 0.373591 0.751909
vt 0.408159 0.717341
vt 0.451716 0.695147
vt 0.473670 0.691670
vt 0.500000 0.687500
vt 0.473670 0.308330
vt 0.500000 0.286398
vt 0.500000 0.294157
vt 0.500000 0.268737
vt 0.493502 0.291018
vt 0.441943 0.467814
vt 0.441943 0.467814
vt 0.441943 0.467814
vt 0.441943 0.467814
vt 0.430127 0.397429
vt 0.425000 0.397429
vt 0.437500 0.397429
vt 0.450000 0.397429
vt 0.462500 0.397429
vt 0.475000 0.397429
vt 0.487500 0.397429
vt 0.500000 0.397429
vt 0.512500 0.397429
vt 0.525000 0.397429
vt 0.537500 0.397429
vt 0.543183 0.397429
vt 0.550000 0.397429
vt 0.511296 0.397429
vt 0.511296 0.397429
vt 0.511296 0.397429
vt 0.501264 0.359207
vt 0.500000 0.354390
vt 0.500000 0.328773
vt 0.500000 0.349496
vt 0.500000 0.315980
vt 0.500000 0.305314
vt 0.500000 0.559448
vt 0.500000 0.563649
vt 0.500000 0.573214
vt 0.496531 0.589184
vt 0.469008 0.715906
vt 0.469008 0.715906
vt 0.425000 0.533091
vt 0.430127 0.533091
vt 0.437500 0.533091
vt 0.450000 0.533091
vt 0.462500 0.533091
vt 0.475000 0.533091
vt 0.487500 0.533091
vt 0.500000 0.533091
vt 0.512500 0.533091
vt 0.525000 0.533091
vt 0.537500 0.533091
vt 0.543183 0.533091
vt 0.550000 0.533091
vt 0.529338 0.533091
vt 0.503284 0.544642
vt 0.500000 0.546097
vt 0.500000 0.546826
vt 0.500000 0.549912
vt 0.500000 0.549912
vt 0.500000 0.551817
vt 0.500000 0.553406
vt 0.500000 0.128326
vt 0.453882 0.780742
vt 0.453882 0.906758
vt 0.500000 0.649940
vt 0.500000 0.399643
vt 0.500000 0.328773
vt 0.500000 0.640172
vt 0.481294 0.918912
vt 0.481294 0.918912
vt 0.500000 0.157001
vt 0.423335 0.852966
vt 0.423335 0.834534
vt 0.423776 0.831747
vt 0.423776 0.855753
vt 0.500000 0.159118
vt 0.482938 0.919173
vt 0.482938 0.919173
vt 0.423787 0.855821
vt 0.423787 0.831679
vt 0.482978 0.919179
vt 0.482978 0.919179
vt 0.500000 0.159169
vt 0.441943 0.467814
vt 0.447934 0.786691
vt 0.448159 0.786466
vt 0.448159 0.901034
vt 0.447934 0.900809
vt 0.500000 0.921875
vt 0.500000 0.135586
vt 0.500000 0.135871
vt 0.441943 0.467814
vt 0.440000 0.450000
vt 0.491606 0.104356
vt 0.450849 0.783775
vt 0.452958 0.781667
vt 0.452958 0.905833
vt 0.450849 0.903725
vt 0.511296 0.397429
vt 0.500000 0.129499
vt 0.500000 0.132173
s 1
usemtl aiWireframe1.020
f 1/1/1 385/4/4 384/3/3 175/2/2
f 2/5/5 383/8/3 382/7/3 3/6/6
f 3/6/6 382/7/3 381/10/3 4/9/7
f 4/9/7 381/10/3 380/12/3 5/11/8
f 5/11/8 380/12/3 379/14/3 6/13/9
f 6/13/9 379/14/3 378/16/3 7/15/10
f 7/15/10 378/16/3 377/18/3 8/17/11
f 8/17/11 377/18/3 376/20/3 9/19/12
f 9/19/12 376/20/3 375/22/3 10/21/13
f 10/21/13 375/22/3 422/24/3 191/23/14
f 464/25/15 140/28/17 179/27/16 465/26/16
f 466/29/18 139/32/21 138/31/20 467/30/19
f 467/30/19 138/31/20 137/34/23 468/33/22
f 468/33/22 137/34/23 136/36/25 469/35/24
f 469/35/24 136/36/25 135/38/27 470/37/26
f 470/37/26 135/38/27 134/40/29 471/39/28
f 471/39/28 134/40/29 133/42/31 472/41/30
f 472/41/30 133/42/31 132/44/33 473/43/32
f 473/43/32 132/44/33 131/46/35 474/45/34
f 474/45/34 131/46/35 195/48/37 475/47/36
f 397/49/38 34/52/41 181/51/40 398/50/39
f 399/53/42 35/56/45 36/55/44 400/54/43
f 400/54/43 36/55/44 37/58/46 401/57/43
f 401/57/43 37/58/46 38/60/47 402/59/39
f 402/59/39 38/60/47 39/62/48 403/61/43
f 403/61/43 39/62/48 40/64/49 404/63/43
f 404/63/43 40/64/49 41/66/50 405/65/43
f 405/65/43 41/66/50 42/68/51 406/67/43
f 406/67/43 42/68/51 43/70/52 407/69/43
f 407/69/43 43/70/52 197/72/53 408/71/43
f 202/2/54 204/74/57 203/73/56 201/1/55
f 206/6/58 207/75/60 205/5/59
f 208/9/61 207/75/60 206/6/58
f 209/11/62 207/75/60 208/9/61
f 210/13/63 207/75/60 209/11/62
f 211/15/64 207/75/60 210/13/63
f 212/17/65 207/75/60 211/15/64
f 213/19/66 207/75/60 212/17/65
f 214/21/67 577/76/3 207/75/60 213/19/66
f 576/77/3 216/78/68 207/75/60 577/76/3
f 240/52/69 243/80/72 242/79/71 241/51/70
f 244/56/73 246/81/75 245/55/74
f 245/55/74 246/81/75 247/58/76
f 247/58/76 246/81/75 248/60/77
f 248/60/77 246/81/75 249/62/78
f 249/62/78 246/81/75 250/64/79
f 250/64/79 246/81/75 251/66/80
f 251/66/80 246/81/75 252/68/81
f 252/68/81 246/81/75 551/82/43 253/70/82
f 551/82/43 246/81/75 255/84/83 552/83/43
f 458/85/84 145/88/87 392/87/86 459/86/85
f 481/89/88 414/92/91 125/91/90 482/90/89
f 970/93/92 969/94/92 142/94/94 462/93/93
f 395/49/95 1017/49/98 1016/52/97 57/52/96
f 256/80/99 1012/80/102 1011/79/101 257/79/100
f 217/74/103 983/74/106 982/73/105 218/73/104
f 62/1/107 978/1/110 977/95/109 387/95/108
f 260/96/111 1008/96/114 1007/97/113 555/97/112
f 58/98/115 1003/98/118 1002/99/117 411/99/116
f 1000/100/119 999/101/122 478/101/121 128/100/120
f 419/102/123 992/102/126 991/103/125 61/103/124
f 573/104/127 987/104/130 986/106/129 222/105/128
f 920/93/131 919/94/131 141/94/133 463/107/132
f 396/49/134 967/49/137 966/52/136 65/52/135
f 264/80/138 962/80/140 961/79/140 265/79/139
f 266/96/141 958/96/140 957/97/140 554/97/142
f 66/98/143 953/98/146 952/99/145 410/99/144
f 950/100/147 949/101/147 477/101/149 129/100/148
f 420/102/150 942/102/153 941/103/152 69/103/151
f 574/104/154 937/104/156 936/105/156 226/105/155
f 227/74/157 933/74/156 932/73/156 228/73/158
f 70/1/159 928/1/162 927/95/161 386/95/160
f 719/94/163 849/94/164 848/108/164 720/108/163
f 766/52/165 852/52/168 851/49/167 767/49/166
f 856/80/169 762/80/169 761/79/169 857/79/169
f 757/97/170 861/97/173 860/96/172 758/96/171
f 752/99/174 866/99/174 865/98/176 753/98/175
f 749/101/177 819/101/177 818/100/177 750/100/177
f 741/103/178 827/103/180 826/102/179 742/102/179
f 736/106/181 832/106/184 831/104/183 737/104/182
f 835/74/185 733/74/185 732/73/185 836/73/185
f 727/109/186 841/109/189 840/1/188 728/1/187
f 460/93/190 144/94/193 143/94/192 461/110/191
f 73/1/194 50/1/197 389/109/196 388/109/195
f 174/74/198 173/74/201 147/73/200 146/73/199
f 569/104/202 568/104/205 154/105/204 153/105/203
f 418/111/206 417/111/209 54/103/208 75/103/207
f 126/100/210 480/101/213 479/101/212 127/100/211
f 78/98/214 51/98/217 413/99/216 412/99/215
f 159/96/218 158/96/221 560/97/220 559/97/219
f 152/80/222 151/80/225 183/79/224 182/79/223
f 394/49/226 393/49/229 47/52/228 80/52/227
f 496/112/17 81/115/15 178/114/16 497/113/16
f 498/116/230 82/119/230 83/118/232 499/117/231
f 499/117/231 83/118/232 84/121/233 500/120/233
f 500/120/233 84/121/233 85/123/234 501/122/234
f 501/122/234 85/123/234 86/125/235 502/124/235
f 502/124/235 86/125/235 87/127/237 503/126/236
f 503/126/236 87/127/237 88/129/239 504/128/238
f 504/128/238 88/129/239 89/131/240 505/130/240
f 505/130/240 89/131/240 90/133/242 506/132/241
f 506/132/241 90/133/242 194/135/37 507/134/243
f 746/136/177 822/136/177 821/137/177 747/137/177
f 947/137/147 946/136/147 509/136/245 92/137/244
f 997/137/119 996/136/119 510/136/247 93/137/246
f 95/137/248 512/138/251 511/138/250 94/137/249
f 513/139/252 415/142/91 96/141/254 514/140/253
f 490/143/255 97/141/257 391/145/256 491/144/256
f 492/146/258 98/148/261 99/148/260 493/147/259
f 973/147/92 972/148/92 100/148/263 494/146/262
f 923/149/131 922/148/131 101/150/265 495/149/264
f 722/148/266 846/148/266 845/149/163 723/149/163
f 12/151/267 102/154/269 177/153/16 176/152/268
f 13/155/270 103/158/273 104/157/272 14/156/271
f 14/156/271 104/157/272 105/160/275 15/159/274
f 15/159/274 105/160/275 106/162/277 16/161/276
f 16/161/276 106/162/277 107/164/279 17/163/278
f 17/163/278 107/164/279 108/166/281 18/165/280
f 18/165/280 108/166/281 109/168/283 19/167/282
f 19/167/282 109/168/283 110/170/32 20/169/284
f 20/169/284 110/170/32 111/172/286 21/171/285
f 21/171/285 111/172/286 193/174/288 192/173/287
f 743/175/289 825/175/290 824/177/177 744/176/177
f 944/176/147 943/175/293 68/175/292 113/176/291
f 994/177/122 993/175/296 60/175/295 114/176/294
f 116/177/297 53/175/300 76/175/299 115/177/298
f 54/103/208 417/111/209 416/179/302 117/178/301
f 154/105/204 568/104/205 567/181/304 155/180/303
f 147/73/200 173/74/201 172/183/306 148/182/305
f 389/109/196 50/1/197 119/185/308 390/184/307
f 72/151/309 45/151/312 120/187/311 121/186/310
f 55/188/313 976/188/315 975/187/92 122/187/314
f 63/189/316 926/189/318 925/187/131 123/190/317
f 725/190/163 843/187/163 842/188/320 726/188/319
f 561/191/304 560/97/220 158/96/221 157/192/321
f 414/92/91 413/99/216 51/98/217 125/91/90
f 77/193/322 52/193/323 126/100/210 127/100/211
f 59/193/324 1001/193/325 1000/100/119 128/100/120
f 67/193/326 951/193/327 950/100/147 129/100/148
f 867/193/328 751/193/329 750/100/177 818/100/177
f 131/46/35 32/195/331 196/194/330 195/48/37
f 132/44/33 31/196/332 32/195/331 131/46/35
f 133/42/31 30/197/333 31/196/332 132/44/33
f 134/40/29 29/198/334 30/197/333 133/42/31
f 135/38/27 28/199/335 29/198/334 134/40/29
f 136/36/25 27/200/336 28/199/335 135/38/27
f 137/34/23 26/201/337 27/200/336 136/36/25
f 138/31/20 25/202/338 26/201/337 137/34/23
f 139/32/21 24/203/339 25/202/338 138/31/20
f 140/28/17 23/205/341 180/204/340 179/27/16
f 718/206/342 850/206/343 849/94/164 719/94/163
f 919/94/131 918/206/345 64/206/344 141/94/133
f 969/94/92 968/206/347 56/206/346 142/94/94
f 144/94/193 46/206/349 71/206/348 143/94/192
f 145/88/87 47/52/228 393/49/229 392/87/86
f 184/207/350 183/79/224 151/80/225 150/208/351
f 169/207/352 163/208/355 456/210/354 455/209/353
f 561/191/304 157/192/321 483/212/356 562/211/304
f 156/213/357 515/216/359 565/215/358 564/214/358
f 162/217/360 488/220/360 487/219/362 170/218/361
f 731/1/363 837/1/364 836/73/185 732/73/185
f 932/73/156 931/1/366 231/1/365 228/73/158
f 982/73/105 981/1/368 232/1/367 218/73/104
f 147/73/200 50/1/197 73/1/194 146/73/199
f 50/1/197 147/73/200 148/182/305 119/185/308
f 97/141/257 490/143/255 489/220/370 149/217/369
f 150/208/351 145/88/87 458/85/84 457/210/371
f 151/80/225 47/52/228 145/88/87 150/208/351
f 80/52/227 47/52/228 151/80/225 152/80/222
f 270/52/372 1013/52/373 1012/80/102 256/80/99
f 272/52/374 963/52/375 962/80/140 264/80/138
f 762/80/169 856/80/169 855/52/377 763/52/376
f 833/78/185 735/78/185 734/75/185 834/75/185
f 935/78/156 934/75/156 234/75/378 235/78/158
f 985/78/379 984/75/382 237/75/381 236/78/380
f 189/78/383 49/75/386 74/75/385 190/78/384
f 49/75/386 189/78/383 188/222/388 118/221/387
f 161/223/389 518/226/392 517/225/391 186/224/390
f 185/227/393 160/230/396 486/229/395 485/228/394
f 199/84/397 48/81/400 124/230/399 200/227/398
f 79/81/401 48/81/400 199/84/397 198/84/402
f 273/81/403 1010/81/406 1009/84/405 274/84/404
f 277/81/139 960/81/140 959/84/140 278/84/138
f 858/81/169 760/81/169 759/231/169 859/84/169
f 457/210/371 633/210/408 632/208/407 150/208/351
f 150/208/351 632/208/407 631/232/43 184/207/350
f 172/183/306 639/183/410 638/182/409 148/182/305
f 489/220/370 636/220/411 635/233/411 149/217/369
f 156/213/357 645/234/413 644/216/412 515/216/359
f 188/222/388 641/222/415 640/221/414 118/221/387
f 157/192/321 628/192/417 647/212/416 483/212/356
f 124/230/399 630/230/419 629/235/418 200/227/398
f 160/230/396 169/207/352 455/209/353 486/229/395
f 518/226/392 161/223/389 170/218/361 487/219/362
f 118/221/387 640/221/414 639/183/410 172/183/306
f 173/74/201 49/75/386 118/221/387 172/183/306
f 74/75/385 49/75/386 173/74/201 174/74/198
f 237/75/381 984/75/382 983/74/106 217/74/103
f 234/75/378 934/75/156 933/74/156 227/74/157
f 733/74/185 835/74/185 834/75/185 734/75/185
f 205/5/59 207/75/60 204/74/57 202/2/54
f 384/3/3 383/8/3 2/5/5 175/2/2
f 177/153/16 103/158/273 13/155/270 176/152/268
f 178/114/16 82/119/230 498/116/230 497/113/16
f 179/27/16 139/32/21 466/29/18 465/26/16
f 180/204/340 24/203/339 139/32/21 179/27/16
f 181/51/40 35/56/45 399/53/42 398/50/39
f 242/79/71 246/81/75 244/56/73 241/51/70
f 857/79/169 761/79/169 760/81/169 858/81/169
f 961/79/140 960/81/140 277/81/139 265/79/139
f 1011/79/101 1010/81/406 273/81/403 257/79/100
f 183/79/224 48/81/400 79/81/401 182/79/223
f 124/230/399 48/81/400 183/79/224 184/207/350
f 631/232/43 630/230/419 124/230/399 184/207/350
f 168/192/420 185/227/393 485/228/394 484/212/421
f 517/225/391 516/216/423 166/213/422 186/224/390
f 155/180/303 642/180/424 641/222/415 188/222/388
f 189/78/383 154/105/204 155/180/303 188/222/388
f 154/105/204 189/78/383 190/78/384 153/105/203
f 986/106/129 985/78/379 236/78/380 222/105/128
f 936/105/156 935/78/156 235/78/158 226/105/155
f 735/78/185 833/78/185 832/106/184 736/106/181
f 575/104/425 230/105/426 216/78/68 576/77/3
f 422/24/3 421/111/428 11/103/427 191/23/14
f 193/174/288 112/237/430 22/236/429 192/173/287
f 194/135/37 91/239/432 508/238/431 507/134/243
f 195/48/37 130/241/431 476/240/433 475/47/36
f 196/194/330 33/193/434 130/241/431 195/48/37
f 197/72/53 44/98/435 409/242/166 408/71/43
f 255/84/83 268/96/437 553/97/436 552/83/43
f 859/84/169 759/231/169 758/96/171 860/96/172
f 959/84/140 958/96/140 266/96/141 278/84/138
f 1009/84/405 1008/96/114 260/96/111 274/84/404
f 199/84/397 158/96/221 159/96/218 198/84/402
f 158/96/221 199/84/397 200/227/398 157/192/321
f 629/235/418 628/192/417 157/192/321 200/227/398
f 175/2/2 305/2/439 304/1/438 1/1/1
f 3/6/6 307/244/441 306/243/440 2/5/5
f 4/9/7 308/9/442 307/244/441 3/6/6
f 5/11/8 309/11/443 308/9/442 4/9/7
f 6/13/9 310/245/444 309/11/443 5/11/8
f 7/15/10 311/15/445 310/245/444 6/13/9
f 8/17/11 312/17/446 311/15/445 7/15/10
f 9/19/12 313/19/447 312/17/446 8/17/11
f 10/21/13 314/21/448 313/19/447 9/19/12
f 191/23/14 315/23/449 314/21/448 10/21/13
f 146/52/199 324/246/451 323/51/450 174/51/198
f 153/56/203 320/249/453 570/248/452 569/247/202
f 990/250/454 318/58/455 61/58/124 991/250/125
f 941/251/152 940/251/457 317/60/456 69/60/151
f 741/252/178 740/252/459 828/253/458 827/253/180
f 839/254/460 729/256/461 728/255/187 840/254/188
f 70/64/159 303/64/463 929/257/462 928/257/162
f 62/66/107 326/66/465 979/258/464 978/258/110
f 73/68/194 325/68/466 324/259/451 146/70/199
f 74/70/385 322/259/468 321/72/467 190/72/384
f 174/79/198 323/79/450 322/80/468 74/80/385
f 2/73/5 306/73/440 305/74/439 175/74/2
f 190/98/384 321/260/467 320/260/453 153/98/203
f 11/98/427 316/260/469 315/96/449 191/96/14
f 34/105/41 302/106/471 301/103/470 181/103/40
f 35/103/45 300/103/473 299/103/472 36/103/44
f 36/98/44 299/260/472 298/260/474 37/98/46
f 37/103/46 298/103/474 297/103/475 38/103/47
f 38/98/47 297/260/475 296/260/476 39/98/48
f 39/103/48 296/103/476 295/103/477 40/103/49
f 40/1/49 295/1/477 294/1/478 41/1/50
f 41/1/50 294/1/478 293/1/479 42/1/51
f 42/1/51 293/1/479 292/1/480 43/1/52
f 43/1/52 292/1/480 291/73/481 197/73/53
f 182/80/223 283/80/483 282/246/482 152/52/222
f 58/52/115 288/246/484 1004/246/454 1003/52/118
f 559/52/219 558/246/452 286/246/485 159/52/218
f 66/52/143 289/246/487 954/246/486 953/52/146
f 864/261/459 754/262/458 753/262/175 865/261/176
f 152/84/222 282/231/482 281/263/488 80/81/227
f 1016/264/97 1015/264/464 280/75/489 57/75/96
f 966/265/136 965/266/491 279/2/490 65/2/135
f 766/267/165 765/269/492 853/268/492 852/268/168
f 198/81/402 285/263/494 284/79/493 79/79/401
f 181/78/40 301/78/470 300/106/473 35/105/45
f 79/103/401 284/103/493 283/23/483 182/23/223
f 197/72/53 291/72/481 290/260/495 44/98/435
f 159/96/218 286/96/485 285/231/494 198/84/402
f 1173/266/496 964/265/462 327/2/498 1174/2/497
f 1171/264/499 1014/264/499 328/75/501 1172/75/500
f 1212/84/482 330/84/504 329/81/503 1213/81/502
f 1211/80/505 331/80/505 330/52/504 1212/52/482
f 1210/103/506 332/103/507 331/270/505 1211/270/505
f 1209/81/508 333/81/508 332/79/507 1210/79/506
f 1208/96/509 334/96/510 333/84/508 1209/84/508
f 1207/52/511 557/52/511 334/52/510 1208/52/509
f 1200/52/512 336/52/514 1005/52/454 1201/52/513
f 1198/52/515 337/52/516 955/52/486 1199/52/486
f 863/261/458 755/262/458 1197/262/458 1196/271/458
f 1191/72/517 339/72/481 338/98/495 1192/98/518
f 1190/1/448 340/1/448 339/73/481 1191/73/517
f 1189/1/519 341/1/520 340/1/448 1190/1/448
f 1188/1/521 342/1/522 341/1/520 1189/1/519
f 1187/1/523 343/1/524 342/1/522 1188/1/521
f 1186/103/525 344/103/526 343/103/524 1187/103/523
f 1185/98/527 345/98/528 344/98/526 1186/98/525
f 1184/103/529 346/103/530 345/103/528 1185/103/527
f 1183/98/531 347/98/532 346/98/530 1184/98/529
f 1182/103/440 348/103/533 347/103/532 1183/103/531
f 1181/78/470 349/78/470 348/105/533 1182/105/440
f 1180/105/438 350/105/471 349/103/470 1181/103/470
f 1175/272/492 764/267/492 854/268/492 1176/268/492
f 1277/254/492 1276/256/492 729/256/461 839/254/460
f 305/2/439 1282/2/470 1281/1/534 304/1/438
f 306/73/440 1283/73/473 1282/74/470 305/74/439
f 307/244/441 1284/6/535 1283/5/473 306/243/440
f 308/9/442 1285/9/536 1284/6/535 307/244/441
f 309/11/443 1286/11/537 1285/9/536 308/9/442
f 310/245/444 1287/13/538 1286/11/537 309/11/443
f 311/15/445 1288/15/539 1287/13/538 310/245/444
f 312/17/446 1289/17/540 1288/15/539 311/15/445
f 313/19/447 1290/19/479 1289/17/540 312/17/446
f 314/21/448 1291/21/480 1290/19/479 313/19/447
f 315/23/449 1292/270/541 1291/21/480 314/21/448
f 316/260/469 1293/98/518 1292/96/541 315/96/449
f 740/252/459 1298/252/458 1297/253/459 828/253/458
f 940/251/457 1300/251/486 1299/60/542 317/60/456
f 990/250/454 1302/250/454 1301/58/543 318/58/455
f 320/249/453 1310/56/509 1309/247/511 570/248/452
f 321/260/467 1311/98/494 1310/98/509 320/260/453
f 322/259/468 1312/70/544 1311/72/494 321/72/467
f 323/79/450 1313/79/545 1312/80/544 322/80/468
f 324/246/451 1314/52/504 1313/51/545 323/51/450
f 325/68/466 1315/68/546 1314/70/504 324/259/451
f 326/66/465 1273/66/547 1272/258/464 979/258/464
f 303/64/463 1275/64/548 1274/257/496 929/257/462
f 964/265/462 963/265/375 272/2/374 327/2/498
f 1014/264/499 1013/264/373 270/75/372 328/75/501
f 330/84/504 259/84/550 271/81/549 329/81/503
f 331/80/505 258/80/551 259/52/550 330/52/504
f 332/103/507 276/103/552 258/23/551 331/270/505
f 333/81/508 275/81/553 276/79/552 332/79/507
f 334/96/510 263/96/554 275/84/553 333/84/508
f 557/52/511 556/52/555 263/52/554 334/52/510
f 336/52/514 261/52/557 1006/52/556 1005/52/454
f 337/52/516 267/52/559 956/52/558 955/52/486
f 862/261/560 756/262/561 755/262/458 863/261/458
f 339/72/481 254/72/563 269/98/562 338/98/495
f 340/1/448 253/1/82 254/73/563 339/73/481
f 341/1/520 252/1/81 253/1/82 340/1/448
f 342/1/522 251/1/80 252/1/81 341/1/520
f 343/1/524 250/1/79 251/1/80 342/1/522
f 344/103/526 249/103/78 250/103/79 343/103/524
f 345/98/528 248/98/77 249/98/78 344/98/526
f 346/103/530 247/103/76 248/103/77 345/103/528
f 347/98/532 245/98/74 247/98/76 346/98/530
f 348/103/533 244/103/73 245/103/74 347/103/532
f 349/78/470 241/78/70 244/105/73 348/105/533
f 350/105/471 240/105/69 241/103/70 349/103/470
f 764/267/492 763/267/376 855/268/377 854/268/492
f 837/254/364 731/255/363 730/256/492 838/254/492
f 353/2/470 202/2/54 201/1/55 352/1/564
f 354/73/565 205/73/59 202/74/54 353/74/470
f 355/6/566 206/6/58 205/5/59 354/5/565
f 356/9/567 208/9/61 206/6/58 355/6/566
f 357/11/568 209/11/62 208/9/61 356/9/567
f 358/13/569 210/13/63 209/11/62 357/11/568
f 359/15/570 211/15/64 210/13/63 358/13/569
f 360/17/571 212/17/65 211/15/64 359/15/570
f 361/19/572 213/19/66 212/17/65 360/17/571
f 362/21/573 214/21/67 213/19/66 361/19/572
f 363/270/481 215/23/574 214/21/67 362/21/573
f 364/98/575 229/98/576 215/96/574 363/96/481
f 739/252/459 738/252/578 830/253/577 829/253/459
f 939/251/486 938/251/581 225/60/580 365/60/579
f 989/250/454 988/250/583 221/58/582 366/58/455
f 368/56/453 223/56/585 572/247/584 571/247/511
f 369/98/494 238/98/586 223/98/585 368/98/453
f 370/70/587 239/70/588 238/72/586 369/72/494
f 371/79/483 220/79/589 239/80/588 370/80/587
f 372/52/482 219/52/590 220/51/589 371/51/483
f 373/68/591 233/68/592 219/70/590 372/70/482
f 374/66/593 232/66/367 981/258/368 980/258/464
f 351/64/594 231/64/365 931/257/366 930/257/496
f 20/273/284 21/274/285 375/22/3 376/20/3
f 19/275/282 20/273/284 376/20/3 377/18/3
f 18/276/280 19/275/282 377/18/3 378/16/3
f 17/277/278 18/276/280 378/16/3 379/14/3
f 16/278/276 17/277/278 379/14/3 380/12/3
f 15/279/274 16/278/276 380/12/3 381/10/3
f 14/280/271 15/279/274 381/10/3 382/7/3
f 13/281/270 14/280/271 382/7/3 383/8/3
f 176/282/268 13/281/270 383/8/3 384/3/3
f 12/283/267 176/282/268 384/3/3 385/4/4
f 726/188/319 842/188/320 841/109/189 727/109/186
f 926/189/318 63/189/316 386/95/160 927/95/161
f 976/188/315 55/188/313 387/95/108 977/95/109
f 45/151/312 72/151/309 388/109/195 389/109/196
f 120/187/311 45/151/312 389/109/196 390/184/307
f 98/148/261 492/146/258 491/144/256 391/145/256
f 144/94/193 460/93/190 459/86/85 392/87/86
f 393/49/229 46/206/349 144/94/193 392/87/86
f 71/206/348 46/206/349 393/49/229 394/49/226
f 56/206/346 968/206/347 1017/49/98 395/49/95
f 396/49/134 64/206/344 918/206/345 967/49/137
f 850/206/343 718/206/342 767/49/166 851/49/167
f 398/50/39 180/284/340 23/206/341 397/49/38
f 399/53/42 24/285/339 180/284/340 398/50/39
f 400/54/43 25/286/338 24/285/339 399/53/42
f 401/57/43 26/287/337 25/286/338 400/54/43
f 402/59/39 27/288/336 26/287/337 401/57/43
f 403/61/43 28/289/335 27/288/336 402/59/39
f 404/63/43 29/290/334 28/289/335 403/61/43
f 405/65/43 30/291/333 29/290/334 404/63/43
f 406/67/43 31/292/332 30/291/333 405/65/43
f 407/69/43 32/293/331 31/292/332 406/67/43
f 408/71/43 196/294/330 32/293/331 407/69/43
f 409/242/166 33/295/434 196/294/330 408/71/43
f 751/193/329 867/193/328 866/99/174 752/99/174
f 951/193/327 67/193/326 410/99/144 952/99/145
f 1001/193/325 59/193/324 411/99/116 1002/99/117
f 413/99/216 52/193/323 77/193/322 412/99/215
f 126/100/210 52/193/323 413/99/216 414/92/91
f 480/101/213 126/100/210 414/92/91 481/89/88
f 512/138/251 95/137/248 415/142/91 513/139/252
f 53/175/300 116/177/297 416/179/302 417/111/209
f 76/175/299 53/175/300 417/111/209 418/111/206
f 60/175/295 993/175/296 992/102/126 419/102/123
f 420/102/150 68/175/292 943/175/293 942/102/153
f 825/175/290 743/175/289 742/102/179 826/102/179
f 192/296/287 22/175/429 421/111/428 422/24/3
f 21/274/285 192/296/287 422/24/3 375/22/3
f 424/297/595 165/182/598 171/183/597 423/298/596
f 148/182/305 638/182/409 637/297/411 425/297/599
f 426/299/600 119/185/308 148/182/305 425/297/599
f 119/185/308 426/299/600 427/300/601 390/184/307
f 427/300/601 428/301/602 120/187/311 390/184/307
f 120/187/311 428/301/602 429/302/603 121/186/310
f 975/187/92 974/301/92 430/301/604 122/187/314
f 925/187/131 924/303/131 431/303/265 123/190/317
f 843/187/163 725/190/163 724/303/266 844/304/163
f 102/154/269 432/306/17 433/305/605 177/153/16
f 434/307/606 103/158/273 177/153/16 433/305/605
f 103/158/273 434/307/606 435/308/607 104/157/272
f 104/157/272 435/308/607 436/309/608 105/160/275
f 105/160/275 436/309/608 437/310/609 106/162/277
f 106/162/277 437/310/609 438/311/610 107/164/279
f 107/164/279 438/311/610 439/312/611 108/166/281
f 108/166/281 439/312/611 440/313/612 109/168/283
f 109/168/283 440/313/612 441/314/613 110/170/32
f 110/170/32 441/314/613 442/315/35 111/172/286
f 111/172/286 442/315/35 443/316/37 193/174/288
f 444/317/614 112/237/430 193/174/288 443/316/37
f 744/176/177 824/177/177 823/319/177 745/318/177
f 945/319/147 944/176/147 113/176/291 445/319/615
f 995/319/122 994/177/122 114/176/294 446/319/616
f 448/320/617 116/177/297 115/177/298 447/320/618
f 116/177/297 448/320/617 449/321/619 416/179/302
f 416/179/302 449/321/619 450/322/620 117/178/301
f 451/323/356 155/180/303 567/181/304 566/324/304
f 643/323/413 642/180/424 155/180/303 451/323/356
f 187/222/621 167/180/624 452/323/623 453/325/622
f 454/326/625 164/221/626 187/222/621 453/325/622
f 171/183/597 164/221/626 454/326/625 423/298/596
f 455/209/353 456/210/354 520/328/628 519/327/627
f 521/328/629 634/328/630 633/210/408 457/210/371
f 458/85/84 522/329/631 521/328/629 457/210/371
f 522/329/631 458/85/84 459/86/85 523/330/632
f 460/93/190 524/331/258 523/330/632 459/86/85
f 524/331/258 460/93/190 461/110/191 525/331/633
f 971/331/92 970/93/92 462/93/93 526/331/634
f 921/331/131 920/93/131 463/107/132 527/332/265
f 847/331/266 721/331/266 720/108/163 848/108/164
f 528/333/15 464/25/15 465/26/16 529/334/16
f 466/29/18 530/335/635 529/334/16 465/26/16
f 530/335/635 466/29/18 467/30/19 531/336/636
f 531/336/636 467/30/19 468/33/22 532/337/637
f 532/337/637 468/33/22 469/35/24 533/338/638
f 533/338/638 469/35/24 470/37/26 534/339/639
f 534/339/639 470/37/26 471/39/28 535/340/640
f 535/340/640 471/39/28 472/41/30 536/341/641
f 536/341/641 472/41/30 473/43/32 537/342/642
f 537/342/642 473/43/32 474/45/34 538/343/241
f 538/343/241 474/45/34 475/47/36 539/344/243
f 476/240/433 540/345/433 539/344/243 475/47/36
f 748/346/177 820/346/177 819/101/177 749/101/177
f 949/101/147 948/346/147 541/346/643 477/101/149
f 999/101/122 998/346/122 542/346/644 478/101/121
f 480/101/213 544/346/646 543/346/645 479/101/212
f 544/346/646 480/101/213 481/89/88 545/347/647
f 545/347/647 481/89/88 482/90/89 546/348/648
f 483/212/356 547/350/649 563/349/358 562/211/304
f 647/212/416 646/351/413 547/350/649 483/212/356
f 485/228/394 549/352/651 548/350/650 484/212/421
f 486/229/395 550/353/652 549/352/651 485/228/394
f 455/209/353 519/327/627 550/353/652 486/229/395
f 488/220/360 424/297/595 423/298/596 487/219/362
f 425/297/599 637/297/411 636/220/411 489/220/370
f 490/143/255 426/299/600 425/297/599 489/220/370
f 426/299/600 490/143/255 491/144/256 427/300/601
f 491/144/256 492/146/258 428/301/602 427/300/601
f 428/301/602 492/146/258 493/147/259 429/302/603
f 974/301/92 973/147/92 494/146/262 430/301/604
f 924/303/131 923/149/131 495/149/264 431/303/265
f 844/304/163 724/303/266 723/149/163 845/149/163
f 432/306/17 496/112/17 497/113/16 433/305/605
f 498/116/230 434/307/606 433/305/605 497/113/16
f 434/307/606 498/116/230 499/117/231 435/308/607
f 435/308/607 499/117/231 500/120/233 436/309/608
f 436/309/608 500/120/233 501/122/234 437/310/609
f 437/310/609 501/122/234 502/124/235 438/311/610
f 438/311/610 502/124/235 503/126/236 439/312/611
f 439/312/611 503/126/236 504/128/238 440/313/612
f 440/313/612 504/128/238 505/130/240 441/314/613
f 441/314/613 505/130/240 506/132/241 442/315/35
f 442/315/35 506/132/241 507/134/243 443/316/37
f 508/238/431 444/317/614 443/316/37 507/134/243
f 745/318/177 823/319/177 822/136/177 746/136/177
f 946/136/147 945/319/147 445/319/615 509/136/245
f 996/136/119 995/319/122 446/319/616 510/136/247
f 512/138/251 448/320/617 447/320/618 511/138/250
f 448/320/617 512/138/251 513/139/252 449/321/619
f 449/321/619 513/139/252 514/140/253 450/322/620
f 515/216/359 451/323/356 566/324/304 565/215/358
f 644/216/412 643/323/413 451/323/356 515/216/359
f 453/325/622 452/323/623 516/216/423 517/225/391
f 518/226/392 454/326/625 453/325/622 517/225/391
f 454/326/625 518/226/392 487/219/362 423/298/596
f 519/327/627 520/328/628 162/217/360 170/218/361
f 149/217/369 635/233/411 634/328/630 521/328/629
f 522/329/631 97/141/257 149/217/369 521/328/629
f 97/141/257 522/329/631 523/330/632 391/145/256
f 523/330/632 524/331/258 98/148/261 391/145/256
f 98/148/261 524/331/258 525/331/633 99/148/260
f 972/148/92 971/331/92 526/331/634 100/148/263
f 922/148/131 921/331/131 527/332/265 101/150/265
f 846/148/266 722/148/266 721/331/266 847/331/266
f 81/115/15 528/333/15 529/334/16 178/114/16
f 530/335/635 82/119/230 178/114/16 529/334/16
f 82/119/230 530/335/635 531/336/636 83/118/232
f 83/118/232 531/336/636 532/337/637 84/121/233
f 84/121/233 532/337/637 533/338/638 85/123/234
f 85/123/234 533/338/638 534/339/639 86/125/235
f 86/125/235 534/339/639 535/340/640 87/127/237
f 87/127/237 535/340/640 536/341/641 88/129/239
f 88/129/239 536/341/641 537/342/642 89/131/240
f 89/131/240 537/342/642 538/343/241 90/133/242
f 90/133/242 538/343/241 539/344/243 194/135/37
f 540/345/433 91/239/432 194/135/37 539/344/243
f 747/137/177 821/137/177 820/346/177 748/346/177
f 948/346/147 947/137/147 92/137/244 541/346/643
f 998/346/122 997/137/119 93/137/246 542/346/644
f 544/346/646 95/137/248 94/137/249 543/346/645
f 95/137/248 544/346/646 545/347/647 415/142/91
f 415/142/91 545/347/647 546/348/648 96/141/254
f 547/350/649 156/213/357 564/214/358 563/349/358
f 646/351/413 645/234/413 156/213/357 547/350/649
f 549/352/651 186/224/390 166/213/422 548/350/650
f 550/353/652 161/223/389 186/224/390 549/352/651
f 519/327/627 170/218/361 161/223/389 550/353/652
f 253/70/82 551/82/43 552/83/43 254/72/563
f 553/97/436 269/98/562 254/72/563 552/83/43
f 756/98/561 862/98/560 861/97/173 757/97/170
f 957/97/140 956/98/558 267/98/559 554/97/142
f 1007/97/113 1006/98/556 261/98/557 555/97/112
f 335/52/653 262/52/654 556/52/555 557/52/511
f 1206/52/655 335/52/653 557/52/511 1207/52/511
f 78/52/214 287/246/656 558/246/452 559/52/219
f 560/97/220 51/98/217 78/98/214 559/97/219
f 125/91/90 51/98/217 560/97/220 561/191/304
f 125/91/90 561/191/304 562/211/304 482/90/89
f 563/349/358 546/348/648 482/90/89 562/211/304
f 564/214/358 96/141/254 546/348/648 563/349/358
f 565/215/358 514/140/253 96/141/254 564/214/358
f 566/324/304 450/322/620 514/140/253 565/215/358
f 567/181/304 117/178/301 450/322/620 566/324/304
f 568/104/205 54/103/208 117/178/301 567/181/304
f 75/103/207 54/103/208 568/104/205 569/104/202
f 570/248/452 319/55/657 75/55/207 569/247/202
f 1309/247/511 1308/55/658 319/55/657 570/248/452
f 572/247/584 224/55/660 367/55/659 571/247/511
f 221/103/582 988/103/583 987/104/130 573/104/127
f 225/103/580 938/103/581 937/104/156 574/104/154
f 830/103/577 738/103/578 737/104/182 831/104/183
f 229/103/576 575/104/425 576/77/3 215/23/574
f 215/23/574 576/77/3 577/76/3 214/21/67
f 579/111/661 418/111/206 75/103/207 578/103/662
f 579/111/661 580/175/663 76/175/299 418/111/206
f 115/177/298 76/175/299 580/175/663 581/177/664
f 447/320/618 115/177/298 581/177/664 582/320/665
f 511/138/250 447/320/618 582/320/665 583/138/666
f 94/137/249 511/138/250 583/138/666 584/137/666
f 543/346/645 94/137/249 584/137/666 585/346/664
f 479/101/212 543/346/645 585/346/664 586/101/665
f 127/100/211 479/101/212 586/101/665 587/100/664
f 588/193/667 77/193/322 127/100/211 587/100/664
f 77/193/322 588/193/667 589/99/668 412/99/215
f 590/98/669 78/98/214 412/99/215 589/99/668
f 591/246/670 287/246/656 78/52/214 590/52/669
f 592/52/671 335/52/653 1206/52/655 1205/52/672
f 593/52/673 262/52/654 335/52/653 592/52/671
f 556/97/555 262/98/654 593/98/673 594/97/674
f 595/96/675 263/96/554 556/97/555 594/97/674
f 275/84/553 263/96/554 595/96/675 596/84/676
f 597/81/677 276/81/552 275/84/553 596/84/676
f 258/79/551 276/81/552 597/81/677 598/79/678
f 599/80/679 259/80/550 258/79/551 598/79/678
f 600/52/680 271/52/549 259/80/550 599/80/679
f 329/74/503 271/74/549 600/354/680 601/354/681
f 1213/74/502 329/74/503 601/354/681 1214/354/682
f 80/74/227 281/74/488 602/354/684 603/354/683
f 604/49/685 394/49/226 80/52/227 603/52/683
f 604/49/685 605/206/686 71/206/348 394/49/226
f 143/94/192 71/206/348 605/206/686 606/94/687
f 461/110/191 143/94/192 606/94/687 607/110/688
f 525/331/633 461/110/191 607/110/688 608/331/689
f 99/148/260 525/331/633 608/331/689 609/148/690
f 493/147/259 99/148/260 609/148/690 610/147/690
f 429/302/603 493/147/259 610/147/690 611/302/691
f 121/186/310 429/302/603 611/302/691 612/186/687
f 613/151/692 72/151/309 121/186/310 612/186/687
f 72/151/309 613/151/692 614/109/693 388/109/195
f 615/1/694 73/1/194 388/109/195 614/109/693
f 616/355/695 325/68/466 73/68/194 615/355/694
f 1315/68/546 325/68/466 616/355/695 1267/355/682
f 618/355/696 233/68/592 373/68/591 617/355/697
f 219/73/590 233/1/592 618/1/696 619/73/698
f 620/74/699 220/74/589 219/73/590 619/73/698
f 621/75/700 239/75/588 220/74/589 620/74/699
f 238/78/586 239/75/588 621/75/700 622/78/701
f 223/105/585 238/78/586 622/78/701 623/105/702
f 624/104/703 572/104/584 223/105/585 623/105/702
f 625/103/704 224/103/660 572/104/584 624/104/703
f 367/55/659 224/55/660 625/356/704 626/356/671
f 319/55/657 1308/55/658 1307/356/705 627/356/670
f 75/55/207 319/55/657 627/356/670 578/356/662
f 649/235/706 648/357/707 628/192/417 629/235/418
f 630/230/419 650/230/708 649/235/706 629/235/418
f 651/232/43 650/230/708 630/230/419 631/232/43
f 632/208/407 652/208/709 651/232/43 631/232/43
f 633/210/408 653/210/710 652/208/709 632/208/407
f 634/328/630 654/328/711 653/210/710 633/210/408
f 635/233/411 655/217/711 654/328/711 634/328/630
f 636/220/411 656/358/711 655/217/711 635/233/411
f 637/297/411 657/297/711 656/358/711 636/220/411
f 638/182/409 658/182/712 657/297/711 637/297/411
f 639/183/410 659/183/3 658/182/712 638/182/409
f 640/221/414 660/221/713 659/183/3 639/183/410
f 641/222/415 661/222/714 660/221/713 640/221/414
f 642/180/424 662/180/715 661/222/714 641/222/415
f 663/359/716 662/180/715 642/180/424 643/323/413
f 664/216/717 663/359/716 643/323/413 644/216/412
f 645/234/413 665/234/718 664/216/717 644/216/412
f 666/350/718 665/234/718 645/234/413 646/351/413
f 667/360/717 666/350/718 646/351/413 647/212/416
f 628/192/417 648/357/707 667/360/717 647/212/416
f 185/227/393 168/192/420 648/357/707 649/235/706
f 650/230/708 160/230/396 185/227/393 649/235/706
f 169/207/352 160/230/396 650/230/708 651/232/43
f 652/208/709 163/208/355 169/207/352 651/232/43
f 653/210/710 456/210/354 163/208/355 652/208/709
f 654/328/711 520/328/628 456/210/354 653/210/710
f 655/217/711 162/217/360 520/328/628 654/328/711
f 656/358/711 488/220/360 162/217/360 655/217/711
f 657/297/711 424/297/595 488/220/360 656/358/711
f 658/182/712 165/182/598 424/297/595 657/297/711
f 659/183/3 171/183/597 165/182/598 658/182/712
f 660/221/713 164/221/626 171/183/597 659/183/3
f 661/222/714 187/222/621 164/221/626 660/221/713
f 662/180/715 167/180/624 187/222/621 661/222/714
f 452/323/623 167/180/624 662/180/715 663/359/716
f 516/216/423 452/323/623 663/359/716 664/216/717
f 665/234/718 166/213/422 516/216/423 664/216/717
f 548/350/650 166/213/422 665/234/718 666/350/718
f 484/212/421 548/350/650 666/350/718 667/360/717
f 648/357/707 168/192/420 484/212/421 667/360/717
f 775/187/266 102/187/269 12/151/267 776/151/719
f 432/301/17 102/187/269 775/187/266 774/303/266
f 496/146/17 432/301/17 774/303/266 773/149/163
f 772/148/163 81/148/15 496/146/17 773/149/163
f 528/331/15 81/148/15 772/148/163 771/331/266
f 464/93/15 528/331/15 771/331/266 770/93/163
f 769/94/163 140/94/17 464/93/15 770/93/163
f 768/206/720 23/206/341 140/94/17 769/94/163
f 397/49/38 23/206/341 768/206/720 817/49/721
f 816/52/722 34/52/41 397/49/38 817/49/721
f 815/361/492 302/249/471 34/56/41 816/361/722
f 814/361/492 350/56/471 1180/249/438 1179/362/492
f 813/361/723 240/56/69 350/56/471 814/361/492
f 812/80/169 243/80/72 240/52/69 813/52/723
f 242/79/71 243/80/72 812/80/169 811/79/169
f 246/81/75 242/79/71 811/79/169 810/81/169
f 255/84/83 246/81/75 810/81/169 809/84/169
f 268/96/437 255/84/83 809/84/169 808/96/724
f 807/97/725 553/97/436 268/96/437 808/96/724
f 806/98/726 269/98/562 553/97/436 807/97/725
f 338/75/495 269/75/562 806/363/726 805/363/727
f 1192/75/518 338/75/495 805/363/727 1193/363/728
f 44/75/435 290/75/495 804/363/727 803/363/729
f 802/99/730 409/99/166 44/98/435 803/98/729
f 801/193/731 33/193/434 409/99/166 802/99/730
f 130/100/431 33/193/434 801/193/731 800/100/732
f 799/101/733 476/101/433 130/100/431 800/100/732
f 798/346/734 540/346/433 476/101/433 799/101/733
f 797/137/732 91/137/432 540/346/433 798/346/734
f 796/136/735 508/138/431 91/137/432 797/137/732
f 795/319/736 444/320/614 508/138/431 796/136/735
f 794/177/734 112/177/430 444/320/614 795/319/736
f 793/175/737 22/175/429 112/177/430 794/177/734
f 22/175/429 793/175/737 792/102/738 421/111/428
f 791/103/739 11/103/427 421/111/428 792/102/738
f 790/364/740 316/62/469 11/62/427 791/364/739
f 1294/364/741 1293/62/518 316/62/469 790/364/740
f 788/364/742 229/62/576 364/62/575 789/364/727
f 575/104/425 229/103/576 788/103/742 787/104/743
f 786/105/744 230/105/426 575/104/425 787/104/743
f 785/78/185 216/78/68 230/105/426 786/105/744
f 207/75/60 216/78/68 785/78/185 784/75/185
f 783/74/185 204/74/57 207/75/60 784/75/185
f 203/73/56 204/74/57 783/74/185 782/73/185
f 781/1/745 201/1/55 203/73/56 782/73/185
f 352/62/564 201/62/55 781/365/745 780/365/492
f 304/62/438 1281/62/534 1280/365/746 779/365/492
f 1/62/1 304/62/438 779/365/492 778/365/747
f 777/109/428 385/109/4 1/1/1 778/1/747
f 776/151/719 12/151/267 385/109/4 777/109/428
f 64/206/344 718/206/342 719/94/163 141/94/133
f 141/94/133 719/94/163 720/108/163 463/107/132
f 721/331/266 527/332/265 463/107/132 720/108/163
f 722/148/266 101/150/265 527/332/265 721/331/266
f 101/150/265 722/148/266 723/149/163 495/149/264
f 724/303/266 431/303/265 495/149/264 723/149/163
f 725/190/163 123/190/317 431/303/265 724/303/266
f 123/190/317 725/190/163 726/188/319 63/189/316
f 63/189/316 726/188/319 727/109/186 386/95/160
f 386/95/160 727/109/186 728/1/187 70/1/159
f 729/256/461 303/64/463 70/64/159 728/255/187
f 1276/256/492 1275/64/548 303/64/463 729/256/461
f 731/255/363 231/64/365 351/64/594 730/256/492
f 231/1/365 731/1/363 732/73/185 228/73/158
f 733/74/185 227/74/157 228/73/158 732/73/185
f 227/74/157 733/74/185 734/75/185 234/75/378
f 735/78/185 235/78/158 234/75/378 734/75/185
f 235/78/158 735/78/185 736/106/181 226/105/155
f 226/105/155 736/106/181 737/104/182 574/104/154
f 738/103/578 225/103/580 574/104/154 737/104/182
f 365/60/579 225/60/580 738/252/578 739/252/459
f 317/60/456 1299/60/542 1298/252/458 740/252/459
f 69/60/151 317/60/456 740/252/459 741/252/178
f 69/103/151 741/103/178 742/102/179 420/102/150
f 743/175/289 68/175/292 420/102/150 742/102/179
f 68/175/292 743/175/289 744/176/177 113/176/291
f 113/176/291 744/176/177 745/318/177 445/319/615
f 445/319/615 745/318/177 746/136/177 509/136/245
f 509/136/245 746/136/177 747/137/177 92/137/244
f 92/137/244 747/137/177 748/346/177 541/346/643
f 541/346/643 748/346/177 749/101/177 477/101/149
f 477/101/149 749/101/177 750/100/177 129/100/148
f 751/193/329 67/193/326 129/100/148 750/100/177
f 67/193/326 751/193/329 752/99/174 410/99/144
f 410/99/144 752/99/174 753/98/175 66/98/143
f 754/262/458 289/78/487 66/78/143 753/262/175
f 755/262/458 337/78/516 1198/78/515 1197/262/458
f 756/262/561 267/78/559 337/78/516 755/262/458
f 267/98/559 756/98/561 757/97/170 554/97/142
f 554/97/142 757/97/170 758/96/171 266/96/141
f 759/231/169 278/84/138 266/96/141 758/96/171
f 760/81/169 277/81/139 278/84/138 759/231/169
f 761/79/169 265/79/139 277/81/139 760/81/169
f 762/80/169 264/80/138 265/79/139 761/79/169
f 264/80/138 762/80/169 763/52/376 272/52/374
f 327/51/498 272/51/374 763/267/376 764/267/492
f 1174/51/497 327/51/498 764/267/492 1175/272/492
f 65/51/135 279/51/490 765/269/492 766/267/165
f 65/52/135 766/52/165 767/49/166 396/49/134
f 718/206/342 64/206/344 396/49/134 767/49/166
f 885/206/748 768/206/720 769/94/163 886/94/164
f 886/94/164 769/94/163 770/93/163 887/93/163
f 771/331/266 888/331/163 887/93/163 770/93/163
f 772/148/163 889/148/164 888/331/163 771/331/266
f 889/148/164 772/148/163 773/149/163 890/149/749
f 774/303/266 891/303/750 890/149/749 773/149/163
f 775/187/266 892/187/751 891/303/750 774/303/266
f 892/187/751 775/187/266 776/151/719 893/188/752
f 893/188/752 776/151/719 777/109/428 894/109/189
f 894/109/189 777/109/428 778/1/747 895/1/753
f 779/365/492 896/366/754 895/366/753 778/365/747
f 1280/365/746 1279/366/492 896/366/754 779/365/492
f 781/365/745 898/366/755 897/366/492 780/365/492
f 898/1/755 781/1/745 782/73/185 899/73/185
f 783/74/185 900/74/185 899/73/185 782/73/185
f 900/74/185 783/74/185 784/75/185 901/75/185
f 785/78/185 902/78/185 901/75/185 784/75/185
f 902/78/185 785/78/185 786/105/744 903/105/756
f 903/105/756 786/105/744 787/104/743 904/104/757
f 788/103/742 905/103/758 904/104/757 787/104/743
f 905/367/758 788/364/742 789/364/727 906/367/759
f 1295/367/759 1294/364/741 790/364/740 907/367/760
f 907/367/760 790/364/740 791/364/739 908/367/761
f 908/103/761 791/103/739 792/102/738 909/102/762
f 793/175/737 910/175/763 909/102/762 792/102/738
f 910/175/763 793/175/737 794/177/734 911/177/764
f 911/177/764 794/177/734 795/319/736 912/319/764
f 912/319/764 795/319/736 796/136/735 913/136/765
f 913/136/765 796/136/735 797/137/732 914/137/766
f 914/137/766 797/137/732 798/346/734 915/346/766
f 915/346/766 798/346/734 799/101/733 916/101/766
f 916/101/766 799/101/733 800/100/732 917/100/767
f 801/193/731 868/193/768 917/100/767 800/100/732
f 868/193/768 801/193/731 802/99/730 869/99/769
f 869/99/769 802/99/730 803/98/729 870/98/770
f 804/363/727 871/368/771 870/368/770 803/363/729
f 805/363/727 872/368/773 1194/368/772 1193/363/728
f 806/363/726 873/368/774 872/368/773 805/363/727
f 873/98/774 806/98/726 807/97/725 874/97/775
f 874/97/775 807/97/725 808/96/724 875/96/776
f 809/84/169 876/84/169 875/96/776 808/96/724
f 810/81/169 877/81/777 876/84/169 809/84/169
f 811/79/169 878/79/777 877/81/777 810/81/169
f 812/80/169 879/80/777 878/79/777 811/79/169
f 879/80/777 812/80/169 813/52/723 880/52/778
f 880/369/778 813/361/723 814/361/492 881/369/492
f 881/369/492 814/361/492 1179/362/492 1178/369/492
f 882/370/492 815/361/492 816/361/722 883/369/779
f 883/52/779 816/52/722 817/49/721 884/49/166
f 768/206/720 885/206/748 884/49/166 817/49/721
f 819/101/177 695/101/781 694/100/780 818/100/177
f 820/346/177 696/346/782 695/101/781 819/101/177
f 821/137/177 697/137/782 696/346/782 820/346/177
f 822/136/177 698/136/782 697/137/782 821/137/177
f 823/319/177 699/319/780 698/136/782 822/136/177
f 824/177/177 700/177/781 699/319/780 823/319/177
f 825/175/290 701/175/783 700/177/781 824/177/177
f 701/175/783 825/175/290 826/102/179 702/102/784
f 827/103/180 703/103/785 702/102/784 826/102/179
f 828/253/458 704/371/786 703/371/785 827/253/180
f 1297/253/459 1296/371/787 704/371/786 828/253/458
f 830/253/577 706/371/789 705/371/788 829/253/459
f 706/103/789 830/103/577 831/104/183 707/104/790
f 832/106/184 708/105/791 707/104/790 831/104/183
f 833/78/185 709/78/185 708/105/791 832/106/184
f 709/78/185 833/78/185 834/75/185 710/75/185
f 835/74/185 711/74/185 710/75/185 834/75/185
f 711/74/185 835/74/185 836/73/185 712/73/185
f 837/1/364 713/1/792 712/73/185 836/73/185
f 713/372/792 837/254/364 838/254/492 714/372/492
f 1278/372/492 1277/254/492 839/254/460 715/372/754
f 715/372/754 839/254/460 840/254/188 716/372/793
f 841/109/189 717/109/189 716/1/793 840/1/188
f 842/188/320 668/188/794 717/109/189 841/109/189
f 843/187/163 669/187/751 668/188/794 842/188/320
f 669/187/751 843/187/163 844/304/163 670/303/750
f 670/303/750 844/304/163 845/149/163 671/149/749
f 846/148/266 672/148/164 671/149/749 845/149/163
f 672/148/164 846/148/266 847/331/266 673/331/163
f 673/331/163 847/331/266 848/108/164 674/93/163
f 849/94/164 675/94/164 674/93/163 848/108/164
f 850/206/343 676/206/795 675/94/164 849/94/164
f 676/206/795 850/206/343 851/49/167 677/49/167
f 852/52/168 678/52/796 677/49/167 851/49/167
f 853/268/492 679/374/492 678/373/796 852/268/168
f 854/268/492 680/373/492 1177/373/492 1176/268/492
f 855/268/377 681/373/797 680/373/492 854/268/492
f 856/80/169 682/80/777 681/52/797 855/52/377
f 682/80/777 856/80/169 857/79/169 683/79/777
f 683/79/777 857/79/169 858/81/169 684/81/777
f 684/81/777 858/81/169 859/84/169 685/84/169
f 685/84/169 859/84/169 860/96/172 686/96/798
f 861/97/173 687/97/799 686/96/798 860/96/172
f 862/98/560 688/98/800 687/97/799 861/97/173
f 688/375/800 862/261/560 863/261/458 689/375/801
f 689/375/801 863/261/458 1196/271/458 1195/375/802
f 690/375/803 864/261/459 865/261/176 691/375/804
f 866/99/174 692/99/805 691/98/804 865/98/176
f 867/193/328 693/193/806 692/99/805 866/99/174
f 693/193/806 867/193/328 818/100/177 694/100/780
f 693/193/806 868/193/768 869/99/769 692/99/805
f 692/99/805 869/99/769 870/98/770 691/98/804
f 871/368/771 690/375/803 691/375/804 870/368/770
f 872/368/773 689/375/801 1195/375/802 1194/368/772
f 873/368/774 688/375/800 689/375/801 872/368/773
f 688/98/800 873/98/774 874/97/775 687/97/799
f 687/97/799 874/97/775 875/96/776 686/96/798
f 876/84/169 685/84/169 686/96/798 875/96/776
f 877/81/777 684/81/777 685/84/169 876/84/169
f 878/79/777 683/79/777 684/81/777 877/81/777
f 879/80/777 682/80/777 683/79/777 878/79/777
f 682/80/777 879/80/777 880/52/778 681/52/797
f 681/373/797 880/369/778 881/369/492 680/373/492
f 680/373/492 881/369/492 1178/369/492 1177/373/492
f 679/374/492 882/370/492 883/369/779 678/373/796
f 678/52/796 883/52/779 884/49/166 677/49/167
f 885/206/748 676/206/795 677/49/167 884/49/166
f 676/206/795 885/206/748 886/94/164 675/94/164
f 675/94/164 886/94/164 887/93/163 674/93/163
f 888/331/163 673/331/163 674/93/163 887/93/163
f 889/148/164 672/148/164 673/331/163 888/331/163
f 672/148/164 889/148/164 890/149/749 671/149/749
f 891/303/750 670/303/750 671/149/749 890/149/749
f 892/187/751 669/187/751 670/303/750 891/303/750
f 669/187/751 892/187/751 893/188/752 668/188/794
f 668/188/794 893/188/752 894/109/189 717/109/189
f 717/109/189 894/109/189 895/1/753 716/1/793
f 896/366/754 715/372/754 716/372/793 895/366/753
f 1279/366/492 1278/372/492 715/372/754 896/366/754
f 898/366/755 713/372/792 714/372/492 897/366/492
f 713/1/792 898/1/755 899/73/185 712/73/185
f 900/74/185 711/74/185 712/73/185 899/73/185
f 711/74/185 900/74/185 901/75/185 710/75/185
f 902/78/185 709/78/185 710/75/185 901/75/185
f 709/78/185 902/78/185 903/105/756 708/105/791
f 708/105/791 903/105/756 904/104/757 707/104/790
f 905/103/758 706/103/789 707/104/790 904/104/757
f 706/371/789 905/367/758 906/367/759 705/371/788
f 1296/371/787 1295/367/759 907/367/760 704/371/786
f 704/371/786 907/367/760 908/367/761 703/371/785
f 703/103/785 908/103/761 909/102/762 702/102/784
f 910/175/763 701/175/783 702/102/784 909/102/762
f 701/175/783 910/175/763 911/177/764 700/177/781
f 700/177/781 911/177/764 912/319/764 699/319/780
f 699/319/780 912/319/764 913/136/765 698/136/782
f 698/136/782 913/136/765 914/137/766 697/137/782
f 697/137/782 914/137/766 915/346/766 696/346/782
f 696/346/782 915/346/766 916/101/766 695/101/781
f 695/101/781 916/101/766 917/100/767 694/100/780
f 868/193/768 693/193/806 694/100/780 917/100/767
f 142/94/94 56/206/346 918/206/345 919/94/131
f 462/93/93 142/94/94 919/94/131 920/93/131
f 526/331/634 462/93/93 920/93/131 921/331/131
f 100/148/263 526/331/634 921/331/131 922/148/131
f 494/146/262 100/148/263 922/148/131 923/149/131
f 430/301/604 494/146/262 923/149/131 924/303/131
f 122/187/314 430/301/604 924/303/131 925/187/131
f 926/189/318 55/188/313 122/187/314 925/187/131
f 55/188/313 926/189/318 927/95/161 387/95/108
f 928/1/162 62/1/107 387/95/108 927/95/161
f 929/257/462 326/66/465 62/66/107 928/257/162
f 1274/257/496 1273/66/547 326/66/465 929/257/462
f 931/257/366 232/66/367 374/66/593 930/257/496
f 218/73/104 232/1/367 931/1/366 932/73/156
f 933/74/156 217/74/103 218/73/104 932/73/156
f 934/75/156 237/75/381 217/74/103 933/74/156
f 236/78/380 237/75/381 934/75/156 935/78/156
f 222/105/128 236/78/380 935/78/156 936/105/156
f 937/104/156 573/104/127 222/105/128 936/105/156
f 938/103/581 221/103/582 573/104/127 937/104/156
f 366/58/455 221/58/582 938/251/581 939/251/486
f 318/58/455 1301/58/543 1300/251/486 940/251/457
f 61/58/124 318/58/455 940/251/457 941/251/152
f 942/102/153 419/102/123 61/103/124 941/103/152
f 943/175/293 60/175/295 419/102/123 942/102/153
f 114/176/294 60/175/295 943/175/293 944/176/147
f 446/319/616 114/176/294 944/176/147 945/319/147
f 510/136/247 446/319/616 945/319/147 946/136/147
f 93/137/246 510/136/247 946/136/147 947/137/147
f 542/346/644 93/137/246 947/137/147 948/346/147
f 478/101/121 542/346/644 948/346/147 949/101/147
f 128/100/120 478/101/121 949/101/147 950/100/147
f 951/193/327 59/193/324 128/100/120 950/100/147
f 59/193/324 951/193/327 952/99/145 411/99/116
f 953/98/146 58/98/115 411/99/116 952/99/145
f 954/246/486 288/246/484 58/52/115 953/52/146
f 955/52/486 336/52/514 1200/52/512 1199/52/486
f 956/52/558 261/52/557 336/52/514 955/52/486
f 555/97/112 261/98/557 956/98/558 957/97/140
f 958/96/140 260/96/111 555/97/112 957/97/140
f 274/84/404 260/96/111 958/96/140 959/84/140
f 960/81/140 273/81/403 274/84/404 959/84/140
f 257/79/100 273/81/403 960/81/140 961/79/140
f 962/80/140 256/80/99 257/79/100 961/79/140
f 963/52/375 270/52/372 256/80/99 962/80/140
f 328/5/501 270/5/372 963/265/375 964/265/462
f 1172/5/500 328/5/501 964/265/462 1173/266/496
f 57/5/96 280/243/489 965/266/491 966/265/136
f 967/49/137 395/49/95 57/52/96 966/52/136
f 918/206/345 56/206/346 395/49/95 967/49/137
f 1117/206/807 1133/206/808 1132/94/92 1068/94/92
f 1069/110/92 1068/94/92 1132/94/92 1131/110/92
f 1070/331/92 1069/110/92 1131/110/92 1130/331/92
f 1071/148/92 1070/331/92 1130/331/92 1129/148/92
f 1072/147/92 1071/148/92 1129/148/92 1128/147/92
f 1073/376/92 1072/147/92 1128/147/92 1127/376/92
f 1074/187/92 1073/376/92 1127/376/92 1126/187/92
f 1125/151/809 1075/151/810 1074/187/92 1126/187/92
f 1075/151/810 1125/151/809 1124/109/812 1076/109/811
f 1123/1/813 1077/1/814 1076/109/811 1124/109/812
f 1122/377/464 1078/378/464 1077/378/814 1123/377/813
f 1271/377/464 1270/378/499 1078/378/464 1122/377/464
f 1120/377/815 1080/378/816 1079/378/499 1121/377/499
f 1081/73/817 1080/1/816 1120/1/815 1119/73/818
f 1118/74/819 1082/74/820 1081/73/817 1119/73/818
f 1167/75/821 1083/75/822 1082/74/820 1118/74/819
f 1084/78/823 1083/75/822 1167/75/821 1166/78/824
f 1085/106/825 1084/78/823 1166/78/824 1165/106/826
f 1164/104/827 1086/104/828 1085/106/825 1165/106/826
f 1163/103/829 1087/103/830 1086/104/828 1164/104/827
f 1088/379/454 1087/379/830 1163/380/829 1162/380/454
f 1089/379/454 1304/379/454 1303/380/454 1161/380/454
f 1089/379/454 1161/380/454 1160/380/832 1090/379/831
f 1159/102/661 1091/102/661 1090/103/831 1160/103/832
f 1158/175/833 1092/175/834 1091/102/661 1159/102/661
f 1093/177/119 1092/175/834 1158/175/833 1157/177/122
f 1094/319/119 1093/177/119 1157/177/122 1156/319/122
f 1095/136/119 1094/319/119 1156/319/122 1155/136/119
f 1096/137/119 1095/136/119 1155/136/119 1154/137/119
f 1097/346/119 1096/137/119 1154/137/119 1153/346/119
f 1098/101/119 1097/346/119 1153/346/119 1152/101/119
f 1099/100/119 1098/101/119 1152/101/119 1151/100/119
f 1150/193/835 1100/193/836 1099/100/119 1151/100/119
f 1100/193/836 1150/193/835 1149/99/117 1101/99/837
f 1148/98/838 1102/98/839 1101/99/837 1149/99/117
f 1147/381/454 1103/381/454 1102/52/839 1148/52/838
f 1146/52/513 1104/52/513 1203/52/454 1202/52/513
f 1145/52/840 1105/52/841 1104/52/513 1146/52/513
f 1106/97/842 1105/98/841 1145/98/840 1144/97/843
f 1143/96/844 1107/96/845 1106/97/842 1144/97/843
f 1108/84/846 1107/96/845 1143/96/844 1142/84/847
f 1141/81/848 1109/81/849 1108/84/846 1142/84/847
f 1110/79/850 1109/81/849 1141/81/848 1140/79/851
f 1139/80/852 1111/80/853 1110/79/850 1140/79/851
f 1138/52/854 1112/52/855 1111/80/853 1139/80/852
f 1113/382/464 1112/382/855 1138/383/854 1137/383/499
f 1169/382/464 1113/382/464 1137/383/499 1170/383/464
f 1115/382/856 1114/382/499 1136/383/499 1135/383/857
f 1134/49/858 1116/49/859 1115/52/856 1135/52/857
f 1133/206/808 1117/206/807 1116/49/859 1134/49/858
f 1224/94/92 1223/206/861 1018/206/860 1019/94/92
f 1225/110/92 1224/94/92 1019/94/92 1020/110/92
f 1226/331/92 1225/110/92 1020/110/92 1021/331/92
f 1227/148/92 1226/331/92 1021/331/92 1022/148/92
f 1228/147/92 1227/148/92 1022/148/92 1023/147/92
f 1229/302/92 1228/147/92 1023/147/92 1024/384/92
f 1230/385/92 1229/302/92 1024/384/92 1025/186/92
f 1026/151/862 1231/151/315 1230/385/92 1025/186/92
f 1231/151/315 1026/151/862 1027/109/811 1232/386/811
f 1028/1/863 1233/1/864 1232/386/811 1027/109/811
f 1029/387/464 1234/388/464 1233/388/864 1028/387/863
f 1269/387/499 1268/388/499 1234/388/464 1029/387/464
f 1031/387/865 1236/388/866 1235/388/499 1030/387/499
f 1237/73/867 1236/1/866 1031/1/865 1032/73/868
f 1033/74/869 1238/74/870 1237/73/867 1032/73/868
f 1034/75/871 1239/75/872 1238/74/870 1033/74/869
f 1240/78/873 1239/75/872 1034/75/871 1035/78/874
f 1241/105/875 1240/78/873 1035/78/874 1036/105/876
f 1037/104/877 1242/104/878 1241/105/875 1036/105/876
f 1038/103/879 1243/103/880 1242/104/878 1037/104/877
f 1244/389/454 1243/389/880 1038/390/879 1039/390/454
f 1245/389/454 1306/389/454 1305/390/454 1040/390/513
f 1245/389/454 1040/390/513 1041/390/882 1246/389/881
f 1042/111/883 1247/111/883 1246/103/881 1041/103/882
f 1043/175/884 1248/175/885 1247/111/883 1042/111/883
f 1249/177/119 1248/175/885 1043/175/884 1044/177/119
f 1250/391/119 1249/177/119 1044/177/119 1045/320/119
f 1251/136/119 1250/391/119 1045/320/119 1046/136/119
f 1252/137/119 1251/136/119 1046/136/119 1047/137/119
f 1253/346/119 1252/137/119 1047/137/119 1048/346/119
f 1254/101/119 1253/346/119 1048/346/119 1049/101/119
f 1255/100/119 1254/101/119 1049/101/119 1050/100/122
f 1051/193/886 1256/193/887 1255/100/119 1050/100/122
f 1256/193/887 1051/193/886 1052/99/837 1257/99/888
f 1053/98/889 1258/98/890 1257/99/888 1052/99/837
f 1054/381/891 1259/381/454 1258/52/890 1053/52/889
f 1055/52/513 1261/52/513 1260/52/513 1204/52/513
f 1056/52/892 1262/52/893 1261/52/513 1055/52/513
f 1263/97/894 1262/98/893 1056/98/892 1057/97/895
f 1058/96/896 1264/96/897 1263/97/894 1057/97/895
f 1265/84/898 1264/96/897 1058/96/896 1059/84/899
f 1060/81/900 1266/81/901 1265/84/898 1059/84/899
f 1266/81/901 1060/81/900 1061/79/903 1215/79/902
f 1062/80/904 1216/80/905 1215/79/902 1061/79/903
f 1063/52/906 1217/52/907 1216/80/905 1062/80/904
f 1218/392/464 1217/392/907 1063/393/906 1064/393/464
f 1219/392/464 1218/392/464 1064/393/464 1168/393/464
f 1221/392/908 1220/392/911 1065/393/910 1066/393/909
f 1067/49/859 1222/49/859 1221/52/908 1066/52/909
f 1018/206/860 1223/206/861 1222/49/859 1067/49/859
f 1020/110/92 1019/94/92 1068/94/92 1069/110/92
f 1021/331/92 1020/110/92 1069/110/92 1070/331/92
f 1022/148/92 1021/331/92 1070/331/92 1071/148/92
f 1023/147/92 1022/148/92 1071/148/92 1072/147/92
f 1024/384/92 1023/147/92 1072/147/92 1073/376/92
f 1025/186/92 1024/384/92 1073/376/92 1074/187/92
f 1075/151/810 1026/151/862 1025/186/92 1074/187/92
f 1026/151/862 1075/151/810 1076/109/811 1027/109/811
f 1077/1/814 1028/1/863 1027/109/811 1076/109/811
f 1078/378/464 1029/387/464 1028/387/863 1077/378/814
f 1270/378/499 1269/387/499 1029/387/464 1078/378/464
f 1080/378/816 1031/387/865 1030/387/499 1079/378/499
f 1032/73/868 1031/1/865 1080/1/816 1081/73/817
f 1082/74/820 1033/74/869 1032/73/868 1081/73/817
f 1083/75/822 1034/75/871 1033/74/869 1082/74/820
f 1035/78/874 1034/75/871 1083/75/822 1084/78/823
f 1036/105/876 1035/78/874 1084/78/823 1085/106/825
f 1086/104/828 1037/104/877 1036/105/876 1085/106/825
f 1087/103/830 1038/103/879 1037/104/877 1086/104/828
f 1039/390/454 1038/390/879 1087/379/830 1088/379/454
f 1040/390/513 1305/390/454 1304/379/454 1089/379/454
f 1040/390/513 1089/379/454 1090/379/831 1041/390/882
f 1091/102/661 1042/111/883 1041/103/882 1090/103/831
f 1092/175/834 1043/175/884 1042/111/883 1091/102/661
f 1044/177/119 1043/175/884 1092/175/834 1093/177/119
f 1045/320/119 1044/177/119 1093/177/119 1094/319/119
f 1046/136/119 1045/320/119 1094/319/119 1095/136/119
f 1047/137/119 1046/136/119 1095/136/119 1096/137/119
f 1048/346/119 1047/137/119 1096/137/119 1097/346/119
f 1049/101/119 1048/346/119 1097/346/119 1098/101/119
f 1050/100/122 1049/101/119 1098/101/119 1099/100/119
f 1100/193/836 1051/193/886 1050/100/122 1099/100/119
f 1051/193/886 1100/193/836 1101/99/837 1052/99/837
f 1102/98/839 1053/98/889 1052/99/837 1101/99/837
f 1103/381/454 1054/381/891 1053/52/889 1102/52/839
f 1104/52/513 1055/52/513 1204/52/513 1203/52/454
f 1105/52/841 1056/52/892 1055/52/513 1104/52/513
f 1057/97/895 1056/98/892 1105/98/841 1106/97/842
f 1107/96/845 1058/96/896 1057/97/895 1106/97/842
f 1059/84/899 1058/96/896 1107/96/845 1108/84/846
f 1109/81/849 1060/81/900 1059/84/899 1108/84/846
f 1061/79/903 1060/81/900 1109/81/849 1110/79/850
f 1111/80/853 1062/80/904 1061/79/903 1110/79/850
f 1112/52/855 1063/52/906 1062/80/904 1111/80/853
f 1064/393/464 1063/393/906 1112/382/855 1113/382/464
f 1168/393/464 1064/393/464 1113/382/464 1169/382/464
f 1066/393/909 1065/393/910 1114/382/499 1115/382/856
f 1116/49/859 1067/49/859 1066/52/909 1115/52/856
f 1117/206/807 1018/206/860 1067/49/859 1116/49/859
f 1019/94/92 1018/206/860 1117/206/807 1068/94/92
f 983/74/106 1118/74/819 1119/73/818 982/73/105
f 1120/1/815 981/1/368 982/73/105 1119/73/818
f 981/258/368 1120/377/815 1121/377/499 980/258/464
f 1272/258/464 1271/377/464 1122/377/464 979/258/464
f 979/258/464 1122/377/464 1123/377/813 978/258/110
f 978/1/110 1123/1/813 1124/109/812 977/95/109
f 1125/151/809 976/188/315 977/95/109 1124/109/812
f 976/188/315 1125/151/809 1126/187/92 975/187/92
f 1127/376/92 974/301/92 975/187/92 1126/187/92
f 1128/147/92 973/147/92 974/301/92 1127/376/92
f 1129/148/92 972/148/92 973/147/92 1128/147/92
f 1130/331/92 971/331/92 972/148/92 1129/148/92
f 1131/110/92 970/93/92 971/331/92 1130/331/92
f 1132/94/92 969/94/92 970/93/92 1131/110/92
f 1133/206/808 968/206/347 969/94/92 1132/94/92
f 968/206/347 1133/206/808 1134/49/858 1017/49/98
f 1017/49/98 1134/49/858 1135/52/857 1016/52/97
f 1136/383/499 1015/264/464 1016/264/97 1135/383/857
f 1137/383/499 1014/264/499 1171/264/499 1170/383/464
f 1138/383/854 1013/264/373 1014/264/499 1137/383/499
f 1013/52/373 1138/52/854 1139/80/852 1012/80/102
f 1012/80/102 1139/80/852 1140/79/851 1011/79/101
f 1141/81/848 1010/81/406 1011/79/101 1140/79/851
f 1010/81/406 1141/81/848 1142/84/847 1009/84/405
f 1143/96/844 1008/96/114 1009/84/405 1142/84/847
f 1008/96/114 1143/96/844 1144/97/843 1007/97/113
f 1145/98/840 1006/98/556 1007/97/113 1144/97/843
f 1006/52/556 1145/52/840 1146/52/513 1005/52/454
f 1005/52/454 1146/52/513 1202/52/513 1201/52/513
f 1004/246/454 1147/381/454 1148/52/838 1003/52/118
f 1003/98/118 1148/98/838 1149/99/117 1002/99/117
f 1150/193/835 1001/193/325 1002/99/117 1149/99/117
f 1001/193/325 1150/193/835 1151/100/119 1000/100/119
f 1152/101/119 999/101/122 1000/100/119 1151/100/119
f 1153/346/119 998/346/122 999/101/122 1152/101/119
f 1154/137/119 997/137/119 998/346/122 1153/346/119
f 1155/136/119 996/136/119 997/137/119 1154/137/119
f 1156/319/122 995/319/122 996/136/119 1155/136/119
f 1157/177/122 994/177/122 995/319/122 1156/319/122
f 1158/175/833 993/175/296 994/177/122 1157/177/122
f 993/175/296 1158/175/833 1159/102/661 992/102/126
f 992/102/126 1159/102/661 1160/103/832 991/103/125
f 1161/380/454 990/250/454 991/250/125 1160/380/832
f 1303/380/454 1302/250/454 990/250/454 1161/380/454
f 1163/380/829 988/250/583 989/250/454 1162/380/454
f 988/103/583 1163/103/829 1164/104/827 987/104/130
f 987/104/130 1164/104/827 1165/106/826 986/106/129
f 1166/78/824 985/78/379 986/106/129 1165/106/826
f 1167/75/821 984/75/382 985/78/379 1166/78/824
f 984/75/382 1167/75/821 1118/74/819 983/74/106
f 1065/393/910 1168/393/464 1169/382/464 1114/382/499
f 1114/382/499 1169/382/464 1170/383/464 1136/383/499
f 1171/264/499 1015/264/464 1136/383/499 1170/383/464
f 1015/264/464 1171/264/499 1172/75/500 280/75/489
f 280/243/489 1172/5/500 1173/266/496 965/266/491
f 965/266/491 1173/266/496 1174/2/497 279/2/490
f 279/51/490 1174/51/497 1175/272/492 765/269/492
f 765/269/492 1175/272/492 1176/268/492 853/268/492
f 1177/373/492 679/374/492 853/268/492 1176/268/492
f 1178/369/492 882/370/492 679/374/492 1177/373/492
f 1179/362/492 815/361/492 882/370/492 1178/369/492
f 1180/249/438 302/249/471 815/361/492 1179/362/492
f 302/106/471 1180/105/438 1181/103/470 301/103/470
f 301/78/470 1181/78/470 1182/105/440 300/106/473
f 300/103/473 1182/103/440 1183/103/531 299/103/472
f 299/260/472 1183/98/531 1184/98/529 298/260/474
f 298/103/474 1184/103/529 1185/103/527 297/103/475
f 297/260/475 1185/98/527 1186/98/525 296/260/476
f 296/103/476 1186/103/525 1187/103/523 295/103/477
f 295/1/477 1187/1/523 1188/1/521 294/1/478
f 294/1/478 1188/1/521 1189/1/519 293/1/479
f 293/1/479 1189/1/519 1190/1/448 292/1/480
f 292/1/480 1190/1/448 1191/73/517 291/73/481
f 291/72/481 1191/72/517 1192/98/518 290/260/495
f 290/75/495 1192/75/518 1193/363/728 804/363/727
f 1194/368/772 871/368/771 804/363/727 1193/363/728
f 1195/375/802 690/375/803 871/368/771 1194/368/772
f 1196/271/458 864/261/459 690/375/803 1195/375/802
f 1197/262/458 754/262/458 864/261/459 1196/271/458
f 1198/78/515 289/78/487 754/262/458 1197/262/458
f 289/246/487 1198/52/515 1199/52/486 954/246/486
f 1200/52/512 288/246/484 954/246/486 1199/52/486
f 288/246/484 1200/52/512 1201/52/513 1004/246/454
f 1202/52/513 1147/381/454 1004/246/454 1201/52/513
f 1203/52/454 1103/381/454 1147/381/454 1202/52/513
f 1204/52/513 1054/381/891 1103/381/454 1203/52/454
f 1260/52/513 1259/381/454 1054/381/891 1204/52/513
f 1206/52/655 287/246/656 591/246/670 1205/52/672
f 287/246/656 1206/52/655 1207/52/511 558/246/452
f 558/246/452 1207/52/511 1208/52/509 286/246/485
f 286/96/485 1208/96/509 1209/84/508 285/231/494
f 285/263/494 1209/81/508 1210/79/506 284/79/493
f 284/103/493 1210/103/506 1211/270/505 283/23/483
f 283/80/483 1211/80/505 1212/52/482 282/246/482
f 282/231/482 1212/84/482 1213/81/502 281/263/488
f 281/74/488 1213/74/502 1214/354/682 602/354/684
f 1220/392/911 1219/392/464 1168/393/464 1065/393/910
f 1216/80/905 599/80/679 598/79/678 1215/79/902
f 1217/52/907 600/52/680 599/80/679 1216/80/905
f 601/354/681 600/354/680 1217/392/907 1218/392/464
f 1214/354/682 601/354/681 1218/392/464 1219/392/464
f 602/354/684 1214/354/682 1219/392/464 1220/392/911
f 603/354/683 602/354/684 1220/392/911 1221/392/908
f 1222/49/859 604/49/685 603/52/683 1221/52/908
f 1223/206/861 605/206/686 604/49/685 1222/49/859
f 606/94/687 605/206/686 1223/206/861 1224/94/92
f 607/110/688 606/94/687 1224/94/92 1225/110/92
f 608/331/689 607/110/688 1225/110/92 1226/331/92
f 609/148/690 608/331/689 1226/331/92 1227/148/92
f 610/147/690 609/148/690 1227/148/92 1228/147/92
f 611/302/691 610/147/690 1228/147/92 1229/302/92
f 612/186/687 611/302/691 1229/302/92 1230/385/92
f 1231/151/315 613/151/692 612/186/687 1230/385/92
f 613/151/692 1231/151/315 1232/386/811 614/109/693
f 1233/1/864 615/1/694 614/109/693 1232/386/811
f 1234/388/464 616/355/695 615/355/694 1233/388/864
f 1268/388/499 1267/355/682 616/355/695 1234/388/464
f 1236/388/866 618/355/696 617/355/697 1235/388/499
f 619/73/698 618/1/696 1236/1/866 1237/73/867
f 1238/74/870 620/74/699 619/73/698 1237/73/867
f 1239/75/872 621/75/700 620/74/699 1238/74/870
f 622/78/701 621/75/700 1239/75/872 1240/78/873
f 623/105/702 622/78/701 1240/78/873 1241/105/875
f 1242/104/878 624/104/703 623/105/702 1241/105/875
f 1243/103/880 625/103/704 624/104/703 1242/104/878
f 626/356/671 625/356/704 1243/389/880 1244/389/454
f 627/356/670 1307/356/705 1306/389/454 1245/389/454
f 627/356/670 1245/389/454 1246/389/881 578/356/662
f 1247/111/883 579/111/661 578/103/662 1246/103/881
f 1248/175/885 580/175/663 579/111/661 1247/111/883
f 581/177/664 580/175/663 1248/175/885 1249/177/119
f 582/320/665 581/177/664 1249/177/119 1250/391/119
f 583/138/666 582/320/665 1250/391/119 1251/136/119
f 584/137/666 583/138/666 1251/136/119 1252/137/119
f 585/346/664 584/137/666 1252/137/119 1253/346/119
f 586/101/665 585/346/664 1253/346/119 1254/101/119
f 587/100/664 586/101/665 1254/101/119 1255/100/119
f 1256/193/887 588/193/667 587/100/664 1255/100/119
f 588/193/667 1256/193/887 1257/99/888 589/99/668
f 1258/98/890 590/98/669 589/99/668 1257/99/888
f 1259/381/454 591/246/670 590/52/669 1258/52/890
f 1205/52/672 591/246/670 1259/381/454 1260/52/513
f 1261/52/513 592/52/671 1205/52/672 1260/52/513
f 1262/52/893 593/52/673 592/52/671 1261/52/513
f 594/97/674 593/98/673 1262/98/893 1263/97/894
f 1264/96/897 595/96/675 594/97/674 1263/97/894
f 596/84/676 595/96/675 1264/96/897 1265/84/898
f 1266/81/901 597/81/677 596/84/676 1265/84/898
f 598/79/678 597/81/677 1266/81/901 1215/79/902
f 1235/388/499 617/355/697 1267/355/682 1268/388/499
f 1030/387/499 1235/388/499 1268/388/499 1269/387/499
f 1079/378/499 1030/387/499 1269/387/499 1270/378/499
f 1121/377/499 1079/378/499 1270/378/499 1271/377/464
f 980/258/464 1121/377/499 1271/377/464 1272/258/464
f 1273/66/547 374/66/593 980/258/464 1272/258/464
f 930/257/496 374/66/593 1273/66/547 1274/257/496
f 1275/64/548 351/64/594 930/257/496 1274/257/496
f 730/256/492 351/64/594 1275/64/548 1276/256/492
f 838/254/492 730/256/492 1276/256/492 1277/254/492
f 714/372/492 838/254/492 1277/254/492 1278/372/492
f 897/366/492 714/372/492 1278/372/492 1279/366/492
f 780/365/492 897/366/492 1279/366/492 1280/365/746
f 1281/62/534 352/62/564 780/365/492 1280/365/746
f 1282/2/470 353/2/470 352/1/564 1281/1/534
f 1283/73/473 354/73/565 353/74/470 1282/74/470
f 1284/6/535 355/6/566 354/5/565 1283/5/473
f 1285/9/536 356/9/567 355/6/566 1284/6/535
f 1286/11/537 357/11/568 356/9/567 1285/9/536
f 1287/13/538 358/13/569 357/11/568 1286/11/537
f 1288/15/539 359/15/570 358/13/569 1287/13/538
f 1289/17/540 360/17/571 359/15/570 1288/15/539
f 1290/19/479 361/19/572 360/17/571 1289/17/540
f 1291/21/480 362/21/573 361/19/572 1290/19/479
f 1292/270/541 363/270/481 362/21/573 1291/21/480
f 1293/98/518 364/98/575 363/96/481 1292/96/541
f 789/364/727 364/62/575 1293/62/518 1294/364/741
f 906/367/759 789/364/727 1294/364/741 1295/367/759
f 705/371/788 906/367/759 1295/367/759 1296/371/787
f 829/253/459 705/371/788 1296/371/787 1297/253/459
f 1298/252/458 739/252/459 829/253/459 1297/253/459
f 1299/60/542 365/60/579 739/252/459 1298/252/458
f 1300/251/486 939/251/486 365/60/579 1299/60/542
f 1301/58/543 366/58/455 939/251/486 1300/251/486
f 1302/250/454 989/250/454 366/58/455 1301/58/543
f 1162/380/454 989/250/454 1302/250/454 1303/380/454
f 1304/379/454 1088/379/454 1162/380/454 1303/380/454
f 1305/390/454 1039/390/454 1088/379/454 1304/379/454
f 1306/389/454 1244/389/454 1039/390/454 1305/390/454
f 1307/356/705 626/356/671 1244/389/454 1306/389/454
f 1308/55/658 367/55/659 626/356/671 1307/356/705
f 571/247/511 367/55/659 1308/55/658 1309/247/511
f 1310/56/509 368/56/453 571/247/511 1309/247/511
f 1311/98/494 369/98/494 368/98/453 1310/98/509
f 1312/70/544 370/70/587 369/72/494 1311/72/494
f 1313/79/545 371/79/483 370/80/587 1312/80/544
f 1314/52/504 372/52/482 371/51/483 1313/51/545
f 1315/68/546 373/68/591 372/70/482 1314/70/504
f 617/355/697 373/68/591 1315/68/546 1267/355/682
