# Blender 4.4.1
# www.blender.org
mtllib saw.mtl
o Circular_Saw.001
v -0.058371 -0.026914 1.046255
v -0.058197 -0.011724 1.038504
v -0.058032 0.000328 1.026438
v -0.057893 0.008062 1.011238
v -0.057792 0.010720 0.994392
v -0.057742 0.008042 0.977549
v -0.057745 0.000291 0.962358
v -0.057801 -0.011775 0.950305
v -0.057907 -0.026975 0.942571
v -0.058049 -0.043820 0.939912
v -0.058216 -0.060663 0.942589
v -0.058391 -0.075853 0.950340
v -0.058556 -0.087905 0.962406
v -0.058695 -0.095639 0.977606
v -0.058795 -0.098297 0.994452
v -0.058846 -0.095619 1.011295
v -0.058843 -0.087868 1.026486
v -0.058786 -0.075802 1.038539
v -0.058681 -0.060602 1.046273
v -0.058538 -0.043757 1.048932
v -0.059067 0.124585 1.511620
v -0.057326 0.276161 1.434281
v -0.055680 0.396416 1.313885
v -0.054289 0.473582 1.162218
v -0.053291 0.500104 0.994126
v -0.052782 0.473386 0.826063
v -0.052813 0.396042 0.674480
v -0.053380 0.275646 0.554216
v -0.054428 0.123981 0.477041
v -0.055855 -0.044106 0.450512
v -0.057521 -0.212163 0.477224
v -0.059262 -0.363738 0.554563
v -0.060908 -0.483994 0.674959
v -0.062299 -0.561159 0.826625
v -0.063297 -0.587681 0.994717
v -0.063806 -0.560963 1.162780
v -0.063775 -0.483620 1.314363
v -0.063208 -0.363224 1.434628
v -0.062159 -0.211558 1.511802
v -0.060733 -0.043470 1.538332
v -0.101236 0.124973 1.511431
v -0.099495 0.276549 1.434092
v -0.097849 0.396804 1.313696
v -0.096458 0.473970 1.162029
v -0.095460 0.500492 0.993937
v -0.094951 0.473774 0.825874
v -0.094982 0.396430 0.674291
v -0.095549 0.276034 0.554026
v -0.096597 0.124368 0.476852
v -0.098024 -0.043718 0.450323
v -0.099689 -0.211775 0.477035
v -0.101430 -0.363350 0.554374
v -0.103077 -0.483606 0.674769
v -0.104467 -0.560772 0.826436
v -0.105466 -0.587293 0.994528
v -0.105975 -0.560575 1.162591
v -0.105944 -0.483232 1.314174
v -0.105376 -0.362836 1.434439
v -0.104328 -0.211170 1.511613
v -0.102901 -0.043082 1.538143
v -0.100440 -0.026527 1.046066
v -0.100266 -0.011337 1.038315
v -0.100101 0.000715 1.026249
v -0.099962 0.008449 1.011050
v -0.099862 0.011107 0.994204
v -0.099811 0.008429 0.977360
v -0.099814 0.000678 0.962169
v -0.099870 -0.011388 0.950116
v -0.099976 -0.026588 0.942382
v -0.100119 -0.043433 0.939723
v -0.100285 -0.060276 0.942400
v -0.100460 -0.075467 0.950151
v -0.100625 -0.087518 0.962217
v -0.100764 -0.095252 0.977417
v -0.100864 -0.097910 0.994263
v -0.100915 -0.095232 1.011106
v -0.100912 -0.087481 1.026297
v -0.100855 -0.075415 1.038350
v -0.100750 -0.060215 1.046084
v -0.100607 -0.043370 1.048743
v -0.078285 0.130026 1.515274
v -0.076597 0.296594 1.480467
v -0.080267 0.296628 1.480450
v -0.081955 0.130060 1.515258
v -0.076528 0.282499 1.436126
v -0.074790 0.430156 1.351547
v -0.078460 0.430190 1.351531
v -0.080197 0.282533 1.436109
v -0.074870 0.403049 1.313732
v -0.073253 0.517343 1.187662
v -0.076922 0.517377 1.187645
v -0.078539 0.403083 1.313715
v -0.073474 0.479878 1.160073
v -0.072135 0.549620 1.004852
v -0.075805 0.549654 1.004835
v -0.077143 0.479912 1.160057
v -0.072476 0.505465 0.990191
v -0.071547 0.523828 0.821013
v -0.075216 0.523862 0.820996
v -0.076145 0.505498 0.990175
v -0.071974 0.477303 0.820715
v -0.071546 0.442490 0.654140
v -0.075215 0.442524 0.654123
v -0.075643 0.477337 0.820698
v -0.072017 0.398151 0.668233
v -0.072132 0.313570 0.520567
v -0.075801 0.313603 0.520551
v -0.075686 0.398185 0.668217
v -0.072602 0.275756 0.547673
v -0.073248 0.149686 0.433371
v -0.076917 0.149719 0.433354
v -0.076271 0.275790 0.547657
v -0.073670 0.122099 0.470836
v -0.074784 -0.033120 0.401085
v -0.078453 -0.033086 0.401069
v -0.077339 0.122133 0.470819
v -0.075117 -0.047778 0.445242
v -0.076590 -0.216952 0.426871
v -0.080260 -0.216918 0.426855
v -0.078786 -0.047744 0.445225
v -0.076802 -0.217249 0.473397
v -0.078490 -0.383817 0.508204
v -0.082159 -0.383783 0.508188
v -0.080471 -0.217215 0.473381
v -0.078559 -0.369722 0.552545
v -0.080297 -0.517379 0.637124
v -0.083966 -0.517346 0.637107
v -0.082229 -0.369688 0.552529
v -0.080217 -0.490272 0.674939
v -0.081835 -0.604566 0.801009
v -0.085504 -0.604532 0.800993
v -0.083887 -0.490238 0.674923
v -0.081614 -0.567101 0.828598
v -0.082952 -0.636843 0.983819
v -0.086621 -0.636809 0.983803
v -0.085283 -0.567068 0.828581
v -0.082612 -0.592687 0.998480
v -0.083540 -0.611050 1.167658
v -0.087209 -0.611016 1.167642
v -0.086281 -0.592653 0.998464
v -0.083114 -0.564525 1.167956
v -0.083541 -0.529713 1.334531
v -0.087210 -0.529679 1.334515
v -0.086783 -0.564492 1.167940
v -0.083070 -0.485374 1.320438
v -0.082955 -0.400792 1.468104
v -0.086624 -0.400759 1.468087
v -0.086739 -0.485340 1.320421
v -0.082486 -0.362978 1.440998
v -0.081840 -0.236908 1.555300
v -0.085509 -0.236874 1.555284
v -0.086155 -0.362945 1.440981
v -0.081418 -0.209322 1.517835
v -0.080303 -0.054103 1.587586
v -0.083973 -0.054069 1.587569
v -0.085087 -0.209288 1.517819
v -0.079970 -0.039445 1.543429
v -0.078497 0.129729 1.561800
v -0.082166 0.129763 1.561784
v -0.083640 -0.039411 1.543413
v -0.076347 0.548297 1.004535
v -0.077676 0.479748 1.160111
v -0.072944 0.479705 1.160132
v -0.071615 0.548254 1.004556
v -0.077283 0.516575 1.187172
v -0.078896 0.402967 1.313715
v -0.074515 0.402927 1.313735
v -0.072902 0.516535 1.187192
v -0.079027 0.429214 1.350425
v -0.080761 0.282358 1.436050
v -0.075966 0.282313 1.436072
v -0.074231 0.429170 1.350446
v -0.080619 0.296260 1.479601
v -0.082308 0.129967 1.515188
v -0.077933 0.129926 1.515207
v -0.076244 0.296219 1.479621
v -0.082822 0.129598 1.560051
v -0.084302 -0.039537 1.543231
v -0.079308 -0.039583 1.543254
v -0.077829 0.129552 1.560074
v -0.084330 -0.053861 1.586635
v -0.085451 -0.209323 1.517702
v -0.081054 -0.209364 1.517721
v -0.079934 -0.053902 1.586655
v -0.085810 -0.236463 1.554585
v -0.086463 -0.362943 1.440876
v -0.082177 -0.362982 1.440896
v -0.081525 -0.236502 1.554604
v -0.087044 -0.399909 1.467334
v -0.087169 -0.485293 1.320281
v -0.082638 -0.485335 1.320302
v -0.082513 -0.399951 1.467354
v -0.087441 -0.529108 1.334265
v -0.087019 -0.564444 1.167874
v -0.082876 -0.564482 1.167893
v -0.083298 -0.529146 1.334283
v -0.082920 -0.609476 1.167505
v -0.087799 -0.609431 1.167483
v -0.086884 -0.592485 0.998340
v -0.082005 -0.592530 0.998362
v -0.087394 -0.634777 0.984243
v -0.086070 -0.566809 0.828493
v -0.080821 -0.566858 0.828517
v -0.082146 -0.634826 0.984266
v -0.086290 -0.602719 0.802047
v -0.084682 -0.489963 0.674917
v -0.079417 -0.490012 0.674940
v -0.081025 -0.602767 0.802071
v -0.084451 -0.516490 0.638062
v -0.082715 -0.369528 0.552576
v -0.078070 -0.369570 0.552597
v -0.079806 -0.516533 0.638083
v -0.082508 -0.383413 0.509024
v -0.080819 -0.217116 0.473447
v -0.076453 -0.217156 0.473466
v -0.078142 -0.383453 0.509043
v -0.080364 -0.216890 0.427125
v -0.078890 -0.047723 0.445253
v -0.075013 -0.047758 0.445270
v -0.076488 -0.216926 0.427143
v -0.079092 -0.033433 0.402676
v -0.077967 0.122206 0.471016
v -0.073042 0.122160 0.471038
v -0.074166 -0.033479 0.402698
v -0.072833 0.149120 0.434332
v -0.077350 0.149161 0.434312
v -0.076695 0.275795 0.547797
v -0.072178 0.275754 0.547817
v -0.076824 0.311658 0.522285
v -0.076686 0.398094 0.668531
v -0.071023 0.398042 0.668557
v -0.071161 0.311606 0.522310
v -0.075606 0.441614 0.654521
v -0.076024 0.477266 0.820800
v -0.071595 0.477226 0.820820
v -0.071176 0.441573 0.654541
v -0.075301 0.523646 0.821017
v -0.076228 0.505477 0.990191
v -0.072393 0.505442 0.990208
v -0.071467 0.523611 0.821035
v -0.099474 0.084293 1.035647
v -0.099228 0.090839 0.994160
v -0.099102 0.084244 0.952680
v -0.099110 0.065155 0.915267
v -0.099250 0.035440 0.885584
v -0.099509 -0.001993 0.866537
v -0.099861 -0.043479 0.859989
v -0.100272 -0.084958 0.866582
v -0.100702 -0.122368 0.885670
v -0.101108 -0.152049 0.915385
v -0.101451 -0.171094 0.952818
v -0.101697 -0.177640 0.994306
v -0.101823 -0.171046 1.035786
v -0.101815 -0.151957 1.073198
v -0.101675 -0.122241 1.102881
v -0.101417 -0.084809 1.121929
v -0.101065 -0.043322 1.128477
v -0.100654 -0.001844 1.121884
v -0.100224 0.035567 1.102795
v -0.099817 0.065248 1.073080
v -0.057305 0.083905 1.035836
v -0.057059 0.090451 0.994349
v -0.056933 0.083857 0.952869
v -0.056941 0.064768 0.915456
v -0.057081 0.035052 0.885774
v -0.057340 -0.002381 0.866726
v -0.057692 -0.043867 0.860178
v -0.058103 -0.085346 0.866771
v -0.058533 -0.122756 0.885859
v -0.058939 -0.152437 0.915574
v -0.059282 -0.171482 0.953008
v -0.059529 -0.178028 0.994495
v -0.059654 -0.171434 1.035975
v -0.059647 -0.152345 1.073388
v -0.059507 -0.122629 1.103070
v -0.059248 -0.085196 1.122118
v -0.058896 -0.043710 1.128666
v -0.058485 -0.002231 1.122073
v -0.058055 0.035179 1.102985
v -0.057649 0.064860 1.073269
v -0.098046 0.363560 1.289570
v -0.096760 0.434898 1.149357
v -0.095837 0.459417 0.993960
v -0.095367 0.434717 0.838589
v -0.095395 0.363214 0.698453
v -0.095920 0.251911 0.587271
v -0.096889 0.111699 0.515925
v -0.098208 -0.043694 0.491399
v -0.099748 -0.199060 0.516093
v -0.101357 -0.339188 0.587592
v -0.102879 -0.450362 0.698895
v -0.104165 -0.521700 0.839108
v -0.105088 -0.546218 0.994506
v -0.105558 -0.521518 1.149877
v -0.105530 -0.450016 1.290012
v -0.105005 -0.338712 1.401194
v -0.104036 -0.198500 1.472540
v -0.102717 -0.043107 1.497066
v -0.101178 0.112258 1.472372
v -0.099568 0.252386 1.400874
v -0.053849 0.439362 0.994160
v -0.053398 0.415628 0.844866
v -0.053425 0.346922 0.710212
v -0.053929 0.239972 0.603378
v -0.054860 0.105244 0.534822
v -0.056127 -0.044071 0.511256
v -0.057607 -0.193359 0.534985
v -0.059154 -0.328006 0.603686
v -0.060616 -0.434832 0.710636
v -0.061851 -0.503380 0.845365
v -0.062738 -0.526939 0.994684
v -0.063190 -0.503205 1.143978
v -0.063163 -0.434500 1.278632
v -0.062659 -0.327549 1.385466
v -0.061728 -0.192821 1.454021
v -0.060460 -0.043506 1.477588
v -0.058981 0.105781 1.453859
v -0.057434 0.240429 1.385158
v -0.055972 0.347254 1.278208
v -0.054736 0.415802 1.143479
v -0.088853 0.000612 1.026300
v -0.088714 0.008345 1.011100
v -0.088614 0.011003 0.994254
v -0.088563 0.008326 0.977411
v -0.088566 0.000574 0.962219
v -0.088623 -0.011492 0.950167
v -0.088728 -0.026691 0.942432
v -0.088871 -0.043537 0.939774
v -0.089038 -0.060379 0.942451
v -0.089212 -0.075570 0.950202
v -0.089377 -0.087622 0.962267
v -0.089516 -0.095355 0.977467
v -0.089617 -0.098013 0.994313
v -0.089667 -0.095336 1.011156
v -0.089664 -0.087584 1.026348
v -0.089608 -0.075519 1.038401
v -0.089502 -0.060319 1.046135
v -0.089360 -0.043473 1.048794
v -0.089193 -0.026631 1.046117
v -0.089018 -0.011440 1.038366
v -0.071149 0.000449 1.026379
v -0.071010 0.008182 1.011179
v -0.070910 0.010840 0.994334
v -0.070859 0.008163 0.977490
v -0.070862 0.000411 0.962299
v -0.070919 -0.011654 0.950246
v -0.071024 -0.026854 0.942512
v -0.071167 -0.043700 0.939853
v -0.071334 -0.060542 0.942530
v -0.071508 -0.075733 0.950281
v -0.071673 -0.087785 0.962347
v -0.071813 -0.095518 0.977547
v -0.071913 -0.098176 0.994393
v -0.071964 -0.095498 1.011236
v -0.071961 -0.087747 1.026427
v -0.071904 -0.075681 1.038480
v -0.071799 -0.060482 1.046214
v -0.071656 -0.043636 1.048873
v -0.071489 -0.026794 1.046196
v -0.071314 -0.011603 1.038445
v -0.055756 0.383597 1.304582
v -0.054406 0.458516 1.157332
v -0.053436 0.484266 0.994135
v -0.052942 0.458326 0.830966
v -0.052972 0.383234 0.683797
v -0.053523 0.266344 0.567035
v -0.054541 0.119095 0.492108
v -0.055926 -0.044097 0.466351
v -0.057543 -0.207260 0.492285
v -0.059233 -0.354421 0.567372
v -0.060832 -0.471175 0.684262
v -0.062182 -0.546093 0.831512
v -0.063151 -0.571842 0.994709
v -0.063645 -0.545903 1.157878
v -0.063615 -0.470812 1.305046
v -0.063065 -0.353921 1.421809
v -0.062047 -0.206672 1.496736
v -0.060662 -0.043480 1.522493
v -0.059045 0.119682 1.496559
v -0.057354 0.266844 1.421472
v -0.096495 0.469143 1.160464
v -0.095506 0.495417 0.993940
v -0.095002 0.468948 0.827445
v -0.095033 0.392326 0.677276
v -0.095595 0.273054 0.558134
v -0.096633 0.122803 0.481680
v -0.098047 -0.043715 0.455397
v -0.099697 -0.210204 0.481860
v -0.101421 -0.360365 0.558478
v -0.103052 -0.479499 0.677750
v -0.104430 -0.555944 0.828002
v -0.105419 -0.582218 0.994525
v -0.105923 -0.555750 1.161020
v -0.105893 -0.479128 1.311189
v -0.105331 -0.359855 1.430331
v -0.104292 -0.209605 1.506786
v -0.102879 -0.043085 1.533068
v -0.101229 0.123402 1.506605
v -0.099504 0.273563 1.429988
v -0.097873 0.392697 1.310715
v -0.056444 0.397765 1.315391
v -0.097073 0.398139 1.315209
v -0.098723 0.276788 1.434172
v -0.058094 0.276414 1.434355
v -0.054696 0.474522 1.162765
v -0.096039 0.474902 1.162579
v -0.097434 0.396939 1.313697
v -0.056092 0.396558 1.313882
v -0.054289 0.502728 0.994695
v -0.094418 0.503097 0.994515
v -0.095435 0.474285 1.161925
v -0.055306 0.473916 1.162105
v -0.053514 0.475355 0.825866
v -0.094181 0.475729 0.825684
v -0.094706 0.500687 0.993790
v -0.054040 0.500313 0.993973
v -0.053529 0.397819 0.673702
v -0.094225 0.398193 0.673520
v -0.094212 0.473910 0.825676
v -0.053516 0.473536 0.825859
v -0.053970 0.276839 0.553158
v -0.094928 0.277216 0.552974
v -0.094375 0.396485 0.674100
v -0.053417 0.396109 0.674284
v -0.055237 0.125085 0.475166
v -0.095752 0.125457 0.474984
v -0.094721 0.276024 0.553753
v -0.054206 0.275651 0.553935
v -0.056101 -0.043964 0.449871
v -0.097770 -0.043580 0.449684
v -0.096347 0.124339 0.476774
v -0.054678 0.123956 0.476961
v -0.057810 -0.212236 0.476461
v -0.099395 -0.211853 0.476274
v -0.097732 -0.043779 0.450245
v -0.056147 -0.044162 0.450432
v -0.059459 -0.363944 0.554087
v -0.101232 -0.363560 0.553899
v -0.099492 -0.211831 0.476997
v -0.057719 -0.212215 0.477185
v -0.061505 -0.485021 0.673795
v -0.102489 -0.484644 0.673611
v -0.100840 -0.363545 0.554317
v -0.059855 -0.363922 0.554501
v -0.062783 -0.562235 0.825991
v -0.103998 -0.561856 0.825806
v -0.102601 -0.483770 0.674773
v -0.061386 -0.484149 0.674958
v -0.063915 -0.589226 0.994375
v -0.104873 -0.588850 0.994191
v -0.103864 -0.560970 0.826504
v -0.062906 -0.561346 0.826688
v -0.064303 -0.562226 1.162903
v -0.105502 -0.561847 1.162718
v -0.104982 -0.587428 0.994627
v -0.063784 -0.587807 0.994812
v -0.064096 -0.484368 1.314690
v -0.105640 -0.483986 1.314504
v -0.105663 -0.560639 1.162678
v -0.064119 -0.561021 1.162864
v -0.063587 -0.363944 1.435270
v -0.105017 -0.363563 1.435084
v -0.105575 -0.483273 1.314294
v -0.064145 -0.483654 1.314480
v -0.062518 -0.212019 1.512594
v -0.103986 -0.211638 1.512408
v -0.105027 -0.362838 1.434558
v -0.063559 -0.363219 1.434744
v -0.061060 -0.043648 1.539156
v -0.102585 -0.043266 1.538970
v -0.104006 -0.211138 1.511717
v -0.062482 -0.211520 1.511903
v -0.059747 0.124765 1.513377
v -0.100568 0.125141 1.513194
v -0.102227 -0.042954 1.538327
v -0.061406 -0.043329 1.538510
v -0.058456 0.277359 1.436990
v -0.098367 0.277726 1.436810
v -0.100105 0.125271 1.511655
v -0.060194 0.124904 1.511834
v -0.100055 -0.010424 0.948789
v -0.100163 -0.026081 0.940823
v -0.100311 -0.043433 0.938084
v -0.100483 -0.060781 0.940841
v -0.100662 -0.076429 0.948825
v -0.100832 -0.088843 0.961254
v -0.100976 -0.096809 0.976910
v -0.101079 -0.099546 0.994263
v -0.101131 -0.096788 1.011612
v -0.101128 -0.088804 1.027260
v -0.101070 -0.076375 1.039675
v -0.100962 -0.060719 1.047642
v -0.100814 -0.043367 1.050381
v -0.100642 -0.026018 1.047623
v -0.100463 -0.010371 1.039639
v -0.100293 0.002043 1.027211
v -0.100149 0.010009 1.011554
v -0.100046 0.012747 0.994202
v -0.099993 0.009989 0.976852
v -0.099997 0.002004 0.961204
v 0.057829 -0.028552 0.981068
v 0.057803 -0.033265 0.977257
v 0.057761 -0.038924 0.975089
v 0.057706 -0.044977 0.974776
v 0.057645 -0.050830 0.976349
v 0.057584 -0.055911 0.979653
v 0.057528 -0.059721 0.984366
v 0.057482 -0.061889 0.990026
v 0.057452 -0.062202 0.996079
v 0.057440 -0.060628 1.001932
v 0.057448 -0.057325 1.007012
v 0.057474 -0.052611 1.010823
v 0.057517 -0.046952 1.012991
v 0.057571 -0.040900 1.013305
v 0.057632 -0.035046 1.011732
v 0.057693 -0.029965 1.008427
v 0.057749 -0.026155 1.003714
v 0.057795 -0.023988 0.998055
v 0.057825 -0.023674 0.992002
v 0.057837 -0.025247 0.986149
v 0.038196 -0.013984 0.968007
v 0.038143 -0.023410 0.960385
v 0.038059 -0.034729 0.956049
v 0.037950 -0.046834 0.955423
v 0.037828 -0.058539 0.958568
v 0.037705 -0.068700 0.965177
v 0.037593 -0.076322 0.974603
v 0.037502 -0.080657 0.985922
v 0.037442 -0.081282 0.998028
v 0.037418 -0.078137 1.009734
v 0.037434 -0.071527 1.019896
v 0.037486 -0.062102 1.027518
v 0.037571 -0.050783 1.031854
v 0.037679 -0.038678 1.032480
v 0.037801 -0.026972 1.029334
v 0.037924 -0.016811 1.022725
v 0.038037 -0.009190 1.013300
v 0.038127 -0.004854 1.001980
v 0.038187 -0.004229 0.989875
v 0.038211 -0.007375 0.978168
v -0.113426 -0.012590 0.967327
v -0.113478 -0.022015 0.959705
v -0.113563 -0.033334 0.955368
v -0.113671 -0.045440 0.954742
v -0.113793 -0.057145 0.957888
v -0.113916 -0.067306 0.964497
v -0.114029 -0.074927 0.973922
v -0.114119 -0.079263 0.985242
v -0.114179 -0.079888 0.997347
v -0.114203 -0.076742 1.009053
v -0.114188 -0.070133 1.019215
v -0.114135 -0.060708 1.026837
v -0.114051 -0.049389 1.031173
v -0.113942 -0.037283 1.031799
v -0.113820 -0.025577 1.028654
v -0.113697 -0.015417 1.022045
v -0.113585 -0.007796 1.012619
v -0.113494 -0.003460 1.001300
v -0.113434 -0.002835 0.989194
v -0.113410 -0.005981 0.977488
v -0.133440 -0.026793 0.980209
v -0.133466 -0.031506 0.976399
v -0.133509 -0.037166 0.974230
v -0.133563 -0.043218 0.973917
v -0.133624 -0.049071 0.975490
v -0.133685 -0.054152 0.978795
v -0.133741 -0.057962 0.983508
v -0.133787 -0.060130 0.989167
v -0.133817 -0.060443 0.995220
v -0.133829 -0.058869 1.001073
v -0.133821 -0.055566 1.006154
v -0.133795 -0.050852 1.009965
v -0.133753 -0.045193 1.012133
v -0.133698 -0.039141 1.012446
v -0.133637 -0.033287 1.010873
v -0.133576 -0.028206 1.007569
v -0.133520 -0.024396 1.002856
v -0.133474 -0.022229 0.997196
v -0.133444 -0.021915 0.991143
v -0.133432 -0.023488 0.985290
v 0.057639 -0.042938 0.994040
v -0.133631 -0.041179 0.993182
v -0.111703 -0.007813 1.012628
v -0.111815 -0.015434 1.022053
v -0.111938 -0.025595 1.028662
v -0.112060 -0.037301 1.031807
v -0.112168 -0.049406 1.031182
v -0.112253 -0.060725 1.026845
v -0.112305 -0.070150 1.019223
v -0.112321 -0.076760 1.009062
v -0.112297 -0.079905 0.997356
v -0.112237 -0.079280 0.985250
v -0.112146 -0.074945 0.973931
v -0.112034 -0.067323 0.964505
v -0.111911 -0.057162 0.957896
v -0.111789 -0.045457 0.954751
v -0.111680 -0.033352 0.955377
v -0.111596 -0.022032 0.959713
v -0.111543 -0.012607 0.967335
v -0.111528 -0.005998 0.977496
v -0.111552 -0.002852 0.989203
v -0.111612 -0.003477 1.001308
v 0.037384 -0.016806 1.022723
v 0.037261 -0.026967 1.029332
v 0.037139 -0.038673 1.032477
v 0.037030 -0.050778 1.031851
v 0.036946 -0.062097 1.027515
v 0.036893 -0.071523 1.019893
v 0.036878 -0.078132 1.009732
v 0.036902 -0.081277 0.998025
v 0.036962 -0.080652 0.985920
v 0.037052 -0.076317 0.974600
v 0.037165 -0.068696 0.965175
v 0.037288 -0.058534 0.958566
v 0.037410 -0.046829 0.955421
v 0.037518 -0.034724 0.956047
v 0.037603 -0.023405 0.960383
v 0.037655 -0.013979 0.968005
v 0.037671 -0.007370 0.978166
v 0.037647 -0.004224 0.989873
v 0.037587 -0.004849 1.001978
v 0.037496 -0.009185 1.013297
v 0.055463 -0.028482 1.010040
v 0.055394 -0.034135 1.013718
v 0.055327 -0.040649 1.015468
v 0.055266 -0.047384 1.015119
v 0.055219 -0.053682 1.012707
v 0.055190 -0.058926 1.008466
v 0.055182 -0.062604 1.002812
v 0.055195 -0.064354 0.996298
v 0.055228 -0.064006 0.989563
v 0.055279 -0.061594 0.983264
v 0.055341 -0.057354 0.978020
v 0.055410 -0.051700 0.974343
v 0.055477 -0.045187 0.972593
v 0.055538 -0.038452 0.972941
v 0.055585 -0.032153 0.975354
v 0.055614 -0.026909 0.979595
v 0.055622 -0.023231 0.985248
v 0.055609 -0.021481 0.991762
v 0.055576 -0.021829 0.998498
v 0.055525 -0.024241 1.004796
v -0.132238 -0.027346 1.008543
v -0.132304 -0.032768 1.012070
v -0.132369 -0.039015 1.013749
v -0.132426 -0.045475 1.013414
v -0.132472 -0.051516 1.011100
v -0.132500 -0.056546 1.007033
v -0.132508 -0.060072 1.001610
v -0.132495 -0.061751 0.995363
v -0.132463 -0.061418 0.988903
v -0.132415 -0.059104 0.982862
v -0.132355 -0.055037 0.977833
v -0.132289 -0.049614 0.974305
v -0.132224 -0.043368 0.972627
v -0.132166 -0.036908 0.972961
v -0.132121 -0.030867 0.975275
v -0.132093 -0.025837 0.979343
v -0.132085 -0.022310 0.984765
v -0.132097 -0.020632 0.991012
v -0.132129 -0.020965 0.997473
v -0.132178 -0.023279 1.003513
v -0.086839 -0.001391 1.016572
v -0.086974 -0.010523 1.027865
v -0.087121 -0.022696 1.035783
v -0.087267 -0.036721 1.039552
v -0.087397 -0.051224 1.038802
v -0.087498 -0.064786 1.033607
v -0.087561 -0.076079 1.024475
v -0.087579 -0.083997 1.012300
v -0.087551 -0.087766 0.998275
v -0.087479 -0.087017 0.983771
v -0.087370 -0.081823 0.970209
v -0.087236 -0.072692 0.958916
v -0.087088 -0.060518 0.950997
v -0.086942 -0.046493 0.947229
v -0.086812 -0.031990 0.947979
v -0.086711 -0.018428 0.953174
v -0.086648 -0.007135 0.962306
v -0.086630 0.000783 0.974481
v -0.086658 0.004552 0.988507
v -0.086730 0.003803 1.003010
v -0.084968 0.014563 1.025786
v -0.085156 0.001806 1.041563
v -0.113088 0.005530 1.020305
v -0.113245 -0.005118 1.033473
v -0.085362 -0.015202 1.052626
v -0.113417 -0.019313 1.042706
v -0.085566 -0.034797 1.057891
v -0.113587 -0.035668 1.047101
v -0.085748 -0.055060 1.056843
v -0.113739 -0.052580 1.046226
v -0.085889 -0.074007 1.049585
v -0.113857 -0.068394 1.040168
v -0.085977 -0.089784 1.036827
v -0.113930 -0.081562 1.029520
v -0.086003 -0.100847 1.019817
v -0.113951 -0.090796 1.015323
v -0.085963 -0.106113 1.000222
v -0.113918 -0.095191 0.998968
v -0.085862 -0.105066 0.979959
v -0.113834 -0.094318 0.982055
v -0.085711 -0.097809 0.961011
v -0.113708 -0.088260 0.966241
v -0.085522 -0.085052 0.945234
v -0.113551 -0.077613 0.953072
v -0.085316 -0.068043 0.934170
v -0.113379 -0.063417 0.943838
v -0.085113 -0.048449 0.928906
v -0.113209 -0.047063 0.939444
v -0.084931 -0.028187 0.929954
v -0.113057 -0.030150 0.940319
v -0.084789 -0.009239 0.937212
v -0.112939 -0.014336 0.946377
v -0.084701 0.006538 0.949970
v -0.112866 -0.001168 0.957026
v -0.084676 0.017601 0.966980
v -0.112844 0.008066 0.971222
v -0.084716 0.022867 0.986575
v -0.112877 0.012461 0.987577
v -0.084816 0.021820 1.006838
v -0.112961 0.011587 1.004490
v -0.111475 0.012979 0.987528
v -0.111560 0.012097 1.004607
v -0.111688 0.005980 1.020577
v -0.111846 -0.004773 1.033876
v -0.112020 -0.019108 1.043200
v -0.112192 -0.035624 1.047638
v -0.112345 -0.052703 1.046755
v -0.112464 -0.068674 1.040637
v -0.112538 -0.081972 1.029883
v -0.112560 -0.091297 1.015547
v -0.112526 -0.095735 0.999030
v -0.112442 -0.094853 0.981951
v -0.112314 -0.088736 0.965980
v -0.112155 -0.077983 0.952682
v -0.111981 -0.063647 0.943357
v -0.111810 -0.047132 0.938919
v -0.111657 -0.030053 0.939803
v -0.111537 -0.014082 0.945920
v -0.111463 -0.000784 0.956674
v -0.111442 0.008541 0.971011
v -0.085978 0.022400 0.986620
v -0.086078 0.021361 1.006733
v -0.086228 0.014158 1.025540
v -0.086415 0.001495 1.041201
v -0.086620 -0.015386 1.052181
v -0.086822 -0.034836 1.057407
v -0.087002 -0.054949 1.056367
v -0.087143 -0.073755 1.049163
v -0.087230 -0.089416 1.036499
v -0.087255 -0.100397 1.019616
v -0.087216 -0.105623 1.000166
v -0.087116 -0.104585 0.980053
v -0.086966 -0.097381 0.961246
v -0.086779 -0.084718 0.945585
v -0.086574 -0.067836 0.934604
v -0.086372 -0.048387 0.929378
v -0.086192 -0.028275 0.930418
v -0.086051 -0.009468 0.937623
v -0.085964 0.006192 0.950287
v -0.085939 0.017173 0.967170
v -0.087716 0.021758 0.986682
v -0.087815 0.020730 1.006588
v -0.087964 0.013601 1.025202
v -0.088148 0.001068 1.040701
v -0.088351 -0.015640 1.051569
v -0.088551 -0.034890 1.056741
v -0.088730 -0.054795 1.055712
v -0.088869 -0.073409 1.048582
v -0.088955 -0.088908 1.036048
v -0.088980 -0.099777 1.019338
v -0.088941 -0.104949 1.000088
v -0.088842 -0.103921 0.980182
v -0.088693 -0.096792 0.961568
v -0.088508 -0.084259 0.946069
v -0.088306 -0.067550 0.935200
v -0.088106 -0.048302 0.930028
v -0.087927 -0.028396 0.931058
v -0.087788 -0.009782 0.938188
v -0.087702 0.005717 0.950722
v -0.087677 0.016585 0.967432
v -0.112422 0.012629 0.987561
v -0.112506 0.011753 1.004528
v -0.112633 0.005676 1.020393
v -0.112791 -0.005006 1.033604
v -0.112963 -0.019246 1.042867
v -0.113134 -0.035654 1.047275
v -0.113286 -0.052620 1.046398
v -0.113405 -0.068485 1.040321
v -0.113478 -0.081695 1.029638
v -0.113499 -0.090959 1.015395
v -0.113466 -0.095368 0.998988
v -0.113382 -0.094491 0.982021
v -0.113255 -0.088415 0.966156
v -0.113097 -0.077733 0.952945
v -0.112925 -0.063491 0.943682
v -0.112754 -0.047085 0.939274
v -0.112602 -0.030119 0.940151
v -0.112484 -0.014254 0.946229
v -0.112410 -0.001043 0.956912
v -0.112389 0.008220 0.971153
v -0.133366 -0.021841 0.991136
v -0.133397 -0.022156 0.997212
v -0.133442 -0.024332 1.002894
v -0.133498 -0.028157 1.007625
v -0.133560 -0.033257 1.010942
v -0.133621 -0.039133 1.012522
v -0.133676 -0.045209 1.012207
v -0.133718 -0.050891 1.010031
v -0.133745 -0.055622 1.006205
v -0.133752 -0.058939 1.001104
v -0.133740 -0.060519 0.995228
v -0.133710 -0.060204 0.989152
v -0.133665 -0.058028 0.983470
v -0.133608 -0.054203 0.978739
v -0.133547 -0.049102 0.975422
v -0.133485 -0.043226 0.973843
v -0.133431 -0.037151 0.974157
v -0.133388 -0.031469 0.976334
v -0.133362 -0.026738 0.980159
v -0.133355 -0.023420 0.985260
v -0.114226 -0.003590 0.989272
v -0.114285 -0.004203 1.001137
v -0.114374 -0.008453 1.012233
v -0.114484 -0.015923 1.021472
v -0.114605 -0.025882 1.027950
v -0.114724 -0.037357 1.031033
v -0.114830 -0.049223 1.030420
v -0.114913 -0.060318 1.026169
v -0.114965 -0.069557 1.018698
v -0.114980 -0.076035 1.008738
v -0.114956 -0.079119 0.997263
v -0.114898 -0.078506 0.985397
v -0.114809 -0.074256 0.974302
v -0.114698 -0.066786 0.965062
v -0.114578 -0.056826 0.958584
v -0.114458 -0.045352 0.955501
v -0.114352 -0.033486 0.956115
v -0.114269 -0.022391 0.960365
v -0.114218 -0.013152 0.967836
v -0.114203 -0.006674 0.977797
v -0.111631 -0.001933 0.989105
v -0.111607 -0.005154 0.977120
v -0.111623 -0.011921 0.966716
v -0.111676 -0.021571 0.958912
v -0.111763 -0.033160 0.954473
v -0.111874 -0.045553 0.953832
v -0.111999 -0.057538 0.957052
v -0.112125 -0.067941 0.963819
v -0.112240 -0.075744 0.973469
v -0.112333 -0.080183 0.985058
v -0.112394 -0.080823 0.997452
v -0.112419 -0.077602 1.009438
v -0.112403 -0.070835 1.019841
v -0.112349 -0.061186 1.027645
v -0.112263 -0.049596 1.032085
v -0.112152 -0.037203 1.032725
v -0.112027 -0.025218 1.029505
v -0.111901 -0.014815 1.022739
v -0.111786 -0.007012 1.013088
v -0.111693 -0.002573 1.001499
v -0.111836 -0.012605 0.967334
v -0.111821 -0.005995 0.977495
v -0.111845 -0.002850 0.989202
v -0.111905 -0.003475 1.001307
v -0.111996 -0.007810 1.012626
v -0.112108 -0.015432 1.022052
v -0.112231 -0.025592 1.028661
v -0.112353 -0.037298 1.031806
v -0.112461 -0.049403 1.031180
v -0.112546 -0.060722 1.026844
v -0.112598 -0.070148 1.019222
v -0.112614 -0.076757 1.009061
v -0.112590 -0.079903 0.997354
v -0.112530 -0.079278 0.985249
v -0.112439 -0.074942 0.973929
v -0.112327 -0.067321 0.964504
v -0.112204 -0.057160 0.957895
v -0.112082 -0.045454 0.954750
v -0.111973 -0.033349 0.955376
v -0.111889 -0.022030 0.959712
v -0.113225 -0.012592 0.967327
v -0.113210 -0.005983 0.977489
v -0.113234 -0.002837 0.989195
v -0.113294 -0.003462 1.001301
v -0.113385 -0.007797 1.012620
v -0.113497 -0.015419 1.022046
v -0.113620 -0.025579 1.028654
v -0.113742 -0.037285 1.031800
v -0.113850 -0.049390 1.031174
v -0.113935 -0.060710 1.026838
v -0.113987 -0.070135 1.019216
v -0.114003 -0.076744 1.009054
v -0.113979 -0.079890 0.997348
v -0.113919 -0.079265 0.985243
v -0.113828 -0.074929 0.973923
v -0.113716 -0.067308 0.964498
v -0.113593 -0.057147 0.957888
v -0.113471 -0.045441 0.954743
v -0.113362 -0.033336 0.955369
v -0.113278 -0.022017 0.959705
v 0.057347 -0.023202 0.991950
v 0.057317 -0.023522 0.998150
v 0.057270 -0.025743 1.003947
v 0.057213 -0.029646 1.008775
v 0.057150 -0.034850 1.012160
v 0.057087 -0.040846 1.013771
v 0.057032 -0.047045 1.013450
v 0.056988 -0.052842 1.011229
v 0.056961 -0.057670 1.007326
v 0.056954 -0.061054 1.002121
v 0.056966 -0.062666 0.996126
v 0.056997 -0.062345 0.989926
v 0.057043 -0.060125 0.984129
v 0.057101 -0.056222 0.979302
v 0.057164 -0.051017 0.975916
v 0.057226 -0.045022 0.974306
v 0.057282 -0.038823 0.974626
v 0.057325 -0.033026 0.976847
v 0.057352 -0.028198 0.980751
v 0.057360 -0.024813 0.985955
v 0.038488 -0.005206 1.001908
v 0.038398 -0.009501 1.013124
v 0.038287 -0.017053 1.022463
v 0.038165 -0.027120 1.029011
v 0.038044 -0.038719 1.032128
v 0.037937 -0.050713 1.031507
v 0.037853 -0.061928 1.027211
v 0.037801 -0.071267 1.019659
v 0.037786 -0.077815 1.009591
v 0.037809 -0.080932 0.997992
v 0.037869 -0.080313 0.985998
v 0.037959 -0.076017 0.974782
v 0.038070 -0.068466 0.965443
v 0.038192 -0.058398 0.958894
v 0.038313 -0.046800 0.955778
v 0.038420 -0.034806 0.956398
v 0.038504 -0.023590 0.960695
v 0.038556 -0.014252 0.968247
v 0.038571 -0.007703 0.978315
v 0.038548 -0.004586 0.989914
v -0.077054 0.003130 1.002930
v -0.077162 -0.001998 1.016317
v -0.077295 -0.011012 1.027465
v -0.077440 -0.023028 1.035281
v -0.077584 -0.036873 1.039001
v -0.077712 -0.051190 1.038261
v -0.077813 -0.064577 1.033133
v -0.077875 -0.075724 1.024118
v -0.077893 -0.083541 1.012100
v -0.077865 -0.087261 0.998255
v -0.077794 -0.086522 0.983938
v -0.077686 -0.081394 0.970551
v -0.077553 -0.072381 0.959403
v -0.077408 -0.060363 0.951586
v -0.077264 -0.046519 0.947867
v -0.077135 -0.032203 0.948607
v -0.077035 -0.018815 0.953735
v -0.076973 -0.007668 0.962750
v -0.076955 0.000149 0.974768
v -0.076983 0.003869 0.988613
v -0.083522 0.003580 1.002984
v -0.083631 -0.001592 1.016488
v -0.083765 -0.010685 1.027732
v -0.083912 -0.022806 1.035617
v -0.084057 -0.036772 1.039369
v -0.084186 -0.051213 1.038623
v -0.084287 -0.064717 1.033450
v -0.084350 -0.075961 1.024357
v -0.084368 -0.083846 1.012234
v -0.084340 -0.087599 0.998268
v -0.084268 -0.086853 0.983826
v -0.084160 -0.081681 0.970322
v -0.084026 -0.072589 0.959077
v -0.083879 -0.060466 0.951193
v -0.083734 -0.046502 0.947441
v -0.083604 -0.032060 0.948187
v -0.083503 -0.018556 0.953360
v -0.083441 -0.007312 0.962454
v -0.083423 0.000573 0.974576
v -0.083451 0.004326 0.988542
v 0.031297 -0.008054 0.974708
v 0.031270 -0.015835 0.964987
v 0.031205 -0.026239 0.958147
v 0.031109 -0.038248 0.954856
v 0.030992 -0.050685 0.955437
v 0.030865 -0.062334 0.959834
v 0.030741 -0.072054 0.967615
v 0.030631 -0.078894 0.978019
v 0.030547 -0.082184 0.990028
v 0.030496 -0.081602 1.002465
v 0.030485 -0.077206 1.014115
v 0.030513 -0.069424 1.023836
v 0.030577 -0.059020 1.030676
v 0.030673 -0.047012 1.033967
v 0.030790 -0.034574 1.033385
v 0.030917 -0.022925 1.028989
v 0.031041 -0.013205 1.021208
v 0.031151 -0.006365 1.010804
v 0.031235 -0.003075 0.998795
v 0.031286 -0.003657 0.986357
v 0.031704 0.026522 0.955004
v 0.031648 0.010959 0.935563
v 0.031518 -0.009849 0.921882
v 0.031327 -0.033866 0.915300
v 0.031093 -0.058741 0.916463
v 0.030839 -0.082038 0.925256
v 0.030590 -0.101479 0.940818
v 0.030371 -0.115158 0.961626
v 0.030203 -0.121738 0.985644
v -0.003107 -0.120269 1.010370
v -0.003131 -0.111476 1.033669
v -0.003075 -0.095913 1.053111
v -0.002945 -0.075105 1.066792
v -0.002754 -0.051088 1.073373
v -0.002520 -0.026213 1.072210
v -0.002266 -0.002916 1.063418
v -0.002018 0.016525 1.047855
v -0.001798 0.030204 1.027047
v -0.001630 0.036784 1.003030
v -0.001529 0.035621 0.978154
v -0.042288 0.027202 0.954672
v -0.042344 0.011640 0.935231
v -0.042474 -0.009168 0.921550
v -0.042665 -0.033185 0.914968
v -0.042899 -0.058060 0.916131
v -0.043153 -0.081358 0.924924
v -0.043402 -0.100798 0.940486
v -0.043621 -0.114478 0.961294
v -0.043789 -0.121058 0.985312
v -0.043890 -0.119894 1.010187
v -0.043914 -0.111101 1.033486
v -0.043858 -0.095538 1.052928
v -0.043728 -0.074730 1.066609
v -0.043537 -0.050713 1.073190
v -0.043303 -0.025838 1.072027
v -0.043049 -0.002541 1.063235
v -0.042801 0.016900 1.047672
v -0.042581 0.030579 1.026864
v -0.042413 0.037159 1.002847
v -0.042312 0.035996 0.977971
v -0.042695 -0.007373 0.974376
v -0.042723 -0.015155 0.964655
v -0.042788 -0.025559 0.957814
v -0.042883 -0.037567 0.954524
v -0.043000 -0.050005 0.955105
v -0.043127 -0.061654 0.959501
v -0.043251 -0.071374 0.967283
v -0.043361 -0.078214 0.977687
v -0.043445 -0.081504 0.989695
v -0.043496 -0.080922 1.002133
v -0.043508 -0.076525 1.013783
v -0.043480 -0.068744 1.023503
v -0.043415 -0.058340 1.030344
v -0.043319 -0.046331 1.033635
v -0.043202 -0.033894 1.033053
v -0.043075 -0.022245 1.028657
v -0.042951 -0.012525 1.020876
v -0.042841 -0.005685 1.010472
v -0.042757 -0.002395 0.998463
v -0.042707 -0.002977 0.986025
v 0.030891 -0.042630 0.994411
v -0.043101 -0.041949 0.994079
v 0.031933 -0.082264 0.681139
v -0.042059 -0.081583 0.680807
v 0.031689 -0.106350 0.686117
v -0.042303 -0.105670 0.685785
v 0.031445 -0.130436 0.691095
v -0.042547 -0.129756 0.690762
v 0.030939 -0.180480 0.701437
v -0.043054 -0.179800 0.701105
v 0.030900 -0.184295 0.702226
v -0.043092 -0.183614 0.701894
v 0.032478 -0.028405 0.670009
v -0.041514 -0.027724 0.669677
v 0.034697 0.079872 0.397497
v -0.039295 0.080552 0.397164
v 0.034453 0.055785 0.402474
v -0.039539 0.056466 0.402142
v 0.034209 0.031699 0.407452
v -0.039783 0.032379 0.407120
v 0.033703 -0.018345 0.417795
v -0.040289 -0.017664 0.417462
v 0.033664 -0.022159 0.418583
v -0.040328 -0.021479 0.418251
v 0.035242 0.133730 0.386367
v -0.038750 0.134411 0.386035
v 0.035244 0.023541 0.160324
v -0.038748 0.024222 0.159992
v 0.035071 0.006491 0.163848
v -0.038921 0.007172 0.163516
v 0.034899 -0.010559 0.167371
v -0.039094 -0.009879 0.167039
v 0.034540 -0.045984 0.174693
v 0.034513 -0.048684 0.175251
v 0.035630 0.061667 0.152446
v -0.038362 0.062348 0.152114
v 0.043280 0.057346 0.145537
v 0.043201 0.049509 0.147157
v -0.046108 0.050330 0.146756
v -0.046029 0.058167 0.145136
v 0.043078 0.037302 0.149679
v -0.046232 0.038123 0.149278
v 0.040673 0.022395 0.155045
v -0.044150 0.023175 0.154664
v 0.041059 0.060521 0.147166
v -0.043764 0.061301 0.146786
v 0.038458 0.031626 0.954039
v 0.042479 0.010860 0.935611
v 0.043158 -0.043391 0.673134
v 0.042844 -0.029259 0.670255
v -0.053119 0.027302 0.954623
v -0.053175 0.011739 0.935182
v -0.052384 -0.031440 0.670417
v -0.052496 -0.042511 0.672705
v 0.042349 -0.009948 0.921930
v 0.042984 -0.060635 0.676697
v -0.053305 -0.009069 0.921501
v -0.052670 -0.059755 0.676268
v 0.042158 -0.033965 0.915349
v 0.042764 -0.082363 0.681188
v -0.053496 -0.033086 0.914920
v -0.052890 -0.081484 0.680758
v 0.001147 0.045928 0.976175
v 0.039232 -0.023301 0.669044
v -0.053143 0.036095 0.977922
v -0.052345 -0.027625 0.669629
v 0.045923 0.118745 0.389491
v 0.046035 0.129816 0.387204
v -0.049619 0.130696 0.386774
v -0.049731 0.119624 0.389062
v 0.045748 0.101501 0.393055
v -0.049906 0.102380 0.392625
v 0.045528 0.079772 0.397545
v -0.050126 0.080652 0.397116
v 0.046073 0.133631 0.386415
v -0.049581 0.134511 0.385986
v 0.040328 -0.011705 0.162092
v 0.042421 -0.027561 0.163084
v -0.046888 -0.026740 0.162683
v -0.044495 -0.010925 0.161711
v 0.042297 -0.039768 0.165607
v -0.047012 -0.038946 0.165206
v 0.039969 -0.047130 0.169413
v 0.041670 -0.082138 0.925304
v 0.041421 -0.101578 0.940867
v 0.042056 -0.152265 0.695634
v 0.042276 -0.130536 0.691143
v -0.053984 -0.081258 0.924875
v -0.054233 -0.100699 0.940437
v -0.053378 -0.129656 0.690714
v -0.053598 -0.151385 0.695204
v 0.041202 -0.115258 0.961675
v 0.041881 -0.169508 0.699198
v -0.054452 -0.114378 0.961245
v -0.053772 -0.168629 0.698768
v 0.041034 -0.121838 0.985692
v 0.041769 -0.180580 0.701486
v -0.054620 -0.120958 0.985263
v -0.053885 -0.179700 0.701056
v 0.044820 0.009871 0.411991
v 0.045040 0.031599 0.407501
v -0.050614 0.032479 0.407071
v -0.050834 0.010750 0.411562
v 0.044646 -0.007373 0.415555
v -0.051008 -0.006493 0.415126
v 0.044534 -0.018444 0.417843
v -0.051120 -0.017565 0.417414
v -0.002832 0.036795 1.003024
v -0.003001 0.030215 1.027042
v -0.003220 0.016536 1.047850
v -0.003469 -0.002905 1.063412
v -0.003722 -0.026202 1.072205
v -0.003956 -0.051077 1.073368
v -0.004148 -0.075094 1.066786
v -0.004278 -0.095902 1.053105
v -0.004333 -0.111465 1.033664
v -0.004310 -0.120258 1.010365
v 0.028718 -0.184275 0.702216
v 0.031483 -0.022139 0.418573
v 0.032331 -0.048664 0.175241
v 0.032359 -0.045964 0.174683
v 0.037468 -0.047107 0.169402
v 0.039664 -0.039744 0.165595
v 0.039788 -0.027537 0.163072
v 0.037827 -0.011682 0.162081
v 0.032717 -0.010539 0.167361
v 0.032890 0.006511 0.163838
v 0.033062 0.023561 0.160314
v 0.038172 0.022418 0.155033
v 0.040445 0.037326 0.149667
v 0.040568 0.049533 0.147145
v 0.040647 0.057370 0.145526
v 0.038558 0.060544 0.147155
v 0.033448 0.061687 0.152436
v 0.033061 0.133751 0.386357
v 0.030297 -0.028385 0.670000
v -0.002731 0.035632 0.978149
v -0.040816 0.037145 1.002854
v -0.040985 0.030565 1.026871
v -0.041204 0.016885 1.047680
v -0.041453 -0.002555 1.063242
v -0.041706 -0.025853 1.072034
v -0.041940 -0.050728 1.073197
v -0.042132 -0.074745 1.066616
v -0.042262 -0.095553 1.052935
v -0.042317 -0.111116 1.033493
v -0.042294 -0.119909 1.010194
v -0.040195 -0.183641 0.701907
v -0.037431 -0.021506 0.418264
v -0.036583 -0.048031 0.174932
v -0.036555 -0.045330 0.174374
v -0.041533 -0.046381 0.169047
v -0.043515 -0.038979 0.165222
v -0.043392 -0.026772 0.162699
v -0.041174 -0.010956 0.161726
v -0.036197 -0.009905 0.167052
v -0.036024 0.007145 0.163529
v -0.035852 0.024195 0.160005
v -0.040829 0.023145 0.154679
v -0.042735 0.038091 0.149294
v -0.042612 0.050298 0.146772
v -0.042532 0.058135 0.145152
v -0.040443 0.061271 0.146801
v -0.035466 0.062321 0.152127
v -0.035853 0.134384 0.386048
v -0.038617 -0.027751 0.669690
v -0.040715 0.035981 0.977978
v 0.000824 0.033808 1.002714
v 0.000662 0.027474 1.025834
v 0.000451 0.014305 1.045866
v 0.000212 -0.004410 1.060847
v -0.000033 -0.026838 1.069311
v -0.000258 -0.050784 1.070431
v -0.000442 -0.073904 1.064095
v -0.000567 -0.093936 1.050925
v -0.000621 -0.108917 1.032209
v -0.000598 -0.117382 1.009780
v 0.030229 -0.118785 0.985971
v 0.030391 -0.112450 0.962850
v 0.030602 -0.099282 0.942819
v 0.030841 -0.080567 0.927838
v 0.031085 -0.058139 0.919373
v 0.031310 -0.034193 0.918254
v 0.031495 -0.011073 0.924590
v 0.031620 0.008959 0.937760
v 0.031673 0.023940 0.956475
v 0.000921 0.032688 0.978767
v 0.029747 -0.001271 0.998987
v 0.029659 -0.004710 1.011539
v 0.029545 -0.011859 1.022414
v 0.029415 -0.022020 1.030548
v 0.029282 -0.034196 1.035143
v 0.029160 -0.047196 1.035751
v 0.029060 -0.059748 1.032311
v 0.028992 -0.070623 1.025161
v 0.028963 -0.078757 1.015000
v 0.028975 -0.083353 1.002823
v 0.030531 -0.083975 0.989829
v 0.030619 -0.080536 0.977277
v 0.030734 -0.073386 0.966402
v 0.030864 -0.063226 0.958268
v 0.030996 -0.051050 0.953673
v 0.031119 -0.038049 0.953065
v 0.031219 -0.025497 0.956505
v 0.031287 -0.014622 0.963655
v 0.031316 -0.006489 0.973816
v 0.029800 -0.001879 0.985986
v 0.038524 0.030702 0.949734
v 0.001725 0.044878 0.971515
v -0.001013 0.034649 0.973479
v -0.002230 0.034661 0.973474
v -0.040684 0.035014 0.973301
v -0.042300 0.035029 0.973294
v -0.053131 0.035129 0.973245
v -0.053108 0.026411 0.950312
v -0.053165 0.010916 0.931200
v -0.053295 -0.009838 0.917781
v -0.053487 -0.033820 0.911367
v -0.042656 -0.033920 0.911416
v -0.042890 -0.058782 0.912636
v -0.043144 -0.082092 0.921371
v -0.053975 -0.081993 0.921323
v -0.054223 -0.101468 0.936717
v -0.054442 -0.115201 0.957263
v -0.054609 -0.121850 0.980951
v -0.043778 -0.121949 0.981000
v -0.043878 -0.120861 1.005510
v -0.042262 -0.120876 1.005517
v -0.003809 -0.121229 1.005690
v -0.002591 -0.121241 1.005695
v 0.030214 -0.122630 0.981332
v 0.041045 -0.122729 0.981381
v 0.041212 -0.116081 0.957693
v 0.041431 -0.102347 0.937146
v 0.041679 -0.082872 0.921752
v 0.030848 -0.082773 0.921703
v 0.031102 -0.059463 0.912969
v 0.031336 -0.034600 0.911748
v 0.042167 -0.034700 0.911797
v 0.042359 -0.010717 0.918210
v 0.042489 0.010037 0.931629
v 0.031111 -0.037971 0.954932
v 0.031121 -0.037760 0.953145
v 0.031315 -0.033659 0.918400
v 0.031331 -0.033311 0.915452
v 0.042162 -0.033411 0.915501
v 0.042171 -0.034146 0.911945
v 0.042769 -0.081862 0.681084
v 0.045533 0.080274 0.397442
v 0.040729 0.022740 0.154921
v 0.038225 0.022763 0.154910
v -0.040873 0.023490 0.154554
v -0.044198 0.023521 0.154540
v -0.050121 0.081153 0.397012
v -0.052885 -0.080982 0.680655
v -0.053483 -0.033266 0.911515
v -0.053492 -0.032531 0.915072
v -0.042661 -0.032631 0.915120
v -0.042881 -0.037290 0.954600
v 0.030862 -0.062562 0.960016
v 0.030861 -0.063464 0.958459
v 0.030835 -0.081006 0.928189
v 0.030833 -0.082494 0.925621
v 0.041664 -0.082594 0.925669
v 0.041673 -0.083329 0.922113
v 0.042271 -0.131045 0.691248
v 0.045035 0.031090 0.407606
v 0.040377 -0.012077 0.162115
v 0.037873 -0.012054 0.162104
v -0.041226 -0.011326 0.161749
v -0.044551 -0.011296 0.161734
v -0.050619 0.031970 0.407176
v -0.053383 -0.130166 0.690819
v -0.053981 -0.082449 0.921683
v -0.053990 -0.081714 0.925240
v -0.043159 -0.081814 0.925289
v -0.043130 -0.061881 0.959684
v 0.041085 0.060797 0.148500
v 0.035626 0.061937 0.153751
v 0.033445 0.061957 0.153741
v -0.035469 0.062591 0.153431
v -0.038366 0.062617 0.153418
v -0.043797 0.061577 0.148119
v -0.046050 0.058446 0.146482
v -0.046129 0.050608 0.148102
v -0.046253 0.038402 0.150624
v -0.044231 0.023797 0.155873
v -0.044183 0.023451 0.155998
v -0.038752 0.024492 0.161297
v -0.038924 0.007441 0.164820
v -0.039097 -0.009609 0.168344
v -0.044528 -0.010649 0.163045
v -0.044584 -0.011020 0.163068
v -0.046909 -0.026461 0.164029
v -0.047033 -0.038668 0.166552
v -0.044887 -0.046074 0.170366
v -0.039456 -0.045034 0.175665
v -0.039483 -0.047734 0.176224
v -0.036586 -0.047761 0.176237
v 0.032328 -0.048395 0.176546
v 0.034509 -0.048415 0.176556
v 0.034537 -0.045714 0.175997
v 0.039995 -0.046855 0.170747
v 0.042311 -0.039490 0.166953
v 0.042435 -0.027283 0.164430
v 0.040403 -0.011801 0.163449
v 0.040354 -0.011430 0.163426
v 0.034895 -0.010289 0.168676
v 0.035068 0.006761 0.165152
v 0.035241 0.023811 0.161629
v 0.040699 0.022671 0.156379
v 0.040754 0.023015 0.156255
v 0.043091 0.037580 0.151025
v 0.043215 0.049787 0.148503
v 0.043294 0.057624 0.146883
v 0.031101 -0.039064 0.954894
v 0.031111 -0.038903 0.953105
v 0.031296 -0.035765 0.918327
v 0.031311 -0.035499 0.915377
v 0.031321 -0.036232 0.911828
v 0.031917 -0.083845 0.681466
v 0.034681 0.078290 0.397823
v 0.035229 0.022692 0.161860
v 0.035233 0.022422 0.160555
v 0.033051 0.022442 0.160546
v -0.035863 0.023076 0.160236
v -0.038760 0.023103 0.160223
v -0.038763 0.023372 0.161528
v -0.039311 0.078971 0.397491
v -0.042075 -0.083165 0.681134
v -0.042672 -0.035552 0.911496
v -0.042681 -0.034818 0.915045
v -0.042891 -0.038384 0.954562
v 0.030871 -0.061814 0.959637
v 0.030870 -0.062683 0.958063
v 0.030852 -0.079566 0.927460
v 0.030850 -0.080999 0.924863
v 0.030860 -0.081732 0.921314
v 0.031456 -0.129361 0.690872
v 0.034220 0.032774 0.407230
v 0.034903 -0.009529 0.168519
v 0.034906 -0.009798 0.167214
v 0.032725 -0.009778 0.167204
v -0.036189 -0.009144 0.166895
v -0.039086 -0.009118 0.166882
v -0.039089 -0.008848 0.168187
v -0.039772 0.033454 0.406898
v -0.042536 -0.128681 0.690540
v -0.043133 -0.081052 0.920981
v -0.043142 -0.080318 0.924531
v -0.043122 -0.061134 0.959305
v -0.042086 0.037156 1.002848
v -0.042254 0.030576 1.026866
v -0.042473 0.016897 1.047674
v -0.042722 -0.002544 1.063236
v -0.042976 -0.025841 1.072029
v -0.043210 -0.050716 1.073191
v -0.043401 -0.074733 1.066610
v -0.043531 -0.095541 1.052929
v -0.043587 -0.111104 1.033488
v -0.043563 -0.119897 1.010189
v -0.043547 -0.120864 1.005512
v -0.042498 -0.183620 0.701896
v -0.039734 -0.021484 0.418254
v -0.038889 -0.047740 0.176226
v -0.038885 -0.048009 0.174921
v -0.038858 -0.045309 0.174363
v -0.046295 -0.038953 0.165209
v -0.046171 -0.026746 0.162686
v -0.043870 -0.011302 0.161737
v -0.043814 -0.010931 0.161714
v -0.038500 -0.009884 0.167042
v -0.038492 -0.009123 0.166884
v -0.038327 0.007166 0.163518
v -0.038166 0.023097 0.160226
v -0.038154 0.024216 0.159994
v -0.043469 0.023169 0.154667
v -0.043516 0.023514 0.154543
v -0.045515 0.038117 0.149282
v -0.045391 0.050324 0.146759
v -0.045312 0.058161 0.145140
v -0.043083 0.061295 0.146789
v -0.037768 0.062342 0.152116
v -0.037772 0.062612 0.153421
v -0.038156 0.134405 0.386037
v -0.040920 -0.027730 0.669680
v -0.041969 0.035026 0.973295
v -0.041985 0.035993 0.977973
v -0.042425 0.035770 1.002693
v -0.042591 0.029305 1.026288
v -0.042806 0.015866 1.046731
v -0.043050 -0.003233 1.062020
v -0.043299 -0.026121 1.070658
v -0.043529 -0.050559 1.071800
v -0.043717 -0.074155 1.065335
v -0.043845 -0.094597 1.051894
v -0.043900 -0.109886 1.032794
v -0.043876 -0.118525 1.009904
v -0.043777 -0.119668 0.985466
v -0.043612 -0.113204 0.961870
v -0.043397 -0.099765 0.941427
v -0.043158 -0.081114 0.926497
v -0.043152 -0.080666 0.926138
v -0.043141 -0.079644 0.925753
v -0.042903 -0.057777 0.917500
v -0.042688 -0.034944 0.916433
v -0.042673 -0.033339 0.916358
v -0.042669 -0.032794 0.916507
v -0.042485 -0.009744 0.922824
v -0.042358 0.010699 0.936264
v -0.042303 0.025988 0.955364
v -0.042326 0.034627 0.978254
v -0.053139 0.035803 0.976510
v -0.053116 0.027033 0.953322
v -0.053172 0.011491 0.933980
v -0.053302 -0.009301 0.920378
v -0.053489 -0.032753 0.913998
v -0.053494 -0.033307 0.913847
v -0.042663 -0.033407 0.913896
v -0.042678 -0.035040 0.913973
v -0.042897 -0.058278 0.915076
v -0.043139 -0.080540 0.923460
v -0.043150 -0.081580 0.923851
v -0.053981 -0.081480 0.923802
v -0.053987 -0.081936 0.924166
v -0.054230 -0.100931 0.939314
v -0.054449 -0.114627 0.960043
v -0.054617 -0.121227 0.983961
v -0.043786 -0.121327 0.984010
v -0.043887 -0.120186 1.008775
v -0.043558 -0.120189 1.008777
v -0.042284 -0.120201 1.008782
v -0.004158 -0.120551 1.008953
v -0.002951 -0.120563 1.008959
v 0.030206 -0.122007 0.984342
v 0.041037 -0.122107 0.984391
v 0.041205 -0.115506 0.960473
v 0.041424 -0.101810 0.939743
v 0.041667 -0.082816 0.924596
v 0.041673 -0.082360 0.924232
v 0.030842 -0.082260 0.924183
v 0.030853 -0.081220 0.923792
v 0.031096 -0.058959 0.915408
v 0.031314 -0.035720 0.914305
v 0.031330 -0.034087 0.914228
v 0.042160 -0.034187 0.914277
v 0.042165 -0.033633 0.914427
v 0.042352 -0.010180 0.920807
v 0.042482 0.010611 0.934409
v 0.038478 0.031347 0.952739
v 0.001322 0.045611 0.974768
v -0.001373 0.035327 0.976743
v -0.002580 0.035338 0.976737
v -0.040706 0.035689 0.976566
v -0.041980 0.035701 0.976560
v -0.042308 0.035704 0.976559
v -0.052634 0.036091 0.977925
v -0.052611 0.027297 0.954626
v -0.052666 0.011735 0.935184
v -0.052796 -0.009073 0.921503
v -0.052983 -0.032536 0.915074
v -0.052988 -0.033090 0.914922
v -0.052985 -0.033312 0.913849
v -0.052978 -0.033825 0.911369
v -0.052381 -0.081488 0.680761
v -0.049617 0.080647 0.397118
v -0.043928 0.023500 0.156246
v -0.043896 0.023225 0.154914
v -0.043219 0.023218 0.154917
v -0.040595 0.023194 0.154929
v 0.037932 0.022472 0.155282
v 0.040418 0.022449 0.155293
v 0.040443 0.022724 0.156625
v 0.045019 0.079777 0.397543
v 0.042255 -0.082359 0.681185
v 0.041658 -0.034695 0.911794
v 0.041652 -0.034182 0.914274
v 0.041649 -0.033961 0.915347
v 0.041653 -0.033406 0.915499
v 0.041840 -0.009944 0.921928
v 0.041970 0.010864 0.935609
v 0.038140 0.031386 0.954084
v 0.001022 0.045444 0.976268
v 0.001195 0.045128 0.974861
v 0.001597 0.044397 0.971608
v 0.038915 -0.023541 0.669089
v 0.045565 0.133636 0.386413
v 0.040829 0.060850 0.148747
v 0.040804 0.060575 0.147414
v 0.038318 0.060598 0.147403
v -0.040209 0.061320 0.147051
v -0.042833 0.061344 0.147039
v -0.043510 0.061351 0.147036
v -0.043542 0.061626 0.148368
v -0.049072 0.134506 0.385988
v -0.051836 -0.027630 0.669631
v -0.052622 0.035124 0.973248
v -0.052631 0.035799 0.976513
v -0.053900 -0.120965 0.985266
v -0.053897 -0.121234 0.983964
v -0.053889 -0.121856 0.980954
v -0.053164 -0.179707 0.701059
v -0.050400 -0.017571 0.417417
v -0.044526 -0.046005 0.170719
v -0.043820 -0.046287 0.169390
v -0.041202 -0.046311 0.169402
v 0.037129 -0.047031 0.169753
v 0.039608 -0.047054 0.169764
v 0.039632 -0.046779 0.171096
v 0.043814 -0.018438 0.417840
v 0.041049 -0.180573 0.701482
v 0.040325 -0.122723 0.981377
v 0.040317 -0.122100 0.984387
v 0.040314 -0.121831 0.985689
v 0.040482 -0.115251 0.961672
v 0.040701 -0.101572 0.940863
v 0.040944 -0.082587 0.925666
v 0.040950 -0.082131 0.925301
v 0.040953 -0.082353 0.924229
v 0.040959 -0.082866 0.921749
v 0.041556 -0.130529 0.691140
v 0.044320 0.031606 0.407497
v 0.039991 -0.011354 0.163775
v 0.039967 -0.011629 0.162443
v 0.037487 -0.011606 0.162432
v -0.040843 -0.010886 0.162080
v -0.043461 -0.010862 0.162068
v -0.044136 -0.010856 0.162065
v -0.044167 -0.010580 0.163397
v -0.049894 0.032472 0.407074
v -0.052658 -0.129663 0.690717
v -0.053255 -0.081999 0.921326
v -0.053261 -0.081487 0.923806
v -0.053264 -0.081265 0.924878
v -0.053270 -0.081721 0.925243
v -0.053513 -0.100705 0.940440
v -0.053732 -0.114385 0.961249
v 0.030547 -0.082180 0.990012
v 0.030531 -0.083970 0.989813
v 0.030229 -0.118777 0.985942
v 0.030203 -0.121730 0.985613
v 0.040314 -0.121823 0.985659
v 0.041034 -0.121830 0.985662
v 0.041037 -0.122099 0.984360
v 0.041045 -0.122721 0.981351
v 0.041770 -0.180566 0.701483
v 0.044534 -0.018430 0.417840
v 0.039998 -0.046845 0.170742
v 0.039972 -0.047121 0.169409
v 0.037471 -0.047098 0.169397
v -0.041536 -0.046371 0.169043
v -0.044176 -0.046347 0.169031
v -0.044857 -0.046341 0.169028
v -0.044890 -0.046065 0.170361
v -0.051120 -0.017551 0.417411
v -0.053884 -0.179686 0.701053
v -0.054609 -0.121841 0.980921
v -0.054617 -0.121219 0.983931
v -0.054620 -0.120950 0.985232
v -0.053900 -0.120957 0.985236
v -0.043789 -0.121050 0.985281
v -0.043777 -0.119660 0.985436
v -0.043445 -0.081499 0.989680
v 0.030718 -0.012915 1.021468
v 0.030593 -0.022730 1.029326
v 0.030465 -0.034493 1.033765
v 0.030346 -0.047052 1.034352
v 0.030250 -0.059177 1.031029
v 0.030184 -0.069683 1.024122
v 0.030156 -0.077541 1.014306
v 0.030168 -0.081980 1.002543
v 0.030544 -0.082571 0.989985
v 0.030544 -0.082566 0.989969
v 0.030629 -0.079248 0.977859
v 0.030739 -0.072342 0.967353
v 0.030862 -0.062757 0.959680
v 0.030865 -0.062527 0.959496
v 0.030870 -0.062002 0.959297
v 0.030993 -0.050764 0.955056
v 0.031103 -0.039029 0.954508
v 0.031111 -0.038205 0.954469
v 0.031113 -0.037925 0.954546
v 0.031208 -0.026079 0.957792
v 0.031273 -0.015573 0.964699
v 0.031301 -0.007716 0.974515
v 0.030965 -0.003273 0.986277
v 0.030914 -0.002686 0.998837
v 0.030829 -0.006008 1.010963
v 0.038964 -0.011693 0.162086
v 0.038614 -0.011616 0.162437
v 0.033709 -0.010548 0.167366
v 0.033716 -0.009787 0.167209
v 0.033881 0.006502 0.163842
v 0.034043 0.022433 0.160550
v 0.034054 0.023552 0.160319
v 0.039062 0.022462 0.155287
v 0.039309 0.022408 0.155039
v 0.039363 0.022752 0.154915
v 0.041641 0.037315 0.149673
v 0.041765 0.049522 0.147151
v 0.041844 0.057359 0.145531
v 0.039695 0.060534 0.147160
v 0.039448 0.060588 0.147408
v 0.034440 0.061678 0.152440
v 0.034437 0.061948 0.153745
v 0.034052 0.133741 0.386362
v 0.031288 -0.028394 0.670004
v -0.001677 0.034655 0.973476
v -0.002032 0.035333 0.976740
v -0.002185 0.035627 0.978151
v -0.002286 0.036790 1.003027
v -0.002454 0.030210 1.027044
v -0.002673 0.016531 1.047853
v -0.002922 -0.002910 1.063415
v -0.003176 -0.026207 1.072207
v -0.003410 -0.051082 1.073370
v -0.003601 -0.075099 1.066789
v -0.003731 -0.095907 1.053108
v -0.003787 -0.111470 1.033666
v -0.003763 -0.120263 1.010367
v -0.003610 -0.120557 1.008956
v -0.003255 -0.121235 1.005692
v 0.029710 -0.184284 0.702220
v 0.032474 -0.022149 0.418578
v 0.033319 -0.048404 0.176551
v 0.033323 -0.048673 0.175246
v 0.033350 -0.045973 0.174687
v 0.038256 -0.047041 0.169758
v 0.038605 -0.047117 0.169407
v 0.038608 -0.047108 0.169402
v 0.040861 -0.039755 0.165600
v 0.040985 -0.027548 0.163078
v 0.039011 -0.012064 0.162109
v 0.040340 -0.011579 0.162705
v 0.039978 -0.011503 0.163055
v 0.034897 -0.010435 0.167971
v 0.034905 -0.009674 0.167814
v 0.035070 0.006615 0.164447
v 0.035231 0.022546 0.161155
v 0.035242 0.023665 0.160924
v 0.040429 0.022576 0.155905
v 0.040685 0.022522 0.155658
v 0.040740 0.022866 0.155534
v 0.043084 0.037430 0.150298
v 0.043208 0.049637 0.147775
v 0.043287 0.057474 0.146156
v 0.041071 0.060648 0.147779
v 0.040815 0.060702 0.148027
v 0.035628 0.061791 0.153045
v 0.034438 0.061802 0.153040
v 0.033447 0.061811 0.153036
v -0.035467 0.062445 0.152726
v -0.037770 0.062466 0.152716
v -0.038364 0.062472 0.152713
v -0.043525 0.061477 0.147648
v -0.043779 0.061428 0.147399
v -0.046038 0.058295 0.145755
v -0.046118 0.050458 0.147374
v -0.046241 0.038251 0.149897
v -0.044213 0.023647 0.155153
v -0.044165 0.023302 0.155277
v -0.043911 0.023351 0.155527
v -0.038750 0.024346 0.160592
v -0.038761 0.023227 0.160823
v -0.038922 0.007296 0.164115
v -0.039087 -0.008994 0.167482
v -0.039095 -0.009755 0.167639
v -0.044150 -0.010729 0.162677
v -0.044510 -0.010798 0.162324
v -0.044566 -0.011169 0.162347
v -0.046898 -0.026612 0.163302
v -0.047022 -0.038819 0.165824
v -0.044872 -0.046214 0.169641
v 0.032330 -0.048540 0.175841
v 0.033321 -0.048550 0.175845
v 0.034511 -0.048560 0.175851
v 0.034538 -0.045860 0.175292
v 0.039619 -0.046927 0.170377
v 0.039981 -0.047003 0.170026
v 0.039984 -0.046994 0.170022
v 0.042304 -0.039640 0.166225
v 0.042427 -0.027433 0.163703
v 0.040389 -0.011950 0.162728
vn 0.9999 -0.0092 0.0045
vn -0.0025 0.2046 0.9788
vn 0.0007 0.4970 0.8677
vn 0.0037 0.7408 0.6717
vn 0.0066 0.9121 0.4099
vn 0.0086 0.9941 0.1080
vn 0.0100 0.9788 -0.2045
vn 0.0101 0.8677 -0.4970
vn 0.0095 0.6716 -0.7408
vn 0.0079 0.4098 -0.9121
vn 0.0055 0.1079 -0.9941
vn 0.0024 -0.2046 -0.9788
vn -0.0006 -0.4970 -0.8677
vn -0.0039 -0.7408 -0.6717
vn -0.0065 -0.9121 -0.4099
vn -0.0088 -0.9941 -0.1080
vn -0.0098 -0.9788 0.2045
vn -0.0102 -0.8677 0.4970
vn -0.0095 -0.6716 0.7408
vn -0.0079 -0.4098 0.9121
vn -0.0053 -0.1079 0.9941
vn -0.9999 0.0092 -0.0045
vn -0.9924 -0.0466 -0.1136
vn -0.9928 -0.0776 -0.0911
vn -0.9932 -0.0999 -0.0599
vn -0.9935 -0.1115 -0.0235
vn -0.9937 -0.1113 0.0147
vn -0.9937 -0.0999 0.0512
vn -0.9936 -0.0774 0.0822
vn -0.9935 -0.0463 0.1045
vn -0.9932 -0.0099 0.1161
vn -0.9928 0.0283 0.1166
vn -0.9924 0.0648 0.1047
vn -0.9921 0.0955 0.0818
vn -0.9917 0.1182 0.0510
vn -0.9914 0.1303 0.0147
vn -0.9912 0.1301 -0.0237
vn -0.9912 0.1181 -0.0601
vn -0.9912 0.0957 -0.0912
vn -0.9914 0.0648 -0.1139
vn -0.9917 0.0283 -0.1256
vn -0.9921 -0.0101 -0.1254
vn 0.8213 0.1775 0.5421
vn 0.8213 0.1775 0.5422
vn 0.8138 0.1123 0.5702
vn 0.0103 0.9159 -0.4012
vn 0.0104 0.9158 -0.4015
vn 0.0102 0.9160 -0.4011
vn -0.8228 0.1926 0.5348
vn -0.8168 0.1273 0.5628
vn -0.0090 -0.5792 0.8152
vn -0.0090 -0.5797 0.8148
vn -0.0090 -0.5795 0.8149
vn 0.8233 0.3359 0.4576
vn 0.8232 0.3359 0.4577
vn 0.8156 0.2823 0.5051
vn 0.8158 0.2821 0.5048
vn 0.0098 0.7473 -0.6644
vn -0.8210 0.3510 0.4503
vn -0.8210 0.3510 0.4502
vn -0.8149 0.2972 0.4976
vn -0.0071 -0.2990 0.9542
vn -0.0070 -0.2989 0.9542
vn -0.0072 -0.2984 0.9544
vn 0.8251 0.4600 0.3280
vn 0.8251 0.4600 0.3281
vn 0.8175 0.4224 0.3915
vn 0.8171 0.4228 0.3919
vn 0.0086 0.5053 -0.8629
vn -0.8194 0.4752 0.3207
vn -0.8129 0.4376 0.3844
vn -0.8131 0.4374 0.3842
vn -0.0044 0.0102 0.9999
vn -0.0044 0.0107 0.9999
vn -0.0045 0.0126 0.9999
vn -0.0044 0.0104 0.9999
vn 0.8263 0.5369 0.1700
vn 0.8263 0.5369 0.1701
vn 0.8188 0.5218 0.2392
vn 0.0064 0.2139 -0.9768
vn 0.0064 0.2138 -0.9769
vn -0.8178 0.5520 0.1627
vn -0.8178 0.5520 0.1626
vn -0.8117 0.5362 0.2316
vn -0.0013 0.3189 0.9478
vn -0.0013 0.3187 0.9478
vn -0.0013 0.3179 0.9481
vn 0.8274 0.5615 -0.0074
vn 0.8204 0.5680 0.0658
vn 0.0036 -0.0986 -0.9951
vn 0.0037 -0.0991 -0.9951
vn -0.8169 0.5766 -0.0148
vn -0.8168 0.5767 -0.0148
vn -0.8101 0.5834 0.0585
vn 0.0019 0.5967 0.8025
vn 0.0019 0.5963 0.8028
vn 0.0019 0.5969 0.8023
vn 0.8279 0.5302 -0.1828
vn 0.8279 0.5302 -0.1827
vn 0.8208 0.5592 -0.1163
vn 0.0004 -0.4009 -0.9161
vn 0.0005 -0.4007 -0.9162
vn -0.8164 0.5454 -0.1901
vn -0.8164 0.5453 -0.1902
vn -0.8094 0.5740 -0.1236
vn 0.0049 0.8149 0.5796
vn 0.0049 0.8145 0.5801
vn 0.0049 0.8146 0.5800
vn 0.8279 0.4459 -0.3403
vn 0.8279 0.4460 -0.3402
vn 0.8216 0.4924 -0.2872
vn -0.0028 -0.6645 -0.7473
vn -0.0028 -0.6646 -0.7472
vn -0.8165 0.4611 -0.3475
vn -0.8165 0.4610 -0.3476
vn -0.8095 0.5078 -0.2948
vn 0.0074 0.9541 0.2992
vn 0.0075 0.9541 0.2993
vn 0.8272 0.3182 -0.4631
vn 0.8206 0.3802 -0.4266
vn 0.8205 0.3804 -0.4268
vn -0.0056 -0.8628 -0.5054
vn -0.0055 -0.8629 -0.5054
vn -0.8170 0.3334 -0.4705
vn -0.8170 0.3333 -0.4705
vn -0.8101 0.3949 -0.4334
vn 0.0092 0.9999 -0.0104
vn 0.0092 0.9999 -0.0103
vn 0.8262 0.1557 -0.5414
vn 0.8262 0.1558 -0.5414
vn 0.8198 0.2275 -0.5255
vn -0.0081 -0.9768 -0.2141
vn -0.0081 -0.9768 -0.2142
vn -0.8183 0.1710 -0.5487
vn -0.8183 0.1709 -0.5488
vn -0.8108 0.2425 -0.5327
vn 0.0102 0.9478 -0.3187
vn 0.0103 0.9479 -0.3183
vn 0.8247 -0.0205 -0.5652
vn 0.8185 0.0546 -0.5720
vn -0.0096 -0.9951 0.0986
vn -0.0096 -0.9951 0.0981
vn -0.0096 -0.9951 0.0983
vn -0.8198 -0.0054 -0.5726
vn -0.8121 0.0696 -0.5793
vn -0.8122 0.0696 -0.5792
vn 0.0101 0.8028 -0.5961
vn 0.0101 0.8027 -0.5963
vn 0.0101 0.8046 -0.5937
vn 0.8230 -0.1960 -0.5332
vn 0.8230 -0.1959 -0.5332
vn 0.8167 -0.1273 -0.5628
vn -0.0102 -0.9160 0.4011
vn -0.0102 -0.9159 0.4014
vn -0.8216 -0.1808 -0.5406
vn -0.8216 -0.1809 -0.5406
vn -0.8137 -0.1124 -0.5704
vn 0.0090 0.5789 -0.8154
vn 0.0090 0.5788 -0.8154
vn 0.8211 -0.3515 -0.4498
vn 0.8152 -0.2967 -0.4974
vn -0.0099 -0.7473 0.6645
vn -0.0099 -0.7472 0.6645
vn -0.8233 -0.3364 -0.4572
vn -0.8159 -0.2818 -0.5049
vn 0.0070 0.2993 -0.9541
vn 0.8194 -0.4751 -0.3209
vn 0.8194 -0.4750 -0.3210
vn 0.8133 -0.4384 -0.3827
vn -0.0085 -0.5054 0.8628
vn -0.8250 -0.4599 -0.3283
vn -0.8251 -0.4599 -0.3283
vn -0.8177 -0.4234 -0.3901
vn 0.0044 -0.0104 -0.9999
vn 0.8179 -0.5524 -0.1610
vn 0.8179 -0.5523 -0.1611
vn 0.8115 -0.5368 -0.2308
vn -0.0063 -0.2140 0.9768
vn -0.0063 -0.2139 0.9768
vn -0.8265 -0.5372 -0.1685
vn -0.8265 -0.5372 -0.1684
vn -0.8195 -0.5214 -0.2379
vn 0.0013 -0.3188 -0.9478
vn 0.0014 -0.3191 -0.9477
vn 0.8169 -0.5765 0.0159
vn 0.8169 -0.5765 0.0158
vn 0.8104 -0.5832 -0.0565
vn -0.0036 0.0983 0.9951
vn -0.0035 0.0983 0.9951
vn -0.8275 -0.5614 0.0084
vn -0.8275 -0.5614 0.0085
vn -0.8202 -0.5685 -0.0638
vn -0.8204 -0.5682 -0.0638
vn -0.0019 -0.5963 -0.8028
vn -0.0019 -0.5964 -0.8027
vn 0.8165 -0.5447 0.1917
vn 0.8165 -0.5446 0.1917
vn 0.8088 -0.5750 0.1232
vn -0.0004 0.4010 0.9161
vn -0.0003 0.4009 0.9161
vn -0.8280 -0.5295 0.1843
vn -0.8209 -0.5593 0.1157
vn -0.8207 -0.5595 0.1158
vn -0.0049 -0.8153 -0.5790
vn -0.0049 -0.8165 -0.5773
vn -0.0049 -0.8172 -0.5763
vn 0.8165 -0.4604 0.3483
vn 0.8094 -0.5090 0.2929
vn 0.0027 0.6644 0.7474
vn 0.0027 0.6643 0.7475
vn -0.8280 -0.4453 0.3409
vn -0.8280 -0.4452 0.3409
vn -0.8213 -0.4940 0.2855
vn -0.0074 -0.9541 -0.2994
vn -0.0073 -0.9540 -0.2997
vn -0.0074 -0.9544 -0.2983
vn 0.8172 -0.3317 0.4714
vn 0.8171 -0.3317 0.4714
vn 0.8095 -0.3958 0.4337
vn 0.0057 0.8629 0.5054
vn -0.8273 -0.3166 0.4640
vn -0.8273 -0.3165 0.4640
vn -0.8207 -0.3806 0.4262
vn -0.0092 -0.9999 0.0104
vn -0.0091 -0.9999 0.0093
vn 0.8183 -0.1712 0.5487
vn 0.8111 -0.2433 0.5319
vn 0.8109 -0.2434 0.5322
vn 0.0081 0.9768 0.2141
vn 0.0078 0.9769 0.2135
vn -0.8262 -0.1561 0.5413
vn -0.8262 -0.1560 0.5413
vn -0.8197 -0.2286 0.5253
vn -0.0102 -0.9478 0.3186
vn -0.0101 -0.9477 0.3190
vn -0.0101 -0.9477 0.3189
vn 0.8197 0.0039 0.5728
vn 0.8197 0.0038 0.5728
vn 0.8122 -0.0674 0.5795
vn 0.0096 0.9951 -0.0983
vn -0.8246 0.0189 0.5654
vn -0.8246 0.0190 0.5654
vn -0.8189 -0.0523 0.5715
vn -0.8185 -0.0524 0.5721
vn -0.0101 -0.8030 0.5959
vn -0.0101 -0.8027 0.5964
vn -0.0101 -0.8026 0.5964
vn -0.8182 0.5533 0.1566
vn -0.0013 0.3188 0.9478
vn 0.8267 0.5381 0.1640
vn 0.0063 0.2141 -0.9768
vn -0.8196 0.4767 0.3180
vn -0.8195 0.4767 0.3180
vn -0.0044 0.0105 0.9999
vn 0.8253 0.4615 0.3254
vn 0.0085 0.5055 -0.8628
vn -0.8213 0.3549 0.4467
vn -0.0070 -0.2987 0.9543
vn 0.8237 0.3398 0.4540
vn 0.8236 0.3398 0.4540
vn -0.8231 0.1980 0.5323
vn -0.0090 -0.5788 0.8154
vn -0.0090 -0.5791 0.8152
vn 0.8218 0.1829 0.5397
vn 0.0102 0.9161 -0.4009
vn -0.8249 0.0243 0.5648
vn -0.0101 -0.8029 0.5961
vn 0.8201 0.0092 0.5721
vn 0.8201 0.0091 0.5722
vn -0.8263 -0.1534 0.5419
vn -0.0101 -0.9478 0.3188
vn 0.8185 -0.1685 0.5493
vn 0.0080 0.9768 0.2142
vn 0.0079 0.9769 0.2137
vn -0.8275 -0.3143 0.4653
vn -0.0092 -0.9999 0.0103
vn 0.8173 -0.3294 0.4727
vn 0.0057 0.8629 0.5053
vn -0.8281 -0.4431 0.3433
vn -0.0074 -0.9541 -0.2995
vn 0.8167 -0.4582 0.3507
vn 0.0028 0.6645 0.7473
vn -0.8282 -0.5286 0.1863
vn -0.0049 -0.8152 -0.5791
vn 0.8166 -0.5437 0.1937
vn -0.0004 0.4008 0.9161
vn -0.0036 0.0982 0.9952
vn -0.8278 -0.5609 0.0128
vn -0.0019 -0.5965 -0.8026
vn 0.8172 -0.5760 0.0202
vn -0.8268 -0.5383 -0.1630
vn 0.8182 -0.5535 -0.1556
vn 0.8182 -0.5534 -0.1556
vn -0.0065 -0.2142 0.9768
vn -0.8254 -0.4624 -0.3239
vn -0.8254 -0.4624 -0.3238
vn 0.0044 -0.0095 -0.9999
vn 0.8196 -0.4775 -0.3165
vn -0.0085 -0.5052 0.8630
vn -0.8236 -0.3396 -0.4542
vn 0.0070 0.2994 -0.9541
vn 0.8213 -0.3547 -0.4468
vn 0.8213 -0.3547 -0.4469
vn -0.8218 -0.1829 -0.5397
vn 0.0090 0.5793 -0.8151
vn 0.8231 -0.1980 -0.5323
vn -0.0102 -0.9161 0.4009
vn -0.8199 -0.0070 -0.5724
vn 0.0101 0.8028 -0.5962
vn 0.8248 -0.0221 -0.5650
vn -0.0096 -0.9951 0.0984
vn -0.8186 0.1675 -0.5495
vn 0.0101 0.9478 -0.3188
vn 0.8264 0.1523 -0.5421
vn -0.0080 -0.9768 -0.2139
vn -0.0056 -0.8628 -0.5055
vn -0.8174 0.3290 -0.4729
vn -0.8174 0.3289 -0.4729
vn 0.0092 0.9999 -0.0100
vn 0.0092 0.9999 -0.0102
vn 0.8275 0.3138 -0.4655
vn 0.8275 0.3139 -0.4655
vn -0.8169 0.4567 -0.3523
vn 0.0074 0.9541 0.2995
vn 0.8283 0.4416 -0.3449
vn -0.0028 -0.6643 -0.7475
vn -0.8166 0.5435 -0.1942
vn -0.8167 0.5435 -0.1942
vn 0.0049 0.8148 0.5797
vn 0.8282 0.5284 -0.1869
vn 0.8282 0.5283 -0.1868
vn -0.8171 0.5763 -0.0181
vn 0.8277 0.5611 -0.0107
vn 0.8276 0.5612 -0.0107
vn 0.0036 -0.0982 -0.9952
vn -0.9999 0.0094 -0.0045
vn -0.9999 0.0097 -0.0043
vn -0.9999 0.0097 -0.0047
vn -0.9999 0.0091 -0.0044
vn -0.9999 0.0095 -0.0050
vn -0.9999 0.0094 -0.0050
vn -0.9999 0.0092 -0.0051
vn -0.9999 0.0090 -0.0050
vn -0.9999 0.0093 -0.0044
vn -1.0000 0.0087 -0.0048
vn -1.0000 0.0086 -0.0047
vn -0.9999 0.0090 -0.0045
vn -1.0000 0.0086 -0.0043
vn -0.9999 0.0091 -0.0045
vn -0.9999 0.0092 -0.0044
vn -0.9999 0.0091 -0.0043
vn -0.9999 0.0092 -0.0043
vn -0.9999 0.0094 -0.0039
vn -0.9999 0.0095 -0.0040
vn 0.0030 -0.1570 -0.9876
vn 0.0059 0.1559 -0.9878
vn 0.0082 0.4534 -0.8913
vn 0.0097 0.7067 -0.7075
vn 0.0102 0.8907 -0.4545
vn 0.0103 0.8907 -0.4545
vn 0.0098 0.9876 -0.1570
vn 0.0084 0.9877 0.1559
vn 0.0062 0.8912 0.4535
vn 0.0061 0.8912 0.4535
vn 0.0033 0.7075 0.7067
vn 0.0002 0.4545 0.8907
vn -0.0030 0.1570 0.9876
vn -0.0059 -0.1558 0.9878
vn -0.0059 -0.1559 0.9878
vn -0.0082 -0.4534 0.8912
vn -0.0082 -0.4534 0.8913
vn -0.0097 -0.7067 0.7075
vn -0.0102 -0.8907 0.4545
vn -0.0098 -0.9876 0.1569
vn -0.0098 -0.9876 0.1570
vn -0.0084 -0.9877 -0.1559
vn -0.0083 -0.9877 -0.1559
vn -0.0062 -0.8912 -0.4535
vn -0.0034 -0.7075 -0.7067
vn -0.0002 -0.4545 -0.8907
vn -0.0082 -0.4535 0.8912
vn 0.0001 0.4545 0.8908
vn 0.0002 0.4545 0.8908
vn -0.0001 -0.4545 -0.8907
vn -0.0033 -0.7075 -0.7067
vn -0.9999 0.0092 -0.0046
vn -0.9999 0.0093 -0.0045
vn 0.0099 0.7473 -0.6644
vn -0.8226 0.4058 0.3983
vn 0.8265 0.3905 0.4055
vn -0.8213 0.5108 0.2541
vn -0.0044 0.0103 0.9999
vn 0.8283 0.4955 0.2615
vn 0.0064 0.2142 -0.9768
vn -0.8200 0.5655 0.0883
vn -0.0013 0.3190 0.9478
vn 0.8295 0.5503 0.0957
vn -0.8191 0.5666 -0.0896
vn 0.0019 0.5963 0.8027
vn 0.8302 0.5513 -0.0822
vn -0.8189 0.5126 -0.2582
vn -0.8188 0.5127 -0.2583
vn 0.0049 0.8148 0.5798
vn 0.8306 0.4972 -0.2507
vn 0.8304 0.4975 -0.2509
vn -0.0027 -0.6642 -0.7476
vn -0.8191 0.4089 -0.4022
vn 0.0074 0.9541 0.2994
vn 0.0074 0.9541 0.2993
vn 0.8302 0.3937 -0.3948
vn -0.0057 -0.8628 -0.5055
vn -0.8200 0.2669 -0.5063
vn 0.8291 0.2519 -0.4992
vn -0.0080 -0.9769 -0.2137
vn -0.8214 0.0967 -0.5621
vn -0.8211 0.0967 -0.5625
vn 0.8280 0.0815 -0.5548
vn -0.0096 -0.9951 0.0985
vn -0.8230 -0.0801 -0.5624
vn 0.0101 0.8029 -0.5960
vn 0.8264 -0.0953 -0.5550
vn -0.0102 -0.9161 0.4008
vn -0.8250 -0.2486 -0.5076
vn -0.8249 -0.2487 -0.5077
vn 0.0090 0.5792 -0.8151
vn 0.8246 -0.2639 -0.5003
vn -0.8266 -0.3908 -0.4049
vn 0.8228 -0.4061 -0.3976
vn -0.0085 -0.5050 0.8631
vn -0.8281 -0.4957 -0.2619
vn 0.0044 -0.0102 -0.9999
vn 0.8213 -0.5106 -0.2543
vn -0.0063 -0.2138 0.9769
vn -0.8293 -0.5507 -0.0942
vn 0.0013 -0.3189 -0.9478
vn 0.0013 -0.3190 -0.9478
vn 0.8199 -0.5659 -0.0868
vn -0.8301 -0.5513 0.0832
vn -0.0019 -0.5961 -0.8029
vn 0.8193 -0.5662 0.0906
vn -0.0004 0.4007 0.9162
vn -0.8304 -0.4968 0.2523
vn 0.8189 -0.5118 0.2596
vn 0.0028 0.6646 0.7472
vn -0.8301 -0.3931 0.3954
vn 0.8191 -0.4083 0.4029
vn 0.0057 0.8630 0.5052
vn -0.8292 -0.2501 0.4998
vn -0.8293 -0.2501 0.4997
vn 0.8197 -0.2654 0.5075
vn 0.8200 -0.2652 0.5072
vn 0.0080 0.9769 0.2136
vn 0.0080 0.9769 0.2138
vn -0.8283 -0.0817 0.5543
vn 0.8213 -0.0970 0.5622
vn -0.8263 0.0938 0.5553
vn -0.0100 -0.8025 0.5965
vn -0.0101 -0.8028 0.5961
vn 0.8231 0.0786 0.5624
vn -0.8248 0.2606 0.5018
vn -0.0090 -0.5793 0.8150
vn 0.8247 0.2456 0.5094
vn 0.9998 0.0106 -0.0140
vn 0.9998 0.0042 -0.0190
vn 0.7048 0.3508 -0.6166
vn 0.7057 0.5248 -0.4759
vn 0.9998 -0.0036 -0.0221
vn 0.7033 0.1417 -0.6967
vn 0.9997 -0.0122 -0.0224
vn 0.7014 -0.0817 -0.7081
vn 0.9996 -0.0202 -0.0202
vn 0.6992 -0.2977 -0.6500
vn 0.9995 -0.0273 -0.0156
vn 0.6969 -0.4854 -0.5280
vn 0.9994 -0.0327 -0.0090
vn 0.6948 -0.6261 -0.3540
vn 0.9994 -0.0357 -0.0009
vn 0.6932 -0.7060 -0.1451
vn 0.9993 -0.0361 0.0077
vn 0.6921 -0.7175 0.0784
vn 0.9993 -0.0340 0.0154
vn 0.6917 -0.6595 0.2944
vn 0.9993 -0.0292 0.0227
vn 0.6919 -0.5375 0.4821
vn 0.9994 -0.0226 0.0280
vn 0.6928 -0.3636 0.6228
vn 0.9994 -0.0150 0.0309
vn 0.6944 -0.1546 0.7028
vn 0.9995 -0.0059 0.0313
vn 0.6963 0.0688 0.7144
vn 0.9996 0.0021 0.0291
vn 0.6986 0.2849 0.6564
vn 0.9997 0.0089 0.0246
vn 0.7009 0.4725 0.5343
vn 0.9997 0.0143 0.0178
vn 0.7030 0.6132 0.3603
vn 0.9998 0.0173 0.0102
vn 0.7046 0.6933 0.1513
vn 0.9998 0.0178 0.0016
vn 0.7055 0.7050 -0.0722
vn 0.9999 0.0155 -0.0065
vn 0.7063 0.6467 -0.2881
vn 0.0095 0.7426 -0.6697
vn 0.0079 0.4993 -0.8664
vn 0.8973 0.2163 -0.3847
vn 0.8980 0.3248 -0.2970
vn 0.0056 0.2072 -0.9783
vn 0.8964 0.0852 -0.4351
vn 0.0032 -0.1053 -0.9944
vn 0.8951 -0.0550 -0.4425
vn 0.0004 -0.4074 -0.9133
vn 0.8937 -0.1907 -0.4061
vn -0.0025 -0.6695 -0.7428
vn 0.8923 -0.3084 -0.3297
vn -0.0061 -0.8663 -0.4995
vn 0.8910 -0.3969 -0.2204
vn -0.0081 -0.9782 -0.2073
vn 0.8899 -0.4473 -0.0894
vn -0.0097 -0.9944 0.1053
vn 0.8892 -0.4547 0.0508
vn -0.0100 -0.9132 0.4073
vn 0.8890 -0.4182 0.1866
vn -0.0097 -0.7425 0.6698
vn 0.8891 -0.3419 0.3043
vn -0.0084 -0.4994 0.8663
vn 0.8897 -0.2326 0.3928
vn -0.0063 -0.2072 0.9783
vn 0.8907 -0.1016 0.4431
vn -0.0035 0.1053 0.9944
vn 0.8920 0.0386 0.4505
vn -0.0000 0.4074 0.9132
vn 0.8934 0.1743 0.4141
vn 0.0031 0.6697 0.7426
vn 0.8948 0.2921 0.3376
vn 0.0057 0.8663 0.4995
vn 0.8961 0.3805 0.2286
vn 0.0082 0.9783 0.2071
vn 0.8971 0.4308 0.0974
vn 0.0096 0.9944 -0.1053
vn 0.8979 0.4382 -0.0428
vn 0.0100 0.9132 -0.4074
vn 0.8981 0.4019 -0.1785
vn -0.6916 0.5378 -0.4822
vn -0.6928 0.3637 -0.6228
vn -0.6928 0.3636 -0.6228
vn -0.6917 0.5377 -0.4822
vn -0.6946 0.1546 -0.7026
vn -0.6945 0.1546 -0.7027
vn -0.6964 -0.0689 -0.7143
vn -0.6964 -0.0689 -0.7144
vn -0.6987 -0.2849 -0.6563
vn -0.6985 -0.2850 -0.6564
vn -0.7006 -0.4727 -0.5345
vn -0.7007 -0.4726 -0.5344
vn -0.7028 -0.6133 -0.3605
vn -0.7029 -0.6133 -0.3603
vn -0.7044 -0.6935 -0.1514
vn -0.7045 -0.6934 -0.1514
vn -0.7054 -0.7051 0.0722
vn -0.7056 -0.7050 0.0722
vn -0.7063 -0.6466 0.2882
vn -0.7060 -0.6469 0.2883
vn -0.7057 -0.5249 0.4759
vn -0.7058 -0.5248 0.4759
vn -0.7050 -0.3507 0.6165
vn -0.7049 -0.3507 0.6165
vn -0.7035 -0.1417 0.6964
vn -0.7034 -0.1418 0.6965
vn -0.7013 0.0818 0.7081
vn -0.7013 0.0817 0.7081
vn -0.6989 0.2979 0.6502
vn -0.6990 0.2979 0.6501
vn -0.6967 0.4855 0.5282
vn -0.6967 0.4855 0.5281
vn -0.6947 0.6261 0.3541
vn -0.6930 0.7061 0.1451
vn -0.6931 0.7061 0.1451
vn -0.6919 0.7177 -0.0785
vn -0.6919 0.7177 -0.0784
vn -0.6914 0.6597 -0.2946
vn -0.6914 0.6597 -0.2945
vn -0.9994 0.0280 -0.0222
vn -0.9994 0.0221 -0.0268
vn -0.9995 0.0144 -0.0297
vn -0.9995 0.0062 -0.0301
vn -0.9996 -0.0013 -0.0281
vn -0.9997 -0.0081 -0.0236
vn -0.9998 -0.0133 -0.0171
vn -0.9998 -0.0160 -0.0098
vn -0.9999 -0.0164 -0.0017
vn -0.9999 -0.0143 0.0061
vn -0.9999 -0.0102 0.0126
vn -0.9998 -0.0035 0.0180
vn -0.9998 0.0037 0.0207
vn -0.9997 0.0117 0.0212
vn -0.9996 0.0198 0.0190
vn -0.9995 0.0266 0.0146
vn -0.9995 0.0315 0.0085
vn -0.9994 0.0344 0.0009
vn -0.9994 0.0348 -0.0074
vn -0.9994 0.0327 -0.0151
vn 0.0028 0.6696 0.7427
vn 0.0057 0.8664 0.4994
vn 0.0054 0.8664 0.4993
vn 0.0028 0.6695 0.7428
vn -0.0003 0.4074 0.9133
vn 0.0001 0.4074 0.9133
vn -0.0037 0.1054 0.9944
vn -0.0038 0.1053 0.9944
vn -0.0073 -0.2072 0.9783
vn -0.0084 -0.4995 0.8663
vn -0.0083 -0.4993 0.8664
vn -0.0096 -0.7426 0.6696
vn -0.0103 -0.7426 0.6696
vn -0.0102 -0.9132 0.4074
vn -0.0100 -0.9132 0.4074
vn -0.0095 -0.9944 0.1052
vn -0.0090 -0.9944 0.1051
vn -0.0081 -0.9783 -0.2072
vn -0.0079 -0.9783 -0.2072
vn -0.0056 -0.8664 -0.4993
vn -0.0053 -0.8663 -0.4995
vn -0.0025 -0.6696 -0.7427
vn -0.0025 -0.6697 -0.7426
vn -0.0000 -0.4071 -0.9134
vn 0.0003 -0.4075 -0.9132
vn 0.0035 -0.1052 -0.9944
vn 0.0032 -0.1052 -0.9944
vn 0.0050 0.2071 -0.9783
vn 0.0060 0.2072 -0.9783
vn 0.0085 0.4994 -0.8663
vn 0.0090 0.7427 -0.6696
vn 0.0099 0.7426 -0.6696
vn 0.0101 0.9132 -0.4074
vn 0.0102 0.9132 -0.4074
vn 0.0080 0.9944 -0.1053
vn 0.0088 0.9944 -0.1051
vn 0.0064 0.9783 0.2070
vn 0.0078 0.9783 0.2072
vn 0.0644 0.6678 0.7415
vn 0.0612 0.4061 0.9118
vn 0.0581 0.1045 0.9928
vn 0.0553 -0.2073 0.9767
vn 0.0531 -0.4990 0.8650
vn 0.0518 -0.7418 0.6686
vn 0.0514 -0.9120 0.4069
vn 0.0520 -0.9931 0.1053
vn 0.0536 -0.9770 -0.2065
vn 0.0559 -0.8653 -0.4982
vn 0.0588 -0.6689 -0.7410
vn 0.0619 -0.4072 -0.9113
vn 0.0651 -0.1056 -0.9923
vn 0.0679 0.2062 -0.9762
vn 0.0701 0.4978 -0.8644
vn 0.0714 0.7407 -0.6681
vn 0.0718 0.9109 -0.4063
vn 0.0712 0.9919 -0.1048
vn 0.0697 0.9758 0.2071
vn 0.0673 0.8641 0.4987
vn 0.6986 0.2850 0.6564
vn 0.7008 0.4726 0.5343
vn 0.7009 0.4725 0.5344
vn 0.6985 0.2850 0.6564
vn 0.6965 0.0688 0.7143
vn 0.6943 -0.1546 0.7029
vn 0.6946 -0.1546 0.7026
vn 0.6930 -0.3635 0.6226
vn 0.6918 -0.5376 0.4821
vn 0.6919 -0.5376 0.4820
vn 0.6915 -0.6596 0.2945
vn 0.6919 -0.7177 0.0784
vn 0.6930 -0.7062 -0.1451
vn 0.6933 -0.7059 -0.1452
vn 0.6946 -0.6262 -0.3541
vn 0.6968 -0.4854 -0.5280
vn 0.6966 -0.4855 -0.5282
vn 0.6991 -0.2978 -0.6501
vn 0.6988 -0.2979 -0.6503
vn 0.7013 -0.0817 -0.7081
vn 0.7016 -0.0817 -0.7079
vn 0.7033 0.1417 -0.6966
vn 0.7033 0.1418 -0.6967
vn 0.7049 0.3508 -0.6165
vn 0.7050 0.3508 -0.6164
vn 0.7058 0.5247 -0.4758
vn 0.7061 0.5245 -0.4757
vn 0.7061 0.6468 -0.2883
vn 0.7057 0.6471 -0.2885
vn 0.7057 0.7048 -0.0721
vn 0.7046 0.6933 0.1514
vn 0.7048 0.6931 0.1513
vn 0.7029 0.6132 0.3603
vn 0.7028 0.6133 0.3604
vn -0.6992 0.2978 0.6499
vn -0.6969 0.4854 0.5280
vn -0.6989 0.2980 0.6502
vn -0.7014 0.0817 0.7081
vn -0.7017 0.0819 0.7078
vn -0.7033 -0.1418 0.6966
vn -0.7030 -0.1418 0.6969
vn -0.7049 -0.3507 0.6166
vn -0.7047 -0.3508 0.6167
vn -0.7059 -0.5247 0.4758
vn -0.7058 -0.5247 0.4760
vn -0.7062 -0.6468 0.2882
vn -0.7057 -0.7048 0.0721
vn -0.7058 -0.7047 0.0721
vn -0.7047 -0.6932 -0.1513
vn -0.7046 -0.6933 -0.1514
vn -0.7030 -0.6132 -0.3603
vn -0.7029 -0.6132 -0.3604
vn -0.7009 -0.4725 -0.5343
vn -0.6986 -0.2849 -0.6563
vn -0.6964 -0.0688 -0.7144
vn -0.6962 -0.0688 -0.7145
vn -0.6944 0.1546 -0.7028
vn -0.6943 0.1546 -0.7029
vn -0.6928 0.3635 -0.6228
vn -0.6927 0.3636 -0.6229
vn -0.6918 0.5376 -0.4821
vn -0.6915 0.5377 -0.4824
vn -0.6915 0.6597 -0.2945
vn -0.6916 0.6596 -0.2944
vn -0.6922 0.7175 -0.0781
vn -0.6948 0.6260 0.3540
vn -0.3544 0.6288 0.6921
vn -0.3518 0.8125 0.4649
vn -0.3516 0.8126 0.4649
vn -0.3574 0.3838 0.8515
vn -0.3574 0.3838 0.8514
vn -0.3604 0.1016 0.9272
vn -0.3599 0.1016 0.9274
vn -0.3630 -0.1902 0.9122
vn -0.3629 -0.1903 0.9122
vn -0.3650 -0.4632 0.8076
vn -0.3649 -0.4631 0.8077
vn -0.3661 -0.6904 0.6240
vn -0.3662 -0.6904 0.6239
vn -0.3664 -0.8498 0.3789
vn -0.3665 -0.8497 0.3789
vn -0.3659 -0.9256 0.0967
vn -0.3660 -0.9256 0.0967
vn -0.3647 -0.9104 -0.1952
vn -0.3645 -0.9105 -0.1951
vn -0.3623 -0.8060 -0.4681
vn -0.3596 -0.6223 -0.6953
vn -0.3596 -0.6222 -0.6953
vn -0.3567 -0.3772 -0.8547
vn -0.3566 -0.3773 -0.8547
vn -0.3536 -0.0950 -0.9305
vn -0.3536 -0.0950 -0.9306
vn -0.3509 0.1968 -0.9155
vn -0.3510 0.1968 -0.9155
vn -0.3492 0.4697 -0.8108
vn -0.3490 0.4697 -0.8109
vn -0.3481 0.6969 -0.6270
vn -0.3478 0.6970 -0.6271
vn -0.3478 0.8562 -0.3821
vn -0.3475 0.8563 -0.3821
vn -0.3483 0.9320 -0.0999
vn -0.3481 0.9321 -0.0999
vn -0.3497 0.9170 0.1919
vn -0.3494 0.9171 0.1920
vn 0.9951 -0.0730 -0.0664
vn 0.9948 -0.0918 -0.0431
vn 0.9951 -0.0730 -0.0663
vn -0.9959 -0.0734 -0.0521
vn -0.9957 -0.0547 -0.0753
vn 0.9954 -0.0480 -0.0826
vn -0.9953 -0.0298 -0.0918
vn -0.9953 -0.0297 -0.0916
vn 0.9957 -0.0192 -0.0903
vn -0.9950 -0.0009 -0.0997
vn -0.9950 -0.0009 -0.0995
vn 0.9960 0.0106 -0.0888
vn -0.9948 0.0289 -0.0981
vn -0.9948 0.0289 -0.0976
vn 0.9962 0.0385 -0.0781
vn -0.9946 0.0568 -0.0872
vn -0.9946 0.0568 -0.0871
vn 0.9963 0.0616 -0.0594
vn -0.9944 0.0801 -0.0684
vn -0.9944 0.0800 -0.0683
vn 0.9964 0.0779 -0.0344
vn -0.9944 0.0963 -0.0434
vn -0.9944 0.0962 -0.0433
vn 0.9963 0.0856 -0.0056
vn -0.9945 0.1038 -0.0145
vn -0.9945 0.1039 -0.0145
vn 0.9962 0.0841 0.0242
vn -0.9946 0.1024 0.0153
vn 0.9959 0.0734 0.0521
vn -0.9948 0.0919 0.0432
vn -0.9948 0.0918 0.0432
vn 0.9957 0.0547 0.0753
vn -0.9951 0.0730 0.0663
vn 0.9954 0.0297 0.0915
vn -0.9954 0.0479 0.0825
vn -0.9954 0.0480 0.0825
vn 0.9951 0.0009 0.0992
vn -0.9957 0.0192 0.0903
vn 0.9948 -0.0289 0.0977
vn -0.9960 -0.0106 0.0888
vn 0.9946 -0.0568 0.0871
vn -0.9962 -0.0385 0.0781
vn 0.9945 -0.0800 0.0683
vn -0.9964 -0.0612 0.0592
vn -0.9963 -0.0617 0.0594
vn 0.9944 -0.0962 0.0433
vn -0.9964 -0.0779 0.0344
vn 0.9945 -0.1039 0.0145
vn -0.9963 -0.0854 0.0055
vn -0.9963 -0.0855 0.0055
vn 0.9946 -0.1024 -0.0153
vn -0.9962 -0.0839 -0.0242
vn -0.9962 -0.0840 -0.0242
vn -0.3495 0.9171 0.1920
vn -0.3480 0.9322 -0.0999
vn -0.3496 0.9170 0.1919
vn -0.3517 0.8125 0.4649
vn -0.3543 0.6288 0.6921
vn -0.3573 0.3838 0.8515
vn -0.3603 0.1016 0.9273
vn -0.3602 0.1016 0.9273
vn -0.3628 -0.1902 0.9122
vn -0.3647 -0.4632 0.8077
vn -0.3651 -0.4631 0.8076
vn -0.3663 -0.6904 0.6239
vn -0.3667 -0.8497 0.3789
vn -0.3667 -0.8497 0.3788
vn -0.3661 -0.9255 0.0966
vn -0.3646 -0.9105 -0.1951
vn -0.3646 -0.9105 -0.1952
vn -0.3624 -0.8060 -0.4681
vn -0.3625 -0.8059 -0.4681
vn -0.3598 -0.6222 -0.6952
vn -0.3567 -0.3773 -0.8546
vn -0.3564 -0.3773 -0.8548
vn -0.3539 -0.0950 -0.9305
vn -0.3534 -0.0950 -0.9306
vn -0.3512 0.1968 -0.9154
vn -0.3511 0.1967 -0.9155
vn -0.3493 0.4697 -0.8108
vn -0.3491 0.4697 -0.8109
vn -0.3480 0.6969 -0.6271
vn -0.3480 0.6970 -0.6270
vn -0.3475 0.8563 -0.3822
vn -0.3479 0.9322 -0.0999
vn -0.3493 0.9171 0.1920
vn -0.3515 0.8126 0.4649
vn -0.3649 -0.4632 0.8077
vn -0.3666 -0.8497 0.3789
vn -0.3537 -0.0950 -0.9305
vn -0.3511 0.1968 -0.9154
vn -0.3493 0.4696 -0.8109
vn -0.3476 0.6970 -0.6271
vn -0.3473 0.8563 -0.3821
vn -0.3482 0.9321 -0.0999
vn -0.3497 0.9170 0.1920
vn -0.3515 0.8125 0.4650
vn -0.3540 0.6288 0.6923
vn -0.3576 0.3837 0.8514
vn -0.3601 0.1016 0.9274
vn -0.3632 -0.1902 0.9121
vn -0.3664 -0.6903 0.6238
vn -0.3661 -0.9255 0.0967
vn -0.3644 -0.9106 -0.1951
vn -0.3625 -0.8059 -0.4680
vn -0.3593 -0.6224 -0.6954
vn -0.3554 -0.3775 -0.8551
vn -0.3535 -0.0950 -0.9306
vn -0.3487 0.4699 -0.8110
vn -0.3477 0.6969 -0.6272
vn -0.3475 0.8563 -0.3820
vn -0.9963 -0.0856 0.0056
vn -0.9957 0.0192 0.0904
vn -0.9954 0.0480 0.0826
vn -0.9948 0.0917 0.0432
vn -0.9945 0.0799 -0.0683
vn -0.9946 0.0567 -0.0871
vn -0.9948 0.0289 -0.0977
vn -0.9951 -0.0009 -0.0993
vn -0.9954 -0.0297 -0.0915
vn -0.9962 -0.0841 -0.0242
vn 0.0096 0.7426 -0.6697
vn 0.0103 0.9132 -0.4074
vn 0.0100 0.9944 -0.1052
vn 0.0078 0.9783 0.2073
vn 0.0026 0.6696 0.7427
vn -0.0004 0.4074 0.9133
vn -0.0031 0.1052 0.9944
vn -0.0061 -0.2070 0.9783
vn -0.0085 -0.4994 0.8663
vn -0.0098 -0.7426 0.6696
vn -0.0107 -0.9132 0.4073
vn -0.0101 -0.9944 0.1053
vn -0.0085 -0.9783 -0.2072
vn -0.0061 -0.8664 -0.4994
vn -0.0026 -0.6696 -0.7427
vn -0.0006 -0.4073 -0.9133
vn 0.0034 -0.1050 -0.9945
vn 0.0063 0.2072 -0.9783
vn 0.0083 0.4993 -0.8664
vn 0.0098 0.7426 -0.6696
vn 0.0104 0.9132 -0.4074
vn 0.0097 0.9944 -0.1052
vn 0.0075 0.9783 0.2071
vn 0.0045 0.8663 0.4995
vn 0.0027 0.6696 0.7427
vn -0.0033 0.1053 0.9944
vn -0.0063 -0.2071 0.9783
vn -0.0087 -0.4993 0.8664
vn -0.0100 -0.7426 0.6696
vn -0.0103 -0.9132 0.4074
vn -0.0097 -0.9944 0.1052
vn -0.0062 -0.8663 -0.4995
vn -0.0028 -0.6696 -0.7427
vn 0.0027 -0.1057 -0.9944
vn 0.0062 0.2072 -0.9783
vn 0.0084 0.4994 -0.8663
vn 0.7050 0.6929 0.1512
vn 0.7027 0.6134 0.3604
vn 0.6984 0.2850 0.6565
vn 0.6962 0.0689 0.7145
vn 0.6932 -0.3633 0.6225
vn 0.6919 -0.5374 0.4821
vn 0.6916 -0.6596 0.2944
vn 0.6918 -0.7178 0.0784
vn 0.6928 -0.7064 -0.1452
vn 0.6945 -0.6263 -0.3541
vn 0.6968 -0.4854 -0.5281
vn 0.6990 -0.2978 -0.6501
vn 0.7015 -0.0817 -0.7080
vn 0.7032 0.1418 -0.6967
vn 0.7050 0.3505 -0.6165
vn 0.7060 0.5246 -0.4757
vn 0.7065 0.6464 -0.2881
vn 0.7058 0.7048 -0.0721
vn 0.0696 0.9758 0.2071
vn 0.0673 0.8641 0.4988
vn 0.0519 -0.9931 0.1053
vn 0.0535 -0.9770 -0.2066
vn 0.0620 -0.4072 -0.9113
vn 0.0679 0.2062 -0.9761
vn 0.0701 0.4979 -0.8644
vn 0.0711 0.9920 -0.1048
vn 0.0695 0.9759 0.2071
vn 0.0672 0.8641 0.4987
vn 0.0644 0.6678 0.7416
vn 0.0613 0.4061 0.9118
vn 0.0552 -0.2073 0.9767
vn 0.0513 -0.9120 0.4069
vn 0.0534 -0.9770 -0.2065
vn 0.0558 -0.8653 -0.4982
vn 0.0621 -0.4072 -0.9112
vn 0.0652 -0.1056 -0.9923
vn 0.0715 0.7406 -0.6681
vn 0.0711 0.9920 -0.1047
vn 1.0000 -0.0020 0.0019
vn 0.9999 -0.0091 0.0044
vn 1.0000 -0.0090 0.0043
vn 0.9995 0.0311 -0.0053
vn 0.9999 -0.0093 0.0046
vn 0.9999 -0.0091 0.0043
vn 0.9999 -0.0093 0.0044
vn 0.9999 -0.0093 0.0045
vn 1.0000 -0.0089 0.0045
vn 0.9999 -0.0093 0.0042
vn 0.9999 -0.0093 0.0043
vn 0.9999 -0.0092 0.0046
vn 0.9999 -0.0090 0.0044
vn 0.9999 -0.0092 0.0044
vn 0.9999 -0.0091 0.0045
vn 0.9998 -0.0168 0.0051
vn 0.9997 -0.0229 0.0073
vn 0.5475 -0.8048 0.2292
vn 0.9955 -0.0933 0.0174
vn 0.9998 -0.0184 0.0103
vn 0.7611 -0.5638 0.3207
vn 0.9998 -0.0167 0.0124
vn 0.7615 -0.4386 0.4773
vn 0.9998 -0.0138 0.0144
vn 0.7627 -0.2709 0.5872
vn 0.9998 -0.0106 0.0153
vn 0.7643 -0.0776 0.6401
vn 0.9999 -0.0070 0.0151
vn 0.7663 0.1225 0.6307
vn 0.9999 -0.0038 0.0140
vn 0.7683 0.3101 0.5600
vn 0.9999 -0.0010 0.0116
vn 0.7701 0.4667 0.4349
vn 1.0000 0.0006 0.0092
vn 0.7718 0.5769 0.2674
vn 1.0000 0.0016 0.0057
vn 0.7731 0.6299 0.0741
vn 1.0000 0.0045 0.0016
vn 0.6500 0.7550 -0.0861
vn 0.0017 -0.2626 -0.9649
vn 0.0023 -0.2024 -0.9793
vn 0.0026 -0.2024 -0.9793
vn 0.0044 0.0107 -0.9999
vn -0.1328 -0.2235 -0.9656
vn 0.0017 -0.2783 -0.9605
vn 0.0010 -0.3388 -0.9408
vn 0.0012 -0.3386 -0.9409
vn 0.0023 -0.2022 -0.9793
vn 0.0025 -0.2023 -0.9793
vn 0.0024 -0.2024 -0.9793
vn 0.0027 -0.2024 -0.9793
vn 0.0025 -0.2022 -0.9793
vn 0.0027 -0.2023 -0.9793
vn 0.0025 -0.2024 -0.9793
vn 0.0039 -0.0616 -0.9981
vn 0.0038 -0.0617 -0.9981
vn 0.0039 -0.0618 -0.9981
vn -0.1323 -0.1750 -0.9757
vn 0.0028 -0.2005 -0.9797
vn 0.0016 -0.3085 -0.9512
vn 0.0033 -0.1252 -0.9921
vn -0.0158 -0.4595 -0.8880
vn -0.0071 -0.4603 -0.8877
vn 0.0027 -0.2026 -0.9793
vn 0.0022 -0.2023 -0.9793
vn 0.0026 -0.2026 -0.9793
vn -0.0101 -0.9355 0.3531
vn -0.0103 -0.8688 0.4951
vn -0.0102 -0.8688 0.4951
vn -0.0100 -0.9355 0.3531
vn -0.0096 -0.6733 0.7393
vn -0.0097 -0.6732 0.7394
vn -0.0078 -0.4118 0.9112
vn -0.0081 -0.4118 0.9112
vn -0.0055 -0.1101 0.9939
vn -0.0054 -0.1101 0.9939
vn -0.0026 0.2024 0.9793
vn -0.0025 0.2024 0.9793
vn 0.0009 0.4951 0.8688
vn 0.0008 0.4952 0.8688
vn 0.0041 0.7394 0.6732
vn 0.0038 0.7393 0.6734
vn 0.0066 0.9112 0.4119
vn 0.0066 0.9112 0.4118
vn 0.0086 0.9939 0.1102
vn 0.0093 0.9989 -0.0467
vn 0.0094 0.9989 -0.0467
vn 0.0081 0.4609 -0.8874
vn 0.0080 0.4608 -0.8875
vn -0.9999 0.0095 -0.0047
vn -0.9999 0.0095 -0.0048
vn -0.9999 0.0094 -0.0046
vn -0.9999 0.0093 -0.0046
vn -0.9999 0.0089 -0.0047
vn -0.9999 0.0089 -0.0046
vn -0.9999 0.0090 -0.0046
vn -0.9999 0.0091 -0.0046
vn -1.0000 0.0088 -0.0045
vn -0.9999 0.0092 -0.0047
vn -0.9999 0.0094 -0.0044
vn 0.9743 0.2219 -0.0379
vn 0.9746 0.2209 -0.0376
vn 0.9745 0.2213 -0.0375
vn -1.0000 0.0089 -0.0043
vn -1.0000 0.0090 -0.0043
vn 0.9999 -0.0094 0.0046
vn 1.0000 -0.0089 0.0043
vn 0.9999 -0.0091 0.0046
vn 0.9999 -0.0092 0.0047
vn 0.9999 -0.0095 0.0045
vn -0.9999 0.0094 -0.0047
vn -0.9999 0.0096 -0.0045
vn -1.0000 0.0087 -0.0047
vn 0.3883 -0.9013 0.1922
vn 0.0803 -0.9751 0.2068
vn 0.0513 -0.9773 0.2058
vn 0.4218 -0.8867 0.1892
vn -0.0099 -0.9793 0.2024
vn -0.0102 -0.9792 0.2024
vn 0.2508 0.9490 -0.1909
vn 0.2515 0.9489 -0.1909
vn 0.2541 0.9482 -0.1905
vn 0.0099 0.9791 -0.2029
vn 0.0099 0.9792 -0.2025
vn 0.0100 0.9793 -0.2022
vn 0.0097 0.9793 -0.2022
vn 0.9998 0.0115 0.0170
vn -0.9999 0.0078 -0.0144
vn -0.9999 0.0079 -0.0107
vn 0.9999 -0.0101 0.0003
vn 1.0000 -0.0098 0.0007
vn -1.0000 0.0084 -0.0028
vn 0.9999 -0.0090 0.0045
vn 0.9999 -0.0090 0.0046
vn 0.9999 -0.0094 0.0044
vn -1.0000 0.0088 -0.0047
vn 0.9999 -0.0123 -0.0049
vn -1.0000 0.0091 -0.0028
vn -0.9999 0.0074 -0.0143
vn 1.0000 -0.0086 0.0046
vn -0.0059 -0.8681 -0.4963
vn -0.0057 -0.8681 -0.4963
vn -0.0058 -0.8681 -0.4963
vn 0.8992 0.3750 0.2254
vn 0.0060 0.8681 0.4963
vn -0.7795 0.5491 0.3014
vn -0.6618 0.7382 0.1307
vn 0.9999 -0.0117 -0.0079
vn 0.9999 -0.0117 -0.0075
vn 0.9999 -0.0117 -0.0076
vn -0.9998 0.0066 -0.0170
vn 0.9975 -0.0705 0.0023
vn 0.9975 -0.0707 0.0004
vn 0.9967 -0.0808 0.0053
vn 0.9971 -0.0755 0.0035
vn -0.9986 -0.0526 -0.0089
vn -0.9986 -0.0521 -0.0066
vn -0.9984 -0.0571 -0.0055
vn -0.9979 -0.0637 -0.0076
vn 0.9999 -0.0094 0.0043
vn 1.0000 -0.0089 0.0042
vn -0.9999 0.0093 -0.0043
vn 0.9986 0.0460 -0.0272
vn 0.9987 0.0458 -0.0240
vn 0.9981 0.0569 -0.0232
vn 0.9973 0.0663 -0.0321
vn -0.9974 0.0641 -0.0328
vn -0.9973 0.0639 -0.0360
vn -0.9956 0.0846 -0.0410
vn -0.9965 0.0749 -0.0362
vn -0.9998 0.0067 -0.0167
vn 0.9915 -0.1299 0.0021
vn 0.9916 -0.1292 -0.0000
vn 0.9939 -0.1097 0.0112
vn 0.9946 -0.1038 0.0021
vn -0.9938 -0.1108 -0.0089
vn -0.9937 -0.1116 -0.0068
vn -0.9963 -0.0854 -0.0068
vn -0.9950 -0.0994 -0.0093
vn -0.0092 -0.9941 0.1078
vn -0.0097 -0.9941 0.1078
vn -0.0097 -0.9941 0.1081
vn -0.0096 -0.9941 0.1081
vn 0.9457 0.3066 -0.1083
vn 0.9936 0.1037 -0.0451
vn 0.9836 0.1687 -0.0643
vn -0.9389 0.3239 -0.1167
vn -0.9797 0.1868 -0.0731
vn -0.9911 0.1219 -0.0541
vn 0.0103 0.9555 -0.2949
vn -0.2065 0.9369 -0.2821
vn 0.0098 0.9556 -0.2946
vn -0.0097 -0.9792 0.2025
vn -0.0098 -0.9793 0.2024
vn -0.0099 -0.9792 0.2027
vn -0.0101 -0.9792 0.2029
vn 0.0098 0.9792 -0.2024
vn 0.0098 0.9792 -0.2025
vn 0.0100 0.9792 -0.2028
vn 0.0099 0.9792 -0.2029
vn 0.2328 -0.6928 0.6825
vn 0.0105 -0.6283 0.7779
vn 0.1859 -0.5983 0.7794
vn 0.1238 -0.7281 0.6742
vn -0.0095 -0.6733 0.7393
vn -0.0103 -0.8688 0.4950
vn -0.0092 -0.6733 0.7393
vn -0.0079 -0.4136 0.9104
vn -0.0079 -0.4135 0.9105
vn -0.0074 -0.4119 0.9112
vn -0.0068 -0.2642 0.9645
vn -0.0064 -0.2642 0.9644
vn -0.0099 -0.9794 0.2018
vn -0.0099 -0.9793 0.2022
vn -0.0101 -0.9793 0.2023
vn -0.0099 -0.9792 0.2025
vn -0.0068 -0.2644 0.9644
vn -0.0064 -0.2643 0.9644
vn -0.0099 -0.9792 0.2026
vn -0.0097 -0.9793 0.2024
vn 0.5020 -0.1443 0.8527
vn 0.5750 -0.1310 0.8076
vn 0.4526 -0.1569 0.8778
vn -0.9618 0.2220 -0.1604
vn -0.9622 0.2203 -0.1600
vn -0.9623 0.2205 -0.1592
vn -0.9608 0.2236 -0.1638
vn -0.0102 -0.9355 0.3531
vn -0.0103 -0.9355 0.3531
vn 0.0099 0.9792 -0.2024
vn 0.0096 0.9793 -0.2024
vn 0.0094 0.9792 -0.2025
vn -0.0080 -0.9761 -0.2173
vn -0.0029 -0.9686 -0.2487
vn -0.0229 -0.9670 -0.2539
vn -0.0079 -0.9761 -0.2173
vn 0.0019 -0.9686 -0.2487
vn -0.0089 -0.9761 -0.2173
vn -0.0078 -0.9761 -0.2173
vn 0.0044 -0.9672 -0.2538
vn -0.2262 0.8502 0.4755
vn -0.3367 0.9264 0.1685
vn 0.0083 0.9856 0.1691
vn 0.0523 0.9735 0.2228
vn -0.0408 0.9724 0.2298
vn 0.0083 0.9859 0.1669
vn 0.0367 -0.9732 0.2272
vn 0.2028 -0.9532 0.2241
vn -0.0566 -0.9723 0.2268
vn 0.0753 -0.9703 0.2300
vn 0.2759 0.9193 -0.2807
vn -0.1604 0.9451 -0.2849
vn 0.5861 0.7767 -0.2308
vn 0.0102 0.9793 -0.2021
vn 0.0102 0.9792 -0.2024
vn -0.0098 -0.9792 0.2025
vn -0.0099 -0.9793 0.2023
vn -0.0096 -0.9793 0.2024
vn 0.0023 0.6248 0.7807
vn 0.0023 0.6249 0.7807
vn 0.0025 0.6249 0.7807
vn 0.0099 0.9793 -0.2023
vn 0.0099 0.9792 -0.2027
vn 0.0101 0.9792 -0.2027
vn 0.0100 0.9792 -0.2026
vn 0.0022 0.6249 0.7807
vn 0.0026 0.6249 0.7807
vn 0.0024 0.6249 0.7807
vn 0.0099 0.9793 -0.2024
vn 0.0100 0.9792 -0.2025
vn 0.0102 0.9792 -0.2027
vn 0.0038 0.7406 0.6719
vn 0.0065 0.9112 0.4119
vn 0.0065 0.9112 0.4118
vn 0.0077 0.9644 0.2643
vn -0.0101 -0.9792 0.2025
vn 0.0077 0.9644 0.2642
vn -0.0100 -0.9793 0.2024
vn 0.0130 0.9630 0.2692
vn 0.0080 0.9761 0.2173
vn 0.0082 0.9761 0.2173
vn -0.0045 0.9623 0.2720
vn 0.0070 0.9761 0.2173
vn 0.0220 0.9628 0.2692
vn 0.0026 0.9622 0.2722
vn 0.0079 0.9761 0.2173
vn 0.4182 -0.9084 -0.0032
vn 0.0229 -0.9575 -0.2874
vn 0.0341 -0.9561 -0.2911
vn -0.0082 -0.9833 -0.1820
vn -0.0378 -0.9570 -0.2876
vn -0.0085 -0.9833 -0.1820
vn -0.0439 -0.9556 -0.2914
vn 0.0567 0.9826 -0.1768
vn -0.0761 0.9819 -0.1736
vn -0.0371 0.9835 -0.1772
vn -0.2023 0.9639 -0.1730
vn -0.1513 -0.9808 0.1231
vn -0.5633 -0.8204 0.0981
vn 0.1324 -0.9834 0.1242
vn -0.2634 -0.9584 0.1098
vn 0.0086 0.9939 0.1101
vn 0.0085 0.9939 0.1102
vn 0.0064 0.9112 0.4119
vn 0.0036 0.7394 0.6733
vn 0.0037 0.7393 0.6733
vn 0.0004 0.4951 0.8688
vn 0.0006 0.4951 0.8688
vn -0.0024 0.2024 0.9793
vn -0.0081 -0.4119 0.9112
vn -0.0101 -0.8688 0.4951
vn -0.0103 -0.9793 0.2024
vn -0.0099 -0.9941 0.1081
vn -0.0098 -0.9941 0.1078
vn 0.0026 -0.2025 -0.9793
vn -0.0099 -0.9792 0.2024
vn 0.7275 -0.2156 -0.6514
vn -0.0002 -0.4606 -0.8876
vn 0.0324 -0.4611 -0.8867
vn 0.0019 -0.2863 -0.9581
vn 0.0030 -0.1325 -0.9912
vn 0.0032 -0.1318 -0.9913
vn 0.0039 -0.0621 -0.9981
vn 0.0039 -0.0622 -0.9981
vn 0.0027 -0.2022 -0.9793
vn 0.0024 -0.2025 -0.9793
vn -0.0099 -0.9793 0.2021
vn 0.0020 -0.2713 -0.9625
vn 0.0012 -0.3384 -0.9410
vn 0.0018 -0.2718 -0.9624
vn 0.0036 -0.0915 -0.9958
vn 0.0034 -0.0861 -0.9963
vn 0.0082 0.4610 -0.8874
vn 0.0098 0.9793 -0.2024
vn 0.0098 0.9792 -0.2026
vn 0.0101 0.9555 -0.2949
vn 0.0102 0.9556 -0.2946
vn 0.0095 0.9556 -0.2946
vn 0.0057 0.8681 0.4963
vn 0.0059 0.8681 0.4963
vn 0.0098 0.9793 -0.2023
vn 0.0099 0.9792 -0.2028
vn 0.0101 0.9792 -0.2025
vn 0.0100 0.9792 -0.2024
vn 0.0085 0.9939 0.1101
vn 0.0062 0.9112 0.4120
vn 0.0035 0.7393 0.6733
vn 0.0007 0.4951 0.8688
vn -0.0052 -0.1101 0.9939
vn -0.0094 -0.6733 0.7393
vn -0.0105 -0.8687 0.4952
vn -0.0105 -0.9355 0.3531
vn -0.0101 -0.9792 0.2024
vn 0.0028 -0.2024 -0.9793
vn -0.0101 -0.9793 0.2022
vn 0.0237 -0.4610 -0.8871
vn 0.0013 -0.2937 -0.9559
vn 0.0033 -0.1298 -0.9915
vn 0.0039 -0.0625 -0.9980
vn 0.0097 0.9794 -0.2018
vn 0.0023 -0.2025 -0.9793
vn 0.0022 -0.2024 -0.9793
vn 0.0024 -0.2026 -0.9793
vn -0.0101 -0.9792 0.2026
vn -0.0103 -0.9792 0.2026
vn 0.0011 -0.3386 -0.9409
vn 0.0020 -0.2737 -0.9618
vn 0.0038 -0.0520 -0.9986
vn 0.0083 0.4611 -0.8873
vn 0.0102 0.9792 -0.2025
vn 0.0062 0.8681 0.4963
vn 0.0100 0.9793 -0.2024
vn 0.7719 0.5768 0.2674
vn 0.7733 0.6297 0.0740
vn 0.7682 0.3102 0.5601
vn 0.7681 0.3102 0.5601
vn 0.7661 0.1226 0.6309
vn 0.7642 -0.0776 0.6403
vn 0.7627 -0.2709 0.5873
vn 0.7616 -0.4384 0.4772
vn 0.7612 -0.5637 0.3207
vn 0.7925 -0.4663 0.3930
vn 0.7638 -0.5734 0.2964
vn 0.9864 -0.0789 0.1441
vn 0.9528 -0.1042 0.2850
vn 0.9999 -0.0095 0.0046
vn 0.9980 0.0371 0.0508
vn 0.9956 0.0535 0.0768
vn 0.9407 0.3208 0.1102
vn 0.7677 0.6390 0.0484
vn 0.7719 0.5768 0.2673
vn 0.7732 0.6298 0.0740
vn 0.7702 0.4666 0.4348
vn 0.7681 0.3101 0.5601
vn 0.7643 -0.0776 0.6402
vn 0.7617 -0.4384 0.4772
vn 0.1308 -0.6113 0.7805
vn 0.8191 -0.4311 0.3784
vn 0.9999 -0.0092 0.0043
vn 0.9978 0.0447 0.0491
vn -0.9563 0.2729 0.1047
vn 0.5643 0.8149 -0.1324
vn 0.6652 0.7344 -0.1348
vn 0.3663 0.9139 -0.1749
vn -0.8493 0.4868 -0.2045
vn -0.8282 0.5180 -0.2139
vn -0.7596 0.6148 -0.2123
vn -0.8500 0.4838 -0.2084
vn 0.0101 0.9793 -0.2023
vn 0.0100 0.9793 -0.2023
vn 0.0102 0.9793 -0.2023
vn 0.0101 0.9793 -0.2024
vn 0.0102 0.9793 -0.2024
vn -0.9999 0.0090 -0.0044
vn -0.0100 -0.9792 0.2025
vn -1.0000 0.0088 -0.0044
vn -1.0000 0.0085 -0.0045
vn -0.0101 -0.9793 0.2024
vn -0.0102 -0.9793 0.2024
vn -0.0104 -0.9793 0.2023
vn 0.6191 -0.7658 0.1738
vn 0.4759 -0.8532 0.2136
vn 0.2313 -0.9499 0.2104
vn 0.9999 -0.0094 0.0045
vn 0.9942 0.1065 -0.0110
vn 0.9909 0.1334 -0.0199
vn 0.9914 0.1299 -0.0182
vn -0.0068 -0.2641 0.9645
vn 0.9974 -0.0715 -0.0029
vn 0.9957 -0.0929 0.0008
vn 0.0010 -0.3388 -0.9409
vn 0.0013 -0.3380 -0.9411
vn 0.0011 -0.3388 -0.9409
vn 0.0010 -0.3386 -0.9409
vn -0.9985 -0.0535 -0.0118
vn -0.9972 -0.0745 -0.0081
vn -1.0000 0.0089 -0.0044
vn -0.9999 0.0093 -0.0042
vn -0.0067 -0.2643 0.9644
vn 0.9987 0.0463 -0.0218
vn 0.9984 0.0513 -0.0227
vn -0.9974 0.0646 -0.0307
vn -0.9971 0.0697 -0.0317
vn 0.0095 0.9792 -0.2025
vn 0.0099 0.9793 -0.2022
vn 0.0099 0.9792 -0.2026
vn 0.0099 0.9793 -0.2021
vn -0.7648 0.6276 -0.1456
vn -0.7647 0.6279 -0.1452
vn -0.9998 0.0066 -0.0169
vn -0.9909 -0.1347 0.0080
vn -0.9910 -0.1339 0.0063
vn -0.9907 -0.1363 0.0037
vn -0.0093 -0.9793 0.2021
vn -0.9999 0.0094 -0.0042
vn -0.9878 0.1457 -0.0546
vn -0.9882 0.1446 -0.0512
vn -0.9880 0.1461 -0.0502
vn -0.9643 -0.2624 0.0348
vn -0.9663 -0.2554 0.0324
vn -0.0096 -0.9794 0.2018
vn 0.9999 -0.0094 0.0041
vn 0.9599 -0.2772 0.0423
vn 0.9590 -0.2801 0.0435
vn 0.9999 -0.0118 -0.0080
vn 0.9910 0.1268 -0.0427
vn 0.9909 0.1279 -0.0412
vn 0.9907 0.1279 -0.0457
vn 0.0097 0.9792 -0.2024
vn 0.9999 -0.0091 0.0047
vn 0.9882 -0.1521 0.0152
vn 0.9880 -0.1542 0.0127
vn 0.9881 -0.1528 0.0171
vn 0.9999 -0.0117 -0.0078
vn 0.9999 -0.0117 -0.0080
vn 0.7774 0.6135 -0.1385
vn 0.7777 0.6133 -0.1382
vn 0.9999 -0.0095 0.0047
vn 0.0023 -0.2021 -0.9794
vn 0.0027 -0.2021 -0.9794
vn 0.0025 -0.2027 -0.9792
vn -0.9999 0.0096 -0.0042
vn -1.0000 0.0089 -0.0045
vn 0.0086 0.9939 0.1103
vn 0.0061 0.9113 0.4118
vn 0.0033 0.7394 0.6732
vn 0.0008 0.4950 0.8689
vn -0.0076 -0.4118 0.9112
vn -0.0091 -0.6732 0.7394
vn -0.0104 -0.9355 0.3531
vn -0.0103 -0.9792 0.2025
vn -0.0104 -0.9793 0.2024
vn -0.0060 -0.8681 -0.4963
vn 0.0131 -0.4597 -0.8880
vn 0.0023 -0.2005 -0.9797
vn 0.1378 -0.1774 -0.9744
vn 0.0038 -0.0621 -0.9981
vn 0.0038 -0.0624 -0.9980
vn 0.0103 0.9794 -0.2018
vn 0.0024 -0.2027 -0.9792
vn 0.0021 -0.2025 -0.9793
vn 0.0021 -0.2026 -0.9793
vn -0.0097 -0.9793 0.2023
vn 0.0011 -0.3387 -0.9409
vn 0.0011 -0.3385 -0.9410
vn 0.1373 -0.2260 -0.9644
vn 0.0031 -0.2024 -0.9793
vn 0.0084 0.4610 -0.8874
vn 0.0093 0.9791 -0.2030
vn -0.0103 -0.8687 0.4952
vn -0.0089 -0.6732 0.7394
vn -0.0061 -0.2643 0.9644
vn -0.0066 -0.2642 0.9644
vn -0.0100 -0.9792 0.2024
vn -0.0076 -0.9761 -0.2173
vn 0.7964 -0.5769 -0.1814
vn -0.2730 -0.9353 0.2253
vn -0.0099 -0.9793 0.2020
vn -0.0100 -0.9792 0.2026
vn 0.2536 -0.9402 0.2276
vn -0.8052 -0.5622 -0.1886
vn -0.0086 -0.9761 -0.2173
vn -0.0104 -0.9792 0.2025
vn -0.0097 -0.9793 0.2022
vn -0.0060 -0.2643 0.9644
vn -0.0510 -0.5621 0.8255
vn 0.2176 -0.6271 0.7479
vn 0.4727 -0.1230 0.8726
vn -0.9613 0.2182 -0.1680
vn -0.9604 0.2218 -0.1687
vn -0.3614 0.8992 -0.2467
vn -0.8483 0.4843 -0.2139
vn -0.2191 0.8551 0.4699
vn -0.6322 0.7596 0.1527
vn -0.6568 0.7174 -0.2323
vn 0.0097 0.9792 -0.2028
vn 0.0101 0.9791 -0.2029
vn 0.0100 0.9792 -0.2027
vn 0.0099 0.9794 -0.2018
vn 0.0089 0.9791 -0.2031
vn 0.6725 0.7047 -0.2262
vn -0.0503 0.9521 0.3017
vn 0.0094 0.9793 -0.2024
vn -0.0095 -0.9792 0.2025
vn -0.0097 -0.9792 0.2024
vn -0.0081 -0.9833 -0.1820
vn 0.7151 -0.6595 -0.2318
vn 0.6401 -0.7642 0.0798
vn -0.0096 -0.9792 0.2026
vn -0.0095 -0.9793 0.2023
vn -0.6546 -0.7523 0.0738
vn -0.7250 -0.6463 -0.2382
vn -0.0080 -0.9833 -0.1820
vn 0.0067 0.9112 0.4119
vn 0.0038 0.7405 0.6720
vn 0.0028 0.6249 0.7807
vn 0.0104 0.9792 -0.2028
vn -0.0037 0.9437 0.3307
vn 0.2747 0.9478 -0.1622
vn 0.0097 0.9792 -0.2025
vn -0.2562 0.9525 -0.1646
vn 0.0025 0.9437 0.3308
vn 0.0038 0.7406 0.6720
vn 0.0065 0.9112 0.4120
vn 0.0077 0.9644 0.2644
vn 0.9912 -0.1323 -0.0031
vn 0.9909 -0.1347 0.0024
vn 0.9579 -0.2843 0.0398
vn -0.0031 -0.4614 -0.8872
vn -0.0002 -0.4601 -0.8879
vn -0.0002 -0.4576 -0.8892
vn -0.0001 -0.4595 -0.8882
vn -0.9934 -0.1137 -0.0119
vn -0.9932 -0.1162 -0.0065
vn -0.0103 -0.9794 0.2018
vn 0.9999 -0.0092 0.0040
vn 0.9999 -0.0093 0.0040
vn 0.9999 -0.0090 0.0048
vn 0.9999 -0.0094 0.0042
vn 0.9880 -0.1538 0.0149
vn 0.9879 -0.1544 0.0133
vn 0.9881 -0.1529 0.0176
vn 0.9999 -0.0118 -0.0081
vn 0.9999 -0.0118 -0.0085
vn 0.7768 0.6141 -0.1391
vn 0.7771 0.6140 -0.1384
vn -0.7644 0.6282 -0.1452
vn -0.9998 0.0065 -0.0170
vn -0.9908 -0.1349 0.0080
vn -0.9908 -0.1354 0.0064
vn -0.9907 -0.1362 0.0039
vn -0.9999 0.0094 -0.0040
vn -0.9878 0.1457 -0.0544
vn -0.9879 0.1460 -0.0522
vn -0.9880 0.1462 -0.0503
vn -0.9998 0.0065 -0.0175
vn -0.9642 -0.2628 0.0346
vn -0.9646 -0.2617 0.0332
vn -0.0099 -0.9794 0.2017
vn -0.0101 -0.9793 0.2020
vn 0.9594 -0.2789 0.0418
vn 0.9578 -0.2847 0.0399
vn 0.9589 -0.2805 0.0433
vn 0.9908 0.1280 -0.0432
vn 0.9909 0.1281 -0.0410
vn 0.9907 0.1278 -0.0458
vt 0.646139 0.108767
vt 0.624313 0.065931
vt 0.626409 0.064408
vt 0.648603 0.107966
vt 0.590319 0.031937
vt 0.591842 0.029841
vt 0.547483 0.010111
vt 0.548284 0.007647
vt 0.500000 0.002591
vt 0.500000 -0.000000
vt 0.452517 0.010111
vt 0.451716 0.007647
vt 0.409681 0.031937
vt 0.408159 0.029841
vt 0.375687 0.065931
vt 0.373591 0.064409
vt 0.353861 0.108767
vt 0.351397 0.107966
vt 0.346341 0.156250
vt 0.343750 0.156250
vt 0.353861 0.203733
vt 0.351397 0.204534
vt 0.375687 0.246569
vt 0.373591 0.248091
vt 0.409681 0.280563
vt 0.408159 0.282659
vt 0.452517 0.302389
vt 0.451716 0.304853
vt 0.500000 0.309909
vt 0.500000 0.312500
vt 0.547483 0.302389
vt 0.548284 0.304853
vt 0.590319 0.280563
vt 0.591841 0.282659
vt 0.624313 0.246569
vt 0.626409 0.248091
vt 0.646139 0.203733
vt 0.648603 0.204534
vt 0.653659 0.156250
vt 0.656250 0.156250
vt 0.375000 0.312500
vt 0.387500 0.312500
vt 0.387500 0.688440
vt 0.375000 0.688440
vt 0.400000 0.312500
vt 0.400000 0.688440
vt 0.412500 0.312500
vt 0.412500 0.688440
vt 0.425000 0.312500
vt 0.425000 0.688440
vt 0.437500 0.312500
vt 0.437500 0.688440
vt 0.450000 0.312500
vt 0.450000 0.688440
vt 0.462500 0.312500
vt 0.462500 0.688440
vt 0.475000 0.312500
vt 0.475000 0.688440
vt 0.487500 0.312500
vt 0.487500 0.688440
vt 0.500000 0.688440
vt 0.512500 0.312500
vt 0.512500 0.688440
vt 0.525000 0.312500
vt 0.525000 0.688440
vt 0.537500 0.312500
vt 0.537500 0.688440
vt 0.550000 0.312500
vt 0.550000 0.688440
vt 0.562500 0.312500
vt 0.562500 0.688440
vt 0.575000 0.312500
vt 0.575000 0.688440
vt 0.587500 0.312500
vt 0.587500 0.688440
vt 0.600000 0.312500
vt 0.600000 0.688440
vt 0.612500 0.312500
vt 0.612500 0.688440
vt 0.625000 0.312500
vt 0.625000 0.688440
vt 0.612500 0.688439
vt 0.574519 0.867963
vt 0.563389 0.889805
vt 0.563204 0.889671
vt 0.574301 0.867892
vt 0.546055 0.907139
vt 0.545921 0.906954
vt 0.524213 0.918269
vt 0.524142 0.918051
vt 0.500000 0.922104
vt 0.500000 0.921875
vt 0.475787 0.918269
vt 0.475858 0.918051
vt 0.453945 0.907139
vt 0.454079 0.906954
vt 0.436611 0.889805
vt 0.436796 0.889671
vt 0.425481 0.867963
vt 0.425699 0.867892
vt 0.421647 0.843750
vt 0.421875 0.843750
vt 0.425481 0.819537
vt 0.425699 0.819608
vt 0.436611 0.797695
vt 0.436796 0.797829
vt 0.453945 0.780361
vt 0.454079 0.780546
vt 0.475787 0.769231
vt 0.475858 0.769449
vt 0.500000 0.765397
vt 0.500000 0.765625
vt 0.524213 0.769231
vt 0.524142 0.769449
vt 0.546055 0.780361
vt 0.545921 0.780545
vt 0.563389 0.797695
vt 0.563205 0.797829
vt 0.574519 0.819537
vt 0.574301 0.819608
vt 0.578354 0.843750
vt 0.578125 0.843750
vt 0.375172 0.312500
vt 0.387557 0.312500
vt 0.387408 0.688440
vt 0.387591 0.312500
vt 0.400091 0.312500
vt 0.399909 0.688440
vt 0.400058 0.312500
vt 0.412558 0.312500
vt 0.412442 0.688440
vt 0.399942 0.688440
vt 0.412586 0.312500
vt 0.425086 0.312500
vt 0.424914 0.688440
vt 0.412414 0.688440
vt 0.425013 0.312500
vt 0.437513 0.312500
vt 0.437486 0.688440
vt 0.424987 0.688440
vt 0.437562 0.312500
vt 0.450062 0.312500
vt 0.449938 0.688440
vt 0.437438 0.688440
vt 0.450162 0.312500
vt 0.462662 0.312500
vt 0.462338 0.688440
vt 0.449838 0.688440
vt 0.462569 0.312500
vt 0.475069 0.312500
vt 0.474931 0.688440
vt 0.462431 0.688440
vt 0.475102 0.312500
vt 0.487602 0.312500
vt 0.487398 0.688440
vt 0.474898 0.688440
vt 0.487517 0.312500
vt 0.500017 0.312500
vt 0.499983 0.688440
vt 0.487483 0.688440
vt 0.500056 0.312500
vt 0.512556 0.312500
vt 0.512443 0.688440
vt 0.499943 0.688440
vt 0.512579 0.312500
vt 0.525079 0.312500
vt 0.524921 0.688440
vt 0.512421 0.688440
vt 0.525129 0.312500
vt 0.537629 0.312500
vt 0.537370 0.688440
vt 0.524870 0.688440
vt 0.537628 0.312500
vt 0.550128 0.312500
vt 0.549872 0.688440
vt 0.537372 0.688440
vt 0.550098 0.312500
vt 0.562598 0.312500
vt 0.562402 0.688440
vt 0.549902 0.688440
vt 0.562538 0.312500
vt 0.575038 0.312500
vt 0.574961 0.688440
vt 0.562461 0.688440
vt 0.575070 0.312500
vt 0.587570 0.312500
vt 0.587430 0.688440
vt 0.574930 0.688440
vt 0.587550 0.312500
vt 0.600050 0.312500
vt 0.599950 0.688440
vt 0.587450 0.688440
vt 0.600059 0.312500
vt 0.612579 0.312500
vt 0.612382 0.688440
vt 0.599941 0.688440
vt 0.612643 0.312500
vt 0.624785 0.688440
vt 0.422041 0.688440
vt 0.409541 0.688440
vt 0.415459 0.312500
vt 0.427959 0.312500
vt 0.409442 0.688440
vt 0.396942 0.688440
vt 0.403058 0.312500
vt 0.415558 0.312500
vt 0.397000 0.688440
vt 0.390500 0.312500
vt 0.403000 0.312500
vt 0.382793 0.688440
vt 0.383825 0.312500
vt 0.390442 0.312500
vt 0.618969 0.688440
vt 0.616521 0.312500
vt 0.606354 0.688440
vt 0.596927 0.688440
vt 0.603073 0.312500
vt 0.616597 0.312500
vt 0.596932 0.688440
vt 0.584432 0.688440
vt 0.590568 0.312500
vt 0.603068 0.312500
vt 0.584435 0.688440
vt 0.571935 0.688440
vt 0.578065 0.312500
vt 0.590565 0.312500
vt 0.571926 0.688440
vt 0.559425 0.688440
vt 0.565574 0.312500
vt 0.578074 0.312500
vt 0.565546 0.312500
vt 0.559454 0.688440
vt 0.546954 0.688440
vt 0.553046 0.312500
vt 0.546973 0.688440
vt 0.534473 0.688440
vt 0.540527 0.312500
vt 0.553027 0.312500
vt 0.534452 0.688440
vt 0.521952 0.688440
vt 0.528047 0.312500
vt 0.540547 0.312500
vt 0.521971 0.688440
vt 0.509471 0.688440
vt 0.515529 0.312500
vt 0.528029 0.312500
vt 0.509407 0.688440
vt 0.496907 0.688440
vt 0.503093 0.312500
vt 0.515593 0.312500
vt 0.496922 0.688440
vt 0.484422 0.688440
vt 0.490578 0.312500
vt 0.503078 0.312500
vt 0.484415 0.688440
vt 0.471915 0.688440
vt 0.478084 0.312500
vt 0.490584 0.312500
vt 0.477991 0.312500
vt 0.472009 0.688440
vt 0.459509 0.688440
vt 0.465491 0.312500
vt 0.459473 0.688440
vt 0.446973 0.688440
vt 0.453027 0.312500
vt 0.465527 0.312500
vt 0.446994 0.688440
vt 0.434495 0.688440
vt 0.440505 0.312500
vt 0.453005 0.312500
vt 0.434497 0.688440
vt 0.421997 0.688440
vt 0.428003 0.312500
vt 0.440503 0.312500
vt 0.546208 0.985963
vt 0.500000 0.993282
vt 0.500000 0.932995
vt 0.527578 0.928627
vt 0.453792 0.985963
vt 0.472422 0.928627
vt 0.412107 0.964724
vt 0.447543 0.915951
vt 0.379026 0.931642
vt 0.427799 0.896207
vt 0.357787 0.889958
vt 0.415123 0.871328
vt 0.350468 0.843750
vt 0.410755 0.843750
vt 0.357787 0.797542
vt 0.415123 0.816172
vt 0.379026 0.755858
vt 0.427799 0.791293
vt 0.412107 0.722776
vt 0.447543 0.771549
vt 0.453792 0.701537
vt 0.472422 0.758873
vt 0.500000 0.694218
vt 0.500000 0.754505
vt 0.546208 0.701537
vt 0.527578 0.758873
vt 0.587893 0.722776
vt 0.552457 0.771549
vt 0.620974 0.755857
vt 0.572201 0.791293
vt 0.642213 0.797542
vt 0.584877 0.816172
vt 0.649532 0.843750
vt 0.589245 0.843750
vt 0.642213 0.889958
vt 0.584877 0.871328
vt 0.620974 0.931642
vt 0.572201 0.896207
vt 0.587892 0.964724
vt 0.552457 0.915951
vt 0.524142 0.081949
vt 0.500000 0.078125
vt 0.500000 0.067005
vt 0.527578 0.071373
vt 0.475858 0.081949
vt 0.472422 0.071373
vt 0.454079 0.093046
vt 0.447543 0.084049
vt 0.436796 0.110329
vt 0.427799 0.103793
vt 0.425699 0.132108
vt 0.415123 0.128672
vt 0.421875 0.156250
vt 0.410755 0.156250
vt 0.425699 0.180392
vt 0.415123 0.183828
vt 0.436796 0.202171
vt 0.427799 0.208707
vt 0.454079 0.219454
vt 0.447543 0.228451
vt 0.475858 0.230551
vt 0.472422 0.241127
vt 0.500000 0.234375
vt 0.500000 0.245495
vt 0.524142 0.230551
vt 0.527578 0.241127
vt 0.545921 0.219454
vt 0.552457 0.228451
vt 0.563204 0.202171
vt 0.572201 0.208707
vt 0.574301 0.180392
vt 0.584877 0.183828
vt 0.578125 0.156250
vt 0.589245 0.156250
vt 0.574301 0.132108
vt 0.584877 0.128672
vt 0.563205 0.110329
vt 0.572201 0.103793
vt 0.545921 0.093046
vt 0.552457 0.084049
vt 0.574301 0.242268
vt 0.578125 0.259181
vt 0.574301 0.276094
vt 0.563205 0.291351
vt 0.545921 0.303460
vt 0.524142 0.311234
vt 0.500000 0.313913
vt 0.475858 0.311234
vt 0.454079 0.303460
vt 0.436796 0.291351
vt 0.425699 0.276094
vt 0.421875 0.259181
vt 0.425699 0.242268
vt 0.436796 0.227011
vt 0.454079 0.214902
vt 0.475858 0.207128
vt 0.500000 0.204449
vt 0.524142 0.207128
vt 0.545921 0.214902
vt 0.563205 0.227011
vt 0.591354 0.969487
vt 0.548027 0.991563
vt 0.500000 0.999170
vt 0.451973 0.991563
vt 0.408646 0.969487
vt 0.374263 0.935104
vt 0.352187 0.891777
vt 0.344580 0.843750
vt 0.352187 0.795723
vt 0.374263 0.752396
vt 0.408646 0.718013
vt 0.451973 0.695937
vt 0.500000 0.688330
vt 0.548027 0.695937
vt 0.591354 0.718013
vt 0.625737 0.752396
vt 0.647813 0.795723
vt 0.655420 0.843750
vt 0.647813 0.891777
vt 0.625737 0.935104
vt 0.454786 0.017096
vt 0.500000 0.009935
vt 0.413998 0.037879
vt 0.381629 0.070248
vt 0.360846 0.111036
vt 0.353685 0.156250
vt 0.360846 0.201464
vt 0.381629 0.242252
vt 0.413998 0.274621
vt 0.454786 0.295404
vt 0.500000 0.302565
vt 0.545214 0.295404
vt 0.586002 0.274621
vt 0.618371 0.242252
vt 0.639154 0.201464
vt 0.646315 0.156250
vt 0.639154 0.111036
vt 0.618371 0.070248
vt 0.586002 0.037879
vt 0.545214 0.017096
vt 0.524142 0.857933
vt 0.545921 0.848432
vt 0.500000 0.861207
vt 0.475858 0.857933
vt 0.454079 0.848432
vt 0.436796 0.833634
vt 0.425699 0.814987
vt 0.421875 0.794317
vt 0.425699 0.773647
vt 0.436796 0.755000
vt 0.454079 0.740202
vt 0.475858 0.730700
vt 0.500000 0.727427
vt 0.524142 0.730700
vt 0.545921 0.740201
vt 0.563205 0.755000
vt 0.574301 0.773647
vt 0.578125 0.794317
vt 0.574301 0.814987
vt 0.563204 0.833634
vt 0.548284 0.992353
vt 0.500000 1.000000
vt 0.451716 0.992353
vt 0.408159 0.970159
vt 0.373591 0.935591
vt 0.351397 0.892034
vt 0.343750 0.843750
vt 0.351397 0.795466
vt 0.373591 0.751909
vt 0.408159 0.717341
vt 0.451716 0.695147
vt 0.500000 0.687500
vt 0.548284 0.695147
vt 0.591842 0.717341
vt 0.626409 0.751908
vt 0.648603 0.795466
vt 0.656250 0.843750
vt 0.648603 0.892034
vt 0.626409 0.935591
vt 0.591841 0.970159
vt 0.403125 0.312500
vt 0.396875 0.688440
vt 0.390625 0.312500
vt 0.415625 0.312500
vt 0.409375 0.688440
vt 0.428125 0.312500
vt 0.421875 0.688440
vt 0.440625 0.312500
vt 0.434375 0.688440
vt 0.453125 0.312500
vt 0.446875 0.688440
vt 0.465625 0.312500
vt 0.459375 0.688440
vt 0.478125 0.312500
vt 0.471875 0.688440
vt 0.490625 0.312500
vt 0.484375 0.688440
vt 0.503125 0.312500
vt 0.496875 0.688440
vt 0.515625 0.312500
vt 0.509375 0.688440
vt 0.528125 0.312500
vt 0.521875 0.688440
vt 0.540625 0.312500
vt 0.534375 0.688440
vt 0.553125 0.312500
vt 0.546875 0.688440
vt 0.565625 0.312500
vt 0.559375 0.688440
vt 0.578125 0.312500
vt 0.571875 0.688440
vt 0.590625 0.312500
vt 0.584375 0.688440
vt 0.603125 0.312500
vt 0.596875 0.688440
vt 0.616666 0.312500
vt 0.606250 0.688440
vt 0.618750 0.688440
vt 0.382500 0.688440
vt 0.384375 0.312500
vt 0.564741 0.109213
vt 0.576108 0.131521
vt 0.547037 0.091509
vt 0.524729 0.080143
vt 0.500000 0.076226
vt 0.475271 0.080143
vt 0.452963 0.091509
vt 0.435259 0.109213
vt 0.423893 0.131521
vt 0.419976 0.156250
vt 0.423893 0.180979
vt 0.435259 0.203287
vt 0.452963 0.220991
vt 0.475271 0.232357
vt 0.500000 0.236274
vt 0.524729 0.232357
vt 0.547037 0.220991
vt 0.564741 0.203287
vt 0.576107 0.180979
vt 0.580024 0.156250
vt 0.387500 0.313840
vt 0.375000 0.313840
vt 0.400000 0.313840
vt 0.412500 0.313840
vt 0.425000 0.313840
vt 0.437500 0.313840
vt 0.450000 0.313840
vt 0.462500 0.313840
vt 0.475000 0.313840
vt 0.487500 0.313840
vt 0.500000 0.313840
vt 0.512500 0.313840
vt 0.525000 0.313840
vt 0.537500 0.313840
vt 0.550000 0.313840
vt 0.562500 0.313840
vt 0.575000 0.313840
vt 0.587500 0.313840
vt 0.600000 0.313840
vt 0.612500 0.313840
vt 0.625000 0.313840
vt 0.623908 0.933774
vt 0.645662 0.891079
vt 0.590024 0.967658
vt 0.547329 0.989412
vt 0.500000 0.996908
vt 0.452671 0.989412
vt 0.409976 0.967658
vt 0.376092 0.933774
vt 0.354338 0.891079
vt 0.346842 0.843750
vt 0.354338 0.796421
vt 0.376092 0.753726
vt 0.409976 0.719842
vt 0.452671 0.698088
vt 0.500000 0.690591
vt 0.547329 0.698088
vt 0.590024 0.719842
vt 0.623908 0.753726
vt 0.645662 0.796421
vt 0.653158 0.843750
vt 0.500000 0.150000
vt 0.500000 0.837500
vt 0.562500 0.683773
vt 0.575000 0.683773
vt 0.575000 0.684499
vt 0.562500 0.684499
vt 0.550000 0.683773
vt 0.550000 0.684499
vt 0.537500 0.683773
vt 0.537500 0.684499
vt 0.525000 0.683773
vt 0.525000 0.684499
vt 0.512500 0.683773
vt 0.512500 0.684499
vt 0.500000 0.683773
vt 0.500000 0.684499
vt 0.487500 0.683773
vt 0.487500 0.684499
vt 0.475000 0.683773
vt 0.475000 0.684499
vt 0.462500 0.683773
vt 0.462500 0.684499
vt 0.450000 0.683773
vt 0.450000 0.684499
vt 0.437500 0.683773
vt 0.437500 0.684499
vt 0.425000 0.683773
vt 0.425000 0.684499
vt 0.412500 0.683773
vt 0.412500 0.684499
vt 0.400000 0.683773
vt 0.400000 0.684499
vt 0.387500 0.683773
vt 0.387500 0.684499
vt 0.375000 0.683773
vt 0.375000 0.684499
vt 0.612500 0.683773
vt 0.625000 0.683773
vt 0.625000 0.684499
vt 0.612500 0.684499
vt 0.600000 0.683773
vt 0.600000 0.684499
vt 0.587500 0.683773
vt 0.587500 0.684499
vt 0.562500 0.638013
vt 0.550000 0.638013
vt 0.537500 0.638013
vt 0.525000 0.638013
vt 0.512500 0.638013
vt 0.500000 0.638013
vt 0.487500 0.638013
vt 0.475000 0.638013
vt 0.462500 0.638013
vt 0.450000 0.638013
vt 0.437500 0.638013
vt 0.425000 0.638013
vt 0.412500 0.638013
vt 0.400000 0.638013
vt 0.387500 0.638013
vt 0.375000 0.638013
vt 0.625000 0.638013
vt 0.612500 0.638013
vt 0.600000 0.638013
vt 0.587500 0.638013
vt 0.575000 0.638013
vt 0.500000 0.243189
vt 0.526866 0.238934
vt 0.547841 0.303489
vt 0.500000 0.311066
vt 0.473134 0.238934
vt 0.452159 0.303489
vt 0.448899 0.226585
vt 0.409001 0.281499
vt 0.429665 0.207351
vt 0.374751 0.247249
vt 0.417316 0.183116
vt 0.352761 0.204091
vt 0.413061 0.156250
vt 0.345184 0.156250
vt 0.417316 0.129384
vt 0.352761 0.108409
vt 0.429665 0.105149
vt 0.374751 0.065251
vt 0.448899 0.085915
vt 0.409001 0.031001
vt 0.473134 0.073566
vt 0.452159 0.009011
vt 0.500000 0.069311
vt 0.500000 0.001434
vt 0.526866 0.073566
vt 0.547841 0.009011
vt 0.551101 0.085915
vt 0.590999 0.031001
vt 0.570335 0.105149
vt 0.625249 0.065251
vt 0.582684 0.129384
vt 0.647239 0.108409
vt 0.586939 0.156250
vt 0.654816 0.156250
vt 0.582684 0.183116
vt 0.647239 0.204091
vt 0.570335 0.207351
vt 0.625249 0.247249
vt 0.551101 0.226585
vt 0.590999 0.281499
vt 0.500000 0.760367
vt 0.525767 0.764448
vt 0.524236 0.769159
vt 0.500000 0.765321
vt 0.474233 0.764448
vt 0.475764 0.769159
vt 0.450989 0.776292
vt 0.453901 0.780300
vt 0.432542 0.794739
vt 0.436550 0.797651
vt 0.420698 0.817983
vt 0.425410 0.819514
vt 0.416617 0.843750
vt 0.421571 0.843750
vt 0.420698 0.869517
vt 0.425410 0.867986
vt 0.432542 0.892761
vt 0.436550 0.889849
vt 0.450989 0.911208
vt 0.453901 0.907200
vt 0.474233 0.923052
vt 0.475764 0.918341
vt 0.500000 0.927133
vt 0.500000 0.922179
vt 0.525767 0.923052
vt 0.524236 0.918341
vt 0.549011 0.911208
vt 0.546099 0.907200
vt 0.567458 0.892761
vt 0.563450 0.889849
vt 0.579302 0.869517
vt 0.574590 0.867986
vt 0.583383 0.843750
vt 0.578429 0.843750
vt 0.579302 0.817983
vt 0.574591 0.819514
vt 0.567458 0.794739
vt 0.563451 0.797651
vt 0.549011 0.776292
vt 0.546099 0.780299
vt 0.562500 0.665373
vt 0.575000 0.665373
vt 0.575000 0.666198
vt 0.562500 0.666198
vt 0.550000 0.665373
vt 0.550000 0.666198
vt 0.537500 0.665373
vt 0.537500 0.666198
vt 0.525000 0.665373
vt 0.525000 0.666198
vt 0.512500 0.665373
vt 0.512500 0.666198
vt 0.500000 0.665373
vt 0.500000 0.666198
vt 0.487500 0.665373
vt 0.487500 0.666198
vt 0.475000 0.665373
vt 0.475000 0.666198
vt 0.462500 0.665373
vt 0.462500 0.666198
vt 0.450000 0.665373
vt 0.450000 0.666198
vt 0.437500 0.665373
vt 0.437500 0.666198
vt 0.425000 0.665373
vt 0.425000 0.666198
vt 0.412500 0.665373
vt 0.412500 0.666198
vt 0.400000 0.665373
vt 0.400000 0.666198
vt 0.387500 0.665373
vt 0.387500 0.666198
vt 0.375000 0.665373
vt 0.375000 0.666198
vt 0.612500 0.665373
vt 0.625000 0.665373
vt 0.625000 0.666198
vt 0.612500 0.666198
vt 0.600000 0.665373
vt 0.600000 0.666198
vt 0.587500 0.665373
vt 0.587500 0.666198
vt 0.587500 0.682857
vt 0.600000 0.682857
vt 0.600000 0.683475
vt 0.587500 0.683475
vt 0.575000 0.682857
vt 0.575000 0.683475
vt 0.562500 0.682857
vt 0.562500 0.683475
vt 0.550000 0.682857
vt 0.550000 0.683475
vt 0.537500 0.682857
vt 0.537500 0.683475
vt 0.525000 0.682857
vt 0.525000 0.683475
vt 0.512500 0.682857
vt 0.512500 0.683475
vt 0.500000 0.682857
vt 0.500000 0.683475
vt 0.487500 0.682857
vt 0.487500 0.683475
vt 0.475000 0.682857
vt 0.475000 0.683475
vt 0.462500 0.682857
vt 0.462500 0.683475
vt 0.450000 0.682857
vt 0.450000 0.683475
vt 0.437500 0.682857
vt 0.437500 0.683475
vt 0.425000 0.682857
vt 0.425000 0.683475
vt 0.412500 0.682857
vt 0.412500 0.683475
vt 0.400000 0.682857
vt 0.400000 0.683475
vt 0.387500 0.682857
vt 0.387500 0.683475
vt 0.375000 0.682857
vt 0.375000 0.683475
vt 0.612500 0.682857
vt 0.625000 0.682857
vt 0.625000 0.683475
vt 0.612500 0.683475
vt 0.600000 0.667334
vt 0.587500 0.667334
vt 0.575000 0.667334
vt 0.562500 0.667334
vt 0.550000 0.667334
vt 0.537500 0.667334
vt 0.525000 0.667334
vt 0.512500 0.667334
vt 0.500000 0.667334
vt 0.487500 0.667334
vt 0.475000 0.667334
vt 0.462500 0.667334
vt 0.450000 0.667334
vt 0.437500 0.667334
vt 0.425000 0.667334
vt 0.412500 0.667334
vt 0.400000 0.667334
vt 0.387500 0.667334
vt 0.375000 0.667334
vt 0.625000 0.667334
vt 0.612500 0.667334
vt 0.625000 0.687943
vt 0.612500 0.687943
vt 0.600000 0.687943
vt 0.587500 0.687943
vt 0.575000 0.687943
vt 0.562500 0.687943
vt 0.550000 0.687943
vt 0.537500 0.687943
vt 0.525000 0.687943
vt 0.512500 0.687943
vt 0.500000 0.687943
vt 0.487500 0.687943
vt 0.475000 0.687943
vt 0.462500 0.687943
vt 0.450000 0.687943
vt 0.437500 0.687943
vt 0.425000 0.687943
vt 0.412500 0.687943
vt 0.400000 0.687943
vt 0.387500 0.687943
vt 0.375000 0.687943
vt 0.587500 0.656303
vt 0.575000 0.656303
vt 0.562500 0.656303
vt 0.550000 0.656303
vt 0.537500 0.656303
vt 0.525000 0.656303
vt 0.512500 0.656303
vt 0.500000 0.656303
vt 0.487500 0.656303
vt 0.475000 0.656303
vt 0.462500 0.656303
vt 0.450000 0.656303
vt 0.437500 0.656303
vt 0.425000 0.656303
vt 0.412500 0.656303
vt 0.400000 0.656303
vt 0.387500 0.656303
vt 0.375000 0.656303
vt 0.625000 0.656303
vt 0.612500 0.656303
vt 0.600000 0.656303
vt 0.563822 0.109880
vt 0.575028 0.131872
vt 0.546370 0.092428
vt 0.524645 0.082205
vt 0.524886 0.081481
vt 0.522557 0.081698
vt 0.522777 0.080969
vt 0.524378 0.081222
vt 0.476935 0.081778
vt 0.476710 0.081050
vt 0.500000 0.077361
vt 0.475347 0.082209
vt 0.475106 0.081485
vt 0.475622 0.081222
vt 0.436178 0.109880
vt 0.453630 0.092428
vt 0.425713 0.132080
vt 0.424987 0.131844
vt 0.421111 0.156250
vt 0.424972 0.131872
vt 0.424972 0.180628
vt 0.436178 0.202620
vt 0.453630 0.220072
vt 0.475622 0.231278
vt 0.500000 0.235139
vt 0.524378 0.231278
vt 0.546370 0.220072
vt 0.563822 0.202620
vt 0.575028 0.180628
vt 0.578889 0.156250
vt 0.387500 0.318546
vt 0.375000 0.318546
vt 0.400000 0.318546
vt 0.412211 0.312500
vt 0.412211 0.318546
vt 0.413321 0.312500
vt 0.413321 0.318546
vt 0.412500 0.318546
vt 0.436942 0.312500
vt 0.436942 0.318546
vt 0.425000 0.318546
vt 0.437793 0.312500
vt 0.437793 0.318546
vt 0.437500 0.318546
vt 0.462500 0.318546
vt 0.450000 0.318546
vt 0.474984 0.312500
vt 0.474984 0.318546
vt 0.487500 0.318546
vt 0.475000 0.318546
vt 0.500000 0.318546
vt 0.512500 0.318546
vt 0.525000 0.318546
vt 0.537500 0.318546
vt 0.550000 0.318546
vt 0.562500 0.318546
vt 0.575000 0.318546
vt 0.587500 0.318546
vt 0.600000 0.318546
vt 0.612500 0.318546
vt 0.625000 0.318546
vt 0.624189 0.933978
vt 0.645992 0.891186
vt 0.590228 0.967939
vt 0.549289 0.991840
vt 0.548424 0.989239
vt 0.545114 0.992855
vt 0.544322 0.990236
vt 0.547436 0.989742
vt 0.453871 0.992694
vt 0.454681 0.990078
vt 0.500000 0.997256
vt 0.450695 0.991832
vt 0.451561 0.989231
vt 0.452564 0.989742
vt 0.375811 0.933978
vt 0.409772 0.967939
vt 0.351426 0.892089
vt 0.354035 0.891240
vt 0.346494 0.843750
vt 0.354008 0.891186
vt 0.354008 0.796314
vt 0.375811 0.753522
vt 0.409772 0.719561
vt 0.452564 0.697757
vt 0.500000 0.690244
vt 0.547436 0.697757
vt 0.590228 0.719561
vt 0.624189 0.753522
vt 0.645992 0.796314
vt 0.653506 0.843750
vt 0.524645 0.917795
vt 0.522557 0.918302
vt 0.476935 0.918222
vt 0.475347 0.917791
vt 0.425713 0.867920
vt 0.412211 0.688440
vt 0.413321 0.688440
vt 0.436942 0.688440
vt 0.437793 0.688440
vt 0.474984 0.688440
vt 0.399711 0.312500
vt 0.399943 0.688440
vt 0.400289 0.312500
vt 0.474932 0.312500
vt 0.474932 0.688440
vt 0.624799 0.312500
vt 0.624707 0.688440
vt 0.587500 0.323584
vt 0.600000 0.323584
vt 0.600000 0.673722
vt 0.587500 0.673722
vt 0.575000 0.323584
vt 0.575000 0.673722
vt 0.562500 0.323584
vt 0.562500 0.673722
vt 0.550000 0.323584
vt 0.550000 0.673722
vt 0.537500 0.323584
vt 0.537500 0.673722
vt 0.525000 0.323584
vt 0.525000 0.673722
vt 0.512500 0.323584
vt 0.512500 0.673722
vt 0.500000 0.323584
vt 0.500000 0.673722
vt 0.487500 0.323584
vt 0.487500 0.673722
vt 0.475000 0.323584
vt 0.475000 0.673722
vt 0.462500 0.323584
vt 0.474984 0.323584
vt 0.474984 0.673722
vt 0.462500 0.673722
vt 0.450000 0.323584
vt 0.450000 0.673722
vt 0.437500 0.323584
vt 0.437793 0.323584
vt 0.437793 0.673722
vt 0.437500 0.673722
vt 0.612989 0.312500
vt 0.624631 0.312500
vt 0.425000 0.323584
vt 0.436942 0.323584
vt 0.436942 0.673722
vt 0.425000 0.673722
vt 0.412500 0.323584
vt 0.413321 0.323584
vt 0.413321 0.673722
vt 0.412500 0.673722
vt 0.400000 0.323584
vt 0.412211 0.323584
vt 0.412211 0.673722
vt 0.400000 0.673722
vt 0.387500 0.323584
vt 0.387500 0.673722
vt 0.375000 0.323584
vt 0.375000 0.673722
vt 0.612500 0.323584
vt 0.625000 0.323584
vt 0.625000 0.673722
vt 0.612500 0.673722
vt 0.600000 0.685422
vt 0.587500 0.685422
vt 0.575000 0.685422
vt 0.562500 0.685422
vt 0.550000 0.685422
vt 0.537500 0.685422
vt 0.525000 0.685422
vt 0.512500 0.685422
vt 0.500000 0.685422
vt 0.487500 0.685422
vt 0.475000 0.685422
vt 0.474984 0.685422
vt 0.462500 0.685422
vt 0.450000 0.685422
vt 0.437793 0.685422
vt 0.437500 0.685422
vt 0.612600 0.312500
vt 0.436942 0.685422
vt 0.425000 0.685422
vt 0.413321 0.685422
vt 0.412500 0.685422
vt 0.412211 0.685422
vt 0.400000 0.685422
vt 0.387500 0.685422
vt 0.375000 0.685422
vt 0.625000 0.685422
vt 0.612500 0.685422
vt 0.621690 0.244663
vt 0.643055 0.202731
vt 0.588413 0.277940
vt 0.546481 0.299305
vt 0.500000 0.306667
vt 0.453519 0.299305
vt 0.411587 0.277940
vt 0.378310 0.244663
vt 0.356945 0.202731
vt 0.349583 0.156250
vt 0.356945 0.109769
vt 0.378310 0.067837
vt 0.356972 0.109716
vt 0.351426 0.107911
vt 0.411587 0.034560
vt 0.453519 0.013195
vt 0.452536 0.013696
vt 0.450695 0.008168
vt 0.500000 0.005833
vt 0.455593 0.012867
vt 0.453871 0.007306
vt 0.546481 0.013195
vt 0.543430 0.012712
vt 0.545114 0.007145
vt 0.588413 0.034560
vt 0.547449 0.013689
vt 0.549290 0.008160
vt 0.621690 0.067837
vt 0.643055 0.109769
vt 0.650417 0.156250
vt 0.566066 0.204250
vt 0.577665 0.181485
vt 0.548000 0.222316
vt 0.525235 0.233915
vt 0.500000 0.237912
vt 0.474765 0.233915
vt 0.452000 0.222316
vt 0.433934 0.204250
vt 0.422335 0.181485
vt 0.418338 0.156250
vt 0.422335 0.131015
vt 0.433934 0.108250
vt 0.422350 0.130986
vt 0.452000 0.090184
vt 0.474765 0.078585
vt 0.474231 0.078857
vt 0.500000 0.074588
vt 0.475891 0.078407
vt 0.525235 0.078585
vt 0.523578 0.078323
vt 0.548000 0.090184
vt 0.525760 0.078853
vt 0.566066 0.108250
vt 0.577665 0.131015
vt 0.581662 0.156250
vt 0.399810 0.688440
vt 0.474968 0.688440
vt 0.474968 0.312500
s 1
usemtl aiWireframe1.024
f 379/1/1 380/2/1 22/3/1 21/4/1
f 380/2/1 361/5/1 23/6/1 22/3/1
f 361/5/1 362/7/1 24/8/1 23/6/1
f 362/7/1 363/9/1 25/10/1 24/8/1
f 363/9/1 364/11/1 26/12/1 25/10/1
f 364/11/1 365/13/1 27/14/1 26/12/1
f 365/13/1 366/15/1 28/16/1 27/14/1
f 366/15/1 367/17/1 29/18/1 28/16/1
f 367/17/1 368/19/1 30/20/1 29/18/1
f 368/19/1 369/21/1 31/22/1 30/20/1
f 369/21/1 370/23/1 32/24/1 31/22/1
f 370/23/1 371/25/1 33/26/1 32/24/1
f 371/25/1 372/27/1 34/28/1 33/26/1
f 372/27/1 373/29/1 35/30/1 34/28/1
f 373/29/1 374/31/1 36/32/1 35/30/1
f 374/31/1 375/33/1 37/34/1 36/32/1
f 375/33/1 376/35/1 38/36/1 37/34/1
f 376/35/1 377/37/1 39/38/1 38/36/1
f 377/37/1 378/39/1 40/40/1 39/38/1
f 378/39/1 379/1/1 21/4/1 40/40/1
f 81/41/2 82/42/2 83/43/2 84/44/2
f 85/42/3 86/45/3 87/46/3 88/43/3
f 89/45/4 90/47/4 91/48/4 92/46/4
f 93/47/5 94/49/5 95/50/5 96/48/5
f 97/49/6 98/51/6 99/52/6 100/50/6
f 101/51/7 102/53/7 103/54/7 104/52/7
f 105/53/8 106/55/8 107/56/8 108/54/8
f 109/55/9 110/57/9 111/58/9 112/56/9
f 113/57/10 114/59/10 115/60/10 116/58/10
f 117/59/11 118/30/11 119/61/11 120/60/11
f 121/30/12 122/62/12 123/63/12 124/61/12
f 125/62/13 126/64/13 127/65/13 128/63/13
f 129/64/14 130/66/14 131/67/14 132/65/14
f 133/66/15 134/68/15 135/69/15 136/67/15
f 137/68/16 138/70/16 139/71/16 140/69/16
f 141/70/17 142/72/17 143/73/17 144/71/17
f 145/72/18 146/74/18 147/75/18 148/73/18
f 149/74/19 150/76/19 151/77/19 152/75/19
f 153/76/20 154/78/20 155/79/20 156/77/20
f 157/78/21 158/80/21 159/81/21 160/82/21
f 494/83/22 495/84/22 62/85/23 61/86/23
f 495/84/22 496/87/22 63/88/24 62/85/24
f 496/87/22 497/89/22 64/90/25 63/88/25
f 497/89/22 498/91/22 65/92/26 64/90/26
f 498/91/22 499/93/22 66/94/27 65/92/27
f 499/93/22 500/95/22 67/96/28 66/94/28
f 500/95/22 481/97/22 68/98/29 67/96/29
f 481/97/22 482/99/22 69/100/30 68/98/30
f 482/99/22 483/101/22 70/102/31 69/100/31
f 483/101/22 484/103/22 71/104/32 70/102/32
f 484/103/22 485/105/22 72/106/33 71/104/33
f 485/105/22 486/107/22 73/108/34 72/106/34
f 486/107/22 487/109/22 74/110/35 73/108/35
f 487/109/22 488/111/22 75/112/36 74/110/36
f 488/111/22 489/113/22 76/114/37 75/112/37
f 489/113/22 490/115/22 77/116/38 76/114/38
f 490/115/22 491/117/22 78/118/39 77/116/39
f 491/117/22 492/119/22 79/120/40 78/118/40
f 492/119/22 493/121/22 80/122/41 79/120/41
f 493/121/22 494/83/22 61/86/42 80/122/42
f 175/123/43 176/124/44 82/42/45 81/41/45
f 176/124/46 173/43/46 83/43/47 82/42/48
f 173/125/49 174/44/49 84/44/50 83/43/50
f 174/44/51 175/123/51 81/41/52 84/44/53
f 171/126/54 172/127/55 86/45/56 85/42/57
f 172/127/58 169/128/58 87/46/58 86/45/58
f 169/128/59 170/43/60 88/43/61 87/46/61
f 170/43/62 171/126/62 85/42/63 88/43/64
f 167/129/65 168/130/66 90/47/67 89/45/68
f 168/130/69 165/131/69 91/48/69 90/47/69
f 165/131/70 166/132/70 92/46/71 91/48/72
f 166/132/73 167/129/74 89/45/75 92/46/76
f 163/133/77 164/134/78 94/49/79 93/47/79
f 164/134/80 161/135/80 95/50/81 94/49/81
f 161/135/82 162/136/83 96/48/84 95/50/84
f 162/136/85 163/133/85 93/47/86 96/48/87
f 239/137/88 240/138/88 98/51/89 97/49/89
f 240/138/90 237/139/90 99/52/91 98/51/91
f 237/139/92 238/140/93 100/50/94 99/52/94
f 238/140/95 239/137/96 97/49/97 100/50/97
f 235/141/98 236/142/99 102/53/100 101/51/100
f 236/142/101 233/143/101 103/54/102 102/53/102
f 233/143/103 234/144/104 104/52/105 103/54/105
f 234/144/106 235/141/106 101/51/107 104/52/108
f 231/145/109 232/146/110 106/55/111 105/53/111
f 232/146/112 229/147/112 107/56/113 106/55/113
f 229/147/114 230/148/115 108/54/116 107/56/116
f 230/148/117 231/145/117 105/53/118 108/54/118
f 228/149/119 225/150/119 110/57/120 109/55/121
f 225/150/122 226/151/122 111/58/123 110/57/123
f 226/151/124 227/152/125 112/56/126 111/58/126
f 227/152/127 228/149/127 109/55/128 112/56/128
f 223/153/129 224/154/130 114/59/131 113/57/131
f 224/154/132 221/155/132 115/60/133 114/59/133
f 221/155/134 222/156/135 116/58/136 115/60/136
f 222/156/137 223/153/137 113/57/138 116/58/138
f 219/157/139 220/158/139 118/30/140 117/59/140
f 220/158/141 217/159/141 119/61/142 118/30/143
f 217/159/144 218/160/144 120/60/145 119/61/146
f 218/160/147 219/157/148 117/59/149 120/60/149
f 215/161/150 216/162/151 122/62/152 121/30/152
f 216/162/153 213/163/153 123/63/154 122/62/154
f 213/163/155 214/164/156 124/61/157 123/63/157
f 214/164/158 215/161/158 121/30/159 124/61/159
f 211/165/160 212/166/160 126/64/161 125/62/161
f 212/166/162 209/167/162 127/65/163 126/64/163
f 209/167/164 210/168/164 128/63/165 127/65/165
f 210/168/166 211/165/166 125/62/166 128/63/166
f 207/169/167 208/170/168 130/66/169 129/64/169
f 208/170/170 205/171/170 131/67/170 130/66/170
f 205/171/171 206/172/172 132/65/173 131/67/173
f 206/172/174 207/169/174 129/64/174 132/65/174
f 203/173/175 204/174/176 134/68/177 133/66/177
f 204/174/178 201/175/178 135/69/179 134/68/179
f 201/175/180 202/176/181 136/67/182 135/69/182
f 202/176/183 203/173/183 133/66/184 136/67/184
f 200/177/185 197/178/186 138/70/187 137/68/187
f 197/178/188 198/179/188 139/71/189 138/70/189
f 198/179/190 199/180/191 140/69/192 139/71/193
f 199/180/194 200/177/194 137/68/195 140/69/195
f 195/181/196 196/182/197 142/72/198 141/70/198
f 196/182/199 193/183/199 143/73/200 142/72/200
f 193/183/201 194/184/201 144/71/202 143/73/203
f 194/184/204 195/181/204 141/70/205 144/71/206
f 191/185/207 192/186/207 146/74/208 145/72/208
f 192/186/209 189/187/209 147/75/210 146/74/210
f 189/187/211 190/188/212 148/73/213 147/75/213
f 190/188/214 191/185/215 145/72/216 148/73/216
f 187/189/217 188/190/218 150/76/219 149/74/219
f 188/190/220 185/191/220 151/77/220 150/76/220
f 185/191/221 186/192/222 152/75/223 151/77/223
f 186/192/224 187/189/224 149/74/225 152/75/225
f 183/193/226 184/78/226 154/78/227 153/76/228
f 184/194/229 181/79/229 155/79/230 154/78/230
f 181/195/231 182/196/232 156/77/233 155/79/233
f 182/196/234 183/193/235 153/76/236 156/77/236
f 179/197/237 180/80/238 158/80/239 157/78/239
f 180/80/240 177/198/240 159/81/240 158/80/240
f 177/198/241 178/82/242 160/82/243 159/81/244
f 178/82/245 179/197/245 157/78/246 160/82/247
f 410/199/248 411/200/248 162/136/83 161/135/82
f 411/200/85 412/201/249 163/133/85 162/136/85
f 412/201/250 409/202/250 164/134/78 163/133/77
f 409/202/251 410/199/251 161/135/80 164/134/80
f 406/203/252 407/204/253 166/132/70 165/131/70
f 407/204/254 408/205/76 167/129/74 166/132/73
f 408/205/255 405/206/255 168/130/66 167/129/65
f 405/206/256 406/203/256 165/131/69 168/130/69
f 402/207/257 403/43/257 170/43/60 169/128/59
f 403/43/258 404/208/258 171/126/62 170/43/62
f 404/208/259 401/209/260 172/127/55 171/126/54
f 401/209/58 402/207/58 169/128/58 172/127/58
f 478/210/261 479/44/261 174/44/49 173/125/49
f 479/44/262 480/211/263 175/123/51 174/44/51
f 480/211/264 477/212/264 176/124/44 175/123/43
f 477/212/265 478/43/265 173/43/46 176/124/46
f 474/213/266 475/79/266 178/82/242 177/198/241
f 475/79/267 476/214/267 179/197/245 178/82/245
f 476/214/268 473/80/269 180/80/238 179/197/237
f 473/80/240 474/213/240 177/198/240 180/80/240
f 470/215/270 471/216/270 182/196/232 181/195/231
f 471/216/271 472/217/271 183/193/235 182/196/234
f 472/217/272 469/78/272 184/78/226 183/193/226
f 469/218/273 470/79/274 181/79/229 184/194/229
f 466/219/275 467/220/275 186/192/222 185/191/221
f 467/220/276 468/221/276 187/189/224 186/192/224
f 468/221/277 465/222/277 188/190/218 187/189/217
f 465/222/278 466/219/278 185/191/220 188/190/220
f 462/223/279 463/224/279 190/188/212 189/187/211
f 463/224/280 464/225/280 191/185/215 190/188/214
f 464/225/281 461/226/281 192/186/207 191/185/207
f 461/226/282 462/223/282 189/187/209 192/186/209
f 458/227/283 459/228/283 194/184/201 193/183/201
f 459/228/284 460/229/204 195/181/204 194/184/204
f 460/229/285 457/230/285 196/182/197 195/181/196
f 457/230/286 458/227/286 193/183/199 196/182/199
f 453/231/287 454/232/287 198/179/188 197/178/188
f 454/232/288 455/233/288 199/180/191 198/179/190
f 455/233/289 456/234/289 200/177/194 199/180/194
f 456/234/290 453/231/290 197/178/186 200/177/185
f 450/235/291 451/236/291 202/176/181 201/175/180
f 451/236/183 452/237/183 203/173/183 202/176/183
f 452/237/292 449/238/293 204/174/176 203/173/175
f 449/238/179 450/235/294 201/175/178 204/174/178
f 446/239/295 447/240/296 206/172/172 205/171/171
f 447/240/174 448/241/297 207/169/174 206/172/174
f 448/241/298 445/242/298 208/170/168 207/169/167
f 445/242/299 446/239/299 205/171/170 208/170/170
f 442/243/300 443/244/300 210/168/164 209/167/164
f 443/244/301 444/245/301 211/165/166 210/168/166
f 444/245/302 441/246/303 212/166/160 211/165/160
f 441/246/163 442/243/163 209/167/162 212/166/162
f 438/247/304 439/248/304 214/164/156 213/163/155
f 439/248/305 440/249/305 215/161/158 214/164/158
f 440/249/306 437/250/306 216/162/151 215/161/150
f 437/250/307 438/247/307 213/163/153 216/162/153
f 434/251/308 435/252/308 218/160/144 217/159/144
f 435/252/309 436/253/148 219/157/148 218/160/147
f 436/253/310 433/254/310 220/158/139 219/157/139
f 433/254/311 434/251/311 217/159/141 220/158/141
f 430/255/312 431/256/312 222/156/135 221/155/134
f 431/256/313 432/257/313 223/153/137 222/156/137
f 432/257/314 429/258/314 224/154/130 223/153/129
f 429/258/315 430/255/315 221/155/132 224/154/132
f 425/259/316 426/260/316 226/151/122 225/150/122
f 426/260/317 427/261/318 227/152/125 226/151/124
f 427/261/319 428/262/320 228/149/127 227/152/127
f 428/262/321 425/259/322 225/150/119 228/149/119
f 422/263/323 423/264/323 230/148/115 229/147/114
f 423/264/324 424/265/324 231/145/117 230/148/117
f 424/265/325 421/266/325 232/146/110 231/145/109
f 421/266/326 422/263/326 229/147/112 232/146/112
f 418/267/327 419/268/328 234/144/104 233/143/103
f 419/268/329 420/269/329 235/141/106 234/144/106
f 420/269/330 417/270/331 236/142/99 235/141/98
f 417/270/101 418/267/101 233/143/101 236/142/101
f 414/271/332 415/272/332 238/140/93 237/139/92
f 415/272/96 416/273/96 239/137/96 238/140/95
f 416/273/333 413/274/334 240/138/88 239/137/88
f 413/274/335 414/271/335 237/139/90 240/138/90
f 282/275/22 283/276/22 242/277/336 241/278/337
f 283/276/22 284/279/22 243/280/338 242/277/336
f 284/279/22 285/281/22 244/282/339 243/280/338
f 285/281/22 286/283/22 245/284/340 244/282/339
f 286/283/22 287/285/22 246/286/341 245/284/340
f 287/285/22 288/287/22 247/288/342 246/286/341
f 288/287/22 289/289/22 248/290/343 247/288/342
f 289/289/22 290/291/22 249/292/344 248/290/343
f 290/291/22 291/293/22 250/294/345 249/292/344
f 291/293/22 292/295/22 251/296/346 250/294/345
f 292/295/22 293/297/22 252/298/347 251/296/346
f 293/297/22 294/299/22 253/300/348 252/298/347
f 294/299/22 295/301/22 254/302/349 253/300/348
f 295/301/22 296/303/22 255/304/350 254/302/349
f 296/303/22 297/305/22 256/306/351 255/304/350
f 297/305/22 298/307/22 257/308/352 256/306/351
f 298/307/22 299/309/22 258/310/353 257/308/352
f 299/309/22 300/311/22 259/312/354 258/310/353
f 300/311/22 281/313/22 260/314/344 259/312/354
f 281/313/22 282/275/22 241/278/337 260/314/344
f 4/315/1 5/316/1 262/317/1 261/318/1
f 5/316/1 6/319/1 263/320/1 262/317/1
f 6/319/1 7/321/1 264/322/1 263/320/1
f 7/321/1 8/323/1 265/324/1 264/322/1
f 8/323/1 9/325/1 266/326/1 265/324/1
f 9/325/1 10/327/1 267/328/1 266/326/1
f 10/327/1 11/329/1 268/330/1 267/328/1
f 11/329/1 12/331/1 269/332/1 268/330/1
f 12/331/1 13/333/1 270/334/1 269/332/1
f 13/333/1 14/335/1 271/336/1 270/334/1
f 14/335/1 15/337/1 272/338/1 271/336/1
f 15/337/1 16/339/1 273/340/1 272/338/1
f 16/339/1 17/341/1 274/342/1 273/340/1
f 17/341/1 18/343/1 275/344/1 274/342/1
f 18/343/1 19/345/1 276/346/1 275/344/1
f 19/345/1 20/347/1 277/348/1 276/346/1
f 20/347/1 1/349/1 278/350/1 277/348/1
f 1/349/1 2/351/1 279/352/1 278/350/1
f 2/351/1 3/353/1 280/354/1 279/352/1
f 3/353/1 4/315/1 261/318/1 280/354/1
f 359/355/355 1/349/355 20/347/355 358/356/355
f 358/356/356 20/347/356 19/345/356 357/357/356
f 357/357/357 19/345/357 18/343/357 356/358/357
f 356/358/358 18/343/358 17/341/358 355/359/358
f 355/359/359 17/341/360 16/339/360 354/360/359
f 354/360/361 16/339/361 15/337/361 353/361/361
f 353/361/362 15/337/362 14/335/362 352/362/362
f 352/362/363 14/335/364 13/333/364 351/363/363
f 351/363/365 13/333/365 12/331/365 350/364/365
f 350/364/366 12/331/366 11/329/366 349/365/366
f 349/365/367 11/329/367 10/327/367 348/366/367
f 348/366/368 10/327/369 9/325/369 347/367/368
f 347/367/370 9/325/371 8/323/371 346/368/370
f 346/368/372 8/323/372 7/321/372 345/369/372
f 345/369/373 7/321/373 6/319/373 344/370/373
f 344/370/374 6/319/375 5/316/375 343/371/374
f 343/371/376 5/316/377 4/315/377 342/372/376
f 342/372/378 4/315/378 3/353/378 341/373/378
f 360/374/379 341/373/379 3/353/379 2/351/379
f 360/374/380 2/351/380 1/349/380 359/355/380
f 400/375/22 381/376/349 282/275/22 281/313/22
f 381/376/349 382/377/349 283/276/22 282/275/22
f 382/377/349 383/378/349 284/279/22 283/276/22
f 383/378/349 384/379/22 285/281/22 284/279/22
f 384/379/22 385/380/22 286/283/22 285/281/22
f 385/380/22 386/381/22 287/285/22 286/283/22
f 386/381/22 387/382/22 288/287/22 287/285/22
f 387/382/22 388/383/22 289/289/22 288/287/22
f 388/383/22 389/384/22 290/291/22 289/289/22
f 389/384/22 390/385/22 291/293/22 290/291/22
f 390/385/22 391/386/22 292/295/22 291/293/22
f 391/386/22 392/387/22 293/297/22 292/295/22
f 392/387/22 393/388/22 294/299/22 293/297/22
f 393/388/22 394/389/22 295/301/22 294/299/22
f 394/389/22 395/390/22 296/303/22 295/301/22
f 395/390/22 396/391/350 297/305/22 296/303/22
f 396/391/350 397/392/350 298/307/22 297/305/22
f 397/392/350 398/393/22 299/309/22 298/307/22
f 398/393/22 399/394/22 300/311/22 299/309/22
f 399/394/22 400/375/22 281/313/22 300/311/22
f 262/317/1 263/320/1 302/395/1 301/396/1
f 263/320/1 264/322/1 303/397/1 302/395/1
f 264/322/1 265/324/1 304/398/1 303/397/1
f 265/324/1 266/326/1 305/399/1 304/398/1
f 266/326/1 267/328/1 306/400/1 305/399/1
f 267/328/1 268/330/1 307/401/1 306/400/1
f 268/330/1 269/332/1 308/402/1 307/401/1
f 269/332/1 270/334/1 309/403/1 308/402/1
f 270/334/1 271/336/1 310/404/1 309/403/1
f 271/336/1 272/338/1 311/405/1 310/404/1
f 272/338/1 273/340/1 312/406/1 311/405/1
f 273/340/1 274/342/1 313/407/1 312/406/1
f 274/342/1 275/344/1 314/408/1 313/407/1
f 275/344/1 276/346/1 315/409/1 314/408/1
f 276/346/1 277/348/1 316/410/1 315/409/1
f 277/348/1 278/350/1 317/411/1 316/410/1
f 278/350/1 279/352/1 318/412/1 317/411/1
f 279/352/1 280/354/1 319/413/1 318/412/1
f 280/354/1 261/318/1 320/414/1 319/413/1
f 261/318/1 262/317/1 301/396/1 320/414/1
f 64/90/378 322/415/378 321/416/378 63/88/378
f 65/92/376 323/417/376 322/415/376 64/90/376
f 66/94/375 324/418/374 323/417/374 65/92/375
f 67/96/373 325/419/373 324/418/373 66/94/373
f 68/98/372 326/420/372 325/419/372 67/96/372
f 69/100/381 327/421/381 326/420/381 68/98/381
f 70/102/368 328/422/368 327/421/368 69/100/368
f 71/104/367 329/423/367 328/422/367 70/102/367
f 72/106/382 330/424/383 329/423/383 71/104/382
f 73/108/365 331/425/365 330/424/365 72/106/365
f 74/110/363 332/426/363 331/425/363 73/108/363
f 75/112/362 333/427/362 332/426/362 74/110/362
f 76/114/361 334/428/361 333/427/361 75/112/361
f 77/116/359 335/429/359 334/428/359 76/114/359
f 78/118/358 336/430/358 335/429/358 77/116/358
f 79/120/357 337/431/357 336/430/357 78/118/357
f 80/122/356 338/432/356 337/431/356 79/120/356
f 61/86/355 339/433/355 338/432/355 80/122/355
f 62/85/384 340/434/380 339/433/380 61/86/384
f 63/88/385 321/416/385 340/434/385 62/85/385
f 322/415/378 342/372/378 341/373/378 321/416/378
f 323/417/376 343/371/376 342/372/376 322/415/376
f 324/418/374 344/370/374 343/371/374 323/417/374
f 325/419/373 345/369/373 344/370/373 324/418/373
f 326/420/372 346/368/372 345/369/372 325/419/372
f 327/421/381 347/367/370 346/368/370 326/420/381
f 328/422/368 348/366/368 347/367/368 327/421/368
f 329/423/367 349/365/367 348/366/367 328/422/367
f 330/424/383 350/364/366 349/365/366 329/423/383
f 331/425/365 351/363/365 350/364/365 330/424/365
f 332/426/363 352/362/363 351/363/363 331/425/363
f 333/427/362 353/361/362 352/362/362 332/426/362
f 334/428/361 354/360/361 353/361/361 333/427/361
f 335/429/359 355/359/359 354/360/359 334/428/359
f 336/430/358 356/358/358 355/359/358 335/429/358
f 337/431/357 357/357/357 356/358/357 336/430/357
f 338/432/356 358/356/356 357/357/356 337/431/356
f 339/433/355 359/355/355 358/356/355 338/432/355
f 340/434/380 360/374/380 359/355/380 339/433/380
f 340/434/385 321/416/385 341/373/379 360/374/379
f 319/413/1 320/414/1 362/7/1 361/5/1
f 320/414/1 301/396/1 363/9/1 362/7/1
f 301/396/1 302/395/1 364/11/1 363/9/1
f 302/395/1 303/397/1 365/13/1 364/11/1
f 303/397/1 304/398/1 366/15/1 365/13/1
f 304/398/1 305/399/1 367/17/1 366/15/1
f 305/399/1 306/400/1 368/19/1 367/17/1
f 306/400/1 307/401/1 369/21/1 368/19/1
f 307/401/1 308/402/1 370/23/1 369/21/1
f 308/402/1 309/403/1 371/25/1 370/23/1
f 309/403/1 310/404/1 372/27/1 371/25/1
f 310/404/1 311/405/1 373/29/1 372/27/1
f 311/405/1 312/406/1 374/31/1 373/29/1
f 312/406/1 313/407/1 375/33/1 374/31/1
f 313/407/1 314/408/1 376/35/1 375/33/1
f 314/408/1 315/409/1 377/37/1 376/35/1
f 315/409/1 316/410/1 378/39/1 377/37/1
f 316/410/1 317/411/1 379/1/1 378/39/1
f 317/411/1 318/412/1 380/2/1 379/1/1
f 318/412/1 319/413/1 361/5/1 380/2/1
f 44/435/349 45/436/349 382/377/349 381/376/349
f 45/436/349 46/437/349 383/378/349 382/377/349
f 46/437/349 47/438/22 384/379/22 383/378/349
f 47/438/22 48/439/22 385/380/22 384/379/22
f 48/439/22 49/440/22 386/381/22 385/380/22
f 49/440/22 50/441/22 387/382/22 386/381/22
f 50/441/22 51/442/386 388/383/22 387/382/22
f 51/442/386 52/443/22 389/384/22 388/383/22
f 52/443/22 53/444/22 390/385/22 389/384/22
f 53/444/22 54/445/22 391/386/22 390/385/22
f 54/445/22 55/446/22 392/387/22 391/386/22
f 55/446/22 56/447/387 393/388/22 392/387/22
f 56/447/387 57/448/22 394/389/22 393/388/22
f 57/448/22 58/449/339 395/390/22 394/389/22
f 58/449/339 59/450/350 396/391/350 395/390/22
f 59/450/350 60/451/350 397/392/350 396/391/350
f 60/451/350 41/452/350 398/393/22 397/392/350
f 41/452/350 42/453/22 399/394/22 398/393/22
f 42/453/22 43/454/349 400/375/22 399/394/22
f 43/454/349 44/435/349 381/376/349 400/375/22
f 23/455/388 43/456/388 402/207/58 401/209/58
f 43/456/389 42/43/389 403/43/257 402/207/257
f 42/43/258 22/457/258 404/208/258 403/43/258
f 22/457/390 23/455/390 401/209/260 404/208/259
f 24/458/256 44/459/256 406/203/256 405/206/256
f 44/459/391 43/456/391 407/204/253 406/203/252
f 43/456/392 23/455/76 408/205/76 407/204/254
f 23/455/393 24/458/393 405/206/255 408/205/255
f 25/460/394 45/461/394 410/199/251 409/202/251
f 45/461/395 44/459/395 411/200/248 410/199/248
f 44/459/396 24/458/85 412/201/249 411/200/85
f 24/458/397 25/460/397 409/202/250 412/201/250
f 26/462/335 46/463/335 414/271/335 413/274/335
f 46/463/398 45/461/398 415/272/332 414/271/332
f 45/461/399 25/460/399 416/273/96 415/272/96
f 25/460/400 26/462/400 413/274/334 416/273/333
f 27/464/101 47/465/101 418/267/101 417/270/101
f 47/465/401 46/463/402 419/268/328 418/267/327
f 46/463/403 26/462/403 420/269/329 419/268/329
f 26/462/404 27/464/405 417/270/331 420/269/330
f 28/466/406 48/467/406 422/263/326 421/266/326
f 48/467/407 47/465/407 423/264/323 422/263/323
f 47/465/408 27/464/409 424/265/324 423/264/324
f 27/464/410 28/466/410 421/266/325 424/265/325
f 29/468/411 49/469/411 426/260/316 425/259/316
f 49/469/412 48/467/412 427/261/318 426/260/317
f 48/467/128 28/466/128 428/262/320 427/261/319
f 28/466/413 29/468/413 425/259/322 428/262/321
f 30/470/414 50/471/414 430/255/315 429/258/315
f 50/471/415 49/469/416 431/256/312 430/255/312
f 49/469/313 29/468/313 432/257/313 431/256/313
f 29/468/417 30/470/417 429/258/314 432/257/314
f 31/472/418 51/473/418 434/251/311 433/254/311
f 51/473/419 50/471/419 435/252/308 434/251/308
f 50/471/420 30/470/148 436/253/148 435/252/309
f 30/470/421 31/472/421 433/254/310 436/253/310
f 32/474/422 52/475/422 438/247/307 437/250/307
f 52/475/423 51/473/424 439/248/304 438/247/304
f 51/473/305 31/472/425 440/249/305 439/248/305
f 31/472/426 32/474/426 437/250/306 440/249/306
f 33/476/163 53/477/163 442/243/163 441/246/163
f 53/477/427 52/475/427 443/244/300 442/243/300
f 52/475/301 32/474/301 444/245/301 443/244/301
f 32/474/428 33/476/428 441/246/303 444/245/302
f 34/478/429 54/479/429 446/239/299 445/242/299
f 54/479/430 53/477/430 447/240/296 446/239/295
f 53/477/431 33/476/431 448/241/297 447/240/174
f 33/476/432 34/478/432 445/242/298 448/241/298
f 35/480/433 55/481/433 450/235/294 449/238/179
f 55/481/434 54/479/434 451/236/291 450/235/291
f 54/479/435 34/478/436 452/237/183 451/236/183
f 34/478/437 35/480/437 449/238/293 452/237/292
f 36/482/287 56/483/287 454/232/287 453/231/287
f 56/483/438 55/481/438 455/233/288 454/232/288
f 55/481/439 35/480/289 456/234/289 455/233/289
f 35/480/440 36/482/440 453/231/290 456/234/290
f 37/484/441 57/485/441 458/227/286 457/230/286
f 57/485/442 56/483/442 459/228/283 458/227/283
f 56/483/284 36/482/284 460/229/204 459/228/284
f 36/482/443 37/484/443 457/230/285 460/229/285
f 38/486/444 58/487/444 462/223/282 461/226/282
f 58/487/445 57/485/445 463/224/279 462/223/279
f 57/485/280 37/484/280 464/225/280 463/224/280
f 37/484/446 38/486/446 461/226/281 464/225/281
f 39/488/447 59/489/447 466/219/278 465/222/278
f 59/489/448 58/487/449 467/220/275 466/219/275
f 58/487/276 38/486/276 468/221/276 467/220/276
f 38/486/450 39/488/451 465/222/277 468/221/277
f 40/490/452 60/79/453 470/79/274 469/218/273
f 60/491/454 59/489/454 471/216/270 470/215/270
f 59/489/271 39/488/271 472/217/271 471/216/271
f 39/488/455 40/78/455 469/78/272 472/217/272
f 21/80/240 41/492/240 474/213/240 473/80/240
f 41/492/456 60/79/456 475/79/266 474/213/266
f 60/79/457 40/490/458 476/214/267 475/79/267
f 40/490/459 21/80/459 473/80/269 476/214/268
f 22/457/265 42/43/265 478/43/265 477/212/265
f 42/493/460 41/44/460 479/44/261 478/210/261
f 41/44/461 21/494/461 480/211/263 479/44/262
f 21/494/462 22/457/462 477/212/264 480/211/264
f 245/284/340 246/286/341 482/99/22 481/97/22
f 246/286/341 247/288/342 483/101/22 482/99/22
f 247/288/342 248/290/343 484/103/22 483/101/22
f 248/290/343 249/292/344 485/105/22 484/103/22
f 249/292/344 250/294/345 486/107/22 485/105/22
f 250/294/345 251/296/346 487/109/22 486/107/22
f 251/296/346 252/298/347 488/111/22 487/109/22
f 252/298/347 253/300/348 489/113/22 488/111/22
f 253/300/348 254/302/349 490/115/22 489/113/22
f 254/302/349 255/304/350 491/117/22 490/115/22
f 255/304/350 256/306/351 492/119/22 491/117/22
f 256/306/351 257/308/352 493/121/22 492/119/22
f 257/308/352 258/310/353 494/83/22 493/121/22
f 258/310/353 259/312/354 495/84/22 494/83/22
f 259/312/354 260/314/344 496/87/22 495/84/22
f 260/314/344 241/278/337 497/89/22 496/87/22
f 241/278/337 242/277/336 498/91/22 497/89/22
f 242/277/336 243/280/338 499/93/22 498/91/22
f 243/280/338 244/282/339 500/95/22 499/93/22
f 244/282/339 245/284/340 481/97/22 500/95/22
f 501/349/463 502/351/464 920/495/465 921/496/466
f 502/351/464 503/353/467 919/497/468 920/495/465
f 503/353/467 504/315/469 918/498/470 919/497/468
f 504/315/469 505/316/471 917/499/472 918/498/470
f 505/316/471 506/319/473 916/500/474 917/499/472
f 506/319/473 507/321/475 915/501/476 916/500/474
f 507/321/475 508/323/477 914/502/478 915/501/476
f 508/323/477 509/325/479 913/503/480 914/502/478
f 509/325/479 510/327/481 912/504/482 913/503/480
f 510/327/481 511/329/483 911/505/484 912/504/482
f 511/329/483 512/331/485 910/506/486 911/505/484
f 512/331/485 513/333/487 909/507/488 910/506/486
f 513/333/487 514/335/489 908/508/490 909/507/488
f 514/335/489 515/337/491 907/509/492 908/508/490
f 515/337/491 516/339/493 906/510/494 907/509/492
f 516/339/493 517/341/495 905/511/496 906/510/494
f 517/341/495 518/343/497 904/512/498 905/511/496
f 518/343/497 519/345/499 903/513/500 904/512/498
f 519/345/499 520/347/501 922/514/502 903/513/500
f 520/347/501 501/349/463 921/496/466 922/514/502
f 521/41/503 522/42/504 617/515/505 618/516/506
f 522/42/504 523/45/507 616/517/508 617/515/505
f 523/45/507 524/47/509 615/518/510 616/517/508
f 524/47/509 525/49/511 614/519/512 615/518/510
f 525/49/511 526/51/513 613/520/514 614/519/512
f 526/51/513 527/53/515 612/521/516 613/520/514
f 527/53/515 528/55/517 611/522/518 612/521/516
f 528/55/517 529/57/519 610/523/520 611/522/518
f 529/57/519 530/59/521 609/524/522 610/523/520
f 530/59/521 531/30/523 608/525/524 609/524/522
f 531/30/523 532/62/525 607/526/526 608/525/524
f 532/62/525 533/64/527 606/527/528 607/526/526
f 533/64/527 534/66/529 605/528/530 606/527/528
f 534/66/529 535/68/531 604/529/532 605/528/530
f 535/68/531 536/70/533 603/530/534 604/529/532
f 536/70/533 537/72/535 622/531/536 603/530/534
f 537/72/535 538/74/537 621/532/538 622/531/536
f 538/74/537 539/76/539 620/533/540 621/532/538
f 539/76/539 540/78/541 619/534/542 620/533/540
f 540/78/541 521/80/503 618/535/506 619/534/542
f 541/452/543 542/453/544 840/536/545 841/537/546
f 542/453/544 543/454/547 839/538/548 840/536/545
f 543/454/547 544/435/549 838/539/550 839/538/548
f 544/435/549 545/436/551 837/540/552 838/539/550
f 545/436/551 546/437/553 836/541/554 837/540/552
f 546/437/553 547/438/555 835/542/556 836/541/554
f 547/438/555 548/439/557 834/543/558 835/542/556
f 548/439/557 549/440/559 833/544/560 834/543/558
f 549/440/559 550/441/561 832/545/562 833/544/560
f 550/441/561 551/442/563 831/546/564 832/545/562
f 551/442/563 552/443/565 830/547/566 831/546/564
f 552/443/565 553/444/567 829/548/568 830/547/566
f 553/444/567 554/445/569 828/549/570 829/548/568
f 554/445/569 555/446/571 827/550/572 828/549/570
f 555/446/571 556/447/573 826/551/574 827/550/572
f 556/447/573 557/448/575 825/552/575 826/551/574
f 557/448/575 558/449/576 824/553/577 825/552/575
f 558/449/576 559/450/578 823/554/579 824/553/577
f 559/450/578 560/451/580 842/555/581 823/554/579
f 560/451/580 541/452/543 841/537/546 842/555/581
f 502/351/464 501/349/463 581/556/1
f 503/353/467 502/351/464 581/556/1
f 504/315/469 503/353/467 581/556/1
f 505/316/471 504/315/469 581/556/1
f 506/319/473 505/316/471 581/556/1
f 507/321/475 506/319/473 581/556/1
f 508/323/477 507/321/475 581/556/1
f 509/325/479 508/323/477 581/556/1
f 510/327/481 509/325/479 581/556/1
f 511/329/483 510/327/481 581/556/1
f 512/331/485 511/329/483 581/556/1
f 513/333/487 512/331/485 581/556/1
f 514/335/489 513/333/487 581/556/1
f 515/337/491 514/335/489 581/556/1
f 516/339/493 515/337/491 581/556/1
f 517/341/495 516/339/493 581/556/1
f 518/343/497 517/341/495 581/556/1
f 519/345/499 518/343/497 581/556/1
f 520/347/501 519/345/499 581/556/1
f 501/349/463 520/347/501 581/556/1
f 561/86/582 562/85/583 582/557/22
f 562/85/583 563/88/584 582/557/22
f 563/88/584 564/90/585 582/557/22
f 564/90/585 565/92/586 582/557/22
f 565/92/586 566/94/587 582/557/22
f 566/94/587 567/96/588 582/557/22
f 567/96/588 568/98/589 582/557/22
f 568/98/589 569/100/590 582/557/22
f 569/100/590 570/102/591 582/557/22
f 570/102/591 571/104/592 582/557/22
f 571/104/592 572/106/593 582/557/22
f 572/106/593 573/108/594 582/557/22
f 573/108/594 574/110/595 582/557/22
f 574/110/595 575/112/596 582/557/22
f 575/112/596 576/114/597 582/557/22
f 576/114/597 577/116/598 582/557/22
f 577/116/598 578/118/599 582/557/22
f 578/118/599 579/120/600 582/557/22
f 579/120/600 580/122/601 582/557/22
f 580/122/601 561/86/582 582/557/22
f 584/558/602 583/559/603 867/560/604 868/561/605
f 585/562/606 584/558/602 868/561/605 869/563/607
f 586/564/608 585/562/606 869/563/607 870/565/609
f 587/566/610 586/564/608 870/565/609 871/567/527
f 588/568/611 587/566/610 871/567/527 872/569/612
f 589/570/613 588/568/611 872/569/612 873/571/614
f 590/572/615 589/570/613 873/571/614 874/573/616
f 591/574/617 590/572/615 874/573/616 875/575/618
f 592/576/619 591/574/617 875/575/618 876/577/620
f 593/578/621 592/576/619 876/577/620 877/579/622
f 594/580/623 593/578/621 877/579/622 878/581/624
f 595/582/625 594/580/623 878/581/624 879/583/626
f 596/584/627 595/582/625 879/583/626 880/585/628
f 597/586/629 596/584/627 880/585/628 881/587/630
f 598/588/631 597/586/629 881/587/630 882/589/504
f 599/590/632 598/588/631 882/589/504 863/591/633
f 600/592/634 599/593/632 863/594/633 864/595/635
f 601/596/636 600/592/634 864/595/635 865/597/637
f 602/598/638 601/596/636 865/597/637 866/599/639
f 583/559/603 602/598/638 866/599/639 867/560/604
f 604/529/532 603/530/534 945/600/640 946/601/641
f 605/528/530 604/529/532 946/601/641 947/602/642
f 606/527/528 605/528/530 947/602/642 948/603/643
f 607/526/526 606/527/528 948/603/643 949/604/644
f 608/525/524 607/526/526 949/604/644 950/605/645
f 609/524/522 608/525/524 950/605/645 951/606/646
f 610/523/520 609/524/522 951/606/646 952/607/647
f 611/522/518 610/523/520 952/607/647 953/608/648
f 612/521/516 611/522/518 953/608/648 954/609/649
f 613/520/514 612/521/516 954/609/649 955/610/650
f 614/519/512 613/520/514 955/610/650 956/611/651
f 615/518/510 614/519/512 956/611/651 957/612/652
f 616/517/508 615/518/510 957/612/652 958/613/653
f 617/515/505 616/517/508 958/613/653 959/614/654
f 618/516/506 617/515/505 959/614/654 960/615/655
f 619/534/542 618/535/506 960/616/655 961/617/656
f 620/533/540 619/534/542 961/617/656 962/618/657
f 621/532/538 620/533/540 962/618/657 943/619/658
f 622/531/536 621/532/538 943/619/658 944/620/659
f 603/530/534 622/531/536 944/620/659 945/600/640
f 624/621/660 623/622/661 925/623/662 926/624/663
f 625/625/490 624/621/660 926/624/663 927/626/664
f 626/627/665 625/625/490 927/626/664 928/628/666
f 627/629/486 626/627/665 928/628/666 929/630/667
f 628/631/668 627/629/486 929/630/667 930/632/669
f 629/633/670 628/631/668 930/632/669 931/634/670
f 630/635/671 629/633/670 931/634/670 932/636/671
f 631/637/672 630/635/671 932/636/671 933/638/673
f 632/639/476 631/637/672 933/638/673 934/640/674
f 633/641/675 632/639/476 934/640/674 935/642/676
f 634/643/677 633/641/675 935/642/676 936/644/678
f 635/645/679 634/643/677 936/644/678 937/646/680
f 636/647/681 635/645/679 937/646/680 938/648/682
f 637/649/683 636/647/681 938/648/682 939/650/684
f 638/651/685 637/649/683 939/650/684 940/652/686
f 639/653/687 638/651/685 940/652/686 941/654/688
f 640/655/689 639/653/687 941/654/688 942/656/689
f 641/657/690 640/655/689 942/656/689 923/658/691
f 642/659/692 641/657/690 923/658/691 924/660/693
f 623/622/661 642/659/692 924/660/693 925/623/662
f 644/661/694 643/662/695 806/663/574 807/664/696
f 645/665/697 644/661/694 807/664/696 808/666/698
f 646/667/699 645/665/697 808/666/698 809/668/700
f 647/669/701 646/667/699 809/668/700 810/670/702
f 648/671/703 647/669/701 810/670/702 811/672/704
f 649/673/705 648/671/703 811/672/704 812/674/562
f 650/675/706 649/673/705 812/674/562 813/676/707
f 651/677/708 650/675/706 813/676/707 814/678/709
f 652/679/710 651/677/708 814/678/709 815/680/711
f 653/681/712 652/679/710 815/680/711 816/682/712
f 654/683/713 653/681/712 816/682/712 817/684/552
f 655/685/714 654/683/713 817/684/552 818/686/715
f 656/687/716 655/685/714 818/686/715 819/688/717
f 657/689/718 656/687/716 819/688/717 820/690/719
f 658/691/720 657/689/718 820/690/719 821/692/721
f 659/693/722 658/691/720 821/692/721 822/694/723
f 660/695/579 659/693/722 822/694/723 803/696/724
f 661/697/577 660/695/579 803/696/724 804/698/577
f 662/699/725 661/697/577 804/698/577 805/700/575
f 643/662/695 662/699/725 805/700/575 806/663/574
f 684/701/726 683/702/727 745/703/728 746/704/726
f 687/705/729 684/701/726 746/704/726 747/706/730
f 689/707/731 687/705/729 747/706/730 748/708/732
f 691/709/733 689/707/731 748/708/732 749/710/734
f 693/711/735 691/709/733 749/710/734 750/712/736
f 695/713/737 693/711/735 750/712/736 751/714/738
f 697/715/739 695/713/737 751/714/738 752/716/740
f 699/717/741 697/715/739 752/716/740 753/718/742
f 701/719/743 699/717/741 753/718/742 754/720/744
f 703/721/745 701/719/743 754/720/744 755/722/745
f 705/723/746 703/721/745 755/722/745 756/724/747
f 707/725/748 705/723/746 756/724/747 757/726/749
f 709/727/750 707/725/748 757/726/749 758/728/751
f 711/729/752 709/727/750 758/728/751 759/730/753
f 713/731/754 711/729/752 759/730/753 760/732/755
f 715/733/756 713/731/754 760/732/755 761/734/757
f 717/735/758 715/736/756 761/737/757 762/738/759
f 719/739/760 717/735/758 762/738/759 743/740/761
f 721/741/762 719/739/760 743/740/761 744/742/763
f 683/702/727 721/741/762 744/742/763 745/703/728
f 664/701/764 663/702/765 683/702/765 684/701/766
f 583/559/767 584/558/768 860/558/768 861/559/767
f 665/705/769 664/701/764 684/701/766 687/705/769
f 584/558/768 585/562/770 859/562/771 860/558/768
f 666/707/772 665/705/769 687/705/769 689/707/772
f 585/562/770 586/564/773 858/564/774 859/562/771
f 667/709/775 666/707/772 689/707/772 691/709/775
f 586/564/773 587/566/776 857/566/777 858/564/774
f 668/711/778 667/709/775 691/709/775 693/711/778
f 587/566/776 588/568/779 856/568/780 857/566/777
f 669/713/781 668/711/778 693/711/778 695/713/781
f 588/568/779 589/570/782 855/570/783 856/568/780
f 670/715/784 669/713/781 695/713/781 697/715/784
f 589/570/782 590/572/785 854/572/786 855/570/783
f 671/717/787 670/715/784 697/715/784 699/717/787
f 590/572/785 591/574/788 853/574/789 854/572/786
f 672/719/790 671/717/787 699/717/787 701/719/790
f 591/574/788 592/576/791 852/576/791 853/574/789
f 673/721/792 672/719/790 701/719/790 703/721/792
f 592/576/791 593/578/793 851/578/794 852/576/791
f 674/723/795 673/721/792 703/721/792 705/723/795
f 593/578/793 594/580/796 850/580/796 851/578/794
f 675/725/797 674/723/795 705/723/795 707/725/797
f 594/580/796 595/582/798 849/582/799 850/580/796
f 676/727/800 675/725/797 707/725/797 709/727/800
f 595/582/798 596/584/801 848/584/801 849/582/799
f 677/729/802 676/727/800 709/727/800 711/729/802
f 596/584/801 597/586/803 847/586/803 848/584/801
f 678/731/804 677/729/802 711/729/802 713/731/804
f 597/586/803 598/588/805 846/588/805 847/586/803
f 679/733/806 678/731/804 713/731/804 715/733/806
f 598/588/805 599/590/807 845/590/808 846/588/805
f 680/735/809 679/736/806 715/736/806 717/735/809
f 599/593/807 600/592/810 844/592/810 845/593/808
f 681/739/811 680/735/809 717/735/809 719/739/811
f 600/592/810 601/596/812 843/596/813 844/592/810
f 682/741/814 681/739/811 719/739/811 721/741/814
f 601/596/812 602/598/815 862/598/816 843/596/813
f 663/702/765 682/741/814 721/741/814 683/702/765
f 602/598/815 583/559/767 861/559/767 862/598/816
f 724/743/817 723/744/818 783/745/761 784/746/819
f 725/747/820 724/743/817 784/746/819 785/748/728
f 726/749/821 725/747/820 785/748/728 786/750/726
f 727/751/822 726/749/821 786/750/726 787/752/730
f 728/753/823 727/751/822 787/752/730 788/754/824
f 729/755/825 728/753/823 788/754/824 789/756/733
f 730/757/826 729/755/825 789/756/733 790/758/827
f 731/759/738 730/757/826 790/758/827 791/760/828
f 732/761/829 731/759/738 791/760/828 792/762/830
f 733/763/742 732/761/829 792/762/830 793/764/831
f 734/765/832 733/763/742 793/764/831 794/766/833
f 735/767/834 734/765/832 794/766/833 795/768/835
f 736/769/746 735/767/834 795/768/835 796/770/836
f 737/771/837 736/769/746 796/770/836 797/772/838
f 738/773/839 737/771/837 797/772/838 798/774/840
f 739/775/841 738/773/839 798/774/840 799/776/842
f 740/777/843 739/775/841 799/776/842 800/778/844
f 741/779/845 740/777/843 800/778/844 801/780/846
f 742/781/759 741/782/845 801/783/846 802/784/847
f 723/744/818 742/781/759 802/784/847 783/745/761
f 744/742/763 743/740/761 763/785/848 764/786/849
f 745/703/728 744/742/763 764/786/849 765/787/850
f 746/704/726 745/703/728 765/787/850 766/788/726
f 747/706/730 746/704/726 766/788/726 767/789/729
f 748/708/732 747/706/730 767/789/729 768/790/823
f 749/710/734 748/708/732 768/790/823 769/791/825
f 750/712/736 749/710/734 769/791/825 770/792/851
f 751/714/738 750/712/736 770/792/851 771/793/738
f 752/716/740 751/714/738 771/793/738 772/794/852
f 753/718/742 752/716/740 772/794/852 773/795/742
f 754/720/744 753/718/742 773/795/742 774/796/833
f 755/722/745 754/720/744 774/796/833 775/797/745
f 756/724/747 755/722/745 775/797/745 776/798/747
f 757/726/749 756/724/747 776/798/747 777/799/749
f 758/728/751 757/726/749 777/799/749 778/800/853
f 759/730/753 758/728/751 778/800/853 779/801/854
f 760/732/755 759/730/753 779/801/854 780/802/855
f 761/734/757 760/732/755 780/802/855 781/803/856
f 762/738/759 761/737/757 781/804/856 782/805/857
f 743/740/761 762/738/759 782/805/857 763/785/848
f 764/786/849 763/785/848 723/744/818 724/743/817
f 765/787/850 764/786/849 724/743/817 725/747/820
f 766/788/726 765/787/850 725/747/820 726/749/821
f 767/789/729 766/788/726 726/749/821 727/751/822
f 768/790/823 767/789/729 727/751/822 728/753/823
f 769/791/825 768/790/823 728/753/823 729/755/825
f 770/792/851 769/791/825 729/755/825 730/757/826
f 771/793/738 770/792/851 730/757/826 731/759/738
f 772/794/852 771/793/738 731/759/738 732/761/829
f 773/795/742 772/794/852 732/761/829 733/763/742
f 774/796/833 773/795/742 733/763/742 734/765/832
f 775/797/745 774/796/833 734/765/832 735/767/834
f 776/798/747 775/797/745 735/767/834 736/769/746
f 777/799/749 776/798/747 736/769/746 737/771/837
f 778/800/853 777/799/749 737/771/837 738/773/839
f 779/801/854 778/800/853 738/773/839 739/775/841
f 780/802/855 779/801/854 739/775/841 740/777/843
f 781/803/856 780/802/855 740/777/843 741/779/845
f 782/805/857 781/804/856 741/782/845 742/781/759
f 763/785/848 782/805/857 742/781/759 723/744/818
f 784/746/819 783/745/761 720/596/858 722/598/859
f 785/748/728 784/746/819 722/598/859 685/559/860
f 786/750/726 785/748/728 685/559/860 686/558/861
f 787/752/730 786/750/726 686/558/861 688/562/862
f 788/754/824 787/752/730 688/562/862 690/564/863
f 789/756/733 788/754/824 690/564/863 692/566/864
f 790/758/827 789/756/733 692/566/864 694/568/735
f 791/760/828 790/758/827 694/568/735 696/570/865
f 792/762/830 791/760/828 696/570/865 698/572/739
f 793/764/831 792/762/830 698/572/739 700/574/866
f 794/766/833 793/764/831 700/574/866 702/576/867
f 795/768/835 794/766/833 702/576/867 704/578/868
f 796/770/836 795/768/835 704/578/868 706/580/869
f 797/772/838 796/770/836 706/580/869 708/582/870
f 798/774/840 797/772/838 708/582/870 710/584/871
f 799/776/842 798/774/840 710/584/871 712/586/841
f 800/778/844 799/776/842 712/586/841 714/588/872
f 801/780/846 800/778/844 714/588/872 716/590/873
f 802/784/847 801/783/846 716/593/873 718/592/874
f 783/745/761 802/784/847 718/592/874 720/596/858
f 804/698/577 803/696/724 579/120/600 578/118/599
f 805/700/575 804/698/577 578/118/599 577/116/598
f 806/663/574 805/700/575 577/116/598 576/114/597
f 807/664/696 806/663/574 576/114/597 575/112/596
f 808/666/698 807/664/696 575/112/596 574/110/595
f 809/668/700 808/666/698 574/110/595 573/108/594
f 810/670/702 809/668/700 573/108/594 572/106/593
f 811/672/704 810/670/702 572/106/593 571/104/592
f 812/674/562 811/672/704 571/104/592 570/102/591
f 813/676/707 812/674/562 570/102/591 569/100/590
f 814/678/709 813/676/707 569/100/590 568/98/589
f 815/680/711 814/678/709 568/98/589 567/96/588
f 816/682/712 815/680/711 567/96/588 566/94/587
f 817/684/552 816/682/712 566/94/587 565/92/586
f 818/686/715 817/684/552 565/92/586 564/90/585
f 819/688/717 818/686/715 564/90/585 563/88/584
f 820/690/719 819/688/717 563/88/584 562/85/583
f 821/692/721 820/690/719 562/85/583 561/86/582
f 822/694/723 821/692/721 561/86/582 580/122/601
f 803/696/724 822/694/723 580/122/601 579/120/600
f 824/553/577 823/554/579 660/695/579 661/697/577
f 825/552/575 824/553/577 661/697/577 662/699/725
f 826/551/574 825/552/575 662/699/725 643/662/695
f 827/550/572 826/551/574 643/662/695 644/661/694
f 828/549/570 827/550/572 644/661/694 645/665/697
f 829/548/568 828/549/570 645/665/697 646/667/699
f 830/547/566 829/548/568 646/667/699 647/669/701
f 831/546/564 830/547/566 647/669/701 648/671/703
f 832/545/562 831/546/564 648/671/703 649/673/705
f 833/544/560 832/545/562 649/673/705 650/675/706
f 834/543/558 833/544/560 650/675/706 651/677/708
f 835/542/556 834/543/558 651/677/708 652/679/710
f 836/541/554 835/542/556 652/679/710 653/681/712
f 837/540/552 836/541/554 653/681/712 654/683/713
f 838/539/550 837/540/552 654/683/713 655/685/714
f 839/538/548 838/539/550 655/685/714 656/687/716
f 840/536/545 839/538/548 656/687/716 657/689/718
f 841/537/546 840/536/545 657/689/718 658/691/720
f 842/555/581 841/537/546 658/691/720 659/693/722
f 823/554/579 842/555/581 659/693/722 660/695/579
f 844/592/810 843/596/813 720/596/875 718/592/810
f 845/593/808 844/592/810 718/592/810 716/593/808
f 846/588/805 845/590/808 716/590/808 714/588/805
f 847/586/803 846/588/805 714/588/805 712/586/803
f 848/584/801 847/586/803 712/586/803 710/584/876
f 849/582/799 848/584/801 710/584/876 708/582/877
f 850/580/796 849/582/799 708/582/877 706/580/796
f 851/578/794 850/580/796 706/580/796 704/578/878
f 852/576/791 851/578/794 704/578/878 702/576/791
f 853/574/789 852/576/791 702/576/791 700/574/789
f 854/572/786 853/574/789 700/574/789 698/572/786
f 855/570/783 854/572/786 698/572/786 696/570/879
f 856/568/780 855/570/783 696/570/879 694/568/880
f 857/566/777 856/568/780 694/568/880 692/566/881
f 858/564/774 857/566/777 692/566/881 690/564/882
f 859/562/771 858/564/774 690/564/882 688/562/883
f 860/558/768 859/562/771 688/562/883 686/558/768
f 861/559/767 860/558/768 686/558/768 685/559/767
f 862/598/816 861/559/767 685/559/767 722/598/884
f 843/596/813 862/598/816 722/598/884 720/596/875
f 864/595/635 863/594/633 883/806/885 884/807/886
f 865/597/637 864/595/635 884/807/886 885/808/887
f 866/599/639 865/597/637 885/808/887 886/809/888
f 867/560/604 866/599/639 886/809/888 887/810/603
f 868/561/605 867/560/604 887/810/603 888/811/889
f 869/563/607 868/561/605 888/811/889 889/812/890
f 870/565/609 869/563/607 889/812/890 890/813/891
f 871/567/527 870/565/609 890/813/891 891/814/892
f 872/569/612 871/567/527 891/814/892 892/815/893
f 873/571/614 872/569/612 892/815/893 893/816/894
f 874/573/616 873/571/614 893/816/894 894/817/895
f 875/575/618 874/573/616 894/817/895 895/818/896
f 876/577/620 875/575/618 895/818/896 896/819/897
f 877/579/622 876/577/620 896/819/897 897/820/898
f 878/581/624 877/579/622 897/820/898 898/821/899
f 879/583/626 878/581/624 898/821/899 899/822/900
f 880/585/628 879/583/626 899/822/900 900/823/901
f 881/587/630 880/585/628 900/823/901 901/824/902
f 882/589/504 881/587/630 901/824/902 902/825/903
f 863/591/633 882/589/504 902/825/903 883/826/885
f 884/807/886 883/806/885 541/81/904 560/79/905
f 885/808/887 884/807/886 560/79/905 559/77/906
f 886/809/888 885/808/887 559/77/906 558/75/907
f 887/810/603 886/809/888 558/75/907 557/73/908
f 888/811/889 887/810/603 557/73/908 556/71/909
f 889/812/890 888/811/889 556/71/909 555/69/890
f 890/813/891 889/812/890 555/69/890 554/67/910
f 891/814/892 890/813/891 554/67/910 553/65/911
f 892/815/893 891/814/892 553/65/911 552/63/912
f 893/816/894 892/815/893 552/63/912 551/61/913
f 894/817/895 893/816/894 551/61/913 550/60/914
f 895/818/896 894/817/895 550/60/914 549/58/915
f 896/819/897 895/818/896 549/58/915 548/56/619
f 897/820/898 896/819/897 548/56/619 547/54/916
f 898/821/899 897/820/898 547/54/916 546/52/917
f 899/822/900 898/821/899 546/52/917 545/50/511
f 900/823/901 899/822/900 545/50/511 544/48/918
f 901/824/902 900/823/901 544/48/918 543/46/919
f 902/825/903 901/824/902 543/46/919 542/43/920
f 883/826/885 902/825/903 542/43/920 541/44/904
f 904/512/498 903/513/500 640/655/689 641/657/690
f 905/511/496 904/512/498 641/657/690 642/659/692
f 906/510/494 905/511/496 642/659/692 623/622/661
f 907/509/492 906/510/494 623/622/661 624/621/660
f 908/508/490 907/509/492 624/621/660 625/625/490
f 909/507/488 908/508/490 625/625/490 626/627/665
f 910/506/486 909/507/488 626/627/665 627/629/486
f 911/505/484 910/506/486 627/629/486 628/631/668
f 912/504/482 911/505/484 628/631/668 629/633/670
f 913/503/480 912/504/482 629/633/670 630/635/671
f 914/502/478 913/503/480 630/635/671 631/637/672
f 915/501/476 914/502/478 631/637/672 632/639/476
f 916/500/474 915/501/476 632/639/476 633/641/675
f 917/499/472 916/500/474 633/641/675 634/643/677
f 918/498/470 917/499/472 634/643/677 635/645/679
f 919/497/468 918/498/470 635/645/679 636/647/681
f 920/495/465 919/497/468 636/647/681 637/649/683
f 921/496/466 920/495/465 637/649/683 638/651/685
f 922/514/502 921/496/466 638/651/685 639/653/687
f 903/513/500 922/514/502 639/653/687 640/655/689
f 924/660/693 923/658/691 538/36/921 537/34/922
f 925/623/662 924/660/693 537/34/922 536/32/494
f 926/624/663 925/623/662 536/32/494 535/30/923
f 927/626/664 926/624/663 535/30/923 534/28/924
f 928/628/666 927/626/664 534/28/924 533/26/665
f 929/630/667 928/628/666 533/26/665 532/24/925
f 930/632/669 929/630/667 532/24/925 531/22/926
f 931/634/670 930/632/669 531/22/926 530/20/927
f 932/636/671 931/634/670 530/20/927 529/18/928
f 933/638/673 932/636/671 529/18/928 528/16/929
f 934/640/674 933/638/673 528/16/929 527/14/930
f 935/642/676 934/640/674 527/14/930 526/12/931
f 936/644/678 935/642/676 526/12/931 525/10/932
f 937/646/680 936/644/678 525/10/932 524/8/933
f 938/648/682 937/646/680 524/8/933 523/6/934
f 939/650/684 938/648/682 523/6/934 522/3/935
f 940/652/686 939/650/684 522/3/935 521/4/936
f 941/654/688 940/652/686 521/4/936 540/40/937
f 942/656/689 941/654/688 540/40/937 539/38/938
f 923/658/691 942/656/689 539/38/938 538/36/921
f 944/620/659 943/619/658 963/827/939 964/828/940
f 945/600/640 944/620/659 964/828/940 965/829/640
f 946/601/641 945/600/640 965/829/640 966/830/641
f 947/602/642 946/601/641 966/830/641 967/831/642
f 948/603/643 947/602/642 967/831/642 968/832/643
f 949/604/644 948/603/643 968/832/643 969/833/644
f 950/605/645 949/604/644 969/833/644 970/834/645
f 951/606/646 950/605/645 970/834/645 971/835/646
f 952/607/647 951/606/646 971/835/646 972/836/941
f 953/608/648 952/607/647 972/836/941 973/837/942
f 954/609/649 953/608/648 973/837/942 974/838/649
f 955/610/650 954/609/649 974/838/649 975/839/650
f 956/611/651 955/610/650 975/839/650 976/840/943
f 957/612/652 956/611/651 976/840/943 977/841/652
f 958/613/653 957/612/652 977/841/652 978/842/944
f 959/614/654 958/613/653 978/842/944 979/843/945
f 960/615/655 959/614/654 979/843/945 980/844/655
f 961/617/656 960/616/655 980/845/655 981/846/656
f 962/618/657 961/617/656 981/846/656 982/847/946
f 943/619/658 962/618/657 982/847/946 963/827/939
f 964/828/940 963/827/939 682/741/947 663/702/948
f 965/829/640 964/828/940 663/702/948 664/701/949
f 966/830/641 965/829/640 664/701/949 665/705/950
f 967/831/642 966/830/641 665/705/950 666/707/642
f 968/832/643 967/831/642 666/707/642 667/709/951
f 969/833/644 968/832/643 667/709/951 668/711/644
f 970/834/645 969/833/644 668/711/644 669/713/645
f 971/835/646 970/834/645 669/713/645 670/715/952
f 972/836/941 971/835/646 670/715/952 671/717/941
f 973/837/942 972/836/941 671/717/941 672/719/953
f 974/838/649 973/837/942 672/719/953 673/721/954
f 975/839/650 974/838/649 673/721/954 674/723/650
f 976/840/943 975/839/650 674/723/650 675/725/955
f 977/841/652 976/840/943 675/725/955 676/727/956
f 978/842/944 977/841/652 676/727/956 677/729/653
f 979/843/945 978/842/944 677/729/653 678/731/654
f 980/844/655 979/843/945 678/731/654 679/733/957
f 981/846/656 980/845/655 679/736/957 680/735/656
f 982/847/946 981/846/656 680/735/656 681/739/958
f 963/827/939 982/847/946 681/739/958 682/741/947
f 983/349/959 984/351/960 1646/848/961 1647/849/962
f 984/351/960 985/353/963 1645/850/964 1646/848/961
f 985/353/963 1304/851/961 1644/852/1 1645/850/964
f 986/315/964 1378/853/965 1642/854/966 1643/855/967
f 987/316/968 1396/856/1 1640/857/1 1641/858/969
f 988/319/960 1322/859/970 1638/860/970 1639/861/971
f 989/321/972 990/323/966 1636/862/973 1637/863/965
f 990/323/966 1600/864/960 1635/865/1 1636/862/973
f 991/325/974 992/327/975 1633/866/976 1634/867/977
f 992/327/975 993/329/978 1632/868/979 1633/866/976
f 993/329/978 994/331/980 1631/869/981 1632/868/979
f 994/331/980 995/333/982 1630/870/983 1631/869/981
f 995/333/982 996/335/984 1629/871/985 1630/870/983
f 996/335/984 997/337/986 1628/872/987 1629/871/985
f 997/337/986 998/339/988 1627/873/989 1628/872/987
f 998/339/988 999/341/990 1626/874/991 1627/873/989
f 999/341/990 1000/343/992 1650/875/993 1626/874/991
f 1000/343/992 1001/345/994 1649/876/995 1650/875/993
f 1001/345/994 1002/347/996 1648/877/997 1649/876/995
f 1002/347/996 983/349/959 1647/849/962 1648/877/997
f 1099/41/998 1100/42/999 1662/878/1000 1663/879/1001
f 1100/42/999 1103/45/1002 1661/880/1003 1662/878/1000
f 1103/45/1002 1312/881/1004 1660/882/1005 1661/880/1003
f 1089/47/1006 1386/883/1007 1656/884/1008 1657/885/1008
f 1091/49/1009 1404/886/1010 1654/887/1011 1655/888/1012
f 1139/51/1013 1330/889/1014 1695/890/1013 1651/891/1015
f 1140/53/1016 1143/55/1017 1693/892/1018 1694/893/1019
f 1143/55/1017 1611/894/1020 1692/895/1021 1693/892/1018
f 1095/57/1022 1096/59/1022 1688/896/1023 1689/897/1024
f 1012/59/1025 1013/30/1026 1681/898/1027 1682/896/1028
f 1013/30/1026 1014/62/1029 1680/899/1030 1681/898/1027
f 1014/62/1029 1015/64/1031 1679/900/1032 1680/899/1030
f 1015/64/1031 1016/66/1033 1678/901/1034 1679/900/1032
f 1016/66/1033 1017/68/1035 1677/902/1036 1678/901/1034
f 1017/68/1035 1018/70/1037 1676/903/1038 1677/902/1036
f 1018/70/1037 1019/72/1039 1675/904/1040 1676/903/1038
f 1019/72/1039 1020/74/1041 1674/905/1042 1675/904/1040
f 1020/74/1041 1021/76/1043 1673/906/1043 1674/905/1042
f 1021/76/1043 1022/78/1044 1672/907/1045 1673/906/1043
f 1107/78/1046 1099/80/998 1663/908/1001 1664/907/1047
f 1023/452/1048 1024/453/1049 1472/909/339 1473/910/1050
f 1024/453/1049 1025/454/1051 1471/911/386 1472/909/339
f 1025/454/1051 1320/912/1052 1470/913/1053 1471/911/386
f 1026/435/349 1394/914/344 1468/915/387 1469/916/1054
f 1027/436/350 1412/917/339 1466/918/339 1467/919/22
f 1028/437/349 1338/920/1050 1464/921/339 1465/922/22
f 1029/438/1055 1030/439/349 1462/923/349 1463/924/22
f 1030/439/349 1623/925/22 1624/926/22 1462/923/349
f 1031/440/22 1032/441/1056 1460/927/22 1461/928/22
f 1032/441/1056 1033/442/339 1459/929/349 1460/927/22
f 1033/442/339 1034/443/339 1458/930/339 1459/929/349
f 1034/443/339 1035/444/22 1457/931/22 1458/930/339
f 1035/444/22 1036/445/1057 1456/932/386 1457/931/22
f 1036/445/1057 1037/446/1057 1455/933/386 1456/932/386
f 1037/446/1057 1038/447/1055 1454/934/22 1455/933/386
f 1038/447/1055 1039/448/387 1453/935/22 1454/934/22
f 1039/448/387 1040/449/1058 1452/936/344 1453/935/22
f 1040/449/1058 1041/450/387 1451/937/387 1452/936/344
f 1041/450/387 1042/451/336 1474/938/387 1451/937/387
f 1042/451/336 1023/452/1048 1473/910/1050 1474/938/387
f 984/351/960 983/349/959 1063/556/1
f 985/353/963 984/351/960 1063/556/1
f 986/315/964 1304/851/961 985/353/963 1063/556/1
f 987/316/968 1378/853/965 986/315/964 1063/556/1
f 988/319/960 1396/856/1 987/316/968 1063/556/1
f 989/321/972 1322/859/970 988/319/960 1063/556/1
f 990/323/966 989/321/972 1063/556/1
f 991/325/974 1600/864/960 990/323/966 1063/556/1
f 992/327/975 991/325/974 1063/556/1
f 993/329/978 992/327/975 1063/556/1
f 994/331/980 993/329/978 1063/556/1
f 995/333/982 994/331/980 1063/556/1
f 996/335/984 995/333/982 1063/556/1
f 997/337/986 996/335/984 1063/556/1
f 998/339/988 997/337/986 1063/556/1
f 999/341/990 998/339/988 1063/556/1
f 1000/343/992 999/341/990 1063/556/1
f 1001/345/994 1000/343/992 1063/556/1
f 1002/347/996 1001/345/994 1063/556/1
f 983/349/959 1002/347/996 1063/556/1
f 1043/86/22 1044/85/22 1064/557/22
f 1044/85/22 1045/88/22 1064/557/22
f 1045/88/22 1321/939/347 1046/90/347 1064/557/22
f 1046/90/347 1395/940/22 1047/92/22 1064/557/22
f 1047/92/22 1413/941/339 1048/94/22 1064/557/22
f 1048/94/22 1339/942/387 1049/96/22 1064/557/22
f 1049/96/22 1050/98/22 1064/557/22
f 1050/98/22 1625/943/350 1051/100/352 1064/557/22
f 1051/100/352 1052/102/22 1064/557/22
f 1052/102/22 1053/104/22 1064/557/22
f 1053/104/22 1054/106/22 1064/557/22
f 1054/106/22 1055/108/22 1064/557/22
f 1055/108/22 1056/110/22 1064/557/22
f 1056/110/22 1057/112/22 1064/557/22
f 1057/112/22 1058/114/22 1064/557/22
f 1058/114/22 1059/116/22 1064/557/22
f 1059/116/22 1060/118/22 1064/557/22
f 1060/118/22 1061/120/22 1064/557/22
f 1061/120/22 1062/122/22 1064/557/22
f 1062/122/22 1043/86/22 1064/557/22
f 1109/41/1059 1110/42/1059 1511/42/1060 1512/41/1061
f 1114/43/1062 1113/44/339 1476/44/1063 1477/43/22
f 1110/42/1 1117/45/1 1510/45/1 1511/42/1
f 1119/46/22 1114/43/1062 1477/43/22 1478/46/22
f 1117/45/1 1308/881/966 1509/881/965 1510/45/1
f 1319/944/387 1119/46/22 1478/46/22 1479/944/344
f 1006/47/1064 1381/883/963 1506/883/963 1507/47/1065
f 1394/945/344 1026/48/349 1481/48/344 1482/945/350
f 1007/49/970 1399/886/973 1504/886/1066 1505/49/970
f 1412/946/339 1027/50/350 1483/50/350 1484/946/339
f 1146/51/1 1326/889/1067 1501/889/963 1502/51/1068
f 1337/947/1057 1150/52/1069 1486/52/1070 1487/947/1051
f 1147/53/1 1154/55/973 1499/55/1 1500/53/1
f 1156/56/1071 1151/54/22 1488/54/22 1489/56/22
f 1154/55/973 1605/894/1 1606/894/1 1499/55/1
f 1621/948/349 1156/56/1071 1489/56/22 1620/948/22
f 1011/57/1072 1012/59/1073 1496/59/1074 1497/57/1075
f 1012/59/1073 1682/896/1076 1683/896/1077 1496/59/1074
f 1032/60/1056 1031/58/22 1491/58/22 1492/60/22
f 1125/78/1078 1109/80/1078 1512/80/1079 1513/78/1080
f 1113/81/339 1127/79/22 1475/79/22 1476/81/1063
f 1672/907/1081 1022/78/1082 1514/78/1083 1671/907/1084
f 1112/41/1085 1111/42/1085 1129/42/1085 1130/41/1085
f 1116/43/22 1115/44/22 1131/44/1086 1132/43/1087
f 1111/42/1 1118/45/1 1133/45/1088 1129/42/1089
f 1120/46/22 1116/43/22 1132/43/1087 1134/46/1090
f 1118/45/1 1310/881/1091 1311/881/1 1133/45/1088
f 1317/944/336 1120/46/22 1134/46/1090 1316/944/22
f 1065/47/973 1383/883/1 1384/883/966 1077/47/966
f 1392/945/22 1066/48/387 1078/48/349 1391/945/22
f 1067/49/1 1401/886/966 1402/886/966 1079/49/1
f 1410/946/22 1068/50/22 1080/50/22 1409/946/387
f 1149/51/1092 1328/889/1 1329/889/1093 1163/51/1
f 1335/947/22 1152/52/1054 1164/52/1094 1334/947/22
f 1148/53/1 1155/55/1 1166/55/1095 1162/53/1088
f 1157/56/22 1153/54/22 1165/54/1096 1167/56/1097
f 1155/55/1 1608/894/1 1609/894/1 1166/55/1095
f 1618/948/22 1157/56/22 1167/56/1097 1617/948/22
f 1071/57/965 1073/59/965 1085/59/966 1083/57/1098
f 1073/59/1099 1685/896/1100 1686/896/1100 1085/59/1101
f 1074/60/349 1072/58/349 1084/58/22 1086/60/22
f 1126/78/1102 1112/80/1102 1130/80/1102 1137/78/1102
f 1115/81/22 1128/79/22 1138/79/22 1131/81/1086
f 1669/907/1103 1075/78/1104 1087/78/1105 1668/907/1103
f 1130/41/1106 1129/42/1089 1376/42/1107 1377/41/1108
f 1132/43/1087 1131/44/1086 1346/44/1109 1347/43/1109
f 1129/42/1089 1133/45/1088 1375/45/1107 1376/42/1107
f 1134/46/1090 1132/43/1087 1347/43/1109 1348/46/1109
f 1133/45/1110 1311/881/1111 1374/881/1112 1375/45/1113
f 1316/944/1114 1134/46/1115 1348/46/1116 1349/944/1117
f 1077/47/966 1384/883/966 1385/883/966 1372/47/1118
f 1391/945/22 1078/48/349 1351/48/1054 1390/945/1055
f 1079/49/1 1402/886/966 1403/886/1119 1371/49/969
f 1409/946/387 1080/50/22 1352/50/1120 1408/946/339
f 1163/51/1121 1329/889/1122 1368/889/1123 1369/51/1124
f 1334/947/1125 1164/52/1126 1354/52/1127 1355/947/1128
f 1162/53/1088 1166/55/1095 1366/55/1106 1367/53/1106
f 1167/56/1097 1165/54/1096 1356/54/1129 1357/56/1129
f 1166/55/1130 1609/894/1131 1610/894/1132 1366/55/1133
f 1617/948/1134 1167/56/1135 1357/56/1136 1616/948/1137
f 1083/57/1098 1085/59/966 1363/59/969 1364/57/969
f 1085/59/1138 1686/896/1139 1687/896/1140 1363/59/1141
f 1086/60/22 1084/58/22 1359/58/22 1360/60/22
f 1137/78/1142 1130/80/1142 1377/80/1143 1340/78/1144
f 1131/81/1145 1138/79/1145 1345/79/1146 1346/81/1147
f 1668/907/1148 1087/78/1105 1341/78/1149 1667/907/1150
f 1089/47/1151 1657/885/1152 1658/885/1153 1534/47/1154
f 1666/891/1155 1097/51/1156 1551/51/1157 1665/891/1158
f 1003/57/1159 1004/58/1160 1543/58/1161 1544/57/1162
f 1024/79/1163 1023/78/1027 1520/78/1164 1521/79/1165
f 1004/41/1160 1005/42/1166 1542/42/1167 1543/41/1161
f 1025/43/1166 1024/44/1163 1521/44/1165 1522/43/1168
f 1005/42/1166 1307/949/1169 1541/949/1170 1542/42/1167
f 1006/46/1171 1507/950/1172 1539/950/1173 1540/46/1174
f 1320/951/1175 1025/47/1166 1522/47/1168 1523/951/1176
f 1481/47/1177 1026/47/1153 1524/47/1178 1525/47/1174
f 1022/48/1179 1003/46/1179 1544/46/1180 1545/48/1181
f 1514/48/1182 1022/48/1183 1545/48/1184 1546/48/1185
f 1023/51/1027 1042/53/1186 1519/53/1187 1520/51/1164
f 1042/51/1188 1518/51/1155 1560/51/1189 1519/51/1190
f 1065/54/1191 1077/52/1192 1536/52/1193 1537/54/1194
f 1078/52/1195 1066/52/1196 1527/52/1197 1528/52/1198
f 1087/53/1105 1075/55/1104 1548/55/1199 1549/53/1200
f 1076/56/1201 1088/54/1202 1557/54/1203 1558/56/1204
f 1077/55/1192 1372/952/1205 1535/952/1206 1536/55/1193
f 1351/57/1207 1078/57/1195 1528/57/1198 1529/57/1208
f 1341/953/1149 1087/56/1105 1549/56/1200 1550/953/1209
f 1088/58/1202 1344/58/1210 1556/58/1211 1557/58/1203
f 1653/954/1155 1093/80/1212 1586/80/1213 1652/954/1188
f 1095/78/1214 1689/78/1214 1690/78/1215 1570/78/1216
f 1008/81/1217 1325/955/1218 1579/955/1218 1580/81/1219
f 1503/79/1220 1008/79/1221 1580/79/1222 1581/79/1223
f 1338/47/1224 1028/47/1224 1596/47/1225 1597/47/1226
f 1028/48/1221 1485/48/1227 1595/48/1228 1596/48/1229
f 1009/51/1230 1010/51/1231 1577/51/1041 1578/51/1230
f 1030/52/1231 1029/52/1230 1598/52/1230 1599/52/1232
f 1010/57/1231 1603/57/1233 1604/57/1233 1577/57/1041
f 1011/58/1072 1497/58/1075 1575/58/1234 1576/58/1076
f 1623/78/1235 1030/78/1231 1599/78/1232 1622/78/1233
f 1491/79/1215 1031/79/1215 1561/79/1173 1562/79/1236
f 1081/47/1237 1069/47/1238 1583/47/1239 1584/47/1240
f 1070/48/1241 1082/48/1242 1592/48/1243 1593/48/1244
f 1071/51/1245 1083/51/1246 1572/51/1247 1573/51/1248
f 1084/52/1249 1072/52/1250 1564/52/1248 1565/52/1251
f 1370/57/1252 1081/57/1237 1584/57/1240 1585/57/1253
f 1082/58/1242 1353/58/1254 1591/58/1255 1592/58/1243
f 1083/78/1246 1364/78/1256 1571/78/1257 1572/78/1247
f 1359/79/1258 1084/79/1249 1565/79/1251 1566/79/1259
f 1171/956/1231 1170/957/1260 1200/958/1261 1201/959/1262
f 1172/960/1263 1171/956/1231 1201/959/1262 1202/961/1264
f 1173/962/1265 1172/960/1263 1202/961/1264 1203/963/1266
f 1174/964/1267 1173/962/1265 1203/963/1266 1204/965/1036
f 1175/966/1034 1174/964/1267 1204/965/1036 1205/967/1033
f 1176/968/1268 1175/966/1034 1205/967/1033 1206/969/1032
f 1177/970/1029 1176/968/1268 1206/969/1032 1207/971/1029
f 1178/972/1269 1177/970/1029 1207/971/1029 1208/973/1027
f 1179/974/1028 1178/972/1269 1208/973/1027 1209/975/1186
f 1495/974/1236 1179/974/1270 1209/975/1236 1494/975/1076
f 1181/974/1099 1180/974/1099 1210/975/1101 1211/975/1101
f 1362/974/1271 1181/974/1272 1211/975/1139 1361/975/1139
f 1183/976/1273 1182/974/1273 1212/975/1009 1213/977/1009
f 1569/78/1214 1183/78/1214 1213/78/1274 1568/78/1274
f 1185/978/1275 1612/979/1276 1613/980/1277 1215/981/1278
f 1186/982/1279 1185/978/1275 1215/981/1278 1216/983/1280
f 1187/984/1013 1331/985/1015 1332/986/1281 1217/987/1282
f 1218/988/1188 1188/989/1082 1587/989/1221 1588/988/1188
f 1189/990/1008 1405/991/1283 1406/992/1000 1219/993/1000
f 1190/994/1024 1387/995/1284 1388/996/1273 1220/997/1024
f 1533/994/1152 1190/994/1076 1220/997/1076 1532/997/1285
f 1192/998/1286 1313/999/1287 1314/1000/1004 1222/1001/1288
f 1193/1002/1009 1192/998/1286 1222/1001/1288 1223/1003/1012
f 1194/1004/1289 1193/1002/1009 1223/1003/1012 1224/1005/1290
f 1195/1006/1046 1194/1007/1289 1224/1008/1290 1225/1009/1291
f 1226/987/1188 1196/984/1292 1552/984/1293 1553/987/1220
f 1227/1009/1294 1197/1006/1148 1342/1006/1295 1343/1009/1296
f 1228/1009/1297 1198/1006/1298 1197/1006/1298 1227/1009/1297
f 1229/1009/1299 1199/1006/1300 1515/1006/1301 1516/1009/1302
f 1170/957/1260 1199/1006/1045 1229/1009/1044 1200/958/1261
f 1201/959/1262 1200/958/1261 1414/1010/1303 1415/1011/1304
f 1202/961/1264 1201/959/1262 1415/1011/1304 1416/1012/1305
f 1203/963/1266 1202/961/1264 1416/1012/1305 1417/1013/1306
f 1204/965/1036 1203/963/1266 1417/1013/1306 1418/1014/1267
f 1205/967/1033 1204/965/1036 1418/1014/1267 1419/1015/1307
f 1206/969/1032 1205/967/1033 1419/1015/1307 1420/1016/1168
f 1207/971/1029 1206/969/1032 1420/1016/1168 1421/1017/1308
f 1208/973/1027 1207/971/1029 1421/1017/1308 1422/1018/1309
f 1209/975/1186 1208/973/1027 1422/1018/1309 1423/1019/1310
f 1494/975/1076 1209/975/1236 1423/1019/1152 1493/1019/1311
f 1211/975/1101 1210/975/1101 1425/1019/1099 1426/1019/1099
f 1361/975/1139 1211/975/1139 1426/1019/1139 1427/1019/1139
f 1213/977/1009 1212/975/1009 1428/1019/1312 1429/1020/1312
f 1568/78/1274 1213/78/1274 1429/78/1174 1567/78/1313
f 1215/981/1278 1613/980/1277 1614/1021/1314 1430/1022/1315
f 1216/983/1280 1215/981/1278 1430/1022/1315 1431/1023/1316
f 1217/987/1282 1332/986/1281 1432/1024/1282 1433/1025/1317
f 1434/1026/1299 1218/988/1188 1588/988/1188 1589/1026/1318
f 1219/993/1000 1406/992/1000 1435/1027/1319 1436/1028/1320
f 1220/997/1024 1388/996/1273 1437/1029/1319 1438/1030/1321
f 1532/997/1285 1220/997/1076 1438/1030/1322 1531/1030/1323
f 1222/1001/1288 1314/1000/1004 1440/1031/1324 1441/1032/1325
f 1223/1003/1012 1222/1001/1288 1441/1032/1325 1442/1033/1312
f 1224/1005/1290 1223/1003/1012 1442/1033/1312 1443/1034/1326
f 1225/1009/1291 1224/1008/1290 1443/1035/1326 1444/1036/1327
f 1445/1025/1328 1226/987/1188 1553/987/1220 1554/1025/1302
f 1447/1036/1294 1227/1009/1294 1343/1009/1296 1446/1036/1150
f 1448/1036/1329 1228/1009/1297 1227/1009/1297 1447/1036/1297
f 1450/1036/1330 1229/1009/1299 1516/1009/1302 1517/1036/1227
f 1200/958/1261 1229/1009/1044 1450/1036/1044 1414/1010/1303
f 1231/1037/1331 1230/1038/1332 1021/38/1332 1020/36/1331
f 1232/1039/991 1231/1037/1331 1020/36/1331 1019/34/991
f 1233/1040/1333 1232/1039/991 1019/34/991 1018/32/1334
f 1234/1041/1335 1233/1040/1333 1018/32/1334 1017/30/1335
f 1235/1042/1336 1234/1041/1335 1017/30/1335 1016/28/1336
f 1236/1043/1337 1235/1042/1336 1016/28/1336 1015/26/1337
f 1237/1044/1338 1236/1043/1337 1015/26/1337 1014/24/1338
f 1238/1045/1339 1237/1044/1338 1014/24/1338 1013/22/1339
f 1239/1046/1340 1238/1045/1339 1013/22/1339 1012/20/1341
f 1240/1047/1342 1239/1046/1340 1012/20/1341 1011/18/1343
f 1241/1048/965 1602/1049/1 1603/1050/1 1010/16/1093
f 1242/1051/965 1241/1048/965 1010/16/1093 1009/14/965
f 1243/1052/1064 1324/1053/1064 1325/1054/1344 1008/12/970
f 1244/1055/1 1398/1056/1 1399/1057/973 1007/10/970
f 1245/1058/966 1380/1059/973 1381/1060/963 1006/8/1064
f 1246/1061/972 1306/1062/1093 1307/1063/965 1005/6/960
f 1247/1064/1 1246/1061/972 1005/6/960 1004/3/1
f 1248/1065/1345 1247/1064/1 1004/3/1 1003/4/1346
f 1249/1066/1347 1248/1065/1345 1003/4/1346 1022/40/1348
f 1230/1038/1332 1249/1066/1347 1022/40/1348 1021/38/1332
f 1251/1067/1349 1250/1068/1350 1230/1038/1332 1231/1037/1331
f 1252/1069/1351 1251/1067/1349 1231/1037/1331 1232/1039/991
f 1253/1070/1352 1252/1069/1351 1232/1039/991 1233/1040/1333
f 1254/1071/1335 1253/1070/1352 1233/1040/1333 1234/1041/1335
f 1255/1072/1353 1254/1071/1335 1234/1041/1335 1235/1042/1336
f 1256/1073/1337 1255/1072/1353 1235/1042/1336 1236/1043/1337
f 1257/1074/1354 1256/1073/1337 1236/1043/1337 1237/1044/1338
f 1258/1075/1339 1257/1074/1354 1237/1044/1338 1238/1045/1339
f 1259/1076/1355 1258/1075/1339 1238/1045/1339 1239/1046/1340
f 1260/1077/1356 1259/1076/1355 1239/1046/1340 1240/1047/1342
f 1261/1078/965 1601/1079/1357 1602/1049/1 1241/1048/965
f 1262/1080/1 1261/1078/965 1241/1048/965 1242/1051/965
f 1263/1081/1 1323/1082/963 1324/1053/1064 1243/1052/1064
f 1264/1083/1 1397/1084/973 1398/1056/1 1244/1055/1
f 1265/1085/1066 1379/1086/970 1380/1059/973 1245/1058/966
f 1266/1087/1 1305/1088/973 1306/1062/1093 1246/1061/972
f 1267/1089/963 1266/1087/1 1246/1061/972 1247/1064/1
f 1268/1090/1358 1267/1089/963 1247/1064/1 1248/1065/1345
f 1269/1091/1359 1268/1090/1358 1248/1065/1345 1249/1066/1347
f 1250/1068/1350 1269/1091/1359 1249/1066/1347 1230/1038/1332
f 1271/78/1360 1270/80/1361 1112/80/1362 1126/78/1362
f 1075/48/1363 1272/48/1364 1547/48/1365 1548/48/1366
f 1670/907/1367 1272/78/1292 1075/78/1292 1669/907/1330
f 1274/1009/1368 1273/1006/1369 1198/1006/1370 1228/1009/1227
f 1449/1036/1330 1274/1009/1368 1228/1009/1227 1448/1036/1371
f 1559/51/1370 1275/51/1227 1076/51/1201 1558/51/1204
f 1277/81/22 1276/79/1372 1128/79/22 1115/81/22
f 1278/43/22 1277/44/22 1115/44/22 1116/43/22
f 1279/46/22 1278/43/22 1116/43/22 1120/46/22
f 1318/944/22 1279/46/22 1120/46/22 1317/944/336
f 1066/47/1196 1281/47/1174 1526/47/1373 1527/47/1197
f 1393/945/387 1281/48/1374 1066/48/387 1392/945/22
f 1411/946/349 1282/50/22 1068/50/22 1410/946/22
f 1594/48/1299 1283/48/1220 1070/48/1241 1593/48/1244
f 1336/947/387 1284/52/336 1152/52/1054 1335/947/22
f 1286/56/22 1285/54/22 1153/54/22 1157/56/22
f 1619/948/349 1286/56/22 1157/56/22 1618/948/22
f 1072/79/1250 1288/79/1076 1563/79/1152 1564/79/1248
f 1289/60/1375 1288/58/349 1072/58/349 1074/60/349
f 1210/975/1076 1290/975/1076 1424/1019/1376 1425/1019/1377
f 1180/974/1376 1291/974/1076 1290/975/1076 1210/975/1076
f 1292/59/1076 1684/896/1378 1685/896/1376 1073/59/1236
f 1293/57/1379 1292/59/1380 1073/59/1381 1071/57/1245
f 1574/58/1174 1293/58/1379 1071/58/1245 1573/58/1248
f 1295/55/1 1607/894/1 1608/894/1 1155/55/1
f 1296/53/1 1295/55/1 1155/55/1 1148/53/1
f 1297/51/1382 1327/889/966 1328/889/1 1149/51/1092
f 1069/79/1238 1298/79/1082 1582/79/1292 1583/79/1239
f 1299/49/1 1400/886/966 1401/886/966 1067/49/1
f 1300/47/1 1382/883/1 1383/883/1 1065/47/973
f 1538/1092/1234 1300/1092/1174 1065/43/1191 1537/43/1194
f 1302/45/1 1309/881/1 1310/881/1091 1118/45/1
f 1303/42/1 1302/45/1 1118/45/1 1111/42/1
f 1270/41/1383 1303/42/1384 1111/42/1385 1112/41/1385
f 1304/851/961 986/315/964 1643/855/967 1644/852/1
f 1306/1062/1093 1305/1088/973 1265/1085/1066 1245/1058/966
f 1307/1063/965 1306/1062/1093 1245/1058/966 1006/8/1064
f 1541/949/1170 1307/949/1169 1006/45/1386 1540/45/1170
f 1509/881/965 1308/881/966 1121/47/968 1508/47/965
f 1310/881/1091 1309/881/1 1301/47/966 1122/47/966
f 1311/881/1 1310/881/1091 1122/47/966 1135/47/1092
f 1374/881/1112 1311/881/1111 1135/47/1387 1373/47/1388
f 1660/882/1005 1312/881/1004 1105/47/1389 1659/885/1324
f 1314/1000/1004 1313/999/1287 1191/994/1390 1221/997/1391
f 1440/1031/1324 1314/1000/1004 1221/997/1391 1439/1030/1392
f 1136/48/1393 1316/944/1114 1349/944/1117 1350/48/1394
f 1124/48/1056 1317/944/336 1316/944/22 1136/48/1054
f 1280/48/1395 1318/944/22 1317/944/336 1124/48/1056
f 1123/48/1396 1319/944/387 1479/944/344 1480/48/344
f 1026/45/1386 1320/951/1175 1523/951/1176 1524/45/1397
f 1470/913/1053 1320/912/1052 1026/435/349 1469/916/1054
f 1322/859/970 989/321/972 1637/863/965 1638/860/970
f 1324/1053/1064 1323/1082/963 1262/1080/1 1242/1051/965
f 1325/1054/1344 1324/1053/1064 1242/1051/965 1009/14/965
f 1579/955/1218 1325/955/1218 1009/79/1230 1578/79/1230
f 1501/889/963 1326/889/1067 1147/53/1 1500/53/1
f 1328/889/1 1327/889/966 1296/53/1 1148/53/1
f 1329/889/1093 1328/889/1 1148/53/1 1162/53/1088
f 1368/889/1123 1329/889/1122 1162/53/1398 1367/53/1399
f 1695/890/1013 1330/889/1014 1140/53/1016 1694/893/1019
f 1332/986/1281 1331/985/1015 1186/982/1279 1216/983/1280
f 1432/1024/1282 1332/986/1281 1216/983/1280 1431/1023/1316
f 1165/54/1400 1334/947/1125 1355/947/1128 1356/54/1401
f 1153/54/22 1335/947/22 1334/947/22 1165/54/1096
f 1285/54/22 1336/947/387 1335/947/22 1153/54/22
f 1151/54/22 1337/947/1057 1487/947/1051 1488/54/22
f 1029/47/1230 1338/47/1224 1597/47/1226 1598/47/1230
f 1464/921/339 1338/920/1050 1029/438/1055 1463/924/22
f 1711/1093/1330 1341/953/1149 1550/953/1209 1710/1093/1402
f 1667/907/1150 1341/78/1149 1711/78/1330 1712/907/1403
f 1343/1009/1296 1342/1006/1295 1713/1006/1293 1714/1009/1404
f 1446/1036/1150 1343/1009/1296 1714/1009/1404 1715/1036/1301
f 1556/58/1211 1344/58/1210 1716/58/1405 1717/58/1227
f 1346/81/1147 1345/79/1146 1718/79/1406 1719/81/1407
f 1347/43/1109 1346/44/1109 1719/44/1109 1720/43/1109
f 1348/46/1109 1347/43/1109 1720/43/1109 1721/46/1408
f 1349/944/1117 1348/46/1116 1721/46/1409 1722/944/1410
f 1350/48/1394 1349/944/1117 1722/944/1410 1723/48/1411
f 1725/57/1174 1351/57/1207 1529/57/1208 1724/57/1412
f 1390/945/1055 1351/48/1054 1725/48/1055 1726/945/350
f 1408/946/339 1352/50/1120 1727/50/386 1728/946/1413
f 1591/58/1255 1353/58/1254 1729/58/1227 1730/58/1330
f 1355/947/1128 1354/52/1127 1731/52/1414 1732/947/1415
f 1356/54/1401 1355/947/1128 1732/947/1415 1733/54/1416
f 1357/56/1129 1356/54/1129 1733/54/1109 1734/56/1109
f 1616/948/1137 1357/56/1136 1734/56/1417 1735/948/1418
f 1363/59/1141 1687/896/1140 1737/896/1171 1738/59/1419
f 1364/57/969 1363/59/969 1738/59/1066 1739/57/1420
f 1571/78/1257 1364/78/1256 1739/78/1076 1740/78/1215
f 1366/55/1133 1610/894/1132 1742/894/1421 1743/55/1422
f 1367/53/1106 1366/55/1106 1743/55/1423 1744/53/1423
f 1745/889/1424 1368/889/1123 1367/53/1399 1744/53/1425
f 1369/51/1124 1368/889/1123 1745/889/1424 1696/51/1426
f 1698/57/1220 1370/57/1252 1585/57/1253 1697/57/1427
f 1371/49/969 1403/886/1119 1699/886/1428 1700/49/972
f 1372/47/1118 1385/883/966 1701/883/1066 1702/47/1066
f 1535/952/1206 1372/952/1205 1702/1094/1215 1703/1094/1214
f 1705/881/1429 1374/881/1112 1373/47/1388 1704/47/1430
f 1375/45/1113 1374/881/1112 1705/881/1429 1706/45/1431
f 1376/42/1107 1375/45/1107 1706/45/1423 1707/42/1432
f 1377/41/1108 1376/42/1107 1707/42/1432 1708/41/1433
f 1340/78/1144 1377/80/1143 1708/80/1434 1709/78/1435
f 1378/853/965 987/316/968 1641/858/969 1642/854/966
f 1380/1059/973 1379/1086/970 1264/1083/1 1244/1055/1
f 1381/1060/963 1380/1059/973 1244/1055/1 1007/10/970
f 1506/883/963 1381/883/963 1007/49/970 1505/49/970
f 1383/883/1 1382/883/1 1299/49/1 1067/49/1
f 1384/883/966 1383/883/1 1067/49/1 1079/49/1
f 1385/883/966 1384/883/966 1079/49/1 1371/49/969
f 1701/883/1066 1385/883/966 1371/49/969 1700/49/972
f 1656/884/1008 1386/883/1007 1091/49/1009 1655/888/1012
f 1388/996/1273 1387/995/1284 1189/990/1008 1219/993/1000
f 1437/1029/1319 1388/996/1273 1219/993/1000 1436/1028/1320
f 1352/50/1120 1390/945/1055 1726/945/350 1727/50/386
f 1080/50/22 1391/945/22 1390/945/1055 1352/50/1120
f 1068/50/22 1392/945/22 1391/945/22 1080/50/22
f 1282/50/22 1393/945/387 1392/945/22 1068/50/22
f 1027/50/350 1394/945/344 1482/945/350 1483/50/350
f 1468/915/387 1394/914/344 1027/436/350 1467/919/22
f 1396/856/1 988/319/960 1639/861/971 1640/857/1
f 1398/1056/1 1397/1084/973 1263/1081/1 1243/1052/1064
f 1399/1057/973 1398/1056/1 1243/1052/1064 1008/12/970
f 1504/886/1066 1399/886/973 1008/51/970 1503/51/1066
f 1401/886/966 1400/886/966 1298/51/973 1069/51/1068
f 1402/886/966 1401/886/966 1069/51/1068 1081/51/1382
f 1403/886/1119 1402/886/966 1081/51/1382 1370/51/1436
f 1699/886/1428 1403/886/1119 1370/51/1436 1698/51/970
f 1654/887/1011 1404/886/1010 1093/51/1437 1653/891/1438
f 1406/992/1000 1405/991/1283 1188/984/1007 1218/987/1000
f 1435/1027/1319 1406/992/1000 1218/987/1000 1434/1025/1439
f 1353/52/22 1408/946/339 1728/946/1413 1729/52/1440
f 1082/52/336 1409/946/387 1408/946/339 1353/52/22
f 1070/52/22 1410/946/22 1409/946/387 1082/52/336
f 1283/52/1372 1411/946/349 1410/946/22 1070/52/22
f 1028/52/349 1412/946/339 1484/946/339 1485/52/1441
f 1466/918/339 1412/917/339 1028/437/349 1465/922/22
f 1415/1011/1304 1414/1010/1303 1041/77/1442 1040/75/1443
f 1416/1012/1305 1415/1011/1304 1040/75/1443 1039/73/1444
f 1417/1013/1306 1416/1012/1305 1039/73/1444 1038/71/1445
f 1418/1014/1267 1417/1013/1306 1038/71/1445 1037/69/1267
f 1419/1015/1307 1418/1014/1267 1037/69/1267 1036/67/1307
f 1420/1016/1168 1419/1015/1307 1036/67/1307 1035/65/1446
f 1421/1017/1308 1420/1016/1168 1035/65/1446 1034/63/1447
f 1422/1018/1309 1421/1017/1308 1034/63/1447 1033/61/1027
f 1423/1019/1310 1422/1018/1309 1033/61/1027 1032/60/1448
f 1493/1019/1311 1423/1019/1152 1032/60/1449 1492/60/1077
f 1425/1019/1377 1424/1019/1376 1289/60/1377 1074/60/1450
f 1426/1019/1099 1425/1019/1099 1074/60/1451 1086/60/1451
f 1427/1019/1139 1426/1019/1139 1086/60/1139 1360/60/1271
f 1430/1022/1315 1614/1021/1314 1615/948/1452 1144/56/1453
f 1431/1023/1316 1430/1022/1315 1144/56/1453 1141/54/1454
f 1333/947/1455 1432/1024/1282 1431/1023/1316 1141/54/1454
f 1433/1025/1317 1432/1024/1282 1333/947/1455 1142/52/1456
f 1094/78/1299 1434/1026/1299 1589/1026/1318 1590/78/1457
f 1407/946/1008 1435/1027/1319 1434/1025/1439 1094/52/1458
f 1436/1028/1320 1435/1027/1319 1407/946/1008 1092/50/999
f 1389/945/1459 1437/1029/1319 1436/1028/1320 1092/50/999
f 1438/1030/1321 1437/1029/1319 1389/945/1459 1090/48/1460
f 1531/1030/1323 1438/1030/1322 1090/48/1461 1530/48/1151
f 1315/944/1462 1440/1031/1324 1439/1030/1392 1106/48/1463
f 1441/1032/1325 1440/1031/1324 1315/944/1462 1104/46/1464
f 1442/1033/1312 1441/1032/1325 1104/46/1464 1101/43/1465
f 1443/1034/1326 1442/1033/1312 1101/43/1465 1102/44/998
f 1444/1036/1327 1443/1035/1326 1102/81/998 1108/79/1466
f 1098/52/1220 1445/1025/1328 1554/1025/1302 1555/52/1467
f 1344/79/1210 1446/1036/1150 1715/1036/1301 1716/79/1405
f 1088/79/1202 1447/1036/1294 1446/1036/1150 1344/79/1210
f 1076/79/1201 1448/1036/1329 1447/1036/1297 1088/79/1202
f 1275/79/1227 1449/1036/1330 1448/1036/1371 1076/79/1201
f 1042/79/1188 1450/1036/1330 1517/1036/1227 1518/79/1155
f 1414/1010/1303 1450/1036/1044 1042/79/1045 1041/77/1442
f 1452/936/344 1451/937/387 1061/120/22 1060/118/22
f 1453/935/22 1452/936/344 1060/118/22 1059/116/22
f 1454/934/22 1453/935/22 1059/116/22 1058/114/22
f 1455/933/386 1454/934/22 1058/114/22 1057/112/22
f 1456/932/386 1455/933/386 1057/112/22 1056/110/22
f 1457/931/22 1456/932/386 1056/110/22 1055/108/22
f 1458/930/339 1457/931/22 1055/108/22 1054/106/22
f 1459/929/349 1458/930/339 1054/106/22 1053/104/22
f 1460/927/22 1459/929/349 1053/104/22 1052/102/22
f 1461/928/22 1460/927/22 1052/102/22 1051/100/352
f 1462/923/349 1624/926/22 1625/943/350 1050/98/22
f 1463/924/22 1462/923/349 1050/98/22 1049/96/22
f 1339/942/387 1464/921/339 1463/924/22 1049/96/22
f 1465/922/22 1464/921/339 1339/942/387 1048/94/22
f 1413/941/339 1466/918/339 1465/922/22 1048/94/22
f 1467/919/22 1466/918/339 1413/941/339 1047/92/22
f 1395/940/22 1468/915/387 1467/919/22 1047/92/22
f 1469/916/1054 1468/915/387 1395/940/22 1046/90/347
f 1321/939/347 1470/913/1053 1469/916/1054 1046/90/347
f 1471/911/386 1470/913/1053 1321/939/347 1045/88/22
f 1472/909/339 1471/911/386 1045/88/22 1044/85/22
f 1473/910/1050 1472/909/339 1044/85/22 1043/86/22
f 1474/938/387 1473/910/1050 1043/86/22 1062/122/22
f 1451/937/387 1474/938/387 1062/122/22 1061/120/22
f 1476/81/1063 1475/79/22 1276/79/1372 1277/81/22
f 1477/43/22 1476/44/1063 1277/44/22 1278/43/22
f 1478/46/22 1477/43/22 1278/43/22 1279/46/22
f 1479/944/344 1478/46/22 1279/46/22 1318/944/22
f 1480/48/344 1479/944/344 1318/944/22 1280/48/1395
f 1281/47/1174 1481/47/1177 1525/47/1174 1526/47/1373
f 1482/945/350 1481/48/344 1281/48/1374 1393/945/387
f 1483/50/350 1482/945/350 1393/945/387 1282/50/22
f 1484/946/339 1483/50/350 1282/50/22 1411/946/349
f 1485/52/1441 1484/946/339 1411/946/349 1283/52/1372
f 1595/48/1228 1485/48/1227 1283/48/1220 1594/48/1299
f 1487/947/1051 1486/52/1070 1284/52/336 1336/947/387
f 1488/54/22 1487/947/1051 1336/947/387 1285/54/22
f 1489/56/22 1488/54/22 1285/54/22 1286/56/22
f 1620/948/22 1489/56/22 1286/56/22 1619/948/349
f 1288/79/1076 1491/79/1215 1562/79/1236 1563/79/1152
f 1492/60/22 1491/58/22 1288/58/349 1289/60/1375
f 1424/1019/1376 1493/1019/1311 1492/60/1077 1289/60/1377
f 1290/975/1076 1494/975/1076 1493/1019/1311 1424/1019/1376
f 1291/974/1076 1495/974/1236 1494/975/1076 1290/975/1076
f 1496/59/1074 1683/896/1077 1684/896/1378 1292/59/1076
f 1497/57/1075 1496/59/1074 1292/59/1380 1293/57/1379
f 1575/58/1234 1497/58/1075 1293/58/1379 1574/58/1174
f 1499/55/1 1606/894/1 1607/894/1 1295/55/1
f 1500/53/1 1499/55/1 1295/55/1 1296/53/1
f 1327/889/966 1501/889/963 1500/53/1 1296/53/1
f 1502/51/1068 1501/889/963 1327/889/966 1297/51/1382
f 1298/79/1082 1503/79/1220 1581/79/1223 1582/79/1292
f 1400/886/966 1504/886/1066 1503/51/1066 1298/51/973
f 1505/49/970 1504/886/1066 1400/886/966 1299/49/1
f 1382/883/1 1506/883/963 1505/49/970 1299/49/1
f 1507/47/1065 1506/883/963 1382/883/1 1300/47/1
f 1539/950/1173 1507/950/1172 1300/1092/1174 1538/1092/1234
f 1309/881/1 1509/881/965 1508/47/965 1301/47/966
f 1510/45/1 1509/881/965 1309/881/1 1302/45/1
f 1511/42/1 1510/45/1 1302/45/1 1303/42/1
f 1512/41/1061 1511/42/1060 1303/42/1384 1270/41/1383
f 1513/78/1080 1512/80/1079 1270/80/1361 1271/78/1360
f 1272/48/1364 1514/48/1182 1546/48/1185 1547/48/1365
f 1671/907/1084 1514/78/1083 1272/78/1292 1670/907/1367
f 1516/1009/1302 1515/1006/1301 1273/1006/1369 1274/1009/1368
f 1517/1036/1227 1516/1009/1302 1274/1009/1368 1449/1036/1330
f 1518/79/1155 1517/1036/1227 1449/1036/1330 1275/79/1227
f 1560/51/1189 1518/51/1155 1275/51/1227 1559/51/1370
f 1520/51/1164 1519/53/1187 1127/53/1448 1113/51/1468
f 1521/79/1165 1520/78/1164 1113/78/1468 1114/79/1469
f 1522/43/1168 1521/44/1165 1114/44/1469 1119/43/1166
f 1523/951/1176 1522/47/1168 1119/47/1166 1319/951/1470
f 1524/45/1397 1523/951/1176 1319/951/1470 1123/45/1471
f 1525/47/1174 1524/47/1178 1123/47/1472 1480/47/1215
f 1526/47/1373 1525/47/1174 1480/47/1215 1280/47/1373
f 1527/47/1197 1526/47/1373 1280/47/1373 1124/47/1473
f 1528/52/1198 1527/52/1197 1124/52/1473 1136/52/1474
f 1529/57/1208 1528/57/1198 1136/57/1474 1350/57/1475
f 1724/57/1412 1529/57/1208 1350/57/1475 1723/57/1152
f 1439/1030/1215 1531/1030/1323 1530/48/1151 1106/48/1076
f 1221/997/1476 1532/997/1285 1531/1030/1323 1439/1030/1215
f 1191/994/1274 1533/994/1152 1532/997/1285 1221/997/1476
f 1534/47/1154 1658/885/1153 1659/885/1174 1105/47/1477
f 1373/952/1478 1535/952/1206 1703/1094/1214 1704/1094/1174
f 1536/55/1193 1535/952/1206 1373/952/1478 1135/55/1479
f 1537/54/1194 1536/52/1193 1135/52/1479 1122/54/1480
f 1301/1092/1481 1538/1092/1234 1537/43/1194 1122/43/1480
f 1508/950/1152 1539/950/1173 1538/1092/1234 1301/1092/1481
f 1540/46/1174 1539/950/1173 1508/950/1152 1121/46/1482
f 1308/949/1470 1541/949/1170 1540/45/1170 1121/45/1483
f 1542/42/1167 1541/949/1170 1308/949/1470 1117/42/1167
f 1543/41/1161 1542/42/1167 1117/42/1167 1110/41/1484
f 1544/57/1162 1543/58/1161 1110/58/1484 1109/57/1485
f 1545/48/1181 1544/46/1180 1109/46/1486 1125/48/1486
f 1546/48/1185 1545/48/1184 1125/48/1487 1513/48/1488
f 1547/48/1365 1546/48/1185 1513/48/1488 1271/48/1489
f 1548/48/1366 1547/48/1365 1271/48/1489 1126/48/1490
f 1549/53/1200 1548/55/1199 1126/55/1491 1137/53/1492
f 1550/953/1209 1549/56/1200 1137/56/1492 1340/953/1493
f 1710/1093/1402 1550/953/1209 1340/953/1493 1709/1093/1494
f 1665/891/1158 1551/51/1157 1107/51/1495 1664/891/1496
f 1553/987/1220 1552/984/1293 1195/984/1188 1225/987/1497
f 1554/1025/1302 1553/987/1220 1225/987/1497 1444/1025/1082
f 1555/52/1467 1554/1025/1302 1444/1025/1082 1108/52/1498
f 1345/58/1499 1556/58/1211 1717/58/1227 1718/58/1330
f 1557/58/1203 1556/58/1211 1345/58/1499 1138/58/1500
f 1558/56/1204 1557/54/1203 1138/54/1500 1128/56/1204
f 1276/51/1369 1559/51/1370 1558/51/1204 1128/51/1204
f 1475/51/1501 1560/51/1189 1559/51/1370 1276/51/1369
f 1519/51/1190 1560/51/1189 1475/51/1501 1127/51/1292
f 1562/79/1236 1561/79/1173 1160/79/1502 1490/79/1236
f 1563/79/1152 1562/79/1236 1490/79/1236 1287/79/1503
f 1564/79/1248 1563/79/1152 1287/79/1503 1161/79/1504
f 1565/52/1251 1564/52/1248 1161/52/1504 1169/52/1505
f 1566/79/1259 1565/79/1251 1169/79/1505 1358/79/1506
f 1184/78/1507 1569/78/1214 1568/78/1274 1214/78/1076
f 1570/78/1216 1690/78/1215 1691/78/1076 1145/78/1508
f 1365/78/1509 1571/78/1257 1740/78/1215 1741/78/1152
f 1572/78/1247 1571/78/1257 1365/78/1509 1168/78/1510
f 1573/51/1248 1572/51/1247 1168/51/1510 1159/51/1511
f 1294/58/1472 1574/58/1174 1573/58/1248 1159/58/1511
f 1498/58/1077 1575/58/1234 1574/58/1174 1294/58/1472
f 1576/58/1076 1575/58/1234 1498/58/1077 1158/58/1216
f 1577/57/1041 1604/57/1233 1605/57/1233 1154/57/1512
f 1578/51/1230 1577/51/1041 1154/51/1512 1147/51/1513
f 1326/955/1218 1579/955/1218 1578/79/1230 1147/79/1513
f 1580/81/1219 1579/955/1218 1326/955/1218 1146/81/1514
f 1581/79/1223 1580/79/1222 1146/79/1515 1502/79/1228
f 1582/79/1292 1581/79/1223 1502/79/1228 1297/79/1330
f 1583/79/1239 1582/79/1292 1297/79/1330 1149/79/1238
f 1584/47/1240 1583/47/1239 1149/47/1238 1163/47/1516
f 1585/57/1253 1584/57/1240 1163/57/1516 1369/57/1517
f 1697/57/1427 1585/57/1253 1369/57/1517 1696/57/1518
f 1652/954/1188 1586/80/1213 1139/80/1301 1651/954/1082
f 1588/988/1188 1587/989/1221 1187/989/1220 1217/988/1083
f 1589/1026/1318 1588/988/1188 1217/988/1083 1433/1026/1220
f 1590/78/1457 1589/1026/1318 1433/1026/1220 1142/78/1368
f 1354/58/1519 1591/58/1255 1730/58/1330 1731/58/1302
f 1592/58/1243 1591/58/1255 1354/58/1519 1164/58/1520
f 1593/48/1244 1592/48/1243 1164/48/1520 1152/48/1239
f 1284/48/1292 1594/48/1299 1593/48/1244 1152/48/1239
f 1486/48/1227 1595/48/1228 1594/48/1299 1284/48/1292
f 1596/48/1229 1595/48/1228 1486/48/1227 1150/48/1328
f 1597/47/1226 1596/47/1225 1150/47/1225 1337/47/1225
f 1598/47/1230 1597/47/1226 1337/47/1225 1151/47/1521
f 1599/52/1232 1598/52/1230 1151/52/1521 1156/52/1522
f 1622/78/1233 1599/78/1232 1156/78/1522 1621/78/1233
f 1600/864/960 991/325/974 1634/867/977 1635/865/1
f 1602/1049/1 1601/1079/1357 1260/1077/1356 1240/1047/1342
f 1603/1050/1 1602/1049/1 1240/1047/1342 1011/18/1343
f 1604/57/1233 1603/57/1233 1011/57/1523 1576/57/1233
f 1605/57/1233 1604/57/1233 1576/57/1233 1158/57/1233
f 1606/894/1 1605/894/1 1158/57/1 1498/57/1
f 1607/894/1 1606/894/1 1498/57/1 1294/57/1
f 1608/894/1 1607/894/1 1294/57/1 1159/57/1
f 1609/894/1 1608/894/1 1159/57/1 1168/57/970
f 1610/894/1132 1609/894/1131 1168/57/1524 1365/57/1525
f 1742/894/1421 1610/894/1132 1365/57/1525 1741/57/1526
f 1692/895/1021 1611/894/1020 1145/57/1527 1691/897/1528
f 1613/980/1277 1612/979/1276 1184/976/1529 1214/977/1530
f 1169/58/1531 1617/948/1134 1616/948/1137 1358/58/1532
f 1161/58/349 1618/948/22 1617/948/22 1169/58/22
f 1287/58/22 1619/948/349 1618/948/22 1161/58/349
f 1490/58/349 1620/948/22 1619/948/349 1287/58/22
f 1160/58/349 1621/948/349 1620/948/22 1490/58/349
f 1561/78/1233 1622/78/1233 1621/78/1233 1160/78/1233
f 1031/78/1523 1623/78/1235 1622/78/1233 1561/78/1233
f 1624/926/22 1623/925/22 1031/440/22 1461/928/22
f 1625/943/350 1624/926/22 1461/928/22 1051/100/352
f 1627/873/989 1626/874/991 1252/1069/1351 1253/1070/1352
f 1628/872/987 1627/873/989 1253/1070/1352 1254/1071/1335
f 1629/871/985 1628/872/987 1254/1071/1335 1255/1072/1353
f 1630/870/983 1629/871/985 1255/1072/1353 1256/1073/1337
f 1631/869/981 1630/870/983 1256/1073/1337 1257/1074/1354
f 1632/868/979 1631/869/981 1257/1074/1354 1258/1075/1339
f 1633/866/976 1632/868/979 1258/1075/1339 1259/1076/1355
f 1634/867/977 1633/866/976 1259/1076/1355 1260/1077/1356
f 1635/865/1 1634/867/977 1260/1077/1356 1601/1079/1357
f 1636/862/973 1635/865/1 1601/1079/1357 1261/1078/965
f 1637/863/965 1636/862/973 1261/1078/965 1262/1080/1
f 1638/860/970 1637/863/965 1262/1080/1 1323/1082/963
f 1639/861/971 1638/860/970 1323/1082/963 1263/1081/1
f 1640/857/1 1639/861/971 1263/1081/1 1397/1084/973
f 1641/858/969 1640/857/1 1397/1084/973 1264/1083/1
f 1642/854/966 1641/858/969 1264/1083/1 1379/1086/970
f 1643/855/967 1642/854/966 1379/1086/970 1265/1085/1066
f 1644/852/1 1643/855/967 1265/1085/1066 1305/1088/973
f 1645/850/964 1644/852/1 1305/1088/973 1266/1087/1
f 1646/848/961 1645/850/964 1266/1087/1 1267/1089/963
f 1647/849/962 1646/848/961 1267/1089/963 1268/1090/1358
f 1648/877/997 1647/849/962 1268/1090/1358 1269/1091/1359
f 1649/876/995 1648/877/997 1269/1091/1359 1250/1068/1350
f 1650/875/993 1649/876/995 1250/1068/1350 1251/1067/1349
f 1626/874/991 1650/875/993 1251/1067/1349 1252/1069/1351
f 1587/989/1221 1652/954/1188 1651/954/1082 1187/989/1220
f 1188/989/1082 1653/954/1155 1652/954/1188 1587/989/1221
f 1405/991/1283 1654/887/1011 1653/891/1438 1188/984/1007
f 1655/888/1012 1654/887/1011 1405/991/1283 1189/990/1008
f 1387/995/1284 1656/884/1008 1655/888/1012 1189/990/1008
f 1657/885/1008 1656/884/1008 1387/995/1284 1190/994/1024
f 1658/885/1153 1657/885/1152 1190/994/1076 1533/994/1152
f 1659/885/1174 1658/885/1153 1533/994/1152 1191/994/1274
f 1313/999/1287 1660/882/1005 1659/885/1324 1191/994/1390
f 1661/880/1003 1660/882/1005 1313/999/1287 1192/998/1286
f 1662/878/1000 1661/880/1003 1192/998/1286 1193/1002/1009
f 1663/879/1001 1662/878/1000 1193/1002/1009 1194/1004/1289
f 1664/907/1047 1663/908/1001 1194/1007/1289 1195/1006/1046
f 1552/984/1293 1665/891/1158 1664/891/1496 1195/984/1188
f 1196/984/1292 1666/891/1155 1665/891/1158 1552/984/1293
f 1342/1006/1295 1667/907/1150 1712/907/1403 1713/1006/1293
f 1197/1006/1148 1668/907/1148 1667/907/1150 1342/1006/1295
f 1198/1006/1298 1669/907/1103 1668/907/1103 1197/1006/1298
f 1273/1006/1369 1670/907/1367 1669/907/1330 1198/1006/1370
f 1515/1006/1301 1671/907/1084 1670/907/1367 1273/1006/1369
f 1199/1006/1300 1672/907/1081 1671/907/1084 1515/1006/1301
f 1673/906/1043 1672/907/1045 1199/1006/1045 1170/957/1260
f 1674/905/1042 1673/906/1043 1170/957/1260 1171/956/1231
f 1675/904/1040 1674/905/1042 1171/956/1231 1172/960/1263
f 1676/903/1038 1675/904/1040 1172/960/1263 1173/962/1265
f 1677/902/1036 1676/903/1038 1173/962/1265 1174/964/1267
f 1678/901/1034 1677/902/1036 1174/964/1267 1175/966/1034
f 1679/900/1032 1678/901/1034 1175/966/1034 1176/968/1268
f 1680/899/1030 1679/900/1032 1176/968/1268 1177/970/1029
f 1681/898/1027 1680/899/1030 1177/970/1029 1178/972/1269
f 1682/896/1028 1681/898/1027 1178/972/1269 1179/974/1028
f 1683/896/1077 1682/896/1076 1179/974/1270 1495/974/1236
f 1684/896/1378 1683/896/1077 1495/974/1236 1291/974/1076
f 1685/896/1376 1684/896/1378 1291/974/1076 1180/974/1376
f 1686/896/1100 1685/896/1100 1180/974/1099 1181/974/1099
f 1687/896/1140 1686/896/1139 1181/974/1272 1362/974/1271
f 1737/896/1171 1687/896/1140 1362/974/1271 1736/974/1533
f 1689/897/1024 1688/896/1023 1182/974/1273 1183/976/1273
f 1690/78/1215 1689/78/1214 1183/78/1214 1569/78/1214
f 1691/78/1076 1690/78/1215 1569/78/1214 1184/78/1507
f 1612/979/1276 1692/895/1021 1691/897/1528 1184/976/1529
f 1693/892/1018 1692/895/1021 1612/979/1276 1185/978/1275
f 1694/893/1019 1693/892/1018 1185/978/1275 1186/982/1279
f 1331/985/1015 1695/890/1013 1694/893/1019 1186/982/1279
f 1651/891/1015 1695/890/1013 1331/985/1015 1187/984/1013
f 1586/57/1213 1697/57/1427 1696/57/1518 1139/57/1301
f 1093/57/1212 1698/57/1220 1697/57/1427 1586/57/1213
f 1404/886/1534 1699/886/1428 1698/51/970 1093/51/1
f 1700/49/972 1699/886/1428 1404/886/1534 1091/49/1535
f 1386/883/1536 1701/883/1066 1700/49/972 1091/49/1535
f 1702/47/1066 1701/883/1066 1386/883/1536 1089/47/1537
f 1703/1094/1214 1702/1094/1215 1089/57/1151 1534/57/1154
f 1704/1094/1174 1703/1094/1214 1534/57/1154 1105/57/1477
f 1312/881/1538 1705/881/1429 1704/47/1430 1105/47/1539
f 1706/45/1431 1705/881/1429 1312/881/1538 1103/45/1540
f 1707/42/1432 1706/45/1423 1103/45/1541 1100/42/1542
f 1708/41/1433 1707/42/1432 1100/42/1542 1099/41/1433
f 1709/78/1435 1708/80/1434 1099/80/1543 1107/78/1544
f 1551/58/1157 1710/1093/1402 1709/1093/1494 1107/58/1495
f 1097/58/1156 1711/1093/1330 1710/1093/1402 1551/58/1157
f 1712/907/1403 1711/78/1330 1097/78/1156 1666/907/1155
f 1713/1006/1293 1712/907/1403 1666/907/1155 1196/1006/1292
f 1714/1009/1404 1713/1006/1293 1196/1006/1292 1226/1009/1188
f 1715/1036/1301 1714/1009/1404 1226/1009/1188 1445/1036/1328
f 1716/79/1405 1715/1036/1301 1445/1036/1328 1098/79/1220
f 1717/58/1227 1716/58/1405 1098/58/1220 1555/58/1467
f 1718/58/1330 1717/58/1227 1555/58/1467 1108/58/1498
f 1719/81/1407 1718/79/1406 1108/79/1545 1102/81/1545
f 1720/43/1109 1719/44/1109 1102/44/1546 1101/43/1129
f 1721/46/1408 1720/43/1109 1101/43/1129 1104/46/1129
f 1722/944/1410 1721/46/1409 1104/46/1547 1315/944/1548
f 1723/48/1411 1722/944/1410 1315/944/1548 1106/48/1549
f 1530/57/1151 1724/57/1412 1723/57/1152 1106/57/1076
f 1090/57/1461 1725/57/1174 1724/57/1412 1530/57/1151
f 1726/945/350 1725/48/1055 1090/48/1053 1389/945/1550
f 1727/50/386 1726/945/350 1389/945/1550 1092/50/22
f 1728/946/1413 1727/50/386 1092/50/22 1407/946/386
f 1729/52/1440 1728/946/1413 1407/946/386 1094/52/386
f 1730/58/1330 1729/58/1227 1094/58/1299 1590/58/1457
f 1731/58/1302 1730/58/1330 1590/58/1457 1142/58/1368
f 1732/947/1415 1731/52/1414 1142/52/1551 1333/947/1552
f 1733/54/1416 1732/947/1415 1333/947/1552 1141/54/1553
f 1734/56/1109 1733/54/1109 1141/54/1554 1144/56/1554
f 1735/948/1418 1734/56/1417 1144/56/1555 1615/948/1556
f 1688/896/1557 1737/896/1171 1736/974/1533 1182/974/1558
f 1738/59/1419 1737/896/1171 1688/896/1557 1096/59/1076
f 1739/57/1420 1738/59/1066 1096/59/1428 1095/57/1066
f 1740/78/1215 1739/78/1076 1095/78/1214 1570/78/1216
f 1741/78/1152 1740/78/1215 1570/78/1216 1145/78/1508
f 1611/894/1559 1742/894/1421 1741/57/1526 1145/57/1560
f 1743/55/1422 1742/894/1421 1611/894/1559 1143/55/1561
f 1744/53/1423 1743/55/1423 1143/55/1541 1140/53/1541
f 1330/889/1562 1745/889/1424 1744/53/1425 1140/53/1563
f 1696/51/1426 1745/889/1424 1330/889/1562 1139/51/1564
