# Blender 4.4.1
# www.blender.org
mtllib solder.mtl
o Palm_Base.005
v -0.001545 -0.003417 -0.055558
v 0.001107 -0.002654 -0.055631
v 0.003387 -0.001083 -0.055594
v 0.005070 0.001143 -0.055452
v 0.005994 0.003807 -0.055216
v 0.006065 0.006647 -0.054913
v 0.005279 0.009386 -0.054570
v 0.003713 0.011756 -0.054221
v 0.001517 0.013523 -0.053901
v -0.001092 0.014516 -0.053640
v -0.003857 0.014638 -0.053465
v -0.006510 0.013876 -0.053393
v -0.008789 0.012304 -0.053429
v -0.010474 0.010077 -0.053572
v -0.011396 0.007414 -0.053806
v -0.011469 0.004573 -0.054110
v -0.010683 0.001835 -0.054454
v -0.009115 -0.000535 -0.054803
v -0.006920 -0.002302 -0.055122
v -0.004312 -0.003296 -0.055383
v -0.000419 -0.012222 -0.056578
v 0.004822 -0.010716 -0.056724
v 0.009325 -0.007612 -0.056650
v 0.012651 -0.003214 -0.056367
v 0.014475 0.002048 -0.055904
v 0.014617 0.007659 -0.055304
v 0.013064 0.013069 -0.054627
v 0.009966 0.017749 -0.053938
v 0.005631 0.021241 -0.053305
v 0.000478 0.023203 -0.052791
v -0.004985 0.023442 -0.052444
v -0.010224 0.021936 -0.052301
v -0.014729 0.018833 -0.052373
v -0.018055 0.014434 -0.052655
v -0.019877 0.009172 -0.053119
v -0.020019 0.003562 -0.053718
v -0.018466 -0.001848 -0.054396
v -0.015370 -0.006528 -0.055086
v -0.011035 -0.010020 -0.055718
v -0.005882 -0.011982 -0.056232
v 0.000652 -0.020587 -0.057548
v 0.008351 -0.018375 -0.057760
v 0.014968 -0.013815 -0.057653
v 0.019855 -0.007354 -0.057239
v 0.022533 0.000377 -0.056558
v 0.022742 0.008620 -0.055677
v 0.020459 0.016568 -0.054682
v 0.015911 0.023444 -0.053669
v 0.009539 0.028573 -0.052739
v 0.001970 0.031455 -0.051984
v -0.006056 0.031809 -0.051475
v -0.013756 0.029596 -0.051264
v -0.020370 0.025036 -0.051370
v -0.025257 0.018574 -0.051785
v -0.027937 0.010844 -0.052466
v -0.028144 0.002601 -0.053347
v -0.025863 -0.005347 -0.054342
v -0.021313 -0.012223 -0.055354
v -0.014943 -0.017353 -0.056283
v -0.007374 -0.020235 -0.057040
v 0.001641 -0.028309 -0.058443
v 0.011608 -0.025443 -0.058717
v 0.020174 -0.019540 -0.058579
v 0.026503 -0.011175 -0.058043
v 0.029969 -0.001165 -0.057162
v 0.030238 0.009507 -0.056019
v 0.027284 0.019797 -0.054730
v 0.021396 0.028700 -0.053420
v 0.013147 0.035340 -0.052217
v 0.003345 0.039073 -0.051238
v -0.007045 0.039529 -0.050580
v -0.017013 0.036665 -0.050306
v -0.025578 0.030761 -0.050444
v -0.031905 0.022396 -0.050981
v -0.035374 0.012387 -0.051864
v -0.035643 0.001715 -0.053005
v -0.032689 -0.008576 -0.054293
v -0.026798 -0.017478 -0.055603
v -0.018551 -0.024121 -0.056806
v -0.008751 -0.027852 -0.057785
v 0.002400 -0.035958 -0.052254
v 0.014389 -0.032513 -0.052585
v 0.024696 -0.025410 -0.052418
v 0.032307 -0.015347 -0.051773
v 0.036479 -0.003306 -0.050712
v 0.036803 0.009534 -0.049338
v 0.033250 0.021912 -0.047788
v 0.026164 0.032622 -0.046211
v 0.016242 0.040611 -0.044764
v 0.004452 0.045101 -0.043587
v -0.008049 0.045649 -0.042795
v -0.020042 0.042203 -0.042466
v -0.030345 0.035101 -0.042633
v -0.037957 0.025039 -0.043278
v -0.042128 0.012997 -0.044338
v -0.042454 0.000159 -0.045710
v -0.038898 -0.012222 -0.047261
v -0.031814 -0.022930 -0.048836
v -0.021890 -0.030920 -0.050284
v -0.010102 -0.035410 -0.051461
v 0.003031 -0.042587 -0.046094
v 0.016751 -0.038647 -0.046471
v 0.028541 -0.030519 -0.046280
v 0.037250 -0.019005 -0.045542
v 0.042023 -0.005229 -0.044327
v 0.042394 0.009460 -0.042758
v 0.038327 0.023624 -0.040983
v 0.030220 0.035875 -0.039180
v 0.018870 0.045019 -0.037525
v 0.005380 0.050155 -0.036177
v -0.008924 0.050782 -0.035269
v -0.022642 0.046839 -0.034893
v -0.034434 0.038714 -0.035085
v -0.043141 0.027199 -0.035822
v -0.047913 0.013423 -0.037035
v -0.048285 -0.001267 -0.038607
v -0.044219 -0.015429 -0.040380
v -0.036114 -0.027683 -0.042183
v -0.024760 -0.036824 -0.043841
v -0.011271 -0.041960 -0.045187
v 0.003503 -0.048157 -0.038970
v 0.018611 -0.043816 -0.039383
v 0.031597 -0.034867 -0.039175
v 0.041187 -0.022186 -0.038362
v 0.046445 -0.007014 -0.037024
v 0.046854 0.009164 -0.035295
v 0.042376 0.024762 -0.033342
v 0.033447 0.038258 -0.031355
v 0.020943 0.048326 -0.029531
v 0.006088 0.053982 -0.028047
v -0.009665 0.054674 -0.027049
v -0.024774 0.050331 -0.026634
v -0.037759 0.041381 -0.026845
v -0.047350 0.028702 -0.027658
v -0.052608 0.013529 -0.028994
v -0.053016 -0.002648 -0.030724
v -0.048538 -0.018248 -0.032677
v -0.039610 -0.031741 -0.034663
v -0.027107 -0.041811 -0.036488
v -0.012250 -0.047467 -0.037971
v 0.003800 -0.052534 -0.031058
v 0.019926 -0.047899 -0.031501
v 0.033787 -0.038347 -0.031277
v 0.044024 -0.024810 -0.030409
v 0.049635 -0.008615 -0.028982
v 0.050074 0.008652 -0.027135
v 0.045293 0.025303 -0.025050
v 0.035762 0.039707 -0.022930
v 0.022416 0.050454 -0.020983
v 0.006559 0.056491 -0.019400
v -0.010255 0.057229 -0.018334
v -0.026383 0.052595 -0.017891
v -0.040243 0.043043 -0.018115
v -0.050480 0.029506 -0.018983
v -0.056091 0.013312 -0.020409
v -0.056528 -0.003957 -0.022255
v -0.051748 -0.020607 -0.024342
v -0.042218 -0.035012 -0.026462
v -0.028871 -0.045758 -0.028408
v -0.013016 -0.051795 -0.029991
v 0.003915 -0.055603 -0.022552
v 0.020665 -0.050792 -0.023011
v 0.035058 -0.040872 -0.022780
v 0.045690 -0.026813 -0.021878
v 0.051518 -0.009995 -0.020397
v 0.051971 0.007939 -0.018479
v 0.047007 0.025229 -0.016314
v 0.037111 0.040187 -0.014111
v 0.023249 0.051349 -0.012090
v 0.006781 0.057621 -0.010445
v -0.010680 0.058386 -0.009338
v -0.027429 0.053574 -0.008880
v -0.041823 0.043653 -0.009113
v -0.052453 0.029595 -0.010013
v -0.058282 0.012777 -0.011495
v -0.058736 -0.005156 -0.013411
v -0.053772 -0.022448 -0.015577
v -0.043874 -0.037408 -0.017779
v -0.030014 -0.048567 -0.019801
v -0.013546 -0.054839 -0.021447
v 0.003849 -0.057297 -0.013663
v 0.020806 -0.052425 -0.014129
v 0.035379 -0.042378 -0.013893
v 0.046143 -0.028146 -0.012982
v 0.052044 -0.011118 -0.011483
v 0.052504 0.007038 -0.009541
v 0.047476 0.024545 -0.007347
v 0.037456 0.039691 -0.005118
v 0.023423 0.050990 -0.003070
v 0.006750 0.057338 -0.001407
v -0.010929 0.058115 -0.000285
v -0.027887 0.053243 0.000179
v -0.042460 0.043199 -0.000055
v -0.053224 0.028965 -0.000969
v -0.059124 0.011937 -0.002468
v -0.059584 -0.006220 -0.004410
v -0.054557 -0.023727 -0.006603
v -0.044537 -0.038872 -0.008831
v -0.030504 -0.050171 -0.010878
v -0.013832 -0.056521 -0.012544
v 0.003599 -0.057568 -0.004610
v 0.020347 -0.052753 -0.005070
v 0.034741 -0.042835 -0.004837
v 0.045373 -0.028777 -0.003937
v 0.051200 -0.011957 -0.002455
v 0.051655 0.005975 -0.000539
v 0.046691 0.023267 0.001628
v 0.036794 0.038226 0.003829
v 0.022933 0.049386 0.005853
v 0.006465 0.055657 0.007496
v -0.010997 0.056423 0.008603
v -0.027745 0.051611 0.009063
v -0.042140 0.041690 0.008830
v -0.052771 0.027632 0.007930
v -0.058598 0.010814 0.006447
v -0.059053 -0.007120 0.004531
v -0.054088 -0.024411 0.002365
v -0.044191 -0.039368 0.000162
v -0.030330 -0.050532 -0.001860
v -0.013863 -0.056800 -0.003505
v 0.003174 -0.056412 0.004384
v 0.019302 -0.051776 0.003942
v 0.033160 -0.042223 0.004165
v 0.043399 -0.028688 0.005033
v 0.049010 -0.012493 0.006460
v 0.049447 0.004774 0.008307
v 0.044667 0.021425 0.010392
v 0.035137 0.035830 0.012512
v 0.021791 0.046577 0.014459
v 0.005934 0.052614 0.016043
v -0.010881 0.053352 0.017108
v -0.027008 0.048718 0.017550
v -0.040868 0.039164 0.017326
v -0.051104 0.025628 0.016459
v -0.056717 0.009434 0.015033
v -0.057154 -0.007833 0.013186
v -0.052374 -0.024484 0.011101
v -0.042843 -0.038888 0.008981
v -0.029497 -0.049635 0.007033
v -0.013640 -0.055673 0.005450
v 0.002584 -0.053855 0.013100
v 0.017691 -0.049512 0.012685
v 0.030678 -0.040563 0.012895
v 0.040268 -0.027882 0.013708
v 0.045525 -0.012710 0.015043
v 0.045936 0.003467 0.016773
v 0.041457 0.019067 0.018729
v 0.032529 0.032560 0.020713
v 0.020025 0.042629 0.022538
v 0.005169 0.048286 0.024022
v -0.010584 0.048978 0.025020
v -0.025693 0.044635 0.025435
v -0.038678 0.035685 0.025226
v -0.048269 0.023004 0.024413
v -0.053525 0.007833 0.023075
v -0.053934 -0.008345 0.021346
v -0.049457 -0.023945 0.019392
v -0.040529 -0.037438 0.017406
v -0.028024 -0.047508 0.015581
v -0.013170 -0.053164 0.014098
v 0.001843 -0.049963 0.021321
v 0.015562 -0.046021 0.020945
v 0.027351 -0.037896 0.021135
v 0.036059 -0.026381 0.021873
v 0.040833 -0.012604 0.023086
v 0.041205 0.002085 0.024657
v 0.037139 0.016248 0.026432
v 0.029032 0.028501 0.028234
v 0.017679 0.037642 0.029891
v 0.004190 0.042779 0.031238
v -0.010112 0.043407 0.032144
v -0.023832 0.039465 0.032521
v -0.035623 0.031338 0.032332
v -0.044330 0.019823 0.031593
v -0.049104 0.006048 0.030378
v -0.049475 -0.008641 0.028807
v -0.045409 -0.022804 0.027033
v -0.037303 -0.035057 0.025231
v -0.025949 -0.044199 0.023574
v -0.012461 -0.049335 0.022227
v 0.001090 -0.044083 0.022003
v 0.013080 -0.040636 0.021674
v 0.023384 -0.033534 0.021841
v 0.030997 -0.023470 0.022485
v 0.035169 -0.011430 0.023546
v 0.035494 0.001409 0.024918
v 0.031938 0.013788 0.026470
v 0.024854 0.024498 0.028046
v 0.014930 0.032489 0.029493
v 0.003141 0.036977 0.030671
v -0.009361 0.037525 0.031462
v -0.021350 0.034081 0.031791
v -0.031656 0.026978 0.031625
v -0.039267 0.016914 0.030980
v -0.043438 0.004873 0.029919
v -0.043764 -0.007966 0.028547
v -0.040210 -0.020345 0.026996
v -0.033125 -0.031053 0.025420
v -0.023202 -0.039044 0.023973
v -0.011413 -0.043534 0.022795
v 0.000209 -0.037197 0.022801
v 0.010174 -0.034333 0.022527
v 0.018740 -0.028428 0.022665
v 0.025068 -0.020063 0.023202
v 0.028537 -0.010054 0.024083
v 0.028806 0.000617 0.025224
v 0.025853 0.010909 0.026514
v 0.019962 0.019811 0.027823
v 0.011714 0.026452 0.029027
v 0.001914 0.030184 0.030006
v -0.008478 0.030641 0.030666
v -0.018446 0.027776 0.030938
v -0.027012 0.021872 0.030800
v -0.033339 0.013506 0.030263
v -0.036807 0.003498 0.029381
v -0.037077 -0.007175 0.028241
v -0.034122 -0.017466 0.026953
v -0.028233 -0.026367 0.025642
v -0.019985 -0.033009 0.024437
v -0.010184 -0.036741 0.023459
v -0.002701 0.005610 -0.054512
v -0.000308 -0.040395 0.052034
v 0.009657 -0.037532 0.051760
v 0.006403 -0.030462 0.052718
v -0.001297 -0.032675 0.052929
v 0.018226 -0.031627 0.051899
v 0.013016 -0.025903 0.052825
v 0.024552 -0.023261 0.052434
v 0.017904 -0.019441 0.053238
v 0.028021 -0.013252 0.053316
v 0.020582 -0.011710 0.053920
v 0.028288 -0.002581 0.054459
v 0.020791 -0.003468 0.054801
v 0.025335 0.007711 0.055747
v 0.018510 0.004480 0.055797
v 0.019446 0.016612 0.057057
v 0.013959 0.011356 0.056809
v 0.011198 0.023255 0.058261
v 0.007590 0.016487 0.057738
v 0.001400 0.026986 0.059239
v 0.000021 0.019369 0.058495
v -0.008994 0.027441 0.059898
v -0.008006 0.019721 0.059003
v -0.018963 0.024577 0.060171
v -0.015703 0.017509 0.059215
v -0.027529 0.018673 0.060034
v -0.022323 0.012949 0.059108
v -0.033854 0.010308 0.059496
v -0.027208 0.006487 0.058693
v -0.037322 0.000299 0.058615
v -0.029886 -0.001243 0.058012
v -0.037593 -0.010373 0.057473
v -0.030095 -0.009486 0.057131
v -0.034637 -0.020663 0.056185
v -0.027810 -0.017434 0.056134
v -0.028749 -0.029566 0.054875
v -0.023266 -0.024310 0.055123
v -0.020498 -0.036208 0.053671
v -0.016890 -0.029439 0.054194
v -0.010700 -0.039940 0.052693
v -0.009324 -0.032322 0.053438
v 0.002872 -0.022803 0.053755
v -0.002368 -0.024309 0.053899
v 0.007375 -0.019700 0.053828
v 0.010702 -0.015301 0.054110
v 0.012526 -0.010039 0.054573
v 0.012665 -0.004428 0.055174
v 0.011114 0.000982 0.055851
v 0.008017 0.005662 0.056540
v 0.003682 0.009154 0.057172
v -0.001471 0.011116 0.057687
v -0.006935 0.011355 0.058034
v -0.012173 0.009850 0.058177
v -0.016678 0.006746 0.058105
v -0.020004 0.002348 0.057822
v -0.021826 -0.002914 0.057359
v -0.021972 -0.008525 0.056759
v -0.020417 -0.013935 0.056082
v -0.017319 -0.018615 0.055392
v -0.012984 -0.022107 0.054759
v -0.007833 -0.024068 0.054245
v -0.000843 -0.014742 0.054847
v -0.003496 -0.015504 0.054920
v 0.001438 -0.013170 0.054884
v 0.003121 -0.010944 0.055026
v 0.004042 -0.008280 0.055262
v 0.004118 -0.005439 0.055564
v 0.003328 -0.002701 0.055907
v 0.001761 -0.000332 0.056257
v -0.000433 0.001436 0.056577
v -0.003040 0.002429 0.056837
v -0.005806 0.002550 0.057012
v -0.008460 0.001788 0.057085
v -0.010740 0.000217 0.057049
v -0.012424 -0.002010 0.056906
v -0.013347 -0.004673 0.056671
v -0.013418 -0.007514 0.056367
v -0.012632 -0.010252 0.056024
v -0.011064 -0.012622 0.055676
v -0.008870 -0.014390 0.055356
v -0.006260 -0.015382 0.055095
v -0.004653 -0.006477 0.055966
v -0.034555 -0.020143 0.051424
v -0.037508 -0.009852 0.052713
v -0.037238 0.000821 0.053853
v -0.033772 0.010829 0.054736
v -0.027442 0.019195 0.055271
v -0.018876 0.025098 0.055411
v -0.008912 0.027963 0.055136
v 0.001482 0.027507 0.054478
v 0.011282 0.023775 0.053499
v 0.019530 0.017133 0.052295
v 0.025420 0.008231 0.050985
v 0.028375 -0.002060 0.049697
v 0.028105 -0.012731 0.048555
v 0.024637 -0.022741 0.047674
v 0.018310 -0.031106 0.047135
v 0.009743 -0.037010 0.046999
v -0.000226 -0.039874 0.047272
v -0.010617 -0.039419 0.047931
v -0.020416 -0.035687 0.048910
v -0.028664 -0.029045 0.050113
v -0.038988 -0.022240 0.051456
v -0.042379 -0.010427 0.052935
v -0.039071 -0.022760 0.056217
v -0.042465 -0.010949 0.057697
v -0.042070 0.001821 0.054246
v -0.042155 0.001301 0.059007
v -0.038089 0.013309 0.055258
v -0.038170 0.012790 0.060019
v -0.030826 0.022914 0.055873
v -0.030909 0.022392 0.060635
v -0.020995 0.029689 0.056032
v -0.021076 0.029169 0.060794
v -0.009552 0.032977 0.055719
v -0.009634 0.032457 0.060479
v 0.002378 0.032454 0.054961
v 0.002293 0.031933 0.059722
v 0.013625 0.028170 0.053838
v 0.013541 0.027649 0.058599
v 0.023093 0.020546 0.052457
v 0.023008 0.020025 0.057218
v 0.029852 0.010328 0.050952
v 0.029768 0.009807 0.055715
v 0.033245 -0.001484 0.049474
v 0.033158 -0.002004 0.054235
v 0.032935 -0.013733 0.048164
v 0.032850 -0.014255 0.052925
v 0.028954 -0.025222 0.047151
v 0.028870 -0.025742 0.051913
v 0.021691 -0.034825 0.046535
v 0.021606 -0.035345 0.051298
v 0.011856 -0.041601 0.046377
v 0.011775 -0.042123 0.051139
v 0.000418 -0.044889 0.046692
v 0.000334 -0.045409 0.051453
v -0.011510 -0.044365 0.047447
v -0.011594 -0.044886 0.052208
v -0.022756 -0.040082 0.048571
v -0.022843 -0.040603 0.053332
v -0.032228 -0.032458 0.049953
v -0.032310 -0.032978 0.054713
v -0.042459 -0.010909 0.057329
v -0.042147 0.001341 0.058639
v -0.038166 0.012829 0.059651
v -0.030903 0.022433 0.060267
v -0.021070 0.029210 0.060426
v -0.009630 0.032496 0.060111
v 0.002298 0.031973 0.059355
v 0.013546 0.027689 0.058232
v 0.023015 0.020067 0.056850
v 0.029777 0.009848 0.055347
v 0.033165 -0.001965 0.053868
v 0.032856 -0.014214 0.052557
v 0.028877 -0.025703 0.051546
v 0.021614 -0.035305 0.050930
v 0.011779 -0.042082 0.050772
v 0.000340 -0.045369 0.051086
v -0.011588 -0.044845 0.051840
v -0.022837 -0.040563 0.052964
v -0.032304 -0.032939 0.054346
v -0.039065 -0.022721 0.055850
v -0.042387 -0.010488 0.053490
v -0.042080 0.001761 0.054801
v -0.038097 0.013249 0.055814
v -0.030834 0.022852 0.056429
v -0.021003 0.029628 0.056588
v -0.009563 0.032916 0.056273
v 0.002365 0.032393 0.055518
v 0.013614 0.028110 0.054394
v 0.023081 0.020484 0.053012
v 0.029843 0.010266 0.051510
v 0.033237 -0.001544 0.050029
v 0.032923 -0.013795 0.048720
v 0.028942 -0.025283 0.047708
v 0.021679 -0.034885 0.047092
v 0.011851 -0.041662 0.046933
v 0.000406 -0.044950 0.047247
v -0.011522 -0.044427 0.048004
v -0.022771 -0.040143 0.049127
v -0.032236 -0.032520 0.050508
v -0.038996 -0.022300 0.052011
v -0.037142 -0.007583 0.031971
v -0.036873 0.003090 0.033112
v -0.033405 0.013098 0.033994
v -0.027078 0.021464 0.034531
v -0.018511 0.027369 0.034669
v -0.008545 0.030231 0.034394
v 0.001847 0.029776 0.033736
v 0.011647 0.026044 0.032759
v 0.019896 0.019403 0.031554
v 0.025785 0.010500 0.030244
v 0.028740 0.000210 0.028956
v 0.028471 -0.010462 0.027813
v 0.025003 -0.020471 0.026932
v 0.018674 -0.028836 0.026395
v 0.010109 -0.034741 0.026258
v 0.000141 -0.037605 0.026531
v -0.010249 -0.037150 0.027189
v -0.020051 -0.033418 0.028169
v -0.028298 -0.026775 0.029371
v -0.034188 -0.017873 0.030682
v -0.037499 -0.009783 0.052075
v -0.037228 0.000889 0.053217
v -0.033760 0.010899 0.054098
v -0.027433 0.019264 0.054635
v -0.018867 0.025168 0.054772
v -0.008900 0.028032 0.054499
v 0.001492 0.027576 0.053840
v 0.011290 0.023845 0.052861
v 0.019541 0.017203 0.051658
v 0.025430 0.008301 0.050348
v 0.028387 -0.001989 0.049058
v 0.028115 -0.012662 0.047917
v 0.024646 -0.022671 0.047036
v 0.018321 -0.031037 0.046499
v 0.009755 -0.036940 0.046361
v -0.000212 -0.039805 0.046636
v -0.010604 -0.039349 0.047293
v -0.020403 -0.035616 0.048272
v -0.028653 -0.028975 0.049475
v -0.034543 -0.020073 0.050786
v -0.038688 0.001120 0.053971
v -0.035064 0.011573 0.054892
v -0.028458 0.020310 0.055452
v -0.019512 0.026476 0.055597
v -0.009103 0.029468 0.055311
v 0.001750 0.028991 0.054623
v 0.011986 0.025094 0.053601
v 0.020599 0.018157 0.052344
v 0.026749 0.008861 0.050976
v 0.029834 -0.001887 0.049630
v 0.029553 -0.013033 0.048439
v 0.025931 -0.023484 0.047517
v 0.019325 -0.032221 0.046956
v 0.010378 -0.038387 0.046813
v -0.000029 -0.041378 0.047097
v -0.010882 -0.040900 0.047787
v -0.021121 -0.037006 0.048808
v -0.029734 -0.030069 0.050065
v -0.035884 -0.020772 0.051433
v -0.038969 -0.010024 0.052779
v -0.050902 0.006774 0.027409
v -0.045930 0.021118 0.028673
v -0.036864 0.033106 0.029441
v -0.024589 0.041566 0.029640
v -0.010303 0.045672 0.029247
v 0.004588 0.045018 0.028303
v 0.018632 0.039670 0.026902
v 0.030454 0.030151 0.025177
v 0.038895 0.017394 0.023299
v 0.043127 0.002646 0.021453
v 0.042740 -0.012648 0.019817
v 0.037770 -0.026991 0.018552
v 0.028703 -0.038980 0.017784
v 0.016427 -0.047441 0.017586
v 0.002145 -0.051547 0.017978
v -0.012749 -0.050892 0.018922
v -0.026792 -0.045544 0.020324
v -0.038616 -0.036027 0.022049
v -0.047055 -0.023269 0.023927
v -0.051289 -0.008521 0.025775
v -0.036480 0.001522 -0.052107
v -0.036204 0.012462 -0.050938
v -0.032649 0.022720 -0.050033
v -0.026163 0.031294 -0.049484
v -0.017385 0.037345 -0.049343
v -0.007170 0.040281 -0.049624
v 0.003482 0.039814 -0.050298
v 0.013528 0.035989 -0.051301
v 0.021981 0.029181 -0.052534
v 0.028020 0.020057 -0.053878
v 0.031047 0.009510 -0.055198
v 0.030769 -0.001429 -0.056368
v 0.027215 -0.011687 -0.057272
v 0.020730 -0.020262 -0.057820
v 0.011951 -0.026313 -0.057963
v 0.001735 -0.029249 -0.057682
v -0.008918 -0.028780 -0.057009
v -0.018961 -0.024955 -0.056004
v -0.027416 -0.018148 -0.054772
v -0.033453 -0.009024 -0.053429
v 0.013557 0.027740 0.057772
v 0.023024 0.020117 0.056391
v 0.029782 0.009897 0.054888
v 0.033174 -0.001914 0.053407
v 0.032866 -0.014164 0.052098
v 0.028886 -0.025652 0.051085
v 0.021620 -0.035256 0.050470
v 0.011789 -0.042032 0.050311
v 0.000350 -0.045318 0.050626
v -0.011577 -0.044796 0.051381
v -0.022827 -0.040512 0.052504
v -0.032299 -0.032888 0.053886
v -0.039057 -0.022670 0.055389
v -0.042447 -0.010858 0.056869
v -0.042137 0.001391 0.058180
v -0.038156 0.012879 0.059191
v -0.030893 0.022483 0.059806
v -0.021062 0.029259 0.059966
v -0.009620 0.032548 0.059652
v 0.002308 0.032023 0.058896
v 0.013605 0.028051 0.054919
v 0.023073 0.020428 0.053538
v 0.029833 0.010210 0.052034
v 0.033224 -0.001603 0.050555
v 0.032915 -0.013851 0.049244
v 0.028934 -0.025341 0.048233
v 0.021673 -0.034943 0.047618
v 0.011840 -0.041718 0.047459
v 0.000399 -0.045008 0.047772
v -0.011530 -0.044483 0.048528
v -0.022778 -0.040201 0.049651
v -0.032245 -0.032576 0.051034
v -0.039006 -0.022358 0.052537
v -0.042400 -0.010546 0.054016
v -0.042087 0.001705 0.055326
v -0.038105 0.013192 0.056338
v -0.030843 0.022795 0.056954
v -0.021011 0.029571 0.057113
v -0.009572 0.032858 0.056799
v 0.002358 0.032336 0.056043
v -0.066779 -0.014725 -0.001045
v -0.066852 -0.014065 -0.003479
v -0.067009 -0.012675 -0.005584
v -0.067232 -0.010694 -0.007153
v -0.067503 -0.008314 -0.008033
v -0.067791 -0.005768 -0.008138
v -0.068071 -0.003306 -0.007456
v -0.068317 -0.001169 -0.006057
v -0.068500 0.000434 -0.004076
v -0.068606 0.001347 -0.001706
v -0.068623 0.001478 0.000820
v -0.068550 0.000818 0.003254
v -0.068394 -0.000571 0.005359
v -0.068170 -0.002553 0.006927
v -0.067900 -0.004933 0.007808
v -0.067611 -0.007478 0.007912
v -0.067330 -0.009940 0.007232
v -0.067086 -0.012077 0.005831
v -0.066902 -0.013681 0.003850
v -0.066797 -0.014593 0.001480
v -0.051036 -0.013050 -0.002265
v -0.051109 -0.012389 -0.004699
v -0.051265 -0.010999 -0.006804
v -0.051489 -0.009019 -0.008373
v -0.051759 -0.006638 -0.009254
v -0.052048 -0.004092 -0.009358
v -0.052329 -0.001630 -0.008676
v -0.052572 0.000507 -0.007277
v -0.052757 0.002110 -0.005296
v -0.052862 0.003023 -0.002926
v -0.052881 0.003154 -0.000401
v -0.052806 0.002494 0.002034
v -0.052650 0.001105 0.004138
v -0.052427 -0.000877 0.005708
v -0.052157 -0.003257 0.006588
v -0.051868 -0.005803 0.006692
v -0.051587 -0.008264 0.006012
v -0.051342 -0.010402 0.004612
v -0.051158 -0.012005 0.002629
v -0.051053 -0.012918 0.000260
v -0.050113 -0.021152 -0.003198
v -0.050260 -0.019830 -0.008066
v -0.050572 -0.017051 -0.012275
v -0.051020 -0.013088 -0.015413
v -0.051560 -0.008329 -0.017173
v -0.052138 -0.003237 -0.017384
v -0.052699 0.001688 -0.016020
v -0.053187 0.005961 -0.013222
v -0.053555 0.009168 -0.009259
v -0.053767 0.010993 -0.004520
v -0.053802 0.011255 0.000532
v -0.053656 0.009936 0.005401
v -0.053344 0.007157 0.009610
v -0.052896 0.003194 0.012748
v -0.052356 -0.001566 0.014508
v -0.051777 -0.006658 0.014717
v -0.051216 -0.011582 0.013356
v -0.050727 -0.015856 0.010555
v -0.050358 -0.019062 0.006591
v -0.050148 -0.020887 0.001853
v -0.065856 -0.022827 -0.001977
v -0.066003 -0.021507 -0.006846
v -0.066316 -0.018728 -0.011055
v -0.066764 -0.014765 -0.014193
v -0.067304 -0.010004 -0.015953
v -0.067881 -0.004913 -0.016164
v -0.068444 0.000011 -0.014799
v -0.068932 0.004284 -0.012000
v -0.069300 0.007491 -0.008038
v -0.069511 0.009317 -0.003299
v -0.069546 0.009580 0.001752
v -0.069399 0.008260 0.006621
v -0.069088 0.005482 0.010831
v -0.068638 0.001518 0.013968
v -0.068099 -0.003242 0.015728
v -0.067521 -0.008333 0.015937
v -0.066959 -0.013258 0.014576
v -0.066471 -0.017532 0.011775
v -0.066101 -0.020739 0.007812
v -0.065892 -0.022564 0.003073
v -0.065918 -0.022319 0.003025
v -0.065885 -0.022580 -0.001949
v -0.066028 -0.021278 -0.006742
v -0.066336 -0.018542 -0.010888
v -0.066777 -0.014640 -0.013978
v -0.067311 -0.009952 -0.015709
v -0.067878 -0.004939 -0.015917
v -0.068432 -0.000091 -0.014576
v -0.068912 0.004119 -0.011819
v -0.069275 0.007276 -0.007918
v -0.069484 0.009074 -0.003250
v -0.069517 0.009334 0.001724
v -0.069373 0.008032 0.006518
v -0.069065 0.005297 0.010662
v -0.068625 0.001395 0.013753
v -0.068093 -0.003294 0.015485
v -0.067523 -0.008307 0.015690
v -0.066970 -0.013155 0.014350
v -0.066490 -0.017364 0.011594
v -0.066126 -0.020522 0.007690
v -0.066755 -0.014956 0.001553
v -0.066737 -0.015095 -0.001088
v -0.066814 -0.014404 -0.003633
v -0.066976 -0.012951 -0.005833
v -0.067211 -0.010879 -0.007474
v -0.067493 -0.008391 -0.008394
v -0.067795 -0.005729 -0.008503
v -0.068089 -0.003155 -0.007792
v -0.068344 -0.000920 -0.006328
v -0.068537 0.000757 -0.004256
v -0.068647 0.001711 -0.001778
v -0.068665 0.001849 0.000863
v -0.068588 0.001157 0.003408
v -0.068426 -0.000295 0.005607
v -0.068191 -0.002367 0.007249
v -0.067909 -0.004855 0.008168
v -0.067607 -0.007517 0.008278
v -0.067313 -0.010091 0.007566
v -0.067058 -0.012326 0.006102
v -0.066866 -0.014002 0.004031
v -0.066400 -0.018081 0.002177
v -0.066375 -0.018272 -0.001453
v -0.066480 -0.017321 -0.004953
v -0.066705 -0.015324 -0.007979
v -0.067026 -0.012475 -0.010234
v -0.067415 -0.009053 -0.011499
v -0.067831 -0.005393 -0.011649
v -0.068235 -0.001854 -0.010671
v -0.068584 0.001218 -0.008658
v -0.068850 0.003523 -0.005809
v -0.069002 0.004836 -0.002403
v -0.069027 0.005024 0.001228
v -0.068922 0.004075 0.004727
v -0.068697 0.002078 0.007753
v -0.068375 -0.000771 0.010008
v -0.067987 -0.004193 0.011273
v -0.067572 -0.007852 0.011424
v -0.067167 -0.011392 0.010445
v -0.066817 -0.014464 0.008432
v -0.066552 -0.016769 0.005584
v -0.065968 -0.011958 0.005745
v -0.065783 -0.013562 0.003764
v -0.065678 -0.014474 0.001394
v -0.065661 -0.014607 -0.001132
v -0.065734 -0.013946 -0.003566
v -0.065890 -0.012556 -0.005671
v -0.066115 -0.010575 -0.007240
v -0.066385 -0.008194 -0.008120
v -0.066674 -0.005649 -0.008225
v -0.066955 -0.003187 -0.007544
v -0.067199 -0.001050 -0.006144
v -0.067383 0.000554 -0.004163
v -0.067488 0.001466 -0.001792
v -0.067505 0.001598 0.000733
v -0.067433 0.000938 0.003166
v -0.067276 -0.000452 0.005272
v -0.067052 -0.002434 0.006841
v -0.066782 -0.004813 0.007721
v -0.066492 -0.007359 0.007826
v -0.066212 -0.009821 0.007144
v -0.055473 -0.021722 -0.002782
v -0.055620 -0.020401 -0.007651
v -0.055932 -0.017622 -0.011860
v -0.056380 -0.013659 -0.014998
v -0.056920 -0.008899 -0.016758
v -0.057497 -0.003807 -0.016968
v -0.058060 0.001117 -0.015604
v -0.058548 0.005390 -0.012806
v -0.058916 0.008597 -0.008843
v -0.059127 0.010423 -0.004104
v -0.059162 0.010685 0.000948
v -0.059015 0.009365 0.005816
v -0.058704 0.006587 0.010025
v -0.058255 0.002623 0.013163
v -0.057715 -0.002137 0.014923
v -0.057137 -0.007228 0.015133
v -0.056575 -0.012152 0.013771
v -0.056087 -0.016427 0.010970
v -0.055718 -0.019633 0.007007
v -0.055507 -0.021458 0.002269
v 0.061860 -0.005620 -0.006177
v 0.061490 -0.006234 -0.003763
v 0.061124 -0.006048 -0.001271
v 0.060799 -0.005081 0.001052
v 0.060547 -0.003427 0.002981
v 0.060390 -0.001249 0.004327
v 0.060348 0.001242 0.004956
v 0.060422 0.003799 0.004809
v 0.060604 0.006174 0.003900
v 0.060878 0.008135 0.002317
v 0.061219 0.009488 0.000215
v 0.061589 0.010102 -0.002199
v 0.061954 0.009916 -0.004691
v 0.062280 0.008949 -0.007014
v 0.062532 0.007295 -0.008943
v 0.062687 0.005117 -0.010288
v 0.062730 0.002627 -0.010919
v 0.062656 0.000069 -0.010771
v 0.062473 -0.002307 -0.009862
v 0.062200 -0.004267 -0.008279
v 0.046022 -0.005900 -0.007592
v 0.045652 -0.006513 -0.005178
v 0.045287 -0.006327 -0.002686
v 0.044962 -0.005361 -0.000363
v 0.044709 -0.003707 0.001567
v 0.044555 -0.001528 0.002912
v 0.044511 0.000963 0.003541
v 0.044584 0.003520 0.003395
v 0.044768 0.005895 0.002486
v 0.045042 0.007856 0.000902
v 0.045382 0.009209 -0.001200
v 0.045751 0.009823 -0.003614
v 0.046117 0.009637 -0.006105
v 0.046442 0.008670 -0.008429
v 0.046695 0.007016 -0.010358
v 0.046850 0.004838 -0.011703
v 0.046893 0.002347 -0.012333
v 0.046819 -0.000211 -0.012186
v 0.046636 -0.002586 -0.011276
v 0.046362 -0.004546 -0.009693
v 0.046344 -0.013454 -0.010788
v 0.045603 -0.014681 -0.005959
v 0.044872 -0.014309 -0.000977
v 0.044222 -0.012375 0.003670
v 0.043717 -0.009068 0.007528
v 0.043405 -0.004711 0.010220
v 0.043320 0.000271 0.011479
v 0.043466 0.005385 0.011185
v 0.043832 0.010136 0.009367
v 0.044382 0.014057 0.006201
v 0.045061 0.016761 0.001996
v 0.045801 0.017991 -0.002832
v 0.046532 0.017619 -0.007814
v 0.047183 0.015685 -0.012462
v 0.047687 0.012378 -0.016319
v 0.047998 0.008020 -0.019011
v 0.048084 0.003039 -0.020271
v 0.047937 -0.002077 -0.019976
v 0.047570 -0.006827 -0.018157
v 0.047022 -0.010747 -0.014991
v 0.062180 -0.013174 -0.009373
v 0.061441 -0.014403 -0.004544
v 0.060709 -0.014031 0.000438
v 0.060059 -0.012097 0.005085
v 0.059554 -0.008789 0.008943
v 0.059242 -0.004432 0.011634
v 0.059158 0.000550 0.012892
v 0.059305 0.005664 0.012598
v 0.059671 0.010415 0.010781
v 0.060219 0.014335 0.007615
v 0.060899 0.017041 0.003411
v 0.061638 0.018270 -0.001418
v 0.062370 0.017900 -0.006400
v 0.063019 0.015964 -0.011047
v 0.063524 0.012657 -0.014905
v 0.063836 0.008299 -0.017595
v 0.063921 0.003319 -0.018856
v 0.063774 -0.001797 -0.018561
v 0.063407 -0.006549 -0.016743
v 0.062859 -0.010469 -0.013577
v 0.062838 -0.010278 -0.013415
v 0.062171 -0.012944 -0.009275
v 0.061441 -0.014151 -0.004521
v 0.060722 -0.013786 0.000385
v 0.060082 -0.011882 0.004962
v 0.059585 -0.008624 0.008760
v 0.059277 -0.004334 0.011410
v 0.059194 0.000570 0.012651
v 0.059338 0.005608 0.012361
v 0.059698 0.010285 0.010571
v 0.060240 0.014147 0.007453
v 0.060907 0.016812 0.003314
v 0.061637 0.018020 -0.001442
v 0.062356 0.017654 -0.006347
v 0.062997 0.015751 -0.010923
v 0.063494 0.012492 -0.014722
v 0.063800 0.008201 -0.017371
v 0.063885 0.003298 -0.018612
v 0.063740 -0.001739 -0.018323
v 0.063378 -0.006418 -0.016532
v 0.062229 -0.004550 -0.008520
v 0.061875 -0.005965 -0.006322
v 0.061488 -0.006607 -0.003798
v 0.061105 -0.006412 -0.001194
v 0.060765 -0.005401 0.001237
v 0.060500 -0.003672 0.003253
v 0.060339 -0.001394 0.004659
v 0.060294 0.001210 0.005319
v 0.060370 0.003885 0.005165
v 0.060562 0.006369 0.004214
v 0.060849 0.008418 0.002558
v 0.061203 0.009833 0.000361
v 0.061591 0.010474 -0.002164
v 0.061973 0.010279 -0.004767
v 0.062313 0.009269 -0.007198
v 0.062577 0.007540 -0.009214
v 0.062741 0.005262 -0.010621
v 0.062784 0.002658 -0.011280
v 0.062707 -0.000016 -0.011126
v 0.062516 -0.002500 -0.010175
v 0.062488 -0.006981 -0.010597
v 0.062000 -0.008927 -0.007576
v 0.061467 -0.009808 -0.004105
v 0.060943 -0.009542 -0.000523
v 0.060475 -0.008151 0.002817
v 0.060112 -0.005774 0.005590
v 0.059888 -0.002641 0.007524
v 0.059828 0.000938 0.008430
v 0.059933 0.004616 0.008219
v 0.060196 0.008030 0.006911
v 0.060590 0.010850 0.004636
v 0.061078 0.012793 0.001614
v 0.061611 0.013677 -0.001856
v 0.062136 0.013410 -0.005439
v 0.062603 0.012019 -0.008778
v 0.062966 0.009641 -0.011552
v 0.063190 0.006509 -0.013486
v 0.063251 0.002930 -0.014392
v 0.063145 -0.000748 -0.014180
v 0.062882 -0.004163 -0.012873
v 0.061531 0.000049 -0.010871
v 0.061348 -0.002326 -0.009963
v 0.061075 -0.004287 -0.008379
v 0.060735 -0.005640 -0.006278
v 0.060365 -0.006254 -0.003863
v 0.059999 -0.006068 -0.001372
v 0.059675 -0.005101 0.000952
v 0.059422 -0.003447 0.002881
v 0.059266 -0.001269 0.004227
v 0.059224 0.001221 0.004857
v 0.059297 0.003780 0.004709
v 0.059480 0.006155 0.003800
v 0.059754 0.008115 0.002216
v 0.060094 0.009468 0.000115
v 0.060465 0.010082 -0.002299
v 0.060829 0.009896 -0.004791
v 0.061154 0.008929 -0.007115
v 0.061407 0.007276 -0.009043
v 0.061562 0.005097 -0.010389
v 0.061606 0.002607 -0.011018
v 0.051735 -0.013358 -0.010306
v 0.050995 -0.014586 -0.005477
v 0.050264 -0.014214 -0.000495
v 0.049614 -0.012280 0.004152
v 0.049109 -0.008973 0.008010
v 0.048796 -0.004616 0.010701
v 0.048712 0.000366 0.011960
v 0.048858 0.005480 0.011666
v 0.049224 0.010231 0.009848
v 0.049773 0.014152 0.006682
v 0.050452 0.016857 0.002477
v 0.051192 0.018086 -0.002351
v 0.051924 0.017715 -0.007333
v 0.052574 0.015780 -0.011980
v 0.053079 0.012473 -0.015838
v 0.053390 0.008115 -0.018529
v 0.053476 0.003135 -0.019789
v 0.053329 -0.001982 -0.019494
v 0.052961 -0.006732 -0.017675
v 0.052414 -0.010652 -0.014510
v 0.172803 -0.014953 0.289626
v 0.192999 -0.015848 0.290439
v 0.167460 -0.012698 0.385891
v 0.187656 -0.013593 0.386702
v 0.166837 -0.029681 0.386437
v 0.187031 -0.030576 0.387249
v 0.172178 -0.031937 0.290172
v 0.192374 -0.032833 0.290986
v 0.187074 -0.029436 0.387213
v 0.166878 -0.028541 0.386401
v 0.172220 -0.030797 0.290136
v 0.192416 -0.031692 0.290948
v 0.187615 -0.014726 0.386739
v 0.167419 -0.013831 0.385926
v 0.172761 -0.016086 0.289663
v 0.192957 -0.016981 0.290475
v 0.187618 -0.014728 0.386667
v 0.187660 -0.013594 0.386629
v 0.167464 -0.012699 0.385819
v 0.167423 -0.013833 0.385853
v 0.166882 -0.028543 0.386327
v 0.166839 -0.029685 0.386364
v 0.187035 -0.030578 0.387177
v 0.187077 -0.029438 0.387139
v 0.192948 -0.016978 0.290631
v 0.192990 -0.015845 0.290595
v 0.172794 -0.014949 0.289783
v 0.172753 -0.016082 0.289819
v 0.172211 -0.030793 0.290293
v 0.172170 -0.031934 0.290330
v 0.192365 -0.032829 0.291142
v 0.192407 -0.031688 0.291105
v 0.187758 -0.013635 0.384869
v 0.167563 -0.012740 0.384057
v 0.167521 -0.013874 0.384092
v 0.166979 -0.028584 0.384567
v 0.166938 -0.029724 0.384604
v 0.187133 -0.030619 0.385415
v 0.187175 -0.029478 0.385379
v 0.187716 -0.014769 0.384905
v 0.187337 -0.022248 0.386981
v 0.167142 -0.021353 0.386169
v 0.167147 -0.021355 0.386095
v 0.167244 -0.021395 0.384335
v 0.172475 -0.023605 0.290061
v 0.172485 -0.023608 0.289905
v 0.192680 -0.024504 0.290717
v 0.192672 -0.024500 0.290874
v 0.187440 -0.022291 0.385148
v 0.187342 -0.022250 0.386908
v 0.187052 -0.030154 0.387163
v 0.187149 -0.030196 0.385402
v 0.192381 -0.032405 0.291129
v 0.192390 -0.032408 0.290972
v 0.172194 -0.031513 0.290159
v 0.172185 -0.031509 0.290316
v 0.166953 -0.029300 0.384590
v 0.166855 -0.029259 0.386351
v 0.166850 -0.029256 0.386423
v 0.187047 -0.030153 0.387237
v 0.192912 -0.016962 0.291289
v 0.192954 -0.015830 0.291252
v 0.172758 -0.014934 0.290439
v 0.172716 -0.016066 0.290477
v 0.172439 -0.023589 0.290719
v 0.172175 -0.030778 0.290949
v 0.172149 -0.031494 0.290973
v 0.172133 -0.031918 0.290987
v 0.192329 -0.032813 0.291799
v 0.192344 -0.032388 0.291785
v 0.192370 -0.031673 0.291762
v 0.192635 -0.024485 0.291531
v 0.156636 -0.005758 0.787166
v 0.170268 -0.006369 0.787374
v 0.155992 -0.005311 0.807125
v 0.169624 -0.005922 0.807332
v 0.155511 -0.018413 0.807547
v 0.169141 -0.019023 0.807754
v 0.156154 -0.018860 0.787588
v 0.169786 -0.019470 0.787796
v 0.169536 -0.005918 0.807331
v 0.169053 -0.019020 0.807753
v 0.169698 -0.019467 0.787794
v 0.170180 -0.006365 0.787373
v 0.156096 -0.005315 0.807127
v 0.155615 -0.018418 0.807549
v 0.156257 -0.018863 0.787591
v 0.156740 -0.005762 0.787169
v 0.156103 -0.005320 0.806921
v 0.155999 -0.005315 0.806921
v 0.155517 -0.018418 0.807341
v 0.155622 -0.018422 0.807344
v 0.169059 -0.019025 0.807548
v 0.169148 -0.019028 0.807548
v 0.169631 -0.005927 0.807127
v 0.169542 -0.005923 0.807125
v 0.156633 -0.005755 0.787274
v 0.156151 -0.018857 0.787696
v 0.156254 -0.018863 0.787697
v 0.169694 -0.019464 0.787901
v 0.169782 -0.019468 0.787902
v 0.170264 -0.006366 0.787480
v 0.170177 -0.006363 0.787479
v 0.156736 -0.005760 0.787275
v 0.170042 -0.006357 0.787477
v 0.170046 -0.006359 0.787371
v 0.169565 -0.019462 0.787793
v 0.169561 -0.019459 0.787899
v 0.168928 -0.019019 0.807545
v 0.168921 -0.019015 0.807751
v 0.169402 -0.005912 0.807329
v 0.169409 -0.005917 0.807123
v 0.156863 -0.005768 0.787171
v 0.156860 -0.005764 0.787277
v 0.156226 -0.005325 0.806923
v 0.156219 -0.005321 0.807129
v 0.155737 -0.018422 0.807550
v 0.155744 -0.018428 0.807345
v 0.156378 -0.018866 0.787699
v 0.156381 -0.018870 0.787592
v 0.156860 -0.005765 0.787281
v 0.156737 -0.005760 0.787278
v 0.156633 -0.005755 0.787277
v 0.156151 -0.018857 0.787699
v 0.156254 -0.018862 0.787700
v 0.156378 -0.018868 0.787703
v 0.169561 -0.019459 0.787903
v 0.169694 -0.019465 0.787905
v 0.169782 -0.019468 0.787906
v 0.170264 -0.006367 0.787484
v 0.170176 -0.006362 0.787483
v 0.170043 -0.006356 0.787481
v 0.156112 -0.005326 0.806634
v 0.156008 -0.005322 0.806632
v 0.155526 -0.018423 0.807055
v 0.155630 -0.018428 0.807056
v 0.155753 -0.018434 0.807058
v 0.168936 -0.019025 0.807259
v 0.169069 -0.019031 0.807260
v 0.169158 -0.019035 0.807262
v 0.169640 -0.005933 0.806840
v 0.169551 -0.005929 0.806839
v 0.169418 -0.005923 0.806837
v 0.156235 -0.005333 0.806636
v 0.157702 -0.012086 0.820833
v 0.154759 -0.011167 0.858392
v 0.137177 -0.009916 0.880211
v 0.115802 -0.008792 0.887828
v 0.093203 -0.007815 0.885710
v 0.158645 -0.013337 0.763074
v 0.157896 -0.011071 0.820861
v 0.154882 -0.010241 0.858624
v 0.137234 -0.008874 0.880376
v 0.115811 -0.007990 0.887955
v 0.093181 -0.007054 0.885829
v 0.158832 -0.012364 0.763026
v 0.158383 -0.010167 0.821009
v 0.155172 -0.009404 0.859356
v 0.137322 -0.007926 0.880922
v 0.115778 -0.007258 0.888382
v 0.093063 -0.006358 0.886226
v 0.159303 -0.011500 0.762948
v 0.159116 -0.009462 0.821260
v 0.155600 -0.008736 0.860515
v 0.137433 -0.007168 0.881793
v 0.115706 -0.006670 0.889063
v 0.092858 -0.005792 0.886859
v 0.160011 -0.010831 0.762850
v 0.160022 -0.009025 0.821590
v 0.156124 -0.008303 0.861991
v 0.137555 -0.006670 0.882906
v 0.115603 -0.006279 0.889934
v 0.092589 -0.005416 0.887669
v 0.160888 -0.010421 0.762740
v 0.161014 -0.008900 0.821969
v 0.156693 -0.008148 0.863636
v 0.137678 -0.006486 0.884150
v 0.115478 -0.006126 0.890907
v 0.092280 -0.005263 0.888575
v 0.161846 -0.010311 0.762629
v 0.161994 -0.009098 0.822359
v 0.157251 -0.008284 0.865289
v 0.137788 -0.006629 0.885406
v 0.115344 -0.006227 0.891888
v 0.091962 -0.005349 0.889487
v 0.162794 -0.010512 0.762528
v 0.162866 -0.009600 0.822720
v 0.157744 -0.008701 0.866793
v 0.137876 -0.007088 0.886551
v 0.115213 -0.006569 0.892782
v 0.091667 -0.005666 0.890319
v 0.163637 -0.011004 0.762446
v 0.163544 -0.010358 0.823018
v 0.158123 -0.009356 0.867995
v 0.137932 -0.007817 0.887470
v 0.115100 -0.007122 0.893501
v 0.091423 -0.006184 0.890988
v 0.164294 -0.011737 0.762395
v 0.163964 -0.011295 0.823225
v 0.158352 -0.010185 0.868780
v 0.137951 -0.008744 0.888076
v 0.115014 -0.007828 0.893973
v 0.091254 -0.006850 0.891428
v 0.164700 -0.012641 0.762375
v 0.164082 -0.012322 0.823318
v 0.158407 -0.011107 0.869072
v 0.137932 -0.009780 0.888308
v 0.114964 -0.008622 0.894154
v 0.091177 -0.007600 0.891596
v 0.164815 -0.013630 0.762388
v 0.163888 -0.013337 0.823290
v 0.158284 -0.012034 0.868840
v 0.137875 -0.010823 0.888143
v 0.114955 -0.009423 0.894025
v 0.091198 -0.008361 0.891476
v 0.164628 -0.014602 0.762438
v 0.163402 -0.014242 0.823143
v 0.157994 -0.012872 0.868108
v 0.137787 -0.011770 0.887597
v 0.114988 -0.010154 0.893599
v 0.091317 -0.009058 0.891080
v 0.164157 -0.015467 0.762514
v 0.162669 -0.014946 0.822892
v 0.157566 -0.013540 0.866948
v 0.137676 -0.012530 0.886726
v 0.115060 -0.010743 0.892917
v 0.091522 -0.009623 0.890447
v 0.163448 -0.016136 0.762612
v 0.161762 -0.015382 0.822561
v 0.157042 -0.013973 0.865474
v 0.137553 -0.013026 0.885613
v 0.115163 -0.011133 0.892046
v 0.091791 -0.010000 0.889638
v 0.162572 -0.016546 0.762722
v 0.160771 -0.015508 0.822182
v 0.156473 -0.014128 0.863829
v 0.137431 -0.013212 0.884368
v 0.115288 -0.011286 0.891074
v 0.092100 -0.010153 0.888732
v 0.161613 -0.016656 0.762833
v 0.159791 -0.015310 0.821793
v 0.155915 -0.013990 0.862173
v 0.137320 -0.013068 0.883112
v 0.115423 -0.011185 0.890092
v 0.092417 -0.010066 0.887818
v 0.160665 -0.016455 0.762934
v 0.158919 -0.014807 0.821431
v 0.155422 -0.013574 0.860672
v 0.137233 -0.012609 0.881968
v 0.115553 -0.010844 0.889198
v 0.092712 -0.009748 0.886987
v 0.159822 -0.015963 0.763016
v 0.158240 -0.014050 0.821134
v 0.155042 -0.012918 0.859469
v 0.137177 -0.011879 0.881050
v 0.115666 -0.010290 0.888480
v 0.092957 -0.009232 0.886319
v 0.159165 -0.015229 0.763068
v 0.157821 -0.013112 0.820928
v 0.154814 -0.012089 0.858683
v 0.137158 -0.010952 0.880443
v 0.115752 -0.009584 0.888007
v 0.093125 -0.008565 0.885878
v 0.158760 -0.014325 0.763088
v 0.092910 -0.005714 0.890450
v 0.093197 -0.005395 0.889614
v 0.093505 -0.005309 0.888698
v 0.093803 -0.005461 0.887788
v 0.094064 -0.005838 0.886975
v 0.094261 -0.006404 0.886339
v 0.094376 -0.007104 0.885942
v 0.094396 -0.007867 0.885822
v 0.094320 -0.008619 0.885991
v 0.094155 -0.009287 0.886432
v 0.093918 -0.009807 0.887104
v 0.093632 -0.010125 0.887938
v 0.093324 -0.010213 0.888856
v 0.093025 -0.010059 0.889764
v 0.092764 -0.009682 0.890577
v 0.092567 -0.009116 0.891213
v 0.092453 -0.008418 0.891611
v 0.092432 -0.007654 0.891731
v 0.092508 -0.006901 0.891562
v 0.092673 -0.006233 0.891121
v 0.177712 -0.021667 0.411735
v 0.177438 -0.022137 0.411745
v 0.177027 -0.022502 0.411748
v 0.176516 -0.022725 0.411744
v 0.175958 -0.022785 0.411734
v 0.175406 -0.022676 0.411719
v 0.174913 -0.022407 0.411700
v 0.174529 -0.022007 0.411677
v 0.174293 -0.021514 0.411656
v 0.174225 -0.020976 0.411636
v 0.174332 -0.020446 0.411621
v 0.174604 -0.019976 0.411612
v 0.175016 -0.019612 0.411609
v 0.175527 -0.019388 0.411612
v 0.176086 -0.019328 0.411622
v 0.176638 -0.019439 0.411638
v 0.177129 -0.019706 0.411658
v 0.177513 -0.020106 0.411680
v 0.177749 -0.020599 0.411701
v 0.177819 -0.021137 0.411720
v 0.179400 -0.022277 0.411792
v 0.178856 -0.023218 0.411811
v 0.178032 -0.023946 0.411817
v 0.177011 -0.024392 0.411810
v 0.175895 -0.024512 0.411790
v 0.174790 -0.024294 0.411759
v 0.173805 -0.023758 0.411720
v 0.173038 -0.022958 0.411677
v 0.172565 -0.021971 0.411633
v 0.172428 -0.020896 0.411594
v 0.172643 -0.019836 0.411565
v 0.173187 -0.018896 0.411546
v 0.174010 -0.018167 0.411540
v 0.175032 -0.017720 0.411546
v 0.176149 -0.017601 0.411567
v 0.177254 -0.017819 0.411598
v 0.178238 -0.018356 0.411637
v 0.179005 -0.019156 0.411681
v 0.179479 -0.020141 0.411723
v 0.179616 -0.021217 0.411762
v 0.163677 -0.013298 0.806954
v 0.163133 -0.014239 0.806973
v 0.162309 -0.014968 0.806976
v 0.161290 -0.015413 0.806972
v 0.160172 -0.015535 0.806953
v 0.159065 -0.015315 0.806920
v 0.158081 -0.014779 0.806879
v 0.157316 -0.013978 0.806836
v 0.156843 -0.012993 0.806794
v 0.156705 -0.011917 0.806757
v 0.156920 -0.010856 0.806727
v 0.157467 -0.009916 0.806706
v 0.158290 -0.009188 0.806700
v 0.159308 -0.008741 0.806709
v 0.160426 -0.008622 0.806730
v 0.161533 -0.008840 0.806761
v 0.162513 -0.009376 0.806798
v 0.163280 -0.010176 0.806842
v 0.163756 -0.011162 0.806885
v 0.163890 -0.012238 0.806926
v 0.161988 -0.012688 0.806896
v 0.161715 -0.013158 0.806903
v 0.161303 -0.013523 0.806907
v 0.160795 -0.013745 0.806905
v 0.160235 -0.013805 0.806897
v 0.159683 -0.013696 0.806878
v 0.159192 -0.013429 0.806860
v 0.158808 -0.013028 0.806837
v 0.158571 -0.012535 0.806814
v 0.158504 -0.011996 0.806798
v 0.158610 -0.011467 0.806779
v 0.158882 -0.010997 0.806772
v 0.159296 -0.010632 0.806770
v 0.159804 -0.010410 0.806772
v 0.160363 -0.010350 0.806785
v 0.160916 -0.010459 0.806799
v 0.161406 -0.010727 0.806818
v 0.161791 -0.011127 0.806838
v 0.162028 -0.011620 0.806861
v 0.162095 -0.012158 0.806880
v 0.176023 -0.021056 0.411678
v 0.160298 -0.012078 0.806841
v 0.165250 -0.014196 0.767439
v 0.164705 -0.015137 0.767456
v 0.163881 -0.015866 0.767459
v 0.162861 -0.016312 0.767457
v 0.161744 -0.016432 0.767437
v 0.160640 -0.016214 0.767405
v 0.159655 -0.015677 0.767362
v 0.158888 -0.014877 0.767320
v 0.158414 -0.013891 0.767279
v 0.158277 -0.012814 0.767243
v 0.158492 -0.011755 0.767210
v 0.159038 -0.010813 0.767188
v 0.159862 -0.010085 0.767183
v 0.160881 -0.009639 0.767192
v 0.161998 -0.009520 0.767213
v 0.163103 -0.009738 0.767245
v 0.164086 -0.010274 0.767282
v 0.164854 -0.011075 0.767326
v 0.165328 -0.012060 0.767369
v 0.165465 -0.013136 0.767407
v 0.164464 -0.013747 0.787196
v 0.164680 -0.012686 0.787168
v 0.164543 -0.011611 0.787127
v 0.164068 -0.010624 0.787084
v 0.163301 -0.009825 0.787039
v 0.162316 -0.009290 0.787004
v 0.161211 -0.009071 0.786971
v 0.160095 -0.009191 0.786951
v 0.159075 -0.009636 0.786941
v 0.158252 -0.010366 0.786945
v 0.157706 -0.011306 0.786968
v 0.157490 -0.012366 0.786999
v 0.157627 -0.013442 0.787036
v 0.158103 -0.014427 0.787079
v 0.158870 -0.015228 0.787121
v 0.159854 -0.015763 0.787162
v 0.160958 -0.015981 0.787193
v 0.162074 -0.015863 0.787215
v 0.163094 -0.015418 0.787218
v 0.163918 -0.014688 0.787213
v 0.182907 -0.023646 0.358149
v 0.182278 -0.024664 0.358159
v 0.181328 -0.025451 0.358148
v 0.180149 -0.025931 0.358119
v 0.178857 -0.026057 0.358073
v 0.177579 -0.025817 0.358016
v 0.176440 -0.025234 0.357952
v 0.175551 -0.024365 0.357888
v 0.174998 -0.023296 0.357831
v 0.174837 -0.022131 0.357785
v 0.175084 -0.020983 0.357757
v 0.175712 -0.019967 0.357746
v 0.176662 -0.019179 0.357757
v 0.177841 -0.018700 0.357787
v 0.179133 -0.018573 0.357832
v 0.180411 -0.018813 0.357889
v 0.181551 -0.019396 0.357953
v 0.182439 -0.020264 0.358017
v 0.182992 -0.021334 0.358074
v 0.183153 -0.022499 0.358120
v 0.186819 -0.024978 0.358345
v 0.185561 -0.027013 0.358364
v 0.183660 -0.028587 0.358344
v 0.181304 -0.029547 0.358286
v 0.178720 -0.029799 0.358194
v 0.176164 -0.029319 0.358078
v 0.173885 -0.028153 0.357951
v 0.172106 -0.026416 0.357823
v 0.171002 -0.024277 0.357709
v 0.170680 -0.021947 0.357618
v 0.171172 -0.019652 0.357560
v 0.172429 -0.017618 0.357542
v 0.174330 -0.016043 0.357561
v 0.176688 -0.015083 0.357620
v 0.179270 -0.014831 0.357712
v 0.181827 -0.015311 0.357826
v 0.184105 -0.016477 0.357954
v 0.185884 -0.018213 0.358081
v 0.186988 -0.020352 0.358196
v 0.187310 -0.022683 0.358287
v 0.185319 -0.024345 0.385389
v 0.184060 -0.026379 0.385410
v 0.182161 -0.027951 0.385388
v 0.179802 -0.028912 0.385329
v 0.177219 -0.029167 0.385239
v 0.174661 -0.028684 0.385122
v 0.172384 -0.027520 0.384995
v 0.170606 -0.025782 0.384868
v 0.169500 -0.023643 0.384754
v 0.169177 -0.021312 0.384665
v 0.169672 -0.019018 0.384604
v 0.170929 -0.016985 0.384585
v 0.172827 -0.015410 0.384606
v 0.175187 -0.014449 0.384665
v 0.177767 -0.014198 0.384757
v 0.180328 -0.014678 0.384871
v 0.182603 -0.015844 0.384999
v 0.184382 -0.017580 0.385126
v 0.185488 -0.019719 0.385240
v 0.185810 -0.022050 0.385331
v 0.179115 -0.022108 0.411357
v 0.178624 -0.022901 0.411365
v 0.177885 -0.023516 0.411357
v 0.176962 -0.023891 0.411334
v 0.175958 -0.023988 0.411298
v 0.174960 -0.023802 0.411253
v 0.174066 -0.023347 0.411204
v 0.173372 -0.022669 0.411153
v 0.172944 -0.021834 0.411108
v 0.172816 -0.020924 0.411074
v 0.173011 -0.020029 0.411050
v 0.173502 -0.019235 0.411043
v 0.174241 -0.018621 0.411051
v 0.175164 -0.018245 0.411074
v 0.176168 -0.018148 0.411111
v 0.177166 -0.018335 0.411155
v 0.178060 -0.018789 0.411205
v 0.178754 -0.019468 0.411254
v 0.179182 -0.020303 0.411299
v 0.179310 -0.021212 0.411335
v 0.178996 -0.022315 0.357952
v 0.176060 -0.021069 0.411205
v 0.184726 -0.027056 0.386243
v 0.182828 -0.028630 0.386221
v 0.178250 -0.023543 0.413012
v 0.178566 -0.023277 0.413017
v 0.179886 -0.029826 0.386147
v 0.177140 -0.030073 0.386050
v 0.175856 -0.024228 0.412942
v 0.176634 -0.024201 0.412971
v 0.174423 -0.029584 0.385927
v 0.175084 -0.024133 0.412909
v 0.171578 -0.028131 0.385769
v 0.169798 -0.026394 0.385642
v 0.173217 -0.023040 0.412801
v 0.173519 -0.023332 0.412821
v 0.168422 -0.023726 0.385499
v 0.168104 -0.021249 0.385403
v 0.172420 -0.020872 0.412697
v 0.172457 -0.021573 0.412723
v 0.168602 -0.018808 0.385340
v 0.172513 -0.020178 0.412677
v 0.170170 -0.016271 0.385316
v 0.172071 -0.014697 0.385338
v 0.173693 -0.018517 0.412667
v 0.173377 -0.018782 0.412663
v 0.175013 -0.013500 0.385410
v 0.177757 -0.013255 0.385509
v 0.176087 -0.017831 0.412737
v 0.175316 -0.017858 0.412707
v 0.180477 -0.013742 0.385631
v 0.176859 -0.017928 0.412771
v 0.183319 -0.015196 0.385790
v 0.185098 -0.016933 0.385917
v 0.178726 -0.019020 0.412879
v 0.178424 -0.018727 0.412857
v 0.186477 -0.019600 0.386059
v 0.186792 -0.022077 0.386156
v 0.179524 -0.021188 0.412983
v 0.179486 -0.020487 0.412958
v 0.186297 -0.024518 0.386218
v 0.179431 -0.021881 0.413003
v 0.178070 -0.018780 0.411141
v 0.177176 -0.018322 0.411092
v 0.176868 -0.017914 0.412707
v 0.176096 -0.017816 0.412673
v 0.175312 -0.017844 0.412644
v 0.175160 -0.018234 0.411011
v 0.174237 -0.018610 0.410987
v 0.173689 -0.018505 0.412603
v 0.173367 -0.018774 0.412599
v 0.173492 -0.019227 0.410979
v 0.172995 -0.020026 0.410987
v 0.172496 -0.020175 0.412613
v 0.172404 -0.020873 0.412633
v 0.172449 -0.021578 0.412658
v 0.172929 -0.021840 0.411045
v 0.173364 -0.022678 0.411091
v 0.173204 -0.023050 0.412738
v 0.173512 -0.023347 0.412759
v 0.174059 -0.023360 0.411141
v 0.174953 -0.023817 0.411191
v 0.175078 -0.024150 0.412847
v 0.175857 -0.024247 0.412881
v 0.176641 -0.024218 0.412909
v 0.176969 -0.023906 0.411272
v 0.177899 -0.023529 0.411294
v 0.178264 -0.023557 0.412950
v 0.178586 -0.023289 0.412954
v 0.178644 -0.022911 0.411303
v 0.179135 -0.022115 0.411295
v 0.179450 -0.021889 0.412941
v 0.179549 -0.021189 0.412921
v 0.179504 -0.020485 0.412895
v 0.179200 -0.020300 0.411237
v 0.178771 -0.019461 0.411191
v 0.178743 -0.019013 0.412816
v 0.178441 -0.018716 0.412795
v 0.178624 -0.022927 0.411477
v 0.177908 -0.023518 0.411469
v 0.177922 -0.023531 0.411407
v 0.182204 -0.027997 0.385446
v 0.184106 -0.026425 0.385466
v 0.178637 -0.022938 0.411415
v 0.176943 -0.023907 0.411422
v 0.175952 -0.024001 0.411385
v 0.174962 -0.023820 0.411342
v 0.174962 -0.023835 0.411279
v 0.174648 -0.028735 0.385167
v 0.177215 -0.029212 0.385280
v 0.179807 -0.028961 0.385372
v 0.176951 -0.023924 0.411360
v 0.174048 -0.023346 0.411271
v 0.173370 -0.022684 0.411223
v 0.173356 -0.022694 0.411160
v 0.170571 -0.025807 0.384901
v 0.172350 -0.027544 0.385029
v 0.174041 -0.023358 0.411208
v 0.172939 -0.021831 0.411129
v 0.172812 -0.020924 0.411094
v 0.173001 -0.020031 0.411072
v 0.172991 -0.020027 0.411008
v 0.169656 -0.019014 0.384614
v 0.169166 -0.021312 0.384671
v 0.169485 -0.023644 0.384764
v 0.172925 -0.021836 0.411065
v 0.174227 -0.018617 0.411098
v 0.174223 -0.018607 0.411034
v 0.172809 -0.015390 0.384625
v 0.170906 -0.016962 0.384606
v 0.173489 -0.019214 0.411026
v 0.173499 -0.019221 0.411089
v 0.177146 -0.018300 0.411288
v 0.177148 -0.018289 0.411225
v 0.180339 -0.014600 0.384934
v 0.177770 -0.014120 0.384818
v 0.175172 -0.014371 0.384726
v 0.175174 -0.018202 0.411146
v 0.175171 -0.018214 0.411210
v 0.176162 -0.018121 0.411245
v 0.178764 -0.019425 0.411324
v 0.184444 -0.017527 0.385190
v 0.182661 -0.015790 0.385063
v 0.178102 -0.018775 0.411276
v 0.178085 -0.018785 0.411339
v 0.178747 -0.019432 0.411386
v 0.179289 -0.020353 0.411714
v 0.185773 -0.019686 0.385476
v 0.186092 -0.022059 0.385567
v 0.185600 -0.024395 0.385627
v 0.179224 -0.022049 0.411770
v 0.179205 -0.022043 0.411830
v 0.179369 -0.021205 0.411810
v 0.179271 -0.020356 0.411776
v 0.176885 -0.023963 0.411715
v 0.175933 -0.024044 0.411680
v 0.174986 -0.023879 0.411638
v 0.174986 -0.023894 0.411575
v 0.174610 -0.028895 0.385310
v 0.177203 -0.029375 0.385426
v 0.179822 -0.029127 0.385521
v 0.176893 -0.023979 0.411652
v 0.178619 -0.022947 0.411567
v 0.177927 -0.023520 0.411559
v 0.177941 -0.023533 0.411497
v 0.182240 -0.028036 0.385490
v 0.184143 -0.026460 0.385511
v 0.178633 -0.022958 0.411504
v 0.178666 -0.022956 0.411307
v 0.178666 -0.022931 0.411195
v 0.179169 -0.022125 0.411187
v 0.179258 -0.022061 0.411661
v 0.179491 -0.021901 0.412832
v 0.179589 -0.021193 0.412812
v 0.179542 -0.020480 0.412786
v 0.179321 -0.020349 0.411606
v 0.179232 -0.020296 0.411129
v 0.178795 -0.019450 0.411083
v 0.178794 -0.019414 0.411214
v 0.178773 -0.019000 0.412708
v 0.178463 -0.018697 0.412685
v 0.178124 -0.018758 0.411166
v 0.178093 -0.018763 0.411033
v 0.177191 -0.018301 0.410982
v 0.177170 -0.018267 0.411115
v 0.176889 -0.017889 0.412597
v 0.176104 -0.017790 0.412563
v 0.175306 -0.017820 0.412534
v 0.175175 -0.018178 0.411035
v 0.175161 -0.018211 0.410900
v 0.174225 -0.018592 0.410877
v 0.174211 -0.018588 0.410923
v 0.173676 -0.018484 0.412493
v 0.173342 -0.018759 0.412489
v 0.173472 -0.019201 0.410916
v 0.173474 -0.019214 0.410869
v 0.172978 -0.020019 0.410876
v 0.172968 -0.020021 0.410898
v 0.172473 -0.020167 0.412503
v 0.172375 -0.020875 0.412522
v 0.172422 -0.021588 0.412548
v 0.172904 -0.021845 0.410956
v 0.172908 -0.021849 0.410936
v 0.173345 -0.022694 0.410981
v 0.173337 -0.022710 0.411050
v 0.173184 -0.023068 0.412628
v 0.173494 -0.023371 0.412650
v 0.174029 -0.023380 0.411099
v 0.174054 -0.023381 0.411031
v 0.174949 -0.023843 0.411082
v 0.174958 -0.023861 0.411170
v 0.174982 -0.023921 0.411466
v 0.175074 -0.024178 0.412738
v 0.175860 -0.024278 0.412772
v 0.176652 -0.024249 0.412802
v 0.176909 -0.024006 0.411544
v 0.176967 -0.023949 0.411251
v 0.176985 -0.023933 0.411163
v 0.177915 -0.023553 0.411187
v 0.177944 -0.023555 0.411299
v 0.177964 -0.023556 0.411389
v 0.178287 -0.023584 0.412842
v 0.178615 -0.023309 0.412846
v 0.178661 -0.022977 0.411397
v 0.178585 -0.023287 0.412947
v 0.178620 -0.023307 0.412838
v 0.184727 -0.027052 0.386238
v 0.182827 -0.028626 0.386218
v 0.178286 -0.023583 0.412835
v 0.178263 -0.023557 0.412943
v 0.178249 -0.023542 0.413005
v 0.178571 -0.023275 0.413008
v 0.179465 -0.020477 0.412864
v 0.179511 -0.021189 0.412890
v 0.179413 -0.021894 0.412910
v 0.179433 -0.021901 0.412848
v 0.179467 -0.021915 0.412739
v 0.186241 -0.024508 0.386171
v 0.186739 -0.022075 0.386108
v 0.186423 -0.019606 0.386014
v 0.179521 -0.020470 0.412693
v 0.179489 -0.020474 0.412801
v 0.176644 -0.024190 0.412913
v 0.175860 -0.024221 0.412884
v 0.175081 -0.024121 0.412850
v 0.175075 -0.024137 0.412787
v 0.175071 -0.024166 0.412679
v 0.174432 -0.029552 0.385899
v 0.177143 -0.030038 0.386020
v 0.179882 -0.029797 0.386120
v 0.176669 -0.024237 0.412743
v 0.176652 -0.024207 0.412850
v 0.173533 -0.023333 0.412776
v 0.173223 -0.023030 0.412754
v 0.173208 -0.023039 0.412690
v 0.173189 -0.023057 0.412580
v 0.169825 -0.026377 0.385620
v 0.171600 -0.028114 0.385747
v 0.173515 -0.023372 0.412603
v 0.173526 -0.023348 0.412713
v 0.172468 -0.021589 0.412591
v 0.172448 -0.021598 0.412480
v 0.168468 -0.023723 0.385467
v 0.168151 -0.021249 0.385375
v 0.168649 -0.018816 0.385309
v 0.172502 -0.020159 0.412433
v 0.172519 -0.020168 0.412545
v 0.172529 -0.020173 0.412609
v 0.172431 -0.020875 0.412629
v 0.172483 -0.021583 0.412654
v 0.173704 -0.018507 0.412563
v 0.173691 -0.018486 0.412452
v 0.172092 -0.014715 0.385318
v 0.170189 -0.016289 0.385298
v 0.173345 -0.018770 0.412449
v 0.173370 -0.018785 0.412559
v 0.173380 -0.018794 0.412622
v 0.173708 -0.018520 0.412627
v 0.175311 -0.017868 0.412662
v 0.176089 -0.017840 0.412692
v 0.176868 -0.017938 0.412725
v 0.176877 -0.017924 0.412662
v 0.176899 -0.017901 0.412552
v 0.180474 -0.013767 0.385609
v 0.177759 -0.013280 0.385487
v 0.175018 -0.013527 0.385390
v 0.175308 -0.017830 0.412488
v 0.175307 -0.017855 0.412599
v 0.178409 -0.018729 0.412797
v 0.178727 -0.019037 0.412819
v 0.178744 -0.019029 0.412757
v 0.178774 -0.019016 0.412648
v 0.185073 -0.016955 0.385887
v 0.183296 -0.015219 0.385761
v 0.178454 -0.018698 0.412624
v 0.178426 -0.018718 0.412734
v 0.182996 -0.021357 0.358075
v 0.186994 -0.020401 0.358198
v 0.185495 -0.019766 0.385243
v 0.185779 -0.019732 0.385478
v 0.186429 -0.019656 0.386015
v 0.186482 -0.019652 0.386059
v 0.179544 -0.020494 0.412786
v 0.179506 -0.020499 0.412896
v 0.179482 -0.020502 0.412959
v 0.179467 -0.020491 0.412865
v 0.179274 -0.020372 0.411777
v 0.179185 -0.020321 0.411300
v 0.180464 -0.013762 0.385737
v 0.177752 -0.013280 0.385617
v 0.175017 -0.013524 0.385520
v 0.175022 -0.013551 0.385499
v 0.175172 -0.014392 0.384835
v 0.175187 -0.014471 0.384774
v 0.172837 -0.015429 0.384715
v 0.172816 -0.015408 0.384737
v 0.172102 -0.014735 0.385428
v 0.172085 -0.014717 0.385446
v 0.170194 -0.016286 0.385425
v 0.170210 -0.016303 0.385407
v 0.170923 -0.016977 0.384715
v 0.170943 -0.016996 0.384694
v 0.169687 -0.019025 0.384714
v 0.169676 -0.019022 0.384722
v 0.168674 -0.018823 0.385419
v 0.168628 -0.018814 0.385451
v 0.168130 -0.021249 0.385511
v 0.168446 -0.023716 0.385607
v 0.168493 -0.023713 0.385575
v 0.169507 -0.023635 0.384871
v 0.169517 -0.023635 0.384862
v 0.170621 -0.025767 0.384977
v 0.170590 -0.025791 0.385008
v 0.169845 -0.026359 0.385727
v 0.169822 -0.026376 0.385750
v 0.171592 -0.028107 0.385877
v 0.171618 -0.028088 0.385854
v 0.172363 -0.027522 0.385136
v 0.172392 -0.027499 0.385103
v 0.174664 -0.028659 0.385231
v 0.174652 -0.028707 0.385273
v 0.174612 -0.028868 0.385417
v 0.174437 -0.029522 0.386005
v 0.174429 -0.029558 0.386036
v 0.177136 -0.030041 0.386156
v 0.179873 -0.029798 0.386254
v 0.179870 -0.029767 0.386226
v 0.179808 -0.029098 0.385626
v 0.179793 -0.028935 0.385480
v 0.179787 -0.028886 0.385437
v 0.182134 -0.027931 0.385495
v 0.182185 -0.027974 0.385551
v 0.182221 -0.028012 0.385597
v 0.182801 -0.028601 0.386324
v 0.182803 -0.028603 0.386328
v 0.184699 -0.027035 0.386348
v 0.184691 -0.027033 0.386344
v 0.184116 -0.026442 0.385617
v 0.184080 -0.026405 0.385571
v 0.184031 -0.026359 0.385516
v 0.185283 -0.024334 0.385496
v 0.185567 -0.024383 0.385735
v 0.186207 -0.024495 0.386279
v 0.186262 -0.024506 0.386323
v 0.186758 -0.022072 0.386262
v 0.186449 -0.019654 0.386169
v 0.186442 -0.019605 0.386165
v 0.186388 -0.019611 0.386120
v 0.185741 -0.019689 0.385583
v 0.185453 -0.019723 0.385348
v 0.184354 -0.017593 0.385235
v 0.184410 -0.017540 0.385297
v 0.185043 -0.016968 0.385995
v 0.185070 -0.016944 0.386023
v 0.183298 -0.015214 0.385896
v 0.183270 -0.015238 0.385868
v 0.182642 -0.015808 0.385170
v 0.182582 -0.015861 0.385106
v 0.180307 -0.014698 0.384980
v 0.180322 -0.014622 0.385043
v 0.180458 -0.013793 0.385718
v 0.180365 -0.013901 0.386371
v 0.177712 -0.013428 0.386254
v 0.175032 -0.013668 0.386158
v 0.175035 -0.013690 0.386136
v 0.175184 -0.014519 0.385472
v 0.175195 -0.014596 0.385411
v 0.172893 -0.015535 0.385353
v 0.172874 -0.015513 0.385375
v 0.172173 -0.014857 0.386067
v 0.172151 -0.014840 0.386087
v 0.170302 -0.016373 0.386064
v 0.170321 -0.016390 0.386046
v 0.171014 -0.017051 0.385355
v 0.171035 -0.017073 0.385334
v 0.169807 -0.019061 0.385353
v 0.169794 -0.019058 0.385362
v 0.168808 -0.018865 0.386060
v 0.168763 -0.018858 0.386090
v 0.168281 -0.021241 0.386150
v 0.168588 -0.023658 0.386243
v 0.168631 -0.023654 0.386214
v 0.169627 -0.023582 0.385508
v 0.169640 -0.023583 0.385498
v 0.170719 -0.025671 0.385610
v 0.170687 -0.025696 0.385642
v 0.169956 -0.026255 0.386363
v 0.169936 -0.026271 0.386383
v 0.171668 -0.027965 0.386509
v 0.171690 -0.027947 0.386486
v 0.172427 -0.027394 0.385768
v 0.172458 -0.027370 0.385735
v 0.174688 -0.028509 0.385859
v 0.174673 -0.028556 0.385903
v 0.174628 -0.028714 0.386047
v 0.174462 -0.029360 0.386637
v 0.174455 -0.029389 0.386665
v 0.177107 -0.029865 0.386784
v 0.179788 -0.029625 0.386879
v 0.179782 -0.029594 0.386850
v 0.179726 -0.028939 0.386252
v 0.179711 -0.028780 0.386105
v 0.179709 -0.028731 0.386061
v 0.182011 -0.027794 0.386119
v 0.182057 -0.027839 0.386175
v 0.182093 -0.027875 0.386219
v 0.182663 -0.028449 0.386947
v 0.182669 -0.028452 0.386950
v 0.184518 -0.026918 0.386970
v 0.184517 -0.026915 0.386968
v 0.183949 -0.026335 0.386240
v 0.183917 -0.026300 0.386195
v 0.183871 -0.026255 0.386139
v 0.185098 -0.024267 0.386120
v 0.185373 -0.024315 0.386357
v 0.186001 -0.024425 0.386898
v 0.186057 -0.024432 0.386948
v 0.186540 -0.022049 0.386888
v 0.186240 -0.019683 0.386792
v 0.186235 -0.019633 0.386791
v 0.186179 -0.019639 0.386746
v 0.185541 -0.019714 0.386211
v 0.185264 -0.019747 0.385974
v 0.184187 -0.017656 0.385862
v 0.184242 -0.017605 0.385927
v 0.184860 -0.017043 0.386623
v 0.184884 -0.017020 0.386652
v 0.183153 -0.015327 0.386528
v 0.183125 -0.015350 0.386499
v 0.182502 -0.015907 0.385804
v 0.182448 -0.015959 0.385737
v 0.180222 -0.014819 0.385614
v 0.180235 -0.014743 0.385676
v 0.180360 -0.013930 0.386353
v -0.182745 0.001297 0.298705
v -0.202933 0.002247 0.300551
v -0.176334 0.003016 0.394671
v -0.196523 0.003963 0.396513
v -0.176968 -0.013972 0.395218
v -0.197144 -0.013019 0.397062
v -0.183379 -0.015688 0.299252
v -0.203554 -0.014737 0.301097
v -0.197107 -0.011879 0.397025
v -0.176918 -0.012829 0.395179
v -0.183328 -0.014545 0.299217
v -0.203517 -0.013597 0.301060
v -0.196562 0.002831 0.396549
v -0.176373 0.001883 0.394706
v -0.182796 0.000163 0.298744
v -0.202972 0.001114 0.300587
v -0.196570 0.002829 0.396477
v -0.196518 0.003964 0.396440
v -0.176343 0.003015 0.394598
v -0.176381 0.001881 0.394634
v -0.176926 -0.012830 0.395107
v -0.176963 -0.013970 0.395144
v -0.197152 -0.013022 0.396986
v -0.197103 -0.011878 0.396951
v -0.202966 0.001117 0.300744
v -0.202927 0.002249 0.300708
v -0.182739 0.001300 0.298863
v -0.182790 0.000164 0.298900
v -0.183322 -0.014544 0.299372
v -0.183372 -0.015686 0.299410
v -0.203548 -0.014734 0.301253
v -0.203511 -0.013595 0.301217
v -0.196634 0.003933 0.394683
v -0.176459 0.002983 0.392842
v -0.176498 0.001850 0.392879
v -0.177043 -0.012862 0.393351
v -0.177081 -0.014001 0.393389
v -0.197255 -0.013049 0.395231
v -0.197218 -0.011910 0.395195
v -0.196675 0.002799 0.394720
v -0.196833 -0.004689 0.396793
v -0.176658 -0.005640 0.394949
v -0.176654 -0.005640 0.394876
v -0.176769 -0.005672 0.393119
v -0.183062 -0.007357 0.299140
v -0.183068 -0.007358 0.298985
v -0.203256 -0.006409 0.300830
v -0.203238 -0.006405 0.300985
v -0.196958 -0.004722 0.394965
v -0.196840 -0.004692 0.396718
v -0.197129 -0.012596 0.396975
v -0.197247 -0.012626 0.395218
v -0.203538 -0.014311 0.301240
v -0.203545 -0.014314 0.301083
v -0.183356 -0.015262 0.299241
v -0.183350 -0.015261 0.299394
v -0.177070 -0.013578 0.393375
v -0.176954 -0.013547 0.395131
v -0.176945 -0.013545 0.395202
v -0.197121 -0.012594 0.397046
v -0.202911 0.001130 0.301397
v -0.202873 0.002261 0.301359
v -0.182697 0.001311 0.299518
v -0.182735 0.000179 0.299554
v -0.183007 -0.007343 0.299795
v -0.183280 -0.014533 0.300027
v -0.183308 -0.015250 0.300049
v -0.183317 -0.015672 0.300063
v -0.203493 -0.014721 0.301907
v -0.203483 -0.014297 0.301893
v -0.203456 -0.013582 0.301871
v -0.203196 -0.006393 0.301640
v -0.161179 0.008770 0.795283
v -0.174801 0.009404 0.796185
v -0.160312 0.009148 0.815203
v -0.173960 0.009778 0.816108
v -0.160804 -0.003956 0.815624
v -0.174426 -0.003320 0.816528
v -0.161671 -0.004334 0.795705
v -0.175293 -0.003698 0.796609
v -0.173852 0.009779 0.816102
v -0.174344 -0.003327 0.816524
v -0.175212 -0.003704 0.796604
v -0.174720 0.009401 0.796183
v -0.160420 0.009151 0.815209
v -0.160912 -0.003951 0.815632
v -0.161779 -0.004329 0.795713
v -0.161287 0.008773 0.795289
v -0.160439 0.009145 0.815005
v -0.160331 0.009142 0.814999
v -0.160797 -0.003958 0.815417
v -0.160905 -0.003953 0.815426
v -0.174338 -0.003328 0.816317
v -0.174420 -0.003322 0.816322
v -0.173954 0.009776 0.815901
v -0.173872 0.009771 0.815896
v -0.161196 0.008767 0.795390
v -0.161662 -0.004331 0.795812
v -0.161770 -0.004328 0.795818
v -0.175203 -0.003700 0.796711
v -0.175285 -0.003697 0.796713
v -0.174819 0.009402 0.796293
v -0.174737 0.009398 0.796291
v -0.161304 0.008773 0.795400
v -0.174603 0.009392 0.796281
v -0.174585 0.009392 0.796168
v -0.175077 -0.003711 0.796593
v -0.175068 -0.003710 0.796697
v -0.174202 -0.003335 0.816305
v -0.174210 -0.003334 0.816512
v -0.173718 0.009769 0.816088
v -0.173737 0.009765 0.815886
v -0.161421 0.008776 0.795298
v -0.161413 0.008780 0.795404
v -0.160549 0.009153 0.815011
v -0.160555 0.009154 0.815217
v -0.161020 -0.003945 0.815637
v -0.161041 -0.003950 0.815434
v -0.161905 -0.004322 0.795829
v -0.161887 -0.004322 0.795719
v -0.161413 0.008780 0.795409
v -0.161304 0.008773 0.795404
v -0.161197 0.008768 0.795395
v -0.161662 -0.004331 0.795816
v -0.161770 -0.004328 0.795821
v -0.161905 -0.004324 0.795830
v -0.175069 -0.003709 0.796701
v -0.175203 -0.003700 0.796715
v -0.175311 -0.003701 0.796721
v -0.174819 0.009402 0.796297
v -0.174738 0.009399 0.796295
v -0.174603 0.009392 0.796286
v -0.160447 0.009141 0.814719
v -0.160340 0.009136 0.814710
v -0.160805 -0.003963 0.815131
v -0.160914 -0.003957 0.815140
v -0.161048 -0.003954 0.815148
v -0.174212 -0.003339 0.816019
v -0.174346 -0.003332 0.816030
v -0.174429 -0.003329 0.816033
v -0.173962 0.009772 0.815615
v -0.173881 0.009767 0.815610
v -0.173745 0.009761 0.815601
v -0.160556 0.009148 0.814724
v -0.162403 0.002543 0.829011
v -0.159043 0.003172 0.866407
v -0.141210 0.002806 0.887319
v -0.119771 0.001973 0.893845
v -0.097201 0.000884 0.890573
v -0.164009 0.001403 0.771316
v -0.162514 0.003572 0.829044
v -0.159082 0.004109 0.866643
v -0.141196 0.003850 0.887486
v -0.119722 0.002771 0.893971
v -0.097120 0.001643 0.890692
v -0.164097 0.002396 0.771275
v -0.162917 0.004521 0.829214
v -0.159309 0.004972 0.867393
v -0.141195 0.004805 0.888034
v -0.119620 0.003499 0.894395
v -0.096934 0.002327 0.891077
v -0.164497 0.003303 0.771223
v -0.163598 0.005286 0.829497
v -0.159665 0.005676 0.868569
v -0.141252 0.005571 0.888914
v -0.119485 0.004082 0.895069
v -0.096692 0.002870 0.891701
v -0.165167 0.004031 0.771158
v -0.164470 0.005808 0.829881
v -0.160156 0.006150 0.870068
v -0.141314 0.006080 0.890031
v -0.119345 0.004458 0.895930
v -0.096395 0.003218 0.892495
v -0.166015 0.004516 0.771088
v -0.165447 0.006020 0.830307
v -0.160686 0.006359 0.871742
v -0.141414 0.006270 0.891276
v -0.119205 0.004599 0.896899
v -0.096047 0.003347 0.893384
v -0.166950 0.004717 0.771027
v -0.166423 0.005914 0.830746
v -0.161247 0.006267 0.873422
v -0.141539 0.006138 0.892546
v -0.119077 0.004486 0.897875
v -0.095739 0.003230 0.894284
v -0.167913 0.004600 0.770971
v -0.167326 0.005491 0.831149
v -0.161757 0.005899 0.874954
v -0.141629 0.005689 0.893687
v -0.118975 0.004129 0.898762
v -0.095460 0.002886 0.895100
v -0.168798 0.004189 0.770939
v -0.168058 0.004802 0.831490
v -0.162160 0.005285 0.876179
v -0.141733 0.004962 0.894604
v -0.118891 0.003570 0.899476
v -0.095252 0.002346 0.895755
v -0.169502 0.003517 0.770920
v -0.168555 0.003900 0.831715
v -0.162430 0.004479 0.876974
v -0.141820 0.004041 0.895217
v -0.118843 0.002861 0.899947
v -0.095133 0.001667 0.896189
v -0.169982 0.002650 0.770922
v -0.168753 0.002888 0.831819
v -0.162563 0.003561 0.877269
v -0.141887 0.003006 0.895454
v -0.118850 0.002067 0.900127
v -0.095095 0.000916 0.896355
v -0.170144 0.001680 0.770940
v -0.168616 0.001862 0.831782
v -0.162497 0.002629 0.877029
v -0.141902 0.001960 0.895284
v -0.118899 0.001266 0.899995
v -0.095176 0.000158 0.896236
v -0.170030 0.000692 0.770980
v -0.168213 0.000913 0.831612
v -0.162297 0.001767 0.876291
v -0.141877 0.001013 0.894738
v -0.119001 0.000541 0.899577
v -0.095361 -0.000527 0.895851
v -0.169630 -0.000211 0.771037
v -0.167532 0.000146 0.831325
v -0.161914 0.001062 0.875103
v -0.141846 0.000244 0.893865
v -0.119109 -0.000041 0.898893
v -0.095603 -0.001070 0.895227
v -0.168986 -0.000944 0.771103
v -0.166660 -0.000369 0.830950
v -0.161450 0.000583 0.873608
v -0.141758 -0.000258 0.892747
v -0.119249 -0.000418 0.898033
v -0.095901 -0.001422 0.894428
v -0.168138 -0.001435 0.771165
v -0.165683 -0.000586 0.830519
v -0.160920 0.000376 0.871937
v -0.141658 -0.000456 0.891490
v -0.119389 -0.000559 0.897063
v -0.096223 -0.001543 0.893540
v -0.167177 -0.001630 0.771225
v -0.164706 -0.000476 0.830086
v -0.160333 0.000467 0.870245
v -0.141558 -0.000320 0.890236
v -0.119544 -0.000450 0.896091
v -0.096582 -0.001435 0.892648
v -0.166214 -0.001514 0.771280
v -0.163804 -0.000062 0.829668
v -0.159849 0.000836 0.868724
v -0.141442 0.000131 0.889087
v -0.119646 -0.000093 0.895204
v -0.096836 -0.001086 0.891828
v -0.165355 -0.001107 0.771316
v -0.163072 0.000635 0.829339
v -0.159445 0.001454 0.867505
v -0.141339 0.000849 0.888157
v -0.119730 0.000467 0.894491
v -0.097070 -0.000551 0.891176
v -0.164651 -0.000429 0.771344
v -0.162575 0.001534 0.829110
v -0.159149 0.002260 0.866701
v -0.141277 0.001769 0.887553
v -0.119777 0.001179 0.894025
v -0.097163 0.000133 0.890739
v -0.164171 0.000434 0.771336
v -0.096301 0.003256 0.894365
v -0.096609 0.003373 0.893466
v -0.096930 0.003252 0.892578
v -0.097228 0.002899 0.891780
v -0.097470 0.002356 0.891156
v -0.097655 0.001667 0.890765
v -0.097736 0.000912 0.890652
v -0.097672 0.000161 0.890809
v -0.097553 -0.000520 0.891244
v -0.097370 -0.001060 0.891909
v -0.097091 -0.001405 0.892725
v -0.096783 -0.001521 0.893624
v -0.096461 -0.001396 0.894517
v -0.096164 -0.001048 0.895311
v -0.095922 -0.000504 0.895934
v -0.095737 0.000185 0.896325
v -0.095655 0.000943 0.896443
v -0.095694 0.001695 0.896277
v -0.095839 0.002371 0.895846
v -0.096021 0.002916 0.895187
v -0.186958 -0.004998 0.421048
v -0.186730 -0.005494 0.421045
v -0.186340 -0.005894 0.421027
v -0.185855 -0.006164 0.421000
v -0.185301 -0.006273 0.420960
v -0.184748 -0.006217 0.420916
v -0.184239 -0.005993 0.420873
v -0.183831 -0.005631 0.420830
v -0.183543 -0.005158 0.420795
v -0.183445 -0.004629 0.420774
v -0.183507 -0.004090 0.420762
v -0.183755 -0.003599 0.420764
v -0.184130 -0.003199 0.420778
v -0.184626 -0.002930 0.420810
v -0.185168 -0.002818 0.420846
v -0.185734 -0.002878 0.420891
v -0.186244 -0.003100 0.420936
v -0.186652 -0.003462 0.420979
v -0.186927 -0.003933 0.421013
v -0.187036 -0.004462 0.421039
v -0.188689 -0.005453 0.421193
v -0.188218 -0.006441 0.421184
v -0.187454 -0.007244 0.421151
v -0.186469 -0.007782 0.421093
v -0.185361 -0.008000 0.421015
v -0.184242 -0.007882 0.420927
v -0.183234 -0.007442 0.420838
v -0.182405 -0.006713 0.420753
v -0.181858 -0.005774 0.420683
v -0.181650 -0.004714 0.420639
v -0.181773 -0.003638 0.420611
v -0.182265 -0.002653 0.420623
v -0.183029 -0.001851 0.420655
v -0.184012 -0.001314 0.420714
v -0.185108 -0.001091 0.420791
v -0.186227 -0.001209 0.420879
v -0.187247 -0.001654 0.420969
v -0.188064 -0.002379 0.421053
v -0.188623 -0.003320 0.421124
v -0.188831 -0.004378 0.421172
v -0.168559 0.001888 0.815436
v -0.168100 0.000898 0.815430
v -0.167324 0.000098 0.815395
v -0.166348 -0.000441 0.815342
v -0.165240 -0.000660 0.815262
v -0.164137 -0.000545 0.815177
v -0.163112 -0.000101 0.815083
v -0.162297 0.000626 0.815000
v -0.161729 0.001569 0.814930
v -0.161532 0.002625 0.814885
v -0.161657 0.003703 0.814861
v -0.162143 0.004689 0.814869
v -0.162895 0.005494 0.814902
v -0.163895 0.006027 0.814962
v -0.164976 0.006251 0.815037
v -0.166106 0.006134 0.815131
v -0.167132 0.005688 0.815216
v -0.167946 0.004960 0.815299
v -0.168490 0.004023 0.815369
v -0.168714 0.002963 0.815421
v -0.166839 0.002340 0.815291
v -0.166598 0.001849 0.815288
v -0.166210 0.001449 0.815271
v -0.165736 0.001177 0.815245
v -0.165180 0.001067 0.815207
v -0.164629 0.001124 0.815159
v -0.164105 0.001348 0.815115
v -0.163708 0.001711 0.815076
v -0.163440 0.002179 0.815039
v -0.163313 0.002712 0.815016
v -0.163375 0.003250 0.814999
v -0.163619 0.003744 0.815009
v -0.164007 0.004143 0.815027
v -0.164508 0.004410 0.815054
v -0.165061 0.004520 0.815095
v -0.165615 0.004464 0.815139
v -0.166114 0.004244 0.815183
v -0.166535 0.003877 0.815222
v -0.166803 0.003408 0.815258
v -0.166903 0.002881 0.815282
v -0.185241 -0.004546 0.420906
v -0.165121 0.002794 0.815153
v -0.170602 0.001150 0.776017
v -0.170104 0.000166 0.776007
v -0.169367 -0.000642 0.775974
v -0.168357 -0.001175 0.775916
v -0.167241 -0.001393 0.775836
v -0.166129 -0.001278 0.775751
v -0.165109 -0.000831 0.775659
v -0.164293 -0.000105 0.775573
v -0.163747 0.000834 0.775505
v -0.163535 0.001892 0.775459
v -0.163648 0.002973 0.775436
v -0.164141 0.003957 0.775442
v -0.164917 0.004759 0.775479
v -0.165888 0.005298 0.775537
v -0.167001 0.005516 0.775617
v -0.168115 0.005400 0.775704
v -0.169149 0.004954 0.775794
v -0.169952 0.004227 0.775873
v -0.170531 0.003283 0.775948
v -0.170707 0.002230 0.775990
v -0.169595 0.001517 0.795728
v -0.169722 0.002595 0.795708
v -0.169496 0.003656 0.795658
v -0.168950 0.004596 0.795587
v -0.168127 0.005323 0.795503
v -0.167098 0.005768 0.795413
v -0.166013 0.005880 0.795330
v -0.164903 0.005660 0.795251
v -0.163892 0.005126 0.795186
v -0.163142 0.004322 0.795154
v -0.162666 0.003335 0.795148
v -0.162546 0.002256 0.795172
v -0.162764 0.001196 0.795218
v -0.163294 0.000261 0.795288
v -0.164111 -0.000467 0.795367
v -0.165146 -0.000913 0.795463
v -0.166253 -0.001029 0.795549
v -0.167341 -0.000805 0.795624
v -0.168320 -0.000266 0.795681
v -0.169103 0.000533 0.795718
v -0.192807 -0.006477 0.367744
v -0.192255 -0.007548 0.367724
v -0.191362 -0.008418 0.367666
v -0.190222 -0.009004 0.367578
v -0.188952 -0.009248 0.367467
v -0.187650 -0.009123 0.367343
v -0.186473 -0.008648 0.367218
v -0.185521 -0.007862 0.367108
v -0.184902 -0.006849 0.367020
v -0.184651 -0.005701 0.366965
v -0.184818 -0.004536 0.366949
v -0.185371 -0.003466 0.366969
v -0.186251 -0.002593 0.367024
v -0.187391 -0.002007 0.367113
v -0.188674 -0.001764 0.367226
v -0.189963 -0.001888 0.367347
v -0.191140 -0.002363 0.367472
v -0.192092 -0.003148 0.367582
v -0.192711 -0.004163 0.367667
v -0.192961 -0.005311 0.367723
v -0.196801 -0.007447 0.368142
v -0.195697 -0.009588 0.368103
v -0.193910 -0.011330 0.367984
v -0.191644 -0.012503 0.367810
v -0.189078 -0.012988 0.367587
v -0.186499 -0.012743 0.367340
v -0.184146 -0.011790 0.367094
v -0.182242 -0.010221 0.366872
v -0.180990 -0.008192 0.366695
v -0.180503 -0.005897 0.366587
v -0.180824 -0.003567 0.366549
v -0.181929 -0.001426 0.366590
v -0.183702 0.000319 0.366706
v -0.185982 0.001490 0.366882
v -0.188535 0.001977 0.367104
v -0.191113 0.001732 0.367350
v -0.193467 0.000779 0.367598
v -0.195371 -0.000789 0.367818
v -0.196623 -0.002821 0.367991
v -0.197123 -0.005116 0.368104
v -0.194989 -0.006963 0.395101
v -0.193886 -0.009104 0.395062
v -0.192111 -0.010848 0.394944
v -0.189833 -0.012018 0.394769
v -0.187282 -0.012506 0.394547
v -0.184702 -0.012260 0.394301
v -0.182347 -0.011308 0.394053
v -0.180445 -0.009739 0.393832
v -0.179192 -0.007708 0.393659
v -0.178692 -0.005411 0.393550
v -0.179014 -0.003082 0.393507
v -0.180118 -0.000942 0.393549
v -0.181903 0.000802 0.393666
v -0.184171 0.001974 0.393841
v -0.186725 0.002462 0.394062
v -0.189316 0.002214 0.394311
v -0.191667 0.001262 0.394558
v -0.193573 -0.000306 0.394779
v -0.194825 -0.002337 0.394954
v -0.195312 -0.004630 0.395065
v -0.188400 -0.005312 0.420742
v -0.187967 -0.006148 0.420725
v -0.187279 -0.006828 0.420682
v -0.186388 -0.007284 0.420614
v -0.185394 -0.007475 0.420527
v -0.184381 -0.007378 0.420432
v -0.183467 -0.007008 0.420334
v -0.182727 -0.006395 0.420248
v -0.182231 -0.005603 0.420178
v -0.182033 -0.004705 0.420135
v -0.182171 -0.003799 0.420121
v -0.182591 -0.002961 0.420135
v -0.183292 -0.002282 0.420181
v -0.184183 -0.001824 0.420252
v -0.185177 -0.001634 0.420337
v -0.186177 -0.001727 0.420435
v -0.187103 -0.002102 0.420529
v -0.187843 -0.002714 0.420617
v -0.188339 -0.003507 0.420685
v -0.188524 -0.004399 0.420731
v -0.188813 -0.005507 0.367345
v -0.185279 -0.004554 0.420431
v -0.194597 -0.009719 0.395930
v -0.192825 -0.011464 0.395814
v -0.187627 -0.006822 0.422355
v -0.187930 -0.006528 0.422376
v -0.189977 -0.012921 0.395592
v -0.187262 -0.013418 0.395355
v -0.185286 -0.007723 0.422164
v -0.186063 -0.007626 0.422233
v -0.184522 -0.013182 0.395094
v -0.184515 -0.007699 0.422092
v -0.181580 -0.011991 0.394787
v -0.179691 -0.010424 0.394566
v -0.182583 -0.006780 0.421888
v -0.182900 -0.007045 0.421923
v -0.178120 -0.007890 0.394349
v -0.177619 -0.005448 0.394233
v -0.181621 -0.004691 0.421739
v -0.181719 -0.005386 0.421767
v -0.177936 -0.002970 0.394192
v -0.181670 -0.003993 0.421723
v -0.179316 -0.000300 0.394239
v -0.181088 0.001442 0.394354
v -0.182726 -0.002228 0.421771
v -0.182423 -0.002522 0.421750
v -0.183925 0.002906 0.394576
v -0.186639 0.003402 0.394813
v -0.185054 -0.001325 0.421961
v -0.184289 -0.001425 0.421890
v -0.189391 0.003161 0.395074
v -0.185838 -0.001353 0.422032
v -0.192324 0.001973 0.395383
v -0.194225 0.000404 0.395604
v -0.187770 -0.002270 0.422239
v -0.187453 -0.002007 0.422200
v -0.195795 -0.002129 0.395823
v -0.196297 -0.004569 0.395941
v -0.188732 -0.004359 0.422387
v -0.188633 -0.003663 0.422360
v -0.195979 -0.007050 0.395978
v -0.188682 -0.005057 0.422404
v -0.187114 -0.002089 0.420468
v -0.186188 -0.001717 0.420369
v -0.185830 -0.001335 0.421966
v -0.185059 -0.001311 0.421895
v -0.184280 -0.001409 0.421827
v -0.184180 -0.001811 0.420189
v -0.183289 -0.002270 0.420119
v -0.182703 -0.002213 0.421705
v -0.182413 -0.002516 0.421684
v -0.182587 -0.002954 0.420073
v -0.182154 -0.003794 0.420057
v -0.181659 -0.003990 0.421659
v -0.181609 -0.004693 0.421676
v -0.181707 -0.005394 0.421702
v -0.182226 -0.005608 0.420117
v -0.182708 -0.006404 0.420183
v -0.182570 -0.006790 0.421824
v -0.182886 -0.007057 0.421860
v -0.183461 -0.007020 0.420271
v -0.184387 -0.007394 0.420369
v -0.184514 -0.007715 0.422030
v -0.185285 -0.007740 0.422102
v -0.186063 -0.007641 0.422169
v -0.186394 -0.007301 0.420549
v -0.187286 -0.006839 0.420620
v -0.187653 -0.006837 0.422296
v -0.187944 -0.006537 0.422314
v -0.187987 -0.006156 0.420666
v -0.188421 -0.005315 0.420683
v -0.188697 -0.005061 0.422342
v -0.188747 -0.004358 0.422325
v -0.188650 -0.003659 0.422297
v -0.188349 -0.003501 0.420623
v -0.187867 -0.002706 0.420556
v -0.187787 -0.002261 0.422177
v -0.187470 -0.001995 0.422138
v -0.187960 -0.006171 0.420840
v -0.187304 -0.006827 0.420797
v -0.187310 -0.006837 0.420736
v -0.192165 -0.010889 0.395007
v -0.193937 -0.009145 0.395121
v -0.187981 -0.006183 0.420776
v -0.186372 -0.007304 0.420700
v -0.185380 -0.007488 0.420612
v -0.184393 -0.007396 0.420519
v -0.184392 -0.007410 0.420459
v -0.184683 -0.012309 0.394342
v -0.187276 -0.012555 0.394588
v -0.189841 -0.012068 0.394813
v -0.186385 -0.007319 0.420638
v -0.183438 -0.007008 0.420401
v -0.182709 -0.006409 0.420316
v -0.182702 -0.006419 0.420254
v -0.180406 -0.009765 0.393863
v -0.182307 -0.011335 0.394084
v -0.183444 -0.007022 0.420340
v -0.182235 -0.005601 0.420201
v -0.182037 -0.004706 0.420158
v -0.182161 -0.003799 0.420142
v -0.182144 -0.003796 0.420077
v -0.179001 -0.003080 0.393516
v -0.178681 -0.005414 0.393554
v -0.179180 -0.007712 0.393667
v -0.182204 -0.005604 0.420133
v -0.183272 -0.002279 0.420228
v -0.183276 -0.002269 0.420167
v -0.181883 0.000819 0.393685
v -0.180097 -0.000920 0.393570
v -0.182576 -0.002941 0.420118
v -0.182586 -0.002946 0.420185
v -0.186156 -0.001698 0.420566
v -0.186167 -0.001686 0.420503
v -0.189323 0.002294 0.394374
v -0.186733 0.002537 0.394126
v -0.184164 0.002049 0.393904
v -0.184174 -0.001777 0.420320
v -0.184190 -0.001790 0.420388
v -0.185169 -0.001609 0.420471
v -0.187848 -0.002668 0.420686
v -0.193612 -0.000250 0.394842
v -0.191720 0.001320 0.394625
v -0.187144 -0.002082 0.420603
v -0.187126 -0.002092 0.420665
v -0.187831 -0.002677 0.420746
v -0.188436 -0.003545 0.421107
v -0.195098 -0.002277 0.395204
v -0.195591 -0.004616 0.395311
v -0.195278 -0.006988 0.395355
v -0.188501 -0.005242 0.421162
v -0.188480 -0.005238 0.421221
v -0.188581 -0.004389 0.421205
v -0.188414 -0.003551 0.421165
v -0.186308 -0.007362 0.420991
v -0.185371 -0.007534 0.420907
v -0.184409 -0.007454 0.420814
v -0.184415 -0.007469 0.420753
v -0.184648 -0.012474 0.394482
v -0.187266 -0.012718 0.394733
v -0.189860 -0.012228 0.394958
v -0.186328 -0.007380 0.420928
v -0.187958 -0.006193 0.420927
v -0.187318 -0.006827 0.420886
v -0.187331 -0.006838 0.420826
v -0.192194 -0.010923 0.395048
v -0.193979 -0.009180 0.395169
v -0.187979 -0.006202 0.420867
v -0.188014 -0.006197 0.420671
v -0.188020 -0.006171 0.420562
v -0.188455 -0.005324 0.420576
v -0.188542 -0.005252 0.421054
v -0.188744 -0.005072 0.422238
v -0.188783 -0.004357 0.422220
v -0.188686 -0.003650 0.422191
v -0.188479 -0.003541 0.420998
v -0.188398 -0.003496 0.420519
v -0.187891 -0.002692 0.420448
v -0.187885 -0.002654 0.420581
v -0.187824 -0.002246 0.422070
v -0.187483 -0.001970 0.422029
v -0.187169 -0.002064 0.420494
v -0.187139 -0.002072 0.420359
v -0.186200 -0.001694 0.420260
v -0.186186 -0.001664 0.420395
v -0.185855 -0.001311 0.421861
v -0.185071 -0.001285 0.421788
v -0.184280 -0.001384 0.421717
v -0.184192 -0.001757 0.420214
v -0.184166 -0.001788 0.420075
v -0.183287 -0.002256 0.420008
v -0.183267 -0.002253 0.420053
v -0.182701 -0.002196 0.421594
v -0.182397 -0.002503 0.421573
v -0.182554 -0.002927 0.420007
v -0.182571 -0.002942 0.419961
v -0.182123 -0.003786 0.419945
v -0.182120 -0.003790 0.419965
v -0.181629 -0.003985 0.421544
v -0.181577 -0.004696 0.421562
v -0.181686 -0.005407 0.421590
v -0.182190 -0.005615 0.420025
v -0.182193 -0.005617 0.420004
v -0.182700 -0.006424 0.420072
v -0.182701 -0.006439 0.420144
v -0.182548 -0.006810 0.421711
v -0.182877 -0.007084 0.421750
v -0.183416 -0.007042 0.420227
v -0.183452 -0.007043 0.420161
v -0.184378 -0.007419 0.420258
v -0.184390 -0.007437 0.420348
v -0.184413 -0.007496 0.420645
v -0.184517 -0.007744 0.421923
v -0.185302 -0.007770 0.421996
v -0.186093 -0.007672 0.422064
v -0.186339 -0.007405 0.420819
v -0.186396 -0.007343 0.420531
v -0.186412 -0.007324 0.420443
v -0.187317 -0.006862 0.420514
v -0.187342 -0.006862 0.420628
v -0.187356 -0.006860 0.420720
v -0.187671 -0.006859 0.422189
v -0.187976 -0.006554 0.422208
v -0.188018 -0.006218 0.420763
v -0.187951 -0.006537 0.422307
v -0.187984 -0.006554 0.422202
v -0.194591 -0.009717 0.395925
v -0.192805 -0.011455 0.395810
v -0.187666 -0.006858 0.422182
v -0.187635 -0.006834 0.422287
v -0.187628 -0.006824 0.422347
v -0.187931 -0.006527 0.422368
v -0.188615 -0.003655 0.422263
v -0.188724 -0.004362 0.422294
v -0.188659 -0.005071 0.422309
v -0.188687 -0.005077 0.422248
v -0.188728 -0.005087 0.422142
v -0.195912 -0.007043 0.395926
v -0.196228 -0.004573 0.395885
v -0.195737 -0.002141 0.395772
v -0.188674 -0.003644 0.422094
v -0.188631 -0.003651 0.422199
v -0.186067 -0.007613 0.422174
v -0.185289 -0.007714 0.422105
v -0.184505 -0.007686 0.422033
v -0.184510 -0.007704 0.421971
v -0.184508 -0.007733 0.421861
v -0.184526 -0.013147 0.395067
v -0.187266 -0.013385 0.395325
v -0.189966 -0.012890 0.395562
v -0.186097 -0.007658 0.422005
v -0.186086 -0.007631 0.422114
v -0.182913 -0.007042 0.421879
v -0.182572 -0.006767 0.421838
v -0.182572 -0.006778 0.421777
v -0.182557 -0.006800 0.421664
v -0.179712 -0.010404 0.394547
v -0.181601 -0.011971 0.394766
v -0.182897 -0.007084 0.421703
v -0.182913 -0.007059 0.421814
v -0.181722 -0.005402 0.421634
v -0.181708 -0.005415 0.421525
v -0.178165 -0.007881 0.394323
v -0.177659 -0.005446 0.394204
v -0.177980 -0.002975 0.394162
v -0.181653 -0.003976 0.421479
v -0.181677 -0.003982 0.421589
v -0.181681 -0.003983 0.421654
v -0.181643 -0.004692 0.421673
v -0.181740 -0.005396 0.421699
v -0.182729 -0.002218 0.421665
v -0.182727 -0.002197 0.421557
v -0.181109 0.001427 0.394339
v -0.179323 -0.000314 0.394222
v -0.182407 -0.002512 0.421537
v -0.182410 -0.002524 0.421645
v -0.182420 -0.002532 0.421708
v -0.182738 -0.002231 0.421727
v -0.184280 -0.001435 0.421845
v -0.185059 -0.001334 0.421914
v -0.185843 -0.001361 0.421988
v -0.185860 -0.001348 0.421927
v -0.185873 -0.001322 0.421818
v -0.189386 0.003134 0.395054
v -0.186647 0.003375 0.394795
v -0.183931 0.002882 0.394558
v -0.184271 -0.001395 0.421671
v -0.184272 -0.001419 0.421781
v -0.187441 -0.002011 0.422139
v -0.187769 -0.002288 0.422176
v -0.187792 -0.002277 0.422119
v -0.187817 -0.002261 0.422009
v -0.194202 0.000377 0.395570
v -0.192311 0.001943 0.395351
v -0.187477 -0.001976 0.421968
v -0.187439 -0.001994 0.422077
v -0.192721 -0.004186 0.367671
v -0.196641 -0.002868 0.367996
v -0.194831 -0.002384 0.394955
v -0.195117 -0.002326 0.395204
v -0.195743 -0.002191 0.395771
v -0.195800 -0.002178 0.395823
v -0.188697 -0.003666 0.422192
v -0.188648 -0.003673 0.422296
v -0.188631 -0.003679 0.422357
v -0.188625 -0.003671 0.422265
v -0.188424 -0.003570 0.421166
v -0.188336 -0.003524 0.420686
v -0.189371 0.003140 0.395183
v -0.186631 0.003375 0.394921
v -0.183928 0.002881 0.394686
v -0.183938 0.002854 0.394665
v -0.184157 0.002030 0.394011
v -0.184178 0.001951 0.393949
v -0.181912 0.000784 0.393775
v -0.181888 0.000805 0.393797
v -0.181128 0.001406 0.394449
v -0.181093 0.001424 0.394464
v -0.179319 -0.000311 0.394350
v -0.179352 -0.000329 0.394335
v -0.180118 -0.000934 0.393680
v -0.180138 -0.000953 0.393659
v -0.179036 -0.003087 0.393619
v -0.179025 -0.003084 0.393631
v -0.177999 -0.002982 0.394269
v -0.177955 -0.002974 0.394301
v -0.177638 -0.005443 0.394344
v -0.178129 -0.007875 0.394459
v -0.178175 -0.007870 0.394426
v -0.179192 -0.007698 0.393778
v -0.179205 -0.007696 0.393767
v -0.180456 -0.009720 0.393942
v -0.180415 -0.009746 0.393973
v -0.179722 -0.010384 0.394654
v -0.179699 -0.010403 0.394676
v -0.181590 -0.011965 0.394897
v -0.181615 -0.011945 0.394878
v -0.182318 -0.011312 0.394195
v -0.182349 -0.011283 0.394163
v -0.184703 -0.012237 0.394406
v -0.184687 -0.012282 0.394451
v -0.184662 -0.012449 0.394591
v -0.184524 -0.013119 0.395173
v -0.184519 -0.013150 0.395202
v -0.187247 -0.013388 0.395461
v -0.189961 -0.012894 0.395701
v -0.189965 -0.012863 0.395672
v -0.189862 -0.012203 0.395069
v -0.189814 -0.012041 0.394916
v -0.189821 -0.011996 0.394874
v -0.192085 -0.010826 0.395052
v -0.192136 -0.010869 0.395108
v -0.192166 -0.010899 0.395158
v -0.192790 -0.011435 0.395916
v -0.192796 -0.011439 0.395919
v -0.194566 -0.009703 0.396033
v -0.194556 -0.009699 0.396028
v -0.193937 -0.009165 0.395269
v -0.193906 -0.009133 0.395222
v -0.193858 -0.009090 0.395166
v -0.194960 -0.006956 0.395205
v -0.195233 -0.006978 0.395459
v -0.195871 -0.007032 0.396033
v -0.195934 -0.007036 0.396085
v -0.196251 -0.004568 0.396043
v -0.195765 -0.002187 0.395928
v -0.195760 -0.002137 0.395927
v -0.195704 -0.002149 0.395878
v -0.195067 -0.002283 0.395310
v -0.194794 -0.002345 0.395060
v -0.193540 -0.000321 0.394885
v -0.193593 -0.000262 0.394952
v -0.194169 0.000363 0.395680
v -0.194190 0.000389 0.395707
v -0.192300 0.001952 0.395489
v -0.192278 0.001926 0.395460
v -0.191686 0.001300 0.394726
v -0.191648 0.001242 0.394664
v -0.189296 0.002193 0.394416
v -0.189303 0.002271 0.394480
v -0.189366 0.003112 0.395159
v -0.189290 0.002992 0.395813
v -0.186603 0.003223 0.395555
v -0.183956 0.002737 0.395325
v -0.183956 0.002716 0.395302
v -0.184162 0.001905 0.394648
v -0.184194 0.001829 0.394592
v -0.181972 0.000682 0.394417
v -0.181939 0.000703 0.394436
v -0.181186 0.001294 0.395092
v -0.181166 0.001309 0.395110
v -0.179440 -0.000390 0.394998
v -0.179448 -0.000403 0.394978
v -0.180201 -0.001000 0.394326
v -0.180233 -0.001021 0.394304
v -0.179148 -0.003112 0.394265
v -0.179125 -0.003108 0.394272
v -0.178142 -0.003013 0.394919
v -0.178096 -0.003007 0.394949
v -0.177787 -0.005427 0.394988
v -0.178272 -0.007807 0.395105
v -0.178309 -0.007800 0.395072
v -0.179307 -0.007637 0.394419
v -0.179320 -0.007634 0.394412
v -0.180552 -0.009621 0.394582
v -0.180513 -0.009645 0.394611
v -0.179824 -0.010270 0.395294
v -0.179797 -0.010288 0.395316
v -0.181654 -0.011817 0.395533
v -0.181669 -0.011798 0.395509
v -0.182369 -0.011181 0.394827
v -0.182410 -0.011154 0.394799
v -0.184711 -0.012084 0.395040
v -0.184696 -0.012134 0.395078
v -0.184663 -0.012294 0.395222
v -0.184539 -0.012951 0.395806
v -0.184534 -0.012983 0.395832
v -0.187208 -0.013214 0.396086
v -0.189866 -0.012731 0.396318
v -0.189860 -0.012700 0.396289
v -0.189753 -0.012052 0.395687
v -0.189733 -0.011897 0.395540
v -0.189720 -0.011849 0.395494
v -0.191957 -0.010705 0.395670
v -0.191995 -0.010744 0.395726
v -0.192038 -0.010776 0.395776
v -0.192640 -0.011296 0.396534
v -0.192644 -0.011300 0.396535
v -0.194370 -0.009601 0.396645
v -0.194366 -0.009599 0.396642
v -0.193778 -0.009076 0.395886
v -0.193735 -0.009041 0.395840
v -0.193684 -0.009001 0.395780
v -0.194767 -0.006907 0.395821
v -0.195039 -0.006928 0.396073
v -0.195666 -0.006981 0.396646
v -0.195726 -0.006989 0.396693
v -0.196038 -0.004569 0.396654
v -0.195556 -0.002233 0.396545
v -0.195552 -0.002188 0.396540
v -0.195484 -0.002193 0.396494
v -0.194873 -0.002329 0.395924
v -0.194597 -0.002387 0.395675
v -0.193377 -0.000404 0.395504
v -0.193417 -0.000345 0.395570
v -0.193980 0.000272 0.396296
v -0.194013 0.000296 0.396327
v -0.192156 0.001825 0.396112
v -0.192134 0.001800 0.396083
v -0.191561 0.001191 0.395355
v -0.191521 0.001130 0.395288
v -0.189218 0.002064 0.395047
v -0.189213 0.002141 0.395109
v -0.189276 0.002967 0.395792
v 0.267861 -0.044107 0.111486
v 0.273440 -0.042253 0.113529
v 0.275927 -0.036990 0.114708
v 0.273869 -0.031393 0.114343
v 0.268465 -0.028748 0.112641
v 0.262931 -0.030588 0.110620
v 0.260465 -0.035846 0.109446
v 0.262501 -0.041446 0.109804
v 0.274553 -0.042734 0.097758
v 0.279701 -0.040936 0.099986
v 0.282025 -0.035689 0.101253
v 0.280131 -0.030073 0.100814
v 0.275122 -0.027371 0.098927
v 0.270005 -0.029164 0.096707
v 0.267725 -0.034408 0.095445
v 0.269597 -0.040025 0.095885
v 0.282399 -0.040619 0.084220
v 0.287833 -0.039065 0.087092
v 0.290478 -0.034035 0.088856
v 0.289017 -0.028462 0.088478
v 0.284598 -0.025670 0.086358
v 0.279857 -0.027294 0.083765
v 0.277079 -0.032340 0.082027
v 0.277559 -0.037866 0.082041
v 0.291078 -0.038549 0.070924
v 0.295656 -0.036980 0.073656
v 0.297955 -0.031932 0.075363
v 0.296680 -0.026341 0.074990
v 0.292745 -0.023464 0.072816
v 0.288710 -0.025088 0.070299
v 0.286391 -0.030164 0.068640
v 0.286721 -0.035744 0.068687
v 0.293812 -0.036195 0.057383
v 0.298055 -0.034644 0.059930
v 0.300254 -0.029600 0.061561
v 0.299032 -0.024000 0.061250
v 0.295263 -0.021105 0.059204
v 0.291305 -0.022654 0.056725
v 0.289151 -0.027741 0.055174
v 0.289835 -0.033394 0.055369
v 0.292212 -0.033560 0.042316
v 0.296458 -0.032064 0.044859
v 0.298743 -0.027034 0.046513
v 0.297555 -0.021412 0.046235
v 0.293782 -0.018480 0.044214
v 0.289720 -0.019980 0.041713
v 0.287073 -0.025076 0.040579
v 0.287995 -0.030737 0.040768
v 0.286263 -0.031275 0.032094
v 0.291768 -0.029755 0.032781
v 0.294709 -0.024720 0.033474
v 0.293520 -0.019091 0.033327
v 0.289130 -0.016166 0.032197
v 0.283652 -0.017717 0.031648
v 0.280276 -0.022865 0.031373
v 0.281299 -0.028479 0.031463
v 0.280606 -0.028704 0.017002
v 0.285469 -0.027076 0.018223
v 0.288057 -0.022038 0.019349
v 0.286796 -0.016474 0.019961
v 0.282628 -0.013676 0.019369
v 0.277915 -0.015321 0.017963
v 0.275023 -0.020481 0.016765
v 0.276089 -0.026026 0.016384
v 0.272484 -0.025976 0.002003
v 0.277117 -0.024075 0.001746
v 0.279651 -0.018916 0.002410
v 0.278700 -0.013486 0.003585
v 0.274882 -0.010973 0.004543
v 0.270402 -0.012904 0.004734
v 0.267486 -0.018160 0.004147
v 0.268269 -0.023563 0.003035
v 0.261704 -0.023335 -0.011222
v 0.266146 -0.021248 -0.012784
v 0.268789 -0.015933 -0.012725
v 0.267935 -0.010585 -0.011033
v 0.264330 -0.008330 -0.008781
v 0.260226 -0.010502 -0.007336
v 0.257439 -0.015823 -0.007398
v 0.257896 -0.021119 -0.008963
v 0.247270 -0.020784 -0.024060
v 0.251448 -0.018496 -0.026880
v 0.254002 -0.013108 -0.027369
v 0.253352 -0.007849 -0.025199
v 0.250044 -0.005770 -0.021726
v 0.246150 -0.008100 -0.019062
v 0.243660 -0.013453 -0.018640
v 0.243907 -0.018730 -0.020630
v 0.232813 -0.018655 -0.035372
v 0.236676 -0.016179 -0.039458
v 0.238751 -0.010773 -0.040065
v 0.238042 -0.005552 -0.037188
v 0.235159 -0.003616 -0.032362
v 0.231569 -0.006113 -0.027798
v 0.229024 -0.011560 -0.026228
v 0.229401 -0.016749 -0.029410
v 0.216680 -0.016808 -0.039017
v 0.220149 -0.014186 -0.044162
v 0.222545 -0.008684 -0.046070
v 0.222869 -0.003454 -0.044551
v 0.221060 -0.001654 -0.039752
v 0.218025 -0.004364 -0.033890
v 0.215510 -0.009903 -0.031370
v 0.214791 -0.015048 -0.033664
v 0.206228 -0.015295 -0.043937
v 0.209567 -0.012474 -0.049976
v 0.211404 -0.006897 -0.051457
v 0.210576 -0.001838 -0.047389
v 0.208245 -0.000237 -0.040713
v 0.205973 -0.003064 -0.034894
v 0.204700 -0.008630 -0.033886
v 0.204799 -0.013656 -0.038191
v 0.196401 -0.013783 -0.047437
v 0.198043 -0.010789 -0.052676
v 0.199134 -0.005196 -0.053811
v 0.199256 -0.000237 -0.050177
v 0.198348 0.001200 -0.043745
v 0.196782 -0.001748 -0.038271
v 0.195925 -0.007361 -0.037509
v 0.195557 -0.012355 -0.041364
v 0.186061 -0.012309 -0.048749
v 0.186569 -0.009188 -0.053964
v 0.187118 -0.003587 -0.055051
v 0.187747 0.001263 -0.051422
v 0.188321 0.002575 -0.045237
v 0.187833 -0.000527 -0.040018
v 0.186896 -0.006184 -0.038878
v 0.186075 -0.011084 -0.042477
v 0.175647 -0.010884 -0.048359
v 0.175460 -0.007613 -0.053547
v 0.175818 -0.001968 -0.054625
v 0.176880 0.002792 -0.051018
v 0.178238 0.003933 -0.044862
v 0.178452 0.000694 -0.039674
v 0.177630 -0.005014 -0.038528
v 0.176459 -0.009818 -0.042123
v 0.165178 -0.009524 -0.046562
v 0.164058 -0.006176 -0.051591
v 0.164275 -0.000498 -0.052645
v 0.166242 0.004272 -0.049174
v 0.168277 0.005259 -0.043151
v 0.169085 0.001888 -0.038074
v 0.168418 -0.003857 -0.036957
v 0.166884 -0.008577 -0.040483
v 0.154546 -0.008270 -0.043566
v 0.153012 -0.004801 -0.048451
v 0.153161 0.000920 -0.049471
v 0.155374 0.005606 -0.046090
v 0.157938 0.006469 -0.040229
v 0.159173 0.002981 -0.035294
v 0.158628 -0.002791 -0.034215
v 0.156794 -0.007448 -0.037656
v 0.142914 -0.007217 -0.039554
v 0.141091 -0.003669 -0.044319
v 0.141196 0.002073 -0.045315
v 0.143609 0.006714 -0.042020
v 0.146562 0.007481 -0.036310
v 0.148107 0.003899 -0.031506
v 0.147692 -0.001888 -0.030470
v 0.145575 -0.006494 -0.033810
v 0.129916 -0.006349 -0.034585
v 0.127750 -0.002764 -0.039205
v 0.127819 0.002993 -0.040170
v 0.130460 0.007617 -0.036964
v 0.133822 0.008339 -0.031432
v 0.135707 0.004705 -0.026771
v 0.135403 -0.001095 -0.025779
v 0.132992 -0.005677 -0.029011
v 0.116178 -0.005716 -0.028899
v 0.113749 -0.002094 -0.033378
v 0.113791 0.003675 -0.034316
v 0.116628 0.008280 -0.031202
v 0.120322 0.008971 -0.025827
v 0.122579 0.005329 -0.021310
v 0.122320 -0.000478 -0.020347
v 0.119609 -0.005063 -0.023479
v 0.092045 -0.006882 -0.021295
v 0.089454 -0.003239 -0.025681
v 0.089502 0.002548 -0.026599
v 0.095770 0.007686 -0.024015
v 0.104894 0.009212 -0.019490
v 0.108739 0.005780 -0.015275
v 0.107046 -0.000280 -0.014128
v 0.099184 -0.005676 -0.016483
v 0.077857 -0.006478 -0.014787
v 0.075200 -0.002814 -0.019107
v 0.075300 0.002991 -0.020019
v 0.078278 0.007564 -0.017009
v 0.082248 0.008204 -0.011825
v 0.084890 0.004539 -0.007499
v 0.084672 -0.001283 -0.006568
v 0.081715 -0.005854 -0.009584
v 0.063975 -0.006074 -0.008108
v 0.061321 -0.002384 -0.012385
v 0.061496 0.003439 -0.013298
v 0.064463 0.007995 -0.010314
v 0.068435 0.008604 -0.005179
v 0.071086 0.004920 -0.000893
v 0.070876 -0.000909 0.000025
v 0.067902 -0.005466 -0.002962
v 0.050792 -0.005592 -0.001369
v 0.048175 -0.001878 -0.005618
v 0.048408 0.003960 -0.006531
v 0.051315 0.008494 -0.003558
v 0.055228 0.009075 0.001545
v 0.057845 0.005362 0.005801
v 0.057610 -0.000472 0.006716
v 0.054713 -0.005006 0.003739
v 0.182194 -0.021835 0.304268
v 0.181555 -0.020298 0.303829
v 0.180499 -0.019056 0.303209
v 0.179130 -0.018232 0.302465
v 0.177583 -0.017907 0.301673
v 0.176010 -0.018111 0.300909
v 0.174562 -0.018825 0.300246
v 0.173384 -0.019980 0.299753
v 0.172589 -0.021462 0.299475
v 0.172255 -0.023127 0.299441
v 0.172417 -0.024810 0.299654
v 0.173056 -0.026348 0.300091
v 0.174112 -0.027590 0.300712
v 0.175481 -0.028414 0.301456
v 0.177027 -0.028740 0.302249
v 0.178601 -0.028535 0.303014
v 0.180050 -0.027820 0.303675
v 0.181229 -0.026665 0.304169
v 0.182022 -0.025183 0.304446
v 0.182356 -0.023519 0.304480
v 0.190782 -0.022445 0.289655
v 0.189969 -0.020490 0.289099
v 0.188628 -0.018913 0.288309
v 0.186888 -0.017865 0.287364
v 0.184922 -0.017451 0.286356
v 0.182922 -0.017711 0.285384
v 0.181082 -0.018620 0.284544
v 0.179586 -0.020088 0.283916
v 0.178575 -0.021971 0.283564
v 0.178151 -0.024085 0.283521
v 0.178357 -0.026225 0.283790
v 0.179170 -0.028179 0.284347
v 0.180512 -0.029757 0.285137
v 0.182251 -0.030805 0.286082
v 0.184216 -0.031219 0.287089
v 0.186217 -0.030960 0.288061
v 0.188057 -0.030050 0.288901
v 0.189554 -0.028583 0.289528
v 0.190564 -0.026699 0.289881
v 0.190987 -0.024584 0.289926
v 0.274174 -0.031647 0.128739
v 0.272639 -0.027979 0.127696
v 0.270128 -0.025013 0.126212
v 0.266849 -0.023049 0.124439
v 0.263153 -0.022272 0.122549
v 0.259403 -0.022760 0.120724
v 0.255969 -0.024462 0.119143
v 0.253144 -0.027219 0.117967
v 0.251250 -0.030757 0.117302
v 0.250457 -0.034726 0.117223
v 0.250838 -0.038744 0.117729
v 0.252373 -0.042411 0.118774
v 0.254883 -0.045375 0.120257
v 0.258136 -0.047344 0.122032
v 0.261832 -0.048119 0.123923
v 0.265608 -0.047630 0.125745
v 0.269043 -0.045928 0.127326
v 0.271868 -0.043171 0.128502
v 0.273761 -0.039636 0.129162
v 0.274554 -0.035663 0.129248
v 0.276403 -0.034014 0.112152
v 0.275440 -0.031816 0.111531
v 0.273965 -0.030031 0.110636
v 0.272023 -0.028846 0.109568
v 0.269758 -0.028388 0.108438
v 0.267539 -0.028675 0.107337
v 0.265437 -0.029703 0.106393
v 0.263768 -0.031355 0.105683
v 0.262627 -0.033479 0.105285
v 0.262146 -0.035865 0.105236
v 0.262344 -0.038284 0.105545
v 0.263307 -0.040481 0.106166
v 0.264757 -0.042271 0.107066
v 0.266777 -0.043443 0.108124
v 0.268964 -0.043914 0.109264
v 0.271183 -0.043627 0.110365
v 0.273285 -0.042598 0.111308
v 0.274954 -0.040947 0.112018
v 0.276172 -0.038809 0.112406
v 0.276627 -0.036427 0.112459
v 0.177306 -0.023323 0.301961
v 0.269387 -0.036146 0.108847
v 0.197116 -0.027612 0.276139
v 0.196104 -0.029495 0.275788
v 0.194606 -0.030963 0.275159
v 0.192766 -0.031872 0.274319
v 0.190767 -0.032132 0.273348
v 0.188801 -0.031717 0.272340
v 0.187061 -0.030670 0.271395
v 0.185719 -0.029092 0.270606
v 0.184907 -0.027138 0.270048
v 0.184703 -0.024998 0.269779
v 0.185126 -0.022884 0.269822
v 0.186135 -0.021000 0.270175
v 0.187633 -0.019533 0.270803
v 0.189473 -0.018624 0.271644
v 0.191471 -0.018363 0.272614
v 0.193438 -0.018778 0.273623
v 0.195177 -0.019826 0.274567
v 0.196519 -0.021403 0.275358
v 0.197332 -0.023359 0.275913
v 0.197539 -0.025498 0.276182
v 0.215783 -0.040310 0.229973
v 0.212133 -0.040782 0.228206
v 0.208571 -0.040029 0.226374
v 0.205404 -0.038125 0.224656
v 0.202958 -0.035258 0.223223
v 0.201486 -0.031702 0.222208
v 0.201115 -0.027812 0.221719
v 0.201888 -0.023965 0.221799
v 0.203716 -0.020542 0.222439
v 0.206442 -0.017874 0.223579
v 0.209782 -0.016222 0.225108
v 0.213419 -0.015753 0.226876
v 0.216993 -0.016502 0.228706
v 0.220161 -0.018407 0.230425
v 0.222594 -0.021278 0.231859
v 0.224079 -0.024830 0.232872
v 0.224450 -0.028720 0.233363
v 0.223677 -0.032566 0.233283
v 0.221849 -0.035990 0.232642
v 0.219123 -0.038658 0.231502
v 0.220243 -0.038821 0.229164
v 0.216889 -0.040475 0.227634
v 0.213253 -0.040946 0.225866
v 0.209677 -0.040194 0.224033
v 0.206510 -0.038289 0.222316
v 0.204076 -0.035416 0.220878
v 0.202590 -0.031861 0.219864
v 0.202219 -0.027968 0.219373
v 0.202991 -0.024119 0.219454
v 0.204832 -0.020692 0.220095
v 0.207558 -0.018021 0.221235
v 0.210899 -0.016368 0.222765
v 0.214535 -0.015898 0.224535
v 0.218111 -0.016650 0.226366
v 0.221278 -0.018556 0.228086
v 0.223726 -0.021427 0.229522
v 0.225198 -0.024984 0.230535
v 0.225569 -0.028877 0.231026
v 0.224810 -0.032722 0.230947
v 0.222969 -0.036151 0.230305
v 0.214869 -0.036636 0.229216
v 0.212341 -0.036965 0.227990
v 0.215989 -0.036800 0.226878
v 0.213461 -0.037128 0.225649
v 0.209856 -0.036442 0.226716
v 0.210975 -0.036605 0.224374
v 0.207657 -0.035119 0.225523
v 0.208776 -0.035281 0.223180
v 0.205970 -0.033124 0.224524
v 0.207076 -0.033285 0.222181
v 0.204938 -0.030655 0.223822
v 0.206042 -0.030814 0.221476
v 0.204675 -0.027953 0.223481
v 0.205792 -0.028106 0.221135
v 0.205218 -0.025279 0.223536
v 0.206321 -0.025433 0.221190
v 0.206486 -0.022901 0.223982
v 0.207602 -0.023049 0.221636
v 0.208377 -0.021047 0.224775
v 0.209493 -0.021194 0.222431
v 0.210706 -0.019898 0.225836
v 0.211822 -0.020044 0.223493
v 0.213234 -0.019570 0.227064
v 0.214351 -0.019717 0.224724
v 0.215719 -0.020093 0.228336
v 0.216835 -0.020239 0.225997
v 0.217918 -0.021416 0.229530
v 0.219035 -0.021565 0.227192
v 0.219604 -0.023410 0.230527
v 0.220736 -0.023561 0.228189
v 0.220637 -0.025880 0.231232
v 0.221756 -0.026033 0.228896
v 0.220900 -0.028582 0.231573
v 0.222019 -0.028738 0.229237
v 0.220357 -0.031255 0.231518
v 0.221490 -0.031413 0.229180
v 0.219089 -0.033634 0.231071
v 0.220209 -0.033796 0.228734
v 0.217198 -0.035489 0.230278
v 0.218318 -0.035652 0.227941
v 0.266184 -0.045512 0.133289
v 0.262776 -0.047208 0.131709
v 0.259000 -0.047697 0.129890
v 0.255305 -0.046925 0.128004
v 0.252053 -0.044962 0.126233
v 0.249544 -0.042002 0.124752
v 0.248011 -0.038342 0.123709
v 0.247631 -0.034331 0.123204
v 0.248425 -0.030367 0.123285
v 0.250346 -0.026832 0.123943
v 0.253120 -0.024088 0.125125
v 0.256579 -0.022384 0.126697
v 0.260328 -0.021894 0.128516
v 0.263998 -0.022675 0.130410
v 0.267250 -0.024640 0.132180
v 0.269784 -0.027592 0.133655
v 0.271292 -0.031257 0.134703
v 0.271697 -0.035264 0.135205
v 0.270903 -0.039229 0.135124
v 0.269009 -0.042758 0.134463
v 0.264864 -0.045315 0.136073
v 0.261404 -0.047018 0.134501
v 0.257654 -0.047503 0.132680
v 0.253986 -0.046727 0.130793
v 0.250734 -0.044766 0.129024
v 0.248226 -0.041809 0.127544
v 0.246693 -0.038154 0.126502
v 0.246315 -0.034144 0.125999
v 0.247109 -0.030185 0.126078
v 0.249004 -0.026656 0.126739
v 0.251803 -0.023910 0.127915
v 0.255237 -0.022210 0.129490
v 0.258986 -0.021724 0.131309
v 0.262681 -0.022497 0.133193
v 0.265933 -0.024459 0.134964
v 0.268441 -0.027415 0.136442
v 0.269974 -0.031074 0.137481
v 0.270352 -0.035080 0.137988
v 0.269558 -0.039041 0.137908
v 0.267663 -0.042568 0.137248
v 0.263261 -0.042690 0.135061
v 0.260652 -0.043974 0.133874
v 0.264607 -0.042882 0.132273
v 0.261998 -0.044169 0.131085
v 0.257839 -0.044339 0.132499
v 0.259159 -0.044537 0.129712
v 0.255053 -0.043756 0.131077
v 0.256372 -0.043952 0.128287
v 0.252591 -0.042275 0.129744
v 0.253910 -0.042471 0.126951
v 0.250714 -0.040044 0.128625
v 0.252032 -0.040237 0.125832
v 0.249554 -0.037285 0.127839
v 0.250871 -0.037474 0.125046
v 0.249273 -0.034260 0.127457
v 0.250590 -0.034446 0.124663
v 0.249873 -0.031272 0.127518
v 0.251189 -0.031455 0.124725
v 0.251292 -0.028612 0.128017
v 0.252608 -0.028791 0.125226
v 0.253404 -0.026540 0.128905
v 0.254720 -0.026717 0.126115
v 0.256012 -0.025254 0.130092
v 0.257328 -0.025431 0.127302
v 0.258825 -0.024889 0.131466
v 0.260167 -0.025062 0.128675
v 0.261612 -0.025473 0.132888
v 0.262954 -0.025646 0.130099
v 0.264073 -0.026951 0.134222
v 0.265390 -0.027131 0.131439
v 0.265951 -0.029184 0.135340
v 0.267295 -0.029364 0.132555
v 0.267111 -0.031943 0.136126
v 0.268455 -0.032125 0.133341
v 0.267392 -0.034968 0.136509
v 0.268737 -0.035153 0.133724
v 0.266792 -0.037956 0.136447
v 0.268137 -0.038144 0.133663
v 0.265372 -0.040616 0.135948
v 0.266718 -0.040807 0.133161
v 0.181744 -0.026784 0.303262
v 0.180545 -0.027958 0.302760
v 0.179073 -0.028685 0.302088
v 0.177472 -0.028893 0.301311
v 0.175900 -0.028562 0.300504
v 0.174508 -0.027723 0.299749
v 0.173435 -0.026460 0.299117
v 0.172785 -0.024897 0.298672
v 0.172621 -0.023186 0.298455
v 0.172958 -0.021494 0.298490
v 0.173767 -0.019987 0.298773
v 0.174965 -0.018812 0.299275
v 0.176438 -0.018086 0.299948
v 0.178037 -0.017879 0.300725
v 0.179611 -0.018209 0.301531
v 0.181001 -0.019047 0.302287
v 0.182075 -0.020310 0.302918
v 0.182727 -0.021873 0.303364
v 0.182890 -0.023585 0.303580
v 0.182551 -0.025277 0.303545
v 0.218863 -0.038578 0.231961
v 0.215536 -0.040221 0.230440
v 0.211914 -0.040690 0.228682
v 0.208354 -0.039943 0.226859
v 0.205203 -0.038047 0.225151
v 0.202786 -0.035190 0.223721
v 0.201305 -0.031655 0.222714
v 0.200938 -0.027782 0.222227
v 0.201700 -0.023955 0.222307
v 0.203530 -0.020548 0.222943
v 0.206244 -0.017892 0.224078
v 0.209571 -0.016248 0.225600
v 0.213192 -0.015778 0.227357
v 0.216753 -0.016526 0.229180
v 0.219890 -0.018423 0.230890
v 0.222320 -0.021278 0.232318
v 0.223802 -0.024814 0.233325
v 0.224169 -0.028686 0.233814
v 0.223407 -0.032513 0.233733
v 0.221577 -0.035921 0.233097
v 0.220829 -0.038907 0.227938
v 0.217476 -0.040562 0.226409
v 0.213840 -0.041034 0.224640
v 0.210264 -0.040281 0.222807
v 0.207096 -0.038373 0.221086
v 0.204648 -0.035501 0.219650
v 0.203176 -0.031943 0.218634
v 0.202804 -0.028048 0.218144
v 0.203576 -0.024197 0.218225
v 0.205404 -0.020772 0.218867
v 0.208130 -0.018100 0.220009
v 0.211483 -0.016445 0.221537
v 0.215120 -0.015973 0.223307
v 0.218709 -0.016726 0.225140
v 0.221864 -0.018634 0.226861
v 0.224311 -0.021506 0.228297
v 0.225797 -0.025062 0.229312
v 0.226168 -0.028957 0.229802
v 0.225396 -0.032806 0.229724
v 0.223556 -0.036236 0.229081
v 0.216179 -0.037575 0.227037
v 0.218721 -0.036321 0.228199
v 0.220784 -0.034293 0.229066
v 0.222184 -0.031691 0.229554
v 0.222767 -0.028768 0.229615
v 0.222485 -0.025811 0.229241
v 0.221364 -0.023110 0.228470
v 0.219512 -0.020929 0.227380
v 0.217101 -0.019482 0.226075
v 0.214388 -0.018910 0.224684
v 0.211619 -0.019269 0.223341
v 0.209077 -0.020525 0.222179
v 0.207015 -0.022552 0.221310
v 0.205615 -0.025155 0.220825
v 0.205032 -0.028078 0.220764
v 0.205313 -0.031035 0.221136
v 0.206435 -0.033737 0.221908
v 0.208300 -0.035915 0.222998
v 0.210698 -0.037362 0.224302
v 0.213411 -0.037936 0.225696
v 0.214946 -0.036964 0.229284
v 0.212319 -0.037306 0.228010
v 0.209742 -0.036762 0.226685
v 0.207460 -0.035387 0.225446
v 0.205701 -0.033314 0.224408
v 0.204635 -0.030748 0.223678
v 0.204366 -0.027939 0.223323
v 0.204919 -0.025162 0.223381
v 0.206243 -0.022690 0.223844
v 0.208207 -0.020763 0.224667
v 0.210629 -0.019570 0.225771
v 0.213256 -0.019229 0.227047
v 0.215833 -0.019773 0.228369
v 0.218115 -0.021149 0.229610
v 0.219874 -0.023221 0.230646
v 0.220940 -0.025786 0.231378
v 0.221209 -0.028595 0.231733
v 0.220656 -0.031372 0.231674
v 0.219332 -0.033844 0.231211
v 0.217368 -0.035771 0.230387
v 0.215317 -0.036702 0.228281
v 0.212789 -0.037030 0.227053
v 0.210304 -0.036508 0.225779
v 0.208105 -0.035184 0.224586
v 0.206405 -0.033189 0.223588
v 0.205385 -0.030718 0.222883
v 0.205122 -0.028014 0.222543
v 0.205651 -0.025342 0.222599
v 0.206933 -0.022960 0.223044
v 0.208823 -0.021105 0.223837
v 0.211152 -0.019957 0.224899
v 0.213681 -0.019628 0.226128
v 0.216165 -0.020151 0.227401
v 0.218365 -0.021476 0.228595
v 0.220065 -0.023470 0.229592
v 0.221085 -0.025941 0.230297
v 0.221347 -0.028645 0.230638
v 0.220805 -0.031320 0.230583
v 0.219537 -0.033699 0.230136
v 0.217646 -0.035553 0.229342
v 0.220359 -0.038841 0.228910
v 0.217019 -0.040493 0.227380
v 0.213369 -0.040965 0.225612
v 0.209794 -0.040214 0.223780
v 0.206639 -0.038305 0.222059
v 0.204192 -0.035433 0.220623
v 0.202707 -0.031879 0.219612
v 0.202335 -0.027986 0.219119
v 0.203107 -0.024137 0.219198
v 0.204948 -0.020708 0.219839
v 0.207674 -0.018038 0.220982
v 0.211015 -0.016385 0.222512
v 0.214663 -0.015910 0.224278
v 0.218240 -0.016664 0.226111
v 0.221407 -0.018571 0.227831
v 0.223842 -0.021444 0.229269
v 0.225327 -0.024998 0.230284
v 0.225698 -0.028892 0.230773
v 0.224926 -0.032741 0.230693
v 0.223085 -0.036169 0.230053
v 0.261385 -0.047013 0.134564
v 0.257636 -0.047500 0.132745
v 0.253967 -0.046721 0.130856
v 0.250689 -0.044763 0.129090
v 0.248181 -0.041808 0.127612
v 0.246674 -0.038145 0.126568
v 0.246270 -0.034143 0.126065
v 0.247064 -0.030183 0.126145
v 0.248959 -0.026656 0.126805
v 0.251758 -0.023908 0.127980
v 0.255218 -0.022204 0.129553
v 0.258967 -0.021717 0.131371
v 0.262636 -0.022496 0.133260
v 0.265887 -0.024457 0.135029
v 0.268395 -0.027414 0.136508
v 0.269954 -0.031065 0.137547
v 0.270307 -0.035078 0.138055
v 0.269487 -0.039041 0.137980
v 0.267618 -0.042566 0.137315
v 0.264818 -0.045312 0.136139
v 0.260715 -0.044162 0.133910
v 0.257820 -0.044539 0.132512
v 0.254999 -0.043940 0.131058
v 0.252475 -0.042433 0.129698
v 0.250560 -0.040155 0.128557
v 0.249388 -0.037337 0.127755
v 0.249070 -0.034256 0.127368
v 0.249687 -0.031206 0.127431
v 0.251153 -0.028490 0.127938
v 0.253313 -0.026372 0.128842
v 0.255949 -0.025066 0.130056
v 0.258845 -0.024690 0.131455
v 0.261666 -0.025289 0.132909
v 0.264189 -0.026797 0.134269
v 0.266105 -0.029074 0.135409
v 0.267277 -0.031891 0.136213
v 0.267594 -0.034972 0.136599
v 0.266978 -0.038022 0.136537
v 0.265512 -0.040738 0.136029
v 0.263325 -0.042859 0.135128
v 0.261785 -0.044137 0.131531
v 0.258946 -0.044506 0.130158
v 0.256159 -0.043922 0.128734
v 0.253723 -0.042436 0.127394
v 0.251818 -0.040206 0.126278
v 0.250658 -0.037444 0.125493
v 0.250377 -0.034416 0.125111
v 0.250976 -0.031425 0.125172
v 0.252395 -0.028763 0.125672
v 0.254507 -0.026688 0.126561
v 0.257115 -0.025402 0.127748
v 0.259955 -0.025034 0.129121
v 0.262767 -0.025614 0.130542
v 0.265177 -0.027103 0.131885
v 0.267082 -0.029334 0.133000
v 0.268242 -0.032096 0.133785
v 0.268523 -0.035124 0.134168
v 0.267924 -0.038114 0.134106
v 0.266505 -0.040777 0.133606
v 0.264393 -0.042851 0.132719
v 0.265994 -0.045143 0.133144
v 0.268695 -0.042488 0.134282
v 0.270499 -0.039081 0.134925
v 0.271287 -0.035249 0.135000
v 0.270906 -0.031377 0.134513
v 0.269425 -0.027840 0.133506
v 0.266994 -0.024983 0.132076
v 0.263843 -0.023087 0.130368
v 0.260296 -0.022336 0.128541
v 0.256662 -0.022809 0.126785
v 0.253334 -0.024452 0.125261
v 0.250633 -0.027108 0.124124
v 0.248803 -0.030517 0.123487
v 0.248041 -0.034346 0.123406
v 0.248396 -0.038221 0.123899
v 0.249878 -0.041760 0.124904
v 0.252308 -0.044616 0.126333
v 0.255459 -0.046513 0.128043
v 0.259007 -0.047265 0.129869
v 0.262641 -0.046791 0.131626
v 0.264868 -0.043334 0.132449
v 0.267103 -0.041143 0.133386
v 0.268609 -0.038330 0.133914
v 0.269236 -0.035173 0.133979
v 0.268951 -0.031975 0.133573
v 0.267731 -0.029058 0.132741
v 0.265716 -0.026703 0.131564
v 0.263122 -0.025139 0.130154
v 0.260183 -0.024521 0.128649
v 0.257201 -0.024909 0.127199
v 0.254433 -0.026268 0.125947
v 0.252224 -0.028456 0.125006
v 0.250718 -0.031268 0.124478
v 0.250065 -0.034429 0.124416
v 0.250376 -0.037623 0.124819
v 0.251596 -0.040541 0.125649
v 0.253610 -0.042895 0.126826
v 0.256205 -0.044459 0.128237
v 0.259143 -0.045076 0.129741
v 0.262126 -0.044689 0.131193
v 0.266270 -0.045523 0.133118
v 0.262836 -0.047223 0.131541
v 0.259087 -0.047712 0.129721
v 0.255391 -0.046935 0.127832
v 0.252139 -0.044972 0.126062
v 0.249630 -0.042013 0.124581
v 0.248096 -0.038352 0.123538
v 0.247717 -0.034342 0.123032
v 0.248511 -0.030378 0.123112
v 0.250406 -0.026847 0.123775
v 0.253205 -0.024097 0.124951
v 0.256639 -0.022398 0.126530
v 0.260388 -0.021908 0.128348
v 0.264083 -0.022683 0.130236
v 0.267336 -0.024650 0.132008
v 0.269870 -0.027604 0.133485
v 0.271378 -0.031269 0.134531
v 0.271757 -0.035281 0.135035
v 0.270963 -0.039244 0.134955
v 0.269069 -0.042774 0.134295
v 0.273242 -0.042642 0.111530
v 0.271139 -0.043678 0.110575
v 0.268866 -0.043972 0.109468
v 0.266625 -0.043502 0.108322
v 0.264627 -0.042312 0.107248
v 0.263147 -0.040509 0.106343
v 0.262128 -0.038299 0.105723
v 0.261952 -0.035854 0.105408
v 0.262404 -0.033452 0.105462
v 0.263594 -0.031302 0.105857
v 0.265288 -0.029633 0.106574
v 0.267417 -0.028593 0.107525
v 0.269664 -0.028303 0.108635
v 0.271905 -0.028773 0.109782
v 0.273826 -0.029975 0.110866
v 0.275409 -0.031761 0.111756
v 0.276273 -0.033997 0.112398
v 0.276578 -0.036420 0.112696
v 0.276075 -0.038831 0.112650
v 0.274936 -0.040974 0.112246
v 0.272691 -0.043054 0.113489
v 0.270429 -0.044171 0.112456
v 0.267959 -0.044492 0.111262
v 0.265587 -0.043976 0.110017
v 0.263426 -0.042690 0.108858
v 0.261805 -0.040745 0.107884
v 0.260799 -0.038343 0.107199
v 0.260537 -0.035714 0.106868
v 0.261038 -0.033116 0.106925
v 0.262287 -0.030799 0.107358
v 0.264104 -0.028999 0.108134
v 0.266392 -0.027877 0.109164
v 0.268862 -0.027556 0.110357
v 0.271259 -0.028068 0.111599
v 0.273420 -0.029353 0.112757
v 0.275041 -0.031297 0.113732
v 0.276047 -0.033700 0.114415
v 0.276335 -0.036325 0.114742
v 0.275809 -0.038927 0.114690
v 0.274533 -0.041249 0.114261
v -0.282932 -0.008648 0.109415
v -0.288015 -0.011609 0.111412
v -0.289340 -0.017253 0.112787
v -0.286132 -0.022273 0.112736
v -0.280271 -0.023729 0.111295
v -0.275230 -0.020784 0.109309
v -0.273929 -0.015153 0.107943
v -0.277113 -0.010122 0.107987
v -0.288876 -0.012119 0.095622
v -0.293559 -0.014925 0.097810
v -0.294725 -0.020504 0.099271
v -0.291674 -0.025588 0.099149
v -0.286183 -0.027190 0.097503
v -0.281533 -0.024400 0.095323
v -0.280406 -0.018836 0.093866
v -0.283436 -0.013746 0.093991
v -0.295792 -0.016566 0.082018
v -0.300815 -0.019167 0.084837
v -0.302351 -0.024585 0.086769
v -0.299738 -0.029720 0.086702
v -0.294792 -0.031553 0.084812
v -0.290467 -0.029027 0.082252
v -0.288805 -0.023562 0.080346
v -0.290446 -0.018272 0.080076
v -0.303529 -0.021145 0.068634
v -0.307711 -0.023574 0.071336
v -0.308915 -0.028931 0.073225
v -0.306470 -0.034122 0.073156
v -0.301981 -0.036154 0.071205
v -0.298350 -0.033783 0.068705
v -0.297130 -0.028392 0.066862
v -0.298643 -0.023010 0.066637
v -0.305420 -0.024678 0.055159
v -0.309274 -0.027025 0.057682
v -0.310374 -0.032370 0.059499
v -0.307980 -0.037577 0.059483
v -0.303654 -0.039656 0.057670
v -0.300077 -0.037374 0.055206
v -0.299032 -0.031991 0.053463
v -0.300909 -0.026618 0.053378
v -0.302990 -0.027591 0.040274
v -0.306862 -0.029885 0.042791
v -0.308044 -0.035233 0.044628
v -0.305692 -0.040468 0.044648
v -0.301342 -0.042580 0.042857
v -0.297656 -0.040322 0.040377
v -0.296138 -0.034805 0.039069
v -0.298250 -0.029477 0.038963
v -0.296501 -0.028965 0.030316
v -0.301554 -0.031656 0.030955
v -0.303360 -0.037198 0.031816
v -0.300994 -0.042428 0.031959
v -0.296076 -0.044361 0.031074
v -0.291056 -0.041638 0.030578
v -0.288863 -0.035876 0.030144
v -0.291057 -0.030619 0.029937
v -0.290134 -0.030913 0.015498
v -0.294549 -0.033533 0.016681
v -0.296019 -0.038977 0.017988
v -0.293619 -0.044095 0.018890
v -0.288950 -0.045932 0.018536
v -0.284681 -0.043331 0.017161
v -0.282941 -0.037700 0.015787
v -0.285150 -0.032541 0.015116
v -0.281340 -0.032450 0.000840
v -0.285434 -0.035354 0.000561
v -0.286818 -0.040922 0.001414
v -0.284759 -0.045962 0.002870
v -0.280522 -0.047516 0.004038
v -0.276577 -0.044625 0.004241
v -0.274844 -0.038865 0.003469
v -0.276739 -0.033818 0.002085
v -0.270002 -0.033234 -0.011990
v -0.273852 -0.036337 -0.013558
v -0.275293 -0.042113 -0.013305
v -0.273358 -0.047063 -0.011339
v -0.269408 -0.048361 -0.008903
v -0.265902 -0.045250 -0.007460
v -0.264328 -0.039437 -0.007713
v -0.265864 -0.034442 -0.009541
v -0.255137 -0.033092 -0.024356
v -0.258658 -0.036387 -0.027154
v -0.259988 -0.042243 -0.027451
v -0.258282 -0.047132 -0.025018
v -0.254688 -0.048258 -0.021373
v -0.251446 -0.044988 -0.018729
v -0.250166 -0.039186 -0.018508
v -0.251496 -0.034184 -0.020751
v -0.240365 -0.032458 -0.035210
v -0.243521 -0.035928 -0.039272
v -0.244375 -0.041695 -0.039662
v -0.242632 -0.046502 -0.036523
v -0.239515 -0.047518 -0.031543
v -0.236641 -0.044069 -0.027019
v -0.235354 -0.038114 -0.025651
v -0.236765 -0.033285 -0.029088
v -0.224186 -0.030815 -0.038386
v -0.226904 -0.034396 -0.043484
v -0.228021 -0.040386 -0.045180
v -0.227256 -0.045502 -0.043423
v -0.225208 -0.046634 -0.038504
v -0.222946 -0.043042 -0.032707
v -0.221734 -0.036948 -0.030394
v -0.222083 -0.031862 -0.032919
v -0.213586 -0.030187 -0.042988
v -0.216111 -0.033967 -0.048961
v -0.216681 -0.039894 -0.050219
v -0.214880 -0.044464 -0.045895
v -0.212410 -0.045191 -0.039092
v -0.210914 -0.041663 -0.033364
v -0.210881 -0.035892 -0.032597
v -0.211960 -0.031202 -0.037136
v -0.203620 -0.029632 -0.046182
v -0.204474 -0.033159 -0.051310
v -0.204317 -0.038919 -0.052197
v -0.203457 -0.043621 -0.048340
v -0.202398 -0.044522 -0.041830
v -0.201616 -0.041042 -0.036463
v -0.201991 -0.035336 -0.035949
v -0.202611 -0.030556 -0.040033
v -0.193203 -0.028814 -0.047180
v -0.192926 -0.032220 -0.052250
v -0.192245 -0.037861 -0.053081
v -0.191904 -0.042569 -0.049244
v -0.192307 -0.043687 -0.043014
v -0.192601 -0.040313 -0.037942
v -0.192913 -0.034527 -0.037048
v -0.193092 -0.029728 -0.040861
v -0.182767 -0.027862 -0.046485
v -0.181778 -0.031253 -0.051501
v -0.180905 -0.036891 -0.052320
v -0.180995 -0.041608 -0.048512
v -0.182206 -0.042748 -0.042347
v -0.183210 -0.039387 -0.037319
v -0.183647 -0.033579 -0.036432
v -0.183458 -0.028792 -0.040224
v -0.172315 -0.026759 -0.044379
v -0.170407 -0.030013 -0.049212
v -0.169387 -0.035658 -0.049998
v -0.170356 -0.040589 -0.046360
v -0.172252 -0.041731 -0.040340
v -0.173863 -0.038388 -0.035449
v -0.174465 -0.032582 -0.034595
v -0.173900 -0.027787 -0.038306
v -0.161753 -0.025472 -0.041079
v -0.159422 -0.028743 -0.045759
v -0.158323 -0.034405 -0.046507
v -0.159551 -0.039315 -0.042956
v -0.161984 -0.040464 -0.037127
v -0.164032 -0.037105 -0.032388
v -0.164754 -0.031300 -0.031575
v -0.163887 -0.026504 -0.035190
v -0.150284 -0.023709 -0.036759
v -0.147652 -0.026985 -0.041299
v -0.146511 -0.032664 -0.042020
v -0.147944 -0.037583 -0.038567
v -0.150768 -0.038725 -0.032902
v -0.153136 -0.035354 -0.028308
v -0.153983 -0.029565 -0.027541
v -0.152836 -0.024744 -0.031043
v -0.137534 -0.021419 -0.031453
v -0.134571 -0.024650 -0.035841
v -0.133387 -0.030334 -0.036529
v -0.135045 -0.035285 -0.033169
v -0.138275 -0.036487 -0.027688
v -0.140984 -0.033147 -0.023254
v -0.141940 -0.027370 -0.022525
v -0.140501 -0.022512 -0.025922
v -0.124139 -0.018704 -0.025415
v -0.120907 -0.021899 -0.029664
v -0.119703 -0.027592 -0.030330
v -0.121548 -0.032577 -0.027061
v -0.125106 -0.033830 -0.021743
v -0.128169 -0.030566 -0.017463
v -0.129174 -0.024793 -0.016772
v -0.127449 -0.019854 -0.020052
v -0.101031 -0.011816 -0.017322
v -0.097643 -0.014995 -0.021469
v -0.096437 -0.020697 -0.022112
v -0.101501 -0.026995 -0.019428
v -0.110160 -0.030320 -0.015049
v -0.114722 -0.027629 -0.011091
v -0.114389 -0.021287 -0.010196
v -0.107829 -0.014363 -0.012627
v -0.087260 -0.008733 -0.010470
v -0.083806 -0.011915 -0.014547
v -0.082644 -0.017645 -0.015183
v -0.084632 -0.022640 -0.012032
v -0.088472 -0.023918 -0.006918
v -0.091913 -0.020726 -0.002832
v -0.092960 -0.014948 -0.002174
v -0.090994 -0.009965 -0.005336
v -0.073788 -0.005716 -0.003458
v -0.070332 -0.008924 -0.007498
v -0.069242 -0.014687 -0.008126
v -0.071226 -0.019664 -0.005004
v -0.075067 -0.020912 0.000066
v -0.078524 -0.017708 0.004101
v -0.079576 -0.011926 0.004743
v -0.077592 -0.006948 0.001616
v -0.060982 -0.002928 0.003600
v -0.057557 -0.006166 -0.000411
v -0.056523 -0.011958 -0.001042
v -0.058446 -0.016893 0.002075
v -0.062237 -0.018103 0.007109
v -0.065662 -0.014867 0.011117
v -0.066695 -0.009073 0.011756
v -0.064783 -0.004137 0.008639
v -0.198683 -0.002308 0.304996
v -0.197722 -0.003687 0.304647
v -0.196417 -0.004692 0.304111
v -0.194894 -0.005225 0.303439
v -0.193299 -0.005233 0.302699
v -0.191795 -0.004717 0.301963
v -0.190523 -0.003726 0.301301
v -0.189612 -0.002358 0.300781
v -0.189148 -0.000746 0.300451
v -0.189177 0.000953 0.300346
v -0.189697 0.002569 0.300473
v -0.190657 0.003948 0.300822
v -0.191964 0.004953 0.301358
v -0.193487 0.005487 0.302030
v -0.195078 0.005495 0.302770
v -0.196585 0.004979 0.303507
v -0.197855 0.003989 0.304168
v -0.198769 0.002619 0.304689
v -0.199232 0.001007 0.305018
v -0.199202 -0.000690 0.305124
v -0.206878 -0.004311 0.290173
v -0.205658 -0.006062 0.289730
v -0.204000 -0.007339 0.289048
v -0.202062 -0.008016 0.288195
v -0.200039 -0.008027 0.287255
v -0.198126 -0.007371 0.286318
v -0.196510 -0.006113 0.285478
v -0.195352 -0.004375 0.284816
v -0.194762 -0.002325 0.284398
v -0.194799 -0.000166 0.284264
v -0.195461 0.001888 0.284426
v -0.196681 0.003641 0.284869
v -0.198341 0.004918 0.285552
v -0.200277 0.005595 0.286404
v -0.202300 0.005605 0.287345
v -0.204212 0.004950 0.288281
v -0.205829 0.003691 0.289121
v -0.206987 0.001952 0.289783
v -0.207577 -0.000096 0.290202
v -0.207539 -0.002255 0.290337
v -0.286771 -0.021426 0.127095
v -0.284479 -0.024713 0.126263
v -0.281368 -0.027111 0.124983
v -0.277728 -0.028385 0.123382
v -0.273938 -0.028407 0.121617
v -0.270328 -0.027169 0.119856
v -0.267310 -0.024809 0.118282
v -0.265125 -0.021543 0.117037
v -0.264027 -0.017700 0.116249
v -0.264106 -0.013648 0.116001
v -0.265348 -0.009790 0.116305
v -0.267615 -0.006495 0.117135
v -0.270752 -0.004100 0.118420
v -0.274365 -0.002826 0.120018
v -0.278181 -0.002808 0.121787
v -0.281766 -0.004038 0.123543
v -0.284810 -0.006403 0.125122
v -0.286968 -0.009667 0.126362
v -0.288092 -0.013518 0.127147
v -0.288014 -0.017566 0.127400
v -0.289052 -0.020363 0.110368
v -0.287712 -0.022344 0.109873
v -0.285850 -0.023786 0.109105
v -0.283589 -0.024538 0.108132
v -0.281377 -0.024563 0.107081
v -0.279185 -0.023817 0.106021
v -0.277359 -0.022395 0.105072
v -0.276054 -0.020433 0.104327
v -0.275390 -0.018125 0.103854
v -0.275459 -0.015695 0.103705
v -0.276194 -0.013375 0.103888
v -0.277559 -0.011397 0.104387
v -0.279447 -0.009960 0.105158
v -0.281579 -0.009186 0.106113
v -0.283920 -0.009184 0.107182
v -0.286086 -0.009926 0.108239
v -0.287887 -0.011342 0.109183
v -0.289192 -0.013303 0.109930
v -0.289881 -0.015617 0.110406
v -0.289838 -0.018051 0.110558
v -0.194190 0.000131 0.302735
v -0.282584 -0.016863 0.107122
v -0.213871 -0.001306 0.276283
v -0.213282 0.000742 0.275865
v -0.212122 0.002482 0.275202
v -0.210507 0.003740 0.274362
v -0.208594 0.004396 0.273426
v -0.206570 0.004386 0.272484
v -0.204635 0.003709 0.271632
v -0.202974 0.002431 0.270951
v -0.201756 0.000678 0.270506
v -0.201096 -0.001377 0.270345
v -0.201057 -0.003535 0.270479
v -0.201646 -0.005583 0.270897
v -0.202806 -0.007323 0.271560
v -0.204420 -0.008582 0.272400
v -0.206333 -0.009238 0.273335
v -0.208355 -0.009227 0.274277
v -0.210293 -0.008550 0.275129
v -0.211951 -0.007271 0.275812
v -0.213172 -0.005519 0.276256
v -0.213832 -0.003465 0.276416
v -0.233817 0.004779 0.229140
v -0.230328 0.005976 0.227434
v -0.226652 0.005952 0.225726
v -0.223134 0.004722 0.224175
v -0.220111 0.002400 0.222933
v -0.217899 -0.000787 0.222126
v -0.216690 -0.004522 0.221832
v -0.216632 -0.008448 0.222077
v -0.217699 -0.012172 0.222837
v -0.219812 -0.015335 0.224041
v -0.222741 -0.017621 0.225567
v -0.226216 -0.018819 0.227272
v -0.229906 -0.018796 0.228981
v -0.233424 -0.017566 0.230532
v -0.236434 -0.015241 0.231771
v -0.238659 -0.012058 0.232578
v -0.239855 -0.008319 0.232873
v -0.239926 -0.004396 0.232629
v -0.238859 -0.000672 0.231868
v -0.236746 0.002491 0.230665
v -0.237831 0.002291 0.228297
v -0.234889 0.004580 0.226769
v -0.231413 0.005777 0.225065
v -0.227724 0.005755 0.223354
v -0.224206 0.004524 0.221802
v -0.221183 0.002200 0.220561
v -0.218958 -0.000987 0.219752
v -0.217761 -0.004729 0.219458
v -0.217690 -0.008654 0.219702
v -0.218769 -0.012384 0.220465
v -0.220868 -0.015546 0.221668
v -0.223810 -0.017837 0.223197
v -0.227286 -0.019031 0.224900
v -0.230975 -0.019012 0.226612
v -0.234493 -0.017779 0.228163
v -0.237517 -0.015454 0.229405
v -0.239741 -0.012269 0.230211
v -0.240938 -0.008527 0.230507
v -0.241009 -0.004599 0.230265
v -0.239930 -0.000872 0.229500
v -0.232129 0.001362 0.228578
v -0.229711 0.002191 0.227396
v -0.233201 0.001164 0.226209
v -0.230783 0.001994 0.225025
v -0.227154 0.002177 0.226207
v -0.228226 0.001979 0.223836
v -0.224714 0.001319 0.225131
v -0.225773 0.001123 0.222756
v -0.222607 -0.000292 0.224267
v -0.223679 -0.000493 0.221895
v -0.221076 -0.002508 0.223708
v -0.222135 -0.002709 0.221332
v -0.220231 -0.005103 0.223502
v -0.221302 -0.005310 0.221127
v -0.220191 -0.007831 0.223673
v -0.221249 -0.008037 0.221298
v -0.220936 -0.010421 0.224202
v -0.221994 -0.010628 0.221826
v -0.222394 -0.012615 0.225036
v -0.223463 -0.012829 0.222664
v -0.224433 -0.014207 0.226098
v -0.225502 -0.014422 0.223726
v -0.226851 -0.015035 0.227281
v -0.227920 -0.015251 0.224911
v -0.229408 -0.015021 0.228469
v -0.230489 -0.015239 0.226102
v -0.231861 -0.014166 0.229548
v -0.232930 -0.014380 0.227179
v -0.233955 -0.012552 0.230409
v -0.235037 -0.012766 0.228042
v -0.235499 -0.010338 0.230971
v -0.236582 -0.010549 0.228604
v -0.236331 -0.007741 0.231176
v -0.237414 -0.007949 0.228809
v -0.236383 -0.005016 0.231005
v -0.237467 -0.005221 0.228640
v -0.235638 -0.002427 0.230476
v -0.236709 -0.002628 0.228109
v -0.234168 -0.000229 0.229640
v -0.235253 -0.000429 0.227272
v -0.282043 -0.005892 0.131161
v -0.279023 -0.003535 0.129589
v -0.275439 -0.002303 0.127832
v -0.271623 -0.002321 0.126066
v -0.268010 -0.003593 0.124470
v -0.264899 -0.005987 0.123192
v -0.262633 -0.009274 0.122363
v -0.261392 -0.013125 0.122060
v -0.261315 -0.017170 0.122308
v -0.262414 -0.021007 0.123094
v -0.264573 -0.024264 0.124334
v -0.267592 -0.026624 0.125907
v -0.271204 -0.027855 0.127663
v -0.274993 -0.027836 0.129427
v -0.278632 -0.026566 0.131027
v -0.281744 -0.024173 0.132304
v -0.284009 -0.020887 0.133133
v -0.285250 -0.017034 0.133439
v -0.285328 -0.012992 0.133187
v -0.284228 -0.009153 0.132403
v -0.280765 -0.005656 0.133983
v -0.277746 -0.003297 0.132410
v -0.274186 -0.002075 0.130662
v -0.270370 -0.002090 0.128896
v -0.266731 -0.003356 0.127297
v -0.263646 -0.005751 0.126024
v -0.261355 -0.009033 0.125190
v -0.260115 -0.012880 0.124888
v -0.260038 -0.016919 0.125139
v -0.261138 -0.020755 0.125922
v -0.263324 -0.024013 0.127161
v -0.266343 -0.026372 0.128737
v -0.269928 -0.027601 0.130489
v -0.273718 -0.027581 0.132251
v -0.277331 -0.026309 0.133847
v -0.280442 -0.023918 0.135123
v -0.282733 -0.020638 0.135955
v -0.283999 -0.016793 0.136264
v -0.284051 -0.012750 0.136009
v -0.282925 -0.008910 0.135221
v -0.278618 -0.007907 0.133132
v -0.276343 -0.006130 0.131947
v -0.279922 -0.008147 0.130315
v -0.277621 -0.006365 0.129122
v -0.273649 -0.005204 0.130626
v -0.274953 -0.005443 0.127804
v -0.270774 -0.005217 0.129294
v -0.272053 -0.005453 0.126467
v -0.268051 -0.006175 0.128091
v -0.269329 -0.006413 0.125264
v -0.265697 -0.007980 0.127126
v -0.267001 -0.008223 0.124303
v -0.263970 -0.010455 0.126498
v -0.265248 -0.010697 0.123671
v -0.263037 -0.013359 0.126269
v -0.264314 -0.013605 0.123441
v -0.262995 -0.016410 0.126461
v -0.264272 -0.016659 0.123632
v -0.263817 -0.019303 0.127051
v -0.265093 -0.019555 0.124225
v -0.265474 -0.021764 0.127988
v -0.266723 -0.022012 0.125158
v -0.267749 -0.023541 0.129175
v -0.269024 -0.023797 0.126349
v -0.270443 -0.024466 0.130496
v -0.271718 -0.024723 0.127672
v -0.273318 -0.024453 0.131827
v -0.274593 -0.024709 0.129003
v -0.276041 -0.023495 0.133031
v -0.277316 -0.023748 0.130210
v -0.278395 -0.021690 0.133995
v -0.279670 -0.021943 0.131173
v -0.280148 -0.019220 0.134627
v -0.281398 -0.019464 0.131802
v -0.281055 -0.016312 0.134852
v -0.282357 -0.016561 0.132035
v -0.281071 -0.013256 0.134657
v -0.282399 -0.013507 0.131844
v -0.280275 -0.010369 0.134070
v -0.281552 -0.010606 0.131249
v -0.199277 0.002578 0.303766
v -0.198349 0.003969 0.303237
v -0.197057 0.004977 0.302565
v -0.195526 0.005502 0.301816
v -0.193906 0.005493 0.301063
v -0.192358 0.004951 0.300380
v -0.191029 0.003929 0.299835
v -0.190055 0.002527 0.299480
v -0.189525 0.000883 0.299351
v -0.189495 -0.000843 0.299457
v -0.189967 -0.002483 0.299793
v -0.190894 -0.003874 0.300322
v -0.192187 -0.004882 0.300995
v -0.193716 -0.005406 0.301743
v -0.195336 -0.005397 0.302496
v -0.196884 -0.004856 0.303178
v -0.198213 -0.003834 0.303724
v -0.199189 -0.002432 0.304079
v -0.199717 -0.000787 0.304209
v -0.199747 0.000939 0.304101
v -0.236490 0.002491 0.231135
v -0.233559 0.004770 0.229614
v -0.230107 0.005954 0.227922
v -0.226444 0.005935 0.226219
v -0.222940 0.004710 0.224676
v -0.219931 0.002401 0.223440
v -0.217722 -0.000769 0.222638
v -0.216528 -0.004490 0.222343
v -0.216461 -0.008394 0.222588
v -0.217531 -0.012103 0.223344
v -0.219633 -0.015250 0.224544
v -0.222551 -0.017529 0.226063
v -0.226016 -0.018717 0.227758
v -0.229679 -0.018696 0.229459
v -0.233183 -0.017471 0.231004
v -0.236180 -0.015158 0.232235
v -0.238389 -0.011988 0.233039
v -0.239582 -0.008266 0.233337
v -0.239650 -0.004363 0.233089
v -0.238580 -0.000655 0.232332
v -0.238394 0.002186 0.227056
v -0.235453 0.004478 0.225526
v -0.231963 0.005674 0.223822
v -0.228288 0.005653 0.222111
v -0.224756 0.004420 0.220557
v -0.221746 0.002095 0.219318
v -0.219521 -0.001095 0.218506
v -0.218311 -0.004835 0.218213
v -0.218252 -0.008764 0.218458
v -0.219319 -0.012492 0.219219
v -0.221431 -0.015658 0.220425
v -0.224371 -0.017952 0.221955
v -0.227848 -0.019146 0.223659
v -0.231537 -0.019124 0.225369
v -0.235068 -0.017892 0.226924
v -0.238079 -0.015565 0.228164
v -0.240304 -0.012376 0.228974
v -0.241501 -0.008635 0.229266
v -0.241572 -0.004707 0.229024
v -0.240505 -0.000980 0.228262
v -0.233560 0.001886 0.226327
v -0.235791 0.000145 0.227488
v -0.237392 -0.002257 0.228402
v -0.238212 -0.005090 0.228983
v -0.238156 -0.008070 0.229168
v -0.237246 -0.010911 0.228944
v -0.235553 -0.013332 0.228328
v -0.233269 -0.015099 0.227388
v -0.230587 -0.016034 0.226209
v -0.227789 -0.016049 0.224909
v -0.225155 -0.015144 0.223616
v -0.222911 -0.013402 0.222454
v -0.221310 -0.010997 0.221538
v -0.220503 -0.008169 0.220962
v -0.220546 -0.005186 0.220773
v -0.221469 -0.002346 0.221000
v -0.223149 0.000076 0.221613
v -0.225446 0.001840 0.222556
v -0.228115 0.002778 0.223733
v -0.230913 0.002792 0.225033
v -0.232280 0.001666 0.228629
v -0.229765 0.002528 0.227399
v -0.227107 0.002513 0.226164
v -0.224573 0.001623 0.225045
v -0.222392 -0.000054 0.224150
v -0.220783 -0.002354 0.223566
v -0.219922 -0.005053 0.223353
v -0.219877 -0.007886 0.223531
v -0.220644 -0.010575 0.224080
v -0.222163 -0.012857 0.224948
v -0.224281 -0.014510 0.226050
v -0.226796 -0.015372 0.227280
v -0.229454 -0.015358 0.228515
v -0.232001 -0.014470 0.229636
v -0.234182 -0.012794 0.230531
v -0.235778 -0.010491 0.231114
v -0.236652 -0.007793 0.231329
v -0.236697 -0.004960 0.231150
v -0.235917 -0.002270 0.230600
v -0.234398 0.000013 0.229732
v -0.232560 0.001282 0.227631
v -0.230142 0.002111 0.226449
v -0.227586 0.002098 0.225259
v -0.225133 0.001242 0.224180
v -0.223039 -0.000373 0.223319
v -0.221494 -0.002588 0.222757
v -0.220662 -0.005187 0.222552
v -0.220609 -0.007913 0.222722
v -0.221354 -0.010503 0.223251
v -0.222824 -0.012702 0.224088
v -0.224863 -0.014293 0.225150
v -0.227281 -0.015122 0.226334
v -0.229838 -0.015107 0.227522
v -0.232291 -0.014253 0.228601
v -0.234385 -0.012637 0.229462
v -0.235929 -0.010423 0.230024
v -0.236761 -0.007823 0.230229
v -0.236814 -0.005097 0.230060
v -0.236069 -0.002509 0.229529
v -0.234599 -0.000309 0.228692
v -0.237944 0.002270 0.228039
v -0.235003 0.004561 0.226511
v -0.231527 0.005755 0.224808
v -0.227838 0.005735 0.223095
v -0.224320 0.004501 0.221545
v -0.221296 0.002178 0.220303
v -0.219072 -0.001009 0.219494
v -0.217875 -0.004751 0.219199
v -0.217803 -0.008677 0.219444
v -0.218883 -0.012406 0.220208
v -0.220995 -0.015571 0.221412
v -0.223924 -0.017859 0.222938
v -0.227414 -0.019053 0.224642
v -0.231089 -0.019033 0.226353
v -0.234619 -0.017804 0.227908
v -0.237630 -0.015477 0.229147
v -0.239855 -0.012288 0.229957
v -0.241052 -0.008549 0.230250
v -0.241123 -0.004623 0.230005
v -0.240056 -0.000896 0.229245
v -0.277710 -0.003293 0.132475
v -0.274125 -0.002064 0.130723
v -0.270335 -0.002084 0.128961
v -0.266722 -0.003354 0.127366
v -0.263611 -0.005745 0.126088
v -0.261320 -0.009025 0.125257
v -0.260080 -0.012874 0.124951
v -0.260003 -0.016913 0.125203
v -0.261128 -0.020753 0.125990
v -0.263289 -0.024008 0.127228
v -0.266308 -0.026364 0.128801
v -0.269894 -0.027590 0.130551
v -0.273683 -0.027573 0.132316
v -0.277322 -0.026307 0.133914
v -0.280407 -0.023910 0.135188
v -0.282698 -0.020630 0.136021
v -0.283938 -0.016783 0.136324
v -0.284016 -0.012743 0.136073
v -0.282916 -0.008909 0.135289
v -0.280729 -0.005649 0.134049
v -0.276423 -0.005951 0.131974
v -0.273681 -0.005008 0.130627
v -0.270756 -0.005023 0.129270
v -0.267978 -0.006002 0.128042
v -0.265567 -0.007840 0.127057
v -0.263806 -0.010365 0.126417
v -0.262864 -0.013331 0.126184
v -0.262812 -0.016442 0.126379
v -0.263649 -0.019394 0.126981
v -0.265323 -0.021901 0.127935
v -0.267669 -0.023719 0.129149
v -0.270411 -0.024663 0.130496
v -0.273336 -0.024646 0.131853
v -0.276139 -0.023674 0.133084
v -0.278525 -0.021830 0.134066
v -0.280259 -0.019301 0.134702
v -0.281228 -0.016340 0.134939
v -0.281280 -0.013229 0.134745
v -0.280442 -0.010277 0.134142
v -0.278769 -0.007769 0.133189
v -0.277428 -0.006329 0.129576
v -0.274708 -0.005399 0.128250
v -0.271860 -0.005416 0.126922
v -0.269110 -0.006373 0.125714
v -0.266782 -0.008182 0.124751
v -0.265055 -0.010660 0.124124
v -0.264121 -0.013567 0.123895
v -0.264079 -0.016620 0.124085
v -0.264901 -0.019516 0.124676
v -0.266530 -0.021974 0.125613
v -0.268806 -0.023754 0.126799
v -0.271526 -0.024684 0.128124
v -0.274374 -0.024665 0.129453
v -0.277123 -0.023710 0.130660
v -0.279478 -0.021904 0.131626
v -0.281205 -0.019427 0.132254
v -0.282139 -0.016519 0.132483
v -0.282181 -0.013466 0.132292
v -0.281359 -0.010570 0.131701
v -0.279703 -0.008109 0.130763
v -0.281764 -0.006206 0.131045
v -0.283865 -0.009356 0.132245
v -0.284909 -0.013062 0.132998
v -0.284854 -0.016970 0.133244
v -0.283660 -0.020692 0.132952
v -0.281438 -0.023863 0.132146
v -0.278442 -0.026176 0.130911
v -0.274937 -0.027404 0.129369
v -0.271275 -0.027423 0.127665
v -0.267809 -0.026236 0.125971
v -0.264879 -0.023954 0.124448
v -0.262777 -0.020805 0.123249
v -0.261707 -0.017095 0.122490
v -0.261788 -0.013189 0.122251
v -0.263008 -0.009473 0.122546
v -0.265204 -0.006298 0.123348
v -0.268201 -0.003984 0.124582
v -0.271705 -0.002758 0.126125
v -0.275368 -0.002737 0.127829
v -0.278833 -0.003925 0.129523
v -0.280290 -0.007762 0.130460
v -0.281999 -0.010355 0.131445
v -0.282896 -0.013418 0.132073
v -0.282826 -0.016638 0.132272
v -0.281840 -0.019707 0.132029
v -0.280014 -0.022323 0.131366
v -0.277542 -0.024231 0.130348
v -0.274683 -0.025248 0.129079
v -0.271630 -0.025260 0.127670
v -0.268792 -0.024282 0.126275
v -0.266355 -0.022399 0.125017
v -0.264645 -0.019806 0.124033
v -0.263749 -0.016743 0.123404
v -0.263793 -0.013520 0.123201
v -0.264805 -0.010454 0.123447
v -0.266631 -0.007839 0.124111
v -0.269103 -0.005930 0.125128
v -0.271988 -0.004918 0.126401
v -0.275015 -0.004902 0.127806
v -0.277879 -0.005883 0.129205
v -0.282119 -0.005906 0.130987
v -0.279100 -0.003548 0.129414
v -0.275515 -0.002318 0.127660
v -0.271725 -0.002340 0.125897
v -0.268086 -0.003607 0.124297
v -0.264975 -0.006001 0.123018
v -0.262683 -0.009284 0.122186
v -0.261468 -0.013142 0.121883
v -0.261391 -0.017183 0.122136
v -0.262490 -0.021022 0.122921
v -0.264675 -0.024285 0.124163
v -0.267693 -0.026646 0.125738
v -0.271279 -0.027872 0.127491
v -0.275069 -0.027850 0.129254
v -0.278708 -0.026584 0.130853
v -0.281820 -0.024189 0.132131
v -0.284085 -0.020902 0.132960
v -0.285326 -0.017050 0.133263
v -0.285404 -0.013007 0.133013
v -0.284304 -0.009168 0.132231
v -0.287891 -0.011282 0.109413
v -0.286016 -0.009842 0.108452
v -0.283826 -0.009093 0.107384
v -0.281537 -0.009108 0.106316
v -0.279353 -0.009881 0.105347
v -0.277462 -0.011336 0.104571
v -0.276043 -0.013325 0.104060
v -0.275304 -0.015667 0.103877
v -0.275257 -0.018122 0.104031
v -0.275917 -0.020453 0.104506
v -0.277245 -0.022434 0.105261
v -0.279069 -0.023864 0.106215
v -0.281259 -0.024614 0.107282
v -0.283574 -0.024603 0.108355
v -0.285810 -0.023837 0.109330
v -0.287674 -0.022378 0.110102
v -0.289068 -0.020386 0.110608
v -0.289807 -0.018043 0.110792
v -0.289853 -0.015587 0.110640
v -0.289142 -0.013250 0.110156
v -0.287527 -0.010681 0.111359
v -0.285519 -0.009128 0.110322
v -0.283186 -0.008325 0.109174
v -0.280668 -0.008333 0.108013
v -0.278269 -0.009163 0.106962
v -0.276233 -0.010735 0.106124
v -0.274763 -0.012895 0.105582
v -0.273890 -0.015413 0.105374
v -0.273888 -0.018073 0.105546
v -0.274568 -0.020586 0.106054
v -0.276048 -0.022734 0.106877
v -0.277979 -0.024272 0.107902
v -0.280364 -0.025085 0.109057
v -0.282908 -0.025079 0.110222
v -0.285255 -0.024243 0.111267
v -0.287317 -0.022674 0.112107
v -0.288813 -0.020518 0.112652
v -0.289582 -0.017984 0.112846
v -0.289662 -0.015335 0.112686
v -0.288904 -0.012811 0.112167
v -0.003264 -0.021103 0.115711
v -0.004162 -0.022648 0.115784
v -0.005516 -0.023845 0.115857
v -0.007195 -0.024577 0.115926
v -0.009032 -0.024771 0.115981
v -0.010851 -0.024411 0.116019
v -0.012469 -0.023528 0.116035
v -0.013731 -0.022211 0.116028
v -0.014513 -0.020588 0.115999
v -0.014738 -0.018819 0.115950
v -0.014384 -0.017077 0.115885
v -0.013486 -0.015532 0.115813
v -0.012130 -0.014335 0.115739
v -0.010453 -0.013603 0.115671
v -0.008614 -0.013409 0.115615
v -0.006797 -0.013770 0.115578
v -0.005179 -0.014653 0.115561
v -0.003915 -0.015969 0.115569
v -0.003133 -0.017591 0.115598
v -0.002910 -0.019360 0.115647
v 0.002297 -0.023116 0.115625
v 0.000501 -0.026205 0.115770
v -0.002209 -0.028601 0.115917
v -0.005565 -0.030064 0.116052
v -0.009241 -0.030455 0.116166
v -0.012877 -0.029730 0.116240
v -0.016115 -0.027965 0.116272
v -0.018639 -0.025332 0.116257
v -0.020203 -0.022088 0.116199
v -0.020652 -0.018549 0.116100
v -0.019943 -0.015064 0.115973
v -0.018147 -0.011974 0.115827
v -0.015438 -0.009579 0.115681
v -0.012081 -0.008117 0.115544
v -0.008406 -0.007727 0.115433
v -0.004771 -0.008450 0.115357
v -0.001532 -0.010216 0.115325
v 0.000992 -0.012848 0.115339
v 0.002555 -0.016093 0.115397
v 0.003005 -0.019631 0.115496
v 0.014045 -0.022136 0.346023
v 0.010551 -0.028135 0.346306
v 0.005305 -0.032780 0.346591
v -0.001216 -0.035621 0.346856
v -0.008344 -0.036377 0.347072
v -0.015404 -0.034973 0.347218
v -0.021685 -0.031547 0.347280
v -0.026591 -0.026437 0.347253
v -0.029619 -0.020140 0.347138
v -0.030492 -0.013274 0.346946
v -0.029122 -0.006510 0.346700
v -0.025640 -0.000514 0.346419
v -0.020381 0.004135 0.346133
v -0.013860 0.006975 0.345868
v -0.006731 0.007728 0.345652
v 0.000328 0.006326 0.345504
v 0.006609 0.002900 0.345442
v 0.011514 -0.002209 0.345469
v 0.014543 -0.008506 0.345585
v 0.015416 -0.015373 0.345775
v 0.010558 -0.020689 0.354310
v 0.007640 -0.025709 0.354545
v 0.003250 -0.029593 0.354783
v -0.002202 -0.031969 0.355005
v -0.008177 -0.032604 0.355187
v -0.014079 -0.031430 0.355309
v -0.019336 -0.028564 0.355361
v -0.023427 -0.024287 0.355338
v -0.025972 -0.019021 0.355242
v -0.026696 -0.013275 0.355082
v -0.025545 -0.007617 0.354874
v -0.022627 -0.002598 0.354639
v -0.018237 0.001288 0.354399
v -0.012784 0.003663 0.354179
v -0.006809 0.004296 0.353997
v -0.000907 0.003123 0.353874
v 0.004349 0.000257 0.353823
v 0.008440 -0.004020 0.353846
v 0.010985 -0.009286 0.353942
v 0.011710 -0.015031 0.354102
v -0.008823 -0.019090 0.115798
v -0.007493 -0.014153 0.354592
v 0.004386 0.000306 0.353664
v -0.000885 0.003183 0.353714
v -0.006815 0.004362 0.353838
v -0.012804 0.003727 0.354020
v -0.018268 0.001343 0.354241
v -0.022683 -0.002558 0.354481
v -0.025611 -0.007596 0.354717
v -0.026772 -0.013275 0.354927
v -0.026044 -0.019042 0.355087
v -0.023496 -0.024329 0.355184
v -0.019375 -0.028620 0.355206
v -0.014104 -0.031496 0.355155
v -0.008174 -0.032675 0.355031
v -0.002185 -0.032041 0.354849
v 0.003280 -0.029656 0.354629
v 0.007707 -0.025753 0.354386
v 0.010635 -0.020716 0.354150
v 0.011783 -0.015037 0.353942
v 0.011055 -0.009271 0.353781
v 0.008507 -0.003983 0.353685
v 0.006588 0.002870 0.345544
v 0.000308 0.006286 0.345607
v -0.006724 0.007688 0.345752
v -0.013852 0.006934 0.345969
v -0.020348 0.004100 0.346231
v -0.025596 -0.000537 0.346516
v -0.029078 -0.006524 0.346799
v -0.030451 -0.013273 0.347048
v -0.029580 -0.020128 0.347237
v -0.026554 -0.026412 0.347352
v -0.021663 -0.031512 0.347380
v -0.015384 -0.034929 0.347315
v -0.008351 -0.036331 0.347170
v -0.001223 -0.035576 0.346954
v 0.005272 -0.032743 0.346691
v 0.010519 -0.028105 0.346405
v 0.014003 -0.022118 0.346124
v 0.015375 -0.015368 0.345876
v 0.014505 -0.008515 0.345685
v 0.011478 -0.002231 0.345571
v 0.006605 0.002880 0.344429
v 0.000325 0.006305 0.344492
v -0.006735 0.007709 0.344640
v -0.013863 0.006955 0.344854
v -0.020384 0.004112 0.345119
v -0.025643 -0.000534 0.345408
v -0.029125 -0.006532 0.345687
v -0.030495 -0.013294 0.345935
v -0.029623 -0.020161 0.346125
v -0.026594 -0.026458 0.346241
v -0.021688 -0.031568 0.346267
v -0.015408 -0.034993 0.346205
v -0.008361 -0.036397 0.346059
v -0.001220 -0.035642 0.345843
v 0.005288 -0.032802 0.345580
v 0.010548 -0.028157 0.345294
v 0.014042 -0.022156 0.345011
v 0.015412 -0.015394 0.344763
v 0.014540 -0.008527 0.344572
v 0.011511 -0.002229 0.344456
v -0.001529 -0.010203 0.115883
v -0.004767 -0.008439 0.115919
v -0.008401 -0.007716 0.115994
v -0.012079 -0.008104 0.116104
v -0.015434 -0.009567 0.116241
v -0.018145 -0.011961 0.116389
v -0.019941 -0.015053 0.116534
v -0.020649 -0.018537 0.116662
v -0.020199 -0.022076 0.116759
v -0.018636 -0.025319 0.116819
v -0.016111 -0.027954 0.116835
v -0.012872 -0.029719 0.116801
v -0.009238 -0.030440 0.116725
v -0.005563 -0.030052 0.116613
v -0.002205 -0.028589 0.116479
v 0.000504 -0.026195 0.116329
v 0.002300 -0.023104 0.116185
v 0.003008 -0.019619 0.116058
v 0.002559 -0.016081 0.115959
v 0.000995 -0.012837 0.115899
v -0.001524 -0.010181 0.116934
v -0.004762 -0.008418 0.116968
v -0.008397 -0.007693 0.117043
v -0.012072 -0.008082 0.117154
v -0.015429 -0.009546 0.117290
v -0.018138 -0.011940 0.117438
v -0.019934 -0.015031 0.117583
v -0.020644 -0.018517 0.117710
v -0.020194 -0.022055 0.117808
v -0.018630 -0.025298 0.117868
v -0.016106 -0.027932 0.117882
v -0.012868 -0.029697 0.117849
v -0.009233 -0.030419 0.117774
v -0.005556 -0.030032 0.117664
v -0.002200 -0.028566 0.117526
v 0.000509 -0.026174 0.117378
v 0.002306 -0.023082 0.117234
v 0.003014 -0.019597 0.117107
v 0.002564 -0.016059 0.117008
v 0.001001 -0.012815 0.116948
v -0.008404 -0.007724 0.115568
v -0.012081 -0.008113 0.115679
v -0.015437 -0.009575 0.115815
v -0.018146 -0.011970 0.115963
v -0.019943 -0.015062 0.116108
v -0.020652 -0.018547 0.116235
v -0.020201 -0.022085 0.116333
v -0.018639 -0.025329 0.116394
v -0.016114 -0.027962 0.116407
v -0.012875 -0.029727 0.116375
v -0.009240 -0.030450 0.116299
v -0.005565 -0.030061 0.116189
v -0.002207 -0.028599 0.116053
v 0.000501 -0.026204 0.115903
v 0.002297 -0.023113 0.115759
v 0.003007 -0.019627 0.115632
v 0.002557 -0.016090 0.115533
v 0.000992 -0.012845 0.115473
v -0.001531 -0.010212 0.115459
v -0.004770 -0.008447 0.115492
v -0.001995 -0.015474 0.125048
v -0.000277 -0.015553 0.125003
v -0.001788 -0.014139 0.189306
v 0.081489 -0.017946 0.187179
v -0.002062 -0.021583 0.189546
v 0.081214 -0.025388 0.187418
v -0.002269 -0.022917 0.125288
v -0.000552 -0.022996 0.125243
v -0.000951 -0.011018 0.340313
v 0.082406 -0.014542 0.351795
v 0.082131 -0.021985 0.352034
v -0.001223 -0.018460 0.340552
v -0.001435 -0.012825 0.252877
v 0.081900 -0.016408 0.261605
v 0.081629 -0.023850 0.261845
v -0.001710 -0.020268 0.253116
v 0.171398 -0.019616 0.301425
v 0.171122 -0.027059 0.301666
v 0.171531 -0.025546 0.374861
v 0.171806 -0.018103 0.374623
v 0.171556 -0.024893 0.374840
v 0.082156 -0.021332 0.352013
v -0.001198 -0.017808 0.340531
v -0.001685 -0.019616 0.253095
v -0.002038 -0.020929 0.189524
v -0.002246 -0.022266 0.125266
v -0.000527 -0.022344 0.125222
v 0.081239 -0.024736 0.187398
v 0.081652 -0.023197 0.261824
v 0.171150 -0.026405 0.301645
v 0.171795 -0.018359 0.374631
v 0.082395 -0.014799 0.351803
v -0.000956 -0.011273 0.340320
v -0.001445 -0.013082 0.252885
v -0.001798 -0.014396 0.189314
v -0.002005 -0.015731 0.125056
v -0.000287 -0.015809 0.125012
v 0.081479 -0.018202 0.187187
v 0.081894 -0.016663 0.261613
v 0.171387 -0.019873 0.301433
v 0.171794 -0.018141 0.372758
v 0.082394 -0.014580 0.349930
v -0.000953 -0.011055 0.338447
v -0.000964 -0.011312 0.338455
v -0.001206 -0.017846 0.338665
v -0.001231 -0.018499 0.338687
v 0.082123 -0.022023 0.350169
v 0.171522 -0.025584 0.372996
v 0.171544 -0.024932 0.372975
v 0.171786 -0.018397 0.372766
v 0.171412 -0.019566 0.303791
v 0.081916 -0.016358 0.263970
v -0.001419 -0.012776 0.255240
v -0.001429 -0.013033 0.255249
v -0.001669 -0.019566 0.255459
v -0.001691 -0.020219 0.255480
v 0.081645 -0.023801 0.264210
v 0.171136 -0.027010 0.304029
v 0.171161 -0.026357 0.304008
v 0.171401 -0.019823 0.303799
v 0.170440 -0.018044 0.374487
v 0.170430 -0.018301 0.374496
v 0.170191 -0.024834 0.374708
v 0.170166 -0.025486 0.374728
v 0.170154 -0.025526 0.372864
v 0.169770 -0.026950 0.303896
v 0.169759 -0.027000 0.301530
v 0.169785 -0.026347 0.301509
v 0.170022 -0.019813 0.301300
v 0.170033 -0.019556 0.301292
v 0.170047 -0.019508 0.303655
v 0.170428 -0.018083 0.372622
v 0.081523 -0.017817 0.193347
v -0.001754 -0.014012 0.195473
v -0.001763 -0.014268 0.195481
v -0.002004 -0.020802 0.195692
v -0.002027 -0.021455 0.195713
v 0.081249 -0.025261 0.193587
v 0.081273 -0.024609 0.193565
v 0.081514 -0.018074 0.193355
v 0.016068 -0.015692 0.165905
v 0.016078 -0.015436 0.165897
v -0.001671 -0.014275 0.183061
v -0.001681 -0.014530 0.183069
v -0.001922 -0.021066 0.183278
v -0.001945 -0.021718 0.183300
v 0.015803 -0.022878 0.166136
v 0.015828 -0.022226 0.166116
v 0.081363 -0.021362 0.187289
v 0.081398 -0.021234 0.193457
v 0.081776 -0.019823 0.261716
v 0.169908 -0.022973 0.301401
v 0.171272 -0.023032 0.301536
v 0.171286 -0.022983 0.303900
v 0.171671 -0.021558 0.372867
v 0.171679 -0.021519 0.374731
v 0.170314 -0.021460 0.374599
v 0.082280 -0.017959 0.351904
v -0.001071 -0.014434 0.340422
v -0.001080 -0.014472 0.338556
v -0.001544 -0.016192 0.255350
v -0.001560 -0.016242 0.252986
v -0.001880 -0.017428 0.195583
v -0.001914 -0.017556 0.189416
v -0.001797 -0.017691 0.183171
v -0.002121 -0.018891 0.125157
v -0.000402 -0.018970 0.125113
v 0.015952 -0.018852 0.166007
v 0.081499 -0.017909 0.188928
v -0.001778 -0.014103 0.191055
v -0.001788 -0.014359 0.191064
v -0.001904 -0.017519 0.191165
v -0.002028 -0.020893 0.191273
v -0.002052 -0.021546 0.191294
v 0.081225 -0.025353 0.189168
v 0.081249 -0.024699 0.189147
v 0.081373 -0.021325 0.189038
v 0.081489 -0.018166 0.188936
v 0.017909 -0.015467 0.168395
v -0.001657 -0.014223 0.185603
v -0.001667 -0.014479 0.185612
v -0.001783 -0.017639 0.185714
v -0.001907 -0.021012 0.185824
v -0.001931 -0.021666 0.185844
v 0.017635 -0.022909 0.168634
v 0.017659 -0.022257 0.168613
v 0.017783 -0.018883 0.168505
v 0.017900 -0.015723 0.168403
v 0.081219 -0.025283 0.187415
v 0.081229 -0.025249 0.189164
v 0.081253 -0.025155 0.193583
v 0.081632 -0.023745 0.261842
v 0.169762 -0.026894 0.301529
v 0.171128 -0.026954 0.301661
v 0.171140 -0.026904 0.304028
v 0.171525 -0.025479 0.372995
v 0.171537 -0.025440 0.374859
v 0.170168 -0.025383 0.374724
v 0.082137 -0.021881 0.352031
v -0.001220 -0.018356 0.340549
v -0.001229 -0.018395 0.338683
v -0.001691 -0.020115 0.255477
v -0.001707 -0.020164 0.253113
v -0.002024 -0.021351 0.195710
v -0.002048 -0.021441 0.191291
v -0.002059 -0.021477 0.189542
v -0.001928 -0.021562 0.185841
v -0.001942 -0.021613 0.183297
v -0.002265 -0.022813 0.125283
v -0.000547 -0.022892 0.125239
v 0.015807 -0.022774 0.166133
v 0.017639 -0.022804 0.168631
v 0.081467 -0.018538 0.187198
v 0.081477 -0.018502 0.188947
v 0.081501 -0.018411 0.193366
v 0.081879 -0.017000 0.261625
v 0.170011 -0.020150 0.301310
v 0.171376 -0.020208 0.301446
v 0.171387 -0.020160 0.303809
v 0.171772 -0.018735 0.372776
v 0.171784 -0.018696 0.374640
v 0.170419 -0.018636 0.374508
v 0.082384 -0.015135 0.351813
v -0.000973 -0.011611 0.340332
v -0.000975 -0.011649 0.338465
v -0.001441 -0.013369 0.255260
v -0.001457 -0.013418 0.252895
v -0.001776 -0.014605 0.195493
v -0.001800 -0.014697 0.191072
v -0.001810 -0.014733 0.189325
v -0.001679 -0.014816 0.185623
v -0.001694 -0.014868 0.183080
v -0.002016 -0.016068 0.125066
v -0.000299 -0.016147 0.125022
v 0.016056 -0.016029 0.165916
v 0.017887 -0.016060 0.168414
v -0.000496 -0.011038 0.340302
v -0.000500 -0.011294 0.340308
v -0.000518 -0.011633 0.340320
v -0.000616 -0.014455 0.340410
v -0.000742 -0.017830 0.340519
v -0.000765 -0.018377 0.340536
v -0.000768 -0.018480 0.340540
v -0.000776 -0.018520 0.338675
v -0.001237 -0.020239 0.255468
v -0.001253 -0.020288 0.253103
v -0.001573 -0.021476 0.195702
v -0.001597 -0.021567 0.191281
v -0.001606 -0.021603 0.189534
v -0.001647 -0.021679 0.185837
v -0.001672 -0.021731 0.183293
v -0.002259 -0.022919 0.125286
v -0.002256 -0.022814 0.125284
v -0.002235 -0.022266 0.125266
v -0.002110 -0.018892 0.125157
v -0.002007 -0.016068 0.125067
v -0.001994 -0.015731 0.125055
v -0.001986 -0.015476 0.125046
v -0.001398 -0.014288 0.183053
v -0.001373 -0.014235 0.185598
v -0.001333 -0.014160 0.189294
v -0.001323 -0.014124 0.191043
v -0.001298 -0.014033 0.195462
v -0.000982 -0.012846 0.252865
v -0.000966 -0.012797 0.255229
v -0.000498 -0.011076 0.338434
v 0.081944 -0.016266 0.268456
v -0.000938 -0.012704 0.259716
v -0.001394 -0.012684 0.259727
v -0.001405 -0.012940 0.259735
v -0.001415 -0.013277 0.259745
v -0.001523 -0.016101 0.259836
v -0.001645 -0.019474 0.259945
v -0.001665 -0.020023 0.259963
v -0.001670 -0.020126 0.259966
v -0.001215 -0.020148 0.259956
v 0.081669 -0.023708 0.268695
v 0.169796 -0.026858 0.308381
v 0.171161 -0.026917 0.308513
v 0.171164 -0.026812 0.308513
v 0.171187 -0.026265 0.308493
v 0.171310 -0.022891 0.308385
v 0.171415 -0.020067 0.308294
v 0.171425 -0.019731 0.308285
v 0.171436 -0.019475 0.308276
v 0.170071 -0.019415 0.308144
v 0.170055 -0.019483 0.304812
v 0.081924 -0.016334 0.265125
v -0.000962 -0.012773 0.256384
v -0.001412 -0.012752 0.256395
v -0.001424 -0.013009 0.256404
v -0.001435 -0.013345 0.256415
v -0.001537 -0.016168 0.256505
v -0.001662 -0.019542 0.256614
v -0.001684 -0.020091 0.256632
v -0.001688 -0.020195 0.256635
v -0.001230 -0.020215 0.256623
v 0.081649 -0.023777 0.265365
v 0.169778 -0.026927 0.305050
v 0.171144 -0.026986 0.305186
v 0.171148 -0.026882 0.305182
v 0.171167 -0.026333 0.305165
v 0.171290 -0.022959 0.305057
v 0.171395 -0.020137 0.304963
v 0.171407 -0.019799 0.304953
v 0.171416 -0.019543 0.304945
v 0.171801 -0.018216 0.374625
v 0.170436 -0.018156 0.374492
v 0.082401 -0.014655 0.351798
v -0.000498 -0.011151 0.340304
v -0.000953 -0.011131 0.340316
v -0.000961 -0.011169 0.338450
v -0.001398 -0.012797 0.259729
v -0.001417 -0.012865 0.256399
v -0.001421 -0.012888 0.255244
v -0.001440 -0.012939 0.252880
v -0.001758 -0.014124 0.195477
v -0.001783 -0.014217 0.191057
v -0.001792 -0.014252 0.189310
v -0.001662 -0.014335 0.185607
v -0.001676 -0.014388 0.183065
v -0.002000 -0.015588 0.125051
v -0.001989 -0.015587 0.125051
v -0.000281 -0.015666 0.125007
v 0.016073 -0.015549 0.165901
v 0.017905 -0.015579 0.168399
v 0.081484 -0.018058 0.187183
v 0.081495 -0.018022 0.188932
v 0.081519 -0.017931 0.193350
v 0.081896 -0.016520 0.261609
v 0.170030 -0.019669 0.301294
v 0.171393 -0.019728 0.301430
v 0.171407 -0.019680 0.303793
v 0.171415 -0.019654 0.304950
v 0.171432 -0.019588 0.308279
v 0.171792 -0.018254 0.372760
v 0.171532 -0.025495 0.374859
v 0.170167 -0.025434 0.374726
v 0.082133 -0.021933 0.352032
v -0.000763 -0.018429 0.340538
v -0.001218 -0.018408 0.340551
v -0.001227 -0.018447 0.338684
v -0.001666 -0.020074 0.259963
v -0.001685 -0.020143 0.256633
v -0.001693 -0.020168 0.255479
v -0.001705 -0.020216 0.253114
v -0.002026 -0.021403 0.195712
v -0.002050 -0.021494 0.191291
v -0.002060 -0.021530 0.189544
v -0.001929 -0.021614 0.185842
v -0.001943 -0.021668 0.183298
v -0.002268 -0.022866 0.125285
v -0.002256 -0.022865 0.125285
v -0.000549 -0.022944 0.125241
v 0.015806 -0.022827 0.166135
v 0.017637 -0.022857 0.168633
v 0.081216 -0.025336 0.187417
v 0.081227 -0.025300 0.189165
v 0.081251 -0.025209 0.193585
v 0.081630 -0.023798 0.261843
v 0.169761 -0.026946 0.301531
v 0.171126 -0.027007 0.301664
v 0.171139 -0.026958 0.304027
v 0.171146 -0.026932 0.305183
v 0.171163 -0.026864 0.308515
v 0.171523 -0.025532 0.372993
v 0.081002 -0.017923 0.187192
v 0.081012 -0.017887 0.188940
v 0.081037 -0.017795 0.193359
v 0.081414 -0.016384 0.261618
v 0.081430 -0.016335 0.263982
v 0.081435 -0.016312 0.265138
v 0.081456 -0.016243 0.268468
v 0.081891 -0.014628 0.346533
v 0.081926 -0.014500 0.352740
v 0.081921 -0.014614 0.352743
v 0.081915 -0.014757 0.352749
v 0.081901 -0.015094 0.352759
v 0.081800 -0.017917 0.352850
v 0.081673 -0.021291 0.352958
v 0.081654 -0.021839 0.352976
v 0.081653 -0.021892 0.352978
v 0.081651 -0.021943 0.352980
v 0.081617 -0.022073 0.346774
v 0.081183 -0.023684 0.268706
v 0.081163 -0.023755 0.265377
v 0.081159 -0.023778 0.264221
v 0.081143 -0.023827 0.261857
v 0.080762 -0.025238 0.193599
v 0.080738 -0.025330 0.189180
v 0.080728 -0.025367 0.187432
v 0.017331 -0.022895 0.168642
v 0.015512 -0.022866 0.166144
v -0.000561 -0.022995 0.125243
v -0.000561 -0.022945 0.125242
v -0.000558 -0.022891 0.125240
v -0.000538 -0.022343 0.125223
v -0.000414 -0.018969 0.125114
v -0.000310 -0.016146 0.125022
v -0.000298 -0.015809 0.125012
v -0.000292 -0.015665 0.125007
v -0.000288 -0.015553 0.125003
v 0.015785 -0.015423 0.165904
v 0.017605 -0.015453 0.168402
v 0.081005 -0.017914 0.187627
v -0.001330 -0.014150 0.189731
v -0.001786 -0.014131 0.189741
v -0.001790 -0.014243 0.189745
v -0.001795 -0.014387 0.189750
v -0.001807 -0.014723 0.189760
v -0.001911 -0.017547 0.189851
v -0.002036 -0.020920 0.189961
v -0.002055 -0.021470 0.189978
v -0.002058 -0.021521 0.189979
v -0.002059 -0.021574 0.189981
v -0.001605 -0.021593 0.189970
v 0.080731 -0.025357 0.187867
v 0.081218 -0.025380 0.187855
v 0.081220 -0.025327 0.187852
v 0.081222 -0.025276 0.187851
v 0.081242 -0.024726 0.187833
v 0.081366 -0.021352 0.187725
v 0.081469 -0.018529 0.187634
v 0.081482 -0.018193 0.187623
v 0.081487 -0.018049 0.187619
v 0.081491 -0.017936 0.187615
v -0.016708 -0.022257 0.125656
v -0.018427 -0.022179 0.125700
v -0.016199 -0.020936 0.189907
v -0.099476 -0.017130 0.192033
v -0.015925 -0.013493 0.189667
v -0.099202 -0.009687 0.191794
v -0.016434 -0.014814 0.125417
v -0.018153 -0.014736 0.125460
v -0.015356 -0.017814 0.340913
v -0.098558 -0.013727 0.356648
v -0.098284 -0.006284 0.356409
v -0.015085 -0.010372 0.340673
v -0.015844 -0.019621 0.253477
v -0.099064 -0.015592 0.266460
v -0.098788 -0.008149 0.266220
v -0.015572 -0.012179 0.253238
v -0.188086 -0.010642 0.310839
v -0.187812 -0.003200 0.310599
v -0.187403 -0.001685 0.383795
v -0.187677 -0.009129 0.384034
v -0.187428 -0.002338 0.383817
v -0.098309 -0.006937 0.356430
v -0.015110 -0.011024 0.340694
v -0.015596 -0.012832 0.253259
v -0.015949 -0.014146 0.189688
v -0.016458 -0.015468 0.125436
v -0.018178 -0.015389 0.125481
v -0.099226 -0.010340 0.191815
v -0.098813 -0.008802 0.266241
v -0.187837 -0.003852 0.310619
v -0.187670 -0.008874 0.384026
v -0.098548 -0.013470 0.356640
v -0.015352 -0.017559 0.340904
v -0.015838 -0.019366 0.253469
v -0.016189 -0.020679 0.189899
v -0.016699 -0.022001 0.125647
v -0.018417 -0.021923 0.125691
v -0.099466 -0.016874 0.192025
v -0.099053 -0.015335 0.266451
v -0.188076 -0.010385 0.310831
v -0.187689 -0.009168 0.382170
v -0.098570 -0.013766 0.354784
v -0.015365 -0.017852 0.339048
v -0.015354 -0.017596 0.339038
v -0.015119 -0.011063 0.338829
v -0.015094 -0.010410 0.338808
v -0.098296 -0.006322 0.354544
v -0.187414 -0.001723 0.381931
v -0.187439 -0.002376 0.381952
v -0.187678 -0.008912 0.382161
v -0.188072 -0.010594 0.313203
v -0.099048 -0.015543 0.268824
v -0.015828 -0.019572 0.255842
v -0.015822 -0.019316 0.255834
v -0.015580 -0.012783 0.255623
v -0.015557 -0.012129 0.255602
v -0.098772 -0.008099 0.268583
v -0.187801 -0.003150 0.312965
v -0.187823 -0.003802 0.312985
v -0.188063 -0.010337 0.313194
v -0.186314 -0.009195 0.383832
v -0.186303 -0.008938 0.383824
v -0.186065 -0.002405 0.383612
v -0.186040 -0.001752 0.383591
v -0.186051 -0.001791 0.381727
v -0.186431 -0.003216 0.312759
v -0.186446 -0.003264 0.310396
v -0.186471 -0.003917 0.310417
v -0.186711 -0.010452 0.310626
v -0.186722 -0.010708 0.310634
v -0.186706 -0.010658 0.313000
v -0.186323 -0.009232 0.381967
v -0.099441 -0.017003 0.198201
v -0.016164 -0.020809 0.196074
v -0.016154 -0.020552 0.196067
v -0.015914 -0.014018 0.195855
v -0.015890 -0.013366 0.195835
v -0.099167 -0.009560 0.197961
v -0.099191 -0.010212 0.197982
v -0.099432 -0.016747 0.198193
v -0.034310 -0.020332 0.167409
v -0.034320 -0.020588 0.167417
v -0.016385 -0.021058 0.183669
v -0.016375 -0.020803 0.183660
v -0.016135 -0.014268 0.183450
v -0.016111 -0.013615 0.183429
v -0.034046 -0.013145 0.167177
v -0.034070 -0.013798 0.167198
v -0.099350 -0.013714 0.191923
v -0.099315 -0.013586 0.198091
v -0.098935 -0.012175 0.266349
v -0.186592 -0.007291 0.310525
v -0.187962 -0.007227 0.310728
v -0.187948 -0.007176 0.313094
v -0.187563 -0.005751 0.382061
v -0.187551 -0.005712 0.383925
v -0.186188 -0.005777 0.383723
v -0.098432 -0.010311 0.356538
v -0.015230 -0.014398 0.340802
v -0.015239 -0.014436 0.338937
v -0.015703 -0.016156 0.255731
v -0.015721 -0.016206 0.253367
v -0.016038 -0.017392 0.195964
v -0.016073 -0.017520 0.189796
v -0.016259 -0.017642 0.183559
v -0.016583 -0.018842 0.125545
v -0.018302 -0.018763 0.125589
v -0.034194 -0.017172 0.167307
v -0.099466 -0.017094 0.193782
v -0.016189 -0.020900 0.191655
v -0.016179 -0.020644 0.191647
v -0.016063 -0.017484 0.191545
v -0.015939 -0.014110 0.191436
v -0.015915 -0.013457 0.191415
v -0.099192 -0.009650 0.193542
v -0.099216 -0.010304 0.193564
v -0.099340 -0.013677 0.193672
v -0.099456 -0.016838 0.193773
v -0.036123 -0.020453 0.170007
v -0.016371 -0.021006 0.186212
v -0.016361 -0.020749 0.186204
v -0.016245 -0.017589 0.186102
v -0.016120 -0.014216 0.185993
v -0.016097 -0.013563 0.185972
v -0.035849 -0.013010 0.169767
v -0.035873 -0.013662 0.169789
v -0.035997 -0.017036 0.169897
v -0.036113 -0.020196 0.169999
v -0.099206 -0.009792 0.191797
v -0.099195 -0.009756 0.193546
v -0.099171 -0.009665 0.197965
v -0.098792 -0.008254 0.266223
v -0.186450 -0.003368 0.310400
v -0.187816 -0.003304 0.310602
v -0.187800 -0.003256 0.312966
v -0.187417 -0.001830 0.381932
v -0.187408 -0.001790 0.383801
v -0.186046 -0.001856 0.383595
v -0.098290 -0.006389 0.356413
v -0.015088 -0.010477 0.340677
v -0.015096 -0.010514 0.338811
v -0.015559 -0.012235 0.255605
v -0.015575 -0.012284 0.253241
v -0.015894 -0.013470 0.195838
v -0.015918 -0.013562 0.191419
v -0.015928 -0.013599 0.189670
v -0.016100 -0.013668 0.185976
v -0.016114 -0.013721 0.183432
v -0.016439 -0.014920 0.125418
v -0.018158 -0.014840 0.125463
v -0.034050 -0.013250 0.167181
v -0.035853 -0.013113 0.169771
v -0.099454 -0.016537 0.192014
v -0.099444 -0.016501 0.193763
v -0.099419 -0.016410 0.198182
v -0.099042 -0.014999 0.266441
v -0.186700 -0.010115 0.310616
v -0.188062 -0.010049 0.310818
v -0.188051 -0.010000 0.313184
v -0.187667 -0.008574 0.382151
v -0.187656 -0.008536 0.384016
v -0.186292 -0.008601 0.383814
v -0.098537 -0.013134 0.356630
v -0.015335 -0.017221 0.340893
v -0.015343 -0.017260 0.339028
v -0.015806 -0.018980 0.255822
v -0.015822 -0.019029 0.253458
v -0.016142 -0.020216 0.196055
v -0.016167 -0.020307 0.191636
v -0.016177 -0.020343 0.189887
v -0.016348 -0.020413 0.186193
v -0.016363 -0.020465 0.183649
v -0.016687 -0.021666 0.125636
v -0.018405 -0.021587 0.125681
v -0.034298 -0.019995 0.167398
v -0.036101 -0.019860 0.169988
v -0.015812 -0.017793 0.340924
v -0.015808 -0.017537 0.340917
v -0.015790 -0.017201 0.340905
v -0.015686 -0.014377 0.340814
v -0.015565 -0.011004 0.340706
v -0.015543 -0.010455 0.340689
v -0.015541 -0.010350 0.340684
v -0.015549 -0.010390 0.338819
v -0.016010 -0.012108 0.255613
v -0.016028 -0.012159 0.253249
v -0.016346 -0.013345 0.195846
v -0.016370 -0.013435 0.191428
v -0.016380 -0.013473 0.189678
v -0.016381 -0.013550 0.185980
v -0.016384 -0.013604 0.183436
v -0.016445 -0.014814 0.125416
v -0.016449 -0.014918 0.125420
v -0.016469 -0.015467 0.125437
v -0.016594 -0.018841 0.125546
v -0.016697 -0.021665 0.125637
v -0.016709 -0.022000 0.125648
v -0.016719 -0.022257 0.125656
v -0.016658 -0.021046 0.183675
v -0.016655 -0.020992 0.186221
v -0.016653 -0.020916 0.189917
v -0.016643 -0.020879 0.191668
v -0.016619 -0.020788 0.196086
v -0.016301 -0.019602 0.253488
v -0.016285 -0.019552 0.255854
v -0.015820 -0.017832 0.339058
v -0.099021 -0.015450 0.273310
v -0.016261 -0.019460 0.260339
v -0.015804 -0.019481 0.260327
v -0.015796 -0.019224 0.260319
v -0.015785 -0.018887 0.260309
v -0.015681 -0.016064 0.260218
v -0.015556 -0.012689 0.260109
v -0.015537 -0.012142 0.260091
v -0.015531 -0.012037 0.260087
v -0.015988 -0.012017 0.260099
v -0.098748 -0.008007 0.273070
v -0.186409 -0.003122 0.317247
v -0.187775 -0.003057 0.317449
v -0.187778 -0.003161 0.317453
v -0.187797 -0.003710 0.317470
v -0.187920 -0.007084 0.317578
v -0.188025 -0.009907 0.317669
v -0.188039 -0.010243 0.317682
v -0.188046 -0.010502 0.317688
v -0.186683 -0.010567 0.317486
v -0.186700 -0.010635 0.314154
v -0.099041 -0.015518 0.269979
v -0.016280 -0.019528 0.257009
v -0.015824 -0.019549 0.256996
v -0.015814 -0.019293 0.256988
v -0.015802 -0.018956 0.256977
v -0.015697 -0.016132 0.256886
v -0.015572 -0.012758 0.256778
v -0.015555 -0.012211 0.256760
v -0.015552 -0.012107 0.256756
v -0.016004 -0.012085 0.256769
v -0.098768 -0.008076 0.269739
v -0.186426 -0.003190 0.313915
v -0.187792 -0.003126 0.314118
v -0.187794 -0.003230 0.314122
v -0.187817 -0.003780 0.314139
v -0.187940 -0.007153 0.314247
v -0.188045 -0.009976 0.314338
v -0.188056 -0.010312 0.314351
v -0.188066 -0.010568 0.314359
v -0.187673 -0.009015 0.384031
v -0.186309 -0.009081 0.383830
v -0.098554 -0.013614 0.356644
v -0.015811 -0.017681 0.340920
v -0.015355 -0.017702 0.340909
v -0.015364 -0.017740 0.339044
v -0.015801 -0.019367 0.260324
v -0.015819 -0.019436 0.256992
v -0.015823 -0.019460 0.255837
v -0.015842 -0.019509 0.253474
v -0.016160 -0.020696 0.196070
v -0.016184 -0.020787 0.191652
v -0.016194 -0.020823 0.189903
v -0.016366 -0.020893 0.186209
v -0.016380 -0.020945 0.183665
v -0.016703 -0.022145 0.125651
v -0.016714 -0.022144 0.125652
v -0.018423 -0.022066 0.125696
v -0.034316 -0.020475 0.167413
v -0.036119 -0.020340 0.170004
v -0.099471 -0.017017 0.192029
v -0.099461 -0.016981 0.193778
v -0.099437 -0.016890 0.198197
v -0.099059 -0.015479 0.266456
v -0.186716 -0.010594 0.310631
v -0.188082 -0.010530 0.310834
v -0.188068 -0.010480 0.313200
v -0.188062 -0.010457 0.314354
v -0.188042 -0.010388 0.317685
v -0.187684 -0.009054 0.382167
v -0.187407 -0.001737 0.383798
v -0.186041 -0.001804 0.383593
v -0.098285 -0.006336 0.356411
v -0.015545 -0.010403 0.340687
v -0.015090 -0.010425 0.340675
v -0.015092 -0.010461 0.338809
v -0.015532 -0.012089 0.260090
v -0.015550 -0.012158 0.256758
v -0.015558 -0.012182 0.255602
v -0.015574 -0.012231 0.253239
v -0.015892 -0.013418 0.195836
v -0.015917 -0.013509 0.191416
v -0.015926 -0.013545 0.189668
v -0.016098 -0.013615 0.185974
v -0.016112 -0.013668 0.183431
v -0.016436 -0.014867 0.125417
v -0.016448 -0.014866 0.125417
v -0.018155 -0.014788 0.125461
v -0.034048 -0.013197 0.167179
v -0.035851 -0.013062 0.169769
v -0.099204 -0.009739 0.191795
v -0.099194 -0.009702 0.193544
v -0.099170 -0.009611 0.197962
v -0.098791 -0.008201 0.266221
v -0.186449 -0.003316 0.310398
v -0.187813 -0.003252 0.310601
v -0.187799 -0.003201 0.312966
v -0.187793 -0.003178 0.314120
v -0.187777 -0.003109 0.317451
v -0.187416 -0.001775 0.381933
v -0.098989 -0.017153 0.192021
v -0.098979 -0.017116 0.193769
v -0.098955 -0.017025 0.198189
v -0.098578 -0.015614 0.266447
v -0.098559 -0.015564 0.268811
v -0.098555 -0.015541 0.269967
v -0.098535 -0.015473 0.273297
v -0.098101 -0.013859 0.351363
v -0.098066 -0.013730 0.357570
v -0.098062 -0.013617 0.357566
v -0.098056 -0.013474 0.357561
v -0.098045 -0.013137 0.357550
v -0.097940 -0.010314 0.357459
v -0.097817 -0.006939 0.357351
v -0.097798 -0.006393 0.357333
v -0.097793 -0.006338 0.357330
v -0.097792 -0.006287 0.357330
v -0.097827 -0.006415 0.351123
v -0.098259 -0.008027 0.273056
v -0.098280 -0.008098 0.269727
v -0.098286 -0.008122 0.268571
v -0.098302 -0.008171 0.266207
v -0.098680 -0.009582 0.197949
v -0.098705 -0.009673 0.193530
v -0.098715 -0.009711 0.191782
v -0.035545 -0.013024 0.169760
v -0.033754 -0.013159 0.167169
v -0.018142 -0.014737 0.125459
v -0.018145 -0.014789 0.125461
v -0.018146 -0.014841 0.125463
v -0.018166 -0.015389 0.125481
v -0.018291 -0.018763 0.125589
v -0.018395 -0.021587 0.125681
v -0.018407 -0.021924 0.125691
v -0.018412 -0.022067 0.125696
v -0.018416 -0.022180 0.125699
v -0.034028 -0.020602 0.167409
v -0.035819 -0.020467 0.169999
v -0.098986 -0.017144 0.192456
v -0.016651 -0.020907 0.190354
v -0.016196 -0.020928 0.190341
v -0.016192 -0.020814 0.190338
v -0.016186 -0.020671 0.190333
v -0.016174 -0.020334 0.190323
v -0.016070 -0.017511 0.190232
v -0.015946 -0.014137 0.190124
v -0.015926 -0.013589 0.190106
v -0.015924 -0.013536 0.190104
v -0.015922 -0.013485 0.190101
v -0.016377 -0.013463 0.190114
v -0.098712 -0.009701 0.192217
v -0.099199 -0.009677 0.192228
v -0.099201 -0.009729 0.192230
v -0.099203 -0.009783 0.192232
v -0.099223 -0.010331 0.192250
v -0.099347 -0.013705 0.192359
v -0.099451 -0.016528 0.192450
v -0.099464 -0.016865 0.192460
v -0.099469 -0.017008 0.192465
v -0.099473 -0.017121 0.192469
v -0.012313 0.018403 0.089224
v -0.033780 -0.010416 0.069843
v -0.014812 -0.002062 0.123409
v -0.036280 -0.030882 0.104027
v 0.018923 -0.021108 0.111254
v -0.002545 -0.049927 0.091872
v 0.021422 -0.000642 0.077069
v -0.000045 -0.029461 0.057687
v 0.004254 -0.010616 0.123544
v 0.000128 -0.045247 0.071122
v 0.014892 -0.014887 0.062003
v 0.026575 -0.009740 0.094999
v -0.019112 -0.020908 0.057551
v 0.007334 0.014597 0.081429
v -0.026669 0.008577 0.076978
v -0.041433 -0.021783 0.086096
v -0.029749 -0.016637 0.119094
v -0.014986 0.013723 0.109975
v -0.022192 -0.046121 0.099667
v 0.011812 -0.040100 0.104118
v -0.035988 0.000361 0.100838
v -0.009546 -0.033087 0.119488
v 0.021130 -0.031885 0.080258
v -0.005313 0.001563 0.061609
v -0.025602 -0.040160 0.074141
v 0.010744 0.008636 0.106955
v -0.024608 0.013911 0.094777
v -0.038260 -0.004417 0.082452
v -0.039850 -0.017432 0.104191
v -0.026198 0.000896 0.116517
v -0.013168 -0.015587 0.125707
v -0.026819 -0.033915 0.113381
v -0.005366 -0.046027 0.105651
v 0.008285 -0.027699 0.117977
v 0.023402 -0.027107 0.098644
v 0.009751 -0.045434 0.086319
v 0.011340 -0.032420 0.064580
v 0.024992 -0.014092 0.076905
v 0.011961 0.002391 0.067715
v -0.001690 -0.015936 0.055389
v -0.023144 -0.003825 0.063119
v -0.009492 0.014503 0.075445
v -0.033142 -0.024385 0.069295
v -0.011689 -0.036497 0.061565
v -0.013279 -0.049512 0.083304
v -0.034732 -0.037400 0.091034
v 0.019874 0.005877 0.090062
v -0.001580 0.017989 0.097791
v -0.003170 0.004973 0.119531
v 0.018285 -0.007138 0.111801
v -0.033195 0.006145 0.088634
v -0.041259 -0.010437 0.093615
v -0.034878 -0.007626 0.111636
v -0.026813 0.008956 0.106656
v -0.020751 -0.025495 0.121600
v -0.016624 -0.041600 0.110990
v 0.001949 -0.038311 0.113420
v -0.002178 -0.022207 0.124031
v 0.018337 -0.037669 0.092462
v 0.011955 -0.040479 0.074440
v 0.020020 -0.023897 0.069459
v 0.026401 -0.021087 0.087482
v 0.005893 -0.006028 0.059496
v -0.012680 -0.009316 0.057065
v -0.016808 0.006788 0.067675
v 0.001765 0.010077 0.070106
v -0.023520 -0.031607 0.063760
v -0.013011 -0.044900 0.071172
v -0.025201 -0.045378 0.086763
v -0.035710 -0.032085 0.079351
v 0.010344 0.013855 0.094333
v -0.001847 0.013377 0.109924
v 0.008661 0.000083 0.117336
v 0.020852 0.000561 0.101745
v -0.019106 0.015616 0.083570
v -0.031843 -0.001484 0.072070
v -0.038580 -0.015337 0.076232
v -0.040063 -0.027480 0.096514
v -0.034732 -0.025132 0.111571
v -0.021995 -0.008032 0.123071
v -0.015259 0.005821 0.118910
v -0.013775 0.017964 0.098627
v -0.031284 -0.038587 0.102706
v -0.011269 -0.049887 0.095495
v 0.004249 -0.047140 0.097526
v 0.016985 -0.030039 0.109026
v 0.013537 -0.016585 0.117890
v -0.006479 -0.005285 0.125102
v -0.001083 -0.049488 0.082469
v 0.000400 -0.037345 0.062185
v 0.007137 -0.023491 0.058025
v 0.019874 -0.006391 0.069524
v 0.025205 -0.004042 0.084582
v 0.023723 -0.016185 0.104865
v -0.008380 -0.026239 0.055993
v -0.028395 -0.014938 0.063206
v -0.003591 0.018363 0.085601
v 0.016426 0.007063 0.078388
v 0.021070 -0.028093 0.074562
v 0.000380 -0.041588 0.066209
v 0.006082 -0.035506 0.063130
v 0.000222 -0.032964 0.059258
v 0.003092 -0.027062 0.057486
v 0.009782 -0.027895 0.060845
v 0.011204 -0.019329 0.059524
v 0.017964 -0.019446 0.065193
v 0.026221 -0.017669 0.081971
v 0.025764 -0.009083 0.080900
v 0.026365 -0.006702 0.089670
v 0.023038 -0.019071 0.072981
v 0.017799 -0.010475 0.065479
v 0.022835 -0.010373 0.072629
v 0.021065 -0.002932 0.073713
v 0.023338 -0.001932 0.080128
v 0.016236 -0.002025 0.067974
v 0.014342 0.005366 0.072845
v 0.019596 0.002799 0.077489
v 0.010787 -0.010368 0.060131
v 0.009151 -0.001504 0.063186
v 0.000446 -0.002005 0.060016
v -0.001661 0.006217 0.065433
v 0.007092 0.006529 0.068479
v 0.004815 0.012937 0.075486
v 0.012258 0.011141 0.079721
v 0.003183 -0.019548 0.056191
v 0.002167 -0.010883 0.056880
v -0.003518 -0.028232 0.056621
v -0.005340 -0.021058 0.055075
v -0.013727 -0.023743 0.056261
v -0.016089 -0.015127 0.056613
v -0.007098 -0.012523 0.055668
v -0.009037 -0.003684 0.058775
v -0.018075 -0.006326 0.059623
v -0.020134 0.001708 0.064915
v -0.011144 0.004539 0.064192
v -0.024090 -0.017892 0.059996
v -0.025851 -0.009478 0.062466
v -0.031762 -0.012286 0.066798
v -0.027746 -0.002087 0.067336
v -0.022063 0.008179 0.071967
v -0.003885 0.012726 0.072434
v -0.006169 0.016945 0.080235
v 0.001895 0.016993 0.083456
v -0.013150 0.011086 0.071221
v -0.014694 0.015436 0.079119
v -0.008648 0.018746 0.087667
v -0.030915 -0.019890 0.065593
v -0.036510 -0.020110 0.072749
v -0.021597 -0.026451 0.060014
v -0.028731 -0.028237 0.066204
v -0.024862 -0.036226 0.068549
v -0.031086 -0.036470 0.076509
v -0.034812 -0.028476 0.073981
v -0.039238 -0.027142 0.082577
v -0.010404 -0.031469 0.058203
v -0.017754 -0.034434 0.062249
v -0.005580 -0.037571 0.061605
v -0.006388 -0.045688 0.070740
v -0.012511 -0.041066 0.065946
v -0.019497 -0.043014 0.072333
v -0.013325 -0.047725 0.077069
v -0.019406 -0.047963 0.084846
v -0.025721 -0.043257 0.080294
v -0.007100 -0.050014 0.082389
v -0.012696 -0.050234 0.089545
v -0.024030 -0.046380 0.093303
v -0.035625 -0.035135 0.085104
v -0.038030 -0.032552 0.093534
v -0.030383 -0.041766 0.088802
v -0.033207 -0.038654 0.096935
v 0.018349 0.007130 0.084161
v 0.023172 0.001029 0.087562
v 0.009172 0.014857 0.087793
v 0.015525 0.010243 0.092294
v 0.010862 0.011734 0.100802
v 0.016228 0.004946 0.104586
v 0.020767 0.003611 0.095991
v 0.024381 -0.004381 0.098519
v -0.002163 0.018710 0.091551
v 0.004549 0.016439 0.096250
v -0.007758 0.018490 0.098707
v -0.008470 0.014165 0.110356
v -0.001533 0.016202 0.104027
v 0.004638 0.011490 0.108763
v -0.002346 0.009542 0.115150
v 0.002896 0.002911 0.118847
v 0.010004 0.004703 0.112547
v -0.009278 0.006048 0.119492
v -0.004454 -0.000053 0.122894
v 0.006738 -0.005073 0.121082
v 0.019954 -0.003047 0.107115
v 0.021651 -0.011414 0.108348
v 0.013873 -0.003286 0.114892
v 0.016056 -0.011633 0.115503
v -0.015259 0.017575 0.086801
v -0.022349 0.015136 0.088909
v -0.019420 0.016426 0.097181
v -0.012987 0.018576 0.093216
v -0.023035 0.012578 0.080192
v -0.030388 0.007852 0.082615
v -0.029258 0.010454 0.091824
v -0.035069 0.003601 0.094790
v -0.031811 0.005036 0.103992
v -0.026075 0.011855 0.100814
v -0.021153 0.011919 0.108696
v -0.014470 0.016351 0.104384
v -0.029631 0.003725 0.074238
v -0.035401 -0.002387 0.077126
v -0.036244 0.001076 0.085518
v -0.033232 -0.006555 0.070574
v -0.036102 -0.012457 0.072347
v -0.039102 -0.009997 0.079411
v -0.040455 -0.018534 0.080924
v -0.042057 -0.016145 0.089823
v -0.040266 -0.007195 0.088002
v -0.039186 -0.004865 0.097332
v -0.041079 -0.013855 0.099125
v -0.037896 -0.012453 0.108115
v -0.035928 -0.003430 0.106534
v -0.041223 -0.024821 0.091426
v -0.040622 -0.022440 0.100196
v -0.038195 -0.029592 0.100969
v -0.035924 -0.028591 0.107383
v -0.037693 -0.021150 0.108468
v -0.032656 -0.021048 0.115617
v -0.032822 -0.012078 0.115904
v -0.026889 0.005197 0.111937
v -0.020940 0.003983 0.117965
v -0.015238 0.010064 0.114886
v -0.030911 -0.003075 0.114422
v -0.026062 -0.012195 0.121572
v -0.024641 -0.003628 0.120252
v -0.017951 -0.004461 0.123610
v -0.015080 0.001440 0.121837
v -0.018042 -0.011975 0.124905
v -0.009518 -0.010466 0.126021
v -0.011339 -0.003291 0.124475
v -0.025645 -0.021155 0.120965
v -0.017025 -0.020641 0.124216
v -0.015304 -0.029519 0.121080
v -0.005822 -0.027840 0.122321
v -0.007760 -0.019001 0.125429
v 0.001232 -0.016397 0.124483
v -0.001132 -0.007780 0.124835
v -0.031094 -0.029498 0.113121
v -0.024009 -0.030019 0.117910
v -0.034454 -0.034323 0.103607
v -0.029200 -0.036889 0.108251
v -0.027117 -0.042665 0.101374
v -0.019672 -0.044461 0.105610
v -0.021951 -0.038052 0.112617
v -0.013196 -0.037741 0.115663
v -0.010974 -0.044249 0.108662
v -0.001710 -0.042609 0.109874
v -0.003714 -0.036062 0.116904
v -0.016753 -0.048517 0.097640
v -0.008689 -0.048469 0.100861
v -0.006210 -0.050269 0.093429
v 0.000401 -0.049098 0.094294
v -0.000164 -0.046960 0.101977
v 0.008178 -0.044102 0.100904
v 0.007205 -0.039701 0.109128
v 0.003217 -0.025198 0.121474
v 0.010994 -0.022045 0.118631
v 0.009232 -0.013631 0.121101
v 0.005276 -0.033231 0.116181
v 0.014773 -0.035248 0.106858
v 0.012887 -0.029437 0.113760
v 0.018374 -0.024968 0.110521
v 0.016905 -0.019237 0.114298
v 0.020543 -0.029137 0.103971
v 0.024243 -0.021526 0.101685
v 0.021243 -0.019066 0.108750
v 0.015530 -0.039375 0.098481
v 0.021386 -0.032600 0.095578
v 0.020212 -0.035125 0.086306
v 0.024328 -0.026658 0.083763
v 0.025408 -0.024327 0.093094
v 0.027199 -0.015379 0.091273
v 0.025597 -0.012989 0.100173
v 0.007491 -0.046659 0.092187
v 0.014401 -0.041977 0.089272
v -0.001871 -0.050098 0.087880
v 0.004562 -0.047949 0.083915
v -0.000388 -0.047875 0.076712
v 0.006295 -0.043443 0.072400
v 0.011217 -0.043379 0.080282
v 0.016953 -0.036559 0.077104
v 0.012031 -0.036720 0.069159
v 0.016053 -0.028448 0.066674
v -0.017831 0.017300 0.091627
v -0.026627 0.011954 0.085792
v -0.030973 0.008131 0.097991
v -0.020525 0.014641 0.103025
v -0.033352 0.002926 0.079721
v -0.036415 -0.007648 0.074849
v -0.041062 -0.012930 0.084483
v -0.038217 -0.001596 0.091449
v -0.039061 -0.008504 0.102987
v -0.041846 -0.019341 0.095191
v -0.038579 -0.025365 0.104442
v -0.035743 -0.016653 0.112424
v -0.021308 0.008230 0.113734
v -0.031817 0.001223 0.109528
v -0.029018 -0.007625 0.118496
v -0.019995 -0.000416 0.121219
v -0.014279 -0.007648 0.125251
v -0.021964 -0.016550 0.123472
v -0.011543 -0.024421 0.123826
v -0.004205 -0.013405 0.125796
v -0.028689 -0.025578 0.117400
v -0.032862 -0.032597 0.108474
v -0.024742 -0.040976 0.107254
v -0.018788 -0.034148 0.117284
v -0.007403 -0.040575 0.113182
v -0.014173 -0.046942 0.103446
v -0.003659 -0.049083 0.097951
v 0.003585 -0.043798 0.105771
v 0.006363 -0.019371 0.121988
v -0.000158 -0.030848 0.119723
v 0.010310 -0.034770 0.111843
v 0.014925 -0.024135 0.114729
v 0.021557 -0.023875 0.106248
v 0.018494 -0.034449 0.101376
v 0.023359 -0.029927 0.089647
v 0.026204 -0.018594 0.096614
v 0.011769 -0.043477 0.095304
v 0.002973 -0.048823 0.089469
v 0.005667 -0.046165 0.078071
v 0.016115 -0.039654 0.083106
v 0.016958 -0.032747 0.071568
v 0.006450 -0.039754 0.067363
v 0.005137 -0.031107 0.059876
v 0.014161 -0.023899 0.062600
v 0.026988 -0.012182 0.085904
v 0.024203 -0.023020 0.078109
v 0.020886 -0.014870 0.068672
v 0.023721 -0.006159 0.076654
v 0.018004 0.001073 0.072623
v 0.013831 -0.005946 0.063696
v 0.003931 0.002624 0.063812
v 0.009884 0.009453 0.073842
v 0.007105 -0.014973 0.057624
v -0.000580 -0.023875 0.055845
v -0.010654 -0.018119 0.055300
v -0.003315 -0.007103 0.057270
v -0.014700 -0.000674 0.061372
v -0.021221 -0.012153 0.059108
v -0.029783 -0.007389 0.066367
v -0.025168 0.003246 0.069254
v -0.000684 0.015419 0.077650
v -0.007455 0.009052 0.067914
v -0.018443 0.012275 0.075325
v -0.011199 0.017560 0.083145
v -0.034169 -0.016409 0.069077
v -0.026634 -0.023284 0.062451
v -0.030256 -0.032663 0.070980
v -0.038291 -0.023741 0.077360
v -0.016067 -0.029250 0.058644
v -0.004966 -0.032896 0.058554
v -0.006018 -0.041961 0.065730
v -0.018870 -0.039090 0.066878
v -0.019714 -0.045998 0.078416
v -0.006801 -0.048373 0.076439
v -0.007131 -0.050613 0.088147
v -0.018459 -0.048830 0.091348
v -0.039074 -0.030152 0.088069
v -0.031099 -0.039570 0.082518
v -0.029027 -0.042863 0.095155
v -0.036334 -0.034126 0.098670
v 0.021475 0.002602 0.082427
v 0.014168 0.011340 0.085940
v 0.016241 0.008047 0.098578
v 0.024217 -0.001371 0.093028
v 0.003600 0.017306 0.089749
v -0.007728 0.019089 0.092950
v -0.008057 0.016849 0.104656
v 0.004855 0.014474 0.102680
v 0.004012 0.007567 0.114218
v -0.008840 0.010437 0.115365
v -0.009893 0.001372 0.122542
v 0.001208 -0.002272 0.122453
v 0.023434 -0.007783 0.103736
v 0.015397 0.001139 0.110115
v 0.011777 -0.008239 0.118645
v 0.019311 -0.015115 0.112020
v 0.009858 -0.041127 0.048880
v 0.019578 -0.035004 0.048975
v 0.026931 -0.026063 0.049513
v 0.031195 -0.015178 0.050443
v 0.031957 -0.003416 0.051674
v 0.029137 0.008073 0.053085
v 0.023017 0.018164 0.054537
v 0.014190 0.025871 0.055891
v 0.003524 0.030435 0.057011
v -0.007937 0.031415 0.057788
v -0.019073 0.028710 0.058148
v -0.028793 0.022587 0.058053
v -0.036146 0.013646 0.057514
v -0.040411 0.002761 0.056585
v -0.041172 -0.009001 0.055353
v -0.038353 -0.020491 0.053943
v -0.032232 -0.030582 0.052490
v -0.023406 -0.038287 0.051137
v -0.012740 -0.042853 0.050018
v -0.001278 -0.043830 0.049240
v 0.014655 -0.055563 0.066044
v 0.027819 -0.047269 0.066173
v 0.037779 -0.035160 0.066901
v 0.043556 -0.020416 0.068161
v 0.044586 -0.004483 0.069829
v 0.040770 0.011078 0.071739
v 0.032477 0.024749 0.073707
v 0.020523 0.035184 0.075539
v 0.006075 0.041368 0.077056
v -0.009450 0.042694 0.078109
v -0.024533 0.039032 0.078596
v -0.037699 0.030739 0.078469
v -0.047658 0.018628 0.077740
v -0.053436 0.003884 0.076479
v -0.054466 -0.012048 0.074812
v -0.050648 -0.027611 0.072900
v -0.042357 -0.041280 0.070935
v -0.030402 -0.051716 0.069102
v -0.015955 -0.057900 0.067584
v -0.000429 -0.059225 0.066532
v 0.014551 -0.056265 0.072276
v 0.027724 -0.047969 0.072402
v 0.037688 -0.035851 0.073134
v 0.043467 -0.021103 0.074393
v 0.044498 -0.005164 0.076061
v 0.040678 0.010405 0.077974
v 0.032383 0.024081 0.079942
v 0.020423 0.034522 0.081774
v 0.005970 0.040707 0.083291
v -0.009562 0.042033 0.084346
v -0.024651 0.038369 0.084832
v -0.037823 0.030073 0.084706
v -0.047787 0.017956 0.083975
v -0.053566 0.003207 0.082714
v -0.054598 -0.012732 0.081047
v -0.050777 -0.028301 0.079136
v -0.042482 -0.041976 0.077167
v -0.030523 -0.052418 0.075333
v -0.016069 -0.058603 0.073817
v -0.000537 -0.059930 0.072762
v 0.010594 -0.046733 0.073707
v 0.021107 -0.040111 0.073809
v 0.029060 -0.030441 0.074391
v 0.033672 -0.018668 0.075397
v 0.034495 -0.005945 0.076729
v 0.031448 0.006482 0.078254
v 0.024825 0.017395 0.079826
v 0.015280 0.025732 0.081290
v 0.003743 0.030668 0.082499
v -0.008654 0.031726 0.083342
v -0.020700 0.028802 0.083731
v -0.031211 0.022180 0.083628
v -0.039163 0.012509 0.083045
v -0.043776 0.000736 0.082039
v -0.044599 -0.011987 0.080709
v -0.041550 -0.024414 0.079183
v -0.034929 -0.035328 0.077611
v -0.025385 -0.043662 0.076149
v -0.013849 -0.048601 0.074936
v -0.001450 -0.049659 0.074096
v 0.007953 -0.040359 0.074554
v 0.016693 -0.034856 0.074638
v 0.023302 -0.026816 0.075121
v 0.027137 -0.017031 0.075958
v 0.027820 -0.006455 0.077065
v 0.025289 0.003875 0.078332
v 0.019784 0.012948 0.079640
v 0.011848 0.019876 0.080855
v 0.002259 0.023981 0.081861
v -0.008048 0.024860 0.082561
v -0.018058 0.022428 0.082884
v -0.026797 0.016924 0.082800
v -0.033406 0.008886 0.082316
v -0.037243 -0.000900 0.081479
v -0.037928 -0.011477 0.080373
v -0.035393 -0.021807 0.079104
v -0.029887 -0.030880 0.077798
v -0.021954 -0.037807 0.076583
v -0.012363 -0.041913 0.075576
v -0.002058 -0.042791 0.074876
v 0.004993 -0.033214 0.075501
v 0.011742 -0.028963 0.075567
v 0.016848 -0.022754 0.075940
v 0.019811 -0.015195 0.076587
v 0.020339 -0.007026 0.077441
v 0.018382 0.000952 0.078421
v 0.014131 0.007960 0.079430
v 0.008001 0.013311 0.080369
v 0.000595 0.016481 0.081146
v -0.007365 0.017160 0.081687
v -0.015097 0.015282 0.081936
v -0.021847 0.011031 0.081871
v -0.026954 0.004821 0.081497
v -0.029916 -0.002737 0.080852
v -0.030444 -0.010906 0.079996
v -0.028486 -0.018884 0.079016
v -0.024235 -0.025892 0.078008
v -0.018106 -0.031242 0.077069
v -0.010699 -0.034412 0.076291
v -0.002740 -0.035092 0.075751
v 0.001785 -0.025471 0.076529
v 0.006379 -0.022577 0.076573
v 0.009854 -0.018351 0.076828
v 0.011871 -0.013206 0.077267
v 0.012230 -0.007646 0.077849
v 0.010898 -0.002215 0.078516
v 0.008005 0.002555 0.079202
v 0.003833 0.006197 0.079842
v -0.001208 0.008355 0.080372
v -0.006626 0.008818 0.080739
v -0.011890 0.007539 0.080908
v -0.016484 0.004645 0.080864
v -0.019960 0.000419 0.080610
v -0.021976 -0.004726 0.080170
v -0.022335 -0.010286 0.079588
v -0.021003 -0.015717 0.078922
v -0.018109 -0.020487 0.078235
v -0.013939 -0.024129 0.077595
v -0.008897 -0.026287 0.077066
v -0.003479 -0.026749 0.076699
v -0.001592 -0.017322 0.077610
v 0.000735 -0.015857 0.077632
v 0.002495 -0.013717 0.077762
v 0.003515 -0.011112 0.077984
v 0.003697 -0.008298 0.078278
v 0.003022 -0.005548 0.078616
v 0.001557 -0.003134 0.078964
v -0.000555 -0.001290 0.079287
v -0.003107 -0.000198 0.079555
v -0.005849 0.000037 0.079742
v -0.008514 -0.000611 0.079828
v -0.010839 -0.002075 0.079804
v -0.012599 -0.004215 0.079676
v -0.013619 -0.006819 0.079453
v -0.013801 -0.009634 0.079159
v -0.013127 -0.012384 0.078822
v -0.011663 -0.014798 0.078474
v -0.009551 -0.016642 0.078150
v -0.006998 -0.017734 0.077882
v -0.004256 -0.017969 0.077696
v -0.005053 -0.008966 0.078719
v 0.002850 -0.047208 0.116979
v 0.007667 -0.043792 0.117067
v 0.006122 -0.041722 0.117382
v 0.001912 -0.044708 0.117305
v -0.013777 -0.045429 0.118148
v -0.008425 -0.048069 0.117546
v -0.007942 -0.045461 0.117801
v -0.012620 -0.043154 0.118325
v -0.002695 -0.048682 0.117144
v -0.002932 -0.045995 0.117449
v 0.024213 -0.024044 0.118238
v 0.026791 -0.017810 0.118762
v 0.024092 -0.017173 0.118990
v 0.021838 -0.022623 0.118531
v 0.027271 -0.011080 0.119465
v 0.024516 -0.011290 0.119605
v 0.025614 -0.004514 0.120274
v 0.023066 -0.005551 0.120312
v 0.021975 0.001247 0.121113
v 0.019883 -0.000517 0.121043
v 0.002178 0.018218 0.124112
v -0.003177 0.020858 0.124711
v -0.003660 0.018249 0.124457
v 0.001022 0.015942 0.123932
v -0.008906 0.021469 0.125114
v -0.008667 0.018786 0.124808
v -0.014452 0.019996 0.125278
v -0.013514 0.017496 0.124953
v -0.019265 0.016580 0.125192
v -0.017724 0.014511 0.124876
v -0.035812 -0.003167 0.124019
v -0.038390 -0.009402 0.123493
v -0.035697 -0.010040 0.123266
v -0.033443 -0.004590 0.123726
v -0.038873 -0.016132 0.122791
v -0.036119 -0.015921 0.122653
v -0.037212 -0.022698 0.121984
v -0.034667 -0.021661 0.121947
v -0.033573 -0.028458 0.121147
v -0.031485 -0.026696 0.121214
v 0.009047 -0.061216 0.087072
v 0.017216 -0.052864 0.087498
v 0.014380 -0.047537 0.088242
v 0.007237 -0.054836 0.087868
v -0.001131 -0.057802 0.088038
v -0.009910 -0.056146 0.088731
v -0.018239 -0.050029 0.089882
v -0.020101 -0.055714 0.089376
v -0.010574 -0.062714 0.088059
v -0.000529 -0.064610 0.087265
v -0.047718 0.006268 0.098294
v -0.055283 -0.003864 0.097639
v -0.057247 -0.014602 0.096591
v -0.053422 -0.024897 0.095249
v -0.044178 -0.033744 0.093748
v -0.038373 -0.030763 0.093732
v -0.046452 -0.023031 0.095042
v -0.049796 -0.014033 0.096215
v -0.048077 -0.004646 0.097131
v -0.041469 0.004208 0.097704
v 0.009479 0.034569 0.097431
v -0.000050 0.041570 0.098748
v -0.010094 0.043464 0.099542
v -0.019670 0.040071 0.099735
v -0.027839 0.031719 0.099309
v -0.025003 0.026391 0.098564
v -0.017861 0.033691 0.098936
v -0.009491 0.036657 0.098769
v -0.000713 0.035001 0.098074
v 0.007616 0.028883 0.096923
v 0.037077 -0.027538 0.089659
v 0.044641 -0.017407 0.090315
v 0.046605 -0.006669 0.091363
v 0.042778 0.003627 0.092706
v 0.033534 0.012473 0.094205
v 0.027727 0.009494 0.094223
v 0.035809 0.001761 0.092911
v 0.039152 -0.007238 0.091739
v 0.037434 -0.016623 0.090822
v 0.030824 -0.025479 0.090251
v 0.002079 0.018025 0.124097
v 0.009321 0.034088 0.097388
v 0.019988 0.033779 0.081733
v 0.031743 0.023514 0.079932
v 0.033044 0.012221 0.094206
v 0.021795 0.001098 0.121105
v 0.025395 -0.004602 0.120277
v 0.027038 -0.011097 0.119476
v 0.026561 -0.017755 0.118783
v 0.024011 -0.023924 0.118264
v 0.036547 -0.027363 0.089710
v 0.036958 -0.035395 0.073238
v 0.027166 -0.047305 0.072522
v 0.016977 -0.052413 0.087561
v 0.007537 -0.043616 0.117092
v 0.002771 -0.046997 0.117006
v -0.002715 -0.048456 0.117171
v -0.008383 -0.047850 0.117569
v -0.013681 -0.045238 0.118162
v -0.019944 -0.055233 0.089419
v -0.030089 -0.051677 0.075402
v -0.041844 -0.041414 0.077204
v -0.043687 -0.033492 0.093747
v -0.033397 -0.028309 0.121152
v -0.037000 -0.022611 0.121980
v -0.038641 -0.016114 0.122778
v -0.038163 -0.009455 0.123475
v -0.035613 -0.003287 0.123994
v -0.047192 0.006092 0.098245
v -0.047057 0.017496 0.083895
v -0.037264 0.029405 0.084615
v -0.027600 0.031269 0.099246
v -0.019136 0.016407 0.125164
v -0.014373 0.019784 0.125250
v -0.008887 0.021244 0.125087
v -0.003215 0.020637 0.124691
v 0.001193 0.016282 0.123957
v 0.007892 0.029729 0.096998
v 0.016046 0.027040 0.081360
v 0.025952 0.018393 0.079843
v 0.028593 0.009937 0.094219
v 0.020196 -0.000254 0.121053
v 0.023445 -0.005397 0.120306
v 0.024928 -0.011259 0.119583
v 0.024495 -0.017268 0.118958
v 0.022195 -0.022833 0.118488
v 0.031756 -0.025785 0.090162
v 0.030344 -0.031247 0.074204
v 0.022092 -0.041282 0.073600
v 0.014801 -0.048330 0.088131
v 0.006352 -0.042030 0.117334
v 0.002051 -0.045081 0.117256
v -0.002899 -0.046397 0.117404
v -0.008012 -0.045850 0.117763
v -0.012792 -0.043492 0.118300
v -0.018515 -0.050874 0.089807
v -0.026151 -0.044967 0.076027
v -0.036056 -0.036319 0.077545
v -0.039237 -0.031208 0.093735
v -0.031795 -0.026958 0.121205
v -0.035047 -0.021815 0.121951
v -0.036527 -0.015952 0.122674
v -0.036097 -0.009944 0.123300
v -0.033797 -0.004378 0.123770
v -0.042398 0.004515 0.097792
v -0.040448 0.013320 0.083184
v -0.032197 0.023356 0.083789
v -0.025424 0.027185 0.098674
v -0.017954 0.014819 0.124924
v -0.013653 0.017870 0.125001
v -0.008702 0.019185 0.124854
v -0.003587 0.018637 0.124494
v 0.034900 -0.031907 0.055351
v 0.025661 -0.043142 0.054676
v 0.013448 -0.050834 0.054557
v -0.000545 -0.054233 0.055008
v -0.014947 -0.053003 0.055985
v -0.028348 -0.047267 0.057392
v -0.039438 -0.037586 0.059093
v -0.047131 -0.024905 0.060917
v -0.050673 -0.010469 0.062691
v -0.049716 0.004311 0.064237
v -0.044358 0.017988 0.065407
v -0.035119 0.029222 0.066082
v -0.022906 0.036916 0.066201
v -0.008913 0.040314 0.065750
v 0.005489 0.039084 0.064771
v 0.018891 0.033348 0.063364
v 0.029981 0.023666 0.061665
v 0.037673 0.010987 0.059839
v 0.041214 -0.003450 0.058067
v 0.040257 -0.018230 0.056520
v -0.038920 -0.020776 0.054393
v -0.041785 -0.009096 0.055827
v -0.041012 0.002862 0.057078
v -0.036676 0.013927 0.058023
v -0.029202 0.023015 0.058571
v -0.019320 0.029240 0.058666
v -0.008001 0.031988 0.058301
v 0.003652 0.030994 0.057510
v 0.014494 0.026352 0.056373
v 0.023465 0.018520 0.054998
v 0.029688 0.008262 0.053521
v 0.032553 -0.003417 0.052087
v 0.031780 -0.015376 0.050836
v 0.027444 -0.026440 0.049891
v 0.019971 -0.035530 0.049342
v 0.010090 -0.041753 0.049247
v -0.001230 -0.044502 0.049612
v -0.012882 -0.043508 0.050403
v -0.023725 -0.038867 0.051541
v -0.032697 -0.031034 0.052915
v -0.041264 -0.021955 0.056257
v -0.044322 -0.009488 0.057787
v -0.043498 0.003277 0.059122
v -0.038869 0.015086 0.060132
v -0.030891 0.024788 0.060715
v -0.020344 0.031432 0.060818
v -0.008261 0.034366 0.060428
v 0.004176 0.033304 0.059583
v 0.015749 0.028350 0.058369
v 0.025327 0.019989 0.056901
v 0.031968 0.009039 0.055325
v 0.035026 -0.003427 0.053794
v 0.034201 -0.016191 0.052459
v 0.029573 -0.028002 0.051450
v 0.021595 -0.037704 0.050864
v 0.011049 -0.044347 0.050763
v -0.001035 -0.047281 0.051153
v -0.013472 -0.046219 0.051996
v -0.025045 -0.041265 0.053213
v -0.034621 -0.032905 0.054680
v -0.009927 -0.058317 0.096911
v -0.018205 -0.052627 0.098011
v -0.018064 -0.052233 0.098047
v -0.016799 -0.048659 0.098359
v -0.016553 -0.047964 0.098420
v -0.009321 -0.052939 0.097458
v -0.001672 -0.054258 0.096866
v 0.005638 -0.051797 0.096705
v 0.011899 -0.045791 0.096988
v 0.012265 -0.046439 0.096898
v 0.014142 -0.049774 0.096427
v 0.014349 -0.050141 0.096374
v 0.007185 -0.057011 0.096049
v -0.001178 -0.059828 0.096234
v -0.038298 -0.030812 0.108938
v -0.044434 -0.023678 0.110073
v -0.047058 -0.015449 0.111119
v -0.045917 -0.006935 0.111975
v -0.041120 0.001035 0.112558
v -0.040771 0.000892 0.112522
v -0.037629 -0.000416 0.112196
v -0.037015 -0.000670 0.112133
v -0.041213 -0.007636 0.111623
v -0.042210 -0.015079 0.110875
v -0.039917 -0.022271 0.109960
v -0.034552 -0.028508 0.108970
v -0.035112 -0.028851 0.108966
v -0.037982 -0.030619 0.108942
v 0.038466 -0.017547 0.100155
v 0.032626 -0.026329 0.099544
v 0.032214 -0.026174 0.099585
v 0.028447 -0.024764 0.099959
v 0.027715 -0.024490 0.100033
v 0.032820 -0.016814 0.100565
v 0.034089 -0.008640 0.101377
v 0.031401 -0.000768 0.102388
v 0.025016 0.006030 0.103500
v 0.025689 0.006412 0.103501
v 0.029153 0.008374 0.103510
v 0.029537 0.008590 0.103512
v 0.036840 0.000812 0.102241
v 0.039918 -0.008195 0.101084
v -0.001125 0.034461 0.107658
v 0.006972 0.028959 0.106586
v 0.006836 0.028577 0.106554
v 0.005592 0.025115 0.106251
v 0.005350 0.024441 0.106191
v -0.001723 0.029251 0.107127
v -0.009210 0.030523 0.107703
v -0.016368 0.028134 0.107865
v -0.022506 0.022315 0.107593
v -0.022860 0.022942 0.107683
v -0.024696 0.026168 0.108140
v -0.024896 0.026524 0.108190
v -0.017880 0.033181 0.108501
v -0.009686 0.035917 0.108317
v 0.008843 0.033146 0.099753
v 0.008689 0.032690 0.099712
v 0.007309 0.028559 0.099346
v 0.007042 0.027756 0.099274
v -0.000970 0.033543 0.100371
v -0.009420 0.035102 0.101035
v -0.017483 0.032280 0.101201
v -0.024369 0.025357 0.100854
v -0.024776 0.026109 0.100960
v -0.026864 0.029974 0.101501
v -0.027094 0.030400 0.101562
v -0.019215 0.038322 0.101958
v -0.009991 0.041549 0.101767
v -0.000322 0.039766 0.101007
v 0.041807 0.003166 0.094266
v 0.045511 -0.006919 0.092955
v 0.043630 -0.017430 0.091925
v 0.036346 -0.027340 0.091278
v 0.035837 -0.027168 0.091326
v 0.031214 -0.025619 0.091765
v 0.030315 -0.025316 0.091850
v 0.036680 -0.016655 0.092417
v 0.038323 -0.007469 0.093317
v 0.035086 0.001347 0.094462
v 0.027284 0.008926 0.095741
v 0.028118 0.009359 0.095739
v 0.032407 0.011592 0.095730
v 0.032880 0.011837 0.095729
v 0.042463 0.004643 0.090498
v 0.046290 -0.006444 0.089072
v 0.044465 -0.017962 0.087930
v 0.037168 -0.028783 0.087184
v 0.036609 -0.028566 0.087243
v 0.031543 -0.026604 0.087772
v 0.030558 -0.026221 0.087874
v 0.036871 -0.016931 0.088513
v 0.038454 -0.007045 0.089490
v 0.035154 0.002469 0.090715
v 0.027294 0.010678 0.092066
v 0.028199 0.011203 0.092066
v 0.032850 0.013913 0.092068
v 0.033362 0.014212 0.092070
v 0.000635 0.041470 0.096986
v 0.010724 0.034563 0.095647
v 0.010536 0.034054 0.095603
v 0.008822 0.029424 0.095218
v 0.008488 0.028524 0.095142
v -0.000206 0.034507 0.096300
v -0.009396 0.036095 0.097012
v -0.018184 0.033134 0.097206
v -0.025709 0.025912 0.096864
v -0.026196 0.026749 0.096980
v -0.028701 0.031057 0.097579
v -0.028976 0.031533 0.097645
v -0.020236 0.039877 0.098038
v -0.010033 0.043301 0.097812
v 0.007950 -0.058737 0.092362
v -0.000912 -0.061791 0.092550
v -0.010193 -0.060123 0.093275
v -0.018983 -0.053895 0.094466
v -0.018837 -0.053465 0.094505
v -0.017504 -0.049568 0.094847
v -0.017244 -0.048811 0.094916
v -0.009562 -0.054255 0.093874
v -0.001450 -0.055713 0.093240
v 0.006295 -0.053045 0.093077
v 0.012919 -0.046509 0.093397
v 0.013307 -0.047215 0.093298
v 0.015305 -0.050857 0.092785
v 0.015528 -0.051260 0.092729
v -0.023136 -0.054754 0.085289
v -0.022897 -0.054198 0.085339
v -0.020737 -0.049154 0.085797
v -0.020319 -0.048175 0.085885
v -0.011055 -0.053950 0.084717
v -0.001224 -0.055432 0.083979
v 0.008215 -0.052478 0.083746
v 0.016338 -0.045375 0.084041
v 0.016924 -0.046279 0.083902
v 0.019943 -0.050927 0.083184
v 0.020275 -0.051439 0.083104
v 0.010650 -0.059774 0.082764
v -0.000532 -0.063248 0.083043
v -0.012173 -0.061518 0.083913
v -0.043769 -0.035735 0.089740
v -0.052783 -0.025720 0.091352
v -0.056608 -0.014149 0.092830
v -0.054868 -0.002153 0.094030
v -0.047737 0.009094 0.094832
v -0.047159 0.008851 0.094773
v -0.041927 0.006644 0.094259
v -0.040909 0.006215 0.094158
v -0.047039 -0.003345 0.093482
v -0.048538 -0.013538 0.092465
v -0.045266 -0.023367 0.091207
v -0.037539 -0.031868 0.089832
v -0.038467 -0.032444 0.089818
v -0.043241 -0.035408 0.089747
v -0.042052 -0.032684 0.099240
v -0.050173 -0.024457 0.100608
v -0.053564 -0.014908 0.101844
v -0.051897 -0.004973 0.102822
v -0.045332 0.004376 0.103452
v -0.044870 0.004213 0.103406
v -0.040673 0.002731 0.103001
v -0.039858 0.002444 0.102922
v -0.045596 -0.005728 0.102372
v -0.047054 -0.014411 0.101516
v -0.044088 -0.022757 0.100436
v -0.036991 -0.029948 0.099240
v -0.037746 -0.030356 0.099242
v -0.041624 -0.032454 0.099242
vn -0.0583 0.1076 -0.9925
vn -0.0582 0.1076 -0.9925
vn -0.0581 0.1076 -0.9925
vn -0.0581 0.1075 -0.9925
vn -0.0582 0.1075 -0.9925
vn -0.0580 0.1077 -0.9925
vn -0.0582 0.1077 -0.9925
vn -0.0583 0.1077 -0.9925
vn -0.0580 0.1075 -0.9925
vn -0.0581 0.1077 -0.9925
vn -0.0580 0.1076 -0.9925
vn 0.1547 -0.6124 -0.7752
vn 0.1544 -0.6120 -0.7756
vn 0.1546 -0.6122 -0.7754
vn 0.3715 -0.5209 -0.7685
vn 0.3714 -0.5208 -0.7686
vn 0.5488 -0.3671 -0.7510
vn 0.5485 -0.3668 -0.7514
vn 0.6666 -0.1669 -0.7265
vn 0.6661 -0.1667 -0.7270
vn 0.7120 0.0569 -0.6999
vn 0.7120 0.0568 -0.6999
vn 0.6830 0.2805 -0.6744
vn 0.6837 0.2806 -0.6737
vn 0.6840 0.2807 -0.6733
vn 0.5857 0.4833 -0.6506
vn 0.5858 0.4834 -0.6506
vn 0.5858 0.4834 -0.6505
vn 0.4273 0.6453 -0.6332
vn 0.4271 0.6451 -0.6337
vn 0.4270 0.6450 -0.6338
vn 0.2231 0.7494 -0.6234
vn 0.2234 0.7499 -0.6227
vn 0.2232 0.7496 -0.6231
vn -0.0047 0.7855 -0.6188
vn -0.0047 0.7857 -0.6186
vn -0.2325 0.7496 -0.6198
vn -0.2325 0.7499 -0.6193
vn -0.2325 0.7497 -0.6196
vn -0.4359 0.6470 -0.6255
vn -0.5956 0.4913 -0.6356
vn -0.5953 0.4911 -0.6359
vn -0.5952 0.4910 -0.6362
vn -0.6980 0.2992 -0.6506
vn -0.6983 0.2993 -0.6502
vn -0.7377 0.0902 -0.6691
vn -0.7379 0.0901 -0.6688
vn -0.7132 -0.1182 -0.6910
vn -0.7131 -0.1182 -0.6910
vn -0.6269 -0.3095 -0.7150
vn -0.6271 -0.3097 -0.7147
vn -0.4854 -0.4692 -0.7378
vn -0.4854 -0.4692 -0.7377
vn -0.2971 -0.5812 -0.7576
vn -0.2970 -0.5811 -0.7577
vn -0.0766 -0.6321 -0.7711
vn -0.0766 -0.6319 -0.7713
vn -0.0766 -0.6319 -0.7712
vn 0.1701 -0.6621 -0.7299
vn 0.4009 -0.5647 -0.7213
vn 0.5888 -0.4003 -0.7022
vn 0.7130 -0.1875 -0.6756
vn 0.7615 0.0499 -0.6463
vn 0.7315 0.2875 -0.6183
vn 0.6275 0.5027 -0.5946
vn 0.4594 0.6749 -0.5775
vn 0.2430 0.7869 -0.5672
vn 0.0005 0.8262 -0.5634
vn -0.2421 0.7883 -0.5657
vn -0.4586 0.6790 -0.5733
vn -0.6281 0.5126 -0.5854
vn -0.7369 0.3082 -0.6016
vn -0.7785 0.0862 -0.6217
vn -0.7523 -0.1353 -0.6448
vn -0.6612 -0.3389 -0.6694
vn -0.5106 -0.5085 -0.6933
vn -0.3104 -0.6280 -0.7136
vn -0.0760 -0.6826 -0.7268
vn 0.2030 -0.7649 -0.6113
vn 0.4610 -0.6549 -0.5988
vn 0.6697 -0.4696 -0.5753
vn 0.8062 -0.2313 -0.5446
vn 0.8585 0.0330 -0.5117
vn 0.8248 0.2971 -0.4812
vn 0.7098 0.5368 -0.4561
vn 0.5241 0.7302 -0.4383
vn 0.2838 0.8578 -0.4285
vn 0.0126 0.9042 -0.4269
vn -0.2600 0.8635 -0.4322
vn -0.5037 0.7414 -0.4434
vn -0.6939 0.5543 -0.4596
vn -0.8150 0.3247 -0.4800
vn -0.8607 0.0756 -0.5034
vn -0.8310 -0.1723 -0.5290
vn -0.7290 -0.4006 -0.5551
vn -0.5607 -0.5912 -0.5798
vn -0.3363 -0.7261 -0.5998
vn -0.0733 -0.7880 -0.6113
vn 0.2305 -0.8478 -0.4776
vn 0.5085 -0.7270 -0.4614
vn 0.7316 -0.5254 -0.4343
vn 0.8760 -0.2682 -0.4009
vn 0.9304 0.0156 -0.3661
vn 0.8940 0.2985 -0.3340
vn 0.7720 0.5561 -0.3078
vn 0.5743 0.7657 -0.2895
vn 0.3170 0.9061 -0.2802
vn 0.0244 0.9598 -0.2798
vn -0.2718 0.9183 -0.2877
vn -0.5375 0.7870 -0.3028
vn -0.7448 0.5840 -0.3230
vn -0.8763 0.3342 -0.3471
vn -0.9253 0.0634 -0.3738
vn -0.8923 -0.2058 -0.4018
vn -0.7810 -0.4536 -0.4292
vn -0.5982 -0.6607 -0.4535
vn -0.3545 -0.8073 -0.4718
vn -0.0688 -0.8741 -0.4808
vn 0.2521 -0.9091 -0.3316
vn 0.5424 -0.7797 -0.3129
vn 0.7734 -0.5666 -0.2841
vn 0.9215 -0.2973 -0.2498
vn 0.9768 -0.0018 -0.2143
vn 0.9389 0.2923 -0.1817
vn 0.8133 0.5609 -0.1549
vn 0.6093 0.7812 -0.1357
vn 0.3420 0.9312 -0.1259
vn 0.0355 0.9914 -0.1259
vn -0.2770 0.9513 -0.1355
vn -0.5591 0.8148 -0.1534
vn -0.7795 0.6008 -0.1774
vn -0.9189 0.3366 -0.2056
vn -0.9706 0.0497 -0.2356
vn -0.9350 -0.2352 -0.2653
vn -0.8167 -0.4972 -0.2930
vn -0.6225 -0.7159 -0.3163
vn -0.3644 -0.8699 -0.3324
vn -0.0626 -0.9390 -0.3382
vn 0.2671 -0.9470 -0.1783
vn 0.5621 -0.8118 -0.1580
vn 0.7949 -0.5929 -0.1292
vn 0.9431 -0.3184 -0.0957
vn 0.9979 -0.0187 -0.0613
vn 0.9598 0.2792 -0.0290
vn 0.8339 0.5519 -0.0015
vn 0.6287 0.7774 0.0188
vn 0.3584 0.9331 0.0303
vn 0.0458 0.9985 0.0312
vn -0.2756 0.9611 0.0212
vn -0.5675 0.8234 0.0014
vn -0.7966 0.6040 -0.0259
vn -0.9418 0.3314 -0.0571
vn -0.9954 0.0348 -0.0896
vn -0.9580 -0.2599 -0.1209
vn -0.8347 -0.5303 -0.1486
vn -0.6329 -0.7552 -0.1705
vn -0.3658 -0.9123 -0.1841
vn -0.0548 -0.9808 -0.1872
vn 0.2756 -0.9610 -0.0210
vn 0.5675 -0.8234 -0.0014
vn 0.7965 -0.6040 0.0256
vn 0.9418 -0.3314 0.0571
vn 0.9954 -0.0348 0.0897
vn 0.9580 0.2599 0.1210
vn 0.8347 0.5303 0.1486
vn 0.6329 0.7552 0.1705
vn 0.3658 0.9123 0.1840
vn 0.0549 0.9808 0.1871
vn -0.2672 0.9470 0.1783
vn -0.5620 0.8118 0.1582
vn -0.7949 0.5928 0.1294
vn -0.9431 0.3184 0.0957
vn -0.9980 0.0188 0.0612
vn -0.9598 -0.2792 0.0289
vn -0.8339 -0.5520 0.0016
vn -0.6288 -0.7774 -0.0188
vn -0.3583 -0.9331 -0.0302
vn -0.0458 -0.9985 -0.0311
vn 0.2771 -0.9513 0.1353
vn 0.5591 -0.8148 0.1534
vn 0.7794 -0.6008 0.1776
vn 0.9190 -0.3365 0.2056
vn 0.9706 -0.0498 0.2355
vn 0.9350 0.2352 0.2653
vn 0.8167 0.4972 0.2931
vn 0.6226 0.7158 0.3163
vn 0.3644 0.8699 0.3323
vn 0.0626 0.9390 0.3382
vn -0.2521 0.9091 0.3317
vn -0.5424 0.7797 0.3129
vn -0.7734 0.5667 0.2842
vn -0.9215 0.2973 0.2498
vn -0.9767 0.0018 0.2144
vn -0.9389 -0.2923 0.1818
vn -0.8133 -0.5609 0.1548
vn -0.6093 -0.7812 0.1357
vn -0.3420 -0.9312 0.1258
vn -0.0356 -0.9914 0.1257
vn 0.2719 -0.9183 0.2878
vn 0.5375 -0.7870 0.3027
vn 0.7448 -0.5840 0.3229
vn 0.8762 -0.3342 0.3472
vn 0.9253 -0.0634 0.3740
vn 0.8923 0.2058 0.4018
vn 0.7811 0.4536 0.4291
vn 0.5982 0.6606 0.4536
vn 0.3545 0.8072 0.4719
vn 0.0688 0.8742 0.4807
vn -0.2306 0.8479 0.4774
vn -0.5086 0.7271 0.4612
vn -0.7317 0.5255 0.4342
vn -0.8760 0.2682 0.4009
vn -0.9304 -0.0156 0.3661
vn -0.8940 -0.2985 0.3340
vn -0.7720 -0.5561 0.3078
vn -0.5743 -0.7657 0.2896
vn -0.3170 -0.9061 0.2801
vn -0.0244 -0.9597 0.2798
vn 0.2601 -0.8635 0.4320
vn 0.2601 -0.8635 0.4322
vn 0.5038 -0.7414 0.4433
vn 0.6939 -0.5542 0.4597
vn 0.6940 -0.5542 0.4596
vn 0.8150 -0.3247 0.4799
vn 0.8151 -0.3247 0.4799
vn 0.8608 -0.0756 0.5033
vn 0.8608 -0.0756 0.5032
vn 0.8310 0.1723 0.5289
vn 0.7289 0.4006 0.5551
vn 0.7289 0.4006 0.5552
vn 0.5607 0.5913 0.5797
vn 0.5606 0.5912 0.5798
vn 0.3364 0.7261 0.5997
vn 0.0733 0.7879 0.6114
vn 0.0733 0.7880 0.6113
vn -0.2030 0.7647 0.6115
vn -0.2030 0.7648 0.6114
vn -0.4609 0.6548 0.5990
vn -0.4610 0.6549 0.5988
vn -0.6696 0.4695 0.5755
vn -0.6697 0.4696 0.5753
vn -0.8061 0.2313 0.5447
vn -0.8585 -0.0330 0.5118
vn -0.8586 -0.0330 0.5117
vn -0.8249 -0.2970 0.4810
vn -0.8247 -0.2970 0.4812
vn -0.7100 -0.5368 0.4558
vn -0.7099 -0.5367 0.4561
vn -0.5241 -0.7303 0.4382
vn -0.5240 -0.7303 0.4383
vn -0.2838 -0.8577 0.4288
vn -0.0127 -0.9042 0.4269
vn -0.0127 -0.9041 0.4270
vn -0.0127 -0.9042 0.4270
vn 0.0582 -0.1077 0.9925
vn 0.0582 -0.1076 0.9925
vn 0.0581 -0.1076 0.9925
vn 0.0582 -0.1075 0.9925
vn 0.0581 -0.1077 0.9925
vn 0.0583 -0.1077 0.9925
vn 0.0580 -0.1076 0.9925
vn 0.0580 -0.1077 0.9925
vn 0.0580 -0.1075 0.9925
vn 0.0581 -0.1075 0.9925
vn 0.2723 -0.9570 -0.0998
vn 0.2723 -0.9570 -0.0999
vn 0.5666 -0.8201 -0.0797
vn 0.5666 -0.8201 -0.0798
vn 0.7980 -0.6004 -0.0517
vn 0.7981 -0.6004 -0.0516
vn 0.9452 -0.3259 -0.0191
vn 0.9452 -0.3259 -0.0190
vn 0.9995 -0.0268 0.0146
vn 0.9995 -0.0268 0.0147
vn 0.9617 0.2702 0.0467
vn 0.9616 0.2706 0.0464
vn 0.9616 0.2703 0.0466
vn 0.8367 0.5426 0.0745
vn 0.8367 0.5426 0.0743
vn 0.8368 0.5425 0.0738
vn 0.6327 0.7685 0.0953
vn 0.3632 0.9255 0.1077
vn 0.3631 0.9255 0.1077
vn 0.0506 0.9927 0.1098
vn 0.0505 0.9927 0.1097
vn 0.0505 0.9927 0.1096
vn -0.2723 0.9570 0.1000
vn -0.2722 0.9570 0.1000
vn -0.2722 0.9570 0.0999
vn -0.5666 0.8202 0.0796
vn -0.5666 0.8202 0.0797
vn -0.7981 0.6003 0.0514
vn -0.7981 0.6003 0.0515
vn -0.9452 0.3259 0.0189
vn -0.9452 0.3259 0.0188
vn -0.9995 0.0268 -0.0147
vn -0.9995 0.0268 -0.0146
vn -0.9617 -0.2703 -0.0464
vn -0.9617 -0.2703 -0.0465
vn -0.8367 -0.5427 -0.0740
vn -0.8367 -0.5427 -0.0741
vn -0.6327 -0.7685 -0.0952
vn -0.3631 -0.9255 -0.1077
vn -0.3632 -0.9255 -0.1077
vn -0.0505 -0.9927 -0.1096
vn -0.0505 -0.9927 -0.1095
vn -0.9617 -0.2705 -0.0442
vn -0.9616 -0.2702 -0.0474
vn -0.9616 -0.2702 -0.0473
vn -0.9995 0.0268 -0.0149
vn -0.9995 0.0266 -0.0139
vn -0.9452 0.3258 0.0205
vn -0.9452 0.3259 0.0196
vn -0.7981 0.6001 0.0539
vn -0.7981 0.6002 0.0529
vn -0.5665 0.8200 0.0813
vn -0.5665 0.8201 0.0806
vn -0.2723 0.9570 0.0998
vn 0.0504 0.9927 0.1095
vn 0.3632 0.9254 0.1080
vn 0.3633 0.9254 0.1079
vn 0.6328 0.7682 0.0969
vn 0.6328 0.7684 0.0959
vn 0.6328 0.7684 0.0958
vn 0.8367 0.5423 0.0763
vn 0.8367 0.5426 0.0748
vn 0.8367 0.5426 0.0747
vn 0.9616 0.2705 0.0454
vn 0.9616 0.2702 0.0481
vn 0.9995 -0.0271 0.0154
vn 0.9995 -0.0272 0.0164
vn 0.9452 -0.3261 -0.0161
vn 0.9452 -0.3259 -0.0184
vn 0.9452 -0.3259 -0.0183
vn 0.7981 -0.6006 -0.0484
vn 0.7981 -0.6003 -0.0518
vn 0.7981 -0.6003 -0.0515
vn 0.5666 -0.8201 -0.0807
vn 0.5666 -0.8201 -0.0796
vn 0.2722 -0.9569 -0.1012
vn 0.2723 -0.9570 -0.0997
vn -0.0506 -0.9926 -0.1103
vn -0.0505 -0.9927 -0.1092
vn -0.0505 -0.9927 -0.1094
vn -0.3633 -0.9251 -0.1101
vn -0.3632 -0.9254 -0.1082
vn -0.3632 -0.9254 -0.1083
vn -0.6328 -0.7681 -0.0982
vn -0.6328 -0.7685 -0.0953
vn -0.6328 -0.7684 -0.0955
vn -0.8367 -0.5429 -0.0723
vn -0.8367 -0.5428 -0.0728
vn -0.8367 -0.5428 -0.0727
vn -0.0576 0.1077 -0.9925
vn -0.0578 0.1077 -0.9925
vn 0.0582 -0.1074 0.9925
vn -0.0580 0.1079 -0.9925
vn 0.0583 -0.1074 0.9925
vn -0.0577 0.1080 -0.9925
vn -0.0576 0.1078 -0.9925
vn -0.0577 0.1076 -0.9925
vn -0.0578 0.1075 -0.9925
vn -0.0579 0.1076 -0.9925
vn -0.0581 0.1074 -0.9925
vn -0.0582 0.1074 -0.9925
vn -0.9995 0.0271 -0.0157
vn -0.9994 0.0274 -0.0187
vn -0.9995 0.0273 -0.0182
vn -0.9452 0.3260 0.0191
vn -0.9452 0.3261 0.0172
vn -0.9452 0.3261 0.0171
vn -0.7982 0.6003 0.0504
vn -0.7981 0.6003 0.0513
vn -0.5665 0.8202 0.0798
vn -0.5665 0.8200 0.0823
vn -0.5665 0.8201 0.0800
vn -0.2722 0.9570 0.0998
vn 0.0505 0.9927 0.1095
vn 0.0503 0.9930 0.1067
vn 0.0505 0.9927 0.1093
vn 0.3632 0.9254 0.1081
vn 0.3631 0.9259 0.1047
vn 0.3632 0.9255 0.1074
vn 0.6327 0.7683 0.0970
vn 0.6327 0.7685 0.0957
vn 0.6327 0.7683 0.0969
vn 0.8367 0.5425 0.0749
vn 0.8367 0.5418 0.0796
vn 0.8367 0.5425 0.0753
vn 0.9617 0.2700 0.0474
vn 0.9617 0.2697 0.0496
vn 0.9617 0.2700 0.0475
vn 0.9995 -0.0269 0.0162
vn 0.9996 -0.0267 0.0136
vn 0.9995 -0.0270 0.0165
vn 0.9452 -0.3259 -0.0174
vn 0.9453 -0.3256 -0.0201
vn 0.9453 -0.3259 -0.0177
vn 0.7980 -0.6005 -0.0503
vn 0.7980 -0.6006 -0.0493
vn 0.7980 -0.6005 -0.0504
vn 0.5666 -0.8201 -0.0806
vn 0.5666 -0.8202 -0.0797
vn 0.2722 -0.9570 -0.1006
vn 0.2721 -0.9569 -0.1019
vn 0.2722 -0.9570 -0.1005
vn -0.0505 -0.9926 -0.1101
vn -0.0505 -0.9926 -0.1106
vn -0.0505 -0.9926 -0.1100
vn -0.3631 -0.9254 -0.1087
vn -0.3631 -0.9254 -0.1083
vn -0.3632 -0.9254 -0.1087
vn -0.6327 -0.7686 -0.0943
vn -0.6327 -0.7686 -0.0941
vn -0.8367 -0.5429 -0.0721
vn -0.8366 -0.5429 -0.0729
vn -0.9616 -0.2703 -0.0479
vn -0.9616 -0.2707 -0.0454
vn -0.9616 -0.2702 -0.0483
vn -0.9995 0.0270 -0.0144
vn -0.9995 0.0270 -0.0147
vn -0.9452 0.3259 0.0197
vn -0.7981 0.6003 0.0518
vn -0.5666 0.8201 0.0798
vn 0.0504 0.9927 0.1094
vn 0.0505 0.9927 0.1094
vn 0.3633 0.9255 0.1076
vn 0.3632 0.9255 0.1076
vn 0.6327 0.7686 0.0946
vn 0.8367 0.5427 0.0735
vn 0.9616 0.2702 0.0470
vn 0.9995 -0.0268 0.0148
vn 0.9453 -0.3257 -0.0198
vn 0.9453 -0.3257 -0.0196
vn 0.7981 -0.6003 -0.0524
vn 0.7981 -0.6003 -0.0523
vn 0.5665 -0.8202 -0.0797
vn 0.5665 -0.8202 -0.0799
vn 0.2724 -0.9571 -0.0993
vn 0.2724 -0.9571 -0.0992
vn -0.0505 -0.9928 -0.1088
vn -0.3631 -0.9256 -0.1069
vn -0.3631 -0.9256 -0.1068
vn -0.6327 -0.7685 -0.0949
vn -0.8367 -0.5426 -0.0743
vn -0.9616 -0.2703 -0.0467
vn -0.9616 -0.2703 -0.0468
vn -0.9995 0.0268 -0.0145
vn -0.9452 0.3258 0.0190
vn -0.7981 0.6003 0.0519
vn -0.5666 0.8202 0.0798
vn -0.2722 0.9570 0.1002
vn 0.0505 0.9928 0.1090
vn 0.3631 0.9256 0.1071
vn 0.3631 0.9255 0.1075
vn 0.6326 0.7686 0.0948
vn 0.8367 0.5426 0.0739
vn 0.8367 0.5426 0.0738
vn 0.9616 0.2704 0.0466
vn 0.9616 0.2704 0.0467
vn 0.9995 -0.0269 0.0149
vn 0.9995 -0.0268 0.0141
vn 0.7981 -0.6003 -0.0514
vn 0.7981 -0.6003 -0.0517
vn 0.5666 -0.8202 -0.0793
vn 0.2723 -0.9570 -0.1000
vn -0.3632 -0.9254 -0.1077
vn -0.6327 -0.7686 -0.0951
vn -0.8367 -0.5427 -0.0744
vn -0.9996 0.0266 -0.0115
vn -0.9453 0.3257 0.0191
vn -0.7980 0.6003 0.0523
vn -0.5665 0.8200 0.0822
vn -0.2723 0.9570 0.1005
vn 0.0505 0.9928 0.1086
vn 0.3631 0.9256 0.1065
vn 0.6326 0.7687 0.0944
vn 0.8367 0.5428 0.0726
vn 0.9616 0.2705 0.0457
vn 0.9996 -0.0268 0.0135
vn 0.9453 -0.3256 -0.0221
vn 0.7981 -0.6002 -0.0528
vn 0.5666 -0.8202 -0.0788
vn 0.2723 -0.9571 -0.0991
vn -0.3633 -0.9253 -0.1091
vn -0.6327 -0.7683 -0.0965
vn -0.8366 -0.5427 -0.0746
vn -0.9617 -0.2703 -0.0456
vn -0.0583 0.1075 -0.9925
vn -0.8062 0.2314 0.5446
vn -0.6698 0.4697 0.5751
vn -0.4611 0.6550 0.5987
vn -0.2031 0.7649 0.6113
vn 0.0733 0.7881 0.6112
vn 0.3364 0.7260 0.5998
vn 0.5606 0.5911 0.5800
vn 0.7289 0.4005 0.5553
vn 0.8311 0.1723 0.5288
vn 0.8609 -0.0756 0.5032
vn 0.8151 -0.3247 0.4798
vn 0.6940 -0.5543 0.4595
vn 0.2600 -0.8634 0.4324
vn -0.0127 -0.9041 0.4272
vn -0.2838 -0.8577 0.4287
vn -0.5239 -0.7302 0.4385
vn -0.7097 -0.5367 0.4564
vn -0.8246 -0.2970 0.4815
vn -0.8584 -0.0330 0.5119
vn -0.7374 0.0902 -0.6694
vn -0.6978 0.2991 -0.6509
vn -0.5951 0.4910 -0.6362
vn -0.2325 0.7498 -0.6194
vn -0.0047 0.7859 -0.6184
vn 0.2233 0.7498 -0.6229
vn 0.4271 0.6451 -0.6336
vn 0.6842 0.2807 -0.6731
vn 0.7120 0.0568 -0.6998
vn 0.6657 -0.1666 -0.7274
vn 0.5483 -0.3666 -0.7517
vn 0.3714 -0.5207 -0.7687
vn 0.1545 -0.6121 -0.7756
vn -0.0766 -0.6317 -0.7714
vn -0.2970 -0.5810 -0.7578
vn -0.6273 -0.3099 -0.7145
vn 0.6327 0.7685 0.0951
vn 0.6327 0.7685 0.0952
vn 0.8367 0.5426 0.0736
vn 0.8367 0.5426 0.0735
vn 0.9617 0.2703 0.0461
vn 0.9617 0.2703 0.0463
vn 0.9995 -0.0268 0.0149
vn 0.9995 -0.0268 0.0150
vn 0.9453 -0.3258 -0.0191
vn 0.9453 -0.3258 -0.0190
vn 0.7981 -0.6003 -0.0521
vn 0.7981 -0.6004 -0.0515
vn 0.5665 -0.8202 -0.0800
vn 0.5665 -0.8202 -0.0798
vn 0.2723 -0.9570 -0.0996
vn -0.3631 -0.9255 -0.1075
vn -0.3631 -0.9254 -0.1081
vn -0.6327 -0.7685 -0.0953
vn -0.6327 -0.7686 -0.0950
vn -0.8367 -0.5426 -0.0741
vn -0.9995 0.0271 -0.0151
vn -0.9995 0.0271 -0.0152
vn -0.9452 0.3259 0.0185
vn -0.9452 0.3259 0.0186
vn -0.7981 0.6003 0.0512
vn -0.5666 0.8202 0.0792
vn -0.5666 0.8202 0.0794
vn -0.2723 0.9570 0.0999
vn 0.3632 0.9254 0.1078
vn -0.0654 0.9113 0.4066
vn -0.0653 0.9107 0.4078
vn -0.0977 0.9902 0.0995
vn -0.0975 0.9904 0.0985
vn -0.0265 0.7393 0.6728
vn -0.0264 0.7386 0.6736
vn 0.0149 0.4944 0.8691
vn 0.0149 0.4935 0.8696
vn 0.0543 0.2032 0.9776
vn 0.0542 0.2025 0.9778
vn 0.0886 -0.1052 0.9905
vn 0.0880 -0.1050 0.9906
vn 0.1142 -0.4024 0.9083
vn 0.1132 -0.4018 0.9087
vn 0.1283 -0.6615 0.7389
vn 0.1277 -0.6606 0.7398
vn 0.1302 -0.8585 0.4961
vn 0.1299 -0.8578 0.4974
vn 0.1195 -0.9721 0.2016
vn 0.1192 -0.9719 0.2032
vn 0.0968 -0.9887 -0.1149
vn 0.0965 -0.9888 -0.1136
vn 0.0638 -0.9052 -0.4201
vn 0.0639 -0.9056 -0.4193
vn 0.0250 -0.7316 -0.6813
vn 0.0251 -0.7319 -0.6809
vn -0.0156 -0.4882 -0.8726
vn -0.0542 -0.2004 -0.9782
vn -0.0544 -0.2008 -0.9781
vn -0.0875 0.1026 -0.9909
vn -0.0877 0.1027 -0.9908
vn -0.1129 0.3953 -0.9116
vn -0.1128 0.3960 -0.9113
vn -0.1276 0.6527 -0.7468
vn -0.1274 0.6533 -0.7463
vn -0.1299 0.8509 -0.5090
vn -0.1300 0.8513 -0.5082
vn -0.1197 0.9687 -0.2177
vn -0.1199 0.9688 -0.2170
vn 0.9936 0.1130 0.0008
vn 0.9936 0.1130 0.0009
vn 0.9936 0.1129 0.0009
vn 0.9936 0.1129 0.0008
vn 0.9936 0.1130 0.0010
vn 0.9936 0.1131 0.0009
vn 0.9936 0.1131 0.0008
vn 0.9936 0.1130 0.0007
vn 0.0644 -0.9073 -0.4156
vn 0.0969 -0.9893 -0.1091
vn 0.0963 -0.9887 -0.1149
vn 0.0251 -0.7316 -0.6813
vn 0.0256 -0.7340 -0.6787
vn -0.0154 -0.4899 -0.8716
vn -0.0545 -0.2005 -0.9782
vn -0.0543 -0.2021 -0.9779
vn -0.0877 0.1025 -0.9909
vn -0.0879 0.1039 -0.9907
vn -0.1128 0.3957 -0.9114
vn -0.1130 0.3980 -0.9104
vn -0.1275 0.6529 -0.7466
vn -0.1276 0.6557 -0.7442
vn -0.1301 0.8507 -0.5093
vn -0.1300 0.8533 -0.5049
vn -0.1200 0.9685 -0.2180
vn -0.1197 0.9698 -0.2125
vn -0.0978 0.9903 0.0985
vn -0.0973 0.9898 0.1039
vn -0.0655 0.9114 0.4064
vn -0.0649 0.9092 0.4112
vn -0.0265 0.7390 0.6732
vn -0.0260 0.7364 0.6761
vn 0.0148 0.4943 0.8692
vn 0.0152 0.4912 0.8709
vn 0.0542 0.2032 0.9776
vn 0.0543 0.2020 0.9779
vn 0.0880 -0.1052 0.9906
vn 0.0879 -0.1044 0.9906
vn 0.1132 -0.4024 0.9084
vn 0.1130 -0.3999 0.9096
vn 0.1277 -0.6615 0.7390
vn 0.1276 -0.6585 0.7417
vn 0.1299 -0.8583 0.4965
vn 0.1299 -0.8558 0.5008
vn 0.1191 -0.9722 0.2018
vn 0.1195 -0.9709 0.2076
vn -0.9938 -0.1111 0.0002
vn -0.9936 -0.1127 -0.0007
vn -0.9936 -0.1126 -0.0008
vn -0.9937 -0.1124 -0.0008
vn -0.9939 -0.1103 0.0016
vn -0.9936 -0.1128 -0.0006
vn -0.9937 -0.1117 0.0011
vn -0.9936 -0.1130 -0.0006
vn -0.9936 -0.1127 -0.0015
vn -0.9936 -0.1129 -0.0008
vn -0.9936 -0.1130 -0.0019
vn -0.9936 -0.1130 -0.0015
vn -0.9935 -0.1138 0.0004
vn -0.9936 -0.1130 -0.0008
vn -0.9934 -0.1148 0.0012
vn -0.9936 -0.1131 -0.0007
vn -0.9935 -0.1138 -0.0001
vn -0.9936 -0.1132 -0.0008
vn -0.9936 -0.1126 -0.0009
vn -0.9936 -0.1128 -0.0009
vn -0.9936 -0.1133 -0.0009
vn -0.9936 -0.1131 -0.0009
vn -0.9935 -0.1140 -0.0014
vn -0.9935 -0.1138 -0.0016
vn -0.9936 -0.1127 0.0002
vn -0.9936 -0.1129 -0.0006
vn -0.9937 -0.1125 0.0004
vn -0.9936 -0.1128 -0.0005
vn -0.9936 -0.1129 -0.0015
vn -0.9936 -0.1129 -0.0012
vn -0.9936 -0.1131 -0.0010
vn -0.9936 -0.1130 -0.0009
vn -0.9935 -0.1137 -0.0002
vn -0.9936 -0.1134 -0.0005
vn -0.9936 -0.1127 -0.0009
vn -0.9937 -0.1120 -0.0011
vn -0.9936 -0.1131 -0.0008
vn -0.9936 -0.1129 -0.0009
vn -0.9936 -0.1134 -0.0009
vn -0.9935 -0.1136 -0.0008
vn -0.9935 -0.1135 -0.0009
vn -0.9936 -0.1133 -0.0010
vn -0.9936 -0.1134 -0.0011
vn -0.9935 -0.1138 -0.0017
vn -0.9936 -0.1132 -0.0011
vn -0.9935 -0.1137 -0.0021
vn -0.9936 -0.1131 -0.0019
vn -0.9936 -0.1130 -0.0007
vn -0.9936 -0.1131 -0.0005
vn -0.9936 -0.1129 -0.0010
vn -0.9936 -0.1128 -0.0011
vn -0.9936 -0.1127 -0.0010
vn -0.9937 -0.1120 -0.0007
vn -0.9936 -0.1127 -0.0008
vn -0.9937 -0.1122 -0.0006
vn -0.9936 -0.1128 -0.0008
vn -0.9936 -0.1129 -0.0016
vn -0.9936 -0.1130 -0.0013
vn -0.9936 -0.1130 -0.0018
vn -0.9936 -0.1129 -0.0007
vn -0.9936 -0.1128 -0.0007
vn -0.1298 0.8583 -0.4965
vn -0.1277 0.6616 -0.7389
vn -0.1191 0.9721 -0.2022
vn -0.0963 0.9887 0.1149
vn -0.0638 0.9052 0.4201
vn -0.0250 0.7314 0.6815
vn 0.0157 0.4882 0.8726
vn 0.0545 0.2005 0.9782
vn 0.0877 -0.1025 0.9909
vn 0.1127 -0.3957 0.9115
vn 0.1273 -0.6526 0.7469
vn 0.1300 -0.8508 0.5091
vn 0.1200 -0.9685 0.2182
vn 0.0978 -0.9903 -0.0985
vn 0.0655 -0.9113 -0.4066
vn 0.0266 -0.7394 -0.6728
vn -0.0148 -0.4939 -0.8694
vn -0.0541 -0.2032 -0.9776
vn -0.0880 0.1052 -0.9905
vn -0.1132 0.4024 -0.9084
vn 0.0266 -0.7391 -0.6731
vn -0.0542 -0.2027 -0.9777
vn -0.0880 0.1053 -0.9905
vn -0.1133 0.4026 -0.9084
vn -0.1278 0.6615 -0.7389
vn -0.1299 0.8585 -0.4961
vn -0.1191 0.9722 -0.2016
vn -0.0963 0.9887 0.1148
vn -0.0638 0.9054 0.4198
vn -0.0251 0.7316 0.6813
vn 0.0158 0.4876 0.8729
vn 0.0545 0.2006 0.9782
vn 0.1127 -0.3956 0.9115
vn 0.1274 -0.6528 0.7467
vn 0.1301 -0.8509 0.5090
vn -0.0257 0.9955 0.0907
vn -0.0255 0.9957 0.0894
vn -0.0518 0.9157 0.3985
vn -0.0521 0.9153 0.3994
vn 0.0031 0.9739 -0.2269
vn 0.0032 0.9738 -0.2275
vn 0.0311 0.8547 -0.5181
vn 0.0312 0.8544 -0.5187
vn 0.0557 0.6532 -0.7551
vn 0.0560 0.6527 -0.7556
vn 0.0744 0.3901 -0.9178
vn 0.0751 0.3902 -0.9177
vn 0.0860 0.0903 -0.9922
vn 0.0870 0.0911 -0.9920
vn 0.0899 -0.2189 -0.9716
vn 0.0906 -0.2178 -0.9718
vn 0.0851 -0.5100 -0.8559
vn 0.0855 -0.5088 -0.8566
vn 0.0713 -0.7530 -0.6541
vn 0.0718 -0.7523 -0.6549
vn 0.0502 -0.9219 -0.3843
vn 0.0507 -0.9213 -0.3855
vn 0.0243 -0.9968 -0.0759
vn 0.0244 -0.9967 -0.0768
vn -0.0041 -0.9712 0.2381
vn -0.0041 -0.9715 0.2372
vn -0.0319 -0.8509 0.5244
vn -0.0318 -0.8512 0.5239
vn -0.0563 -0.6514 0.7566
vn -0.0561 -0.6513 0.7567
vn -0.0751 -0.3926 0.9166
vn -0.0750 -0.3922 0.9168
vn -0.0866 -0.0979 0.9914
vn -0.0869 -0.0975 0.9914
vn -0.0905 0.2073 0.9741
vn -0.0907 0.2081 0.9739
vn -0.0861 0.4969 0.8635
vn -0.0859 0.4979 0.8630
vn -0.0728 0.7424 0.6660
vn -0.0726 0.7429 0.6655
vn -0.9890 0.0200 -0.1465
vn -0.9890 0.0200 -0.1466
vn -0.9890 0.0200 -0.1467
vn -0.9890 0.0201 -0.1467
vn -0.9890 0.0199 -0.1467
vn -0.9890 0.0201 -0.1468
vn -0.9890 0.0201 -0.1466
vn 0.0247 -0.9964 -0.0809
vn 0.0510 -0.9196 -0.3896
vn 0.0506 -0.9218 -0.3843
vn -0.0042 -0.9714 0.2376
vn -0.0038 -0.9722 0.2341
vn -0.0317 -0.8522 0.5222
vn -0.0561 -0.6515 0.7565
vn -0.0561 -0.6518 0.7563
vn -0.0749 -0.3926 0.9166
vn -0.0750 -0.3913 0.9172
vn -0.0868 -0.0978 0.9914
vn -0.0868 -0.0953 0.9917
vn -0.0906 0.2071 0.9741
vn -0.0906 0.2112 0.9732
vn -0.0858 0.4973 0.8633
vn -0.0857 0.5012 0.8611
vn -0.0725 0.7425 0.6659
vn -0.0723 0.7460 0.6620
vn -0.0518 0.9153 0.3994
vn -0.0514 0.9175 0.3944
vn -0.0257 0.9955 0.0909
vn -0.0252 0.9960 0.0857
vn 0.0030 0.9740 -0.2264
vn 0.0034 0.9730 -0.2307
vn 0.0312 0.8547 -0.5182
vn 0.0314 0.8533 -0.5204
vn 0.0560 0.6523 -0.7559
vn 0.0751 0.3899 -0.9178
vn 0.0750 0.3914 -0.9171
vn 0.0870 0.0910 -0.9920
vn 0.0870 0.0930 -0.9919
vn 0.0906 -0.2188 -0.9715
vn 0.0907 -0.2149 -0.9724
vn 0.0854 -0.5098 -0.8560
vn 0.0856 -0.5053 -0.8587
vn 0.0717 -0.7528 -0.6543
vn 0.0720 -0.7493 -0.6583
vn 0.9890 -0.0175 0.1466
vn 0.9890 -0.0198 0.1466
vn 0.9890 -0.0201 0.1467
vn 0.9890 -0.0191 0.1470
vn 0.9891 -0.0175 0.1462
vn 0.9890 -0.0200 0.1465
vn 0.9890 -0.0196 0.1466
vn 0.9888 -0.0206 0.1477
vn 0.9890 -0.0199 0.1467
vn 0.9889 -0.0202 0.1469
vn 0.9890 -0.0202 0.1464
vn 0.9890 -0.0202 0.1466
vn 0.9892 -0.0206 0.1449
vn 0.9890 -0.0200 0.1466
vn 0.9892 -0.0209 0.1449
vn 0.9890 -0.0201 0.1466
vn 0.9891 -0.0210 0.1459
vn 0.9891 -0.0225 0.1458
vn 0.9890 -0.0203 0.1466
vn 0.9890 -0.0225 0.1462
vn 0.9889 -0.0209 0.1468
vn 0.9890 -0.0199 0.1464
vn 0.9890 -0.0196 0.1463
vn 0.9890 -0.0198 0.1465
vn 0.9891 -0.0201 0.1459
vn 0.9890 -0.0201 0.1462
vn 0.9892 -0.0205 0.1453
vn 0.9890 -0.0202 0.1465
vn 0.9890 -0.0199 0.1465
vn 0.9889 -0.0193 0.1473
vn 0.9890 -0.0201 0.1465
vn 0.9890 -0.0199 0.1466
vn 0.9890 -0.0200 0.1467
vn 0.9890 -0.0198 0.1468
vn 0.9890 -0.0194 0.1468
vn 0.9890 -0.0204 0.1466
vn 0.9890 -0.0196 0.1468
vn 0.9890 -0.0203 0.1467
vn 0.9890 -0.0206 0.1468
vn 0.9889 -0.0207 0.1472
vn 0.9889 -0.0205 0.1473
vn 0.9890 -0.0201 0.1463
vn 0.9891 -0.0200 0.1460
vn 0.9891 -0.0200 0.1462
vn 0.9891 -0.0200 0.1458
vn 0.9890 -0.0203 0.1462
vn 0.9891 -0.0206 0.1458
vn 0.9890 -0.0204 0.1463
vn 0.9891 -0.0208 0.1460
vn 0.9890 -0.0202 0.1467
vn 0.9890 -0.0197 0.1468
vn 0.9890 -0.0204 0.1467
vn 0.9890 -0.0200 0.1469
vn 0.9889 -0.0200 0.1471
vn 0.9890 -0.0201 0.1468
vn 0.9888 -0.0207 0.1481
vn 0.9888 -0.0204 0.1478
vn 0.9890 -0.0200 0.1468
vn 0.9889 -0.0199 0.1471
vn -0.0855 0.5096 0.8562
vn -0.0907 0.2190 0.9715
vn -0.0717 0.7533 0.6538
vn -0.0506 0.9218 0.3843
vn -0.0243 0.9968 0.0759
vn 0.0041 0.9713 -0.2378
vn 0.0318 0.8510 -0.5242
vn 0.0561 0.6514 -0.7566
vn 0.0750 0.3927 -0.9166
vn 0.0869 0.0978 -0.9914
vn 0.0907 -0.2074 -0.9740
vn 0.0859 -0.4969 -0.8635
vn 0.0726 -0.7424 -0.6660
vn 0.0518 -0.9153 -0.3994
vn 0.0256 -0.9955 -0.0907
vn -0.0031 -0.9739 0.2268
vn -0.0312 -0.8549 0.5178
vn -0.0559 -0.6532 0.7551
vn -0.0751 -0.3901 0.9177
vn -0.0870 -0.0909 0.9920
vn 0.0256 -0.9956 -0.0904
vn 0.0518 -0.9153 -0.3995
vn -0.0031 -0.9740 0.2264
vn -0.0313 -0.8547 0.5182
vn -0.0560 -0.6527 0.7555
vn -0.0751 -0.3900 0.9177
vn -0.0870 -0.0903 0.9921
vn -0.0906 0.2184 0.9716
vn -0.0854 0.5097 0.8561
vn -0.0717 0.7531 0.6540
vn -0.0244 0.9968 0.0762
vn 0.0041 0.9712 -0.2381
vn 0.0318 0.8509 -0.5243
vn 0.0869 0.0979 -0.9914
vn 0.0907 -0.2074 -0.9741
vn 0.0859 -0.4968 -0.8636
vn 0.0451 0.9988 -0.0210
vn 0.0451 0.9988 -0.0208
vn -0.0387 0.0329 0.9987
vn -0.0387 0.0333 0.9987
vn -0.0451 -0.9988 0.0209
vn -0.0451 -0.9988 0.0186
vn 0.0387 -0.0337 -0.9987
vn 0.0387 -0.0339 -0.9987
vn 0.9979 -0.0353 0.0536
vn 0.9979 -0.0352 0.0535
vn 0.9978 -0.0350 0.0559
vn 0.9978 -0.0352 0.0554
vn -0.9978 0.0348 -0.0565
vn -0.9978 0.0347 -0.0563
vn -0.9978 0.0346 -0.0562
vn -0.9978 0.0348 -0.0562
vn -0.0387 0.0330 0.9987
vn -0.0387 0.0320 0.9987
vn -0.9979 0.0353 -0.0542
vn -0.9978 0.0347 -0.0569
vn -0.9979 0.0344 -0.0557
vn 0.0388 -0.0326 -0.9987
vn 0.0387 -0.0334 -0.9987
vn 0.9978 -0.0344 0.0563
vn 0.9977 -0.0346 0.0575
vn 0.9978 -0.0353 0.0558
vn 0.9978 -0.0343 0.0561
vn -0.0387 0.0336 0.9987
vn -0.9977 0.0348 -0.0576
vn -0.9978 0.0349 -0.0563
vn 0.0387 -0.0335 -0.9987
vn 0.9979 -0.0350 0.0546
vn 0.9978 -0.0352 0.0563
vn 0.9978 -0.0349 0.0562
vn 0.9982 -0.0351 0.0493
vn 0.9982 -0.0351 0.0495
vn 0.0449 0.9988 -0.0185
vn -0.9978 0.0348 -0.0561
vn -0.9978 0.0348 -0.0563
vn -0.9982 0.0343 -0.0501
vn -0.9977 0.0347 -0.0590
vn -0.9978 0.0350 -0.0561
vn -0.9974 0.0348 -0.0625
vn -0.9978 0.0349 -0.0564
vn -0.9977 0.0346 -0.0581
vn -0.9982 0.0332 -0.0495
vn -0.0458 -0.9982 0.0391
vn -0.0458 -0.9982 0.0389
vn -0.0451 -0.9988 0.0210
vn 0.9975 -0.0354 0.0610
vn 0.9978 -0.0353 0.0560
vn 0.9977 -0.0371 0.0561
vn 0.9974 -0.0368 0.0621
vn 0.9978 -0.0350 0.0562
vn 0.9980 -0.0352 0.0519
vn 0.9978 -0.0351 0.0561
vn -0.9978 0.0346 -0.0561
vn -0.9978 0.0349 -0.0561
vn -0.9978 0.0344 -0.0561
vn -0.9978 0.0343 -0.0562
vn -0.0451 -0.9988 0.0207
vn -0.0451 -0.9988 0.0211
vn 0.9978 -0.0346 0.0562
vn 0.9978 -0.0344 0.0562
vn 0.9978 -0.0349 0.0564
vn -0.9978 0.0343 -0.0561
vn -0.9978 0.0347 -0.0562
vn -0.0451 -0.9988 0.0206
vn 0.9978 -0.0352 0.0560
vn 0.9978 -0.0350 0.0564
vn 0.9978 -0.0349 0.0563
vn 0.9978 -0.0352 0.0564
vn -0.0387 0.0338 0.9987
vn -0.9978 0.0350 -0.0563
vn -0.9973 0.0347 -0.0649
vn -0.9978 0.0348 -0.0567
vn -0.9978 0.0347 -0.0561
vn -0.9977 0.0346 -0.0584
vn 0.0387 -0.0338 -0.9987
vn 0.9978 -0.0350 0.0563
vn 0.9978 -0.0349 0.0561
vn 0.9978 -0.0348 0.0561
vn 0.9979 -0.0349 0.0551
vn 0.0476 0.9986 -0.0225
vn 0.0446 0.9987 -0.0246
vn 0.0434 0.9986 -0.0290
vn 0.0456 0.9987 -0.0221
vn -0.0133 0.0328 0.9994
vn -0.0125 0.0327 0.9994
vn -0.0439 -0.9989 0.0180
vn -0.0422 -0.9989 0.0194
vn -0.0414 -0.9990 0.0156
vn -0.0437 -0.9989 0.0140
vn 0.0243 -0.0331 -0.9992
vn 0.0151 -0.0328 -0.9993
vn 0.0154 -0.0328 -0.9993
vn 0.9988 -0.0356 0.0325
vn 0.9988 -0.0378 0.0298
vn 0.9988 -0.0375 0.0300
vn -0.9989 0.0359 -0.0298
vn -0.9989 0.0361 -0.0296
vn -0.9988 0.0357 -0.0323
vn -0.9988 0.0357 -0.0324
vn -0.0121 0.0325 0.9994
vn -0.0122 0.0326 0.9994
vn -0.0388 -0.9990 0.0241
vn -0.0386 -0.9989 0.0261
vn -0.0370 -0.9988 0.0313
vn -0.0372 -0.9990 0.0246
vn 0.0130 -0.0327 -0.9994
vn 0.0158 -0.0325 -0.9993
vn 0.0455 0.9988 -0.0203
vn 0.0457 0.9988 -0.0189
vn 0.0470 0.9987 -0.0218
vn 0.0471 0.9987 -0.0208
vn -0.0137 0.0326 0.9994
vn -0.0138 0.0326 0.9994
vn -0.0453 -0.9986 0.0276
vn 0.0133 -0.0327 -0.9994
vn 0.0452 0.9985 -0.0311
vn 0.0452 0.9987 -0.0231
vn 0.0448 0.9988 -0.0201
vn 0.0463 0.9987 -0.0211
vn 0.0451 0.9988 -0.0196
vn 0.0453 0.9988 -0.0178
vn -0.9988 0.0356 -0.0328
vn -0.9988 0.0356 -0.0324
vn -0.0475 -0.9987 0.0206
vn -0.0436 -0.9988 0.0213
vn -0.0450 -0.9988 0.0202
vn -0.0481 -0.9987 0.0194
vn -0.0401 -0.9990 0.0206
vn -0.0452 -0.9987 0.0214
vn -0.0452 -0.9987 0.0227
vn -0.0397 -0.9990 0.0212
vn -0.0370 -0.9991 0.0208
vn -0.0350 -0.9992 0.0218
vn 0.9988 -0.0357 0.0335
vn 0.9988 -0.0358 0.0329
vn 0.0447 0.9988 -0.0216
vn 0.0461 0.9987 -0.0210
vn 0.0478 0.9986 -0.0209
vn 0.0462 0.9987 -0.0226
vn 0.0450 0.9988 -0.0207
vn 0.0450 0.9988 -0.0213
vn -0.9988 0.0357 -0.0330
vn -0.0531 -0.9984 0.0207
vn -0.0493 -0.9985 0.0252
vn -0.0412 -0.9988 0.0277
vn -0.0439 -0.9985 0.0334
vn 0.9988 -0.0375 0.0304
vn 0.9988 -0.0377 0.0300
vn 0.0469 0.9987 -0.0209
vn 0.0497 0.9985 -0.0208
vn 0.0451 0.9986 -0.0271
vn 0.0440 0.9987 -0.0274
vn 0.0397 0.9990 -0.0209
vn 0.0452 0.9983 -0.0368
vn 0.0452 0.9987 -0.0234
vn 0.0136 -0.0327 -0.9994
vn 0.0137 -0.0327 -0.9994
vn -0.0459 -0.9987 0.0239
vn -0.0452 -0.9986 0.0272
vn -0.0459 -0.9986 0.0258
vn -0.0451 -0.9987 0.0228
vn -0.0451 -0.9988 0.0214
vn 0.0452 0.9988 -0.0213
vn 0.0450 0.9988 -0.0206
vn 0.0451 0.9984 -0.0336
vn 0.0451 0.9988 -0.0209
vn 0.0450 0.9988 -0.0210
vn 0.0422 0.9989 -0.0212
vn -0.9988 0.0356 -0.0331
vn -0.0532 -0.9984 0.0208
vn -0.0487 -0.9986 0.0208
vn -0.0451 -0.9988 0.0208
vn -0.0452 -0.9988 0.0210
vn -0.0410 -0.9989 0.0206
vn -0.0437 -0.9988 0.0208
vn 0.9988 -0.0357 0.0330
vn 0.0498 0.9986 -0.0204
vn -0.9556 0.0257 -0.2935
vn -0.9986 0.0351 -0.0404
vn -0.9433 0.3289 -0.0453
vn -0.8860 0.3572 -0.2955
vn -0.6211 -0.0028 -0.7837
vn -0.5557 0.3802 -0.7393
vn -0.1558 -0.0265 -0.9874
vn -0.1283 0.3505 -0.9278
vn 0.0917 -0.0353 -0.9952
vn 0.1020 0.3489 -0.9316
vn -0.9992 0.0374 -0.0171
vn -0.9399 0.3408 -0.0228
vn -0.7991 0.5993 -0.0468
vn -0.7102 0.6501 -0.2701
vn -0.4141 0.6829 -0.6018
vn -0.0869 0.6548 -0.7508
vn 0.0971 0.6558 -0.7487
vn -0.7883 0.6147 -0.0266
vn -0.5710 0.8198 -0.0436
vn -0.4608 0.8626 -0.2089
vn -0.2464 0.8756 -0.4155
vn -0.0436 0.8562 -0.5148
vn 0.0821 0.8560 -0.5103
vn -0.5552 0.8312 -0.0280
vn -0.2755 0.9607 -0.0348
vn -0.1791 0.9761 -0.1228
vn -0.0841 0.9735 -0.2127
vn -0.0042 0.9655 -0.2604
vn 0.0616 0.9642 -0.2579
vn -0.2622 0.9646 -0.0267
vn 0.0541 0.9983 -0.0202
vn 0.0992 0.9948 -0.0242
vn 0.0611 0.9981 -0.0064
vn 0.0294 0.9996 -0.0035
vn 0.0377 0.9993 -0.0047
vn 0.0592 0.9980 -0.0229
vn 0.3744 0.9273 -0.0015
vn 0.3543 0.9318 0.0787
vn 0.1905 0.9606 0.2024
vn 0.0574 0.9661 0.2518
vn 0.0110 0.9688 0.2475
vn 0.3713 0.9284 -0.0170
vn 0.6466 0.7626 0.0185
vn 0.5779 0.7955 0.1820
vn 0.3072 0.8566 0.4146
vn 0.0794 0.8606 0.5031
vn -0.0187 0.8675 0.4971
vn 0.6402 0.7682 -0.0097
vn 0.8470 0.5303 0.0371
vn 0.7585 0.5877 0.2814
vn 0.4085 0.6689 0.6211
vn 0.0935 0.6701 0.7364
vn -0.0507 0.6802 0.7313
vn 0.8428 0.5382 -0.0018
vn 0.9651 0.2568 0.0520
vn 0.8763 0.3103 0.3685
vn 0.4803 0.3806 0.7903
vn 0.0967 0.3857 0.9176
vn -0.0817 0.3959 0.9147
vn 0.9651 0.2618 0.0059
vn 0.9975 -0.0349 0.0614
vn 0.9097 -0.0202 0.4148
vn 0.4985 0.0094 0.8668
vn 0.0866 0.0289 0.9958
vn -0.1053 0.0364 0.9938
vn 0.9993 -0.0352 0.0128
vn 0.9435 -0.3251 0.0646
vn 0.8523 -0.3526 0.3864
vn 0.4506 -0.3673 0.8137
vn 0.0646 -0.3351 0.9400
vn -0.1153 -0.3312 0.9365
vn 0.9435 -0.3309 0.0183
vn 0.8031 -0.5926 0.0611
vn 0.7115 -0.6301 0.3110
vn 0.3531 -0.6652 0.6579
vn 0.0353 -0.6342 0.7723
vn -0.1108 -0.6329 0.7663
vn 0.7994 -0.6004 0.0221
vn 0.5806 -0.8125 0.0519
vn 0.5102 -0.8319 0.2185
vn 0.2330 -0.8589 0.4560
vn 0.0030 -0.8390 0.5441
vn -0.0963 -0.8378 0.5374
vn 0.5749 -0.8179 0.0236
vn 0.2910 -0.9560 0.0380
vn 0.2712 -0.9551 0.1190
vn 0.1046 -0.9640 0.2444
vn -0.0293 -0.9554 0.2938
vn -0.0761 -0.9541 0.2895
vn 0.2884 -0.9573 0.0225
vn -0.0359 -0.9991 0.0216
vn 0.0091 -0.9998 0.0175
vn -0.0290 -0.9989 0.0355
vn -0.0607 -0.9974 0.0381
vn -0.0525 -0.9979 0.0371
vn -0.0308 -0.9993 0.0189
vn -0.3591 -0.9333 0.0049
vn -0.2648 -0.9608 -0.0816
vn -0.1709 -0.9704 -0.1706
vn -0.0914 -0.9716 -0.2183
vn -0.0261 -0.9760 -0.2163
vn -0.3469 -0.9378 0.0131
vn -0.6376 -0.7703 -0.0102
vn -0.5317 -0.8293 -0.1717
vn -0.3215 -0.8698 -0.3743
vn -0.1208 -0.8726 -0.4733
vn 0.0032 -0.8827 -0.4699
vn -0.6247 -0.7809 0.0058
vn -0.8435 -0.5367 -0.0228
vn -0.7584 -0.6054 -0.2415
vn -0.4692 -0.6784 -0.5653
vn -0.1459 -0.6850 -0.7138
vn 0.0352 -0.7003 -0.7130
vn -0.8355 -0.5494 -0.0022
vn -0.9650 -0.2602 -0.0328
vn -0.9094 -0.3075 -0.2803
vn -0.5840 -0.3821 -0.7162
vn -0.1607 -0.3962 -0.9040
vn 0.0669 -0.4118 -0.9088
vn -0.9634 -0.2680 -0.0100
vn -0.9450 0.0243 -0.3262
vn 0.0110 0.9683 0.2494
vn -0.0188 0.8665 0.4989
vn 0.0374 0.9993 -0.0025
vn 0.0610 0.9650 -0.2551
vn 0.0816 0.8573 -0.5083
vn 0.0967 0.6572 -0.7475
vn 0.1019 0.3508 -0.9309
vn 0.0917 -0.0354 -0.9952
vn 0.0668 -0.4131 -0.9082
vn 0.0349 -0.7022 -0.7111
vn 0.0029 -0.8839 -0.4676
vn -0.0264 -0.9765 -0.2140
vn -0.0526 -0.9979 0.0390
vn -0.0761 -0.9535 0.2915
vn -0.0963 -0.8366 0.5393
vn -0.1110 -0.6313 0.7676
vn -0.1154 -0.3303 0.9368
vn -0.1053 0.0359 0.9938
vn -0.0817 0.3949 0.9151
vn -0.0509 0.6790 0.7324
vn 0.0216 -0.0326 -0.9992
vn 0.0216 -0.0330 -0.9992
vn 0.0215 -0.0328 -0.9992
vn 0.0216 -0.0328 -0.9992
vn 0.0214 -0.0328 -0.9992
vn 0.0218 -0.0330 -0.9992
vn 0.0217 -0.0330 -0.9992
vn 0.0216 -0.0329 -0.9992
vn 0.0214 -0.0329 -0.9992
vn 0.0215 -0.0329 -0.9992
vn 0.0217 -0.0333 -0.9992
vn 0.0218 -0.0331 -0.9992
vn 0.0220 -0.0335 -0.9992
vn 0.0218 -0.0333 -0.9992
vn 0.0218 -0.0335 -0.9992
vn 0.0216 -0.0335 -0.9992
vn 0.0218 -0.0324 -0.9992
vn 0.0217 -0.0323 -0.9992
vn 0.0214 -0.0326 -0.9992
vn 0.0215 -0.0325 -0.9992
vn 0.0213 -0.0330 -0.9992
vn 0.0211 -0.0331 -0.9992
vn 0.0215 -0.0331 -0.9992
vn 0.0215 -0.0332 -0.9992
vn 0.0219 -0.0330 -0.9992
vn 0.0220 -0.0329 -0.9992
vn 0.0219 -0.0329 -0.9992
vn 0.0217 -0.0329 -0.9992
vn 0.0217 -0.0331 -0.9992
vn 0.0215 -0.0330 -0.9992
vn 0.9335 -0.3557 0.0452
vn 0.7715 -0.6346 0.0451
vn 0.7730 -0.6328 0.0451
vn 0.9342 -0.3540 0.0452
vn 0.5347 -0.8440 0.0405
vn 0.5372 -0.8425 0.0405
vn 0.2530 -0.9669 0.0320
vn 0.2554 -0.9663 0.0321
vn -0.0468 -0.9987 0.0208
vn -0.0449 -0.9988 0.0209
vn -0.3415 -0.9399 0.0078
vn -0.3400 -0.9404 0.0078
vn -0.6072 -0.7946 -0.0061
vn -0.6066 -0.7950 -0.0061
vn -0.8214 -0.5700 -0.0197
vn -0.8206 -0.5712 -0.0197
vn -0.9580 -0.2849 -0.0317
vn -0.9579 -0.2853 -0.0316
vn -0.9986 0.0344 -0.0405
vn -0.9986 0.0354 -0.0405
vn -0.9349 0.3520 -0.0452
vn -0.9340 0.3543 -0.0452
vn -0.7744 0.6311 -0.0451
vn -0.7728 0.6331 -0.0451
vn -0.5390 0.8414 -0.0405
vn -0.5372 0.8425 -0.0405
vn -0.2574 0.9658 -0.0322
vn -0.2553 0.9663 -0.0321
vn 0.0430 0.9989 -0.0210
vn 0.0450 0.9988 -0.0209
vn 0.3382 0.9410 -0.0079
vn 0.3399 0.9404 -0.0078
vn 0.6059 0.7955 0.0060
vn 0.6064 0.7952 0.0061
vn 0.8202 0.5717 0.0196
vn 0.8203 0.5715 0.0197
vn 0.9581 0.2845 0.0316
vn 0.9580 0.2851 0.0317
vn 0.9985 -0.0367 0.0406
vn 0.9985 -0.0355 0.0406
vn -0.0235 0.0323 0.9992
vn -0.0234 0.0324 0.9992
vn -0.0228 0.0320 0.9992
vn -0.0229 0.0321 0.9992
vn -0.0213 0.0334 0.9992
vn -0.0204 0.0330 0.9992
vn -0.0195 0.0344 0.9992
vn -0.0193 0.0340 0.9992
vn -0.0221 0.0342 0.9992
vn -0.0223 0.0336 0.9992
vn -0.0230 0.0338 0.9992
vn -0.0232 0.0329 0.9992
vn -0.0221 0.0333 0.9992
vn -0.0220 0.0333 0.9992
vn -0.0219 0.0338 0.9992
vn -0.0226 0.0341 0.9992
vn -0.0209 0.0320 0.9993
vn -0.0217 0.0317 0.9993
vn -0.0202 0.0325 0.9993
vn -0.0211 0.0327 0.9992
vn -0.0203 0.0336 0.9992
vn -0.0211 0.0339 0.9992
vn -0.0215 0.0323 0.9992
vn -0.0223 0.0321 0.9992
vn -0.0222 0.0324 0.9992
vn -0.0222 0.0330 0.9992
vn -0.0227 0.0320 0.9992
vn -0.0229 0.0325 0.9992
vn -0.0221 0.0318 0.9992
vn -0.0221 0.0319 0.9992
vn -0.0209 0.0314 0.9993
vn -0.0203 0.0320 0.9993
vn -0.0217 0.0314 0.9993
vn -0.0211 0.0318 0.9993
vn -0.0223 0.0331 0.9992
vn -0.0234 0.0339 0.9992
vn -0.0228 0.0341 0.9992
vn -0.0235 0.0333 0.9992
vn -0.0227 0.0332 0.9992
vn -0.0217 0.0330 0.9992
vn 0.9349 -0.3521 0.0452
vn 0.7746 -0.6308 0.0452
vn 0.5393 -0.8412 0.0406
vn 0.2583 -0.9655 0.0322
vn -0.0422 -0.9989 0.0210
vn -0.3381 -0.9411 0.0079
vn -0.6053 -0.7960 -0.0060
vn -0.8204 -0.5714 -0.0197
vn -0.9583 -0.2841 -0.0317
vn -0.9985 0.0369 -0.0406
vn -0.9335 0.3558 -0.0452
vn -0.7714 0.6347 -0.0451
vn -0.5347 0.8441 -0.0404
vn -0.2525 0.9671 -0.0320
vn 0.0475 0.9987 -0.0208
vn 0.3419 0.9397 -0.0077
vn 0.6079 0.7940 0.0062
vn 0.8207 0.5710 0.0197
vn 0.9578 0.2857 0.0316
vn 0.9986 -0.0341 0.0405
vn 0.9336 -0.3553 0.0453
vn 0.9985 -0.0368 0.0407
vn 0.9582 0.2844 0.0318
vn 0.8200 0.5721 0.0197
vn 0.6055 0.7958 0.0061
vn 0.3381 0.9411 -0.0079
vn 0.0425 0.9989 -0.0210
vn -0.2578 0.9656 -0.0322
vn -0.5396 0.8409 -0.0406
vn -0.9348 0.3522 -0.0452
vn -0.9986 0.0339 -0.0404
vn -0.9578 -0.2856 -0.0316
vn -0.8211 -0.5704 -0.0197
vn -0.6077 -0.7941 -0.0062
vn -0.3415 -0.9399 0.0077
vn -0.0473 -0.9987 0.0208
vn 0.2524 -0.9671 0.0320
vn 0.5347 -0.8441 0.0404
vn 0.7714 -0.6347 0.0451
vn 0.0387 -0.0336 -0.9987
vn 0.0388 -0.0335 -0.9987
vn 0.0386 -0.0335 -0.9987
vn 0.0386 -0.0337 -0.9987
vn 0.0386 -0.0336 -0.9987
vn 0.0387 -0.0333 -0.9987
vn 0.0385 -0.0337 -0.9987
vn 0.0386 -0.0331 -0.9987
vn 0.0385 -0.0326 -0.9987
vn 0.0386 -0.0333 -0.9987
vn 0.0386 -0.0328 -0.9987
vn 0.9267 -0.3709 0.0601
vn 0.7529 -0.6556 0.0571
vn 0.7494 -0.6596 0.0570
vn 0.9250 -0.3751 0.0601
vn 0.5123 -0.8574 0.0485
vn 0.5078 -0.8601 0.0484
vn 0.2397 -0.9702 0.0361
vn 0.2350 -0.9713 0.0358
vn -0.0429 -0.9989 0.0210
vn -0.3209 -0.9471 0.0044
vn -0.3243 -0.9460 0.0042
vn -0.5803 -0.8143 -0.0131
vn -0.5824 -0.8128 -0.0133
vn -0.8008 -0.5981 -0.0304
vn -0.8014 -0.5973 -0.0305
vn -0.9511 -0.3054 -0.0456
vn -0.9509 -0.3061 -0.0456
vn -0.9977 0.0366 -0.0563
vn -0.9979 0.0337 -0.0562
vn -0.9249 0.3755 -0.0601
vn -0.9266 0.3713 -0.0601
vn -0.7497 0.6593 -0.0570
vn -0.7532 0.6553 -0.0571
vn -0.5081 0.8599 -0.0484
vn -0.5128 0.8571 -0.0486
vn -0.2347 0.9714 -0.0358
vn -0.2395 0.9702 -0.0360
vn 0.0473 0.9987 -0.0208
vn 0.0429 0.9989 -0.0210
vn 0.3241 0.9460 -0.0042
vn 0.3207 0.9472 -0.0044
vn 0.5824 0.8128 0.0133
vn 0.5803 0.8143 0.0131
vn 0.8013 0.5975 0.0305
vn 0.8006 0.5984 0.0305
vn 0.8900 0.4542 0.0386
vn 0.8901 0.4541 0.0389
vn 0.9891 0.1383 0.0515
vn 0.9890 0.1384 0.0515
vn 0.9977 -0.0378 0.0562
vn 0.8080 -0.4969 0.3166
vn 0.8134 -0.4998 0.2976
vn 0.8133 -0.4997 0.2979
vn 0.6038 -0.7324 0.3147
vn 0.6043 -0.7331 0.3119
vn 0.6043 -0.7331 0.3121
vn 0.3584 -0.8964 0.2609
vn 0.3577 -0.8951 0.2661
vn 0.3577 -0.8951 0.2660
vn 0.0760 -0.9589 0.2734
vn -0.0523 -0.9622 0.2671
vn -0.0520 -0.9619 0.2686
vn 0.0759 -0.9588 0.2737
vn -0.1818 -0.9494 0.2561
vn -0.1815 -0.9486 0.2591
vn -0.4543 -0.8662 0.2079
vn -0.4535 -0.8633 0.2215
vn -0.6849 -0.6826 0.2551
vn -0.6875 -0.6855 0.2398
vn -0.6875 -0.6855 0.2396
vn -0.8784 -0.4451 0.1742
vn -0.8748 -0.4415 0.1994
vn -0.8748 -0.4415 0.1996
vn -0.9675 -0.1153 0.2248
vn -0.9727 0.0461 0.2276
vn -0.9729 0.0436 0.2270
vn -0.9669 -0.1147 0.2279
vn -0.9536 0.2003 0.2246
vn -0.9547 0.1999 0.2206
vn -0.8398 0.5210 0.1523
vn -0.8359 0.5189 0.1791
vn -0.6233 0.7483 0.2270
vn -0.6256 0.7510 0.2111
vn -0.6256 0.7510 0.2112
vn -0.3747 0.9086 0.1845
vn -0.3750 0.9086 0.1840
vn -0.0946 0.9712 0.2188
vn 0.0334 0.9751 0.2192
vn 0.0350 0.9731 0.2277
vn -0.0946 0.9710 0.2196
vn 0.1625 0.9628 0.2158
vn 0.1608 0.9595 0.2313
vn 0.4322 0.8704 0.2359
vn 0.4336 0.8721 0.2269
vn 0.4336 0.8721 0.2268
vn 0.6677 0.7021 0.2477
vn 0.6622 0.6977 0.2733
vn 0.6621 0.6977 0.2737
vn 0.8461 0.4522 0.2822
vn 0.8487 0.4523 0.2739
vn 0.8487 0.4523 0.2740
vn 0.9453 0.1245 0.3016
vn 0.9477 0.1324 0.2902
vn 0.9392 0.1319 0.3171
vn 0.9403 0.1273 0.3156
vn 0.9519 -0.0240 0.3054
vn 0.9322 -0.1816 0.3131
vn 0.9279 -0.1802 0.3263
vn 0.9451 -0.0249 0.3258
vn -0.1547 0.0493 0.9867
vn -0.0429 0.0498 0.9978
vn -0.0517 0.0372 0.9980
vn -0.0326 0.0400 0.9987
vn -0.0360 0.0984 0.9945
vn -0.0435 0.0433 0.9981
vn -0.0344 0.0277 0.9990
vn -0.0437 0.0392 0.9983
vn -0.0534 0.0229 0.9983
vn -0.0235 0.0327 0.9992
vn -0.0526 0.0450 0.9976
vn -0.0485 0.0333 0.9983
vn -0.0379 0.0443 0.9983
vn -0.0433 0.0085 0.9990
vn -0.0434 -0.0661 0.9969
vn -0.0356 0.0103 0.9993
vn -0.0570 0.0250 0.9981
vn -0.0480 0.0142 0.9987
vn -0.0209 0.0439 0.9988
vn -0.1622 0.0169 0.9866
vn -0.3249 0.0429 0.9448
vn 0.4292 -0.5088 -0.7463
vn 0.4247 -0.5036 -0.7524
vn 0.4241 -0.5029 -0.7531
vn -0.6900 -0.7238 -0.0038
vn -0.6897 -0.7239 0.0143
vn -0.7003 -0.7137 0.0140
vn -0.7036 -0.7106 0.0029
vn -0.6309 0.7605 0.1533
vn -0.6310 0.7606 0.1530
vn 0.6651 0.7455 0.0439
vn 0.6718 0.7400 0.0338
vn 0.6743 0.7376 0.0340
vn 0.6706 0.7402 0.0483
vn 0.0909 -0.6619 -0.7440
vn 0.0006 -0.6612 -0.7502
vn 0.0012 -0.6623 -0.7492
vn 0.0905 -0.6631 -0.7430
vn -0.0957 0.9837 0.1520
vn 0.0360 0.9862 0.1615
vn 0.9823 0.1665 0.0864
vn 0.9781 0.1895 0.0866
vn 0.9808 0.1746 0.0872
vn 0.9823 0.1661 0.0865
vn -0.0889 -0.6552 -0.7502
vn -0.0883 -0.6558 -0.7498
vn -0.9758 0.2176 -0.0241
vn -0.9707 0.2392 -0.0238
vn -0.9719 0.2337 -0.0269
vn -0.9765 0.2138 -0.0270
vn 0.1680 0.9713 0.1682
vn -0.4070 -0.4730 -0.7814
vn -0.4010 -0.4679 -0.7876
vn -0.4010 -0.4679 -0.7875
vn -0.6112 0.7913 -0.0149
vn -0.6208 0.7837 -0.0201
vn -0.6185 0.7855 -0.0194
vn -0.6138 0.7893 -0.0131
vn 0.6741 0.7052 0.2197
vn 0.6741 0.7052 0.2199
vn 0.6686 -0.7391 0.0818
vn 0.6568 -0.7491 0.0859
vn 0.6485 -0.7575 0.0752
vn 0.6538 -0.7518 0.0856
vn -0.5222 -0.1052 -0.8463
vn -0.5253 -0.0013 -0.8509
vn -0.5643 -0.0053 -0.8255
vn -0.5647 -0.1065 -0.8184
vn 0.9610 0.1165 0.2509
vn 0.9659 -0.0253 0.2576
vn 0.0815 -0.9945 0.0656
vn 0.1246 -0.9907 0.0553
vn 0.1209 -0.9906 0.0633
vn 0.1171 -0.9911 0.0631
vn -0.5233 0.0912 -0.8472
vn -0.5581 0.0957 -0.8243
vn 0.2496 0.9680 0.0255
vn 0.2430 0.9699 0.0136
vn 0.2069 0.9782 0.0194
vn 0.2091 0.9776 0.0227
vn 0.9516 -0.1652 0.2590
vn -0.3476 0.4309 -0.8328
vn -0.3475 0.4311 -0.8327
vn -0.3634 0.4498 -0.8159
vn -0.3635 0.4499 -0.8158
vn 0.7630 0.6445 0.0501
vn 0.7571 0.6519 0.0433
vn 0.7139 0.6980 0.0558
vn 0.7193 0.6916 0.0653
vn 0.6162 -0.7448 0.2559
vn 0.6162 -0.7449 0.2558
vn -0.6909 -0.7228 0.0125
vn -0.6883 -0.7254 0.0082
vn -0.6782 -0.7347 0.0141
vn -0.6802 -0.7329 0.0156
vn -0.0319 0.6154 -0.7875
vn 0.0579 0.6145 -0.7868
vn 0.0597 0.6180 -0.7839
vn -0.0301 0.6185 -0.7852
vn 0.0621 -0.9758 0.2096
vn -0.0531 -0.9775 0.2043
vn -0.9882 -0.1522 -0.0174
vn -0.9870 -0.1583 -0.0288
vn -0.9862 -0.1646 -0.0173
vn -0.9864 -0.1634 -0.0154
vn 0.1489 0.6085 -0.7794
vn 0.1473 0.6127 -0.7765
vn 0.9601 -0.2557 0.1132
vn 0.9639 -0.2499 0.0918
vn 0.9676 -0.2346 0.0934
vn 0.9664 -0.2379 0.0970
vn -0.1642 -0.9666 0.1968
vn 0.4663 0.4214 -0.7778
vn 0.4691 0.4243 -0.7746
vn 0.4690 0.4242 -0.7746
vn 0.6189 -0.7810 0.0843
vn 0.6244 -0.7762 0.0872
vn 0.6163 -0.7829 0.0856
vn 0.6146 -0.7840 0.0867
vn -0.6936 -0.6981 0.1776
vn -0.6579 0.7528 -0.0203
vn -0.6657 0.7459 -0.0226
vn -0.6707 0.7417 -0.0049
vn -0.6638 0.7479 -0.0118
vn 0.6328 0.0536 -0.7725
vn 0.6366 0.0546 -0.7693
vn 0.6379 0.0539 -0.7682
vn 0.6325 0.0597 -0.7723
vn -0.9841 -0.0982 0.1480
vn -0.9745 -0.1586 0.1587
vn -0.9768 -0.1450 0.1578
vn -0.9855 -0.0827 0.1483
vn -0.1203 0.9927 0.0015
vn -0.1191 0.9929 -0.0003
vn -0.1208 0.9927 0.0008
vn -0.1198 0.9928 0.0026
vn 0.6356 -0.0490 -0.7704
vn 0.6278 -0.1508 -0.7636
vn 0.6291 -0.1502 -0.7627
vn 0.6372 -0.0499 -0.7691
vn -0.2086 -0.9771 0.0429
vn -0.2075 -0.9773 0.0429
vn -0.2073 -0.9773 0.0429
vn -0.2121 -0.9761 0.0467
vn -0.9730 0.1822 0.1420
vn -0.9882 0.0442 0.1465
vn -0.9880 0.0451 0.1480
vn -0.9751 0.1674 0.1457
vn 0.4338 0.8731 0.2227
vn 0.4338 0.8730 0.2228
vn 0.9832 0.0163 0.1818
vn 0.9850 0.0461 0.1663
vn 0.9742 0.1848 0.1298
vn 0.9696 0.2051 0.1336
vn 0.0353 0.9725 0.2301
vn 0.1114 0.9653 0.2362
vn 0.1106 0.9643 0.2408
vn 0.0298 0.9721 0.2327
vn -0.0432 0.9741 0.2220
vn -0.0426 0.9734 0.2250
vn -0.9868 0.1570 0.0396
vn -0.9725 0.2291 0.0416
vn -0.9777 0.2059 0.0403
vn -0.9825 0.1793 0.0496
vn -0.3751 0.9084 0.1847
vn -0.3750 0.9084 0.1848
vn 0.4850 0.8679 0.1077
vn 0.5195 0.8496 0.0906
vn 0.5470 0.8307 0.1038
vn 0.5146 0.8490 0.1195
vn -0.6264 0.7491 0.2154
vn -0.6265 0.7491 0.2152
vn -0.6311 0.7505 0.1959
vn -0.8853 -0.4571 0.0856
vn -0.8812 -0.4647 0.0862
vn -0.8312 -0.5490 0.0878
vn -0.8597 -0.5053 0.0743
vn -0.8335 0.5182 0.1917
vn -0.8334 0.5182 0.1919
vn -0.0551 0.9957 0.0746
vn -0.0744 0.9946 0.0718
vn -0.0584 0.9959 0.0684
vn -0.0490 0.9959 0.0767
vn -0.9718 0.0417 0.2320
vn -0.9623 0.1356 0.2356
vn -0.9606 0.1342 0.2435
vn -0.9758 0.0411 0.2150
vn -0.9726 -0.0528 0.2264
vn -0.9814 -0.0513 0.1850
vn -0.1875 -0.9735 0.1312
vn -0.2570 -0.9583 0.1252
vn -0.1638 -0.9805 0.1090
vn -0.1325 -0.9838 0.1204
vn -0.8734 -0.4405 0.2079
vn -0.8734 -0.4405 0.2078
vn -0.8102 0.5837 0.0546
vn -0.7966 0.6023 0.0518
vn -0.8397 0.5396 0.0612
vn -0.7693 0.6352 0.0692
vn -0.6820 -0.6880 0.2481
vn -0.6820 -0.6880 0.2480
vn -0.6812 -0.6895 0.2459
vn 0.4070 -0.9035 0.1345
vn 0.4066 -0.9015 0.1480
vn 0.4166 -0.8971 0.1473
vn 0.4068 -0.9018 0.1457
vn -0.4545 -0.8634 0.2191
vn -0.4546 -0.8634 0.2188
vn -0.9935 -0.0968 0.0601
vn -0.9903 -0.1207 0.0683
vn -0.9981 -0.0310 0.0539
vn -0.9810 -0.1894 0.0412
vn -0.0537 -0.9599 0.2751
vn -0.1310 -0.9543 0.2686
vn -0.1301 -0.9487 0.2880
vn -0.0530 -0.9562 0.2878
vn 0.0245 -0.9599 0.2793
vn 0.0239 -0.9582 0.2852
vn 0.9662 -0.1985 0.1647
vn 0.9725 -0.1511 0.1770
vn 0.9766 -0.1317 0.1700
vn 0.9727 -0.1657 0.1625
vn 0.3574 -0.8953 0.2659
vn 0.3574 -0.8953 0.2660
vn -0.4831 -0.8710 0.0894
vn -0.4993 -0.8606 0.1001
vn -0.4876 -0.8691 0.0829
vn -0.4721 -0.8774 0.0851
vn 0.6076 -0.7315 0.3094
vn 0.6074 -0.7315 0.3099
vn 0.6069 -0.7316 0.3104
vn 0.6070 -0.7314 0.3108
vn 0.8541 0.4999 0.1438
vn 0.8869 0.4428 0.1317
vn 0.8696 0.4720 0.1445
vn 0.9073 0.3985 0.1342
vn 0.8135 -0.5002 0.2967
vn 0.8132 -0.5000 0.2977
vn 0.0466 -0.9908 0.1273
vn 0.0481 -0.9909 0.1259
vn 0.0485 -0.9907 0.1274
vn 0.0386 -0.9911 0.1277
vn 0.9366 -0.0248 0.3495
vn 0.9295 -0.1188 0.3493
vn 0.9314 -0.1185 0.3441
vn 0.9337 -0.0257 0.3572
vn 0.9396 0.0963 0.3284
vn 0.9357 0.0711 0.3457
vn 0.9274 0.0692 0.3677
vn 0.9472 -0.0343 0.3189
vn 0.1304 0.9876 0.0870
vn 0.1519 0.9850 0.0817
vn 0.1341 0.9873 0.0857
vn 0.1295 0.9879 0.0847
vn 0.8541 0.4522 0.2569
vn 0.8542 0.4522 0.2567
vn 0.8169 -0.5529 0.1642
vn 0.8210 -0.5466 0.1647
vn 0.8549 -0.4922 0.1643
vn 0.8538 -0.4882 0.1811
vn 0.6642 0.6982 0.2671
vn 0.6643 0.6983 0.2666
vn 0.6601 0.6973 0.2793
vn -0.4196 0.9062 0.0527
vn -0.4018 0.9139 0.0578
vn -0.4066 0.9120 0.0547
vn -0.3981 0.9158 0.0534
vn -0.6309 0.7608 0.1518
vn -0.4885 -0.8675 0.0936
vn -0.4786 -0.8731 0.0925
vn -0.7165 -0.6975 0.0085
vn -0.7181 -0.6959 0.0101
vn 0.4250 -0.5037 -0.7521
vn 0.4251 -0.5038 -0.7520
vn 0.6783 0.7326 0.0570
vn 0.6718 0.7380 0.0631
vn 0.8377 0.5260 0.1472
vn 0.9048 0.4074 0.1236
vn -0.0755 0.9849 0.1556
vn 0.0365 0.9860 0.1626
vn 0.1488 0.9746 0.1672
vn -0.9942 -0.0923 0.0552
vn -0.9954 -0.0738 0.0609
vn -0.9723 0.2319 -0.0278
vn -0.9735 0.2268 -0.0306
vn -0.0863 -0.6561 -0.7497
vn 0.0013 -0.6625 -0.7490
vn 0.0886 -0.6638 -0.7426
vn 0.9838 0.1606 0.0793
vn 0.9823 0.1667 0.0859
vn 0.9780 -0.1152 0.1741
vn 0.9715 -0.1738 0.1611
vn 0.6732 0.7047 0.2241
vn 0.6731 0.7047 0.2242
vn -0.7808 0.6215 0.0645
vn -0.7677 0.6372 0.0678
vn -0.6193 0.7849 -0.0206
vn -0.6136 0.7895 -0.0131
vn -0.4010 -0.4675 -0.7878
vn -0.4009 -0.4676 -0.7878
vn 0.6477 -0.7583 0.0746
vn 0.6534 -0.7519 0.0881
vn 0.4079 -0.9012 0.1468
vn 0.4109 -0.8998 0.1465
vn 0.9662 -0.0231 0.2568
vn 0.9609 0.1146 0.2520
vn 0.9637 0.0711 0.2573
vn 0.9731 -0.0274 0.2288
vn 0.9525 -0.1630 0.2571
vn 0.9720 -0.1275 0.1973
vn -0.0481 0.9959 0.0769
vn -0.0507 0.9958 0.0761
vn -0.0488 0.9960 0.0753
vn -0.0451 0.9961 0.0754
vn 0.2082 0.9778 0.0219
vn 0.2055 0.9785 0.0192
vn 0.1923 0.9810 0.0244
vn 0.1939 0.9809 0.0127
vn -0.5632 -0.0060 -0.8263
vn -0.5568 0.0948 -0.8252
vn -0.5246 0.0849 -0.8471
vn -0.5339 -0.0120 -0.8454
vn -0.5644 -0.1059 -0.8187
vn -0.5379 -0.1005 -0.8370
vn 0.1181 -0.9910 0.0630
vn 0.1202 -0.9907 0.0637
vn 0.1164 -0.9908 0.0686
vn 0.1269 -0.9899 0.0627
vn -0.1331 -0.9841 0.1173
vn -0.1395 -0.9833 0.1172
vn -0.1316 -0.9854 0.1082
vn -0.1374 -0.9847 0.1068
vn 0.5123 0.8503 0.1209
vn 0.5046 0.8555 0.1161
vn 0.7109 0.7011 0.0548
vn 0.7168 0.6942 0.0657
vn -0.3638 0.4501 -0.8155
vn -0.3639 0.4503 -0.8154
vn -0.6779 -0.7350 0.0152
vn -0.6803 -0.7328 0.0161
vn -0.8505 -0.5200 0.0788
vn -0.8613 -0.5026 0.0741
vn 0.6160 -0.7449 0.2562
vn 0.6160 -0.7450 0.2561
vn 0.9772 0.1512 0.1489
vn 0.9714 0.1927 0.1385
vn 0.9681 -0.2320 0.0941
vn 0.9676 -0.2344 0.0940
vn 0.1471 0.6139 -0.7755
vn 0.0580 0.6189 -0.7833
vn -0.0297 0.6187 -0.7850
vn -0.9860 -0.1660 -0.0151
vn -0.9863 -0.1645 -0.0153
vn -0.9826 0.1800 0.0466
vn -0.9852 0.1623 0.0554
vn 0.0584 -0.9761 0.2095
vn -0.0500 -0.9778 0.2035
vn -0.1606 -0.9676 0.1950
vn 0.6156 -0.7835 0.0854
vn 0.6142 -0.7843 0.0871
vn 0.4706 0.4261 -0.7726
vn 0.4704 0.4258 -0.7729
vn -0.6560 0.7545 -0.0205
vn -0.6627 0.7488 -0.0127
vn -0.4019 0.9141 0.0540
vn -0.3976 0.9159 0.0554
vn -0.6928 -0.6978 0.1819
vn -0.6928 -0.6978 0.1820
vn 0.8175 -0.5521 0.1638
vn 0.8189 -0.5500 0.1640
vn -0.1196 0.9928 0.0004
vn -0.1167 0.9932 -0.0015
vn 0.6342 0.0418 -0.7721
vn 0.6370 0.0569 -0.7687
vn 0.6361 -0.0485 -0.7701
vn 0.6281 -0.1528 -0.7630
vn -0.2042 -0.9782 0.0370
vn -0.2063 -0.9776 0.0415
vn 0.0673 -0.9901 0.1230
vn 0.0598 -0.9905 0.1242
vn 0.1473 0.9857 0.0819
vn 0.1536 0.9849 0.0802
vn -0.0681 0.9854 0.1563
vn 0.0387 0.9859 0.1628
vn 0.1418 0.9756 0.1674
vn -0.9958 -0.0696 0.0600
vn -0.9972 -0.0369 0.0652
vn -0.9726 0.2309 -0.0265
vn -0.9718 0.2338 -0.0308
vn -0.0859 -0.6557 -0.7501
vn -0.0004 -0.6623 -0.7492
vn 0.0875 -0.6640 -0.7426
vn 0.9846 0.1580 0.0752
vn 0.9819 0.1683 0.0872
vn 0.9730 -0.1606 0.1659
vn 0.9743 -0.1609 0.1579
vn -0.6310 0.7608 0.1515
vn -0.6310 0.7608 0.1516
vn -0.6394 0.7686 -0.0217
vn -0.6394 0.7685 -0.0217
vn -0.5627 -0.8236 0.0706
vn -0.4835 -0.8704 0.0928
vn -0.4813 -0.8717 0.0919
vn -0.5490 -0.8327 0.0720
vn -0.7180 -0.6960 0.0110
vn -0.7167 -0.6973 0.0091
vn -0.5947 -0.8012 0.0667
vn -0.8487 -0.5238 -0.0734
vn 0.4228 -0.5040 -0.7531
vn 0.4220 -0.5040 -0.7536
vn 0.4826 -0.5766 -0.6593
vn 0.6778 0.7332 0.0557
vn 0.6708 0.7387 0.0666
vn 0.6020 0.7979 0.0303
vn 0.5272 0.8497 -0.0031
vn 0.9081 0.3992 0.1266
vn 0.8862 0.4443 0.1312
vn 0.9643 0.0674 0.2562
vn 0.9659 0.0770 0.2473
vn 0.7570 0.6495 0.0716
vn 0.7861 0.6124 0.0832
vn 0.8266 -0.5092 0.2396
vn 0.8266 -0.5092 0.2397
vn -0.0911 -0.9934 0.0699
vn -0.0839 -0.9942 0.0668
vn -0.0784 -0.9941 0.0748
vn 0.9655 -0.0297 0.2588
vn 0.9504 -0.1713 0.2596
vn 0.9615 0.1137 0.2503
vn 0.9607 0.1170 0.2517
vn 0.0004 0.9996 0.0283
vn -0.0003 0.9996 0.0298
vn 0.0053 0.9997 0.0247
vn 0.8629 0.4564 0.2169
vn 0.8629 0.4564 0.2170
vn 0.7159 -0.6894 0.1103
vn 0.7201 -0.6858 0.1057
vn 0.7188 -0.6861 0.1124
vn 0.6755 0.7061 0.2122
vn -0.5489 0.8359 0.0040
vn -0.5532 0.8331 0.0044
vn -0.5514 0.8342 -0.0017
vn 0.4410 0.8805 0.1740
vn 0.4409 0.8805 0.1740
vn 0.9903 -0.0811 0.1132
vn 0.9882 -0.1139 0.1028
vn 0.9902 -0.0774 0.1165
vn 0.0348 0.9858 0.1645
vn 0.1543 0.9733 0.1698
vn -0.0818 0.9842 0.1571
vn -0.9998 -0.0172 0.0022
vn -0.9996 -0.0291 0.0013
vn -0.9998 0.0217 0.0020
vn -0.3772 0.9170 0.1297
vn 0.6125 0.7875 0.0682
vn 0.6773 0.7338 0.0529
vn 0.6039 0.7939 0.0706
vn -0.6327 0.7613 0.1417
vn -0.7731 -0.6337 0.0263
vn -0.7718 -0.6353 0.0278
vn -0.8067 -0.5903 0.0278
vn -0.8436 0.5223 0.1248
vn -0.8435 0.5225 0.1248
vn 0.0858 0.9958 0.0316
vn 0.0567 0.9979 0.0301
vn 0.0496 0.9979 0.0425
vn 0.0760 0.9965 0.0344
vn -0.9877 0.0395 0.1516
vn -0.9715 0.1861 0.1470
vn -0.9826 -0.1053 0.1529
vn -0.0016 -0.9972 0.0743
vn 0.0259 -0.9969 0.0746
vn -0.0992 -0.9918 0.0808
vn -0.0071 -0.9971 0.0752
vn -0.8825 -0.4478 0.1441
vn -0.7194 0.6946 -0.0010
vn -0.7214 0.6925 -0.0062
vn -0.7233 0.6905 0.0011
vn -0.6952 -0.6981 0.1713
vn 0.5444 -0.8326 0.1023
vn 0.5378 -0.8365 0.1054
vn 0.5331 -0.8403 0.0991
vn -0.4568 -0.8738 0.1666
vn -0.9961 0.0876 -0.0039
vn -0.9963 0.0861 -0.0052
vn -0.9961 0.0884 0.0014
vn -0.9963 0.0855 0.0033
vn -0.0534 -0.9771 0.2062
vn -0.1702 -0.9653 0.1978
vn 0.0676 -0.9750 0.2118
vn 0.9936 0.0190 0.1112
vn 0.9933 0.0113 0.1148
vn 0.9942 0.0154 0.1064
vn 0.9934 -0.0227 0.1123
vn 0.3641 -0.9067 0.2130
vn -0.6094 -0.7920 0.0357
vn -0.5916 -0.8052 0.0403
vn -0.6194 -0.7842 0.0378
vn -0.5268 -0.8473 0.0677
vn -0.6139 -0.7884 0.0402
vn 0.6182 -0.7468 0.2452
vn 0.7830 0.6160 0.0862
vn 0.9090 -0.3276 0.2578
vn 0.7667 0.6368 0.0811
vn -0.9778 0.0695 0.1978
vn -0.9880 -0.0539 0.1449
vn -0.9880 0.0424 0.1484
vn -0.9788 0.1380 0.1513
vn 0.0277 -0.9912 0.1294
vn 0.0185 -0.9915 0.1289
vn -0.0569 -0.9950 0.0824
vn -0.2041 -0.9779 0.0461
vn -0.2194 -0.9746 0.0448
vn 0.6458 -0.1507 -0.7485
vn 0.6549 -0.0516 -0.7540
vn 0.6571 0.0547 -0.7518
vn 0.6368 0.0673 -0.7681
vn -0.1140 0.9934 0.0099
vn -0.1127 0.9936 0.0069
vn -0.0043 0.9995 0.0324
vn 0.1295 0.9882 0.0815
vn 0.1310 0.9880 0.0817
vn -0.0418 0.9880 0.1484
vn 0.0392 0.9868 0.1570
vn 0.1163 0.9796 0.1637
vn -0.9967 0.0405 0.0698
vn -0.9948 0.0686 0.0758
vn -0.9965 0.0832 0.0072
vn -0.9765 0.2149 -0.0155
vn -0.9696 0.2445 -0.0142
vn -0.0823 -0.6470 -0.7580
vn -0.0019 -0.6607 -0.7507
vn 0.0857 -0.6706 -0.7369
vn 0.9843 0.1611 0.0717
vn 0.9773 0.1965 0.0789
vn 0.9924 -0.0087 0.1225
vn 0.9782 -0.1359 0.1571
vn 0.9821 -0.1148 0.1493
vn 0.6738 0.7072 0.2140
vn -0.7755 0.6283 0.0615
vn -0.7640 0.6418 0.0663
vn -0.7344 0.6787 0.0078
vn -0.6342 0.7730 -0.0135
vn -0.5860 0.8102 -0.0115
vn -0.3991 -0.4649 -0.7903
vn 0.6433 -0.7612 0.0817
vn 0.6489 -0.7553 0.0920
vn 0.5150 -0.8496 0.1136
vn 0.4180 -0.8950 0.1559
vn 0.4378 -0.8855 0.1558
vn 0.5699 0.8178 0.0800
vn 0.4875 0.8634 0.1298
vn 0.7046 0.7071 0.0600
vn 0.7169 0.6952 0.0525
vn -0.3637 0.4501 -0.8156
vn -0.3637 0.4502 -0.8155
vn -0.6847 -0.7273 0.0457
vn -0.6917 -0.7218 0.0229
vn -0.7575 -0.6522 0.0297
vn -0.8538 -0.5142 0.0815
vn -0.8689 -0.4894 0.0738
vn 0.6171 -0.7407 0.2656
vn 0.4975 0.8571 0.1335
vn 0.0271 -0.9796 0.1991
vn -0.0514 -0.9795 0.1948
vn -0.1308 -0.9731 0.1897
vn 0.9801 0.0990 0.1722
vn 0.9787 0.1212 0.1658
vn 0.9900 -0.0695 0.1224
vn 0.9686 -0.2285 0.0984
vn 0.9748 -0.2067 0.0834
vn 0.1483 0.6395 -0.7544
vn 0.0545 0.6306 -0.7742
vn -0.0276 0.6179 -0.7857
vn -0.9840 -0.1784 -0.0028
vn -0.9903 -0.1388 -0.0083
vn -0.9942 -0.1074 -0.0060
vn -0.9958 0.0572 0.0714
vn -0.9939 0.0709 0.0848
vn -0.6898 -0.6988 0.1896
vn 0.8281 -0.5357 0.1652
vn 0.8291 -0.5342 0.1653
vn 0.7228 -0.6810 0.1176
vn 0.6218 -0.7780 0.0898
vn 0.6164 -0.7836 0.0775
vn 0.4966 0.4547 -0.7393
vn -0.6494 0.7604 -0.0135
vn -0.6716 0.7407 -0.0184
vn -0.4053 0.9120 0.0624
vn -0.5775 0.8164 0.0019
vn -0.3951 0.9164 0.0644
vn 0.1547 0.9728 0.1723
vn 0.0381 0.9852 0.1671
vn -0.0824 0.9838 0.1594
vn -0.9998 -0.0220 0.0017
vn -0.9937 -0.1119 -0.0075
vn -0.9998 -0.0203 0.0012
vn -0.9999 0.0109 0.0010
vn -0.3772 0.9167 0.1315
vn 0.6822 0.7293 0.0520
vn 0.6215 0.7805 0.0666
vn 0.6136 0.7867 0.0679
vn 0.5739 0.8151 0.0791
vn -0.6325 0.7610 0.1444
vn -0.6325 0.7610 0.1445
vn -0.7710 -0.6363 0.0261
vn -0.7543 -0.6559 0.0277
vn -0.7699 -0.6377 0.0258
vn -0.8008 -0.5983 0.0272
vn -0.8434 0.5222 0.1266
vn 0.0650 0.9975 0.0291
vn 0.0920 0.9953 0.0312
vn 0.0876 0.9956 0.0320
vn 0.0542 0.9977 0.0418
vn -0.9709 0.1867 0.1498
vn -0.9871 0.0419 0.1544
vn -0.9821 -0.1057 0.1556
vn -0.0034 -0.9973 0.0739
vn 0.0305 -0.9968 0.0738
vn -0.0022 -0.9973 0.0736
vn -0.0907 -0.9927 0.0798
vn -0.8822 -0.4477 0.1461
vn -0.8822 -0.4477 0.1460
vn -0.7161 0.6979 -0.0072
vn -0.7142 0.6999 -0.0027
vn -0.7177 0.6964 -0.0015
vn -0.7297 0.6837 0.0068
vn -0.6949 -0.6977 0.1741
vn -0.6950 -0.6977 0.1740
vn 0.5463 -0.8312 0.1027
vn 0.5194 -0.8471 0.1125
vn 0.5501 -0.8288 0.1018
vn 0.5417 -0.8348 0.0982
vn -0.4568 -0.8735 0.1686
vn -0.9953 0.0961 -0.0065
vn -0.9955 0.0942 -0.0055
vn -0.9954 0.0953 -0.0016
vn -0.9958 0.0914 0.0009
vn -0.9959 0.0898 0.0051
vn -0.1708 -0.9647 0.2006
vn -0.0501 -0.9766 0.2090
vn 0.0680 -0.9744 0.2143
vn 0.9936 0.0217 0.1109
vn 0.9928 -0.0003 0.1196
vn 0.9937 0.0257 0.1087
vn 0.9941 0.0093 0.1076
vn 0.9938 -0.0113 0.1110
vn 0.3639 -0.9063 0.2148
vn 0.3639 -0.9063 0.2150
vn -0.5973 -0.8011 0.0390
vn -0.6015 -0.7980 0.0377
vn -0.6243 -0.7803 0.0359
vn -0.6212 -0.7828 0.0357
vn -0.5255 -0.8482 0.0654
vn 0.6177 -0.7464 0.2478
vn 0.6176 -0.7463 0.2481
vn 0.7664 0.6375 0.0791
vn 0.9130 -0.3225 0.2498
vn 0.7645 0.6396 0.0799
vn 0.7641 0.6407 0.0748
vn 0.7520 0.6554 0.0701
vn 0.8262 -0.5091 0.2411
vn 0.8262 -0.5091 0.2413
vn -0.0907 -0.9937 0.0654
vn -0.0933 -0.9934 0.0675
vn -0.0929 -0.9932 0.0698
vn -0.0614 -0.9948 0.0818
vn 0.9497 -0.1719 0.2618
vn 0.9649 -0.0273 0.2613
vn 0.9598 0.1180 0.2548
vn 0.9604 0.1147 0.2537
vn -0.0032 0.9996 0.0280
vn -0.0089 0.9995 0.0299
vn -0.0026 0.9997 0.0259
vn -0.0017 0.9997 0.0234
vn 0.8625 0.4563 0.2190
vn 0.8624 0.4565 0.2189
vn 0.7148 -0.6914 0.1049
vn 0.7114 -0.6944 0.1082
vn 0.7139 -0.6916 0.1097
vn 0.7184 -0.6859 0.1160
vn 0.6750 0.7058 0.2151
vn 0.6748 0.7060 0.2148
vn -0.5829 0.8126 -0.0002
vn -0.5521 0.8338 0.0033
vn -0.5550 0.8318 0.0021
vn -0.5586 0.8294 -0.0033
vn 0.4407 0.8803 0.1756
vn 0.4406 0.8804 0.1755
vn 0.9873 -0.1220 0.1018
vn 0.9894 -0.0938 0.1109
vn 0.9901 -0.0833 0.1132
vn 0.9900 -0.0745 0.1196
vn 0.0455 0.9988 -0.0162
vn 0.0452 0.9988 -0.0193
vn 0.0452 0.9988 -0.0194
vn 0.0922 0.0283 0.9953
vn 0.0922 0.0286 0.9953
vn -0.0450 -0.9987 0.0233
vn -0.0454 -0.9988 0.0180
vn -0.0450 -0.9987 0.0235
vn -0.0923 -0.0289 -0.9953
vn -0.0923 -0.0293 -0.9953
vn -0.9987 0.0351 0.0357
vn -0.9966 0.0365 0.0736
vn -0.9965 0.0389 0.0736
vn -0.9967 0.0387 0.0707
vn 0.9985 -0.0385 -0.0401
vn 0.9965 -0.0389 -0.0733
vn 0.9969 -0.0422 -0.0660
vn 0.9982 -0.0461 -0.0374
vn 0.0923 0.0291 0.9953
vn 0.0924 0.0311 0.9952
vn 0.0923 0.0295 0.9953
vn 0.9977 -0.0550 -0.0403
vn 0.9968 -0.0433 -0.0667
vn 0.9972 -0.0417 -0.0616
vn 0.9981 -0.0454 -0.0405
vn -0.0921 -0.0259 -0.9954
vn -0.0922 -0.0276 -0.9954
vn -0.0922 -0.0280 -0.9953
vn -0.9966 0.0346 0.0742
vn -0.9969 0.0252 0.0746
vn -0.9989 0.0240 0.0397
vn -0.9987 0.0337 0.0387
vn 0.0923 0.0287 0.9953
vn 0.9985 -0.0373 -0.0408
vn 0.9967 -0.0386 -0.0707
vn -0.0923 -0.0286 -0.9953
vn -0.9965 0.0393 0.0736
vn -0.9963 0.0394 0.0764
vn -0.9973 0.0425 0.0605
vn -0.9989 0.0407 0.0222
vn -0.9949 0.0396 0.0933
vn -0.9972 0.0393 0.0636
vn 0.0452 0.9988 -0.0203
vn 0.0464 0.9989 -0.0062
vn 0.0452 0.9988 -0.0202
vn 0.9972 -0.0379 -0.0642
vn 0.9985 -0.0383 -0.0389
vn 0.9930 -0.0378 -0.1120
vn 0.9971 -0.0362 -0.0675
vn 0.9972 -0.0390 -0.0637
vn 0.9989 -0.0378 -0.0285
vn 0.9976 -0.0267 -0.0643
vn 0.9988 -0.0398 -0.0290
vn 0.9956 -0.0406 -0.0847
vn 0.9972 -0.0349 -0.0664
vn -0.0460 -0.9989 0.0112
vn -0.0453 -0.9988 0.0187
vn -0.9977 0.0397 0.0544
vn -0.9925 0.0569 0.1080
vn -0.9972 0.0392 0.0640
vn -0.9972 0.0398 0.0639
vn -0.9973 0.0386 0.0621
vn -0.9972 0.0385 0.0638
vn -0.9971 0.0369 0.0661
vn -0.9970 0.0394 0.0660
vn 0.0451 0.9988 -0.0205
vn 0.9971 -0.0378 -0.0661
vn 0.9972 -0.0359 -0.0661
vn 0.9971 -0.0391 -0.0660
vn 0.9975 -0.0262 -0.0662
vn 0.9972 -0.0351 -0.0660
vn -0.0452 -0.9988 0.0211
vn -0.9972 0.0344 0.0661
vn -0.9975 0.0228 0.0664
vn -0.9971 0.0391 0.0660
vn 0.9971 -0.0379 -0.0660
vn 0.9972 -0.0359 -0.0659
vn 0.9971 -0.0391 -0.0659
vn 0.9975 -0.0260 -0.0660
vn 0.9972 -0.0349 -0.0660
vn -0.0452 -0.9988 0.0209
vn -0.0452 -0.9988 0.0208
vn -0.9975 0.0231 0.0662
vn -0.9972 0.0344 0.0659
vn -0.9971 0.0390 0.0658
vn -0.9971 0.0394 0.0658
vn -0.9971 0.0370 0.0659
vn 0.0923 0.0282 0.9953
vn 0.9971 -0.0398 -0.0642
vn 0.9986 -0.0376 -0.0375
vn 0.9970 -0.0401 -0.0656
vn 0.9970 -0.0391 -0.0662
vn 0.9970 -0.0401 -0.0659
vn 0.9984 -0.0378 -0.0411
vn -0.0923 -0.0284 -0.9953
vn -0.0922 -0.0289 -0.9953
vn -0.9965 0.0394 0.0736
vn -0.9965 0.0394 0.0731
vn -0.9971 0.0385 0.0660
vn -0.9972 0.0384 0.0636
vn -0.9991 0.0371 0.0183
vn 0.0426 0.9989 0.0180
vn 0.0431 0.9989 0.0182
vn 0.0412 0.9992 -0.0018
vn 0.0409 0.9992 0.0022
vn 0.0664 0.0299 0.9973
vn 0.0604 0.0301 0.9977
vn 0.0600 0.0301 0.9977
vn -0.0322 -0.9992 0.0219
vn -0.0322 -0.9992 0.0216
vn -0.0454 -0.9989 0.0089
vn -0.0450 -0.9990 0.0076
vn -0.0680 -0.0298 -0.9972
vn -0.0626 -0.0299 -0.9976
vn -0.9985 0.0351 -0.0417
vn -0.9876 0.0310 -0.1540
vn -0.9850 0.0304 -0.1697
vn 0.9985 -0.0349 0.0425
vn 0.9985 -0.0350 0.0421
vn 0.9985 -0.0349 0.0422
vn 0.0807 0.0291 0.9963
vn 0.0807 0.0292 0.9963
vn 0.0542 0.0301 0.9981
vn -0.0580 -0.9979 0.0293
vn -0.0514 -0.9983 0.0286
vn -0.0493 -0.9986 -0.0186
vn -0.0578 -0.9982 0.0181
vn -0.0775 -0.0292 -0.9966
vn -0.0475 -0.0306 -0.9984
vn -0.0472 -0.0303 -0.9984
vn -0.0777 -0.0292 -0.9965
vn 0.0501 0.9985 0.0219
vn 0.0421 0.9988 0.0253
vn 0.0422 0.9986 0.0307
vn 0.0523 0.9984 0.0223
vn 0.0678 0.0298 0.9973
vn 0.0677 0.0296 0.9973
vn -0.0463 -0.9989 0.0033
vn -0.0465 -0.9989 -0.0023
vn -0.0675 -0.0296 -0.9973
vn 0.0454 0.9988 -0.0177
vn 0.0448 0.9988 -0.0213
vn 0.0318 0.9992 -0.0231
vn 0.0263 0.9992 -0.0301
vn 0.0357 0.9991 -0.0235
vn 0.0455 0.9988 -0.0198
vn 0.9989 -0.0370 -0.0287
vn 0.9989 -0.0376 -0.0295
vn -0.0514 -0.9986 0.0082
vn -0.0517 -0.9986 0.0135
vn -0.0376 -0.9992 0.0145
vn -0.0408 -0.9991 0.0129
vn -0.0538 -0.9985 0.0116
vn -0.0589 -0.9983 0.0030
vn -0.0456 -0.9989 0.0145
vn -0.0456 -0.9988 0.0153
vn -0.0600 -0.9981 0.0130
vn -0.0714 -0.9974 0.0037
vn -0.9994 0.0357 0.0047
vn -0.9989 0.0346 -0.0307
vn -0.9994 0.0356 0.0039
vn 0.0399 0.9988 -0.0286
vn 0.0216 0.9995 -0.0215
vn 0.0437 0.9989 -0.0194
vn 0.0459 0.9987 -0.0223
vn 0.0457 0.9989 -0.0136
vn 0.0454 0.9988 -0.0159
vn 0.9984 -0.0369 -0.0436
vn -0.0412 -0.9989 0.0208
vn -0.0321 -0.9993 0.0205
vn -0.0392 -0.9990 0.0206
vn -0.0115 -0.9997 0.0194
vn -0.9983 0.0379 0.0436
vn 0.0487 0.9986 -0.0213
vn 0.0529 0.9984 -0.0215
vn 0.0442 0.9987 -0.0256
vn 0.0463 0.9987 -0.0209
vn 0.0557 0.9982 -0.0214
vn 0.0454 0.9988 -0.0179
vn -0.0670 -0.0297 -0.9973
vn -0.0671 -0.0297 -0.9973
vn -0.0465 -0.9989 0.0026
vn -0.0465 -0.9989 -0.0010
vn -0.0449 -0.9988 0.0213
vn -0.0454 -0.9989 0.0145
vn -0.0455 -0.9988 0.0154
vn 0.0671 0.0297 0.9973
vn 0.0457 0.9989 -0.0132
vn 0.0455 0.9988 -0.0157
vn 0.0444 0.9987 -0.0262
vn 0.0558 0.9982 -0.0213
vn 0.0452 0.9988 -0.0210
vn 0.0460 0.9987 -0.0209
vn 0.9984 -0.0369 -0.0433
vn 0.9984 -0.0368 -0.0433
vn -0.0413 -0.9989 0.0209
vn -0.0319 -0.9993 0.0206
vn -0.0454 -0.9987 0.0210
vn -0.0388 -0.9990 0.0208
vn -0.0122 -0.9997 0.0198
vn -0.9983 0.0379 0.0440
vn 0.0488 0.9986 -0.0213
vn 0.9512 -0.0425 -0.3055
vn 0.9070 0.2885 -0.3068
vn 0.9676 0.2467 -0.0541
vn 0.9981 -0.0354 -0.0502
vn 0.5888 -0.0487 -0.8068
vn 0.5591 0.3426 -0.7550
vn 0.0988 -0.0371 -0.9944
vn 0.1100 0.3419 -0.9333
vn -0.1448 -0.0304 -0.9890
vn -0.1169 0.3557 -0.9273
vn 0.9666 0.2544 -0.0318
vn 0.9991 -0.0340 -0.0270
vn 0.7538 0.5956 -0.2776
vn 0.8429 0.5353 -0.0544
vn 0.4461 0.6541 -0.6109
vn 0.1055 0.6477 -0.7545
vn -0.0752 0.6596 -0.7479
vn 0.8356 0.5483 -0.0343
vn 0.5219 0.8262 -0.2123
vn 0.6328 0.7727 -0.0490
vn 0.3045 0.8562 -0.4174
vn 0.0934 0.8510 -0.5168
vn -0.0300 0.8585 -0.5120
vn 0.6216 0.7826 -0.0336
vn 0.2600 0.9577 -0.1237
vn 0.3580 0.9330 -0.0378
vn 0.1615 0.9636 -0.2129
vn 0.0787 0.9623 -0.2603
vn 0.0134 0.9658 -0.2590
vn 0.3511 0.9359 -0.0297
vn -0.0111 0.9997 -0.0227
vn 0.0352 0.9992 -0.0202
vn 0.0297 0.9995 -0.0041
vn 0.0625 0.9980 -0.0029
vn 0.0533 0.9986 -0.0056
vn 0.0364 0.9991 -0.0229
vn -0.2663 0.9603 0.0827
vn -0.2912 0.9567 0.0016
vn -0.0925 0.9744 0.2049
vn 0.0454 0.9667 0.2520
vn 0.0896 0.9653 0.2453
vn -0.2829 0.9591 -0.0140
vn -0.5014 0.8442 0.1897
vn -0.5788 0.8151 0.0243
vn -0.2088 0.8815 0.4235
vn 0.0263 0.8624 0.5055
vn 0.1225 0.8608 0.4940
vn -0.5685 0.8227 -0.0040
vn -0.7010 0.6498 0.2938
vn -0.8007 0.5973 0.0456
vn -0.3193 0.7045 0.6337
vn 0.0069 0.6756 0.7372
vn 0.1489 0.6728 0.7247
vn -0.7937 0.6083 0.0060
vn -0.8400 0.3833 0.3840
vn -0.9420 0.3299 0.0617
vn -0.4106 0.4236 0.8074
vn -0.0124 0.3943 0.9189
vn 0.1632 0.3871 0.9075
vn -0.9420 0.3352 0.0151
vn -0.9019 0.0455 0.4296
vn -0.9969 0.0319 0.0717
vn -0.4619 0.0441 0.8858
vn -0.0318 0.0323 0.9990
vn 0.1580 0.0248 0.9871
vn -0.9993 0.0291 0.0225
vn -0.8684 -0.2951 0.3985
vn -0.9646 -0.2533 0.0738
vn -0.4475 -0.3403 0.8270
vn -0.0445 -0.3327 0.9420
vn 0.1317 -0.3396 0.9313
vn -0.9652 -0.2601 0.0273
vn -0.7567 -0.5708 0.3188
vn -0.8488 -0.5242 0.0688
vn -0.3808 -0.6408 0.6666
vn -0.0530 -0.6317 0.7734
vn 0.0914 -0.6398 0.7631
vn -0.8458 -0.5327 0.0298
vn -0.5691 -0.7915 0.2230
vn -0.6456 -0.7616 0.0573
vn -0.2882 -0.8408 0.4583
vn -0.0498 -0.8381 0.5433
vn 0.0463 -0.8443 0.5339
vn -0.6379 -0.7696 0.0293
vn -0.3520 -0.9280 0.1224
vn -0.3740 -0.9265 0.0409
vn -0.1788 -0.9526 0.2460
vn -0.0417 -0.9555 0.2922
vn 0.0030 -0.9582 0.2860
vn -0.3649 -0.9307 0.0256
vn -0.0998 -0.9948 0.0184
vn -0.0536 -0.9983 0.0215
vn -0.0602 -0.9975 0.0370
vn -0.0282 -0.9989 0.0386
vn -0.0371 -0.9987 0.0356
vn -0.0527 -0.9984 0.0189
vn 0.1719 -0.9815 -0.0842
vn 0.2732 -0.9619 0.0018
vn 0.0745 -0.9822 -0.1722
vn -0.0083 -0.9754 -0.2203
vn -0.0744 -0.9731 -0.2180
vn 0.2667 -0.9637 0.0101
vn 0.4506 -0.8746 -0.1788
vn 0.5705 -0.8211 -0.0162
vn 0.2238 -0.8976 -0.3799
vn 0.0145 -0.8795 -0.4756
vn -0.1080 -0.8745 -0.4728
vn 0.5602 -0.8283 -0.0001
vn 0.6991 -0.6695 -0.2512
vn 0.7959 -0.6047 -0.0308
vn 0.3812 -0.7212 -0.5785
vn 0.0433 -0.6952 -0.7175
vn -0.1350 -0.6892 -0.7119
vn 0.7893 -0.6139 -0.0102
vn 0.8767 -0.3807 -0.2941
vn 0.9432 -0.3295 -0.0424
vn 0.5224 -0.4304 -0.7361
vn 0.0753 -0.4057 -0.9109
vn -0.1498 -0.4033 -0.9027
vn 0.9426 -0.3334 -0.0197
vn 0.9391 -0.0459 -0.3406
vn 0.0489 0.9988 -0.0025
vn 0.0829 0.9655 0.2468
vn 0.0152 0.9657 -0.2593
vn -0.0268 0.8589 -0.5114
vn -0.0728 0.6601 -0.7476
vn -0.1143 0.3564 -0.9273
vn -0.1433 -0.0258 -0.9893
vn -0.1508 -0.3975 -0.9051
vn -0.1402 -0.6928 -0.7074
vn -0.1170 -0.8766 -0.4668
vn -0.0813 -0.9739 -0.2121
vn -0.0381 -0.9984 0.0415
vn 0.0035 -0.9587 0.2845
vn 0.0459 -0.8444 0.5337
vn 0.0894 -0.6387 0.7643
vn 0.1298 -0.3395 0.9316
vn 0.1568 0.0255 0.9873
vn 0.1603 0.3909 0.9064
vn 0.1446 0.6713 0.7269
vn 0.1179 0.8592 0.4979
vn -0.0755 -0.0283 -0.9967
vn -0.0756 -0.0283 -0.9967
vn -0.0752 -0.0286 -0.9968
vn -0.0746 -0.0295 -0.9968
vn -0.0745 -0.0294 -0.9968
vn -0.0753 -0.0292 -0.9967
vn -0.0751 -0.0294 -0.9967
vn -0.0758 -0.0289 -0.9967
vn -0.0761 -0.0289 -0.9967
vn -0.0750 -0.0287 -0.9968
vn -0.0747 -0.0285 -0.9968
vn -0.0758 -0.0290 -0.9967
vn -0.0757 -0.0291 -0.9967
vn -0.0766 -0.0296 -0.9966
vn -0.0766 -0.0298 -0.9966
vn -0.0761 -0.0277 -0.9967
vn -0.0758 -0.0277 -0.9967
vn -0.0764 -0.0298 -0.9966
vn -0.0758 -0.0294 -0.9967
vn -0.0772 -0.0314 -0.9965
vn -0.0765 -0.0313 -0.9966
vn -0.0758 -0.0305 -0.9967
vn -0.0752 -0.0312 -0.9967
vn -0.0755 -0.0304 -0.9967
vn -0.0757 -0.0304 -0.9967
vn -0.0760 -0.0295 -0.9967
vn -0.0760 -0.0297 -0.9967
vn -0.0749 -0.0297 -0.9968
vn -0.0748 -0.0300 -0.9968
vn -0.0753 -0.0294 -0.9967
vn -0.0751 -0.0302 -0.9967
vn -0.0760 -0.0301 -0.9967
vn -0.0759 -0.0309 -0.9966
vn -0.0759 -0.0299 -0.9967
vn -0.0756 -0.0301 -0.9967
vn -0.0757 -0.0305 -0.9967
vn -0.0756 -0.0304 -0.9967
vn -0.0758 -0.0303 -0.9967
vn -0.0757 -0.0307 -0.9967
vn -0.9578 -0.2822 0.0541
vn -0.9571 -0.2845 0.0544
vn -0.8167 -0.5747 0.0526
vn -0.8217 -0.5675 0.0525
vn -0.6041 -0.7956 0.0459
vn -0.6072 -0.7932 0.0457
vn -0.3394 -0.9400 0.0349
vn -0.3362 -0.9411 0.0349
vn -0.0461 -0.9987 0.0209
vn -0.0464 -0.9987 0.0210
vn 0.2540 -0.9672 0.0051
vn 0.2524 -0.9676 0.0051
vn 0.5357 -0.8443 -0.0115
vn 0.5343 -0.8452 -0.0115
vn 0.7730 -0.6338 -0.0275
vn 0.7696 -0.6379 -0.0274
vn 0.9338 -0.3555 -0.0409
vn 0.9330 -0.3576 -0.0409
vn 0.9978 -0.0447 -0.0499
vn 0.9977 -0.0461 -0.0496
vn 0.9587 0.2792 -0.0537
vn 0.9578 0.2824 -0.0541
vn 0.8202 0.5697 -0.0522
vn 0.8148 0.5774 -0.0524
vn 0.6043 0.7955 -0.0456
vn 0.6052 0.7947 -0.0457
vn 0.3362 0.9411 -0.0346
vn 0.3384 0.9404 -0.0348
vn 0.0465 0.9987 -0.0209
vn 0.0427 0.9989 -0.0208
vn -0.2541 0.9672 -0.0050
vn -0.2567 0.9665 -0.0049
vn -0.5356 0.8444 0.0116
vn -0.5389 0.8423 0.0118
vn -0.7712 0.6360 0.0276
vn -0.7709 0.6364 0.0275
vn -0.9321 0.3598 0.0410
vn -0.9338 0.3555 0.0412
vn -0.9979 0.0411 0.0503
vn -0.9982 0.0328 0.0503
vn 0.0765 0.0274 0.9967
vn 0.0757 0.0275 0.9968
vn 0.0748 0.0296 0.9968
vn 0.0755 0.0298 0.9967
vn 0.0735 0.0302 0.9968
vn 0.0740 0.0306 0.9968
vn 0.0737 0.0307 0.9968
vn 0.0740 0.0311 0.9968
vn 0.0770 0.0302 0.9966
vn 0.0765 0.0307 0.9966
vn 0.0764 0.0313 0.9966
vn 0.0748 0.0288 0.9968
vn 0.0751 0.0297 0.9967
vn 0.0756 0.0295 0.9967
vn 0.0753 0.0296 0.9967
vn 0.0758 0.0292 0.9967
vn 0.0749 0.0291 0.9968
vn 0.0742 0.0313 0.9967
vn 0.0734 0.0309 0.9968
vn 0.0757 0.0297 0.9967
vn 0.0743 0.0297 0.9968
vn 0.0767 0.0268 0.9967
vn 0.0758 0.0271 0.9968
vn 0.0746 0.0303 0.9968
vn 0.0748 0.0299 0.9967
vn 0.0755 0.0299 0.9967
vn 0.0753 0.0294 0.9967
vn 0.0780 0.0297 0.9965
vn 0.0777 0.0288 0.9966
vn 0.0751 0.0292 0.9967
vn 0.0753 0.0280 0.9968
vn 0.0727 0.0276 0.9970
vn 0.0733 0.0274 0.9969
vn 0.0749 0.0292 0.9968
vn 0.0759 0.0289 0.9967
vn 0.0766 0.0319 0.9966
vn 0.0776 0.0313 0.9965
vn 0.0768 0.0286 0.9966
vn 0.0777 0.0286 0.9966
vn -0.0751 -0.0300 -0.9967
vn 0.0754 0.0294 0.9967
vn -0.9580 -0.2815 0.0541
vn -0.8213 -0.5680 0.0525
vn -0.6052 -0.7948 0.0457
vn -0.3325 -0.9425 0.0345
vn -0.0415 -0.9989 0.0207
vn 0.2578 -0.9662 0.0048
vn 0.5392 -0.8421 -0.0119
vn 0.7728 -0.6340 -0.0276
vn 0.9344 -0.3539 -0.0411
vn 0.9978 -0.0432 -0.0501
vn 0.9574 0.2836 -0.0542
vn 0.8153 0.5766 -0.0524
vn 0.6077 0.7928 -0.0458
vn 0.3427 0.9388 -0.0350
vn 0.0476 0.9986 -0.0210
vn -0.2517 0.9678 -0.0052
vn -0.5342 0.8453 0.0115
vn -0.7674 0.6406 0.0272
vn -0.9320 0.3602 0.0409
vn -0.9981 0.0350 0.0503
vn -0.9979 0.0392 0.0507
vn -0.9567 -0.2857 0.0549
vn -0.9325 0.3590 0.0409
vn -0.7741 0.6324 0.0277
vn -0.5380 0.8429 0.0116
vn -0.2567 0.9665 -0.0050
vn 0.0446 0.9988 -0.0210
vn 0.3344 0.9418 -0.0347
vn 0.6024 0.7969 -0.0454
vn 0.8219 0.5672 -0.0523
vn 0.9587 0.2794 -0.0542
vn 0.9978 -0.0431 -0.0507
vn 0.9327 -0.3582 -0.0415
vn 0.7706 -0.6368 -0.0275
vn 0.5327 -0.8462 -0.0113
vn 0.2515 -0.9678 0.0052
vn -0.0494 -0.9986 0.0211
vn -0.3438 -0.9384 0.0348
vn -0.6048 -0.7951 0.0453
vn -0.8169 -0.5743 0.0525
vn -0.0922 -0.0295 -0.9953
vn -0.0923 -0.0294 -0.9953
vn -0.0925 -0.0287 -0.9953
vn -0.0925 -0.0289 -0.9953
vn -0.0922 -0.0282 -0.9953
vn -0.0922 -0.0286 -0.9953
vn -0.0919 -0.0287 -0.9954
vn -0.0923 -0.0288 -0.9953
vn -0.0926 -0.0289 -0.9953
vn -0.0926 -0.0291 -0.9953
vn -0.0925 -0.0288 -0.9953
vn -0.0926 -0.0290 -0.9953
vn -0.0924 -0.0289 -0.9953
vn -0.0925 -0.0284 -0.9953
vn -0.0923 -0.0280 -0.9953
vn -0.0922 -0.0278 -0.9954
vn -0.0925 -0.0286 -0.9953
vn -0.0925 -0.0285 -0.9953
vn -0.0924 -0.0286 -0.9953
vn -0.0920 -0.0288 -0.9953
vn -0.0920 -0.0285 -0.9954
vn -0.0918 -0.0287 -0.9954
vn -0.0922 -0.0285 -0.9953
vn -0.0921 -0.0286 -0.9953
vn -0.0921 -0.0285 -0.9953
vn -0.0927 -0.0289 -0.9953
vn -0.0927 -0.0288 -0.9953
vn -0.0927 -0.0285 -0.9953
vn -0.0919 -0.0279 -0.9954
vn -0.0918 -0.0277 -0.9954
vn -0.0924 -0.0295 -0.9953
vn -0.0926 -0.0288 -0.9953
vn -0.0921 -0.0283 -0.9953
vn -0.0922 -0.0284 -0.9953
vn -0.9506 -0.3027 0.0693
vn -0.9504 -0.3033 0.0693
vn -0.8004 -0.5960 0.0643
vn -0.7994 -0.5973 0.0643
vn -0.5818 -0.8116 0.0535
vn -0.5792 -0.8134 0.0534
vn -0.3234 -0.9455 0.0386
vn -0.3196 -0.9468 0.0384
vn -0.0472 -0.9987 0.0211
vn -0.0423 -0.9989 0.0207
vn 0.2334 -0.9724 0.0018
vn 0.2389 -0.9710 0.0014
vn 0.5055 -0.8626 -0.0183
vn 0.5106 -0.8596 -0.0187
vn 0.7475 -0.6632 -0.0380
vn 0.7512 -0.6589 -0.0383
vn 0.9238 -0.3789 -0.0549
vn 0.9255 -0.3747 -0.0551
vn 0.9970 -0.0405 -0.0661
vn 0.9971 -0.0376 -0.0662
vn 0.9506 0.3027 -0.0693
vn 0.9503 0.3034 -0.0693
vn 0.7996 0.5971 -0.0643
vn 0.8005 0.5958 -0.0644
vn 0.5794 0.8133 -0.0534
vn 0.5819 0.8115 -0.0535
vn 0.3200 0.9466 -0.0384
vn 0.3239 0.9453 -0.0387
vn 0.0426 0.9989 -0.0208
vn 0.0475 0.9986 -0.0211
vn -0.2388 0.9711 -0.0015
vn -0.2335 0.9724 -0.0018
vn -0.5104 0.8598 0.0187
vn -0.5053 0.8628 0.0183
vn -0.7512 0.6590 0.0383
vn -0.7474 0.6633 0.0380
vn -0.8517 0.5218 0.0474
vn -0.8515 0.5222 0.0474
vn -0.9752 0.2128 0.0616
vn -0.9751 0.2128 0.0616
vn -0.9971 0.0382 0.0663
vn -0.9972 0.0353 0.0664
vn -0.8524 -0.4445 0.2753
vn -0.8457 -0.4425 0.2982
vn -0.8457 -0.4425 0.2984
vn -0.6531 -0.6858 0.3212
vn -0.6534 -0.6860 0.3200
vn -0.6533 -0.6860 0.3202
vn -0.4260 -0.8663 0.2608
vn -0.4245 -0.8659 0.2644
vn -0.4245 -0.8659 0.2646
vn -0.1495 -0.9507 0.2717
vn -0.1489 -0.9503 0.2735
vn -0.0174 -0.9630 0.2690
vn -0.0244 -0.9616 0.2735
vn 0.1081 -0.9595 0.2603
vn 0.1087 -0.9564 0.2709
vn 0.3856 -0.8995 0.2054
vn 0.3855 -0.8964 0.2185
vn 0.3855 -0.8965 0.2184
vn 0.6379 -0.7399 0.2134
vn 0.6354 -0.7372 0.2297
vn 0.6354 -0.7373 0.2294
vn 0.8457 -0.5085 0.1619
vn 0.8413 -0.5038 0.1961
vn 0.8414 -0.5037 0.1956
vn 0.9714 -0.1910 0.1413
vn 0.9589 -0.1843 0.2158
vn 0.9760 -0.0267 0.2160
vn 0.9870 -0.0321 0.1577
vn 0.9691 0.1277 0.2112
vn 0.9770 0.1284 0.1701
vn 0.8725 0.4465 0.1986
vn 0.8755 0.4497 0.1767
vn 0.8756 0.4498 0.1763
vn 0.6994 0.7051 0.1172
vn 0.6935 0.6938 0.1942
vn 0.6934 0.6937 0.1949
vn 0.4614 0.8651 0.1968
vn 0.4619 0.8681 0.1818
vn 0.4619 0.8682 0.1816
vn 0.1942 0.9547 0.2256
vn 0.1944 0.9552 0.2231
vn 0.0698 0.9706 0.2305
vn 0.0674 0.9716 0.2267
vn -0.0610 0.9702 0.2344
vn -0.0630 0.9725 0.2240
vn -0.3426 0.9086 0.2390
vn -0.3440 0.9097 0.2326
vn -0.5884 0.7534 0.2936
vn -0.5898 0.7548 0.2871
vn -0.5898 0.7548 0.2870
vn -0.8009 0.5203 0.2964
vn -0.8034 0.5209 0.2883
vn -0.9412 0.1040 0.3215
vn -0.9390 0.1096 0.3260
vn -0.9215 0.2029 0.3312
vn -0.9091 0.2026 0.3640
vn -0.9200 0.0440 0.3895
vn -0.9393 0.0456 0.3401
vn -0.9334 -0.1146 0.3401
vn -0.9082 -0.1103 0.4037
vn -0.0923 -0.0287 -0.9953
vn 0.2075 0.0333 0.9777
vn 0.0924 0.0287 0.9953
vn 0.0991 0.0447 0.9941
vn 0.1050 0.0332 0.9939
vn 0.0857 0.0361 0.9957
vn 0.0947 0.0923 0.9912
vn 0.0994 0.0338 0.9945
vn 0.0893 0.0216 0.9958
vn 0.0936 0.0382 0.9949
vn 0.1035 0.0201 0.9944
vn 0.0779 0.0293 0.9965
vn 0.1056 0.0389 0.9937
vn 0.1017 0.0273 0.9944
vn 0.0927 0.0382 0.9950
vn 0.0947 0.0048 0.9955
vn 0.0876 -0.0704 0.9937
vn 0.0874 0.0030 0.9962
vn 0.1090 0.0193 0.9939
vn 0.1015 0.0080 0.9948
vn 0.0749 0.0412 0.9963
vn 0.3724 0.0163 0.9279
vn 0.2257 0.0028 0.9742
vn -0.4986 -0.4580 -0.7360
vn -0.4945 -0.4541 -0.7411
vn -0.4951 -0.4546 -0.7404
vn 0.6184 -0.7858 -0.0079
vn 0.6447 -0.7642 -0.0193
vn 0.6703 -0.7421 -0.0027
vn 0.6630 -0.7486 -0.0026
vn 0.7036 0.6994 0.1259
vn 0.7036 0.6993 0.1263
vn -0.6000 0.7981 0.0554
vn -0.6090 0.7910 0.0586
vn -0.5976 0.7979 0.0792
vn -0.5957 0.8005 0.0662
vn -0.1867 -0.6379 -0.7472
vn -0.1875 -0.6506 -0.7359
vn -0.0992 -0.6553 -0.7489
vn -0.1024 -0.6432 -0.7588
vn 0.0564 0.9851 0.1627
vn 0.1929 0.9699 0.1488
vn -0.9804 0.1590 0.1163
vn -0.9674 0.2388 0.0842
vn -0.9726 0.2167 0.0846
vn -0.9775 0.1472 0.1509
vn -0.0106 -0.6544 -0.7561
vn -0.0118 -0.6438 -0.7651
vn 0.9515 0.3037 -0.0482
vn 0.9710 0.2391 0.0062
vn 0.9799 0.1981 -0.0249
vn 0.9598 0.2764 -0.0494
vn -0.0718 0.9823 0.1730
vn 0.3046 -0.4850 -0.8198
vn 0.3223 -0.5026 -0.8022
vn 0.3227 -0.5029 -0.8018
vn 0.5889 0.8043 -0.0796
vn 0.6994 0.7119 -0.0634
vn 0.6811 0.7317 -0.0280
vn 0.5623 0.8252 -0.0534
vn -0.5981 0.7658 0.2361
vn -0.5981 0.7657 0.2366
vn -0.6670 -0.7383 0.1000
vn -0.7079 -0.7005 0.0910
vn -0.7064 -0.7032 0.0808
vn -0.6843 -0.7198 0.1164
vn 0.4288 -0.1357 -0.8931
vn 0.5211 -0.1520 -0.8398
vn 0.5299 -0.0480 -0.8467
vn 0.4576 -0.0278 -0.8887
vn -0.9625 0.0481 0.2669
vn -0.9474 0.1883 0.2590
vn -0.2491 -0.9667 0.0587
vn -0.2061 -0.9763 0.0662
vn -0.2208 -0.9714 0.0873
vn -0.2863 -0.9547 0.0811
vn 0.5327 0.0569 -0.8444
vn 0.4753 0.0504 -0.8784
vn -0.1892 0.9819 -0.0062
vn -0.1169 0.9929 0.0221
vn -0.1145 0.9932 0.0214
vn -0.1951 0.9808 0.0019
vn -0.9589 -0.0914 0.2688
vn 0.3768 0.4407 -0.8147
vn 0.3634 0.4281 -0.8274
vn 0.3635 0.4282 -0.8274
vn 0.3769 0.4409 -0.8146
vn -0.6923 0.7191 0.0599
vn -0.6478 0.7599 0.0537
vn -0.6506 0.7565 0.0663
vn -0.6405 0.7650 0.0670
vn -0.6615 -0.7028 0.2620
vn -0.6615 -0.7028 0.2619
vn 0.6237 -0.7816 0.0103
vn 0.6159 -0.7878 0.0076
vn 0.6048 -0.7957 0.0326
vn 0.6784 -0.7335 0.0428
vn 0.0571 0.6467 -0.7606
vn 0.0465 0.6172 -0.7854
vn -0.0425 0.6216 -0.7822
vn -0.0300 0.6385 -0.7690
vn -0.0286 -0.9784 0.2047
vn -0.1397 -0.9674 0.2114
vn 0.9635 -0.2646 -0.0397
vn 0.9712 -0.2355 -0.0356
vn 0.9756 -0.2139 -0.0491
vn 0.9881 -0.1496 -0.0356
vn -0.1302 0.6218 -0.7723
vn -0.1328 0.6223 -0.7715
vn -0.9684 -0.2054 0.1416
vn -0.9706 -0.1925 0.1447
vn -0.9803 -0.1607 0.1145
vn -0.9845 -0.1307 0.1173
vn 0.0851 -0.9770 0.1953
vn -0.4737 0.4691 -0.7454
vn -0.4633 0.4529 -0.7617
vn -0.4631 0.4526 -0.7621
vn -0.7267 -0.6814 0.0879
vn -0.6907 -0.7190 0.0775
vn -0.6820 -0.7253 0.0934
vn -0.7219 -0.6843 0.1026
vn 0.6421 -0.7466 0.1743
vn 0.6421 -0.7466 0.1741
vn 0.7165 0.6965 -0.0390
vn 0.6802 0.7282 -0.0840
vn 0.7470 0.6613 -0.0684
vn 0.7930 0.6062 -0.0602
vn -0.6415 0.1506 -0.7522
vn -0.6427 0.1466 -0.7519
vn -0.6570 0.1014 -0.7471
vn -0.6553 0.1017 -0.7485
vn 0.9731 -0.1791 0.1449
vn 0.9759 -0.1651 0.1424
vn 0.8583 -0.5016 0.1078
vn 0.9049 -0.4072 0.1242
vn 0.2124 0.9772 0.0012
vn 0.2079 0.9781 0.0021
vn 0.2081 0.9781 0.0016
vn 0.2123 0.9772 0.0007
vn -0.6629 -0.0011 -0.7487
vn -0.6621 -0.0011 -0.7494
vn -0.6612 -0.0989 -0.7437
vn -0.6625 -0.1001 -0.7424
vn 0.1256 -0.9910 0.0460
vn 0.1301 -0.9902 0.0502
vn 0.1230 -0.9915 0.0424
vn 0.1213 -0.9917 0.0431
vn 0.9843 0.1153 0.1339
vn 0.9849 0.1059 0.1370
vn 0.9897 -0.0238 0.1410
vn 0.9896 -0.0266 0.1412
vn -0.3429 0.9114 0.2275
vn -0.3430 0.9114 0.2272
vn -0.9754 0.1320 0.1765
vn -0.9760 -0.0220 0.2167
vn -0.9867 -0.0334 0.1591
vn -0.9900 -0.0348 0.1368
vn 0.0680 0.9712 0.2282
vn 0.0658 0.9720 0.2257
vn -0.0117 0.9738 0.2272
vn -0.0102 0.9725 0.2328
vn 0.1426 0.9644 0.2225
vn 0.1442 0.9640 0.2233
vn 0.9574 -0.2792 0.0738
vn 0.9610 -0.2483 0.1214
vn 0.9742 0.2256 0.0006
vn 0.9864 0.1618 0.0271
vn 0.4648 0.8663 0.1830
vn 0.4646 0.8663 0.1833
vn -0.4350 0.8916 0.1259
vn -0.4784 0.8664 0.1433
vn -0.5220 0.8404 0.1462
vn -0.4015 0.9095 0.1079
vn 0.7064 0.6802 0.1954
vn 0.6918 0.6679 0.2745
vn 0.7058 0.6797 0.1999
vn 0.8237 -0.5662 0.0304
vn 0.8148 -0.5757 0.0679
vn 0.8641 -0.5013 0.0453
vn 0.6700 -0.7418 0.0289
vn 0.8698 0.4473 0.2083
vn 0.8700 0.4472 0.2079
vn 0.1297 0.9883 0.0804
vn 0.1777 0.9820 0.0643
vn -0.0113 0.9977 0.0672
vn 0.0968 0.9921 0.0801
vn 0.9737 -0.0283 0.2261
vn 0.9823 -0.0293 0.1850
vn 0.9817 0.0742 0.1752
vn 0.9696 0.0756 0.2326
vn 0.9670 -0.1313 0.2181
vn 0.9727 -0.1294 0.1925
vn 0.1254 -0.9866 0.1042
vn 0.0883 -0.9905 0.1050
vn 0.0665 -0.9914 0.1125
vn 0.0891 -0.9905 0.1047
vn 0.8386 -0.4988 0.2190
vn 0.8386 -0.4989 0.2188
vn 0.9307 0.3659 0.0014
vn 0.9442 0.3294 -0.0064
vn 0.6828 0.7298 0.0339
vn 0.9662 0.2574 0.0111
vn 0.6390 -0.7278 0.2490
vn 0.6379 -0.7232 0.2647
vn 0.6379 -0.7233 0.2646
vn 0.6390 -0.7283 0.2475
vn -0.5354 -0.8260 0.1764
vn -0.6407 -0.7381 0.2116
vn -0.3956 -0.9107 0.1188
vn -0.3484 -0.9285 0.1286
vn 0.3856 -0.8962 0.2192
vn 0.3857 -0.8961 0.2199
vn 0.9865 -0.1562 0.0488
vn 0.9683 -0.2492 0.0185
vn 0.9542 -0.2973 0.0319
vn 0.9906 -0.1170 0.0709
vn -0.0180 -0.9635 0.2670
vn -0.0295 -0.9687 0.2467
vn 0.0542 -0.9659 0.2533
vn 0.0549 -0.9641 0.2600
vn -0.0959 -0.9573 0.2727
vn -0.1000 -0.9659 0.2390
vn -0.9891 0.0313 0.1440
vn -0.9702 0.1005 0.2205
vn -0.9768 -0.1485 0.1541
vn -0.9907 -0.0004 0.1360
vn -0.4241 -0.8656 0.2662
vn -0.4240 -0.8655 0.2668
vn 0.4127 -0.9061 0.0933
vn 0.4286 -0.8991 0.0890
vn 0.4325 -0.8955 0.1046
vn 0.3841 -0.9189 0.0898
vn -0.6669 -0.6786 0.3079
vn -0.6508 -0.6727 0.3522
vn -0.6666 -0.6785 0.3086
vn -0.7941 0.5827 0.1730
vn -0.7878 0.5945 0.1614
vn -0.7589 0.6317 0.1582
vn -0.8187 0.5460 0.1777
vn -0.8389 -0.4387 0.3221
vn -0.8387 -0.4387 0.3226
vn -0.1097 -0.9850 0.1332
vn -0.1162 -0.9845 0.1316
vn -0.1156 -0.9846 0.1308
vn -0.1121 -0.9851 0.1306
vn -0.9430 0.0436 0.3299
vn -0.9677 0.0407 0.2489
vn -0.9688 -0.0635 0.2397
vn -0.9450 -0.0545 0.3226
vn -0.9335 0.1064 0.3425
vn -0.9564 -0.1701 0.2375
vn -0.9559 0.1456 0.2552
vn -0.9313 0.1425 0.3352
vn -0.0230 0.9956 0.0909
vn -0.0255 0.9959 0.0869
vn -0.0347 0.9956 0.0867
vn -0.0583 0.9948 0.0838
vn -0.7979 0.5193 0.3061
vn -0.8155 -0.5488 0.1839
vn -0.8725 -0.4320 0.2282
vn -0.8857 -0.4171 0.2040
vn -0.8451 -0.5040 0.1784
vn -0.5906 0.7557 0.2831
vn -0.5915 0.7513 0.2928
vn -0.5906 0.7556 0.2832
vn 0.5153 0.8558 0.0459
vn 0.6425 0.7612 0.0880
vn 0.4342 0.9001 0.0349
vn 0.4427 0.8954 0.0473
vn 0.7001 0.6989 0.1465
vn 0.7001 0.6989 0.1466
vn 0.4148 -0.9056 0.0885
vn 0.4180 -0.9042 0.0880
vn 0.6695 -0.7427 0.0121
vn 0.6614 -0.7500 0.0120
vn -0.5003 -0.4635 -0.7314
vn -0.5001 -0.4633 -0.7316
vn -0.6129 0.7876 0.0629
vn -0.5879 0.8035 0.0930
vn -0.7632 0.6260 0.1602
vn -0.7646 0.6241 0.1608
vn 0.0616 0.9849 0.1617
vn 0.1742 0.9728 0.1526
vn -0.0517 0.9843 0.1688
vn 0.9875 -0.1505 0.0472
vn 0.9389 -0.3441 0.0070
vn 0.9798 0.1995 0.0162
vn 0.9853 0.1697 -0.0216
vn -0.0978 -0.6578 -0.7468
vn -0.0116 -0.6599 -0.7513
vn -0.1855 -0.6499 -0.7371
vn -0.9692 0.2356 0.0720
vn -0.9861 0.1660 -0.0068
vn -0.9498 0.2044 0.2370
vn -0.9748 -0.1475 0.1674
vn -0.5992 0.7665 0.2313
vn -0.5993 0.7665 0.2310
vn 0.9396 0.3422 -0.0025
vn 0.9608 0.2769 0.0104
vn 0.7082 0.7033 -0.0626
vn 0.6844 0.7288 -0.0213
vn 0.3232 -0.5032 -0.8015
vn 0.3231 -0.5031 -0.8016
vn -0.7122 -0.6958 0.0923
vn -0.7078 -0.7020 0.0782
vn -0.5917 -0.7798 0.2046
vn -0.5477 -0.8171 0.1800
vn -0.9613 0.0496 0.2709
vn -0.9617 0.0456 0.2703
vn -0.9437 0.1433 0.2981
vn -0.9458 0.1853 0.2666
vn -0.9587 -0.0893 0.2701
vn -0.9695 -0.0540 0.2391
vn 0.2283 0.9713 0.0671
vn 0.2847 0.9568 0.0584
vn 0.1998 0.9777 0.0641
vn 0.1633 0.9841 0.0699
vn -0.1165 0.9929 0.0232
vn -0.1596 0.9869 0.0219
vn -0.1547 0.9878 0.0150
vn -0.1134 0.9933 0.0212
vn 0.5318 -0.0480 -0.8455
vn 0.5464 -0.0462 -0.8363
vn 0.5725 0.0598 -0.8178
vn 0.5349 0.0571 -0.8430
vn 0.5225 -0.1518 -0.8390
vn 0.5152 -0.1469 -0.8444
vn -0.2032 -0.9771 0.0639
vn -0.2013 -0.9774 0.0649
vn -0.2199 -0.9703 0.1005
vn -0.2192 -0.9717 0.0885
vn 0.0838 -0.9908 0.1067
vn 0.0507 -0.9917 0.1178
vn 0.0448 -0.9921 0.1173
vn 0.0812 -0.9911 0.1059
vn -0.4666 0.8741 0.1350
vn -0.4610 0.8764 0.1390
vn -0.6434 0.7635 0.0550
vn -0.6505 0.7564 0.0688
vn 0.3634 0.4277 -0.8276
vn 0.6182 -0.7860 0.0036
vn 0.6017 -0.7981 0.0315
vn 0.8371 -0.5425 0.0704
vn 0.8293 -0.5554 0.0618
vn -0.6623 -0.7029 0.2595
vn -0.6623 -0.7029 0.2596
vn -0.9755 0.0527 0.2134
vn -0.9706 0.0983 0.2198
vn -0.9707 -0.1918 0.1448
vn -0.9802 -0.1665 0.1075
vn -0.0431 0.6194 -0.7839
vn -0.1299 0.6207 -0.7732
vn 0.0452 0.6133 -0.7885
vn 0.9731 -0.2283 -0.0314
vn 0.9729 -0.2255 -0.0515
vn 0.9711 -0.2011 0.1289
vn 0.9892 -0.1114 0.0949
vn -0.0256 -0.9785 0.2045
vn -0.1362 -0.9680 0.2108
vn 0.0817 -0.9772 0.1961
vn -0.6847 -0.7248 0.0762
vn -0.6748 -0.7320 0.0945
vn -0.4637 0.4530 -0.7615
vn -0.4639 0.4532 -0.7612
vn 0.7113 0.7023 -0.0286
vn 0.6738 0.7338 -0.0868
vn 0.5920 0.7986 0.1085
vn 0.5646 0.8222 0.0719
vn 0.6424 -0.7456 0.1771
vn 0.6424 -0.7456 0.1770
vn -0.8200 -0.5437 0.1791
vn -0.8154 -0.5494 0.1823
vn 0.2159 0.9764 0.0013
vn 0.2182 0.9759 0.0001
vn -0.6416 0.1450 -0.7532
vn -0.6479 0.1015 -0.7549
vn -0.6554 -0.0005 -0.7553
vn -0.6560 -0.1013 -0.7480
vn 0.1193 -0.9921 0.0394
vn 0.1182 -0.9921 0.0422
vn -0.1656 -0.9785 0.1231
vn -0.1191 -0.9844 0.1293
vn 0.0179 0.9954 0.0936
vn -0.0771 0.9939 0.0786
vn 0.0625 0.9847 0.1625
vn 0.1671 0.9738 0.1544
vn -0.0444 0.9847 0.1686
vn 0.9550 -0.2960 0.0205
vn 0.9408 -0.3387 0.0144
vn 0.9809 0.1943 0.0065
vn 0.9851 0.1696 -0.0270
vn -0.1012 -0.6569 -0.7472
vn -0.0122 -0.6596 -0.7515
vn -0.1850 -0.6497 -0.7374
vn -0.9671 0.2368 0.0928
vn -0.9916 0.1254 -0.0330
vn -0.9633 0.1369 0.2311
vn -0.9695 0.1043 0.2219
vn 0.7001 0.6992 0.1447
vn 0.6865 0.7137 -0.1393
vn 0.7001 0.6993 0.1446
vn 0.2528 -0.9568 0.1438
vn 0.2266 -0.9637 0.1411
vn 0.3912 -0.9152 0.0965
vn 0.4129 -0.9063 0.0903
vn 0.6638 -0.7477 0.0170
vn 0.4516 -0.8875 0.0916
vn 0.5986 -0.8004 0.0334
vn 0.6604 -0.7508 0.0110
vn -0.4969 -0.4618 -0.7347
vn -0.2723 -0.2169 -0.9374
vn -0.4987 -0.4631 -0.7327
vn -0.6140 0.7871 0.0582
vn -0.3986 0.9168 -0.0252
vn -0.3486 0.9366 -0.0337
vn -0.5852 0.8056 0.0922
vn -0.7822 0.6002 0.1670
vn -0.5713 -0.7723 0.2780
vn -0.4164 -0.8726 0.2552
vn -0.7696 0.6168 0.1652
vn -0.6766 0.7328 0.0719
vn -0.7128 0.6963 0.0839
vn -0.8589 -0.4483 0.2477
vn -0.8590 -0.4481 0.2477
vn 0.0032 -0.9976 0.0697
vn -0.0060 -0.9977 0.0670
vn 0.0094 -0.9975 0.0697
vn -0.9617 0.0411 0.2712
vn -0.9571 -0.1021 0.2711
vn -0.9333 0.2443 0.2630
vn -0.9453 0.1899 0.2651
vn 0.0812 0.9962 0.0326
vn 0.0954 0.9951 0.0269
vn 0.0854 0.9960 0.0247
vn -0.8187 0.5270 0.2281
vn -0.7703 -0.6267 0.1179
vn -0.8211 -0.5557 0.1303
vn -0.7357 -0.6688 0.1069
vn -0.6032 0.7663 0.2211
vn -0.6032 0.7663 0.2212
vn 0.6324 0.7746 -0.0053
vn 0.6185 0.7857 -0.0017
vn 0.6704 0.7416 -0.0219
vn -0.3528 0.9184 0.1791
vn -0.9924 -0.0092 0.1230
vn -0.9928 -0.0371 0.1135
vn -0.9922 -0.0233 0.1224
vn 0.0597 0.9846 0.1646
vn -0.0565 0.9836 0.1713
vn 0.1790 0.9715 0.1553
vn 0.9992 -0.0401 -0.0000
vn 0.9956 -0.0929 -0.0080
vn 0.9989 -0.0470 -0.0068
vn 0.4660 0.8760 0.1243
vn 0.4660 0.8760 0.1244
vn -0.5414 0.8375 0.0734
vn -0.4838 0.8719 0.0752
vn -0.5251 0.8475 0.0776
vn 0.7010 0.7005 0.1336
vn 0.7307 -0.6823 0.0217
vn 0.7237 -0.6898 0.0200
vn 0.5950 -0.8037 -0.0059
vn 0.8815 0.4581 0.1145
vn 0.0132 0.9994 0.0320
vn -0.0327 0.9992 0.0234
vn 0.0037 0.9993 0.0376
vn 0.0122 0.9993 0.0347
vn 0.9894 -0.0339 0.1412
vn 0.9839 0.1159 0.1363
vn 0.9731 -0.1805 0.1429
vn -0.1191 -0.9903 0.0721
vn -0.0883 -0.9933 0.0747
vn -0.0832 -0.9937 0.0749
vn -0.1750 -0.9828 0.0587
vn 0.8462 -0.5152 0.1357
vn 0.8462 -0.5152 0.1356
vn 0.7728 0.6346 -0.0083
vn 0.7457 0.6660 -0.0201
vn 0.7590 0.6509 -0.0121
vn 0.6389 -0.7512 0.1656
vn -0.6113 -0.7840 0.1078
vn -0.6112 -0.7842 0.1074
vn -0.4522 -0.8831 0.1250
vn 0.3848 -0.9084 0.1636
vn 0.3848 -0.9084 0.1635
vn 0.9998 0.0158 -0.0136
vn 0.9996 0.0226 -0.0168
vn 0.9998 0.0154 -0.0087
vn 1.0000 -0.0086 -0.0021
vn -0.0291 -0.9780 0.2065
vn 0.0912 -0.9761 0.1973
vn -0.1444 -0.9664 0.2125
vn -0.9854 0.1245 0.1158
vn -0.9883 0.0916 0.1219
vn -0.9901 0.0731 0.1201
vn -0.9814 0.1635 0.1007
vn -0.4310 -0.8761 0.2162
vn -0.4309 -0.8761 0.2162
vn 0.5350 -0.8442 0.0315
vn 0.5688 -0.8222 0.0213
vn 0.5519 -0.8333 0.0324
vn 0.5060 -0.8608 0.0553
vn 0.5479 -0.8358 0.0341
vn -0.6719 -0.6968 0.2510
vn -0.9256 -0.2763 0.2587
vn -0.7244 0.6827 0.0959
vn -0.7140 0.6942 0.0906
vn 0.9871 -0.1439 0.0700
vn 0.9587 -0.2652 0.1027
vn 0.9848 0.0830 0.1528
vn 0.9932 -0.0255 0.1136
vn -0.1290 -0.9825 0.1343
vn -0.1317 -0.9827 0.1300
vn 0.0204 -0.9974 0.0691
vn 0.1394 -0.9883 0.0624
vn 0.1289 -0.9909 0.0395
vn -0.6325 -0.0015 -0.7745
vn -0.6196 -0.0916 -0.7796
vn -0.6571 0.0702 -0.7505
vn -0.6405 0.0949 -0.7620
vn 0.1564 0.9874 0.0227
vn 0.2130 0.9770 0.0101
vn -0.0123 0.9970 0.0762
vn 0.0614 0.9973 0.0415
vn -0.0240 0.9967 0.0772
vn 0.0645 0.9814 0.1807
vn 0.1397 0.9742 0.1772
vn -0.0163 0.9829 0.1835
vn 0.9562 -0.2885 0.0493
vn 0.9519 -0.3031 0.0456
vn 0.9968 -0.0783 0.0157
vn 0.9927 0.1086 -0.0527
vn 0.9876 0.1555 -0.0220
vn -0.0970 -0.6532 -0.7509
vn -0.0177 -0.6389 -0.7691
vn -0.1847 -0.6641 -0.7245
vn -0.9827 0.1451 0.1149
vn -0.9884 0.1461 0.0406
vn -0.9692 -0.1495 0.1956
vn -0.9677 0.2325 0.0978
vn -0.9671 -0.1680 0.1908
vn -0.6181 0.7729 0.1433
vn 0.9832 0.1611 0.0854
vn 0.9947 0.0206 0.1005
vn 0.6726 0.7395 -0.0265
vn 0.6944 0.7155 -0.0766
vn 0.6302 0.7751 -0.0448
vn 0.3069 -0.4852 -0.8188
vn -0.7446 -0.6623 0.0838
vn -0.7006 -0.7082 0.0872
vn -0.3662 -0.9147 0.1710
vn -0.6262 -0.7717 0.1114
vn -0.3899 -0.9057 0.1666
vn -0.4387 0.8938 0.0929
vn -0.3923 0.9127 0.1142
vn -0.5540 0.8278 0.0879
vn -0.5583 0.8249 0.0882
vn 0.4056 0.4656 -0.7866
vn 0.6115 -0.7912 0.0061
vn 0.6312 -0.7756 0.0020
vn 0.9509 -0.2930 0.0999
vn 0.7435 -0.6682 0.0285
vn 0.9605 -0.2528 0.1166
vn -0.6736 -0.7138 0.1916
vn -0.4121 0.9059 0.0976
vn -0.0283 -0.9800 0.1971
vn -0.1090 -0.9738 0.1997
vn 0.0522 -0.9798 0.1932
vn -0.7862 0.5760 0.2238
vn -0.7992 0.5682 0.1960
vn -0.9887 -0.0943 0.1163
vn -0.9552 -0.2675 0.1266
vn -0.9303 -0.3639 0.0461
vn -0.0383 0.5885 -0.8076
vn -0.1274 0.5907 -0.7968
vn 0.0350 0.5835 -0.8114
vn 0.9787 -0.2053 -0.0098
vn 0.9608 -0.2760 -0.0266
vn 0.9735 0.1747 0.1475
vn 0.9800 0.1947 0.0418
vn 0.9803 0.1102 0.1639
vn 0.6430 -0.7411 0.1932
vn 0.6430 -0.7412 0.1928
vn -0.8122 -0.5572 0.1729
vn -0.8184 -0.5450 0.1821
vn -0.6121 -0.7878 0.0687
vn -0.6827 -0.7200 0.1242
vn -0.6385 -0.7657 0.0777
vn -0.4970 0.5006 -0.7088
vn 0.7457 0.6650 -0.0410
vn 0.7946 0.5984 -0.1032
vn 0.4287 0.8940 0.1306
vn 0.6963 0.7174 -0.0214
vn 0.4500 0.8801 0.1515
vn 0.0640 0.9839 0.1668
vn -0.0567 0.9832 0.1736
vn 0.1797 0.9710 0.1580
vn 0.9956 -0.0936 -0.0075
vn 0.9821 0.1840 0.0397
vn 0.9954 -0.0954 -0.0086
vn 0.9980 -0.0620 -0.0087
vn 0.4659 0.8758 0.1263
vn 0.4659 0.8758 0.1260
vn -0.5447 0.8353 0.0738
vn -0.4904 0.8682 0.0756
vn -0.5424 0.8368 0.0738
vn -0.4428 0.8919 0.0921
vn 0.7007 0.7002 0.1369
vn 0.7007 0.7003 0.1366
vn 0.7230 -0.6906 0.0201
vn 0.7393 -0.6728 0.0279
vn 0.7116 -0.7023 0.0177
vn 0.5957 -0.8032 -0.0055
vn 0.8813 0.4579 0.1166
vn 0.8813 0.4580 0.1164
vn 0.0052 0.9994 0.0333
vn -0.0393 0.9990 0.0215
vn 0.0098 0.9994 0.0328
vn -0.0020 0.9993 0.0361
vn 0.9890 -0.0312 0.1444
vn 0.9834 0.1164 0.1393
vn 0.9726 -0.1806 0.1461
vn -0.0861 -0.9935 0.0739
vn -0.1234 -0.9897 0.0731
vn -0.0911 -0.9931 0.0733
vn -0.1783 -0.9823 0.0580
vn 0.8462 -0.5147 0.1380
vn 0.8462 -0.5146 0.1383
vn 0.7663 0.6424 -0.0096
vn 0.7351 0.6776 -0.0216
vn 0.7693 0.6388 -0.0092
vn 0.6678 0.7438 -0.0291
vn 0.6388 -0.7508 0.1681
vn 0.6388 -0.7507 0.1685
vn -0.6153 -0.7810 0.1070
vn -0.6354 -0.7645 0.1089
vn -0.6057 -0.7883 0.1083
vn -0.4617 -0.8783 0.1240
vn 0.3847 -0.9082 0.1650
vn 0.3848 -0.9081 0.1652
vn 0.9995 0.0259 -0.0159
vn 0.9992 0.0360 -0.0187
vn 0.9997 0.0231 -0.0113
vn 0.9998 0.0164 -0.0083
vn 0.9976 -0.0686 0.0130
vn -0.0251 -0.9777 0.2086
vn 0.0919 -0.9755 0.1997
vn -0.1447 -0.9659 0.2148
vn -0.9877 0.0992 0.1210
vn -0.9666 0.2381 0.0951
vn -0.9883 0.0934 0.1205
vn -0.9872 0.1137 0.1118
vn -0.9814 0.1634 0.1010
vn -0.4308 -0.8757 0.2179
vn -0.4311 -0.8756 0.2179
vn 0.5603 -0.8279 0.0245
vn 0.5761 -0.8171 0.0199
vn 0.5559 -0.8307 0.0312
vn 0.5544 -0.8316 0.0318
vn 0.5162 -0.8550 0.0507
vn -0.6711 -0.6965 0.2540
vn -0.6711 -0.6965 0.2539
vn -0.7137 0.6946 0.0906
vn -0.9528 -0.1734 0.2493
vn -0.7050 0.7038 0.0868
vn -0.6966 0.7131 0.0786
vn -0.7066 0.7028 0.0823
vn -0.8585 -0.4480 0.2496
vn 0.0044 -0.9977 0.0673
vn 0.0009 -0.9979 0.0655
vn 0.0075 -0.9976 0.0689
vn 0.0253 -0.9974 0.0673
vn -0.9610 0.0433 0.2732
vn -0.9565 -0.1028 0.2730
vn -0.9444 0.1909 0.2676
vn -0.9337 0.2394 0.2663
vn 0.0969 0.9949 0.0273
vn 0.0637 0.9972 0.0397
vn 0.0966 0.9950 0.0251
vn 0.0928 0.9954 0.0235
vn -0.8181 0.5269 0.2303
vn -0.8181 0.5269 0.2302
vn -0.7727 -0.6236 0.1183
vn -0.8156 -0.5642 0.1287
vn -0.7639 -0.6349 0.1157
vn -0.6086 -0.7906 0.0678
vn -0.6028 0.7659 0.2236
vn 0.7074 0.7064 -0.0246
vn 0.6221 0.7829 -0.0023
vn 0.6311 0.7757 -0.0053
vn 0.6795 0.7333 -0.0240
vn -0.3525 0.9181 0.1810
vn -0.3525 0.9182 0.1810
vn -0.9925 -0.0208 0.1207
vn -0.9927 -0.0413 0.1132
vn -0.9924 -0.0134 0.1224
vn -0.9869 -0.1187 0.1095
vn -0.0699 -0.9881 -0.1371
vn 0.5875 -0.7854 0.1949
vn 0.5744 -0.7898 0.2153
vn -0.0432 -0.9879 -0.1490
vn 0.9093 -0.0771 0.4089
vn 0.8712 -0.0991 0.4808
vn 0.6416 0.6753 0.3638
vn 0.6200 0.6509 0.4380
vn 0.0053 0.9951 0.0984
vn 0.0136 0.9930 0.1173
vn -0.6284 0.7383 -0.2450
vn -0.5923 0.7571 -0.2755
vn -0.8904 0.0559 -0.4518
vn -0.8619 0.1125 -0.4945
vn -0.6578 -0.6382 -0.4000
vn -0.6437 -0.6261 -0.4401
vn 0.5668 -0.7918 0.2276
vn -0.0381 -0.9833 -0.1782
vn 0.8515 -0.1371 0.5061
vn 0.6403 0.5893 0.4927
vn 0.0444 0.9840 0.1725
vn -0.5674 0.7748 -0.2787
vn -0.8221 0.2082 -0.5300
vn -0.6509 -0.5619 -0.5105
vn 0.6546 -0.7450 0.1279
vn 0.0080 -0.9851 -0.1718
vn 0.9354 -0.1307 0.3285
vn 0.7494 0.5533 0.3636
vn 0.0932 0.9784 0.1845
vn -0.6371 0.7582 -0.1391
vn -0.9059 0.2256 -0.3583
vn -0.7157 -0.5571 -0.4213
vn 0.7468 -0.6592 -0.0887
vn 0.0005 -0.9812 -0.1931
vn 0.9951 -0.0955 0.0262
vn 0.8476 0.5181 0.1147
vn 0.1197 0.9811 0.1520
vn -0.7328 0.6733 0.0984
vn -0.9873 0.1583 0.0120
vn -0.8352 -0.5351 -0.1268
vn 0.7416 -0.6132 -0.2720
vn -0.0396 -0.9774 -0.2075
vn 0.9764 -0.0835 -0.1991
vn 0.8662 0.4924 -0.0848
vn 0.1188 0.9847 0.1277
vn -0.6925 0.6331 0.3459
vn -0.9129 0.1386 0.3838
vn -0.8431 -0.5011 0.1953
vn 0.6764 -0.6188 -0.3996
vn -0.0751 -0.9886 -0.1306
vn 0.9215 -0.0896 -0.3779
vn 0.8427 0.4732 -0.2568
vn 0.1451 0.9812 0.1276
vn -0.6294 0.6408 0.4396
vn -0.8843 0.1325 0.4477
vn -0.7951 -0.5300 0.2948
vn 0.6547 -0.6266 -0.4228
vn -0.0579 -0.9849 -0.1633
vn 0.8935 -0.0679 -0.4439
vn 0.8084 0.5029 -0.3058
vn 0.1276 0.9853 0.1136
vn -0.6400 0.6415 0.4230
vn -0.8865 0.1066 0.4504
vn -0.7801 -0.5680 0.2625
vn 0.6313 -0.5893 -0.5041
vn -0.0393 -0.9853 -0.1662
vn 0.8543 -0.0364 -0.5185
vn 0.7631 0.5360 -0.3611
vn 0.1313 0.9865 0.0977
vn -0.5890 0.6114 0.5285
vn -0.7993 0.0674 0.5971
vn -0.7033 -0.5934 0.3914
vn 0.5352 -0.5978 -0.5968
vn -0.0401 -0.9869 -0.1560
vn 0.7547 -0.0118 -0.6560
vn 0.6581 0.5956 -0.4606
vn 0.1100 0.9895 0.0941
vn -0.4902 0.6149 0.6177
vn -0.6862 0.0397 0.7263
vn -0.5979 -0.6340 0.4905
vn 0.4533 -0.6334 -0.6272
vn -0.0452 -0.9914 -0.1226
vn 0.6714 0.0204 -0.7408
vn 0.5532 0.6668 -0.4994
vn 0.0910 0.9910 0.0979
vn -0.3779 0.6463 0.6629
vn -0.5635 0.0007 0.8261
vn -0.4730 -0.7139 0.5162
vn 0.3052 -0.6340 -0.7105
vn -0.0493 -0.9845 -0.1682
vn 0.5200 0.0256 -0.8538
vn 0.4478 0.6973 -0.5597
vn 0.0921 0.9915 0.0920
vn -0.2496 0.7069 0.6618
vn -0.4236 -0.0014 0.9058
vn -0.3324 -0.7865 0.5204
vn 0.1750 -0.6988 -0.6936
vn -0.0848 -0.9910 -0.1035
vn 0.3689 0.0160 -0.9293
vn 0.3285 0.7322 -0.5966
vn 0.1043 0.9916 0.0767
vn -0.1092 0.7350 0.6692
vn -0.2971 -0.0266 0.9545
vn -0.2861 -0.7781 0.5592
vn 0.1656 -0.6679 -0.7256
vn -0.0841 -0.9834 -0.1607
vn 0.3232 0.1059 -0.9404
vn 0.2488 0.8120 -0.5280
vn 0.1013 0.9832 0.1521
vn -0.0945 0.6545 0.7501
vn -0.3077 -0.1481 0.9399
vn -0.3032 -0.8047 0.5104
vn 0.0522 -0.6052 -0.7944
vn -0.1032 -0.9748 -0.1977
vn 0.1835 0.2075 -0.9609
vn 0.2030 0.8232 -0.5303
vn 0.1043 0.9886 0.1088
vn -0.1159 0.6392 0.7602
vn -0.2858 -0.2373 0.9284
vn -0.2389 -0.8373 0.4917
vn -0.0466 -0.5643 -0.8242
vn -0.1261 -0.9713 -0.2015
vn 0.0646 0.2214 -0.9730
vn 0.1329 0.8207 -0.5557
vn 0.1244 0.9856 0.1141
vn 0.0278 0.6080 0.7935
vn -0.0867 -0.2361 0.9678
vn -0.1371 -0.8515 0.5061
vn -0.1591 -0.5496 -0.8201
vn -0.1498 -0.9680 -0.2012
vn -0.0703 0.2376 -0.9688
vn 0.0565 0.8331 -0.5502
vn 0.1466 0.9804 0.1319
vn 0.1579 0.5786 0.8002
vn 0.0692 -0.2446 0.9672
vn -0.0605 -0.8638 0.5002
vn -0.2500 -0.5434 -0.8014
vn -0.1633 -0.9668 -0.1967
vn -0.1861 0.2513 -0.9499
vn -0.0109 0.8482 -0.5295
vn 0.1566 0.9768 0.1461
vn 0.2469 0.5605 0.7905
vn 0.1844 -0.2600 0.9478
vn 0.0056 -0.8724 0.4887
vn -0.3063 -0.5386 -0.7849
vn -0.1615 -0.9674 -0.1950
vn -0.2651 0.2710 -0.9254
vn -0.0643 0.8650 -0.4976
vn 0.1534 0.9738 0.1678
vn 0.2988 0.5455 0.7830
vn 0.2638 -0.2691 0.9263
vn 0.0617 -0.8780 0.4746
vn -0.3277 -0.5349 -0.7788
vn -0.1500 -0.9673 -0.2043
vn -0.3114 0.2791 -0.9084
vn -0.1026 0.8755 -0.4723
vn 0.1439 0.9719 0.1864
vn 0.3234 0.5360 0.7798
vn 0.3097 -0.2763 0.9098
vn 0.1001 -0.8833 0.4580
vn -0.3408 -0.5318 -0.7753
vn -0.1394 -0.9669 -0.2136
vn -0.3435 0.2837 -0.8953
vn -0.1311 0.8809 -0.4549
vn 0.1349 0.9710 0.1973
vn 0.3395 0.5315 0.7760
vn 0.3413 -0.2828 0.8964
vn 0.1276 -0.8873 0.4432
vn -0.2733 -0.5279 -0.8042
vn -0.0690 -0.9718 -0.2256
vn -0.3228 0.3073 -0.8952
vn -0.1590 0.8829 -0.4418
vn 0.1000 0.9793 0.1760
vn 0.3438 0.5276 0.7768
vn 0.3525 -0.3235 0.8781
vn 0.1630 -0.8878 0.4304
vn -0.2910 -0.5257 -0.7993
vn -0.0742 -0.9653 -0.2503
vn -0.3407 0.2773 -0.8984
vn -0.1789 0.8790 -0.4419
vn 0.0577 0.9741 0.2187
vn 0.2938 0.5244 0.7992
vn 0.3282 -0.3030 0.8947
vn 0.1755 -0.8921 0.4163
vn -0.3775 -0.5224 -0.7646
vn -0.1196 -0.9717 -0.2036
vn -0.3964 0.3141 -0.8627
vn -0.1790 0.8916 -0.4160
vn 0.0712 0.9745 0.2130
vn 0.2939 0.5212 0.8012
vn 0.3512 -0.3189 0.8803
vn 0.1742 -0.8858 0.4301
vn -0.3970 -0.5166 -0.7586
vn -0.1417 -0.9649 -0.2213
vn -0.4194 0.2950 -0.8586
vn -0.1784 0.8903 -0.4191
vn 0.1376 0.9668 0.2153
vn 0.3902 0.5175 0.7615
vn 0.4133 -0.2998 0.8598
vn 0.1758 -0.8936 0.4130
vn -0.4081 -0.5130 -0.7552
vn -0.1624 -0.9550 -0.2480
vn -0.4344 0.2611 -0.8620
vn -0.1998 0.8695 -0.4517
vn 0.1301 0.9735 0.1882
vn 0.4010 0.5149 0.7577
vn 0.4159 -0.3354 0.8453
vn 0.1580 -0.9134 0.3751
vn -0.0812 0.1775 0.9808
vn -0.1235 0.2865 0.9501
vn 0.7086 0.5833 0.3971
vn 0.8276 0.3006 0.4741
vn -0.1937 0.3721 0.9078
vn 0.5202 0.8027 0.2915
vn -0.2838 0.4276 0.8583
vn 0.2834 0.9441 0.1685
vn -0.3853 0.4479 0.8068
vn 0.0192 0.9991 0.0389
vn -0.4893 0.4318 0.7577
vn -0.2523 0.9637 -0.0874
vn -0.5862 0.3807 0.7152
vn -0.5089 0.8372 -0.2004
vn -0.6663 0.2982 0.6834
vn -0.7253 0.6253 -0.2880
vn -0.7218 0.1922 0.6649
vn -0.8745 0.3456 -0.3402
vn -0.7459 0.0729 0.6620
vn -0.9368 0.0278 -0.3487
vn -0.7359 -0.0472 0.6754
vn -0.9045 -0.2897 -0.3129
vn -0.6935 -0.1558 0.7034
vn -0.7852 -0.5714 -0.2385
vn -0.6239 -0.2418 0.7432
vn -0.5969 -0.7908 -0.1352
vn -0.5345 -0.2980 0.7909
vn -0.3606 -0.9326 -0.0138
vn -0.4333 -0.3199 0.8426
vn -0.0967 -0.9885 0.1158
vn -0.3293 -0.3049 0.8936
vn 0.1742 -0.9542 0.2434
vn -0.2323 -0.2545 0.9388
vn 0.4303 -0.8285 0.3583
vn -0.1517 -0.1721 0.9733
vn 0.6466 -0.6171 0.4485
vn -0.0960 -0.0647 0.9933
vn 0.7964 -0.3370 0.5021
vn -0.0713 0.0560 0.9959
vn 0.8594 -0.0185 0.5110
vn 0.8701 0.2946 0.3951
vn 0.7507 0.5783 0.3194
vn 0.7056 0.5839 0.4015
vn 0.8248 0.3016 0.4784
vn 0.5612 0.7995 0.2144
vn 0.5176 0.8028 0.2960
vn 0.3234 0.9418 0.0916
vn 0.2811 0.9439 0.1731
vn 0.0575 0.9976 -0.0388
vn 0.0168 0.9989 0.0434
vn -0.2156 0.9621 -0.1667
vn -0.2546 0.9635 -0.0829
vn -0.4729 0.8351 -0.2810
vn -0.5106 0.8374 -0.1954
vn -0.6898 0.6223 -0.3702
vn -0.7265 0.6262 -0.2830
vn -0.8396 0.3410 -0.4229
vn -0.8763 0.3462 -0.3350
vn -0.9019 0.0220 -0.4314
vn -0.9386 0.0290 -0.3437
vn -0.8695 -0.2971 -0.3947
vn -0.9064 -0.2891 -0.3080
vn -0.7496 -0.5801 -0.3187
vn -0.7872 -0.5706 -0.2337
vn -0.5606 -0.8000 -0.2140
vn -0.5991 -0.7899 -0.1306
vn -0.3236 -0.9417 -0.0917
vn -0.3624 -0.9320 -0.0090
vn -0.0585 -0.9975 0.0384
vn -0.0988 -0.9878 0.1204
vn 0.2140 -0.9627 0.1659
vn 0.1720 -0.9534 0.2479
vn 0.4710 -0.8365 0.2800
vn 0.4280 -0.8277 0.3629
vn 0.6879 -0.6248 0.3694
vn 0.6438 -0.6166 0.4531
vn 0.8384 -0.3443 0.4226
vn 0.7938 -0.3362 0.5068
vn 0.9018 -0.0248 0.4315
vn 0.8567 -0.0174 0.5156
vn 0.9619 0.2584 0.0896
vn 0.8519 0.5232 0.0226
vn 0.8498 0.5267 0.0210
vn 0.9609 0.2623 0.0883
vn 0.6722 0.7367 -0.0738
vn 0.6700 0.7385 -0.0755
vn 0.4448 0.8755 -0.1889
vn 0.4438 0.8758 -0.1897
vn 0.1922 0.9300 -0.3134
vn 0.1931 0.9300 -0.3128
vn -0.0684 0.8963 -0.4381
vn -0.0654 0.8973 -0.4365
vn -0.3126 0.7743 -0.5502
vn -0.3092 0.7767 -0.5488
vn -0.5176 0.5700 -0.6381
vn -0.5146 0.5740 -0.6370
vn -0.6584 0.3010 -0.6898
vn -0.6571 0.3051 -0.6893
vn -0.7167 -0.0028 -0.6974
vn -0.7171 -0.0008 -0.6969
vn -0.6861 -0.3052 -0.6604
vn -0.6868 -0.3054 -0.6596
vn -0.5751 -0.5716 -0.5852
vn -0.5748 -0.5728 -0.5844
vn -0.3968 -0.7811 -0.4820
vn -0.3960 -0.7819 -0.4815
vn -0.1719 -0.9158 -0.3629
vn -0.1707 -0.9164 -0.3621
vn 0.0804 -0.9678 -0.2386
vn 0.0808 -0.9678 -0.2384
vn 0.3402 -0.9327 -0.1192
vn 0.3395 -0.9330 -0.1193
vn 0.5847 -0.8111 -0.0145
vn 0.5839 -0.8117 -0.0142
vn 0.7883 -0.6117 0.0657
vn 0.7881 -0.6119 0.0660
vn 0.9306 -0.3476 0.1142
vn 0.9310 -0.3467 0.1140
vn 0.9915 -0.0440 0.1228
vn 0.9917 -0.0407 0.1217
vn -0.4432 0.0703 0.8937
vn 0.5006 -0.0457 -0.8645
vn 0.4958 -0.0265 -0.8681
vn 0.4432 -0.0713 -0.8936
vn 0.4868 -0.0179 -0.8733
vn 0.4634 -0.0045 -0.8861
vn 0.4519 -0.0023 -0.8921
vn 0.4299 -0.0083 -0.9028
vn 0.4108 -0.0139 -0.9116
vn 0.3976 -0.0262 -0.9172
vn 0.3842 -0.0460 -0.9221
vn 0.3804 -0.0677 -0.9223
vn 0.3792 -0.0904 -0.9209
vn 0.3955 -0.1081 -0.9121
vn 0.4042 -0.1262 -0.9059
vn 0.4191 -0.1303 -0.8986
vn 0.4412 -0.1356 -0.8871
vn 0.4556 -0.1326 -0.8802
vn 0.4702 -0.1224 -0.8741
vn 0.4832 -0.1168 -0.8677
vn 0.4943 -0.0970 -0.8638
vn 0.5051 -0.0691 -0.8603
vn 0.7845 -0.3309 0.5245
vn 0.6358 -0.6113 0.4712
vn 0.4205 -0.8232 0.3814
vn 0.1646 -0.9498 0.2662
vn -0.1065 -0.9847 0.1380
vn -0.3707 -0.9287 0.0085
vn -0.6080 -0.7858 -0.1133
vn -0.7957 -0.5658 -0.2159
vn -0.9140 -0.2843 -0.2896
vn -0.9452 0.0330 -0.3247
vn -0.8824 0.3488 -0.3158
vn -0.7327 0.6273 -0.2639
vn -0.5173 0.8374 -0.1766
vn -0.2621 0.9629 -0.0646
vn 0.0087 0.9981 0.0609
vn 0.2723 0.9432 0.1906
vn 0.5079 0.8025 0.3132
vn 0.6951 0.5846 0.4185
vn 0.8139 0.3038 0.4953
vn 0.8461 -0.0134 0.5328
vn -0.0597 -0.9974 0.0410
vn 0.2119 -0.9626 0.1687
vn 0.2126 -0.9624 0.1691
vn -0.0592 -0.9974 0.0412
vn -0.3247 -0.9415 -0.0899
vn -0.3246 -0.9416 -0.0898
vn -0.5621 -0.7997 -0.2109
vn -0.5617 -0.7997 -0.2120
vn -0.7523 -0.5793 -0.3140
vn -0.7518 -0.5789 -0.3157
vn -0.8708 -0.2970 -0.3919
vn -0.8714 -0.2955 -0.3917
vn -0.9033 0.0215 -0.4285
vn -0.9031 0.0230 -0.4289
vn -0.8420 0.3415 -0.4177
vn -0.8407 0.3420 -0.4199
vn -0.6917 0.6224 -0.3664
vn -0.6903 0.6235 -0.3671
vn -0.4743 0.8353 -0.2781
vn -0.4734 0.8359 -0.2779
vn -0.2168 0.9624 -0.1635
vn -0.2159 0.9627 -0.1632
vn 0.0560 0.9978 -0.0358
vn 0.0565 0.9978 -0.0355
vn 0.3218 0.9421 0.0944
vn 0.3219 0.9421 0.0945
vn 0.5595 0.7994 0.2188
vn 0.5592 0.8000 0.2174
vn 0.7476 0.5788 0.3256
vn 0.7488 0.5787 0.3230
vn 0.8680 0.2957 0.3990
vn 0.8685 0.2958 0.3977
vn 0.9009 -0.0255 0.4332
vn 0.9006 -0.0233 0.4340
vn 0.8374 -0.3440 0.4248
vn 0.8370 -0.3427 0.4266
vn 0.6872 -0.6238 0.3723
vn 0.6873 -0.6230 0.3736
vn 0.4692 -0.8366 0.2827
vn 0.4699 -0.8359 0.2836
vn 0.2083 -0.9629 0.1713
vn 0.4703 -0.8362 0.2822
vn 0.4692 -0.8365 0.2832
vn 0.2130 -0.9621 0.1701
vn -0.0606 -0.9970 0.0482
vn -0.0607 -0.9973 0.0420
vn -0.3269 -0.9412 -0.0855
vn -0.3254 -0.9414 -0.0892
vn -0.5616 -0.7988 -0.2158
vn -0.5618 -0.7999 -0.2110
vn -0.7508 -0.5818 -0.3127
vn -0.7518 -0.5796 -0.3145
vn -0.8758 -0.2968 -0.3807
vn -0.8708 -0.2962 -0.3923
vn -0.9087 0.0242 -0.4168
vn -0.9022 0.0224 -0.4307
vn -0.8459 0.3437 -0.4079
vn -0.8410 0.3408 -0.4202
vn -0.6951 0.6238 -0.3574
vn -0.6921 0.6229 -0.3647
vn -0.4763 0.8359 -0.2729
vn -0.4747 0.8358 -0.2757
vn -0.2161 0.9633 -0.1590
vn -0.2173 0.9625 -0.1627
vn 0.0511 0.9983 -0.0273
vn 0.0564 0.9978 -0.0340
vn 0.3134 0.9436 0.1069
vn 0.3210 0.9422 0.0964
vn 0.5538 0.8017 0.2249
vn 0.5599 0.7993 0.2183
vn 0.7473 0.5786 0.3268
vn 0.7481 0.5795 0.3232
vn 0.8615 0.2948 0.4134
vn 0.8661 0.2961 0.4027
vn 0.8937 -0.0241 0.4481
vn 0.8981 -0.0236 0.4392
vn 0.8395 -0.3421 0.4221
vn 0.8365 -0.3438 0.4267
vn 0.6911 -0.6244 0.3641
vn 0.6864 -0.6247 0.3722
vn 0.4431 -0.0738 -0.8934
vn 0.4434 -0.0737 -0.8933
vn 0.4434 -0.0741 -0.8932
vn 0.4431 -0.0741 -0.8934
vn -0.4439 0.0745 0.8930
vn -0.4431 0.0743 0.8934
vn -0.4430 0.0748 0.8934
vn -0.4440 0.0753 0.8929
vn 0.4424 -0.0735 -0.8938
vn 0.4426 -0.0735 -0.8937
vn -0.4418 0.0744 0.8940
vn -0.4417 0.0749 0.8940
vn 0.4406 -0.0732 -0.8947
vn 0.4410 -0.0730 -0.8946
vn -0.4406 0.0737 0.8947
vn -0.4403 0.0741 0.8948
vn 0.4396 -0.0732 -0.8952
vn 0.4398 -0.0731 -0.8951
vn -0.4405 0.0723 0.8948
vn -0.4401 0.0725 0.8950
vn 0.4392 -0.0720 -0.8955
vn 0.4396 -0.0719 -0.8953
vn -0.4403 0.0713 0.8950
vn -0.4398 0.0715 0.8952
vn 0.4393 -0.0701 -0.8956
vn 0.4399 -0.0701 -0.8953
vn -0.4401 0.0702 0.8952
vn -0.4395 0.0702 0.8955
vn 0.4399 -0.0685 -0.8954
vn 0.4402 -0.0686 -0.8953
vn -0.4402 0.0694 0.8952
vn -0.4397 0.0692 0.8955
vn 0.4405 -0.0676 -0.8952
vn 0.4406 -0.0677 -0.8951
vn -0.4410 0.0686 0.8949
vn -0.4406 0.0681 0.8951
vn 0.4410 -0.0668 -0.8950
vn 0.4413 -0.0672 -0.8949
vn -0.4423 0.0678 0.8943
vn -0.4419 0.0671 0.8945
vn 0.4422 -0.0655 -0.8945
vn 0.4423 -0.0660 -0.8944
vn -0.4429 0.0672 0.8941
vn -0.4426 0.0663 0.8943
vn 0.4436 -0.0648 -0.8939
vn 0.4436 -0.0653 -0.8939
vn -0.4435 0.0663 0.8938
vn -0.4435 0.0658 0.8938
vn 0.4447 -0.0656 -0.8933
vn 0.4446 -0.0658 -0.8933
vn -0.4443 0.0660 0.8934
vn -0.4444 0.0657 0.8934
vn 0.4457 -0.0669 -0.8927
vn 0.4455 -0.0673 -0.8928
vn -0.4453 0.0664 0.8929
vn -0.4450 0.0667 0.8930
vn 0.4462 -0.0681 -0.8923
vn 0.4460 -0.0684 -0.8924
vn -0.4463 0.0681 0.8923
vn -0.4459 0.0684 0.8924
vn 0.4462 -0.0693 -0.8923
vn 0.4465 -0.0692 -0.8921
vn -0.4467 0.0696 0.8920
vn -0.4463 0.0697 0.8921
vn 0.4463 -0.0704 -0.8921
vn 0.4467 -0.0703 -0.8919
vn -0.4465 0.0700 0.8920
vn -0.4469 0.0701 0.8918
vn 0.4465 -0.0711 -0.8920
vn 0.4467 -0.0711 -0.8919
vn -0.4456 0.0710 0.8924
vn -0.4462 0.0713 0.8921
vn 0.4460 -0.0723 -0.8921
vn 0.4461 -0.0725 -0.8920
vn -0.4452 0.0721 0.8925
vn -0.4458 0.0726 0.8922
vn 0.4448 -0.0734 -0.8926
vn 0.4448 -0.0737 -0.8926
vn -0.4449 0.0734 0.8926
vn -0.4451 0.0737 0.8924
vn 0.2208 -0.9597 0.1738
vn 0.4740 -0.8376 0.2716
vn 0.4699 -0.8360 0.2835
vn 0.2119 -0.9626 0.1689
vn -0.0670 -0.9968 0.0432
vn -0.0596 -0.9973 0.0422
vn -0.3215 -0.9418 -0.0985
vn -0.3250 -0.9416 -0.0881
vn -0.5542 -0.8000 -0.2300
vn -0.5630 -0.7990 -0.2112
vn -0.7410 -0.5807 -0.3373
vn -0.7510 -0.5800 -0.3157
vn -0.8602 -0.2991 -0.4130
vn -0.8707 -0.2975 -0.3916
vn -0.8942 0.0207 -0.4472
vn -0.9034 0.0223 -0.4282
vn -0.8435 0.3384 -0.4171
vn -0.8415 0.3414 -0.4188
vn -0.6978 0.6299 -0.3409
vn -0.6917 0.6227 -0.3657
vn -0.4849 0.8350 -0.2603
vn -0.4748 0.8353 -0.2773
vn -0.2116 0.9641 -0.1604
vn -0.2173 0.9623 -0.1636
vn 0.0731 0.9965 -0.0406
vn 0.0558 0.9978 -0.0364
vn 0.3233 0.9412 0.0984
vn 0.3214 0.9422 0.0946
vn 0.5506 0.8022 0.2307
vn 0.5588 0.8002 0.2179
vn 0.7413 0.5810 0.3360
vn 0.7488 0.5788 0.3229
vn 0.8745 0.2959 0.3843
vn 0.8686 0.2941 0.3988
vn 0.9297 -0.0219 0.3678
vn 0.9004 -0.0253 0.4343
vn 0.8743 -0.3419 0.3447
vn 0.8372 -0.3442 0.4250
vn 0.7094 -0.6223 0.3310
vn 0.6861 -0.6249 0.3724
vn 0.2114 -0.9627 0.1691
vn 0.4684 -0.8366 0.2840
vn 0.4708 -0.8350 0.2849
vn 0.2133 -0.9621 0.1702
vn -0.0596 -0.9973 0.0426
vn -0.0594 -0.9973 0.0423
vn -0.3254 -0.9414 -0.0885
vn -0.3258 -0.9413 -0.0878
vn -0.5629 -0.7987 -0.2129
vn -0.5639 -0.7986 -0.2105
vn -0.7505 -0.5807 -0.3154
vn -0.7521 -0.5790 -0.3149
vn -0.8715 -0.2972 -0.3901
vn -0.8718 -0.2950 -0.3911
vn -0.9040 0.0235 -0.4268
vn -0.9036 0.0261 -0.4277
vn -0.8421 0.3405 -0.4183
vn -0.8408 0.3431 -0.4187
vn -0.6924 0.6219 -0.3658
vn -0.6910 0.6235 -0.3658
vn -0.4747 0.8356 -0.2765
vn -0.4732 0.8365 -0.2763
vn -0.2166 0.9626 -0.1627
vn -0.2157 0.9629 -0.1625
vn 0.0546 0.9979 -0.0345
vn 0.0565 0.9978 -0.0348
vn 0.3195 0.9427 0.0965
vn 0.3228 0.9416 0.0954
vn 0.5619 0.7977 0.2190
vn 0.5615 0.7985 0.2171
vn 0.7487 0.5792 0.3226
vn 0.7480 0.5804 0.3218
vn 0.8676 0.2954 0.4001
vn 0.8672 0.2974 0.3993
vn 0.8993 -0.0263 0.4366
vn 0.8996 -0.0233 0.4361
vn 0.8363 -0.3432 0.4277
vn 0.8374 -0.3404 0.4277
vn 0.6863 -0.6235 0.3745
vn 0.6881 -0.6213 0.3748
vn 0.4441 -0.0738 -0.8929
vn 0.4435 -0.0711 -0.8934
vn 0.4446 -0.0725 -0.8928
vn 0.4443 -0.0742 -0.8928
vn -0.4518 0.0820 0.8883
vn -0.4425 0.0601 0.8948
vn -0.4427 0.0714 0.8938
vn -0.4448 0.0729 0.8927
vn 0.4432 -0.0763 -0.8932
vn 0.4432 -0.0759 -0.8932
vn -0.4413 0.0550 0.8957
vn -0.4424 0.0731 0.8938
vn 0.4422 -0.0745 -0.8938
vn 0.4425 -0.0740 -0.8937
vn -0.4424 0.0709 0.8940
vn -0.4415 0.0755 0.8941
vn 0.4415 -0.0735 -0.8943
vn 0.4417 -0.0730 -0.8942
vn -0.4445 0.0703 0.8930
vn -0.4406 0.0738 0.8947
vn 0.4404 -0.0728 -0.8948
vn 0.4410 -0.0726 -0.8946
vn -0.4513 0.0640 0.8900
vn -0.4412 0.0706 0.8946
vn 0.4393 -0.0705 -0.8956
vn 0.4395 -0.0703 -0.8955
vn -0.4515 0.0667 0.8898
vn -0.4421 0.0705 0.8942
vn 0.4406 -0.0700 -0.8950
vn 0.4395 -0.0698 -0.8955
vn -0.4461 0.0705 0.8922
vn -0.4415 0.0711 0.8945
vn 0.4412 -0.0703 -0.8946
vn 0.4399 -0.0699 -0.8953
vn -0.4507 0.0760 0.8894
vn -0.4417 0.0705 0.8944
vn 0.4410 -0.0685 -0.8949
vn 0.4409 -0.0685 -0.8950
vn -0.4571 0.0820 0.8856
vn -0.4443 0.0699 0.8931
vn 0.4422 -0.0665 -0.8945
vn 0.4423 -0.0665 -0.8944
vn -0.4521 0.0831 0.8881
vn -0.4441 0.0700 0.8932
vn 0.4426 -0.0659 -0.8943
vn 0.4424 -0.0656 -0.8944
vn -0.4456 0.0873 0.8910
vn -0.4422 0.0706 0.8941
vn 0.4428 -0.0669 -0.8941
vn 0.4429 -0.0665 -0.8941
vn -0.4435 0.0845 0.8923
vn -0.4435 0.0694 0.8936
vn 0.4436 -0.0679 -0.8937
vn 0.4439 -0.0673 -0.8936
vn -0.4436 0.0739 0.8932
vn -0.4450 0.0670 0.8930
vn 0.4448 -0.0687 -0.8930
vn 0.4450 -0.0683 -0.8929
vn -0.4411 0.0711 0.8946
vn -0.4453 0.0660 0.8929
vn 0.4445 -0.0693 -0.8931
vn 0.4450 -0.0691 -0.8929
vn -0.4406 0.0722 0.8948
vn -0.4465 0.0668 0.8923
vn 0.4436 -0.0691 -0.8935
vn 0.4438 -0.0689 -0.8935
vn -0.4464 0.0691 0.8922
vn -0.4471 0.0687 0.8919
vn 0.4452 -0.0703 -0.8926
vn 0.4443 -0.0701 -0.8932
vn -0.4409 0.0682 0.8950
vn -0.4445 0.0707 0.8930
vn 0.4456 -0.0721 -0.8923
vn 0.4444 -0.0717 -0.8929
vn -0.4340 0.0669 0.8984
vn -0.4433 0.0701 0.8936
vn 0.4434 -0.0718 -0.8934
vn 0.4438 -0.0725 -0.8932
vn -0.4470 0.0766 0.8912
vn 0.6488 -0.6141 0.4494
vn 0.4329 -0.8267 0.3595
vn 0.1760 -0.9536 0.2443
vn -0.0958 -0.9886 0.1163
vn -0.3615 -0.9323 -0.0142
vn -0.5982 -0.7897 -0.1359
vn -0.7865 -0.5693 -0.2392
vn -0.9053 -0.2867 -0.3134
vn -0.9367 0.0310 -0.3488
vn -0.8735 0.3485 -0.3398
vn -0.7238 0.6271 -0.2877
vn -0.5077 0.8380 -0.1998
vn -0.2514 0.9640 -0.0871
vn 0.0197 0.9990 0.0391
vn 0.2836 0.9440 0.1686
vn 0.5200 0.8029 0.2915
vn 0.7081 0.5840 0.3968
vn 0.8272 0.3025 0.4735
vn 0.8595 -0.0156 0.5109
vn 0.7977 -0.3335 0.5025
vn 0.4204 -0.8227 0.3827
vn 0.1649 -0.9494 0.2675
vn -0.1075 -0.9847 0.1373
vn -0.3684 -0.9297 0.0040
vn -0.6055 -0.7875 -0.1152
vn -0.7973 -0.5649 -0.2125
vn -0.9136 -0.2836 -0.2915
vn -0.9419 0.0329 -0.3342
vn -0.8791 0.3492 -0.3243
vn -0.7323 0.6267 -0.2663
vn -0.5186 0.8371 -0.1743
vn -0.2633 0.9626 -0.0634
vn 0.0086 0.9982 0.0595
vn 0.2718 0.9435 0.1894
vn 0.5077 0.8016 0.3157
vn 0.6950 0.5849 0.4181
vn 0.8160 0.3042 0.4915
vn 0.8495 -0.0140 0.5273
vn 0.7875 -0.3322 0.5191
vn 0.6366 -0.6115 0.4698
vn 0.2121 -0.9625 0.1690
vn 0.4694 -0.8363 0.2833
vn 0.4713 -0.8349 0.2842
vn 0.2138 -0.9620 0.1698
vn -0.0601 -0.9973 0.0415
vn -0.0594 -0.9974 0.0419
vn -0.3247 -0.9417 -0.0883
vn -0.3246 -0.9417 -0.0884
vn -0.5615 -0.8002 -0.2105
vn -0.7517 -0.5789 -0.3159
vn -0.7528 -0.5772 -0.3165
vn -0.8710 -0.2969 -0.3915
vn -0.8717 -0.2943 -0.3919
vn -0.9035 0.0212 -0.4280
vn -0.9035 0.0245 -0.4280
vn -0.8412 0.3412 -0.4195
vn -0.8401 0.3445 -0.4191
vn -0.6915 0.6224 -0.3667
vn -0.6897 0.6247 -0.3663
vn -0.4744 0.8355 -0.2774
vn -0.4721 0.8370 -0.2767
vn -0.2165 0.9626 -0.1632
vn -0.2150 0.9629 -0.1629
vn 0.0562 0.9978 -0.0356
vn 0.0570 0.9978 -0.0352
vn 0.3223 0.9419 0.0948
vn 0.3221 0.9419 0.0952
vn 0.5602 0.7993 0.2177
vn 0.5593 0.7999 0.2176
vn 0.7479 0.5805 0.3219
vn 0.7470 0.5819 0.3216
vn 0.8683 0.2955 0.3985
vn 0.8677 0.2980 0.3979
vn 0.9000 -0.0279 0.4349
vn 0.9002 -0.0243 0.4348
vn 0.8368 -0.3443 0.4257
vn 0.8378 -0.3412 0.4262
vn 0.6868 -0.6240 0.3728
vn 0.6885 -0.6217 0.3736
vn -0.4441 0.0764 0.8927
vn -0.4465 0.0754 0.8916
vn -0.4489 0.0752 0.8904
vn -0.4494 0.0729 0.8903
vn -0.4475 0.0702 0.8915
vn -0.4459 0.0699 0.8924
vn -0.4455 0.0689 0.8926
vn -0.4447 0.0670 0.8931
vn -0.4445 0.0653 0.8934
vn -0.4436 0.0634 0.8940
vn -0.4412 0.0621 0.8953
vn -0.4399 0.0631 0.8958
vn -0.4391 0.0663 0.8960
vn -0.4370 0.0681 0.8969
vn -0.4364 0.0700 0.8970
vn -0.4372 0.0727 0.8964
vn -0.4375 0.0740 0.8961
vn -0.4391 0.0751 0.8953
vn -0.4413 0.0773 0.8940
vn -0.4427 0.0780 0.8933
vn 0.4444 -0.0800 -0.8923
vn 0.4430 -0.0791 -0.8930
vn 0.4426 -0.0736 -0.8937
vn 0.4424 -0.0718 -0.8940
vn 0.4417 -0.0719 -0.8943
vn 0.4459 -0.0697 -0.8924
vn 0.4480 -0.0700 -0.8913
vn 0.4434 -0.0696 -0.8936
vn 0.4428 -0.0697 -0.8939
vn 0.4437 -0.0723 -0.8933
vn 0.4434 -0.0739 -0.8933
vn 0.4433 -0.0730 -0.8934
vn 0.4441 -0.0690 -0.8933
vn 0.4453 -0.0676 -0.8928
vn 0.4458 -0.0688 -0.8925
vn 0.4503 -0.0685 -0.8903
vn 0.4518 -0.0700 -0.8894
vn 0.4475 -0.0712 -0.8914
vn 0.4468 -0.0732 -0.8916
vn 0.4463 -0.0771 -0.8915
vn 0.2137 -0.9621 0.1697
vn -0.0587 -0.9974 0.0414
vn -0.3239 -0.9419 -0.0894
vn -0.5615 -0.7996 -0.2129
vn -0.7514 -0.5788 -0.3168
vn -0.8720 -0.2937 -0.3916
vn -0.9028 0.0251 -0.4293
vn -0.8391 0.3442 -0.4212
vn -0.6887 0.6251 -0.3673
vn -0.4720 0.8368 -0.2775
vn -0.2155 0.9628 -0.1630
vn 0.0569 0.9978 -0.0353
vn 0.3223 0.9419 0.0947
vn 0.5591 0.8004 0.2164
vn 0.7489 0.5798 0.3209
vn 0.8687 0.2968 0.3966
vn 0.9003 -0.0211 0.4348
vn 0.8373 -0.3403 0.4280
vn 0.6880 -0.6215 0.3747
vn 0.4710 -0.8350 0.2844
vn 0.2104 -0.9644 0.1602
vn -0.0796 -0.9958 0.0448
vn -0.3468 -0.9339 -0.0874
vn -0.5288 -0.8045 -0.2704
vn -0.7138 -0.5907 -0.3762
vn -0.8681 -0.2976 -0.3973
vn -0.8630 0.0300 -0.5042
vn -0.7736 0.3407 -0.5343
vn -0.6365 0.6259 -0.4507
vn -0.4475 0.8379 -0.3125
vn -0.2287 0.9559 -0.1844
vn 0.0568 0.9973 -0.0464
vn 0.3108 0.9375 0.1567
vn 0.5082 0.7956 0.3297
vn 0.7136 0.5855 0.3847
vn 0.8680 0.2960 0.3986
vn 0.8381 -0.0257 0.5449
vn 0.7310 -0.3017 0.6121
vn 0.6320 -0.5909 0.5014
vn 0.4679 -0.8193 0.3315
vn 0.4487 -0.0792 -0.8902
vn 0.4431 -0.0675 -0.8939
vn 0.4468 -0.0614 -0.8925
vn 0.4487 -0.0615 -0.8916
vn 0.4516 -0.0663 -0.8897
vn 0.4441 -0.0664 -0.8935
vn 0.4161 -0.0665 -0.9069
vn 0.4144 -0.0612 -0.9080
vn 0.4384 -0.0690 -0.8961
vn 0.4443 -0.0680 -0.8933
vn 0.4410 -0.0589 -0.8956
vn 0.4438 -0.0608 -0.8941
vn 0.4487 -0.0553 -0.8919
vn 0.4503 -0.0585 -0.8910
vn 0.4537 -0.0649 -0.8888
vn 0.4491 -0.0651 -0.8911
vn 0.4235 -0.0668 -0.9035
vn 0.4217 -0.0640 -0.9045
vn 0.4540 -0.0888 -0.8866
vn 0.4652 -0.1047 -0.8790
vn 0.2134 -0.9620 0.1703
vn -0.0582 -0.9974 0.0418
vn -0.3266 -0.9415 -0.0831
vn -0.5728 -0.7951 -0.1995
vn -0.7554 -0.5773 -0.3099
vn -0.8703 -0.2947 -0.3947
vn -0.9019 0.0265 -0.4311
vn -0.8391 0.3431 -0.4221
vn -0.6894 0.6237 -0.3683
vn -0.4718 0.8369 -0.2776
vn -0.2147 0.9630 -0.1629
vn 0.0574 0.9975 -0.0405
vn 0.3249 0.9422 0.0820
vn 0.5658 0.7972 0.2106
vn 0.7478 0.5817 0.3200
vn 0.8680 0.2980 0.3971
vn 0.9004 -0.0227 0.4346
vn 0.8384 -0.3400 0.4261
vn 0.6890 -0.6213 0.3733
vn 0.4711 -0.8350 0.2843
vn -0.4439 0.0721 0.8932
vn -0.4458 0.0704 0.8924
vn -0.4465 0.0712 0.8919
vn -0.4463 0.0716 0.8920
vn -0.4467 0.0690 0.8920
vn -0.4465 0.0665 0.8923
vn -0.4459 0.0654 0.8927
vn -0.4456 0.0641 0.8929
vn -0.4436 0.0640 0.8940
vn -0.4411 0.0654 0.8951
vn -0.4417 0.0660 0.8947
vn -0.4415 0.0667 0.8948
vn -0.4390 0.0691 0.8958
vn -0.4387 0.0713 0.8958
vn -0.4381 0.0719 0.8961
vn -0.4384 0.0724 0.8959
vn -0.4407 0.0731 0.8947
vn -0.4422 0.0741 0.8939
vn -0.4429 0.0756 0.8934
vn -0.4433 0.0748 0.8933
vn -0.4493 0.0803 0.8897
vn -0.4507 0.0767 0.8894
vn -0.4489 0.0719 0.8907
vn -0.4471 0.0718 0.8916
vn -0.4414 0.0724 0.8944
vn -0.4375 0.0731 0.8962
vn -0.4433 0.0689 0.8937
vn -0.4471 0.0586 0.8925
vn -0.4440 0.0573 0.8942
vn -0.4400 0.0623 0.8958
vn -0.4399 0.0635 0.8958
vn -0.4435 0.0670 0.8938
vn -0.4385 0.0699 0.8960
vn -0.4305 0.0713 0.8998
vn -0.4309 0.0736 0.8994
vn -0.4385 0.0722 0.8958
vn -0.4470 0.0637 0.8923
vn -0.4472 0.0584 0.8925
vn -0.4436 0.0635 0.8939
vn -0.4446 0.0739 0.8927
vn 0.4714 -0.8348 0.2845
vn 0.2138 -0.9620 0.1697
vn -0.0589 -0.9974 0.0423
vn -0.3254 -0.9415 -0.0879
vn -0.5643 -0.7981 -0.2112
vn -0.7524 -0.5782 -0.3156
vn -0.8717 -0.2947 -0.3914
vn -0.9035 0.0258 -0.4278
vn -0.8404 0.3442 -0.4186
vn -0.6896 0.6251 -0.3658
vn -0.4726 0.8366 -0.2770
vn -0.2154 0.9628 -0.1628
vn 0.0565 0.9978 -0.0357
vn 0.5586 0.8005 0.2174
vn 0.7480 0.5804 0.3219
vn 0.8678 0.2966 0.3987
vn 0.8996 -0.0219 0.4361
vn 0.8374 -0.3405 0.4276
vn 0.6879 -0.6218 0.3744
vn 0.3412 -0.9325 -0.1182
vn 0.5849 -0.8110 -0.0124
vn 0.0827 -0.9676 -0.2386
vn -0.1699 -0.9162 -0.3630
vn -0.3963 -0.7814 -0.4820
vn -0.5736 -0.5753 -0.5831
vn -0.6865 -0.3073 -0.6590
vn -0.7140 0.0014 -0.7002
vn -0.6517 0.3032 -0.6953
vn -0.5103 0.5731 -0.6412
vn -0.3073 0.7769 -0.5496
vn -0.0660 0.8979 -0.4353
vn 0.1918 0.9317 -0.3085
vn 0.4429 0.8784 -0.1797
vn 0.6652 0.7438 -0.0652
vn 0.8483 0.5285 0.0326
vn 0.9582 0.2666 0.1038
vn 0.9905 -0.0351 0.1332
vn 0.9286 -0.3507 0.1216
vn 0.7888 -0.6106 0.0713
vn -0.1467 0.9716 -0.1856
vn -0.7509 0.6434 0.1489
vn -0.7400 0.6511 0.1690
vn -0.1725 0.9650 -0.1975
vn -0.9138 -0.1022 0.3931
vn -0.8836 -0.0698 0.4630
vn -0.4894 -0.7798 0.3905
vn -0.4758 -0.7476 0.4634
vn 0.2127 -0.9659 0.1474
vn 0.2037 -0.9648 0.1663
vn 0.7814 -0.5910 -0.2005
vn 0.7517 -0.6181 -0.2302
vn 0.8919 0.1167 -0.4368
vn 0.8777 0.0538 -0.4762
vn 0.5145 0.7448 -0.4248
vn 0.5046 0.7280 -0.4640
vn -0.7333 0.6553 0.1812
vn -0.1757 0.9581 -0.2264
vn -0.8732 -0.0273 0.4865
vn -0.5106 -0.6891 0.5142
vn 0.1701 -0.9605 0.2204
vn 0.7317 -0.6407 -0.2326
vn 0.8608 -0.0485 -0.5066
vn 0.5278 0.6635 -0.5302
vn -0.8049 0.5875 0.0836
vn -0.2212 0.9500 -0.2205
vn -0.9488 -0.0586 0.3103
vn -0.6214 -0.6835 0.3831
vn 0.1205 -0.9652 0.2320
vn 0.7913 -0.6042 -0.0940
vn 0.9413 -0.0408 -0.3352
vn 0.5893 0.6770 -0.4409
vn -0.8699 0.4763 -0.1282
vn -0.2123 0.9469 -0.2415
vn -0.9929 -0.1187 0.0114
vn -0.7188 -0.6825 0.1323
vn 0.0960 -0.9751 0.1997
vn 0.8591 -0.4926 0.1387
vn 0.9979 0.0575 0.0298
vn 0.7031 0.6961 -0.1453
vn -0.8505 0.4257 -0.3090
vn -0.1720 0.9513 -0.2558
vn -0.9675 -0.1359 -0.2132
vn -0.7378 -0.6714 -0.0692
vn 0.0986 -0.9795 0.1754
vn 0.8049 -0.4529 0.3835
vn 0.9131 0.0766 0.4005
vn 0.7103 0.6805 0.1797
vn -0.7847 0.4403 -0.4363
vn -0.1424 0.9735 -0.1790
vn -0.9111 -0.1260 -0.3925
vn -0.7146 -0.6559 -0.2432
vn 0.0718 -0.9820 0.1748
vn 0.7425 -0.4704 0.4768
vn 0.8821 0.0789 0.4644
vn 0.6542 0.7033 0.2781
vn -0.7645 0.4520 -0.4596
vn -0.1570 0.9647 -0.2114
vn -0.8773 -0.1439 -0.4578
vn -0.6732 -0.6798 -0.2910
vn 0.0905 -0.9828 0.1610
vn 0.7535 -0.4693 0.4604
vn 0.8786 0.1049 0.4659
vn 0.6319 0.7358 0.2435
vn -0.7312 0.4178 -0.5392
vn -0.1750 0.9609 -0.2146
vn -0.8302 -0.1697 -0.5311
vn -0.6195 -0.7053 -0.3446
vn 0.0874 -0.9855 0.1452
vn 0.6940 -0.4471 0.5643
vn 0.7806 0.1311 0.6111
vn 0.5468 0.7503 0.3714
vn -0.6364 0.4429 -0.6316
vn -0.1748 0.9631 -0.2045
vn -0.7229 -0.1783 -0.6676
vn -0.4998 -0.7456 -0.4408
vn 0.1093 -0.9838 0.1421
vn 0.5955 -0.4682 0.6528
vn 0.6593 0.1394 0.7388
vn 0.4305 0.7717 0.4681
vn -0.5631 0.4938 -0.6626
vn -0.1722 0.9701 -0.1712
vn -0.6311 -0.1953 -0.7507
vn -0.3787 -0.7943 -0.4751
vn 0.1285 -0.9809 0.1462
vn 0.4911 -0.5211 0.6980
vn 0.5264 0.1555 0.8359
vn 0.2884 0.8236 0.4883
vn -0.4157 0.5227 -0.7443
vn -0.1652 0.9623 -0.2163
vn -0.4768 -0.1727 -0.8619
vn -0.2659 -0.8034 -0.5328
vn 0.1274 -0.9818 0.1406
vn 0.3787 -0.6074 0.6983
vn 0.3853 0.1305 0.9135
vn 0.1333 0.8631 0.4871
vn -0.3030 0.6139 -0.7289
vn -0.1343 0.9792 -0.1519
vn -0.3274 -0.1338 -0.9354
vn -0.1394 -0.8123 -0.5663
vn 0.1158 -0.9854 0.1250
vn 0.2474 -0.6641 0.7055
vn 0.2535 0.1298 0.9586
vn 0.0885 0.8460 0.5258
vn -0.2860 0.5844 -0.7594
vn -0.1310 0.9691 -0.2088
vn -0.2620 -0.2120 -0.9415
vn -0.0452 -0.8695 -0.4918
vn 0.1148 -0.9731 0.1996
vn 0.2129 -0.5855 0.7822
vn 0.2376 0.2501 0.9386
vn 0.1014 0.8737 0.4758
vn -0.1588 0.5445 -0.8236
vn -0.1092 0.9634 -0.2449
vn -0.1013 -0.2817 -0.9541
vn 0.0024 -0.8702 -0.4928
vn 0.1145 -0.9810 0.1567
vn 0.2301 -0.5658 0.7918
vn 0.1965 0.3322 0.9225
vn 0.0311 0.8904 0.4540
vn -0.0523 0.5243 -0.8499
vn -0.0861 0.9648 -0.2484
vn 0.0186 -0.2699 -0.9627
vn 0.0713 -0.8529 -0.5172
vn 0.0938 -0.9823 0.1621
vn 0.0815 -0.5644 0.8215
vn -0.0002 0.2891 0.9573
vn -0.0725 0.8818 0.4661
vn 0.0606 0.5339 -0.8434
vn -0.0622 0.9668 -0.2480
vn 0.1537 -0.2559 -0.9544
vn 0.1487 -0.8474 -0.5097
vn 0.0704 -0.9814 0.1788
vn -0.0523 -0.5628 0.8249
vn -0.1541 0.2636 0.9522
vn -0.1499 0.8761 0.4583
vn 0.1499 0.5478 -0.8231
vn -0.0488 0.9688 -0.2431
vn 0.2688 -0.2435 -0.9319
vn 0.2172 -0.8458 -0.4873
vn 0.0595 -0.9794 0.1929
vn -0.1427 -0.5646 0.8129
vn -0.2690 0.2524 0.9295
vn -0.2160 0.8689 0.4453
vn 0.2052 0.5555 -0.8058
vn -0.0508 0.9691 -0.2414
vn 0.3490 -0.2445 -0.9047
vn 0.2718 -0.8488 -0.4534
vn 0.0612 -0.9748 0.2144
vn -0.1962 -0.5612 0.8041
vn -0.3472 0.2433 0.9057
vn -0.2715 0.8610 0.4301
vn 0.2269 0.5566 -0.7992
vn -0.0621 0.9660 -0.2510
vn 0.3950 -0.2419 -0.8863
vn 0.3104 -0.8493 -0.4269
vn 0.0693 -0.9700 0.2332
vn -0.2223 -0.5574 0.8000
vn -0.3927 0.2394 0.8880
vn -0.3094 0.8568 0.4125
vn 0.2402 0.5565 -0.7954
vn -0.0719 0.9630 -0.2599
vn 0.4265 -0.2389 -0.8724
vn 0.3387 -0.8474 -0.4088
vn 0.0775 -0.9666 0.2441
vn -0.2389 -0.5563 0.7959
vn -0.4244 0.2382 0.8736
vn -0.3365 0.8540 0.3969
vn 0.1760 0.5377 -0.8245
vn -0.1411 0.9516 -0.2729
vn 0.4117 -0.2663 -0.8715
vn 0.3658 -0.8426 -0.3951
vn 0.1141 -0.9680 0.2236
vn -0.2441 -0.5532 0.7965
vn -0.4436 0.2745 0.8532
vn -0.3706 0.8459 0.3836
vn 0.1937 0.5396 -0.8194
vn -0.1337 0.9454 -0.2973
vn 0.4226 -0.2331 -0.8758
vn 0.3844 -0.8343 -0.3953
vn 0.1529 -0.9517 0.2664
vn -0.1968 -0.5386 0.8192
vn -0.4161 0.2607 0.8712
vn -0.3831 0.8468 0.3690
vn 0.2776 0.5560 -0.7835
vn -0.0923 0.9637 -0.2506
vn 0.4835 -0.2552 -0.8373
vn 0.3865 -0.8452 -0.3692
vn 0.1399 -0.9553 0.2604
vn -0.1977 -0.5354 0.8211
vn -0.4413 0.2706 0.8556
vn -0.3809 0.8415 0.3832
vn 0.2976 0.5545 -0.7771
vn -0.0686 0.9610 -0.2678
vn 0.5012 -0.2321 -0.8337
vn 0.3857 -0.8442 -0.3722
vn 0.0734 -0.9623 0.2619
vn -0.2910 -0.5535 0.7804
vn -0.4963 0.2375 0.8350
vn -0.3836 0.8479 0.3658
vn 0.3091 0.5535 -0.7734
vn -0.0453 0.9548 -0.2938
vn 0.5084 -0.1966 -0.8384
vn 0.4030 -0.8207 -0.4051
vn 0.0833 -0.9684 0.2351
vn -0.3020 -0.5532 0.7764
vn -0.5063 0.2706 0.8188
vn -0.3695 0.8697 0.3272
vn 0.0858 -0.1149 0.9897
vn 0.1528 -0.2129 0.9650
vn -0.5760 -0.7023 0.4183
vn -0.7554 -0.4482 0.4779
vn 0.2420 -0.2834 0.9280
vn -0.3403 -0.8819 0.3263
vn 0.3442 -0.3201 0.8826
vn -0.0728 -0.9744 0.2127
vn 0.4498 -0.3205 0.8336
vn 0.2021 -0.9754 0.0883
vn 0.5502 -0.2846 0.7851
vn 0.4625 -0.8858 -0.0370
vn 0.6354 -0.2161 0.7413
vn 0.6866 -0.7108 -0.1526
vn 0.6974 -0.1199 0.7066
vn 0.8512 -0.4627 -0.2477
vn 0.7294 -0.0054 0.6841
vn 0.9363 -0.1624 -0.3115
vn 0.7271 0.1168 0.6765
vn 0.9287 0.1579 -0.3357
vn 0.6908 0.2334 0.6844
vn 0.8286 0.4614 -0.3172
vn 0.6243 0.3316 0.7073
vn 0.6493 0.7151 -0.2589
vn 0.5355 0.4025 0.7425
vn 0.4134 0.8948 -0.1688
vn 0.4331 0.4405 0.7864
vn 0.1459 0.9877 -0.0565
vn 0.3263 0.4418 0.8357
vn -0.1295 0.9893 0.0677
vn 0.2254 0.4067 0.8853
vn -0.3899 0.9002 0.1937
vn 0.1399 0.3376 0.9308
vn -0.6137 0.7258 0.3108
vn 0.0777 0.2408 0.9675
vn -0.7782 0.4776 0.4077
vn 0.0462 0.1251 0.9911
vn -0.8631 0.1770 0.4730
vn 0.0491 0.0022 0.9988
vn -0.8555 -0.1437 0.4975
vn -0.7958 -0.4553 0.3993
vn -0.6161 -0.7104 0.3403
vn -0.5736 -0.7015 0.4229
vn -0.7525 -0.4481 0.4827
vn -0.3790 -0.8913 0.2489
vn -0.3379 -0.8811 0.3309
vn -0.1098 -0.9847 0.1353
vn -0.0705 -0.9736 0.2173
vn 0.1670 -0.9859 0.0102
vn 0.2042 -0.9745 0.0929
vn 0.4292 -0.8957 -0.1162
vn 0.4646 -0.8849 -0.0323
vn 0.6538 -0.7199 -0.2331
vn 0.6882 -0.7103 -0.1477
vn 0.8188 -0.4702 -0.3294
vn 0.8526 -0.4628 -0.2425
vn 0.9036 -0.1682 -0.3940
vn 0.9379 -0.1626 -0.3064
vn 0.8953 0.1530 -0.4183
vn 0.9305 0.1574 -0.3306
vn 0.7947 0.4572 -0.3992
vn 0.8306 0.4611 -0.3122
vn 0.6148 0.7117 -0.3399
vn 0.6511 0.7152 -0.2541
vn 0.3782 0.8917 -0.2485
vn 0.4152 0.8948 -0.1640
vn 0.1099 0.9847 -0.1352
vn 0.1477 0.9877 -0.0518
vn -0.1664 0.9860 -0.0104
vn -0.1273 0.9892 0.0723
vn -0.4275 0.8966 0.1154
vn -0.3876 0.9003 0.1982
vn -0.6521 0.7217 0.2322
vn -0.6114 0.7257 0.3154
vn -0.8175 0.4729 0.3286
vn -0.7760 0.4773 0.4124
vn -0.9031 0.1718 0.3935
vn -0.8606 0.1772 0.4775
vn -0.8960 -0.1497 0.4181
vn -0.8528 -0.1436 0.5021
vn -0.8887 -0.4482 0.0966
vn -0.7172 -0.6956 0.0431
vn -0.7147 -0.6982 0.0411
vn -0.8872 -0.4514 0.0951
vn -0.4934 -0.8688 -0.0412
vn -0.4906 -0.8703 -0.0431
vn -0.2348 -0.9605 -0.1495
vn -0.2345 -0.9604 -0.1502
vn 0.0306 -0.9624 -0.2698
vn 0.0293 -0.9626 -0.2694
vn 0.2807 -0.8759 -0.3924
vn 0.2783 -0.8773 -0.3911
vn 0.4942 -0.7069 -0.5061
vn 0.4911 -0.7104 -0.5042
vn 0.6487 -0.4680 -0.6001
vn 0.6467 -0.4727 -0.5986
vn 0.7277 -0.1790 -0.6621
vn 0.7272 -0.1833 -0.6615
vn 0.7178 0.1267 -0.6846
vn 0.7185 0.1245 -0.6843
vn 0.6224 0.4135 -0.6645
vn 0.6224 0.4143 -0.6641
vn 0.4538 0.6528 -0.6065
vn 0.4530 0.6538 -0.6061
vn 0.2292 0.8256 -0.5157
vn 0.2278 0.8262 -0.5153
vn -0.0248 0.9136 -0.4059
vn -0.0266 0.9139 -0.4051
vn -0.2855 0.9145 -0.2867
vn -0.2870 0.9141 -0.2863
vn -0.5339 0.8288 -0.1673
vn -0.5340 0.8286 -0.1678
vn -0.7483 0.6608 -0.0583
vn -0.7485 0.6605 -0.0591
vn -0.9048 0.4247 0.0303
vn -0.9049 0.4246 0.0292
vn -0.9859 0.1423 0.0881
vn -0.9862 0.1410 0.0873
vn -0.9805 -0.1616 0.1119
vn -0.9801 -0.1642 0.1113
vn 0.4209 0.0638 0.9049
vn -0.4672 -0.0916 -0.8794
vn -0.4584 -0.1037 -0.8827
vn -0.4206 -0.0639 -0.9050
vn -0.4389 -0.1177 -0.8908
vn -0.4250 -0.1247 -0.8966
vn -0.4141 -0.1240 -0.9017
vn -0.3922 -0.1184 -0.9122
vn -0.3805 -0.1071 -0.9186
vn -0.3711 -0.0925 -0.9240
vn -0.3659 -0.0757 -0.9276
vn -0.3667 -0.0537 -0.9288
vn -0.3722 -0.0347 -0.9275
vn -0.3826 -0.0218 -0.9237
vn -0.3989 -0.0111 -0.9169
vn -0.4116 -0.0036 -0.9114
vn -0.4236 -0.0027 -0.9059
vn -0.4463 -0.0091 -0.8948
vn -0.4596 -0.0202 -0.8879
vn -0.4688 -0.0344 -0.8826
vn -0.4747 -0.0516 -0.8786
vn -0.4722 -0.0786 -0.8780
vn -0.8508 0.1751 0.4955
vn -0.7675 0.4746 0.4309
vn -0.6040 0.7236 0.3341
vn -0.3803 0.8991 0.2166
vn -0.1195 0.9887 0.0903
vn 0.1563 0.9871 -0.0339
vn 0.4242 0.8937 -0.1462
vn 0.6598 0.7134 -0.2361
vn 0.8386 0.4588 -0.2937
vn 0.9374 0.1556 -0.3115
vn 0.9439 -0.1632 -0.2871
vn 0.8583 -0.4619 -0.2234
vn 0.6943 -0.7080 -0.1291
vn 0.4712 -0.8819 -0.0141
vn 0.2113 -0.9711 0.1107
vn -0.0626 -0.9700 0.2347
vn -0.3291 -0.8778 0.3481
vn -0.5638 -0.6990 0.4398
vn -0.7418 -0.4472 0.4998
vn -0.8422 -0.1444 0.5194
vn -0.1648 0.9863 -0.0081
vn -0.4261 0.8969 0.1183
vn -0.4269 0.8965 0.1190
vn -0.1654 0.9862 -0.0073
vn 0.1119 0.9849 -0.1319
vn 0.1114 0.9850 -0.1317
vn 0.3796 0.8925 -0.2436
vn 0.3803 0.8918 -0.2449
vn 0.6169 0.7119 -0.3356
vn 0.6169 0.7114 -0.3366
vn 0.7964 0.4579 -0.3950
vn 0.7967 0.4566 -0.3961
vn 0.8973 0.1534 -0.4140
vn 0.8970 0.1520 -0.4151
vn 0.9065 -0.1683 -0.3872
vn 0.9055 -0.1687 -0.3893
vn 0.8216 -0.4700 -0.3225
vn 0.8202 -0.4709 -0.3248
vn 0.6557 -0.7192 -0.2300
vn 0.6546 -0.7203 -0.2296
vn 0.4305 -0.8954 -0.1136
vn 0.4299 -0.8958 -0.1127
vn 0.1685 -0.9856 0.0133
vn 0.1680 -0.9857 0.0140
vn -0.1078 -0.9845 0.1385
vn -0.1079 -0.9844 0.1389
vn -0.3771 -0.8912 0.2521
vn -0.6148 -0.7101 0.3432
vn -0.6135 -0.7109 0.3437
vn -0.7948 -0.4549 0.4018
vn -0.7934 -0.4557 0.4036
vn -0.8949 -0.1497 0.4204
vn -0.8937 -0.1510 0.4226
vn -0.9021 0.1713 0.3961
vn -0.9018 0.1706 0.3971
vn -0.8159 0.4740 0.3311
vn -0.8166 0.4725 0.3316
vn -0.6507 0.7220 0.2353
vn -0.6512 0.7214 0.2357
vn -0.4279 0.8961 0.1178
vn -0.6504 0.7212 0.2383
vn -0.6504 0.7220 0.2362
vn -0.1655 0.9862 -0.0068
vn -0.1652 0.9862 -0.0071
vn 0.1120 0.9853 -0.1293
vn 0.1124 0.9849 -0.1315
vn 0.3802 0.8927 -0.2421
vn 0.3801 0.8921 -0.2444
vn 0.6168 0.7132 -0.3331
vn 0.6161 0.7116 -0.3378
vn 0.7983 0.4579 -0.3913
vn 0.7956 0.4577 -0.3969
vn 0.8994 0.1531 -0.4095
vn 0.8974 0.1520 -0.4141
vn 0.9073 -0.1683 -0.3853
vn 0.9052 -0.1693 -0.3897
vn 0.8186 -0.4711 -0.3286
vn 0.8202 -0.4708 -0.3250
vn 0.6533 -0.7181 -0.2400
vn 0.6544 -0.7206 -0.2291
vn 0.4257 -0.8968 -0.1206
vn 0.4309 -0.8953 -0.1126
vn 0.1681 -0.9858 0.0048
vn 0.1673 -0.9858 0.0149
vn -0.1094 -0.9845 0.1368
vn -0.1078 -0.9844 0.1388
vn -0.3729 -0.8919 0.2557
vn -0.3772 -0.8908 0.2535
vn -0.6150 -0.7104 0.3422
vn -0.6141 -0.7106 0.3434
vn -0.7987 -0.4562 0.3925
vn -0.7951 -0.4554 0.4007
vn -0.8997 -0.1493 0.4101
vn -0.8955 -0.1497 0.4191
vn -0.9031 0.1726 0.3933
vn -0.9020 0.1705 0.3966
vn -0.8126 0.4751 0.3374
vn -0.8159 0.4721 0.3339
vn -0.4214 -0.0598 -0.9049
vn -0.4226 -0.0603 -0.9043
vn -0.4226 -0.0602 -0.9043
vn -0.4215 -0.0591 -0.9049
vn 0.4225 0.0605 0.9044
vn 0.4214 0.0605 0.9049
vn 0.4214 0.0601 0.9049
vn 0.4224 0.0604 0.9044
vn -0.4206 -0.0595 -0.9053
vn -0.4206 -0.0594 -0.9053
vn 0.4205 0.0603 0.9053
vn 0.4205 0.0602 0.9053
vn -0.4193 -0.0598 -0.9059
vn -0.4194 -0.0598 -0.9058
vn 0.4196 0.0607 0.9057
vn 0.4195 0.0603 0.9058
vn -0.4183 -0.0609 -0.9063
vn -0.4182 -0.0610 -0.9063
vn 0.4185 0.0612 0.9062
vn 0.4184 0.0609 0.9062
vn -0.4177 -0.0622 -0.9065
vn -0.4173 -0.0618 -0.9067
vn 0.4177 0.0620 0.9065
vn 0.4178 0.0621 0.9064
vn -0.4170 -0.0630 -0.9067
vn -0.4172 -0.0630 -0.9066
vn 0.4173 0.0632 0.9066
vn 0.4170 0.0632 0.9067
vn -0.4171 -0.0643 -0.9066
vn -0.4173 -0.0644 -0.9065
vn 0.4174 0.0643 0.9065
vn 0.4174 0.0644 0.9064
vn -0.4179 -0.0657 -0.9061
vn -0.4176 -0.0661 -0.9062
vn 0.4181 0.0656 0.9060
vn 0.4178 0.0659 0.9061
vn -0.4187 -0.0663 -0.9057
vn -0.4187 -0.0665 -0.9057
vn 0.4183 0.0668 0.9058
vn 0.4181 0.0668 0.9060
vn -0.4196 -0.0675 -0.9052
vn -0.4195 -0.0673 -0.9052
vn 0.4191 0.0677 0.9054
vn 0.4192 0.0675 0.9054
vn -0.4200 -0.0680 -0.9050
vn -0.4200 -0.0679 -0.9050
vn 0.4203 0.0682 0.9048
vn 0.4205 0.0675 0.9048
vn -0.4210 -0.0677 -0.9045
vn -0.4210 -0.0675 -0.9045
vn 0.4212 0.0680 0.9044
vn 0.4211 0.0678 0.9045
vn -0.4227 -0.0676 -0.9038
vn -0.4226 -0.0673 -0.9038
vn 0.4227 0.0678 0.9037
vn 0.4225 0.0674 0.9039
vn -0.4236 -0.0669 -0.9034
vn -0.4235 -0.0668 -0.9034
vn 0.4233 0.0670 0.9035
vn 0.4236 0.0671 0.9034
vn -0.4242 -0.0656 -0.9032
vn -0.4239 -0.0655 -0.9033
vn 0.4237 0.0655 0.9035
vn 0.4240 0.0657 0.9033
vn -0.4246 -0.0644 -0.9031
vn -0.4240 -0.0644 -0.9034
vn 0.4244 0.0640 0.9032
vn 0.4246 0.0641 0.9031
vn -0.4245 -0.0632 -0.9032
vn -0.4247 -0.0631 -0.9031
vn 0.4248 0.0630 0.9031
vn -0.4239 -0.0619 -0.9036
vn -0.4241 -0.0617 -0.9035
vn 0.4245 0.0620 0.9033
vn 0.4243 0.0620 0.9034
vn -0.4234 -0.0611 -0.9039
vn -0.4235 -0.0609 -0.9038
vn 0.4235 0.0611 0.9038
vn 0.4235 0.0610 0.9039
vn -0.4286 0.8958 0.1176
vn -0.6539 0.7211 0.2291
vn -0.6506 0.7220 0.2354
vn -0.4260 0.8969 0.1186
vn -0.1677 0.9857 -0.0149
vn -0.1645 0.9863 -0.0078
vn 0.1123 0.9813 -0.1561
vn 0.1106 0.9850 -0.1326
vn 0.3735 0.8922 -0.2539
vn 0.3791 0.8920 -0.2460
vn 0.6304 0.7150 -0.3022
vn 0.6160 0.7121 -0.3368
vn 0.8233 0.4627 -0.3289
vn 0.7973 0.4554 -0.3961
vn 0.9139 0.1548 -0.3753
vn 0.8970 0.1526 -0.4149
vn 0.9080 -0.1665 -0.3845
vn 0.9053 -0.1668 -0.3907
vn 0.8125 -0.4729 -0.3407
vn 0.8199 -0.4704 -0.3262
vn 0.6433 -0.7160 -0.2712
vn 0.6546 -0.7199 -0.2306
vn 0.4306 -0.8915 -0.1411
vn 0.4297 -0.8958 -0.1133
vn 0.1686 -0.9856 0.0135
vn -0.1103 -0.9844 0.1373
vn -0.1084 -0.9844 0.1384
vn -0.3797 -0.8910 0.2489
vn -0.3774 -0.8913 0.2513
vn -0.6199 -0.7088 0.3367
vn -0.6155 -0.7095 0.3432
vn -0.8016 -0.4530 0.3901
vn -0.7945 -0.4541 0.4031
vn -0.9013 -0.1506 0.4061
vn -0.8938 -0.1506 0.4225
vn -0.9084 0.1684 0.3827
vn -0.9016 0.1718 0.3970
vn -0.8210 0.4727 0.3201
vn -0.8161 0.4732 0.3316
vn -0.4259 0.8969 0.1189
vn -0.6495 0.7228 0.2360
vn -0.6509 0.7212 0.2370
vn -0.4276 0.8959 0.1204
vn -0.1652 0.9862 -0.0072
vn -0.1639 0.9864 -0.0078
vn 0.1118 0.9849 -0.1324
vn 0.1102 0.9851 -0.1323
vn 0.3795 0.8919 -0.2460
vn 0.3805 0.8908 -0.2484
vn 0.6154 0.7111 -0.3400
vn 0.6153 0.7104 -0.3418
vn 0.7934 0.4572 -0.4019
vn 0.7948 0.4563 -0.4001
vn 0.8942 0.1507 -0.4215
vn 0.8965 0.1482 -0.4176
vn 0.9023 -0.1681 -0.3969
vn 0.9035 -0.1715 -0.3927
vn 0.8194 -0.4688 -0.3300
vn 0.8193 -0.4715 -0.3262
vn 0.6554 -0.7195 -0.2296
vn 0.6546 -0.7207 -0.2282
vn 0.4306 -0.8956 -0.1117
vn 0.4302 -0.8958 -0.1121
vn 0.1688 -0.9856 0.0134
vn 0.1669 -0.9859 0.0143
vn -0.1092 -0.9844 0.1382
vn -0.1076 -0.9845 0.1382
vn -0.3769 -0.8914 0.2519
vn -0.3772 -0.8916 0.2505
vn -0.6125 -0.7128 0.3417
vn -0.6134 -0.7133 0.3389
vn -0.7960 -0.4549 0.3994
vn -0.7950 -0.4579 0.3980
vn -0.8952 -0.1430 0.4222
vn -0.8938 -0.1466 0.4239
vn -0.8993 0.1730 0.4017
vn -0.8992 0.1699 0.4032
vn -0.8150 0.4726 0.3351
vn -0.8164 0.4701 0.3356
vn -0.4226 -0.0615 -0.9042
vn -0.4237 -0.0609 -0.9037
vn 0.4285 0.0550 0.9019
vn 0.4251 0.0560 0.9034
vn 0.4231 0.0588 0.9042
vn 0.4243 0.0601 0.9035
vn -0.4212 -0.0616 -0.9049
vn -0.4213 -0.0615 -0.9048
vn 0.4216 0.0550 0.9051
vn 0.4215 0.0585 0.9049
vn -0.4198 -0.0599 -0.9056
vn -0.4199 -0.0604 -0.9056
vn 0.4189 0.0502 0.9067
vn 0.4202 0.0578 0.9056
vn -0.4193 -0.0597 -0.9059
vn -0.4194 -0.0601 -0.9058
vn 0.4159 0.0512 0.9079
vn 0.4188 0.0579 0.9062
vn -0.4190 -0.0616 -0.9059
vn -0.4190 -0.0618 -0.9059
vn 0.4133 0.0540 0.9090
vn 0.4179 0.0594 0.9066
vn -0.4187 -0.0628 -0.9059
vn -0.4189 -0.0627 -0.9059
vn 0.4151 0.0597 0.9078
vn 0.4180 0.0628 0.9063
vn -0.4174 -0.0634 -0.9065
vn -0.4177 -0.0634 -0.9064
vn 0.4231 0.0641 0.9038
vn 0.4192 0.0644 0.9056
vn -0.4169 -0.0650 -0.9066
vn -0.4171 -0.0650 -0.9065
vn 0.4271 0.0631 0.9020
vn 0.4191 0.0640 0.9057
vn -0.4176 -0.0654 -0.9063
vn -0.4174 -0.0655 -0.9064
vn 0.4216 0.0649 0.9044
vn 0.4179 0.0658 0.9061
vn -0.4184 -0.0658 -0.9059
vn -0.4181 -0.0662 -0.9060
vn 0.4146 0.0725 0.9071
vn 0.4170 0.0683 0.9063
vn -0.4194 -0.0674 -0.9053
vn -0.4193 -0.0675 -0.9053
vn 0.4139 0.0764 0.9071
vn 0.4177 0.0696 0.9059
vn -0.4203 -0.0677 -0.9049
vn -0.4203 -0.0680 -0.9048
vn 0.4187 0.0708 0.9053
vn 0.4196 0.0695 0.9050
vn -0.4215 -0.0683 -0.9043
vn -0.4213 -0.0682 -0.9043
vn 0.4209 0.0657 0.9047
vn 0.4215 0.0682 0.9043
vn -0.4232 -0.0689 -0.9034
vn -0.4229 -0.0684 -0.9036
vn 0.4189 0.0610 0.9060
vn 0.4223 0.0659 0.9041
vn -0.4241 -0.0671 -0.9031
vn -0.4245 -0.0675 -0.9029
vn 0.4190 0.0605 0.9060
vn 0.4220 0.0648 0.9043
vn -0.4230 -0.0658 -0.9037
vn -0.4246 -0.0666 -0.9029
vn 0.4262 0.0654 0.9022
vn 0.4235 0.0654 0.9035
vn -0.4223 -0.0644 -0.9042
vn -0.4231 -0.0647 -0.9038
vn 0.4289 0.0657 0.9009
vn 0.4249 0.0645 0.9029
vn -0.4237 -0.0625 -0.9037
vn -0.4232 -0.0627 -0.9039
vn 0.4250 0.0637 0.9030
vn 0.4246 0.0635 0.9031
vn -0.4248 -0.0615 -0.9032
vn -0.4242 -0.0618 -0.9035
vn 0.4266 0.0600 0.9025
vn 0.4243 0.0622 0.9034
vn -0.7798 0.4742 0.4088
vn -0.6158 0.7235 0.3120
vn -0.3918 0.8993 0.1946
vn -0.1304 0.9891 0.0681
vn 0.1468 0.9875 -0.0569
vn 0.4148 0.8940 -0.1694
vn 0.6512 0.7132 -0.2596
vn 0.8300 0.4586 -0.3176
vn 0.9292 0.1548 -0.3356
vn 0.9359 -0.1652 -0.3111
vn 0.8505 -0.4643 -0.2472
vn 0.6856 -0.7119 -0.1521
vn 0.4618 -0.8862 -0.0365
vn 0.2013 -0.9755 0.0886
vn -0.0732 -0.9743 0.2129
vn -0.3401 -0.8820 0.3263
vn -0.5754 -0.7030 0.4181
vn -0.7544 -0.4500 0.4780
vn -0.8549 -0.1466 0.4976
vn -0.8635 0.1734 0.4735
vn -0.6030 0.7237 0.3355
vn -0.3813 0.8980 0.2195
vn -0.1161 0.9888 0.0932
vn 0.1590 0.9868 -0.0305
vn 0.4253 0.8935 -0.1441
vn 0.6598 0.7127 -0.2380
vn 0.8370 0.4591 -0.2976
vn 0.9365 0.1553 -0.3146
vn 0.9426 -0.1647 -0.2905
vn 0.8581 -0.4616 -0.2248
vn 0.6946 -0.7079 -0.1283
vn 0.4728 -0.8811 -0.0137
vn 0.2134 -0.9706 0.1112
vn -0.0633 -0.9701 0.2343
vn -0.3301 -0.8786 0.3451
vn -0.5649 -0.6998 0.4372
vn -0.7428 -0.4472 0.4983
vn -0.8432 -0.1453 0.5176
vn -0.8497 0.1745 0.4976
vn -0.7657 0.4734 0.4354
vn -0.4259 0.8970 0.1185
vn -0.6504 0.7222 0.2352
vn -0.6522 0.7204 0.2360
vn -0.4275 0.8961 0.1191
vn -0.1647 0.9863 -0.0074
vn -0.1655 0.9862 -0.0070
vn 0.1116 0.9849 -0.1322
vn 0.1117 0.9849 -0.1325
vn 0.3799 0.8919 -0.2454
vn 0.3808 0.8913 -0.2460
vn 0.6159 0.7123 -0.3365
vn 0.6173 0.7109 -0.3371
vn 0.7956 0.4588 -0.3957
vn 0.7965 0.4568 -0.3961
vn 0.8969 0.1535 -0.4149
vn 0.8974 0.1503 -0.4148
vn 0.9049 -0.1695 -0.3904
vn 0.9045 -0.1729 -0.3899
vn 0.8201 -0.4703 -0.3259
vn 0.8188 -0.4730 -0.3252
vn 0.6556 -0.7192 -0.2299
vn 0.6540 -0.7210 -0.2291
vn 0.4304 -0.8955 -0.1129
vn 0.4290 -0.8963 -0.1122
vn 0.1683 -0.9856 0.0134
vn 0.1674 -0.9858 0.0139
vn -0.1079 -0.9845 0.1384
vn -0.1080 -0.9845 0.1383
vn -0.3778 -0.8909 0.2522
vn -0.3770 -0.8913 0.2518
vn -0.6150 -0.7096 0.3438
vn -0.6138 -0.7109 0.3433
vn -0.7940 -0.4554 0.4027
vn -0.7928 -0.4578 0.4024
vn -0.8944 -0.1497 0.4215
vn -0.8937 -0.1529 0.4218
vn -0.9018 0.1709 0.3970
vn -0.9022 0.1677 0.3974
vn -0.8159 0.4735 0.3318
vn -0.8173 0.4706 0.3324
vn 0.4223 0.0602 0.9045
vn 0.4234 0.0609 0.9039
vn 0.4239 0.0620 0.9036
vn 0.4248 0.0631 0.9031
vn 0.4257 0.0646 0.9025
vn 0.4253 0.0663 0.9026
vn 0.4238 0.0671 0.9033
vn 0.4222 0.0669 0.9041
vn 0.4209 0.0676 0.9046
vn 0.4207 0.0668 0.9047
vn 0.4201 0.0658 0.9051
vn 0.4178 0.0668 0.9061
vn 0.4174 0.0662 0.9063
vn 0.4175 0.0645 0.9064
vn 0.4168 0.0632 0.9068
vn 0.4172 0.0616 0.9067
vn 0.4183 0.0605 0.9063
vn 0.4193 0.0598 0.9059
vn 0.4205 0.0590 0.9054
vn 0.4215 0.0595 0.9049
vn -0.4231 -0.0591 -0.9041
vn -0.4217 -0.0583 -0.9049
vn -0.4207 -0.0582 -0.9053
vn -0.4200 -0.0605 -0.9055
vn -0.4181 -0.0614 -0.9063
vn -0.4168 -0.0613 -0.9069
vn -0.4199 -0.0629 -0.9054
vn -0.4202 -0.0643 -0.9051
vn -0.4171 -0.0666 -0.9064
vn -0.4176 -0.0676 -0.9061
vn -0.4194 -0.0671 -0.9053
vn -0.4203 -0.0663 -0.9050
vn -0.4209 -0.0657 -0.9047
vn -0.4209 -0.0646 -0.9048
vn -0.4212 -0.0638 -0.9047
vn -0.4221 -0.0642 -0.9043
vn -0.4232 -0.0644 -0.9038
vn -0.4266 -0.0622 -0.9023
vn -0.4282 -0.0592 -0.9017
vn -0.4255 -0.0590 -0.9030
vn -0.4271 0.8963 0.1193
vn -0.1652 0.9862 -0.0068
vn 0.3806 0.8915 -0.2457
vn 0.6176 0.7104 -0.3375
vn 0.7971 0.4551 -0.3969
vn 0.8970 0.1500 -0.4159
vn 0.9043 -0.1708 -0.3913
vn 0.8185 -0.4731 -0.3259
vn 0.6537 -0.7212 -0.2292
vn 0.4294 -0.8961 -0.1120
vn 0.1677 -0.9857 0.0146
vn -0.1086 -0.9843 0.1394
vn -0.3764 -0.8916 0.2518
vn -0.6125 -0.7116 0.3440
vn -0.7922 -0.4567 0.4047
vn -0.8928 -0.1527 0.4238
vn -0.9017 0.1687 0.3981
vn -0.8173 0.4710 0.3321
vn -0.6525 0.7199 0.2365
vn -0.4108 0.8974 0.1606
vn -0.1893 0.9816 0.0253
vn 0.0991 0.9876 -0.1221
vn 0.4271 0.8825 -0.1971
vn 0.6193 0.7110 -0.3332
vn 0.7651 0.4523 -0.4583
vn 0.8612 0.1490 -0.4860
vn 0.9048 -0.1699 -0.3906
vn 0.8533 -0.4512 -0.2615
vn 0.6522 -0.7262 -0.2174
vn 0.4215 -0.8992 -0.1171
vn 0.1733 -0.9838 0.0456
vn -0.1126 -0.9840 0.1379
vn -0.3821 -0.9039 0.1923
vn -0.6183 -0.7060 0.3453
vn -0.7229 -0.4404 0.5324
vn -0.7765 -0.1352 0.6155
vn -0.8661 0.1643 0.4721
vn -0.8400 0.4811 0.2508
vn -0.6605 0.7179 0.2200
vn -0.4226 -0.0595 -0.9044
vn -0.4222 -0.0601 -0.9045
vn -0.4221 -0.0681 -0.9040
vn -0.4228 -0.0694 -0.9036
vn -0.4191 -0.0640 -0.9057
vn -0.4201 -0.0624 -0.9053
vn -0.4246 -0.0637 -0.9031
vn -0.4216 -0.0647 -0.9045
vn -0.4123 -0.0700 -0.9083
vn -0.4105 -0.0742 -0.9088
vn -0.4175 -0.0698 -0.9060
vn -0.4206 -0.0699 -0.9046
vn -0.4198 -0.0672 -0.9051
vn -0.4178 -0.0576 -0.9067
vn -0.4325 -0.0714 -0.8988
vn -0.4627 -0.0862 -0.8823
vn -0.4411 -0.0707 -0.8947
vn -0.4126 -0.0664 -0.9085
vn -0.4132 -0.0681 -0.9081
vn -0.4190 -0.0644 -0.9057
vn -0.4237 0.8976 0.1215
vn -0.1722 0.9851 -0.0034
vn 0.1110 0.9846 -0.1354
vn 0.3754 0.8907 -0.2564
vn 0.6101 0.7113 -0.3492
vn 0.7991 0.4577 -0.3898
vn 0.9055 0.1489 -0.3973
vn 0.9120 -0.1698 -0.3734
vn 0.8268 -0.4680 -0.3119
vn 0.6570 -0.7198 -0.2243
vn 0.4260 -0.8977 -0.1123
vn 0.1695 -0.9854 0.0132
vn -0.1104 -0.9840 0.1401
vn -0.3777 -0.8934 0.2432
vn -0.6197 -0.7146 0.3245
vn -0.7969 -0.4597 0.3920
vn -0.8886 -0.1514 0.4330
vn -0.8966 0.1697 0.4090
vn -0.8160 0.4722 0.3334
vn -0.6521 0.7194 0.2391
vn 0.4231 0.0618 0.9040
vn 0.4241 0.0625 0.9035
vn 0.4252 0.0631 0.9029
vn 0.4252 0.0646 0.9028
vn 0.4239 0.0661 0.9033
vn 0.4233 0.0666 0.9035
vn 0.4231 0.0668 0.9036
vn 0.4214 0.0677 0.9043
vn 0.4201 0.0680 0.9049
vn 0.4190 0.0672 0.9055
vn 0.4181 0.0666 0.9060
vn 0.4177 0.0659 0.9062
vn 0.4161 0.0643 0.9070
vn 0.4172 0.0643 0.9065
vn 0.4184 0.0635 0.9060
vn 0.4187 0.0605 0.9061
vn 0.4195 0.0595 0.9058
vn 0.4205 0.0591 0.9054
vn 0.4215 0.0588 0.9049
vn 0.4224 0.0600 0.9044
vn 0.4227 0.0632 0.9041
vn 0.4269 0.0605 0.9022
vn 0.4311 0.0616 0.9002
vn 0.4336 0.0666 0.8987
vn 0.4299 0.0693 0.9002
vn 0.4250 0.0686 0.9026
vn 0.4226 0.0635 0.9041
vn 0.4206 0.0608 0.9052
vn 0.4206 0.0634 0.9050
vn 0.4204 0.0642 0.9051
vn 0.4198 0.0645 0.9053
vn 0.4186 0.0656 0.9058
vn 0.4124 0.0645 0.9087
vn 0.4121 0.0629 0.9089
vn 0.4161 0.0626 0.9071
vn 0.4170 0.0592 0.9070
vn 0.4192 0.0584 0.9060
vn 0.4202 0.0567 0.9057
vn 0.4219 0.0554 0.9049
vn 0.4220 0.0610 0.9045
vn -0.6523 0.7200 0.2369
vn -0.4275 0.8960 0.1197
vn -0.1658 0.9861 -0.0069
vn 0.1114 0.9849 -0.1322
vn 0.3796 0.8919 -0.2458
vn 0.6169 0.7107 -0.3382
vn 0.7976 0.4531 -0.3982
vn 0.8970 0.1494 -0.4160
vn 0.9048 -0.1700 -0.3904
vn 0.8190 -0.4729 -0.3250
vn 0.6540 -0.7211 -0.2288
vn 0.4292 -0.8962 -0.1124
vn 0.1672 -0.9858 0.0139
vn -0.1088 -0.9843 0.1386
vn -0.3767 -0.8917 0.2510
vn -0.6140 -0.7110 0.3428
vn -0.7932 -0.4563 0.4032
vn -0.8930 -0.1540 0.4229
vn -0.9019 0.1682 0.3980
vn -0.8173 0.4705 0.3328
vn -0.5334 0.8276 -0.1749
vn -0.7523 0.6552 -0.0687
vn -0.2846 0.9140 -0.2890
vn -0.0257 0.9150 -0.4027
vn 0.2299 0.8278 -0.5118
vn 0.4551 0.6587 -0.5992
vn 0.6265 0.4171 -0.6584
vn 0.7210 0.1231 -0.6819
vn 0.7311 -0.1825 -0.6574
vn 0.6510 -0.4736 -0.5932
vn 0.4948 -0.7107 -0.5001
vn 0.2786 -0.8781 -0.3889
vn 0.0297 -0.9616 -0.2728
vn -0.2366 -0.9581 -0.1613
vn -0.4949 -0.8672 -0.0550
vn -0.7185 -0.6951 0.0243
vn -0.8907 -0.4482 0.0758
vn -0.9814 -0.1627 0.1022
vn -0.9863 0.1435 0.0808
vn -0.9066 0.4216 0.0196
vn -0.0269 -0.0312 -0.9991
vn -0.0269 -0.0312 -0.9992
vn -0.0268 -0.0312 -0.9992
vn -0.0270 -0.0313 -0.9991
vn -0.0269 -0.0311 -0.9992
vn -0.0268 -0.0311 -0.9992
vn -0.0270 -0.0312 -0.9991
vn -0.0271 -0.0312 -0.9991
vn -0.0268 -0.0313 -0.9992
vn -0.0269 -0.0310 -0.9992
vn -0.0270 -0.0311 -0.9992
vn -0.0269 -0.0313 -0.9991
vn -0.0270 -0.0310 -0.9992
vn -0.0270 -0.0312 -0.9992
vn -0.0270 -0.0311 -0.9991
vn -0.0271 -0.0311 -0.9991
vn 0.9357 -0.3527 0.0034
vn 0.7753 -0.6315 0.0072
vn 0.7736 -0.6337 0.0086
vn 0.9349 -0.3548 0.0030
vn 0.5385 -0.8426 0.0117
vn 0.5382 -0.8427 0.0148
vn 0.2595 -0.9655 0.0232
vn 0.2567 -0.9663 0.0208
vn -0.0424 -0.9986 0.0304
vn -0.0437 -0.9988 0.0238
vn -0.3395 -0.9402 0.0273
vn -0.3391 -0.9405 0.0226
vn -0.6062 -0.7951 0.0214
vn -0.6059 -0.7953 0.0204
vn -0.8202 -0.5718 0.0171
vn -0.8206 -0.5712 0.0172
vn -0.9587 -0.2843 0.0113
vn -0.9588 -0.2839 0.0117
vn -0.9992 0.0391 0.0022
vn -0.9993 0.0374 0.0045
vn -0.9334 0.3587 -0.0048
vn -0.9343 0.3566 -0.0035
vn -0.7722 0.6353 -0.0103
vn -0.7719 0.6356 -0.0102
vn -0.5355 0.8443 -0.0200
vn -0.5357 0.8443 -0.0159
vn -0.2519 0.9674 -0.0249
vn -0.2538 0.9671 -0.0199
vn 0.0468 0.9987 -0.0224
vn 0.0465 0.9987 -0.0207
vn 0.3410 0.9398 -0.0234
vn 0.3409 0.9398 -0.0216
vn 0.6074 0.7940 -0.0237
vn 0.6071 0.7944 -0.0207
vn 0.8221 0.5691 -0.0185
vn 0.8212 0.5704 -0.0172
vn 0.9589 0.2834 -0.0154
vn 0.9586 0.2845 -0.0117
vn 0.9993 -0.0359 -0.0079
vn 0.9993 -0.0360 -0.0044
vn 0.8614 -0.3082 0.4037
vn 0.7142 -0.5616 0.4178
vn 0.7155 -0.5602 0.4175
vn 0.8576 -0.3061 0.4132
vn 0.5095 -0.7494 0.4229
vn 0.5047 -0.7543 0.4199
vn 0.2449 -0.8725 0.4228
vn 0.2485 -0.8724 0.4210
vn -0.0197 -0.9040 0.4271
vn -0.0287 -0.9061 0.4221
vn -0.3056 -0.8540 0.4211
vn -0.3019 -0.8540 0.4237
vn -0.5524 -0.7293 0.4036
vn -0.5488 -0.7195 0.4256
vn -0.7578 -0.5201 0.3940
vn -0.7458 -0.5115 0.4268
vn -0.8870 -0.2507 0.3879
vn -0.8706 -0.2464 0.4258
vn -0.9210 0.0467 0.3868
vn -0.9052 0.0486 0.4222
vn -0.8451 0.3373 0.4147
vn -0.8439 0.3395 0.4154
vn -0.6885 0.5797 0.4358
vn -0.6954 0.5932 0.4057
vn -0.4772 0.7735 0.4171
vn -0.4796 0.7837 0.3948
vn -0.2159 0.8961 0.3879
vn -0.2213 0.8957 0.3856
vn 0.0478 0.9243 0.3786
vn 0.0543 0.9233 0.3803
vn 0.3268 0.8673 0.3755
vn 0.3229 0.8670 0.3795
vn 0.5642 0.7388 0.3686
vn 0.5636 0.7318 0.3831
vn 0.7620 0.5323 0.3688
vn 0.7550 0.5270 0.3901
vn 0.8872 0.2711 0.3734
vn 0.8771 0.2683 0.3985
vn 0.9226 -0.0214 0.3852
vn 0.9133 -0.0194 0.4067
vn 0.0447 0.0243 0.9987
vn 0.0415 0.0188 0.9990
vn 0.0269 0.0312 0.9992
vn 0.0371 0.0152 0.9992
vn 0.0319 0.0128 0.9994
vn 0.0226 0.0120 0.9997
vn 0.0204 0.0131 0.9997
vn 0.0153 0.0159 0.9998
vn 0.0113 0.0202 0.9997
vn 0.0088 0.0257 0.9996
vn 0.0080 0.0330 0.9994
vn 0.0093 0.0379 0.9992
vn 0.0122 0.0433 0.9990
vn 0.0166 0.0473 0.9987
vn 0.0219 0.0497 0.9985
vn 0.0282 0.0505 0.9983
vn 0.0335 0.0495 0.9982
vn 0.0386 0.0466 0.9982
vn 0.0427 0.0423 0.9982
vn 0.0453 0.0367 0.9983
vn 0.0459 0.0289 0.9985
vn 0.3177 0.8690 0.3794
vn 0.5586 0.7357 0.3832
vn 0.0498 0.9235 0.3803
vn -0.2233 0.8953 0.3856
vn -0.4803 0.7835 0.3942
vn -0.6957 0.5933 0.4048
vn -0.8442 0.3390 0.4152
vn -0.9050 0.0464 0.4228
vn -0.8693 -0.2495 0.4267
vn -0.7436 -0.5140 0.4275
vn -0.5472 -0.7206 0.4257
vn -0.3029 -0.8538 0.4235
vn -0.0324 -0.9061 0.4219
vn 0.2416 -0.8742 0.4211
vn 0.4974 -0.7591 0.4200
vn 0.7101 -0.5666 0.4180
vn 0.8552 -0.3116 0.4141
vn 0.9130 -0.0215 0.4075
vn 0.8763 0.2700 0.3991
vn 0.7520 0.5310 0.3904
vn 0.3369 0.9391 -0.0680
vn 0.6042 0.7940 -0.0669
vn 0.6054 0.7957 -0.0182
vn 0.3380 0.9409 -0.0202
vn 0.0415 0.9969 -0.0675
vn 0.0424 0.9989 -0.0200
vn -0.2592 0.9636 -0.0654
vn -0.2588 0.9657 -0.0186
vn -0.5402 0.8393 -0.0618
vn -0.5394 0.8419 -0.0158
vn -0.7749 0.6295 -0.0568
vn -0.7749 0.6319 -0.0105
vn -0.9349 0.3512 -0.0505
vn -0.9355 0.3532 -0.0040
vn -0.9985 0.0339 -0.0436
vn -0.9994 0.0351 0.0026
vn -0.9578 -0.2852 -0.0369
vn -0.9587 -0.2843 0.0091
vn -0.8208 -0.5703 -0.0312
vn -0.8214 -0.5702 0.0147
vn -0.6078 -0.7936 -0.0272
vn -0.6077 -0.7940 0.0184
vn -0.3428 -0.9391 -0.0253
vn -0.3422 -0.9394 0.0203
vn -0.0489 -0.9985 -0.0257
vn -0.0466 -0.9987 0.0200
vn 0.2511 -0.9675 -0.0283
vn 0.2522 -0.9675 0.0175
vn 0.5331 -0.8454 -0.0329
vn 0.5356 -0.8444 0.0130
vn 0.7694 -0.6376 -0.0391
vn 0.7712 -0.6366 0.0087
vn 0.9321 -0.3592 -0.0462
vn 0.9337 -0.3581 0.0042
vn 0.9978 -0.0395 -0.0533
vn 0.9993 -0.0379 -0.0026
vn 0.9576 0.2820 -0.0594
vn 0.9589 0.2835 -0.0091
vn 0.8195 0.5695 -0.0641
vn 0.8205 0.5714 -0.0144
vn 0.3408 0.9399 -0.0209
vn 0.6073 0.7943 -0.0197
vn 0.6060 0.7927 -0.0670
vn 0.3404 0.9378 -0.0681
vn 0.0464 0.9966 -0.0676
vn -0.2541 0.9670 -0.0186
vn -0.2536 0.9651 -0.0656
vn -0.5359 0.8441 -0.0142
vn -0.5349 0.8426 -0.0620
vn -0.7723 0.6352 -0.0086
vn -0.7712 0.6341 -0.0569
vn -0.9342 0.3568 -0.0020
vn -0.9333 0.3555 -0.0507
vn -0.9993 0.0375 0.0046
vn -0.9984 0.0365 -0.0438
vn -0.9587 -0.2843 0.0110
vn -0.9579 -0.2847 -0.0370
vn -0.8210 -0.5707 0.0165
vn -0.8199 -0.5717 -0.0313
vn -0.6061 -0.7951 0.0199
vn -0.6052 -0.7956 -0.0273
vn -0.3390 -0.9406 0.0213
vn -0.3387 -0.9405 -0.0254
vn -0.0440 -0.9988 0.0208
vn -0.0439 -0.9987 -0.0258
vn 0.2562 -0.9665 0.0187
vn 0.2562 -0.9662 -0.0285
vn 0.5380 -0.8428 0.0148
vn 0.5375 -0.8426 -0.0332
vn 0.7739 -0.6332 0.0091
vn 0.7722 -0.6342 -0.0394
vn 0.9349 -0.3549 0.0022
vn 0.9335 -0.3556 -0.0465
vn 0.9993 -0.0365 -0.0046
vn 0.9979 -0.0369 -0.0535
vn 0.9586 0.2845 -0.0110
vn 0.9573 0.2831 -0.0596
vn 0.8211 0.5705 -0.0165
vn 0.8198 0.5690 -0.0642
vn 0.0507 0.9985 -0.0210
vn 0.0452 0.9988 -0.0209
vn 0.0453 0.9988 -0.0210
vn 0.0502 0.9985 -0.0210
vn 0.0273 0.0217 0.9994
vn -0.1470 0.0277 0.9887
vn -0.1468 0.0340 0.9886
vn 0.0271 0.0258 0.9993
vn -0.0517 -0.9984 0.0210
vn -0.0453 -0.9988 0.0209
vn -0.0524 -0.9984 0.0209
vn -0.0336 -0.0315 -0.9989
vn -0.0270 -0.0335 -0.9991
vn -0.0278 -0.0405 -0.9988
vn -0.0691 -0.0331 -0.9971
vn 0.9275 -0.0476 -0.3708
vn 0.9275 -0.0470 -0.3708
vn 0.9213 -0.0471 -0.3860
vn 0.9214 -0.0478 -0.3858
vn -0.9992 0.0385 0.0048
vn -0.9991 0.0428 0.0047
vn -0.9991 0.0426 0.0047
vn 0.0453 0.9988 -0.0211
vn 0.9991 -0.0409 -0.0051
vn 0.9991 -0.0419 -0.0052
vn 0.9991 -0.0410 -0.0051
vn 0.9993 -0.0362 -0.0050
vn -0.0450 -0.9988 0.0209
vn -0.0442 -0.9988 0.0209
vn -0.0439 -0.9988 0.0209
vn -0.9993 0.0366 0.0048
vn -0.9992 0.0387 0.0048
vn -0.9996 0.0268 0.0062
vn -0.9993 0.0379 0.0055
vn 0.0437 0.9988 -0.0209
vn 0.0451 0.9988 -0.0211
vn 0.0431 0.9989 -0.0208
vn 0.9993 -0.0374 -0.0056
vn 0.9993 -0.0374 -0.0057
vn 0.9993 -0.0366 -0.0050
vn 0.9994 -0.0347 -0.0052
vn -0.0455 -0.9987 0.0220
vn -0.0431 -0.9988 0.0212
vn -0.0428 -0.9989 0.0211
vn -0.9993 0.0369 0.0055
vn -0.9993 0.0364 0.0053
vn -0.9993 0.0379 0.0048
vn -0.9993 0.0370 0.0051
vn 0.4090 -0.0397 -0.9117
vn 0.4089 -0.0425 -0.9116
vn 0.4047 -0.0425 -0.9135
vn 0.4049 -0.0397 -0.9135
vn -0.0460 -0.9987 0.0210
vn -0.0469 -0.9987 0.0213
vn -0.0454 -0.9987 0.0212
vn -0.2479 0.0425 0.9679
vn -0.2476 0.0474 0.9677
vn -0.2454 0.0472 0.9683
vn -0.2456 0.0425 0.9684
vn 0.0461 0.9987 -0.0211
vn 0.0456 0.9987 -0.0209
vn -0.2481 0.0398 0.9679
vn -0.2479 0.0402 0.9679
vn -0.2457 0.0401 0.9685
vn -0.2458 0.0392 0.9685
vn 0.0286 0.0309 0.9991
vn -0.1466 0.0374 0.9885
vn -0.1466 0.0365 0.9885
vn 0.0288 0.0307 0.9991
vn -0.9994 0.0354 0.0049
vn -0.9993 0.0373 0.0048
vn -0.9993 0.0378 0.0059
vn -0.9993 0.0374 0.0059
vn -0.9993 0.0372 0.0063
vn -0.9993 0.0369 0.0059
vn -0.9993 0.0367 0.0053
vn -0.9993 0.0368 0.0050
vn -0.9993 0.0365 0.0049
vn -0.9993 0.0365 0.0048
vn -0.9993 0.0367 0.0048
vn 0.0589 -0.0334 -0.9977
vn -0.0268 -0.0305 -0.9992
vn -0.0267 -0.0315 -0.9991
vn 0.0233 -0.0321 -0.9992
vn 0.9212 -0.0464 -0.3862
vn 0.9276 -0.0461 -0.3708
vn 0.9275 -0.0464 -0.3709
vn 0.9212 -0.0465 -0.3863
vn 0.9993 -0.0368 -0.0053
vn 0.9993 -0.0372 -0.0056
vn 0.9993 -0.0371 -0.0059
vn 0.9993 -0.0372 -0.0051
vn 0.4047 -0.0446 -0.9134
vn 0.4089 -0.0446 -0.9115
vn 0.4088 -0.0466 -0.9114
vn 0.4046 -0.0466 -0.9133
vn 0.9993 -0.0368 -0.0043
vn 0.9993 -0.0372 -0.0045
vn 0.9993 -0.0379 -0.0044
vn 0.9993 -0.0371 -0.0046
vn -0.2479 0.0403 0.9679
vn -0.2480 0.0394 0.9680
vn -0.2457 0.0397 0.9685
vn -0.2457 0.0403 0.9685
vn 0.0269 0.0317 0.9991
vn -0.1466 0.0388 0.9884
vn -0.1466 0.0378 0.9885
vn 0.0276 0.0311 0.9991
vn -0.9993 0.0367 0.0047
vn -0.9992 0.0396 0.0052
vn -0.9993 0.0365 0.0055
vn -0.9993 0.0370 0.0059
vn -0.9993 0.0372 0.0057
vn -0.9993 0.0368 0.0053
vn -0.9993 0.0369 0.0054
vn -0.9993 0.0368 0.0048
vn -0.9994 0.0353 0.0049
vn -0.9994 0.0355 0.0049
vn -0.9993 0.0371 0.0048
vn 0.0252 -0.0331 -0.9991
vn -0.0268 -0.0313 -0.9991
vn -0.0268 -0.0318 -0.9991
vn -0.0043 -0.0336 -0.9994
vn 0.9214 -0.0462 -0.3859
vn 0.9213 -0.0463 -0.3861
vn 0.9276 -0.0462 -0.3708
vn 0.9276 -0.0460 -0.3708
vn 0.9993 -0.0377 -0.0052
vn 0.9993 -0.0374 -0.0054
vn 0.9993 -0.0371 -0.0052
vn 0.9993 -0.0371 -0.0051
vn 0.4048 -0.0444 -0.9133
vn 0.4089 -0.0445 -0.9115
vn 0.4089 -0.0444 -0.9115
vn 0.4047 -0.0442 -0.9134
vn 0.9992 -0.0399 -0.0048
vn 0.9992 -0.0388 -0.0048
vn 0.9993 -0.0368 -0.0045
vn 0.0455 0.9987 -0.0208
vn 0.0449 0.9988 -0.0208
vn 0.0449 0.9988 -0.0204
vn 0.0450 0.9988 -0.0203
vn 0.0449 0.9988 -0.0199
vn -0.9991 0.0419 0.0047
vn -0.9985 0.0555 0.0044
vn -0.9992 0.0406 0.0024
vn -0.9996 0.0297 0.0033
vn -0.9993 0.0372 0.0048
vn -0.9995 0.0322 0.0049
vn -0.9994 0.0355 0.0026
vn -0.9993 0.0366 0.0021
vn -0.9994 0.0340 0.0049
vn -0.9993 0.0382 0.0038
vn -0.9994 0.0340 0.0039
vn -0.0470 -0.9987 0.0209
vn -0.0456 -0.9987 0.0212
vn -0.0448 -0.9988 0.0210
vn -0.0447 -0.9988 0.0210
vn 0.9993 -0.0369 -0.0048
vn 0.9993 -0.0372 -0.0048
vn 0.9993 -0.0369 -0.0054
vn 0.9992 -0.0388 -0.0044
vn 0.9992 -0.0389 -0.0048
vn 0.9993 -0.0369 -0.0047
vn 0.9996 -0.0272 -0.0050
vn 0.9993 -0.0361 -0.0048
vn 0.9993 -0.0358 -0.0043
vn 0.9996 -0.0268 -0.0050
vn 0.0454 0.9988 -0.0209
vn 0.0452 0.9988 -0.0208
vn -0.9993 0.0380 0.0046
vn -0.9990 0.0447 0.0044
vn -0.9993 0.0383 0.0047
vn -0.9993 0.0365 0.0045
vn -0.9993 0.0372 0.0043
vn -0.9993 0.0374 0.0048
vn -0.0446 -0.9988 0.0208
vn -0.0457 -0.9987 0.0209
vn 0.9993 -0.0366 -0.0048
vn 0.9992 -0.0397 -0.0048
vn 0.9993 -0.0370 -0.0049
vn 0.9992 -0.0391 -0.0046
vn 0.9996 -0.0275 -0.0047
vn -0.0961 0.0390 0.9946
vn -0.0962 0.0371 0.9947
vn -0.0962 0.0352 0.9947
vn -0.0951 0.0356 0.9948
vn -0.0950 0.0355 0.9948
vn -0.0959 0.0350 0.9948
vn -0.0447 -0.9988 0.0209
vn -0.0453 -0.9988 0.0210
vn -0.0456 -0.9987 0.0209
vn -0.0453 -0.9988 0.0207
vn 0.0970 -0.0357 -0.9946
vn 0.0960 -0.0376 -0.9947
vn 0.0963 -0.0362 -0.9947
vn 0.0973 -0.0356 -0.9946
vn 0.0964 -0.0371 -0.9947
vn 0.0964 -0.0376 -0.9946
vn 0.0454 0.9987 -0.0211
vn 0.0453 0.9988 -0.0209
vn 0.0457 0.9987 -0.0208
vn 0.0447 0.9988 -0.0208
vn -0.9992 0.0388 0.0046
vn -0.9993 0.0362 0.0048
vn -0.9994 0.0355 0.0048
vn -0.0448 -0.9988 0.0209
vn -0.0445 -0.9988 0.0209
vn 0.9993 -0.0367 -0.0048
vn 0.9993 -0.0364 -0.0048
vn 0.9993 -0.0374 -0.0048
vn 0.9992 -0.0392 -0.0046
vn 0.9992 -0.0388 -0.0047
vn 0.9995 -0.0308 -0.0049
vn 0.9995 -0.0303 -0.0049
vn 0.3077 -0.0420 -0.9506
vn 0.3080 -0.0444 -0.9504
vn 0.0441 0.9988 -0.0210
vn -0.9991 0.0368 -0.0193
vn -0.9992 0.0363 -0.0195
vn -0.9992 0.0362 -0.0194
vn -0.9992 0.0361 -0.0193
vn -0.9992 0.0362 -0.0196
vn -0.9992 0.0361 -0.0196
vn -0.0436 -0.9988 0.0209
vn 0.3077 -0.0387 -0.9507
vn 0.3076 -0.0421 -0.9506
vn 0.3080 -0.0383 -0.9506
vn 0.3079 -0.0420 -0.9505
vn 0.9993 -0.0369 -0.0051
vn 0.9993 -0.0369 -0.0055
vn 0.9993 -0.0368 -0.0048
vn 0.4047 -0.0441 -0.9134
vn 0.4089 -0.0442 -0.9115
vn 0.0973 -0.0355 -0.9946
vn 0.9993 -0.0367 -0.0044
vn 0.9993 -0.0367 -0.0046
vn 0.9993 -0.0369 -0.0046
vn 0.0281 0.0311 0.9991
vn -0.1466 0.0371 0.9885
vn -0.9993 0.0373 0.0046
vn -0.9993 0.0368 0.0030
vn -0.9993 0.0368 0.0057
vn -0.9993 0.0368 0.0047
vn -0.9993 0.0369 0.0048
vn -0.9993 0.0370 0.0057
vn -0.9993 0.0370 0.0052
vn -0.9993 0.0370 0.0048
vn -0.9992 0.0361 -0.0195
vn 0.0219 -0.0322 -0.9992
vn 0.3079 -0.0389 -0.9506
vn 0.0444 0.9988 -0.0208
vn -0.9993 0.0373 0.0047
vn -0.9993 0.0364 0.0048
vn 0.9993 -0.0373 -0.0047
vn 0.9993 -0.0378 -0.0048
vn 0.9993 -0.0371 -0.0048
vn 0.9994 -0.0345 -0.0049
vn 0.9993 -0.0363 -0.0049
vn -0.9987 0.0360 -0.0361
vn -0.9987 0.0357 -0.0361
vn -0.9987 0.0355 -0.0361
vn -0.9987 0.0356 -0.0361
vn -0.9987 0.0356 -0.0362
vn -0.9987 0.0359 -0.0362
vn -0.9987 0.0356 -0.0359
vn 0.2816 -0.0410 -0.9587
vn 0.2817 -0.0414 -0.9586
vn 0.2816 -0.0412 -0.9586
vn 0.2816 -0.0411 -0.9587
vn 0.2816 -0.0415 -0.9586
vn 0.2816 -0.0416 -0.9586
vn 0.2813 -0.0441 -0.9586
vn 0.9992 -0.0384 -0.0067
vn 0.9993 -0.0364 -0.0051
vn 0.9994 -0.0350 -0.0047
vn 0.9995 -0.0300 -0.0050
vn 0.9995 -0.0297 -0.0049
vn 0.4096 -0.0282 -0.9118
vn 0.4055 -0.0279 -0.9137
vn 0.0962 -0.0322 -0.9948
vn 0.9988 -0.0497 -0.0045
vn 0.9989 -0.0474 -0.0048
vn 0.9996 -0.0282 -0.0050
vn 0.9992 -0.0409 -0.0043
vn -0.2454 0.0470 0.9683
vn -0.0958 0.0316 0.9949
vn -0.2475 0.0475 0.9677
vn -0.1465 0.0408 0.9884
vn 0.0291 0.0360 0.9989
vn -0.9994 0.0356 0.0050
vn -0.9996 0.0262 0.0041
vn -0.9999 0.0132 0.0059
vn -0.9995 0.0311 0.0052
vn -0.9995 0.0319 0.0050
vn -0.9993 0.0356 0.0058
vn -0.9993 0.0378 0.0050
vn -0.9992 0.0340 -0.0196
vn -0.9988 0.0321 -0.0359
vn -0.9993 0.0359 0.0048
vn -0.0480 -0.0288 -0.9984
vn -0.0265 -0.0257 -0.9993
vn 0.9272 -0.0530 -0.3708
vn 0.9209 -0.0532 -0.3861
vn 0.3076 -0.0404 -0.9507
vn 0.2818 -0.0391 -0.9587
vn -0.1361 0.0272 0.9903
vn -0.1359 0.0315 0.9902
vn -0.1356 0.0385 0.9900
vn -0.1357 0.0375 0.9900
vn -0.1358 0.0384 0.9900
vn -0.1356 0.0359 0.9901
vn -0.1355 0.0377 0.9901
vn -0.0450 -0.9988 0.0212
vn -0.0450 -0.9988 0.0208
vn -0.0451 -0.9987 0.0219
vn -0.0449 -0.9988 0.0208
vn -0.0270 -0.0252 -0.9993
vn -0.0277 -0.0302 -0.9992
vn -0.0273 -0.0310 -0.9991
vn -0.0271 -0.0310 -0.9991
vn -0.0273 -0.0316 -0.9991
vn -0.0272 -0.0310 -0.9992
vn -0.0273 -0.0328 -0.9991
vn -0.0276 -0.0409 -0.9988
vn 0.0453 0.9987 -0.0211
vn 0.0452 0.9987 -0.0214
vn 0.0453 0.9988 -0.0207
vn 0.0449 0.9988 -0.0209
vn -0.9991 0.0426 0.0048
vn -0.9985 0.0552 0.0045
vn -0.9995 0.0323 0.0050
vn -0.9993 0.0374 0.0049
vn -0.9993 0.0375 0.0047
vn -0.9994 0.0341 0.0049
vn -0.9994 0.0350 0.0050
vn -0.0471 -0.9987 0.0209
vn -0.0455 -0.9987 0.0210
vn 0.9996 -0.0282 -0.0049
vn 0.9993 -0.0373 -0.0048
vn 0.9993 -0.0369 -0.0050
vn 0.9993 -0.0364 -0.0049
vn 0.9996 -0.0276 -0.0050
vn 0.9993 -0.0367 -0.0047
vn 0.0454 0.9988 -0.0208
vn 0.0456 0.9987 -0.0208
vn -0.2455 0.0448 0.9684
vn -0.0950 0.0415 0.9946
vn -0.2474 0.0456 0.9678
vn -0.1456 0.0554 0.9878
vn -0.1347 0.0612 0.9890
vn 0.0287 0.0382 0.9989
vn -0.9962 0.0870 0.0038
vn -0.9960 0.0891 0.0027
vn -0.9963 0.0863 0.0039
vn -0.9984 0.0570 0.0042
vn -0.9997 0.0240 0.0056
vn -0.9981 0.0612 0.0044
vn -0.9982 0.0604 0.0043
vn -0.9994 0.0346 0.0048
vn -0.9995 0.0317 0.0055
vn -0.9994 0.0330 0.0051
vn -0.9991 0.0364 -0.0201
vn -0.9988 0.0340 -0.0363
vn -0.9996 0.0286 0.0046
vn -0.9996 0.0277 0.0050
vn -0.0936 -0.0288 -0.9952
vn -0.0261 -0.0192 -0.9995
vn -0.0264 -0.0189 -0.9995
vn 0.9271 -0.0585 -0.3702
vn 0.9207 -0.0580 -0.3859
vn 0.3075 -0.0335 -0.9509
vn 0.2818 -0.0321 -0.9589
vn 0.9994 -0.0340 -0.0070
vn 0.9995 -0.0310 -0.0053
vn 0.9994 -0.0341 -0.0047
vn 0.9994 -0.0335 -0.0048
vn 0.9994 -0.0334 -0.0048
vn 0.4101 -0.0158 -0.9119
vn 0.4062 -0.0156 -0.9137
vn 0.0975 -0.0179 -0.9951
vn 0.9971 -0.0761 -0.0039
vn 0.9976 -0.0689 -0.0043
vn 0.9990 -0.0445 -0.0045
vn 0.9996 -0.0285 -0.0050
vn 0.9996 -0.0277 -0.0050
vn 0.9997 -0.0238 -0.0042
vn 0.0456 0.9987 -0.0224
vn 0.0457 0.9987 -0.0209
vn 0.8910 -0.0229 0.4534
vn 0.8911 -0.0224 0.4533
vn 0.8908 -0.0203 0.4540
vn 0.8906 -0.0183 0.4544
vn 0.8906 -0.0181 0.4544
vn 0.8905 -0.0179 0.4547
vn 0.8902 -0.0182 0.4552
vn 0.8908 -0.0209 0.4540
vn 0.8915 -0.0046 0.4530
vn -0.0467 -0.9987 0.0209
vn -0.0468 -0.9987 0.0210
vn -0.0435 -0.9989 0.0162
vn -0.0460 -0.9987 0.0209
vn -0.0432 -0.9990 0.0149
vn -0.0421 -0.9989 0.0192
vn -0.0419 -0.9989 0.0197
vn -0.0502 -0.0324 -0.9982
vn -0.0444 -0.0302 -0.9986
vn -0.0440 -0.0303 -0.9986
vn -0.0728 -0.0291 -0.9969
vn -0.0634 -0.0297 -0.9975
vn -0.0431 -0.0317 -0.9986
vn -0.0250 -0.0311 -0.9992
vn -0.0457 -0.0312 -0.9985
vn -0.0441 -0.0315 -0.9985
vn 0.0445 0.9988 -0.0207
vn 0.0457 0.9987 -0.0225
vn -0.0408 -0.9990 0.0208
vn -0.0411 -0.9989 0.0208
vn 0.0259 0.0311 0.9992
vn 0.1986 0.0278 0.9797
vn 0.1984 0.0235 0.9798
vn 0.0266 0.0295 0.9992
vn 0.0387 0.9990 -0.0209
vn 0.0383 0.9990 -0.0209
vn -0.0449 -0.0314 -0.9985
vn -0.0269 -0.0306 -0.9992
vn -0.0107 -0.0409 -0.9991
vn -0.9340 0.0213 -0.3565
vn -0.9339 0.0242 -0.3568
vn -0.9281 0.0234 -0.3717
vn -0.9281 0.0207 -0.3718
vn 0.9992 -0.0393 -0.0046
vn 0.9992 -0.0391 -0.0047
vn -0.0432 -0.9988 0.0211
vn -0.0451 -0.9988 0.0212
vn -0.0434 -0.9988 0.0209
vn -0.9992 0.0408 0.0053
vn -0.9992 0.0391 0.0051
vn -0.9992 0.0392 0.0049
vn -0.9992 0.0408 0.0048
vn 0.0440 0.9988 -0.0213
vn 0.0445 0.9988 -0.0211
vn 0.0451 0.9988 -0.0213
vn 0.9995 -0.0299 -0.0050
vn 0.9997 -0.0251 -0.0050
vn 0.9995 -0.0314 -0.0056
vn 0.9997 -0.0253 -0.0060
vn -0.0447 -0.9988 0.0208
vn -0.0449 -0.9988 0.0211
vn -0.0451 -0.9988 0.0213
vn -0.9993 0.0367 0.0052
vn -0.9993 0.0362 0.0052
vn -0.9993 0.0360 0.0051
vn -0.9993 0.0366 0.0051
vn 0.0453 0.9987 -0.0220
vn 0.0443 0.9988 -0.0208
vn 0.0462 0.9987 -0.0213
vn 0.0451 0.9987 -0.0218
vn 0.9993 -0.0375 -0.0060
vn 0.9993 -0.0379 -0.0057
vn 0.9993 -0.0375 -0.0054
vn -0.4502 -0.0054 -0.8929
vn -0.4505 -0.0102 -0.8927
vn -0.4466 -0.0108 -0.8947
vn -0.4463 -0.0055 -0.8949
vn 0.0456 0.9987 -0.0210
vn 0.0446 0.9988 -0.0214
vn 0.2967 0.0189 0.9548
vn 0.2965 0.0160 0.9549
vn 0.2944 0.0158 0.9555
vn 0.2946 0.0190 0.9554
vn -0.0448 -0.9988 0.0213
vn -0.0449 -0.9988 0.0210
vn 0.2967 0.0182 0.9548
vn 0.2968 0.0201 0.9547
vn 0.2946 0.0201 0.9554
vn 0.2945 0.0184 0.9555
vn 0.0267 0.0310 0.9992
vn 0.1985 0.0241 0.9798
vn 0.1985 0.0247 0.9798
vn 0.0275 0.0307 0.9992
vn 0.9993 -0.0373 -0.0054
vn 0.9993 -0.0369 -0.0058
vn 0.9993 -0.0370 -0.0052
vn 0.9993 -0.0369 -0.0057
vn 0.9993 -0.0370 -0.0059
vn 0.9993 -0.0367 -0.0050
vn 0.9993 -0.0365 -0.0049
vn -0.1374 -0.0277 -0.9901
vn -0.0271 -0.0317 -0.9991
vn -0.0272 -0.0315 -0.9991
vn -0.0884 -0.0289 -0.9957
vn -0.9282 0.0221 -0.3715
vn -0.9339 0.0229 -0.3567
vn -0.9339 0.0232 -0.3567
vn -0.9282 0.0226 -0.3713
vn -0.9993 0.0369 0.0051
vn -0.9993 0.0367 0.0054
vn -0.9993 0.0363 0.0053
vn -0.4466 -0.0123 -0.8946
vn -0.4506 -0.0121 -0.8927
vn -0.4504 -0.0123 -0.8928
vn -0.4465 -0.0125 -0.8947
vn -0.9993 0.0377 0.0052
vn -0.9993 0.0377 0.0053
vn -0.9992 0.0400 0.0055
vn -0.9992 0.0397 0.0051
vn 0.2968 0.0196 0.9547
vn 0.2946 0.0196 0.9554
vn 0.2946 0.0192 0.9554
vn 0.0279 0.0319 0.9991
vn 0.1985 0.0254 0.9798
vn 0.0268 0.0315 0.9991
vn 0.9992 -0.0396 -0.0048
vn 0.9993 -0.0380 -0.0055
vn 0.9993 -0.0372 -0.0065
vn 0.9993 -0.0374 -0.0063
vn 0.9993 -0.0373 -0.0055
vn 0.9993 -0.0365 -0.0048
vn 0.9994 -0.0353 -0.0048
vn 0.9994 -0.0356 -0.0048
vn -0.0748 -0.0309 -0.9967
vn -0.0274 -0.0316 -0.9991
vn -0.0270 -0.0308 -0.9992
vn -0.0701 -0.0294 -0.9971
vn -0.9281 0.0220 -0.3718
vn -0.9281 0.0226 -0.3718
vn -0.9339 0.0233 -0.3567
vn -0.9340 0.0223 -0.3566
vn -0.9993 0.0364 0.0051
vn -0.9993 0.0366 0.0052
vn -0.9993 0.0367 0.0055
vn -0.9993 0.0372 0.0050
vn -0.4466 -0.0129 -0.8946
vn -0.4506 -0.0128 -0.8926
vn -0.4505 -0.0118 -0.8927
vn -0.4465 -0.0120 -0.8947
vn -0.9993 0.0374 0.0047
vn -0.9992 0.0387 0.0044
vn -0.9993 0.0365 0.0046
vn -0.0439 -0.9988 0.0208
vn -0.0441 -0.9988 0.0207
vn 0.9994 -0.0352 -0.0048
vn 0.9998 -0.0185 -0.0052
vn 0.9999 -0.0123 -0.0045
vn 0.9996 -0.0293 -0.0031
vn 0.9991 -0.0423 -0.0020
vn 0.9993 -0.0377 -0.0036
vn 0.9991 -0.0421 -0.0047
vn 0.9993 -0.0365 -0.0038
vn 0.9992 -0.0395 -0.0037
vn 0.0433 0.9988 -0.0209
vn 0.0448 0.9988 -0.0209
vn -0.9993 0.0370 0.0054
vn -0.9993 0.0371 0.0049
vn -0.9993 0.0367 0.0046
vn -0.9994 0.0354 0.0048
vn -0.9994 0.0353 0.0048
vn -0.9993 0.0371 0.0054
vn -0.9992 0.0398 0.0049
vn -0.9991 0.0410 0.0053
vn -0.0450 -0.9988 0.0207
vn -0.0453 -0.9988 0.0208
vn -0.0445 -0.9988 0.0206
vn 0.9994 -0.0350 -0.0045
vn 0.9995 -0.0316 -0.0044
vn 0.9994 -0.0343 -0.0044
vn 0.9993 -0.0372 -0.0041
vn 0.9993 -0.0365 -0.0044
vn 0.9993 -0.0379 -0.0043
vn 0.0457 0.9987 -0.0204
vn 0.0454 0.9988 -0.0205
vn 0.0449 0.9988 -0.0210
vn -0.9993 0.0373 0.0045
vn -0.9994 0.0352 0.0049
vn -0.9993 0.0371 0.0051
vn -0.9992 0.0404 0.0047
vn 0.1472 0.0164 0.9890
vn 0.1476 0.0259 0.9887
vn 0.1478 0.0265 0.9887
vn 0.1478 0.0261 0.9887
vn 0.1490 0.0263 0.9885
vn 0.1499 0.0252 0.9884
vn 0.0458 0.9987 -0.0209
vn 0.0465 0.9987 -0.0210
vn 0.0442 0.9988 -0.0216
vn 0.0442 0.9988 -0.0208
vn 0.0441 0.9988 -0.0211
vn -0.1476 -0.0259 -0.9887
vn -0.1475 -0.0250 -0.9887
vn -0.1487 -0.0263 -0.9885
vn -0.1479 -0.0266 -0.9886
vn -0.1489 -0.0268 -0.9885
vn -0.1490 -0.0288 -0.9884
vn -0.0447 -0.9988 0.0212
vn -0.0446 -0.9988 0.0211
vn -0.0448 -0.9988 0.0207
vn -0.0443 -0.9988 0.0208
vn -0.0445 -0.9988 0.0208
vn -0.0441 -0.9988 0.0208
vn 0.9995 -0.0309 -0.0049
vn 0.9997 -0.0259 -0.0049
vn 0.9992 -0.0395 -0.0047
vn 0.9993 -0.0368 -0.0047
vn 0.9993 -0.0370 -0.0048
vn 0.0445 0.9988 -0.0209
vn -0.9993 0.0364 0.0047
vn -0.9992 0.0396 0.0045
vn -0.9992 0.0393 0.0045
vn -0.9992 0.0395 0.0047
vn -0.9992 0.0398 0.0047
vn -0.3542 -0.0175 -0.9350
vn -0.3540 -0.0185 -0.9351
vn 0.9988 -0.0387 -0.0292
vn 0.9989 -0.0380 -0.0291
vn 0.9989 -0.0377 -0.0291
vn 0.9989 -0.0377 -0.0289
vn 0.9989 -0.0381 -0.0289
vn 0.0436 0.9988 -0.0208
vn -0.3543 -0.0141 -0.9350
vn -0.3546 -0.0173 -0.9349
vn -0.3540 -0.0135 -0.9352
vn -0.3541 -0.0170 -0.9351
vn -0.4466 -0.0123 -0.8947
vn -0.4505 -0.0120 -0.8927
vn -0.1476 -0.0264 -0.9887
vn -0.9993 0.0366 0.0049
vn -0.9993 0.0370 0.0056
vn -0.9993 0.0369 0.0052
vn 0.2946 0.0202 0.9554
vn 0.1483 0.0266 0.9886
vn 0.0266 0.0311 0.9992
vn 0.1985 0.0242 0.9798
vn 0.9993 -0.0364 -0.0038
vn 0.9993 -0.0370 -0.0043
vn 0.9993 -0.0368 -0.0050
vn 0.9993 -0.0370 -0.0064
vn 0.9993 -0.0369 -0.0052
vn 0.9989 -0.0377 -0.0290
vn -0.0275 -0.0322 -0.9991
vn -0.0784 -0.0309 -0.9964
vn -0.9281 0.0222 -0.3716
vn -0.9340 0.0229 -0.3567
vn -0.3541 -0.0138 -0.9351
vn -0.0458 -0.9987 0.0210
vn 0.9993 -0.0370 -0.0047
vn 0.0466 0.9987 -0.0211
vn -0.9993 0.0364 0.0049
vn -0.9993 0.0362 0.0049
vn 0.9982 -0.0395 -0.0456
vn 0.9982 -0.0387 -0.0457
vn 0.9982 -0.0384 -0.0456
vn 0.9982 -0.0382 -0.0456
vn 0.9982 -0.0383 -0.0456
vn 0.9982 -0.0388 -0.0457
vn -0.3292 -0.0187 -0.9441
vn -0.3292 -0.0183 -0.9441
vn -0.3292 -0.0179 -0.9441
vn -0.3292 -0.0180 -0.9441
vn -0.3292 -0.0188 -0.9441
vn -0.3292 -0.0195 -0.9441
vn -0.9993 0.0364 0.0059
vn -0.9994 0.0343 0.0052
vn -0.9994 0.0338 0.0048
vn -0.4508 -0.0146 -0.8925
vn -0.4468 -0.0152 -0.8945
vn -0.1483 -0.0333 -0.9884
vn -0.9998 0.0176 0.0055
vn -0.9999 0.0150 0.0054
vn -0.9998 0.0207 0.0046
vn -0.9997 0.0254 0.0050
vn -0.9992 0.0390 0.0041
vn 0.2947 0.0223 0.9553
vn 0.1500 0.0352 0.9881
vn 0.2969 0.0221 0.9547
vn 0.1988 0.0298 0.9796
vn 0.0269 0.0363 0.9990
vn 0.9992 -0.0407 -0.0048
vn 0.9997 -0.0248 -0.0026
vn 0.9997 -0.0243 -0.0057
vn 0.9995 -0.0313 -0.0049
vn 0.9995 -0.0320 -0.0049
vn 0.9994 -0.0355 -0.0051
vn 0.9993 -0.0360 -0.0050
vn 0.9989 -0.0363 -0.0289
vn 0.9983 -0.0369 -0.0458
vn 0.9993 -0.0383 -0.0047
vn 0.9993 -0.0384 -0.0049
vn -0.0576 -0.0273 -0.9980
vn -0.0273 -0.0370 -0.9989
vn -0.9339 0.0266 -0.3566
vn -0.9281 0.0256 -0.3716
vn -0.3542 -0.0138 -0.9351
vn -0.3289 -0.0150 -0.9442
vn 0.1880 0.0285 0.9818
vn 0.1881 0.0311 0.9816
vn 0.1879 0.0246 0.9819
vn 0.1879 0.0261 0.9818
vn 0.1879 0.0273 0.9818
vn 0.1879 0.0258 0.9819
vn 0.1878 0.0252 0.9819
vn 0.1880 0.0314 0.9817
vn 0.0452 0.9988 -0.0211
vn 0.0449 0.9988 -0.0207
vn 0.0452 0.9987 -0.0215
vn 0.0450 0.9987 -0.0218
vn -0.0273 -0.0364 -0.9990
vn -0.0267 -0.0318 -0.9991
vn -0.0269 -0.0314 -0.9991
vn -0.0266 -0.0308 -0.9992
vn -0.0270 -0.0297 -0.9992
vn -0.0271 -0.0303 -0.9992
vn -0.0450 -0.9988 0.0210
vn -0.0452 -0.9988 0.0207
vn 0.9994 -0.0354 -0.0048
vn 0.9998 -0.0191 -0.0052
vn 0.9993 -0.0370 -0.0045
vn 0.9993 -0.0368 -0.0049
vn 0.9992 -0.0405 -0.0049
vn 0.0432 0.9988 -0.0208
vn 0.0450 0.9988 -0.0208
vn 0.0442 0.9988 -0.0209
vn 0.0455 0.9987 -0.0209
vn -0.9997 0.0248 0.0048
vn -0.9993 0.0370 0.0050
vn -0.9993 0.0370 0.0049
vn -0.9992 0.0399 0.0050
vn -0.0449 -0.9988 0.0207
vn -0.0443 -0.9988 0.0209
vn 0.2948 0.0301 0.9551
vn 0.1498 0.0359 0.9881
vn 0.2972 0.0304 0.9543
vn 0.1981 0.0164 0.9801
vn 0.1871 0.0130 0.9822
vn 0.0261 0.0381 0.9989
vn 1.0000 0.0047 -0.0057
vn 0.9997 -0.0257 -0.0026
vn 1.0000 0.0053 -0.0059
vn 0.9999 -0.0154 -0.0062
vn 0.9995 -0.0314 -0.0050
vn 0.9995 -0.0323 -0.0049
vn 0.9992 -0.0403 -0.0049
vn 0.9994 -0.0334 -0.0054
vn 0.9993 -0.0376 -0.0051
vn 0.9990 -0.0339 -0.0290
vn 0.9984 -0.0345 -0.0458
vn 0.9993 -0.0375 -0.0048
vn 0.0100 -0.0124 -0.9999
vn -0.0268 -0.0306 -0.9992
vn -0.0270 -0.0295 -0.9992
vn -0.9341 0.0192 -0.3566
vn -0.9282 0.0180 -0.3716
vn -0.3542 -0.0157 -0.9350
vn -0.3293 -0.0165 -0.9441
vn -0.9993 0.0373 0.0059
vn -0.9994 0.0343 0.0054
vn -0.9992 0.0399 0.0046
vn -0.9986 0.0520 0.0046
vn -0.9986 0.0529 0.0045
vn -0.4507 -0.0071 -0.8926
vn -0.4469 -0.0076 -0.8946
vn -0.1485 -0.0354 -0.9883
vn -1.0000 -0.0054 0.0055
vn -1.0000 -0.0055 0.0060
vn -0.9998 0.0177 0.0048
vn -0.9997 0.0258 0.0051
vn -0.9996 0.0267 0.0051
vn -0.9984 0.0571 0.0043
vn -0.0459 -0.9987 0.0210
vn -0.0467 -0.9988 0.0175
vn -0.8808 0.0525 0.4706
vn -0.8811 0.0460 0.4707
vn -0.8810 0.0475 0.4708
vn -0.8810 0.0476 0.4708
vn -0.8810 0.0469 0.4707
vn -0.8808 0.0499 0.4709
vn -0.8800 0.0651 0.4705
vn -0.8815 0.0372 0.4706
vn 0.0453 0.9988 -0.0208
vn 0.0483 0.9987 -0.0140
vn 0.0471 0.9987 -0.0216
vn 0.0484 0.9988 -0.0116
vn 0.0477 0.9987 -0.0192
vn 0.0480 0.9987 -0.0198
vn -0.0149 -0.0281 -0.9995
vn -0.0398 -0.0320 -0.9987
vn -0.0003 -0.0330 -0.9995
vn -0.0130 -0.0313 -0.9994
vn -0.0111 -0.0320 -0.9994
vn -0.0085 -0.0334 -0.9994
vn -0.0374 -0.0310 -0.9988
vn -0.0449 -0.0304 -0.9985
vn -0.0469 -0.0289 -0.9985
vn -0.0479 -0.9987 0.0197
vn -0.0474 -0.9987 0.0198
vn -0.0467 -0.9988 0.0165
vn -0.1608 0.9824 -0.0956
vn -0.1777 0.9835 0.0347
vn -0.3467 0.9377 -0.0230
vn -0.2634 0.9483 -0.1768
vn -0.4765 0.8740 -0.0955
vn -0.3668 0.8935 -0.2592
vn -0.3914 0.9114 0.1274
vn -0.5477 0.8342 0.0642
vn -0.1933 0.9651 0.1766
vn -0.5896 0.7901 -0.1678
vn -0.4684 0.8151 -0.3409
vn -0.6912 0.6798 -0.2451
vn -0.5680 0.7068 -0.4217
vn -0.6715 0.7410 -0.0036
vn -0.7736 0.6288 -0.0780
vn -0.5919 0.7762 0.2173
vn -0.7223 0.6749 0.1508
vn -0.8238 0.5616 0.0775
vn -0.7463 0.5935 0.3012
vn -0.8478 0.4799 0.2256
vn -0.6134 0.6964 0.3725
vn -0.2058 0.9220 0.3281
vn -0.4226 0.8626 0.2782
vn -0.4387 0.7846 0.4381
vn -0.2137 0.8447 0.4907
vn -0.7704 0.5522 -0.3186
vn -0.6506 0.5793 -0.4909
vn -0.8218 0.4216 -0.3832
vn -0.7096 0.4513 -0.5412
vn -0.8505 0.5024 -0.1557
vn -0.9002 0.3671 -0.2342
vn -0.8516 0.2809 -0.4426
vn -0.7502 0.3227 -0.5772
vn -0.8465 0.1230 -0.5180
vn -0.7752 0.1960 -0.6006
vn -0.9230 0.2140 -0.3197
vn -0.9074 0.0421 -0.4182
vn -0.9503 0.2978 -0.0911
vn -0.9721 0.1378 -0.1901
vn -0.9527 -0.0469 -0.3001
vn -0.9979 0.0452 -0.0455
vn -0.9765 -0.1459 -0.1584
vn -0.9759 0.2110 0.0554
vn -0.8997 0.4365 -0.0028
vn -0.9240 0.3538 0.1447
vn -0.8468 0.3818 0.3703
vn -0.9235 0.2537 0.2877
vn -0.9737 0.1103 0.1995
vn -0.8946 0.1339 0.4264
vn -0.9425 -0.0008 0.3342
vn -0.8166 0.2626 0.5141
vn -0.9934 -0.0541 0.1007
vn -0.9703 -0.2419 -0.0097
vn -0.9608 -0.1508 0.2327
vn -0.9382 -0.3224 0.1256
vn -0.8763 -0.1300 0.4639
vn -0.9000 -0.2485 0.3580
vn -0.8862 -0.3903 0.2497
vn -0.8009 -0.3721 0.4691
vn -0.8188 -0.4466 0.3607
vn -0.7657 -0.2835 0.5774
vn -0.7469 0.1162 0.6547
vn -0.8276 -0.0104 0.5613
vn -0.7091 -0.1803 0.6817
vn -0.6242 -0.0589 0.7791
vn -0.2147 0.7379 0.6398
vn -0.4367 0.6807 0.5882
vn -0.6101 0.5961 0.5219
vn -0.4160 0.5639 0.7134
vn -0.5804 0.4796 0.6581
vn -0.2094 0.6190 0.7570
vn -0.7435 0.4961 0.4485
vn -0.7105 0.3799 0.5924
vn -0.5179 0.3396 0.7852
vn -0.6395 0.2373 0.7312
vn -0.5183 0.0660 0.8526
vn -0.4080 0.1770 0.8957
vn -0.1992 0.4921 0.8474
vn -0.3783 0.4298 0.8199
vn -0.2954 0.2763 0.9145
vn -0.1846 0.3632 0.9132
vn -0.0543 0.3102 0.9491
vn -0.1552 0.1523 0.9761
vn -0.2615 0.0233 0.9649
vn -0.0118 0.0601 0.9981
vn -0.1121 -0.0993 0.9887
vn 0.0854 0.2477 0.9651
vn -0.3628 -0.1021 0.9262
vn -0.4647 -0.2290 0.8553
vn -0.2085 -0.2374 0.9488
vn -0.3054 -0.3641 0.8798
vn 0.0319 -0.1998 0.9793
vn -0.0618 -0.3445 0.9367
vn -0.1550 -0.4692 0.8694
vn 0.0810 -0.4298 0.8993
vn -0.0115 -0.5521 0.8337
vn 0.1772 -0.2863 0.9416
vn 0.2308 0.1751 0.9571
vn 0.1303 -0.0277 0.9911
vn 0.2787 -0.1141 0.9536
vn 0.3820 0.0907 0.9197
vn -0.5544 -0.3446 0.7576
vn -0.6257 -0.4374 0.6459
vn -0.3983 -0.4746 0.7849
vn -0.4841 -0.5643 0.6687
vn -0.6834 -0.5153 0.5171
vn -0.7462 -0.5640 0.3537
vn -0.5682 -0.6360 0.5221
vn -0.6533 -0.6776 0.3378
vn -0.3438 -0.6664 0.6616
vn -0.4415 -0.7387 0.5093
vn -0.5381 -0.7827 0.3129
vn -0.2964 -0.8280 0.4759
vn -0.3959 -0.8758 0.2761
vn -0.1980 -0.7516 0.6292
vn -0.2487 -0.5763 0.7785
vn -0.1036 -0.6586 0.7454
vn 0.1289 -0.6177 0.7758
vn 0.0380 -0.7246 0.6882
vn -0.0524 -0.8170 0.5742
vn 0.1781 -0.7750 0.6063
vn 0.0869 -0.8618 0.4997
vn 0.2712 -0.6680 0.6930
vn -0.1462 -0.8932 0.4252
vn -0.2417 -0.9422 0.2320
vn -0.0073 -0.9316 0.3634
vn -0.0984 -0.9775 0.1864
vn 0.2281 -0.8883 0.3985
vn 0.1297 -0.9485 0.2892
vn 0.0363 -0.9894 0.1404
vn 0.2633 -0.9484 0.1767
vn 0.1607 -0.9824 0.0956
vn 0.3668 -0.8935 0.2591
vn 0.4186 -0.7005 0.5780
vn 0.3223 -0.8078 0.4936
vn 0.4684 -0.8151 0.3410
vn 0.5678 -0.7068 0.4220
vn 0.5179 0.0056 0.8554
vn 0.4172 -0.1911 0.8885
vn 0.3173 -0.3567 0.8787
vn 0.5348 -0.2513 0.8068
vn 0.4481 -0.4087 0.7951
vn 0.6246 -0.0694 0.7779
vn 0.2216 -0.4960 0.8395
vn 0.3620 -0.5443 0.7567
vn 0.5782 -0.4438 0.6846
vn 0.5058 -0.5745 0.6435
vn 0.6506 -0.5793 0.4909
vn 0.7096 -0.4513 0.5412
vn 0.7094 -0.1365 0.6914
vn 0.6402 -0.3011 0.7067
vn 0.7501 -0.3227 0.5772
vn 0.7752 -0.1960 0.6005
vn 0.8465 -0.1230 0.5180
vn 0.8516 -0.2808 0.4426
vn 0.8218 -0.4216 0.3832
vn 0.9230 -0.2141 0.3197
vn 0.9002 -0.3671 0.2342
vn 0.9074 -0.0422 0.4182
vn 0.7704 -0.5522 0.3187
vn 0.6913 -0.6798 0.2450
vn 0.8506 -0.5023 0.1557
vn 0.7737 -0.6288 0.0780
vn 0.9503 -0.2977 0.0912
vn 0.8997 -0.4364 0.0027
vn 0.8238 -0.5615 -0.0777
vn 0.9241 -0.3538 -0.1447
vn 0.8478 -0.4798 -0.2258
vn 0.9759 -0.2111 -0.0554
vn 0.9527 0.0469 0.3001
vn 0.9720 -0.1378 0.1901
vn 0.9979 -0.0452 0.0454
vn 0.9765 0.1459 0.1584
vn 0.5897 -0.7900 0.1678
vn 0.4765 -0.8740 0.0954
vn 0.6716 -0.7409 0.0036
vn 0.5476 -0.8342 -0.0642
vn 0.3466 -0.9377 0.0230
vn 0.1777 -0.9835 -0.0347
vn 0.3914 -0.9114 -0.1274
vn 0.1934 -0.9651 -0.1765
vn 0.5919 -0.7762 -0.2173
vn 0.4226 -0.8625 -0.2782
vn 0.2059 -0.9220 -0.3281
vn 0.4388 -0.7846 -0.4381
vn 0.2138 -0.8447 -0.4907
vn 0.6134 -0.6964 -0.3725
vn 0.7223 -0.6750 -0.1509
vn 0.7463 -0.5935 -0.3012
vn 0.8468 -0.3818 -0.3703
vn 0.7435 -0.4961 -0.4486
vn 0.6101 -0.5961 -0.5219
vn 0.7104 -0.3799 -0.5924
vn 0.5804 -0.4797 -0.6581
vn 0.8166 -0.2626 -0.5141
vn 0.4367 -0.6807 -0.5882
vn 0.2148 -0.7379 -0.6398
vn 0.4161 -0.5639 -0.7134
vn 0.2094 -0.6189 -0.7570
vn 0.5179 -0.3396 -0.7852
vn 0.3784 -0.4297 -0.8199
vn 0.1991 -0.4921 -0.8474
vn 0.2954 -0.2763 -0.9146
vn 0.1846 -0.3630 -0.9133
vn 0.4080 -0.1770 -0.8957
vn 0.7469 -0.1162 -0.6547
vn 0.6395 -0.2374 -0.7312
vn 0.5183 -0.0659 -0.8527
vn 0.6244 0.0584 -0.7789
vn 0.9703 0.2418 0.0098
vn 0.9934 0.0541 -0.1007
vn 0.9737 -0.1104 -0.1995
vn 0.9608 0.1508 -0.2327
vn 0.9425 0.0007 -0.3342
vn 0.9382 0.3224 -0.1257
vn 0.9235 -0.2537 -0.2877
vn 0.8946 -0.1340 -0.4264
vn 0.8763 0.1300 -0.4639
vn 0.8276 0.0104 -0.5613
vn 0.7091 0.1804 -0.6817
vn 0.7657 0.2835 -0.5773
vn 0.8862 0.3903 -0.2497
vn 0.9000 0.2485 -0.3581
vn 0.8009 0.3722 -0.4690
vn 0.8188 0.4466 -0.3607
vn 0.7462 0.5640 -0.3537
vn 0.6834 0.5153 -0.5171
vn 0.6256 0.4374 -0.6460
vn 0.5682 0.6360 -0.5221
vn 0.4841 0.5643 -0.6687
vn 0.6533 0.6776 -0.3378
vn 0.5543 0.3445 -0.7576
vn 0.4647 0.2290 -0.8553
vn 0.3983 0.4746 -0.7849
vn 0.3054 0.3641 -0.8798
vn 0.3439 0.6664 -0.6615
vn 0.2486 0.5763 -0.7785
vn 0.1550 0.4692 -0.8694
vn 0.1036 0.6585 -0.7454
vn 0.0121 0.5518 -0.8339
vn 0.1980 0.7516 -0.6292
vn 0.5381 0.7826 -0.3129
vn 0.4415 0.7387 -0.5093
vn 0.2964 0.8280 -0.4759
vn 0.3954 0.8759 -0.2764
vn 0.3628 0.1021 -0.9262
vn 0.2615 -0.0234 -0.9649
vn 0.2085 0.2374 -0.9488
vn 0.1121 0.0993 -0.9887
vn 0.1552 -0.1523 -0.9761
vn 0.0543 -0.3102 -0.9491
vn 0.0119 -0.0601 -0.9981
vn -0.0854 -0.2478 -0.9651
vn -0.0319 0.1998 -0.9793
vn -0.1303 0.0278 -0.9911
vn -0.2308 -0.1751 -0.9571
vn -0.2787 0.1141 -0.9536
vn -0.3820 -0.0908 -0.9197
vn -0.1772 0.2863 -0.9416
vn 0.0619 0.3445 -0.9367
vn -0.0809 0.4298 -0.8993
vn -0.1287 0.6177 -0.7758
vn -0.2217 0.4960 -0.8395
vn -0.3174 0.3567 -0.8787
vn -0.3621 0.5443 -0.7567
vn -0.4481 0.4087 -0.7951
vn -0.2712 0.6680 -0.6930
vn -0.4172 0.1911 -0.8885
vn -0.5180 -0.0055 -0.8554
vn -0.5347 0.2513 -0.8068
vn -0.6246 0.0694 -0.7779
vn -0.5782 0.4438 -0.6847
vn -0.6402 0.3010 -0.7068
vn -0.7094 0.1365 -0.6915
vn -0.4185 0.7005 -0.5781
vn -0.5058 0.5745 -0.6435
vn 0.2417 0.9422 -0.2319
vn 0.1463 0.8932 -0.4253
vn 0.0524 0.8170 -0.5742
vn 0.0073 0.9316 -0.3634
vn -0.0869 0.8619 -0.4996
vn 0.0984 0.9775 -0.1864
vn -0.0379 0.7245 -0.6882
vn -0.1781 0.7751 -0.6062
vn -0.2281 0.8883 -0.3985
vn -0.3223 0.8079 -0.4935
vn -0.0362 0.9894 -0.1404
vn -0.1297 0.9485 -0.2892
vn -0.7875 -0.0075 -0.6162
vn -0.7036 -0.1062 -0.7027
vn -0.8472 -0.1197 -0.5176
vn -0.7588 -0.2510 -0.6011
vn -0.5995 -0.2001 -0.7749
vn -0.4657 -0.2927 -0.8351
vn -0.6507 -0.3608 -0.6681
vn -0.5183 -0.4573 -0.7227
vn -0.7922 -0.3725 -0.4835
vn -0.6787 -0.4915 -0.5458
vn -0.5467 -0.5888 -0.5953
vn -0.6891 -0.5984 -0.4086
vn -0.5563 -0.6944 -0.4565
vn -0.8066 -0.4793 -0.3458
vn -0.8868 -0.2260 -0.4031
vn -0.9062 -0.3304 -0.2638
vn -0.3128 -0.3743 -0.8729
vn -0.1573 -0.4360 -0.8861
vn -0.3656 -0.5362 -0.7608
vn -0.1991 -0.5926 -0.7805
vn 0.0077 -0.4823 -0.8760
vn -0.0083 -0.6254 -0.7803
vn -0.2223 -0.7203 -0.6571
vn -0.0193 -0.7488 -0.6625
vn -0.0242 -0.8568 -0.5151
vn -0.2305 -0.8273 -0.5124
vn -0.3955 -0.6656 -0.6329
vn -0.4055 -0.7709 -0.4913
vn -0.5491 -0.7785 -0.3041
vn -0.3969 -0.8539 -0.3366
vn -0.2243 -0.9081 -0.3536
vn -0.3690 -0.9142 -0.1676
vn -0.2036 -0.9607 -0.1887
vn -0.5234 -0.8416 -0.1336
vn -0.0237 -0.9353 -0.3531
vn -0.0169 -0.9806 -0.1954
vn -0.1651 -0.9862 -0.0087
vn -0.0053 -0.9994 -0.0348
vn -0.4744 -0.8783 0.0601
vn -0.3192 -0.9474 0.0219
vn -0.8995 -0.4221 -0.1128
vn -0.8004 -0.5672 -0.1939
vn -0.8702 -0.4916 0.0337
vn -0.7745 -0.6316 -0.0346
vn -0.6834 -0.6834 -0.2567
vn -0.6604 -0.7457 -0.0888
vn -0.7261 -0.6728 0.1416
vn -0.6144 -0.7825 0.1010
vn -0.8183 -0.5449 0.1831
vn 0.8182 0.5450 -0.1831
vn 0.7261 0.6728 -0.1417
vn 0.8701 0.4916 -0.0337
vn 0.7745 0.6316 0.0346
vn 0.6144 0.7825 -0.1011
vn 0.4744 0.8783 -0.0601
vn 0.6604 0.7456 0.0888
vn 0.5233 0.8416 0.1336
vn 0.8004 0.5673 0.1939
vn 0.6834 0.6834 0.2567
vn 0.5491 0.7785 0.3041
vn 0.6891 0.5984 0.4086
vn 0.5563 0.6944 0.4564
vn 0.8066 0.4794 0.3458
vn 0.8995 0.4221 0.1129
vn 0.9063 0.3304 0.2637
vn 0.3191 0.9475 -0.0219
vn 0.1652 0.9862 0.0087
vn 0.3690 0.9142 0.1677
vn 0.2036 0.9607 0.1887
vn 0.0053 0.9994 0.0349
vn 0.0169 0.9806 0.1955
vn 0.2243 0.9081 0.3536
vn 0.0237 0.9353 0.3531
vn 0.0242 0.8568 0.5151
vn 0.2305 0.8273 0.5123
vn 0.3969 0.8539 0.3366
vn 0.4055 0.7709 0.4912
vn 0.5468 0.5888 0.5953
vn 0.3954 0.6656 0.6329
vn 0.2222 0.7203 0.6571
vn 0.3656 0.5362 0.7608
vn 0.1991 0.5927 0.7805
vn 0.5183 0.4573 0.7227
vn 0.0193 0.7489 0.6624
vn 0.0083 0.6254 0.7803
vn 0.1572 0.4360 0.8861
vn -0.0077 0.4823 0.8760
vn 0.4657 0.2926 0.8352
vn 0.3129 0.3743 0.8729
vn 0.8868 0.2260 0.4030
vn 0.7921 0.3725 0.4835
vn 0.8472 0.1197 0.5176
vn 0.7588 0.2510 0.6011
vn 0.6787 0.4915 0.5458
vn 0.6507 0.3608 0.6681
vn 0.7036 0.1063 0.7026
vn 0.5995 0.2002 0.7750
vn 0.7875 0.0075 0.6162
vn 0.2673 -0.4109 -0.8716
vn 0.2671 -0.4108 -0.8717
vn 0.2672 -0.4108 -0.8717
vn 0.4173 -0.2912 -0.8608
vn 0.4172 -0.2911 -0.8609
vn 0.5215 -0.1323 -0.8429
vn 0.5212 -0.1322 -0.8432
vn 0.5208 -0.1320 -0.8434
vn 0.5682 0.0491 -0.8214
vn 0.5679 0.0492 -0.8216
vn 0.5532 0.2339 -0.7995
vn 0.5531 0.2339 -0.7996
vn 0.4796 0.4031 -0.7794
vn 0.4795 0.4030 -0.7795
vn 0.3549 0.5404 -0.7629
vn 0.3546 0.5402 -0.7632
vn 0.1909 0.6304 -0.7524
vn 0.1911 0.6308 -0.7520
vn 0.0063 0.6663 -0.7457
vn 0.0063 0.6667 -0.7453
vn -0.1804 0.6441 -0.7433
vn -0.1805 0.6447 -0.7429
vn -0.1805 0.6444 -0.7431
vn -0.3500 0.5671 -0.7456
vn -0.3502 0.5674 -0.7453
vn -0.4865 0.4453 -0.7517
vn -0.4866 0.4454 -0.7516
vn -0.5774 0.2914 -0.7626
vn -0.5778 0.2916 -0.7623
vn -0.6182 0.1212 -0.7766
vn -0.6183 0.1212 -0.7766
vn -0.6054 -0.0510 -0.7942
vn -0.6055 -0.0510 -0.7942
vn -0.5408 -0.2108 -0.8143
vn -0.5409 -0.2109 -0.8142
vn -0.4293 -0.3452 -0.8346
vn -0.4293 -0.3453 -0.8346
vn -0.2785 -0.4414 -0.8530
vn -0.2784 -0.4412 -0.8531
vn -0.1005 -0.4877 -0.8672
vn 0.0879 -0.4784 -0.8737
vn 0.0879 -0.4783 -0.8738
vn 0.4968 -0.7829 -0.3744
vn 0.4389 -0.6879 -0.5780
vn 0.4455 -0.6986 -0.5599
vn 0.7344 -0.5831 -0.3473
vn 0.6592 -0.5088 -0.5537
vn 0.6670 -0.5162 -0.5372
vn 0.8929 -0.3230 -0.3136
vn 0.8092 -0.2725 -0.5205
vn 0.8158 -0.2762 -0.5080
vn 0.9600 -0.0330 -0.2782
vn 0.8754 -0.0060 -0.4834
vn 0.8785 -0.0068 -0.4776
vn 0.9342 0.2592 -0.2451
vn 0.8543 0.2645 -0.4475
vn 0.8529 0.2644 -0.4502
vn 0.8203 0.5290 -0.2175
vn 0.7493 0.5146 -0.4168
vn 0.7443 0.5122 -0.4285
vn 0.6273 0.7533 -0.1977
vn 0.5693 0.7213 -0.3944
vn 0.5620 0.7163 -0.4137
vn 0.3699 0.9101 -0.1868
vn 0.3295 0.8636 -0.3816
vn 0.3232 0.8548 -0.4059
vn 0.0711 0.9800 -0.1856
vn 0.0532 0.9239 -0.3789
vn 0.0505 0.9131 -0.4046
vn -0.2374 0.9519 -0.1936
vn -0.2295 0.8937 -0.3855
vn -0.2278 0.8838 -0.4088
vn -0.5197 0.8282 -0.2096
vn -0.4858 0.7773 -0.3997
vn -0.4813 0.7706 -0.4178
vn -0.7445 0.6262 -0.2317
vn -0.6885 0.5915 -0.4196
vn -0.6842 0.5883 -0.4310
vn -0.8919 0.3715 -0.2580
vn -0.8209 0.3596 -0.4436
vn -0.8186 0.3591 -0.4482
vn -0.9537 0.0917 -0.2866
vn -0.8761 0.1059 -0.4703
vn -0.8767 0.1058 -0.4692
vn -0.9298 -0.1893 -0.3157
vn -0.8541 -0.1483 -0.4985
vn -0.8571 -0.1497 -0.4929
vn -0.8241 -0.4504 -0.3436
vn -0.7582 -0.3841 -0.5268
vn -0.7625 -0.3880 -0.5177
vn -0.6429 -0.6718 -0.3680
vn -0.5943 -0.5837 -0.5532
vn -0.5985 -0.5905 -0.5414
vn -0.3970 -0.8327 -0.3860
vn -0.3723 -0.7287 -0.5748
vn -0.3749 -0.7382 -0.5607
vn -0.1047 -0.9129 -0.3945
vn -0.1083 -0.8014 -0.5882
vn -0.1082 -0.8131 -0.5720
vn 0.2053 -0.8973 -0.3909
vn 0.1725 -0.7889 -0.5898
vn 0.1761 -0.8010 -0.5721
vn 0.5316 -0.8426 -0.0864
vn 0.7728 -0.6319 -0.0590
vn 0.9315 -0.3627 -0.0267
vn 0.9978 -0.0652 0.0070
vn 0.9716 0.2335 0.0394
vn 0.8573 0.5103 0.0676
vn 0.6627 0.7435 0.0895
vn 0.4005 0.9105 0.1032
vn 0.0918 0.9901 0.1065
vn -0.2318 0.9678 0.0984
vn -0.5318 0.8431 0.0795
vn -0.7729 0.6324 0.0522
vn -0.9315 0.3633 0.0200
vn -0.9977 0.0660 -0.0138
vn -0.9715 -0.2327 -0.0460
vn -0.8573 -0.5094 -0.0742
vn -0.6629 -0.7424 -0.0964
vn -0.4008 -0.9095 -0.1101
vn -0.0922 -0.9893 -0.1133
vn 0.2315 -0.9671 -0.1052
vn 0.0561 -0.1044 0.9930
vn 0.0581 -0.1073 0.9925
vn 0.0560 -0.1043 0.9930
vn 0.0701 -0.1174 0.9906
vn 0.0704 -0.1175 0.9906
vn 0.0707 -0.1177 0.9905
vn 0.0637 -0.1096 0.9919
vn 0.0589 -0.1079 0.9924
vn 0.0589 -0.1077 0.9924
vn 0.0612 -0.1086 0.9922
vn 0.0586 -0.1076 0.9925
vn 0.0565 -0.1082 0.9925
vn 0.0580 -0.1078 0.9925
vn 0.0527 -0.1104 0.9925
vn 0.0578 -0.1078 0.9925
vn 0.0512 -0.1121 0.9924
vn 0.0689 -0.0953 0.9931
vn 0.0595 -0.1049 0.9927
vn 0.0581 -0.1081 0.9924
vn 0.0582 -0.1079 0.9925
vn 0.0587 -0.1071 0.9925
vn 0.0581 -0.1080 0.9925
vn 0.0585 -0.1106 0.9921
vn 0.0583 -0.1078 0.9925
vn 0.0605 -0.1124 0.9918
vn 0.0584 -0.1077 0.9925
vn 0.0620 -0.1127 0.9917
vn 0.0460 -0.0978 0.9941
vn 0.0458 -0.0976 0.9942
vn 0.0576 -0.1074 0.9925
vn 0.0608 -0.1071 0.9924
vn 0.0617 -0.1060 0.9924
vn 0.0585 -0.1073 0.9925
vn 0.0609 -0.1057 0.9925
vn 0.0475 -0.1198 0.9917
vn 0.0474 -0.1199 0.9917
vn 0.0575 -0.1091 0.9924
vn 0.0580 -0.1079 0.9925
vn 0.0582 -0.1078 0.9925
vn 0.0574 -0.1092 0.9924
vn 0.0581 -0.1110 0.9921
vn 0.6582 -0.6897 0.3018
vn 0.6293 -0.6537 0.4203
vn 0.6287 -0.6542 0.4204
vn 0.6639 -0.6996 0.2641
vn 0.7940 0.3870 0.4688
vn 0.8771 0.4585 0.1432
vn 0.8771 0.4566 0.1492
vn 0.8065 0.3980 0.4372
vn -0.6922 0.7176 -0.0767
vn -0.6552 0.6765 -0.3361
vn -0.6555 0.6763 -0.3361
vn -0.6877 0.7099 -0.1520
vn -0.5311 -0.8116 0.2436
vn -0.4942 -0.7710 0.4018
vn -0.4958 -0.7700 0.4016
vn -0.5282 -0.8077 0.2619
vn 0.5623 0.8212 -0.0972
vn 0.5241 0.7928 -0.3112
vn 0.5229 0.7935 -0.3112
vn 0.5658 0.8226 -0.0567
vn -0.8687 0.2767 0.4109
vn -0.9450 0.3105 0.1029
vn -0.9457 0.3100 0.0976
vn -0.8541 0.2693 0.4449
vn -0.1630 -0.9801 0.1129
vn -0.1242 -0.8821 0.4543
vn -0.1240 -0.8822 0.4543
vn -0.1634 -0.9807 0.1072
vn 0.1782 0.9818 0.0664
vn 0.1398 0.9240 -0.3558
vn 0.1394 0.9241 -0.3558
vn 0.1781 0.9818 0.0654
vn 0.3213 -0.9337 0.1580
vn 0.2991 -0.8358 0.4604
vn 0.2990 -0.8358 0.4604
vn 0.3214 -0.9421 0.0957
vn -0.3189 0.9435 0.0897
vn -0.3116 0.8774 -0.3648
vn -0.3231 0.9463 0.0089
vn 0.7688 -0.5727 0.2844
vn 0.7268 -0.5427 0.4209
vn 0.7259 -0.5443 0.4205
vn 0.7667 -0.5723 0.2908
vn -0.7989 0.5869 -0.1318
vn -0.7609 0.5623 -0.3239
vn -0.7616 0.5611 -0.3242
vn -0.8017 0.5866 -0.1149
vn -0.2941 -0.9148 0.2770
vn -0.3301 -0.9436 -0.0238
vn -0.3321 -0.9427 -0.0333
vn -0.2869 -0.9028 0.3204
vn 0.9691 -0.1847 0.1636
vn 0.8274 -0.1926 0.5276
vn 0.8273 -0.1929 0.5275
vn 0.9667 -0.1856 0.1759
vn -0.9844 0.1745 -0.0226
vn -0.8842 0.1926 -0.4256
vn -0.8842 0.1923 -0.4257
vn -0.9850 0.1727 -0.0053
vn 0.9252 0.3059 0.2244
vn 0.7950 0.2111 0.5687
vn 0.7951 0.2107 0.5687
vn 0.9264 0.3072 0.2176
vn -0.9408 -0.3332 -0.0620
vn -0.8485 -0.2426 -0.4703
vn -0.8484 -0.2428 -0.4703
vn -0.9405 -0.3316 -0.0747
vn 0.6737 0.6122 0.4140
vn 0.6412 0.5512 0.5340
vn 0.6423 0.5497 0.5341
vn 0.6753 0.6140 0.4086
vn -0.4105 0.7592 0.5050
vn -0.4634 0.8706 0.1652
vn -0.4639 0.8688 0.1734
vn -0.4196 0.7798 0.4647
vn -0.7009 -0.6685 -0.2485
vn -0.6711 -0.5935 -0.4443
vn -0.6701 -0.5946 -0.4444
vn -0.6988 -0.6649 -0.2638
vn 0.5637 0.7015 0.4360
vn 0.5296 0.6406 0.5560
vn 0.5303 0.6401 0.5559
vn 0.5581 0.6850 0.4683
vn -0.5808 -0.7399 -0.3394
vn -0.5507 -0.6837 -0.4788
vn -0.5504 -0.6840 -0.4788
vn -0.5863 -0.7631 -0.2721
vn 0.8852 -0.3301 0.3277
vn 0.9430 -0.3263 0.0646
vn 0.9433 -0.3268 0.0587
vn 0.8727 -0.3305 0.3595
vn 0.1954 0.9155 0.3517
vn 0.1850 0.7532 0.6312
vn 0.1959 0.8928 0.4057
vn -0.1946 -0.9465 -0.2574
vn -0.1897 -0.8157 -0.5465
vn -0.1914 -0.9646 -0.1815
vn -0.2993 0.8802 0.3682
vn -0.2403 0.7344 0.6347
vn -0.2398 0.7346 0.6347
vn -0.2990 0.8794 0.3706
vn 0.3189 -0.9253 -0.2055
vn 0.2626 -0.7952 -0.5465
vn 0.2632 -0.7950 -0.5465
vn 0.3188 -0.9252 -0.2059
vn -0.6441 0.6198 0.4483
vn -0.5988 0.5768 0.5556
vn -0.5975 0.5779 0.5560
vn -0.6490 0.6266 0.4315
vn -0.8114 -0.4886 0.3207
vn -0.8772 -0.4801 0.0103
vn -0.8764 -0.4812 0.0155
vn -0.8231 -0.4901 0.2870
vn 0.6900 -0.6752 -0.2609
vn 0.6313 -0.6163 -0.4708
vn 0.6323 -0.6154 -0.4706
vn 0.6837 -0.6656 -0.2993
vn -0.7527 0.5036 0.4240
vn -0.7163 0.4525 0.5312
vn -0.7146 0.4553 0.5311
vn -0.7443 0.4988 0.4442
vn 0.7848 -0.5387 -0.3063
vn 0.7578 -0.4907 -0.4300
vn 0.7587 -0.4894 -0.4300
vn 0.7944 -0.5451 -0.2680
vn 0.3435 0.8507 0.3979
vn 0.3485 0.9184 0.1871
vn 0.3478 0.9206 0.1779
vn 0.3437 0.8362 0.4273
vn -0.9477 0.1320 0.2907
vn -0.8206 0.0763 0.5663
vn -0.8205 0.0771 0.5664
vn -0.9403 0.1288 0.3151
vn 0.9742 -0.1499 -0.1689
vn 0.8861 -0.0989 -0.4529
vn 0.8861 -0.0983 -0.4528
vn 0.9785 -0.1532 -0.1380
vn -0.8979 -0.3548 0.2606
vn -0.7851 -0.3408 0.5172
vn -0.7853 -0.3400 0.5174
vn -0.9052 -0.3537 0.2355
vn 0.9349 0.3453 -0.0820
vn 0.8476 0.3472 -0.4013
vn 0.8474 0.3477 -0.4012
vn 0.9302 0.3485 -0.1152
vn -0.6473 -0.6970 0.3087
vn -0.6237 -0.6705 0.4017
vn -0.6257 -0.6683 0.4024
vn -0.6554 -0.6985 0.2873
vn 0.4645 -0.8502 0.2479
vn 0.4781 -0.8782 -0.0146
vn 0.4809 -0.8767 -0.0060
vn 0.4682 -0.8570 0.2155
vn 0.6921 0.7104 -0.1280
vn 0.6629 0.6875 -0.2964
vn 0.6619 0.6886 -0.2962
vn 0.6828 0.7111 -0.1677
vn 0.5880 -0.8074 0.0491
vn 0.6241 -0.7774 0.0783
vn 0.6007 -0.7973 0.0592
vn 0.6810 0.4130 0.6048
vn 0.6890 0.3983 0.6055
vn 0.6997 0.4097 0.5853
vn 0.6899 0.4242 0.5866
vn -0.5815 0.7832 0.2202
vn -0.5968 0.7744 0.2101
vn -0.6241 0.7576 0.1913
vn -0.2202 0.8546 0.4702
vn -0.2291 0.8532 0.4685
vn -0.2353 0.8522 0.4672
vn 0.1331 0.8713 0.4724
vn 0.1459 0.8705 0.4700
vn 0.1429 0.8707 0.4706
vn 0.4661 0.8509 0.2423
vn 0.5047 0.8351 0.2189
vn 0.4829 0.8443 0.2322
vn -0.7383 0.3288 0.5889
vn -0.7472 0.3107 0.5875
vn -0.7319 0.3027 0.6104
vn -0.7249 0.3206 0.6096
vn -0.4520 -0.8918 0.0208
vn -0.4667 -0.8839 0.0311
vn -0.4871 -0.8722 0.0457
vn -0.1264 -0.9551 -0.2680
vn -0.1358 -0.9544 -0.2659
vn -0.1389 -0.9541 -0.2652
vn 0.2461 -0.9335 -0.2607
vn 0.2609 -0.9305 -0.2569
vn 0.2543 -0.9319 -0.2586
vn -0.8806 0.4199 0.2196
vn -0.8710 0.4344 0.2295
vn -0.8561 0.4555 0.2440
vn -0.9879 0.1093 -0.1096
vn -0.9873 0.1177 -0.1070
vn -0.9869 0.1223 -0.1056
vn -0.9566 -0.2510 -0.1479
vn -0.9533 -0.2642 -0.1466
vn -0.9545 -0.2594 -0.1471
vn -0.7950 -0.5971 0.1069
vn -0.7653 -0.6318 0.1233
vn -0.7835 -0.6110 0.1134
vn 0.5420 -0.7311 0.4144
vn 0.5254 -0.7413 0.4177
vn 0.5335 -0.7528 0.3856
vn 0.5504 -0.7409 0.3848
vn 0.8074 0.5811 0.1027
vn 0.7962 0.5973 0.0967
vn 0.7804 0.6190 0.0885
vn 0.9261 0.2251 0.3029
vn 0.9240 0.2342 0.3024
vn 0.9229 0.2386 0.3022
vn 0.9558 -0.1242 0.2665
vn 0.9549 -0.1375 0.2630
vn 0.9552 -0.1334 0.2641
vn 0.8934 -0.4492 -0.0083
vn 0.8724 -0.4878 -0.0306
vn 0.8846 -0.4661 -0.0179
vn 0.4424 0.7172 0.5384
vn 0.4246 0.7257 0.5414
vn 0.4189 0.7067 0.5702
vn 0.4359 0.7004 0.5652
vn 0.4786 0.8456 0.2363
vn 0.4836 0.8420 0.2391
vn 0.4963 0.8325 0.2462
vn 0.1160 0.9920 -0.0494
vn 0.1191 0.9917 -0.0487
vn 0.1223 0.9913 -0.0481
vn -0.2709 0.9607 -0.0599
vn -0.2760 0.9594 -0.0591
vn -0.2745 0.9598 -0.0593
vn -0.5941 0.7756 0.2133
vn -0.6081 0.7622 0.2220
vn -0.5991 0.7709 0.2164
vn -0.6600 -0.5517 0.5099
vn -0.6639 -0.5453 0.5117
vn -0.6771 -0.5518 0.4869
vn -0.6722 -0.5582 0.4865
vn 0.6070 -0.7927 0.0571
vn 0.6128 -0.7884 0.0541
vn 0.6230 -0.7807 0.0487
vn 0.2683 -0.9223 0.2781
vn 0.2721 -0.9214 0.2776
vn 0.2734 -0.9210 0.2774
vn -0.0980 -0.9580 0.2695
vn -0.1045 -0.9577 0.2683
vn -0.1013 -0.9578 0.2689
vn -0.4723 -0.8810 0.0278
vn -0.4929 -0.8699 0.0173
vn -0.4780 -0.8780 0.0249
vn 0.7608 -0.4120 0.5014
vn 0.7643 -0.4053 0.5015
vn 0.7516 -0.4014 0.5234
vn 0.7492 -0.4080 0.5218
vn 0.8746 -0.4594 0.1549
vn 0.8683 -0.4698 0.1588
vn 0.8608 -0.4820 0.1635
vn 0.9909 -0.0931 -0.0976
vn 0.9904 -0.0987 -0.0971
vn 0.9901 -0.1015 -0.0969
vn 0.9578 0.2818 -0.0564
vn 0.9556 0.2895 -0.0540
vn 0.9564 0.2870 -0.0548
vn 0.7915 0.5524 0.2615
vn 0.7749 0.5695 0.2743
vn 0.7839 0.5603 0.2674
vn -0.4979 0.6550 0.5684
vn -0.4879 0.6599 0.5714
vn -0.4984 0.6781 0.5401
vn -0.5082 0.6710 0.5398
vn -0.8001 -0.5969 -0.0593
vn -0.7925 -0.6063 -0.0653
vn -0.7841 -0.6164 -0.0718
vn -0.9288 -0.2966 0.2222
vn -0.9273 -0.3023 0.2206
vn -0.9267 -0.3047 0.2199
vn -0.9615 0.0754 0.2641
vn -0.9609 0.0842 0.2637
vn -0.9611 0.0815 0.2639
vn -0.8881 0.4564 0.0546
vn -0.8753 0.4813 0.0468
vn -0.8821 0.4684 0.0509
vn -0.3933 -0.8421 0.3690
vn -0.3831 -0.8473 0.3679
vn -0.3735 -0.8358 0.4024
vn -0.3836 -0.8322 0.4004
vn 0.9051 -0.3295 0.2687
vn 0.9423 -0.3284 0.0652
vn 0.7647 -0.4135 0.4942
vn 0.7681 -0.4059 0.4952
vn 0.0693 -0.0949 0.9931
vn -0.4979 0.6855 0.5312
vn -0.5118 0.6764 0.5297
vn -0.4662 0.8672 0.1749
vn -0.4301 0.8067 0.4053
vn 0.0591 -0.1072 0.9925
vn 0.0586 -0.1071 0.9925
vn 0.0588 -0.1074 0.9925
vn 0.0584 -0.1076 0.9925
vn -0.3019 -0.9294 0.2123
vn -0.3323 -0.9429 -0.0218
vn -0.3966 -0.8453 0.3580
vn -0.3818 -0.8522 0.3577
vn 0.7044 0.4106 0.5789
vn 0.6930 0.4279 0.5802
vn 0.8759 0.4585 0.1501
vn 0.8282 0.4133 0.3784
vn 0.0586 -0.1079 0.9924
vn 0.0583 -0.1075 0.9925
vn 0.0584 -0.1069 0.9925
vn 0.0584 -0.1072 0.9925
vn -0.8893 0.2848 0.3578
vn -0.9442 0.3125 0.1040
vn -0.7428 0.3318 0.5815
vn -0.7519 0.3124 0.5805
vn 0.0472 -0.1200 0.9917
vn 0.5339 -0.7574 0.3759
vn 0.5532 -0.7441 0.3746
vn 0.4863 -0.8738 -0.0050
vn 0.4699 -0.8655 0.1732
vn 0.0587 -0.1078 0.9924
vn 0.0584 -0.1078 0.9925
vn 0.3428 0.8686 0.3578
vn 0.3539 0.9163 0.1875
vn 0.4444 0.7229 0.5291
vn 0.4239 0.7323 0.5330
vn 0.0457 -0.0975 0.9942
vn -0.6808 -0.5535 0.4798
vn -0.6763 -0.5603 0.4782
vn -0.8753 -0.4832 0.0162
vn -0.8401 -0.4900 0.2326
vn 0.0581 -0.1072 0.9925
vn 0.0583 -0.1076 0.9925
vn 0.0582 -0.1080 0.9925
vn 0.9104 -0.3288 0.2511
vn 0.9419 -0.3280 0.0719
vn 0.7765 -0.4186 0.4710
vn 0.7801 -0.4113 0.4714
vn 0.0697 -0.0945 0.9931
vn -0.5092 0.7024 0.4974
vn -0.5239 0.6932 0.4950
vn -0.4655 0.8655 0.1851
vn -0.4347 0.8180 0.3767
vn 0.0596 -0.1070 0.9925
vn 0.0585 -0.1071 0.9925
vn 0.0588 -0.1073 0.9925
vn 0.0559 -0.1070 0.9927
vn 0.0549 -0.1064 0.9928
vn -0.3066 -0.9343 0.1819
vn -0.3323 -0.9431 -0.0122
vn -0.4073 -0.8551 0.3208
vn -0.3918 -0.8621 0.3215
vn 0.0706 -0.1177 0.9905
vn 0.7150 0.4224 0.5571
vn 0.7031 0.4388 0.5595
vn 0.8749 0.4586 0.1554
vn 0.8340 0.4186 0.3594
vn 0.0590 -0.1089 0.9923
vn 0.0594 -0.1093 0.9922
vn 0.0587 -0.1065 0.9926
vn 0.0592 -0.1058 0.9926
vn -0.8958 0.2883 0.3382
vn -0.9435 0.3129 0.1095
vn -0.7564 0.3408 0.5584
vn -0.7662 0.3229 0.5557
vn 0.0473 -0.1199 0.9917
vn 0.5432 -0.7672 0.3411
vn 0.5618 -0.7538 0.3409
vn 0.4866 -0.8736 0.0054
vn 0.4720 -0.8678 0.1554
vn 0.0579 -0.1078 0.9925
vn 0.0593 -0.1076 0.9924
vn 0.0595 -0.1078 0.9924
vn 0.0585 -0.1080 0.9924
vn 0.3435 0.8750 0.3413
vn 0.3543 0.9140 0.1976
vn 0.4507 0.7406 0.4984
vn 0.4307 0.7505 0.5013
vn 0.0459 -0.0976 0.9942
vn -0.6935 -0.5602 0.4529
vn -0.6888 -0.5664 0.4525
vn -0.8751 -0.4835 0.0226
vn -0.8451 -0.4895 0.2149
vn 0.0591 -0.1059 0.9926
vn 0.0601 -0.1040 0.9928
vn -0.6184 0.1212 -0.7765
vn -0.5782 0.2917 -0.7620
vn -0.4867 0.4455 -0.7515
vn -0.3503 0.5676 -0.7450
vn -0.1805 0.6447 -0.7428
vn 0.0064 0.6671 -0.7449
vn 0.1912 0.6311 -0.7517
vn 0.3545 0.5400 -0.7634
vn 0.4794 0.4030 -0.7796
vn 0.5530 0.2339 -0.7997
vn 0.5676 0.0493 -0.8218
vn 0.5209 -0.1320 -0.8433
vn 0.2672 -0.4109 -0.8717
vn 0.2675 -0.4112 -0.8714
vn 0.0880 -0.4783 -0.8738
vn -0.1005 -0.4879 -0.8671
vn -0.2784 -0.4410 -0.8532
vn -0.5410 -0.2110 -0.8142
vn -0.4470 -0.7971 0.4061
vn -0.4389 -0.8012 0.4067
vn -0.4511 -0.7949 0.4058
vn -0.9311 0.3544 0.0862
vn -0.9261 0.3682 0.0817
vn -0.9267 0.3687 0.0729
vn -0.9320 0.3537 0.0793
vn -0.9287 0.3607 0.0862
vn -0.9261 0.3676 0.0848
vn -0.9281 0.3599 0.0948
vn -0.9259 0.3661 0.0929
vn 0.4783 0.8203 -0.3135
vn 0.4664 0.8270 -0.3140
vn 0.4750 0.8222 -0.3137
vn 0.1150 0.9271 -0.3569
vn 0.1093 0.9276 -0.3571
vn 0.1137 0.9272 -0.3569
vn -0.2877 0.8855 -0.3649
vn -0.2828 0.8871 -0.3649
vn -0.2875 0.8856 -0.3649
vn -0.6151 0.7129 -0.3367
vn -0.6068 0.7201 -0.3367
vn -0.6157 0.7124 -0.3367
vn 0.8500 0.5104 0.1304
vn 0.8492 0.5100 0.1373
vn 0.8521 0.5045 0.1393
vn 0.8536 0.5040 0.1315
vn 0.8503 0.5106 0.1272
vn 0.8575 0.4973 0.1321
vn 0.8585 0.4972 0.1255
vn 0.8510 0.5116 0.1187
vn 0.5908 -0.6870 0.4230
vn 0.5816 -0.6945 0.4235
vn 0.5894 -0.6882 0.4231
vn 0.2767 -0.8432 0.4609
vn 0.2722 -0.8446 0.4610
vn -0.0999 -0.8846 0.4555
vn -0.0959 -0.8850 0.4557
vn -0.1014 -0.8845 0.4554
vn -0.6600 -0.6271 0.4137
vn -0.6898 -0.5877 0.4229
vn -0.6630 -0.6233 0.4146
vn -0.7923 -0.3163 0.5217
vn -0.7978 -0.2968 0.5249
vn -0.7927 -0.3150 0.5219
vn -0.8237 0.0497 0.5648
vn -0.8256 0.0304 0.5635
vn -0.8236 0.0506 0.5649
vn -0.7466 0.3987 0.5326
vn -0.7676 0.3570 0.5324
vn -0.7441 0.4034 0.5326
vn 0.3940 0.9043 0.1642
vn 0.4436 0.8854 0.1387
vn 0.4407 0.8891 0.1238
vn 0.3897 0.9080 0.1541
vn 0.4075 0.8988 0.1612
vn 0.4435 0.8846 0.1440
vn 0.4089 0.8958 0.1740
vn 0.4427 0.8825 0.1588
vn 0.7911 -0.4367 -0.4283
vn 0.8161 -0.3909 -0.4256
vn 0.7920 -0.4351 -0.4283
vn 0.8898 -0.0702 -0.4508
vn 0.8922 -0.0491 -0.4490
vn 0.8899 -0.0700 -0.4508
vn 0.8561 0.3205 -0.4055
vn 0.8619 0.3007 -0.4084
vn 0.8559 0.3210 -0.4054
vn 0.7034 0.6417 -0.3056
vn 0.7334 0.6039 -0.3121
vn 0.7023 0.6431 -0.3054
vn 0.5719 -0.8193 -0.0397
vn 0.5713 -0.8203 -0.0248
vn 0.5389 -0.8423 -0.0130
vn 0.5377 -0.8427 -0.0263
vn 0.5720 -0.8190 -0.0451
vn 0.5250 -0.8507 -0.0248
vn 0.5208 -0.8529 -0.0356
vn 0.5711 -0.8186 -0.0614
vn 0.7559 -0.4904 0.4337
vn 0.7690 -0.4643 0.4393
vn 0.7514 -0.4989 0.4317
vn -0.3724 -0.9271 -0.0421
vn -0.4134 -0.9086 -0.0593
vn -0.4148 -0.9069 -0.0744
vn -0.3715 -0.9269 -0.0526
vn -0.3894 -0.9199 -0.0459
vn -0.4124 -0.9094 -0.0539
vn -0.3895 -0.9204 -0.0332
vn -0.4096 -0.9114 -0.0407
vn -0.7903 0.5140 -0.3336
vn -0.8093 0.4793 -0.3397
vn -0.7938 0.5077 -0.3347
vn -0.8876 0.1664 -0.4295
vn -0.8893 0.1510 -0.4316
vn -0.8878 0.1650 -0.4297
vn -0.8566 -0.2159 -0.4687
vn -0.8603 -0.2025 -0.4678
vn -0.8560 -0.2177 -0.4688
vn -0.7104 -0.5460 -0.4441
vn -0.7295 -0.5209 -0.4434
vn -0.7056 -0.5520 -0.4442
vn -0.5436 0.8285 0.1344
vn -0.5421 0.8273 0.1474
vn -0.5222 0.8381 0.1575
vn -0.5212 0.8410 0.1452
vn -0.5440 0.8291 0.1290
vn -0.5048 0.8500 0.1509
vn -0.5011 0.8536 0.1421
vn -0.5419 0.8324 0.1159
vn 0.6727 0.5101 0.5360
vn 0.6952 0.4782 0.5366
vn 0.6787 0.5018 0.5362
vn 0.8015 0.1877 0.5678
vn 0.8053 0.1733 0.5670
vn 0.8021 0.1856 0.5677
vn 0.8303 -0.1669 0.5318
vn 0.8315 -0.1540 0.5337
vn 0.8301 -0.1687 0.5315
vn 0.4941 0.6618 0.5638
vn 0.4769 0.6715 0.5672
vn 0.4966 0.6604 0.5633
vn 0.9331 -0.3567 0.0452
vn 0.9241 -0.3809 0.0300
vn 0.9248 -0.3798 0.0213
vn 0.9343 -0.3543 0.0393
vn 0.9293 -0.3670 0.0409
vn 0.9242 -0.3805 0.0336
vn 0.9289 -0.3671 0.0493
vn 0.9244 -0.3791 0.0422
vn -0.5152 -0.7066 -0.4851
vn -0.4957 -0.7184 -0.4881
vn -0.5142 -0.7072 -0.4852
vn -0.1692 -0.8192 -0.5479
vn -0.1595 -0.8208 -0.5485
vn -0.1695 -0.8192 -0.5479
vn 0.2413 -0.8009 -0.5481
vn 0.2321 -0.8032 -0.5487
vn 0.2431 -0.8004 -0.5480
vn 0.5939 -0.6465 -0.4788
vn 0.5771 -0.6593 -0.4820
vn 0.5985 -0.6430 -0.4779
vn -0.8483 -0.5293 -0.0145
vn -0.8483 -0.5295 -0.0062
vn -0.8552 -0.5183 0.0009
vn -0.8560 -0.5170 -0.0070
vn -0.8484 -0.5290 -0.0176
vn -0.8611 -0.5085 -0.0034
vn -0.8631 -0.5049 -0.0085
vn -0.8500 -0.5262 -0.0252
vn -0.5660 0.6015 0.5637
vn -0.5444 0.6169 0.5684
vn -0.5603 0.6057 0.5650
vn -0.2216 0.7391 0.6361
vn -0.2111 0.7416 0.6368
vn -0.2196 0.7396 0.6362
vn 0.1659 0.7563 0.6329
vn 0.1567 0.7576 0.6337
vn 0.1660 0.7562 0.6329
vt 0.000000 0.050000
vt 0.000000 0.100000
vt 0.050000 0.100000
vt 0.050000 0.050000
vt 0.100000 0.100000
vt 0.100000 0.050000
vt 0.150000 0.100000
vt 0.150000 0.050000
vt 0.200000 0.100000
vt 0.200000 0.050000
vt 0.250000 0.100000
vt 0.250000 0.050000
vt 0.300000 0.100000
vt 0.300000 0.050000
vt 0.350000 0.100000
vt 0.350000 0.050000
vt 0.400000 0.100000
vt 0.400000 0.050000
vt 0.450000 0.100000
vt 0.450000 0.050000
vt 0.500000 0.100000
vt 0.500000 0.050000
vt 0.550000 0.100000
vt 0.550000 0.050000
vt 0.600000 0.100000
vt 0.600000 0.050000
vt 0.650000 0.100000
vt 0.650000 0.050000
vt 0.700000 0.100000
vt 0.700000 0.050000
vt 0.750000 0.100000
vt 0.750000 0.050000
vt 0.800000 0.100000
vt 0.800000 0.050000
vt 0.850000 0.100000
vt 0.850000 0.050000
vt 0.900000 0.100000
vt 0.900000 0.050000
vt 0.950000 0.100000
vt 0.950000 0.050000
vt 1.000000 0.100000
vt 1.000000 0.050000
vt 0.000000 0.150000
vt 0.050000 0.150000
vt 0.100000 0.150000
vt 0.150000 0.150000
vt 0.200000 0.150000
vt 0.250000 0.150000
vt 0.300000 0.150000
vt 0.350000 0.150000
vt 0.400000 0.150000
vt 0.450000 0.150000
vt 0.500000 0.150000
vt 0.550000 0.150000
vt 0.600000 0.150000
vt 0.650000 0.150000
vt 0.700000 0.150000
vt 0.750000 0.150000
vt 0.800000 0.150000
vt 0.850000 0.150000
vt 0.900000 0.150000
vt 0.950000 0.150000
vt 1.000000 0.150000
vt 0.000000 0.200000
vt 0.050000 0.200000
vt 0.100000 0.200000
vt 0.150000 0.200000
vt 0.200000 0.200000
vt 0.250000 0.200000
vt 0.300000 0.200000
vt 0.350000 0.200000
vt 0.400000 0.200000
vt 0.450000 0.200000
vt 0.500000 0.200000
vt 0.550000 0.200000
vt 0.600000 0.200000
vt 0.650000 0.200000
vt 0.700000 0.200000
vt 0.750000 0.200000
vt 0.800000 0.200000
vt 0.850000 0.200000
vt 0.900000 0.200000
vt 0.950000 0.200000
vt 1.000000 0.200000
vt 0.000000 0.206145
vt 0.050000 0.206145
vt 0.100000 0.206145
vt 0.150000 0.206145
vt 0.200000 0.206145
vt 0.250000 0.206145
vt 0.300000 0.206145
vt 0.350000 0.206145
vt 0.400000 0.206145
vt 0.450000 0.206145
vt 0.500000 0.206145
vt 0.550000 0.206145
vt 0.600000 0.206145
vt 0.650000 0.206145
vt 0.700000 0.206145
vt 0.750000 0.206145
vt 0.800000 0.206145
vt 0.850000 0.206145
vt 0.900000 0.206145
vt 0.950000 0.206145
vt 1.000000 0.206145
vt 0.000000 0.250000
vt 0.000000 0.300000
vt 0.050000 0.300000
vt 0.050000 0.250000
vt 0.100000 0.300000
vt 0.100000 0.250000
vt 0.150000 0.300000
vt 0.150000 0.250000
vt 0.200000 0.300000
vt 0.200000 0.250000
vt 0.250000 0.300000
vt 0.250000 0.250000
vt 0.300000 0.300000
vt 0.300000 0.250000
vt 0.350000 0.300000
vt 0.350000 0.250000
vt 0.400000 0.300000
vt 0.400000 0.250000
vt 0.450000 0.300000
vt 0.450000 0.250000
vt 0.500000 0.300000
vt 0.500000 0.250000
vt 0.550000 0.300000
vt 0.550000 0.250000
vt 0.600000 0.300000
vt 0.600000 0.250000
vt 0.650000 0.300000
vt 0.650000 0.250000
vt 0.700000 0.300000
vt 0.700000 0.250000
vt 0.750000 0.300000
vt 0.750000 0.250000
vt 0.800000 0.300000
vt 0.800000 0.250000
vt 0.850000 0.300000
vt 0.850000 0.250000
vt 0.900000 0.300000
vt 0.900000 0.250000
vt 0.950000 0.300000
vt 0.950000 0.250000
vt 1.000000 0.300000
vt 1.000000 0.250000
vt 0.000000 0.350000
vt 0.050000 0.350000
vt 0.100000 0.350000
vt 0.150000 0.350000
vt 0.200000 0.350000
vt 0.250000 0.350000
vt 0.300000 0.350000
vt 0.350000 0.350000
vt 0.400000 0.350000
vt 0.450000 0.350000
vt 0.500000 0.350000
vt 0.550000 0.350000
vt 0.600000 0.350000
vt 0.650000 0.350000
vt 0.700000 0.350000
vt 0.750000 0.350000
vt 0.800000 0.350000
vt 0.850000 0.350000
vt 0.900000 0.350000
vt 0.950000 0.350000
vt 1.000000 0.350000
vt 0.000000 0.400000
vt 0.050000 0.400000
vt 0.100000 0.400000
vt 0.150000 0.400000
vt 0.200000 0.400000
vt 0.250000 0.400000
vt 0.300000 0.400000
vt 0.350000 0.400000
vt 0.400000 0.400000
vt 0.450000 0.400000
vt 0.500000 0.400000
vt 0.550000 0.400000
vt 0.600000 0.400000
vt 0.650000 0.400000
vt 0.700000 0.400000
vt 0.750000 0.400000
vt 0.800000 0.400000
vt 0.850000 0.400000
vt 0.900000 0.400000
vt 0.950000 0.400000
vt 1.000000 0.400000
vt 0.000000 0.450000
vt 0.050000 0.450000
vt 0.100000 0.450000
vt 0.150000 0.450000
vt 0.200000 0.450000
vt 0.250000 0.450000
vt 0.300000 0.450000
vt 0.350000 0.450000
vt 0.400000 0.450000
vt 0.450000 0.450000
vt 0.500000 0.450000
vt 0.550000 0.450000
vt 0.600000 0.450000
vt 0.650000 0.450000
vt 0.700000 0.450000
vt 0.750000 0.450000
vt 0.800000 0.450000
vt 0.850000 0.450000
vt 0.900000 0.450000
vt 0.950000 0.450000
vt 1.000000 0.450000
vt 0.000000 0.500000
vt 0.050000 0.500000
vt 0.100000 0.500000
vt 0.150000 0.500000
vt 0.200000 0.500000
vt 0.250000 0.500000
vt 0.300000 0.500000
vt 0.350000 0.500000
vt 0.400000 0.500000
vt 0.450000 0.500000
vt 0.500000 0.500000
vt 0.550000 0.500000
vt 0.600000 0.500000
vt 0.650000 0.500000
vt 0.700000 0.500000
vt 0.750000 0.500000
vt 0.800000 0.500000
vt 0.850000 0.500000
vt 0.900000 0.500000
vt 0.950000 0.500000
vt 1.000000 0.500000
vt 0.000000 0.550000
vt 0.050000 0.550000
vt 0.100000 0.550000
vt 0.150000 0.550000
vt 0.200000 0.550000
vt 0.250000 0.550000
vt 0.300000 0.550000
vt 0.350000 0.550000
vt 0.400000 0.550000
vt 0.450000 0.550000
vt 0.500000 0.550000
vt 0.550000 0.550000
vt 0.600000 0.550000
vt 0.650000 0.550000
vt 0.700000 0.550000
vt 0.750000 0.550000
vt 0.800000 0.550000
vt 0.850000 0.550000
vt 0.900000 0.550000
vt 0.950000 0.550000
vt 1.000000 0.550000
vt 0.000000 0.600000
vt 0.050000 0.600000
vt 0.100000 0.600000
vt 0.150000 0.600000
vt 0.200000 0.600000
vt 0.250000 0.600000
vt 0.300000 0.600000
vt 0.350000 0.600000
vt 0.400000 0.600000
vt 0.450000 0.600000
vt 0.500000 0.600000
vt 0.550000 0.600000
vt 0.600000 0.600000
vt 0.650000 0.600000
vt 0.700000 0.600000
vt 0.750000 0.600000
vt 0.800000 0.600000
vt 0.850000 0.600000
vt 0.900000 0.600000
vt 0.950000 0.600000
vt 1.000000 0.600000
vt 0.000000 0.650000
vt 0.050000 0.650000
vt 0.100000 0.650000
vt 0.150000 0.650000
vt 0.200000 0.650000
vt 0.250000 0.650000
vt 0.300000 0.650000
vt 0.350000 0.650000
vt 0.400000 0.650000
vt 0.450000 0.650000
vt 0.500000 0.650000
vt 0.550000 0.650000
vt 0.600000 0.650000
vt 0.650000 0.650000
vt 0.700000 0.650000
vt 0.750000 0.650000
vt 0.800000 0.650000
vt 0.850000 0.650000
vt 0.900000 0.650000
vt 0.950000 0.650000
vt 1.000000 0.650000
vt 0.000000 0.679671
vt 0.050000 0.679671
vt 0.100000 0.679671
vt 0.150000 0.679671
vt 0.200000 0.679671
vt 0.250000 0.679671
vt 0.300000 0.679671
vt 0.350000 0.679671
vt 0.400000 0.679671
vt 0.450000 0.679671
vt 0.500000 0.679671
vt 0.550000 0.679671
vt 0.600000 0.679671
vt 0.650000 0.679671
vt 0.700000 0.679671
vt 0.750000 0.679671
vt 0.800000 0.679671
vt 0.850000 0.679671
vt 0.900000 0.679671
vt 0.950000 0.679671
vt 1.000000 0.679671
vt 0.000000 0.700000
vt 0.000000 0.750000
vt 0.050000 0.750000
vt 0.050000 0.700000
vt 0.100000 0.750000
vt 0.100000 0.700000
vt 0.150000 0.750000
vt 0.150000 0.700000
vt 0.200000 0.750000
vt 0.200000 0.700000
vt 0.250000 0.750000
vt 0.250000 0.700000
vt 0.300000 0.750000
vt 0.300000 0.700000
vt 0.350000 0.750000
vt 0.350000 0.700000
vt 0.400000 0.750000
vt 0.400000 0.700000
vt 0.450000 0.750000
vt 0.450000 0.700000
vt 0.500000 0.750000
vt 0.500000 0.700000
vt 0.550000 0.750000
vt 0.550000 0.700000
vt 0.600000 0.750000
vt 0.600000 0.700000
vt 0.650000 0.750000
vt 0.650000 0.700000
vt 0.700000 0.750000
vt 0.700000 0.700000
vt 0.750000 0.750000
vt 0.750000 0.700000
vt 0.800000 0.750000
vt 0.800000 0.700000
vt 0.850000 0.750000
vt 0.850000 0.700000
vt 0.900000 0.750000
vt 0.900000 0.700000
vt 0.950000 0.750000
vt 0.950000 0.700000
vt 1.000000 0.750000
vt 1.000000 0.700000
vt 0.000000 0.800000
vt 0.050000 0.800000
vt 0.100000 0.800000
vt 0.150000 0.800000
vt 0.200000 0.800000
vt 0.250000 0.800000
vt 0.300000 0.800000
vt 0.350000 0.800000
vt 0.400000 0.800000
vt 0.450000 0.800000
vt 0.500000 0.800000
vt 0.550000 0.800000
vt 0.600000 0.800000
vt 0.650000 0.800000
vt 0.700000 0.800000
vt 0.750000 0.800000
vt 0.800000 0.800000
vt 0.850000 0.800000
vt 0.900000 0.800000
vt 0.950000 0.800000
vt 1.000000 0.800000
vt 0.000000 0.850000
vt 0.050000 0.850000
vt 0.100000 0.850000
vt 0.150000 0.850000
vt 0.200000 0.850000
vt 0.250000 0.850000
vt 0.300000 0.850000
vt 0.350000 0.850000
vt 0.400000 0.850000
vt 0.450000 0.850000
vt 0.500000 0.850000
vt 0.550000 0.850000
vt 0.600000 0.850000
vt 0.650000 0.850000
vt 0.700000 0.850000
vt 0.750000 0.850000
vt 0.800000 0.850000
vt 0.850000 0.850000
vt 0.900000 0.850000
vt 0.950000 0.850000
vt 1.000000 0.850000
vt 0.000000 0.900000
vt 0.050000 0.900000
vt 0.100000 0.900000
vt 0.150000 0.900000
vt 0.200000 0.900000
vt 0.250000 0.900000
vt 0.300000 0.900000
vt 0.350000 0.900000
vt 0.400000 0.900000
vt 0.450000 0.900000
vt 0.500000 0.900000
vt 0.550000 0.900000
vt 0.600000 0.900000
vt 0.650000 0.900000
vt 0.700000 0.900000
vt 0.750000 0.900000
vt 0.800000 0.900000
vt 0.850000 0.900000
vt 0.900000 0.900000
vt 0.950000 0.900000
vt 1.000000 0.900000
vt 0.000000 0.950000
vt 0.050000 0.950000
vt 0.100000 0.950000
vt 0.150000 0.950000
vt 0.200000 0.950000
vt 0.250000 0.950000
vt 0.300000 0.950000
vt 0.350000 0.950000
vt 0.400000 0.950000
vt 0.450000 0.950000
vt 0.500000 0.950000
vt 0.550000 0.950000
vt 0.600000 0.950000
vt 0.650000 0.950000
vt 0.700000 0.950000
vt 0.750000 0.950000
vt 0.800000 0.950000
vt 0.850000 0.950000
vt 0.900000 0.950000
vt 0.950000 0.950000
vt 1.000000 0.950000
vt 0.025000 0.000000
vt 0.075000 0.000000
vt 0.125000 0.000000
vt 0.175000 0.000000
vt 0.225000 0.000000
vt 0.275000 0.000000
vt 0.325000 0.000000
vt 0.375000 0.000000
vt 0.425000 0.000000
vt 0.475000 0.000000
vt 0.525000 0.000000
vt 0.575000 0.000000
vt 0.625000 0.000000
vt 0.675000 0.000000
vt 0.725000 0.000000
vt 0.775000 0.000000
vt 0.825000 0.000000
vt 0.875000 0.000000
vt 0.925000 0.000000
vt 0.975000 0.000000
vt 0.025000 1.000000
vt 0.075000 1.000000
vt 0.125000 1.000000
vt 0.175000 1.000000
vt 0.225000 1.000000
vt 0.275000 1.000000
vt 0.325000 1.000000
vt 0.375000 1.000000
vt 0.425000 1.000000
vt 0.475000 1.000000
vt 0.525000 1.000000
vt 0.575000 1.000000
vt 0.625000 1.000000
vt 0.675000 1.000000
vt 0.725000 1.000000
vt 0.775000 1.000000
vt 0.825000 1.000000
vt 0.875000 1.000000
vt 0.925000 1.000000
vt 0.975000 1.000000
vt 0.750000 0.800000
vt 0.800000 0.800000
vt 0.700000 0.800000
vt 0.650000 0.800000
vt 0.600000 0.800000
vt 0.550000 0.800000
vt 0.500000 0.800000
vt 0.450000 0.800000
vt 0.400000 0.800000
vt 0.350000 0.800000
vt 0.300000 0.800000
vt 0.250000 0.800000
vt 0.200000 0.800000
vt 0.150000 0.800000
vt 0.100000 0.800000
vt 0.050000 0.800000
vt 0.000000 0.800000
vt 0.950000 0.800000
vt 1.000000 0.800000
vt 0.900000 0.800000
vt 0.850000 0.800000
vt 0.900000 0.800000
vt 0.050000 1.000000
vt 0.050000 0.982244
vt 0.000000 0.982244
vt 0.000000 1.000000
vt 0.100000 1.000000
vt 0.100000 0.982244
vt 0.150000 1.000000
vt 0.150000 0.982244
vt 0.200000 1.000000
vt 0.200000 0.982244
vt 0.250000 1.000000
vt 0.250000 0.982244
vt 0.300000 1.000000
vt 0.300000 0.982244
vt 0.350000 1.000000
vt 0.350000 0.982244
vt 0.400000 1.000000
vt 0.400000 0.982244
vt 0.450000 1.000000
vt 0.450000 0.982244
vt 0.500000 1.000000
vt 0.500000 0.982244
vt 0.550000 1.000000
vt 0.550000 0.982244
vt 0.600000 1.000000
vt 0.600000 0.982244
vt 0.650000 1.000000
vt 0.650000 0.982244
vt 0.700000 1.000000
vt 0.700000 0.982244
vt 0.750000 1.000000
vt 0.750000 0.982244
vt 0.800000 1.000000
vt 0.800000 0.982244
vt 0.850000 1.000000
vt 0.850000 0.982244
vt 0.900000 1.000000
vt 0.900000 0.982244
vt 0.950000 1.000000
vt 0.950000 0.982244
vt 1.000000 1.000000
vt 1.000000 0.982244
vt 0.050000 0.750000
vt 0.050000 0.500000
vt 0.000000 0.500000
vt 0.000000 0.750000
vt 0.100000 0.750000
vt 0.100000 0.500000
vt 0.150000 0.750000
vt 0.150000 0.500000
vt 0.200000 0.750000
vt 0.200000 0.500000
vt 0.250000 0.750000
vt 0.250000 0.500000
vt 0.300000 0.750000
vt 0.300000 0.500000
vt 0.350000 0.750000
vt 0.350000 0.500000
vt 0.400000 0.750000
vt 0.400000 0.500000
vt 0.450000 0.750000
vt 0.450000 0.500000
vt 0.500000 0.750000
vt 0.500000 0.500000
vt 0.550000 0.750000
vt 0.550000 0.500000
vt 0.600000 0.750000
vt 0.600000 0.500000
vt 0.650000 0.750000
vt 0.650000 0.500000
vt 0.700000 0.750000
vt 0.700000 0.500000
vt 0.750000 0.750000
vt 0.750000 0.500000
vt 0.800000 0.750000
vt 0.800000 0.500000
vt 0.850000 0.750000
vt 0.850000 0.500000
vt 0.900000 0.750000
vt 0.900000 0.500000
vt 0.950000 0.750000
vt 0.950000 0.500000
vt 1.000000 0.750000
vt 1.000000 0.500000
vt 0.050000 0.414888
vt 0.000000 0.414888
vt 0.100000 0.414888
vt 0.150000 0.414888
vt 0.200000 0.414888
vt 0.250000 0.414888
vt 0.300000 0.414888
vt 0.350000 0.414888
vt 0.400000 0.414888
vt 0.450000 0.414888
vt 0.500000 0.414888
vt 0.550000 0.414888
vt 0.600000 0.414888
vt 0.650000 0.414888
vt 0.700000 0.414888
vt 0.750000 0.414888
vt 0.800000 0.414888
vt 0.850000 0.414888
vt 0.900000 0.414888
vt 0.950000 0.414888
vt 1.000000 0.414888
vt 0.050000 0.242340
vt 0.000000 0.242340
vt 0.100000 0.242340
vt 0.150000 0.242340
vt 0.200000 0.242340
vt 0.250000 0.242340
vt 0.300000 0.242340
vt 0.350000 0.242340
vt 0.400000 0.242340
vt 0.450000 0.242340
vt 0.500000 0.242340
vt 0.550000 0.242340
vt 0.600000 0.242340
vt 0.650000 0.242340
vt 0.700000 0.242340
vt 0.750000 0.242340
vt 0.800000 0.242340
vt 0.850000 0.242340
vt 0.900000 0.242340
vt 0.950000 0.242340
vt 1.000000 0.242340
vt 1.000000 0.109403
vt 0.950000 0.109403
vt 0.050000 0.109403
vt 0.000000 0.109403
vt 0.100000 0.109403
vt 0.150000 0.109403
vt 0.200000 0.109403
vt 0.250000 0.109403
vt 0.300000 0.109403
vt 0.350000 0.109403
vt 0.400000 0.109403
vt 0.450000 0.109403
vt 0.500000 0.109403
vt 0.550000 0.109403
vt 0.600000 0.109403
vt 0.650000 0.109403
vt 0.700000 0.109403
vt 0.750000 0.109403
vt 0.800000 0.109403
vt 0.850000 0.109403
vt 0.900000 0.109403
vt 1.000000 0.011393
vt 1.000000 0.000000
vt 0.950000 0.000000
vt 0.950000 0.011393
vt 0.050000 0.011393
vt 0.050000 0.000000
vt 0.000000 0.000000
vt 0.000000 0.011393
vt 0.100000 0.011393
vt 0.100000 0.000000
vt 0.150000 0.011393
vt 0.150000 0.000000
vt 0.200000 0.011393
vt 0.200000 0.000000
vt 0.250000 0.011393
vt 0.250000 0.000000
vt 0.300000 0.011393
vt 0.300000 0.000000
vt 0.350000 0.011393
vt 0.350000 0.000000
vt 0.400000 0.011393
vt 0.400000 0.000000
vt 0.450000 0.011393
vt 0.450000 0.000000
vt 0.500000 0.011393
vt 0.500000 0.000000
vt 0.550000 0.011393
vt 0.550000 0.000000
vt 0.600000 0.011393
vt 0.600000 0.000000
vt 0.650000 0.011393
vt 0.650000 0.000000
vt 0.700000 0.011393
vt 0.700000 0.000000
vt 0.750000 0.011393
vt 0.750000 0.000000
vt 0.800000 0.011393
vt 0.800000 0.000000
vt 0.850000 0.011393
vt 0.850000 0.000000
vt 0.900000 0.011393
vt 0.900000 0.000000
vt 0.625000 0.000407
vt 0.375000 0.000407
vt 0.375000 0.250000
vt 0.625000 0.250000
vt 0.625000 0.266679
vt 0.375000 0.266679
vt 0.375000 0.749593
vt 0.625000 0.749593
vt 0.625000 0.750000
vt 0.375000 0.750000
vt 0.375000 0.983321
vt 0.625000 0.983321
vt 0.641679 0.000000
vt 0.641679 0.000407
vt 0.358321 0.000000
vt 0.358321 0.000407
vt 0.375000 0.493752
vt 0.625000 0.493752
vt 0.625000 0.500000
vt 0.375000 0.500000
vt 0.131248 0.000000
vt 0.131248 0.000407
vt 0.125000 0.000407
vt 0.625000 0.756248
vt 0.375000 0.756248
vt 0.868752 0.000407
vt 0.868752 0.000000
vt 0.875000 0.000407
vt 0.625000 0.377401
vt 0.375000 0.377401
vt 0.247599 0.000000
vt 0.247599 0.000407
vt 0.375000 0.872599
vt 0.625000 0.872599
vt 0.752401 0.000407
vt 0.752401 0.000000
vt 0.625000 0.249810
vt 0.641679 0.249810
vt 0.641679 0.250000
vt 0.375000 0.249810
vt 0.358321 0.249810
vt 0.358321 0.250000
vt 0.247599 0.249810
vt 0.247599 0.250000
vt 0.125000 0.249810
vt 0.131248 0.249810
vt 0.131248 0.250000
vt 0.125000 0.250000
vt 0.625000 0.500190
vt 0.375000 0.500190
vt 0.868752 0.250000
vt 0.868752 0.249810
vt 0.875000 0.249810
vt 0.875000 0.250000
vt 0.752401 0.249810
vt 0.752401 0.250000
vt 0.641679 0.002113
vt 0.625000 0.002113
vt 0.375000 0.002113
vt 0.358321 0.002113
vt 0.247599 0.002113
vt 0.131248 0.002113
vt 0.125000 0.002113
vt 0.375000 0.747887
vt 0.625000 0.747887
vt 0.868752 0.002113
vt 0.875000 0.002113
vt 0.752401 0.002113
vt 0.375000 0.245237
vt 0.625000 0.245237
vt 0.358321 0.245237
vt 0.247599 0.245237
vt 0.125000 0.245237
vt 0.131248 0.245237
vt 0.625000 0.504763
vt 0.375000 0.504763
vt 0.868752 0.245237
vt 0.875000 0.245237
vt 0.641679 0.245237
vt 0.752401 0.245237
vt 0.625000 0.483208
vt 0.375000 0.483208
vt 0.141792 0.249810
vt 0.141792 0.250000
vt 0.141792 0.245237
vt 0.141792 0.000407
vt 0.141792 0.002113
vt 0.141792 0.000000
vt 0.375000 0.766792
vt 0.625000 0.766792
vt 0.858208 0.000407
vt 0.858208 0.000000
vt 0.858208 0.002113
vt 0.858208 0.249810
vt 0.858208 0.245237
vt 0.858208 0.250000
vt 0.376899 0.000000
vt 0.376899 0.001333
vt 0.375000 0.001333
vt 0.376899 0.250000
vt 0.376899 0.500000
vt 0.375000 0.748667
vt 0.376899 0.748667
vt 0.376899 0.750000
vt 0.376899 1.000000
vt 0.875000 0.001333
vt 0.625000 0.001333
vt 0.125000 0.001333
vt 0.623380 0.250000
vt 0.623380 0.500000
vt 0.623380 0.750000
vt 0.623380 0.748667
vt 0.625000 0.748667
vt 0.623380 1.000000
vt 0.623380 0.001333
vt 0.623380 0.000000
vt 0.620933 0.250000
vt 0.620933 0.500000
vt 0.620933 0.750000
vt 0.620933 0.748667
vt 0.620933 1.000000
vt 0.620933 0.001333
vt 0.620933 0.000000
vt 0.375000 0.247424
vt 0.376899 0.247424
vt 0.125000 0.247424
vt 0.376899 0.502576
vt 0.375000 0.502576
vt 0.623380 0.502576
vt 0.620933 0.502576
vt 0.625000 0.502576
vt 0.625000 0.247424
vt 0.875000 0.247424
vt 0.623380 0.247424
vt 0.620933 0.247424
vt 0.375000 0.001380
vt 0.125000 0.001380
vt 0.375000 0.748620
vt 0.376899 0.748620
vt 0.620933 0.748620
vt 0.623380 0.748620
vt 0.625000 0.748620
vt 0.875000 0.001380
vt 0.625000 0.001380
vt 0.623380 0.001380
vt 0.620933 0.001380
vt 0.376899 0.001380
vt 0.379163 0.001333
vt 0.379163 0.000000
vt 0.379163 0.750000
vt 0.379163 1.000000
vt 0.379163 0.748667
vt 0.379163 0.748620
vt 0.379163 0.500000
vt 0.379163 0.502576
vt 0.379163 0.250000
vt 0.379163 0.247424
vt 0.379163 0.001380
vt 0.379163 0.243833
vt 0.376899 0.243833
vt 0.375000 0.243833
vt 0.125000 0.243833
vt 0.375000 0.506167
vt 0.376899 0.506167
vt 0.379163 0.506167
vt 0.620933 0.506167
vt 0.623380 0.506167
vt 0.625000 0.506167
vt 0.875000 0.243833
vt 0.625000 0.243833
vt 0.623380 0.243833
vt 0.620933 0.243833
vt 0.000000 0.950000
vt 0.050000 0.950000
vt 0.100000 0.950000
vt 0.150000 0.950000
vt 0.197361 1.000000
vt 0.197361 0.950000
vt 0.950000 0.950000
vt 1.000000 0.950000
vt 0.000000 0.900000
vt 0.050000 0.900000
vt 0.100000 0.900000
vt 0.150000 0.900000
vt 0.197361 0.900000
vt 0.950000 0.900000
vt 1.000000 0.900000
vt 0.000000 0.850000
vt 0.050000 0.850000
vt 0.100000 0.850000
vt 0.150000 0.850000
vt 0.197361 0.850000
vt 0.950000 0.850000
vt 1.000000 0.850000
vt 0.000000 0.800000
vt 0.050000 0.800000
vt 0.100000 0.800000
vt 0.150000 0.800000
vt 0.197361 0.800000
vt 0.950000 0.800000
vt 1.000000 0.800000
vt 0.000000 0.750000
vt 0.050000 0.750000
vt 0.100000 0.750000
vt 0.150000 0.750000
vt 0.197361 0.750000
vt 0.950000 0.750000
vt 1.000000 0.750000
vt 0.000000 0.700000
vt 0.050000 0.700000
vt 0.100000 0.700000
vt 0.150000 0.700000
vt 0.197361 0.700000
vt 0.950000 0.700000
vt 1.000000 0.700000
vt 0.000000 0.650000
vt 0.050000 0.650000
vt 0.100000 0.650000
vt 0.150000 0.650000
vt 0.197361 0.650000
vt 0.950000 0.650000
vt 1.000000 0.650000
vt 0.000000 0.600000
vt 0.050000 0.600000
vt 0.100000 0.600000
vt 0.150000 0.600000
vt 0.197361 0.600000
vt 0.950000 0.600000
vt 1.000000 0.600000
vt 0.000000 0.550000
vt 0.050000 0.550000
vt 0.100000 0.550000
vt 0.150000 0.550000
vt 0.197361 0.550000
vt 0.950000 0.550000
vt 1.000000 0.550000
vt 0.000000 0.500000
vt 0.050000 0.500000
vt 0.100000 0.500000
vt 0.150000 0.500000
vt 0.197361 0.500000
vt 0.950000 0.500000
vt 1.000000 0.500000
vt 0.000000 0.450000
vt 0.050000 0.450000
vt 0.100000 0.450000
vt 0.150000 0.450000
vt 0.197361 0.450000
vt 0.950000 0.450000
vt 1.000000 0.450000
vt 0.000000 0.400000
vt 0.050000 0.400000
vt 0.100000 0.400000
vt 0.150000 0.400000
vt 0.197361 0.400000
vt 0.950000 0.400000
vt 1.000000 0.400000
vt 0.000000 0.350000
vt 0.050000 0.350000
vt 0.100000 0.350000
vt 0.150000 0.350000
vt 0.197361 0.350000
vt 0.950000 0.350000
vt 1.000000 0.350000
vt 0.000000 0.300000
vt 0.050000 0.300000
vt 0.100000 0.300000
vt 0.150000 0.300000
vt 0.197361 0.300000
vt 0.950000 0.300000
vt 1.000000 0.300000
vt 0.000000 0.250000
vt 0.050000 0.250000
vt 0.100000 0.250000
vt 0.150000 0.250000
vt 0.197361 0.250000
vt 0.950000 0.250000
vt 1.000000 0.250000
vt 0.000000 0.200000
vt 0.050000 0.200000
vt 0.100000 0.200000
vt 0.150000 0.200000
vt 0.197361 0.200000
vt 0.950000 0.200000
vt 1.000000 0.200000
vt 0.000000 0.150000
vt 0.050000 0.150000
vt 0.100000 0.150000
vt 0.150000 0.150000
vt 0.197361 0.150000
vt 0.950000 0.150000
vt 1.000000 0.150000
vt 0.000000 0.100000
vt 0.050000 0.100000
vt 0.100000 0.100000
vt 0.150000 0.100000
vt 0.197361 0.100000
vt 0.950000 0.100000
vt 1.000000 0.100000
vt 0.000000 0.050000
vt 0.050000 0.050000
vt 0.100000 0.050000
vt 0.150000 0.050000
vt 0.197361 0.050000
vt 0.950000 0.050000
vt 1.000000 0.050000
vt 0.000000 -0.000000
vt 0.050000 -0.000000
vt 0.100000 -0.000000
vt 0.150000 -0.000000
vt 0.197361 -0.000000
vt 0.950000 -0.000000
vt 1.000000 -0.000000
vt 0.200000 0.950000
vt 0.200000 0.900000
vt 0.200000 0.850000
vt 0.200000 0.800000
vt 0.200000 0.750000
vt 0.200000 0.700000
vt 0.200000 0.650000
vt 0.200000 0.600000
vt 0.200000 0.550000
vt 0.200000 0.500000
vt 0.200000 0.450000
vt 0.200000 0.400000
vt 0.200000 0.350000
vt 0.200000 0.300000
vt 0.200000 0.250000
vt 0.200000 0.200000
vt 0.200000 0.150000
vt 0.200000 0.100000
vt 0.200000 0.050000
vt 0.200000 -0.000000
vt 0.574301 0.132108
vt 0.563205 0.110329
vt 0.626409 0.064408
vt 0.648603 0.107966
vt 0.545921 0.093046
vt 0.591842 0.029841
vt 0.524142 0.081949
vt 0.548284 0.007647
vt 0.500000 0.078125
vt 0.500000 -0.000000
vt 0.475858 0.081949
vt 0.451716 0.007647
vt 0.454079 0.093046
vt 0.408159 0.029841
vt 0.436796 0.110329
vt 0.373591 0.064409
vt 0.425699 0.132108
vt 0.351397 0.107966
vt 0.421875 0.156250
vt 0.343750 0.156250
vt 0.425699 0.180392
vt 0.351397 0.204534
vt 0.436796 0.202171
vt 0.373591 0.248091
vt 0.454079 0.219454
vt 0.408159 0.282659
vt 0.475858 0.230551
vt 0.451716 0.304853
vt 0.500000 0.234375
vt 0.500000 0.312500
vt 0.524142 0.230551
vt 0.548284 0.304853
vt 0.545921 0.219454
vt 0.591841 0.282659
vt 0.563204 0.202171
vt 0.626409 0.248091
vt 0.574301 0.180392
vt 0.648603 0.204534
vt 0.578125 0.156250
vt 0.656250 0.156250
vt 0.375000 0.650846
vt 0.387500 0.650846
vt 0.387500 0.669643
vt 0.375000 0.669643
vt 0.400000 0.650846
vt 0.400000 0.669643
vt 0.412500 0.650846
vt 0.412500 0.669643
vt 0.425000 0.650846
vt 0.425000 0.669643
vt 0.437500 0.650846
vt 0.437500 0.669643
vt 0.450000 0.650846
vt 0.450000 0.669643
vt 0.462500 0.650846
vt 0.462500 0.669643
vt 0.475000 0.650846
vt 0.475000 0.669643
vt 0.487500 0.650846
vt 0.487500 0.669643
vt 0.500000 0.650846
vt 0.500000 0.669643
vt 0.512500 0.650846
vt 0.512500 0.669643
vt 0.525000 0.650846
vt 0.525000 0.669643
vt 0.537500 0.650846
vt 0.537500 0.669643
vt 0.550000 0.650846
vt 0.550000 0.669643
vt 0.562500 0.650846
vt 0.562500 0.669643
vt 0.575000 0.650846
vt 0.575000 0.669643
vt 0.587500 0.650846
vt 0.587500 0.669643
vt 0.600000 0.650846
vt 0.600000 0.669643
vt 0.612500 0.650846
vt 0.612500 0.669643
vt 0.625000 0.650846
vt 0.625000 0.669643
vt 0.648603 0.892034
vt 0.626409 0.935591
vt 0.563204 0.889671
vt 0.574301 0.867892
vt 0.591841 0.970159
vt 0.545921 0.906954
vt 0.548284 0.992353
vt 0.524142 0.918051
vt 0.500000 1.000000
vt 0.500000 0.921875
vt 0.451716 0.992353
vt 0.475858 0.918051
vt 0.408159 0.970159
vt 0.454079 0.906954
vt 0.373591 0.935591
vt 0.436796 0.889671
vt 0.351397 0.892034
vt 0.425699 0.867892
vt 0.343750 0.843750
vt 0.421875 0.843750
vt 0.351397 0.795466
vt 0.425699 0.819608
vt 0.373591 0.751909
vt 0.436796 0.797829
vt 0.408159 0.717341
vt 0.454079 0.780546
vt 0.451716 0.695147
vt 0.475858 0.769449
vt 0.500000 0.687500
vt 0.500000 0.765625
vt 0.548284 0.695147
vt 0.524142 0.769449
vt 0.591842 0.717341
vt 0.545921 0.780545
vt 0.626409 0.751908
vt 0.563205 0.797829
vt 0.648603 0.795466
vt 0.574301 0.819608
vt 0.656250 0.843750
vt 0.578125 0.843750
vt 0.500000 0.150000
vt 0.500000 0.837500
vt 0.375000 0.312500
vt 0.387500 0.312500
vt 0.400000 0.312500
vt 0.412500 0.312500
vt 0.425000 0.312500
vt 0.437500 0.312500
vt 0.450000 0.312500
vt 0.462500 0.312500
vt 0.475000 0.312500
vt 0.487500 0.312500
vt 0.500000 0.312500
vt 0.512500 0.312500
vt 0.525000 0.312500
vt 0.537500 0.312500
vt 0.550000 0.312500
vt 0.562500 0.312500
vt 0.575000 0.312500
vt 0.587500 0.312500
vt 0.600000 0.312500
vt 0.612500 0.312500
vt 0.625000 0.312500
vt 0.625000 0.688440
vt 0.612500 0.688440
vt 0.600000 0.688440
vt 0.587500 0.688440
vt 0.575000 0.688440
vt 0.562500 0.688440
vt 0.550000 0.688440
vt 0.537500 0.688440
vt 0.525000 0.688440
vt 0.512500 0.688440
vt 0.500000 0.688440
vt 0.487500 0.688440
vt 0.475000 0.688440
vt 0.462500 0.688440
vt 0.450000 0.688440
vt 0.437500 0.688440
vt 0.425000 0.688440
vt 0.412500 0.688440
vt 0.400000 0.688440
vt 0.387500 0.688440
vt 0.375000 0.688440
vt 0.574379 0.179899
vt 0.648759 0.203549
vt 0.600255 0.312500
vt 0.600255 0.688440
vt 0.626153 0.935405
vt 0.648301 0.891936
vt 0.591655 0.969903
vt 0.548186 0.992051
vt 0.500000 0.999683
vt 0.451814 0.992051
vt 0.408345 0.969903
vt 0.373848 0.935405
vt 0.351699 0.891936
vt 0.344067 0.843750
vt 0.351699 0.795564
vt 0.373848 0.752095
vt 0.408345 0.717598
vt 0.451814 0.695449
vt 0.500000 0.687817
vt 0.548186 0.695449
vt 0.591655 0.717597
vt 0.626153 0.752095
vt 0.648301 0.795564
vt 0.648759 0.796451
vt 0.648457 0.796547
vt 0.655933 0.843750
vt 0.574379 0.820101
vt 0.591655 0.969902
vt 0.563204 0.889671
vt 0.524142 0.918051
vt 0.475858 0.918051
vt 0.373591 0.935591
vt 0.408159 0.970159
vt 0.373848 0.935405
vt 0.454079 0.906955
vt 0.436796 0.889671
vt 0.408345 0.969903
vt 0.425699 0.819608
vt 0.454079 0.780546
vt 0.548186 0.695449
vt 0.626153 0.752095
vt 0.648759 0.796451
vt 0.574379 0.820101
vt 0.524169 0.769365
vt 0.545973 0.780474
vt 0.500000 0.765537
vt 0.475831 0.769365
vt 0.454027 0.780474
vt 0.454027 0.780474
vt 0.436724 0.797777
vt 0.425615 0.819581
vt 0.425615 0.819581
vt 0.421787 0.843750
vt 0.425615 0.867919
vt 0.436724 0.889723
vt 0.436724 0.889723
vt 0.454027 0.907026
vt 0.475831 0.918135
vt 0.475831 0.918135
vt 0.500000 0.921963
vt 0.524169 0.918135
vt 0.545973 0.907026
vt 0.545973 0.907026
vt 0.563276 0.889723
vt 0.574385 0.867919
vt 0.574385 0.867919
vt 0.578213 0.843750
vt 0.574385 0.819581
vt 0.574464 0.820074
vt 0.563276 0.797777
vt 0.563204 0.889671
vt 0.626409 0.935591
vt 0.626153 0.935405
vt 0.475858 0.918051
vt 0.475831 0.918135
vt 0.451814 0.992051
vt 0.451716 0.992353
vt 0.524169 0.918135
vt 0.454027 0.780474
vt 0.626152 0.935405
vt 0.563400 0.889813
vt 0.574531 0.867967
vt 0.578367 0.843750
vt 0.574532 0.819533
vt 0.574610 0.820027
vt 0.563400 0.797687
vt 0.546063 0.780350
vt 0.524217 0.769218
vt 0.500000 0.765383
vt 0.475783 0.769218
vt 0.453937 0.780350
vt 0.453937 0.780350
vt 0.436600 0.797687
vt 0.425469 0.819533
vt 0.425469 0.819533
vt 0.421633 0.843750
vt 0.425469 0.867967
vt 0.436600 0.889813
vt 0.436600 0.889813
vt 0.453937 0.907150
vt 0.475783 0.918281
vt 0.475783 0.918281
vt 0.475783 0.918281
vt 0.500000 0.922117
vt 0.524217 0.918281
vt 0.524217 0.918281
vt 0.546063 0.907150
vt 0.546063 0.907150
vt 0.547613 0.697213
vt 0.500000 0.689672
vt 0.452387 0.697213
vt 0.409435 0.719098
vt 0.375348 0.753185
vt 0.353463 0.796137
vt 0.345922 0.843750
vt 0.353463 0.891363
vt 0.375348 0.934315
vt 0.375348 0.934315
vt 0.409435 0.968402
vt 0.409435 0.968402
vt 0.452387 0.990287
vt 0.452387 0.990287
vt 0.500000 0.997828
vt 0.547613 0.990287
vt 0.590565 0.968402
vt 0.590565 0.968402
vt 0.624652 0.934315
vt 0.624652 0.934315
vt 0.624652 0.934315
vt 0.646537 0.891363
vt 0.654078 0.843750
vt 0.646691 0.797109
vt 0.646537 0.796137
vt 0.624652 0.753185
vt 0.624652 0.753185
vt 0.590565 0.719098
vt 0.547613 0.697213
vt 0.198808 1.000000
vt 0.198808 0.950000
vt 0.198808 0.900000
vt 0.198808 0.850000
vt 0.198808 0.800000
vt 0.198808 0.750000
vt 0.198808 0.700000
vt 0.198808 0.650000
vt 0.198808 0.600000
vt 0.198808 0.550000
vt 0.198808 0.500000
vt 0.198808 0.450000
vt 0.198808 0.400000
vt 0.198808 0.350000
vt 0.198808 0.300000
vt 0.198808 0.250000
vt 0.198808 0.200000
vt 0.198808 0.150000
vt 0.198808 0.100000
vt 0.198808 0.050000
vt 0.198808 -0.000000
vt 0.021644 0.000000
vt 0.021644 0.052488
vt 0.000000 0.052488
vt 0.043288 0.000000
vt 0.043288 0.052488
vt 0.064932 0.000000
vt 0.064932 0.052488
vt 0.086577 0.000000
vt 0.086577 0.052488
vt 0.108221 0.000000
vt 0.108221 0.052488
vt 0.129865 0.000000
vt 0.129865 0.052488
vt 0.151509 0.000000
vt 0.151509 0.052488
vt 0.173153 0.000000
vt 0.173153 0.052488
vt 0.021644 0.104178
vt 0.000000 0.104178
vt 0.043288 0.104178
vt 0.064932 0.104178
vt 0.086577 0.104178
vt 0.108221 0.104178
vt 0.129865 0.104178
vt 0.151509 0.104178
vt 0.173153 0.104178
vt 0.021644 0.155926
vt 0.000000 0.155926
vt 0.043288 0.155926
vt 0.064932 0.155926
vt 0.086577 0.155926
vt 0.108221 0.155926
vt 0.129865 0.155926
vt 0.151509 0.155926
vt 0.173153 0.155926
vt 0.021644 0.199751
vt 0.000000 0.199751
vt 0.043288 0.199751
vt 0.064932 0.199751
vt 0.086577 0.199751
vt 0.108221 0.199751
vt 0.129865 0.199751
vt 0.151509 0.199751
vt 0.173153 0.199751
vt 0.021644 0.243652
vt 0.000000 0.243652
vt 0.043288 0.243652
vt 0.064932 0.243652
vt 0.086577 0.243652
vt 0.108221 0.243652
vt 0.129865 0.243652
vt 0.151509 0.243652
vt 0.173153 0.243652
vt 0.021644 0.281031
vt 0.000000 0.281031
vt 0.043288 0.281031
vt 0.064932 0.281031
vt 0.086577 0.281031
vt 0.108221 0.281031
vt 0.129865 0.281031
vt 0.151509 0.281031
vt 0.173153 0.281031
vt 0.021644 0.318560
vt 0.000000 0.318560
vt 0.043288 0.318560
vt 0.064932 0.318560
vt 0.086577 0.318560
vt 0.108221 0.318560
vt 0.129865 0.318560
vt 0.151509 0.318560
vt 0.173153 0.318560
vt 0.021644 0.355872
vt 0.000000 0.355872
vt 0.043288 0.355872
vt 0.064932 0.355872
vt 0.086577 0.355872
vt 0.108221 0.355872
vt 0.129865 0.355872
vt 0.151509 0.355872
vt 0.173153 0.355872
vt 0.021644 0.392911
vt 0.000000 0.392911
vt 0.043288 0.392911
vt 0.064932 0.392911
vt 0.086577 0.392911
vt 0.108221 0.392911
vt 0.129865 0.392911
vt 0.151509 0.392911
vt 0.173153 0.392911
vt 0.021644 0.435320
vt 0.000000 0.435320
vt 0.043288 0.435320
vt 0.064932 0.435320
vt 0.086577 0.435320
vt 0.108221 0.435320
vt 0.129865 0.435320
vt 0.151509 0.435320
vt 0.173153 0.435320
vt 0.021644 0.478023
vt 0.000000 0.478023
vt 0.043288 0.478023
vt 0.064932 0.478023
vt 0.086577 0.478023
vt 0.108221 0.478023
vt 0.129865 0.478023
vt 0.151509 0.478023
vt 0.173153 0.478023
vt 0.021644 0.521004
vt 0.000000 0.521004
vt 0.043288 0.521004
vt 0.064932 0.521004
vt 0.086577 0.521004
vt 0.108221 0.521004
vt 0.129865 0.521004
vt 0.151509 0.521004
vt 0.173153 0.521004
vt 0.021644 0.557564
vt 0.000000 0.557564
vt 0.043288 0.557564
vt 0.064932 0.557564
vt 0.086577 0.557564
vt 0.108221 0.557564
vt 0.129865 0.557564
vt 0.151509 0.557564
vt 0.173153 0.557564
vt 0.021644 0.594105
vt 0.000000 0.594105
vt 0.043288 0.594105
vt 0.064932 0.594105
vt 0.086577 0.594105
vt 0.108221 0.594105
vt 0.129865 0.594105
vt 0.151509 0.594105
vt 0.173153 0.594105
vt 0.021644 0.630557
vt 0.000000 0.630557
vt 0.043288 0.630557
vt 0.064932 0.630557
vt 0.086577 0.630557
vt 0.108221 0.630557
vt 0.129865 0.630557
vt 0.151509 0.630557
vt 0.173153 0.630557
vt 0.021644 0.666908
vt 0.000000 0.666908
vt 0.043288 0.666908
vt 0.064932 0.666908
vt 0.086577 0.666908
vt 0.108221 0.666908
vt 0.129865 0.666908
vt 0.151509 0.666908
vt 0.173153 0.666908
vt 0.021644 0.703236
vt 0.000000 0.703236
vt 0.043288 0.703236
vt 0.064932 0.703236
vt 0.086577 0.703236
vt 0.108221 0.703236
vt 0.129865 0.703236
vt 0.151509 0.703236
vt 0.173153 0.703236
vt 0.021644 0.739444
vt 0.000000 0.739444
vt 0.043288 0.739444
vt 0.064932 0.739444
vt 0.086577 0.739444
vt 0.108221 0.739444
vt 0.129865 0.739444
vt 0.151509 0.739444
vt 0.173153 0.739444
vt 0.021644 0.775580
vt 0.000000 0.775580
vt 0.043288 0.775580
vt 0.064932 0.775580
vt 0.086577 0.775580
vt 0.108221 0.775580
vt 0.129865 0.775580
vt 0.151509 0.775580
vt 0.173153 0.775580
vt 0.021644 0.813090
vt 0.000000 0.813090
vt 0.043288 0.813090
vt 0.064932 0.813090
vt 0.086577 0.813090
vt 0.108221 0.813090
vt 0.129865 0.813090
vt 0.151509 0.813090
vt 0.173153 0.813090
vt 0.021644 0.850591
vt 0.000000 0.850591
vt 0.043288 0.850591
vt 0.064932 0.850591
vt 0.086577 0.850591
vt 0.108221 0.850591
vt 0.129865 0.850591
vt 0.151509 0.850591
vt 0.173153 0.850591
vt 0.021644 0.888006
vt 0.000000 0.888006
vt 0.043288 0.888006
vt 0.064932 0.888006
vt 0.086577 0.888006
vt 0.108221 0.888006
vt 0.129865 0.888006
vt 0.151509 0.888006
vt 0.173153 0.888006
vt 0.021644 0.925368
vt 0.000000 0.925368
vt 0.043288 0.925368
vt 0.064932 0.925368
vt 0.086577 0.925368
vt 0.108221 0.925368
vt 0.129865 0.925368
vt 0.151509 0.925368
vt 0.173153 0.925368
vt 0.021644 0.962695
vt 0.000000 0.962695
vt 0.043288 0.962695
vt 0.064932 0.962695
vt 0.086577 0.962695
vt 0.108221 0.962695
vt 0.129865 0.962695
vt 0.151509 0.962695
vt 0.173153 0.962695
vt 0.021644 1.000000
vt 0.043288 1.000000
vt 0.064932 1.000000
vt 0.086577 1.000000
vt 0.108221 1.000000
vt 0.129865 1.000000
vt 0.151509 1.000000
vt 0.173153 1.000000
vt 0.567116 0.107488
vt 0.578899 0.130614
vt 0.548762 0.089134
vt 0.525636 0.077351
vt 0.500000 0.073291
vt 0.474364 0.077351
vt 0.451238 0.089135
vt 0.432885 0.107488
vt 0.421101 0.130614
vt 0.417041 0.156250
vt 0.421101 0.181886
vt 0.432885 0.205012
vt 0.451238 0.223365
vt 0.474364 0.235149
vt 0.500000 0.239209
vt 0.525636 0.235149
vt 0.548762 0.223365
vt 0.567115 0.205012
vt 0.578899 0.181886
vt 0.582959 0.156250
vt 0.387500 0.551655
vt 0.375000 0.551655
vt 0.400000 0.551655
vt 0.412500 0.551655
vt 0.425000 0.551655
vt 0.437500 0.551655
vt 0.450000 0.551655
vt 0.462500 0.551655
vt 0.475000 0.551655
vt 0.487500 0.551655
vt 0.500000 0.551655
vt 0.512500 0.551655
vt 0.525000 0.551655
vt 0.537500 0.551655
vt 0.550000 0.551655
vt 0.562500 0.551655
vt 0.575000 0.551655
vt 0.587500 0.551655
vt 0.600000 0.551655
vt 0.612500 0.551655
vt 0.625000 0.551655
vt 0.571799 0.895915
vt 0.584404 0.871175
vt 0.552165 0.915549
vt 0.527425 0.928154
vt 0.500000 0.932498
vt 0.472575 0.928154
vt 0.447835 0.915549
vt 0.428201 0.895915
vt 0.415596 0.871175
vt 0.411252 0.843750
vt 0.415596 0.816325
vt 0.428201 0.791585
vt 0.447835 0.771951
vt 0.472575 0.759346
vt 0.500000 0.755002
vt 0.527425 0.759346
vt 0.552165 0.771951
vt 0.571799 0.791585
vt 0.584404 0.816325
vt 0.588748 0.843750
vt 0.600000 0.622590
vt 0.587500 0.622590
vt 0.575000 0.622590
vt 0.562500 0.622590
vt 0.550000 0.622590
vt 0.537500 0.622590
vt 0.525000 0.622590
vt 0.512500 0.622590
vt 0.500000 0.622590
vt 0.487500 0.622590
vt 0.475000 0.622590
vt 0.462500 0.622590
vt 0.450000 0.622590
vt 0.437500 0.622590
vt 0.425000 0.622590
vt 0.412500 0.622590
vt 0.400000 0.622590
vt 0.387500 0.622590
vt 0.375000 0.622590
vt 0.625000 0.622590
vt 0.612500 0.622590
vt 0.550000 0.623346
vt 0.562500 0.623346
vt 0.562500 0.623930
vt 0.550000 0.623930
vt 0.537500 0.623346
vt 0.537500 0.623930
vt 0.525000 0.623346
vt 0.525000 0.623930
vt 0.512500 0.623346
vt 0.512500 0.623930
vt 0.500000 0.623346
vt 0.500000 0.623930
vt 0.487500 0.623346
vt 0.487500 0.623930
vt 0.475000 0.623346
vt 0.475000 0.623930
vt 0.462500 0.623346
vt 0.462500 0.623930
vt 0.450000 0.623346
vt 0.450000 0.623930
vt 0.437500 0.623346
vt 0.437500 0.623930
vt 0.425000 0.623346
vt 0.425000 0.623930
vt 0.412500 0.623346
vt 0.412500 0.623930
vt 0.400000 0.623346
vt 0.400000 0.623930
vt 0.387500 0.623346
vt 0.387500 0.623930
vt 0.375000 0.623346
vt 0.375000 0.623930
vt 0.612500 0.623346
vt 0.625000 0.623346
vt 0.625000 0.623930
vt 0.612500 0.623930
vt 0.600000 0.623346
vt 0.600000 0.623930
vt 0.587500 0.623346
vt 0.587500 0.623930
vt 0.575000 0.623346
vt 0.575000 0.623930
vt 0.562500 0.624807
vt 0.575000 0.624807
vt 0.575000 0.624965
vt 0.562500 0.624965
vt 0.550000 0.624807
vt 0.550000 0.624965
vt 0.537500 0.624807
vt 0.537500 0.624965
vt 0.525000 0.624807
vt 0.525000 0.624965
vt 0.512500 0.624807
vt 0.512500 0.624965
vt 0.500000 0.624807
vt 0.500000 0.624965
vt 0.487500 0.624807
vt 0.487500 0.624965
vt 0.475000 0.624807
vt 0.475000 0.624965
vt 0.462500 0.624807
vt 0.462500 0.624965
vt 0.450000 0.624807
vt 0.450000 0.624965
vt 0.437500 0.624807
vt 0.437500 0.624965
vt 0.425000 0.624807
vt 0.425000 0.624965
vt 0.412500 0.624807
vt 0.412500 0.624965
vt 0.400000 0.624807
vt 0.400000 0.624965
vt 0.387500 0.624807
vt 0.387500 0.624965
vt 0.375000 0.624807
vt 0.375000 0.624965
vt 0.612500 0.624807
vt 0.625000 0.624807
vt 0.625000 0.624965
vt 0.612500 0.624965
vt 0.600000 0.624807
vt 0.600000 0.624965
vt 0.587500 0.624807
vt 0.587500 0.624965
vt 0.562500 0.684714
vt 0.575000 0.684714
vt 0.575000 0.684820
vt 0.562500 0.684820
vt 0.550000 0.684714
vt 0.550000 0.684820
vt 0.537500 0.684714
vt 0.537500 0.684820
vt 0.525000 0.684714
vt 0.525000 0.684820
vt 0.512500 0.684714
vt 0.512500 0.684820
vt 0.500000 0.684714
vt 0.500000 0.684820
vt 0.487500 0.684714
vt 0.487500 0.684820
vt 0.475000 0.684714
vt 0.475000 0.684820
vt 0.462500 0.684714
vt 0.462500 0.684820
vt 0.450000 0.684714
vt 0.450000 0.684820
vt 0.437500 0.684714
vt 0.437500 0.684820
vt 0.425000 0.684714
vt 0.425000 0.684820
vt 0.412500 0.684714
vt 0.412500 0.684820
vt 0.400000 0.684714
vt 0.400000 0.684820
vt 0.387500 0.684714
vt 0.387500 0.684820
vt 0.375000 0.684714
vt 0.375000 0.684820
vt 0.612500 0.684714
vt 0.625000 0.684714
vt 0.625000 0.684820
vt 0.612500 0.684820
vt 0.600000 0.684714
vt 0.600000 0.684820
vt 0.587500 0.684714
vt 0.587500 0.684820
vt 0.562500 0.682974
vt 0.575000 0.682974
vt 0.575000 0.684436
vt 0.562500 0.684436
vt 0.550000 0.682974
vt 0.550000 0.684436
vt 0.537500 0.682974
vt 0.537500 0.684436
vt 0.525000 0.682974
vt 0.525000 0.684436
vt 0.512500 0.682974
vt 0.512500 0.684436
vt 0.500000 0.682974
vt 0.500000 0.684436
vt 0.487500 0.682974
vt 0.487500 0.684436
vt 0.475000 0.682974
vt 0.475000 0.684436
vt 0.462500 0.682974
vt 0.462500 0.684436
vt 0.450000 0.682974
vt 0.450000 0.684436
vt 0.437500 0.682974
vt 0.437500 0.684436
vt 0.425000 0.682974
vt 0.425000 0.684436
vt 0.412500 0.682974
vt 0.412500 0.684436
vt 0.400000 0.682974
vt 0.400000 0.684436
vt 0.387500 0.682974
vt 0.387500 0.684436
vt 0.375000 0.682974
vt 0.375000 0.684436
vt 0.612500 0.682974
vt 0.625000 0.682974
vt 0.625000 0.684436
vt 0.612500 0.684436
vt 0.600000 0.682974
vt 0.600000 0.684436
vt 0.587500 0.682974
vt 0.587500 0.684436
vt 0.475000 0.684714
vt 0.600000 0.684714
vt 0.562500 0.625572
vt 0.575000 0.625572
vt 0.575000 0.682933
vt 0.562500 0.682933
vt 0.550000 0.625572
vt 0.550000 0.682933
vt 0.537500 0.625572
vt 0.537500 0.682933
vt 0.525000 0.625572
vt 0.525000 0.682933
vt 0.512500 0.625572
vt 0.512500 0.682933
vt 0.500000 0.625572
vt 0.500000 0.682933
vt 0.487500 0.625572
vt 0.487500 0.682933
vt 0.475000 0.625572
vt 0.475000 0.682933
vt 0.462500 0.625572
vt 0.462500 0.682933
vt 0.450000 0.625572
vt 0.450000 0.682933
vt 0.437500 0.625572
vt 0.437500 0.682933
vt 0.425000 0.625572
vt 0.425000 0.682933
vt 0.412500 0.625572
vt 0.412500 0.682933
vt 0.400000 0.625572
vt 0.400000 0.682933
vt 0.387500 0.625572
vt 0.387500 0.682933
vt 0.375000 0.625572
vt 0.375000 0.682933
vt 0.612500 0.625572
vt 0.625000 0.625572
vt 0.625000 0.682933
vt 0.612500 0.682933
vt 0.600000 0.625572
vt 0.600000 0.682933
vt 0.587500 0.625572
vt 0.587500 0.682933
vt 0.575000 0.684714
vt 0.587500 0.684714
vt 0.600000 0.684714
vt 0.612500 0.684714
vt 0.625000 0.684714
vt 0.375000 0.684714
vt 0.387500 0.684714
vt 0.400000 0.684714
vt 0.412500 0.684714
vt 0.425000 0.684714
vt 0.437500 0.684714
vt 0.450000 0.684714
vt 0.462500 0.684714
vt 0.475000 0.684714
vt 0.487500 0.684714
vt 0.500000 0.684714
vt 0.512500 0.684714
vt 0.525000 0.684714
vt 0.537500 0.684714
vt 0.550000 0.684714
vt 0.562500 0.684714
vt 0.524479 0.768411
vt 0.546562 0.779663
vt 0.500000 0.764534
vt 0.475521 0.768411
vt 0.453438 0.779663
vt 0.435913 0.797188
vt 0.424661 0.819271
vt 0.420784 0.843750
vt 0.424661 0.868229
vt 0.435913 0.890312
vt 0.453438 0.907837
vt 0.475521 0.919089
vt 0.500000 0.922966
vt 0.524479 0.919089
vt 0.546562 0.907837
vt 0.564087 0.890312
vt 0.575339 0.868229
vt 0.579216 0.843750
vt 0.575339 0.819271
vt 0.564087 0.797188
vt 0.387500 0.312927
vt 0.375000 0.312927
vt 0.400000 0.312927
vt 0.412500 0.312927
vt 0.425000 0.312927
vt 0.437500 0.312927
vt 0.450000 0.312927
vt 0.462500 0.312927
vt 0.475000 0.312927
vt 0.487500 0.312927
vt 0.500000 0.312927
vt 0.512500 0.312927
vt 0.525000 0.312927
vt 0.537500 0.312927
vt 0.550000 0.312927
vt 0.562500 0.312927
vt 0.575000 0.312927
vt 0.587500 0.312927
vt 0.600000 0.312927
vt 0.612500 0.312927
vt 0.625000 0.312927
vt 0.625642 0.935034
vt 0.647701 0.891741
vt 0.591284 0.969392
vt 0.547991 0.991451
vt 0.500000 0.999052
vt 0.452009 0.991451
vt 0.408716 0.969392
vt 0.374358 0.935034
vt 0.352299 0.891741
vt 0.344698 0.843750
vt 0.352299 0.795759
vt 0.374358 0.752466
vt 0.408716 0.718108
vt 0.452009 0.696049
vt 0.500000 0.688448
vt 0.547991 0.696049
vt 0.591284 0.718108
vt 0.625642 0.752466
vt 0.647701 0.795759
vt 0.655302 0.843750
vt 0.524603 0.768028
vt 0.546798 0.779337
vt 0.500000 0.764132
vt 0.475397 0.768028
vt 0.453202 0.779337
vt 0.435587 0.796952
vt 0.424279 0.819147
vt 0.420382 0.843750
vt 0.424279 0.868353
vt 0.435587 0.890548
vt 0.453202 0.908163
vt 0.475397 0.919472
vt 0.500000 0.923368
vt 0.524603 0.919472
vt 0.546798 0.908163
vt 0.564413 0.890548
vt 0.575722 0.868353
vt 0.579618 0.843750
vt 0.575722 0.819147
vt 0.564413 0.796952
vt 0.562500 0.686795
vt 0.575000 0.686795
vt 0.550000 0.686795
vt 0.537500 0.686795
vt 0.525000 0.686795
vt 0.512500 0.686795
vt 0.500000 0.686795
vt 0.487500 0.686795
vt 0.475000 0.686795
vt 0.462500 0.686795
vt 0.450000 0.686795
vt 0.437500 0.686795
vt 0.425000 0.686795
vt 0.412500 0.686795
vt 0.400000 0.686795
vt 0.387500 0.686795
vt 0.375000 0.686795
vt 0.612500 0.686795
vt 0.625000 0.686795
vt 0.600000 0.686795
vt 0.587500 0.686795
vt 0.562500 0.314270
vt 0.575000 0.314270
vt 0.575000 0.317579
vt 0.562500 0.317579
vt 0.550000 0.314270
vt 0.550000 0.317579
vt 0.537500 0.314270
vt 0.537500 0.317579
vt 0.525000 0.314270
vt 0.525000 0.317579
vt 0.512500 0.314270
vt 0.512500 0.317579
vt 0.500000 0.314270
vt 0.500000 0.317579
vt 0.487500 0.314270
vt 0.487500 0.317579
vt 0.475000 0.314270
vt 0.475000 0.317579
vt 0.462500 0.314270
vt 0.462500 0.317579
vt 0.450000 0.314270
vt 0.450000 0.317579
vt 0.437500 0.314270
vt 0.437500 0.317579
vt 0.425000 0.314270
vt 0.425000 0.317579
vt 0.412500 0.314270
vt 0.412500 0.317579
vt 0.400000 0.314270
vt 0.400000 0.317579
vt 0.387500 0.314270
vt 0.387500 0.317579
vt 0.375000 0.314270
vt 0.375000 0.317579
vt 0.612500 0.314270
vt 0.625000 0.314270
vt 0.625000 0.317579
vt 0.612500 0.317579
vt 0.600000 0.314270
vt 0.600000 0.317579
vt 0.587500 0.314270
vt 0.587500 0.317579
vt 0.376498 0.000000
vt 0.376498 0.237298
vt 0.375000 0.237298
vt 0.376498 0.250000
vt 0.376498 0.253788
vt 0.375000 0.253788
vt 0.375000 0.512702
vt 0.376498 0.512702
vt 0.376498 0.750000
vt 0.375000 0.996212
vt 0.376498 0.996212
vt 0.376498 1.000000
vt 0.628788 0.000000
vt 0.628788 0.237298
vt 0.625000 0.237298
vt 0.371212 0.000000
vt 0.371212 0.237298
vt 0.376498 0.250000
vt 0.625000 0.253788
vt 0.376498 0.500000
vt 0.376498 0.500000
vt 0.625000 0.496485
vt 0.625000 0.478083
vt 0.375000 0.478083
vt 0.376498 0.478083
vt 0.376498 0.496485
vt 0.375000 0.496485
vt 0.375000 0.496485
vt 0.128515 0.000000
vt 0.146917 0.000000
vt 0.146917 0.237298
vt 0.128515 0.237298
vt 0.375000 0.753515
vt 0.376498 0.753515
vt 0.376498 0.771917
vt 0.375000 0.771917
vt 0.853083 0.237298
vt 0.853083 0.000000
vt 0.871485 0.000000
vt 0.871485 0.237298
vt 0.625000 0.496485
vt 0.625000 0.478083
vt 0.625000 0.269921
vt 0.625000 0.258606
vt 0.375000 0.258606
vt 0.376498 0.258606
vt 0.376498 0.269921
vt 0.375000 0.269921
vt 0.355079 0.000000
vt 0.366394 0.000000
vt 0.366394 0.237298
vt 0.355079 0.237298
vt 0.375000 0.980079
vt 0.376498 0.980079
vt 0.376498 0.991394
vt 0.375000 0.991394
vt 0.644921 0.237298
vt 0.633606 0.237298
vt 0.633606 0.000000
vt 0.644921 0.000000
vt 0.625000 0.269921
vt 0.625000 0.478083
vt 0.628788 0.247123
vt 0.625000 0.247123
vt 0.376498 0.247123
vt 0.375000 0.247123
vt 0.371212 0.247123
vt 0.366394 0.247123
vt 0.355079 0.247123
vt 0.146917 0.247123
vt 0.128515 0.247123
vt 0.375000 0.502877
vt 0.376498 0.502877
vt 0.853083 0.247123
vt 0.871485 0.247123
vt 0.633606 0.247123
vt 0.644921 0.247123
vt 0.625000 0.364756
vt 0.625000 0.364755
vt 0.375000 0.364756
vt 0.376498 0.364756
vt 0.260244 0.237298
vt 0.260244 0.247123
vt 0.260244 0.000000
vt 0.376498 0.885245
vt 0.375000 0.885244
vt 0.739756 0.237298
vt 0.739756 0.000000
vt 0.739756 0.247123
vt 0.371212 0.250000
vt 0.366394 0.250000
vt 0.355079 0.250000
vt 0.260244 0.250000
vt 0.146917 0.250000
vt 0.128515 0.250000
vt 0.853083 0.250000
vt 0.871485 0.250000
vt 0.739756 0.250000
vt 0.633606 0.250000
vt 0.644921 0.250000
vt 0.628788 0.250000
vt 0.625000 0.498255
vt 0.376498 0.498255
vt 0.375000 0.498255
vt 0.126745 0.247123
vt 0.126745 0.250000
vt 0.126745 0.237298
vt 0.126745 0.000000
vt 0.375000 0.751745
vt 0.376498 0.751745
vt 0.873255 0.000000
vt 0.873255 0.237298
vt 0.873255 0.247123
vt 0.873255 0.250000
vt 0.623399 0.250000
vt 0.623399 0.253788
vt 0.623399 0.258606
vt 0.623399 0.269921
vt 0.623399 0.364756
vt 0.623399 0.478083
vt 0.623399 0.496485
vt 0.623399 0.498255
vt 0.623399 0.500000
vt 0.623399 0.502877
vt 0.623399 0.512702
vt 0.623399 0.750000
vt 0.623399 0.751745
vt 0.623399 0.753515
vt 0.623399 0.771917
vt 0.623399 0.885244
vt 0.623399 0.980079
vt 0.623399 0.991394
vt 0.623399 0.996212
vt 0.623399 1.000000
vt 0.623399 0.000000
vt 0.623399 0.237298
vt 0.623399 0.247123
vt 0.125000 0.247123
vt 0.125000 0.237298
vt 0.875000 0.237298
vt 0.875000 0.247123
vt 0.625000 0.502877
vt 0.625000 0.512702
vt 0.625000 0.751745
vt 0.625000 0.753515
vt 0.625000 0.771917
vt 0.625000 0.885244
vt 0.625000 0.980079
vt 0.625000 0.991394
vt 0.625000 0.996212
vt 0.375000 0.031250
vt 0.406250 0.031250
vt 0.406250 0.000000
vt 0.437500 0.031250
vt 0.437500 0.000000
vt 0.406250 0.062500
vt 0.437500 0.062500
vt 0.375000 0.062500
vt 0.468750 0.031250
vt 0.468750 0.000000
vt 0.500000 0.031250
vt 0.500000 0.000000
vt 0.468750 0.062500
vt 0.500000 0.062500
vt 0.437500 0.093750
vt 0.468750 0.093750
vt 0.500000 0.093750
vt 0.468750 0.125000
vt 0.500000 0.125000
vt 0.437500 0.125000
vt 0.375000 0.093750
vt 0.406250 0.093750
vt 0.406250 0.125000
vt 0.375000 0.125000
vt 0.531250 0.031250
vt 0.531250 0.000000
vt 0.562500 0.031250
vt 0.562500 0.000000
vt 0.531250 0.062500
vt 0.562500 0.062500
vt 0.593750 0.031250
vt 0.593750 0.000000
vt 0.625000 0.031250
vt 0.593750 0.062500
vt 0.625000 0.062500
vt 0.562500 0.093750
vt 0.593750 0.093750
vt 0.625000 0.093750
vt 0.593750 0.125000
vt 0.625000 0.125000
vt 0.562500 0.125000
vt 0.531250 0.093750
vt 0.531250 0.125000
vt 0.500000 0.156250
vt 0.531250 0.156250
vt 0.562500 0.156250
vt 0.531250 0.187500
vt 0.562500 0.187500
vt 0.500000 0.187500
vt 0.593750 0.156250
vt 0.625000 0.156250
vt 0.593750 0.187500
vt 0.625000 0.187500
vt 0.562500 0.218750
vt 0.593750 0.218750
vt 0.625000 0.218750
vt 0.593750 0.250000
vt 0.562500 0.250000
vt 0.500000 0.218750
vt 0.531250 0.218750
vt 0.531250 0.250000
vt 0.500000 0.250000
vt 0.375000 0.156250
vt 0.406250 0.156250
vt 0.437500 0.156250
vt 0.406250 0.187500
vt 0.437500 0.187500
vt 0.375000 0.187500
vt 0.468750 0.156250
vt 0.468750 0.187500
vt 0.437500 0.218750
vt 0.468750 0.218750
vt 0.468750 0.250000
vt 0.437500 0.250000
vt 0.375000 0.218750
vt 0.406250 0.218750
vt 0.406250 0.250000
vt 0.375000 0.281250
vt 0.406250 0.281250
vt 0.437500 0.281250
vt 0.406250 0.312500
vt 0.437500 0.312500
vt 0.468750 0.281250
vt 0.500000 0.281250
vt 0.468750 0.312500
vt 0.437500 0.343750
vt 0.468750 0.343750
vt 0.500000 0.343750
vt 0.468750 0.375000
vt 0.500000 0.375000
vt 0.437500 0.375000
vt 0.375000 0.343750
vt 0.406250 0.343750
vt 0.406250 0.375000
vt 0.375000 0.375000
vt 0.531250 0.281250
vt 0.562500 0.281250
vt 0.531250 0.312500
vt 0.562500 0.312500
vt 0.593750 0.281250
vt 0.625000 0.281250
vt 0.593750 0.312500
vt 0.625000 0.312500
vt 0.562500 0.343750
vt 0.593750 0.343750
vt 0.625000 0.343750
vt 0.593750 0.375000
vt 0.625000 0.375000
vt 0.562500 0.375000
vt 0.531250 0.343750
vt 0.531250 0.375000
vt 0.500000 0.406250
vt 0.531250 0.406250
vt 0.562500 0.406250
vt 0.531250 0.437500
vt 0.562500 0.437500
vt 0.500000 0.437500
vt 0.593750 0.406250
vt 0.625000 0.406250
vt 0.593750 0.437500
vt 0.625000 0.437500
vt 0.562500 0.468750
vt 0.593750 0.468750
vt 0.625000 0.468750
vt 0.593750 0.500000
vt 0.562500 0.500000
vt 0.500000 0.468750
vt 0.531250 0.468750
vt 0.531250 0.500000
vt 0.500000 0.500000
vt 0.375000 0.406250
vt 0.406250 0.406250
vt 0.437500 0.406250
vt 0.406250 0.437500
vt 0.437500 0.437500
vt 0.375000 0.437500
vt 0.468750 0.406250
vt 0.468750 0.437500
vt 0.437500 0.468750
vt 0.468750 0.468750
vt 0.468750 0.500000
vt 0.437500 0.500000
vt 0.375000 0.468750
vt 0.406250 0.468750
vt 0.406250 0.500000
vt 0.375000 0.531250
vt 0.406250 0.531250
vt 0.437500 0.531250
vt 0.406250 0.562500
vt 0.437500 0.562500
vt 0.375000 0.562500
vt 0.468750 0.531250
vt 0.500000 0.531250
vt 0.468750 0.562500
vt 0.500000 0.562500
vt 0.437500 0.593750
vt 0.468750 0.593750
vt 0.500000 0.593750
vt 0.468750 0.625000
vt 0.500000 0.625000
vt 0.437500 0.625000
vt 0.375000 0.593750
vt 0.406250 0.593750
vt 0.406250 0.625000
vt 0.375000 0.625000
vt 0.531250 0.531250
vt 0.562500 0.531250
vt 0.531250 0.562500
vt 0.562500 0.562500
vt 0.593750 0.531250
vt 0.625000 0.531250
vt 0.593750 0.562500
vt 0.625000 0.562500
vt 0.562500 0.593750
vt 0.593750 0.593750
vt 0.625000 0.593750
vt 0.593750 0.625000
vt 0.625000 0.625000
vt 0.562500 0.625000
vt 0.531250 0.593750
vt 0.531250 0.625000
vt 0.500000 0.656250
vt 0.531250 0.656250
vt 0.562500 0.656250
vt 0.531250 0.687500
vt 0.562500 0.687500
vt 0.500000 0.687500
vt 0.593750 0.656250
vt 0.625000 0.656250
vt 0.593750 0.687500
vt 0.625000 0.687500
vt 0.562500 0.718750
vt 0.593750 0.718750
vt 0.625000 0.718750
vt 0.593750 0.750000
vt 0.562500 0.750000
vt 0.500000 0.718750
vt 0.531250 0.718750
vt 0.531250 0.750000
vt 0.500000 0.750000
vt 0.375000 0.656250
vt 0.406250 0.656250
vt 0.437500 0.656250
vt 0.406250 0.687500
vt 0.437500 0.687500
vt 0.375000 0.687500
vt 0.468750 0.656250
vt 0.468750 0.687500
vt 0.437500 0.718750
vt 0.468750 0.718750
vt 0.468750 0.750000
vt 0.437500 0.750000
vt 0.375000 0.718750
vt 0.406250 0.718750
vt 0.406250 0.750000
vt 0.375000 0.781250
vt 0.406250 0.781250
vt 0.437500 0.781250
vt 0.406250 0.812500
vt 0.437500 0.812500
vt 0.375000 0.812500
vt 0.468750 0.781250
vt 0.500000 0.781250
vt 0.468750 0.812500
vt 0.500000 0.812500
vt 0.437500 0.843750
vt 0.468750 0.843750
vt 0.500000 0.843750
vt 0.468750 0.875000
vt 0.500000 0.875000
vt 0.437500 0.875000
vt 0.375000 0.843750
vt 0.406250 0.843750
vt 0.406250 0.875000
vt 0.375000 0.875000
vt 0.531250 0.781250
vt 0.562500 0.781250
vt 0.531250 0.812500
vt 0.562500 0.812500
vt 0.593750 0.781250
vt 0.625000 0.781250
vt 0.593750 0.812500
vt 0.625000 0.812500
vt 0.562500 0.843750
vt 0.593750 0.843750
vt 0.625000 0.843750
vt 0.593750 0.875000
vt 0.625000 0.875000
vt 0.562500 0.875000
vt 0.531250 0.843750
vt 0.531250 0.875000
vt 0.500000 0.906250
vt 0.531250 0.906250
vt 0.562500 0.906250
vt 0.531250 0.937500
vt 0.562500 0.937500
vt 0.500000 0.937500
vt 0.593750 0.906250
vt 0.625000 0.906250
vt 0.593750 0.937500
vt 0.625000 0.937500
vt 0.562500 0.968750
vt 0.593750 0.968750
vt 0.625000 0.968750
vt 0.593750 1.000000
vt 0.562500 1.000000
vt 0.500000 0.968750
vt 0.531250 0.968750
vt 0.531250 1.000000
vt 0.375000 0.906250
vt 0.406250 0.906250
vt 0.437500 0.906250
vt 0.406250 0.937500
vt 0.437500 0.937500
vt 0.375000 0.937500
vt 0.468750 0.906250
vt 0.468750 0.937500
vt 0.437500 0.968750
vt 0.468750 0.968750
vt 0.468750 1.000000
vt 0.437500 1.000000
vt 0.375000 0.968750
vt 0.406250 0.968750
vt 0.406250 1.000000
vt 0.656250 0.031250
vt 0.656250 0.000000
vt 0.687500 0.031250
vt 0.687500 0.000000
vt 0.656250 0.062500
vt 0.687500 0.062500
vt 0.718750 0.031250
vt 0.718750 0.000000
vt 0.750000 0.031250
vt 0.750000 0.000000
vt 0.718750 0.062500
vt 0.750000 0.062500
vt 0.687500 0.093750
vt 0.718750 0.093750
vt 0.750000 0.093750
vt 0.718750 0.125000
vt 0.750000 0.125000
vt 0.687500 0.125000
vt 0.656250 0.093750
vt 0.656250 0.125000
vt 0.781250 0.031250
vt 0.781250 0.000000
vt 0.812500 0.031250
vt 0.812500 0.000000
vt 0.781250 0.062500
vt 0.812500 0.062500
vt 0.843750 0.031250
vt 0.843750 0.000000
vt 0.875000 0.031250
vt 0.843750 0.062500
vt 0.875000 0.062500
vt 0.812500 0.093750
vt 0.843750 0.093750
vt 0.875000 0.093750
vt 0.843750 0.125000
vt 0.875000 0.125000
vt 0.812500 0.125000
vt 0.781250 0.093750
vt 0.781250 0.125000
vt 0.750000 0.156250
vt 0.781250 0.156250
vt 0.812500 0.156250
vt 0.781250 0.187500
vt 0.812500 0.187500
vt 0.750000 0.187500
vt 0.843750 0.156250
vt 0.875000 0.156250
vt 0.843750 0.187500
vt 0.875000 0.187500
vt 0.812500 0.218750
vt 0.843750 0.218750
vt 0.875000 0.218750
vt 0.843750 0.250000
vt 0.812500 0.250000
vt 0.750000 0.218750
vt 0.781250 0.218750
vt 0.781250 0.250000
vt 0.750000 0.250000
vt 0.687500 0.156250
vt 0.656250 0.187500
vt 0.687500 0.187500
vt 0.718750 0.156250
vt 0.718750 0.187500
vt 0.687500 0.218750
vt 0.718750 0.218750
vt 0.718750 0.250000
vt 0.687500 0.250000
vt 0.656250 0.218750
vt 0.656250 0.250000
vt 0.125000 0.031250
vt 0.156250 0.031250
vt 0.156250 0.000000
vt 0.187500 0.031250
vt 0.187500 0.000000
vt 0.156250 0.062500
vt 0.187500 0.062500
vt 0.125000 0.062500
vt 0.218750 0.031250
vt 0.218750 0.000000
vt 0.250000 0.031250
vt 0.218750 0.062500
vt 0.250000 0.062500
vt 0.187500 0.093750
vt 0.218750 0.093750
vt 0.250000 0.093750
vt 0.218750 0.125000
vt 0.250000 0.125000
vt 0.187500 0.125000
vt 0.125000 0.093750
vt 0.156250 0.093750
vt 0.156250 0.125000
vt 0.125000 0.125000
vt 0.281250 0.031250
vt 0.281250 0.000000
vt 0.312500 0.031250
vt 0.312500 0.000000
vt 0.281250 0.062500
vt 0.312500 0.062500
vt 0.343750 0.031250
vt 0.343750 0.000000
vt 0.343750 0.062500
vt 0.312500 0.093750
vt 0.343750 0.093750
vt 0.343750 0.125000
vt 0.312500 0.125000
vt 0.281250 0.093750
vt 0.281250 0.125000
vt 0.250000 0.156250
vt 0.281250 0.156250
vt 0.312500 0.156250
vt 0.281250 0.187500
vt 0.312500 0.187500
vt 0.250000 0.187500
vt 0.343750 0.156250
vt 0.343750 0.187500
vt 0.312500 0.218750
vt 0.343750 0.218750
vt 0.343750 0.250000
vt 0.312500 0.250000
vt 0.250000 0.218750
vt 0.281250 0.218750
vt 0.281250 0.250000
vt 0.125000 0.156250
vt 0.156250 0.156250
vt 0.187500 0.156250
vt 0.156250 0.187500
vt 0.187500 0.187500
vt 0.125000 0.187500
vt 0.218750 0.156250
vt 0.218750 0.187500
vt 0.187500 0.218750
vt 0.218750 0.218750
vt 0.218750 0.250000
vt 0.187500 0.250000
vt 0.125000 0.218750
vt 0.156250 0.218750
vt 0.156250 0.250000
vt 0.000000 0.500047
vt 0.050000 0.500047
vt 0.100000 0.500047
vt 0.150000 0.500047
vt 0.200000 0.500047
vt 0.250000 0.500047
vt 0.300000 0.500047
vt 0.350000 0.500047
vt 0.400000 0.500047
vt 0.450000 0.500047
vt 0.500000 0.500047
vt 0.550000 0.500047
vt 0.600000 0.500047
vt 0.650000 0.500047
vt 0.700000 0.500047
vt 0.750000 0.500047
vt 0.800000 0.500047
vt 0.850000 0.500047
vt 0.900000 0.500047
vt 0.950000 0.500047
vt 1.000000 0.500047
vt 0.050000 0.500731
vt 0.000000 0.500731
vt 0.100000 0.500731
vt 0.150000 0.500731
vt 0.200000 0.500731
vt 0.250000 0.500731
vt 0.300000 0.500731
vt 0.350000 0.500731
vt 0.400000 0.500731
vt 0.450000 0.500731
vt 0.500000 0.500731
vt 0.550000 0.500731
vt 0.600000 0.500731
vt 0.650000 0.500731
vt 0.700000 0.500731
vt 0.750000 0.500731
vt 0.800000 0.500731
vt 0.850000 0.500731
vt 0.900000 0.500731
vt 0.950000 0.500731
vt 1.000000 0.500731
vt 0.000000 0.704228
vt 0.050000 0.704228
vt 0.100000 0.704228
vt 0.150000 0.704228
vt 0.200000 0.704228
vt 0.250000 0.704228
vt 0.300000 0.704228
vt 0.350000 0.704228
vt 0.400000 0.704228
vt 0.450000 0.704228
vt 0.500000 0.704228
vt 0.550000 0.704228
vt 0.600000 0.704228
vt 0.650000 0.704228
vt 0.700000 0.704228
vt 0.750000 0.704228
vt 0.800000 0.704228
vt 0.850000 0.704228
vt 0.900000 0.704228
vt 0.950000 0.704228
vt 1.000000 0.704228
vt 0.050000 0.700000
vt 0.050000 0.704228
vt 0.050000 0.750000
vt 0.100000 0.700000
vt 0.100000 0.750000
vt 0.200000 0.700000
vt 0.200000 0.750000
vt 0.254228 0.750000
vt 0.454228 0.700000
vt 0.454228 0.700000
vt 0.500000 0.700000
vt 0.550000 0.700000
vt 0.504228 0.750000
vt 0.600000 0.700000
vt 0.650000 0.700000
vt 0.700000 0.700000
vt 0.700000 0.750000
vt 0.704228 0.700000
vt 0.704228 0.700000
vt 0.750000 0.700000
vt 0.800000 0.700000
vt 0.754228 0.750000
vt 0.850000 0.700000
vt 0.900000 0.700000
vt 0.900000 0.750000
vt 0.950000 0.700000
vt 0.954228 0.700000
vt 0.954228 0.700000
vt 1.000000 0.750000
vt 0.954228 0.700000
vt 0.754228 0.750000
vt 0.254228 0.750000
vt 0.542552 0.750000
vt 0.300000 0.742552
vt 0.350000 0.742552
vt 0.492552 0.700000
vt 0.250000 0.742552
vt 0.200000 0.742552
vt 0.150000 0.742552
vt 0.100000 0.742552
vt 0.292552 0.750000
vt 0.050000 0.742552
vt 0.050000 0.742552
vt 0.000000 0.742552
vt 0.950000 0.742552
vt 1.000000 0.742552
vt 0.900000 0.742552
vt 0.850000 0.742552
vt 0.800000 0.742552
vt 0.992552 0.700000
vt 0.992552 0.700000
vt 0.750000 0.742552
vt 0.700000 0.742552
vt 0.650000 0.742552
vt 0.600000 0.742552
vt 0.792552 0.750000
vt 0.550000 0.742552
vt 0.742552 0.700000
vt 0.742552 0.700000
vt 0.500000 0.742552
vt 0.450000 0.742552
vt 0.400000 0.742552
vt 1.000000 0.700000
vt 0.750000 0.700000
vt 0.700000 0.500242
vt 0.750000 0.500242
vt 0.650000 0.500242
vt 0.600000 0.500242
vt 0.550000 0.500242
vt 0.500000 0.500242
vt 0.450000 0.500242
vt 0.400000 0.500242
vt 0.350000 0.500242
vt 0.300000 0.500242
vt 0.250000 0.500242
vt 0.200000 0.500242
vt 0.150000 0.500242
vt 0.100000 0.500242
vt 0.050000 0.500242
vt 0.000000 0.500242
vt 0.950000 0.500242
vt 1.000000 0.500242
vt 0.900000 0.500242
vt 0.850000 0.500242
vt 0.800000 0.500242
vt 0.600000 0.750000
vt 0.704228 0.700000
vt 0.600000 0.700000
s 1
usemtl aiWireframe1.021
f 1/1/1 2/4/2 22/3/2 21/2/2
f 2/4/2 3/6/3 23/5/3 22/3/2
f 3/6/3 4/8/3 24/7/2 23/5/3
f 4/8/3 5/10/3 25/9/2 24/7/2
f 5/10/3 6/12/4 26/11/2 25/9/2
f 6/12/4 7/14/4 27/13/5 26/11/2
f 7/14/4 8/16/2 28/15/2 27/13/5
f 8/16/2 9/18/2 29/17/3 28/15/2
f 9/18/2 10/20/2 30/19/5 29/17/3
f 10/20/2 11/22/6 31/21/3 30/19/5
f 11/22/6 12/24/3 32/23/3 31/21/3
f 12/24/3 13/26/1 33/25/5 32/23/3
f 13/26/1 14/28/2 34/27/3 33/25/5
f 34/27/3 14/28/2 15/30/2 35/29/3
f 35/29/3 15/30/2 16/32/7 36/31/3
f 16/32/7 17/34/8 37/33/2 36/31/3
f 17/34/8 18/36/3 38/35/2 37/33/2
f 18/36/3 19/38/9 39/37/4 38/35/2
f 19/38/9 20/40/3 40/39/3 39/37/4
f 20/40/3 1/42/1 21/41/2 40/39/3
f 21/2/2 22/3/2 42/44/2 41/43/2
f 22/3/2 23/5/3 43/45/3 42/44/2
f 23/5/3 24/7/2 44/46/2 43/45/3
f 24/7/2 25/9/2 45/47/2 44/46/2
f 25/9/2 26/11/2 46/48/2 45/47/2
f 26/11/2 27/13/5 47/49/3 46/48/2
f 27/13/5 28/15/2 48/50/2 47/49/3
f 28/15/2 29/17/3 49/51/3 48/50/2
f 29/17/3 30/19/5 50/52/3 49/51/3
f 30/19/5 31/21/3 51/53/2 50/52/3
f 31/21/3 32/23/3 52/54/2 51/53/2
f 32/23/3 33/25/5 53/55/2 52/54/2
f 33/25/5 34/27/3 54/56/3 53/55/2
f 54/56/3 34/27/3 35/29/3 55/57/3
f 55/57/3 35/29/3 36/31/3 56/58/3
f 36/31/3 37/33/2 57/59/3 56/58/3
f 37/33/2 38/35/2 58/60/3 57/59/3
f 38/35/2 39/37/4 59/61/2 58/60/3
f 39/37/4 40/39/3 60/62/2 59/61/2
f 40/39/3 21/41/2 41/63/2 60/62/2
f 41/43/2 42/44/2 62/65/2 61/64/2
f 42/44/2 43/45/3 63/66/2 62/65/2
f 43/45/3 44/46/2 64/67/2 63/66/2
f 44/46/2 45/47/2 65/68/2 64/67/2
f 45/47/2 46/48/2 66/69/10 65/68/2
f 46/48/2 47/49/3 67/70/11 66/69/10
f 47/49/3 48/50/2 68/71/3 67/70/11
f 48/50/2 49/51/3 69/72/3 68/71/3
f 49/51/3 50/52/3 70/73/3 69/72/3
f 50/52/3 51/53/2 71/74/7 70/73/3
f 51/53/2 52/54/2 72/75/7 71/74/7
f 52/54/2 53/55/2 73/76/2 72/75/7
f 53/55/2 54/56/3 74/77/3 73/76/2
f 74/77/3 54/56/3 55/57/3 75/78/3
f 75/78/3 55/57/3 56/58/3 76/79/11
f 56/58/3 57/59/3 77/80/11 76/79/11
f 57/59/3 58/60/3 78/81/3 77/80/11
f 58/60/3 59/61/2 79/82/3 78/81/3
f 59/61/2 60/62/2 80/83/2 79/82/3
f 60/62/2 41/63/2 61/84/2 80/83/2
f 61/64/12 62/65/12 597/86/14 598/85/13
f 62/65/15 63/66/15 596/87/16 597/86/16
f 63/66/17 64/67/17 595/88/18 596/87/18
f 64/67/19 65/68/19 594/89/20 595/88/20
f 65/68/21 66/69/21 593/90/22 594/89/22
f 66/69/23 67/70/23 592/91/25 593/90/24
f 67/70/26 68/71/26 591/92/28 592/91/27
f 68/71/29 69/72/29 590/93/31 591/92/30
f 69/72/32 70/73/32 589/94/34 590/93/33
f 70/73/35 71/74/35 588/95/36 589/94/36
f 71/74/37 72/75/37 587/96/39 588/95/38
f 72/75/40 73/76/40 586/97/40 587/96/40
f 73/76/41 74/77/41 585/98/43 586/97/42
f 585/98/44 74/77/45 75/78/45 584/99/44
f 584/99/46 75/78/47 76/79/47 583/100/46
f 76/79/48 77/80/48 602/101/49 583/100/49
f 77/80/50 78/81/50 601/102/51 602/101/51
f 78/81/52 79/82/52 600/103/53 601/102/53
f 79/82/54 80/83/54 599/104/55 600/103/55
f 80/83/56 61/84/56 598/105/58 599/104/57
f 81/106/59 82/109/59 102/108/59 101/107/59
f 82/109/60 83/111/60 103/110/60 102/108/60
f 83/111/61 84/113/61 104/112/61 103/110/61
f 84/113/62 85/115/62 105/114/62 104/112/62
f 85/115/63 86/117/63 106/116/63 105/114/63
f 86/117/64 87/119/64 107/118/64 106/116/64
f 87/119/65 88/121/65 108/120/65 107/118/65
f 88/121/66 89/123/66 109/122/66 108/120/66
f 89/123/67 90/125/67 110/124/67 109/122/67
f 90/125/68 91/127/68 111/126/68 110/124/68
f 91/127/69 92/129/69 112/128/69 111/126/69
f 92/129/70 93/131/70 113/130/70 112/128/70
f 93/131/71 94/133/71 114/132/71 113/130/71
f 114/132/72 94/133/72 95/135/72 115/134/72
f 115/134/73 95/135/73 96/137/73 116/136/73
f 96/137/74 97/139/74 117/138/74 116/136/74
f 97/139/75 98/141/75 118/140/75 117/138/75
f 98/141/76 99/143/76 119/142/76 118/140/76
f 99/143/77 100/145/77 120/144/77 119/142/77
f 100/145/78 81/147/78 101/146/78 120/144/78
f 101/107/79 102/108/79 122/149/79 121/148/79
f 102/108/80 103/110/80 123/150/80 122/149/80
f 103/110/81 104/112/81 124/151/81 123/150/81
f 104/112/82 105/114/82 125/152/82 124/151/82
f 105/114/83 106/116/83 126/153/83 125/152/83
f 106/116/84 107/118/84 127/154/84 126/153/84
f 107/118/85 108/120/85 128/155/85 127/154/85
f 108/120/86 109/122/86 129/156/86 128/155/86
f 109/122/87 110/124/87 130/157/87 129/156/87
f 110/124/88 111/126/88 131/158/88 130/157/88
f 111/126/89 112/128/89 132/159/89 131/158/89
f 112/128/90 113/130/90 133/160/90 132/159/90
f 113/130/91 114/132/91 134/161/91 133/160/91
f 134/161/92 114/132/92 115/134/92 135/162/92
f 135/162/93 115/134/93 116/136/93 136/163/93
f 116/136/94 117/138/94 137/164/94 136/163/94
f 117/138/95 118/140/95 138/165/95 137/164/95
f 118/140/96 119/142/96 139/166/96 138/165/96
f 119/142/97 120/144/97 140/167/97 139/166/97
f 120/144/98 101/146/98 121/168/98 140/167/98
f 121/148/99 122/149/99 142/170/99 141/169/99
f 122/149/100 123/150/100 143/171/100 142/170/100
f 123/150/101 124/151/101 144/172/101 143/171/101
f 124/151/102 125/152/102 145/173/102 144/172/102
f 125/152/103 126/153/103 146/174/103 145/173/103
f 126/153/104 127/154/104 147/175/104 146/174/104
f 127/154/105 128/155/105 148/176/105 147/175/105
f 128/155/106 129/156/106 149/177/106 148/176/106
f 129/156/107 130/157/107 150/178/107 149/177/107
f 130/157/108 131/158/108 151/179/108 150/178/108
f 131/158/109 132/159/109 152/180/109 151/179/109
f 132/159/110 133/160/110 153/181/110 152/180/110
f 133/160/111 134/161/111 154/182/111 153/181/111
f 154/182/112 134/161/112 135/162/112 155/183/112
f 155/183/113 135/162/113 136/163/113 156/184/113
f 136/163/114 137/164/114 157/185/114 156/184/114
f 137/164/115 138/165/115 158/186/115 157/185/115
f 138/165/116 139/166/116 159/187/116 158/186/116
f 139/166/117 140/167/117 160/188/117 159/187/117
f 140/167/118 121/168/118 141/189/118 160/188/118
f 141/169/119 142/170/119 162/191/119 161/190/119
f 142/170/120 143/171/120 163/192/120 162/191/120
f 143/171/121 144/172/121 164/193/121 163/192/121
f 144/172/122 145/173/122 165/194/122 164/193/122
f 145/173/123 146/174/123 166/195/123 165/194/123
f 146/174/124 147/175/124 167/196/124 166/195/124
f 147/175/125 148/176/125 168/197/125 167/196/125
f 148/176/126 149/177/126 169/198/126 168/197/126
f 149/177/127 150/178/127 170/199/127 169/198/127
f 150/178/128 151/179/128 171/200/128 170/199/128
f 151/179/129 152/180/129 172/201/129 171/200/129
f 152/180/130 153/181/130 173/202/130 172/201/130
f 153/181/131 154/182/131 174/203/131 173/202/131
f 174/203/132 154/182/132 155/183/132 175/204/132
f 175/204/133 155/183/133 156/184/133 176/205/133
f 156/184/134 157/185/134 177/206/134 176/205/134
f 157/185/135 158/186/135 178/207/135 177/206/135
f 158/186/136 159/187/136 179/208/136 178/207/136
f 159/187/137 160/188/137 180/209/137 179/208/137
f 160/188/138 141/189/138 161/210/138 180/209/138
f 161/190/139 162/191/139 182/212/139 181/211/139
f 162/191/140 163/192/140 183/213/140 182/212/140
f 163/192/141 164/193/141 184/214/141 183/213/141
f 164/193/142 165/194/142 185/215/142 184/214/142
f 165/194/143 166/195/143 186/216/143 185/215/143
f 166/195/144 167/196/144 187/217/144 186/216/144
f 167/196/145 168/197/145 188/218/145 187/217/145
f 168/197/146 169/198/146 189/219/146 188/218/146
f 169/198/147 170/199/147 190/220/147 189/219/147
f 170/199/148 171/200/148 191/221/148 190/220/148
f 171/200/149 172/201/149 192/222/149 191/221/149
f 172/201/150 173/202/150 193/223/150 192/222/150
f 173/202/151 174/203/151 194/224/151 193/223/151
f 194/224/152 174/203/152 175/204/152 195/225/152
f 195/225/153 175/204/153 176/205/153 196/226/153
f 176/205/154 177/206/154 197/227/154 196/226/154
f 177/206/155 178/207/155 198/228/155 197/227/155
f 178/207/156 179/208/156 199/229/156 198/228/156
f 179/208/157 180/209/157 200/230/157 199/229/157
f 180/209/158 161/210/158 181/231/158 200/230/158
f 181/211/159 182/212/159 202/233/159 201/232/159
f 182/212/160 183/213/160 203/234/160 202/233/160
f 183/213/161 184/214/161 204/235/161 203/234/161
f 184/214/162 185/215/162 205/236/162 204/235/162
f 185/215/163 186/216/163 206/237/163 205/236/163
f 186/216/164 187/217/164 207/238/164 206/237/164
f 187/217/165 188/218/165 208/239/165 207/238/165
f 188/218/166 189/219/166 209/240/166 208/239/166
f 189/219/167 190/220/167 210/241/167 209/240/167
f 190/220/168 191/221/168 211/242/168 210/241/168
f 191/221/169 192/222/169 212/243/169 211/242/169
f 192/222/170 193/223/170 213/244/170 212/243/170
f 193/223/171 194/224/171 214/245/171 213/244/171
f 214/245/172 194/224/172 195/225/172 215/246/172
f 215/246/173 195/225/173 196/226/173 216/247/173
f 196/226/174 197/227/174 217/248/174 216/247/174
f 197/227/175 198/228/175 218/249/175 217/248/175
f 198/228/176 199/229/176 219/250/176 218/249/176
f 199/229/177 200/230/177 220/251/177 219/250/177
f 200/230/178 181/231/178 201/252/178 220/251/178
f 201/232/179 202/233/179 222/254/179 221/253/179
f 202/233/180 203/234/180 223/255/180 222/254/180
f 203/234/181 204/235/181 224/256/181 223/255/181
f 204/235/182 205/236/182 225/257/182 224/256/182
f 205/236/183 206/237/183 226/258/183 225/257/183
f 206/237/184 207/238/184 227/259/184 226/258/184
f 207/238/185 208/239/185 228/260/185 227/259/185
f 208/239/186 209/240/186 229/261/186 228/260/186
f 209/240/187 210/241/187 230/262/187 229/261/187
f 210/241/188 211/242/188 231/263/188 230/262/188
f 211/242/189 212/243/189 232/264/189 231/263/189
f 212/243/190 213/244/190 233/265/190 232/264/190
f 213/244/191 214/245/191 234/266/191 233/265/191
f 234/266/192 214/245/192 215/246/192 235/267/192
f 235/267/193 215/246/193 216/247/193 236/268/193
f 216/247/194 217/248/194 237/269/194 236/268/194
f 217/248/195 218/249/195 238/270/195 237/269/195
f 218/249/196 219/250/196 239/271/196 238/270/196
f 219/250/197 220/251/197 240/272/197 239/271/197
f 220/251/198 201/252/198 221/273/198 240/272/198
f 221/253/199 222/254/199 242/275/199 241/274/199
f 222/254/200 223/255/200 243/276/200 242/275/200
f 223/255/201 224/256/201 244/277/201 243/276/201
f 224/256/202 225/257/202 245/278/202 244/277/202
f 225/257/203 226/258/203 246/279/203 245/278/203
f 226/258/204 227/259/204 247/280/204 246/279/204
f 227/259/205 228/260/205 248/281/205 247/280/205
f 228/260/206 229/261/206 249/282/206 248/281/206
f 229/261/207 230/262/207 250/283/207 249/282/207
f 230/262/208 231/263/208 251/284/208 250/283/208
f 231/263/209 232/264/209 252/285/209 251/284/209
f 232/264/210 233/265/210 253/286/210 252/285/210
f 233/265/211 234/266/211 254/287/211 253/286/211
f 254/287/212 234/266/212 235/267/212 255/288/212
f 255/288/213 235/267/213 236/268/213 256/289/213
f 236/268/214 237/269/214 257/290/214 256/289/214
f 237/269/215 238/270/215 258/291/215 257/290/215
f 238/270/216 239/271/216 259/292/216 258/291/216
f 239/271/217 240/272/217 260/293/217 259/292/217
f 240/272/218 221/273/218 241/294/218 260/293/218
f 241/274/219 242/275/219 576/296/220 577/295/220
f 242/275/221 243/276/221 575/297/221 576/296/221
f 243/276/222 244/277/222 574/298/223 575/297/223
f 244/277/224 245/278/224 573/299/225 574/298/225
f 245/278/226 246/279/226 572/300/227 573/299/227
f 246/279/228 247/280/228 571/301/228 572/300/228
f 247/280/229 248/281/229 570/302/230 571/301/230
f 248/281/231 249/282/231 569/303/232 570/302/232
f 249/282/233 250/283/233 568/304/233 569/303/233
f 250/283/234 251/284/234 567/305/235 568/304/235
f 251/284/236 252/285/236 566/306/237 567/305/237
f 252/285/238 253/286/238 565/307/239 566/306/239
f 253/286/240 254/287/240 564/308/241 565/307/241
f 564/308/242 254/287/242 255/288/242 563/309/242
f 563/309/243 255/288/244 256/289/244 582/310/243
f 256/289/245 257/290/245 581/311/246 582/310/246
f 257/290/247 258/291/247 580/312/248 581/311/248
f 258/291/249 259/292/249 579/313/250 580/312/250
f 259/292/251 260/293/251 578/314/251 579/313/251
f 260/293/252 241/294/252 577/315/254 578/314/253
f 261/316/255 262/319/257 282/318/257 281/317/256
f 262/319/257 263/321/256 283/320/257 282/318/257
f 263/321/256 264/323/256 284/322/257 283/320/257
f 264/323/256 265/325/256 285/324/257 284/322/257
f 265/325/256 266/327/256 286/326/257 285/324/257
f 266/327/256 267/329/256 287/328/257 286/326/257
f 267/329/256 268/331/258 288/330/256 287/328/257
f 268/331/258 269/333/258 289/332/256 288/330/256
f 269/333/258 270/335/256 290/334/256 289/332/256
f 270/335/256 271/337/259 291/336/257 290/334/256
f 271/337/259 272/339/255 292/338/256 291/336/257
f 272/339/255 273/341/260 293/340/255 292/338/256
f 273/341/260 274/343/255 294/342/255 293/340/255
f 294/342/255 274/343/255 275/345/257 295/344/257
f 295/344/257 275/345/257 276/347/261 296/346/257
f 276/347/261 277/349/262 297/348/262 296/346/257
f 277/349/262 278/351/259 298/350/257 297/348/262
f 278/351/259 279/353/259 299/352/257 298/350/257
f 279/353/259 280/355/259 300/354/257 299/352/257
f 280/355/259 261/357/255 281/356/256 300/354/257
f 281/317/256 282/318/257 302/359/257 301/358/256
f 282/318/257 283/320/257 303/360/263 302/359/257
f 283/320/257 284/322/257 304/361/263 303/360/263
f 284/322/257 285/324/257 305/362/261 304/361/263
f 285/324/257 286/326/257 306/363/257 305/362/261
f 286/326/257 287/328/257 307/364/259 306/363/257
f 287/328/257 288/330/256 308/365/257 307/364/259
f 288/330/256 289/332/256 309/366/257 308/365/257
f 289/332/256 290/334/256 310/367/256 309/366/257
f 290/334/256 291/336/257 311/368/264 310/367/256
f 291/336/257 292/338/256 312/369/264 311/368/264
f 292/338/256 293/340/255 313/370/257 312/369/264
f 293/340/255 294/342/255 314/371/257 313/370/257
f 314/371/257 294/342/255 295/344/257 315/372/257
f 315/372/257 295/344/257 296/346/257 316/373/257
f 296/346/257 297/348/262 317/374/259 316/373/257
f 297/348/262 298/350/257 318/375/256 317/374/259
f 298/350/257 299/352/257 319/376/258 318/375/256
f 299/352/257 300/354/257 320/377/258 319/376/258
f 300/354/257 281/356/256 301/378/256 320/377/258
f 322/358/256 323/359/257 324/380/257 325/379/256
f 323/359/257 326/360/257 327/381/256 324/380/257
f 326/360/257 328/361/257 329/382/256 327/381/256
f 328/361/257 330/362/257 331/383/255 329/382/256
f 330/362/257 332/363/256 333/384/256 331/383/255
f 332/363/256 334/364/257 335/385/256 333/384/256
f 334/364/257 336/365/258 337/386/256 335/385/256
f 336/365/258 338/366/258 339/387/256 337/386/256
f 338/366/258 340/367/258 341/388/256 339/387/256
f 340/367/258 342/368/256 343/389/257 341/388/256
f 342/368/256 344/369/256 345/390/256 343/389/257
f 344/369/256 346/370/256 347/391/257 345/390/256
f 346/370/256 348/371/256 349/392/257 347/391/257
f 349/392/257 348/371/256 350/372/256 351/393/257
f 351/393/257 350/372/256 352/373/256 353/394/257
f 352/373/256 354/374/256 355/395/257 353/394/257
f 354/374/256 356/375/257 357/396/256 355/395/257
f 356/375/257 358/376/259 359/397/257 357/396/256
f 358/376/259 360/377/257 361/398/256 359/397/257
f 360/377/257 322/378/256 325/399/256 361/398/256
f 325/379/256 324/380/257 362/401/257 363/400/256
f 324/380/257 327/381/256 364/402/257 362/401/257
f 327/381/256 329/382/256 365/403/256 364/402/257
f 329/382/256 331/383/255 366/404/256 365/403/256
f 331/383/255 333/384/256 367/405/256 366/404/256
f 333/384/256 335/385/256 368/406/256 367/405/256
f 335/385/256 337/386/256 369/407/257 368/406/256
f 337/386/256 339/387/256 370/408/256 369/407/257
f 339/387/256 341/388/256 371/409/256 370/408/256
f 341/388/256 343/389/257 372/410/257 371/409/256
f 343/389/257 345/390/256 373/411/256 372/410/257
f 345/390/256 347/391/257 374/412/256 373/411/256
f 347/391/257 349/392/257 375/413/257 374/412/256
f 375/413/257 349/392/257 351/393/257 376/414/257
f 376/414/257 351/393/257 353/394/257 377/415/257
f 353/394/257 355/395/257 378/416/257 377/415/257
f 355/395/257 357/396/256 379/417/257 378/416/257
f 357/396/256 359/397/257 380/418/257 379/417/257
f 359/397/257 361/398/256 381/419/256 380/418/257
f 361/398/256 325/399/256 363/420/256 381/419/256
f 363/400/256 362/401/257 382/422/259 383/421/256
f 362/401/257 364/402/257 384/423/257 382/422/259
f 364/402/257 365/403/256 385/424/256 384/423/257
f 365/403/256 366/404/256 386/425/257 385/424/256
f 366/404/256 367/405/256 387/426/264 386/425/257
f 367/405/256 368/406/256 388/427/255 387/426/264
f 368/406/256 369/407/257 389/428/255 388/427/255
f 369/407/257 370/408/256 390/429/257 389/428/255
f 370/408/256 371/409/256 391/430/256 390/429/257
f 371/409/256 372/410/257 392/431/257 391/430/256
f 372/410/257 373/411/256 393/432/256 392/431/257
f 373/411/256 374/412/256 394/433/256 393/432/256
f 374/412/256 375/413/257 395/434/256 394/433/256
f 396/435/256 395/434/256 375/413/257 376/414/257
f 397/436/255 396/435/256 376/414/257 377/415/257
f 377/415/257 378/416/257 398/437/256 397/436/255
f 378/416/257 379/417/257 399/438/264 398/437/256
f 379/417/257 380/418/257 400/439/256 399/438/264
f 380/418/257 381/419/256 401/440/256 400/439/256
f 381/419/256 363/420/256 383/441/256 401/440/256
f 2/4/2 1/1/1 321/442/3
f 3/6/3 2/4/2 321/443/3
f 4/8/3 3/6/3 321/444/3
f 5/10/3 4/8/3 321/445/3
f 6/12/4 5/10/3 321/446/3
f 7/14/4 6/12/4 321/447/3
f 8/16/2 7/14/4 321/448/3
f 9/18/2 8/16/2 321/449/3
f 10/20/2 9/18/2 321/450/3
f 11/22/6 10/20/2 321/451/3
f 12/24/3 11/22/6 321/452/3
f 13/26/1 12/24/3 321/453/3
f 14/28/2 13/26/1 321/454/3
f 15/30/2 14/28/2 321/455/3
f 16/32/7 15/30/2 321/456/3
f 17/34/8 16/32/7 321/457/3
f 18/36/3 17/34/8 321/458/3
f 19/38/9 18/36/3 321/459/3
f 20/40/3 19/38/9 321/460/3
f 1/42/1 20/40/3 321/461/3
f 383/421/256 382/422/259 402/462/256
f 382/422/259 384/423/257 402/463/256
f 384/423/257 385/424/256 402/464/256
f 385/424/256 386/425/257 402/465/256
f 386/425/257 387/426/264 402/466/256
f 387/426/264 388/427/255 402/467/256
f 388/427/255 389/428/255 402/468/256
f 389/428/255 390/429/257 402/469/256
f 390/429/257 391/430/256 402/470/256
f 391/430/256 392/431/257 402/471/256
f 392/431/257 393/432/256 402/472/256
f 393/432/256 394/433/256 402/473/256
f 394/433/256 395/434/256 402/474/256
f 395/434/256 396/435/256 402/475/256
f 396/435/256 397/436/255 402/476/256
f 397/436/255 398/437/256 402/477/256
f 398/437/256 399/438/264 402/478/256
f 399/438/264 400/439/256 402/479/256
f 400/439/256 401/440/256 402/480/256
f 401/440/256 383/441/256 402/481/256
f 301/358/265 302/359/265 517/359/266 518/358/266
f 302/359/267 303/360/267 516/360/268 517/359/268
f 303/360/269 304/361/269 515/361/270 516/360/270
f 304/361/271 305/362/271 514/362/272 515/361/272
f 305/362/273 306/363/273 513/363/274 514/362/274
f 306/363/275 307/364/275 512/364/277 513/363/276
f 307/364/278 308/365/278 511/365/280 512/364/279
f 308/365/281 309/366/281 510/366/281 511/365/281
f 309/366/282 310/367/282 509/367/283 510/366/283
f 310/367/284 311/368/284 508/368/286 509/367/285
f 311/368/287 312/369/287 507/369/289 508/368/288
f 312/369/290 313/370/290 506/370/291 507/369/291
f 313/370/292 314/371/292 505/371/293 506/370/293
f 505/371/294 314/371/295 315/372/295 504/372/294
f 504/372/296 315/372/297 316/373/297 503/373/296
f 316/373/298 317/374/298 522/374/299 503/373/299
f 317/374/300 318/375/300 521/375/301 522/374/301
f 318/375/302 319/376/302 520/376/302 521/375/302
f 319/376/303 320/377/303 519/377/304 520/376/304
f 320/377/305 301/378/305 518/378/306 519/377/306
f 424/373/307 423/374/307 502/483/309 483/482/308
f 484/484/310 427/372/311 424/373/311 483/482/310
f 485/485/312 429/371/313 427/372/313 484/484/312
f 431/370/314 429/371/314 485/485/315 486/486/315
f 433/369/316 431/370/316 486/486/317 487/487/317
f 435/368/318 433/369/318 487/487/287 488/488/287
f 437/367/286 435/368/286 488/488/319 489/489/319
f 439/366/320 437/367/320 489/489/321 490/490/321
f 441/365/322 439/366/322 490/490/324 491/491/323
f 443/364/325 441/365/325 491/491/327 492/492/326
f 445/363/328 443/364/328 492/492/329 493/493/329
f 447/362/330 445/363/330 493/493/331 494/494/331
f 449/361/332 447/362/332 494/494/334 495/495/333
f 451/360/335 449/361/335 495/495/337 496/496/336
f 453/359/338 451/360/338 496/496/267 497/497/339
f 455/358/340 453/359/340 497/497/266 498/498/341
f 457/377/342 455/378/342 498/500/344 499/499/343
f 459/376/345 457/377/345 499/499/347 500/501/346
f 461/375/348 459/376/348 500/501/350 501/502/349
f 423/374/351 461/375/351 501/502/353 502/483/352
f 404/373/354 403/374/355 561/374/11 562/373/6
f 354/374/256 352/373/256 426/373/256 425/374/257
f 543/372/2 405/372/11 404/373/354 562/373/6
f 350/372/256 428/372/256 426/373/256 352/373/256
f 544/371/2 406/371/3 405/372/11 543/372/2
f 348/371/256 430/371/256 428/372/256 350/372/256
f 407/370/3 406/371/3 544/371/2 545/370/3
f 348/371/256 346/370/256 432/370/255 430/371/256
f 408/369/2 407/370/3 545/370/3 546/369/3
f 346/370/256 344/369/256 434/369/255 432/370/255
f 409/368/7 408/369/2 546/369/3 547/368/2
f 344/369/256 342/368/256 436/368/256 434/369/255
f 410/367/10 409/368/7 547/368/2 548/367/2
f 342/368/256 340/367/258 438/367/356 436/368/256
f 411/366/357 410/367/10 548/367/2 549/366/10
f 340/367/258 338/366/258 440/366/358 438/367/356
f 412/365/359 411/366/357 549/366/10 550/365/6
f 338/366/258 336/365/258 442/365/258 440/366/358
f 413/364/360 412/365/359 550/365/6 551/364/6
f 336/365/258 334/364/257 444/364/257 442/365/258
f 414/363/361 413/364/360 551/364/6 552/363/11
f 334/364/257 332/363/256 446/363/256 444/364/257
f 415/362/362 414/363/361 552/363/11 553/362/3
f 332/363/256 330/362/257 448/362/257 446/363/256
f 416/361/363 415/362/362 553/362/3 554/361/10
f 330/362/257 328/361/257 450/361/263 448/362/257
f 417/360/9 416/361/363 554/361/10 555/360/3
f 328/361/257 326/360/257 452/360/264 450/361/263
f 418/359/364 417/360/9 555/360/3 556/359/4
f 326/360/257 323/359/257 454/359/257 452/360/264
f 419/358/5 418/359/364 556/359/4 557/358/5
f 323/359/257 322/358/256 456/358/256 454/359/257
f 420/377/365 419/378/5 557/378/5 558/377/5
f 322/378/256 360/377/257 458/377/259 456/378/256
f 421/376/5 420/377/365 558/377/5 559/503/2
f 360/377/257 358/376/259 460/376/259 458/377/259
f 422/375/2 421/376/5 559/503/2 560/375/5
f 358/376/259 356/375/257 462/375/259 460/376/259
f 403/374/355 422/375/2 560/375/5 561/374/11
f 356/375/257 354/374/256 425/374/257 462/375/259
f 428/372/366 464/372/368 463/373/367 426/373/366
f 430/371/369 465/371/371 464/372/370 428/372/369
f 466/370/372 465/371/373 430/371/314 432/370/314
f 467/369/374 466/370/376 432/370/375 434/369/375
f 468/368/288 467/369/288 434/369/377 436/368/377
f 469/367/378 468/368/380 436/368/379 438/367/379
f 470/366/381 469/367/383 438/367/382 440/366/382
f 471/365/384 470/366/386 440/366/385 442/365/385
f 472/364/387 471/365/389 442/365/388 444/364/388
f 473/363/390 472/364/392 444/364/391 446/363/391
f 474/362/393 473/363/395 446/363/394 448/362/394
f 475/361/396 474/362/398 448/362/397 450/361/397
f 476/360/399 475/361/401 450/361/400 452/360/400
f 477/359/268 476/360/403 452/360/402 454/359/402
f 478/358/404 477/359/406 454/359/405 456/358/405
f 479/377/407 478/378/409 456/378/408 458/377/408
f 480/376/410 479/377/412 458/377/411 460/376/411
f 481/375/413 480/376/413 460/376/414 462/375/414
f 482/374/415 481/375/415 462/375/416 425/374/416
f 463/373/417 482/374/419 425/374/418 426/373/418
f 637/484/420 484/484/310 483/482/310 636/482/421
f 638/485/313 485/485/312 484/484/312 637/484/422
f 486/486/315 485/485/315 638/485/423 639/486/423
f 487/487/317 486/486/317 639/486/424 640/487/424
f 488/488/287 487/487/287 640/487/287 641/488/287
f 489/489/319 488/488/319 641/488/426 642/489/425
f 490/490/321 489/489/321 642/489/428 623/490/427
f 491/491/323 490/490/324 623/490/429 624/491/429
f 492/492/326 491/491/327 624/491/430 625/492/430
f 493/493/329 492/492/329 625/492/431 626/493/431
f 494/494/331 493/493/331 626/493/432 627/494/274
f 495/495/333 494/494/334 627/494/434 628/495/433
f 496/496/336 495/495/337 628/495/436 629/496/435
f 497/497/339 496/496/267 629/496/438 630/497/437
f 498/498/341 497/497/266 630/497/440 631/498/439
f 499/499/343 498/500/344 631/500/441 632/499/441
f 500/501/346 499/499/347 632/499/443 633/501/442
f 501/502/349 500/501/350 633/501/444 634/502/444
f 502/483/352 501/502/353 634/502/445 635/483/300
f 483/482/308 502/483/309 635/483/447 636/482/446
f 524/372/296 504/372/296 503/373/296 523/373/448
f 525/371/449 505/371/294 504/372/294 524/372/449
f 506/370/293 505/371/293 525/371/450 526/370/450
f 507/369/291 506/370/291 526/370/424 527/369/451
f 508/368/288 507/369/289 527/369/452 528/368/452
f 509/367/285 508/368/286 528/368/453 529/367/286
f 510/366/283 509/367/283 529/367/455 530/366/454
f 511/365/281 510/366/281 530/366/281 531/365/456
f 512/364/279 511/365/280 531/365/458 532/364/457
f 513/363/276 512/364/277 532/364/460 533/363/459
f 514/362/274 513/363/274 533/363/462 534/362/461
f 515/361/272 514/362/272 534/362/272 535/361/271
f 516/360/270 515/361/270 535/361/464 536/360/463
f 517/359/268 516/360/268 536/360/465 537/359/268
f 518/358/266 517/359/266 537/359/266 538/358/466
f 519/377/306 518/378/306 538/378/306 539/377/306
f 520/376/304 519/377/304 539/377/304 540/376/467
f 521/375/302 520/376/302 540/376/302 541/375/468
f 522/374/301 521/375/301 541/375/469 542/374/469
f 503/373/299 522/374/299 542/374/298 523/373/299
f 405/372/470 524/372/296 523/373/448 404/373/470
f 406/371/471 525/371/449 524/372/449 405/372/471
f 526/370/450 525/371/450 406/371/472 407/370/472
f 527/369/451 526/370/424 407/370/473 408/369/473
f 528/368/452 527/369/452 408/369/474 409/368/474
f 529/367/286 528/368/453 409/368/475 410/367/475
f 530/366/454 529/367/455 410/367/476 411/366/476
f 531/365/456 530/366/281 411/366/477 412/365/477
f 532/364/457 531/365/458 412/365/478 413/364/478
f 533/363/459 532/364/460 413/364/479 414/363/479
f 534/362/461 533/363/462 414/363/480 415/362/480
f 535/361/271 534/362/272 415/362/481 416/361/481
f 536/360/463 535/361/464 416/361/482 417/360/482
f 537/359/268 536/360/465 417/360/483 418/359/483
f 538/358/466 537/359/266 418/359/484 419/358/484
f 539/377/306 538/378/306 419/378/305 420/377/305
f 540/376/467 539/377/304 420/377/485 421/376/485
f 541/375/468 540/376/302 421/376/486 422/375/486
f 542/374/469 541/375/469 422/375/487 403/374/487
f 523/373/299 542/374/298 403/374/488 404/373/488
f 429/371/1 544/371/2 543/372/2 427/372/8
f 545/370/3 544/371/2 429/371/1 431/370/2
f 546/369/3 545/370/3 431/370/2 433/369/3
f 547/368/2 546/369/3 433/369/3 435/368/2
f 548/367/2 547/368/2 435/368/2 437/367/2
f 549/366/10 548/367/2 437/367/2 439/366/5
f 550/365/6 549/366/10 439/366/5 441/365/489
f 551/364/6 550/365/6 441/365/489 443/364/489
f 552/363/11 551/364/6 443/364/489 445/363/1
f 553/362/3 552/363/11 445/363/1 447/362/8
f 554/361/10 553/362/3 447/362/8 449/361/8
f 555/360/3 554/361/10 449/361/8 451/360/2
f 556/359/4 555/360/3 451/360/2 453/359/5
f 557/358/5 556/359/4 453/359/5 455/358/4
f 558/377/5 557/378/5 455/378/4 457/377/3
f 559/503/2 558/377/5 457/377/3 459/376/2
f 560/375/5 559/503/2 459/376/2 461/375/5
f 561/374/11 560/375/5 461/375/5 423/374/5
f 562/373/6 561/374/11 423/374/5 424/373/1
f 427/372/8 543/372/2 562/373/6 424/373/1
f 274/343/490 564/308/242 563/309/242 275/345/490
f 565/307/241 564/308/241 274/343/491 273/341/491
f 566/306/239 565/307/239 273/341/492 272/339/492
f 567/305/237 566/306/237 272/339/493 271/337/493
f 568/304/235 567/305/235 271/337/494 270/335/494
f 569/303/233 568/304/233 270/335/495 269/333/495
f 570/302/232 569/303/232 269/333/496 268/331/496
f 571/301/230 570/302/230 268/331/497 267/329/497
f 572/300/228 571/301/228 267/329/498 266/327/498
f 573/299/227 572/300/227 266/327/499 265/325/499
f 574/298/225 573/299/225 265/325/500 264/323/500
f 575/297/223 574/298/223 264/323/501 263/321/501
f 576/296/221 575/297/221 263/321/221 262/319/221
f 577/295/220 576/296/220 262/319/502 261/316/502
f 578/314/253 577/315/254 261/357/503 280/355/503
f 579/313/251 578/314/251 280/355/504 279/353/504
f 580/312/250 579/313/250 279/353/505 278/351/505
f 581/311/248 580/312/248 278/351/506 277/349/506
f 582/310/246 581/311/246 277/349/507 276/347/507
f 275/345/508 563/309/243 582/310/243 276/347/508
f 95/135/509 584/99/46 583/100/46 96/137/509
f 94/133/510 585/98/44 584/99/44 95/135/510
f 586/97/42 585/98/43 94/133/511 93/131/511
f 587/96/40 586/97/40 93/131/40 92/129/40
f 588/95/38 587/96/39 92/129/512 91/127/512
f 589/94/36 588/95/36 91/127/513 90/125/513
f 590/93/33 589/94/34 90/125/514 89/123/514
f 591/92/30 590/93/31 89/123/515 88/121/515
f 592/91/27 591/92/28 88/121/28 87/119/28
f 593/90/24 592/91/25 87/119/516 86/117/516
f 594/89/22 593/90/22 86/117/517 85/115/517
f 595/88/20 594/89/20 85/115/518 84/113/518
f 596/87/18 595/88/18 84/113/519 83/111/519
f 597/86/16 596/87/16 83/111/520 82/109/520
f 598/85/13 597/86/14 82/109/521 81/106/521
f 599/104/57 598/105/58 81/147/522 100/145/522
f 600/103/55 599/104/55 100/145/523 99/143/523
f 601/102/53 600/103/53 99/143/53 98/141/53
f 602/101/51 601/102/51 98/141/524 97/139/524
f 583/100/49 602/101/49 97/139/49 96/137/49
f 604/365/525 603/366/526 470/366/386 471/365/384
f 605/364/527 604/365/528 471/365/389 472/364/387
f 606/363/529 605/364/530 472/364/392 473/363/390
f 607/362/531 606/363/532 473/363/395 474/362/393
f 608/361/533 607/362/534 474/362/398 475/361/396
f 609/360/535 608/361/536 475/361/401 476/360/399
f 610/359/537 609/360/538 476/360/403 477/359/268
f 611/358/539 610/359/539 477/359/406 478/358/404
f 612/377/344 611/378/344 478/378/409 479/377/407
f 613/376/540 612/377/541 479/377/412 480/376/410
f 614/375/542 613/376/543 480/376/413 481/375/413
f 615/374/544 614/375/445 481/375/415 482/374/415
f 616/373/446 615/374/447 482/374/419 463/373/417
f 464/372/368 617/372/546 616/373/545 463/373/367
f 465/371/371 618/371/548 617/372/547 464/372/370
f 619/370/549 618/371/373 465/371/373 466/370/372
f 620/369/550 619/370/551 466/370/376 467/369/374
f 621/368/552 620/369/287 467/369/288 468/368/288
f 622/367/285 621/368/286 468/368/380 469/367/378
f 603/366/553 622/367/553 469/367/383 470/366/381
f 624/491/429 623/490/429 603/366/526 604/365/525
f 625/492/430 624/491/430 604/365/528 605/364/527
f 626/493/431 625/492/431 605/364/530 606/363/529
f 627/494/274 626/493/432 606/363/532 607/362/531
f 628/495/433 627/494/434 607/362/534 608/361/533
f 629/496/435 628/495/436 608/361/536 609/360/535
f 630/497/437 629/496/438 609/360/538 610/359/537
f 631/498/439 630/497/440 610/359/539 611/358/539
f 632/499/441 631/500/441 611/378/344 612/377/344
f 633/501/442 632/499/443 612/377/541 613/376/540
f 634/502/444 633/501/444 613/376/543 614/375/542
f 635/483/300 634/502/445 614/375/445 615/374/544
f 636/482/446 635/483/447 615/374/447 616/373/446
f 617/372/546 637/484/420 636/482/421 616/373/545
f 618/371/548 638/485/313 637/484/422 617/372/547
f 639/486/423 638/485/423 618/371/373 619/370/549
f 640/487/424 639/486/424 619/370/551 620/369/550
f 641/488/287 640/487/287 620/369/287 621/368/552
f 642/489/425 641/488/426 621/368/286 622/367/285
f 623/490/427 642/489/428 622/367/553 603/366/553
f 644/504/554 643/507/557 786/506/556 787/505/555
f 645/508/558 644/504/554 787/505/555 788/509/559
f 646/510/560 645/508/558 788/509/559 789/511/561
f 647/512/562 646/510/560 789/511/561 790/513/563
f 648/514/564 647/512/562 790/513/563 791/515/565
f 649/516/566 648/514/564 791/515/565 792/517/567
f 650/518/568 649/516/566 792/517/567 793/519/569
f 651/520/570 650/518/568 793/519/569 794/521/571
f 652/522/572 651/520/570 794/521/571 795/523/573
f 653/524/574 652/522/572 795/523/573 796/525/575
f 654/526/576 653/524/574 796/525/575 797/527/577
f 655/528/578 654/526/576 797/527/577 798/529/579
f 656/530/580 655/528/578 798/529/579 799/531/580
f 657/532/581 656/530/580 799/531/580 800/533/582
f 658/534/583 657/532/581 800/533/582 801/535/584
f 659/536/585 658/534/583 801/535/584 802/537/586
f 660/538/587 659/536/585 802/537/586 783/539/588
f 661/540/589 660/538/587 783/539/588 784/541/590
f 662/542/591 661/540/589 784/541/590 785/543/592
f 643/544/557 662/542/591 785/543/592 786/545/556
f 664/546/593 663/549/594 683/548/594 684/547/593
f 665/550/593 664/546/593 684/547/593 685/551/593
f 666/552/594 665/550/593 685/551/593 686/553/594
f 667/554/595 666/552/594 686/553/594 687/555/595
f 668/556/595 667/554/595 687/555/595 688/557/595
f 669/558/595 668/556/595 688/557/595 689/559/595
f 670/560/596 669/558/595 689/559/595 690/561/596
f 671/562/594 670/560/596 690/561/596 691/563/594
f 672/564/597 671/562/594 691/563/594 692/565/597
f 673/566/593 672/564/597 692/565/597 693/567/593
f 674/568/593 673/566/593 693/567/593 694/569/593
f 675/570/597 674/568/593 694/569/593 695/571/597
f 676/572/594 675/570/597 695/571/597 696/573/594
f 677/574/594 676/572/594 696/573/594 697/575/594
f 678/576/594 677/574/594 697/575/594 698/577/594
f 679/578/594 678/576/594 698/577/594 699/579/594
f 680/580/598 679/578/594 699/579/594 700/581/598
f 681/582/599 680/580/598 700/581/598 701/583/593
f 682/584/600 681/582/599 701/583/593 702/585/600
f 663/586/594 682/584/600 702/585/600 683/587/594
f 684/547/576 683/548/603 803/589/602 804/588/601
f 685/551/604 684/547/576 804/588/601 805/590/605
f 686/553/580 685/551/604 805/590/605 806/591/606
f 687/555/607 686/553/580 806/591/606 807/592/608
f 688/557/609 687/555/607 807/592/608 808/593/610
f 689/559/611 688/557/609 808/593/610 809/594/612
f 690/561/613 689/559/611 809/594/612 810/595/614
f 691/563/615 690/561/613 810/595/614 811/596/616
f 692/565/617 691/563/615 811/596/616 812/597/618
f 693/567/619 692/565/617 812/597/618 813/598/620
f 694/569/621 693/567/619 813/598/620 814/599/622
f 695/571/623 694/569/621 814/599/622 815/600/624
f 696/573/625 695/571/623 815/600/624 816/601/626
f 697/575/627 696/573/625 816/601/626 817/602/628
f 698/577/629 697/575/627 817/602/628 818/603/630
f 699/579/631 698/577/629 818/603/630 819/604/632
f 700/581/633 699/579/631 819/604/632 820/605/634
f 701/583/635 700/581/633 820/605/634 821/606/636
f 702/585/637 701/583/635 821/606/636 822/607/638
f 683/587/603 702/585/637 822/607/638 803/608/602
f 704/109/639 703/106/642 724/610/641 725/609/640
f 705/111/643 704/109/639 725/609/640 726/611/644
f 706/113/645 705/111/643 726/611/644 727/612/646
f 707/115/647 706/113/645 727/612/646 728/613/648
f 708/117/649 707/115/647 728/613/648 729/614/650
f 709/119/651 708/117/649 729/614/650 730/615/652
f 710/121/653 709/119/651 730/615/652 731/616/654
f 711/123/655 710/121/653 731/616/654 732/617/656
f 712/125/657 711/123/655 732/617/656 733/618/658
f 713/127/659 712/125/657 733/618/658 734/619/660
f 714/129/661 713/127/659 734/619/660 735/620/652
f 715/131/662 714/129/661 735/620/652 736/621/660
f 716/133/663 715/131/662 736/621/660 737/622/664
f 717/135/665 716/133/663 737/622/664 738/623/666
f 718/137/667 717/135/665 738/623/666 739/624/668
f 719/139/669 718/137/667 739/624/668 740/625/670
f 720/141/671 719/139/669 740/625/670 741/626/672
f 721/143/673 720/141/671 741/626/672 742/627/648
f 722/145/674 721/143/673 742/627/648 723/628/648
f 703/147/642 722/145/674 723/628/648 724/629/641
f 724/629/641 723/628/648 763/631/675 764/630/670
f 725/609/640 724/610/641 764/633/670 765/632/660
f 726/611/644 725/609/640 765/632/660 766/634/670
f 727/612/646 726/611/644 766/634/670 767/635/652
f 728/613/648 727/612/646 767/635/652 768/636/652
f 729/614/650 728/613/648 768/636/652 769/637/652
f 730/615/652 729/614/650 769/637/652 770/638/652
f 731/616/654 730/615/652 770/638/652 771/639/676
f 732/617/656 731/616/654 771/639/676 772/640/660
f 733/618/658 732/617/656 772/640/660 773/641/652
f 734/619/660 733/618/658 773/641/652 774/642/670
f 735/620/652 734/619/660 774/642/670 775/643/652
f 736/621/660 735/620/652 775/643/652 776/644/652
f 737/622/664 736/621/660 776/644/652 777/645/652
f 738/623/666 737/622/664 777/645/652 778/646/648
f 739/624/668 738/623/666 778/646/648 779/647/652
f 740/625/670 739/624/668 779/647/652 780/648/652
f 741/626/672 740/625/670 780/648/652 781/649/652
f 742/627/648 741/626/672 781/649/652 782/650/675
f 723/628/648 742/627/648 782/650/675 763/631/675
f 744/651/677 743/654/659 662/653/679 643/652/678
f 745/655/680 744/658/677 643/657/678 644/656/681
f 746/659/660 745/655/680 644/656/681 645/660/682
f 747/661/683 746/659/660 645/660/682 646/662/684
f 748/663/670 747/661/683 646/662/684 647/664/685
f 749/665/652 748/663/670 647/664/685 648/666/686
f 750/667/676 749/665/652 648/666/686 649/668/687
f 751/669/688 750/667/676 649/668/687 650/670/689
f 752/671/676 751/669/688 650/670/689 651/672/690
f 753/673/658 752/671/676 651/672/690 652/674/657
f 754/675/660 753/673/658 652/674/657 653/676/691
f 755/677/692 754/675/660 653/676/691 654/678/693
f 756/679/670 755/677/692 654/678/693 655/680/676
f 757/681/652 756/679/670 655/680/676 656/682/669
f 758/683/694 757/681/652 656/682/669 657/684/695
f 759/685/696 758/683/694 657/684/695 658/686/697
f 760/687/660 759/685/696 658/686/697 659/688/660
f 761/689/698 760/687/660 659/688/660 660/690/699
f 762/691/648 761/689/698 660/690/699 661/692/658
f 743/654/659 762/691/648 661/692/658 662/653/679
f 764/630/670 763/631/675 743/654/659 744/651/677
f 765/632/660 764/633/670 744/658/677 745/655/680
f 766/634/670 765/632/660 745/655/680 746/659/660
f 767/635/652 766/634/670 746/659/660 747/661/683
f 768/636/652 767/635/652 747/661/683 748/663/670
f 769/637/652 768/636/652 748/663/670 749/665/652
f 770/638/652 769/637/652 749/665/652 750/667/676
f 771/639/676 770/638/652 750/667/676 751/669/688
f 772/640/660 771/639/676 751/669/688 752/671/676
f 773/641/652 772/640/660 752/671/676 753/673/658
f 774/642/670 773/641/652 753/673/658 754/675/660
f 775/643/652 774/642/670 754/675/660 755/677/692
f 776/644/652 775/643/652 755/677/692 756/679/670
f 777/645/652 776/644/652 756/679/670 757/681/652
f 778/646/648 777/645/652 757/681/652 758/683/694
f 779/647/652 778/646/648 758/683/694 759/685/696
f 780/648/652 779/647/652 759/685/696 760/687/660
f 781/649/652 780/648/652 760/687/660 761/689/698
f 782/650/675 781/649/652 761/689/698 762/691/648
f 763/631/675 782/650/675 762/691/648 743/654/659
f 784/541/590 783/539/588 680/580/701 681/582/700
f 785/543/592 784/541/590 681/582/700 682/584/702
f 786/545/556 785/543/592 682/584/702 663/586/703
f 787/505/555 786/506/556 663/549/703 664/546/704
f 788/509/559 787/505/555 664/546/704 665/550/705
f 789/511/561 788/509/559 665/550/705 666/552/706
f 790/513/563 789/511/561 666/552/706 667/554/707
f 791/515/565 790/513/563 667/554/707 668/556/708
f 792/517/567 791/515/565 668/556/708 669/558/709
f 793/519/569 792/517/567 669/558/709 670/560/710
f 794/521/571 793/519/569 670/560/710 671/562/711
f 795/523/573 794/521/571 671/562/711 672/564/712
f 796/525/575 795/523/573 672/564/712 673/566/713
f 797/527/577 796/525/575 673/566/713 674/568/714
f 798/529/579 797/527/577 674/568/714 675/570/715
f 799/531/580 798/529/579 675/570/715 676/572/716
f 800/533/582 799/531/580 676/572/716 677/574/717
f 801/535/584 800/533/582 677/574/717 678/576/718
f 802/537/586 801/535/584 678/576/718 679/578/719
f 783/539/588 802/537/586 679/578/719 680/580/701
f 804/588/601 803/589/602 703/106/713 704/109/714
f 805/590/605 804/588/601 704/109/714 705/111/720
f 806/591/606 805/590/605 705/111/720 706/113/716
f 807/592/608 806/591/606 706/113/716 707/115/721
f 808/593/610 807/592/608 707/115/721 708/117/722
f 809/594/612 808/593/610 708/117/722 709/119/723
f 810/595/614 809/594/612 709/119/723 710/121/724
f 811/596/616 810/595/614 710/121/724 711/123/725
f 812/597/618 811/596/616 711/123/725 712/125/726
f 813/598/620 812/597/618 712/125/726 713/127/727
f 814/599/622 813/598/620 713/127/727 714/129/728
f 815/600/624 814/599/622 714/129/728 715/131/729
f 816/601/626 815/600/624 715/131/729 716/133/730
f 817/602/628 816/601/626 716/133/730 717/135/731
f 818/603/630 817/602/628 717/135/731 718/137/708
f 819/604/632 818/603/630 718/137/708 719/139/732
f 820/605/634 819/604/632 719/139/732 720/141/733
f 821/606/636 820/605/634 720/141/733 721/143/734
f 822/607/638 821/606/636 721/143/734 722/145/712
f 803/608/602 822/607/638 722/145/712 703/147/713
f 824/504/735 823/507/738 966/506/737 967/505/736
f 825/508/739 824/504/735 967/505/736 968/509/740
f 826/510/741 825/508/739 968/509/740 969/511/742
f 827/512/743 826/510/741 969/511/742 970/513/744
f 828/514/745 827/512/743 970/513/744 971/515/746
f 829/516/747 828/514/745 971/515/746 972/517/748
f 830/518/749 829/516/747 972/517/748 973/519/750
f 831/520/751 830/518/749 973/519/750 974/521/752
f 832/522/753 831/520/751 974/521/752 975/523/754
f 833/524/755 832/522/753 975/523/754 976/525/756
f 834/526/757 833/524/755 976/525/756 977/527/758
f 835/528/759 834/526/757 977/527/758 978/529/760
f 836/530/761 835/528/759 978/529/760 979/531/762
f 837/532/763 836/530/761 979/531/762 980/533/764
f 838/534/765 837/532/763 980/533/764 981/535/766
f 839/536/767 838/534/765 981/535/766 982/537/768
f 840/538/769 839/536/767 982/537/768 963/539/770
f 841/540/771 840/538/769 963/539/770 964/541/772
f 842/542/773 841/540/771 964/541/772 965/543/774
f 823/544/738 842/542/773 965/543/774 966/545/737
f 844/546/775 843/549/776 863/548/776 864/547/775
f 845/550/777 844/546/775 864/547/775 865/551/776
f 846/552/777 845/550/777 865/551/776 866/553/777
f 847/554/777 846/552/777 866/553/777 867/555/777
f 848/556/778 847/554/777 867/555/777 868/557/778
f 849/558/777 848/556/778 868/557/778 869/559/777
f 850/560/779 849/558/777 869/559/777 870/561/779
f 851/562/780 850/560/779 870/561/779 871/563/780
f 852/564/780 851/562/780 871/563/780 872/565/780
f 853/566/781 852/564/780 872/565/780 873/567/781
f 854/568/776 853/566/781 873/567/781 874/569/776
f 855/570/777 854/568/776 874/569/776 875/571/777
f 856/572/778 855/570/777 875/571/777 876/573/778
f 857/574/776 856/572/778 876/573/778 877/575/776
f 858/576/776 857/574/776 877/575/776 878/577/776
f 859/578/781 858/576/776 878/577/776 879/579/781
f 860/580/778 859/578/781 879/579/781 880/581/778
f 861/582/781 860/580/778 880/581/778 881/583/781
f 862/584/776 861/582/781 881/583/781 882/585/776
f 843/586/776 862/584/776 882/585/776 863/587/776
f 864/547/757 863/548/784 983/589/783 984/588/782
f 865/551/785 864/547/757 984/588/782 985/590/786
f 866/553/761 865/551/785 985/590/786 986/591/787
f 867/555/788 866/553/761 986/591/787 987/592/789
f 868/557/790 867/555/788 987/592/789 988/593/791
f 869/559/792 868/557/790 988/593/791 989/594/793
f 870/561/794 869/559/792 989/594/793 990/595/795
f 871/563/796 870/561/794 990/595/795 991/596/797
f 872/565/798 871/563/796 991/596/797 992/597/799
f 873/567/800 872/565/798 992/597/799 993/598/801
f 874/569/802 873/567/800 993/598/801 994/599/803
f 875/571/804 874/569/802 994/599/803 995/600/805
f 876/573/806 875/571/804 995/600/805 996/601/807
f 877/575/744 876/573/806 996/601/807 997/602/808
f 878/577/809 877/575/744 997/602/808 998/603/810
f 879/579/811 878/577/809 998/603/810 999/604/812
f 880/581/813 879/579/811 999/604/812 1000/605/814
f 881/583/815 880/581/813 1000/605/814 1001/606/816
f 882/585/817 881/583/815 1001/606/816 1002/607/818
f 863/587/784 882/585/817 1002/607/818 983/608/783
f 884/109/819 883/106/822 904/610/821 905/609/820
f 885/111/823 884/109/819 905/609/820 906/611/824
f 886/113/825 885/111/823 906/611/824 907/612/820
f 887/115/826 886/113/825 907/612/820 908/613/827
f 888/117/826 887/115/826 908/613/827 909/614/828
f 889/119/829 888/117/826 909/614/828 910/615/830
f 890/121/831 889/119/829 910/615/830 911/616/832
f 891/123/833 890/121/831 911/616/832 912/617/834
f 892/125/835 891/123/833 912/617/834 913/618/834
f 893/127/836 892/125/835 913/618/834 914/619/837
f 894/129/838 893/127/836 914/619/837 915/620/834
f 895/131/839 894/129/838 915/620/834 916/621/832
f 896/133/840 895/131/839 916/621/832 917/622/824
f 897/135/841 896/133/840 917/622/824 918/623/842
f 898/137/832 897/135/841 918/623/842 919/624/832
f 899/139/843 898/137/832 919/624/832 920/625/844
f 900/141/845 899/139/843 920/625/844 921/626/846
f 901/143/847 900/141/845 921/626/846 922/627/824
f 902/145/848 901/143/847 922/627/824 903/628/824
f 883/147/822 902/145/848 903/628/824 904/629/821
f 904/629/821 903/628/824 943/631/849 944/630/821
f 905/609/820 904/610/821 944/633/821 945/632/834
f 906/611/824 905/609/820 945/632/834 946/634/832
f 907/612/820 906/611/824 946/634/832 947/635/832
f 908/613/827 907/612/820 947/635/832 948/636/850
f 909/614/828 908/613/827 948/636/850 949/637/834
f 910/615/830 909/614/828 949/637/834 950/638/834
f 911/616/832 910/615/830 950/638/834 951/639/832
f 912/617/834 911/616/832 951/639/832 952/640/851
f 913/618/834 912/617/834 952/640/851 953/641/832
f 914/619/837 913/618/834 953/641/832 954/642/821
f 915/620/834 914/619/837 954/642/821 955/643/851
f 916/621/832 915/620/834 955/643/851 956/644/832
f 917/622/824 916/621/832 956/644/832 957/645/851
f 918/623/842 917/622/824 957/645/851 958/646/827
f 919/624/832 918/623/842 958/646/827 959/647/832
f 920/625/844 919/624/832 959/647/832 960/648/834
f 921/626/846 920/625/844 960/648/834 961/649/821
f 922/627/824 921/626/846 961/649/821 962/650/834
f 903/628/824 922/627/824 962/650/834 943/631/849
f 924/651/852 923/654/834 842/653/834 823/652/853
f 925/655/854 924/658/852 823/657/853 824/656/855
f 926/659/856 925/655/854 824/656/855 825/660/857
f 927/661/851 926/659/856 825/660/857 826/662/858
f 928/663/851 927/661/851 826/662/858 827/664/859
f 929/665/860 928/663/851 827/664/859 828/666/861
f 930/667/862 929/665/860 828/666/861 829/668/863
f 931/669/824 930/667/862 829/668/863 830/670/832
f 932/671/864 931/669/824 830/670/832 831/672/865
f 933/673/866 932/671/864 831/672/865 832/674/867
f 934/675/868 933/673/866 832/674/867 833/676/869
f 935/677/851 934/675/868 833/676/869 834/678/852
f 936/679/830 935/677/851 834/678/852 835/680/870
f 937/681/850 936/679/830 835/680/870 836/682/842
f 938/683/871 937/681/850 836/682/842 837/684/872
f 939/685/873 938/683/871 837/684/872 838/686/874
f 940/687/830 939/685/873 838/686/874 839/688/875
f 941/689/876 940/687/830 839/688/875 840/690/877
f 942/691/832 941/689/876 840/690/877 841/692/827
f 923/654/834 942/691/832 841/692/827 842/653/834
f 944/630/821 943/631/849 923/654/834 924/651/852
f 945/632/834 944/633/821 924/658/852 925/655/854
f 946/634/832 945/632/834 925/655/854 926/659/856
f 947/635/832 946/634/832 926/659/856 927/661/851
f 948/636/850 947/635/832 927/661/851 928/663/851
f 949/637/834 948/636/850 928/663/851 929/665/860
f 950/638/834 949/637/834 929/665/860 930/667/862
f 951/639/832 950/638/834 930/667/862 931/669/824
f 952/640/851 951/639/832 931/669/824 932/671/864
f 953/641/832 952/640/851 932/671/864 933/673/866
f 954/642/821 953/641/832 933/673/866 934/675/868
f 955/643/851 954/642/821 934/675/868 935/677/851
f 956/644/832 955/643/851 935/677/851 936/679/830
f 957/645/851 956/644/832 936/679/830 937/681/850
f 958/646/827 957/645/851 937/681/850 938/683/871
f 959/647/832 958/646/827 938/683/871 939/685/873
f 960/648/834 959/647/832 939/685/873 940/687/830
f 961/649/821 960/648/834 940/687/830 941/689/876
f 962/650/834 961/649/821 941/689/876 942/691/832
f 943/631/849 962/650/834 942/691/832 923/654/834
f 964/541/772 963/539/770 860/580/879 861/582/878
f 965/543/774 964/541/772 861/582/878 862/584/880
f 966/545/737 965/543/774 862/584/880 843/586/881
f 967/505/736 966/506/737 843/549/881 844/546/882
f 968/509/740 967/505/736 844/546/882 845/550/883
f 969/511/742 968/509/740 845/550/883 846/552/884
f 970/513/744 969/511/742 846/552/884 847/554/885
f 971/515/746 970/513/744 847/554/885 848/556/886
f 972/517/748 971/515/746 848/556/886 849/558/887
f 973/519/750 972/517/748 849/558/887 850/560/888
f 974/521/752 973/519/750 850/560/888 851/562/889
f 975/523/754 974/521/752 851/562/889 852/564/890
f 976/525/756 975/523/754 852/564/890 853/566/891
f 977/527/758 976/525/756 853/566/891 854/568/892
f 978/529/760 977/527/758 854/568/892 855/570/893
f 979/531/762 978/529/760 855/570/893 856/572/894
f 980/533/764 979/531/762 856/572/894 857/574/895
f 981/535/766 980/533/764 857/574/895 858/576/896
f 982/537/768 981/535/766 858/576/896 859/578/897
f 963/539/770 982/537/768 859/578/897 860/580/879
f 984/588/782 983/589/783 883/106/899 884/109/898
f 985/590/786 984/588/782 884/109/898 885/111/900
f 986/591/787 985/590/786 885/111/900 886/113/901
f 987/592/789 986/591/787 886/113/901 887/115/902
f 988/593/791 987/592/789 887/115/902 888/117/903
f 989/594/793 988/593/791 888/117/903 889/119/904
f 990/595/795 989/594/793 889/119/904 890/121/905
f 991/596/797 990/595/795 890/121/905 891/123/906
f 992/597/799 991/596/797 891/123/906 892/125/907
f 993/598/801 992/597/799 892/125/907 893/127/881
f 994/599/803 993/598/801 893/127/881 894/129/908
f 995/600/805 994/599/803 894/129/908 895/131/909
f 996/601/807 995/600/805 895/131/909 896/133/910
f 997/602/808 996/601/807 896/133/910 897/135/885
f 998/603/810 997/602/808 897/135/885 898/137/886
f 999/604/812 998/603/810 898/137/886 899/139/911
f 1000/605/814 999/604/812 899/139/911 900/141/912
f 1001/606/816 1000/605/814 900/141/912 901/143/913
f 1002/607/818 1001/606/816 901/143/913 902/145/890
f 983/608/783 1002/607/818 902/145/890 883/147/899
f 1003/449/914 1029/694/915 1028/693/915 1004/454/914
f 1005/695/916 1016/698/917 1015/697/917 1006/696/916
f 1032/699/918 1009/702/919 1010/701/919 1033/700/918
f 1017/703/920 1003/469/921 1004/474/921 1018/704/920
f 1004/454/922 1028/693/925 1027/706/924 1018/705/923
f 1017/707/926 1030/708/929 1029/694/928 1003/449/927
f 1061/709/930 1007/712/931 1008/711/931 1062/710/930
f 1009/444/932 1032/715/934 1058/714/928 1057/713/933
f 1009/702/935 1057/717/936 1056/716/936 1010/701/935
f 1055/718/937 1033/720/940 1010/459/939 1056/719/938
f 1016/698/917 1044/722/941 1043/721/941 1015/697/917
f 1048/723/942 1047/724/943 1030/708/929 1017/707/926
f 1048/725/944 1017/703/920 1018/704/920 1049/726/944
f 1050/727/924 1049/728/945 1018/705/923 1027/706/924
f 1020/729/946 1006/696/949 1015/731/948 1019/730/947
f 1021/732/914 1005/695/950 1006/696/950 1020/729/914
f 1022/733/951 1016/734/954 1005/695/953 1021/732/952
f 1045/735/955 1044/736/956 1016/734/954 1022/733/951
f 1024/737/957 1007/740/959 1061/739/958 1060/738/927
f 1007/712/960 1024/742/962 1025/741/962 1008/711/961
f 1062/743/963 1008/746/966 1025/745/965 1053/744/964
f 1015/731/948 1043/748/968 1052/747/967 1019/730/947
f 1028/693/925 1064/750/969 1063/749/967 1027/706/924
f 1029/694/915 1065/751/915 1064/750/915 1028/693/915
f 1030/708/929 1066/752/951 1065/751/970 1029/694/928
f 1047/724/943 1067/753/971 1066/752/951 1030/708/929
f 1032/715/934 1070/755/973 1069/754/972 1058/714/928
f 1070/756/974 1032/699/918 1033/700/918 1071/757/975
f 1072/758/976 1071/759/977 1033/720/940 1055/718/937
f 1074/760/978 1050/727/924 1027/706/924 1063/749/967
f 1036/761/915 1021/732/914 1020/729/914 1035/762/915
f 1037/763/943 1022/733/951 1021/732/952 1036/761/957
f 1046/764/971 1045/735/955 1022/733/951 1037/763/943
f 1039/765/979 1024/737/957 1060/738/927 1059/766/980
f 1024/742/962 1039/768/981 1040/767/981 1025/741/962
f 1053/744/964 1025/745/965 1040/770/976 1054/769/982
f 1052/747/967 1051/772/984 1042/771/983 1019/730/947
f 1035/762/985 1020/729/946 1019/730/947 1042/771/983
f 1044/722/941 1012/774/986 1011/773/986 1043/721/941
f 1023/775/987 1012/776/988 1044/736/956 1045/735/955
f 1038/777/971 1023/775/987 1045/735/955 1046/764/971
f 1031/778/989 1068/779/990 1067/753/971 1047/724/943
f 1013/780/991 1031/778/989 1047/724/943 1048/723/942
f 1013/781/992 1048/725/944 1049/726/944 1014/782/992
f 1034/783/993 1014/784/994 1049/728/945 1050/727/924
f 1073/785/984 1034/783/993 1050/727/924 1074/760/978
f 1026/786/984 1041/787/995 1051/772/984 1052/747/967
f 1043/748/968 1011/788/996 1026/786/984 1052/747/967
f 1026/786/984 1053/744/964 1054/769/982 1041/787/995
f 1073/785/984 1072/758/976 1055/718/937 1034/783/993
f 1034/783/993 1055/718/937 1056/719/938 1014/784/994
f 1057/717/936 1013/781/992 1014/782/992 1056/716/936
f 1058/714/928 1031/778/989 1013/780/991 1057/713/933
f 1069/754/972 1068/779/990 1031/778/989 1058/714/928
f 1060/738/927 1023/775/987 1038/777/971 1059/766/980
f 1061/739/958 1012/776/988 1023/775/987 1060/738/927
f 1012/774/986 1061/709/930 1062/710/930 1011/773/986
f 1011/788/996 1062/743/963 1053/744/964 1026/786/984
f 1064/750/969 1035/762/985 1042/771/983 1063/749/967
f 1065/751/915 1036/761/915 1035/762/915 1064/750/915
f 1066/752/951 1037/763/943 1036/761/957 1065/751/970
f 1067/753/971 1046/764/971 1037/763/943 1066/752/951
f 1068/779/990 1038/777/971 1046/764/971 1067/753/971
f 1059/766/980 1038/777/971 1068/779/990 1069/754/972
f 1070/755/973 1039/765/979 1059/766/980 1069/754/972
f 1039/768/981 1070/756/974 1071/757/975 1040/767/981
f 1054/769/982 1040/770/976 1071/759/977 1072/758/976
f 1041/787/995 1054/769/982 1072/758/976 1073/785/984
f 1041/787/995 1073/785/984 1074/760/978 1051/772/984
f 1051/772/984 1074/760/978 1063/749/967 1042/771/983
f 1075/449/997 1099/791/1000 1106/790/999 1090/789/998
f 1077/695/1001 1079/712/1001 1088/793/1002 1087/792/1002
f 1100/794/1003 1081/702/1006 1089/796/1005 1101/795/1004
f 1081/702/1007 1075/469/1007 1090/797/1009 1089/796/1008
f 1076/454/1010 1104/799/1012 1103/798/1011 1082/459/1010
f 1081/444/1013 1100/800/1016 1099/791/1015 1075/449/1014
f 1083/801/1017 1084/802/1017 1080/711/1018 1078/696/1018
f 1085/803/1019 1082/701/1022 1103/805/1021 1102/804/1020
f 1086/806/1023 1076/474/1024 1082/701/1024 1085/803/1023
f 1105/807/1025 1104/799/1028 1076/454/1027 1086/808/1026
f 1113/809/1029 1112/810/1030 1084/802/1017 1083/801/1017
f 1109/811/1031 1085/803/1019 1102/804/1020 1110/812/919
f 1108/813/1032 1086/806/1023 1085/803/1023 1109/811/1032
f 1105/807/1025 1086/808/1026 1108/815/1034 1107/814/1033
f 1092/816/1035 1077/695/1038 1087/792/1037 1091/817/1036
f 1093/818/1039 1079/740/1040 1077/695/1040 1092/816/1039
f 1079/712/1041 1093/820/1044 1094/819/1043 1088/793/1042
f 1095/821/1045 1084/802/1048 1112/810/1047 1111/822/1046
f 1096/823/1049 1080/711/1050 1084/802/1048 1095/821/1045
f 1097/824/1051 1078/696/1052 1080/746/1052 1096/825/1051
f 1083/801/1053 1078/696/1056 1097/824/1055 1098/826/1054
f 1113/809/1057 1083/801/1053 1098/826/1054 1114/827/1058
f 1100/800/1016 1126/829/1059 1125/828/1059 1099/791/1015
f 1126/830/1060 1100/794/1003 1101/795/1004 1127/831/1061
f 1102/804/1020 1130/833/1062 1129/832/918 1110/812/919
f 1103/805/1021 1131/834/1063 1130/833/1062 1102/804/1020
f 1104/799/1012 1132/836/1065 1131/835/1064 1103/798/1011
f 1133/837/1066 1132/836/1067 1104/799/1028 1105/807/1025
f 1133/837/1066 1105/807/1025 1107/814/1033 1134/838/1068
f 1099/791/1000 1125/828/1070 1124/839/1069 1106/790/999
f 1116/840/1071 1115/841/1072 1090/789/998 1106/790/999
f 1090/797/1009 1115/843/1074 1122/842/1073 1089/796/1008
f 1089/796/1005 1122/842/1076 1121/844/1075 1101/795/1004
f 1128/845/1077 1127/831/1061 1101/795/1004 1121/844/1075
f 1119/846/1078 1088/793/1042 1094/819/1043 1120/847/1079
f 1087/792/1002 1088/793/1002 1119/846/1030 1118/848/1030
f 1087/792/1037 1118/848/1081 1117/849/1080 1091/817/1036
f 1116/840/1071 1106/790/999 1124/839/1069 1123/850/1082
f 1107/814/1033 1108/815/1034 1115/841/1072 1116/840/1071
f 1107/814/1033 1116/840/1071 1123/850/1082 1134/838/1068
f 1118/848/1081 1113/809/1057 1114/827/1058 1117/849/1080
f 1119/846/1030 1112/810/1030 1113/809/1029 1118/848/1030
f 1112/810/1047 1119/846/1078 1120/847/1079 1111/822/1046
f 1129/832/918 1128/845/1077 1121/844/1075 1110/812/919
f 1122/842/1076 1109/811/1031 1110/812/919 1121/844/1075
f 1115/843/1074 1108/813/1032 1109/811/1032 1122/842/1073
f 1123/850/1082 1124/839/1069 1135/852/1084 1146/851/1083
f 1125/828/1070 1136/853/1085 1135/852/1084 1124/839/1069
f 1126/829/1059 1137/854/1086 1136/853/1086 1125/828/1059
f 1137/855/1087 1126/830/1060 1127/831/1061 1138/856/1088
f 1139/857/1089 1138/856/1088 1127/831/1061 1128/845/1077
f 1140/858/1090 1139/857/1089 1128/845/1077 1129/832/918
f 1130/833/1062 1141/859/1091 1140/858/1090 1129/832/918
f 1131/834/1063 1142/860/1092 1141/859/1091 1130/833/1062
f 1132/836/1065 1143/862/1051 1142/861/1093 1131/835/1064
f 1144/863/1028 1143/862/1094 1132/836/1067 1133/837/1066
f 1144/863/1028 1133/837/1066 1134/838/1068 1145/864/1083
f 1123/850/1082 1146/851/1083 1145/864/1083 1134/838/1068
f 1136/853/1085 1092/816/1035 1091/817/1036 1135/852/1084
f 1137/854/1086 1093/818/1039 1092/816/1039 1136/853/1086
f 1093/820/1044 1137/855/1087 1138/856/1088 1094/819/1043
f 1120/847/1079 1094/819/1043 1138/856/1088 1139/857/1089
f 1111/822/1046 1120/847/1079 1139/857/1089 1140/858/1090
f 1141/859/1091 1095/821/1045 1111/822/1046 1140/858/1090
f 1142/860/1092 1096/823/1049 1095/821/1045 1141/859/1091
f 1143/862/1051 1097/824/1051 1096/825/1051 1142/861/1093
f 1098/826/1054 1097/824/1055 1143/862/1094 1144/863/1028
f 1098/826/1054 1144/863/1028 1145/864/1083 1114/827/1058
f 1146/851/1083 1117/849/1080 1114/827/1058 1145/864/1083
f 1135/852/1084 1091/817/1036 1117/849/1080 1146/851/1083
f 1148/504/1095 1154/866/1098 1153/865/1097 1147/507/1096
f 1149/508/1099 1155/867/1100 1154/866/1098 1148/504/1095
f 1150/510/1101 1156/868/1102 1155/867/1100 1149/508/1099
f 1274/869/1103 1273/870/1104 1156/868/1102 1150/510/1101
f 1147/544/1096 1153/872/1097 1158/871/1106 1152/542/1105
f 1154/866/1098 1160/874/1108 1159/873/1107 1153/865/1097
f 1155/867/1100 1161/875/1109 1160/874/1108 1154/866/1098
f 1156/868/1102 1162/876/1110 1161/875/1109 1155/867/1100
f 1273/870/1104 1272/877/1111 1162/876/1110 1156/868/1102
f 1153/872/1097 1159/879/1107 1164/878/1112 1158/871/1106
f 1160/874/1108 1166/881/1114 1165/880/1113 1159/873/1107
f 1161/875/1109 1167/882/1115 1166/881/1114 1160/874/1108
f 1162/876/1110 1168/883/1116 1167/882/1115 1161/875/1109
f 1272/877/1111 1271/884/1117 1168/883/1116 1162/876/1110
f 1159/879/1107 1165/886/1113 1170/885/1118 1164/878/1112
f 1166/881/1114 1172/888/1120 1171/887/1119 1165/880/1113
f 1167/882/1115 1173/889/1121 1172/888/1120 1166/881/1114
f 1168/883/1116 1174/890/1122 1173/889/1121 1167/882/1115
f 1271/884/1117 1270/891/1123 1174/890/1122 1168/883/1116
f 1165/886/1113 1171/893/1119 1176/892/1124 1170/885/1118
f 1172/888/1120 1178/895/1126 1177/894/1125 1171/887/1119
f 1173/889/1121 1179/896/1127 1178/895/1126 1172/888/1120
f 1174/890/1122 1180/897/1128 1179/896/1127 1173/889/1121
f 1270/891/1123 1269/898/1129 1180/897/1128 1174/890/1122
f 1171/893/1119 1177/900/1125 1182/899/1130 1176/892/1124
f 1178/895/1126 1184/902/1132 1183/901/1131 1177/894/1125
f 1179/896/1127 1185/903/1133 1184/902/1132 1178/895/1126
f 1180/897/1128 1186/904/1134 1185/903/1133 1179/896/1127
f 1269/898/1129 1268/905/1135 1186/904/1134 1180/897/1128
f 1177/900/1125 1183/907/1131 1188/906/1136 1182/899/1130
f 1184/902/1132 1190/909/1138 1189/908/1137 1183/901/1131
f 1185/903/1133 1191/910/1139 1190/909/1138 1184/902/1132
f 1186/904/1134 1192/911/1140 1191/910/1139 1185/903/1133
f 1268/905/1135 1267/912/1141 1192/911/1140 1186/904/1134
f 1183/907/1131 1189/914/1137 1194/913/1142 1188/906/1136
f 1190/909/1138 1196/916/1144 1195/915/1143 1189/908/1137
f 1191/910/1139 1197/917/1145 1196/916/1144 1190/909/1138
f 1192/911/1140 1198/918/1146 1197/917/1145 1191/910/1139
f 1286/919/1147 1198/918/1146 1192/911/1140 1267/912/1141
f 1189/914/1137 1195/921/1143 1200/920/1148 1194/913/1142
f 1196/916/1144 1202/923/1150 1201/922/1149 1195/915/1143
f 1197/917/1145 1203/924/1151 1202/923/1150 1196/916/1144
f 1198/918/1146 1204/925/1152 1203/924/1151 1197/917/1145
f 1286/919/1147 1285/926/1153 1204/925/1152 1198/918/1146
f 1195/921/1143 1201/928/1149 1206/927/1154 1200/920/1148
f 1202/923/1150 1208/930/1156 1207/929/1155 1201/922/1149
f 1203/924/1151 1209/931/1157 1208/930/1156 1202/923/1150
f 1204/925/1152 1210/932/1158 1209/931/1157 1203/924/1151
f 1285/926/1153 1284/933/1159 1210/932/1158 1204/925/1152
f 1201/928/1149 1207/935/1155 1212/934/1160 1206/927/1154
f 1208/930/1156 1214/937/1162 1213/936/1161 1207/929/1155
f 1209/931/1157 1215/938/1163 1214/937/1162 1208/930/1156
f 1210/932/1158 1216/939/1164 1215/938/1163 1209/931/1157
f 1284/933/1159 1283/940/1165 1216/939/1164 1210/932/1158
f 1207/935/1155 1213/942/1161 1218/941/1166 1212/934/1160
f 1214/937/1162 1220/944/1168 1219/943/1167 1213/936/1161
f 1215/938/1163 1221/945/1169 1220/944/1168 1214/937/1162
f 1216/939/1164 1222/946/1170 1221/945/1169 1215/938/1163
f 1283/940/1165 1282/947/1171 1222/946/1170 1216/939/1164
f 1213/942/1161 1219/949/1167 1224/948/1172 1218/941/1166
f 1220/944/1168 1226/951/1174 1225/950/1173 1219/943/1167
f 1221/945/1169 1227/952/1175 1226/951/1174 1220/944/1168
f 1222/946/1170 1228/953/1176 1227/952/1175 1221/945/1169
f 1282/947/1171 1281/954/1177 1228/953/1176 1222/946/1170
f 1219/949/1167 1225/956/1173 1230/955/1178 1224/948/1172
f 1226/951/1174 1232/958/1180 1231/957/1179 1225/950/1173
f 1227/952/1175 1233/959/1181 1232/958/1180 1226/951/1174
f 1228/953/1176 1234/960/1182 1233/959/1181 1227/952/1175
f 1281/954/1177 1280/961/1183 1234/960/1182 1228/953/1176
f 1225/956/1173 1231/963/1179 1236/962/1184 1230/955/1178
f 1232/958/1180 1238/965/1186 1237/964/1185 1231/957/1179
f 1233/959/1181 1239/966/1187 1238/965/1186 1232/958/1180
f 1234/960/1182 1240/967/1188 1239/966/1187 1233/959/1181
f 1280/961/1183 1279/968/1189 1240/967/1188 1234/960/1182
f 1231/963/1179 1237/970/1185 1242/969/1190 1236/962/1184
f 1238/965/1186 1244/972/1192 1243/971/1191 1237/964/1185
f 1239/966/1187 1245/973/1193 1244/972/1192 1238/965/1186
f 1240/967/1188 1246/974/1194 1245/973/1193 1239/966/1187
f 1279/968/1189 1278/975/1195 1246/974/1194 1240/967/1188
f 1237/970/1185 1243/977/1191 1248/976/1196 1242/969/1190
f 1244/972/1192 1250/979/1198 1249/978/1197 1243/971/1191
f 1245/973/1193 1251/980/1199 1250/979/1198 1244/972/1192
f 1246/974/1194 1252/981/1200 1251/980/1199 1245/973/1193
f 1278/975/1195 1277/982/1201 1252/981/1200 1246/974/1194
f 1243/977/1191 1249/984/1197 1254/983/1202 1248/976/1196
f 1250/979/1198 1256/986/1204 1255/985/1203 1249/978/1197
f 1251/980/1199 1257/987/1205 1256/986/1204 1250/979/1198
f 1252/981/1200 1258/988/1206 1257/987/1205 1251/980/1199
f 1277/982/1201 1276/989/1207 1258/988/1206 1252/981/1200
f 1249/984/1197 1255/991/1203 1260/990/1208 1254/983/1202
f 1256/986/1204 1262/993/1210 1261/992/1209 1255/985/1203
f 1257/987/1205 1263/994/1211 1262/993/1210 1256/986/1204
f 1258/988/1206 1264/995/1212 1263/994/1211 1257/987/1205
f 1276/989/1207 1275/996/1213 1264/995/1212 1258/988/1206
f 1255/991/1203 1261/998/1209 1266/997/1214 1260/990/1208
f 1262/993/1210 1148/1000/1095 1147/999/1096 1261/992/1209
f 1263/994/1211 1149/1001/1099 1148/1000/1095 1262/993/1210
f 1264/995/1212 1150/1002/1101 1149/1001/1099 1263/994/1211
f 1275/996/1213 1274/1003/1103 1150/1002/1101 1264/995/1212
f 1261/998/1209 1147/1005/1096 1152/1004/1105 1266/997/1214
f 1157/1006/1215 1151/512/1215 1265/1024/1215 1259/1023/1215 1253/1022/1215 1247/1021/1215 1241/1020/1215 1235/1019/1215 1229/1018/1215 1223/1017/1215 1217/1016/1215 1211/1015/1215 1205/1014/1215 1199/1013/1215 1193/1012/1215 1187/1011/1215 1181/1010/1215 1175/1009/1215 1169/1008/1215 1163/1007/1215
f 1187/1011/1216 1193/1012/1217 1267/912/1141 1268/905/1135
f 1181/1010/1218 1187/1011/1216 1268/905/1135 1269/898/1129
f 1175/1009/1219 1181/1010/1218 1269/898/1129 1270/891/1123
f 1169/1008/1220 1175/1009/1219 1270/891/1123 1271/884/1117
f 1163/1007/1221 1169/1008/1220 1271/884/1117 1272/877/1111
f 1157/1006/1222 1163/1007/1221 1272/877/1111 1273/870/1104
f 1151/512/1223 1157/1006/1222 1273/870/1104 1274/869/1103
f 1265/1024/1224 1151/1025/1223 1274/1003/1103 1275/996/1213
f 1259/1023/1225 1265/1024/1224 1275/996/1213 1276/989/1207
f 1253/1022/1226 1259/1023/1225 1276/989/1207 1277/982/1201
f 1247/1021/1227 1253/1022/1226 1277/982/1201 1278/975/1195
f 1241/1020/1228 1247/1021/1227 1278/975/1195 1279/968/1189
f 1235/1019/1229 1241/1020/1228 1279/968/1189 1280/961/1183
f 1229/1018/1230 1235/1019/1229 1280/961/1183 1281/954/1177
f 1223/1017/1231 1229/1018/1230 1281/954/1177 1282/947/1171
f 1217/1016/1232 1223/1017/1231 1282/947/1171 1283/940/1165
f 1211/1015/1233 1217/1016/1232 1283/940/1165 1284/933/1159
f 1205/1014/1234 1211/1015/1233 1284/933/1159 1285/926/1153
f 1199/1013/1235 1205/1014/1234 1285/926/1153 1286/919/1147
f 1193/1012/1217 1199/1013/1235 1286/919/1147 1267/912/1141
f 1287/1026/1236 1307/1029/1239 1308/1028/1238 1288/1027/1237
f 1288/1027/1237 1308/1028/1238 1309/1031/1240 1289/1030/1237
f 1289/1030/1237 1309/1031/1240 1310/1033/1239 1290/1032/1241
f 1290/1032/1241 1310/1033/1239 1311/1035/1243 1291/1034/1242
f 1291/1034/1242 1311/1035/1243 1312/1037/1245 1292/1036/1244
f 1292/1036/1244 1312/1037/1245 1313/1039/1247 1293/1038/1246
f 1293/1038/1246 1313/1039/1247 1314/1041/1249 1294/1040/1248
f 1294/1040/1248 1314/1041/1249 1315/1043/1251 1295/1042/1250
f 1295/1042/1250 1315/1043/1251 1316/1045/1237 1296/1044/1241
f 1296/1044/1241 1316/1045/1237 1317/1047/1253 1297/1046/1252
f 1297/1046/1252 1317/1047/1253 1318/1049/1255 1298/1048/1254
f 1298/1048/1254 1318/1049/1255 1319/1051/1257 1299/1050/1256
f 1299/1050/1256 1319/1051/1257 1320/1053/1259 1300/1052/1258
f 1300/1052/1258 1320/1053/1259 1321/1055/1261 1301/1054/1260
f 1301/1054/1260 1321/1055/1261 1322/1057/1263 1302/1056/1262
f 1302/1056/1262 1322/1057/1263 1323/1059/1264 1303/1058/1260
f 1303/1058/1260 1323/1059/1264 1324/1061/1245 1304/1060/1263
f 1304/1060/1263 1324/1061/1245 1325/1063/1265 1305/1062/1239
f 1305/1062/1239 1325/1063/1265 1326/1065/1264 1306/1064/1264
f 1306/1064/1264 1326/1065/1264 1307/1029/1239 1287/1026/1236
f 1369/1066/1266 1389/1069/1269 1408/1068/1268 1370/1067/1267
f 1370/1067/1267 1408/1068/1268 1407/1071/1271 1371/1070/1270
f 1371/1070/1270 1407/1071/1271 1406/1073/1273 1372/1072/1272
f 1372/1072/1272 1406/1073/1273 1405/1075/1275 1373/1074/1274
f 1373/1074/1274 1405/1075/1275 1404/1077/1277 1374/1076/1276
f 1374/1076/1276 1404/1077/1277 1403/1079/1279 1375/1078/1278
f 1375/1078/1278 1403/1079/1279 1402/1081/1281 1376/1080/1280
f 1376/1080/1280 1402/1081/1281 1401/1083/1283 1377/1082/1282
f 1377/1082/1282 1401/1083/1283 1400/1085/1285 1378/1084/1284
f 1378/1084/1284 1400/1085/1285 1399/1087/1287 1379/1086/1286
f 1379/1086/1286 1399/1087/1287 1398/1089/1289 1380/1088/1288
f 1380/1088/1288 1398/1089/1289 1397/1091/1291 1381/1090/1290
f 1381/1090/1290 1397/1091/1291 1396/1093/1293 1382/1092/1292
f 1382/1092/1292 1396/1093/1293 1395/1095/1295 1383/1094/1294
f 1383/1094/1294 1395/1095/1295 1394/1097/1297 1384/1096/1296
f 1384/1096/1296 1394/1097/1297 1393/1099/1299 1385/1098/1298
f 1385/1098/1298 1393/1099/1299 1392/1101/1301 1386/1100/1300
f 1386/1100/1300 1392/1101/1301 1391/1103/1303 1387/1102/1302
f 1387/1102/1302 1391/1103/1303 1390/1105/1305 1388/1104/1304
f 1388/1104/1304 1390/1105/1305 1389/1107/1269 1369/1106/1266
f 1327/1108/1306 1347/1111/1309 1348/1110/1308 1328/1109/1307
f 1328/1109/1307 1348/1110/1308 1349/1113/1311 1329/1112/1310
f 1329/1112/1310 1349/1113/1311 1350/1115/1313 1330/1114/1312
f 1330/1114/1312 1350/1115/1313 1351/1117/1315 1331/1116/1314
f 1331/1116/1314 1351/1117/1315 1352/1119/1317 1332/1118/1316
f 1332/1118/1316 1352/1119/1317 1353/1121/1319 1333/1120/1318
f 1333/1120/1318 1353/1121/1319 1354/1123/1321 1334/1122/1320
f 1334/1122/1320 1354/1123/1321 1355/1125/1323 1335/1124/1322
f 1335/1124/1322 1355/1125/1323 1356/1127/1325 1336/1126/1324
f 1336/1126/1324 1356/1127/1325 1357/1129/1327 1337/1128/1326
f 1337/1128/1326 1357/1129/1327 1358/1131/1329 1338/1130/1328
f 1338/1130/1328 1358/1131/1329 1359/1133/1331 1339/1132/1330
f 1339/1132/1330 1359/1133/1331 1360/1135/1333 1340/1134/1332
f 1340/1134/1332 1360/1135/1333 1361/1137/1335 1341/1136/1334
f 1341/1136/1334 1361/1137/1335 1362/1139/1337 1342/1138/1336
f 1342/1138/1336 1362/1139/1337 1363/1141/1339 1343/1140/1338
f 1343/1140/1338 1363/1141/1339 1364/1143/1340 1344/1142/1333
f 1344/1142/1333 1364/1143/1340 1365/1145/1342 1345/1144/1341
f 1345/1144/1341 1365/1145/1342 1366/1147/1344 1346/1146/1343
f 1346/1146/1343 1366/1147/1344 1347/1111/1309 1327/1108/1306
f 1288/1027/1237 1367/1148/1247 1287/1026/1236
f 1289/1030/1237 1367/1148/1247 1288/1027/1237
f 1290/1032/1241 1367/1148/1247 1289/1030/1237
f 1291/1034/1242 1367/1148/1247 1290/1032/1241
f 1292/1036/1244 1367/1148/1247 1291/1034/1242
f 1293/1038/1246 1367/1148/1247 1292/1036/1244
f 1294/1040/1248 1367/1148/1247 1293/1038/1246
f 1295/1042/1250 1367/1148/1247 1294/1040/1248
f 1296/1044/1241 1367/1148/1247 1295/1042/1250
f 1297/1046/1252 1367/1148/1247 1296/1044/1241
f 1298/1048/1254 1367/1148/1247 1297/1046/1252
f 1299/1050/1256 1367/1148/1247 1298/1048/1254
f 1300/1052/1258 1367/1148/1247 1299/1050/1256
f 1301/1054/1260 1367/1148/1247 1300/1052/1258
f 1302/1056/1262 1367/1148/1247 1301/1054/1260
f 1303/1058/1260 1367/1148/1247 1302/1056/1262
f 1304/1060/1263 1367/1148/1247 1303/1058/1260
f 1305/1062/1239 1367/1148/1247 1304/1060/1263
f 1306/1064/1264 1367/1148/1247 1305/1062/1239
f 1287/1026/1236 1367/1148/1247 1306/1064/1264
f 1347/1111/1309 1368/1149/1345 1348/1110/1308
f 1348/1110/1308 1368/1149/1345 1349/1113/1311
f 1349/1113/1311 1368/1149/1345 1350/1115/1313
f 1350/1115/1313 1368/1149/1345 1351/1117/1315
f 1351/1117/1315 1368/1149/1345 1352/1119/1317
f 1352/1119/1317 1368/1149/1345 1353/1121/1319
f 1353/1121/1319 1368/1149/1345 1354/1123/1321
f 1354/1123/1321 1368/1149/1345 1355/1125/1323
f 1355/1125/1323 1368/1149/1345 1356/1127/1325
f 1356/1127/1325 1368/1149/1345 1357/1129/1327
f 1357/1129/1327 1368/1149/1345 1358/1131/1329
f 1358/1131/1329 1368/1149/1345 1359/1133/1331
f 1359/1133/1331 1368/1149/1345 1360/1135/1333
f 1360/1135/1333 1368/1149/1345 1361/1137/1335
f 1361/1137/1335 1368/1149/1345 1362/1139/1337
f 1362/1139/1337 1368/1149/1345 1363/1141/1339
f 1363/1141/1339 1368/1149/1345 1364/1143/1340
f 1364/1143/1340 1368/1149/1345 1365/1145/1342
f 1365/1145/1342 1368/1149/1345 1366/1147/1344
f 1366/1147/1344 1368/1149/1345 1347/1111/1309
f 1307/1150/1346 1369/1066/1266 1370/1067/1267 1308/1151/1347
f 1308/1151/1347 1370/1067/1267 1371/1070/1270 1309/1152/1348
f 1309/1152/1348 1371/1070/1270 1372/1072/1272 1310/1153/1349
f 1310/1153/1349 1372/1072/1272 1373/1074/1274 1311/1154/1350
f 1311/1154/1350 1373/1074/1274 1374/1076/1276 1312/1155/1351
f 1312/1155/1351 1374/1076/1276 1375/1078/1278 1313/1156/1352
f 1313/1156/1352 1375/1078/1278 1376/1080/1280 1314/1157/1353
f 1314/1157/1353 1376/1080/1280 1377/1082/1282 1315/1158/1354
f 1315/1158/1354 1377/1082/1282 1378/1084/1284 1316/1159/1355
f 1316/1159/1355 1378/1084/1284 1379/1086/1286 1317/1160/1356
f 1317/1160/1356 1379/1086/1286 1380/1088/1288 1318/1161/1357
f 1318/1161/1357 1380/1088/1288 1381/1090/1290 1319/1162/1358
f 1319/1162/1358 1381/1090/1290 1382/1092/1292 1320/1163/1359
f 1320/1163/1359 1382/1092/1292 1383/1094/1294 1321/1164/1360
f 1321/1164/1360 1383/1094/1294 1384/1096/1296 1322/1165/1361
f 1322/1165/1361 1384/1096/1296 1385/1098/1298 1323/1166/1362
f 1323/1166/1362 1385/1098/1298 1386/1100/1300 1324/1167/1363
f 1324/1167/1363 1386/1100/1300 1387/1102/1302 1325/1168/1364
f 1325/1168/1364 1387/1102/1302 1388/1104/1304 1326/1169/1365
f 1326/1169/1365 1388/1104/1304 1369/1106/1266 1307/1170/1346
f 1390/1105/1305 1346/1172/1367 1327/1171/1366 1389/1107/1269
f 1391/1103/1303 1345/1173/1368 1346/1172/1367 1390/1105/1305
f 1392/1101/1301 1344/1174/1369 1345/1173/1368 1391/1103/1303
f 1393/1099/1299 1343/1175/1370 1344/1174/1369 1392/1101/1301
f 1394/1097/1297 1342/1176/1371 1343/1175/1370 1393/1099/1299
f 1395/1095/1295 1341/1177/1372 1342/1176/1371 1394/1097/1297
f 1396/1093/1293 1340/1178/1373 1341/1177/1372 1395/1095/1295
f 1397/1091/1291 1339/1179/1374 1340/1178/1373 1396/1093/1293
f 1398/1089/1289 1338/1180/1288 1339/1179/1374 1397/1091/1291
f 1399/1087/1287 1337/1181/1375 1338/1180/1288 1398/1089/1289
f 1400/1085/1285 1336/1182/1376 1337/1181/1375 1399/1087/1287
f 1401/1083/1283 1335/1183/1377 1336/1182/1376 1400/1085/1285
f 1402/1081/1281 1334/1184/1378 1335/1183/1377 1401/1083/1283
f 1403/1079/1279 1333/1185/1379 1334/1184/1378 1402/1081/1281
f 1404/1077/1277 1332/1186/1380 1333/1185/1379 1403/1079/1279
f 1405/1075/1275 1331/1187/1381 1332/1186/1380 1404/1077/1277
f 1406/1073/1273 1330/1188/1382 1331/1187/1381 1405/1075/1275
f 1407/1071/1271 1329/1189/1383 1330/1188/1382 1406/1073/1273
f 1408/1068/1268 1328/1190/1384 1329/1189/1383 1407/1071/1271
f 1389/1069/1269 1327/1191/1366 1328/1190/1384 1408/1068/1268
f 1409/1026/1385 1429/1029/944 1430/1028/1387 1410/1027/1386
f 1410/1027/1386 1430/1028/1387 1431/1031/920 1411/1030/944
f 1411/1030/944 1431/1031/920 1432/1033/920 1412/1032/1388
f 1412/1032/1388 1432/1033/920 1433/1035/1385 1413/1034/1389
f 1413/1034/1389 1433/1035/1385 1434/1037/944 1414/1036/1385
f 1414/1036/1385 1434/1037/944 1435/1039/1385 1415/1038/1385
f 1415/1038/1385 1435/1039/1385 1436/1041/1386 1416/1040/944
f 1416/1040/944 1436/1041/1386 1437/1043/1386 1417/1042/1385
f 1417/1042/1385 1437/1043/1386 1438/1045/1386 1418/1044/944
f 1418/1044/944 1438/1045/1386 1439/1047/1390 1419/1046/936
f 1419/1046/936 1439/1047/1390 1440/1049/1387 1420/1048/1387
f 1420/1048/1387 1440/1049/1387 1441/1051/1391 1421/1050/1389
f 1421/1050/1389 1441/1051/1391 1442/1053/1388 1422/1052/1391
f 1422/1052/1391 1442/1053/1388 1443/1055/1389 1423/1054/1389
f 1423/1054/1389 1443/1055/1389 1444/1057/1385 1424/1056/1385
f 1424/1056/1385 1444/1057/1385 1445/1059/1385 1425/1058/1385
f 1425/1058/1385 1445/1059/1385 1446/1061/944 1426/1060/1387
f 1426/1060/1387 1446/1061/944 1447/1063/1393 1427/1062/1392
f 1427/1062/1392 1447/1063/1393 1766/1193/1395 1765/1192/1394
f 1428/1064/920 1448/1065/920 1429/1029/944 1409/1026/1385
f 1429/1150/1396 1449/1191/1399 1450/1190/1398 1430/1151/1397
f 1430/1151/1397 1450/1190/1398 1451/1189/1401 1431/1152/1400
f 1431/1152/1400 1451/1189/1401 1452/1188/1403 1432/1153/1402
f 1432/1153/1402 1452/1188/1403 1453/1187/1381 1433/1154/1404
f 1433/1154/1404 1453/1187/1381 1454/1186/1406 1434/1155/1405
f 1434/1155/1405 1454/1186/1406 1455/1185/1408 1435/1156/1407
f 1435/1156/1407 1455/1185/1408 1456/1184/1410 1436/1157/1409
f 1436/1157/1409 1456/1184/1410 1457/1183/1412 1437/1158/1411
f 1437/1158/1411 1457/1183/1412 1458/1182/1414 1438/1159/1413
f 1438/1159/1413 1458/1182/1414 1459/1181/1416 1439/1160/1415
f 1439/1160/1415 1459/1181/1416 1460/1180/1418 1440/1161/1417
f 1440/1161/1417 1460/1180/1418 1461/1179/1420 1441/1162/1419
f 1441/1162/1419 1461/1179/1420 1462/1178/1422 1442/1163/1421
f 1442/1163/1421 1462/1178/1422 1463/1177/1424 1443/1164/1423
f 1443/1164/1423 1463/1177/1424 1464/1176/1426 1444/1165/1425
f 1444/1165/1425 1464/1176/1426 1465/1175/1428 1445/1166/1427
f 1445/1166/1427 1465/1175/1428 1466/1174/1430 1446/1167/1429
f 1446/1167/1429 1466/1174/1430 1467/1173/1432 1447/1168/1431
f 1447/1168/1431 1467/1173/1432 1767/1195/1434 1766/1194/1433
f 1448/1169/967 1468/1172/1435 1449/1171/1399 1429/1170/1396
f 1449/1108/1436 1829/1197/1438 1828/1196/1437 1450/1109/1436
f 1491/1109/1439 1824/1196/1441 1823/1198/1440 1492/1112/1439
f 1451/1112/1442 1819/1198/1444 1818/1199/1443 1452/1114/1442
f 1495/1114/1445 1814/1199/1448 1813/1200/1447 1496/1116/1446
f 1496/1116/1446 1813/1200/1447 1812/1201/1450 1499/1118/1449
f 1454/1118/1451 1808/1201/1452 1807/1202/1452 1455/1120/1451
f 1501/1120/1453 1804/1202/1455 1803/1203/1454 1502/1122/1453
f 1456/1122/1456 1800/1203/1458 1799/1204/1457 1457/1124/1456
f 1505/1124/1459 1796/1204/1462 1795/1205/1461 1506/1126/1460
f 1506/1126/1460 1795/1205/1461 1794/1206/1464 1509/1128/1463
f 1459/1128/1465 1791/1206/1466 1790/1207/1466 1460/1130/1465
f 1511/1130/1467 1787/1207/1469 1786/1208/1468 1512/1132/1467
f 1461/1132/1470 1783/1208/1471 1782/1209/1471 1462/1134/1470
f 1515/1134/1472 1779/1209/1475 1778/1210/1474 1516/1136/1473
f 1516/1136/1473 1778/1210/1474 1777/1211/1477 1519/1138/1476
f 1464/1138/1478 1847/1211/1480 1846/1212/1479 1465/1140/1478
f 1521/1140/1481 1843/1212/1483 1842/1213/1482 1522/1142/1481
f 1466/1142/1484 1839/1213/1486 1838/1214/1485 1467/1144/1484
f 1525/1144/1487 1835/1214/1490 1834/1216/1489 1770/1215/1488
f 1526/1146/1491 1833/1217/1494 1832/1197/1493 1529/1108/1492
f 1410/1027/1386 1489/1148/1389 1409/1026/1385
f 1411/1030/944 1489/1148/1389 1410/1027/1386
f 1412/1032/1388 1489/1148/1389 1411/1030/944
f 1413/1034/1389 1489/1148/1389 1412/1032/1388
f 1414/1036/1385 1489/1148/1389 1413/1034/1389
f 1415/1038/1385 1489/1148/1389 1414/1036/1385
f 1416/1040/944 1489/1148/1389 1415/1038/1385
f 1417/1042/1385 1489/1148/1389 1416/1040/944
f 1418/1044/944 1489/1148/1389 1417/1042/1385
f 1419/1046/936 1489/1148/1389 1418/1044/944
f 1420/1048/1387 1489/1148/1389 1419/1046/936
f 1421/1050/1389 1489/1148/1389 1420/1048/1387
f 1422/1052/1391 1489/1148/1389 1421/1050/1389
f 1423/1054/1389 1489/1148/1389 1422/1052/1391
f 1424/1056/1385 1489/1148/1389 1423/1054/1389
f 1425/1058/1385 1489/1148/1389 1424/1056/1385
f 1426/1060/1387 1489/1148/1389 1425/1058/1385
f 1427/1062/1392 1489/1148/1389 1426/1060/1387
f 1428/1064/920 1489/1148/1389 1427/1062/1392 1765/1192/1394
f 1409/1026/1385 1489/1148/1389 1428/1064/920
f 1469/1111/1495 1490/1149/941 1470/1110/1496
f 1470/1110/1496 1490/1149/941 1471/1113/1497
f 1471/1113/1497 1490/1149/941 1472/1115/1498
f 1472/1115/1498 1490/1149/941 1473/1117/1499
f 1473/1117/1499 1490/1149/941 1474/1119/1500
f 1474/1119/1500 1490/1149/941 1475/1121/1501
f 1475/1121/1501 1490/1149/941 1476/1123/1502
f 1476/1123/1502 1490/1149/941 1477/1125/1503
f 1477/1125/1503 1490/1149/941 1478/1127/1504
f 1478/1127/1504 1490/1149/941 1479/1129/1505
f 1479/1129/1505 1490/1149/941 1480/1131/1506
f 1480/1131/1506 1490/1149/941 1481/1133/1507
f 1481/1133/1507 1490/1149/941 1482/1135/1508
f 1482/1135/1508 1490/1149/941 1483/1137/1509
f 1483/1137/1509 1490/1149/941 1484/1139/1510
f 1484/1139/1510 1490/1149/941 1485/1141/1511
f 1485/1141/1511 1490/1149/941 1486/1143/1512
f 1486/1143/1512 1490/1149/941 1487/1145/1513
f 1487/1145/1513 1490/1149/941 1488/1147/1515 1776/1218/1514
f 1488/1147/1515 1490/1149/941 1469/1111/1495
f 1450/1109/1516 1571/1109/1518 1570/1112/1517 1451/1112/1516
f 1451/1112/1519 1570/1112/1522 1820/1219/1521 1819/1198/1520
f 1471/1113/1497 1568/1113/1524 1567/1220/1523 1470/1110/1496
f 1828/1196/1525 1827/1196/1528 1571/1109/1527 1450/1109/1526
f 1452/1114/1529 1579/1114/1532 1578/1116/1531 1453/1116/1530
f 1473/1117/1499 1574/1117/1534 1573/1221/1533 1472/1115/1498
f 1818/1199/1535 1817/1199/1538 1579/1114/1537 1452/1114/1536
f 1453/1116/1530 1578/1116/1531 1577/1118/1540 1454/1118/1539
f 1454/1118/1541 1577/1118/1544 1809/1201/1543 1808/1201/1542
f 1474/1119/1500 1575/1222/1545 1574/1117/1534 1473/1117/1499
f 1455/1120/1546 1585/1224/1548 1584/1223/1547 1456/1122/1546
f 1456/1122/1549 1584/1223/1552 1801/1225/1551 1800/1203/1550
f 1476/1123/1502 1582/1227/1554 1581/1226/1553 1475/1121/1501
f 1807/1202/1555 1806/1228/1558 1585/1224/1557 1455/1120/1556
f 1457/1124/1559 1593/1124/1562 1592/1126/1561 1458/1126/1560
f 1478/1127/1504 1588/1127/1564 1587/1125/1563 1477/1125/1503
f 1799/1204/1565 1798/1204/1568 1593/1124/1567 1457/1124/1566
f 1458/1126/1560 1592/1126/1561 1591/1128/1570 1459/1128/1569
f 1459/1128/1571 1591/1128/1574 1792/1206/1573 1791/1206/1572
f 1479/1129/1505 1589/1229/1575 1588/1127/1564 1478/1127/1504
f 1460/1130/1576 1598/1130/1579 1597/1132/1578 1461/1132/1577
f 1461/1132/1580 1597/1132/1583 1784/1208/1582 1783/1208/1581
f 1481/1133/1507 1595/1230/1585 1600/1131/1584 1480/1131/1506
f 1790/1207/1586 1789/1207/1589 1598/1130/1588 1460/1130/1587
f 1462/1134/1590 1605/1134/1593 1604/1136/1592 1463/1136/1591
f 1483/1137/1509 1608/1137/1595 1607/1135/1594 1482/1135/1508
f 1782/1209/1596 1781/1209/1599 1605/1134/1598 1462/1134/1597
f 1463/1136/1591 1604/1136/1592 1603/1138/1601 1464/1138/1600
f 1464/1138/1602 1603/1138/1605 1848/1231/1604 1847/1211/1603
f 1484/1139/1510 1601/1139/1606 1608/1137/1595 1483/1137/1509
f 1465/1140/1607 1611/1140/1609 1610/1142/1608 1466/1142/1607
f 1466/1142/1610 1610/1142/1613 1840/1232/1612 1839/1213/1611
f 1486/1143/1512 1614/1143/1614 1613/1141/1614 1485/1141/1511
f 1845/1212/1615 1611/1140/1618 1465/1140/1617 1846/1212/1616
f 1616/1144/1619 1708/1144/1622 1769/1233/1621 1768/1215/1620
f 1775/1234/1623 1774/1218/1626 1701/1145/1625 1622/1145/1624
f 1837/1214/1627 1836/1214/1630 1708/1144/1629 1616/1144/1628
f 1617/1146/1631 1707/1146/1634 1706/1108/1633 1618/1108/1632
f 1618/1108/1635 1706/1108/1638 1831/1197/1637 1830/1197/1636
f 1620/1111/1639 1703/1111/1642 1702/1147/1641 1621/1147/1640
f 1532/1235/1643 1484/1139/1510 1485/1141/1511 1531/1236/1644
f 1602/1235/1645 1601/1139/1648 1484/1139/1647 1532/1235/1646
f 1534/1237/1649 1517/1137/1652 1520/1139/1651 1533/1235/1650
f 1535/1238/1653 1518/1135/1654 1517/1137/1652 1534/1237/1649
f 1482/1135/1655 1607/1135/1658 1606/1238/1657 1536/1238/1656
f 1537/1239/1659 1481/1133/1507 1482/1135/1508 1536/1238/1660
f 1596/1240/1661 1595/1230/1664 1481/1133/1663 1537/1239/1662
f 1539/1241/1665 1514/1131/1667 1513/1133/1667 1538/1239/1666
f 1480/1131/1668 1600/1131/1671 1599/1241/1670 1540/1241/1669
f 1541/1242/1672 1479/1129/1505 1480/1131/1506 1540/1241/1673
f 1590/1243/1674 1589/1229/1677 1479/1129/1676 1541/1242/1675
f 1543/1244/1678 1507/1127/1681 1510/1129/1680 1542/1242/1679
f 1544/1245/1682 1508/1125/1683 1507/1127/1681 1543/1244/1678
f 1477/1125/1684 1587/1125/1687 1594/1245/1686 1545/1245/1685
f 1546/1246/1688 1476/1123/1502 1477/1125/1503 1545/1245/1689
f 1583/1247/1690 1582/1227/1693 1476/1123/1692 1546/1246/1691
f 1548/1248/1694 1504/1121/1696 1503/1123/1696 1547/1246/1695
f 1475/1121/1697 1581/1226/1700 1586/1248/1699 1549/1248/1698
f 1550/1249/1701 1474/1119/1500 1475/1121/1501 1549/1248/1702
f 1576/1250/1703 1575/1222/1706 1474/1119/1705 1550/1249/1704
f 1552/1251/1707 1497/1117/1710 1500/1119/1709 1551/1249/1708
f 1553/1252/1711 1498/1115/1712 1497/1117/1710 1552/1251/1707
f 1472/1115/1713 1573/1221/1716 1580/1252/1715 1554/1252/1714
f 1555/1253/1717 1471/1113/1497 1472/1115/1498 1554/1252/1718
f 1569/1254/1719 1568/1113/1722 1471/1113/1721 1555/1253/1720
f 1557/1255/1723 1494/1110/1726 1493/1113/1725 1556/1253/1724
f 1470/1110/1727 1567/1220/1730 1572/1255/1729 1558/1255/1728
f 1559/1256/1731 1469/1111/1495 1470/1110/1496 1558/1255/1732
f 1704/1257/1733 1703/1111/1736 1620/1111/1735 1619/1256/1734
f 1561/1258/1737 1527/1147/1740 1530/1111/1739 1560/1256/1738
f 1562/1259/1741 1528/1145/1744 1773/1218/1743 1772/1260/1742
f 1622/1145/1745 1701/1145/1748 1710/1259/1747 1615/1259/1746
f 1564/1261/1749 1486/1143/1512 1487/1145/1513 1563/1259/1750
f 1614/1143/1751 1486/1143/1754 1564/1261/1753 1609/1261/1752
f 1566/1236/1755 1524/1141/1757 1523/1143/1757 1565/1261/1756
f 1485/1141/1758 1613/1141/1761 1612/1236/1760 1531/1236/1759
f 1568/1113/1524 1632/1113/1762 1631/1262/1762 1567/1220/1523
f 1633/1254/1763 1632/1113/1764 1568/1113/1722 1569/1254/1719
f 1570/1112/1522 1634/1112/1766 1821/1219/1765 1820/1219/1521
f 1571/1109/1518 1635/1263/1768 1634/1112/1767 1570/1112/1517
f 1826/1264/1769 1635/1263/1770 1571/1109/1527 1827/1196/1528
f 1567/1220/1730 1631/1262/1772 1636/1255/1771 1572/1255/1729
f 1574/1117/1534 1624/1117/1774 1623/1221/1773 1573/1221/1533
f 1575/1222/1545 1625/1265/1775 1624/1117/1774 1574/1117/1534
f 1626/1266/1776 1625/1265/1777 1575/1222/1706 1576/1250/1703
f 1577/1118/1544 1627/1268/1779 1810/1267/1778 1809/1201/1543
f 1578/1116/1531 1628/1116/1781 1627/1268/1780 1577/1118/1540
f 1579/1114/1532 1629/1114/1782 1628/1116/1781 1578/1116/1531
f 1817/1199/1538 1816/1199/1784 1629/1114/1783 1579/1114/1537
f 1573/1221/1716 1623/1221/1786 1630/1269/1785 1580/1252/1715
f 1582/1227/1554 1722/1123/1788 1721/1121/1787 1581/1226/1553
f 1723/1246/1789 1722/1123/1790 1582/1227/1693 1583/1247/1690
f 1584/1223/1552 1725/1122/1792 1802/1203/1791 1801/1225/1551
f 1585/1224/1548 1726/1120/1794 1725/1122/1793 1584/1223/1547
f 1806/1228/1558 1805/1202/1796 1726/1120/1795 1585/1224/1557
f 1581/1226/1700 1721/1121/1798 1728/1248/1797 1586/1248/1699
f 1737/1127/1799 1507/1127/1802 1508/1125/1801 1738/1125/1800
f 1736/1129/1803 1510/1129/1804 1507/1127/1802 1737/1127/1799
f 1542/1242/1805 1510/1129/1808 1736/1129/1807 1735/1242/1806
f 1733/1128/1809 1509/1128/1812 1794/1206/1811 1793/1206/1810
f 1732/1126/1813 1506/1126/1816 1509/1128/1815 1733/1128/1814
f 1731/1124/1817 1505/1124/1818 1506/1126/1816 1732/1126/1813
f 1797/1204/1819 1796/1204/1822 1505/1124/1821 1731/1124/1820
f 1738/1125/1823 1508/1125/1826 1544/1245/1825 1729/1245/1824
f 1746/1133/1827 1595/1230/1664 1596/1240/1661 1739/1270/1828
f 1597/1132/1583 1741/1132/1830 1785/1208/1829 1784/1208/1582
f 1598/1130/1579 1742/1130/1832 1741/1132/1831 1597/1132/1578
f 1789/1207/1589 1788/1207/1834 1742/1130/1833 1598/1130/1588
f 1600/1131/1671 1745/1131/1836 1744/1241/1835 1599/1241/1670
f 1595/1230/1585 1746/1133/1838 1745/1131/1837 1600/1131/1584
f 1750/1235/1839 1749/1139/1840 1601/1139/1648 1602/1235/1645
f 1603/1138/1605 1752/1138/1842 1849/1231/1841 1848/1231/1604
f 1604/1136/1592 1753/1136/1844 1752/1138/1843 1603/1138/1601
f 1605/1134/1593 1754/1134/1845 1753/1136/1844 1604/1136/1592
f 1781/1209/1599 1780/1209/1847 1754/1134/1846 1605/1134/1598
f 1607/1135/1658 1747/1135/1849 1756/1238/1848 1606/1238/1657
f 1608/1137/1595 1748/1137/1851 1747/1135/1850 1607/1135/1594
f 1601/1139/1606 1749/1139/1852 1748/1137/1851 1608/1137/1595
f 1610/1142/1613 1761/1142/1854 1841/1232/1853 1840/1232/1612
f 1611/1140/1609 1762/1140/1856 1761/1142/1855 1610/1142/1608
f 1844/1212/1857 1762/1140/1858 1611/1140/1618 1845/1212/1615
f 1613/1141/1761 1757/1141/1860 1764/1236/1859 1612/1236/1760
f 1614/1143/1614 1758/1143/1862 1757/1141/1861 1613/1141/1614
f 1759/1261/1863 1758/1143/1864 1614/1143/1751 1609/1261/1752
f 1838/1214/1865 1837/1214/1627 1616/1144/1628 1467/1144/1866
f 1467/1144/1867 1616/1144/1619 1768/1215/1620 1767/1215/1868
f 1468/1146/1869 1617/1146/1631 1618/1108/1632 1449/1108/1870
f 1449/1108/1871 1618/1108/1635 1830/1197/1636 1829/1197/1872
f 1620/1111/1735 1469/1111/1874 1559/1256/1873 1619/1256/1734
f 1469/1111/1495 1620/1111/1639 1621/1147/1640 1488/1147/1515
f 1776/1218/1514 1775/1234/1623 1622/1145/1624 1487/1145/1513
f 1487/1145/1875 1622/1145/1745 1615/1259/1746 1563/1259/1876
f 1624/1117/1774 1712/1117/1878 1711/1115/1877 1623/1221/1773
f 1625/1265/1775 1713/1119/1879 1712/1117/1878 1624/1117/1774
f 1714/1249/1880 1713/1119/1881 1625/1265/1777 1626/1266/1776
f 1627/1268/1779 1716/1118/1883 1811/1201/1882 1810/1267/1778
f 1628/1116/1781 1717/1116/1885 1716/1118/1884 1627/1268/1780
f 1629/1114/1782 1718/1114/1886 1717/1116/1885 1628/1116/1781
f 1816/1199/1784 1815/1199/1888 1718/1114/1887 1629/1114/1783
f 1623/1221/1786 1711/1115/1890 1720/1252/1889 1630/1269/1785
f 1699/1113/1891 1493/1113/1894 1494/1110/1893 1700/1110/1892
f 1556/1253/1895 1493/1113/1898 1699/1113/1897 1698/1253/1896
f 1696/1112/1899 1492/1112/1902 1823/1198/1901 1822/1198/1900
f 1695/1109/1903 1491/1109/1905 1492/1112/1905 1696/1112/1904
f 1825/1271/1906 1824/1196/1909 1491/1109/1908 1695/1109/1907
f 1700/1110/1910 1494/1110/1913 1557/1255/1912 1693/1255/1911
f 1558/1255/1728 1572/1255/1729 1637/1272/1915 1638/1272/1914
f 1639/1273/1916 1559/1256/1731 1558/1255/1732 1638/1272/1917
f 1640/1273/1918 1619/1256/1734 1559/1256/1873 1639/1273/1919
f 1705/1273/1920 1704/1257/1733 1619/1256/1734 1640/1273/1918
f 1642/1274/1921 1561/1258/1737 1560/1256/1738 1641/1273/1922
f 1643/1275/1923 1562/1259/1741 1772/1260/1742 1771/1276/1924
f 1615/1259/1746 1710/1259/1747 1709/1275/1926 1644/1275/1925
f 1563/1259/1876 1615/1259/1746 1644/1275/1925 1645/1275/1927
f 1646/1277/1928 1564/1261/1749 1563/1259/1750 1645/1275/1929
f 1647/1277/1930 1609/1261/1752 1564/1261/1753 1646/1277/1931
f 1760/1277/1932 1759/1261/1863 1609/1261/1752 1647/1277/1930
f 1649/1278/1933 1566/1236/1755 1565/1261/1756 1648/1277/1933
f 1764/1236/1859 1763/1278/1935 1650/1278/1934 1612/1236/1760
f 1612/1236/1760 1650/1278/1934 1651/1278/1936 1531/1236/1759
f 1652/1279/1937 1532/1235/1643 1531/1236/1644 1651/1278/1938
f 1653/1279/1939 1602/1235/1645 1532/1235/1646 1652/1279/1940
f 1751/1279/1941 1750/1235/1839 1602/1235/1645 1653/1279/1939
f 1655/1280/1942 1534/1237/1649 1533/1235/1650 1654/1279/1943
f 1656/1281/1944 1535/1238/1653 1534/1237/1649 1655/1280/1942
f 1606/1238/1657 1756/1238/1848 1755/1281/1946 1657/1281/1945
f 1536/1238/1656 1606/1238/1657 1657/1281/1945 1658/1281/1947
f 1659/1282/1948 1537/1239/1659 1536/1238/1660 1658/1281/1948
f 1660/1283/1949 1596/1240/1661 1537/1239/1662 1659/1282/1950
f 1740/1282/1951 1739/1270/1828 1596/1240/1661 1660/1283/1949
f 1662/1284/1952 1539/1241/1665 1538/1239/1666 1661/1282/1952
f 1599/1241/1670 1744/1241/1835 1743/1284/1954 1663/1284/1953
f 1540/1241/1669 1599/1241/1670 1663/1284/1953 1664/1284/1955
f 1665/1285/1956 1541/1242/1672 1540/1241/1673 1664/1284/1957
f 1666/1286/1958 1590/1243/1674 1541/1242/1675 1665/1285/1959
f 1667/1285/1960 1542/1242/1805 1735/1242/1806 1734/1285/1961
f 1668/1287/1962 1543/1244/1678 1542/1242/1679 1667/1285/1963
f 1669/1288/1964 1544/1245/1682 1543/1244/1678 1668/1287/1962
f 1729/1245/1824 1544/1245/1825 1669/1288/1966 1730/1288/1965
f 1545/1245/1685 1594/1245/1686 1670/1288/1968 1671/1288/1967
f 1672/1289/1969 1546/1246/1688 1545/1245/1689 1671/1288/1969
f 1673/1290/1970 1583/1247/1690 1546/1246/1691 1672/1289/1971
f 1724/1289/1972 1723/1246/1789 1583/1247/1690 1673/1290/1970
f 1675/1291/1973 1548/1248/1694 1547/1246/1695 1674/1289/1973
f 1586/1248/1699 1728/1248/1797 1727/1291/1975 1676/1291/1974
f 1549/1248/1698 1586/1248/1699 1676/1291/1974 1677/1291/1976
f 1678/1292/1977 1550/1249/1701 1549/1248/1702 1677/1291/1977
f 1679/1293/1978 1576/1250/1703 1550/1249/1704 1678/1292/1979
f 1680/1294/1980 1626/1266/1776 1576/1250/1703 1679/1293/1978
f 1715/1292/1981 1714/1249/1880 1626/1266/1776 1680/1294/1980
f 1682/1295/1982 1552/1251/1707 1551/1249/1708 1681/1292/1983
f 1683/1296/1984 1553/1252/1711 1552/1251/1707 1682/1295/1982
f 1630/1269/1785 1720/1252/1889 1719/1296/1986 1684/1297/1985
f 1580/1252/1715 1630/1269/1785 1684/1297/1985 1685/1296/1987
f 1554/1252/1714 1580/1252/1715 1685/1296/1987 1686/1296/1988
f 1687/1298/1989 1555/1253/1717 1554/1252/1718 1686/1296/1989
f 1688/1299/1990 1569/1254/1719 1555/1253/1720 1687/1298/1991
f 1689/1299/1992 1633/1254/1763 1569/1254/1719 1688/1299/1990
f 1690/1298/1993 1556/1253/1895 1698/1253/1896 1697/1298/1994
f 1691/1272/1995 1557/1255/1723 1556/1253/1724 1690/1298/1995
f 1693/1255/1911 1557/1255/1912 1691/1272/1997 1694/1272/1996
f 1572/1255/1729 1636/1255/1771 1692/1272/1998 1637/1272/1915
f 1636/1255/1771 1693/1255/1911 1694/1272/1996 1692/1272/1998
f 1826/1264/1769 1825/1271/1906 1695/1109/1907 1635/1263/1770
f 1635/1263/1768 1695/1109/1903 1696/1112/1904 1634/1112/1767
f 1634/1112/1766 1696/1112/1899 1822/1198/1900 1821/1219/1765
f 1698/1253/1896 1633/1254/1763 1689/1299/1992 1697/1298/1994
f 1699/1113/1897 1632/1113/1764 1633/1254/1763 1698/1253/1896
f 1632/1113/1762 1699/1113/1891 1700/1110/1892 1631/1262/1762
f 1631/1262/1772 1700/1110/1910 1693/1255/1911 1636/1255/1771
f 1774/1218/1626 1773/1218/2000 1528/1145/1999 1701/1145/1625
f 1703/1111/1642 1530/1111/2002 1527/1147/2001 1702/1147/1641
f 1560/1256/2003 1530/1111/2004 1703/1111/1736 1704/1257/1733
f 1641/1273/2005 1560/1256/2003 1704/1257/1733 1705/1273/1920
f 1706/1108/1638 1529/1108/2007 1832/1197/2006 1831/1197/1637
f 1707/1146/1634 1526/1146/2009 1529/1108/2008 1706/1108/1633
f 1708/1144/1622 1525/1144/2011 1770/1215/2010 1769/1233/1621
f 1836/1214/1630 1835/1214/2013 1525/1144/2012 1708/1144/1629
f 1710/1259/1747 1562/1259/2015 1643/1275/2014 1709/1275/1926
f 1701/1145/1748 1528/1145/2016 1562/1259/2015 1710/1259/1747
f 1712/1117/1878 1497/1117/2018 1498/1115/2017 1711/1115/1877
f 1713/1119/1879 1500/1119/2019 1497/1117/2018 1712/1117/1878
f 1551/1249/2020 1500/1119/2021 1713/1119/1881 1714/1249/1880
f 1681/1292/2022 1551/1249/2020 1714/1249/1880 1715/1292/1981
f 1716/1118/1883 1499/1118/2024 1812/1201/2023 1811/1201/1882
f 1717/1116/1885 1496/1116/2026 1499/1118/2025 1716/1118/1884
f 1718/1114/1886 1495/1114/2027 1496/1116/2026 1717/1116/1885
f 1815/1199/1888 1814/1199/2029 1495/1114/2028 1718/1114/1887
f 1720/1252/1889 1553/1252/2031 1683/1296/2030 1719/1296/1986
f 1711/1115/1890 1498/1115/2032 1553/1252/2031 1720/1252/1889
f 1722/1123/1788 1503/1123/2033 1504/1121/2033 1721/1121/1787
f 1547/1246/2034 1503/1123/2035 1722/1123/1790 1723/1246/1789
f 1674/1289/2036 1547/1246/2034 1723/1246/1789 1724/1289/1972
f 1725/1122/1792 1502/1122/2038 1803/1203/2037 1802/1203/1791
f 1726/1120/1794 1501/1120/2039 1502/1122/2039 1725/1122/1793
f 1805/1202/1796 1804/1202/2041 1501/1120/2040 1726/1120/1795
f 1728/1248/1797 1548/1248/2043 1675/1291/2042 1727/1291/1975
f 1721/1121/1798 1504/1121/2044 1548/1248/2043 1728/1248/1797
f 1594/1245/1686 1729/1245/1824 1730/1288/1965 1670/1288/1968
f 1798/1204/1568 1797/1204/1819 1731/1124/1820 1593/1124/1567
f 1593/1124/1562 1731/1124/1817 1732/1126/1813 1592/1126/1561
f 1592/1126/1561 1732/1126/1813 1733/1128/1814 1591/1128/1570
f 1591/1128/1574 1733/1128/1809 1793/1206/1810 1792/1206/1573
f 1735/1242/1806 1590/1243/1674 1666/1286/1958 1734/1285/1961
f 1736/1129/1807 1589/1229/1677 1590/1243/1674 1735/1242/1806
f 1589/1229/1575 1736/1129/1803 1737/1127/1799 1588/1127/1564
f 1588/1127/1564 1737/1127/1799 1738/1125/1800 1587/1125/1563
f 1587/1125/1687 1738/1125/1823 1729/1245/1824 1594/1245/1686
f 1661/1282/2045 1538/1239/2046 1739/1270/1828 1740/1282/1951
f 1741/1132/1830 1512/1132/2048 1786/1208/2047 1785/1208/1829
f 1742/1130/1832 1511/1130/2050 1512/1132/2049 1741/1132/1831
f 1788/1207/1834 1787/1207/2052 1511/1130/2051 1742/1130/1833
f 1744/1241/1835 1539/1241/2054 1662/1284/2053 1743/1284/1954
f 1745/1131/1836 1514/1131/2055 1539/1241/2054 1744/1241/1835
f 1746/1133/1838 1513/1133/2056 1514/1131/2056 1745/1131/1837
f 1538/1239/2046 1513/1133/2057 1746/1133/1827 1739/1270/1828
f 1748/1137/1851 1517/1137/2059 1518/1135/2058 1747/1135/1850
f 1749/1139/1852 1520/1139/2060 1517/1137/2059 1748/1137/1851
f 1533/1235/2061 1520/1139/2062 1749/1139/1840 1750/1235/1839
f 1654/1279/2063 1533/1235/2061 1750/1235/1839 1751/1279/1941
f 1752/1138/1842 1519/1138/2065 1777/1211/2064 1849/1231/1841
f 1753/1136/1844 1516/1136/2067 1519/1138/2066 1752/1138/1843
f 1754/1134/1845 1515/1134/2068 1516/1136/2067 1753/1136/1844
f 1780/1209/1847 1779/1209/2070 1515/1134/2069 1754/1134/1846
f 1756/1238/1848 1535/1238/2072 1656/1281/2071 1755/1281/1946
f 1747/1135/1849 1518/1135/2073 1535/1238/2072 1756/1238/1848
f 1758/1143/1862 1523/1143/2074 1524/1141/2074 1757/1141/1861
f 1565/1261/2075 1523/1143/2076 1758/1143/1864 1759/1261/1863
f 1648/1277/2077 1565/1261/2075 1759/1261/1863 1760/1277/1932
f 1761/1142/1854 1522/1142/2079 1842/1213/2078 1841/1232/1853
f 1762/1140/1856 1521/1140/2080 1522/1142/2080 1761/1142/1855
f 1843/1212/2081 1521/1140/2082 1762/1140/1858 1844/1212/1857
f 1566/1236/2083 1649/1278/2084 1763/1278/1935 1764/1236/1859
f 1757/1141/1860 1524/1141/2085 1566/1236/2083 1764/1236/1859
f 1765/1192/1394 1766/1193/1395 1448/1065/920 1428/1064/920
f 1767/1195/1434 1468/1172/1435 1448/1169/967 1766/1194/1433
f 1768/1215/1620 1617/1146/1631 1468/1146/1869 1767/1215/1868
f 1769/1233/1621 1707/1146/1634 1617/1146/1631 1768/1215/1620
f 1770/1215/2010 1526/1146/2009 1707/1146/1634 1769/1233/1621
f 1834/1216/1489 1833/1217/1494 1526/1146/1491 1770/1215/1488
f 1772/1260/1742 1561/1258/1737 1642/1274/1921 1771/1276/1924
f 1773/1218/1743 1527/1147/1740 1561/1258/1737 1772/1260/1742
f 1702/1147/1641 1527/1147/2001 1773/1218/2000 1774/1218/1626
f 1621/1147/1640 1702/1147/1641 1774/1218/1626 1775/1234/1623
f 1488/1147/1515 1621/1147/1640 1775/1234/1623 1776/1218/1514
f 1778/1210/1474 1851/1301/2087 1850/1300/2086 1777/1211/1477
f 1779/1209/1475 1852/1302/2088 1851/1301/2087 1778/1210/1474
f 1853/1302/2089 1852/1302/2090 1779/1209/2070 1780/1209/1847
f 1854/1302/2091 1853/1302/2089 1780/1209/1847 1781/1209/1599
f 1855/1302/2092 1854/1302/2091 1781/1209/1599 1782/1209/1596
f 1783/1208/1471 1856/1303/2093 1855/1302/2093 1782/1209/1471
f 1784/1208/1582 1857/1303/2095 1856/1303/2094 1783/1208/1581
f 1785/1208/1829 1858/1303/2096 1857/1303/2095 1784/1208/1582
f 1786/1208/2047 1859/1303/2097 1858/1303/2096 1785/1208/1829
f 1787/1207/1469 1860/1304/2099 1859/1303/2098 1786/1208/1468
f 1861/1304/2100 1860/1304/2101 1787/1207/2052 1788/1207/1834
f 1862/1304/2102 1861/1304/2100 1788/1207/1834 1789/1207/1589
f 1863/1304/2103 1862/1304/2102 1789/1207/1589 1790/1207/1586
f 1791/1206/1466 1864/1305/2104 1863/1304/2104 1790/1207/1466
f 1792/1206/1573 1865/1305/2106 1864/1305/2105 1791/1206/1572
f 1793/1206/1810 1866/1305/2107 1865/1305/2106 1792/1206/1573
f 1794/1206/1811 1867/1305/2108 1866/1305/2107 1793/1206/1810
f 1795/1205/1461 1868/1306/2110 1867/1305/2109 1794/1206/1464
f 1796/1204/1462 1869/1307/2111 1868/1306/2110 1795/1205/1461
f 1870/1307/2112 1869/1307/2113 1796/1204/1822 1797/1204/1819
f 1871/1307/2114 1870/1307/2112 1797/1204/1819 1798/1204/1568
f 1872/1307/2115 1871/1307/2114 1798/1204/1568 1799/1204/1565
f 1800/1203/1458 1873/1308/2117 1872/1307/2116 1799/1204/1457
f 1801/1225/1551 1874/1309/2119 1873/1308/2118 1800/1203/1550
f 1802/1203/1791 1875/1308/2120 1874/1309/2119 1801/1225/1551
f 1803/1203/2037 1876/1308/2121 1875/1308/2120 1802/1203/1791
f 1804/1202/1455 1877/1310/2123 1876/1308/2122 1803/1203/1454
f 1878/1310/2124 1877/1310/2125 1804/1202/2041 1805/1202/1796
f 1879/1311/2126 1878/1310/2124 1805/1202/1796 1806/1228/1558
f 1880/1310/2127 1879/1311/2126 1806/1228/1558 1807/1202/1555
f 1808/1201/1452 1881/1312/2128 1880/1310/2128 1807/1202/1452
f 1809/1201/1543 1882/1312/2130 1881/1312/2129 1808/1201/1542
f 1810/1267/1778 1883/1313/2131 1882/1312/2130 1809/1201/1543
f 1811/1201/1882 1884/1312/2132 1883/1313/2131 1810/1267/1778
f 1812/1201/2023 1885/1312/2133 1884/1312/2132 1811/1201/1882
f 1813/1200/1447 1886/1314/2135 1885/1312/2134 1812/1201/1450
f 1814/1199/1448 1887/1315/2136 1886/1314/2135 1813/1200/1447
f 1888/1315/2137 1887/1315/2138 1814/1199/2029 1815/1199/1888
f 1889/1315/2139 1888/1315/2137 1815/1199/1888 1816/1199/1784
f 1890/1315/2140 1889/1315/2139 1816/1199/1784 1817/1199/1538
f 1891/1315/2141 1890/1315/2140 1817/1199/1538 1818/1199/1535
f 1819/1198/1444 1892/1316/2143 1891/1315/2142 1818/1199/1443
f 1820/1219/1521 1893/1317/2145 1892/1316/2144 1819/1198/1520
f 1821/1219/1765 1894/1317/2146 1893/1317/2145 1820/1219/1521
f 1822/1198/1900 1895/1316/2147 1894/1317/2146 1821/1219/1765
f 1823/1198/1901 1896/1316/2148 1895/1316/2147 1822/1198/1900
f 1824/1196/1441 1897/1318/2150 1896/1316/2149 1823/1198/1440
f 1898/1319/2151 1897/1318/2152 1824/1196/1909 1825/1271/1906
f 1899/1320/2153 1898/1319/2151 1825/1271/1906 1826/1264/1769
f 1899/1320/2153 1826/1264/1769 1827/1196/1528 1900/1318/2154
f 1901/1318/2155 1900/1318/2154 1827/1196/1528 1828/1196/1525
f 1829/1197/1438 1902/1321/2157 1901/1318/2156 1828/1196/1437
f 1830/1197/1636 1903/1321/2159 1902/1321/2158 1829/1197/1872
f 1831/1197/1637 1904/1321/2160 1903/1321/2159 1830/1197/1636
f 1832/1197/2006 1905/1321/2161 1904/1321/2160 1831/1197/1637
f 1833/1217/1494 1906/1322/2163 1905/1321/2162 1832/1197/1493
f 1907/1323/2164 1906/1322/2163 1833/1217/1494 1834/1216/1489
f 1835/1214/1490 1908/1324/2165 1907/1323/2164 1834/1216/1489
f 1909/1324/2166 1908/1324/2167 1835/1214/2013 1836/1214/1630
f 1910/1324/2168 1909/1324/2166 1836/1214/1630 1837/1214/1627
f 1911/1324/2169 1910/1324/2168 1837/1214/1627 1838/1214/1865
f 1839/1213/1486 1912/1325/2171 1911/1324/2170 1838/1214/1485
f 1840/1232/1612 1913/1326/2173 1912/1325/2172 1839/1213/1611
f 1841/1232/1853 1914/1326/2174 1913/1326/2173 1840/1232/1612
f 1842/1213/2078 1915/1325/2175 1914/1326/2174 1841/1232/1853
f 1843/1212/1483 1916/1327/2177 1915/1325/2176 1842/1213/1482
f 1916/1327/2178 1843/1212/2081 1844/1212/1857 1917/1327/2179
f 1917/1327/2179 1844/1212/1857 1845/1212/1615 1918/1327/2180
f 1918/1327/2180 1845/1212/1615 1846/1212/1616 1919/1327/2181
f 1847/1211/1480 1920/1300/2183 1919/1327/2182 1846/1212/1479
f 1848/1231/1604 1921/1328/2185 1920/1300/2184 1847/1211/1603
f 1849/1231/1841 1922/1328/2186 1921/1328/2185 1848/1231/1604
f 1777/1211/2064 1850/1300/2187 1922/1328/2186 1849/1231/1841
f 1851/1301/2087 1655/1280/1942 1654/1279/1943 1850/1300/2086
f 1852/1302/2088 1656/1281/1944 1655/1280/1942 1851/1301/2087
f 1755/1281/1946 1656/1281/2071 1852/1302/2090 1853/1302/2089
f 1657/1281/1945 1755/1281/1946 1853/1302/2089 1854/1302/2091
f 1658/1281/1947 1657/1281/1945 1854/1302/2091 1855/1302/2092
f 1856/1303/2093 1659/1282/1948 1658/1281/1948 1855/1302/2093
f 1857/1303/2095 1660/1283/1949 1659/1282/1950 1856/1303/2094
f 1858/1303/2096 1740/1282/1951 1660/1283/1949 1857/1303/2095
f 1859/1303/2097 1661/1282/2045 1740/1282/1951 1858/1303/2096
f 1860/1304/2099 1662/1284/1952 1661/1282/1952 1859/1303/2098
f 1743/1284/1954 1662/1284/2053 1860/1304/2101 1861/1304/2100
f 1663/1284/1953 1743/1284/1954 1861/1304/2100 1862/1304/2102
f 1664/1284/1955 1663/1284/1953 1862/1304/2102 1863/1304/2103
f 1864/1305/2104 1665/1285/1956 1664/1284/1957 1863/1304/2104
f 1865/1305/2106 1666/1286/1958 1665/1285/1959 1864/1305/2105
f 1866/1305/2107 1734/1285/1961 1666/1286/1958 1865/1305/2106
f 1867/1305/2108 1667/1285/1960 1734/1285/1961 1866/1305/2107
f 1868/1306/2110 1668/1287/1962 1667/1285/1963 1867/1305/2109
f 1869/1307/2111 1669/1288/1964 1668/1287/1962 1868/1306/2110
f 1730/1288/1965 1669/1288/1966 1869/1307/2113 1870/1307/2112
f 1670/1288/1968 1730/1288/1965 1870/1307/2112 1871/1307/2114
f 1671/1288/1967 1670/1288/1968 1871/1307/2114 1872/1307/2115
f 1873/1308/2117 1672/1289/1969 1671/1288/1969 1872/1307/2116
f 1874/1309/2119 1673/1290/1970 1672/1289/1971 1873/1308/2118
f 1875/1308/2120 1724/1289/1972 1673/1290/1970 1874/1309/2119
f 1876/1308/2121 1674/1289/2036 1724/1289/1972 1875/1308/2120
f 1877/1310/2123 1675/1291/1973 1674/1289/1973 1876/1308/2122
f 1727/1291/1975 1675/1291/2042 1877/1310/2125 1878/1310/2124
f 1676/1291/1974 1727/1291/1975 1878/1310/2124 1879/1311/2126
f 1677/1291/1976 1676/1291/1974 1879/1311/2126 1880/1310/2127
f 1881/1312/2128 1678/1292/1977 1677/1291/1977 1880/1310/2128
f 1882/1312/2130 1679/1293/1978 1678/1292/1979 1881/1312/2129
f 1883/1313/2131 1680/1294/1980 1679/1293/1978 1882/1312/2130
f 1884/1312/2132 1715/1292/1981 1680/1294/1980 1883/1313/2131
f 1885/1312/2133 1681/1292/2022 1715/1292/1981 1884/1312/2132
f 1886/1314/2135 1682/1295/1982 1681/1292/1983 1885/1312/2134
f 1887/1315/2136 1683/1296/1984 1682/1295/1982 1886/1314/2135
f 1719/1296/1986 1683/1296/2030 1887/1315/2138 1888/1315/2137
f 1684/1297/1985 1719/1296/1986 1888/1315/2137 1889/1315/2139
f 1685/1296/1987 1684/1297/1985 1889/1315/2139 1890/1315/2140
f 1686/1296/1988 1685/1296/1987 1890/1315/2140 1891/1315/2141
f 1892/1316/2143 1687/1298/1989 1686/1296/1989 1891/1315/2142
f 1893/1317/2145 1688/1299/1990 1687/1298/1991 1892/1316/2144
f 1894/1317/2146 1689/1299/1992 1688/1299/1990 1893/1317/2145
f 1895/1316/2147 1697/1298/1994 1689/1299/1992 1894/1317/2146
f 1896/1316/2148 1690/1298/1993 1697/1298/1994 1895/1316/2147
f 1897/1318/2150 1691/1272/1995 1690/1298/1995 1896/1316/2149
f 1694/1272/1996 1691/1272/1997 1897/1318/2152 1898/1319/2151
f 1692/1272/1998 1694/1272/1996 1898/1319/2151 1899/1320/2153
f 1692/1272/1998 1899/1320/2153 1900/1318/2154 1637/1272/1915
f 1638/1272/1914 1637/1272/1915 1900/1318/2154 1901/1318/2155
f 1902/1321/2157 1639/1273/1916 1638/1272/1917 1901/1318/2156
f 1903/1321/2159 1640/1273/1918 1639/1273/1919 1902/1321/2158
f 1904/1321/2160 1705/1273/1920 1640/1273/1918 1903/1321/2159
f 1905/1321/2161 1641/1273/2005 1705/1273/1920 1904/1321/2160
f 1906/1322/2163 1642/1274/1921 1641/1273/1922 1905/1321/2162
f 1771/1276/1924 1642/1274/1921 1906/1322/2163 1907/1323/2164
f 1908/1324/2165 1643/1275/1923 1771/1276/1924 1907/1323/2164
f 1709/1275/1926 1643/1275/2014 1908/1324/2167 1909/1324/2166
f 1644/1275/1925 1709/1275/1926 1909/1324/2166 1910/1324/2168
f 1645/1275/1927 1644/1275/1925 1910/1324/2168 1911/1324/2169
f 1912/1325/2171 1646/1277/1928 1645/1275/1929 1911/1324/2170
f 1913/1326/2173 1647/1277/1930 1646/1277/1931 1912/1325/2172
f 1914/1326/2174 1760/1277/1932 1647/1277/1930 1913/1326/2173
f 1915/1325/2175 1648/1277/2077 1760/1277/1932 1914/1326/2174
f 1916/1327/2177 1649/1278/1933 1648/1277/1933 1915/1325/2176
f 1649/1278/2084 1916/1327/2178 1917/1327/2179 1763/1278/1935
f 1763/1278/1935 1917/1327/2179 1918/1327/2180 1650/1278/1934
f 1650/1278/1934 1918/1327/2180 1919/1327/2181 1651/1278/1936
f 1920/1300/2183 1652/1279/1937 1651/1278/1938 1919/1327/2182
f 1921/1328/2185 1653/1279/1939 1652/1279/1940 1920/1300/2184
f 1922/1328/2186 1751/1279/1941 1653/1279/1939 1921/1328/2185
f 1850/1300/2187 1654/1279/2063 1751/1279/1941 1922/1328/2186
f 1923/449/2188 1924/454/2188 1948/693/2190 1949/694/2189
f 1925/695/2191 1926/696/2191 1935/697/2192 1936/698/2192
f 1952/699/2193 1953/700/2195 1930/701/2194 1929/702/2194
f 1937/703/2196 1938/704/2196 1924/474/2197 1923/469/2197
f 1924/454/2198 1938/705/2201 1947/706/2200 1948/693/2199
f 1937/707/2202 1923/449/2205 1949/694/2204 1950/708/2203
f 1981/709/2206 1982/710/2208 1928/711/2207 1927/712/2207
f 1929/444/2209 1977/713/2212 1978/714/2211 1952/715/2210
f 1929/702/2213 1930/701/2213 1976/716/2215 1977/717/2214
f 1975/718/2216 1976/719/2219 1930/459/2218 1953/720/2217
f 1936/698/2192 1935/697/2192 1963/721/2220 1964/722/2220
f 1968/723/2221 1937/707/2202 1950/708/2203 1967/724/2222
f 1968/725/2223 1969/726/2223 1938/704/2196 1937/703/2196
f 1970/727/2224 1947/706/2200 1938/705/2201 1969/728/2225
f 1940/729/2226 1939/730/2229 1935/731/2228 1926/696/2227
f 1941/732/2230 1940/729/2232 1926/696/2231 1925/695/2231
f 1942/733/2233 1941/732/2236 1925/695/2235 1936/734/2234
f 1965/735/2237 1942/733/2233 1936/734/2234 1964/736/2238
f 1944/737/2239 1980/738/2242 1981/739/2241 1927/740/2240
f 1927/712/2243 1928/711/2243 1945/741/2244 1944/742/2244
f 1982/743/2245 1973/744/2248 1945/745/2247 1928/746/2246
f 1935/731/2228 1939/730/2229 1972/747/2250 1963/748/2249
f 1948/693/2199 1947/706/2200 1983/749/2252 1984/750/2251
f 1949/694/2189 1948/693/2190 1984/750/2253 1985/751/2253
f 1950/708/2203 1949/694/2204 1985/751/2255 1986/752/2254
f 1967/724/2222 1950/708/2203 1986/752/2254 1987/753/2256
f 1952/715/2210 1978/714/2211 1989/754/2258 1990/755/2257
f 1990/756/2259 1991/757/1090 1953/700/2195 1952/699/2193
f 1992/758/2260 1975/718/2216 1953/720/2217 1991/759/2261
f 1994/760/2262 1983/749/2252 1947/706/2200 1970/727/2224
f 1956/761/1083 1955/762/1083 1940/729/2232 1941/732/2230
f 1957/763/2263 1956/761/2264 1941/732/2236 1942/733/2233
f 1966/764/2265 1957/763/2263 1942/733/2233 1965/735/2237
f 1959/765/2266 1979/766/2267 1980/738/2242 1944/737/2239
f 1944/742/2244 1945/741/2244 1960/767/2269 1959/768/2268
f 1973/744/2248 1974/769/2271 1960/770/2270 1945/745/2247
f 1972/747/2250 1939/730/2229 1962/771/2273 1971/772/2272
f 1955/762/2274 1962/771/2273 1939/730/2229 1940/729/2226
f 1964/722/2220 1963/721/2220 1931/773/2275 1932/774/2275
f 1943/775/2276 1965/735/2237 1964/736/2238 1932/776/2277
f 1958/777/2278 1966/764/2265 1965/735/2237 1943/775/2276
f 1951/778/2279 1967/724/2222 1987/753/2256 1988/779/2280
f 1933/780/2281 1968/723/2221 1967/724/2222 1951/778/2279
f 1933/781/2282 1934/782/2283 1969/726/2223 1968/725/2223
f 1954/783/2284 1970/727/2224 1969/728/2225 1934/784/2285
f 1993/785/2286 1994/760/2262 1970/727/2224 1954/783/2284
f 1946/786/2287 1972/747/2250 1971/772/2272 1961/787/2286
f 1963/748/2249 1972/747/2250 1946/786/2287 1931/788/2288
f 1946/786/2287 1961/787/2286 1974/769/2271 1973/744/2248
f 1993/785/2286 1954/783/2284 1975/718/2216 1992/758/2260
f 1954/783/2284 1934/784/2285 1976/719/2219 1975/718/2216
f 1977/717/2214 1976/716/2215 1934/782/2283 1933/781/2282
f 1978/714/2211 1977/713/2212 1933/780/2281 1951/778/2279
f 1989/754/2258 1978/714/2211 1951/778/2279 1988/779/2280
f 1980/738/2242 1979/766/2267 1958/777/2278 1943/775/2276
f 1981/739/2241 1980/738/2242 1943/775/2276 1932/776/2277
f 1932/774/2275 1931/773/2275 1982/710/2208 1981/709/2206
f 1931/788/2288 1946/786/2287 1973/744/2248 1982/743/2245
f 1984/750/2251 1983/749/2252 1962/771/2273 1955/762/2274
f 1985/751/2253 1984/750/2253 1955/762/1083 1956/761/1083
f 1986/752/2254 1985/751/2255 1956/761/2264 1957/763/2263
f 1987/753/2256 1986/752/2254 1957/763/2263 1966/764/2265
f 1988/779/2280 1987/753/2256 1966/764/2265 1958/777/2278
f 1979/766/2267 1989/754/2258 1988/779/2280 1958/777/2278
f 1990/755/2257 1989/754/2258 1979/766/2267 1959/765/2266
f 1959/768/2268 1960/767/2269 1991/757/1090 1990/756/2259
f 1974/769/2271 1992/758/2260 1991/759/2261 1960/770/2270
f 1961/787/2286 1993/785/2286 1992/758/2260 1974/769/2271
f 1961/787/2286 1971/772/2272 1994/760/2262 1993/785/2286
f 1971/772/2272 1962/771/2273 1983/749/2252 1994/760/2262
f 1995/449/2289 2010/789/2292 2026/790/2291 2019/791/2290
f 1997/695/2293 2007/792/2295 2008/793/2294 1999/712/2293
f 2020/794/2296 2021/795/2299 2009/796/2298 2001/702/2297
f 2001/702/2300 2009/796/2301 2010/797/2301 1995/469/2300
f 1996/454/2302 2002/459/2302 2023/798/2304 2024/799/2303
f 2001/444/2305 1995/449/2305 2019/791/2307 2020/800/2306
f 2003/801/2308 1998/696/2310 2000/711/2310 2004/802/2309
f 2005/803/2311 2022/804/2314 2023/805/2313 2002/701/2312
f 2006/806/2315 2005/803/2318 2002/701/2317 1996/474/2316
f 2025/807/2319 2006/808/2322 1996/454/2321 2024/799/2320
f 2033/809/2323 2003/801/2308 2004/802/2309 2032/810/2324
f 2029/811/2325 2030/812/2326 2022/804/2314 2005/803/2311
f 2028/813/2327 2029/811/2327 2005/803/2318 2006/806/2315
f 2025/807/2319 2027/814/2329 2028/815/2328 2006/808/2322
f 2012/816/2330 2011/817/2333 2007/792/2332 1997/695/2331
f 2013/818/2334 2012/816/2334 1997/695/2335 1999/740/2335
f 1999/712/2336 2008/793/2339 2014/819/2338 2013/820/2337
f 2015/821/2340 2031/822/2343 2032/810/2342 2004/802/2341
f 2016/823/2344 2015/821/2340 2004/802/2341 2000/711/2345
f 2017/824/2346 2016/825/2348 2000/746/2347 1998/696/2347
f 2003/801/2349 2018/826/2352 2017/824/2351 1998/696/2350
f 2033/809/2353 2034/827/2354 2018/826/2352 2003/801/2349
f 2020/800/2306 2019/791/2307 2045/828/2355 2046/829/2355
f 2046/830/2356 2047/831/2357 2021/795/2299 2020/794/2296
f 2022/804/2314 2030/812/2326 2049/832/1046 2050/833/2358
f 2023/805/2313 2022/804/2314 2050/833/2358 2051/834/2359
f 2024/799/2303 2023/798/2304 2051/835/2360 2052/836/2360
f 2053/837/2361 2025/807/2319 2024/799/2320 2052/836/2362
f 2053/837/2361 2054/838/2363 2027/814/2329 2025/807/2319
f 2019/791/2290 2026/790/2291 2044/839/2365 2045/828/2364
f 2036/840/2329 2026/790/2291 2010/789/2292 2035/841/2366
f 2010/797/2301 2009/796/2301 2042/842/2368 2035/843/2367
f 2009/796/2298 2021/795/2299 2041/844/2370 2042/842/2369
f 2048/845/2371 2041/844/2370 2021/795/2299 2047/831/2357
f 2039/846/2372 2040/847/2373 2014/819/2338 2008/793/2339
f 2007/792/2295 2038/848/2374 2039/846/2374 2008/793/2294
f 2007/792/2332 2011/817/2333 2037/849/2376 2038/848/2375
f 2036/840/2329 2043/850/2377 2044/839/2365 2026/790/2291
f 2027/814/2329 2036/840/2329 2035/841/2366 2028/815/2328
f 2027/814/2329 2054/838/2363 2043/850/2377 2036/840/2329
f 2038/848/2375 2037/849/2376 2034/827/2354 2033/809/2353
f 2039/846/2374 2038/848/2374 2033/809/2323 2032/810/2324
f 2032/810/2342 2031/822/2343 2040/847/2373 2039/846/2372
f 2049/832/1046 2030/812/2326 2041/844/2370 2048/845/2371
f 2042/842/2369 2041/844/2370 2030/812/2326 2029/811/2325
f 2035/843/2367 2042/842/2368 2029/811/2327 2028/813/2327
f 2043/850/2377 2066/851/2379 2055/852/2378 2044/839/2365
f 2045/828/2364 2044/839/2365 2055/852/2378 2056/853/2380
f 2046/829/2355 2045/828/2355 2056/853/2382 2057/854/2381
f 2057/855/2383 2058/856/2384 2047/831/2357 2046/830/2356
f 2059/857/975 2048/845/2371 2047/831/2357 2058/856/2384
f 2060/858/2385 2049/832/1046 2048/845/2371 2059/857/975
f 2050/833/2358 2049/832/1046 2060/858/2385 2061/859/2386
f 2051/834/2359 2050/833/2358 2061/859/2386 2062/860/2387
f 2052/836/2360 2051/835/2360 2062/861/2388 2063/862/2388
f 2064/863/2389 2053/837/2361 2052/836/2362 2063/862/2362
f 2064/863/2389 2065/864/1084 2054/838/2363 2053/837/2361
f 2043/850/2377 2054/838/2363 2065/864/1084 2066/851/2379
f 2056/853/2380 2055/852/2378 2011/817/2333 2012/816/2330
f 2057/854/2381 2056/853/2382 2012/816/2334 2013/818/2334
f 2013/820/2337 2014/819/2338 2058/856/2384 2057/855/2383
f 2040/847/2373 2059/857/975 2058/856/2384 2014/819/2338
f 2031/822/2343 2060/858/2385 2059/857/975 2040/847/2373
f 2061/859/2386 2060/858/2385 2031/822/2343 2015/821/2340
f 2062/860/2387 2061/859/2386 2015/821/2340 2016/823/2344
f 2063/862/2388 2062/861/2388 2016/825/2348 2017/824/2346
f 2018/826/2352 2064/863/2389 2063/862/2362 2017/824/2351
f 2018/826/2352 2034/827/2354 2065/864/1084 2064/863/2389
f 2066/851/2379 2065/864/1084 2034/827/2354 2037/849/2376
f 2055/852/2378 2066/851/2379 2037/849/2376 2011/817/2333
f 2068/504/2390 2067/507/2393 2073/865/2392 2074/866/2391
f 2069/508/2394 2068/504/2390 2074/866/2391 2075/867/2395
f 2070/510/2396 2069/508/2394 2075/867/2395 2076/868/2397
f 2193/1329/2398 2070/510/2396 2076/868/2397 2192/1330/2399
f 2067/544/2393 2072/542/2401 2078/871/2400 2073/872/2392
f 2074/866/2391 2073/865/2392 2079/873/2403 2080/874/2402
f 2075/867/2395 2074/866/2391 2080/874/2402 2081/875/2404
f 2076/868/2397 2075/867/2395 2081/875/2404 2082/876/2405
f 2192/1330/2399 2076/868/2397 2082/876/2405 2191/1331/2406
f 2073/872/2392 2078/871/2400 2084/878/2407 2079/879/2403
f 2080/874/2402 2079/873/2403 2085/880/2409 2086/881/2408
f 2081/875/2404 2080/874/2402 2086/881/2408 2087/882/2410
f 2082/876/2405 2081/875/2404 2087/882/2410 2088/883/2411
f 2191/1331/2406 2082/876/2405 2088/883/2411 2190/1332/2412
f 2079/879/2403 2084/878/2407 2090/885/2413 2085/886/2409
f 2086/881/2408 2085/880/2409 2091/887/2415 2092/888/2414
f 2087/882/2410 2086/881/2408 2092/888/2414 2093/889/2416
f 2088/883/2411 2087/882/2410 2093/889/2416 2094/890/2417
f 2190/1332/2412 2088/883/2411 2094/890/2417 2189/1333/2418
f 2085/886/2409 2090/885/2413 2096/892/2419 2091/893/2415
f 2092/888/2414 2091/887/2415 2097/894/2421 2098/895/2420
f 2093/889/2416 2092/888/2414 2098/895/2420 2099/896/2422
f 2094/890/2417 2093/889/2416 2099/896/2422 2100/897/2423
f 2189/1333/2418 2094/890/2417 2100/897/2423 2188/1334/2424
f 2091/893/2415 2096/892/2419 2102/899/2425 2097/900/2421
f 2098/895/2420 2097/894/2421 2103/901/2427 2104/902/2426
f 2099/896/2422 2098/895/2420 2104/902/2426 2105/903/2428
f 2100/897/2423 2099/896/2422 2105/903/2428 2106/904/2429
f 2188/1334/2424 2100/897/2423 2106/904/2429 2187/1335/2430
f 2097/900/2421 2102/899/2425 2108/906/2431 2103/907/2427
f 2104/902/2426 2103/901/2427 2109/908/2433 2110/909/2432
f 2105/903/2428 2104/902/2426 2110/909/2432 2111/910/2434
f 2106/904/2429 2105/903/2428 2111/910/2434 2112/911/2435
f 2206/1336/2436 2187/1335/2430 2106/904/2429 2112/911/2435
f 2103/907/2427 2108/906/2431 2114/913/2437 2109/914/2433
f 2110/909/2432 2109/908/2433 2115/915/2439 2116/916/2438
f 2111/910/2434 2110/909/2432 2116/916/2438 2117/917/2440
f 2112/911/2435 2111/910/2434 2117/917/2440 2118/918/2441
f 2206/1336/2436 2112/911/2435 2118/918/2441 2205/1337/2442
f 2109/914/2433 2114/913/2437 2120/920/2443 2115/921/2439
f 2116/916/2438 2115/915/2439 2121/922/2445 2122/923/2444
f 2117/917/2440 2116/916/2438 2122/923/2444 2123/924/2446
f 2118/918/2441 2117/917/2440 2123/924/2446 2124/925/2447
f 2205/1337/2442 2118/918/2441 2124/925/2447 2204/1338/2448
f 2115/921/2439 2120/920/2443 2126/927/2449 2121/928/2445
f 2122/923/2444 2121/922/2445 2127/929/2451 2128/930/2450
f 2123/924/2446 2122/923/2444 2128/930/2450 2129/931/2452
f 2124/925/2447 2123/924/2446 2129/931/2452 2130/932/2453
f 2204/1338/2448 2124/925/2447 2130/932/2453 2203/1339/2454
f 2121/928/2445 2126/927/2449 2132/934/2455 2127/935/2451
f 2128/930/2450 2127/929/2451 2133/936/2457 2134/937/2456
f 2129/931/2452 2128/930/2450 2134/937/2456 2135/938/2458
f 2130/932/2453 2129/931/2452 2135/938/2458 2136/939/2459
f 2203/1339/2454 2130/932/2453 2136/939/2459 2202/1340/2460
f 2127/935/2451 2132/934/2455 2138/941/2461 2133/942/2457
f 2134/937/2456 2133/936/2457 2139/943/2463 2140/944/2462
f 2135/938/2458 2134/937/2456 2140/944/2462 2141/945/2464
f 2136/939/2459 2135/938/2458 2141/945/2464 2142/946/2465
f 2202/1340/2460 2136/939/2459 2142/946/2465 2201/1341/2466
f 2133/942/2457 2138/941/2461 2144/948/2467 2139/949/2463
f 2140/944/2462 2139/943/2463 2145/950/2469 2146/951/2468
f 2141/945/2464 2140/944/2462 2146/951/2468 2147/952/2470
f 2142/946/2465 2141/945/2464 2147/952/2470 2148/953/2471
f 2201/1341/2466 2142/946/2465 2148/953/2471 2200/1342/2472
f 2139/949/2463 2144/948/2467 2150/955/2473 2145/956/2469
f 2146/951/2468 2145/950/2469 2151/957/2475 2152/958/2474
f 2147/952/2470 2146/951/2468 2152/958/2474 2153/959/2476
f 2148/953/2471 2147/952/2470 2153/959/2476 2154/960/2477
f 2200/1342/2472 2148/953/2471 2154/960/2477 2199/1343/2478
f 2145/956/2469 2150/955/2473 2156/962/2479 2151/963/2475
f 2152/958/2474 2151/957/2475 2157/964/2481 2158/965/2480
f 2153/959/2476 2152/958/2474 2158/965/2480 2159/966/2482
f 2154/960/2477 2153/959/2476 2159/966/2482 2160/967/2483
f 2199/1343/2478 2154/960/2477 2160/967/2483 2198/1344/2484
f 2151/963/2475 2156/962/2479 2162/969/2485 2157/970/2481
f 2158/965/2480 2157/964/2481 2163/971/2487 2164/972/2486
f 2159/966/2482 2158/965/2480 2164/972/2486 2165/973/2488
f 2160/967/2483 2159/966/2482 2165/973/2488 2166/974/2489
f 2198/1344/2484 2160/967/2483 2166/974/2489 2197/1345/2490
f 2157/970/2481 2162/969/2485 2168/976/2491 2163/977/2487
f 2164/972/2486 2163/971/2487 2169/978/2493 2170/979/2492
f 2165/973/2488 2164/972/2486 2170/979/2492 2171/980/2494
f 2166/974/2489 2165/973/2488 2171/980/2494 2172/981/2495
f 2197/1345/2490 2166/974/2489 2172/981/2495 2196/1346/2496
f 2163/977/2487 2168/976/2491 2174/983/2497 2169/984/2493
f 2170/979/2492 2169/978/2493 2175/985/2499 2176/986/2498
f 2171/980/2494 2170/979/2492 2176/986/2498 2177/987/2500
f 2172/981/2495 2171/980/2494 2177/987/2500 2178/988/2501
f 2196/1346/2496 2172/981/2495 2178/988/2501 2195/1347/2502
f 2169/984/2493 2174/983/2497 2180/990/2503 2175/991/2499
f 2176/986/2498 2175/985/2499 2181/992/2505 2182/993/2504
f 2177/987/2500 2176/986/2498 2182/993/2504 2183/994/2506
f 2178/988/2501 2177/987/2500 2183/994/2506 2184/995/2507
f 2195/1347/2502 2178/988/2501 2184/995/2507 2194/1348/2508
f 2175/991/2499 2180/990/2503 2186/997/2509 2181/998/2505
f 2182/993/2504 2181/992/2505 2067/999/2393 2068/1000/2390
f 2183/994/2506 2182/993/2504 2068/1000/2390 2069/1001/2394
f 2184/995/2507 2183/994/2506 2069/1001/2394 2070/1002/2396
f 2194/1348/2508 2184/995/2507 2070/1002/2396 2193/1349/2398
f 2181/998/2505 2186/997/2509 2072/1004/2401 2067/1005/2393
f 2077/1006/2510 2083/1007/2510 2089/1008/2510 2095/1009/2510 2101/1010/2510 2107/1011/2510 2113/1012/2510 2119/1013/2510 2125/1014/2510 2131/1015/2510 2137/1016/2510 2143/1017/2510 2149/1018/2510 2155/1019/2510 2161/1020/2510 2167/1021/2510 2173/1022/2510 2179/1023/2510 2185/1024/2510 2071/512/2510
f 2101/1010/2511 2188/1334/2424 2187/1335/2430 2107/1011/2512
f 2095/1009/2513 2189/1333/2418 2188/1334/2424 2101/1010/2511
f 2089/1008/2514 2190/1332/2412 2189/1333/2418 2095/1009/2513
f 2083/1007/2515 2191/1331/2406 2190/1332/2412 2089/1008/2514
f 2077/1006/2516 2192/1330/2399 2191/1331/2406 2083/1007/2515
f 2071/512/2517 2193/1329/2398 2192/1330/2399 2077/1006/2516
f 2185/1024/2518 2194/1348/2508 2193/1349/2398 2071/1025/2517
f 2179/1023/2519 2195/1347/2502 2194/1348/2508 2185/1024/2518
f 2173/1022/2520 2196/1346/2496 2195/1347/2502 2179/1023/2519
f 2167/1021/2521 2197/1345/2490 2196/1346/2496 2173/1022/2520
f 2161/1020/2522 2198/1344/2484 2197/1345/2490 2167/1021/2521
f 2155/1019/2523 2199/1343/2478 2198/1344/2484 2161/1020/2522
f 2149/1018/2524 2200/1342/2472 2199/1343/2478 2155/1019/2523
f 2143/1017/2525 2201/1341/2466 2200/1342/2472 2149/1018/2524
f 2137/1016/2526 2202/1340/2460 2201/1341/2466 2143/1017/2525
f 2131/1015/2527 2203/1339/2454 2202/1340/2460 2137/1016/2526
f 2125/1014/2528 2204/1338/2448 2203/1339/2454 2131/1015/2527
f 2119/1013/2529 2205/1337/2442 2204/1338/2448 2125/1014/2528
f 2113/1012/2530 2206/1336/2436 2205/1337/2442 2119/1013/2529
f 2107/1011/2512 2187/1335/2430 2206/1336/2436 2113/1012/2530
f 2207/1026/2531 2208/1027/2533 2228/1028/2533 2227/1029/2532
f 2208/1027/2533 2209/1030/2535 2229/1031/2534 2228/1028/2533
f 2209/1030/2535 2210/1032/2537 2230/1033/2536 2229/1031/2534
f 2210/1032/2537 2211/1034/2539 2231/1035/2538 2230/1033/2536
f 2211/1034/2539 2212/1036/2541 2232/1037/2540 2231/1035/2538
f 2212/1036/2541 2213/1038/2543 2233/1039/2542 2232/1037/2540
f 2213/1038/2543 2214/1040/2545 2234/1041/2544 2233/1039/2542
f 2214/1040/2545 2215/1042/2547 2235/1043/2546 2234/1041/2544
f 2215/1042/2547 2216/1044/2549 2236/1045/2548 2235/1043/2546
f 2216/1044/2549 2217/1046/2551 2237/1047/2550 2236/1045/2548
f 2217/1046/2551 2218/1048/2553 2238/1049/2552 2237/1047/2550
f 2218/1048/2553 2219/1050/2555 2239/1051/2554 2238/1049/2552
f 2219/1050/2555 2220/1052/2557 2240/1053/2556 2239/1051/2554
f 2220/1052/2557 2221/1054/2559 2241/1055/2558 2240/1053/2556
f 2221/1054/2559 2222/1056/2561 2242/1057/2560 2241/1055/2558
f 2222/1056/2561 2223/1058/2563 2243/1059/2562 2242/1057/2560
f 2223/1058/2563 2224/1060/2565 2244/1061/2564 2243/1059/2562
f 2224/1060/2565 2225/1062/2567 2245/1063/2566 2244/1061/2564
f 2225/1062/2567 2226/1064/2569 2246/1065/2568 2245/1063/2566
f 2226/1064/2569 2207/1026/2531 2227/1029/2532 2246/1065/2568
f 2289/1066/2570 2290/1067/2573 2328/1068/2572 2309/1069/2571
f 2290/1067/2573 2291/1070/2575 2327/1071/2574 2328/1068/2572
f 2291/1070/2575 2292/1072/2577 2326/1073/2576 2327/1071/2574
f 2292/1072/2577 2293/1074/2579 2325/1075/2578 2326/1073/2576
f 2293/1074/2579 2294/1076/2581 2324/1077/2580 2325/1075/2578
f 2294/1076/2581 2295/1078/2583 2323/1079/2582 2324/1077/2580
f 2295/1078/2583 2296/1080/2585 2322/1081/2584 2323/1079/2582
f 2296/1080/2585 2297/1082/2587 2321/1083/2586 2322/1081/2584
f 2297/1082/2587 2298/1084/2589 2320/1085/2588 2321/1083/2586
f 2298/1084/2589 2299/1086/2591 2319/1087/2590 2320/1085/2588
f 2299/1086/2591 2300/1088/2593 2318/1089/2592 2319/1087/2590
f 2300/1088/2593 2301/1090/2595 2317/1091/2594 2318/1089/2592
f 2301/1090/2595 2302/1092/2597 2316/1093/2596 2317/1091/2594
f 2302/1092/2597 2303/1094/2599 2315/1095/2598 2316/1093/2596
f 2303/1094/2599 2304/1096/2601 2314/1097/2600 2315/1095/2598
f 2304/1096/2601 2305/1098/2603 2313/1099/2602 2314/1097/2600
f 2305/1098/2603 2306/1100/2605 2312/1101/2604 2313/1099/2602
f 2306/1100/2605 2307/1102/2607 2311/1103/2606 2312/1101/2604
f 2307/1102/2607 2308/1104/2609 2310/1105/2608 2311/1103/2606
f 2308/1104/2609 2289/1106/2570 2309/1107/2571 2310/1105/2608
f 2247/1108/2610 2248/1109/2613 2268/1110/2612 2267/1111/2611
f 2248/1109/2613 2249/1112/2615 2269/1113/2614 2268/1110/2612
f 2249/1112/2615 2250/1114/2617 2270/1115/2616 2269/1113/2614
f 2250/1114/2617 2251/1116/2619 2271/1117/2618 2270/1115/2616
f 2251/1116/2619 2252/1118/2620 2272/1119/2618 2271/1117/2618
f 2252/1118/2620 2253/1120/2622 2273/1121/2621 2272/1119/2618
f 2253/1120/2622 2254/1122/2624 2274/1123/2623 2273/1121/2621
f 2254/1122/2624 2255/1124/2626 2275/1125/2625 2274/1123/2623
f 2255/1124/2626 2256/1126/2628 2276/1127/2627 2275/1125/2625
f 2256/1126/2628 2257/1128/2630 2277/1129/2629 2276/1127/2627
f 2257/1128/2630 2258/1130/2632 2278/1131/2631 2277/1129/2629
f 2258/1130/2632 2259/1132/2634 2279/1133/2633 2278/1131/2631
f 2259/1132/2634 2260/1134/2636 2280/1135/2635 2279/1133/2633
f 2260/1134/2636 2261/1136/2638 2281/1137/2637 2280/1135/2635
f 2261/1136/2638 2262/1138/2640 2282/1139/2639 2281/1137/2637
f 2262/1138/2640 2263/1140/2642 2283/1141/2641 2282/1139/2639
f 2263/1140/2642 2264/1142/2644 2284/1143/2643 2283/1141/2641
f 2264/1142/2644 2265/1144/2646 2285/1145/2645 2284/1143/2643
f 2265/1144/2646 2266/1146/2648 2286/1147/2647 2285/1145/2645
f 2266/1146/2648 2247/1108/2610 2267/1111/2611 2286/1147/2647
f 2208/1027/2533 2207/1026/2531 2287/1148/2649
f 2209/1030/2535 2208/1027/2533 2287/1148/2649
f 2210/1032/2537 2209/1030/2535 2287/1148/2649
f 2211/1034/2539 2210/1032/2537 2287/1148/2649
f 2212/1036/2541 2211/1034/2539 2287/1148/2649
f 2213/1038/2543 2212/1036/2541 2287/1148/2649
f 2214/1040/2545 2213/1038/2543 2287/1148/2649
f 2215/1042/2547 2214/1040/2545 2287/1148/2649
f 2216/1044/2549 2215/1042/2547 2287/1148/2649
f 2217/1046/2551 2216/1044/2549 2287/1148/2649
f 2218/1048/2553 2217/1046/2551 2287/1148/2649
f 2219/1050/2555 2218/1048/2553 2287/1148/2649
f 2220/1052/2557 2219/1050/2555 2287/1148/2649
f 2221/1054/2559 2220/1052/2557 2287/1148/2649
f 2222/1056/2561 2221/1054/2559 2287/1148/2649
f 2223/1058/2563 2222/1056/2561 2287/1148/2649
f 2224/1060/2565 2223/1058/2563 2287/1148/2649
f 2225/1062/2567 2224/1060/2565 2287/1148/2649
f 2226/1064/2569 2225/1062/2567 2287/1148/2649
f 2207/1026/2531 2226/1064/2569 2287/1148/2649
f 2267/1111/2611 2268/1110/2612 2288/1149/2650
f 2268/1110/2612 2269/1113/2614 2288/1149/2650
f 2269/1113/2614 2270/1115/2616 2288/1149/2650
f 2270/1115/2616 2271/1117/2618 2288/1149/2650
f 2271/1117/2618 2272/1119/2618 2288/1149/2650
f 2272/1119/2618 2273/1121/2621 2288/1149/2650
f 2273/1121/2621 2274/1123/2623 2288/1149/2650
f 2274/1123/2623 2275/1125/2625 2288/1149/2650
f 2275/1125/2625 2276/1127/2627 2288/1149/2650
f 2276/1127/2627 2277/1129/2629 2288/1149/2650
f 2277/1129/2629 2278/1131/2631 2288/1149/2650
f 2278/1131/2631 2279/1133/2633 2288/1149/2650
f 2279/1133/2633 2280/1135/2635 2288/1149/2650
f 2280/1135/2635 2281/1137/2637 2288/1149/2650
f 2281/1137/2637 2282/1139/2639 2288/1149/2650
f 2282/1139/2639 2283/1141/2641 2288/1149/2650
f 2283/1141/2641 2284/1143/2643 2288/1149/2650
f 2284/1143/2643 2285/1145/2645 2288/1149/2650
f 2285/1145/2645 2286/1147/2647 2288/1149/2650
f 2286/1147/2647 2267/1111/2611 2288/1149/2650
f 2227/1150/2651 2228/1151/2652 2290/1067/2573 2289/1066/2570
f 2228/1151/2652 2229/1152/2653 2291/1070/2575 2290/1067/2573
f 2229/1152/2653 2230/1153/2654 2292/1072/2577 2291/1070/2575
f 2230/1153/2654 2231/1154/2655 2293/1074/2579 2292/1072/2577
f 2231/1154/2655 2232/1155/2656 2294/1076/2581 2293/1074/2579
f 2232/1155/2656 2233/1156/2657 2295/1078/2583 2294/1076/2581
f 2233/1156/2657 2234/1157/2658 2296/1080/2585 2295/1078/2583
f 2234/1157/2658 2235/1158/2659 2297/1082/2587 2296/1080/2585
f 2235/1158/2659 2236/1159/2660 2298/1084/2589 2297/1082/2587
f 2236/1159/2660 2237/1160/2661 2299/1086/2591 2298/1084/2589
f 2237/1160/2661 2238/1161/2662 2300/1088/2593 2299/1086/2591
f 2238/1161/2662 2239/1162/2663 2301/1090/2595 2300/1088/2593
f 2239/1162/2663 2240/1163/2664 2302/1092/2597 2301/1090/2595
f 2240/1163/2664 2241/1164/2665 2303/1094/2599 2302/1092/2597
f 2241/1164/2665 2242/1165/2666 2304/1096/2601 2303/1094/2599
f 2242/1165/2666 2243/1166/2667 2305/1098/2603 2304/1096/2601
f 2243/1166/2667 2244/1167/2668 2306/1100/2605 2305/1098/2603
f 2244/1167/2668 2245/1168/2669 2307/1102/2607 2306/1100/2605
f 2245/1168/2669 2246/1169/2670 2308/1104/2609 2307/1102/2607
f 2246/1169/2670 2227/1170/2651 2289/1106/2570 2308/1104/2609
f 2310/1105/2608 2309/1107/2571 2247/1171/2672 2266/1172/2671
f 2311/1103/2606 2310/1105/2608 2266/1172/2671 2265/1173/2673
f 2312/1101/2604 2311/1103/2606 2265/1173/2673 2264/1174/2674
f 2313/1099/2602 2312/1101/2604 2264/1174/2674 2263/1175/2675
f 2314/1097/2600 2313/1099/2602 2263/1175/2675 2262/1176/2676
f 2315/1095/2598 2314/1097/2600 2262/1176/2676 2261/1177/2677
f 2316/1093/2596 2315/1095/2598 2261/1177/2677 2260/1178/2678
f 2317/1091/2594 2316/1093/2596 2260/1178/2678 2259/1179/2679
f 2318/1089/2592 2317/1091/2594 2259/1179/2679 2258/1180/2680
f 2319/1087/2590 2318/1089/2592 2258/1180/2680 2257/1181/2681
f 2320/1085/2588 2319/1087/2590 2257/1181/2681 2256/1182/2682
f 2321/1083/2586 2320/1085/2588 2256/1182/2682 2255/1183/2683
f 2322/1081/2584 2321/1083/2586 2255/1183/2683 2254/1184/2684
f 2323/1079/2582 2322/1081/2584 2254/1184/2684 2253/1185/2685
f 2324/1077/2580 2323/1079/2582 2253/1185/2685 2252/1186/2686
f 2325/1075/2578 2324/1077/2580 2252/1186/2686 2251/1187/2687
f 2326/1073/2576 2325/1075/2578 2251/1187/2687 2250/1188/2688
f 2327/1071/2574 2326/1073/2576 2250/1188/2688 2249/1189/2689
f 2328/1068/2572 2327/1071/2574 2249/1189/2689 2248/1190/2690
f 2309/1069/2571 2328/1068/2572 2248/1190/2690 2247/1191/2672
f 2329/1026/2691 2330/1027/2694 2350/1028/2693 2349/1029/2692
f 2330/1027/2694 2331/1030/2696 2351/1031/2695 2350/1028/2693
f 2331/1030/2696 2332/1032/2283 2352/1033/2697 2351/1031/2695
f 2332/1032/2283 2333/1034/2698 2353/1035/2698 2352/1033/2697
f 2333/1034/2698 2334/1036/2700 2354/1037/2699 2353/1035/2698
f 2334/1036/2700 2335/1038/2701 2355/1039/2701 2354/1037/2699
f 2335/1038/2701 2336/1040/2703 2356/1041/2702 2355/1039/2701
f 2336/1040/2703 2337/1042/2693 2357/1043/2704 2356/1041/2702
f 2337/1042/2693 2338/1044/2706 2358/1045/2705 2357/1043/2704
f 2338/1044/2706 2339/1046/2708 2359/1047/2707 2358/1045/2705
f 2339/1046/2708 2340/1048/2710 2360/1049/2709 2359/1047/2707
f 2340/1048/2710 2341/1050/2712 2361/1051/2711 2360/1049/2709
f 2341/1050/2712 2342/1052/2713 2362/1053/2711 2361/1051/2711
f 2342/1052/2713 2343/1054/2715 2363/1055/2714 2362/1053/2711
f 2343/1054/2715 2344/1056/2717 2364/1057/2716 2363/1055/2714
f 2344/1056/2717 2345/1058/2718 2365/1059/2707 2364/1057/2716
f 2345/1058/2718 2346/1060/2720 2366/1061/2719 2365/1059/2707
f 2346/1060/2720 2347/1062/2223 2367/1063/2721 2366/1061/2719
f 2347/1062/2223 2685/1192/2722 2686/1193/2694 2367/1063/2721
f 2348/1064/2723 2329/1026/2691 2349/1029/2692 2368/1065/2724
f 2349/1150/2725 2350/1151/2728 2370/1190/2727 2369/1191/2726
f 2350/1151/2728 2351/1152/2730 2371/1189/2729 2370/1190/2727
f 2351/1152/2730 2352/1153/2732 2372/1188/2731 2371/1189/2729
f 2352/1153/2732 2353/1154/2734 2373/1187/2733 2372/1188/2731
f 2353/1154/2734 2354/1155/2736 2374/1186/2735 2373/1187/2733
f 2354/1155/2736 2355/1156/2738 2375/1185/2737 2374/1186/2735
f 2355/1156/2738 2356/1157/2740 2376/1184/2739 2375/1185/2737
f 2356/1157/2740 2357/1158/2742 2377/1183/2741 2376/1184/2739
f 2357/1158/2742 2358/1159/2744 2378/1182/2743 2377/1183/2741
f 2358/1159/2744 2359/1160/2746 2379/1181/2745 2378/1182/2743
f 2359/1160/2746 2360/1161/2748 2380/1180/2747 2379/1181/2745
f 2360/1161/2748 2361/1162/2750 2381/1179/2749 2380/1180/2747
f 2361/1162/2750 2362/1163/2752 2382/1178/2751 2381/1179/2749
f 2362/1163/2752 2363/1164/2754 2383/1177/2753 2382/1178/2751
f 2363/1164/2754 2364/1165/2756 2384/1176/2755 2383/1177/2753
f 2364/1165/2756 2365/1166/2758 2385/1175/2757 2384/1176/2755
f 2365/1166/2758 2366/1167/2760 2386/1174/2759 2385/1175/2757
f 2366/1167/2760 2367/1168/2762 2387/1173/2761 2386/1174/2759
f 2367/1168/2762 2686/1194/2764 2687/1195/2763 2387/1173/2761
f 2368/1169/2765 2349/1170/2725 2369/1171/2726 2388/1172/2766
f 2369/1108/2767 2370/1109/2767 2748/1196/2769 2749/1197/2768
f 2411/1109/2770 2412/1112/2770 2743/1198/2772 2744/1196/2771
f 2371/1112/2773 2372/1114/2773 2738/1199/2775 2739/1198/2774
f 2415/1114/2776 2416/1116/2779 2733/1200/2778 2734/1199/2777
f 2416/1116/2779 2419/1118/2781 2732/1201/2780 2733/1200/2778
f 2374/1118/2782 2375/1120/2782 2727/1202/2784 2728/1201/2783
f 2421/1120/2785 2422/1122/2785 2723/1203/2787 2724/1202/2786
f 2376/1122/2788 2377/1124/2788 2719/1204/2790 2720/1203/2789
f 2425/1124/2791 2426/1126/2794 2715/1205/2793 2716/1204/2792
f 2426/1126/2794 2429/1128/2796 2714/1206/2795 2715/1205/2793
f 2379/1128/2797 2380/1130/2797 2710/1207/2799 2711/1206/2798
f 2431/1130/2800 2432/1132/2800 2706/1208/2802 2707/1207/2801
f 2381/1132/2803 2382/1134/2803 2702/1209/2805 2703/1208/2804
f 2435/1134/2806 2436/1136/2809 2698/1210/2808 2699/1209/2807
f 2436/1136/2809 2439/1138/2811 2697/1211/2810 2698/1210/2808
f 2384/1138/2812 2385/1140/2812 2766/1212/2813 2767/1211/2813
f 2441/1140/2814 2442/1142/2814 2762/1213/2816 2763/1212/2815
f 2386/1142/2817 2387/1144/2817 2758/1214/2818 2759/1213/2818
f 2445/1144/2819 2690/1215/2822 2754/1216/2821 2755/1214/2820
f 2446/1146/2823 2449/1108/2826 2752/1197/2825 2753/1217/2824
f 2330/1027/2694 2329/1026/2691 2409/1148/2827
f 2331/1030/2696 2330/1027/2694 2409/1148/2827
f 2332/1032/2283 2331/1030/2696 2409/1148/2827
f 2333/1034/2698 2332/1032/2283 2409/1148/2827
f 2334/1036/2700 2333/1034/2698 2409/1148/2827
f 2335/1038/2701 2334/1036/2700 2409/1148/2827
f 2336/1040/2703 2335/1038/2701 2409/1148/2827
f 2337/1042/2693 2336/1040/2703 2409/1148/2827
f 2338/1044/2706 2337/1042/2693 2409/1148/2827
f 2339/1046/2708 2338/1044/2706 2409/1148/2827
f 2340/1048/2710 2339/1046/2708 2409/1148/2827
f 2341/1050/2712 2340/1048/2710 2409/1148/2827
f 2342/1052/2713 2341/1050/2712 2409/1148/2827
f 2343/1054/2715 2342/1052/2713 2409/1148/2827
f 2344/1056/2717 2343/1054/2715 2409/1148/2827
f 2345/1058/2718 2344/1056/2717 2409/1148/2827
f 2346/1060/2720 2345/1058/2718 2409/1148/2827
f 2347/1062/2223 2346/1060/2720 2409/1148/2827
f 2348/1064/2723 2685/1192/2722 2347/1062/2223 2409/1148/2827
f 2329/1026/2691 2348/1064/2723 2409/1148/2827
f 2389/1111/2828 2390/1110/2830 2410/1149/2829
f 2390/1110/2830 2391/1113/2831 2410/1149/2829
f 2391/1113/2831 2392/1115/2832 2410/1149/2829
f 2392/1115/2832 2393/1117/2833 2410/1149/2829
f 2393/1117/2833 2394/1119/2834 2410/1149/2829
f 2394/1119/2834 2395/1121/2835 2410/1149/2829
f 2395/1121/2835 2396/1123/2836 2410/1149/2829
f 2396/1123/2836 2397/1125/2837 2410/1149/2829
f 2397/1125/2837 2398/1127/2838 2410/1149/2829
f 2398/1127/2838 2399/1129/2839 2410/1149/2829
f 2399/1129/2839 2400/1131/2840 2410/1149/2829
f 2400/1131/2840 2401/1133/2841 2410/1149/2829
f 2401/1133/2841 2402/1135/2842 2410/1149/2829
f 2402/1135/2842 2403/1137/2843 2410/1149/2829
f 2403/1137/2843 2404/1139/2844 2410/1149/2829
f 2404/1139/2844 2405/1141/2845 2410/1149/2829
f 2405/1141/2845 2406/1143/2846 2410/1149/2829
f 2406/1143/2846 2407/1145/2847 2410/1149/2829
f 2407/1145/2847 2696/1218/2849 2408/1147/2848 2410/1149/2829
f 2408/1147/2848 2389/1111/2828 2410/1149/2829
f 2370/1109/2850 2371/1112/2850 2490/1112/2852 2491/1109/2851
f 2371/1112/2853 2739/1198/2856 2740/1219/2855 2490/1112/2854
f 2391/1113/2831 2390/1110/2830 2487/1220/2858 2488/1113/2857
f 2748/1196/2859 2370/1109/2862 2491/1109/2861 2747/1196/2860
f 2372/1114/2863 2373/1116/2866 2498/1116/2865 2499/1114/2864
f 2393/1117/2833 2392/1115/2832 2493/1221/2868 2494/1117/2867
f 2738/1199/2869 2372/1114/2872 2499/1114/2871 2737/1199/2870
f 2373/1116/2866 2374/1118/2874 2497/1118/2873 2498/1116/2865
f 2374/1118/2875 2728/1201/2878 2729/1201/2877 2497/1118/2876
f 2394/1119/2834 2393/1117/2833 2494/1117/2867 2495/1222/2879
f 2375/1120/2880 2376/1122/2880 2504/1223/2882 2505/1224/2881
f 2376/1122/2883 2720/1203/2886 2721/1225/2885 2504/1223/2884
f 2396/1123/2836 2395/1121/2835 2501/1226/2888 2502/1227/2887
f 2727/1202/2889 2375/1120/2892 2505/1224/2891 2726/1228/2890
f 2377/1124/2893 2378/1126/2896 2512/1126/2895 2513/1124/2894
f 2398/1127/2838 2397/1125/2837 2507/1125/2898 2508/1127/2897
f 2719/1204/2899 2377/1124/2902 2513/1124/2901 2718/1204/2900
f 2378/1126/2896 2379/1128/2904 2511/1128/2903 2512/1126/2895
f 2379/1128/2905 2711/1206/2908 2712/1206/2907 2511/1128/2906
f 2399/1129/2839 2398/1127/2838 2508/1127/2897 2509/1229/2909
f 2380/1130/2910 2381/1132/2913 2517/1132/2912 2518/1130/2911
f 2381/1132/2914 2703/1208/2917 2704/1208/2916 2517/1132/2915
f 2401/1133/2841 2400/1131/2840 2520/1131/2919 2515/1230/2918
f 2710/1207/2920 2380/1130/2923 2518/1130/2922 2709/1207/2921
f 2382/1134/2924 2383/1136/2927 2524/1136/2926 2525/1134/2925
f 2403/1137/2843 2402/1135/2842 2527/1135/2929 2528/1137/2928
f 2702/1209/2930 2382/1134/2933 2525/1134/2932 2701/1209/2931
f 2383/1136/2927 2384/1138/2935 2523/1138/2934 2524/1136/2926
f 2384/1138/2936 2767/1211/2939 2768/1231/2938 2523/1138/2937
f 2404/1139/2844 2403/1137/2843 2528/1137/2928 2521/1139/2940
f 2385/1140/2941 2386/1142/2941 2530/1142/2943 2531/1140/2942
f 2386/1142/2944 2759/1213/2947 2760/1232/2946 2530/1142/2945
f 2406/1143/2846 2405/1141/2845 2533/1141/2949 2534/1143/2948
f 2765/1212/2950 2766/1212/2953 2385/1140/2952 2531/1140/2951
f 2536/1144/2954 2688/1215/2957 2689/1233/2956 2628/1144/2955
f 2695/1234/2958 2542/1145/2961 2621/1145/2960 2694/1218/2959
f 2757/1214/2962 2536/1144/2965 2628/1144/2964 2756/1214/2963
f 2537/1146/2966 2538/1108/2969 2626/1108/2968 2627/1146/2967
f 2538/1108/2970 2750/1197/2973 2751/1197/2972 2626/1108/2971
f 2540/1111/2974 2541/1147/2977 2622/1147/2976 2623/1111/2975
f 2452/1235/2978 2451/1236/2979 2405/1141/2845 2404/1139/2844
f 2522/1235/2980 2452/1235/2983 2404/1139/2982 2521/1139/2981
f 2454/1237/2984 2453/1235/2987 2440/1139/2986 2437/1137/2985
f 2455/1238/2988 2454/1237/2984 2437/1137/2985 2438/1135/2989
f 2402/1135/2990 2456/1238/2993 2526/1238/2992 2527/1135/2991
f 2457/1239/2994 2456/1238/2995 2402/1135/2842 2401/1133/2841
f 2516/1240/2996 2457/1239/2999 2401/1133/2998 2515/1230/2997
f 2459/1241/3000 2458/1239/3002 2433/1133/3001 2434/1131/3001
f 2400/1131/3003 2460/1241/3006 2519/1241/3005 2520/1131/3004
f 2461/1242/3007 2460/1241/3008 2400/1131/2840 2399/1129/2839
f 2510/1243/3009 2461/1242/3012 2399/1129/3011 2509/1229/3010
f 2463/1244/3013 2462/1242/3016 2430/1129/3015 2427/1127/3014
f 2464/1245/3017 2463/1244/3013 2427/1127/3014 2428/1125/3018
f 2397/1125/3019 2465/1245/3022 2514/1245/3021 2507/1125/3020
f 2466/1246/3023 2465/1245/3024 2397/1125/2837 2396/1123/2836
f 2503/1247/3025 2466/1246/3028 2396/1123/3027 2502/1227/3026
f 2468/1248/3029 2467/1246/3032 2423/1123/3031 2424/1121/3030
f 2395/1121/3033 2469/1248/3036 2506/1248/3035 2501/1226/3034
f 2470/1249/3037 2469/1248/3038 2395/1121/2835 2394/1119/2834
f 2496/1250/3039 2470/1249/3042 2394/1119/3041 2495/1222/3040
f 2472/1251/3043 2471/1249/3046 2420/1119/3045 2417/1117/3044
f 2473/1252/3047 2472/1251/3043 2417/1117/3044 2418/1115/3048
f 2392/1115/3049 2474/1252/3052 2500/1252/3051 2493/1221/3050
f 2475/1253/3053 2474/1252/3054 2392/1115/2832 2391/1113/2831
f 2489/1254/3055 2475/1253/3058 2391/1113/3057 2488/1113/3056
f 2477/1255/3059 2476/1253/3061 2413/1113/3060 2414/1110/3060
f 2390/1110/3062 2478/1255/3065 2492/1255/3064 2487/1220/3063
f 2479/1256/3066 2478/1255/3067 2390/1110/2830 2389/1111/2828
f 2624/1257/3068 2539/1256/3071 2540/1111/3070 2623/1111/3069
f 2481/1258/3072 2480/1256/3075 2450/1111/3074 2447/1147/3073
f 2482/1259/3076 2692/1260/3079 2693/1218/3078 2448/1145/3077
f 2542/1145/3080 2535/1259/3083 2630/1259/3082 2621/1145/3081
f 2484/1261/3084 2483/1259/3084 2407/1145/2847 2406/1143/2846
f 2534/1143/3085 2529/1261/3088 2484/1261/3087 2406/1143/3086
f 2486/1236/3089 2485/1261/3091 2443/1143/3090 2444/1141/3090
f 2405/1141/3092 2451/1236/3095 2532/1236/3094 2533/1141/3093
f 2488/1113/2857 2487/1220/2858 2551/1262/3097 2552/1113/3096
f 2553/1254/3098 2489/1254/3055 2488/1113/3056 2552/1113/3099
f 2490/1112/2854 2740/1219/2855 2741/1219/3101 2554/1112/3100
f 2491/1109/2851 2490/1112/2852 2554/1112/3103 2555/1263/3102
f 2746/1264/3104 2747/1196/2860 2491/1109/2861 2555/1263/3105
f 2487/1220/3063 2492/1255/3064 2556/1255/3107 2551/1262/3106
f 2494/1117/2867 2493/1221/2868 2543/1221/3109 2544/1117/3108
f 2495/1222/2879 2494/1117/2867 2544/1117/3108 2545/1265/3110
f 2546/1266/3111 2496/1250/3039 2495/1222/3040 2545/1265/3112
f 2497/1118/2876 2729/1201/2877 2730/1267/3114 2547/1268/3113
f 2498/1116/2865 2497/1118/2873 2547/1268/3116 2548/1116/3115
f 2499/1114/2864 2498/1116/2865 2548/1116/3115 2549/1114/3117
f 2737/1199/2870 2499/1114/2871 2549/1114/3119 2736/1199/3118
f 2493/1221/3050 2500/1252/3051 2550/1269/3121 2543/1221/3120
f 2502/1227/2887 2501/1226/2888 2641/1121/3123 2642/1123/3122
f 2643/1246/3124 2503/1247/3025 2502/1227/3026 2642/1123/3125
f 2504/1223/2884 2721/1225/2885 2722/1203/3127 2645/1122/3126
f 2505/1224/2881 2504/1223/2882 2645/1122/3129 2646/1120/3128
f 2726/1228/2890 2505/1224/2891 2646/1120/3131 2725/1202/3130
f 2501/1226/3034 2506/1248/3035 2648/1248/3133 2641/1121/3132
f 2657/1127/3134 2658/1125/3137 2428/1125/3136 2427/1127/3135
f 2656/1129/3138 2657/1127/3134 2427/1127/3135 2430/1129/3139
f 2462/1242/3140 2655/1242/3143 2656/1129/3142 2430/1129/3141
f 2653/1128/3144 2713/1206/3147 2714/1206/3146 2429/1128/3145
f 2652/1126/3148 2653/1128/3151 2429/1128/3150 2426/1126/3149
f 2651/1124/3152 2652/1126/3148 2426/1126/3149 2425/1124/3153
f 2717/1204/3154 2651/1124/3157 2425/1124/3156 2716/1204/3155
f 2658/1125/3158 2649/1245/3161 2464/1245/3160 2428/1125/3159
f 2666/1133/3162 2659/1270/3163 2516/1240/2996 2515/1230/2997
f 2517/1132/2915 2704/1208/2916 2705/1208/3165 2661/1132/3164
f 2518/1130/2911 2517/1132/2912 2661/1132/3166 2662/1130/3166
f 2709/1207/2921 2518/1130/2922 2662/1130/3168 2708/1207/3167
f 2520/1131/3004 2519/1241/3005 2664/1241/3170 2665/1131/3169
f 2515/1230/2918 2520/1131/2919 2665/1131/3172 2666/1133/3171
f 2670/1235/3173 2522/1235/2980 2521/1139/2981 2669/1139/3174
f 2523/1138/2937 2768/1231/2938 2769/1231/3176 2672/1138/3175
f 2524/1136/2926 2523/1138/2934 2672/1138/3178 2673/1136/3177
f 2525/1134/2925 2524/1136/2926 2673/1136/3177 2674/1134/3179
f 2701/1209/2931 2525/1134/2932 2674/1134/3181 2700/1209/3180
f 2527/1135/2991 2526/1238/2992 2676/1238/3183 2667/1135/3182
f 2528/1137/2928 2527/1135/2929 2667/1135/3185 2668/1137/3184
f 2521/1139/2940 2528/1137/2928 2668/1137/3184 2669/1139/3186
f 2530/1142/2945 2760/1232/2946 2761/1232/3188 2681/1142/3187
f 2531/1140/2942 2530/1142/2943 2681/1142/3190 2682/1140/3189
f 2764/1212/3191 2765/1212/2950 2531/1140/2951 2682/1140/3192
f 2533/1141/3093 2532/1236/3094 2684/1236/3194 2677/1141/3193
f 2534/1143/2948 2533/1141/2949 2677/1141/3196 2678/1143/3195
f 2679/1261/3197 2529/1261/3088 2534/1143/3085 2678/1143/3198
f 2758/1214/3199 2387/1144/3200 2536/1144/2965 2757/1214/2962
f 2387/1144/3201 2687/1215/3202 2688/1215/2957 2536/1144/2954
f 2388/1146/3203 2369/1108/3204 2538/1108/2969 2537/1146/2966
f 2369/1108/3205 2749/1197/3206 2750/1197/2973 2538/1108/2970
f 2540/1111/3070 2539/1256/3071 2479/1256/3208 2389/1111/3207
f 2389/1111/2828 2408/1147/2848 2541/1147/2977 2540/1111/2974
f 2696/1218/2849 2407/1145/2847 2542/1145/2961 2695/1234/2958
f 2407/1145/3209 2483/1259/3210 2535/1259/3083 2542/1145/3080
f 2544/1117/3108 2543/1221/3109 2631/1115/3212 2632/1117/3211
f 2545/1265/3110 2544/1117/3108 2632/1117/3211 2633/1119/3213
f 2634/1249/3214 2546/1266/3111 2545/1265/3112 2633/1119/3215
f 2547/1268/3113 2730/1267/3114 2731/1201/3217 2636/1118/3216
f 2548/1116/3115 2547/1268/3116 2636/1118/3219 2637/1116/3218
f 2549/1114/3117 2548/1116/3115 2637/1116/3218 2638/1114/3220
f 2736/1199/3118 2549/1114/3119 2638/1114/3222 2735/1199/3221
f 2543/1221/3120 2550/1269/3121 2640/1252/3224 2631/1115/3223
f 2619/1113/3225 2620/1110/3227 2414/1110/3226 2413/1113/3226
f 2476/1253/3228 2618/1253/3231 2619/1113/3230 2413/1113/3229
f 2616/1112/3232 2742/1198/3235 2743/1198/3234 2412/1112/3233
f 2615/1109/3236 2616/1112/3238 2412/1112/3237 2411/1109/3237
f 2745/1271/3239 2615/1109/3242 2411/1109/3241 2744/1196/3240
f 2620/1110/3243 2613/1255/3246 2477/1255/3245 2414/1110/3244
f 2478/1255/3065 2558/1272/3248 2557/1272/3247 2492/1255/3064
f 2559/1273/3249 2558/1272/3250 2478/1255/3067 2479/1256/3066
f 2560/1273/3251 2559/1273/3252 2479/1256/3208 2539/1256/3071
f 2625/1273/3253 2560/1273/3251 2539/1256/3071 2624/1257/3068
f 2562/1274/3254 2561/1273/3255 2480/1256/3075 2481/1258/3072
f 2563/1275/3256 2691/1276/3257 2692/1260/3079 2482/1259/3076
f 2535/1259/3083 2564/1275/3259 2629/1275/3258 2630/1259/3082
f 2483/1259/3210 2565/1275/3260 2564/1275/3259 2535/1259/3083
f 2566/1277/3261 2565/1275/3261 2483/1259/3084 2484/1261/3084
f 2567/1277/3262 2566/1277/3263 2484/1261/3087 2529/1261/3088
f 2680/1277/3264 2567/1277/3262 2529/1261/3088 2679/1261/3197
f 2569/1278/3265 2568/1277/3266 2485/1261/3091 2486/1236/3089
f 2684/1236/3194 2532/1236/3094 2570/1278/3268 2683/1278/3267
f 2532/1236/3094 2451/1236/3095 2571/1278/3269 2570/1278/3268
f 2572/1279/3270 2571/1278/3270 2451/1236/2979 2452/1235/2978
f 2573/1279/3271 2572/1279/3272 2452/1235/2983 2522/1235/2980
f 2671/1279/3273 2573/1279/3271 2522/1235/2980 2670/1235/3173
f 2575/1280/3274 2574/1279/3275 2453/1235/2987 2454/1237/2984
f 2576/1281/3276 2575/1280/3274 2454/1237/2984 2455/1238/2988
f 2526/1238/2992 2577/1281/3278 2675/1281/3277 2676/1238/3183
f 2456/1238/2993 2578/1281/3279 2577/1281/3278 2526/1238/2992
f 2579/1282/3280 2578/1281/3281 2456/1238/2995 2457/1239/2994
f 2580/1283/3282 2579/1282/3283 2457/1239/2999 2516/1240/2996
f 2660/1282/3284 2580/1283/3282 2516/1240/2996 2659/1270/3163
f 2582/1284/3285 2581/1282/3285 2458/1239/3002 2459/1241/3000
f 2519/1241/3005 2583/1284/3287 2663/1284/3286 2664/1241/3170
f 2460/1241/3006 2584/1284/3288 2583/1284/3287 2519/1241/3005
f 2585/1285/3289 2584/1284/3289 2460/1241/3008 2461/1242/3007
f 2586/1286/3290 2585/1285/3291 2461/1242/3012 2510/1243/3009
f 2587/1285/3292 2654/1285/3293 2655/1242/3143 2462/1242/3140
f 2588/1287/3294 2587/1285/3295 2462/1242/3016 2463/1244/3013
f 2589/1288/3296 2588/1287/3294 2463/1244/3013 2464/1245/3017
f 2649/1245/3161 2650/1288/3298 2589/1288/3297 2464/1245/3160
f 2465/1245/3022 2591/1288/3300 2590/1288/3299 2514/1245/3021
f 2592/1289/3301 2591/1288/3302 2465/1245/3024 2466/1246/3023
f 2593/1290/3303 2592/1289/3304 2466/1246/3028 2503/1247/3025
f 2644/1289/3305 2593/1290/3303 2503/1247/3025 2643/1246/3124
f 2595/1291/3306 2594/1289/3306 2467/1246/3032 2468/1248/3029
f 2506/1248/3035 2596/1291/3308 2647/1291/3307 2648/1248/3133
f 2469/1248/3036 2597/1291/3309 2596/1291/3308 2506/1248/3035
f 2598/1292/3310 2597/1291/3311 2469/1248/3038 2470/1249/3037
f 2599/1293/3312 2598/1292/3313 2470/1249/3042 2496/1250/3039
f 2600/1294/3314 2599/1293/3312 2496/1250/3039 2546/1266/3111
f 2635/1292/3315 2600/1294/3314 2546/1266/3111 2634/1249/3214
f 2602/1295/3316 2601/1292/3317 2471/1249/3046 2472/1251/3043
f 2603/1296/3318 2602/1295/3316 2472/1251/3043 2473/1252/3047
f 2550/1269/3121 2604/1297/3320 2639/1296/3319 2640/1252/3224
f 2500/1252/3051 2605/1296/3321 2604/1297/3320 2550/1269/3121
f 2474/1252/3052 2606/1296/3322 2605/1296/3321 2500/1252/3051
f 2607/1298/3323 2606/1296/3324 2474/1252/3054 2475/1253/3053
f 2608/1299/3325 2607/1298/3326 2475/1253/3058 2489/1254/3055
f 2609/1299/3327 2608/1299/3325 2489/1254/3055 2553/1254/3098
f 2610/1298/3328 2617/1298/3329 2618/1253/3231 2476/1253/3228
f 2611/1272/3330 2610/1298/3330 2476/1253/3061 2477/1255/3059
f 2613/1255/3246 2614/1272/3332 2611/1272/3331 2477/1255/3245
f 2492/1255/3064 2557/1272/3247 2612/1272/3333 2556/1255/3107
f 2556/1255/3107 2612/1272/3333 2614/1272/3332 2613/1255/3246
f 2746/1264/3104 2555/1263/3105 2615/1109/3242 2745/1271/3239
f 2555/1263/3102 2554/1112/3103 2616/1112/3238 2615/1109/3236
f 2554/1112/3100 2741/1219/3101 2742/1198/3235 2616/1112/3232
f 2618/1253/3231 2617/1298/3329 2609/1299/3327 2553/1254/3098
f 2619/1113/3230 2618/1253/3231 2553/1254/3098 2552/1113/3099
f 2552/1113/3096 2551/1262/3097 2620/1110/3227 2619/1113/3225
f 2551/1262/3106 2556/1255/3107 2613/1255/3246 2620/1110/3243
f 2694/1218/2959 2621/1145/2960 2448/1145/3335 2693/1218/3334
f 2623/1111/2975 2622/1147/2976 2447/1147/3337 2450/1111/3336
f 2480/1256/3338 2624/1257/3068 2623/1111/3069 2450/1111/3339
f 2561/1273/3340 2625/1273/3253 2624/1257/3068 2480/1256/3338
f 2626/1108/2971 2751/1197/2972 2752/1197/3342 2449/1108/3341
f 2627/1146/2967 2626/1108/2968 2449/1108/3344 2446/1146/3343
f 2628/1144/2955 2689/1233/2956 2690/1215/3346 2445/1144/3345
f 2756/1214/2963 2628/1144/2964 2445/1144/3348 2755/1214/3347
f 2630/1259/3082 2629/1275/3258 2563/1275/3350 2482/1259/3349
f 2621/1145/3081 2630/1259/3082 2482/1259/3349 2448/1145/3351
f 2632/1117/3211 2631/1115/3212 2418/1115/3353 2417/1117/3352
f 2633/1119/3213 2632/1117/3211 2417/1117/3352 2420/1119/3354
f 2471/1249/3355 2634/1249/3214 2633/1119/3215 2420/1119/3356
f 2601/1292/3357 2635/1292/3315 2634/1249/3214 2471/1249/3355
f 2636/1118/3216 2731/1201/3217 2732/1201/3359 2419/1118/3358
f 2637/1116/3218 2636/1118/3219 2419/1118/3361 2416/1116/3360
f 2638/1114/3220 2637/1116/3218 2416/1116/3360 2415/1114/3362
f 2735/1199/3221 2638/1114/3222 2415/1114/3364 2734/1199/3363
f 2640/1252/3224 2639/1296/3319 2603/1296/3366 2473/1252/3365
f 2631/1115/3223 2640/1252/3224 2473/1252/3365 2418/1115/3367
f 2642/1123/3122 2641/1121/3123 2424/1121/3368 2423/1123/3368
f 2467/1246/3369 2643/1246/3124 2642/1123/3125 2423/1123/3370
f 2594/1289/3371 2644/1289/3305 2643/1246/3124 2467/1246/3369
f 2645/1122/3126 2722/1203/3127 2723/1203/3373 2422/1122/3372
f 2646/1120/3128 2645/1122/3129 2422/1122/3374 2421/1120/3374
f 2725/1202/3130 2646/1120/3131 2421/1120/3376 2724/1202/3375
f 2648/1248/3133 2647/1291/3307 2595/1291/3378 2468/1248/3377
f 2641/1121/3132 2648/1248/3133 2468/1248/3377 2424/1121/3379
f 2514/1245/3021 2590/1288/3299 2650/1288/3298 2649/1245/3161
f 2718/1204/2900 2513/1124/2901 2651/1124/3157 2717/1204/3154
f 2513/1124/2894 2512/1126/2895 2652/1126/3148 2651/1124/3152
f 2512/1126/2895 2511/1128/2903 2653/1128/3151 2652/1126/3148
f 2511/1128/2906 2712/1206/2907 2713/1206/3147 2653/1128/3144
f 2655/1242/3143 2654/1285/3293 2586/1286/3290 2510/1243/3009
f 2656/1129/3142 2655/1242/3143 2510/1243/3009 2509/1229/3010
f 2509/1229/2909 2508/1127/2897 2657/1127/3134 2656/1129/3138
f 2508/1127/2897 2507/1125/2898 2658/1125/3137 2657/1127/3134
f 2507/1125/3020 2514/1245/3021 2649/1245/3161 2658/1125/3158
f 2581/1282/3380 2660/1282/3284 2659/1270/3163 2458/1239/3381
f 2661/1132/3164 2705/1208/3165 2706/1208/3383 2432/1132/3382
f 2662/1130/3166 2661/1132/3166 2432/1132/3384 2431/1130/3384
f 2708/1207/3167 2662/1130/3168 2431/1130/3386 2707/1207/3385
f 2664/1241/3170 2663/1284/3286 2582/1284/3388 2459/1241/3387
f 2665/1131/3169 2664/1241/3170 2459/1241/3387 2434/1131/3389
f 2666/1133/3171 2665/1131/3172 2434/1131/3390 2433/1133/3390
f 2458/1239/3381 2659/1270/3163 2666/1133/3162 2433/1133/3391
f 2668/1137/3184 2667/1135/3185 2438/1135/3393 2437/1137/3392
f 2669/1139/3186 2668/1137/3184 2437/1137/3392 2440/1139/3394
f 2453/1235/3395 2670/1235/3173 2669/1139/3174 2440/1139/3396
f 2574/1279/3397 2671/1279/3273 2670/1235/3173 2453/1235/3395
f 2672/1138/3175 2769/1231/3176 2697/1211/3399 2439/1138/3398
f 2673/1136/3177 2672/1138/3178 2439/1138/3401 2436/1136/3400
f 2674/1134/3179 2673/1136/3177 2436/1136/3400 2435/1134/3402
f 2700/1209/3180 2674/1134/3181 2435/1134/3404 2699/1209/3403
f 2676/1238/3183 2675/1281/3277 2576/1281/3406 2455/1238/3405
f 2667/1135/3182 2676/1238/3183 2455/1238/3405 2438/1135/3407
f 2678/1143/3195 2677/1141/3196 2444/1141/3409 2443/1143/3408
f 2485/1261/3410 2679/1261/3197 2678/1143/3198 2443/1143/3411
f 2568/1277/3412 2680/1277/3264 2679/1261/3197 2485/1261/3410
f 2681/1142/3187 2761/1232/3188 2762/1213/3414 2442/1142/3413
f 2682/1140/3189 2681/1142/3190 2442/1142/3415 2441/1140/3415
f 2763/1212/3416 2764/1212/3191 2682/1140/3192 2441/1140/3417
f 2486/1236/3418 2684/1236/3194 2683/1278/3267 2569/1278/3419
f 2677/1141/3193 2684/1236/3194 2486/1236/3418 2444/1141/3420
f 2685/1192/2722 2348/1064/2723 2368/1065/2724 2686/1193/2694
f 2687/1195/2763 2686/1194/2764 2368/1169/2765 2388/1172/2766
f 2688/1215/2957 2687/1215/3202 2388/1146/3203 2537/1146/2966
f 2689/1233/2956 2688/1215/2957 2537/1146/2966 2627/1146/2967
f 2690/1215/3346 2689/1233/2956 2627/1146/2967 2446/1146/3343
f 2754/1216/2821 2690/1215/2822 2446/1146/2823 2753/1217/2824
f 2692/1260/3079 2691/1276/3257 2562/1274/3254 2481/1258/3072
f 2693/1218/3078 2692/1260/3079 2481/1258/3072 2447/1147/3073
f 2622/1147/2976 2694/1218/2959 2693/1218/3334 2447/1147/3337
f 2541/1147/2977 2695/1234/2958 2694/1218/2959 2622/1147/2976
f 2408/1147/2848 2696/1218/2849 2695/1234/2958 2541/1147/2977
f 2698/1210/2808 2697/1211/2810 2770/1300/3422 2771/1301/3421
f 2699/1209/2807 2698/1210/2808 2771/1301/3421 2772/1302/3423
f 2773/1302/3424 2700/1209/3180 2699/1209/3403 2772/1302/3425
f 2774/1302/3426 2701/1209/2931 2700/1209/3180 2773/1302/3424
f 2775/1302/3427 2702/1209/2930 2701/1209/2931 2774/1302/3426
f 2703/1208/2804 2702/1209/2805 2775/1302/3429 2776/1303/3428
f 2704/1208/2916 2703/1208/2917 2776/1303/3431 2777/1303/3430
f 2705/1208/3165 2704/1208/2916 2777/1303/3430 2778/1303/3432
f 2706/1208/3383 2705/1208/3165 2778/1303/3432 2779/1303/3433
f 2707/1207/2801 2706/1208/2802 2779/1303/3435 2780/1304/3434
f 2781/1304/3436 2708/1207/3167 2707/1207/3385 2780/1304/3437
f 2782/1304/3438 2709/1207/2921 2708/1207/3167 2781/1304/3436
f 2783/1304/3439 2710/1207/2920 2709/1207/2921 2782/1304/3438
f 2711/1206/2798 2710/1207/2799 2783/1304/3441 2784/1305/3440
f 2712/1206/2907 2711/1206/2908 2784/1305/3443 2785/1305/3442
f 2713/1206/3147 2712/1206/2907 2785/1305/3442 2786/1305/3444
f 2714/1206/3146 2713/1206/3147 2786/1305/3444 2787/1305/3445
f 2715/1205/2793 2714/1206/2795 2787/1305/3447 2788/1306/3446
f 2716/1204/2792 2715/1205/2793 2788/1306/3446 2789/1307/3448
f 2790/1307/3449 2717/1204/3154 2716/1204/3155 2789/1307/3450
f 2791/1307/3451 2718/1204/2900 2717/1204/3154 2790/1307/3449
f 2792/1307/3452 2719/1204/2899 2718/1204/2900 2791/1307/3451
f 2720/1203/2789 2719/1204/2790 2792/1307/3454 2793/1308/3453
f 2721/1225/2885 2720/1203/2886 2793/1308/3456 2794/1309/3455
f 2722/1203/3127 2721/1225/2885 2794/1309/3455 2795/1308/3457
f 2723/1203/3373 2722/1203/3127 2795/1308/3457 2796/1308/3458
f 2724/1202/2786 2723/1203/2787 2796/1308/3460 2797/1310/3459
f 2798/1310/3461 2725/1202/3130 2724/1202/3375 2797/1310/3462
f 2799/1311/3463 2726/1228/2890 2725/1202/3130 2798/1310/3461
f 2800/1310/3464 2727/1202/2889 2726/1228/2890 2799/1311/3463
f 2728/1201/2783 2727/1202/2784 2800/1310/3466 2801/1312/3465
f 2729/1201/2877 2728/1201/2878 2801/1312/3468 2802/1312/3467
f 2730/1267/3114 2729/1201/2877 2802/1312/3467 2803/1313/3469
f 2731/1201/3217 2730/1267/3114 2803/1313/3469 2804/1312/3470
f 2732/1201/3359 2731/1201/3217 2804/1312/3470 2805/1312/3471
f 2733/1200/2778 2732/1201/2780 2805/1312/3473 2806/1314/3472
f 2734/1199/2777 2733/1200/2778 2806/1314/3472 2807/1315/3474
f 2808/1315/3475 2735/1199/3221 2734/1199/3363 2807/1315/3476
f 2809/1315/3477 2736/1199/3118 2735/1199/3221 2808/1315/3475
f 2810/1315/3478 2737/1199/2870 2736/1199/3118 2809/1315/3477
f 2811/1315/3479 2738/1199/2869 2737/1199/2870 2810/1315/3478
f 2739/1198/2774 2738/1199/2775 2811/1315/3481 2812/1316/3480
f 2740/1219/2855 2739/1198/2856 2812/1316/3483 2813/1317/3482
f 2741/1219/3101 2740/1219/2855 2813/1317/3482 2814/1317/3484
f 2742/1198/3235 2741/1219/3101 2814/1317/3484 2815/1316/3485
f 2743/1198/3234 2742/1198/3235 2815/1316/3485 2816/1316/3486
f 2744/1196/2771 2743/1198/2772 2816/1316/3488 2817/1318/3487
f 2818/1319/3489 2745/1271/3239 2744/1196/3240 2817/1318/3490
f 2819/1320/3491 2746/1264/3104 2745/1271/3239 2818/1319/3489
f 2819/1320/3491 2820/1318/3492 2747/1196/2860 2746/1264/3104
f 2821/1318/3493 2748/1196/2859 2747/1196/2860 2820/1318/3492
f 2749/1197/2768 2748/1196/2769 2821/1318/3494 2822/1321/3494
f 2750/1197/2973 2749/1197/3206 2822/1321/3496 2823/1321/3495
f 2751/1197/2972 2750/1197/2973 2823/1321/3495 2824/1321/3497
f 2752/1197/3342 2751/1197/2972 2824/1321/3497 2825/1321/3498
f 2753/1217/2824 2752/1197/2825 2825/1321/3500 2826/1322/3499
f 2827/1323/3501 2754/1216/2821 2753/1217/2824 2826/1322/3499
f 2755/1214/2820 2754/1216/2821 2827/1323/3501 2828/1324/3502
f 2829/1324/3503 2756/1214/2963 2755/1214/3347 2828/1324/3504
f 2830/1324/3505 2757/1214/2962 2756/1214/2963 2829/1324/3503
f 2831/1324/3506 2758/1214/3199 2757/1214/2962 2830/1324/3505
f 2759/1213/2818 2758/1214/2818 2831/1324/3508 2832/1325/3507
f 2760/1232/2946 2759/1213/2947 2832/1325/3510 2833/1326/3509
f 2761/1232/3188 2760/1232/2946 2833/1326/3509 2834/1326/3511
f 2762/1213/3414 2761/1232/3188 2834/1326/3511 2835/1325/3512
f 2763/1212/2815 2762/1213/2816 2835/1325/3513 2836/1327/3513
f 2836/1327/3514 2837/1327/3515 2764/1212/3191 2763/1212/3416
f 2837/1327/3515 2838/1327/3516 2765/1212/2950 2764/1212/3191
f 2838/1327/3516 2839/1327/3517 2766/1212/2953 2765/1212/2950
f 2767/1211/2813 2766/1212/2813 2839/1327/3519 2840/1300/3518
f 2768/1231/2938 2767/1211/2939 2840/1300/3521 2841/1328/3520
f 2769/1231/3176 2768/1231/2938 2841/1328/3520 2842/1328/3522
f 2697/1211/3399 2769/1231/3176 2842/1328/3522 2770/1300/3523
f 2771/1301/3421 2770/1300/3422 2574/1279/3275 2575/1280/3274
f 2772/1302/3423 2771/1301/3421 2575/1280/3274 2576/1281/3276
f 2675/1281/3277 2773/1302/3424 2772/1302/3425 2576/1281/3406
f 2577/1281/3278 2774/1302/3426 2773/1302/3424 2675/1281/3277
f 2578/1281/3279 2775/1302/3427 2774/1302/3426 2577/1281/3278
f 2776/1303/3428 2775/1302/3429 2578/1281/3281 2579/1282/3280
f 2777/1303/3430 2776/1303/3431 2579/1282/3283 2580/1283/3282
f 2778/1303/3432 2777/1303/3430 2580/1283/3282 2660/1282/3284
f 2779/1303/3433 2778/1303/3432 2660/1282/3284 2581/1282/3380
f 2780/1304/3434 2779/1303/3435 2581/1282/3285 2582/1284/3285
f 2663/1284/3286 2781/1304/3436 2780/1304/3437 2582/1284/3388
f 2583/1284/3287 2782/1304/3438 2781/1304/3436 2663/1284/3286
f 2584/1284/3288 2783/1304/3439 2782/1304/3438 2583/1284/3287
f 2784/1305/3440 2783/1304/3441 2584/1284/3289 2585/1285/3289
f 2785/1305/3442 2784/1305/3443 2585/1285/3291 2586/1286/3290
f 2786/1305/3444 2785/1305/3442 2586/1286/3290 2654/1285/3293
f 2787/1305/3445 2786/1305/3444 2654/1285/3293 2587/1285/3292
f 2788/1306/3446 2787/1305/3447 2587/1285/3295 2588/1287/3294
f 2789/1307/3448 2788/1306/3446 2588/1287/3294 2589/1288/3296
f 2650/1288/3298 2790/1307/3449 2789/1307/3450 2589/1288/3297
f 2590/1288/3299 2791/1307/3451 2790/1307/3449 2650/1288/3298
f 2591/1288/3300 2792/1307/3452 2791/1307/3451 2590/1288/3299
f 2793/1308/3453 2792/1307/3454 2591/1288/3302 2592/1289/3301
f 2794/1309/3455 2793/1308/3456 2592/1289/3304 2593/1290/3303
f 2795/1308/3457 2794/1309/3455 2593/1290/3303 2644/1289/3305
f 2796/1308/3458 2795/1308/3457 2644/1289/3305 2594/1289/3371
f 2797/1310/3459 2796/1308/3460 2594/1289/3306 2595/1291/3306
f 2647/1291/3307 2798/1310/3461 2797/1310/3462 2595/1291/3378
f 2596/1291/3308 2799/1311/3463 2798/1310/3461 2647/1291/3307
f 2597/1291/3309 2800/1310/3464 2799/1311/3463 2596/1291/3308
f 2801/1312/3465 2800/1310/3466 2597/1291/3311 2598/1292/3310
f 2802/1312/3467 2801/1312/3468 2598/1292/3313 2599/1293/3312
f 2803/1313/3469 2802/1312/3467 2599/1293/3312 2600/1294/3314
f 2804/1312/3470 2803/1313/3469 2600/1294/3314 2635/1292/3315
f 2805/1312/3471 2804/1312/3470 2635/1292/3315 2601/1292/3357
f 2806/1314/3472 2805/1312/3473 2601/1292/3317 2602/1295/3316
f 2807/1315/3474 2806/1314/3472 2602/1295/3316 2603/1296/3318
f 2639/1296/3319 2808/1315/3475 2807/1315/3476 2603/1296/3366
f 2604/1297/3320 2809/1315/3477 2808/1315/3475 2639/1296/3319
f 2605/1296/3321 2810/1315/3478 2809/1315/3477 2604/1297/3320
f 2606/1296/3322 2811/1315/3479 2810/1315/3478 2605/1296/3321
f 2812/1316/3480 2811/1315/3481 2606/1296/3324 2607/1298/3323
f 2813/1317/3482 2812/1316/3483 2607/1298/3326 2608/1299/3325
f 2814/1317/3484 2813/1317/3482 2608/1299/3325 2609/1299/3327
f 2815/1316/3485 2814/1317/3484 2609/1299/3327 2617/1298/3329
f 2816/1316/3486 2815/1316/3485 2617/1298/3329 2610/1298/3328
f 2817/1318/3487 2816/1316/3488 2610/1298/3330 2611/1272/3330
f 2614/1272/3332 2818/1319/3489 2817/1318/3490 2611/1272/3331
f 2612/1272/3333 2819/1320/3491 2818/1319/3489 2614/1272/3332
f 2612/1272/3333 2557/1272/3247 2820/1318/3492 2819/1320/3491
f 2558/1272/3248 2821/1318/3493 2820/1318/3492 2557/1272/3247
f 2822/1321/3494 2821/1318/3494 2558/1272/3250 2559/1273/3249
f 2823/1321/3495 2822/1321/3496 2559/1273/3252 2560/1273/3251
f 2824/1321/3497 2823/1321/3495 2560/1273/3251 2625/1273/3253
f 2825/1321/3498 2824/1321/3497 2625/1273/3253 2561/1273/3340
f 2826/1322/3499 2825/1321/3500 2561/1273/3255 2562/1274/3254
f 2691/1276/3257 2827/1323/3501 2826/1322/3499 2562/1274/3254
f 2828/1324/3502 2827/1323/3501 2691/1276/3257 2563/1275/3256
f 2629/1275/3258 2829/1324/3503 2828/1324/3504 2563/1275/3350
f 2564/1275/3259 2830/1324/3505 2829/1324/3503 2629/1275/3258
f 2565/1275/3260 2831/1324/3506 2830/1324/3505 2564/1275/3259
f 2832/1325/3507 2831/1324/3508 2565/1275/3261 2566/1277/3261
f 2833/1326/3509 2832/1325/3510 2566/1277/3263 2567/1277/3262
f 2834/1326/3511 2833/1326/3509 2567/1277/3262 2680/1277/3264
f 2835/1325/3512 2834/1326/3511 2680/1277/3264 2568/1277/3412
f 2836/1327/3513 2835/1325/3513 2568/1277/3266 2569/1278/3265
f 2569/1278/3419 2683/1278/3267 2837/1327/3515 2836/1327/3514
f 2683/1278/3267 2570/1278/3268 2838/1327/3516 2837/1327/3515
f 2570/1278/3268 2571/1278/3269 2839/1327/3517 2838/1327/3516
f 2840/1300/3518 2839/1327/3519 2571/1278/3270 2572/1279/3270
f 2841/1328/3520 2840/1300/3521 2572/1279/3272 2573/1279/3271
f 2842/1328/3522 2841/1328/3520 2573/1279/3271 2671/1279/3273
f 2770/1300/3523 2842/1328/3522 2671/1279/3273 2574/1279/3397
f 2843/657/3524 2851/1352/3527 2852/1351/3526 2844/1350/3525
f 2844/1350/3525 2852/1351/3526 2853/1354/3529 2845/1353/3528
f 2845/1353/3528 2853/1354/3529 2854/1356/3531 2846/1355/3530
f 2846/1355/3530 2854/1356/3531 2855/1358/3533 2847/1357/3532
f 2847/1357/3532 2855/1358/3533 2856/1360/3535 2848/1359/3534
f 2848/1359/3534 2856/1360/3535 2857/1362/3537 2849/1361/3536
f 2849/1361/3536 2857/1362/3537 2858/1364/3539 2850/1363/3538
f 2850/1363/3538 2858/1364/3539 2851/1366/3527 2843/1365/3524
f 2851/1352/3527 2859/1368/3541 2860/1367/3540 2852/1351/3526
f 2852/1351/3526 2860/1367/3540 2861/1369/3542 2853/1354/3529
f 2853/1354/3529 2861/1369/3542 2862/1370/3543 2854/1356/3531
f 2854/1356/3531 2862/1370/3543 2863/1371/3544 2855/1358/3533
f 2855/1358/3533 2863/1371/3544 2864/1372/3545 2856/1360/3535
f 2856/1360/3535 2864/1372/3545 2865/1373/3546 2857/1362/3537
f 2857/1362/3537 2865/1373/3546 2866/1374/3547 2858/1364/3539
f 2858/1364/3539 2866/1374/3547 2859/1375/3541 2851/1366/3527
f 2859/1368/3541 2867/1377/3549 2868/1376/3548 2860/1367/3540
f 2860/1367/3540 2868/1376/3548 2869/1378/3550 2861/1369/3542
f 2861/1369/3542 2869/1378/3550 2870/1379/3551 2862/1370/3543
f 2862/1370/3543 2870/1379/3551 2871/1380/3552 2863/1371/3544
f 2863/1371/3544 2871/1380/3552 2872/1381/3553 2864/1372/3545
f 2864/1372/3545 2872/1381/3553 2873/1382/3554 2865/1373/3546
f 2865/1373/3546 2873/1382/3554 2874/1383/3555 2866/1374/3547
f 2866/1374/3547 2874/1383/3555 2867/1384/3549 2859/1375/3541
f 2867/1377/3549 2875/1386/3557 2876/1385/3556 2868/1376/3548
f 2868/1376/3548 2876/1385/3556 2877/1387/3558 2869/1378/3550
f 2869/1378/3550 2877/1387/3558 2878/1388/3559 2870/1379/3551
f 2870/1379/3551 2878/1388/3559 2879/1389/3560 2871/1380/3552
f 2871/1380/3552 2879/1389/3560 2880/1390/3561 2872/1381/3553
f 2872/1381/3553 2880/1390/3561 2881/1391/3562 2873/1382/3554
f 2873/1382/3554 2881/1391/3562 2882/1392/3563 2874/1383/3555
f 2874/1383/3555 2882/1392/3563 2875/1393/3557 2867/1384/3549
f 2875/1386/3557 2883/1395/3565 2884/1394/3564 2876/1385/3556
f 2876/1385/3556 2884/1394/3564 2885/1396/3566 2877/1387/3558
f 2877/1387/3558 2885/1396/3566 2886/1397/3567 2878/1388/3559
f 2878/1388/3559 2886/1397/3567 2887/1398/3568 2879/1389/3560
f 2879/1389/3560 2887/1398/3568 2888/1399/3569 2880/1390/3561
f 2880/1390/3561 2888/1399/3569 2889/1400/3570 2881/1391/3562
f 2881/1391/3562 2889/1400/3570 2890/1401/3571 2882/1392/3563
f 2882/1392/3563 2890/1401/3571 2883/1402/3565 2875/1393/3557
f 2883/1395/3565 2891/1404/3573 2892/1403/3572 2884/1394/3564
f 2884/1394/3564 2892/1403/3572 2893/1405/3574 2885/1396/3566
f 2885/1396/3566 2893/1405/3574 2894/1406/3575 2886/1397/3567
f 2886/1397/3567 2894/1406/3575 2895/1407/3576 2887/1398/3568
f 2887/1398/3568 2895/1407/3576 2896/1408/3577 2888/1399/3569
f 2888/1399/3569 2896/1408/3577 2897/1409/3578 2889/1400/3570
f 2889/1400/3570 2897/1409/3578 2898/1410/3579 2890/1401/3571
f 2890/1401/3571 2898/1410/3579 2891/1411/3573 2883/1402/3565
f 2891/1404/3573 2899/1413/3581 2900/1412/3580 2892/1403/3572
f 2892/1403/3572 2900/1412/3580 2901/1414/3582 2893/1405/3574
f 2893/1405/3574 2901/1414/3582 2902/1415/3583 2894/1406/3575
f 2894/1406/3575 2902/1415/3583 2903/1416/3584 2895/1407/3576
f 2895/1407/3576 2903/1416/3584 2904/1417/3585 2896/1408/3577
f 2896/1408/3577 2904/1417/3585 2905/1418/3586 2897/1409/3578
f 2897/1409/3578 2905/1418/3586 2906/1419/3587 2898/1410/3579
f 2898/1410/3579 2906/1419/3587 2899/1420/3581 2891/1411/3573
f 2899/1413/3581 2907/1422/3589 2908/1421/3588 2900/1412/3580
f 2900/1412/3580 2908/1421/3588 2909/1423/3590 2901/1414/3582
f 2901/1414/3582 2909/1423/3590 2910/1424/3591 2902/1415/3583
f 2902/1415/3583 2910/1424/3591 2911/1425/3592 2903/1416/3584
f 2903/1416/3584 2911/1425/3592 2912/1426/3593 2904/1417/3585
f 2904/1417/3585 2912/1426/3593 2913/1427/3594 2905/1418/3586
f 2905/1418/3586 2913/1427/3594 2914/1428/3595 2906/1419/3587
f 2906/1419/3587 2914/1428/3595 2907/1429/3589 2899/1420/3581
f 2907/1422/3589 2915/1431/3597 2916/1430/3596 2908/1421/3588
f 2908/1421/3588 2916/1430/3596 2917/1432/3598 2909/1423/3590
f 2909/1423/3590 2917/1432/3598 2918/1433/3599 2910/1424/3591
f 2910/1424/3591 2918/1433/3599 2919/1434/3600 2911/1425/3592
f 2911/1425/3592 2919/1434/3600 2920/1435/3601 2912/1426/3593
f 2912/1426/3593 2920/1435/3601 2921/1436/3602 2913/1427/3594
f 2913/1427/3594 2921/1436/3602 2922/1437/3603 2914/1428/3595
f 2914/1428/3595 2922/1437/3603 2915/1438/3597 2907/1429/3589
f 2915/1431/3597 2923/1440/3605 2924/1439/3604 2916/1430/3596
f 2916/1430/3596 2924/1439/3604 2925/1441/3606 2917/1432/3598
f 2917/1432/3598 2925/1441/3606 2926/1442/3607 2918/1433/3599
f 2918/1433/3599 2926/1442/3607 2927/1443/3608 2919/1434/3600
f 2919/1434/3600 2927/1443/3608 2928/1444/3609 2920/1435/3601
f 2920/1435/3601 2928/1444/3609 2929/1445/3610 2921/1436/3602
f 2921/1436/3602 2929/1445/3610 2930/1446/3611 2922/1437/3603
f 2922/1437/3603 2930/1446/3611 2923/1447/3605 2915/1438/3597
f 2923/1440/3605 2931/1449/3613 2932/1448/3612 2924/1439/3604
f 2924/1439/3604 2932/1448/3612 2933/1450/3614 2925/1441/3606
f 2925/1441/3606 2933/1450/3614 2934/1451/3615 2926/1442/3607
f 2926/1442/3607 2934/1451/3615 2935/1452/3616 2927/1443/3608
f 2927/1443/3608 2935/1452/3616 2936/1453/3617 2928/1444/3609
f 2928/1444/3609 2936/1453/3617 2937/1454/3618 2929/1445/3610
f 2929/1445/3610 2937/1454/3618 2938/1455/3619 2930/1446/3611
f 2930/1446/3611 2938/1455/3619 2931/1456/3613 2923/1447/3605
f 2931/1449/3613 2939/1458/3621 2940/1457/3620 2932/1448/3612
f 2932/1448/3612 2940/1457/3620 2941/1459/3622 2933/1450/3614
f 2933/1450/3614 2941/1459/3622 2942/1460/3623 2934/1451/3615
f 2934/1451/3615 2942/1460/3623 2943/1461/3624 2935/1452/3616
f 2935/1452/3616 2943/1461/3624 2944/1462/3625 2936/1453/3617
f 2936/1453/3617 2944/1462/3625 2945/1463/3626 2937/1454/3618
f 2937/1454/3618 2945/1463/3626 2946/1464/3627 2938/1455/3619
f 2938/1455/3619 2946/1464/3627 2939/1465/3621 2931/1456/3613
f 2939/1458/3621 2947/1467/3629 2948/1466/3628 2940/1457/3620
f 2940/1457/3620 2948/1466/3628 2949/1468/3630 2941/1459/3622
f 2941/1459/3622 2949/1468/3630 2950/1469/3631 2942/1460/3623
f 2942/1460/3623 2950/1469/3631 2951/1470/3632 2943/1461/3624
f 2943/1461/3624 2951/1470/3632 2952/1471/3633 2944/1462/3625
f 2944/1462/3625 2952/1471/3633 2953/1472/3634 2945/1463/3626
f 2945/1463/3626 2953/1472/3634 2954/1473/3635 2946/1464/3627
f 2946/1464/3627 2954/1473/3635 2947/1474/3629 2939/1465/3621
f 2947/1467/3629 2955/1476/3637 2956/1475/3636 2948/1466/3628
f 2948/1466/3628 2956/1475/3636 2957/1477/3638 2949/1468/3630
f 2949/1468/3630 2957/1477/3638 2958/1478/3639 2950/1469/3631
f 2950/1469/3631 2958/1478/3639 2959/1479/3640 2951/1470/3632
f 2951/1470/3632 2959/1479/3640 2960/1480/3641 2952/1471/3633
f 2952/1471/3633 2960/1480/3641 2961/1481/3642 2953/1472/3634
f 2953/1472/3634 2961/1481/3642 2962/1482/3643 2954/1473/3635
f 2954/1473/3635 2962/1482/3643 2955/1483/3637 2947/1474/3629
f 2955/1476/3637 2963/1485/3645 2964/1484/3644 2956/1475/3636
f 2956/1475/3636 2964/1484/3644 2965/1486/3646 2957/1477/3638
f 2957/1477/3638 2965/1486/3646 2966/1487/3647 2958/1478/3639
f 2958/1478/3639 2966/1487/3647 2967/1488/3648 2959/1479/3640
f 2959/1479/3640 2967/1488/3648 2968/1489/3649 2960/1480/3641
f 2960/1480/3641 2968/1489/3649 2969/1490/3650 2961/1481/3642
f 2961/1481/3642 2969/1490/3650 2970/1491/3651 2962/1482/3643
f 2962/1482/3643 2970/1491/3651 2963/1492/3645 2955/1483/3637
f 2963/1485/3645 2971/1494/3653 2972/1493/3652 2964/1484/3644
f 2964/1484/3644 2972/1493/3652 2973/1495/3654 2965/1486/3646
f 2965/1486/3646 2973/1495/3654 2974/1496/3655 2966/1487/3647
f 2966/1487/3647 2974/1496/3655 2975/1497/3656 2967/1488/3648
f 2967/1488/3648 2975/1497/3656 2976/1498/3657 2968/1489/3649
f 2968/1489/3649 2976/1498/3657 2977/1499/3658 2969/1490/3650
f 2969/1490/3650 2977/1499/3658 2978/1500/3659 2970/1491/3651
f 2970/1491/3651 2978/1500/3659 2971/1501/3653 2963/1492/3645
f 2971/1494/3653 2979/1503/3661 2980/1502/3660 2972/1493/3652
f 2972/1493/3652 2980/1502/3660 2981/1504/3662 2973/1495/3654
f 2973/1495/3654 2981/1504/3662 2982/1505/3663 2974/1496/3655
f 2974/1496/3655 2982/1505/3663 2983/1506/3664 2975/1497/3656
f 2975/1497/3656 2983/1506/3664 2984/1507/3665 2976/1498/3657
f 2976/1498/3657 2984/1507/3665 2985/1508/3666 2977/1499/3658
f 2977/1499/3658 2985/1508/3666 2986/1509/3667 2978/1500/3659
f 2978/1500/3659 2986/1509/3667 2979/1510/3661 2971/1501/3653
f 2979/1503/3661 2987/1512/3669 2988/1511/3668 2980/1502/3660
f 2980/1502/3660 2988/1511/3668 2989/1513/3670 2981/1504/3662
f 2981/1504/3662 2989/1513/3670 2990/1514/3671 2982/1505/3663
f 2982/1505/3663 2990/1514/3671 2991/1515/3672 2983/1506/3664
f 2983/1506/3664 2991/1515/3672 2992/1516/3673 2984/1507/3665
f 2984/1507/3665 2992/1516/3673 2993/1517/3674 2985/1508/3666
f 2985/1508/3666 2993/1517/3674 2994/1518/3675 2986/1509/3667
f 2986/1509/3667 2994/1518/3675 2987/1519/3669 2979/1510/3661
f 2987/1512/3669 2995/1521/3677 2996/1520/3676 2988/1511/3668
f 2988/1511/3668 2996/1520/3676 2997/1522/3678 2989/1513/3670
f 2989/1513/3670 2997/1522/3678 2998/1523/3679 2990/1514/3671
f 2990/1514/3671 2998/1523/3679 2999/1524/3680 2991/1515/3672
f 2991/1515/3672 2999/1524/3680 3000/1525/3681 2992/1516/3673
f 2992/1516/3673 3000/1525/3681 3001/1526/3682 2993/1517/3674
f 2993/1517/3674 3001/1526/3682 3002/1527/3683 2994/1518/3675
f 2994/1518/3675 3002/1527/3683 2995/1528/3677 2987/1519/3669
f 2995/1521/3677 3003/1530/3685 3004/1529/3684 2996/1520/3676
f 2996/1520/3676 3004/1529/3684 3005/1531/3686 2997/1522/3678
f 2997/1522/3678 3005/1531/3686 3006/1532/3687 2998/1523/3679
f 2998/1523/3679 3006/1532/3687 3007/1533/3688 2999/1524/3680
f 2999/1524/3680 3007/1533/3688 3008/1534/3689 3000/1525/3681
f 3000/1525/3681 3008/1534/3689 3009/1535/3690 3001/1526/3682
f 3001/1526/3682 3009/1535/3690 3010/1536/3691 3002/1527/3683
f 3002/1527/3683 3010/1536/3691 3003/1537/3685 2995/1528/3677
f 3003/1530/3685 3011/1539/3693 3012/1538/3692 3004/1529/3684
f 3004/1529/3684 3012/1538/3692 3013/1540/3694 3005/1531/3686
f 3005/1531/3686 3013/1540/3694 3014/1541/3695 3006/1532/3687
f 3006/1532/3687 3014/1541/3695 3015/1542/3696 3007/1533/3688
f 3007/1533/3688 3015/1542/3696 3016/1543/3697 3008/1534/3689
f 3008/1534/3689 3016/1543/3697 3017/1544/3698 3009/1535/3690
f 3009/1535/3690 3017/1544/3698 3018/1545/3699 3010/1536/3691
f 3010/1536/3691 3018/1545/3699 3011/1546/3693 3003/1537/3685
f 3011/1539/3693 3019/1548/3701 3020/1547/3700 3012/1538/3692
f 3012/1538/3692 3020/1547/3700 3021/1549/3702 3013/1540/3694
f 3013/1540/3694 3021/1549/3702 3022/1550/3703 3014/1541/3695
f 3014/1541/3695 3022/1550/3703 3023/1551/3704 3015/1542/3696
f 3015/1542/3696 3023/1551/3704 3024/1552/3705 3016/1543/3697
f 3016/1543/3697 3024/1552/3705 3025/1553/3706 3017/1544/3698
f 3017/1544/3698 3025/1553/3706 3026/1554/3707 3018/1545/3699
f 3018/1545/3699 3026/1554/3707 3019/1555/3701 3011/1546/3693
f 3019/1548/3701 3027/1557/3709 3028/1556/3708 3020/1547/3700
f 3020/1547/3700 3028/1556/3708 3029/1558/3710 3021/1549/3702
f 3021/1549/3702 3029/1558/3710 3030/1559/3711 3022/1550/3703
f 3022/1550/3703 3030/1559/3711 3031/1560/3712 3023/1551/3704
f 3023/1551/3704 3031/1560/3712 3032/1561/3713 3024/1552/3705
f 3024/1552/3705 3032/1561/3713 3033/1562/3714 3025/1553/3706
f 3025/1553/3706 3033/1562/3714 3034/1563/3715 3026/1554/3707
f 3026/1554/3707 3034/1563/3715 3027/1564/3709 3019/1555/3701
f 3027/1557/3709 3035/1566/3717 3036/1565/3716 3028/1556/3708
f 3028/1556/3708 3036/1565/3716 3037/1567/3718 3029/1558/3710
f 3029/1558/3710 3037/1567/3718 3038/1568/3719 3030/1559/3711
f 3030/1559/3711 3038/1568/3719 3039/1569/3720 3031/1560/3712
f 3031/1560/3712 3039/1569/3720 3040/1570/3721 3032/1561/3713
f 3032/1561/3713 3040/1570/3721 3041/1571/3722 3033/1562/3714
f 3033/1562/3714 3041/1571/3722 3042/1572/3723 3034/1563/3715
f 3034/1563/3715 3042/1572/3723 3035/1573/3717 3027/1564/3709
f 3035/1566/3717 3043/507/3725 3044/1574/3724 3036/1565/3716
f 3036/1565/3716 3044/1574/3724 3045/1575/3726 3037/1567/3718
f 3037/1567/3718 3045/1575/3726 3046/1576/3727 3038/1568/3719
f 3038/1568/3719 3046/1576/3727 3047/1577/3728 3039/1569/3720
f 3039/1569/3720 3047/1577/3728 3048/1578/3729 3040/1570/3721
f 3040/1570/3721 3048/1578/3729 3049/1579/3730 3041/1571/3722
f 3041/1571/3722 3049/1579/3730 3050/1580/3731 3042/1572/3723
f 3042/1572/3723 3050/1580/3731 3043/1581/3725 3035/1573/3717
f 3051/1026/3732 3330/1583/3735 3329/1582/3734 3052/1027/3733
f 3052/1027/3733 3329/1582/3734 3328/1584/3737 3053/1030/3736
f 3053/1030/3736 3328/1584/3737 3327/1585/3739 3054/1032/3738
f 3054/1032/3738 3327/1585/3739 3326/1586/3741 3055/1034/3740
f 3055/1034/3740 3326/1586/3741 3325/1587/3743 3056/1036/3742
f 3056/1036/3742 3325/1587/3743 3324/1588/3745 3057/1038/3744
f 3057/1038/3744 3324/1588/3745 3323/1589/3747 3058/1040/3746
f 3058/1040/3746 3323/1589/3747 3322/1590/3749 3059/1042/3748
f 3059/1042/3748 3322/1590/3749 3321/1591/3751 3060/1044/3750
f 3060/1044/3750 3321/1591/3751 3320/1592/3753 3061/1046/3752
f 3061/1046/3752 3320/1592/3753 3319/1593/3755 3062/1048/3754
f 3062/1048/3754 3319/1593/3755 3318/1594/3757 3063/1050/3756
f 3063/1050/3756 3318/1594/3757 3317/1595/3759 3064/1052/3758
f 3064/1052/3758 3317/1595/3759 3316/1596/3761 3065/1054/3760
f 3065/1054/3760 3316/1596/3761 3315/1597/3763 3066/1056/3762
f 3066/1056/3762 3315/1597/3763 3314/1598/3765 3067/1058/3764
f 3067/1058/3764 3314/1598/3765 3313/1599/3767 3068/1060/3766
f 3068/1060/3766 3313/1599/3767 3332/1600/3769 3069/1062/3768
f 3069/1062/3768 3332/1600/3769 3331/1601/3771 3070/1064/3770
f 3070/1064/3770 3331/1601/3771 3330/1583/3735 3051/1026/3732
f 3071/1150/3772 3151/1603/3775 3150/1602/3774 3072/1151/3773
f 3072/1151/3773 3150/1602/3774 3149/1604/3777 3073/1152/3776
f 3073/1152/3776 3149/1604/3777 3148/1605/3779 3074/1153/3778
f 3074/1153/3778 3148/1605/3779 3147/1606/3781 3075/1154/3780
f 3075/1154/3780 3147/1606/3781 3146/1607/3783 3076/1155/3782
f 3076/1155/3782 3146/1607/3783 3145/1608/3785 3077/1156/3784
f 3077/1156/3784 3145/1608/3785 3144/1609/3787 3078/1157/3786
f 3078/1157/3786 3144/1609/3787 3143/1610/3789 3079/1158/3788
f 3079/1158/3788 3143/1610/3789 3142/1611/3791 3080/1159/3790
f 3080/1159/3790 3142/1611/3791 3141/1612/3793 3081/1160/3792
f 3081/1160/3792 3141/1612/3793 3140/1613/3795 3082/1161/3794
f 3082/1161/3794 3140/1613/3795 3139/1614/3797 3083/1162/3796
f 3083/1162/3796 3139/1614/3797 3138/1615/3799 3084/1163/3798
f 3084/1163/3798 3138/1615/3799 3137/1616/3801 3085/1164/3800
f 3085/1164/3800 3137/1616/3801 3136/1617/3803 3086/1165/3802
f 3086/1165/3802 3136/1617/3803 3135/1618/3805 3087/1166/3804
f 3087/1166/3804 3135/1618/3805 3134/1619/3807 3088/1167/3806
f 3088/1167/3806 3134/1619/3807 3133/1620/3809 3089/1168/3808
f 3089/1168/3808 3133/1620/3809 3152/1621/3811 3090/1169/3810
f 3090/1169/3810 3152/1621/3811 3151/1622/3775 3071/1170/3772
f 3091/1108/3812 3609/1624/3815 3608/1623/3814 3092/1109/3813
f 3092/1109/3813 3608/1623/3814 3607/1625/3817 3093/1112/3816
f 3093/1112/3816 3607/1625/3817 3606/1626/3819 3094/1114/3818
f 3094/1114/3818 3606/1626/3819 3605/1627/3821 3095/1116/3820
f 3095/1116/3820 3605/1627/3821 3604/1628/3823 3096/1118/3822
f 3096/1118/3822 3604/1628/3823 3603/1629/3825 3097/1120/3824
f 3097/1120/3824 3603/1629/3825 3602/1630/3827 3098/1122/3826
f 3098/1122/3826 3602/1630/3827 3601/1631/3829 3099/1124/3828
f 3099/1124/3828 3601/1631/3829 3600/1632/3831 3100/1126/3830
f 3100/1126/3830 3600/1632/3831 3599/1633/3833 3101/1128/3832
f 3101/1128/3832 3599/1633/3833 3598/1634/3835 3102/1130/3834
f 3102/1130/3834 3598/1634/3835 3597/1635/3837 3103/1132/3836
f 3103/1132/3836 3597/1635/3837 3596/1636/3839 3104/1134/3838
f 3104/1134/3838 3596/1636/3839 3595/1637/3841 3105/1136/3840
f 3105/1136/3840 3595/1637/3841 3594/1638/3843 3106/1138/3842
f 3106/1138/3842 3594/1638/3843 3593/1639/3845 3107/1140/3844
f 3107/1140/3844 3593/1639/3845 3612/1640/3847 3108/1142/3846
f 3108/1142/3846 3612/1640/3847 3611/1641/3849 3109/1144/3848
f 3109/1144/3848 3611/1641/3849 3610/1642/3851 3110/1146/3850
f 3110/1146/3850 3610/1642/3851 3609/1624/3815 3091/1108/3812
f 3052/1027/3733 3131/1148/3852 3051/1026/3732
f 3053/1030/3736 3131/1148/3852 3052/1027/3733
f 3054/1032/3738 3131/1148/3852 3053/1030/3736
f 3055/1034/3740 3131/1148/3852 3054/1032/3738
f 3056/1036/3742 3131/1148/3852 3055/1034/3740
f 3057/1038/3744 3131/1148/3852 3056/1036/3742
f 3058/1040/3746 3131/1148/3852 3057/1038/3744
f 3059/1042/3748 3131/1148/3852 3058/1040/3746
f 3060/1044/3750 3131/1148/3852 3059/1042/3748
f 3061/1046/3752 3131/1148/3852 3060/1044/3750
f 3062/1048/3754 3131/1148/3852 3061/1046/3752
f 3063/1050/3756 3131/1148/3852 3062/1048/3754
f 3064/1052/3758 3131/1148/3852 3063/1050/3756
f 3065/1054/3760 3131/1148/3852 3064/1052/3758
f 3066/1056/3762 3131/1148/3852 3065/1054/3760
f 3067/1058/3764 3131/1148/3852 3066/1056/3762
f 3068/1060/3766 3131/1148/3852 3067/1058/3764
f 3069/1062/3768 3131/1148/3852 3068/1060/3766
f 3070/1064/3770 3131/1148/3852 3069/1062/3768
f 3051/1026/3732 3131/1148/3852 3070/1064/3770
f 3111/1111/3853 3132/1149/3855 3112/1110/3854
f 3112/1110/3854 3132/1149/3855 3113/1113/3856
f 3113/1113/3856 3132/1149/3855 3114/1115/3857
f 3114/1115/3857 3132/1149/3855 3115/1117/3858
f 3115/1117/3858 3132/1149/3855 3116/1119/3859
f 3116/1119/3859 3132/1149/3855 3117/1121/3860
f 3117/1121/3860 3132/1149/3855 3118/1123/3861
f 3118/1123/3861 3132/1149/3855 3119/1125/3862
f 3119/1125/3862 3132/1149/3855 3120/1127/3863
f 3120/1127/3863 3132/1149/3855 3121/1129/3864
f 3121/1129/3864 3132/1149/3855 3122/1131/3865
f 3122/1131/3865 3132/1149/3855 3123/1133/3866
f 3123/1133/3866 3132/1149/3855 3124/1135/3867
f 3124/1135/3867 3132/1149/3855 3125/1137/3868
f 3125/1137/3868 3132/1149/3855 3126/1139/3869
f 3126/1139/3869 3132/1149/3855 3127/1141/3870
f 3127/1141/3870 3132/1149/3855 3128/1143/3871
f 3128/1143/3871 3132/1149/3855 3129/1145/3872
f 3129/1145/3872 3132/1149/3855 3130/1147/3873
f 3130/1147/3873 3132/1149/3855 3111/1111/3853
f 3134/1619/3807 3352/1644/3875 3351/1643/3874 3133/1620/3809
f 3135/1618/3805 3333/1645/3876 3352/1644/3875 3134/1619/3807
f 3136/1617/3803 3334/1646/3877 3333/1645/3876 3135/1618/3805
f 3137/1616/3801 3335/1647/3878 3334/1646/3877 3136/1617/3803
f 3138/1615/3799 3336/1648/3879 3335/1647/3878 3137/1616/3801
f 3139/1614/3797 3337/1649/3880 3336/1648/3879 3138/1615/3799
f 3140/1613/3795 3338/1650/3881 3337/1649/3880 3139/1614/3797
f 3141/1612/3793 3339/1651/3882 3338/1650/3881 3140/1613/3795
f 3142/1611/3791 3340/1652/3883 3339/1651/3882 3141/1612/3793
f 3143/1610/3789 3341/1653/3884 3340/1652/3883 3142/1611/3791
f 3144/1609/3787 3342/1654/3885 3341/1653/3884 3143/1610/3789
f 3145/1608/3785 3343/1655/3886 3342/1654/3885 3144/1609/3787
f 3146/1607/3783 3344/1656/3887 3343/1655/3886 3145/1608/3785
f 3147/1606/3781 3345/1657/3888 3344/1656/3887 3146/1607/3783
f 3148/1605/3779 3346/1658/3889 3345/1657/3888 3147/1606/3781
f 3149/1604/3777 3347/1659/3890 3346/1658/3889 3148/1605/3779
f 3150/1602/3774 3348/1660/3891 3347/1659/3890 3149/1604/3777
f 3151/1603/3775 3349/1661/3892 3348/1660/3891 3150/1602/3774
f 3152/1621/3811 3350/1663/3893 3349/1662/3892 3151/1622/3775
f 3133/1620/3809 3351/1643/3874 3350/1663/3893 3152/1621/3811
f 3194/1664/3894 3414/1667/3897 3413/1666/3896 3193/1665/3895
f 3197/1668/3898 3415/1669/3899 3414/1667/3897 3194/1664/3894
f 3199/1670/3900 3416/1671/3901 3415/1669/3899 3197/1668/3898
f 3201/1672/3902 3417/1673/3903 3416/1671/3901 3199/1670/3900
f 3203/1674/3904 3418/1675/3905 3417/1673/3903 3201/1672/3902
f 3205/1676/3906 3419/1677/3907 3418/1675/3905 3203/1674/3904
f 3207/1678/3908 3420/1679/3909 3419/1677/3907 3205/1676/3906
f 3209/1680/3910 3421/1681/3911 3420/1679/3909 3207/1678/3908
f 3211/1682/3912 3422/1683/3913 3421/1681/3911 3209/1680/3910
f 3213/1684/3914 3423/1685/3915 3422/1683/3913 3211/1682/3912
f 3215/1686/3916 3424/1687/3917 3423/1685/3915 3213/1684/3914
f 3217/1688/3918 3425/1689/3919 3424/1687/3917 3215/1686/3916
f 3219/1690/3920 3426/1691/3921 3425/1689/3919 3217/1688/3918
f 3221/1692/3922 3427/1693/3923 3426/1691/3921 3219/1690/3920
f 3223/1694/3924 3428/1695/3925 3427/1693/3923 3221/1692/3922
f 3225/1696/3926 3429/1699/3927 3428/1698/3925 3223/1697/3924
f 3227/1700/3928 3430/1701/3929 3429/1699/3927 3225/1696/3926
f 3229/1702/3930 3431/1703/3931 3430/1701/3929 3227/1700/3928
f 3231/1704/3932 3432/1705/3933 3431/1703/3931 3229/1702/3930
f 3193/1665/3895 3413/1666/3896 3432/1705/3933 3231/1704/3932
f 3174/1706/3934 3434/1709/3937 3433/1708/3936 3173/1707/3935
f 3175/1710/3938 3435/1711/3939 3434/1709/3937 3174/1706/3934
f 3176/1712/3940 3436/1713/3941 3435/1711/3939 3175/1710/3938
f 3177/1714/3942 3437/1715/3943 3436/1713/3941 3176/1712/3940
f 3178/1716/3944 3438/1717/3945 3437/1715/3943 3177/1714/3942
f 3179/1718/3946 3439/1719/3947 3438/1717/3945 3178/1716/3944
f 3180/1720/3948 3440/1721/3949 3439/1719/3947 3179/1718/3946
f 3181/1722/3950 3441/1723/3951 3440/1721/3949 3180/1720/3948
f 3182/1724/3952 3442/1725/3953 3441/1723/3951 3181/1722/3950
f 3183/1726/3954 3443/1727/3955 3442/1725/3953 3182/1724/3952
f 3184/1728/3956 3444/1729/3957 3443/1727/3955 3183/1726/3954
f 3185/1730/3958 3445/1731/3959 3444/1729/3957 3184/1728/3956
f 3186/1732/3960 3446/1733/3961 3445/1731/3959 3185/1730/3958
f 3187/1734/3962 3447/1735/3963 3446/1733/3961 3186/1732/3960
f 3188/1736/3964 3448/1737/3965 3447/1735/3963 3187/1734/3962
f 3189/1738/3966 3449/1739/3967 3448/1737/3965 3188/1736/3964
f 3190/1740/3968 3450/1743/3969 3449/1742/3967 3189/1741/3966
f 3191/1744/3970 3451/1745/3971 3450/1743/3969 3190/1740/3968
f 3192/1746/3972 3452/1747/3973 3451/1745/3971 3191/1744/3970
f 3173/1707/3935 3433/1708/3936 3452/1747/3973 3192/1746/3972
f 3154/1664/3974 3394/1664/3977 3393/1665/3976 3153/1665/3975
f 3174/1706/3978 3373/1706/3981 3392/1710/3980 3175/1710/3979
f 3155/1668/3982 3395/1668/3983 3394/1664/3977 3154/1664/3974
f 3175/1710/3979 3392/1710/3980 3391/1712/3985 3176/1712/3984
f 3156/1670/3986 3396/1670/3987 3395/1668/3983 3155/1668/3982
f 3176/1712/3984 3391/1712/3985 3390/1714/3989 3177/1714/3988
f 3157/1672/3990 3397/1672/3991 3396/1670/3987 3156/1670/3986
f 3177/1714/3988 3390/1714/3989 3389/1716/3993 3178/1716/3992
f 3158/1674/3994 3398/1674/3995 3397/1672/3991 3157/1672/3990
f 3178/1716/3992 3389/1716/3993 3388/1718/3997 3179/1718/3996
f 3159/1676/3998 3399/1676/3999 3398/1674/3995 3158/1674/3994
f 3179/1718/3996 3388/1718/3997 3387/1720/4001 3180/1720/4000
f 3160/1678/4002 3400/1678/4003 3399/1676/3999 3159/1676/3998
f 3180/1720/4000 3387/1720/4001 3386/1722/4005 3181/1722/4004
f 3161/1680/4006 3401/1680/4007 3400/1678/4003 3160/1678/4002
f 3181/1722/4004 3386/1722/4005 3385/1724/4009 3182/1724/4008
f 3162/1682/4010 3402/1682/4011 3401/1680/4007 3161/1680/4006
f 3182/1724/4008 3385/1724/4009 3384/1726/4013 3183/1726/4012
f 3163/1684/4014 3403/1684/4015 3402/1682/4011 3162/1682/4010
f 3183/1726/4012 3384/1726/4013 3383/1728/4017 3184/1728/4016
f 3164/1686/4018 3404/1686/4019 3403/1684/4015 3163/1684/4014
f 3184/1728/4016 3383/1728/4017 3382/1730/4021 3185/1730/4020
f 3165/1688/4022 3405/1688/4023 3404/1686/4019 3164/1686/4018
f 3185/1730/4020 3382/1730/4021 3381/1732/4025 3186/1732/4024
f 3166/1690/4026 3406/1690/4027 3405/1688/4023 3165/1688/4022
f 3186/1732/4024 3381/1732/4025 3380/1734/4029 3187/1734/4028
f 3167/1692/4030 3407/1692/4031 3406/1690/4027 3166/1690/4026
f 3187/1734/4028 3380/1734/4029 3379/1736/4033 3188/1736/4032
f 3168/1694/4034 3408/1694/4035 3407/1692/4031 3167/1692/4030
f 3188/1736/4032 3379/1736/4033 3378/1738/4037 3189/1738/4036
f 3169/1696/4038 3409/1696/4039 3408/1697/4035 3168/1697/4034
f 3189/1741/4036 3378/1741/4037 3377/1740/4041 3190/1740/4040
f 3170/1700/4042 3410/1700/4043 3409/1696/4039 3169/1696/4038
f 3190/1740/4040 3377/1740/4041 3376/1744/4045 3191/1744/4044
f 3171/1702/4046 3411/1702/4047 3410/1700/4043 3170/1700/4042
f 3191/1744/4044 3376/1744/4045 3375/1746/4049 3192/1746/4048
f 3172/1704/4050 3412/1704/4051 3411/1702/4047 3171/1702/4046
f 3192/1746/4048 3375/1746/4049 3374/1707/4053 3173/1707/4052
f 3153/1665/3975 3393/1665/3976 3412/1704/4051 3172/1704/4050
f 3173/1707/4052 3374/1707/4053 3373/1706/3981 3174/1706/3978
f 3234/1748/4054 3554/1751/4057 3553/1750/4056 3233/1749/4055
f 3235/1752/4058 3555/1753/4059 3554/1751/4057 3234/1748/4054
f 3236/1754/4060 3556/1755/4061 3555/1753/4059 3235/1752/4058
f 3237/1756/4062 3557/1757/4063 3556/1755/4061 3236/1754/4060
f 3238/1758/4064 3558/1759/4065 3557/1757/4063 3237/1756/4062
f 3239/1760/4066 3559/1761/4067 3558/1759/4065 3238/1758/4064
f 3240/1762/4068 3560/1763/4069 3559/1761/4067 3239/1760/4066
f 3241/1764/4070 3561/1765/4071 3560/1763/4069 3240/1762/4068
f 3242/1766/4072 3562/1767/4073 3561/1765/4071 3241/1764/4070
f 3243/1768/4074 3563/1769/4075 3562/1767/4073 3242/1766/4072
f 3244/1770/4076 3564/1771/4077 3563/1769/4075 3243/1768/4074
f 3245/1772/4078 3565/1773/4079 3564/1771/4077 3244/1770/4076
f 3246/1774/4080 3566/1775/4081 3565/1773/4079 3245/1772/4078
f 3247/1776/4082 3567/1777/4083 3566/1775/4081 3246/1774/4080
f 3248/1778/4084 3568/1779/4085 3567/1777/4083 3247/1776/4082
f 3249/1780/4086 3569/1781/4087 3568/1779/4085 3248/1778/4084
f 3250/1782/4088 3570/1785/4089 3569/1784/4087 3249/1783/4086
f 3251/1786/4090 3571/1787/4091 3570/1785/4089 3250/1782/4088
f 3252/1788/4092 3572/1789/4093 3571/1787/4091 3251/1786/4090
f 3233/1749/4055 3553/1750/4056 3572/1789/4093 3252/1788/4092
f 3274/1790/4094 3493/1793/4097 3512/1792/4096 3273/1791/4095
f 3277/1794/4098 3494/1795/4099 3493/1793/4097 3274/1790/4094
f 3279/1796/4100 3495/1797/4101 3494/1795/4099 3277/1794/4098
f 3281/1798/4102 3496/1799/4103 3495/1797/4101 3279/1796/4100
f 3283/1800/4104 3497/1801/4105 3496/1799/4103 3281/1798/4102
f 3285/1802/4106 3498/1803/4107 3497/1801/4105 3283/1800/4104
f 3287/1804/4108 3499/1805/4109 3498/1803/4107 3285/1802/4106
f 3289/1806/4110 3500/1807/4111 3499/1805/4109 3287/1804/4108
f 3291/1808/4112 3501/1809/4113 3500/1807/4111 3289/1806/4110
f 3293/1810/4114 3502/1811/4115 3501/1809/4113 3291/1808/4112
f 3295/1812/4116 3503/1813/4117 3502/1811/4115 3293/1810/4114
f 3297/1814/4118 3504/1815/4119 3503/1813/4117 3295/1812/4116
f 3299/1816/4120 3505/1817/4121 3504/1815/4119 3297/1814/4118
f 3301/1818/4122 3506/1819/4123 3505/1817/4121 3299/1816/4120
f 3303/1820/4124 3507/1821/4125 3506/1819/4123 3301/1818/4122
f 3305/1822/4126 3508/1823/4127 3507/1821/4125 3303/1820/4124
f 3307/1824/4128 3509/1827/4129 3508/1826/4127 3305/1825/4126
f 3309/1828/4130 3510/1829/4131 3509/1827/4129 3307/1824/4128
f 3311/1830/4132 3511/1831/4133 3510/1829/4131 3309/1828/4130
f 3273/1791/4095 3512/1792/4096 3511/1831/4133 3311/1830/4132
f 3254/1790/4134 3473/1790/4137 3492/1791/4136 3253/1791/4135
f 3233/1749/4138 3513/1749/4141 3532/1748/4140 3234/1748/4139
f 3255/1794/4142 3474/1794/4143 3473/1790/4137 3254/1790/4134
f 3234/1748/4139 3532/1748/4140 3531/1752/4145 3235/1752/4144
f 3256/1796/4146 3475/1796/4147 3474/1794/4143 3255/1794/4142
f 3235/1752/4144 3531/1752/4145 3530/1754/4149 3236/1754/4148
f 3257/1798/4150 3476/1798/4151 3475/1796/4147 3256/1796/4146
f 3236/1754/4148 3530/1754/4149 3529/1756/4153 3237/1756/4152
f 3258/1800/4154 3477/1800/4155 3476/1798/4151 3257/1798/4150
f 3237/1756/4152 3529/1756/4153 3528/1758/4157 3238/1758/4156
f 3259/1802/4158 3478/1802/4159 3477/1800/4155 3258/1800/4154
f 3238/1758/4156 3528/1758/4157 3527/1760/4161 3239/1760/4160
f 3260/1804/4162 3479/1804/4163 3478/1802/4159 3259/1802/4158
f 3239/1760/4160 3527/1760/4161 3526/1762/4165 3240/1762/4164
f 3261/1806/4166 3480/1806/4167 3479/1804/4163 3260/1804/4162
f 3240/1762/4164 3526/1762/4165 3525/1832/4169 3241/1764/4168
f 3262/1808/4170 3481/1808/4171 3480/1806/4167 3261/1806/4166
f 3241/1764/4168 3525/1832/4169 3524/1766/4173 3242/1766/4172
f 3263/1810/4174 3482/1810/4175 3481/1808/4171 3262/1808/4170
f 3242/1766/4172 3524/1766/4173 3523/1768/4177 3243/1768/4176
f 3264/1812/4178 3483/1812/4179 3482/1810/4175 3263/1810/4174
f 3243/1768/4176 3523/1768/4177 3522/1770/4181 3244/1770/4180
f 3265/1814/4182 3484/1814/4183 3483/1812/4179 3264/1812/4178
f 3244/1770/4180 3522/1770/4181 3521/1772/4185 3245/1772/4184
f 3266/1816/4186 3485/1816/4187 3484/1814/4183 3265/1814/4182
f 3245/1772/4184 3521/1772/4185 3520/1774/4189 3246/1774/4188
f 3267/1818/4190 3486/1818/4191 3485/1816/4187 3266/1816/4186
f 3246/1774/4188 3520/1774/4189 3519/1776/4193 3247/1776/4192
f 3268/1820/4194 3487/1820/4195 3486/1818/4191 3267/1818/4190
f 3247/1776/4192 3519/1776/4193 3518/1778/4197 3248/1778/4196
f 3269/1822/4198 3488/1822/4199 3487/1820/4195 3268/1820/4194
f 3248/1778/4196 3518/1778/4197 3517/1780/4201 3249/1780/4200
f 3270/1824/4202 3489/1824/4203 3488/1825/4199 3269/1825/4198
f 3249/1783/4200 3517/1783/4201 3516/1782/4205 3250/1782/4204
f 3271/1828/4206 3490/1828/4207 3489/1824/4203 3270/1824/4202
f 3250/1782/4204 3516/1782/4205 3515/1833/4209 3251/1786/4208
f 3272/1830/4210 3491/1830/4211 3490/1828/4207 3271/1828/4206
f 3251/1786/4208 3515/1833/4209 3514/1788/4044 3252/1788/4212
f 3253/1791/4135 3492/1791/4136 3491/1830/4211 3272/1830/4210
f 3252/1788/4212 3514/1788/4044 3513/1749/4141 3233/1749/4138
f 3314/1598/3765 3087/1059/4214 3088/1061/4213 3313/1599/3767
f 3315/1597/3763 3086/1057/4215 3087/1059/4214 3314/1598/3765
f 3316/1596/3761 3085/1055/4216 3086/1057/4215 3315/1597/3763
f 3317/1595/3759 3084/1053/4217 3085/1055/4216 3316/1596/3761
f 3318/1594/3757 3083/1051/4218 3084/1053/4217 3317/1595/3759
f 3319/1593/3755 3082/1049/4219 3083/1051/4218 3318/1594/3757
f 3320/1592/3753 3081/1047/4220 3082/1049/4219 3319/1593/3755
f 3321/1591/3751 3080/1045/4221 3081/1047/4220 3320/1592/3753
f 3322/1590/3749 3079/1043/4222 3080/1045/4221 3321/1591/3751
f 3323/1589/3747 3078/1041/4223 3079/1043/4222 3322/1590/3749
f 3324/1588/3745 3077/1039/4224 3078/1041/4223 3323/1589/3747
f 3325/1587/3743 3076/1037/4225 3077/1039/4224 3324/1588/3745
f 3326/1586/3741 3075/1035/4226 3076/1037/4225 3325/1587/3743
f 3327/1585/3739 3074/1033/4227 3075/1035/4226 3326/1586/3741
f 3328/1584/3737 3073/1031/4228 3074/1033/4227 3327/1585/3739
f 3329/1582/3734 3072/1028/4229 3073/1031/4228 3328/1584/3737
f 3330/1583/3735 3071/1029/4230 3072/1028/4229 3329/1582/3734
f 3331/1601/3771 3090/1065/4231 3071/1029/4230 3330/1583/3735
f 3332/1600/3769 3089/1063/4232 3090/1065/4231 3331/1601/3771
f 3313/1599/3767 3088/1061/4213 3089/1063/4232 3332/1600/3769
f 3334/1646/3877 3153/1665/4234 3172/1704/4233 3333/1645/3876
f 3335/1647/3878 3154/1664/4235 3153/1665/4234 3334/1646/3877
f 3336/1648/3879 3155/1668/4236 3154/1664/4235 3335/1647/3878
f 3337/1649/3880 3156/1670/4237 3155/1668/4236 3336/1648/3879
f 3338/1650/3881 3157/1672/4238 3156/1670/4237 3337/1649/3880
f 3339/1651/3882 3158/1674/4239 3157/1672/4238 3338/1650/3881
f 3340/1652/3883 3159/1676/4240 3158/1674/4239 3339/1651/3882
f 3341/1653/3884 3160/1678/4241 3159/1676/4240 3340/1652/3883
f 3342/1654/3885 3161/1680/4242 3160/1678/4241 3341/1653/3884
f 3343/1655/3886 3162/1682/4243 3161/1680/4242 3342/1654/3885
f 3344/1656/3887 3163/1684/4244 3162/1682/4243 3343/1655/3886
f 3345/1657/3888 3164/1686/4245 3163/1684/4244 3344/1656/3887
f 3346/1658/3889 3165/1688/4246 3164/1686/4245 3345/1657/3888
f 3347/1659/3890 3166/1690/4247 3165/1688/4246 3346/1658/3889
f 3348/1660/3891 3167/1692/4248 3166/1690/4247 3347/1659/3890
f 3349/1661/3892 3168/1694/4249 3167/1692/4248 3348/1660/3891
f 3350/1663/3893 3169/1696/4250 3168/1697/4249 3349/1662/3892
f 3351/1643/3874 3170/1700/4251 3169/1696/4250 3350/1663/3893
f 3352/1644/3875 3171/1702/4252 3170/1700/4251 3351/1643/3874
f 3333/1645/3876 3172/1704/4233 3171/1702/4252 3352/1644/3875
f 3354/1834/4253 3453/1837/4256 3472/1836/4255 3353/1835/4254
f 3355/1838/4257 3454/1839/4258 3453/1837/4256 3354/1834/4253
f 3356/1840/4259 3455/1841/4260 3454/1839/4258 3355/1838/4257
f 3357/1842/4261 3456/1843/3900 3455/1841/4260 3356/1840/4259
f 3358/1844/4262 3457/1845/4263 3456/1843/3900 3357/1842/4261
f 3359/1846/4264 3458/1847/4265 3457/1845/4263 3358/1844/4262
f 3360/1848/4266 3459/1849/4267 3458/1847/4265 3359/1846/4264
f 3361/1850/4268 3460/1851/4269 3459/1849/4267 3360/1848/4266
f 3362/1852/4270 3461/1853/4271 3460/1851/4269 3361/1850/4268
f 3363/1854/4272 3462/1855/4273 3461/1853/4271 3362/1852/4270
f 3364/1856/4274 3463/1857/4275 3462/1855/4273 3363/1854/4272
f 3365/1858/4276 3464/1859/4277 3463/1857/4275 3364/1856/4274
f 3366/1860/4278 3465/1861/4279 3464/1859/4277 3365/1858/4276
f 3367/1862/4280 3466/1863/4281 3465/1861/4279 3366/1860/4278
f 3368/1864/4282 3467/1865/4283 3466/1863/4281 3367/1862/4280
f 3369/1866/4284 3468/1867/4285 3467/1865/4283 3368/1864/4282
f 3370/1868/4286 3469/1871/4287 3468/1870/4285 3369/1869/4284
f 3371/1872/4288 3470/1873/4289 3469/1871/4287 3370/1868/4286
f 3372/1874/4290 3471/1875/4291 3470/1873/4289 3371/1872/4288
f 3353/1835/4254 3472/1836/4255 3471/1875/4291 3372/1874/4290
f 3374/1707/4053 3232/1707/4293 3195/1706/4292 3373/1706/3981
f 3375/1746/4049 3230/1746/4294 3232/1707/4293 3374/1707/4053
f 3376/1744/4045 3228/1744/4295 3230/1746/4294 3375/1746/4049
f 3377/1740/4041 3226/1740/4296 3228/1744/4295 3376/1744/4045
f 3378/1741/4037 3224/1741/4297 3226/1740/4296 3377/1740/4041
f 3379/1736/4033 3222/1736/4298 3224/1738/4297 3378/1738/4037
f 3380/1734/4029 3220/1734/4299 3222/1736/4298 3379/1736/4033
f 3381/1732/4025 3218/1732/4300 3220/1734/4299 3380/1734/4029
f 3382/1730/4021 3216/1730/4301 3218/1732/4300 3381/1732/4025
f 3383/1728/4017 3214/1728/4302 3216/1730/4301 3382/1730/4021
f 3384/1726/4013 3212/1726/4303 3214/1728/4302 3383/1728/4017
f 3385/1724/4009 3210/1724/4304 3212/1726/4303 3384/1726/4013
f 3386/1722/4005 3208/1722/4305 3210/1724/4304 3385/1724/4009
f 3387/1720/4001 3206/1720/4306 3208/1722/4305 3386/1722/4005
f 3388/1718/3997 3204/1718/4307 3206/1720/4306 3387/1720/4001
f 3389/1716/3993 3202/1716/4308 3204/1718/4307 3388/1718/3997
f 3390/1714/3989 3200/1714/4309 3202/1716/4308 3389/1716/3993
f 3391/1712/3985 3198/1712/4310 3200/1714/4309 3390/1714/3989
f 3392/1710/3980 3196/1710/4311 3198/1712/4310 3391/1712/3985
f 3373/1706/3981 3195/1706/4292 3196/1710/4311 3392/1710/3980
f 3394/1664/3977 3194/1664/4313 3193/1665/4312 3393/1665/3976
f 3395/1668/3983 3197/1668/4314 3194/1664/4313 3394/1664/3977
f 3396/1670/3987 3199/1670/4315 3197/1668/4314 3395/1668/3983
f 3397/1672/3991 3201/1672/4316 3199/1670/4315 3396/1670/3987
f 3398/1674/3995 3203/1674/4317 3201/1672/4316 3397/1672/3991
f 3399/1676/3999 3205/1676/4318 3203/1674/4317 3398/1674/3995
f 3400/1678/4003 3207/1678/4319 3205/1676/4318 3399/1676/3999
f 3401/1680/4007 3209/1680/4320 3207/1678/4319 3400/1678/4003
f 3402/1682/4011 3211/1682/4321 3209/1680/4320 3401/1680/4007
f 3403/1684/4015 3213/1684/4322 3211/1682/4321 3402/1682/4011
f 3404/1686/4019 3215/1686/4323 3213/1684/4322 3403/1684/4015
f 3405/1688/4023 3217/1688/4324 3215/1686/4323 3404/1686/4019
f 3406/1690/4027 3219/1690/4325 3217/1688/4324 3405/1688/4023
f 3407/1692/4031 3221/1692/4326 3219/1690/4325 3406/1690/4027
f 3408/1694/4035 3223/1694/4327 3221/1692/4326 3407/1692/4031
f 3409/1696/4039 3225/1696/4328 3223/1697/4327 3408/1697/4035
f 3410/1700/4043 3227/1700/4329 3225/1696/4328 3409/1696/4039
f 3411/1702/4047 3229/1702/4330 3227/1700/4329 3410/1700/4043
f 3412/1704/4051 3231/1704/4331 3229/1702/4330 3411/1702/4047
f 3393/1665/3976 3193/1665/4312 3231/1704/4331 3412/1704/4051
f 3414/1667/3897 3196/1710/4333 3195/1706/4332 3413/1666/3896
f 3415/1669/3899 3198/1712/4334 3196/1710/4333 3414/1667/3897
f 3416/1671/3901 3200/1714/4335 3198/1712/4334 3415/1669/3899
f 3417/1673/3903 3202/1716/4336 3200/1714/4335 3416/1671/3901
f 3418/1675/3905 3204/1718/4337 3202/1716/4336 3417/1673/3903
f 3419/1677/3907 3206/1720/4338 3204/1718/4337 3418/1675/3905
f 3420/1679/3909 3208/1722/4339 3206/1720/4338 3419/1677/3907
f 3421/1681/3911 3210/1724/4340 3208/1722/4339 3420/1679/3909
f 3422/1683/3913 3212/1726/4341 3210/1724/4340 3421/1681/3911
f 3423/1685/3915 3214/1728/4342 3212/1726/4341 3422/1683/3913
f 3424/1687/3917 3216/1730/4343 3214/1728/4342 3423/1685/3915
f 3425/1689/3919 3218/1732/4344 3216/1730/4343 3424/1687/3917
f 3426/1691/3921 3220/1734/4345 3218/1732/4344 3425/1689/3919
f 3427/1693/3923 3222/1736/4346 3220/1734/4345 3426/1691/3921
f 3428/1695/3925 3224/1738/4347 3222/1736/4346 3427/1693/3923
f 3429/1699/3927 3226/1740/4348 3224/1741/4347 3428/1698/3925
f 3430/1701/3929 3228/1744/4349 3226/1740/4348 3429/1699/3927
f 3431/1703/3931 3230/1746/4350 3228/1744/4349 3430/1701/3929
f 3432/1705/3933 3232/1707/4351 3230/1746/4350 3431/1703/3931
f 3413/1666/3896 3195/1706/4332 3232/1707/4351 3432/1705/3933
f 3434/1709/3937 3354/1834/4253 3353/1835/4254 3433/1708/3936
f 3435/1711/3939 3355/1838/4257 3354/1834/4253 3434/1709/3937
f 3436/1713/3941 3356/1840/4259 3355/1838/4257 3435/1711/3939
f 3437/1715/3943 3357/1842/4261 3356/1840/4259 3436/1713/3941
f 3438/1717/3945 3358/1844/4262 3357/1842/4261 3437/1715/3943
f 3439/1719/3947 3359/1846/4264 3358/1844/4262 3438/1717/3945
f 3440/1721/3949 3360/1848/4266 3359/1846/4264 3439/1719/3947
f 3441/1723/3951 3361/1850/4268 3360/1848/4266 3440/1721/3949
f 3442/1725/3953 3362/1852/4270 3361/1850/4268 3441/1723/3951
f 3443/1727/3955 3363/1854/4272 3362/1852/4270 3442/1725/3953
f 3444/1729/3957 3364/1856/4274 3363/1854/4272 3443/1727/3955
f 3445/1731/3959 3365/1858/4276 3364/1856/4274 3444/1729/3957
f 3446/1733/3961 3366/1860/4278 3365/1858/4276 3445/1731/3959
f 3447/1735/3963 3367/1862/4280 3366/1860/4278 3446/1733/3961
f 3448/1737/3965 3368/1864/4282 3367/1862/4280 3447/1735/3963
f 3449/1739/3967 3369/1866/4284 3368/1864/4282 3448/1737/3965
f 3450/1743/3969 3370/1868/4286 3369/1869/4284 3449/1742/3967
f 3451/1745/3971 3371/1872/4288 3370/1868/4286 3450/1743/3969
f 3452/1747/3973 3372/1874/4290 3371/1872/4288 3451/1745/3971
f 3433/1708/3936 3353/1835/4254 3372/1874/4290 3452/1747/3973
f 3454/1839/4258 3255/1794/4353 3254/1790/4352 3453/1837/4256
f 3455/1841/4260 3256/1796/4354 3255/1794/4353 3454/1839/4258
f 3456/1843/3900 3257/1798/4355 3256/1796/4354 3455/1841/4260
f 3457/1845/4263 3258/1800/4356 3257/1798/4355 3456/1843/3900
f 3458/1847/4265 3259/1802/4357 3258/1800/4356 3457/1845/4263
f 3459/1849/4267 3260/1804/4358 3259/1802/4357 3458/1847/4265
f 3460/1851/4269 3261/1806/4359 3260/1804/4358 3459/1849/4267
f 3461/1853/4271 3262/1808/4360 3261/1806/4359 3460/1851/4269
f 3462/1855/4273 3263/1810/4361 3262/1808/4360 3461/1853/4271
f 3463/1857/4275 3264/1812/4362 3263/1810/4361 3462/1855/4273
f 3464/1859/4277 3265/1814/4363 3264/1812/4362 3463/1857/4275
f 3465/1861/4279 3266/1816/4364 3265/1814/4363 3464/1859/4277
f 3466/1863/4281 3267/1818/4365 3266/1816/4364 3465/1861/4279
f 3467/1865/4283 3268/1820/4366 3267/1818/4365 3466/1863/4281
f 3468/1867/4285 3269/1822/4367 3268/1820/4366 3467/1865/4283
f 3469/1871/4287 3270/1824/4368 3269/1825/4367 3468/1870/4285
f 3470/1873/4289 3271/1828/4369 3270/1824/4368 3469/1871/4287
f 3471/1875/4291 3272/1830/4370 3271/1828/4369 3470/1873/4289
f 3472/1836/4255 3253/1791/4371 3272/1830/4370 3471/1875/4291
f 3453/1837/4256 3254/1790/4352 3253/1791/4371 3472/1836/4255
f 3474/1794/4143 3277/1794/4373 3274/1790/4372 3473/1790/4137
f 3475/1796/4147 3279/1796/4374 3277/1794/4373 3474/1794/4143
f 3476/1798/4151 3281/1798/4375 3279/1796/4374 3475/1796/4147
f 3477/1800/4155 3283/1800/4376 3281/1798/4375 3476/1798/4151
f 3478/1802/4159 3285/1802/4377 3283/1800/4376 3477/1800/4155
f 3479/1804/4163 3287/1804/4378 3285/1802/4377 3478/1802/4159
f 3480/1806/4167 3289/1806/4379 3287/1804/4378 3479/1804/4163
f 3481/1808/4171 3291/1808/4380 3289/1806/4379 3480/1806/4167
f 3482/1810/4175 3293/1810/4381 3291/1808/4380 3481/1808/4171
f 3483/1812/4179 3295/1812/4382 3293/1810/4381 3482/1810/4175
f 3484/1814/4183 3297/1814/4383 3295/1812/4382 3483/1812/4179
f 3485/1816/4187 3299/1816/4384 3297/1814/4383 3484/1814/4183
f 3486/1818/4191 3301/1818/4385 3299/1816/4384 3485/1816/4187
f 3487/1820/4195 3303/1820/4386 3301/1818/4385 3486/1818/4191
f 3488/1822/4199 3305/1822/4387 3303/1820/4386 3487/1820/4195
f 3489/1824/4203 3307/1824/4388 3305/1825/4387 3488/1825/4199
f 3490/1828/4207 3309/1828/4389 3307/1824/4388 3489/1824/4203
f 3491/1830/4211 3311/1830/4390 3309/1828/4389 3490/1828/4207
f 3492/1791/4136 3273/1791/4391 3311/1830/4390 3491/1830/4211
f 3473/1790/4137 3274/1790/4372 3273/1791/4391 3492/1791/4136
f 3494/1795/4099 3278/1752/4393 3276/1748/4392 3493/1793/4097
f 3495/1797/4101 3280/1754/4394 3278/1752/4393 3494/1795/4099
f 3496/1799/4103 3282/1756/4395 3280/1754/4394 3495/1797/4101
f 3497/1801/4105 3284/1758/4396 3282/1756/4395 3496/1799/4103
f 3498/1803/4107 3286/1760/4397 3284/1758/4396 3497/1801/4105
f 3499/1805/4109 3288/1762/4398 3286/1760/4397 3498/1803/4107
f 3500/1807/4111 3290/1764/4399 3288/1762/4398 3499/1805/4109
f 3501/1809/4113 3292/1766/4400 3290/1764/4399 3500/1807/4111
f 3502/1811/4115 3294/1768/4401 3292/1766/4400 3501/1809/4113
f 3503/1813/4117 3296/1770/4402 3294/1768/4401 3502/1811/4115
f 3504/1815/4119 3298/1772/4403 3296/1770/4402 3503/1813/4117
f 3505/1817/4121 3300/1774/4404 3298/1772/4403 3504/1815/4119
f 3506/1819/4123 3302/1776/4405 3300/1774/4404 3505/1817/4121
f 3507/1821/4125 3304/1778/4406 3302/1776/4405 3506/1819/4123
f 3508/1823/4127 3306/1780/4407 3304/1778/4406 3507/1821/4125
f 3509/1827/4129 3308/1782/4408 3306/1783/4407 3508/1826/4127
f 3510/1829/4131 3310/1786/4409 3308/1782/4408 3509/1827/4129
f 3511/1831/4133 3312/1788/4410 3310/1786/4409 3510/1829/4131
f 3512/1792/4096 3275/1749/4411 3312/1788/4410 3511/1831/4133
f 3493/1793/4097 3276/1748/4392 3275/1749/4411 3512/1792/4096
f 3514/1788/4044 3534/1877/4413 3533/1876/4412 3513/1749/4141
f 3515/1833/4209 3535/1878/4414 3534/1877/4413 3514/1788/4044
f 3516/1782/4205 3536/1879/4415 3535/1878/4414 3515/1833/4209
f 3517/1783/4201 3537/1880/4416 3536/1879/4415 3516/1782/4205
f 3518/1778/4197 3538/1882/4417 3537/1881/4416 3517/1780/4201
f 3519/1776/4193 3539/1883/4418 3538/1882/4417 3518/1778/4197
f 3520/1774/4189 3540/1884/4419 3539/1883/4418 3519/1776/4193
f 3521/1772/4185 3541/1885/4420 3540/1884/4419 3520/1774/4189
f 3522/1770/4181 3542/1886/4421 3541/1885/4420 3521/1772/4185
f 3523/1768/4177 3543/1887/4422 3542/1886/4421 3522/1770/4181
f 3524/1766/4173 3544/1888/4423 3543/1887/4422 3523/1768/4177
f 3525/1832/4169 3545/1889/4424 3544/1888/4423 3524/1766/4173
f 3526/1762/4165 3546/1890/4425 3545/1889/4424 3525/1832/4169
f 3527/1760/4161 3547/1891/4426 3546/1890/4425 3526/1762/4165
f 3528/1758/4157 3548/1892/4427 3547/1891/4426 3527/1760/4161
f 3529/1756/4153 3549/1893/4428 3548/1892/4427 3528/1758/4157
f 3530/1754/4149 3550/1894/4429 3549/1893/4428 3529/1756/4153
f 3531/1752/4145 3551/1895/4430 3550/1894/4429 3530/1754/4149
f 3532/1748/4140 3552/1896/4431 3551/1895/4430 3531/1752/4145
f 3513/1749/4141 3533/1876/4412 3552/1896/4431 3532/1748/4140
f 3534/1877/4413 3312/1788/4433 3275/1749/4432 3533/1876/4412
f 3535/1878/4414 3310/1786/4434 3312/1788/4433 3534/1877/4413
f 3536/1879/4415 3308/1782/4435 3310/1786/4434 3535/1878/4414
f 3537/1880/4416 3306/1783/4436 3308/1782/4435 3536/1879/4415
f 3538/1882/4417 3304/1778/4437 3306/1780/4436 3537/1881/4416
f 3539/1883/4418 3302/1776/4438 3304/1778/4437 3538/1882/4417
f 3540/1884/4419 3300/1774/4439 3302/1776/4438 3539/1883/4418
f 3541/1885/4420 3298/1772/4440 3300/1774/4439 3540/1884/4419
f 3542/1886/4421 3296/1770/4441 3298/1772/4440 3541/1885/4420
f 3543/1887/4422 3294/1768/4442 3296/1770/4441 3542/1886/4421
f 3544/1888/4423 3292/1766/4443 3294/1768/4442 3543/1887/4422
f 3545/1889/4424 3290/1764/4444 3292/1766/4443 3544/1888/4423
f 3546/1890/4425 3288/1762/4445 3290/1764/4444 3545/1889/4424
f 3547/1891/4426 3286/1760/4446 3288/1762/4445 3546/1890/4425
f 3548/1892/4427 3284/1758/4447 3286/1760/4446 3547/1891/4426
f 3549/1893/4428 3282/1756/4448 3284/1758/4447 3548/1892/4427
f 3550/1894/4429 3280/1754/4449 3282/1756/4448 3549/1893/4428
f 3551/1895/4430 3278/1752/4450 3280/1754/4449 3550/1894/4429
f 3552/1896/4431 3276/1748/4451 3278/1752/4450 3551/1895/4430
f 3533/1876/4412 3275/1749/4432 3276/1748/4451 3552/1896/4431
f 3554/1751/4057 3106/1176/4453 3107/1175/4452 3553/1750/4056
f 3555/1753/4059 3105/1177/4454 3106/1176/4453 3554/1751/4057
f 3556/1755/4061 3104/1178/4455 3105/1177/4454 3555/1753/4059
f 3557/1757/4063 3103/1179/4456 3104/1178/4455 3556/1755/4061
f 3558/1759/4065 3102/1180/4457 3103/1179/4456 3557/1757/4063
f 3559/1761/4067 3101/1181/4458 3102/1180/4457 3558/1759/4065
f 3560/1763/4069 3100/1182/4459 3101/1181/4458 3559/1761/4067
f 3561/1765/4071 3099/1183/4460 3100/1182/4459 3560/1763/4069
f 3562/1767/4073 3098/1184/4461 3099/1183/4460 3561/1765/4071
f 3563/1769/4075 3097/1185/4462 3098/1184/4461 3562/1767/4073
f 3564/1771/4077 3096/1186/4463 3097/1185/4462 3563/1769/4075
f 3565/1773/4079 3095/1187/4464 3096/1186/4463 3564/1771/4077
f 3566/1775/4081 3094/1188/4081 3095/1187/4464 3565/1773/4079
f 3567/1777/4083 3093/1189/4465 3094/1188/4081 3566/1775/4081
f 3568/1779/4085 3092/1190/4466 3093/1189/4465 3567/1777/4083
f 3569/1781/4087 3091/1191/4467 3092/1190/4466 3568/1779/4085
f 3570/1785/4089 3110/1172/4468 3091/1171/4467 3569/1784/4087
f 3571/1787/4091 3109/1173/4469 3110/1172/4468 3570/1785/4089
f 3572/1789/4093 3108/1174/4470 3109/1173/4469 3571/1787/4091
f 3553/1750/4056 3107/1175/4452 3108/1174/4470 3572/1789/4093
f 3574/1897/4471 3126/1139/3869 3127/1141/3870 3573/1898/4472
f 3575/1899/4473 3125/1137/3868 3126/1139/3869 3574/1897/4471
f 3576/1900/4474 3124/1135/3867 3125/1137/3868 3575/1899/4473
f 3577/1901/4475 3123/1133/3866 3124/1135/3867 3576/1900/4474
f 3578/1902/4476 3122/1131/3865 3123/1133/3866 3577/1901/4475
f 3579/1903/4477 3121/1129/3864 3122/1131/3865 3578/1902/4476
f 3580/1904/4478 3120/1127/3863 3121/1129/3864 3579/1903/4477
f 3581/1905/4479 3119/1125/3862 3120/1127/3863 3580/1904/4478
f 3582/1906/4480 3118/1123/3861 3119/1125/3862 3581/1905/4479
f 3583/1907/4481 3117/1121/3860 3118/1123/3861 3582/1906/4480
f 3584/1908/4482 3116/1119/3859 3117/1121/3860 3583/1907/4481
f 3585/1909/4483 3115/1117/3858 3116/1119/3859 3584/1908/4482
f 3586/1910/4484 3114/1115/3857 3115/1117/3858 3585/1909/4483
f 3587/1911/4485 3113/1113/3856 3114/1115/3857 3586/1910/4484
f 3588/1912/4486 3112/1110/3854 3113/1113/3856 3587/1911/4485
f 3589/1913/4487 3111/1111/3853 3112/1110/3854 3588/1912/4486
f 3590/1914/4488 3130/1147/3873 3111/1111/3853 3589/1913/4487
f 3591/1915/4489 3129/1145/3872 3130/1147/3873 3590/1914/4488
f 3592/1916/4490 3128/1143/3871 3129/1145/3872 3591/1915/4489
f 3573/1898/4472 3127/1141/3870 3128/1143/3871 3592/1916/4490
f 3594/1638/3843 3574/1897/4471 3573/1898/4472 3593/1639/3845
f 3595/1637/3841 3575/1899/4473 3574/1897/4471 3594/1638/3843
f 3596/1636/3839 3576/1900/4474 3575/1899/4473 3595/1637/3841
f 3597/1635/3837 3577/1901/4475 3576/1900/4474 3596/1636/3839
f 3598/1634/3835 3578/1902/4476 3577/1901/4475 3597/1635/3837
f 3599/1633/3833 3579/1903/4477 3578/1902/4476 3598/1634/3835
f 3600/1632/3831 3580/1904/4478 3579/1903/4477 3599/1633/3833
f 3601/1631/3829 3581/1905/4479 3580/1904/4478 3600/1632/3831
f 3602/1630/3827 3582/1906/4480 3581/1905/4479 3601/1631/3829
f 3603/1629/3825 3583/1907/4481 3582/1906/4480 3602/1630/3827
f 3604/1628/3823 3584/1908/4482 3583/1907/4481 3603/1629/3825
f 3605/1627/3821 3585/1909/4483 3584/1908/4482 3604/1628/3823
f 3606/1626/3819 3586/1910/4484 3585/1909/4483 3605/1627/3821
f 3607/1625/3817 3587/1911/4485 3586/1910/4484 3606/1626/3819
f 3608/1623/3814 3588/1912/4486 3587/1911/4485 3607/1625/3817
f 3609/1624/3815 3589/1913/4487 3588/1912/4486 3608/1623/3814
f 3610/1642/3851 3590/1914/4488 3589/1913/4487 3609/1624/3815
f 3611/1641/3849 3591/1915/4489 3590/1914/4488 3610/1642/3851
f 3612/1640/3847 3592/1916/4490 3591/1915/4489 3611/1641/3849
f 3593/1639/3845 3573/1898/4472 3592/1916/4490 3612/1640/3847
f 3613/657/4491 3621/1352/4494 3622/1351/4493 3614/1350/4492
f 3614/1350/4492 3622/1351/4493 3623/1354/4496 3615/1353/4495
f 3615/1353/4495 3623/1354/4496 3624/1356/4498 3616/1355/4497
f 3616/1355/4497 3624/1356/4498 3625/1358/4500 3617/1357/4499
f 3617/1357/4499 3625/1358/4500 3626/1360/4502 3618/1359/4501
f 3618/1359/4501 3626/1360/4502 3627/1362/4504 3619/1361/4503
f 3619/1361/4503 3627/1362/4504 3628/1364/4506 3620/1363/4505
f 3620/1363/4505 3628/1364/4506 3621/1366/4494 3613/1365/4491
f 3621/1352/4494 3629/1368/4508 3630/1367/4507 3622/1351/4493
f 3622/1351/4493 3630/1367/4507 3631/1369/4509 3623/1354/4496
f 3623/1354/4496 3631/1369/4509 3632/1370/4510 3624/1356/4498
f 3624/1356/4498 3632/1370/4510 3633/1371/4511 3625/1358/4500
f 3625/1358/4500 3633/1371/4511 3634/1372/4512 3626/1360/4502
f 3626/1360/4502 3634/1372/4512 3635/1373/4513 3627/1362/4504
f 3627/1362/4504 3635/1373/4513 3636/1374/4514 3628/1364/4506
f 3628/1364/4506 3636/1374/4514 3629/1375/4508 3621/1366/4494
f 3629/1368/4508 3637/1377/4516 3638/1376/4515 3630/1367/4507
f 3630/1367/4507 3638/1376/4515 3639/1378/4517 3631/1369/4509
f 3631/1369/4509 3639/1378/4517 3640/1379/4518 3632/1370/4510
f 3632/1370/4510 3640/1379/4518 3641/1380/4519 3633/1371/4511
f 3633/1371/4511 3641/1380/4519 3642/1381/4520 3634/1372/4512
f 3634/1372/4512 3642/1381/4520 3643/1382/4521 3635/1373/4513
f 3635/1373/4513 3643/1382/4521 3644/1383/4522 3636/1374/4514
f 3636/1374/4514 3644/1383/4522 3637/1384/4516 3629/1375/4508
f 3637/1377/4516 3645/1386/4524 3646/1385/4523 3638/1376/4515
f 3638/1376/4515 3646/1385/4523 3647/1387/4525 3639/1378/4517
f 3639/1378/4517 3647/1387/4525 3648/1388/4526 3640/1379/4518
f 3640/1379/4518 3648/1388/4526 3649/1389/4527 3641/1380/4519
f 3641/1380/4519 3649/1389/4527 3650/1390/4528 3642/1381/4520
f 3642/1381/4520 3650/1390/4528 3651/1391/4529 3643/1382/4521
f 3643/1382/4521 3651/1391/4529 3652/1392/4530 3644/1383/4522
f 3644/1383/4522 3652/1392/4530 3645/1393/4524 3637/1384/4516
f 3645/1386/4524 3653/1395/4532 3654/1394/4531 3646/1385/4523
f 3646/1385/4523 3654/1394/4531 3655/1396/4533 3647/1387/4525
f 3647/1387/4525 3655/1396/4533 3656/1397/4534 3648/1388/4526
f 3648/1388/4526 3656/1397/4534 3657/1398/4535 3649/1389/4527
f 3649/1389/4527 3657/1398/4535 3658/1399/4536 3650/1390/4528
f 3650/1390/4528 3658/1399/4536 3659/1400/4537 3651/1391/4529
f 3651/1391/4529 3659/1400/4537 3660/1401/4538 3652/1392/4530
f 3652/1392/4530 3660/1401/4538 3653/1402/4532 3645/1393/4524
f 3653/1395/4532 3661/1404/4540 3662/1403/4539 3654/1394/4531
f 3654/1394/4531 3662/1403/4539 3663/1405/4541 3655/1396/4533
f 3655/1396/4533 3663/1405/4541 3664/1406/4542 3656/1397/4534
f 3656/1397/4534 3664/1406/4542 3665/1407/4543 3657/1398/4535
f 3657/1398/4535 3665/1407/4543 3666/1408/4544 3658/1399/4536
f 3658/1399/4536 3666/1408/4544 3667/1409/4545 3659/1400/4537
f 3659/1400/4537 3667/1409/4545 3668/1410/4546 3660/1401/4538
f 3660/1401/4538 3668/1410/4546 3661/1411/4540 3653/1402/4532
f 3661/1404/4540 3669/1413/4548 3670/1412/4547 3662/1403/4539
f 3662/1403/4539 3670/1412/4547 3671/1414/4549 3663/1405/4541
f 3663/1405/4541 3671/1414/4549 3672/1415/4550 3664/1406/4542
f 3664/1406/4542 3672/1415/4550 3673/1416/4551 3665/1407/4543
f 3665/1407/4543 3673/1416/4551 3674/1417/4552 3666/1408/4544
f 3666/1408/4544 3674/1417/4552 3675/1418/4553 3667/1409/4545
f 3667/1409/4545 3675/1418/4553 3676/1419/4554 3668/1410/4546
f 3668/1410/4546 3676/1419/4554 3669/1420/4548 3661/1411/4540
f 3669/1413/4548 3677/1422/4556 3678/1421/4555 3670/1412/4547
f 3670/1412/4547 3678/1421/4555 3679/1423/4557 3671/1414/4549
f 3671/1414/4549 3679/1423/4557 3680/1424/4558 3672/1415/4550
f 3672/1415/4550 3680/1424/4558 3681/1425/4559 3673/1416/4551
f 3673/1416/4551 3681/1425/4559 3682/1426/4560 3674/1417/4552
f 3674/1417/4552 3682/1426/4560 3683/1427/4561 3675/1418/4553
f 3675/1418/4553 3683/1427/4561 3684/1428/4562 3676/1419/4554
f 3676/1419/4554 3684/1428/4562 3677/1429/4556 3669/1420/4548
f 3677/1422/4556 3685/1431/4564 3686/1430/4563 3678/1421/4555
f 3678/1421/4555 3686/1430/4563 3687/1432/4565 3679/1423/4557
f 3679/1423/4557 3687/1432/4565 3688/1433/4566 3680/1424/4558
f 3680/1424/4558 3688/1433/4566 3689/1434/4567 3681/1425/4559
f 3681/1425/4559 3689/1434/4567 3690/1435/4568 3682/1426/4560
f 3682/1426/4560 3690/1435/4568 3691/1436/4569 3683/1427/4561
f 3683/1427/4561 3691/1436/4569 3692/1437/4570 3684/1428/4562
f 3684/1428/4562 3692/1437/4570 3685/1438/4564 3677/1429/4556
f 3685/1431/4564 3693/1440/4572 3694/1439/4571 3686/1430/4563
f 3686/1430/4563 3694/1439/4571 3695/1441/4573 3687/1432/4565
f 3687/1432/4565 3695/1441/4573 3696/1442/4574 3688/1433/4566
f 3688/1433/4566 3696/1442/4574 3697/1443/4575 3689/1434/4567
f 3689/1434/4567 3697/1443/4575 3698/1444/4576 3690/1435/4568
f 3690/1435/4568 3698/1444/4576 3699/1445/4577 3691/1436/4569
f 3691/1436/4569 3699/1445/4577 3700/1446/4578 3692/1437/4570
f 3692/1437/4570 3700/1446/4578 3693/1447/4572 3685/1438/4564
f 3693/1440/4572 3701/1449/4580 3702/1448/4579 3694/1439/4571
f 3694/1439/4571 3702/1448/4579 3703/1450/4581 3695/1441/4573
f 3695/1441/4573 3703/1450/4581 3704/1451/4582 3696/1442/4574
f 3696/1442/4574 3704/1451/4582 3705/1452/4583 3697/1443/4575
f 3697/1443/4575 3705/1452/4583 3706/1453/4584 3698/1444/4576
f 3698/1444/4576 3706/1453/4584 3707/1454/4585 3699/1445/4577
f 3699/1445/4577 3707/1454/4585 3708/1455/4586 3700/1446/4578
f 3700/1446/4578 3708/1455/4586 3701/1456/4580 3693/1447/4572
f 3701/1449/4580 3709/1458/4588 3710/1457/4587 3702/1448/4579
f 3702/1448/4579 3710/1457/4587 3711/1459/4589 3703/1450/4581
f 3703/1450/4581 3711/1459/4589 3712/1460/4590 3704/1451/4582
f 3704/1451/4582 3712/1460/4590 3713/1461/4591 3705/1452/4583
f 3705/1452/4583 3713/1461/4591 3714/1462/4592 3706/1453/4584
f 3706/1453/4584 3714/1462/4592 3715/1463/4593 3707/1454/4585
f 3707/1454/4585 3715/1463/4593 3716/1464/4594 3708/1455/4586
f 3708/1455/4586 3716/1464/4594 3709/1465/4588 3701/1456/4580
f 3709/1458/4588 3717/1467/4596 3718/1466/4595 3710/1457/4587
f 3710/1457/4587 3718/1466/4595 3719/1468/4597 3711/1459/4589
f 3711/1459/4589 3719/1468/4597 3720/1469/4598 3712/1460/4590
f 3712/1460/4590 3720/1469/4598 3721/1470/4599 3713/1461/4591
f 3713/1461/4591 3721/1470/4599 3722/1471/4600 3714/1462/4592
f 3714/1462/4592 3722/1471/4600 3723/1472/4601 3715/1463/4593
f 3715/1463/4593 3723/1472/4601 3724/1473/4602 3716/1464/4594
f 3716/1464/4594 3724/1473/4602 3717/1474/4596 3709/1465/4588
f 3717/1467/4596 3725/1476/4604 3726/1475/4603 3718/1466/4595
f 3718/1466/4595 3726/1475/4603 3727/1477/4605 3719/1468/4597
f 3719/1468/4597 3727/1477/4605 3728/1478/4606 3720/1469/4598
f 3720/1469/4598 3728/1478/4606 3729/1479/4607 3721/1470/4599
f 3721/1470/4599 3729/1479/4607 3730/1480/4608 3722/1471/4600
f 3722/1471/4600 3730/1480/4608 3731/1481/4609 3723/1472/4601
f 3723/1472/4601 3731/1481/4609 3732/1482/4610 3724/1473/4602
f 3724/1473/4602 3732/1482/4610 3725/1483/4604 3717/1474/4596
f 3725/1476/4604 3733/1485/4612 3734/1484/4611 3726/1475/4603
f 3726/1475/4603 3734/1484/4611 3735/1486/4613 3727/1477/4605
f 3727/1477/4605 3735/1486/4613 3736/1487/4614 3728/1478/4606
f 3728/1478/4606 3736/1487/4614 3737/1488/4615 3729/1479/4607
f 3729/1479/4607 3737/1488/4615 3738/1489/4616 3730/1480/4608
f 3730/1480/4608 3738/1489/4616 3739/1490/4617 3731/1481/4609
f 3731/1481/4609 3739/1490/4617 3740/1491/4618 3732/1482/4610
f 3732/1482/4610 3740/1491/4618 3733/1492/4612 3725/1483/4604
f 3733/1485/4612 3741/1494/4620 3742/1493/4619 3734/1484/4611
f 3734/1484/4611 3742/1493/4619 3743/1495/4621 3735/1486/4613
f 3735/1486/4613 3743/1495/4621 3744/1496/4622 3736/1487/4614
f 3736/1487/4614 3744/1496/4622 3745/1497/4623 3737/1488/4615
f 3737/1488/4615 3745/1497/4623 3746/1498/4624 3738/1489/4616
f 3738/1489/4616 3746/1498/4624 3747/1499/4625 3739/1490/4617
f 3739/1490/4617 3747/1499/4625 3748/1500/4626 3740/1491/4618
f 3740/1491/4618 3748/1500/4626 3741/1501/4620 3733/1492/4612
f 3741/1494/4620 3749/1503/4628 3750/1502/4627 3742/1493/4619
f 3742/1493/4619 3750/1502/4627 3751/1504/4629 3743/1495/4621
f 3743/1495/4621 3751/1504/4629 3752/1505/4630 3744/1496/4622
f 3744/1496/4622 3752/1505/4630 3753/1506/4631 3745/1497/4623
f 3745/1497/4623 3753/1506/4631 3754/1507/4632 3746/1498/4624
f 3746/1498/4624 3754/1507/4632 3755/1508/4633 3747/1499/4625
f 3747/1499/4625 3755/1508/4633 3756/1509/4634 3748/1500/4626
f 3748/1500/4626 3756/1509/4634 3749/1510/4628 3741/1501/4620
f 3749/1503/4628 3757/1512/4636 3758/1511/4635 3750/1502/4627
f 3750/1502/4627 3758/1511/4635 3759/1513/4637 3751/1504/4629
f 3751/1504/4629 3759/1513/4637 3760/1514/4638 3752/1505/4630
f 3752/1505/4630 3760/1514/4638 3761/1515/4639 3753/1506/4631
f 3753/1506/4631 3761/1515/4639 3762/1516/4640 3754/1507/4632
f 3754/1507/4632 3762/1516/4640 3763/1517/4641 3755/1508/4633
f 3755/1508/4633 3763/1517/4641 3764/1518/4642 3756/1509/4634
f 3756/1509/4634 3764/1518/4642 3757/1519/4636 3749/1510/4628
f 3757/1512/4636 3765/1521/4644 3766/1520/4643 3758/1511/4635
f 3758/1511/4635 3766/1520/4643 3767/1522/4645 3759/1513/4637
f 3759/1513/4637 3767/1522/4645 3768/1523/4646 3760/1514/4638
f 3760/1514/4638 3768/1523/4646 3769/1524/4647 3761/1515/4639
f 3761/1515/4639 3769/1524/4647 3770/1525/4648 3762/1516/4640
f 3762/1516/4640 3770/1525/4648 3771/1526/4649 3763/1517/4641
f 3763/1517/4641 3771/1526/4649 3772/1527/4650 3764/1518/4642
f 3764/1518/4642 3772/1527/4650 3765/1528/4644 3757/1519/4636
f 3765/1521/4644 3773/1530/4652 3774/1529/4651 3766/1520/4643
f 3766/1520/4643 3774/1529/4651 3775/1531/4653 3767/1522/4645
f 3767/1522/4645 3775/1531/4653 3776/1532/4654 3768/1523/4646
f 3768/1523/4646 3776/1532/4654 3777/1533/4655 3769/1524/4647
f 3769/1524/4647 3777/1533/4655 3778/1534/4656 3770/1525/4648
f 3770/1525/4648 3778/1534/4656 3779/1535/4657 3771/1526/4649
f 3771/1526/4649 3779/1535/4657 3780/1536/4658 3772/1527/4650
f 3772/1527/4650 3780/1536/4658 3773/1537/4652 3765/1528/4644
f 3773/1530/4652 3781/1539/4660 3782/1538/4659 3774/1529/4651
f 3774/1529/4651 3782/1538/4659 3783/1540/4661 3775/1531/4653
f 3775/1531/4653 3783/1540/4661 3784/1541/4662 3776/1532/4654
f 3776/1532/4654 3784/1541/4662 3785/1542/4663 3777/1533/4655
f 3777/1533/4655 3785/1542/4663 3786/1543/4664 3778/1534/4656
f 3778/1534/4656 3786/1543/4664 3787/1544/4665 3779/1535/4657
f 3779/1535/4657 3787/1544/4665 3788/1545/4666 3780/1536/4658
f 3780/1536/4658 3788/1545/4666 3781/1546/4660 3773/1537/4652
f 3781/1539/4660 3789/1548/4668 3790/1547/4667 3782/1538/4659
f 3782/1538/4659 3790/1547/4667 3791/1549/4669 3783/1540/4661
f 3783/1540/4661 3791/1549/4669 3792/1550/4670 3784/1541/4662
f 3784/1541/4662 3792/1550/4670 3793/1551/4671 3785/1542/4663
f 3785/1542/4663 3793/1551/4671 3794/1552/4672 3786/1543/4664
f 3786/1543/4664 3794/1552/4672 3795/1553/4673 3787/1544/4665
f 3787/1544/4665 3795/1553/4673 3796/1554/4674 3788/1545/4666
f 3788/1545/4666 3796/1554/4674 3789/1555/4668 3781/1546/4660
f 3789/1548/4668 3797/1557/4676 3798/1556/4675 3790/1547/4667
f 3790/1547/4667 3798/1556/4675 3799/1558/4677 3791/1549/4669
f 3791/1549/4669 3799/1558/4677 3800/1559/4678 3792/1550/4670
f 3792/1550/4670 3800/1559/4678 3801/1560/4679 3793/1551/4671
f 3793/1551/4671 3801/1560/4679 3802/1561/4680 3794/1552/4672
f 3794/1552/4672 3802/1561/4680 3803/1562/4681 3795/1553/4673
f 3795/1553/4673 3803/1562/4681 3804/1563/4682 3796/1554/4674
f 3796/1554/4674 3804/1563/4682 3797/1564/4676 3789/1555/4668
f 3797/1557/4676 3805/1566/4684 3806/1565/4683 3798/1556/4675
f 3798/1556/4675 3806/1565/4683 3807/1567/4685 3799/1558/4677
f 3799/1558/4677 3807/1567/4685 3808/1568/4686 3800/1559/4678
f 3800/1559/4678 3808/1568/4686 3809/1569/4687 3801/1560/4679
f 3801/1560/4679 3809/1569/4687 3810/1570/4688 3802/1561/4680
f 3802/1561/4680 3810/1570/4688 3811/1571/4689 3803/1562/4681
f 3803/1562/4681 3811/1571/4689 3812/1572/4690 3804/1563/4682
f 3804/1563/4682 3812/1572/4690 3805/1573/4684 3797/1564/4676
f 3805/1566/4684 3813/507/4692 3814/1574/4691 3806/1565/4683
f 3806/1565/4683 3814/1574/4691 3815/1575/4693 3807/1567/4685
f 3807/1567/4685 3815/1575/4693 3816/1576/4694 3808/1568/4686
f 3808/1568/4686 3816/1576/4694 3817/1577/4695 3809/1569/4687
f 3809/1569/4687 3817/1577/4695 3818/1578/4696 3810/1570/4688
f 3810/1570/4688 3818/1578/4696 3819/1579/4697 3811/1571/4689
f 3811/1571/4689 3819/1579/4697 3820/1580/4698 3812/1572/4690
f 3812/1572/4690 3820/1580/4698 3813/1581/4692 3805/1573/4684
f 3821/1026/4699 4100/1583/4702 4099/1582/4701 3822/1027/4700
f 3822/1027/4700 4099/1582/4701 4098/1584/4704 3823/1030/4703
f 3823/1030/4703 4098/1584/4704 4097/1585/4706 3824/1032/4705
f 3824/1032/4705 4097/1585/4706 4096/1586/4708 3825/1034/4707
f 3825/1034/4707 4096/1586/4708 4095/1587/4710 3826/1036/4709
f 3826/1036/4709 4095/1587/4710 4094/1588/4712 3827/1038/4711
f 3827/1038/4711 4094/1588/4712 4093/1589/4714 3828/1040/4713
f 3828/1040/4713 4093/1589/4714 4092/1590/4716 3829/1042/4715
f 3829/1042/4715 4092/1590/4716 4091/1591/4718 3830/1044/4717
f 3830/1044/4717 4091/1591/4718 4090/1592/4720 3831/1046/4719
f 3831/1046/4719 4090/1592/4720 4089/1593/4722 3832/1048/4721
f 3832/1048/4721 4089/1593/4722 4088/1594/4724 3833/1050/4723
f 3833/1050/4723 4088/1594/4724 4087/1595/4726 3834/1052/4725
f 3834/1052/4725 4087/1595/4726 4086/1596/4728 3835/1054/4727
f 3835/1054/4727 4086/1596/4728 4085/1597/4730 3836/1056/4729
f 3836/1056/4729 4085/1597/4730 4084/1598/4732 3837/1058/4731
f 3837/1058/4731 4084/1598/4732 4083/1599/4734 3838/1060/4733
f 3838/1060/4733 4083/1599/4734 4102/1600/4736 3839/1062/4735
f 3839/1062/4735 4102/1600/4736 4101/1601/4738 3840/1064/4737
f 3840/1064/4737 4101/1601/4738 4100/1583/4702 3821/1026/4699
f 3841/1150/4739 3921/1603/4742 3920/1602/4741 3842/1151/4740
f 3842/1151/4740 3920/1602/4741 3919/1604/4744 3843/1152/4743
f 3843/1152/4743 3919/1604/4744 3918/1605/4746 3844/1153/4745
f 3844/1153/4745 3918/1605/4746 3917/1606/4748 3845/1154/4747
f 3845/1154/4747 3917/1606/4748 3916/1607/4750 3846/1155/4749
f 3846/1155/4749 3916/1607/4750 3915/1608/4752 3847/1156/4751
f 3847/1156/4751 3915/1608/4752 3914/1609/4754 3848/1157/4753
f 3848/1157/4753 3914/1609/4754 3913/1610/4756 3849/1158/4755
f 3849/1158/4755 3913/1610/4756 3912/1611/4758 3850/1159/4757
f 3850/1159/4757 3912/1611/4758 3911/1612/4760 3851/1160/4759
f 3851/1160/4759 3911/1612/4760 3910/1613/4762 3852/1161/4761
f 3852/1161/4761 3910/1613/4762 3909/1614/4764 3853/1162/4763
f 3853/1162/4763 3909/1614/4764 3908/1615/4766 3854/1163/4765
f 3854/1163/4765 3908/1615/4766 3907/1616/4768 3855/1164/4767
f 3855/1164/4767 3907/1616/4768 3906/1617/4770 3856/1165/4769
f 3856/1165/4769 3906/1617/4770 3905/1618/4772 3857/1166/4771
f 3857/1166/4771 3905/1618/4772 3904/1619/4774 3858/1167/4773
f 3858/1167/4773 3904/1619/4774 3903/1620/4776 3859/1168/4775
f 3859/1168/4775 3903/1620/4776 3922/1621/4778 3860/1169/4777
f 3860/1169/4777 3922/1621/4778 3921/1622/4742 3841/1170/4739
f 3861/1108/4779 4379/1624/4782 4378/1623/4781 3862/1109/4780
f 3862/1109/4780 4378/1623/4781 4377/1625/4784 3863/1112/4783
f 3863/1112/4783 4377/1625/4784 4376/1626/4786 3864/1114/4785
f 3864/1114/4785 4376/1626/4786 4375/1627/4788 3865/1116/4787
f 3865/1116/4787 4375/1627/4788 4374/1628/4790 3866/1118/4789
f 3866/1118/4789 4374/1628/4790 4373/1629/4792 3867/1120/4791
f 3867/1120/4791 4373/1629/4792 4372/1630/4794 3868/1122/4793
f 3868/1122/4793 4372/1630/4794 4371/1631/4796 3869/1124/4795
f 3869/1124/4795 4371/1631/4796 4370/1632/4798 3870/1126/4797
f 3870/1126/4797 4370/1632/4798 4369/1633/4800 3871/1128/4799
f 3871/1128/4799 4369/1633/4800 4368/1634/4802 3872/1130/4801
f 3872/1130/4801 4368/1634/4802 4367/1635/4804 3873/1132/4803
f 3873/1132/4803 4367/1635/4804 4366/1636/4806 3874/1134/4805
f 3874/1134/4805 4366/1636/4806 4365/1637/4808 3875/1136/4807
f 3875/1136/4807 4365/1637/4808 4364/1638/4810 3876/1138/4809
f 3876/1138/4809 4364/1638/4810 4363/1639/4812 3877/1140/4811
f 3877/1140/4811 4363/1639/4812 4382/1640/4814 3878/1142/4813
f 3878/1142/4813 4382/1640/4814 4381/1641/4816 3879/1144/4815
f 3879/1144/4815 4381/1641/4816 4380/1642/4818 3880/1146/4817
f 3880/1146/4817 4380/1642/4818 4379/1624/4782 3861/1108/4779
f 3822/1027/4700 3901/1148/4819 3821/1026/4699
f 3823/1030/4703 3901/1148/4819 3822/1027/4700
f 3824/1032/4705 3901/1148/4819 3823/1030/4703
f 3825/1034/4707 3901/1148/4819 3824/1032/4705
f 3826/1036/4709 3901/1148/4819 3825/1034/4707
f 3827/1038/4711 3901/1148/4819 3826/1036/4709
f 3828/1040/4713 3901/1148/4819 3827/1038/4711
f 3829/1042/4715 3901/1148/4819 3828/1040/4713
f 3830/1044/4717 3901/1148/4819 3829/1042/4715
f 3831/1046/4719 3901/1148/4819 3830/1044/4717
f 3832/1048/4721 3901/1148/4819 3831/1046/4719
f 3833/1050/4723 3901/1148/4819 3832/1048/4721
f 3834/1052/4725 3901/1148/4819 3833/1050/4723
f 3835/1054/4727 3901/1148/4819 3834/1052/4725
f 3836/1056/4729 3901/1148/4819 3835/1054/4727
f 3837/1058/4731 3901/1148/4819 3836/1056/4729
f 3838/1060/4733 3901/1148/4819 3837/1058/4731
f 3839/1062/4735 3901/1148/4819 3838/1060/4733
f 3840/1064/4737 3901/1148/4819 3839/1062/4735
f 3821/1026/4699 3901/1148/4819 3840/1064/4737
f 3881/1111/4820 3902/1149/4822 3882/1110/4821
f 3882/1110/4821 3902/1149/4822 3883/1113/4823
f 3883/1113/4823 3902/1149/4822 3884/1115/4824
f 3884/1115/4824 3902/1149/4822 3885/1117/4825
f 3885/1117/4825 3902/1149/4822 3886/1119/4826
f 3886/1119/4826 3902/1149/4822 3887/1121/4827
f 3887/1121/4827 3902/1149/4822 3888/1123/4828
f 3888/1123/4828 3902/1149/4822 3889/1125/4829
f 3889/1125/4829 3902/1149/4822 3890/1127/4830
f 3890/1127/4830 3902/1149/4822 3891/1129/4831
f 3891/1129/4831 3902/1149/4822 3892/1131/4832
f 3892/1131/4832 3902/1149/4822 3893/1133/4833
f 3893/1133/4833 3902/1149/4822 3894/1135/4834
f 3894/1135/4834 3902/1149/4822 3895/1137/4835
f 3895/1137/4835 3902/1149/4822 3896/1139/4836
f 3896/1139/4836 3902/1149/4822 3897/1141/4837
f 3897/1141/4837 3902/1149/4822 3898/1143/4838
f 3898/1143/4838 3902/1149/4822 3899/1145/4839
f 3899/1145/4839 3902/1149/4822 3900/1147/4840
f 3900/1147/4840 3902/1149/4822 3881/1111/4820
f 3904/1619/4774 4122/1644/4842 4121/1643/4841 3903/1620/4776
f 3905/1618/4772 4103/1645/4843 4122/1644/4842 3904/1619/4774
f 3906/1617/4770 4104/1646/4844 4103/1645/4843 3905/1618/4772
f 3907/1616/4768 4105/1647/4845 4104/1646/4844 3906/1617/4770
f 3908/1615/4766 4106/1648/4846 4105/1647/4845 3907/1616/4768
f 3909/1614/4764 4107/1649/4847 4106/1648/4846 3908/1615/4766
f 3910/1613/4762 4108/1650/4848 4107/1649/4847 3909/1614/4764
f 3911/1612/4760 4109/1651/4849 4108/1650/4848 3910/1613/4762
f 3912/1611/4758 4110/1652/4850 4109/1651/4849 3911/1612/4760
f 3913/1610/4756 4111/1653/4851 4110/1652/4850 3912/1611/4758
f 3914/1609/4754 4112/1654/4852 4111/1653/4851 3913/1610/4756
f 3915/1608/4752 4113/1655/4853 4112/1654/4852 3914/1609/4754
f 3916/1607/4750 4114/1656/4854 4113/1655/4853 3915/1608/4752
f 3917/1606/4748 4115/1657/4855 4114/1656/4854 3916/1607/4750
f 3918/1605/4746 4116/1658/4856 4115/1657/4855 3917/1606/4748
f 3919/1604/4744 4117/1659/4857 4116/1658/4856 3918/1605/4746
f 3920/1602/4741 4118/1660/4858 4117/1659/4857 3919/1604/4744
f 3921/1603/4742 4119/1661/4859 4118/1660/4858 3920/1602/4741
f 3922/1621/4778 4120/1663/4860 4119/1662/4859 3921/1622/4742
f 3903/1620/4776 4121/1643/4841 4120/1663/4860 3922/1621/4778
f 3964/1664/4861 4184/1667/4864 4183/1666/4863 3963/1665/4862
f 3967/1668/4865 4185/1669/4866 4184/1667/4864 3964/1664/4861
f 3969/1670/4867 4186/1671/4868 4185/1669/4866 3967/1668/4865
f 3971/1672/4869 4187/1673/4870 4186/1671/4868 3969/1670/4867
f 3973/1674/4871 4188/1675/4872 4187/1673/4870 3971/1672/4869
f 3975/1676/4873 4189/1677/4874 4188/1675/4872 3973/1674/4871
f 3977/1678/4875 4190/1679/4876 4189/1677/4874 3975/1676/4873
f 3979/1680/4877 4191/1681/4878 4190/1679/4876 3977/1678/4875
f 3981/1682/4879 4192/1683/4880 4191/1681/4878 3979/1680/4877
f 3983/1684/4881 4193/1685/4882 4192/1683/4880 3981/1682/4879
f 3985/1686/4883 4194/1687/4884 4193/1685/4882 3983/1684/4881
f 3987/1688/4885 4195/1689/4886 4194/1687/4884 3985/1686/4883
f 3989/1690/4887 4196/1691/4887 4195/1689/4886 3987/1688/4885
f 3991/1692/4888 4197/1693/4889 4196/1691/4887 3989/1690/4887
f 3993/1694/4890 4198/1695/4891 4197/1693/4889 3991/1692/4888
f 3995/1696/4892 4199/1699/4893 4198/1698/4891 3993/1697/4890
f 3997/1700/4894 4200/1701/4895 4199/1699/4893 3995/1696/4892
f 3999/1702/4896 4201/1703/4897 4200/1701/4895 3997/1700/4894
f 4001/1704/4898 4202/1705/4899 4201/1703/4897 3999/1702/4896
f 3963/1665/4862 4183/1666/4863 4202/1705/4899 4001/1704/4898
f 3944/1706/4900 4204/1709/4862 4203/1708/4902 3943/1707/4901
f 3945/1710/4903 4205/1711/4904 4204/1709/4862 3944/1706/4900
f 3946/1712/4905 4206/1713/4906 4205/1711/4904 3945/1710/4903
f 3947/1714/4907 4207/1715/4908 4206/1713/4906 3946/1712/4905
f 3948/1716/4909 4208/1717/4910 4207/1715/4908 3947/1714/4907
f 3949/1718/4911 4209/1719/4912 4208/1717/4910 3948/1716/4909
f 3950/1720/4913 4210/1721/4914 4209/1719/4912 3949/1718/4911
f 3951/1722/4915 4211/1723/4916 4210/1721/4914 3950/1720/4913
f 3952/1724/4917 4212/1725/4918 4211/1723/4916 3951/1722/4915
f 3953/1726/4919 4213/1727/4920 4212/1725/4918 3952/1724/4917
f 3954/1728/4921 4214/1729/4922 4213/1727/4920 3953/1726/4919
f 3955/1730/4923 4215/1731/4924 4214/1729/4922 3954/1728/4921
f 3956/1732/4925 4216/1733/4926 4215/1731/4924 3955/1730/4923
f 3957/1734/4927 4217/1735/4928 4216/1733/4926 3956/1732/4925
f 3958/1736/4929 4218/1737/4930 4217/1735/4928 3957/1734/4927
f 3959/1738/4931 4219/1739/4932 4218/1737/4930 3958/1736/4929
f 3960/1740/4933 4220/1743/4934 4219/1742/4932 3959/1741/4931
f 3961/1744/4935 4221/1745/4936 4220/1743/4934 3960/1740/4933
f 3962/1746/4937 4222/1747/4938 4221/1745/4936 3961/1744/4935
f 3943/1707/4901 4203/1708/4902 4222/1747/4938 3962/1746/4937
f 3924/1664/4939 4164/1664/4942 4163/1665/4941 3923/1665/4940
f 3944/1706/4943 4143/1706/4946 4162/1710/4945 3945/1710/4944
f 3925/1668/4947 4165/1668/4948 4164/1664/4942 3924/1664/4939
f 3945/1710/4944 4162/1710/4945 4161/1712/4950 3946/1712/4949
f 3926/1670/4951 4166/1670/4952 4165/1668/4948 3925/1668/4947
f 3946/1712/4949 4161/1712/4950 4160/1714/4954 3947/1714/4953
f 3927/1672/4955 4167/1672/4956 4166/1670/4952 3926/1670/4951
f 3947/1714/4953 4160/1714/4954 4159/1716/4958 3948/1716/4957
f 3928/1674/4959 4168/1674/4960 4167/1672/4956 3927/1672/4955
f 3948/1716/4957 4159/1716/4958 4158/1718/4962 3949/1718/4961
f 3929/1676/4963 4169/1676/4964 4168/1674/4960 3928/1674/4959
f 3949/1718/4961 4158/1718/4962 4157/1720/4966 3950/1720/4965
f 3930/1678/4967 4170/1678/4968 4169/1676/4964 3929/1676/4963
f 3950/1720/4965 4157/1720/4966 4156/1722/4970 3951/1722/4969
f 3931/1680/4971 4171/1680/4972 4170/1678/4968 3930/1678/4967
f 3951/1722/4969 4156/1722/4970 4155/1724/4974 3952/1724/4973
f 3932/1682/4975 4172/1682/4976 4171/1680/4972 3931/1680/4971
f 3952/1724/4973 4155/1724/4974 4154/1726/4978 3953/1726/4977
f 3933/1684/4979 4173/1684/4980 4172/1682/4976 3932/1682/4975
f 3953/1726/4977 4154/1726/4978 4153/1728/4982 3954/1728/4981
f 3934/1686/4983 4174/1686/4984 4173/1684/4980 3933/1684/4979
f 3954/1728/4981 4153/1728/4982 4152/1730/4986 3955/1730/4985
f 3935/1688/4987 4175/1688/4988 4174/1686/4984 3934/1686/4983
f 3955/1730/4985 4152/1730/4986 4151/1732/4990 3956/1732/4989
f 3936/1690/4991 4176/1690/4992 4175/1688/4988 3935/1688/4987
f 3956/1732/4989 4151/1732/4990 4150/1734/4994 3957/1734/4993
f 3937/1692/4995 4177/1692/4996 4176/1690/4992 3936/1690/4991
f 3957/1734/4993 4150/1734/4994 4149/1736/4998 3958/1736/4997
f 3938/1694/4999 4178/1694/5000 4177/1692/4996 3937/1692/4995
f 3958/1736/4997 4149/1736/4998 4148/1738/5002 3959/1738/5001
f 3939/1696/5003 4179/1696/5004 4178/1697/5000 3938/1697/4999
f 3959/1741/5001 4148/1741/5002 4147/1740/5006 3960/1740/5005
f 3940/1700/5007 4180/1700/5008 4179/1696/5004 3939/1696/5003
f 3960/1740/5005 4147/1740/5006 4146/1744/5009 3961/1744/5009
f 3941/1702/5010 4181/1702/5011 4180/1700/5008 3940/1700/5007
f 3961/1744/5009 4146/1744/5009 4145/1746/5013 3962/1746/5012
f 3942/1704/5014 4182/1704/5015 4181/1702/5011 3941/1702/5010
f 3962/1746/5012 4145/1746/5013 4144/1707/5017 3943/1707/5016
f 3923/1665/4940 4163/1665/4941 4182/1704/5015 3942/1704/5014
f 3943/1707/5016 4144/1707/5017 4143/1706/4946 3944/1706/4943
f 4004/1748/5018 4324/1751/5021 4323/1750/5020 4003/1749/5019
f 4005/1752/5022 4325/1753/5023 4324/1751/5021 4004/1748/5018
f 4006/1754/5024 4326/1755/5025 4325/1753/5023 4005/1752/5022
f 4007/1756/5026 4327/1757/5027 4326/1755/5025 4006/1754/5024
f 4008/1758/5028 4328/1759/5029 4327/1757/5027 4007/1756/5026
f 4009/1760/5030 4329/1761/5031 4328/1759/5029 4008/1758/5028
f 4010/1762/5032 4330/1763/5033 4329/1761/5031 4009/1760/5030
f 4011/1764/5034 4331/1765/5035 4330/1763/5033 4010/1762/5032
f 4012/1766/5036 4332/1767/5037 4331/1765/5035 4011/1764/5034
f 4013/1768/5038 4333/1769/5039 4332/1767/5037 4012/1766/5036
f 4014/1770/5040 4334/1771/5041 4333/1769/5039 4013/1768/5038
f 4015/1772/5042 4335/1773/4883 4334/1771/5041 4014/1770/5040
f 4016/1774/5043 4336/1775/5044 4335/1773/4883 4015/1772/5042
f 4017/1776/5045 4337/1777/5046 4336/1775/5044 4016/1774/5043
f 4018/1778/5047 4338/1779/5048 4337/1777/5046 4017/1776/5045
f 4019/1780/5049 4339/1781/5050 4338/1779/5048 4018/1778/5047
f 4020/1782/5051 4340/1785/5052 4339/1784/5050 4019/1783/5049
f 4021/1786/5053 4341/1787/5054 4340/1785/5052 4020/1782/5051
f 4022/1788/5055 4342/1789/5056 4341/1787/5054 4021/1786/5053
f 4003/1749/5019 4323/1750/5020 4342/1789/5056 4022/1788/5055
f 4044/1790/5057 4263/1793/5060 4282/1792/5059 4043/1791/5058
f 4047/1794/5061 4264/1795/5062 4263/1793/5060 4044/1790/5057
f 4049/1796/5063 4265/1797/5064 4264/1795/5062 4047/1794/5061
f 4051/1798/5065 4266/1799/5066 4265/1797/5064 4049/1796/5063
f 4053/1800/5067 4267/1801/5068 4266/1799/5066 4051/1798/5065
f 4055/1802/5069 4268/1803/5070 4267/1801/5068 4053/1800/5067
f 4057/1804/5071 4269/1805/5072 4268/1803/5070 4055/1802/5069
f 4059/1806/5073 4270/1807/5074 4269/1805/5072 4057/1804/5071
f 4061/1808/5075 4271/1809/5076 4270/1807/5074 4059/1806/5073
f 4063/1810/5077 4272/1811/5078 4271/1809/5076 4061/1808/5075
f 4065/1812/5079 4273/1813/5080 4272/1811/5078 4063/1810/5077
f 4067/1814/5081 4274/1815/5082 4273/1813/5080 4065/1812/5079
f 4069/1816/5083 4275/1817/5084 4274/1815/5082 4067/1814/5081
f 4071/1818/5085 4276/1819/5086 4275/1817/5084 4069/1816/5083
f 4073/1820/5087 4277/1821/5088 4276/1819/5086 4071/1818/5085
f 4075/1822/5089 4278/1823/5090 4277/1821/5088 4073/1820/5087
f 4077/1824/5091 4279/1827/5092 4278/1826/5090 4075/1825/5089
f 4079/1828/5093 4280/1829/5094 4279/1827/5092 4077/1824/5091
f 4081/1830/5095 4281/1831/5096 4280/1829/5094 4079/1828/5093
f 4043/1791/5058 4282/1792/5059 4281/1831/5096 4081/1830/5095
f 4024/1790/5097 4243/1790/5097 4262/1791/5014 4023/1791/5098
f 4003/1749/5099 4283/1749/5102 4302/1748/5101 4004/1748/5100
f 4025/1794/5103 4244/1794/5104 4243/1790/5097 4024/1790/5097
f 4004/1748/5100 4302/1748/5101 4301/1752/5106 4005/1752/5105
f 4026/1796/5107 4245/1796/5108 4244/1794/5104 4025/1794/5103
f 4005/1752/5105 4301/1752/5106 4300/1754/5110 4006/1754/5109
f 4027/1798/5111 4246/1798/5112 4245/1796/5108 4026/1796/5107
f 4006/1754/5109 4300/1754/5110 4299/1756/5114 4007/1756/5113
f 4028/1800/5115 4247/1800/5116 4246/1798/5112 4027/1798/5111
f 4007/1756/5113 4299/1756/5114 4298/1758/5118 4008/1758/5117
f 4029/1802/5119 4248/1802/5120 4247/1800/5116 4028/1800/5115
f 4008/1758/5117 4298/1758/5118 4297/1760/5122 4009/1760/5121
f 4030/1804/5123 4249/1804/5124 4248/1802/5120 4029/1802/5119
f 4009/1760/5121 4297/1760/5122 4296/1762/5126 4010/1762/5125
f 4031/1806/5127 4250/1806/5128 4249/1804/5124 4030/1804/5123
f 4010/1762/5125 4296/1762/5126 4295/1832/5130 4011/1764/5129
f 4032/1808/5131 4251/1808/5132 4250/1806/5128 4031/1806/5127
f 4011/1764/5129 4295/1832/5130 4294/1766/5134 4012/1766/5133
f 4033/1810/5135 4252/1810/5136 4251/1808/5132 4032/1808/5131
f 4012/1766/5133 4294/1766/5134 4293/1768/5138 4013/1768/5137
f 4034/1812/5139 4253/1812/5140 4252/1810/5136 4033/1810/5135
f 4013/1768/5137 4293/1768/5138 4292/1770/5142 4014/1770/5141
f 4035/1814/5143 4254/1814/5144 4253/1812/5140 4034/1812/5139
f 4014/1770/5141 4292/1770/5142 4291/1772/5146 4015/1772/5145
f 4036/1816/5147 4255/1816/5148 4254/1814/5144 4035/1814/5143
f 4015/1772/5145 4291/1772/5146 4290/1774/5150 4016/1774/5149
f 4037/1818/5151 4256/1818/5152 4255/1816/5148 4036/1816/5147
f 4016/1774/5149 4290/1774/5150 4289/1776/5154 4017/1776/5153
f 4038/1820/5155 4257/1820/5156 4256/1818/5152 4037/1818/5151
f 4017/1776/5153 4289/1776/5154 4288/1778/5158 4018/1778/5157
f 4039/1822/5159 4258/1822/5160 4257/1820/5156 4038/1820/5155
f 4018/1778/5157 4288/1778/5158 4287/1780/5162 4019/1780/5161
f 4040/1824/5163 4259/1824/5164 4258/1825/5160 4039/1825/5159
f 4019/1783/5161 4287/1783/5162 4286/1782/5166 4020/1782/5165
f 4041/1828/5167 4260/1828/5168 4259/1824/5164 4040/1824/5163
f 4020/1782/5165 4286/1782/5166 4285/1833/5170 4021/1786/5169
f 4042/1830/5171 4261/1830/5172 4260/1828/5168 4041/1828/5167
f 4021/1786/5169 4285/1833/5170 4284/1788/5174 4022/1788/5173
f 4023/1791/5098 4262/1791/5014 4261/1830/5172 4042/1830/5171
f 4022/1788/5173 4284/1788/5174 4283/1749/5102 4003/1749/5099
f 4084/1598/4732 3857/1059/5176 3858/1061/5175 4083/1599/4734
f 4085/1597/4730 3856/1057/5177 3857/1059/5176 4084/1598/4732
f 4086/1596/4728 3855/1055/5178 3856/1057/5177 4085/1597/4730
f 4087/1595/4726 3854/1053/5179 3855/1055/5178 4086/1596/4728
f 4088/1594/4724 3853/1051/5180 3854/1053/5179 4087/1595/4726
f 4089/1593/4722 3852/1049/5181 3853/1051/5180 4088/1594/4724
f 4090/1592/4720 3851/1047/5182 3852/1049/5181 4089/1593/4722
f 4091/1591/4718 3850/1045/5183 3851/1047/5182 4090/1592/4720
f 4092/1590/4716 3849/1043/5184 3850/1045/5183 4091/1591/4718
f 4093/1589/4714 3848/1041/5185 3849/1043/5184 4092/1590/4716
f 4094/1588/4712 3847/1039/5186 3848/1041/5185 4093/1589/4714
f 4095/1587/4710 3846/1037/5187 3847/1039/5186 4094/1588/4712
f 4096/1586/4708 3845/1035/5188 3846/1037/5187 4095/1587/4710
f 4097/1585/4706 3844/1033/5189 3845/1035/5188 4096/1586/4708
f 4098/1584/4704 3843/1031/5190 3844/1033/5189 4097/1585/4706
f 4099/1582/4701 3842/1028/5191 3843/1031/5190 4098/1584/4704
f 4100/1583/4702 3841/1029/5192 3842/1028/5191 4099/1582/4701
f 4101/1601/4738 3860/1065/5193 3841/1029/5192 4100/1583/4702
f 4102/1600/4736 3859/1063/5194 3860/1065/5193 4101/1601/4738
f 4083/1599/4734 3858/1061/5175 3859/1063/5194 4102/1600/4736
f 4104/1646/4844 3923/1665/5196 3942/1704/5195 4103/1645/4843
f 4105/1647/4845 3924/1664/5197 3923/1665/5196 4104/1646/4844
f 4106/1648/4846 3925/1668/5198 3924/1664/5197 4105/1647/4845
f 4107/1649/4847 3926/1670/5199 3925/1668/5198 4106/1648/4846
f 4108/1650/4848 3927/1672/5200 3926/1670/5199 4107/1649/4847
f 4109/1651/4849 3928/1674/5201 3927/1672/5200 4108/1650/4848
f 4110/1652/4850 3929/1676/5202 3928/1674/5201 4109/1651/4849
f 4111/1653/4851 3930/1678/5203 3929/1676/5202 4110/1652/4850
f 4112/1654/4852 3931/1680/5204 3930/1678/5203 4111/1653/4851
f 4113/1655/4853 3932/1682/5205 3931/1680/5204 4112/1654/4852
f 4114/1656/4854 3933/1684/5206 3932/1682/5205 4113/1655/4853
f 4115/1657/4855 3934/1686/5207 3933/1684/5206 4114/1656/4854
f 4116/1658/4856 3935/1688/5208 3934/1686/5207 4115/1657/4855
f 4117/1659/4857 3936/1690/5209 3935/1688/5208 4116/1658/4856
f 4118/1660/4858 3937/1692/5210 3936/1690/5209 4117/1659/4857
f 4119/1661/4859 3938/1694/5211 3937/1692/5210 4118/1660/4858
f 4120/1663/4860 3939/1696/5212 3938/1697/5211 4119/1662/4859
f 4121/1643/4841 3940/1700/5213 3939/1696/5212 4120/1663/4860
f 4122/1644/4842 3941/1702/5214 3940/1700/5213 4121/1643/4841
f 4103/1645/4843 3942/1704/5195 3941/1702/5214 4122/1644/4842
f 4124/1834/5215 4223/1837/5218 4242/1836/5217 4123/1835/5216
f 4125/1838/5219 4224/1839/5220 4223/1837/5218 4124/1834/5215
f 4126/1840/5221 4225/1841/5222 4224/1839/5220 4125/1838/5219
f 4127/1842/5223 4226/1843/5224 4225/1841/5222 4126/1840/5221
f 4128/1844/5225 4227/1845/5226 4226/1843/5224 4127/1842/5223
f 4129/1846/5227 4228/1847/5228 4227/1845/5226 4128/1844/5225
f 4130/1848/5229 4229/1849/5230 4228/1847/5228 4129/1846/5227
f 4131/1850/5231 4230/1851/5232 4229/1849/5230 4130/1848/5229
f 4132/1852/5233 4231/1853/5234 4230/1851/5232 4131/1850/5231
f 4133/1854/5235 4232/1855/5236 4231/1853/5234 4132/1852/5233
f 4134/1856/5237 4233/1857/5238 4232/1855/5236 4133/1854/5235
f 4135/1858/5239 4234/1859/5240 4233/1857/5238 4134/1856/5237
f 4136/1860/5241 4235/1861/5242 4234/1859/5240 4135/1858/5239
f 4137/1862/5243 4236/1863/5244 4235/1861/5242 4136/1860/5241
f 4138/1864/5245 4237/1865/5246 4236/1863/5244 4137/1862/5243
f 4139/1866/5247 4238/1867/5248 4237/1865/5246 4138/1864/5245
f 4140/1868/5249 4239/1871/5250 4238/1870/5248 4139/1869/5247
f 4141/1872/5251 4240/1873/5252 4239/1871/5250 4140/1868/5249
f 4142/1874/5253 4241/1875/5254 4240/1873/5252 4141/1872/5251
f 4123/1835/5216 4242/1836/5217 4241/1875/5254 4142/1874/5253
f 4144/1707/5017 4002/1707/5256 3965/1706/5255 4143/1706/4946
f 4145/1746/5013 4000/1746/5257 4002/1707/5256 4144/1707/5017
f 4146/1744/5009 3998/1744/5258 4000/1746/5257 4145/1746/5013
f 4147/1740/5006 3996/1740/5259 3998/1744/5258 4146/1744/5009
f 4148/1741/5002 3994/1741/5260 3996/1740/5259 4147/1740/5006
f 4149/1736/4998 3992/1736/5261 3994/1738/5260 4148/1738/5002
f 4150/1734/4994 3990/1734/5262 3992/1736/5261 4149/1736/4998
f 4151/1732/4990 3988/1732/5263 3990/1734/5262 4150/1734/4994
f 4152/1730/4986 3986/1730/5264 3988/1732/5263 4151/1732/4990
f 4153/1728/4982 3984/1728/5265 3986/1730/5264 4152/1730/4986
f 4154/1726/4978 3982/1726/5266 3984/1728/5265 4153/1728/4982
f 4155/1724/4974 3980/1724/5267 3982/1726/5266 4154/1726/4978
f 4156/1722/4970 3978/1722/5268 3980/1724/5267 4155/1724/4974
f 4157/1720/4966 3976/1720/5269 3978/1722/5268 4156/1722/4970
f 4158/1718/4962 3974/1718/5270 3976/1720/5269 4157/1720/4966
f 4159/1716/4958 3972/1716/5271 3974/1718/5270 4158/1718/4962
f 4160/1714/4954 3970/1714/5272 3972/1716/5271 4159/1716/4958
f 4161/1712/4950 3968/1712/5273 3970/1714/5272 4160/1714/4954
f 4162/1710/4945 3966/1710/5274 3968/1712/5273 4161/1712/4950
f 4143/1706/4946 3965/1706/5255 3966/1710/5274 4162/1710/4945
f 4164/1664/4942 3964/1664/5276 3963/1665/5275 4163/1665/4941
f 4165/1668/4948 3967/1668/5277 3964/1664/5276 4164/1664/4942
f 4166/1670/4952 3969/1670/5278 3967/1668/5277 4165/1668/4948
f 4167/1672/4956 3971/1672/5279 3969/1670/5278 4166/1670/4952
f 4168/1674/4960 3973/1674/5280 3971/1672/5279 4167/1672/4956
f 4169/1676/4964 3975/1676/5281 3973/1674/5280 4168/1674/4960
f 4170/1678/4968 3977/1678/5282 3975/1676/5281 4169/1676/4964
f 4171/1680/4972 3979/1680/5283 3977/1678/5282 4170/1678/4968
f 4172/1682/4976 3981/1682/5284 3979/1680/5283 4171/1680/4972
f 4173/1684/4980 3983/1684/5285 3981/1682/5284 4172/1682/4976
f 4174/1686/4984 3985/1686/5286 3983/1684/5285 4173/1684/4980
f 4175/1688/4988 3987/1688/5287 3985/1686/5286 4174/1686/4984
f 4176/1690/4992 3989/1690/5288 3987/1688/5287 4175/1688/4988
f 4177/1692/4996 3991/1692/5289 3989/1690/5288 4176/1690/4992
f 4178/1694/5000 3993/1694/5290 3991/1692/5289 4177/1692/4996
f 4179/1696/5004 3995/1696/5291 3993/1697/5290 4178/1697/5000
f 4180/1700/5008 3997/1700/5292 3995/1696/5291 4179/1696/5004
f 4181/1702/5011 3999/1702/5293 3997/1700/5292 4180/1700/5008
f 4182/1704/5015 4001/1704/5294 3999/1702/5293 4181/1702/5011
f 4163/1665/4941 3963/1665/5275 4001/1704/5294 4182/1704/5015
f 4184/1667/4864 3966/1710/5296 3965/1706/5295 4183/1666/4863
f 4185/1669/4866 3968/1712/4865 3966/1710/5296 4184/1667/4864
f 4186/1671/4868 3970/1714/5297 3968/1712/4865 4185/1669/4866
f 4187/1673/4870 3972/1716/5298 3970/1714/5297 4186/1671/4868
f 4188/1675/4872 3974/1718/5299 3972/1716/5298 4187/1673/4870
f 4189/1677/4874 3976/1720/5300 3974/1718/5299 4188/1675/4872
f 4190/1679/4876 3978/1722/5301 3976/1720/5300 4189/1677/4874
f 4191/1681/4878 3980/1724/5302 3978/1722/5301 4190/1679/4876
f 4192/1683/4880 3982/1726/5303 3980/1724/5302 4191/1681/4878
f 4193/1685/4882 3984/1728/5304 3982/1726/5303 4192/1683/4880
f 4194/1687/4884 3986/1730/5305 3984/1728/5304 4193/1685/4882
f 4195/1689/4886 3988/1732/5306 3986/1730/5305 4194/1687/4884
f 4196/1691/4887 3990/1734/5307 3988/1732/5306 4195/1689/4886
f 4197/1693/4889 3992/1736/5308 3990/1734/5307 4196/1691/4887
f 4198/1695/4891 3994/1738/5309 3992/1736/5308 4197/1693/4889
f 4199/1699/4893 3996/1740/5310 3994/1741/5309 4198/1698/4891
f 4200/1701/4895 3998/1744/5311 3996/1740/5310 4199/1699/4893
f 4201/1703/4897 4000/1746/5312 3998/1744/5311 4200/1701/4895
f 4202/1705/4899 4002/1707/5313 4000/1746/5312 4201/1703/4897
f 4183/1666/4863 3965/1706/5295 4002/1707/5313 4202/1705/4899
f 4204/1709/4862 4124/1834/5215 4123/1835/5216 4203/1708/4902
f 4205/1711/4904 4125/1838/5219 4124/1834/5215 4204/1709/4862
f 4206/1713/4906 4126/1840/5221 4125/1838/5219 4205/1711/4904
f 4207/1715/4908 4127/1842/5223 4126/1840/5221 4206/1713/4906
f 4208/1717/4910 4128/1844/5225 4127/1842/5223 4207/1715/4908
f 4209/1719/4912 4129/1846/5227 4128/1844/5225 4208/1717/4910
f 4210/1721/4914 4130/1848/5229 4129/1846/5227 4209/1719/4912
f 4211/1723/4916 4131/1850/5231 4130/1848/5229 4210/1721/4914
f 4212/1725/4918 4132/1852/5233 4131/1850/5231 4211/1723/4916
f 4213/1727/4920 4133/1854/5235 4132/1852/5233 4212/1725/4918
f 4214/1729/4922 4134/1856/5237 4133/1854/5235 4213/1727/4920
f 4215/1731/4924 4135/1858/5239 4134/1856/5237 4214/1729/4922
f 4216/1733/4926 4136/1860/5241 4135/1858/5239 4215/1731/4924
f 4217/1735/4928 4137/1862/5243 4136/1860/5241 4216/1733/4926
f 4218/1737/4930 4138/1864/5245 4137/1862/5243 4217/1735/4928
f 4219/1739/4932 4139/1866/5247 4138/1864/5245 4218/1737/4930
f 4220/1743/4934 4140/1868/5249 4139/1869/5247 4219/1742/4932
f 4221/1745/4936 4141/1872/5251 4140/1868/5249 4220/1743/4934
f 4222/1747/4938 4142/1874/5253 4141/1872/5251 4221/1745/4936
f 4203/1708/4902 4123/1835/5216 4142/1874/5253 4222/1747/4938
f 4224/1839/5220 4025/1794/5315 4024/1790/5314 4223/1837/5218
f 4225/1841/5222 4026/1796/5316 4025/1794/5315 4224/1839/5220
f 4226/1843/5224 4027/1798/5317 4026/1796/5316 4225/1841/5222
f 4227/1845/5226 4028/1800/5318 4027/1798/5317 4226/1843/5224
f 4228/1847/5228 4029/1802/5319 4028/1800/5318 4227/1845/5226
f 4229/1849/5230 4030/1804/5320 4029/1802/5319 4228/1847/5228
f 4230/1851/5232 4031/1806/5321 4030/1804/5320 4229/1849/5230
f 4231/1853/5234 4032/1808/5322 4031/1806/5321 4230/1851/5232
f 4232/1855/5236 4033/1810/5323 4032/1808/5322 4231/1853/5234
f 4233/1857/5238 4034/1812/5324 4033/1810/5323 4232/1855/5236
f 4234/1859/5240 4035/1814/5325 4034/1812/5324 4233/1857/5238
f 4235/1861/5242 4036/1816/5326 4035/1814/5325 4234/1859/5240
f 4236/1863/5244 4037/1818/5327 4036/1816/5326 4235/1861/5242
f 4237/1865/5246 4038/1820/5328 4037/1818/5327 4236/1863/5244
f 4238/1867/5248 4039/1822/5329 4038/1820/5328 4237/1865/5246
f 4239/1871/5250 4040/1824/5330 4039/1825/5329 4238/1870/5248
f 4240/1873/5252 4041/1828/5331 4040/1824/5330 4239/1871/5250
f 4241/1875/5254 4042/1830/5332 4041/1828/5331 4240/1873/5252
f 4242/1836/5217 4023/1791/5333 4042/1830/5332 4241/1875/5254
f 4223/1837/5218 4024/1790/5314 4023/1791/5333 4242/1836/5217
f 4244/1794/5104 4047/1794/5335 4044/1790/5334 4243/1790/5097
f 4245/1796/5108 4049/1796/5336 4047/1794/5335 4244/1794/5104
f 4246/1798/5112 4051/1798/5337 4049/1796/5336 4245/1796/5108
f 4247/1800/5116 4053/1800/5338 4051/1798/5337 4246/1798/5112
f 4248/1802/5120 4055/1802/5339 4053/1800/5338 4247/1800/5116
f 4249/1804/5124 4057/1804/5340 4055/1802/5339 4248/1802/5120
f 4250/1806/5128 4059/1806/5341 4057/1804/5340 4249/1804/5124
f 4251/1808/5132 4061/1808/5342 4059/1806/5341 4250/1806/5128
f 4252/1810/5136 4063/1810/5343 4061/1808/5342 4251/1808/5132
f 4253/1812/5140 4065/1812/5344 4063/1810/5343 4252/1810/5136
f 4254/1814/5144 4067/1814/5345 4065/1812/5344 4253/1812/5140
f 4255/1816/5148 4069/1816/5346 4067/1814/5345 4254/1814/5144
f 4256/1818/5152 4071/1818/5347 4069/1816/5346 4255/1816/5148
f 4257/1820/5156 4073/1820/5348 4071/1818/5347 4256/1818/5152
f 4258/1822/5160 4075/1822/5349 4073/1820/5348 4257/1820/5156
f 4259/1824/5164 4077/1824/5350 4075/1825/5349 4258/1825/5160
f 4260/1828/5168 4079/1828/5351 4077/1824/5350 4259/1824/5164
f 4261/1830/5172 4081/1830/5352 4079/1828/5351 4260/1828/5168
f 4262/1791/5014 4043/1791/5353 4081/1830/5352 4261/1830/5172
f 4243/1790/5097 4044/1790/5334 4043/1791/5353 4262/1791/5014
f 4264/1795/5062 4048/1752/5355 4046/1748/5354 4263/1793/5060
f 4265/1797/5064 4050/1754/5356 4048/1752/5355 4264/1795/5062
f 4266/1799/5066 4052/1756/5357 4050/1754/5356 4265/1797/5064
f 4267/1801/5068 4054/1758/5358 4052/1756/5357 4266/1799/5066
f 4268/1803/5070 4056/1760/5359 4054/1758/5358 4267/1801/5068
f 4269/1805/5072 4058/1762/5360 4056/1760/5359 4268/1803/5070
f 4270/1807/5074 4060/1764/5361 4058/1762/5360 4269/1805/5072
f 4271/1809/5076 4062/1766/5362 4060/1764/5361 4270/1807/5074
f 4272/1811/5078 4064/1768/5363 4062/1766/5362 4271/1809/5076
f 4273/1813/5080 4066/1770/5364 4064/1768/5363 4272/1811/5078
f 4274/1815/5082 4068/1772/5365 4066/1770/5364 4273/1813/5080
f 4275/1817/5084 4070/1774/5366 4068/1772/5365 4274/1815/5082
f 4276/1819/5086 4072/1776/5367 4070/1774/5366 4275/1817/5084
f 4277/1821/5088 4074/1778/5368 4072/1776/5367 4276/1819/5086
f 4278/1823/5090 4076/1780/5369 4074/1778/5368 4277/1821/5088
f 4279/1827/5092 4078/1782/5370 4076/1783/5369 4278/1826/5090
f 4280/1829/5094 4080/1786/5371 4078/1782/5370 4279/1827/5092
f 4281/1831/5096 4082/1788/5372 4080/1786/5371 4280/1829/5094
f 4282/1792/5059 4045/1749/5373 4082/1788/5372 4281/1831/5096
f 4263/1793/5060 4046/1748/5354 4045/1749/5373 4282/1792/5059
f 4284/1788/5174 4304/1877/5375 4303/1876/5374 4283/1749/5102
f 4285/1833/5170 4305/1878/5376 4304/1877/5375 4284/1788/5174
f 4286/1782/5166 4306/1879/5377 4305/1878/5376 4285/1833/5170
f 4287/1783/5162 4307/1880/5378 4306/1879/5377 4286/1782/5166
f 4288/1778/5158 4308/1882/5379 4307/1881/5378 4287/1780/5162
f 4289/1776/5154 4309/1883/5380 4308/1882/5379 4288/1778/5158
f 4290/1774/5150 4310/1884/5381 4309/1883/5380 4289/1776/5154
f 4291/1772/5146 4311/1885/5382 4310/1884/5381 4290/1774/5150
f 4292/1770/5142 4312/1886/5383 4311/1885/5382 4291/1772/5146
f 4293/1768/5138 4313/1887/5384 4312/1886/5383 4292/1770/5142
f 4294/1766/5134 4314/1888/5385 4313/1887/5384 4293/1768/5138
f 4295/1832/5130 4315/1889/5386 4314/1888/5385 4294/1766/5134
f 4296/1762/5126 4316/1890/5387 4315/1889/5386 4295/1832/5130
f 4297/1760/5122 4317/1891/5388 4316/1890/5387 4296/1762/5126
f 4298/1758/5118 4318/1892/5389 4317/1891/5388 4297/1760/5122
f 4299/1756/5114 4319/1893/5390 4318/1892/5389 4298/1758/5118
f 4300/1754/5110 4320/1894/5391 4319/1893/5390 4299/1756/5114
f 4301/1752/5106 4321/1895/5392 4320/1894/5391 4300/1754/5110
f 4302/1748/5101 4322/1896/5393 4321/1895/5392 4301/1752/5106
f 4283/1749/5102 4303/1876/5374 4322/1896/5393 4302/1748/5101
f 4304/1877/5375 4082/1788/5395 4045/1749/5394 4303/1876/5374
f 4305/1878/5376 4080/1786/5396 4082/1788/5395 4304/1877/5375
f 4306/1879/5377 4078/1782/5397 4080/1786/5396 4305/1878/5376
f 4307/1880/5378 4076/1783/5398 4078/1782/5397 4306/1879/5377
f 4308/1882/5379 4074/1778/5399 4076/1780/5398 4307/1881/5378
f 4309/1883/5380 4072/1776/5400 4074/1778/5399 4308/1882/5379
f 4310/1884/5381 4070/1774/5401 4072/1776/5400 4309/1883/5380
f 4311/1885/5382 4068/1772/5402 4070/1774/5401 4310/1884/5381
f 4312/1886/5383 4066/1770/5403 4068/1772/5402 4311/1885/5382
f 4313/1887/5384 4064/1768/5404 4066/1770/5403 4312/1886/5383
f 4314/1888/5385 4062/1766/5405 4064/1768/5404 4313/1887/5384
f 4315/1889/5386 4060/1764/5406 4062/1766/5405 4314/1888/5385
f 4316/1890/5387 4058/1762/5407 4060/1764/5406 4315/1889/5386
f 4317/1891/5388 4056/1760/5408 4058/1762/5407 4316/1890/5387
f 4318/1892/5389 4054/1758/5409 4056/1760/5408 4317/1891/5388
f 4319/1893/5390 4052/1756/5410 4054/1758/5409 4318/1892/5389
f 4320/1894/5391 4050/1754/5411 4052/1756/5410 4319/1893/5390
f 4321/1895/5392 4048/1752/5412 4050/1754/5411 4320/1894/5391
f 4322/1896/5393 4046/1748/5413 4048/1752/5412 4321/1895/5392
f 4303/1876/5374 4045/1749/5394 4046/1748/5413 4322/1896/5393
f 4324/1751/5021 3876/1176/5415 3877/1175/5414 4323/1750/5020
f 4325/1753/5023 3875/1177/5416 3876/1176/5415 4324/1751/5021
f 4326/1755/5025 3874/1178/5417 3875/1177/5416 4325/1753/5023
f 4327/1757/5027 3873/1179/5418 3874/1178/5417 4326/1755/5025
f 4328/1759/5029 3872/1180/5419 3873/1179/5418 4327/1757/5027
f 4329/1761/5031 3871/1181/5420 3872/1180/5419 4328/1759/5029
f 4330/1763/5033 3870/1182/5421 3871/1181/5420 4329/1761/5031
f 4331/1765/5035 3869/1183/5422 3870/1182/5421 4330/1763/5033
f 4332/1767/5037 3868/1184/5423 3869/1183/5422 4331/1765/5035
f 4333/1769/5039 3867/1185/5424 3868/1184/5423 4332/1767/5037
f 4334/1771/5041 3866/1186/5425 3867/1185/5424 4333/1769/5039
f 4335/1773/4883 3865/1187/5426 3866/1186/5425 4334/1771/5041
f 4336/1775/5044 3864/1188/5427 3865/1187/5426 4335/1773/4883
f 4337/1777/5046 3863/1189/5428 3864/1188/5427 4336/1775/5044
f 4338/1779/5048 3862/1190/5429 3863/1189/5428 4337/1777/5046
f 4339/1781/5050 3861/1191/5430 3862/1190/5429 4338/1779/5048
f 4340/1785/5052 3880/1172/5431 3861/1171/5430 4339/1784/5050
f 4341/1787/5054 3879/1173/5432 3880/1172/5431 4340/1785/5052
f 4342/1789/5056 3878/1174/5433 3879/1173/5432 4341/1787/5054
f 4323/1750/5020 3877/1175/5414 3878/1174/5433 4342/1789/5056
f 4344/1897/5434 3896/1139/4836 3897/1141/4837 4343/1898/5435
f 4345/1899/5436 3895/1137/4835 3896/1139/4836 4344/1897/5434
f 4346/1900/5437 3894/1135/4834 3895/1137/4835 4345/1899/5436
f 4347/1901/5438 3893/1133/4833 3894/1135/4834 4346/1900/5437
f 4348/1902/5439 3892/1131/4832 3893/1133/4833 4347/1901/5438
f 4349/1903/5440 3891/1129/4831 3892/1131/4832 4348/1902/5439
f 4350/1904/5441 3890/1127/4830 3891/1129/4831 4349/1903/5440
f 4351/1905/5442 3889/1125/4829 3890/1127/4830 4350/1904/5441
f 4352/1906/5443 3888/1123/4828 3889/1125/4829 4351/1905/5442
f 4353/1907/5444 3887/1121/4827 3888/1123/4828 4352/1906/5443
f 4354/1908/5445 3886/1119/4826 3887/1121/4827 4353/1907/5444
f 4355/1909/5446 3885/1117/4825 3886/1119/4826 4354/1908/5445
f 4356/1910/5447 3884/1115/4824 3885/1117/4825 4355/1909/5446
f 4357/1911/5448 3883/1113/4823 3884/1115/4824 4356/1910/5447
f 4358/1912/5449 3882/1110/4821 3883/1113/4823 4357/1911/5448
f 4359/1913/5450 3881/1111/4820 3882/1110/4821 4358/1912/5449
f 4360/1914/5451 3900/1147/4840 3881/1111/4820 4359/1913/5450
f 4361/1915/5452 3899/1145/4839 3900/1147/4840 4360/1914/5451
f 4362/1916/5453 3898/1143/4838 3899/1145/4839 4361/1915/5452
f 4343/1898/5435 3897/1141/4837 3898/1143/4838 4362/1916/5453
f 4364/1638/4810 4344/1897/5434 4343/1898/5435 4363/1639/4812
f 4365/1637/4808 4345/1899/5436 4344/1897/5434 4364/1638/4810
f 4366/1636/4806 4346/1900/5437 4345/1899/5436 4365/1637/4808
f 4367/1635/4804 4347/1901/5438 4346/1900/5437 4366/1636/4806
f 4368/1634/4802 4348/1902/5439 4347/1901/5438 4367/1635/4804
f 4369/1633/4800 4349/1903/5440 4348/1902/5439 4368/1634/4802
f 4370/1632/4798 4350/1904/5441 4349/1903/5440 4369/1633/4800
f 4371/1631/4796 4351/1905/5442 4350/1904/5441 4370/1632/4798
f 4372/1630/4794 4352/1906/5443 4351/1905/5442 4371/1631/4796
f 4373/1629/4792 4353/1907/5444 4352/1906/5443 4372/1630/4794
f 4374/1628/4790 4354/1908/5445 4353/1907/5444 4373/1629/4792
f 4375/1627/4788 4355/1909/5446 4354/1908/5445 4374/1628/4790
f 4376/1626/4786 4356/1910/5447 4355/1909/5446 4375/1627/4788
f 4377/1625/4784 4357/1911/5448 4356/1910/5447 4376/1626/4786
f 4378/1623/4781 4358/1912/5449 4357/1911/5448 4377/1625/4784
f 4379/1624/4782 4359/1913/5450 4358/1912/5449 4378/1623/4781
f 4380/1642/4818 4360/1914/5451 4359/1913/5450 4379/1624/4782
f 4381/1641/4816 4361/1915/5452 4360/1914/5451 4380/1642/4818
f 4382/1640/4814 4362/1916/5453 4361/1915/5452 4381/1641/4816
f 4363/1639/4812 4343/1898/5435 4362/1916/5453 4382/1640/4814
f 4383/1026/5454 4403/1029/5457 4404/1028/5456 4384/1027/5455
f 4384/1027/5455 4404/1028/5456 4405/1031/5459 4385/1030/5458
f 4385/1030/5458 4405/1031/5459 4406/1033/5461 4386/1032/5460
f 4386/1032/5460 4406/1033/5461 4407/1035/5457 4387/1034/5457
f 4387/1034/5457 4407/1035/5457 4408/1037/5462 4388/1036/5454
f 4388/1036/5454 4408/1037/5462 4409/1039/5456 4389/1038/5455
f 4389/1038/5455 4409/1039/5456 4410/1041/5463 4390/1040/5458
f 4390/1040/5458 4410/1041/5463 4411/1043/5458 4391/1042/5464
f 4391/1042/5464 4411/1043/5458 4412/1045/5455 4392/1044/5465
f 4392/1044/5465 4412/1045/5455 4413/1047/5454 4393/1046/5457
f 4393/1046/5457 4413/1047/5454 4414/1049/5458 4394/1048/5458
f 4394/1048/5458 4414/1049/5458 4415/1051/5466 4395/1050/5463
f 4395/1050/5463 4415/1051/5466 4416/1053/5461 4396/1052/5460
f 4396/1052/5460 4416/1053/5461 4417/1055/5467 4397/1054/5467
f 4397/1054/5467 4417/1055/5467 4418/1057/5460 4398/1056/5460
f 4398/1056/5460 4418/1057/5460 4419/1059/5465 4399/1058/5465
f 4399/1058/5465 4419/1059/5465 4420/1061/5460 4400/1060/5455
f 4400/1060/5455 4420/1061/5460 4421/1063/5469 4401/1062/5468
f 4401/1062/5468 4421/1063/5469 4422/1065/5457 4402/1064/5460
f 4402/1064/5460 4422/1065/5457 4403/1029/5457 4383/1026/5454
f 4403/1150/5470 4579/1918/5473 4578/1917/5472 4404/1151/5471
f 4404/1151/5471 4578/1917/5472 4577/1919/5475 4405/1152/5474
f 4405/1152/5474 4577/1919/5475 4576/1920/5477 4406/1153/5476
f 4406/1153/5476 4576/1920/5477 4575/1921/5479 4407/1154/5478
f 4407/1154/5478 4575/1921/5479 4574/1922/5481 4408/1155/5480
f 4408/1155/5480 4574/1922/5481 4573/1923/5483 4409/1156/5482
f 4409/1156/5482 4573/1923/5483 4572/1924/5485 4410/1157/5484
f 4410/1157/5484 4572/1924/5485 4571/1925/5487 4411/1158/5486
f 4411/1158/5486 4571/1925/5487 4570/1926/5489 4412/1159/5488
f 4412/1159/5488 4570/1926/5489 4569/1927/5491 4413/1160/5490
f 4413/1160/5490 4569/1927/5491 4568/1928/5493 4414/1161/5492
f 4414/1161/5492 4568/1928/5493 4567/1929/5495 4415/1162/5494
f 4415/1162/5494 4567/1929/5495 4566/1930/5497 4416/1163/5496
f 4416/1163/5496 4566/1930/5497 4565/1931/5499 4417/1164/5498
f 4417/1164/5498 4565/1931/5499 4584/1932/5501 4418/1165/5500
f 4418/1165/5500 4584/1932/5501 4583/1933/5503 4419/1166/5502
f 4419/1166/5502 4583/1933/5503 4582/1934/5505 4420/1167/5504
f 4420/1167/5504 4582/1934/5505 4581/1935/5507 4421/1168/5506
f 4421/1168/5506 4581/1935/5507 4580/1936/5509 4422/1169/5508
f 4422/1169/5508 4580/1936/5509 4579/1937/5473 4403/1170/5470
f 4423/1108/5510 4501/1939/5513 4500/1938/5512 4424/1109/5511
f 4424/1109/5511 4500/1938/5512 4499/1940/5515 4425/1112/5514
f 4425/1112/5514 4499/1940/5515 4498/1941/5517 4426/1114/5516
f 4426/1114/5516 4498/1941/5517 4497/1942/5519 4427/1116/5518
f 4427/1116/5518 4497/1942/5519 4496/1943/5521 4428/1118/5520
f 4428/1118/5520 4496/1943/5521 4495/1944/5523 4429/1120/5522
f 4429/1120/5522 4495/1944/5523 4494/1945/5525 4430/1122/5524
f 4430/1122/5524 4494/1945/5525 4493/1946/5527 4431/1124/5526
f 4431/1124/5526 4493/1946/5527 4492/1947/5529 4432/1126/5528
f 4432/1126/5528 4492/1947/5529 4491/1948/5531 4433/1128/5530
f 4433/1128/5530 4491/1948/5531 4490/1949/5533 4434/1130/5532
f 4434/1130/5532 4490/1949/5533 4489/1950/5535 4435/1132/5534
f 4435/1132/5534 4489/1950/5535 4488/1951/5537 4436/1134/5536
f 4436/1134/5536 4488/1951/5537 4487/1952/5539 4437/1136/5538
f 4437/1136/5538 4487/1952/5539 4486/1953/5541 4438/1138/5540
f 4438/1138/5540 4486/1953/5541 4485/1954/5543 4439/1140/5542
f 4439/1140/5542 4485/1954/5543 4504/1955/5545 4440/1142/5544
f 4440/1142/5544 4504/1955/5545 4503/1956/5547 4441/1144/5546
f 4441/1144/5546 4503/1956/5547 4502/1957/5549 4442/1146/5548
f 4442/1146/5548 4502/1957/5549 4501/1939/5513 4423/1108/5510
f 4384/1027/5455 4463/1148/5467 4383/1026/5454
f 4385/1030/5458 4463/1148/5467 4384/1027/5455
f 4386/1032/5460 4463/1148/5467 4385/1030/5458
f 4387/1034/5457 4463/1148/5467 4386/1032/5460
f 4388/1036/5454 4463/1148/5467 4387/1034/5457
f 4389/1038/5455 4463/1148/5467 4388/1036/5454
f 4390/1040/5458 4463/1148/5467 4389/1038/5455
f 4391/1042/5464 4463/1148/5467 4390/1040/5458
f 4392/1044/5465 4463/1148/5467 4391/1042/5464
f 4393/1046/5457 4463/1148/5467 4392/1044/5465
f 4394/1048/5458 4463/1148/5467 4393/1046/5457
f 4395/1050/5463 4463/1148/5467 4394/1048/5458
f 4396/1052/5460 4463/1148/5467 4395/1050/5463
f 4397/1054/5467 4463/1148/5467 4396/1052/5460
f 4398/1056/5460 4463/1148/5467 4397/1054/5467
f 4399/1058/5465 4463/1148/5467 4398/1056/5460
f 4400/1060/5455 4463/1148/5467 4399/1058/5465
f 4401/1062/5468 4463/1148/5467 4400/1060/5455
f 4402/1064/5460 4463/1148/5467 4401/1062/5468
f 4383/1026/5454 4463/1148/5467 4402/1064/5460
f 4443/1111/5550 4464/1149/5552 4444/1110/5551
f 4444/1110/5551 4464/1149/5552 4445/1113/5553
f 4445/1113/5553 4464/1149/5552 4446/1115/5554
f 4446/1115/5554 4464/1149/5552 4447/1117/5555
f 4447/1117/5555 4464/1149/5552 4448/1119/5556
f 4448/1119/5556 4464/1149/5552 4449/1121/5557
f 4449/1121/5557 4464/1149/5552 4450/1123/5558
f 4450/1123/5558 4464/1149/5552 4451/1125/5559
f 4451/1125/5559 4464/1149/5552 4452/1127/5560
f 4452/1127/5560 4464/1149/5552 4453/1129/5561
f 4453/1129/5561 4464/1149/5552 4454/1131/5562
f 4454/1131/5562 4464/1149/5552 4455/1133/5563
f 4455/1133/5563 4464/1149/5552 4456/1135/5564
f 4456/1135/5564 4464/1149/5552 4457/1137/5565
f 4457/1137/5565 4464/1149/5552 4458/1139/5566
f 4458/1139/5566 4464/1149/5552 4459/1141/5567
f 4459/1141/5567 4464/1149/5552 4460/1143/5568
f 4460/1143/5568 4464/1149/5552 4461/1145/5569
f 4461/1145/5569 4464/1149/5552 4462/1147/5570
f 4462/1147/5570 4464/1149/5552 4443/1111/5550
f 4466/1958/5571 4458/1139/5566 4459/1141/5567 4465/1959/5572
f 4467/1960/5573 4457/1137/5565 4458/1139/5566 4466/1958/5571
f 4468/1961/5574 4456/1135/5564 4457/1137/5565 4467/1960/5573
f 4469/1962/5575 4455/1133/5563 4456/1135/5564 4468/1961/5574
f 4470/1963/5576 4454/1131/5562 4455/1133/5563 4469/1962/5575
f 4471/1964/5577 4453/1129/5561 4454/1131/5562 4470/1963/5576
f 4472/1965/5578 4452/1127/5560 4453/1129/5561 4471/1964/5577
f 4473/1966/5579 4451/1125/5559 4452/1127/5560 4472/1965/5578
f 4474/1967/5580 4450/1123/5558 4451/1125/5559 4473/1966/5579
f 4475/1968/5581 4449/1121/5557 4450/1123/5558 4474/1967/5580
f 4476/1969/5582 4448/1119/5556 4449/1121/5557 4475/1968/5581
f 4477/1970/5583 4447/1117/5555 4448/1119/5556 4476/1969/5582
f 4478/1971/5584 4446/1115/5554 4447/1117/5555 4477/1970/5583
f 4479/1972/5585 4445/1113/5553 4446/1115/5554 4478/1971/5584
f 4480/1973/5586 4444/1110/5551 4445/1113/5553 4479/1972/5585
f 4481/1974/5587 4443/1111/5550 4444/1110/5551 4480/1973/5586
f 4482/1975/5588 4462/1147/5570 4443/1111/5550 4481/1974/5587
f 4483/1976/5589 4461/1145/5569 4462/1147/5570 4482/1975/5588
f 4484/1977/5590 4460/1143/5568 4461/1145/5569 4483/1976/5589
f 4465/1959/5572 4459/1141/5567 4460/1143/5568 4484/1977/5590
f 4486/1953/5541 4466/1958/5571 4465/1959/5572 4485/1954/5543
f 4487/1952/5539 4467/1960/5573 4466/1958/5571 4486/1953/5541
f 4488/1951/5537 4468/1961/5574 4467/1960/5573 4487/1952/5539
f 4489/1950/5535 4469/1962/5575 4468/1961/5574 4488/1951/5537
f 4490/1949/5533 4470/1963/5576 4469/1962/5575 4489/1950/5535
f 4491/1948/5531 4471/1964/5577 4470/1963/5576 4490/1949/5533
f 4492/1947/5529 4472/1965/5578 4471/1964/5577 4491/1948/5531
f 4493/1946/5527 4473/1966/5579 4472/1965/5578 4492/1947/5529
f 4494/1945/5525 4474/1967/5580 4473/1966/5579 4493/1946/5527
f 4495/1944/5523 4475/1968/5581 4474/1967/5580 4494/1945/5525
f 4496/1943/5521 4476/1969/5582 4475/1968/5581 4495/1944/5523
f 4497/1942/5519 4477/1970/5583 4476/1969/5582 4496/1943/5521
f 4498/1941/5517 4478/1971/5584 4477/1970/5583 4497/1942/5519
f 4499/1940/5515 4479/1972/5585 4478/1971/5584 4498/1941/5517
f 4500/1938/5512 4480/1973/5586 4479/1972/5585 4499/1940/5515
f 4501/1939/5513 4481/1974/5587 4480/1973/5586 4500/1938/5512
f 4502/1957/5549 4482/1975/5588 4481/1974/5587 4501/1939/5513
f 4503/1956/5547 4483/1976/5589 4482/1975/5588 4502/1957/5549
f 4504/1955/5545 4484/1977/5590 4483/1976/5589 4503/1956/5547
f 4485/1954/5543 4465/1959/5572 4484/1977/5590 4504/1955/5545
f 4506/1978/5591 4438/1176/5594 4439/1175/5593 4505/1979/5592
f 4507/1980/5595 4437/1177/5596 4438/1176/5594 4506/1978/5591
f 4508/1981/5597 4436/1178/5598 4437/1177/5596 4507/1980/5595
f 4509/1982/5599 4435/1179/5600 4436/1178/5598 4508/1981/5597
f 4510/1983/5601 4434/1180/5602 4435/1179/5600 4509/1982/5599
f 4511/1984/5603 4433/1181/5604 4434/1180/5602 4510/1983/5601
f 4512/1985/5605 4432/1182/5606 4433/1181/5604 4511/1984/5603
f 4513/1986/5607 4431/1183/5608 4432/1182/5606 4512/1985/5605
f 4514/1987/5609 4430/1184/5610 4431/1183/5608 4513/1986/5607
f 4515/1988/5611 4429/1185/5612 4430/1184/5610 4514/1987/5609
f 4516/1989/5613 4428/1186/5614 4429/1185/5612 4515/1988/5611
f 4517/1990/5615 4427/1187/5616 4428/1186/5614 4516/1989/5613
f 4518/1991/5617 4426/1188/5618 4427/1187/5616 4517/1990/5615
f 4519/1992/5619 4425/1189/5620 4426/1188/5618 4518/1991/5617
f 4520/1993/5621 4424/1190/5622 4425/1189/5620 4519/1992/5619
f 4521/1994/5623 4423/1191/5624 4424/1190/5622 4520/1993/5621
f 4522/1995/5625 4442/1172/5626 4423/1171/5624 4521/1996/5623
f 4523/1997/5627 4441/1173/5628 4442/1172/5626 4522/1995/5625
f 4524/1998/5629 4440/1174/5630 4441/1173/5628 4523/1997/5627
f 4505/1979/5592 4439/1175/5593 4440/1174/5630 4524/1998/5629
f 4526/1999/5631 4546/2002/5634 4545/2001/5633 4525/2000/5632
f 4527/2003/2364 4547/2004/5635 4546/2002/5634 4526/1999/5631
f 4528/2005/5636 4548/2006/5637 4547/2004/5635 4527/2003/2364
f 4529/2007/5638 4549/2008/5639 4548/2006/5637 4528/2005/5636
f 4530/2009/5640 4550/2010/5641 4549/2008/5639 4529/2007/5638
f 4531/2011/5642 4551/2012/5643 4550/2010/5641 4530/2009/5640
f 4532/2013/5644 4552/2014/5645 4551/2012/5643 4531/2011/5642
f 4533/2015/5646 4553/2016/5647 4552/2014/5645 4532/2013/5644
f 4534/2017/5648 4554/2018/5649 4553/2016/5647 4533/2015/5646
f 4535/2019/5650 4555/2020/5651 4554/2018/5649 4534/2017/5648
f 4536/2021/5652 4556/2022/5653 4555/2020/5651 4535/2019/5650
f 4537/2023/5654 4557/2024/5655 4556/2022/5653 4536/2021/5652
f 4538/2025/5656 4558/2026/5657 4557/2024/5655 4537/2023/5654
f 4539/2027/5658 4559/2028/5659 4558/2026/5657 4538/2025/5656
f 4540/2029/5660 4560/2030/5661 4559/2028/5659 4539/2027/5658
f 4541/2031/5662 4561/2032/5663 4560/2030/5661 4540/2029/5660
f 4542/2033/5664 4562/2036/5665 4561/2035/5663 4541/2034/5662
f 4543/2037/5666 4563/2038/5667 4562/2036/5665 4542/2033/5664
f 4544/2039/5668 4564/2040/5669 4563/2038/5667 4543/2037/5666
f 4525/2000/5632 4545/2001/5633 4564/2040/5669 4544/2039/5668
f 4546/2002/5634 4506/1978/5591 4505/1979/5592 4545/2001/5633
f 4547/2004/5635 4507/1980/5595 4506/1978/5591 4546/2002/5634
f 4548/2006/5637 4508/1981/5597 4507/1980/5595 4547/2004/5635
f 4549/2008/5639 4509/1982/5599 4508/1981/5597 4548/2006/5637
f 4550/2010/5641 4510/1983/5601 4509/1982/5599 4549/2008/5639
f 4551/2012/5643 4511/1984/5603 4510/1983/5601 4550/2010/5641
f 4552/2014/5645 4512/1985/5605 4511/1984/5603 4551/2012/5643
f 4553/2016/5647 4513/1986/5607 4512/1985/5605 4552/2014/5645
f 4554/2018/5649 4514/1987/5609 4513/1986/5607 4553/2016/5647
f 4555/2020/5651 4515/1988/5611 4514/1987/5609 4554/2018/5649
f 4556/2022/5653 4516/1989/5613 4515/1988/5611 4555/2020/5651
f 4557/2024/5655 4517/1990/5615 4516/1989/5613 4556/2022/5653
f 4558/2026/5657 4518/1991/5617 4517/1990/5615 4557/2024/5655
f 4559/2028/5659 4519/1992/5619 4518/1991/5617 4558/2026/5657
f 4560/2030/5661 4520/1993/5621 4519/1992/5619 4559/2028/5659
f 4561/2032/5663 4521/1994/5623 4520/1993/5621 4560/2030/5661
f 4562/2036/5665 4522/1995/5625 4521/1996/5623 4561/2035/5663
f 4563/2038/5667 4523/1997/5627 4522/1995/5625 4562/2036/5665
f 4564/2040/5669 4524/1998/5629 4523/1997/5627 4563/2038/5667
f 4545/2001/5633 4505/1979/5592 4524/1998/5629 4564/2040/5669
f 4566/1930/5497 4528/2005/5636 4527/2003/2364 4565/1931/5499
f 4567/1929/5495 4529/2007/5638 4528/2005/5636 4566/1930/5497
f 4568/1928/5493 4530/2009/5640 4529/2007/5638 4567/1929/5495
f 4569/1927/5491 4531/2011/5642 4530/2009/5640 4568/1928/5493
f 4570/1926/5489 4532/2013/5644 4531/2011/5642 4569/1927/5491
f 4571/1925/5487 4533/2015/5646 4532/2013/5644 4570/1926/5489
f 4572/1924/5485 4534/2017/5648 4533/2015/5646 4571/1925/5487
f 4573/1923/5483 4535/2019/5650 4534/2017/5648 4572/1924/5485
f 4574/1922/5481 4536/2021/5652 4535/2019/5650 4573/1923/5483
f 4575/1921/5479 4537/2023/5654 4536/2021/5652 4574/1922/5481
f 4576/1920/5477 4538/2025/5656 4537/2023/5654 4575/1921/5479
f 4577/1919/5475 4539/2027/5658 4538/2025/5656 4576/1920/5477
f 4578/1917/5472 4540/2029/5660 4539/2027/5658 4577/1919/5475
f 4579/1918/5473 4541/2031/5662 4540/2029/5660 4578/1917/5472
f 4580/1936/5509 4542/2033/5664 4541/2034/5662 4579/1937/5473
f 4581/1935/5507 4543/2037/5666 4542/2033/5664 4580/1936/5509
f 4582/1934/5505 4544/2039/5668 4543/2037/5666 4581/1935/5507
f 4583/1933/5503 4525/2000/5632 4544/2039/5668 4582/1934/5505
f 4584/1932/5501 4526/1999/5631 4525/2000/5632 4583/1933/5503
f 4565/1931/5499 4527/2003/2364 4526/1999/5631 4584/1932/5501
f 4585/449/5670 4667/2043/5673 4783/2042/5672 4782/2041/5671
f 4593/695/5674 4835/2046/5677 4834/2045/5676 4761/2044/5675
f 4670/2047/5678 4591/702/5680 4776/2049/2268 4775/2048/5679
f 4846/2050/5681 4585/469/5684 4782/2052/5683 4847/2051/5682
f 4586/454/5685 4666/2055/5688 4849/2054/5687 4848/2053/5686
f 4846/2056/5689 4845/2057/5689 4667/2043/5691 4585/449/5690
f 4597/695/5672 4637/695/5692 4789/2058/2379 4788/2044/2379
f 4601/696/5693 4635/696/5696 4857/2059/5695 4856/2059/5694
f 4770/2060/5697 4769/2061/5697 4640/712/5699 4600/712/5698
f 4840/2046/5700 4839/2046/5703 4637/695/5702 4597/695/5701
f 4587/695/5704 4931/695/5706 4930/2044/1295 4785/2044/5705
f 4588/696/5707 4950/696/5710 4949/2059/5709 4851/2059/5708
f 4773/2061/5711 4940/2061/975 4939/712/5713 4589/712/5712
f 4843/2046/5714 4932/2046/5717 4931/695/5716 4587/695/5715
f 4598/696/5718 4654/696/5721 4855/2059/5720 4854/2059/5719
f 4599/711/5722 4651/711/5724 4650/711/5679 4641/711/5723
f 4833/2059/5725 4832/2059/5728 4645/696/5727 4594/696/5726
f 4636/696/5729 4655/696/5692 4654/696/2379 4598/696/5730
f 4723/2062/5731 4722/2062/5734 4647/2063/5733 4606/2063/5732
f 4607/2064/5735 4724/2067/5738 4766/2066/5737 4765/2065/5736
f 4727/2067/5739 4726/2067/5742 4639/2064/5741 4608/2064/5740
f 4730/2067/5743 4937/2068/5746 4936/2064/5745 4609/2064/5744
f 4733/2069/5747 4732/2072/5700 4669/2071/5749 4610/2070/5748
f 4733/2073/5750 4610/2076/5753 4778/2075/5752 4777/2074/5751
f 4672/2077/5754 4735/2080/5757 4734/2079/5756 4611/2078/5755
f 4945/2063/5758 4944/2081/5761 4713/2062/5760 4612/2063/5759
f 4652/2063/5762 4717/2062/5765 4716/2062/5764 4613/2063/5763
f 4643/2082/5766 4719/2062/5769 4718/2062/5768 4614/2063/5767
f 4747/2083/5770 4746/2083/5773 4646/2084/5772 4616/2084/5771
f 4617/2085/5774 4748/2088/5777 4763/2087/5776 4762/2086/5775
f 4751/2088/5778 4750/2088/5780 4638/2085/5779 4618/2085/5747
f 4754/2088/5781 4934/2088/5784 4933/2085/5783 4619/2085/5782
f 4757/2089/5785 4756/2092/5788 4668/2091/5787 4620/2090/5786
f 4757/2093/5789 4620/2096/5792 4781/2095/5791 4780/2094/5790
f 4759/2097/5793 4758/2100/5796 4621/2099/5795 4665/2098/5794
f 4948/2084/5797 4947/2083/5800 4737/2083/5799 4622/2084/5798
f 4653/2084/5801 4741/2101/5804 4740/2083/5803 4623/2084/5802
f 4644/2084/5805 4743/2101/5769 4742/2083/5807 4624/2084/5806
f 4594/696/5808 4645/696/5809 4656/696/1083 4626/696/5808
f 4627/695/5810 4593/695/5812 4761/2044/5811 4790/2058/1081
f 4836/2046/5813 4835/2046/5816 4593/695/5815 4627/695/5814
f 4749/2088/5817 4748/2088/5820 4617/2085/5819 4628/2085/5818
f 4725/2067/5821 4724/2067/5823 4607/2064/5822 4629/2064/5817
f 4768/2061/2385 4767/2061/5724 4596/712/5825 4630/712/5824
f 4649/711/962 4648/711/1090 4595/711/5827 4631/711/5826
f 4605/2063/5828 4721/2062/5830 4720/2062/5828 4633/2063/5829
f 4615/2084/5831 4745/2083/5833 4744/2101/5833 4634/2084/5832
f 4625/696/5834 4604/696/5837 4831/2059/5836 4860/2059/5835
f 4811/696/5838 4655/696/5692 4636/696/5729 4812/696/1084
f 4637/695/5692 4814/695/5671 4813/2058/5839 4789/2058/2379
f 4839/2046/5703 4838/2046/5841 4814/695/5840 4637/695/5702
f 4750/2088/5780 4816/2088/5843 4815/2085/5842 4638/2085/5779
f 4726/2067/5742 4819/2068/5845 4818/2064/5844 4639/2064/5741
f 4769/2061/5697 4821/2060/918 4820/712/5846 4640/712/5699
f 4650/711/5679 4823/711/2269 4822/711/5847 4641/711/5723
f 4826/2102/5833 4825/2062/5848 4719/2062/5769 4643/2082/5766
f 4829/2084/5849 4828/2101/5850 4743/2101/5769 4644/2084/5805
f 4635/696/5696 4830/696/5852 4858/2059/5851 4857/2059/5695
f 4832/2059/5728 4831/2059/5854 4604/696/5853 4645/696/5727
f 4746/2083/5773 4745/2083/5856 4615/2084/5855 4646/2084/5772
f 4722/2062/5734 4721/2062/5858 4605/2063/5857 4647/2063/5733
f 4632/711/5859 4603/711/5860 4648/711/1090 4649/711/962
f 4642/711/5861 4824/711/5862 4823/711/2269 4650/711/5679
f 4651/711/5724 4602/711/5825 4642/711/5861 4650/711/5679
f 4614/2063/5863 4718/2062/5864 4717/2062/5765 4652/2063/5762
f 4624/2084/5865 4742/2083/5866 4741/2101/5804 4653/2084/5801
f 4654/696/5721 4601/696/5868 4856/2059/5867 4855/2059/5720
f 4655/696/5692 4635/696/5870 4601/696/5869 4654/696/2379
f 4830/696/5871 4635/696/5870 4655/696/5692 4811/696/5838
f 4645/696/5809 4604/696/5872 4625/696/5870 4656/696/1083
f 4658/695/1083 4597/695/5672 4788/2044/2379 4787/2058/1083
f 4840/2046/5700 4597/695/5701 4658/695/5873 4841/2046/5778
f 4752/2088/5785 4751/2088/5778 4618/2085/5747 4659/2085/5874
f 4728/2067/5875 4727/2067/5739 4608/2064/5740 4660/2064/5817
f 4771/2061/5876 4770/2060/5697 4600/712/5698 4661/712/5877
f 4663/2063/5829 4613/2063/5828 4716/2062/5878 4715/2062/5878
f 4664/2084/5879 4623/2084/5879 4740/2083/5880 4739/2101/5880
f 4598/696/5881 4854/2059/5884 4853/2059/5883 4657/696/5882
f 4666/2055/5688 4703/2104/5886 4850/2103/5885 4849/2054/5687
f 4667/2043/5673 4704/2106/5887 4784/2105/5870 4783/2042/5672
f 4845/2057/5689 4844/2107/5889 4704/2106/5888 4667/2043/5691
f 4756/2092/5788 4755/2109/5891 4705/2108/5890 4668/2091/5787
f 4732/2072/5700 4731/2111/5893 4707/2110/5892 4669/2071/5749
f 4708/2112/5894 4670/2047/5678 4775/2048/5679 4774/2113/5697
f 4710/2114/5895 4736/2115/5896 4735/2080/5757 4672/2077/5754
f 4712/2116/5897 4760/2117/5898 4759/2097/5793 4665/2098/5794
f 4946/2118/5899 4945/2063/5758 4612/2063/5759 4673/2118/5900
f 4674/2118/5901 4675/2118/5901 4613/2063/5828 4663/2063/5829
f 4676/2118/5902 4652/2063/5762 4613/2063/5763 4675/2118/5903
f 4677/2118/5904 4614/2063/5863 4652/2063/5762 4676/2118/5902
f 4678/2118/5905 4643/2082/5766 4614/2063/5767 4677/2118/5906
f 4827/2119/5907 4826/2102/5833 4643/2082/5766 4678/2118/5905
f 4680/2118/5833 4605/2063/5828 4633/2063/5829 4679/2118/5833
f 4647/2063/5733 4605/2063/5857 4680/2118/5857 4681/2118/5773
f 4606/2063/5732 4647/2063/5733 4681/2118/5773 4682/2118/5770
f 4683/2120/5908 4607/2064/5735 4765/2065/5736 4764/2121/5909
f 4629/2064/5817 4607/2064/5822 4683/2120/5911 4684/2120/5910
f 4639/2064/5741 4818/2064/5844 4817/2120/5913 4685/2120/5912
f 4608/2064/5740 4639/2064/5741 4685/2120/5912 4686/2120/5784
f 4608/2064/5740 4686/2120/5784 4687/2120/5914 4660/2064/5817
f 4609/2064/5744 4936/2064/5745 4935/2120/5916 4688/2120/5915
f 4669/2071/5749 4707/2110/5892 4706/2123/5918 4689/2122/5917
f 4610/2070/5748 4669/2071/5749 4689/2122/5917 4690/2124/5788
f 4610/2076/5753 4690/2126/5919 4779/2125/5462 4778/2075/5752
f 4672/2077/5754 4611/2078/5755 4691/2128/5796 4692/2127/5794
f 4711/2129/5920 4710/2114/5895 4672/2077/5754 4692/2127/5794
f 4694/695/5921 4658/695/1083 4787/2058/1083 4786/2058/915
f 4842/2046/5922 4841/2046/5778 4658/695/5873 4694/695/5842
f 4753/2088/5785 4752/2088/5785 4659/2085/5874 4695/2085/5923
f 4697/2064/5914 4660/2064/5817 4687/2120/5914 4696/2120/5917
f 4729/2067/5700 4728/2067/5875 4660/2064/5817 4697/2064/5914
f 4772/2061/1089 4771/2061/5876 4661/712/5877 4698/712/5846
f 4663/2063/5829 4715/2062/5878 4714/2062/5924 4700/2082/5828
f 4674/2118/5901 4663/2063/5829 4700/2082/5828 4701/2119/5828
f 4664/2084/5879 4739/2101/5880 4738/2101/5926 4702/2084/5925
f 4693/696/5927 4657/696/5882 4853/2059/5883 4852/2059/5928
f 4704/2106/5887 4587/695/5704 4785/2044/5705 4784/2105/5870
f 4844/2107/5889 4843/2130/5930 4587/695/5929 4704/2106/5888
f 4755/2109/5891 4754/2132/5932 4619/2131/5931 4705/2108/5890
f 4707/2110/5892 4609/2134/5934 4688/2133/5933 4706/2123/5918
f 4731/2111/5893 4730/2135/5935 4609/2134/5934 4707/2110/5892
f 4589/712/5712 4708/2112/5894 4774/2113/5697 4773/2061/5711
f 4612/2136/5936 4713/2137/5937 4736/2115/5896 4710/2114/5895
f 4673/2138/5938 4612/2136/5936 4710/2114/5895 4711/2129/5920
f 4622/2139/5939 4737/2140/5940 4760/2117/5898 4712/2116/5897
f 4703/2104/5886 4588/696/5942 4851/2141/5941 4850/2103/5885
f 4944/2081/5761 4943/2142/5944 4881/2142/5943 4713/2062/5760
f 4715/2062/5878 4883/2142/5946 4882/2142/5945 4714/2062/5924
f 4716/2062/5878 4884/2142/5947 4883/2142/5946 4715/2062/5878
f 4717/2062/5765 4885/2142/5949 4884/2142/5948 4716/2062/5764
f 4718/2062/5864 4886/2142/5950 4885/2142/5949 4717/2062/5765
f 4719/2062/5769 4887/2142/5952 4886/2142/5951 4718/2062/5768
f 4825/2062/5848 4888/2142/5924 4887/2142/5952 4719/2062/5769
f 4721/2062/5830 4861/2142/5954 4890/2142/5953 4720/2062/5828
f 4862/2142/5955 4861/2142/5956 4721/2062/5858 4722/2062/5734
f 4863/2142/5957 4862/2142/5955 4722/2062/5734 4723/2062/5731
f 4724/2067/5738 4865/2144/5959 4864/2143/5958 4766/2066/5737
f 4866/2144/5960 4865/2144/5961 4724/2067/5823 4725/2067/5821
f 4869/2144/5962 4868/2144/5923 4819/2068/5845 4726/2067/5742
f 4870/2144/5963 4869/2144/5962 4726/2067/5742 4727/2067/5739
f 4870/2144/5963 4727/2067/5739 4728/2067/5875 4871/2144/5964
f 4872/2144/5716 4871/2144/5964 4728/2067/5875 4729/2067/5700
f 4873/2144/5965 4938/2144/5966 4937/2068/5746 4730/2067/5743
f 4874/2145/5967 4873/2146/5968 4730/2135/5935 4731/2111/5893
f 4875/2147/5969 4874/2145/5967 4731/2111/5893 4732/2072/5700
f 4876/2148/5786 4875/2147/5969 4732/2072/5700 4733/2069/5747
f 4876/2149/5970 4733/2073/5750 4777/2074/5751 4877/2150/5971
f 4735/2080/5757 4879/2152/5973 4878/2151/5972 4734/2079/5756
f 4736/2115/5896 4880/2153/5974 4879/2152/5973 4735/2080/5757
f 4713/2137/5937 4881/2154/5975 4880/2153/5974 4736/2115/5896
f 4947/2083/5800 4946/2118/5899 4673/2118/5900 4737/2083/5799
f 4739/2101/5880 4674/2118/5901 4701/2119/5828 4738/2101/5926
f 4739/2101/5880 4740/2083/5880 4675/2118/5901 4674/2118/5901
f 4741/2101/5804 4676/2118/5902 4675/2118/5903 4740/2083/5803
f 4742/2083/5866 4677/2118/5904 4676/2118/5902 4741/2101/5804
f 4743/2101/5769 4678/2118/5905 4677/2118/5906 4742/2083/5807
f 4828/2101/5850 4827/2119/5907 4678/2118/5905 4743/2101/5769
f 4745/2083/5833 4680/2118/5833 4679/2118/5833 4744/2101/5833
f 4681/2118/5773 4680/2118/5857 4745/2083/5856 4746/2083/5773
f 4682/2118/5770 4681/2118/5773 4746/2083/5773 4747/2083/5770
f 4748/2088/5777 4683/2120/5908 4764/2121/5909 4763/2087/5776
f 4684/2120/5910 4683/2120/5911 4748/2088/5820 4749/2088/5817
f 4685/2120/5912 4817/2120/5913 4816/2088/5843 4750/2088/5780
f 4686/2120/5784 4685/2120/5912 4750/2088/5780 4751/2088/5778
f 4687/2120/5914 4686/2120/5784 4751/2088/5778 4752/2088/5785
f 4696/2120/5917 4687/2120/5914 4752/2088/5785 4753/2088/5785
f 4688/2120/5915 4935/2120/5916 4934/2088/5784 4754/2088/5781
f 4706/2123/5918 4688/2133/5933 4754/2132/5932 4755/2109/5891
f 4689/2122/5917 4706/2123/5918 4755/2109/5891 4756/2092/5788
f 4690/2124/5788 4689/2122/5917 4756/2092/5788 4757/2089/5785
f 4690/2126/5919 4757/2093/5789 4780/2094/5790 4779/2125/5462
f 4692/2127/5794 4691/2128/5796 4758/2100/5796 4759/2097/5793
f 4760/2117/5898 4711/2129/5920 4692/2127/5794 4759/2097/5793
f 4737/2140/5940 4673/2138/5938 4711/2129/5920 4760/2117/5898
f 4761/2044/5675 4834/2045/5676 4900/2156/5977 4899/2155/5976
f 4763/2087/5776 4902/2158/5979 4901/2157/5978 4762/2086/5775
f 4764/2121/5909 4903/2159/5979 4902/2158/5979 4763/2087/5776
f 4765/2065/5736 4904/2160/5980 4903/2159/5979 4764/2121/5909
f 4766/2066/5737 4905/2161/5981 4904/2160/5980 4765/2065/5736
f 4864/2143/5958 4906/2162/5982 4905/2161/5981 4766/2066/5737
f 4908/2163/1090 4907/2163/5983 4767/2061/5724 4768/2061/2385
f 4911/2163/5679 4910/2163/918 4821/2060/918 4769/2061/5697
f 4912/2163/918 4911/2163/5679 4769/2061/5697 4770/2060/5697
f 4912/2163/918 4770/2060/5697 4771/2061/5876 4913/2163/5697
f 4914/2163/5984 4913/2163/5697 4771/2061/5876 4772/2061/1089
f 4915/2163/5985 4941/2163/5724 4940/2061/975 4773/2061/5711
f 4774/2113/5697 4916/2164/918 4915/2163/5985 4773/2061/5711
f 4775/2048/5679 4917/2165/918 4916/2164/918 4774/2113/5697
f 4776/2049/2268 4918/2166/5986 4917/2165/918 4775/2048/5679
f 4777/2074/5751 4920/2168/5988 4919/2167/5987 4877/2150/5971
f 4778/2075/5752 4921/2169/5989 4920/2168/5988 4777/2074/5751
f 4779/2125/5462 4922/2170/5990 4921/2169/5989 4778/2075/5752
f 4780/2094/5790 4923/2171/5991 4922/2170/5990 4779/2125/5462
f 4781/2095/5791 4924/2172/5992 4923/2171/5991 4780/2094/5790
f 4782/2052/5683 4926/2174/5994 4925/2173/5993 4847/2051/5682
f 4783/2042/5672 4927/2176/1295 4926/2175/5809 4782/2041/5671
f 4784/2105/5870 4928/2177/5995 4927/2176/1295 4783/2042/5672
f 4785/2044/5705 4891/2155/5996 4928/2177/5995 4784/2105/5870
f 4930/2044/1295 4929/2155/2379 4891/2155/5996 4785/2044/5705
f 4787/2058/1083 4893/2155/5838 4892/2155/5671 4786/2058/915
f 4788/2044/2379 4894/2155/1083 4893/2155/5838 4787/2058/1083
f 4789/2058/2379 4895/2155/5808 4894/2155/1083 4788/2044/2379
f 4813/2058/5839 4896/2155/1057 4895/2155/5808 4789/2058/2379
f 4761/2044/5811 4899/2155/5997 4898/2155/5671 4790/2058/1081
f 4790/2058/1081 4898/2155/5671 4897/2155/5671 4792/2058/1295
f 4793/695/5998 4627/695/5810 4790/2058/1081 4792/2058/1295
f 4837/2046/5999 4836/2046/5813 4627/695/5814 4793/695/6000
f 4795/2088/5817 4749/2088/5817 4628/2085/5818 4794/2085/6001
f 4796/2120/6002 4684/2120/5910 4749/2088/5817 4795/2088/5817
f 4797/2064/6003 4629/2064/5817 4684/2120/5910 4796/2120/6002
f 4798/2067/6004 4725/2067/5821 4629/2064/5817 4797/2064/6003
f 4867/2144/6005 4866/2144/5960 4725/2067/5821 4798/2067/6004
f 4800/2061/2268 4768/2061/2385 4630/712/5824 4799/712/6006
f 4909/2163/6007 4908/2163/1090 4768/2061/2385 4800/2061/2268
f 4802/711/5697 4649/711/962 4631/711/5826 4801/711/2268
f 4803/711/1275 4632/711/5859 4649/711/962 4802/711/5697
f 4720/2062/5828 4890/2142/5953 4889/2142/6008 4804/2062/5828
f 4633/2063/5829 4720/2062/5828 4804/2062/5828 4805/2082/6009
f 4679/2118/5833 4633/2063/5829 4805/2082/6009 4806/2118/6010
f 4744/2101/5833 4679/2118/5833 4806/2118/6010 4807/2101/6011
f 4634/2084/5832 4744/2101/5833 4807/2101/6011 4808/2084/5806
f 4809/696/6012 4625/696/5834 4860/2059/5835 4859/2059/6013
f 4656/696/1083 4625/696/5870 4809/696/6015 4810/696/6014
f 4626/696/5808 4656/696/1083 4810/696/6014 4791/696/5839
f 4810/696/6014 4811/696/5838 4812/696/1084 4791/696/5839
f 4792/2058/1295 4897/2155/5671 4896/2155/1057 4813/2058/5839
f 4814/695/5671 4793/695/5998 4792/2058/1295 4813/2058/5839
f 4838/2046/5841 4837/2046/5999 4793/695/6000 4814/695/5840
f 4816/2088/5843 4795/2088/5817 4794/2085/6001 4815/2085/5842
f 4817/2120/5913 4796/2120/6002 4795/2088/5817 4816/2088/5843
f 4818/2064/5844 4797/2064/6003 4796/2120/6002 4817/2120/5913
f 4819/2068/5845 4798/2067/6004 4797/2064/6003 4818/2064/5844
f 4868/2144/5923 4867/2144/6005 4798/2067/6004 4819/2068/5845
f 4821/2060/918 4800/2061/2268 4799/712/6006 4820/712/5846
f 4910/2163/918 4909/2163/6007 4800/2061/2268 4821/2060/918
f 4823/711/2269 4802/711/5697 4801/711/2268 4822/711/5847
f 4824/711/5862 4803/711/1275 4802/711/5697 4823/711/2269
f 4804/2062/5828 4889/2142/6008 4888/2142/5924 4825/2062/5848
f 4805/2082/6009 4804/2062/5828 4825/2062/5848 4826/2102/5833
f 4806/2118/6010 4805/2082/6009 4826/2102/5833 4827/2119/5907
f 4807/2101/6011 4806/2118/6010 4827/2119/5907 4828/2101/5850
f 4808/2084/5806 4807/2101/6011 4828/2101/5850 4829/2084/5849
f 4830/696/5852 4809/696/6012 4859/2059/6013 4858/2059/5851
f 4810/696/6014 4809/696/6015 4830/696/5871 4811/696/5838
f 4646/2084/5772 4615/2084/5855 4831/2059/5854 4832/2059/5728
f 4616/2084/5771 4646/2084/5772 4832/2059/5728 4833/2059/5725
f 4834/2045/5676 4762/2086/5775 4901/2157/5978 4900/2156/5977
f 4835/2046/5677 4617/2085/5774 4762/2086/5775 4834/2045/5676
f 4628/2085/5818 4617/2085/5819 4835/2046/5816 4836/2046/5813
f 4794/2085/6001 4628/2085/5818 4836/2046/5813 4837/2046/5999
f 4815/2085/5842 4794/2085/6001 4837/2046/5999 4838/2046/5841
f 4638/2085/5779 4815/2085/5842 4838/2046/5841 4839/2046/5703
f 4618/2085/5747 4638/2085/5779 4839/2046/5703 4840/2046/5700
f 4618/2085/5747 4840/2046/5700 4841/2046/5778 4659/2085/5874
f 4695/2085/5923 4659/2085/5874 4841/2046/5778 4842/2046/5922
f 4619/2085/5782 4933/2085/5783 4932/2046/5717 4843/2046/5714
f 4705/2108/5890 4619/2131/5931 4843/2130/5930 4844/2107/5889
f 4668/2091/5787 4705/2108/5890 4844/2107/5889 4845/2057/5689
f 4620/2090/5786 4668/2091/5787 4845/2057/5689 4846/2056/5689
f 4620/2096/5792 4846/2050/5681 4847/2051/5682 4781/2095/5791
f 4925/2173/5993 4924/2172/5992 4781/2095/5791 4847/2051/5682
f 4849/2054/5687 4665/2098/5794 4621/2099/5795 4848/2053/5686
f 4850/2103/5885 4712/2116/5897 4665/2098/5794 4849/2054/5687
f 4851/2141/5941 4622/2139/5939 4712/2116/5897 4850/2103/5885
f 4949/2059/5709 4948/2084/5797 4622/2084/5798 4851/2059/5708
f 4853/2059/5883 4664/2084/5879 4702/2084/5925 4852/2059/5928
f 4853/2059/5883 4854/2059/5884 4623/2084/5879 4664/2084/5879
f 4855/2059/5720 4653/2084/5801 4623/2084/5802 4854/2059/5719
f 4856/2059/5867 4624/2084/5865 4653/2084/5801 4855/2059/5720
f 4857/2059/5695 4644/2084/5805 4624/2084/5806 4856/2059/5694
f 4858/2059/5851 4829/2084/5849 4644/2084/5805 4857/2059/5695
f 4859/2059/6013 4808/2084/5806 4829/2084/5849 4858/2059/5851
f 4860/2059/5835 4634/2084/5832 4808/2084/5806 4859/2059/6013
f 4831/2059/5836 4615/2084/5831 4634/2084/5832 4860/2059/5835
f 4648/711/6016 4603/711/6017 4861/2142/5956 4862/2142/5955
f 4595/711/6018 4648/711/6016 4862/2142/5955 4863/2142/5957
f 4767/2061/6019 4907/2163/6020 4906/2162/5982 4864/2143/5958
f 4865/2144/5959 4596/712/6021 4767/2061/6019 4864/2143/5958
f 4630/712/6022 4596/712/6023 4865/2144/5961 4866/2144/5960
f 4799/712/6024 4630/712/6022 4866/2144/5960 4867/2144/6005
f 4820/712/6025 4799/712/6024 4867/2144/6005 4868/2144/5923
f 4640/712/6026 4820/712/6025 4868/2144/5923 4869/2144/5962
f 4600/712/6027 4640/712/6026 4869/2144/5962 4870/2144/5963
f 4600/712/6027 4870/2144/5963 4871/2144/5964 4661/712/6028
f 4698/712/6029 4661/712/6028 4871/2144/5964 4872/2144/5716
f 4589/712/6030 4939/712/6031 4938/2144/5966 4873/2144/5965
f 4708/2178/6032 4589/740/6033 4873/2146/5968 4874/2145/5967
f 4670/2179/6034 4708/2178/6032 4874/2145/5967 4875/2147/5969
f 4591/444/6035 4670/2179/6034 4875/2147/5969 4876/2148/5786
f 4591/702/6036 4876/2149/5970 4877/2150/5971 4776/2049/6037
f 4919/2167/5987 4918/2166/6038 4776/2049/6037 4877/2150/5971
f 4879/2152/5973 4671/2180/6040 4592/459/6039 4878/2151/5972
f 4880/2153/5974 4709/2181/6041 4671/2180/6040 4879/2152/5973
f 4881/2154/5975 4590/746/6042 4709/2181/6041 4880/2153/5974
f 4943/2142/5944 4942/711/6044 4590/711/6043 4881/2142/5943
f 4883/2142/5946 4662/711/6046 4699/711/6045 4882/2142/5945
f 4883/2142/5946 4884/2142/5947 4599/711/6047 4662/711/6046
f 4885/2142/5949 4651/711/6049 4599/711/6048 4884/2142/5948
f 4886/2142/5950 4602/711/6050 4651/711/6049 4885/2142/5949
f 4887/2142/5952 4642/711/6052 4602/711/6051 4886/2142/5951
f 4888/2142/5924 4824/711/6053 4642/711/6052 4887/2142/5952
f 4889/2142/6008 4803/711/6054 4824/711/6053 4888/2142/5924
f 4890/2142/5953 4632/711/6055 4803/711/6054 4889/2142/6008
f 4861/2142/5954 4603/711/6056 4632/711/6055 4890/2142/5953
f 4950/696/2379 4588/696/6057 4891/2155/5996 4929/2155/2379
f 4893/2155/5838 4657/696/6058 4693/696/5672 4892/2155/5671
f 4893/2155/5838 4894/2155/1083 4598/696/5730 4657/696/6058
f 4895/2155/5808 4636/696/5729 4598/696/5730 4894/2155/1083
f 4896/2155/1057 4812/696/1084 4636/696/5729 4895/2155/5808
f 4897/2155/5671 4791/696/5839 4812/696/1084 4896/2155/1057
f 4898/2155/5671 4626/696/5808 4791/696/5839 4897/2155/5671
f 4899/2155/5997 4594/696/5808 4626/696/5808 4898/2155/5671
f 4900/2156/5977 4833/2059/6060 4594/696/6059 4899/2155/5976
f 4901/2157/5978 4616/2084/6061 4833/2059/6060 4900/2156/5977
f 4902/2158/5979 4747/2083/6062 4616/2084/6061 4901/2157/5978
f 4903/2159/5979 4682/2118/6063 4747/2083/6062 4902/2158/5979
f 4904/2160/5980 4606/2063/6064 4682/2118/6063 4903/2159/5979
f 4905/2161/5981 4723/2062/6065 4606/2063/6064 4904/2160/5980
f 4906/2162/5982 4863/2142/6066 4723/2062/6065 4905/2161/5981
f 4907/2163/6020 4595/711/6067 4863/2142/6066 4906/2162/5982
f 4631/711/5826 4595/711/5827 4907/2163/5983 4908/2163/1090
f 4801/711/2268 4631/711/5826 4908/2163/1090 4909/2163/6007
f 4822/711/5847 4801/711/2268 4909/2163/6007 4910/2163/918
f 4641/711/5723 4822/711/5847 4910/2163/918 4911/2163/5679
f 4599/711/5722 4641/711/5723 4911/2163/5679 4912/2163/918
f 4599/711/5722 4912/2163/918 4913/2163/5697 4662/711/6068
f 4699/711/6069 4662/711/6068 4913/2163/5697 4914/2163/5984
f 4590/711/6070 4942/711/6071 4941/2163/5724 4915/2163/5985
f 4916/2164/918 4709/2182/6072 4590/711/6070 4915/2163/5985
f 4917/2165/918 4671/2183/6073 4709/2182/6072 4916/2164/918
f 4918/2166/5986 4592/701/6074 4671/2183/6073 4917/2165/918
f 4878/2184/6075 4592/701/6076 4918/2166/6038 4919/2167/5987
f 4920/2168/5988 4734/2185/6077 4878/2184/6075 4919/2167/5987
f 4921/2169/5989 4611/2186/6078 4734/2185/6077 4920/2168/5988
f 4922/2170/5990 4691/2187/6079 4611/2186/6078 4921/2169/5989
f 4923/2171/5991 4758/2188/6080 4691/2187/6079 4922/2170/5990
f 4924/2172/5992 4621/2189/6081 4758/2188/6080 4923/2171/5991
f 4848/2190/6082 4621/2189/6081 4924/2172/5992 4925/2173/5993
f 4926/2174/5994 4586/474/6083 4848/2190/6082 4925/2173/5993
f 4927/2176/1295 4666/2055/5809 4586/454/6084 4926/2175/5809
f 4928/2177/5995 4703/2104/6085 4666/2055/5809 4927/2176/1295
f 4891/2155/5996 4588/696/6057 4703/2104/6085 4928/2177/5995
f 4786/2058/915 4892/2155/5671 4929/2155/2379 4930/2044/1295
f 4931/695/5706 4694/695/5921 4786/2058/915 4930/2044/1295
f 4932/2046/5717 4842/2046/5922 4694/695/5842 4931/695/5716
f 4933/2085/5783 4695/2085/5923 4842/2046/5922 4932/2046/5717
f 4934/2088/5784 4753/2088/5785 4695/2085/5923 4933/2085/5783
f 4935/2120/5916 4696/2120/5917 4753/2088/5785 4934/2088/5784
f 4936/2064/5745 4697/2064/5914 4696/2120/5917 4935/2120/5916
f 4937/2068/5746 4729/2067/5700 4697/2064/5914 4936/2064/5745
f 4938/2144/5966 4872/2144/5716 4729/2067/5700 4937/2068/5746
f 4939/712/6031 4698/712/6029 4872/2144/5716 4938/2144/5966
f 4940/2061/975 4772/2061/1089 4698/712/5846 4939/712/5713
f 4941/2163/5724 4914/2163/5984 4772/2061/1089 4940/2061/975
f 4942/711/6071 4699/711/6069 4914/2163/5984 4941/2163/5724
f 4882/2142/5945 4699/711/6045 4942/711/6044 4943/2142/5944
f 4714/2062/5924 4882/2142/5945 4943/2142/5944 4944/2081/5761
f 4700/2082/5828 4714/2062/5924 4944/2081/5761 4945/2063/5758
f 4701/2119/5828 4700/2082/5828 4945/2063/5758 4946/2118/5899
f 4738/2101/5926 4701/2119/5828 4946/2118/5899 4947/2083/5800
f 4702/2084/5925 4738/2101/5926 4947/2083/5800 4948/2084/5797
f 4852/2059/5928 4702/2084/5925 4948/2084/5797 4949/2059/5709
f 4950/696/5710 4693/696/5927 4852/2059/5928 4949/2059/5709
f 4892/2155/5671 4693/696/5672 4950/696/2379 4929/2155/2379
f 4951/449/6086 5033/2043/6087 5149/2042/5697 5148/2041/5697
f 4959/695/6088 5201/2046/6091 5200/2045/6090 5127/2044/6089
f 5036/2047/6092 4957/702/6093 5142/2049/1295 5141/2048/5998
f 5212/2050/6094 4951/469/6096 5148/2052/5463 5213/2051/6095
f 4952/454/6097 5032/2055/6100 5215/2054/6099 5214/2053/6098
f 5212/2056/5901 5211/2057/5879 5033/2043/6102 4951/449/6101
f 4963/695/6103 5003/695/6105 5155/2058/6104 5154/2044/5697
f 4967/696/6106 5001/696/6109 5223/2059/6108 5222/2059/6107
f 5136/2060/5671 5135/2061/6112 5006/712/6111 4966/712/6110
f 5206/2046/6113 5205/2046/6116 5003/695/6115 4963/695/6114
f 4953/695/6117 5297/695/1090 5296/2044/6119 5151/2044/6118
f 4954/696/6120 5316/696/6123 5315/2059/6122 5217/2059/6121
f 5139/2061/6124 5306/2061/6127 5305/712/6126 4955/712/6125
f 5209/2046/6128 5298/2046/5798 5297/695/6130 4953/695/6129
f 4964/696/6131 5020/696/6134 5221/2059/6133 5220/2059/6132
f 4965/711/6135 5017/711/1084 5016/711/6136 5007/711/5730
f 5199/2059/6137 5198/2059/6140 5011/696/6139 4960/696/6138
f 5002/696/6118 5021/696/6142 5020/696/6141 4964/696/5983
f 5089/2062/6143 5088/2062/6146 5013/2063/6145 4972/2063/6144
f 4973/2064/6147 5090/2067/6150 5132/2066/6149 5131/2065/6148
f 5093/2067/5901 5092/2067/6153 5005/2064/6152 4974/2064/6151
f 5096/2067/6154 5303/2068/6156 5302/2064/5850 4975/2064/6155
f 5099/2069/6157 5098/2072/5848 5035/2071/5901 4976/2070/5828
f 5099/2073/6158 4976/2076/6161 5144/2075/6160 5143/2074/6159
f 5038/2077/6162 5101/2080/6165 5100/2079/6164 4977/2078/6163
f 5311/2063/6166 5310/2081/5746 5079/2062/6168 4978/2063/6167
f 5018/2063/6169 5083/2062/6172 5082/2062/6171 4979/2063/6170
f 5009/2082/6173 5085/2062/6176 5084/2062/6175 4980/2063/6174
f 5113/2083/6177 5112/2083/6179 5012/2084/6178 4982/2084/6177
f 4983/2085/6180 5114/2088/6182 5129/2087/6181 5128/2086/6148
f 5117/2088/5926 5116/2088/6130 5004/2085/6184 4984/2085/6183
f 5120/2088/6185 5300/2088/5899 5299/2085/6187 4985/2085/6186
f 5123/2089/6188 5122/2092/5901 5034/2091/6190 4986/2090/6189
f 5123/2093/6191 4986/2096/6194 5147/2095/6193 5146/2094/6192
f 5125/2097/6195 5124/2100/6198 4987/2099/6197 5031/2098/6196
f 5314/2084/6199 5313/2083/6202 5103/2083/6201 4988/2084/6200
f 5019/2084/6203 5107/2101/6206 5106/2083/6205 4989/2084/6204
f 5010/2084/6207 5109/2101/5749 5108/2083/6209 4990/2084/6208
f 4960/696/2268 5011/696/2269 5022/696/5859 4992/696/2268
f 4993/695/6210 4959/695/6211 5127/2044/962 5156/2058/5877
f 5202/2046/6212 5201/2046/6215 4959/695/6214 4993/695/6213
f 5115/2088/5878 5114/2088/6217 4983/2085/6216 4994/2085/6009
f 5091/2067/6218 5090/2067/6220 4973/2064/6219 4995/2064/5848
f 5134/2061/1295 5133/2061/1084 4962/712/5998 4996/712/6221
f 5015/711/5730 5014/711/2379 4961/711/5838 4997/711/6222
f 4971/2063/6223 5087/2062/6225 5086/2062/5778 4999/2063/6224
f 4981/2084/6226 5111/2083/6228 5110/2101/5922 5000/2084/6227
f 4991/696/6229 4970/696/6230 5197/2059/6199 5226/2059/6226
f 5177/696/6231 5021/696/6142 5002/696/6118 5178/696/5862
f 5003/695/6105 5180/695/6233 5179/2058/6232 5155/2058/6104
f 5205/2046/6116 5204/2046/6235 5180/695/6234 5003/695/6115
f 5116/2088/6130 5182/2088/6237 5181/2085/6236 5004/2085/6184
f 5092/2067/6153 5185/2068/6239 5184/2064/6238 5005/2064/6152
f 5135/2061/6112 5187/2060/6241 5186/712/6240 5006/712/6111
f 5016/711/6136 5189/711/6242 5188/711/5887 5007/711/5730
f 5192/2102/6202 5191/2062/6243 5085/2062/6176 5009/2082/6173
f 5195/2084/6244 5194/2101/6245 5109/2101/5749 5010/2084/6207
f 5001/696/6109 5196/696/6246 5224/2059/5923 5223/2059/6108
f 5198/2059/6140 5197/2059/6248 4970/696/6247 5011/696/6139
f 5112/2083/6179 5111/2083/6250 4981/2084/6249 5012/2084/6178
f 5088/2062/6146 5087/2062/6252 4971/2063/6251 5013/2063/6145
f 4998/711/6253 4969/711/6254 5014/711/2379 5015/711/5730
f 5008/711/6255 5190/711/6256 5189/711/6242 5016/711/6136
f 5017/711/1084 4968/711/6257 5008/711/6255 5016/711/6136
f 4980/2063/6258 5084/2062/6259 5083/2062/6172 5018/2063/6169
f 4990/2084/6260 5108/2083/6261 5107/2101/6206 5019/2084/6203
f 5020/696/6134 4967/696/6263 5222/2059/6262 5221/2059/6133
f 5021/696/6142 5001/696/6265 4967/696/6264 5020/696/6141
f 5196/696/6266 5001/696/6265 5021/696/6142 5177/696/6231
f 5011/696/2269 4970/696/6268 4991/696/6267 5022/696/5859
f 5024/695/6269 4963/695/6103 5154/2044/5697 5153/2058/1275
f 5206/2046/6113 4963/695/6114 5024/695/6271 5207/2046/6270
f 5118/2088/5829 5117/2088/5926 4984/2085/6183 5025/2085/6272
f 5094/2067/6273 5093/2067/5901 4974/2064/6151 5026/2064/6274
f 5137/2061/5839 5136/2060/5671 4966/712/6110 5027/712/6275
f 5029/2063/5785 4979/2063/5817 5082/2062/6276 5081/2062/5923
f 5030/2084/5700 4989/2084/5923 5106/2083/5740 5105/2101/5845
f 4964/696/6277 5220/2059/6280 5219/2059/6279 5023/696/6278
f 5032/2055/6100 5069/2104/6282 5216/2103/6281 5215/2054/6099
f 5033/2043/6087 5070/2106/5697 5150/2105/5697 5149/2042/5697
f 5211/2057/5879 5210/2107/6284 5070/2106/6283 5033/2043/6102
f 5122/2092/5901 5121/2109/6285 5071/2108/6284 5034/2091/6190
f 5098/2072/5848 5097/2111/6287 5073/2110/6286 5035/2071/5901
f 5074/2112/6288 5036/2047/6092 5141/2048/5998 5140/2113/6222
f 5076/2114/6289 5102/2115/6290 5101/2080/6165 5038/2077/6162
f 5078/2116/6291 5126/2117/6292 5125/2097/6195 5031/2098/6196
f 5312/2118/5717 5311/2063/6166 4978/2063/6167 5039/2118/6223
f 5040/2118/5917 5041/2118/5788 4979/2063/5817 5029/2063/5785
f 5042/2118/6293 5018/2063/6169 4979/2063/6170 5041/2118/6294
f 5043/2118/6295 4980/2063/6258 5018/2063/6169 5042/2118/6293
f 5044/2118/5746 5009/2082/6173 4980/2063/6174 5043/2118/6296
f 5193/2119/5916 5192/2102/6202 5009/2082/6173 5044/2118/5746
f 5046/2118/6297 4971/2063/6223 4999/2063/6224 5045/2118/6298
f 5013/2063/6145 4971/2063/6251 5046/2118/6300 5047/2118/6299
f 4972/2063/6144 5013/2063/6145 5047/2118/6299 5048/2118/6144
f 5049/2120/6301 4973/2064/6147 5131/2065/6148 5130/2121/6302
f 4995/2064/5848 4973/2064/6219 5049/2120/6303 5050/2120/5901
f 5005/2064/6152 5184/2064/6238 5183/2120/6304 5051/2120/5758
f 4974/2064/6151 5005/2064/6152 5051/2120/5758 5052/2120/6305
f 4974/2064/6151 5052/2120/6305 5053/2120/5901 5026/2064/6274
f 4975/2064/6155 5302/2064/5850 5301/2120/6307 5054/2120/6306
f 5035/2071/5901 5073/2110/6286 5072/2123/6308 5055/2122/6274
f 4976/2070/5828 5035/2071/5901 5055/2122/6274 5056/2124/5926
f 4976/2076/6161 5056/2126/6310 5145/2125/6309 5144/2075/6160
f 5038/2077/6162 4977/2078/6163 5057/2128/6312 5058/2127/6311
f 5077/2129/6313 5076/2114/6289 5038/2077/6162 5058/2127/6311
f 5060/695/6314 5024/695/6269 5153/2058/1275 5152/2058/2385
f 5208/2046/5880 5207/2046/6270 5024/695/6271 5060/695/5925
f 5119/2088/5833 5118/2088/5829 5025/2085/6272 5061/2085/6315
f 5063/2064/6273 5026/2064/6274 5053/2120/5901 5062/2120/5833
f 5095/2067/6273 5094/2067/6273 5026/2064/6274 5063/2064/6273
f 5138/2061/5672 5137/2061/5839 5027/712/6275 5064/712/6316
f 5029/2063/5785 5081/2062/5923 5080/2062/5749 5066/2082/5817
f 5040/2118/5917 5029/2063/5785 5066/2082/5817 5067/2119/5914
f 5030/2084/5700 5105/2101/5845 5104/2101/5788 5068/2084/6317
f 5059/696/5917 5023/696/6278 5219/2059/6279 5218/2059/6318
f 5070/2106/5697 4953/695/6117 5151/2044/6118 5150/2105/5697
f 5210/2107/6284 5209/2130/6320 4953/695/6319 5070/2106/6283
f 5121/2109/6285 5120/2132/6322 4985/2131/6321 5071/2108/6284
f 5073/2110/6286 4975/2134/6323 5054/2133/6322 5072/2123/6308
f 5097/2111/6287 5096/2135/6324 4975/2134/6323 5073/2110/6286
f 4955/712/6125 5074/2112/6288 5140/2113/6222 5139/2061/6124
f 4978/2136/6325 5079/2137/6325 5102/2115/6290 5076/2114/6289
f 5039/2138/6326 4978/2136/6325 5076/2114/6289 5077/2129/6313
f 4988/2139/6327 5103/2140/6328 5126/2117/6292 5078/2116/6291
f 5069/2104/6282 4954/696/6330 5217/2141/6329 5216/2103/6281
f 5310/2081/5746 5309/2142/6332 5247/2142/6331 5079/2062/6168
f 5081/2062/5923 5249/2142/6207 5248/2142/6333 5080/2062/5749
f 5082/2062/6276 5250/2142/5644 5249/2142/6207 5081/2062/5923
f 5083/2062/6172 5251/2142/6335 5250/2142/6334 5082/2062/6171
f 5084/2062/6259 5252/2142/6336 5251/2142/6335 5083/2062/6172
f 5085/2062/6176 5253/2142/6338 5252/2142/6337 5084/2062/6175
f 5191/2062/6243 5254/2142/6339 5253/2142/6338 5085/2062/6176
f 5087/2062/6225 5227/2142/6341 5256/2142/6340 5086/2062/5778
f 5228/2142/6342 5227/2142/6343 5087/2062/6252 5088/2062/6146
f 5229/2142/6344 5228/2142/6342 5088/2062/6146 5089/2062/6143
f 5090/2067/6150 5231/2144/6346 5230/2143/6345 5132/2066/6149
f 5232/2144/6347 5231/2144/6348 5090/2067/6220 5091/2067/6218
f 5235/2144/6349 5234/2144/5878 5185/2068/6239 5092/2067/6153
f 5236/2144/6350 5235/2144/6349 5092/2067/6153 5093/2067/5901
f 5236/2144/6350 5093/2067/5901 5094/2067/6273 5237/2144/6351
f 5238/2144/6009 5237/2144/6351 5094/2067/6273 5095/2067/6273
f 5239/2144/6352 5304/2144/6353 5303/2068/6156 5096/2067/6154
f 5240/2145/6354 5239/2146/6355 5096/2135/6324 5097/2111/6287
f 5241/2147/6356 5240/2145/6354 5097/2111/6287 5098/2072/5848
f 5242/2148/6357 5241/2147/6356 5098/2072/5848 5099/2069/6157
f 5242/2149/6358 5099/2073/6158 5143/2074/6159 5243/2150/6359
f 5101/2080/6165 5245/2152/6361 5244/2151/6360 5100/2079/6164
f 5102/2115/6290 5246/2153/6362 5245/2152/6361 5101/2080/6165
f 5079/2137/6325 5247/2154/6363 5246/2153/6362 5102/2115/6290
f 5313/2083/6202 5312/2118/5717 5039/2118/6223 5103/2083/6201
f 5105/2101/5845 5040/2118/5917 5067/2119/5914 5104/2101/5788
f 5105/2101/5845 5106/2083/5740 5041/2118/5788 5040/2118/5917
f 5107/2101/6206 5042/2118/6293 5041/2118/6294 5106/2083/6205
f 5108/2083/6261 5043/2118/6295 5042/2118/6293 5107/2101/6206
f 5109/2101/5749 5044/2118/5746 5043/2118/6296 5108/2083/6209
f 5194/2101/6245 5193/2119/5916 5044/2118/5746 5109/2101/5749
f 5111/2083/6228 5046/2118/6297 5045/2118/6298 5110/2101/5922
f 5047/2118/6299 5046/2118/6300 5111/2083/6250 5112/2083/6179
f 5048/2118/6144 5047/2118/6299 5112/2083/6179 5113/2083/6177
f 5114/2088/6182 5049/2120/6301 5130/2121/6302 5129/2087/6181
f 5050/2120/5901 5049/2120/6303 5114/2088/6217 5115/2088/5878
f 5051/2120/5758 5183/2120/6304 5182/2088/6237 5116/2088/6130
f 5052/2120/6305 5051/2120/5758 5116/2088/6130 5117/2088/5926
f 5053/2120/5901 5052/2120/6305 5117/2088/5926 5118/2088/5829
f 5062/2120/5833 5053/2120/5901 5118/2088/5829 5119/2088/5833
f 5054/2120/6306 5301/2120/6307 5300/2088/5899 5120/2088/6185
f 5072/2123/6308 5054/2133/6322 5120/2132/6322 5121/2109/6285
f 5055/2122/6274 5072/2123/6308 5121/2109/6285 5122/2092/5901
f 5056/2124/5926 5055/2122/6274 5122/2092/5901 5123/2089/6188
f 5056/2126/6310 5123/2093/6191 5146/2094/6192 5145/2125/6309
f 5058/2127/6311 5057/2128/6312 5124/2100/6198 5125/2097/6195
f 5126/2117/6292 5077/2129/6313 5058/2127/6311 5125/2097/6195
f 5103/2140/6328 5039/2138/6326 5077/2129/6313 5126/2117/6292
f 5127/2044/6089 5200/2045/6090 5266/2156/6365 5265/2155/6364
f 5129/2087/6181 5268/2158/6367 5267/2157/6366 5128/2086/6148
f 5130/2121/6302 5269/2159/6368 5268/2158/6367 5129/2087/6181
f 5131/2065/6148 5270/2160/6369 5269/2159/6368 5130/2121/6302
f 5132/2066/6149 5271/2161/6370 5270/2160/6369 5131/2065/6148
f 5230/2143/6345 5272/2162/6371 5271/2161/6370 5132/2066/6149
f 5274/2163/1295 5273/2163/5671 5133/2061/1084 5134/2061/1295
f 5277/2163/6372 5276/2163/6373 5187/2060/6241 5135/2061/6112
f 5278/2163/5869 5277/2163/6372 5135/2061/6112 5136/2060/5671
f 5278/2163/5869 5136/2060/5671 5137/2061/5839 5279/2163/5839
f 5280/2163/6135 5279/2163/5839 5137/2061/5839 5138/2061/5672
f 5281/2163/6374 5307/2163/6375 5306/2061/6127 5139/2061/6124
f 5140/2113/6222 5282/2164/915 5281/2163/6374 5139/2061/6124
f 5141/2048/5998 5283/2165/5839 5282/2164/915 5140/2113/6222
f 5142/2049/1295 5284/2166/5671 5283/2165/5839 5141/2048/5998
f 5143/2074/6159 5286/2168/6377 5285/2167/6376 5243/2150/6359
f 5144/2075/6160 5287/2169/5464 5286/2168/6377 5143/2074/6159
f 5145/2125/6309 5288/2170/5461 5287/2169/5464 5144/2075/6160
f 5146/2094/6192 5289/2171/6378 5288/2170/5461 5145/2125/6309
f 5147/2095/6193 5290/2172/6379 5289/2171/6378 5146/2094/6192
f 5148/2052/5463 5292/2174/6381 5291/2173/6380 5213/2051/6095
f 5149/2042/5697 5293/2176/1089 5292/2175/2269 5148/2041/5697
f 5150/2105/5697 5294/2177/918 5293/2176/1089 5149/2042/5697
f 5151/2044/6118 5257/2155/6119 5294/2177/918 5150/2105/5697
f 5296/2044/6119 5295/2155/1079 5257/2155/6119 5151/2044/6118
f 5153/2058/1275 5259/2155/5697 5258/2155/962 5152/2058/2385
f 5154/2044/5697 5260/2155/5983 5259/2155/5697 5153/2058/1275
f 5155/2058/6104 5261/2155/6382 5260/2155/5983 5154/2044/5697
f 5179/2058/6232 5262/2155/6383 5261/2155/6382 5155/2058/6104
f 5127/2044/962 5265/2155/962 5264/2155/918 5156/2058/5877
f 5156/2058/5877 5264/2155/918 5263/2155/6232 5158/2058/6117
f 5159/695/5699 4993/695/6210 5156/2058/5877 5158/2058/6117
f 5203/2046/6384 5202/2046/6212 4993/695/6213 5159/695/6385
f 5161/2088/5878 5115/2088/5878 4994/2085/6009 5160/2085/5926
f 5162/2120/6386 5050/2120/5901 5115/2088/5878 5161/2088/5878
f 5163/2064/6387 4995/2064/5848 5050/2120/5901 5162/2120/6386
f 5164/2067/6218 5091/2067/6218 4995/2064/5848 5163/2064/6387
f 5233/2144/6388 5232/2144/6347 5091/2067/6218 5164/2067/6218
f 5166/2061/1295 5134/2061/1295 4996/712/6221 5165/712/6389
f 5275/2163/1295 5274/2163/1295 5134/2061/1295 5166/2061/1295
f 5168/711/6390 5015/711/5730 4997/711/6222 5167/711/6391
f 5169/711/6392 4998/711/6253 5015/711/5730 5168/711/6390
f 5086/2062/5778 5256/2142/6340 5255/2142/6393 5170/2062/5749
f 4999/2063/6224 5086/2062/5778 5170/2062/5749 5171/2082/5785
f 5045/2118/6298 4999/2063/6224 5171/2082/5785 5172/2118/6394
f 5110/2101/5922 5045/2118/6298 5172/2118/6394 5173/2101/6395
f 5000/2084/6227 5110/2101/5922 5173/2101/6395 5174/2084/6227
f 5175/696/6396 4991/696/6229 5226/2059/6226 5225/2059/6227
f 5022/696/5859 4991/696/6267 5175/696/6398 5176/696/6397
f 4992/696/2268 5022/696/5859 5176/696/6397 5157/696/6232
f 5176/696/6397 5177/696/6231 5178/696/5862 5157/696/6232
f 5158/2058/6117 5263/2155/6232 5262/2155/6383 5179/2058/6232
f 5180/695/6233 5159/695/5699 5158/2058/6117 5179/2058/6232
f 5204/2046/6235 5203/2046/6384 5159/695/6385 5180/695/6234
f 5182/2088/6237 5161/2088/5878 5160/2085/5926 5181/2085/6236
f 5183/2120/6304 5162/2120/6386 5161/2088/5878 5182/2088/6237
f 5184/2064/6238 5163/2064/6387 5162/2120/6386 5183/2120/6304
f 5185/2068/6239 5164/2067/6218 5163/2064/6387 5184/2064/6238
f 5234/2144/5878 5233/2144/6388 5164/2067/6218 5185/2068/6239
f 5187/2060/6241 5166/2061/1295 5165/712/6389 5186/712/6240
f 5276/2163/6373 5275/2163/1295 5166/2061/1295 5187/2060/6241
f 5189/711/6242 5168/711/6390 5167/711/6391 5188/711/5887
f 5190/711/6256 5169/711/6392 5168/711/6390 5189/711/6242
f 5170/2062/5749 5255/2142/6393 5254/2142/6339 5191/2062/6243
f 5171/2082/5785 5170/2062/5749 5191/2062/6243 5192/2102/6202
f 5172/2118/6394 5171/2082/5785 5192/2102/6202 5193/2119/5916
f 5173/2101/6395 5172/2118/6394 5193/2119/5916 5194/2101/6245
f 5174/2084/6227 5173/2101/6395 5194/2101/6245 5195/2084/6244
f 5196/696/6246 5175/696/6396 5225/2059/6227 5224/2059/5923
f 5176/696/6397 5175/696/6398 5196/696/6266 5177/696/6231
f 5012/2084/6178 4981/2084/6249 5197/2059/6248 5198/2059/6140
f 4982/2084/6177 5012/2084/6178 5198/2059/6140 5199/2059/6137
f 5200/2045/6090 5128/2086/6148 5267/2157/6366 5266/2156/6365
f 5201/2046/6091 4983/2085/6180 5128/2086/6148 5200/2045/6090
f 4994/2085/6009 4983/2085/6216 5201/2046/6215 5202/2046/6212
f 5160/2085/5926 4994/2085/6009 5202/2046/6212 5203/2046/6384
f 5181/2085/6236 5160/2085/5926 5203/2046/6384 5204/2046/6235
f 5004/2085/6184 5181/2085/6236 5204/2046/6235 5205/2046/6116
f 4984/2085/6183 5004/2085/6184 5205/2046/6116 5206/2046/6113
f 4984/2085/6183 5206/2046/6113 5207/2046/6270 5025/2085/6272
f 5061/2085/6315 5025/2085/6272 5207/2046/6270 5208/2046/5880
f 4985/2085/6186 5299/2085/6187 5298/2046/5798 5209/2046/6128
f 5071/2108/6284 4985/2131/6321 5209/2130/6320 5210/2107/6284
f 5034/2091/6190 5071/2108/6284 5210/2107/6284 5211/2057/5879
f 4986/2090/6189 5034/2091/6190 5211/2057/5879 5212/2056/5901
f 4986/2096/6194 5212/2050/6094 5213/2051/6095 5147/2095/6193
f 5291/2173/6380 5290/2172/6379 5147/2095/6193 5213/2051/6095
f 5215/2054/6099 5031/2098/6196 4987/2099/6197 5214/2053/6098
f 5216/2103/6281 5078/2116/6291 5031/2098/6196 5215/2054/6099
f 5217/2141/6329 4988/2139/6327 5078/2116/6291 5216/2103/6281
f 5315/2059/6122 5314/2084/6199 4988/2084/6200 5217/2059/6121
f 5219/2059/6279 5030/2084/5700 5068/2084/6317 5218/2059/6318
f 5219/2059/6279 5220/2059/6280 4989/2084/5923 5030/2084/5700
f 5221/2059/6133 5019/2084/6203 4989/2084/6204 5220/2059/6132
f 5222/2059/6262 4990/2084/6260 5019/2084/6203 5221/2059/6133
f 5223/2059/6108 5010/2084/6207 4990/2084/6208 5222/2059/6107
f 5224/2059/5923 5195/2084/6244 5010/2084/6207 5223/2059/6108
f 5225/2059/6227 5174/2084/6227 5195/2084/6244 5224/2059/5923
f 5226/2059/6226 5000/2084/6227 5174/2084/6227 5225/2059/6227
f 5197/2059/6199 4981/2084/6226 5000/2084/6227 5226/2059/6226
f 5014/711/6399 4969/711/6400 5227/2142/6343 5228/2142/6342
f 4961/711/6401 5014/711/6399 5228/2142/6342 5229/2142/6344
f 5133/2061/6402 5273/2163/6403 5272/2162/6371 5230/2143/6345
f 5231/2144/6346 4962/712/6404 5133/2061/6402 5230/2143/6345
f 4996/712/6405 4962/712/6406 5231/2144/6348 5232/2144/6347
f 5165/712/6407 4996/712/6405 5232/2144/6347 5233/2144/6388
f 5186/712/6407 5165/712/6407 5233/2144/6388 5234/2144/5878
f 5006/712/6408 5186/712/6407 5234/2144/5878 5235/2144/6349
f 4966/712/6409 5006/712/6408 5235/2144/6349 5236/2144/6350
f 4966/712/6409 5236/2144/6350 5237/2144/6351 5027/712/6410
f 5064/712/6411 5027/712/6410 5237/2144/6351 5238/2144/6009
f 4955/712/6412 5305/712/6413 5304/2144/6353 5239/2144/6352
f 5074/2178/6414 4955/740/6415 5239/2146/6355 5240/2145/6354
f 5036/2179/6274 5074/2178/6414 5240/2145/6354 5241/2147/6356
f 4957/444/6416 5036/2179/6274 5241/2147/6356 5242/2148/6357
f 4957/702/6417 5242/2149/6358 5243/2150/6359 5142/2049/6418
f 5285/2167/6376 5284/2166/6419 5142/2049/6418 5243/2150/6359
f 5245/2152/6361 5037/2180/6421 4958/459/6420 5244/2151/6360
f 5246/2153/6362 5075/2181/6422 5037/2180/6421 5245/2152/6361
f 5247/2154/6363 4956/746/6423 5075/2181/6422 5246/2153/6362
f 5309/2142/6332 5308/711/6425 4956/711/6424 5247/2142/6331
f 5249/2142/6207 5028/711/6427 5065/711/6426 5248/2142/6333
f 5249/2142/6207 5250/2142/5644 4965/711/6428 5028/711/6427
f 5251/2142/6335 5017/711/6430 4965/711/6429 5250/2142/6334
f 5252/2142/6336 4968/711/6431 5017/711/6430 5251/2142/6335
f 5253/2142/6338 5008/711/6433 4968/711/6432 5252/2142/6337
f 5254/2142/6339 5190/711/6434 5008/711/6433 5253/2142/6338
f 5255/2142/6393 5169/711/6435 5190/711/6434 5254/2142/6339
f 5256/2142/6340 4998/711/6436 5169/711/6435 5255/2142/6393
f 5227/2142/6341 4969/711/6437 4998/711/6436 5256/2142/6340
f 5316/696/6438 4954/696/6439 5257/2155/6119 5295/2155/1079
f 5259/2155/5697 5023/696/1275 5059/696/6382 5258/2155/962
f 5259/2155/5697 5260/2155/5983 4964/696/5983 5023/696/1275
f 5261/2155/6382 5002/696/6118 4964/696/5983 5260/2155/5983
f 5262/2155/6383 5178/696/5862 5002/696/6118 5261/2155/6382
f 5263/2155/6232 5157/696/6232 5178/696/5862 5262/2155/6383
f 5264/2155/918 4992/696/2268 5157/696/6232 5263/2155/6232
f 5265/2155/962 4960/696/2268 4992/696/2268 5264/2155/918
f 5266/2156/6365 5199/2059/6440 4960/696/6440 5265/2155/6364
f 5267/2157/6366 4982/2084/6441 5199/2059/6440 5266/2156/6365
f 5268/2158/6367 5113/2083/6442 4982/2084/6441 5267/2157/6366
f 5269/2159/6368 5048/2118/6443 5113/2083/6442 5268/2158/6367
f 5270/2160/6369 4972/2063/6444 5048/2118/6443 5269/2159/6368
f 5271/2161/6370 5089/2062/6445 4972/2063/6444 5270/2160/6369
f 5272/2162/6371 5229/2142/6446 5089/2062/6445 5271/2161/6370
f 5273/2163/6403 4961/711/6447 5229/2142/6446 5272/2162/6371
f 4997/711/6222 4961/711/5838 5273/2163/5671 5274/2163/1295
f 5167/711/6391 4997/711/6222 5274/2163/1295 5275/2163/1295
f 5188/711/5887 5167/711/6391 5275/2163/1295 5276/2163/6373
f 5007/711/5730 5188/711/5887 5276/2163/6373 5277/2163/6372
f 4965/711/6135 5007/711/5730 5277/2163/6372 5278/2163/5869
f 4965/711/6135 5278/2163/5869 5279/2163/5839 5028/711/6448
f 5065/711/5730 5028/711/6448 5279/2163/5839 5280/2163/6135
f 4956/711/6449 5308/711/6450 5307/2163/6375 5281/2163/6374
f 5282/2164/915 5075/2182/6451 4956/711/6449 5281/2163/6374
f 5283/2165/5839 5037/2183/6452 5075/2182/6451 5282/2164/915
f 5284/2166/5671 4958/701/6453 5037/2183/6452 5283/2165/5839
f 5244/2184/6454 4958/701/6455 5284/2166/6419 5285/2167/6376
f 5286/2168/6377 5100/2185/6456 5244/2184/6454 5285/2167/6376
f 5287/2169/5464 4977/2186/6457 5100/2185/6456 5286/2168/6377
f 5288/2170/5461 5057/2187/6458 4977/2186/6457 5287/2169/5464
f 5289/2171/6378 5124/2188/6459 5057/2187/6458 5288/2170/5461
f 5290/2172/6379 4987/2189/6460 5124/2188/6459 5289/2171/6378
f 5214/2190/6461 4987/2189/6460 5290/2172/6379 5291/2173/6380
f 5292/2174/6381 4952/474/6462 5214/2190/6461 5291/2173/6380
f 5293/2176/1089 5032/2055/6464 4952/454/6463 5292/2175/2269
f 5294/2177/918 5069/2104/6465 5032/2055/6464 5293/2176/1089
f 5257/2155/6119 4954/696/6439 5069/2104/6465 5294/2177/918
f 5152/2058/2385 5258/2155/962 5295/2155/1079 5296/2044/6119
f 5297/695/1090 5060/695/6314 5152/2058/2385 5296/2044/6119
f 5298/2046/5798 5208/2046/5880 5060/695/5925 5297/695/6130
f 5299/2085/6187 5061/2085/6315 5208/2046/5880 5298/2046/5798
f 5300/2088/5899 5119/2088/5833 5061/2085/6315 5299/2085/6187
f 5301/2120/6307 5062/2120/5833 5119/2088/5833 5300/2088/5899
f 5302/2064/5850 5063/2064/6273 5062/2120/5833 5301/2120/6307
f 5303/2068/6156 5095/2067/6273 5063/2064/6273 5302/2064/5850
f 5304/2144/6353 5238/2144/6009 5095/2067/6273 5303/2068/6156
f 5305/712/6413 5064/712/6411 5238/2144/6009 5304/2144/6353
f 5306/2061/6127 5138/2061/5672 5064/712/6316 5305/712/6126
f 5307/2163/6375 5280/2163/6135 5138/2061/5672 5306/2061/6127
f 5308/711/6450 5065/711/5730 5280/2163/6135 5307/2163/6375
f 5248/2142/6333 5065/711/6426 5308/711/6425 5309/2142/6332
f 5080/2062/5749 5248/2142/6333 5309/2142/6332 5310/2081/5746
f 5066/2082/5817 5080/2062/5749 5310/2081/5746 5311/2063/6166
f 5067/2119/5914 5066/2082/5817 5311/2063/6166 5312/2118/5717
f 5104/2101/5788 5067/2119/5914 5312/2118/5717 5313/2083/6202
f 5068/2084/6317 5104/2101/5788 5313/2083/6202 5314/2084/6199
f 5218/2059/6318 5068/2084/6317 5314/2084/6199 5315/2059/6122
f 5316/696/6123 5059/696/5917 5218/2059/6318 5315/2059/6122
f 5258/2155/962 5059/696/6382 5316/696/6438 5295/2155/1079
f 5317/449/6466 5511/2193/6469 5607/2192/6468 5514/2191/6467
f 5511/2193/6469 5391/2195/6471 5512/2194/6470 5607/2192/6468
f 5607/2192/6468 5512/2194/6470 5343/2197/6473 5513/2196/6472
f 5514/2191/6467 5607/2192/6468 5513/2196/6472 5398/2198/6474
f 5391/2195/6471 5515/2200/6476 5608/2199/6475 5512/2194/6470
f 5515/2200/6476 5331/2202/6478 5516/2201/6477 5608/2199/6475
f 5608/2199/6475 5516/2201/6477 5367/2204/6480 5517/2203/6479
f 5512/2194/6470 5608/2199/6475 5517/2203/6479 5343/2197/6473
f 5343/2197/6473 5517/2203/6479 5609/2206/6482 5520/2205/6481
f 5517/2203/6479 5367/2204/6480 5518/2207/6483 5609/2206/6482
f 5609/2206/6482 5518/2207/6483 5337/2209/6485 5519/2208/6484
f 5520/2205/6481 5609/2206/6482 5519/2208/6484 5370/2210/6486
f 5398/2198/6474 5513/2196/6472 5610/2212/6488 5522/2211/6487
f 5513/2196/6472 5343/2197/6473 5520/2205/6481 5610/2212/6488
f 5610/2212/6488 5520/2205/6481 5370/2210/6486 5521/2213/6489
f 5522/2211/6487 5610/2212/6488 5521/2213/6489 5334/2214/6490
f 5331/2202/6478 5523/2216/6492 5611/2215/6491 5516/2201/6477
f 5523/2216/6492 5392/2218/6494 5524/2217/6493 5611/2215/6491
f 5611/2215/6491 5524/2217/6493 5344/2220/6496 5525/2219/6495
f 5516/2201/6477 5611/2215/6491 5525/2219/6495 5367/2204/6480
f 5392/2218/6494 5526/2222/6498 5612/2221/6497 5524/2217/6493
f 5526/2222/6498 5318/454/6500 5527/2223/6499 5612/2221/6497
f 5612/2221/6497 5527/2223/6499 5393/2225/6502 5528/2224/6501
f 5524/2217/6493 5612/2221/6497 5528/2224/6501 5344/2220/6496
f 5344/2220/6496 5528/2224/6501 5613/2227/6504 5531/2226/6503
f 5528/2224/6501 5393/2225/6502 5529/2228/6505 5613/2227/6504
f 5613/2227/6504 5529/2228/6505 5332/2230/6507 5530/2229/6506
f 5531/2226/6503 5613/2227/6504 5530/2229/6506 5368/2231/6508
f 5367/2204/6480 5525/2219/6495 5614/2232/6509 5518/2207/6483
f 5525/2219/6495 5344/2220/6496 5531/2226/6503 5614/2232/6509
f 5614/2232/6509 5531/2226/6503 5368/2231/6508 5532/2233/6510
f 5518/2207/6483 5614/2232/6509 5532/2233/6510 5337/2209/6485
f 5337/2209/6485 5532/2233/6510 5615/2235/6512 5535/2234/6511
f 5532/2233/6510 5368/2231/6508 5533/2236/6513 5615/2235/6512
f 5615/2235/6512 5533/2236/6513 5345/2238/6515 5534/2237/6514
f 5535/2234/6511 5615/2235/6512 5534/2237/6514 5369/2239/6516
f 5368/2231/6508 5530/2229/6506 5616/2240/6517 5533/2236/6513
f 5530/2229/6506 5332/2230/6507 5536/2241/6518 5616/2240/6517
f 5616/2240/6517 5536/2241/6518 5394/2243/6520 5537/2242/6519
f 5533/2236/6513 5616/2240/6517 5537/2242/6519 5345/2238/6515
f 5345/2238/6515 5537/2242/6519 5617/2245/6522 5540/2244/6521
f 5537/2242/6519 5394/2243/6520 5538/2246/6523 5617/2245/6522
f 5617/2245/6522 5538/2246/6523 5320/696/6525 5539/2247/6524
f 5540/2244/6521 5617/2245/6522 5539/2247/6524 5395/2248/6526
f 5369/2239/6516 5534/2237/6514 5618/2250/6528 5542/2249/6527
f 5534/2237/6514 5345/2238/6515 5540/2244/6521 5618/2250/6528
f 5618/2250/6528 5540/2244/6521 5395/2248/6526 5541/2251/6529
f 5542/2249/6527 5618/2250/6528 5541/2251/6529 5333/2252/6530
f 5334/2214/6490 5521/2213/6489 5619/2254/6532 5545/2253/6531
f 5521/2213/6489 5370/2210/6486 5543/2255/6533 5619/2254/6532
f 5619/2254/6532 5543/2255/6533 5346/2257/6535 5544/2256/6534
f 5545/2253/6531 5619/2254/6532 5544/2256/6534 5397/2258/6536
f 5370/2210/6486 5519/2208/6484 5620/2259/6537 5543/2255/6533
f 5519/2208/6484 5337/2209/6485 5535/2234/6511 5620/2259/6537
f 5620/2259/6537 5535/2234/6511 5369/2239/6516 5546/2260/6538
f 5543/2255/6533 5620/2259/6537 5546/2260/6538 5346/2257/6535
f 5346/2257/6535 5546/2260/6538 5621/2262/6540 5548/2261/6539
f 5546/2260/6538 5369/2239/6516 5542/2249/6527 5621/2262/6540
f 5621/2262/6540 5542/2249/6527 5333/2252/6530 5547/2263/6541
f 5548/2261/6539 5621/2262/6540 5547/2263/6541 5396/2264/6542
f 5397/2258/6536 5544/2256/6534 5622/2266/6544 5550/2265/6543
f 5544/2256/6534 5346/2257/6535 5548/2261/6539 5622/2266/6544
f 5622/2266/6544 5548/2261/6539 5396/2264/6542 5549/2267/6545
f 5550/2265/6543 5622/2266/6544 5549/2267/6545 5319/695/6546
f 5319/695/6546 5549/2267/6545 5623/2269/6548 5553/2268/6547
f 5549/2267/6545 5396/2264/6542 5551/2270/6549 5623/2269/6548
f 5623/2269/6548 5551/2270/6549 5347/2272/6551 5552/2271/6550
f 5553/2268/6547 5623/2269/6548 5552/2271/6550 5404/1150/6552
f 5396/2264/6542 5547/2263/6541 5624/2273/6553 5551/2270/6549
f 5547/2263/6541 5333/2252/6530 5554/2274/6554 5624/2273/6553
f 5624/2273/6553 5554/2274/6554 5371/1055/6556 5555/2275/6555
f 5551/2270/6549 5624/2273/6553 5555/2275/6555 5347/2272/6551
f 5347/2272/6551 5555/2275/6555 5625/2277/6558 5558/2276/6557
f 5555/2275/6555 5371/1055/6556 5556/2278/6559 5625/2277/6558
f 5625/2277/6558 5556/2278/6559 5338/2280/6561 5557/2279/6560
f 5558/2276/6557 5625/2277/6558 5557/2279/6560 5374/2281/6562
f 5404/1150/6552 5552/2271/6550 5626/2283/6564 5560/2282/6563
f 5552/2271/6550 5347/2272/6551 5558/2276/6557 5626/2283/6564
f 5626/2283/6564 5558/2276/6557 5374/2281/6562 5559/2284/6565
f 5560/2282/6563 5626/2283/6564 5559/2284/6565 5325/2285/6566
f 5333/2252/6530 5541/2251/6529 5627/2286/6567 5554/2274/6554
f 5541/2251/6529 5395/2248/6526 5561/2287/6568 5627/2286/6567
f 5627/2286/6567 5561/2287/6568 5348/2289/6570 5562/2288/6569
f 5554/2274/6554 5627/2286/6567 5562/2288/6569 5371/1055/6556
f 5395/2248/6526 5539/2247/6524 5628/2290/6571 5561/2287/6568
f 5539/2247/6524 5320/696/6525 5563/2291/6572 5628/2290/6571
f 5628/2290/6571 5563/2291/6572 5399/2293/6574 5564/2292/6573
f 5561/2287/6568 5628/2290/6571 5564/2292/6573 5348/2289/6570
f 5348/2289/6570 5564/2292/6573 5629/2295/6576 5567/2294/6575
f 5564/2292/6573 5399/2293/6574 5565/2296/6577 5629/2295/6576
f 5629/2295/6576 5565/2296/6577 5335/2298/6579 5566/2297/6578
f 5567/2294/6575 5629/2295/6576 5566/2297/6578 5372/2299/6580
f 5371/1055/6556 5562/2288/6569 5630/2300/6581 5556/2278/6559
f 5562/2288/6569 5348/2289/6570 5567/2294/6575 5630/2300/6581
f 5630/2300/6581 5567/2294/6575 5372/2299/6580 5568/2301/6582
f 5556/2278/6559 5630/2300/6581 5568/2301/6582 5338/2280/6561
f 5338/2280/6561 5568/2301/6582 5631/2303/6584 5571/2302/6583
f 5568/2301/6582 5372/2299/6580 5569/2304/6585 5631/2303/6584
f 5631/2303/6584 5569/2304/6585 5349/2306/6587 5570/2305/6586
f 5571/2302/6583 5631/2303/6584 5570/2305/6586 5373/2307/6588
f 5372/2299/6580 5566/2297/6578 5632/2308/6589 5569/2304/6585
f 5566/2297/6578 5335/2298/6579 5572/2309/6590 5632/2308/6589
f 5632/2308/6589 5572/2309/6590 5400/2311/6592 5573/2310/6591
f 5569/2304/6585 5632/2308/6589 5573/2310/6591 5349/2306/6587
f 5349/2306/6587 5573/2310/6591 5633/2313/6594 5576/2312/6593
f 5573/2310/6591 5400/2311/6592 5574/2314/6595 5633/2313/6594
f 5633/2313/6594 5574/2314/6595 5322/711/6597 5575/2315/6596
f 5576/2312/6593 5633/2313/6594 5575/2315/6596 5401/2316/6598
f 5373/2307/6588 5570/2305/6586 5634/2318/6600 5578/2317/6599
f 5570/2305/6586 5349/2306/6587 5576/2312/6593 5634/2318/6600
f 5634/2318/6600 5576/2312/6593 5401/2316/6598 5577/2319/6601
f 5578/2317/6599 5634/2318/6600 5577/2319/6601 5336/2320/6602
f 5325/2285/6566 5559/2284/6565 5635/2322/6604 5581/2321/6603
f 5559/2284/6565 5374/2281/6562 5579/2323/6605 5635/2322/6604
f 5635/2322/6604 5579/2323/6605 5350/2325/6607 5580/2324/6606
f 5581/2321/6603 5635/2322/6604 5580/2324/6606 5403/2326/6608
f 5374/2281/6562 5557/2279/6560 5636/2327/6609 5579/2323/6605
f 5557/2279/6560 5338/2280/6561 5571/2302/6583 5636/2327/6609
f 5636/2327/6609 5571/2302/6583 5373/2307/6588 5582/2328/6610
f 5579/2323/6605 5636/2327/6609 5582/2328/6610 5350/2325/6607
f 5350/2325/6607 5582/2328/6610 5637/2330/6612 5584/2329/6611
f 5582/2328/6610 5373/2307/6588 5578/2317/6599 5637/2330/6612
f 5637/2330/6612 5578/2317/6599 5336/2320/6602 5583/2331/6613
f 5584/2329/6611 5637/2330/6612 5583/2331/6613 5402/2332/6614
f 5403/2326/6608 5580/2324/6606 5638/2334/6616 5586/2333/6615
f 5580/2324/6606 5350/2325/6607 5584/2329/6611 5638/2334/6616
f 5638/2334/6616 5584/2329/6611 5402/2332/6614 5585/2335/6617
f 5586/2333/6615 5638/2334/6616 5585/2335/6617 5321/712/6618
f 5321/712/6618 5585/2335/6617 5639/2337/6620 5589/2336/6619
f 5585/2335/6617 5402/2332/6614 5587/2338/6621 5639/2337/6620
f 5639/2337/6620 5587/2338/6621 5351/2340/6623 5588/2339/6622
f 5589/2336/6619 5639/2337/6620 5588/2339/6622 5410/2341/6624
f 5402/2332/6614 5583/2331/6613 5640/2342/6625 5587/2338/6621
f 5583/2331/6613 5336/2320/6602 5590/2343/6626 5640/2342/6625
f 5640/2342/6625 5590/2343/6626 5375/2345/6628 5591/2344/6627
f 5587/2338/6621 5640/2342/6625 5591/2344/6627 5351/2340/6623
f 5351/2340/6623 5591/2344/6627 5641/2347/6630 5594/2346/6629
f 5591/2344/6627 5375/2345/6628 5592/2348/6631 5641/2347/6630
f 5641/2347/6630 5592/2348/6631 5339/2350/6633 5593/2349/6632
f 5594/2346/6629 5641/2347/6630 5593/2349/6632 5378/2351/6634
f 5410/2341/6624 5588/2339/6622 5642/2353/6636 5596/2352/6635
f 5588/2339/6622 5351/2340/6623 5594/2346/6629 5642/2353/6636
f 5642/2353/6636 5594/2346/6629 5378/2351/6634 5595/2354/6637
f 5596/2352/6635 5642/2353/6636 5595/2354/6637 5328/2355/6638
f 5336/2320/6602 5577/2319/6601 5643/2356/6639 5590/2343/6626
f 5577/2319/6601 5401/2316/6598 5597/2357/6640 5643/2356/6639
f 5643/2356/6639 5597/2357/6640 5352/2359/6642 5598/2358/6641
f 5590/2343/6626 5643/2356/6639 5598/2358/6641 5375/2345/6628
f 5401/2316/6598 5575/2315/6596 5644/2360/6643 5597/2357/6640
f 5575/2315/6596 5322/711/6597 5599/2361/6644 5644/2360/6643
f 5644/2360/6643 5599/2361/6644 5405/2363/6646 5600/2362/6645
f 5597/2357/6640 5644/2360/6643 5600/2362/6645 5352/2359/6642
f 5352/2359/6642 5600/2362/6645 5645/2365/6648 5603/2364/6647
f 5600/2362/6645 5405/2363/6646 5601/2366/6649 5645/2365/6648
f 5645/2365/6648 5601/2366/6649 5326/2368/6651 5602/2367/6650
f 5603/2364/6647 5645/2365/6648 5602/2367/6650 5376/2369/6652
f 5375/2345/6628 5598/2358/6641 5646/2370/6653 5592/2348/6631
f 5598/2358/6641 5352/2359/6642 5603/2364/6647 5646/2370/6653
f 5646/2370/6653 5603/2364/6647 5376/2369/6652 5604/2371/6654
f 5592/2348/6631 5646/2370/6653 5604/2371/6654 5339/2350/6633
f 5339/2350/6633 5604/2371/6654 5647/2373/6656 5415/2372/6655
f 5604/2371/6654 5376/2369/6652 5605/2374/6657 5647/2373/6656
f 5647/2373/6656 5605/2374/6657 5353/2376/6659 5606/2375/6658
f 5415/2372/6655 5647/2373/6656 5606/2375/6658 5377/2377/6660
f 5376/2369/6652 5602/2367/6650 5648/2378/6661 5605/2374/6657
f 5602/2367/6650 5326/2368/6651 5416/2379/6662 5648/2378/6661
f 5648/2378/6661 5416/2379/6662 5406/2381/6664 5417/2380/6663
f 5605/2374/6657 5648/2378/6661 5417/2380/6663 5353/2376/6659
f 5353/2376/6659 5417/2380/6663 5649/2383/6666 5420/2382/6665
f 5417/2380/6663 5406/2381/6664 5418/2384/6667 5649/2383/6666
f 5649/2383/6666 5418/2384/6667 5324/701/6669 5419/2385/6668
f 5420/2382/6665 5649/2383/6666 5419/2385/6668 5407/2386/6670
f 5377/2377/6660 5606/2375/6658 5650/2388/6672 5422/2387/6671
f 5606/2375/6658 5353/2376/6659 5420/2382/6665 5650/2388/6672
f 5650/2388/6672 5420/2382/6665 5407/2386/6670 5421/2389/6673
f 5422/2387/6671 5650/2388/6672 5421/2389/6673 5327/2390/6674
f 5328/2355/6638 5595/2354/6637 5651/2392/6676 5425/2391/6675
f 5595/2354/6637 5378/2351/6634 5423/2393/6677 5651/2392/6676
f 5651/2392/6676 5423/2393/6677 5354/2395/6679 5424/2394/6678
f 5425/2391/6675 5651/2392/6676 5424/2394/6678 5409/2396/6680
f 5378/2351/6634 5593/2349/6632 5652/2397/6681 5423/2393/6677
f 5593/2349/6632 5339/2350/6633 5415/2372/6655 5652/2397/6681
f 5652/2397/6681 5415/2372/6655 5377/2377/6660 5426/2398/6682
f 5423/2393/6677 5652/2397/6681 5426/2398/6682 5354/2395/6679
f 5354/2395/6679 5426/2398/6682 5653/2400/6684 5428/2399/6683
f 5426/2398/6682 5377/2377/6660 5422/2387/6671 5653/2400/6684
f 5653/2400/6684 5422/2387/6671 5327/2390/6674 5427/2401/6685
f 5428/2399/6683 5653/2400/6684 5427/2401/6685 5408/2402/6686
f 5409/2396/6680 5424/2394/6678 5654/2404/6688 5430/2403/6687
f 5424/2394/6678 5354/2395/6679 5428/2399/6683 5654/2404/6688
f 5654/2404/6688 5428/2399/6683 5408/2402/6686 5429/2405/6689
f 5430/2403/6687 5654/2404/6688 5429/2405/6689 5323/702/6690
f 5323/702/6690 5429/2405/6689 5655/2407/6692 5433/2406/6691
f 5429/2405/6689 5408/2402/6686 5431/2408/6693 5655/2407/6692
f 5655/2407/6692 5431/2408/6693 5355/2410/6695 5432/2409/6694
f 5433/2406/6691 5655/2407/6692 5432/2409/6694 5414/2411/6696
f 5408/2402/6686 5427/2401/6685 5656/2412/6697 5431/2408/6693
f 5427/2401/6685 5327/2390/6674 5434/2413/6698 5656/2412/6697
f 5656/2412/6697 5434/2413/6698 5379/2415/6700 5435/2414/6699
f 5431/2408/6693 5656/2412/6697 5435/2414/6699 5355/2410/6695
f 5355/2410/6695 5435/2414/6699 5657/2417/6702 5438/2416/6701
f 5435/2414/6699 5379/2415/6700 5436/2418/6703 5657/2417/6702
f 5657/2417/6702 5436/2418/6703 5340/2420/6705 5437/2419/6704
f 5438/2416/6701 5657/2417/6702 5437/2419/6704 5382/2421/6706
f 5414/2411/6696 5432/2409/6694 5658/2423/6708 5440/2422/6707
f 5432/2409/6694 5355/2410/6695 5438/2416/6701 5658/2423/6708
f 5658/2423/6708 5438/2416/6701 5382/2421/6706 5439/2424/6709
f 5440/2422/6707 5658/2423/6708 5439/2424/6709 5330/2425/6710
f 5327/2390/6674 5421/2389/6673 5659/2426/6711 5434/2413/6698
f 5421/2389/6673 5407/2386/6670 5441/2427/6712 5659/2426/6711
f 5659/2426/6711 5441/2427/6712 5356/2429/6714 5442/2428/6713
f 5434/2413/6698 5659/2426/6711 5442/2428/6713 5379/2415/6700
f 5407/2386/6670 5419/2385/6668 5660/2430/6715 5441/2427/6712
f 5419/2385/6668 5324/701/6669 5443/2431/6716 5660/2430/6715
f 5660/2430/6715 5443/2431/6716 5411/2433/6718 5444/2432/6717
f 5441/2427/6712 5660/2430/6715 5444/2432/6717 5356/2429/6714
f 5356/2429/6714 5444/2432/6717 5661/2435/6720 5447/2434/6719
f 5444/2432/6717 5411/2433/6718 5445/2436/6721 5661/2435/6720
f 5661/2435/6720 5445/2436/6721 5329/2438/6723 5446/2437/6722
f 5447/2434/6719 5661/2435/6720 5446/2437/6722 5380/2439/6724
f 5379/2415/6700 5442/2428/6713 5662/2440/6725 5436/2418/6703
f 5442/2428/6713 5356/2429/6714 5447/2434/6719 5662/2440/6725
f 5662/2440/6725 5447/2434/6719 5380/2439/6724 5448/2441/6726
f 5436/2418/6703 5662/2440/6725 5448/2441/6726 5340/2420/6705
f 5340/2420/6705 5448/2441/6726 5663/2443/6728 5451/2442/6727
f 5448/2441/6726 5380/2439/6724 5449/2444/6729 5663/2443/6728
f 5663/2443/6728 5449/2444/6729 5357/2446/6731 5450/2445/6730
f 5451/2442/6727 5663/2443/6728 5450/2445/6730 5381/2447/6732
f 5380/2439/6724 5446/2437/6722 5664/2448/6733 5449/2444/6729
f 5446/2437/6722 5329/2438/6723 5452/2449/6734 5664/2448/6733
f 5664/2448/6733 5452/2449/6734 5412/2451/6736 5453/2450/6735
f 5449/2444/6729 5664/2448/6733 5453/2450/6735 5357/2446/6731
f 5357/2446/6731 5453/2450/6735 5665/2453/6738 5455/2452/6737
f 5453/2450/6735 5412/2451/6736 5454/2454/6739 5665/2453/6738
f 5665/2453/6738 5454/2454/6739 5318/474/6500 5526/2455/6498
f 5455/2452/6737 5665/2453/6738 5526/2455/6498 5392/2456/6494
f 5381/2447/6732 5450/2445/6730 5666/2458/6741 5456/2457/6740
f 5450/2445/6730 5357/2446/6731 5455/2452/6737 5666/2458/6741
f 5666/2458/6741 5455/2452/6737 5392/2456/6494 5523/2459/6492
f 5456/2457/6740 5666/2458/6741 5523/2459/6492 5331/1116/6478
f 5330/2425/6710 5439/2424/6709 5667/2461/6743 5459/2460/6742
f 5439/2424/6709 5382/2421/6706 5457/2462/6744 5667/2461/6743
f 5667/2461/6743 5457/2462/6744 5358/2464/6746 5458/2463/6745
f 5459/2460/6742 5667/2461/6743 5458/2463/6745 5413/2465/6747
f 5382/2421/6706 5437/2419/6704 5668/2466/6748 5457/2462/6744
f 5437/2419/6704 5340/2420/6705 5451/2442/6727 5668/2466/6748
f 5668/2466/6748 5451/2442/6727 5381/2447/6732 5460/2467/6749
f 5457/2462/6744 5668/2466/6748 5460/2467/6749 5358/2464/6746
f 5358/2464/6746 5460/2467/6749 5669/2469/6751 5461/2468/6750
f 5460/2467/6749 5381/2447/6732 5456/2457/6740 5669/2469/6751
f 5669/2469/6751 5456/2457/6740 5331/1116/6478 5515/2470/6476
f 5461/2468/6750 5669/2469/6751 5515/2470/6476 5391/2471/6471
f 5413/2465/6747 5458/2463/6745 5670/2473/6753 5462/2472/6752
f 5458/2463/6745 5358/2464/6746 5461/2468/6750 5670/2473/6753
f 5670/2473/6753 5461/2468/6750 5391/2471/6471 5511/2474/6469
f 5462/2472/6752 5670/2473/6753 5511/2474/6469 5317/469/6466
f 5318/454/6500 5454/2476/6739 5671/2475/6754 5527/2223/6499
f 5454/2476/6739 5412/2478/6736 5463/2477/6755 5671/2475/6754
f 5671/2475/6754 5463/2477/6755 5359/2480/6757 5464/2479/6756
f 5527/2223/6499 5671/2475/6754 5464/2479/6756 5393/2225/6502
f 5412/2478/6736 5452/2482/6734 5672/2481/6758 5463/2477/6755
f 5452/2482/6734 5329/2484/6723 5465/2483/6759 5672/2481/6758
f 5672/2481/6758 5465/2483/6759 5383/2486/6761 5466/2485/6760
f 5463/2477/6755 5672/2481/6758 5466/2485/6760 5359/2480/6757
f 5359/2480/6757 5466/2485/6760 5673/2488/6763 5469/2487/6762
f 5466/2485/6760 5383/2486/6761 5467/2489/6764 5673/2488/6763
f 5673/2488/6763 5467/2489/6764 5341/2491/6766 5468/2490/6765
f 5469/2487/6762 5673/2488/6763 5468/2490/6765 5386/2492/6767
f 5393/2225/6502 5464/2479/6756 5674/2493/6768 5529/2228/6505
f 5464/2479/6756 5359/2480/6757 5469/2487/6762 5674/2493/6768
f 5674/2493/6768 5469/2487/6762 5386/2492/6767 5470/2494/6769
f 5529/2228/6505 5674/2493/6768 5470/2494/6769 5332/2230/6507
f 5329/2484/6723 5445/2496/6721 5675/2495/6770 5465/2483/6759
f 5445/2496/6721 5411/2498/6718 5471/2497/6771 5675/2495/6770
f 5675/2495/6770 5471/2497/6771 5360/2500/6773 5472/2499/6772
f 5465/2483/6759 5675/2495/6770 5472/2499/6772 5383/2486/6761
f 5411/2498/6718 5443/2502/6716 5676/2501/6774 5471/2497/6771
f 5443/2502/6716 5324/459/6669 5418/2503/6667 5676/2501/6774
f 5676/2501/6774 5418/2503/6667 5406/2505/6664 5473/2504/6775
f 5471/2497/6771 5676/2501/6774 5473/2504/6775 5360/2500/6773
f 5360/2500/6773 5473/2504/6775 5677/2507/6777 5475/2506/6776
f 5473/2504/6775 5406/2505/6664 5416/2508/6662 5677/2507/6777
f 5677/2507/6777 5416/2508/6662 5326/2510/6651 5474/2509/6778
f 5475/2506/6776 5677/2507/6777 5474/2509/6778 5384/2511/6779
f 5383/2486/6761 5472/2499/6772 5678/2512/6780 5467/2489/6764
f 5472/2499/6772 5360/2500/6773 5475/2506/6776 5678/2512/6780
f 5678/2512/6780 5475/2506/6776 5384/2511/6779 5476/2513/6781
f 5467/2489/6764 5678/2512/6780 5476/2513/6781 5341/2491/6766
f 5341/2491/6766 5476/2513/6781 5679/2515/6783 5479/2514/6782
f 5476/2513/6781 5384/2511/6779 5477/2516/6784 5679/2515/6783
f 5679/2515/6783 5477/2516/6784 5361/2518/6786 5478/2517/6785
f 5479/2514/6782 5679/2515/6783 5478/2517/6785 5385/2519/6787
f 5384/2511/6779 5474/2509/6778 5680/2520/6788 5477/2516/6784
f 5474/2509/6778 5326/2510/6651 5601/2521/6649 5680/2520/6788
f 5680/2520/6788 5601/2521/6649 5405/2523/6646 5480/2522/6789
f 5477/2516/6784 5680/2520/6788 5480/2522/6789 5361/2518/6786
f 5361/2518/6786 5480/2522/6789 5681/2525/6791 5481/2524/6790
f 5480/2522/6789 5405/2523/6646 5599/2526/6644 5681/2525/6791
f 5681/2525/6791 5599/2526/6644 5322/746/6597 5574/2527/6595
f 5481/2524/6790 5681/2525/6791 5574/2527/6595 5400/2528/6592
f 5385/2519/6787 5478/2517/6785 5682/2530/6793 5482/2529/6792
f 5478/2517/6785 5361/2518/6786 5481/2524/6790 5682/2530/6793
f 5682/2530/6793 5481/2524/6790 5400/2528/6592 5572/2531/6590
f 5482/2529/6792 5682/2530/6793 5572/2531/6590 5335/2532/6579
f 5332/2230/6507 5470/2494/6769 5683/1065/6794 5536/2241/6518
f 5470/2494/6769 5386/2492/6767 5483/2533/6795 5683/1065/6794
f 5683/1065/6794 5483/2533/6795 5362/2535/6797 5484/2534/6796
f 5536/2241/6518 5683/1065/6794 5484/2534/6796 5394/2243/6520
f 5386/2492/6767 5468/2490/6765 5684/2536/6798 5483/2533/6795
f 5468/2490/6765 5341/2491/6766 5479/2514/6782 5684/2536/6798
f 5684/2536/6798 5479/2514/6782 5385/2519/6787 5485/2537/6799
f 5483/2533/6795 5684/2536/6798 5485/2537/6799 5362/2535/6797
f 5362/2535/6797 5485/2537/6799 5685/2539/6801 5486/2538/6800
f 5485/2537/6799 5385/2519/6787 5482/2529/6792 5685/2539/6801
f 5685/2539/6801 5482/2529/6792 5335/2532/6579 5565/2540/6577
f 5486/2538/6800 5685/2539/6801 5565/2540/6577 5399/2541/6574
f 5394/2243/6520 5484/2534/6796 5686/2542/6802 5538/2246/6523
f 5484/2534/6796 5362/2535/6797 5486/2538/6800 5686/2542/6802
f 5686/2542/6802 5486/2538/6800 5399/2541/6574 5563/2543/6572
f 5538/2246/6523 5686/2542/6802 5563/2543/6572 5320/696/6525
f 5323/444/6690 5433/2546/6691 5687/2545/6803 5430/2544/6687
f 5433/2546/6691 5414/2548/6696 5487/2547/6804 5687/2545/6803
f 5687/2545/6803 5487/2547/6804 5363/2550/6806 5488/2549/6805
f 5430/2544/6687 5687/2545/6803 5488/2549/6805 5409/2551/6680
f 5414/2548/6696 5440/2553/6707 5688/2552/6807 5487/2547/6804
f 5440/2553/6707 5330/666/6710 5489/2554/6808 5688/2552/6807
f 5688/2552/6807 5489/2554/6808 5387/2556/6810 5490/2555/6809
f 5487/2547/6804 5688/2552/6807 5490/2555/6809 5363/2550/6806
f 5363/2550/6806 5490/2555/6809 5689/2558/6812 5493/2557/6811
f 5490/2555/6809 5387/2556/6810 5491/2559/6813 5689/2558/6812
f 5689/2558/6812 5491/2559/6813 5342/2561/6815 5492/2560/6814
f 5493/2557/6811 5689/2558/6812 5492/2560/6814 5390/2562/6816
f 5409/2551/6680 5488/2549/6805 5690/2564/6817 5425/2563/6675
f 5488/2549/6805 5363/2550/6806 5493/2557/6811 5690/2564/6817
f 5690/2564/6817 5493/2557/6811 5390/2562/6816 5494/2565/6818
f 5425/2563/6675 5690/2564/6817 5494/2565/6818 5328/2566/6638
f 5330/666/6710 5459/2568/6742 5691/2567/6819 5489/2554/6808
f 5459/2568/6742 5413/2570/6747 5495/2569/6820 5691/2567/6819
f 5691/2567/6819 5495/2569/6820 5364/2572/6822 5496/2571/6821
f 5489/2554/6808 5691/2567/6819 5496/2571/6821 5387/2556/6810
f 5413/2570/6747 5462/2574/6752 5692/2573/6823 5495/2569/6820
f 5462/2574/6752 5317/449/6466 5514/2191/6467 5692/2573/6823
f 5692/2573/6823 5514/2191/6467 5398/2198/6474 5497/2575/6824
f 5495/2569/6820 5692/2573/6823 5497/2575/6824 5364/2572/6822
f 5364/2572/6822 5497/2575/6824 5693/2577/6826 5499/2576/6825
f 5497/2575/6824 5398/2198/6474 5522/2211/6487 5693/2577/6826
f 5693/2577/6826 5522/2211/6487 5334/2214/6490 5498/2578/6827
f 5499/2576/6825 5693/2577/6826 5498/2578/6827 5388/2579/6828
f 5387/2556/6810 5496/2571/6821 5694/2580/6829 5491/2559/6813
f 5496/2571/6821 5364/2572/6822 5499/2576/6825 5694/2580/6829
f 5694/2580/6829 5499/2576/6825 5388/2579/6828 5500/2581/6830
f 5491/2559/6813 5694/2580/6829 5500/2581/6830 5342/2561/6815
f 5342/2561/6815 5500/2581/6830 5695/2583/6832 5503/2582/6831
f 5500/2581/6830 5388/2579/6828 5501/2584/6833 5695/2583/6832
f 5695/2583/6832 5501/2584/6833 5365/2586/6835 5502/2585/6834
f 5503/2582/6831 5695/2583/6832 5502/2585/6834 5389/2587/6836
f 5388/2579/6828 5498/2578/6827 5696/2588/6837 5501/2584/6833
f 5498/2578/6827 5334/2214/6490 5545/2253/6531 5696/2588/6837
f 5696/2588/6837 5545/2253/6531 5397/2258/6536 5504/2589/6838
f 5501/2584/6833 5696/2588/6837 5504/2589/6838 5365/2586/6835
f 5365/2586/6835 5504/2589/6838 5697/2591/6840 5505/2590/6839
f 5504/2589/6838 5397/2258/6536 5550/2265/6543 5697/2591/6840
f 5697/2591/6840 5550/2265/6543 5319/695/6546 5553/2592/6547
f 5505/2590/6839 5697/2591/6840 5553/2592/6547 5404/2593/6552
f 5389/2587/6836 5502/2585/6834 5698/2595/6842 5506/2594/6841
f 5502/2585/6834 5365/2586/6835 5505/2590/6839 5698/2595/6842
f 5698/2595/6842 5505/2590/6839 5404/2593/6552 5560/2596/6563
f 5506/2594/6841 5698/2595/6842 5560/2596/6563 5325/117/6566
f 5328/2566/6638 5494/2565/6818 5699/2598/6843 5596/2597/6635
f 5494/2565/6818 5390/2562/6816 5507/2599/6844 5699/2598/6843
f 5699/2598/6843 5507/2599/6844 5366/2601/6846 5508/2600/6845
f 5596/2597/6635 5699/2598/6843 5508/2600/6845 5410/2602/6624
f 5390/2562/6816 5492/2560/6814 5700/2603/6847 5507/2599/6844
f 5492/2560/6814 5342/2561/6815 5503/2582/6831 5700/2603/6847
f 5700/2603/6847 5503/2582/6831 5389/2587/6836 5509/2604/6848
f 5507/2599/6844 5700/2603/6847 5509/2604/6848 5366/2601/6846
f 5366/2601/6846 5509/2604/6848 5701/2606/6850 5510/2605/6849
f 5509/2604/6848 5389/2587/6836 5506/2594/6841 5701/2606/6850
f 5701/2606/6850 5506/2594/6841 5325/117/6566 5581/2607/6603
f 5510/2605/6849 5701/2606/6850 5581/2607/6603 5403/2608/6608
f 5410/2602/6624 5508/2600/6845 5702/2610/6851 5589/2609/6619
f 5508/2600/6845 5366/2601/6846 5510/2605/6849 5702/2610/6851
f 5702/2610/6851 5510/2605/6849 5403/2608/6608 5586/2611/6615
f 5589/2609/6619 5702/2610/6851 5586/2611/6615 5321/740/6618
f 5703/211/6852 5704/212/6852 6050/2613/6854 6051/2612/6853
f 5704/212/6855 5705/213/6855 6049/2614/6856 6050/2613/6856
f 5705/213/6857 5706/214/6857 6048/2615/6859 6049/2614/6858
f 5706/214/6860 5707/215/6860 6047/2616/6861 6048/2615/6861
f 5707/215/6862 5708/216/6862 6046/2617/6863 6047/2616/6863
f 5708/216/6864 5709/217/6864 6045/2618/6865 6046/2617/6865
f 5709/217/6866 5710/218/6866 6044/2619/6867 6045/2618/6867
f 5710/218/6868 5711/219/6868 6043/2620/6869 6044/2619/6869
f 5711/219/6870 5712/220/6870 6042/2621/6871 6043/2620/6871
f 5712/220/6872 5713/221/6872 6041/2622/6874 6042/2621/6873
f 5713/221/6875 5714/222/6875 6040/2623/6876 6041/2622/6876
f 5714/222/6877 5715/223/6877 6039/2624/6878 6040/2623/6878
f 5715/223/6879 5716/224/6879 6038/2625/6880 6039/2624/6880
f 5716/224/6881 5717/225/6881 6037/2626/6882 6038/2625/6882
f 5717/225/6883 5718/226/6883 6036/2627/6884 6037/2626/6884
f 5718/226/6885 5719/227/6885 6055/2628/6886 6036/2627/6886
f 5719/227/6887 5720/228/6887 6054/2629/6888 6055/2628/6888
f 5720/228/6889 5721/229/6889 6053/2630/6890 6054/2629/6890
f 5721/229/6891 5722/230/6891 6052/2631/6891 6053/2630/6891
f 5722/230/6892 5703/231/6892 6051/2632/6893 6052/2631/6893
f 5724/275/6894 5723/274/6894 6018/2634/6896 6017/2633/6895
f 5725/276/6897 5724/275/6897 6017/2633/6899 6016/2635/6898
f 5726/277/6900 5725/276/6900 6016/2635/6902 6035/2636/6901
f 5727/278/6903 5726/277/6903 6035/2636/6905 6034/2637/6904
f 5728/279/6906 5727/278/6906 6034/2637/6908 6033/2638/6907
f 5729/280/6909 5728/279/6909 6033/2638/6911 6032/2639/6910
f 5730/281/6912 5729/280/6912 6032/2639/6914 6031/2640/6913
f 5731/282/6915 5730/281/6915 6031/2640/6917 6030/2641/6916
f 5732/283/6918 5731/282/6918 6030/2641/6920 6029/2642/6919
f 5733/284/6921 5732/283/6921 6029/2642/6923 6028/2643/6922
f 5734/285/6924 5733/284/6924 6028/2643/6926 6027/2644/6925
f 5735/286/6927 5734/285/6927 6027/2644/6929 6026/2645/6928
f 5736/287/6930 5735/286/6930 6026/2645/6932 6025/2646/6931
f 5737/288/6933 5736/287/6933 6025/2646/6935 6024/2647/6934
f 5738/289/6936 5737/288/6936 6024/2647/6938 6023/2648/6937
f 5739/290/6939 5738/289/6939 6023/2648/6941 6022/2649/6940
f 5740/291/6942 5739/290/6942 6022/2649/6944 6021/2650/6943
f 5741/292/6945 5740/291/6945 6021/2650/6947 6020/2651/6946
f 5742/293/6948 5741/292/6948 6020/2651/6950 6019/2652/6949
f 5723/294/6951 5742/293/6951 6019/2652/6953 6018/2653/6952
f 5723/274/6954 5724/275/6954 5744/319/6954 5743/316/6954
f 5724/275/6955 5725/276/6955 5745/321/6955 5744/319/6955
f 5725/276/6956 5726/277/6956 5746/323/6956 5745/321/6956
f 5726/277/6957 5727/278/6957 5747/325/6957 5746/323/6957
f 5727/278/6958 5728/279/6958 5748/327/6958 5747/325/6958
f 5728/279/6959 5729/280/6959 5749/329/6959 5748/327/6959
f 5729/280/6960 5730/281/6960 5750/331/6960 5749/329/6960
f 5730/281/6961 5731/282/6961 5751/333/6961 5750/331/6961
f 5731/282/6962 5732/283/6962 5752/335/6962 5751/333/6962
f 5732/283/6963 5733/284/6963 5753/337/6963 5752/335/6963
f 5733/284/6964 5734/285/6964 5754/339/6964 5753/337/6964
f 5734/285/6965 5735/286/6965 5755/341/6965 5754/339/6965
f 5735/286/6966 5736/287/6966 5756/343/6966 5755/341/6966
f 5736/287/6967 5737/288/6967 5757/345/6967 5756/343/6967
f 5737/288/6968 5738/289/6968 5758/347/6968 5757/345/6968
f 5738/289/6969 5739/290/6969 5759/349/6969 5758/347/6969
f 5739/290/6970 5740/291/6970 5760/351/6970 5759/349/6970
f 5740/291/6971 5741/292/6971 5761/353/6971 5760/351/6971
f 5741/292/6972 5742/293/6972 5762/355/6972 5761/353/6972
f 5742/293/6973 5723/294/6973 5743/357/6973 5762/355/6973
f 5864/316/6974 5865/319/6976 5958/2655/6975 5959/2654/356
f 5744/319/6977 5745/321/6977 5955/2656/6979 5956/2655/6978
f 5874/321/6980 5875/323/6983 5952/2657/6982 5953/2656/6981
f 5875/323/6983 5878/325/6985 5951/2658/6984 5952/2657/6982
f 5878/325/6985 5880/327/6987 5950/2659/6986 5951/2658/6984
f 5880/327/6987 5882/329/6989 5949/2660/6988 5950/2659/6986
f 5749/329/6990 5750/331/6990 5946/2661/6990 5947/2660/6990
f 5884/331/6991 5885/333/6994 5979/2662/6993 5944/2661/6992
f 5885/333/6994 5888/335/6996 5978/2663/6995 5979/2662/6993
f 5888/335/6996 5890/337/6998 5977/2664/6997 5978/2663/6995
f 5890/337/6998 5892/339/7000 5976/2665/6999 5977/2664/6997
f 5754/339/7001 5755/341/7001 5973/2666/7002 5974/2665/7002
f 5894/341/7003 5895/343/6999 5970/2667/255 5971/2666/260
f 5895/343/6999 5898/345/7004 5969/2668/256 5970/2667/255
f 5898/345/7004 5900/347/7005 5968/2669/356 5969/2668/256
f 5900/347/7005 5902/349/7007 5967/2670/7006 5968/2669/356
f 5759/349/7008 5760/351/7008 5964/2671/7009 5965/2670/7009
f 5868/351/7010 5869/353/7013 5961/2672/7012 5962/2671/7011
f 5869/353/7013 5872/355/7014 5960/2673/6997 5961/2672/7012
f 5872/355/7014 5864/357/6974 5959/2674/356 5960/2673/6997
f 5763/317/255 5764/318/256 5784/359/256 5783/358/256
f 5764/318/256 5765/320/256 5785/360/256 5784/359/256
f 5765/320/256 5766/322/256 5786/361/256 5785/360/256
f 5766/322/256 5767/324/256 5787/362/256 5786/361/256
f 5767/324/256 5768/326/256 5788/363/256 5787/362/256
f 5768/326/256 5769/328/256 5789/364/256 5788/363/256
f 5769/328/256 5770/330/257 5790/365/257 5789/364/256
f 5770/330/257 5771/332/259 5791/366/257 5790/365/257
f 5771/332/259 5772/334/255 5792/367/256 5791/366/257
f 5772/334/255 5773/336/255 5793/368/256 5792/367/256
f 5773/336/255 5774/338/257 5794/369/256 5793/368/256
f 5774/338/257 5775/340/257 5795/370/257 5794/369/256
f 5775/340/257 5776/342/257 5796/371/257 5795/370/257
f 5776/342/257 5777/344/258 5797/372/256 5796/371/257
f 5777/344/258 5778/346/256 5798/373/256 5797/372/256
f 5778/346/256 5779/348/256 5799/374/257 5798/373/256
f 5779/348/256 5780/350/259 5800/375/257 5799/374/257
f 5780/350/259 5781/352/259 5801/376/256 5800/375/257
f 5781/352/259 5782/354/256 5802/377/256 5801/376/256
f 5782/354/256 5763/356/255 5783/378/256 5802/377/256
f 5783/358/256 5784/359/256 5804/380/256 5803/379/257
f 5784/359/256 5785/360/256 5805/381/256 5804/380/256
f 5785/360/256 5786/361/256 5806/382/256 5805/381/256
f 5786/361/256 5787/362/256 5807/383/256 5806/382/256
f 5787/362/256 5788/363/256 5808/384/256 5807/383/256
f 5788/363/256 5789/364/256 5809/385/256 5808/384/256
f 5789/364/256 5790/365/257 5810/386/257 5809/385/256
f 5790/365/257 5791/366/257 5811/387/258 5810/386/257
f 5791/366/257 5792/367/256 5812/388/257 5811/387/258
f 5792/367/256 5793/368/256 5813/389/256 5812/388/257
f 5793/368/256 5794/369/256 5814/390/256 5813/389/256
f 5794/369/256 5795/370/257 5815/391/257 5814/390/256
f 5795/370/257 5796/371/257 5816/392/257 5815/391/257
f 5796/371/257 5797/372/256 5817/393/257 5816/392/257
f 5797/372/256 5798/373/256 5818/394/257 5817/393/257
f 5798/373/256 5799/374/257 5819/395/257 5818/394/257
f 5799/374/257 5800/375/257 5820/396/257 5819/395/257
f 5800/375/257 5801/376/256 5821/397/256 5820/396/257
f 5801/376/256 5802/377/256 5822/398/256 5821/397/256
f 5802/377/256 5783/378/256 5803/399/257 5822/398/256
f 5803/379/257 5804/380/256 5824/401/256 5823/400/256
f 5804/380/256 5805/381/256 5825/402/256 5824/401/256
f 5805/381/256 5806/382/256 5826/403/256 5825/402/256
f 5806/382/256 5807/383/256 5827/404/257 5826/403/256
f 5807/383/256 5808/384/256 5828/405/257 5827/404/257
f 5808/384/256 5809/385/256 5829/406/257 5828/405/257
f 5809/385/256 5810/386/257 5830/407/257 5829/406/257
f 5810/386/257 5811/387/258 5831/408/256 5830/407/257
f 5811/387/258 5812/388/257 5832/409/257 5831/408/256
f 5812/388/257 5813/389/256 5833/410/257 5832/409/257
f 5813/389/256 5814/390/256 5834/411/256 5833/410/257
f 5814/390/256 5815/391/257 5835/412/256 5834/411/256
f 5815/391/257 5816/392/257 5836/413/256 5835/412/256
f 5816/392/257 5817/393/257 5837/414/256 5836/413/256
f 5817/393/257 5818/394/257 5838/415/257 5837/414/256
f 5818/394/257 5819/395/257 5839/416/256 5838/415/257
f 5819/395/257 5820/396/257 5840/417/256 5839/416/256
f 5820/396/257 5821/397/256 5841/418/257 5840/417/256
f 5821/397/256 5822/398/256 5842/419/257 5841/418/257
f 5822/398/256 5803/399/257 5823/420/256 5842/419/257
f 5823/400/256 5824/401/256 5844/422/256 5843/421/256
f 5824/401/256 5825/402/256 5845/423/257 5844/422/256
f 5825/402/256 5826/403/256 5846/424/258 5845/423/257
f 5826/403/256 5827/404/257 5847/425/256 5846/424/258
f 5827/404/257 5828/405/257 5848/426/255 5847/425/256
f 5828/405/257 5829/406/257 5849/427/257 5848/426/255
f 5829/406/257 5830/407/257 5850/428/256 5849/427/257
f 5830/407/257 5831/408/256 5851/429/256 5850/428/256
f 5831/408/256 5832/409/257 5852/430/256 5851/429/256
f 5832/409/257 5833/410/257 5853/431/257 5852/430/256
f 5833/410/257 5834/411/256 5854/432/257 5853/431/257
f 5834/411/256 5835/412/256 5855/433/256 5854/432/257
f 5835/412/256 5836/413/256 5856/434/256 5855/433/256
f 5836/413/256 5837/414/256 5857/435/258 5856/434/256
f 5837/414/256 5838/415/257 5858/436/256 5857/435/258
f 5838/415/257 5839/416/256 5859/437/256 5858/436/256
f 5839/416/256 5840/417/256 5860/438/257 5859/437/256
f 5840/417/256 5841/418/257 5861/439/257 5860/438/257
f 5841/418/257 5842/419/257 5862/440/257 5861/439/257
f 5842/419/257 5823/420/256 5843/441/256 5862/440/257
f 5843/421/256 5844/422/256 5863/462/256
f 5844/422/256 5845/423/257 5863/463/256
f 5845/423/257 5846/424/258 5863/464/256
f 5846/424/258 5847/425/256 5863/465/256
f 5847/425/256 5848/426/255 5863/466/256
f 5848/426/255 5849/427/257 5863/467/256
f 5849/427/257 5850/428/256 5863/468/256
f 5850/428/256 5851/429/256 5863/469/256
f 5851/429/256 5852/430/256 5863/470/256
f 5852/430/256 5853/431/257 5863/471/256
f 5853/431/257 5854/432/257 5863/472/256
f 5854/432/257 5855/433/256 5863/473/256
f 5855/433/256 5856/434/256 5863/474/256
f 5856/434/256 5857/435/258 5863/475/256
f 5857/435/258 5858/436/256 5863/476/256
f 5858/436/256 5859/437/256 5863/477/256
f 5859/437/256 5860/438/257 5863/478/256
f 5860/438/257 5861/439/257 5863/479/256
f 5861/439/257 5862/440/257 5863/480/256
f 5862/440/257 5843/441/256 5863/481/256
f 5904/316/7015 5905/319/7018 6201/2675/7017 6188/316/7016
f 5905/319/7019 5957/2655/7022 6200/2676/7021 6201/2675/7020
f 5906/318/7023 5907/317/7026 6197/317/7025 6198/2677/7024
f 5911/321/7027 5912/323/7030 6190/323/7029 6191/2678/7028
f 5909/322/7031 5910/320/7034 6194/2679/7033 6195/322/7032
f 5963/2656/7035 5911/321/7038 6191/2678/7037 6192/2656/7036
f 5912/323/7039 5913/325/7042 6189/2680/7041 6190/323/7040
f 5908/324/7043 5909/322/7046 6195/322/7045 6196/2681/7044
f 5913/325/7047 5904/327/7050 6188/327/7049 6189/2680/7048
f 5907/326/7051 5908/324/7053 6196/2681/7052 6197/326/7052
f 5934/327/7054 5935/329/7057 6148/329/7056 6149/327/7055
f 5942/329/7058 5943/328/7061 6152/328/7060 6153/329/7059
f 5954/2682/7062 5934/326/7065 6149/326/7064 6150/2682/7063
f 5935/331/7066 5936/333/7069 6147/333/7068 6148/331/7067
f 5941/332/7070 5942/330/7073 6153/330/7072 6154/332/7071
f 5936/330/7074 5937/331/7077 6146/331/7076 6147/330/7075
f 5940/333/7078 5941/335/7081 6154/335/7080 6155/333/7079
f 5937/334/7082 5938/332/7085 6159/332/7084 6146/334/7083
f 5938/335/7086 5948/2684/7089 6158/2683/7088 6159/335/7087
f 5939/336/7090 5940/334/7093 6155/334/7092 6156/336/7091
f 5924/337/7094 5925/339/7097 6145/2686/7096 6132/2685/7095
f 5932/339/7098 5933/338/7101 6135/338/7100 6136/2686/7099
f 5945/2687/7102 5924/336/7105 6132/336/7104 6133/2687/7103
f 5925/341/7106 5926/343/7108 6144/2689/7107 6145/2688/7107
f 5931/342/7109 5932/340/7111 6136/340/7110 6137/342/7110
f 5926/340/7112 5927/341/7115 6143/2688/7114 6144/340/7113
f 5930/343/7116 5931/345/7119 6137/2690/7118 6138/2689/7117
f 5927/344/7120 5928/342/7123 6142/342/7122 6143/2691/7121
f 5928/345/7124 5975/2693/7127 6141/2692/7126 6142/2690/7125
f 5929/346/7128 5930/344/7131 6138/2691/7130 6139/346/7129
f 5914/347/7132 5915/349/7135 6233/2695/7134 6234/2694/7133
f 5922/349/7136 5923/348/7139 6237/348/7138 6238/2695/7137
f 5972/2696/7140 5914/346/7143 6234/346/7142 6235/2696/7141
f 5915/351/7144 5916/353/7147 6232/2698/7146 6233/2697/7145
f 5921/352/7148 5922/350/7151 6238/350/7150 6239/2699/7149
f 5916/350/7152 5917/351/7155 6231/2697/7154 6232/350/7153
f 5920/353/7156 5921/355/7159 6239/2700/7158 6240/2698/7157
f 5917/354/7160 5918/352/7163 6230/2699/7162 6231/354/7161
f 5918/355/7164 5966/2702/7167 6243/2701/7166 6230/2700/7165
f 5919/356/7168 5920/354/7171 6240/354/7170 6241/2703/7169
f 5743/316/7172 5744/319/7172 6212/319/7174 6213/316/7173
f 5744/319/7175 5956/2655/7178 6211/2655/7177 6212/319/7176
f 5764/318/7179 5763/317/7179 6208/317/7181 6209/318/7180
f 5763/326/7182 5782/324/7182 6207/324/7184 6208/326/7183
f 5782/324/7185 5781/322/7185 6206/322/7187 6207/324/7186
f 5781/322/7188 5780/320/7188 6205/320/7190 6206/322/7189
f 5964/2656/7191 5760/321/7194 6202/321/7193 6203/2656/7192
f 5760/321/7195 5761/323/7195 6215/323/7197 6202/321/7196
f 5761/323/7198 5762/325/7198 6214/325/7200 6215/323/7199
f 5762/325/7201 5743/327/7201 6213/327/7203 6214/325/7202
f 5755/347/7204 5756/349/7204 6219/349/7206 6220/347/7205
f 5756/351/7207 5757/353/7207 6218/353/7209 6219/351/7208
f 5757/350/7210 5758/351/7210 6217/351/7212 6218/350/7211
f 5758/354/7213 5759/352/7213 6216/352/7215 6217/354/7214
f 5759/355/7216 5965/2702/7219 6229/2704/7218 6216/355/7217
f 5779/356/7220 5778/354/7220 6226/354/7222 6227/356/7221
f 5778/353/7223 5777/355/7223 6225/355/7225 6226/353/7224
f 5777/352/7226 5776/350/7226 6224/350/7228 6225/352/7227
f 5776/349/7229 5775/348/7229 6223/348/7231 6224/349/7230
f 5973/2696/7232 5755/346/7235 6220/346/7234 6221/2705/7233
f 5750/337/7236 5751/339/7236 6174/339/7238 6175/337/7237
f 5751/341/7239 5752/343/7239 6187/343/7241 6174/341/7240
f 5752/340/7242 5753/341/7242 6186/341/7244 6187/340/7243
f 5753/344/7245 5754/342/7245 6185/342/7247 6186/344/7246
f 5754/345/7248 5974/2693/7251 6184/2693/7250 6185/345/7249
f 5774/346/7252 5773/344/7252 6181/344/7254 6182/346/7253
f 5773/343/7255 5772/345/7255 6180/345/7257 6181/343/7256
f 5772/342/7258 5771/340/7258 6179/340/7260 6180/342/7259
f 5771/339/7261 5770/338/7261 6178/338/7263 6179/339/7262
f 5946/2687/7264 5750/336/7267 6175/336/7266 6176/2687/7265
f 5745/327/7268 5746/329/7268 6162/329/7270 6163/327/7269
f 5746/331/7271 5747/333/7271 6161/333/7273 6162/331/7272
f 5747/330/7274 5748/331/7274 6160/331/7276 6161/330/7275
f 5748/334/7277 5749/332/7277 6173/332/7279 6160/334/7278
f 5749/335/7280 5947/2684/7283 6172/2684/7282 6173/335/7281
f 5769/336/7284 5768/334/7284 6169/334/7286 6170/336/7285
f 5768/333/7287 5767/335/7287 6168/335/7289 6169/333/7288
f 5767/332/7290 5766/330/7290 6167/330/7292 6168/332/7291
f 5766/329/7293 5765/328/7293 6166/328/7295 6167/329/7294
f 5955/2706/7296 5745/326/7299 6163/326/7298 6164/2682/7297
f 5704/212/2 5703/231/2 5722/230/2 5721/229/2 5720/228/2 5719/227/2 5718/226/2 5717/225/2 5716/224/2 5715/223/2 5714/222/2 5713/221/2 5712/220/2 5711/219/2 5710/218/2 5709/217/2 5708/216/2 5707/215/2 5706/214/2 5705/213/2
f 5981/2707/7300 5945/2687/7102 6133/2687/7103 6134/2707/7301
f 5982/2707/7302 5946/2687/7264 6176/2687/7265 6177/2707/7303
f 5947/2660/6990 5946/2661/6990 5982/2709/7304 5983/2708/7304
f 6172/2684/7282 5947/2684/7283 5983/2710/7306 6171/2710/7305
f 6158/2683/7088 5948/2684/7089 5984/2710/7308 6157/2710/7307
f 5950/2659/6986 5949/2660/6988 5985/2708/7310 5986/2711/7309
f 5951/2658/6984 5950/2659/6986 5986/2711/7309 5987/2712/7311
f 5952/2657/6982 5951/2658/6984 5987/2712/7311 5988/2713/7312
f 5953/2656/6981 5952/2657/6982 5988/2713/7312 5989/2714/7003
f 5990/2715/7313 5954/2682/7062 6150/2682/7063 6151/2715/7314
f 5991/2715/7315 5955/2706/7296 6164/2682/7297 6165/2715/7316
f 5956/2655/6978 5955/2656/6979 5991/2714/6979 5992/2716/6979
f 6211/2655/7177 5956/2655/7178 5992/2716/7318 6210/2716/7317
f 6200/2676/7021 5957/2655/7022 5993/2716/7320 6199/2717/7319
f 5959/2654/356 5958/2655/6975 5994/2716/7321 5995/2718/6999
f 5960/2673/6997 5959/2674/356 5995/2720/6999 5996/2719/7322
f 5961/2672/7012 5960/2673/6997 5996/2719/7322 5997/2721/7323
f 5962/2671/7011 5961/2672/7012 5997/2721/7323 5998/2722/7324
f 5999/2714/7325 5963/2656/7035 6192/2656/7036 6193/2714/7326
f 6000/2714/7327 5964/2656/7191 6203/2656/7192 6204/2714/7328
f 5965/2670/7009 5964/2671/7009 6000/2722/7329 6001/2723/7329
f 6229/2704/7218 5965/2702/7219 6001/2724/7331 6228/2724/7330
f 6243/2701/7166 5966/2702/7167 6002/2724/7333 6242/2725/7332
f 5968/2669/356 5967/2670/7006 6003/2723/261 6004/2726/261
f 5969/2668/256 5968/2669/356 6004/2726/261 6005/2727/257
f 5970/2667/255 5969/2668/256 6005/2727/257 6006/2728/7334
f 5971/2666/260 5970/2667/255 6006/2728/7334 6007/2729/7335
f 6008/2730/7336 5972/2696/7140 6235/2696/7141 6236/2730/7337
f 6009/2730/7338 5973/2696/7232 6221/2705/7233 6222/2730/7339
f 5974/2665/7002 5973/2666/7002 6009/2729/7340 6010/2731/7340
f 6184/2693/7250 5974/2693/7251 6010/2732/7342 6183/2732/7341
f 6141/2692/7126 5975/2693/7127 6011/2732/7344 6140/2733/7343
f 5977/2664/6997 5976/2665/6999 6012/2731/7345 6013/2734/7345
f 5978/2663/6995 5977/2664/6997 6013/2734/7345 6014/2735/257
f 5979/2662/6993 5978/2663/6995 6014/2735/257 6015/2736/7346
f 5944/2661/6992 5979/2662/6993 6015/2736/7346 5980/2709/7347
f 5933/338/7348 5981/2707/7300 6134/2707/7301 6135/338/7349
f 5770/338/7350 5982/2707/7302 6177/2707/7303 6178/338/7351
f 5983/2708/7304 5982/2709/7304 5770/330/7352 5769/328/7352
f 6171/2710/7305 5983/2710/7306 5769/337/7354 6170/337/7353
f 6157/2710/7307 5984/2710/7308 5939/337/7356 6156/337/7355
f 5986/2711/7309 5985/2708/7310 5883/328/7358 5881/326/7357
f 5987/2712/7311 5986/2711/7309 5881/326/7357 5879/324/7359
f 5988/2713/7312 5987/2712/7311 5879/324/7359 5876/322/7360
f 5989/2714/7003 5988/2713/7312 5876/322/7360 5877/320/7361
f 5943/328/7362 5990/2715/7313 6151/2715/7314 6152/328/7363
f 5765/328/7364 5991/2715/7315 6165/2715/7316 6166/328/7365
f 5992/2716/6979 5991/2714/6979 5765/320/7366 5764/318/7366
f 6210/2716/7317 5992/2716/7318 5764/318/7368 6209/318/7367
f 6199/2717/7319 5993/2716/7320 5906/318/7370 6198/2677/7369
f 5995/2718/6999 5994/2716/7321 5866/318/7372 5867/317/7371
f 5996/2719/7322 5995/2720/6999 5867/356/7371 5873/354/6997
f 5997/2721/7323 5996/2719/7322 5873/354/6997 5870/352/7373
f 5998/2722/7324 5997/2721/7323 5870/352/7373 5871/350/7374
f 5910/320/7375 5999/2714/7325 6193/2714/7326 6194/2679/7376
f 5780/320/7377 6000/2714/7327 6204/2714/7328 6205/320/7378
f 6001/2723/7329 6000/2722/7329 5780/350/7379 5779/348/7379
f 6228/2724/7330 6001/2724/7331 5779/357/7381 6227/357/7380
f 6242/2725/7332 6002/2724/7333 5919/357/7383 6241/2737/7382
f 6004/2726/261 6003/2723/261 5903/348/7384 5901/346/257
f 6005/2727/257 6004/2726/261 5901/346/257 5899/344/7385
f 6006/2728/7334 6005/2727/257 5899/344/7385 5896/342/7386
f 6007/2729/7335 6006/2728/7334 5896/342/7386 5897/340/7387
f 5923/348/7388 6008/2730/7336 6236/2730/7337 6237/348/7389
f 5775/348/7390 6009/2730/7338 6222/2730/7339 6223/348/7391
f 6010/2731/7340 6009/2729/7340 5775/340/7392 5774/338/7392
f 6183/2732/7341 6010/2732/7342 5774/347/7394 6182/347/7393
f 6140/2733/7343 6011/2732/7344 5929/347/7396 6139/2738/7395
f 6013/2734/7345 6012/2731/7345 5893/338/258 5891/336/258
f 6014/2735/257 6013/2734/7345 5891/336/258 5889/334/255
f 6015/2736/7346 6014/2735/257 5889/334/255 5886/332/7397
f 5980/2709/7347 6015/2736/7346 5886/332/7397 5887/330/7398
f 6037/2626/6884 6036/2627/6884 6056/2740/6884 6057/2739/6884
f 6038/2625/6882 6037/2626/6882 6057/2739/7399 6058/2741/7399
f 6039/2624/6880 6038/2625/6880 6058/2741/7400 6059/2742/7400
f 6040/2623/6878 6039/2624/6878 6059/2742/7401 6060/2743/7401
f 6041/2622/6876 6040/2623/6876 6060/2743/7402 6061/2744/7402
f 6042/2621/6873 6041/2622/6874 6061/2744/7403 6062/2745/7403
f 6043/2620/6871 6042/2621/6871 6062/2745/7404 6063/2746/7404
f 6044/2619/6869 6043/2620/6869 6063/2746/7405 6064/2747/7405
f 6045/2618/6867 6044/2619/6867 6064/2747/7406 6065/2748/7406
f 6046/2617/6865 6045/2618/6865 6065/2748/7407 6066/2749/7407
f 6047/2616/6863 6046/2617/6863 6066/2749/7408 6067/2750/7408
f 6048/2615/6861 6047/2616/6861 6067/2750/7409 6068/2751/7409
f 6049/2614/6858 6048/2615/6859 6068/2751/7410 6069/2752/7410
f 6050/2613/6856 6049/2614/6856 6069/2752/6856 6070/2753/6856
f 6051/2612/6853 6050/2613/6854 6070/2753/7412 6071/2754/7411
f 6052/2631/6893 6051/2632/6893 6071/2756/7413 6072/2755/7413
f 6053/2630/6891 6052/2631/6891 6072/2755/7414 6073/2757/7414
f 6054/2629/6890 6053/2630/6890 6073/2757/7415 6074/2758/7415
f 6055/2628/6888 6054/2629/6888 6074/2758/6887 6075/2759/6887
f 6036/2627/6886 6055/2628/6886 6075/2759/7416 6056/2740/7416
f 6057/2739/6884 6056/2740/6884 6023/2648/6937 6024/2647/6938
f 6058/2741/7399 6057/2739/7399 6024/2647/6934 6025/2646/6935
f 6059/2742/7400 6058/2741/7400 6025/2646/6931 6026/2645/6932
f 6060/2743/7401 6059/2742/7401 6026/2645/6928 6027/2644/6929
f 6061/2744/7402 6060/2743/7402 6027/2644/6925 6028/2643/6926
f 6062/2745/7403 6061/2744/7403 6028/2643/6922 6029/2642/6923
f 6063/2746/7404 6062/2745/7404 6029/2642/6919 6030/2641/6920
f 6064/2747/7405 6063/2746/7405 6030/2641/6916 6031/2640/6917
f 6065/2748/7406 6064/2747/7406 6031/2640/6913 6032/2639/6914
f 6066/2749/7407 6065/2748/7407 6032/2639/6910 6033/2638/6911
f 6067/2750/7408 6066/2749/7408 6033/2638/6907 6034/2637/6908
f 6068/2751/7409 6067/2750/7409 6034/2637/6904 6035/2636/6905
f 6069/2752/7410 6068/2751/7410 6035/2636/6901 6016/2635/6902
f 6070/2753/6856 6069/2752/6856 6016/2635/6898 6017/2633/6899
f 6071/2754/7411 6070/2753/7412 6017/2633/6895 6018/2634/6896
f 6072/2755/7413 6071/2756/7413 6018/2653/6952 6019/2652/6953
f 6073/2757/7414 6072/2755/7414 6019/2652/6949 6020/2651/6950
f 6074/2758/7415 6073/2757/7415 6020/2651/6946 6021/2650/6947
f 6075/2759/6887 6074/2758/6887 6021/2650/6943 6022/2649/6944
f 6056/2740/7416 6075/2759/7416 6022/2649/6940 6023/2648/6941
f 6077/2678/7417 6076/323/7419 5869/323/7418 5868/321/7418
f 6078/2656/7420 6077/2678/7423 5868/321/7422 5962/2656/7421
f 6079/2714/7424 6078/2656/7420 5962/2656/7421 5998/2714/7425
f 6080/2679/7426 6079/2714/7424 5998/2714/7425 5871/320/7427
f 6081/322/7428 6080/2679/7430 5871/320/7429 5870/322/7429
f 6082/2681/7431 6081/322/7433 5870/322/7432 5873/324/7432
f 6083/326/7434 6082/2681/7436 5873/324/7435 5867/326/7435
f 6084/2677/7437 6083/317/7439 5867/317/7438 5866/318/7438
f 5994/2716/7440 6085/2717/7443 6084/2677/7442 5866/318/7441
f 5958/2655/7444 6086/2676/7445 6085/2717/7443 5994/2716/7440
f 6087/2675/7446 6086/2676/7445 5958/2655/7444 5865/319/7447
f 6088/316/7448 6087/2675/7450 5865/319/7449 5864/316/7449
f 6089/2680/7451 6088/327/7451 5864/327/7452 5872/325/7452
f 6076/323/7453 6089/2680/7455 5872/325/7454 5869/323/7454
f 6091/354/7456 6090/352/7458 5902/352/7457 5900/354/7457
f 6092/350/7459 6091/351/7461 5900/351/7460 5898/350/7460
f 6093/351/7462 6092/353/7464 5898/353/7463 5895/351/7463
f 6094/347/7465 6093/349/7467 5895/349/7466 5894/347/7466
f 6095/2696/7468 6094/346/7471 5894/346/7470 5971/2696/7469
f 6096/2730/7472 6095/2696/7468 5971/2696/7469 6007/2730/7473
f 6097/348/7474 6096/2730/7472 6007/2730/7473 5897/348/7475
f 6098/349/7476 6097/348/7478 5897/348/7477 5896/349/7477
f 6099/352/7479 6098/350/7481 5896/350/7480 5899/352/7480
f 6100/353/7482 6099/355/7484 5899/355/7483 5901/353/7483
f 6101/356/7485 6100/354/7487 5901/354/7486 5903/356/7486
f 6003/2724/7488 6102/2724/7491 6101/357/7490 5903/357/7489
f 5967/2702/7492 6103/2702/7493 6102/2724/7491 6003/2724/7488
f 6090/355/7494 6103/2702/7493 5967/2702/7492 5902/355/7495
f 6105/327/7496 6104/329/7498 5875/329/7497 5874/327/7497
f 6106/2682/7499 6105/326/7502 5874/326/7501 5953/2706/7500
f 6107/2715/7503 6106/2682/7499 5953/2706/7500 5989/2715/7504
f 6108/328/7505 6107/2715/7503 5989/2715/7504 5877/328/7506
f 6109/329/7507 6108/328/7509 5877/328/7508 5876/329/7508
f 6110/332/7510 6109/330/7512 5876/330/7511 5879/332/7511
f 6111/333/7513 6110/335/7515 5879/335/7514 5881/333/7514
f 6112/336/7516 6111/334/7518 5881/334/7517 5883/336/7517
f 5985/2710/7519 6113/2710/7522 6112/337/7521 5883/337/7520
f 5949/2684/7523 6114/2684/7524 6113/2710/7522 5985/2710/7519
f 6115/335/7525 6114/2684/7524 5949/2684/7523 5882/335/7526
f 6116/334/7527 6115/332/7529 5882/332/7528 5880/334/7528
f 6117/330/7530 6116/331/7532 5880/331/7531 5878/330/7531
f 6104/331/7533 6117/333/7535 5878/333/7534 5875/331/7534
f 6119/337/7536 6118/339/7538 5885/339/7537 5884/337/7537
f 6120/2687/7539 6119/336/7542 5884/336/7541 5944/2687/7540
f 6121/2707/7543 6120/2687/7539 5944/2687/7540 5980/2707/7544
f 6122/338/7545 6121/2707/7543 5980/2707/7544 5887/338/7546
f 6123/339/7547 6122/338/7549 5887/338/7548 5886/339/7548
f 6124/342/7550 6123/2760/7552 5886/340/7551 5889/342/7551
f 6125/343/7553 6124/345/7555 5889/345/7554 5891/343/7554
f 6126/346/7556 6125/344/7558 5891/344/7557 5893/346/7557
f 6012/2732/7559 6127/2732/7562 6126/347/7561 5893/347/7560
f 5976/2693/7563 6128/2761/7564 6127/2732/7562 6012/2732/7559
f 6129/345/7565 6128/2761/7564 5976/2693/7563 5892/345/7566
f 6130/344/7567 6129/342/7569 5892/342/7568 5890/344/7568
f 6131/2760/7570 6130/2762/7572 5890/341/7571 5888/340/7571
f 6118/2762/7573 6131/343/7575 5888/343/7574 5885/341/7574
f 6133/2687/7103 6132/336/7104 6119/336/7542 6120/2687/7539
f 6134/2707/7301 6133/2687/7103 6120/2687/7539 6121/2707/7543
f 6135/338/7349 6134/2707/7301 6121/2707/7543 6122/338/7545
f 6136/2686/7099 6135/338/7100 6122/338/7549 6123/339/7547
f 6137/342/7110 6136/340/7110 6123/2760/7552 6124/342/7550
f 6138/2689/7117 6137/2690/7118 6124/345/7555 6125/343/7553
f 6139/346/7129 6138/2691/7130 6125/344/7558 6126/346/7556
f 6127/2732/7562 6140/2733/7343 6139/2738/7395 6126/347/7561
f 6128/2761/7564 6141/2692/7126 6140/2733/7343 6127/2732/7562
f 6142/2690/7125 6141/2692/7126 6128/2761/7564 6129/345/7565
f 6143/2691/7121 6142/342/7122 6129/342/7569 6130/344/7567
f 6144/340/7113 6143/2688/7114 6130/2762/7572 6131/2760/7570
f 6145/2688/7107 6144/2689/7107 6131/343/7575 6118/2762/7573
f 6132/2685/7095 6145/2686/7096 6118/339/7538 6119/337/7536
f 6147/330/7075 6146/331/7076 6116/331/7532 6117/330/7530
f 6148/331/7067 6147/333/7068 6117/333/7535 6104/331/7533
f 6149/327/7055 6148/329/7056 6104/329/7498 6105/327/7496
f 6150/2682/7063 6149/326/7064 6105/326/7502 6106/2682/7499
f 6151/2715/7314 6150/2682/7063 6106/2682/7499 6107/2715/7503
f 6152/328/7363 6151/2715/7314 6107/2715/7503 6108/328/7505
f 6153/329/7059 6152/328/7060 6108/328/7509 6109/329/7507
f 6154/332/7071 6153/330/7072 6109/330/7512 6110/332/7510
f 6155/333/7079 6154/335/7080 6110/335/7515 6111/333/7513
f 6156/336/7091 6155/334/7092 6111/334/7518 6112/336/7516
f 6113/2710/7522 6157/2710/7307 6156/337/7355 6112/337/7521
f 6114/2684/7524 6158/2683/7088 6157/2710/7307 6113/2710/7522
f 6159/335/7087 6158/2683/7088 6114/2684/7524 6115/335/7525
f 6146/334/7083 6159/332/7084 6115/332/7529 6116/334/7527
f 6161/330/7275 6160/331/7276 5937/331/7077 5936/330/7074
f 6162/331/7272 6161/333/7273 5936/333/7069 5935/331/7066
f 6163/327/7269 6162/329/7270 5935/329/7057 5934/327/7054
f 6164/2682/7297 6163/326/7298 5934/326/7065 5954/2682/7062
f 6165/2715/7316 6164/2682/7297 5954/2682/7062 5990/2715/7313
f 6166/328/7365 6165/2715/7316 5990/2715/7313 5943/328/7362
f 6167/329/7294 6166/328/7295 5943/328/7061 5942/329/7058
f 6168/332/7291 6167/330/7292 5942/330/7073 5941/332/7070
f 6169/333/7288 6168/335/7289 5941/335/7081 5940/333/7078
f 6170/336/7285 6169/334/7286 5940/334/7093 5939/336/7090
f 5984/2710/7308 6171/2710/7305 6170/337/7353 5939/337/7356
f 5948/2684/7089 6172/2684/7282 6171/2710/7305 5984/2710/7308
f 6173/335/7281 6172/2684/7282 5948/2684/7089 5938/335/7086
f 6160/334/7278 6173/332/7279 5938/332/7085 5937/334/7082
f 6175/337/7237 6174/339/7238 5925/339/7097 5924/337/7094
f 6176/2687/7265 6175/336/7266 5924/336/7105 5945/2687/7102
f 6177/2707/7303 6176/2687/7265 5945/2687/7102 5981/2707/7300
f 6178/338/7351 6177/2707/7303 5981/2707/7300 5933/338/7348
f 6179/339/7262 6178/338/7263 5933/338/7101 5932/339/7098
f 6180/342/7259 6179/340/7260 5932/340/7111 5931/342/7109
f 6181/343/7256 6180/345/7257 5931/345/7119 5930/343/7116
f 6182/346/7253 6181/344/7254 5930/344/7131 5929/346/7128
f 6011/2732/7344 6183/2732/7341 6182/347/7393 5929/347/7396
f 5975/2693/7127 6184/2693/7250 6183/2732/7341 6011/2732/7344
f 6185/345/7249 6184/2693/7250 5975/2693/7127 5928/345/7124
f 6186/344/7246 6185/342/7247 5928/342/7123 5927/344/7120
f 6187/340/7243 6186/341/7244 5927/341/7115 5926/340/7112
f 6174/341/7240 6187/343/7241 5926/343/7108 5925/341/7106
f 6189/2680/7048 6188/327/7049 6088/327/7451 6089/2680/7451
f 6190/323/7040 6189/2680/7041 6089/2680/7455 6076/323/7453
f 6191/2678/7028 6190/323/7029 6076/323/7419 6077/2678/7417
f 6192/2656/7036 6191/2678/7037 6077/2678/7423 6078/2656/7420
f 6193/2714/7326 6192/2656/7036 6078/2656/7420 6079/2714/7424
f 6194/2679/7376 6193/2714/7326 6079/2714/7424 6080/2679/7426
f 6195/322/7032 6194/2679/7033 6080/2679/7430 6081/322/7428
f 6196/2681/7044 6195/322/7045 6081/322/7433 6082/2681/7431
f 6197/326/7052 6196/2681/7052 6082/2681/7436 6083/326/7434
f 6198/2677/7024 6197/317/7025 6083/317/7439 6084/2677/7437
f 6085/2717/7443 6199/2717/7319 6198/2677/7369 6084/2677/7442
f 6086/2676/7445 6200/2676/7021 6199/2717/7319 6085/2717/7443
f 6201/2675/7020 6200/2676/7021 6086/2676/7445 6087/2675/7446
f 6188/316/7016 6201/2675/7017 6087/2675/7450 6088/316/7448
f 6203/2656/7192 6202/321/7193 5911/321/7038 5963/2656/7035
f 6204/2714/7328 6203/2656/7192 5963/2656/7035 5999/2714/7325
f 6205/320/7378 6204/2714/7328 5999/2714/7325 5910/320/7375
f 6206/322/7189 6205/320/7190 5910/320/7034 5909/322/7031
f 6207/324/7186 6206/322/7187 5909/322/7046 5908/324/7043
f 6208/326/7183 6207/324/7184 5908/324/7053 5907/326/7051
f 6209/318/7180 6208/317/7181 5907/317/7026 5906/318/7023
f 5993/2716/7320 6210/2716/7317 6209/318/7367 5906/318/7370
f 5957/2655/7022 6211/2655/7177 6210/2716/7317 5993/2716/7320
f 6212/319/7176 6211/2655/7177 5957/2655/7022 5905/319/7019
f 6213/316/7173 6212/319/7174 5905/319/7018 5904/316/7015
f 6214/325/7202 6213/327/7203 5904/327/7050 5913/325/7047
f 6215/323/7199 6214/325/7200 5913/325/7042 5912/323/7039
f 6202/321/7196 6215/323/7197 5912/323/7030 5911/321/7027
f 6217/354/7214 6216/352/7215 5918/352/7163 5917/354/7160
f 6218/350/7211 6217/351/7212 5917/351/7155 5916/350/7152
f 6219/351/7208 6218/353/7209 5916/353/7147 5915/351/7144
f 6220/347/7205 6219/349/7206 5915/349/7135 5914/347/7132
f 6221/2705/7233 6220/346/7234 5914/346/7143 5972/2696/7140
f 6222/2730/7339 6221/2705/7233 5972/2696/7140 6008/2730/7336
f 6223/348/7391 6222/2730/7339 6008/2730/7336 5923/348/7388
f 6224/349/7230 6223/348/7231 5923/348/7139 5922/349/7136
f 6225/352/7227 6224/350/7228 5922/350/7151 5921/352/7148
f 6226/353/7224 6225/355/7225 5921/355/7159 5920/353/7156
f 6227/356/7221 6226/354/7222 5920/354/7171 5919/356/7168
f 6002/2724/7333 6228/2724/7330 6227/357/7380 5919/357/7383
f 5966/2702/7167 6229/2704/7218 6228/2724/7330 6002/2724/7333
f 6216/355/7217 6229/2704/7218 5966/2702/7167 5918/355/7164
f 6231/354/7161 6230/2699/7162 6090/352/7458 6091/354/7456
f 6232/350/7153 6231/2697/7154 6091/351/7461 6092/350/7459
f 6233/2697/7145 6232/2698/7146 6092/353/7464 6093/351/7462
f 6234/2694/7133 6233/2695/7134 6093/349/7467 6094/347/7465
f 6235/2696/7141 6234/346/7142 6094/346/7471 6095/2696/7468
f 6236/2730/7337 6235/2696/7141 6095/2696/7468 6096/2730/7472
f 6237/348/7389 6236/2730/7337 6096/2730/7472 6097/348/7474
f 6238/2695/7137 6237/348/7138 6097/348/7478 6098/349/7476
f 6239/2699/7149 6238/350/7150 6098/350/7481 6099/352/7479
f 6240/2698/7157 6239/2700/7158 6099/355/7484 6100/353/7482
f 6241/2703/7169 6240/354/7170 6100/354/7487 6101/356/7485
f 6102/2724/7491 6242/2725/7332 6241/2737/7382 6101/357/7490
f 6103/2702/7493 6243/2701/7166 6242/2725/7332 6102/2724/7491
f 6230/2700/7165 6243/2701/7166 6103/2702/7493 6090/355/7494
